market,date,tar,pct,fwd12
bist100,2007-08-31,0,0,-23.100272203499372
bist100,2007-09-30,0,0,-40.48593605386381
bist100,2007-10-31,0,1,-72.75762255738786
bist100,2007-11-30,0,1,-74.5861083051433
bist100,2007-12-31,1,1,-72.62785123390323
bist100,2008-01-31,1,1,-49.857249945118284
bist100,2008-02-29,1,1,-62.2530850981355
bist100,2008-03-31,1,1,-41.49471708196772
bist100,2008-04-30,1,1,-31.723226639013014
bist100,2008-05-31,1,1,-13.268548262760849
bist100,2008-06-30,1,1,5.164211830168686
bist100,2008-07-31,1,1,1.03840692001409
bist100,2008-08-31,1,1,15.556834614428539
bist100,2008-09-30,1,1,28.438762662928063
bist100,2008-10-31,1,1,52.785080474286694
bist100,2008-11-30,1,1,56.734018669652286
bist100,2008-12-31,1,1,67.6193797689927
bist100,2009-01-31,1,1,74.53899555566208
bist100,2009-02-28,1,1,72.69540539080523
bist100,2009-03-31,1,1,78.59107853947603
bist100,2009-04-30,1,1,62.20489763262469
bist100,2009-05-31,0,1,44.065281499190604
bist100,2009-06-30,0,1,39.486670834082375
bist100,2009-07-31,0,0,33.92988846507778
bist100,2009-08-31,0,0,25.333506325949795
bist100,2009-09-30,0,0,31.690022467591472
bist100,2009-10-31,0,0,37.6559745942953
bist100,2009-11-30,0,0,36.535654404879914
bist100,2009-12-31,0,0,22.273837620795955
bist100,2010-01-31,0,0,14.657909144550185
bist100,2010-02-28,0,0,20.940157358328637
bist100,2010-03-31,0,0,13.072913955218901
bist100,2010-04-30,0,0,16.088055763240217
bist100,2010-05-31,0,0,14.777806367490687
bist100,2010-06-30,0,0,14.2991015779244
bist100,2010-07-31,0,0,3.9770221361195013
bist100,2010-08-31,0,0,-10.59024415119243
bist100,2010-09-30,0,0,-9.70092639760427
bist100,2010-10-31,0,0,-20.41801475741787
bist100,2010-11-30,0,0,-18.124389323071632
bist100,2010-12-31,0,0,-25.268348372864935
bist100,2011-01-31,0,0,-10.148729343323204
bist100,2011-02-28,0,0,-0.9224342365190985
bist100,2011-03-31,0,0,-3.1715367945777118
bist100,2011-04-30,0,0,-14.320666878043209
bist100,2011-05-31,0,0,-13.472766872136521
bist100,2011-06-30,0,1,-1.1539405346643328
bist100,2011-07-31,0,1,3.1037144166208286
bist100,2011-08-31,0,1,22.218469188538048
bist100,2011-09-30,0,1,10.64258148375119
bist100,2011-10-31,0,1,25.753719967540167
bist100,2011-11-30,0,1,29.273330438389156
bist100,2011-12-31,0,0,42.23375908075173
bist100,2012-01-31,0,0,32.0651635366862
bist100,2012-02-29,0,0,26.73701396332806
bist100,2012-03-31,0,0,31.923836104252157
bist100,2012-04-30,0,0,36.03641442757697
bist100,2012-05-31,0,0,44.509405512444644
bist100,2012-06-30,0,0,19.873854047774753
bist100,2012-07-31,0,0,13.268785072545963
bist100,2012-08-31,0,0,-1.455743333167625
bist100,2012-09-30,0,0,11.497195997680354
bist100,2012-10-31,0,0,6.784383445205133
bist100,2012-11-30,0,0,3.6155388865197757
bist100,2012-12-31,0,0,-14.278973216638047
bist100,2013-01-31,0,0,-24.185905130142782
bist100,2013-02-28,0,0,-23.764391058130396
bist100,2013-03-31,0,0,-20.845123457881165
bist100,2013-04-30,0,0,-15.255489678994838
bist100,2013-05-31,0,0,-8.112151896951847
bist100,2013-06-30,0,0,2.8357636930191
bist100,2013-07-31,0,0,11.301346325360662
bist100,2013-08-31,0,0,19.03176329694034
bist100,2013-09-30,0,0,0.6039175003467179
bist100,2013-10-31,0,0,3.7416466541976057
bist100,2013-11-30,0,0,12.889105804106382
bist100,2013-12-31,0,0,23.451166145793678
bist100,2014-01-31,0,0,36.318262788712374
bist100,2014-02-28,0,0,29.65521310054875
bist100,2014-03-31,0,0,14.782524051292256
bist100,2014-04-30,0,0,12.785845910076787
bist100,2014-05-31,0,0,4.55045980302522
bist100,2014-06-30,0,0,4.679881756142112
bist100,2014-07-31,0,0,-2.7733564162669033
bist100,2014-08-31,0,0,-6.564072157106793
bist100,2014-09-30,0,0,-0.9820132183835817
bist100,2014-10-31,0,0,-1.4635008643676173
bist100,2014-11-30,0,0,-13.571966724500584
bist100,2014-12-31,0,0,-17.823166396024526
bist100,2015-01-31,0,0,-19.099904137201484
bist100,2015-02-28,0,0,-10.428297638759343
bist100,2015-03-31,0,0,2.951818238231141
bist100,2015-04-30,0,0,1.6314729628836844
bist100,2015-05-31,0,0,-6.442900124646034
bist100,2015-06-30,0,0,-6.832878983421953
bist100,2015-07-31,0,0,-5.801709325549975
bist100,2015-08-31,0,0,1.0017414795350454
bist100,2015-09-30,0,0,3.0300794936129805
bist100,2015-10-31,0,0,-1.105206262982339
bist100,2015-11-30,0,0,-1.6587053812438413
bist100,2015-12-31,0,0,8.56181745540372
bist100,2016-01-31,0,0,16.075155246743034
bist100,2016-02-29,0,0,14.310257184430597
bist100,2016-03-31,0,0,6.598086365554501
bist100,2016-04-30,0,0,10.374152721813878
bist100,2016-05-31,0,0,22.609385777217916
bist100,2016-06-30,0,0,26.813597560987468
bist100,2016-07-31,0,0,35.490266504954526
bist100,2016-08-31,0,0,37.02688074925247
bist100,2016-09-30,0,0,29.669336525812806
bist100,2016-10-31,0,0,33.821621343596235
bist100,2016-11-30,0,0,34.024061676373485
bist100,2016-12-31,0,0,38.9338094294053
bist100,2017-01-31,0,0,32.577757417222216
bist100,2017-02-28,0,0,30.73191906495829
bist100,2017-03-31,0,0,25.62797796500238
bist100,2017-04-30,0,0,9.686461305484872
bist100,2017-05-31,0,0,3.1393086883632293
bist100,2017-06-30,0,0,-3.981326834145449
bist100,2017-07-31,0,0,-10.356477256411623
bist100,2017-08-31,0,0,-17.095492627454156
bist100,2017-09-30,0,0,-2.9093407196081777
bist100,2017-10-31,0,0,-19.97386623804287
bist100,2017-11-30,0,0,-8.599465774012494
bist100,2017-12-31,0,0,-23.399590549101834
bist100,2018-01-31,0,0,-13.845323198198667
bist100,2018-02-28,0,0,-12.923682136505121
bist100,2018-03-31,0,0,-20.33286382543631
bist100,2018-04-30,0,0,-8.886439081485165
bist100,2018-05-31,0,0,-10.533157061996334
bist100,2018-06-30,0,0,-0.036057361637542584
bist100,2018-07-31,0,0,5.156324332505591
bist100,2018-08-31,0,0,4.218384851744705
bist100,2018-09-30,0,0,4.953544804639964
bist100,2018-10-31,0,0,8.769943619679843
bist100,2018-11-30,0,0,11.368222289912033
bist100,2018-12-31,0,0,22.609189192725587
bist100,2019-01-31,0,0,13.519601073518128
bist100,2019-02-28,0,0,1.3906519611985857
bist100,2019-03-31,0,0,-4.515341375431614
bist100,2019-04-30,0,0,5.7967939118593215
bist100,2019-05-31,0,0,15.256471651416614
bist100,2019-06-30,0,0,18.8713443640939
bist100,2019-07-31,0,0,9.885939921567921
bist100,2019-08-31,0,0,10.902935398454616
bist100,2019-09-30,0,0,8.647490944957603
bist100,2019-10-31,0,0,12.195341705015927
bist100,2019-11-30,0,0,18.29103068899771
bist100,2019-12-31,0,0,25.50604784429673
bist100,2020-01-31,0,0,21.251062270560084
bist100,2020-02-29,0,0,32.80048497935377
bist100,2020-03-31,0,0,43.98532829296178
bist100,2020-04-30,0,1,32.385974279234645
bist100,2020-05-31,0,1,29.72738966190782
bist100,2020-06-30,0,1,15.182649242996948
bist100,2020-07-31,0,1,21.191736258483296
bist100,2020-08-31,0,1,31.10260670814542
bist100,2020-09-30,0,1,20.545404878017504
bist100,2020-10-31,0,0,31.350536798538098
bist100,2020-11-30,0,0,34.34924442529823
bist100,2020-12-31,0,0,22.95292696647806
bist100,2021-01-31,0,0,30.710535477880363
bist100,2021-02-28,0,0,27.96643613741221
bist100,2021-03-31,0,0,47.29542539368108
bist100,2021-04-30,0,0,55.3238577225196
bist100,2021-05-31,0,0,58.39466293128437
bist100,2021-06-30,0,0,57.29557616135699
bist100,2021-07-31,0,0,62.119619972187664
bist100,2021-08-31,0,0,76.7420108512141
bist100,2021-09-30,0,0,81.5847928667159
bist100,2021-10-31,0,0,96.10052887355253
bist100,2021-11-30,0,0,101.17868397232917
bist100,2021-12-31,0,0,108.7080325119981
bist100,2022-01-31,0,0,91.0001072363575
bist100,2022-02-28,0,1,98.99273499607135
bist100,2022-03-31,0,1,76.78195397073297
bist100,2022-04-30,0,1,64.18018912532935
bist100,2022-05-31,1,1,65.1602616406632
bist100,2022-06-30,1,1,87.30649965883401
bist100,2022-07-31,1,1,102.38553007650131
bist100,2022-08-31,1,1,91.50159657035476
bist100,2022-09-30,1,1,96.35703935494266
bist100,2022-10-31,1,1,63.57506853076487
bist100,2022-11-30,1,1,46.80479722377182
bist100,2022-12-31,1,1,30.450236451564194
bist100,2023-01-31,1,1,53.49309404913676
bist100,2023-02-28,0,1,56.27124302038311
bist100,2023-03-31,0,1,64.16231177208954
bist100,2023-04-30,0,1,77.7204606710388
bist100,2023-05-31,0,0,75.5295783677374
bist100,2023-06-30,0,0,61.45815188365251
bist100,2023-07-31,0,0,38.80494586863872
bist100,2023-08-31,0,0,21.66384681803084
bist100,2023-09-30,0,0,14.814221423258012
bist100,2023-10-31,0,1,16.520566409178095
bist100,2023-11-30,0,0,19.416934469829883
bist100,2023-12-31,0,0,27.45781610112097
bist100,2024-01-31,0,0,16.334717532258836
bist100,2024-02-29,0,0,4.934064917696546
bist100,2024-03-31,0,0,5.501899498255369
bist100,2024-04-30,0,0,-10.124661729673612
bist100,2024-05-31,0,0,-14.245398515634555
bist100,2024-06-30,0,0,-6.794092158111553
bist100,2024-07-31,0,0,0.978420671155078
bist100,2024-08-31,0,0,13.798986733673324
bist100,2024-09-30,0,0,13.040612560018516
bist100,2024-10-31,0,0,21.331939738973915
bist100,2024-11-30,0,0,12.14836474543528
bist100,2024-12-31,0,0,13.589516354259423
bist100,2025-01-31,0,0,32.44203320253032
bist100,2025-02-28,0,0,35.084041910727315
bist100,2025-03-31,0,0,28.08051687108879
bist100,2025-04-30,0,1,46.428940788957185
bist100,2025-05-31,0,1,41.52821582964705
klci,2004-01-31,0,0,11.230027830501932
klci,2004-02-29,0,0,3.1503444518945933
klci,2004-03-31,0,0,-3.4404476957131003
klci,2004-04-30,0,0,4.747072343061642
klci,2004-05-31,0,0,5.991979853633289
klci,2004-06-30,0,0,8.019847057568708
klci,2004-07-31,0,0,11.68900354174438
klci,2004-08-31,0,0,9.836007651858747
klci,2004-09-30,0,0,8.73465811421923
klci,2004-10-31,0,0,5.6022316666411776
klci,2004-11-30,0,0,-2.3229153653664625
klci,2004-12-31,0,0,-0.8455041761577853
klci,2005-01-31,0,0,-0.24695793846465364
klci,2005-02-28,0,0,2.3482822408450232
klci,2005-03-31,0,0,6.151064906984516
klci,2005-04-30,0,0,7.691169365775785
klci,2005-05-31,0,0,7.5013823585990735
klci,2005-06-30,0,0,2.9253166042122913
klci,2005-07-31,0,0,-0.16442521166482038
klci,2005-08-31,0,0,4.762397355673986
klci,2005-09-30,0,1,4.223119399159803
klci,2005-10-31,0,1,8.170685651812892
klci,2005-11-30,0,0,18.724177902056116
klci,2005-12-31,0,0,19.748003438489548
klci,2006-01-31,0,0,26.332067486157573
klci,2006-02-28,0,0,25.306992333411227
klci,2006-03-31,0,0,29.68373319712372
klci,2006-04-30,0,0,33.14390008972347
klci,2006-05-31,0,0,37.275885370400985
klci,2006-06-30,0,0,39.251385490326655
klci,2006-07-31,0,0,38.381517834138364
klci,2006-08-31,0,0,28.4888905738784
klci,2006-09-30,0,0,32.28928257880854
klci,2006-10-31,0,0,35.794402530437175
klci,2006-11-30,0,0,25.674075257560958
klci,2006-12-31,0,0,27.62439691212739
klci,2007-01-31,0,0,15.82322285903599
klci,2007-02-28,0,0,12.621232514107117
klci,2007-03-31,0,0,0.05211890882819148
klci,2007-04-30,0,0,-3.258414545965138
klci,2007-05-31,0,0,-5.398970938864611
klci,2007-06-30,0,0,-13.227704170874865
klci,2007-07-31,0,0,-16.643485327065033
klci,2007-08-31,0,0,-14.634203076272012
klci,2007-09-30,0,0,-27.13969729788417
klci,2007-10-31,0,1,-49.280904728829796
klci,2007-11-30,0,1,-47.802145355487724
klci,2007-12-31,0,1,-49.96634928306412
klci,2008-01-31,0,1,-45.442842975829656
klci,2008-02-29,0,1,-42.135243294679285
klci,2008-03-31,1,1,-35.749293018253695
klci,2008-04-30,1,1,-25.605383568734474
klci,2008-05-31,1,1,-20.06436987608806
klci,2008-06-30,1,1,-9.852286354442263
klci,2008-07-31,1,1,1.0102831145164082
klci,2008-08-31,1,1,6.488207257639633
klci,2008-09-30,1,1,16.554568871515762
klci,2008-10-31,1,1,36.43468338396056
klci,2008-11-30,1,1,37.411381429679395
klci,2008-12-31,1,1,37.273689751004646
klci,2009-01-31,1,1,35.32341414113027
klci,2009-02-28,1,1,35.541221789927405
klci,2009-03-31,1,1,41.439875484823844
klci,2009-04-30,1,1,30.672266316717867
klci,2009-05-31,0,1,20.76016741525848
klci,2009-06-30,0,1,20.054727211704204
klci,2009-07-31,0,1,14.69779155529034
klci,2009-08-31,0,1,19.176215569072408
klci,2009-09-30,0,1,19.677747406881707
klci,2009-10-31,0,1,19.151854707370752
klci,2009-11-30,0,0,16.516451872528215
klci,2009-12-31,0,0,17.678948730663713
klci,2010-01-31,0,0,18.822596272431102
klci,2010-02-28,0,0,15.998378620408538
klci,2010-03-31,0,0,15.704463146397263
klci,2010-04-30,0,0,13.107826242371257
klci,2010-05-31,0,0,19.28225832490975
klci,2010-06-30,0,0,18.374487662172
klci,2010-07-31,0,1,12.93259580383781
klci,2010-08-31,0,0,1.7270186437716717
klci,2010-09-30,0,0,-5.359395921981225
klci,2010-10-31,0,0,-0.9187580637053827
klci,2010-11-30,0,0,-0.8879693068905681
klci,2010-12-31,0,0,0.775173818553121
klci,2011-01-31,0,0,0.08878629722905984
klci,2011-02-28,0,0,5.123798569517568
klci,2011-03-31,0,1,3.259916467772328
klci,2011-04-30,0,1,2.2966294197435566
klci,2011-05-31,0,1,1.425974432260979
klci,2011-06-30,0,1,1.2636221217159793
klci,2011-07-31,0,1,5.207418153563648
klci,2011-08-31,0,1,12.873588310948136
klci,2011-09-30,0,1,16.542073276408154
klci,2011-10-31,0,1,11.461644768954748
klci,2011-11-30,0,1,9.005961062932322
klci,2011-12-31,0,1,9.836227212119564
klci,2012-01-31,0,1,6.751716177876421
klci,2012-02-29,0,0,4.2397397545551385
klci,2012-03-31,0,0,4.609198418619975
klci,2012-04-30,0,0,8.949302215368071
klci,2012-05-31,0,0,11.268991934393568
klci,2012-06-30,0,0,10.350531792421336
klci,2012-07-31,0,0,8.289756186726738
klci,2012-08-31,0,0,4.830664004732377
klci,2012-09-30,0,0,7.754197802019203
klci,2012-10-31,0,0,7.6924754107577265
klci,2012-11-30,0,0,11.807891670269388
klci,2012-12-31,0,0,10.02044134998794
klci,2013-01-31,0,0,10.29472208577129
klci,2013-02-28,0,0,11.415403081333952
klci,2013-03-31,0,0,10.095929850850371
klci,2013-04-30,0,0,8.579385359733216
klci,2013-05-31,0,0,5.720553363230074
klci,2013-06-30,0,0,5.973463623352426
klci,2013-07-31,0,0,5.420675606614722
klci,2013-08-31,0,0,7.713448261681766
klci,2013-09-30,0,0,4.298950566410564
klci,2013-10-31,0,0,2.6380584346132885
klci,2013-11-30,0,0,0.4496937066130968
klci,2013-12-31,0,0,-5.828763443068752
klci,2014-01-31,0,0,-1.2702082917016355
klci,2014-02-28,0,0,-0.7903014584162094
klci,2014-03-31,0,0,-1.0016378183382635
klci,2014-04-30,0,0,-2.8865435035095643
klci,2014-05-31,0,0,-6.954663740745737
klci,2014-06-30,0,0,-9.81856736626554
klci,2014-07-31,0,0,-8.251721505811282
klci,2014-08-31,0,0,-14.592145269620538
klci,2014-09-30,0,0,-13.012114170624933
klci,2014-10-31,0,0,-10.771413297008525
klci,2014-11-30,0,0,-8.520917629096747
klci,2014-12-31,0,0,-3.9811144254509934
klci,2015-01-31,0,0,-6.581556258886323
klci,2015-02-28,0,0,-9.585115388299759
klci,2015-03-31,0,0,-6.382582377952595
klci,2015-04-30,0,0,-8.34344838546821
klci,2015-05-31,0,0,-7.207464003258668
klci,2015-06-30,0,0,-3.128159738672931
klci,2015-07-31,0,0,-4.139911422010201
klci,2015-08-31,0,0,3.97038094100699
klci,2015-09-30,0,0,1.9251636347064505
klci,2015-10-31,0,0,0.4044137570996753
klci,2015-11-30,0,0,-3.2233435544403832
klci,2015-12-31,0,0,-3.0462087980984265
klci,2016-01-31,0,0,0.22399586143944106
klci,2016-02-29,0,0,2.3306885208573824
klci,2016-03-31,0,0,1.3020518609831555
klci,2016-04-30,0,0,5.543190696481837
klci,2016-05-31,0,0,8.252047289746844
klci,2016-06-30,0,0,6.415195371324955
klci,2016-07-31,0,0,6.258176885179978
klci,2016-08-31,0,0,5.512488564668949
klci,2016-09-30,0,0,6.047968259941872
klci,2016-10-31,0,0,4.413096165216235
klci,2016-11-30,0,0,5.919653284955562
klci,2016-12-31,0,0,9.026235105085956
klci,2017-01-31,0,0,11.143338003904724
klci,2017-02-28,0,0,9.157453564826312
klci,2017-03-31,0,0,6.849813737496913
klci,2017-04-30,0,0,5.625333621521378
klci,2017-05-31,0,0,-1.44021152303333
klci,2017-06-30,0,0,-4.178118093233252
klci,2017-07-31,0,0,1.3667287864038258
klci,2017-08-31,0,0,2.588640441029799
klci,2017-09-30,0,0,2.1174601792997017
klci,2017-10-31,0,0,-2.236014452868318
klci,2017-11-30,0,0,-2.2368873720264304
klci,2017-12-31,0,0,-6.094126371711095
klci,2018-01-31,0,0,-10.428596372106735
klci,2018-02-28,0,0,-8.336636906551398
klci,2018-03-31,0,0,-12.552774031170966
klci,2018-04-30,0,0,-13.00446365398198
klci,2018-05-31,0,0,-5.300557495023206
klci,2018-06-30,0,0,-1.1517443482295775
klci,2018-07-31,0,0,-8.743487137099759
klci,2018-08-31,0,0,-12.10871911988125
klci,2018-09-30,0,0,-12.407736823608762
klci,2018-10-31,0,0,-6.732607080969455
klci,2018-11-30,0,0,-7.290986984485848
klci,2018-12-31,0,0,-6.211779542410145
klci,2019-01-31,0,0,-9.493245263054995
klci,2019-02-28,0,0,-14.134069942133198
klci,2019-03-31,0,0,-19.61435681102781
klci,2019-04-30,0,0,-15.407761676849141
klci,2019-05-31,0,0,-11.37649491066357
klci,2019-06-30,0,0,-10.798671949891947
klci,2019-07-31,0,0,-1.9218650550333116
klci,2019-08-31,0,0,-5.5430418149150285
klci,2019-09-30,0,0,-5.122324114898724
klci,2019-10-31,0,0,-8.559579602163048
klci,2019-11-30,0,0,0.06208905563820366
klci,2019-12-31,0,0,2.3913023908612274
klci,2020-01-31,0,0,2.281966413066705
klci,2020-02-29,0,0,6.2175489095325
klci,2020-03-31,0,0,15.254515363015475
klci,2020-04-30,0,1,12.902034677757257
klci,2020-05-31,0,1,7.219834822038607
klci,2020-06-30,0,1,2.0873670870227734
klci,2020-07-31,0,1,-7.0486040768503955
klci,2020-08-31,0,1,4.873368066974493
klci,2020-09-30,0,1,2.1679601341351606
klci,2020-10-31,0,1,6.3021009361986735
klci,2020-11-30,0,1,-3.167953661313394
klci,2020-12-31,0,0,-3.7365717025908296
klci,2021-01-31,0,0,-3.5168162221085986
klci,2021-02-28,0,0,1.9165521685318154
klci,2021-03-31,0,0,0.8763450723904498
klci,2021-04-30,0,0,-0.07619864165722134
klci,2021-05-31,0,0,-0.852989690630146
klci,2021-06-30,0,0,-5.94158539767502
klci,2021-07-31,0,0,-0.15869638710270806
klci,2021-08-31,0,0,-5.739938226915875
klci,2021-09-30,0,0,-9.772370474879288
klci,2021-10-31,0,0,-6.7468853568125375
klci,2021-11-30,0,0,-1.6771472844903101
klci,2021-12-31,0,0,-4.704724497899804
klci,2022-01-31,0,0,-1.7860430238594738
klci,2022-02-28,0,1,-10.071629888360523
klci,2022-03-31,0,1,-10.959311980790787
klci,2022-04-30,0,1,-12.247172726997047
klci,2022-05-31,1,1,-12.390964431579832
klci,2022-06-30,1,1,-4.789452064810362
klci,2022-07-31,1,1,-2.222564697435647
klci,2022-08-31,1,1,-4.056582540704046
klci,2022-09-30,1,1,2.096006812449236
klci,2022-10-31,1,1,-1.2568547484820058
klci,2022-11-30,0,1,-2.4519037412511935
klci,2022-12-31,0,1,-2.7681685971134407
klci,2023-01-31,0,1,1.832978711854416
klci,2023-02-28,0,1,6.473448985459118
klci,2023-03-31,0,1,7.67480417538966
klci,2023-04-30,0,1,10.707028770250382
klci,2023-05-31,0,1,14.069685535550036
klci,2023-06-30,0,0,14.41157544055649
klci,2023-07-31,0,0,10.781250513220897
klci,2023-08-31,0,0,14.517872868315962
klci,2023-09-30,0,1,14.65252655406335
klci,2023-10-31,0,1,10.5049810835526
klci,2023-11-30,0,1,9.297709883742478
klci,2023-12-31,0,0,12.134371866363658
klci,2024-01-31,0,0,2.862833585792046
klci,2024-02-29,0,0,1.4881252797819933
klci,2024-03-31,0,0,-1.4703202911491964
klci,2024-04-30,0,0,-2.294569278771519
klci,2024-05-31,0,0,-5.6910185129123825
klci,2024-06-30,0,0,-3.6590115469671503
klci,2024-07-31,0,0,-7.15988346763714
klci,2024-08-31,0,0,-6.3747824810955755
klci,2024-09-30,0,0,-2.2713281628773174
klci,2024-10-31,0,0,0.4528161921318663
klci,2024-11-30,0,0,0.6364945152133039
klci,2024-12-31,0,0,2.274332024232084
klci,2025-01-31,0,0,11.168119641370566
klci,2025-02-28,0,0,8.628666028427734
klci,2025-03-31,0,1,11.041754660975744
klci,2025-04-30,0,1,11.157278733795106
klci,2025-05-31,0,1,11.07077298313861
sti,2000-02-29,2,2,-8.5156747833242
sti,2000-03-31,2,2,-24.20078134664747
sti,2000-04-30,2,2,-22.810482104412166
sti,2000-05-31,2,2,-8.003850296500126
sti,2000-06-30,2,2,-16.585796215472648
sti,2000-07-31,2,2,-20.798627551345295
sti,2000-08-31,2,2,-28.25473148970845
sti,2000-09-30,2,2,-41.43854567347667
sti,2000-10-31,2,2,-36.81150327992606
sti,2000-11-30,2,0,-27.791715810286277
sti,2000-12-31,0,0,-17.123025175681317
sti,2001-01-31,0,0,-10.830600274105784
sti,2001-02-28,0,0,-12.674397185113051
sti,2001-03-31,0,0,7.424450816228578
sti,2001-04-30,0,0,0.15370973275592448
sti,2001-05-31,0,0,0.8885853388155063
sti,2001-06-30,0,0,-10.592058464097764
sti,2001-07-31,0,0,-9.942061019623782
sti,2001-08-31,0,0,-8.411388728639935
sti,2001-09-30,0,0,2.4531247814543633
sti,2001-10-31,0,0,6.750916340825608
sti,2001-11-30,0,0,-6.06512585378276
sti,2001-12-31,0,0,-19.120789368510582
sti,2002-01-31,0,0,-32.47188573042088
sti,2002-02-28,0,0,-29.770739859901685
sti,2002-03-31,0,0,-35.227509165037674
sti,2002-04-30,0,0,-29.754295072355852
sti,2002-05-31,0,0,-21.456121863369138
sti,2002-06-30,0,0,-7.006831886277176
sti,2002-07-31,0,0,3.2938238506080353
sti,2002-08-31,0,0,7.176586787441597
sti,2002-09-30,0,0,18.726383929952917
sti,2002-10-31,0,0,16.373693025711145
sti,2002-11-30,0,0,20.842593790226793
sti,2002-12-31,0,0,27.444071253302926
sti,2003-01-31,0,0,35.85409220208593
sti,2003-02-28,1,0,39.380790943930236
sti,2003-03-31,1,0,38.26968498267833
sti,2003-04-30,0,0,36.296967356701074
sti,2003-05-31,0,0,28.210317804078322
sti,2003-06-30,0,0,23.857068958933425
sti,2003-07-31,0,0,19.35199645965744
sti,2003-08-31,0,0,18.19254415731857
sti,2003-09-30,0,0,19.64171963679302
sti,2003-10-31,0,0,13.896631729261344
sti,2003-11-30,0,0,16.805261549479145
sti,2003-12-31,0,0,15.780337041124426
sti,2004-01-31,0,0,12.588470765347104
sti,2004-02-29,0,0,11.528128259286685
sti,2004-03-31,0,0,14.147810068370248
sti,2004-04-30,0,0,14.30212022652233
sti,2004-05-31,0,0,18.946058434766222
sti,2004-06-30,0,0,18.551734801422448
sti,2004-07-31,0,0,21.802296056401715
sti,2004-08-31,0,0,17.070880456790416
sti,2004-09-30,0,0,14.965344725815566
sti,2004-10-31,0,0,11.26059509994759
sti,2004-11-30,0,0,12.613537700995359
sti,2004-12-31,0,0,12.760072940082967
sti,2005-01-31,0,0,14.030601902922069
sti,2005-02-28,0,0,15.79155711972371
sti,2005-03-31,0,0,16.808843727181344
sti,2005-04-30,0,0,20.573275751457842
sti,2005-05-31,0,0,9.779792705938117
sti,2005-06-30,0,0,9.591149192425696
sti,2005-07-31,0,0,3.8716826789719327
sti,2005-08-31,0,0,8.70527470214979
sti,2005-09-30,0,0,10.83208970166707
sti,2005-10-31,0,0,19.78485209359686
sti,2005-11-30,0,0,21.026851017608283
sti,2005-12-31,0,0,24.05949817049642
sti,2006-01-31,0,0,25.912400768078214
sti,2006-02-28,0,0,22.369133955721132
sti,2006-03-31,0,0,24.330372595010896
sti,2006-04-30,0,0,25.27026404561985
sti,2006-05-31,0,0,38.72126229395594
sti,2006-06-30,0,0,37.633355501105555
sti,2006-07-31,0,0,37.206725781497155
sti,2006-08-31,0,0,31.246617183645586
sti,2006-09-30,0,0,36.655291964251816
sti,2006-10-31,0,0,34.26002188246766
sti,2006-11-30,0,0,21.55354026837548
sti,2006-12-31,0,0,15.381521772670936
sti,2007-01-31,0,0,-4.710310940396312
sti,2007-02-28,0,0,-2.5349595089917187
sti,2007-03-31,0,0,-7.180330825807957
sti,2007-04-30,0,0,-6.562420876819708
sti,2007-05-31,0,0,-9.50959565920133
sti,2007-06-30,0,0,-18.546948147041853
sti,2007-07-31,0,0,-19.140527781025973
sti,2007-08-31,0,0,-21.374828010966596
sti,2007-09-30,0,0,-45.18155715099237
sti,2007-10-31,0,0,-75.19407170971952
sti,2007-11-30,0,0,-70.92159012347992
sti,2007-12-31,0,0,-68.1493195676719
sti,2008-01-31,1,1,-53.49137853458963
sti,2008-02-29,1,1,-64.0598074194469
sti,2008-03-31,1,1,-57.044029026450985
sti,2008-04-30,1,1,-49.42296077209703
sti,2008-05-31,1,1,-31.53685596592055
sti,2008-06-30,1,1,-23.375598364287242
sti,2008-07-31,1,1,-9.685762131808051
sti,2008-08-31,1,1,-5.516275145586835
sti,2008-09-30,1,1,12.484097117612158
sti,2008-10-31,1,1,39.04267070719216
sti,2008-11-30,1,1,45.54720831963621
sti,2008-12-31,1,1,49.15071473726673
sti,2009-01-31,1,1,45.231201582797986
sti,2009-02-28,1,1,54.51214039611622
sti,2009-03-31,1,1,52.97548464623727
sti,2009-04-30,0,1,43.76419500832398
sti,2009-05-31,0,1,16.70725816793297
sti,2009-06-30,0,1,19.500686485489638
sti,2009-07-31,0,1,11.647853696348687
sti,2009-08-31,0,1,12.914015220062147
sti,2009-09-30,0,1,14.759668328359155
sti,2009-10-31,0,0,17.007096419991452
sti,2009-11-30,0,0,14.064057306653055
sti,2009-12-31,0,0,10.232650741500393
sti,2010-01-31,0,0,14.688452642857364
sti,2010-02-28,0,0,9.019587375553684
sti,2010-03-31,0,0,7.291025196797829
sti,2010-04-30,0,0,6.447943577233861
sti,2010-05-31,0,0,13.800389878042019
sti,2010-06-30,0,0,9.575218011719855
sti,2010-07-31,0,0,6.528507374629555
sti,2010-08-31,0,0,-2.2302034381041835
sti,2010-09-30,0,0,-14.662810635022794
sti,2010-10-31,0,0,-9.571536833967098
sti,2010-11-30,0,0,-15.15560257110824
sti,2010-12-31,0,0,-18.68520991685374
sti,2011-01-31,0,0,-8.977817680204225
sti,2011-02-28,0,0,-0.5479157421254044
sti,2011-03-31,0,1,-3.1194583348687743
sti,2011-04-30,0,1,-6.314906732904291
sti,2011-05-31,0,1,-13.078597218207566
sti,2011-06-30,0,1,-8.072206088038048
sti,2011-07-31,0,1,-4.911634702819079
sti,2011-08-31,0,1,4.744811252516978
sti,2011-09-30,0,1,13.45168908332468
sti,2011-10-31,0,1,6.197971011786141
sti,2011-11-30,0,1,12.749880405915803
sti,2011-12-31,0,1,17.962868342449223
sti,2012-01-31,0,1,12.163908598330408
sti,2012-02-29,0,1,8.814433389321152
sti,2012-03-31,0,0,9.428115794187697
sti,2012-04-30,0,0,12.292917631339506
sti,2012-05-31,0,1,17.759815478805674
sti,2012-06-30,0,1,9.029016916247823
sti,2012-07-31,0,1,5.930796666700111
sti,2012-08-31,0,1,0.11495708602389243
sti,2012-09-30,0,1,3.45334251269378
sti,2012-10-31,0,0,5.515838779222371
sti,2012-11-30,0,0,3.407151065294478
sti,2012-12-31,0,1,0.011045953528743269
sti,2013-01-31,0,0,-8.10093456274501
sti,2013-02-28,0,0,-4.990117131851868
sti,2013-03-31,0,0,-3.6785777902471395
sti,2013-04-30,0,0,-3.1201592845308213
sti,2013-05-31,0,0,-0.46979054945630594
sti,2013-06-30,0,0,3.2855960632016235
sti,2013-07-31,0,0,4.613624671281258
sti,2013-08-31,0,0,9.388537049817103
sti,2013-09-30,0,0,3.378954797900313
sti,2013-10-31,0,0,1.9609221456505566
sti,2013-11-30,0,0,5.337681886180334
sti,2013-12-31,0,0,6.055199766686137
sti,2014-01-31,0,0,11.353912971670077
sti,2014-02-28,0,0,8.974277804867725
sti,2014-03-31,0,0,7.7918933368511745
sti,2014-04-30,0,0,6.598264863690595
sti,2014-05-31,0,0,2.8788047384326276
sti,2014-06-30,0,0,1.876219839967419
sti,2014-07-31,0,0,-5.218502958968507
sti,2014-08-31,0,0,-13.002144913495517
sti,2014-09-30,0,0,-16.048851983787582
sti,2014-10-31,0,0,-8.802666529475012
sti,2014-11-30,0,0,-15.970857309424158
sti,2014-12-31,0,0,-15.473475455636887
sti,2015-01-31,0,0,-25.45383999225468
sti,2015-02-28,0,0,-24.384578112196387
sti,2015-03-31,0,0,-19.338632243318
sti,2015-04-30,0,0,-20.587077816887422
sti,2015-05-31,0,0,-19.50307053297129
sti,2015-06-30,0,0,-15.502882676099272
sti,2015-07-31,0,0,-11.007629563869958
sti,2015-08-31,0,0,-3.5130511264698683
sti,2015-09-30,0,0,2.7766830628390693
sti,2015-10-31,0,0,-6.35013682447001
sti,2015-11-30,0,0,1.709086615655675
sti,2015-12-31,0,0,-0.06836034358270737
sti,2016-01-31,0,0,14.744644880726732
sti,2016-02-29,0,0,14.95374944856529
sti,2016-03-31,0,0,11.122144224247865
sti,2016-04-30,0,0,11.216339050836588
sti,2016-05-31,0,0,14.010490453583646
sti,2016-06-30,0,0,12.726031435920415
sti,2016-07-31,0,0,14.897269617447595
sti,2016-08-31,0,0,15.00615963245897
sti,2016-09-30,0,0,11.522604804044345
sti,2016-10-31,0,0,18.156191603832195
sti,2016-11-30,0,0,16.709992881398072
sti,2016-12-31,0,0,16.65797120012469
sti,2017-01-31,0,0,14.833566593284608
sti,2017-02-28,0,0,12.756757493540327
sti,2017-03-31,0,0,7.662592944595303
sti,2017-04-30,0,0,12.93496169788817
sti,2017-05-31,0,0,6.550311064462377
sti,2017-06-30,0,0,1.3000583755069073
sti,2017-07-31,0,0,-0.2908524723840955
sti,2017-08-31,0,0,-1.965325442137278
sti,2017-09-30,0,0,1.1468511159135275
sti,2017-10-31,0,0,-11.126330012299057
sti,2017-11-30,0,0,-9.652509321809788
sti,2017-12-31,0,0,-10.33602892219303
sti,2018-01-31,0,0,-10.235335905180776
sti,2018-02-28,0,0,-9.076700016620443
sti,2018-03-31,0,0,-6.4800546002912185
sti,2018-04-30,0,0,-6.0961564885719355
sti,2018-05-31,0,0,-9.491468978093032
sti,2018-06-30,0,0,1.6057300073546443
sti,2018-07-31,0,0,-0.5769915223513777
sti,2018-08-31,0,0,-3.3851321086642017
sti,2018-09-30,0,0,-4.299209916025681
sti,2018-10-31,0,0,6.758553095607311
sti,2018-11-30,0,0,2.418226096625986
sti,2018-12-31,0,0,4.898630540092164
sti,2019-01-31,0,0,-1.1488309320368373
sti,2019-02-28,0,0,-6.480972986447497
sti,2019-03-31,0,0,-25.841329759345122
sti,2019-04-30,0,0,-25.904672682416585
sti,2019-05-31,0,0,-21.65332850957853
sti,2019-06-30,0,0,-24.88265453452998
sti,2019-07-31,0,0,-26.600153439238028
sti,2019-08-31,0,0,-20.429222524536428
sti,2019-09-30,0,0,-23.49809536045573
sti,2019-10-31,0,0,-28.709185287055128
sti,2019-11-30,0,0,-12.950683289504727
sti,2019-12-31,0,0,-12.511515679477636
sti,2020-01-31,0,0,-8.300654119642292
sti,2020-02-29,0,0,-2.0819137431620227
sti,2020-03-31,0,0,24.350610545768525
sti,2020-04-30,0,1,20.40564419278068
sti,2020-05-31,0,1,23.13440375324376
sti,2020-06-30,0,1,18.95568539946657
sti,2020-07-31,0,1,22.461762251638007
sti,2020-08-31,0,1,18.7585065428161
sti,2020-09-30,0,1,22.42537032953873
sti,2020-10-31,0,1,27.722565110599362
sti,2020-11-30,0,1,8.053963519930196
sti,2020-12-31,0,0,9.386704906850607
sti,2021-01-31,0,0,11.294952967732907
sti,2021-02-28,0,0,9.478473903210638
sti,2021-03-31,0,0,7.401768266378284
sti,2021-04-30,0,0,4.217394579660905
sti,2021-05-31,0,0,2.1327184233436824
sti,2021-06-30,0,0,-0.9065198001536601
sti,2021-07-31,0,0,1.399101514313017
sti,2021-08-31,0,0,5.310385931845651
sti,2021-09-30,0,0,1.4007132560170277
sti,2021-10-31,0,0,-3.3401654817648563
sti,2021-11-30,0,0,7.875470652996874
sti,2021-12-31,0,0,4.004931668665712
sti,2022-01-31,0,0,3.5098166950344734
sti,2022-02-28,0,1,0.6269136741071435
sti,2022-03-31,0,1,-4.488850005768441
sti,2022-04-30,0,1,-2.6071960924506143
sti,2022-05-31,1,1,-2.3060510958089253
sti,2022-06-30,1,1,3.2881205883539266
sti,2022-07-31,1,1,4.933623199084103
sti,2022-08-31,1,1,0.360346820842139
sti,2022-09-30,1,1,2.7466984942718042
sti,2022-10-31,1,1,-0.823596100927837
sti,2022-11-30,1,1,-6.838546107364785
sti,2022-12-31,1,1,-0.3404423061564188
sti,2023-01-31,1,1,-6.526947329669852
sti,2023-02-28,1,1,-3.7721753196715113
sti,2023-03-31,0,1,-1.0763755754085835
sti,2023-04-30,0,1,0.6758903047995091
sti,2023-05-31,0,1,5.475712961442092
sti,2023-06-30,0,1,3.88168521615313
sti,2023-07-31,0,0,2.4001422090343283
sti,2023-08-31,0,1,6.281953057673917
sti,2023-09-30,0,1,10.826271353150574
sti,2023-10-31,0,1,14.850472472724086
sti,2023-11-30,0,1,19.62447384628163
sti,2023-12-31,0,0,15.607593321715107
sti,2024-01-31,0,0,20.12261576519343
sti,2024-02-29,0,0,21.506153874481804
sti,2024-03-31,0,0,20.875205151407705
sti,2024-04-30,0,0,15.181510148655164
sti,2024-05-31,0,0,15.464421980849963
sti,2024-06-30,0,0,17.35139758958688
sti,2024-07-31,0,0,18.872523607212877
sti,2024-08-31,0,0,21.52207797168426
sti,2024-09-30,0,0,18.181289336219386
sti,2024-10-31,0,0,21.864219387794037
sti,2024-11-30,0,0,19.049194356828636
sti,2024-12-31,0,0,20.431922618116616
sti,2025-01-31,0,0,24.069785945340882
sti,2025-02-28,0,0,24.857802259714745
sti,2025-03-31,0,1,20.68834590416362
sti,2025-04-30,0,1,24.830169779380107
sti,2025-05-31,0,1,24.767998667189772
athex,2007-08-31,0,0,-40.0084198228269
athex,2007-09-30,0,0,-58.422386062030185
athex,2007-10-31,0,1,-95.13386742935053
athex,2007-11-30,0,1,-97.12098215354325
athex,2007-12-31,0,1,-106.43151756497353
athex,2008-01-31,0,1,-89.6796219223381
athex,2008-02-29,0,1,-98.99463367846684
athex,2008-03-31,1,1,-86.13890843182705
athex,2008-04-30,1,1,-71.87878039537966
athex,2008-05-31,1,1,-58.46940853105531
athex,2008-06-30,1,1,-44.239916793605886
athex,2008-07-31,1,1,-36.2540757806876
athex,2008-08-31,1,1,-28.894122564594316
athex,2008-09-30,1,1,-7.072680092142569
athex,2008-10-31,1,1,26.527477831916624
athex,2008-11-30,1,1,16.78661907265031
athex,2008-12-31,1,1,20.64463392489353
athex,2009-01-31,1,1,14.070442765087154
athex,2009-02-28,1,1,21.9691937704372
athex,2009-03-31,1,1,20.49437026694081
athex,2009-04-30,0,1,-9.372943842430193
athex,2009-05-31,0,1,-40.602377907864366
athex,2009-06-30,0,1,-43.236685921515146
athex,2009-07-31,0,0,-33.96852683835823
athex,2009-08-31,0,0,-46.10244179918182
athex,2009-09-30,0,0,-59.28901253963828
athex,2009-10-31,0,0,-55.15357386605455
athex,2009-11-30,0,0,-46.638619761987684
athex,2009-12-31,0,0,-44.03302483986753
athex,2010-01-31,0,0,-25.12126105846537
athex,2010-02-28,0,0,-19.33208244975244
athex,2010-03-31,0,0,-29.768119270745874
athex,2010-04-30,0,0,-26.5012143995369
athex,2010-05-31,0,0,-16.914324039550177
athex,2010-06-30,0,0,-11.449564804241685
athex,2010-07-31,0,0,-33.41977151424427
athex,2010-08-31,0,0,-52.94999683774
athex,2010-09-30,0,0,-61.10901857930777
athex,2010-10-31,0,0,-64.90711600685648
athex,2010-11-30,0,0,-73.28421996328566
athex,2010-12-31,0,0,-73.14251418545297
athex,2011-01-31,0,0,-69.39383110493607
athex,2011-02-28,0,0,-75.1700953792863
athex,2011-03-31,0,0,-74.48316972934208
athex,2011-04-30,0,0,-71.77244960441654
athex,2011-05-31,0,0,-91.31150260971204
athex,2011-06-30,0,1,-73.85220111955446
athex,2011-07-31,0,1,-69.88020036742766
athex,2011-08-31,0,1,-34.79264490440244
athex,2011-09-30,0,1,-7.717447062288851
athex,2011-10-31,0,1,-0.9019266874422449
athex,2011-11-30,0,1,17.063441279917946
athex,2011-12-31,0,0,28.84240378214802
athex,2012-01-31,0,0,21.4802522974451
athex,2012-02-29,0,0,30.42236744765141
athex,2012-03-31,0,0,17.598405089041513
athex,2012-04-30,0,0,33.05520124286288
athex,2012-05-31,0,0,65.79256973801053
athex,2012-06-30,0,0,32.70146936126777
athex,2012-07-31,0,0,39.04083184082401
athex,2012-08-31,0,0,33.02377914863541
athex,2012-09-30,0,0,31.625706883439708
athex,2012-10-31,0,0,39.39092472602628
athex,2012-11-30,0,0,39.049841176053505
athex,2012-12-31,0,0,24.734874311230914
athex,2013-01-31,0,0,17.622931420827825
athex,2013-02-28,0,0,26.238185215155152
athex,2013-03-31,0,0,42.96789707750976
athex,2013-04-30,0,0,23.498780857704915
athex,2013-05-31,0,0,18.727376131535678
athex,2013-06-30,0,0,35.95579011204144
athex,2013-07-31,0,0,27.8776986273928
athex,2013-08-31,0,0,25.542861179382914
athex,2013-09-30,0,0,4.579625036619106
athex,2013-10-31,0,0,-26.033884772279592
athex,2013-11-30,0,0,-21.621969012723774
athex,2013-12-31,0,0,-37.39462824734421
athex,2014-01-31,0,0,-64.32457985654398
athex,2014-02-28,0,0,-55.995738482224326
athex,2014-03-31,0,0,-76.52496707616017
athex,2014-04-30,0,0,-60.510286960961146
athex,2014-05-31,0,0,-39.36106279739286
athex,2014-06-30,0,0,-42.042440427137784
athex,2014-07-31,0,0,-62.74416747162075
athex,2014-08-31,0,0,-57.4321329524234
athex,2014-09-30,0,0,-41.46919685635693
athex,2014-10-31,0,0,-36.648927091154974
athex,2014-11-30,0,0,-42.23903497604988
athex,2014-12-31,0,0,-36.948615683784425
athex,2015-01-31,0,0,-17.992854309019357
athex,2015-02-28,0,0,-26.00877768937009
athex,2015-03-31,0,0,-6.268951637774656
athex,2015-04-30,0,0,-3.9088788083946113
athex,2015-05-31,0,0,-42.035652212378416
athex,2015-06-30,0,0,-33.35399311251655
athex,2015-08-31,0,0,-7.795287596029077
athex,2015-09-30,0,0,-14.564973741255205
athex,2015-10-31,0,0,-17.07856657569824
athex,2015-11-30,0,0,-0.9607784265612374
athex,2015-12-31,0,0,1.9279241134620761
athex,2016-01-31,0,0,10.127313125335213
athex,2016-02-29,0,0,22.313190435325225
athex,2016-03-31,0,0,14.332954421259103
athex,2016-04-30,0,0,19.901509303181886
athex,2016-05-31,0,0,18.08727659445921
athex,2016-06-30,0,0,41.836756414141085
athex,2016-07-31,0,0,35.179194838842776
athex,2016-08-31,0,0,35.74470382327757
athex,2016-09-30,0,0,28.976195431794416
athex,2016-10-31,0,0,25.03609725062219
athex,2016-11-30,0,0,16.318671502963777
athex,2016-12-31,0,0,22.043025567711272
athex,2017-01-31,0,0,36.22677945113084
athex,2017-02-28,0,0,25.760806408562242
athex,2017-03-31,0,0,15.855498704832094
athex,2017-04-30,0,0,18.65438197796303
athex,2017-05-31,0,0,-2.5329734741067256
athex,2017-06-30,0,0,-8.37389822593213
athex,2017-07-31,0,0,-6.48234340242011
athex,2017-08-31,0,0,-12.344116769259994
athex,2017-09-30,0,0,-8.838746877209225
athex,2017-10-31,0,0,-17.069437811227584
athex,2017-11-30,0,0,-16.08356353088558
athex,2017-12-31,0,0,-26.871564929871727
athex,2018-01-31,0,0,-32.55335647588513
athex,2018-02-28,0,0,-16.647002216304863
athex,2018-03-31,0,0,-7.878256492494451
athex,2018-04-30,0,0,-10.427097631608806
athex,2018-05-31,0,0,9.387189236244264
athex,2018-06-30,0,0,13.662858269442602
athex,2018-07-31,0,0,16.738145393953996
athex,2018-08-31,0,0,17.378304330135563
athex,2018-09-30,0,0,22.75375670239841
athex,2018-10-31,0,0,32.11355520436108
athex,2018-11-30,0,0,35.806399751407355
athex,2018-12-31,0,0,40.18933269780458
athex,2019-01-31,0,0,36.13752164776578
athex,2019-02-28,0,0,1.7985393619604828
athex,2019-03-31,0,0,-25.625574457887268
athex,2019-04-30,0,0,-20.765129000030225
athex,2019-05-31,0,0,-24.078104062348693
athex,2019-06-30,0,0,-30.699654889649786
athex,2019-07-31,0,0,-37.64598078116448
athex,2019-08-31,0,0,-31.428950988323834
athex,2019-09-30,0,0,-32.932387920598494
athex,2019-10-31,0,0,-43.80793311865956
athex,2019-11-30,0,0,-20.166948371040405
athex,2019-12-31,0,0,-12.496097573484999
athex,2020-01-31,0,0,-19.508017202903982
athex,2020-02-29,0,0,9.530390977465153
athex,2020-03-31,0,0,43.78908641665022
athex,2020-04-30,0,1,37.09129284935404
athex,2020-05-31,0,1,31.572231594703215
athex,2020-06-30,0,1,32.57153742305228
athex,2020-07-31,0,1,36.34073373522391
athex,2020-08-31,0,1,37.577438389726225
athex,2020-09-30,0,1,32.57709546059644
athex,2020-10-31,0,0,45.54780956091635
athex,2020-11-30,0,0,16.337826783774023
athex,2020-12-31,0,0,9.918073358609725
athex,2021-01-31,0,0,22.308483218525588
athex,2021-02-28,0,0,11.795410795430694
athex,2021-03-31,0,0,1.650943134046301
athex,2021-04-30,0,0,1.3160379419407953
athex,2021-05-31,0,0,-0.4648395037752273
athex,2021-06-30,0,0,-8.79107493383815
athex,2021-07-31,0,0,-4.2793637013137875
athex,2021-08-31,0,0,-7.510092991517059
athex,2021-09-30,0,0,-8.742538325182636
athex,2021-10-31,0,0,-2.6847603723015645
athex,2021-11-30,0,0,5.014420268647246
athex,2021-12-31,0,0,3.999145300834339
athex,2022-01-31,0,0,8.788099584258546
athex,2022-02-28,0,1,23.631378569021866
athex,2022-03-31,0,1,18.1610586414215
athex,2022-04-30,0,1,16.242514548803655
athex,2022-05-31,1,1,31.349130355449972
athex,2022-06-30,1,1,45.59762071866986
athex,2022-07-31,1,1,45.05751752379554
athex,2022-08-31,1,1,42.699053657554664
athex,2022-09-30,1,1,42.21328658985932
athex,2022-10-31,1,1,31.09209456456572
athex,2022-11-30,1,1,33.480163154584645
athex,2022-12-31,1,1,32.98699290012799
athex,2023-01-31,1,1,29.03549390462281
athex,2023-02-28,1,1,23.245671534067025
athex,2023-03-31,0,1,29.91583827483355
athex,2023-04-30,0,1,28.883336641848167
athex,2023-05-31,0,0,16.121659786607445
athex,2023-06-30,0,0,9.37369416807794
athex,2023-07-31,0,0,10.151410277261519
athex,2023-08-31,0,0,8.658013613726023
athex,2023-09-30,0,0,18.279833233710008
athex,2023-10-31,0,1,14.746874226284312
athex,2023-11-30,0,0,8.876324670466218
athex,2023-12-31,0,0,12.79645351097356
athex,2024-01-31,0,0,12.489762570927443
athex,2024-02-29,0,0,12.085017861584202
athex,2024-03-31,0,0,16.959756496224987
athex,2024-04-30,0,0,15.904822621319248
athex,2024-05-31,0,0,24.599482423939456
athex,2024-06-30,0,0,28.53685762446103
athex,2024-07-31,0,0,29.965370599122654
athex,2024-08-31,0,0,34.542754120733136
athex,2024-09-30,0,0,33.723937831118974
athex,2024-10-31,0,0,36.67205877710895
athex,2024-11-30,0,0,40.20697395978621
athex,2024-12-31,0,0,36.67130041617739
athex,2025-01-31,0,0,40.15417093929025
athex,2025-02-28,0,0,34.82617103494228
athex,2025-03-31,0,0,20.324163450023924
athex,2025-04-30,0,1,25.373564767439394
athex,2025-05-31,0,1,25.907339581156297
ta125,2002-11-30,0,0,35.20465371899242
ta125,2002-12-31,0,0,47.46364273171535
ta125,2003-01-31,0,0,55.3160184005268
ta125,2003-02-28,0,0,54.71923438185841
ta125,2003-03-31,0,0,50.481385800587034
ta125,2003-04-30,0,0,37.47093714113623
ta125,2003-05-31,0,0,27.033811388217543
ta125,2003-06-30,0,0,27.38685295829857
ta125,2003-07-31,0,0,29.561368432793422
ta125,2003-08-31,0,0,27.732626747905975
ta125,2003-09-30,0,0,25.74850268320681
ta125,2003-10-31,0,0,14.243864731053346
ta125,2003-11-30,0,0,14.36138332547614
ta125,2003-12-31,0,0,17.39940262084332
ta125,2004-01-31,0,0,17.207339053026782
ta125,2004-02-29,0,0,18.401553013794825
ta125,2004-03-31,0,0,16.05278043209566
ta125,2004-04-30,0,0,16.95236776934319
ta125,2004-05-31,0,0,20.467156118084073
ta125,2004-06-30,0,0,9.624894474764112
ta125,2004-07-31,0,0,19.841797596705124
ta125,2004-08-31,0,0,26.048226631349447
ta125,2004-09-30,0,0,29.875273713201533
ta125,2004-10-31,0,0,33.810678474287315
ta125,2004-11-30,0,0,29.360689931209194
ta125,2004-12-31,0,0,25.782407497648485
ta125,2005-01-31,0,0,24.884064366774616
ta125,2005-02-28,0,0,20.240258187651072
ta125,2005-03-31,0,0,22.911989288377832
ta125,2005-04-30,0,0,26.260291354957932
ta125,2005-05-31,0,0,21.711369396292834
ta125,2005-06-30,0,0,18.964956312383574
ta125,2005-07-31,0,0,15.818511781515188
ta125,2005-08-31,0,0,13.692389001582672
ta125,2005-09-30,0,0,11.577727949559957
ta125,2005-10-31,0,0,17.761342797739665
ta125,2005-11-30,0,0,16.902547062330164
ta125,2005-12-31,0,0,11.74981114340623
ta125,2006-01-31,0,0,12.64810232584912
ta125,2006-02-28,0,0,16.482667515970384
ta125,2006-03-31,0,0,17.387464268284436
ta125,2006-04-30,0,0,19.236287522968976
ta125,2006-05-31,0,0,25.122621028032288
ta125,2006-06-30,0,0,32.85125734169725
ta125,2006-07-31,0,0,30.211505663216087
ta125,2006-08-31,0,0,23.253351649377674
ta125,2006-09-30,0,0,25.822171159374907
ta125,2006-10-31,0,0,26.292877206365706
ta125,2006-11-30,0,0,19.096696982806538
ta125,2006-12-31,0,0,22.10584024748785
ta125,2007-01-31,0,0,4.6100093140461595
ta125,2007-02-28,0,0,6.316170163248813
ta125,2007-03-31,0,0,-6.914371505612404
ta125,2007-04-30,0,0,-6.827594146117555
ta125,2007-05-31,0,0,-7.560617483924759
ta125,2007-06-30,0,0,-10.986770228778386
ta125,2007-07-31,0,0,-15.146186602680345
ta125,2007-08-31,0,0,-11.483722399225638
ta125,2007-09-30,0,0,-29.839928953639916
ta125,2007-10-31,0,0,-61.058205446749355
ta125,2007-11-30,0,0,-67.76732335560895
ta125,2007-12-31,0,1,-71.62866911338988
ta125,2008-01-31,0,1,-51.43396380921956
ta125,2008-02-29,1,1,-53.81389104553875
ta125,2008-03-31,1,1,-33.15965025883463
ta125,2008-04-30,1,1,-29.019817603715126
ta125,2008-05-31,1,1,-26.94776158978378
ta125,2008-06-30,1,1,-20.900113235136786
ta125,2008-07-31,1,1,-6.918048489787143
ta125,2008-08-31,1,1,-4.281508914571219
ta125,2008-09-30,1,1,13.226022709290408
ta125,2008-10-31,1,1,39.38286612260846
ta125,2008-11-30,1,1,55.62508832314093
ta125,2008-12-31,1,1,63.54974194409478
ta125,2009-01-31,1,1,58.15764285183498
ta125,2009-02-28,1,1,59.298922725316494
ta125,2009-03-31,1,1,55.071935060435266
ta125,2009-04-30,0,1,38.723445698606355
ta125,2009-05-31,0,1,24.377546733295485
ta125,2009-06-30,0,1,21.186284478536344
ta125,2009-07-31,0,1,15.127066991060278
ta125,2009-08-31,0,1,16.89445920518846
ta125,2009-09-30,0,0,19.626398922979593
ta125,2009-10-31,0,0,20.16018413514651
ta125,2009-11-30,0,0,13.593128143828626
ta125,2009-12-31,0,0,13.916818278734944
ta125,2010-01-31,0,0,11.474092945844916
ta125,2010-02-28,0,0,8.562488682482794
ta125,2010-03-31,0,0,4.417923530209311
ta125,2010-04-30,0,0,8.522335056224684
ta125,2010-05-31,0,0,13.23343717258565
ta125,2010-06-30,0,0,11.710737134800109
ta125,2010-07-31,0,0,8.24755936829158
ta125,2010-08-31,0,0,-3.199479951419981
ta125,2010-09-30,0,0,-15.191345692778047
ta125,2010-10-31,0,0,-13.675200223313322
ta125,2010-11-30,0,0,-15.527920700187714
ta125,2010-12-31,0,0,-22.3868905992731
ta125,2011-01-31,0,0,-17.18346686819263
ta125,2011-02-28,0,0,-18.390939438166765
ta125,2011-03-31,0,1,-15.66795312853042
ta125,2011-04-30,0,1,-11.404938786090835
ta125,2011-05-31,0,1,-16.058789808527774
ta125,2011-06-30,0,1,-13.800400089712106
ta125,2011-07-31,0,1,-11.451370891462709
ta125,2011-08-31,0,1,-1.3790114376151408
ta125,2011-09-30,0,1,8.383887058968487
ta125,2011-10-31,0,1,5.238872421999208
ta125,2011-11-30,0,1,10.162404471121
ta125,2011-12-31,0,1,6.963930286541498
ta125,2012-01-31,0,1,3.2054421930390653
ta125,2012-02-29,0,0,9.678196068975886
ta125,2012-03-31,0,0,6.338292200105844
ta125,2012-04-30,0,0,1.531588054985189
ta125,2012-05-31,0,0,12.136376082951994
ta125,2012-06-30,0,1,9.785096663336823
ta125,2012-07-31,0,1,9.318102104388792
ta125,2012-08-31,0,1,7.892549492996981
ta125,2012-09-30,0,0,8.00850633034944
ta125,2012-10-31,0,0,7.51677312428658
ta125,2012-11-30,0,0,11.174336822631847
ta125,2012-12-31,0,0,14.007768780077612
ta125,2013-01-31,0,0,13.718498571788285
ta125,2013-02-28,0,0,13.919532359334674
ta125,2013-03-31,0,0,15.324634950180371
ta125,2013-04-30,0,0,14.347081299766362
ta125,2013-05-31,0,0,12.605470517543171
ta125,2013-06-30,0,0,15.780633373365838
ta125,2013-07-31,0,0,13.020328128729819
ta125,2013-08-31,0,0,15.574210036386038
ta125,2013-09-30,0,0,13.331249878339424
ta125,2013-10-31,0,0,9.555779290556998
ta125,2013-11-30,0,0,7.261657121449705
ta125,2013-12-31,0,0,6.584018972649375
ta125,2014-01-31,0,0,5.594207407733975
ta125,2014-02-28,0,0,6.8009562331059925
ta125,2014-03-31,0,0,9.935607958247594
ta125,2014-04-30,0,0,13.494134969155436
ta125,2014-05-31,0,0,14.614802210210431
ta125,2014-06-30,0,0,12.578622285497154
ta125,2014-07-31,0,0,16.98125427038537
ta125,2014-08-31,0,0,8.962867596400947
ta125,2014-09-30,0,0,-0.8454247023423456
ta125,2014-10-31,0,0,6.7983548588792075
ta125,2014-11-30,0,0,2.6489304482185894
ta125,2014-12-31,0,0,2.0191471251453486
ta125,2015-01-31,0,0,-1.8681583028976156
ta125,2015-02-28,0,0,-7.949075460033317
ta125,2015-03-31,0,0,-12.39897731944275
ta125,2015-04-30,0,0,-13.886900961002357
ta125,2015-05-31,0,0,-14.857792487725519
ta125,2015-06-30,0,0,-15.943482511532725
ta125,2015-07-31,0,0,-15.30543275021623
ta125,2015-08-31,0,0,-8.385405034565085
ta125,2015-09-30,0,0,-2.636319587696967
ta125,2015-10-31,0,0,-10.551335863349554
ta125,2015-11-30,0,0,-6.135186677641702
ta125,2015-12-31,0,0,-2.52627829270633
ta125,2016-01-31,0,0,-0.2611313770297663
ta125,2016-02-29,0,0,2.1047849897923854
ta125,2016-03-31,0,0,0.02078166179018126
ta125,2016-04-30,0,0,2.135068868187684
ta125,2016-05-31,0,0,3.4301891071949697
ta125,2016-06-30,0,0,6.147582800606433
ta125,2016-07-31,0,0,2.309656809466887
ta125,2016-08-31,0,0,0.029099676292698717
ta125,2016-09-30,0,0,2.3686697423006997
ta125,2016-10-31,0,0,6.6172656335727
ta125,2016-11-30,0,0,4.959104216551147
ta125,2016-12-31,0,0,6.287471738336947
ta125,2017-01-31,0,0,12.437628618728258
ta125,2017-02-28,0,0,7.315771207790611
ta125,2017-03-31,0,0,4.6493440045145995
ta125,2017-04-30,0,0,4.288810684566258
ta125,2017-05-31,0,0,5.072471510350418
ta125,2017-06-30,0,0,5.757728822645536
ta125,2017-07-31,0,0,8.287692393692403
ta125,2017-08-31,0,0,16.044424449240324
ta125,2017-09-30,0,0,13.988415827662681
ta125,2017-10-31,0,0,8.953687741728
ta125,2017-11-30,0,0,9.937412881980467
ta125,2017-12-31,0,0,-2.4048758071238296
ta125,2018-01-31,0,0,0.39564691700508803
ta125,2018-02-28,0,0,4.98782298818865
ta125,2018-03-31,0,0,6.894256439623625
ta125,2018-04-30,0,0,10.084566282385055
ta125,2018-05-31,0,0,4.9977415230127775
ta125,2018-06-30,0,0,7.327918430439695
ta125,2018-07-31,0,0,7.16141010657374
ta125,2018-08-31,0,0,-0.8387536401513351
ta125,2018-09-30,0,0,3.164606139400483
ta125,2018-10-31,0,0,9.36024826056503
ta125,2018-11-30,0,0,10.153309202278749
ta125,2018-12-31,0,0,19.281989829647195
ta125,2019-01-31,0,0,14.608961025033818
ta125,2019-02-28,0,0,7.484677306081
ta125,2019-03-31,0,0,-9.518344902257159
ta125,2019-04-30,0,0,-4.2714485501452515
ta125,2019-05-31,0,0,-1.3958572277202208
ta125,2019-06-30,0,0,-10.215142120002696
ta125,2019-07-31,0,0,-9.155717717082457
ta125,2019-08-31,0,0,-3.954932880773576
ta125,2019-09-30,0,0,-13.02185244547358
ta125,2019-10-31,0,0,-13.845671019204708
ta125,2019-11-30,0,0,-7.1654950421563335
ta125,2019-12-31,0,0,-3.0528707979900815
ta125,2020-01-31,0,0,0.7438154284790777
ta125,2020-02-29,0,0,4.157914752419423
ta125,2020-03-31,0,0,26.48467703288704
ta125,2020-04-30,0,1,19.762462586848795
ta125,2020-05-31,0,1,22.507943173876388
ta125,2020-06-30,0,1,28.632666228242076
ta125,2020-07-31,0,1,24.428821453841287
ta125,2020-08-31,0,1,24.519795878025885
ta125,2020-09-30,0,1,32.464542887417466
ta125,2020-10-31,0,1,33.50905127177608
ta125,2020-11-30,0,1,25.60352883044894
ta125,2020-12-31,0,0,27.11520796126612
ta125,2021-01-31,0,0,20.84234727134122
ta125,2021-02-28,0,0,24.52208093702586
ta125,2021-03-31,0,0,23.129388111209792
ta125,2021-04-30,0,0,20.707745413772738
ta125,2021-05-31,0,0,10.336783466240718
ta125,2021-06-30,0,0,6.5383676091353315
ta125,2021-07-31,0,0,11.811062031040098
ta125,2021-08-31,0,0,13.138315838414805
ta125,2021-09-30,0,0,1.1993566557827684
ta125,2021-10-31,0,0,1.9497809598645333
ta125,2021-11-30,0,0,-3.6793309465612545
ta125,2021-12-31,0,0,-12.583442618538232
ta125,2022-01-31,0,0,-10.738388730288051
ta125,2022-02-28,0,1,-17.096584891838962
ta125,2022-03-31,0,1,-19.485798892584505
ta125,2022-04-30,0,1,-19.499110061299163
ta125,2022-05-31,1,1,-11.76723810476119
ta125,2022-06-30,1,1,-5.912978608947483
ta125,2022-07-31,1,1,-4.924935741212799
ta125,2022-08-31,1,1,-10.146454439270958
ta125,2022-09-30,1,1,-0.5050132097973226
ta125,2022-10-31,1,1,-16.667082226027485
ta125,2022-11-30,1,1,-4.97130873581515
ta125,2022-12-31,1,1,3.383796596610633
ta125,2023-01-31,1,1,2.1212531302172266
ta125,2023-02-28,1,1,13.439636063732951
ta125,2023-03-31,1,1,16.162881611775237
ta125,2023-04-30,0,1,12.70911634394123
ta125,2023-05-31,0,1,13.194530958279405
ta125,2023-06-30,0,0,9.23696522786468
ta125,2023-07-31,0,0,5.611970945031963
ta125,2023-08-31,0,1,10.52281146509868
ta125,2023-09-30,0,1,12.23747492654601
ta125,2023-10-31,0,1,28.90381887780702
ta125,2023-11-30,0,1,24.696503703162964
ta125,2023-12-31,0,0,25.75719953233664
ta125,2024-01-31,0,0,29.492250515211094
ta125,2024-02-29,0,0,24.948833141437365
ta125,2024-03-31,0,0,18.73109809097775
ta125,2024-04-30,0,0,26.051278257942467
ta125,2024-05-31,0,0,31.25088597441552
ta125,2024-06-30,0,0,43.95480844021442
ta125,2024-07-31,0,0,43.37821626809122
ta125,2024-08-31,0,0,40.77364017011726
ta125,2024-09-30,0,0,42.75517480049409
ta125,2024-10-31,0,0,41.09643106276497
ta125,2024-11-30,0,0,40.44070903465462
ta125,2024-12-31,0,0,40.94937500070097
ta125,2025-01-31,0,0,46.86729976211987
ta125,2025-02-28,0,0,47.167578082256156
ta125,2025-03-31,0,1,49.58410201573127
ta125,2025-04-30,0,1,52.2920898848688
ta125,2025-05-31,0,1,47.80973162670854
ta35,2002-11-30,0,0,26.821565820121585
ta35,2002-12-31,0,0,41.20023241776263
ta35,2003-01-31,0,0,48.91092819014009
ta35,2003-02-28,1,0,48.441260379124614
ta35,2003-03-31,0,0,44.82618096386064
ta35,2003-04-30,0,0,32.14624403091726
ta35,2003-05-31,0,0,21.34163936779938
ta35,2003-06-30,0,0,23.13372347945828
ta35,2003-07-31,0,0,28.49835496396178
ta35,2003-08-31,0,0,26.66878161070043
ta35,2003-09-30,0,0,24.93102190803791
ta35,2003-10-31,0,0,14.120525379182691
ta35,2003-11-30,0,0,16.76708914743008
ta35,2003-12-31,0,0,20.351753858396737
ta35,2004-01-31,0,0,22.294680122044586
ta35,2004-02-29,0,0,22.186038200689406
ta35,2004-03-31,0,0,20.634127744661424
ta35,2004-04-30,0,0,21.649335074389597
ta35,2004-05-31,0,0,24.638310549002895
ta35,2004-06-30,0,0,13.60242568038963
ta35,2004-07-31,0,0,23.83354846258774
ta35,2004-08-31,0,0,30.760036033377602
ta35,2004-09-30,0,0,34.84772667846015
ta35,2004-10-31,0,0,38.51509112827216
ta35,2004-11-30,0,0,32.89990696995231
ta35,2004-12-31,0,0,28.707500850067547
ta35,2005-01-31,0,0,25.955124887632675
ta35,2005-02-28,0,0,21.296000227146816
ta35,2005-03-31,0,0,23.629460457296236
ta35,2005-04-30,0,0,26.986581527802578
ta35,2005-05-31,0,0,22.571395985686404
ta35,2005-06-30,0,0,19.871031452648857
ta35,2005-07-31,0,0,15.322738732737484
ta35,2005-08-31,0,0,12.534979295325765
ta35,2005-09-30,0,0,10.533392610071157
ta35,2005-10-31,0,0,16.180010305334758
ta35,2005-11-30,0,0,16.946767558723153
ta35,2005-12-31,0,0,12.044859338110392
ta35,2006-01-31,0,0,14.398115023895386
ta35,2006-02-28,0,0,19.445742162415947
ta35,2006-03-31,0,0,20.322218138355375
ta35,2006-04-30,0,0,21.18200795556895
ta35,2006-05-31,0,0,27.899275087016928
ta35,2006-06-30,0,0,35.58461024521051
ta35,2006-07-31,0,0,33.57194094635068
ta35,2006-08-31,0,0,27.351669267542444
ta35,2006-09-30,0,0,30.13571771500896
ta35,2006-10-31,0,0,32.105889728405046
ta35,2006-11-30,0,0,24.491245267338968
ta35,2006-12-31,0,0,27.028659449171677
ta35,2007-01-31,0,0,10.933743044080835
ta35,2007-02-28,0,0,13.313505042799179
ta35,2007-03-31,0,0,-0.005019011342799473
ta35,2007-04-30,0,0,1.5520107419129126
ta35,2007-05-31,0,0,-0.7789692004490867
ta35,2007-06-30,0,0,-2.4817543052425783
ta35,2007-07-31,0,0,-7.958996569243748
ta35,2007-08-31,0,0,-4.220000340822949
ta35,2007-09-30,0,0,-23.129986010356607
ta35,2007-10-31,0,0,-53.372978349093714
ta35,2007-11-30,0,0,-60.537968586901236
ta35,2007-12-31,0,1,-61.979540119664556
ta35,2008-01-31,0,1,-47.37732060366264
ta35,2008-02-29,1,1,-51.08045816789932
ta35,2008-03-31,1,1,-31.412954322317432
ta35,2008-04-30,1,1,-28.528481573143605
ta35,2008-05-31,1,1,-25.490752327505728
ta35,2008-06-30,1,1,-23.017098961947102
ta35,2008-07-31,1,1,-8.515006064485853
ta35,2008-08-31,1,1,-6.8455629882239855
ta35,2008-09-30,1,1,10.396937391846084
ta35,2008-10-31,1,1,34.287319304133135
ta35,2008-11-30,1,1,51.27982688723467
ta35,2008-12-31,1,1,55.8806203039544
ta35,2009-01-31,1,1,54.188982485261135
ta35,2009-02-28,1,1,55.45643672921115
ta35,2009-03-31,1,1,52.323135274381904
ta35,2009-04-30,0,1,35.99208262822646
ta35,2009-05-31,0,1,22.31920033785757
ta35,2009-06-30,0,1,20.857881721061133
ta35,2009-07-31,0,1,16.284658122507434
ta35,2009-08-31,0,1,18.223341037689167
ta35,2009-09-30,0,0,20.843282060309587
ta35,2009-10-31,0,0,21.737847780473896
ta35,2009-11-30,0,0,14.098005737973729
ta35,2009-12-31,0,0,14.704152903503243
ta35,2010-01-31,0,0,12.94432538463628
ta35,2010-02-28,0,0,10.634138877534127
ta35,2010-03-31,0,0,7.2267575183171395
ta35,2010-04-30,0,0,12.14421459352124
ta35,2010-05-31,0,0,15.706233248156831
ta35,2010-06-30,0,0,14.147316397402587
ta35,2010-07-31,0,0,9.71703931592387
ta35,2010-08-31,0,0,-0.2178595443149689
ta35,2010-09-30,0,0,-12.877893381880057
ta35,2010-10-31,0,0,-11.384704624535846
ta35,2010-11-30,0,0,-14.115564294592708
ta35,2010-12-31,0,0,-20.037503107068133
ta35,2011-01-31,0,0,-14.388957523752133
ta35,2011-02-28,0,0,-17.621487987547457
ta35,2011-03-31,0,1,-16.08756455910365
ta35,2011-04-30,0,1,-12.133048618845077
ta35,2011-05-31,0,1,-17.356359212319283
ta35,2011-06-30,0,1,-14.602011945990956
ta35,2011-07-31,0,1,-10.867927924286747
ta35,2011-08-31,0,1,-1.059004778958883
ta35,2011-09-30,0,1,9.841017177210531
ta35,2011-10-31,0,1,6.863284528935321
ta35,2011-11-30,0,1,12.784592628100455
ta35,2011-12-31,0,1,8.812536845227381
ta35,2012-01-31,0,1,5.0392474375281715
ta35,2012-02-29,0,0,12.18447895027035
ta35,2012-03-31,0,0,9.5580943540571
ta35,2012-04-30,0,0,3.5295015661353624
ta35,2012-05-31,0,0,14.564526844468872
ta35,2012-06-30,0,1,11.764543423868634
ta35,2012-07-31,0,1,8.464897931163762
ta35,2012-08-31,0,1,5.031973202647411
ta35,2012-09-30,0,0,6.173344000759862
ta35,2012-10-31,0,0,5.913621564409155
ta35,2012-11-30,0,0,9.919261210761388
ta35,2012-12-31,0,0,11.447124645798024
ta35,2013-01-31,0,0,9.87357543220817
ta35,2013-02-28,0,0,10.053094867071977
ta35,2013-03-31,0,0,12.48260588266703
ta35,2013-04-30,0,0,13.384129212886187
ta35,2013-05-31,0,0,12.312232331750206
ta35,2013-06-30,0,0,15.438238705126128
ta35,2013-07-31,0,0,14.585572417433124
ta35,2013-08-31,0,0,17.545120888466492
ta35,2013-09-30,0,0,14.268811247629642
ta35,2013-10-31,0,0,10.049152042662612
ta35,2013-11-30,0,0,8.42299918850724
ta35,2013-12-31,0,0,9.712820841565861
ta35,2014-01-31,0,0,10.806929482104621
ta35,2014-02-28,0,0,11.67681377671519
ta35,2014-03-31,0,0,14.792488762311873
ta35,2014-04-30,0,0,17.63413047540201
ta35,2014-05-31,0,0,18.52632008093904
ta35,2014-06-30,0,0,17.198939847683015
ta35,2014-07-31,0,0,20.695376364914164
ta35,2014-08-31,0,0,11.684503620292919
ta35,2014-09-30,0,0,2.1689199962649397
ta35,2014-10-31,0,0,9.959827578766234
ta35,2014-11-30,0,0,5.4593923712213055
ta35,2014-12-31,0,0,4.259545047675761
ta35,2015-01-31,0,0,0.2979339125837477
ta35,2015-02-28,0,0,-5.414949715322415
ta35,2015-03-31,0,0,-11.414906583480988
ta35,2015-04-30,0,0,-13.393703125188239
ta35,2015-05-31,0,0,-14.937194308410984
ta35,2015-06-30,0,0,-16.5040937343921
ta35,2015-07-31,0,0,-16.502842649697502
ta35,2015-08-31,0,0,-8.696298108128264
ta35,2015-09-30,0,0,-3.2757802986703055
ta35,2015-10-31,0,0,-11.292052808895736
ta35,2015-11-30,0,0,-7.627430079172548
ta35,2015-12-31,0,0,-3.865096808800228
ta35,2016-01-31,0,0,-3.0682789526504273
ta35,2016-02-29,0,0,-1.0416195052697752
ta35,2016-03-31,0,0,-3.723343765084497
ta35,2016-04-30,0,0,-2.335464709371138
ta35,2016-05-31,0,0,-1.7446390684423108
ta35,2016-06-30,0,0,2.5202849900238355
ta35,2016-07-31,0,0,-0.34008826257370117
ta35,2016-08-31,0,0,-3.2355967163604227
ta35,2016-09-30,0,0,-1.5286780391932098
ta35,2016-10-31,0,0,2.3270004476398043
ta35,2016-11-30,0,0,0.64937888700074
ta35,2016-12-31,0,0,2.79577825516224
ta35,2017-01-31,0,0,9.429683660983024
ta35,2017-02-28,0,0,5.304998912404901
ta35,2017-03-31,0,0,2.7415583601825055
ta35,2017-04-30,0,0,4.166154345128348
ta35,2017-05-31,0,0,6.32338424811012
ta35,2017-06-30,0,0,5.757255749051815
ta35,2017-07-31,0,0,8.751279894774466
ta35,2017-08-31,0,0,17.330617844585472
ta35,2017-09-30,0,0,14.49948279198292
ta35,2017-10-31,0,0,9.825630419687936
ta35,2017-11-30,0,0,11.331739756983339
ta35,2017-12-31,0,0,-3.266706433494093
ta35,2018-01-31,0,0,0.42492806188620946
ta35,2018-02-28,0,0,4.600758748064582
ta35,2018-03-31,0,0,6.151954974883456
ta35,2018-04-30,0,0,8.740939147589621
ta35,2018-05-31,0,0,2.1221449209146925
ta35,2018-06-30,0,0,3.9041181050486706
ta35,2018-07-31,0,0,2.8048852105752253
ta35,2018-08-31,0,0,-6.44953417725338
ta35,2018-09-30,0,0,-1.6751739270360666
ta35,2018-10-31,0,0,4.134153016052267
ta35,2018-11-30,0,0,4.356634949793214
ta35,2018-12-31,0,0,13.966662447299516
ta35,2019-01-31,0,0,8.432675895634123
ta35,2019-02-28,0,0,1.9288278145804583
ta35,2019-03-31,0,0,-13.867112174849705
ta35,2019-04-30,0,0,-11.468832200996282
ta35,2019-05-31,0,0,-6.991405537788609
ta35,2019-06-30,0,0,-16.236435638809432
ta35,2019-07-31,0,0,-16.261093577494634
ta35,2019-08-31,0,0,-11.366212684746824
ta35,2019-09-30,0,0,-21.101051820653005
ta35,2019-10-31,0,0,-21.796088200374708
ta35,2019-11-30,0,0,-15.226992400852524
ta35,2019-12-31,0,0,-11.591862821232901
ta35,2020-01-31,0,0,-5.558931673736023
ta35,2020-02-29,0,0,-3.3118080535320615
ta35,2020-03-31,0,0,18.80238955463387
ta35,2020-04-30,0,1,14.102872870177485
ta35,2020-05-31,0,1,16.42148921285269
ta35,2020-06-30,0,1,22.608315421530012
ta35,2020-07-31,0,1,20.32117421668982
ta35,2020-08-31,0,1,23.17196953634344
ta35,2020-09-30,0,1,32.08525550455992
ta35,2020-10-31,0,1,32.960102048955434
ta35,2020-11-30,0,1,24.28046339573946
ta35,2020-12-31,0,0,27.72849893253948
ta35,2021-01-31,0,0,18.119559476260783
ta35,2021-02-28,0,0,24.154917782670626
ta35,2021-03-31,0,0,23.084402321151476
ta35,2021-04-30,0,0,20.577795923726416
ta35,2021-05-31,0,0,11.39227289592375
ta35,2021-06-30,0,0,8.307949704719775
ta35,2021-07-31,0,0,12.935609427686678
ta35,2021-08-31,0,0,13.763909601455282
ta35,2021-09-30,0,0,1.8784841015270004
ta35,2021-10-31,0,0,4.97654965719283
ta35,2021-11-30,0,0,-0.7907314290061862
ta35,2021-12-31,0,0,-9.604248340849786
ta35,2022-01-31,0,0,-6.465886384312647
ta35,2022-02-28,0,1,-12.893845587445174
ta35,2022-03-31,0,1,-15.035750890100541
ta35,2022-04-30,0,1,-14.12512789365028
ta35,2022-05-31,1,1,-8.617617835384195
ta35,2022-06-30,1,1,-4.445176863914391
ta35,2022-07-31,1,1,-2.8495750736778014
ta35,2022-08-31,1,1,-8.833726042935997
ta35,2022-09-30,1,1,0.400887319113874
ta35,2022-10-31,1,1,-16.5816471320289
ta35,2022-11-30,1,1,-4.14267488573028
ta35,2022-12-31,1,1,3.1125702310113468
ta35,2023-01-31,1,1,1.8567404045166214
ta35,2023-02-28,1,1,11.569873304482048
ta35,2023-03-31,1,1,13.700987525175723
ta35,2023-04-30,1,1,10.759538325913898
ta35,2023-05-31,1,1,13.640347228786709
ta35,2023-06-30,0,0,12.212225662249576
ta35,2023-07-31,0,0,7.240293531877828
ta35,2023-08-31,0,1,12.532306387048298
ta35,2023-09-30,0,1,14.086368181200104
ta35,2023-10-31,0,1,29.139590874799914
ta35,2023-11-30,1,1,24.2271434946308
ta35,2023-12-31,0,0,25.523933377789998
ta35,2024-01-31,0,0,29.077288781253063
ta35,2024-02-29,0,0,23.773463602778744
ta35,2024-03-31,0,0,19.265250458158345
ta35,2024-04-30,0,0,25.556607838221357
ta35,2024-05-31,0,0,30.076156962613876
ta35,2024-06-30,0,0,40.34577520081939
ta35,2024-07-31,0,0,40.44953261553754
ta35,2024-08-31,0,0,38.36790789458071
ta35,2024-09-30,0,0,40.98786432728829
ta35,2024-10-31,0,0,39.557807765733166
ta35,2024-11-30,0,0,40.54754403809149
ta35,2024-12-31,0,0,41.372270608129554
ta35,2025-01-31,0,0,49.16746085614277
ta35,2025-02-28,0,0,51.38199136282502
ta35,2025-03-31,0,1,52.77095644340575
ta35,2025-04-30,0,1,55.24061186663989
ta35,2025-05-31,0,1,50.030364846815004
hangseng,2000-02-29,2,2,-14.932376945087888
hangseng,2000-03-31,2,2,-31.048053796381758
hangseng,2000-04-30,2,2,-14.787202227121732
hangseng,2000-05-31,2,2,-11.051360710911062
hangseng,2000-06-30,2,2,-21.406232025217697
hangseng,2000-07-31,2,2,-31.28599416662947
hangseng,2000-08-31,2,2,-43.28457002347825
hangseng,2000-09-30,2,2,-45.276284901456876
hangseng,2000-10-31,0,2,-39.10935596537204
hangseng,2000-11-30,0,0,-21.497692790297407
hangseng,2000-12-31,0,0,-28.103010644210435
hangseng,2001-01-31,0,0,-40.63597815725348
hangseng,2001-02-28,0,0,-34.40953067749959
hangseng,2001-03-31,0,0,-14.548188215166036
hangseng,2001-04-30,0,0,-15.207579055176268
hangseng,2001-05-31,0,0,-15.330189308355457
hangseng,2001-06-30,0,0,-20.749839616932242
hangseng,2001-07-31,0,0,-18.19853223233494
hangseng,2001-08-31,0,0,-9.912461509929038
hangseng,2001-09-30,0,0,-9.242702952284354
hangseng,2001-10-31,0,0,-6.486645556745785
hangseng,2001-11-30,0,0,-11.341694584568707
hangseng,2001-12-31,0,0,-20.106754985073927
hangseng,2002-01-31,0,0,-14.701474584581753
hangseng,2002-02-28,0,0,-13.895050591963454
hangseng,2002-03-31,0,0,-24.51234857737461
hangseng,2002-04-30,0,0,-27.68362368529349
hangseng,2002-05-31,0,0,-17.50119483490895
hangseng,2002-06-30,0,0,-10.134024816300524
hangseng,2002-07-31,0,0,-1.299195182465418
hangseng,2002-08-31,0,0,8.262473159690309
hangseng,2002-09-30,0,0,21.336131242343725
hangseng,2002-10-31,0,0,25.55357282150137
hangseng,2002-11-30,0,0,20.14707490226826
hangseng,2002-12-31,1,0,29.94844635232443
hangseng,2003-01-31,0,0,36.13738039618983
hangseng,2003-02-28,1,0,42.16330419888603
hangseng,2003-03-31,1,0,38.439759972380116
hangseng,2003-04-30,1,0,31.484163178362934
hangseng,2003-05-31,0,0,25.1329216182679
hangseng,2003-06-30,0,0,24.906312145369824
hangseng,2003-07-31,0,0,18.857032484667968
hangseng,2003-08-31,0,0,16.377838084035368
hangseng,2003-09-30,0,0,15.556288795658446
hangseng,2003-10-31,0,0,6.852105525888952
hangseng,2003-11-30,0,0,13.231887099796324
hangseng,2003-12-31,0,0,12.357672686699317
hangseng,2004-01-31,0,0,3.2013347512533485
hangseng,2004-02-29,0,0,2.051993132937291
hangseng,2004-03-31,0,0,6.378162843651225
hangseng,2004-04-30,0,0,15.239195591905563
hangseng,2004-05-31,0,0,12.82252889988058
hangseng,2004-06-30,0,0,14.487652528038453
hangseng,2004-07-31,0,0,19.553558018970207
hangseng,2004-08-31,0,0,14.823380423582755
hangseng,2004-09-30,0,0,16.207762340805054
hangseng,2004-10-31,0,0,9.713606859019741
hangseng,2004-11-30,0,0,6.051327677411322
hangseng,2004-12-31,0,0,4.441583454094911
hangseng,2005-01-31,0,0,13.806186429443912
hangseng,2005-02-28,0,0,11.456630924558553
hangseng,2005-03-31,0,0,15.638961289755215
hangseng,2005-04-30,0,0,18.055477571025413
hangseng,2005-05-31,0,0,13.415015884463166
hangseng,2005-06-30,0,0,13.58600567837005
hangseng,2005-07-31,0,0,13.144211084644475
hangseng,2005-08-31,0,0,15.442640118410011
hangseng,2005-09-30,0,0,12.844019026797682
hangseng,2005-10-31,0,0,24.19495164482459
hangseng,2005-11-30,0,0,23.850613223782346
hangseng,2005-12-31,0,0,29.418869083379384
hangseng,2006-01-31,0,0,24.39994750028056
hangseng,2006-02-28,0,0,21.06734403020596
hangseng,2006-03-31,0,0,22.540001153176092
hangseng,2006-04-30,0,0,19.846673587254493
hangseng,2006-05-31,0,0,26.329586633876012
hangseng,2006-06-30,0,0,29.14816546079777
hangseng,2006-07-31,0,0,31.197687657477324
hangseng,2006-08-31,0,0,32.13669769411602
hangseng,2006-09-30,0,0,43.64417811345849
hangseng,2006-10-31,0,0,53.70658076774184
hangseng,2006-11-30,0,0,41.25735221306961
hangseng,2006-12-31,0,0,33.1524216122947
hangseng,2007-01-31,0,0,15.40760878848726
hangseng,2007-02-28,0,0,21.362462254866088
hangseng,2007-03-31,0,0,14.318718108249762
hangseng,2007-04-30,0,0,23.70869096831658
hangseng,2007-05-31,0,0,17.306099391420382
hangseng,2007-06-30,0,0,1.5010253167213605
hangseng,2007-07-31,0,0,-1.9768892670889215
hangseng,2007-08-31,0,0,-12.047650692761636
hangseng,2007-09-30,0,0,-40.98277255192109
hangseng,2007-10-31,0,0,-80.8479603700066
hangseng,2007-11-30,0,0,-72.38879040648297
hangseng,2007-12-31,0,0,-65.9132550683335
hangseng,2008-01-31,0,1,-56.899090818619236
hangseng,2008-02-29,1,1,-64.14300974783309
hangseng,2008-03-31,1,1,-52.06111050038018
hangseng,2008-04-30,1,1,-50.64490408717379
hangseng,2008-05-31,1,1,-30.01970896806423
hangseng,2008-06-30,1,1,-18.447450080911665
hangseng,2008-07-31,1,1,-9.973843309938601
hangseng,2008-08-31,1,1,-7.507052417541971
hangseng,2008-09-30,1,1,15.111725140143939
hangseng,2008-10-31,1,1,44.292870421101505
hangseng,2008-11-30,1,1,45.18532665629991
hangseng,2008-12-31,1,1,41.88717234664061
hangseng,2009-01-31,1,1,41.568891568401156
hangseng,2009-02-28,1,1,47.53645855372781
hangseng,2009-03-31,1,1,44.75506082863365
hangseng,2009-04-30,0,1,30.74867427571988
hangseng,2009-05-31,0,1,8.409536531912032
hangseng,2009-06-30,0,1,9.096703296588338
hangseng,2009-07-31,0,1,2.1945400364035805
hangseng,2009-08-31,0,1,4.035754171051309
hangseng,2009-09-30,0,1,6.4802587234574105
hangseng,2009-10-31,0,0,5.992764766173586
hangseng,2009-11-30,0,0,5.2945834780331325
hangseng,2009-12-31,0,0,5.180415977313757
hangseng,2010-01-31,0,0,15.294379040966
hangseng,2010-02-28,0,0,12.43704914421393
hangseng,2010-03-31,0,0,10.231520501867308
hangseng,2010-04-30,0,0,11.667268576093548
hangseng,2010-05-31,0,0,18.0882957890951
hangseng,2010-06-30,0,0,10.68150402280299
hangseng,2010-07-31,0,0,6.491524044617059
hangseng,2010-08-31,0,0,-0.007989147698062027
hangseng,2010-09-30,0,0,-23.972423095658257
hangseng,2010-10-31,0,0,-15.072050919703273
hangseng,2010-11-30,0,0,-24.606166268232066
hangseng,2010-12-31,0,0,-22.281632396118844
hangseng,2011-01-31,0,0,-13.968842177872887
hangseng,2011-02-28,0,0,-7.368990006468401
hangseng,2011-03-31,0,1,-13.503833916477781
hangseng,2011-04-30,0,1,-11.735410531320234
hangseng,2011-05-31,0,1,-24.005784565242294
hangseng,2011-06-30,0,1,-14.156816908023018
hangseng,2011-07-31,0,1,-12.533538017841295
hangseng,2011-08-31,0,1,-5.26031880202531
hangseng,2011-09-30,0,1,16.942492420929156
hangseng,2011-10-31,1,1,8.567476658249262
hangseng,2011-11-30,0,1,20.26429977480806
hangseng,2011-12-31,0,1,20.62473447730806
hangseng,2012-01-31,0,1,15.165160728829719
hangseng,2012-02-29,0,1,5.9981241588753065
hangseng,2012-03-31,0,0,8.143768420655029
hangseng,2012-04-30,0,0,7.499534331567581
hangseng,2012-05-31,0,1,18.396351035002034
hangseng,2012-06-30,0,1,6.770315489660739
hangseng,2012-07-31,0,1,10.021940552193165
hangseng,2012-08-31,0,1,10.923656347799415
hangseng,2012-09-30,0,1,9.24900146528973
hangseng,2012-10-31,0,0,6.979920452533328
hangseng,2012-11-30,0,0,8.067237574964992
hangseng,2012-12-31,0,1,2.826227813269888
hangseng,2013-01-31,0,0,-7.40690793158727
hangseng,2013-02-28,0,0,-0.7994794637582459
hangseng,2013-03-31,0,0,-0.668474937279484
hangseng,2013-04-30,0,0,-2.688041877398817
hangseng,2013-05-31,0,0,3.032704190154334
hangseng,2013-06-30,0,0,10.864112675900017
hangseng,2013-07-31,0,0,12.336195586397736
hangseng,2013-08-31,0,0,12.974785235187447
hangseng,2013-09-30,0,0,0.3193562842808362
hangseng,2013-10-31,0,0,3.3546243616958904
hangseng,2013-11-30,0,0,0.4435476434366592
hangseng,2013-12-31,0,0,1.273261012094551
hangseng,2014-01-31,0,0,10.630970798544226
hangseng,2014-02-28,0,0,8.340197046032571
hangseng,2014-03-31,0,0,11.701819533827518
hangseng,2014-04-30,0,0,23.982970029478246
hangseng,2014-05-31,0,0,17.238750421194027
hangseng,2014-06-30,0,0,12.391487613827401
hangseng,2014-07-31,0,0,-0.4882077918503924
hangseng,2014-08-31,0,0,-13.254906765875418
hangseng,2014-09-30,0,0,-9.539955767537833
hangseng,2014-10-31,0,0,-5.825303782678581
hangseng,2014-11-30,0,0,-8.665103505120797
hangseng,2014-12-31,0,0,-7.431623602381521
hangseng,2015-01-31,0,0,-21.91999872966477
hangseng,2015-02-28,0,0,-26.14695565711571
hangseng,2015-03-31,0,0,-18.10714419902748
hangseng,2015-04-30,0,0,-28.92330189167165
hangseng,2015-05-31,0,0,-27.574725375210463
hangseng,2015-06-30,0,0,-23.298486944395158
hangseng,2015-07-31,0,0,-11.812766872581015
hangseng,2015-08-31,0,0,5.853294646147056
hangseng,2015-09-30,0,0,11.11545403203813
hangseng,2015-10-31,0,0,1.2924051579924267
hangseng,2015-11-30,0,0,3.543202120019373
hangseng,2015-12-31,0,0,0.39239596239895036
hangseng,2016-01-31,0,0,17.129764187391494
hangseng,2016-02-29,0,0,21.687942719727538
hangseng,2016-03-31,0,0,14.886050236485104
hangseng,2016-04-30,0,0,15.565108383554893
hangseng,2016-05-31,0,0,20.92805084082876
hangseng,2016-06-30,0,0,21.43184478313227
hangseng,2016-07-31,0,0,22.167262349295314
hangseng,2016-08-31,0,0,19.66547304956432
hangseng,2016-09-30,0,0,16.782757936689308
hangseng,2016-10-31,0,0,20.82915055425687
hangseng,2016-11-30,0,0,24.70809794630071
hangseng,2016-12-31,0,0,30.743082423071044
hangseng,2017-01-31,0,0,34.20271208351302
hangseng,2017-02-28,0,0,26.177344952705006
hangseng,2017-03-31,0,0,22.161261129016196
hangseng,2017-04-30,0,0,22.442764820210925
hangseng,2017-05-31,0,0,17.173664488581686
hangseng,2017-06-30,0,0,11.67459945880367
hangseng,2017-07-31,0,0,4.504739769226873
hangseng,2017-08-31,0,0,-0.29270225247781667
hangseng,2017-09-30,0,0,0.846433727299889
hangseng,2017-10-31,0,0,-12.28724630317295
hangseng,2017-11-30,0,0,-9.599329241711096
hangseng,2017-12-31,0,0,-14.635454407161852
hangseng,2018-01-31,0,0,-16.29378597431348
hangseng,2018-02-28,0,0,-7.439943343991828
hangseng,2018-03-31,0,0,-3.5239966044787963
hangseng,2018-04-30,0,0,-3.6671919658031626
hangseng,2018-05-31,0,0,-12.45285498054276
hangseng,2018-06-30,0,0,-1.4348299376012008
hangseng,2018-07-31,0,0,-2.857713663527761
hangseng,2018-08-31,0,0,-8.076343408062492
hangseng,2018-09-30,0,0,-6.298388498603913
hangseng,2018-10-31,0,0,7.431302286808261
hangseng,2018-11-30,0,0,-0.6064349359139243
hangseng,2018-12-31,0,0,8.681422409742723
hangseng,2019-01-31,0,0,-6.009869409886548
hangseng,2019-02-28,0,0,-9.148478567348128
hangseng,2019-03-31,0,0,-20.76710978760037
hangseng,2019-04-30,0,0,-18.660023822134164
hangseng,2019-05-31,0,0,-15.834917601055842
hangseng,2019-06-30,0,0,-15.570154495504696
hangseng,2019-07-31,0,0,-12.167795572688256
hangseng,2019-08-31,0,0,-2.1519907950279915
hangseng,2019-09-30,0,0,-10.638270266514027
hangseng,2019-10-31,0,0,-10.985642198094503
hangseng,2019-11-30,0,0,-0.018979660903895024
hangseng,2019-12-31,0,0,-3.459760096305331
hangseng,2020-01-31,0,0,7.223696898092058
hangseng,2020-02-29,0,0,10.353182693641472
hangseng,2020-03-31,0,0,18.423233809471462
hangseng,2020-04-30,0,1,15.32468563339009
hangseng,2020-05-31,0,1,23.869906284654796
hangseng,2020-06-30,0,1,16.56485417826019
hangseng,2020-07-31,0,1,5.403915559156225
hangseng,2020-08-31,0,1,2.749855534291612
hangseng,2020-09-30,0,1,4.649935260269444
hangseng,2020-10-31,0,1,5.133304487673662
hangseng,2020-11-30,0,1,-11.519818090883582
hangseng,2020-12-31,0,0,-15.172439431320583
hangseng,2021-01-31,0,0,-17.250552938341812
hangseng,2021-02-28,0,0,-24.367490788881874
hangseng,2021-03-31,0,0,-25.4727273211536
hangseng,2021-04-30,0,0,-30.89935760502076
hangseng,2021-05-31,0,0,-30.84157734698163
hangseng,2021-06-30,0,0,-27.66965423074783
hangseng,2021-07-31,0,0,-25.306923888030575
hangseng,2021-08-31,0,0,-25.998225107747608
hangseng,2021-09-30,0,0,-35.55199000331104
hangseng,2021-10-31,0,0,-54.688863996022796
hangseng,2021-11-30,0,0,-23.293442055848068
hangseng,2021-12-31,0,0,-16.789382573920797
hangseng,2022-01-31,0,0,-8.59306905609234
hangseng,2022-02-28,0,1,-13.796675089426458
hangseng,2022-03-31,0,1,-7.53589811750075
hangseng,2022-04-30,0,1,-5.832325416523965
hangseng,2022-05-31,1,1,-16.07981489423569
hangseng,2022-06-30,1,1,-14.461799314601897
hangseng,2022-07-31,1,1,-0.3855824160623911
hangseng,2022-08-31,1,1,-8.207398183140313
hangseng,2022-09-30,1,1,3.3505181674973628
hangseng,2022-10-31,1,1,15.284397066652389
hangseng,2022-11-30,1,1,-8.728009847426321
hangseng,2022-12-31,1,1,-14.874546618285223
hangseng,2023-01-31,1,1,-34.397347964533154
hangseng,2023-02-28,1,1,-18.091811593529528
hangseng,2023-03-31,1,1,-20.9672728689128
hangseng,2023-04-30,1,1,-11.332755434579411
hangseng,2023-05-31,1,1,-0.8518015482872343
hangseng,2023-06-30,0,1,-6.54153756932967
hangseng,2023-07-31,0,0,-14.639028111588104
hangseng,2023-08-31,0,1,-2.1610850132210757
hangseng,2023-09-30,1,1,17.11269461451721
hangseng,2023-10-31,1,1,17.166617101442938
hangseng,2023-11-30,1,1,13.075673261578835
hangseng,2023-12-31,0,0,16.272810156715956
hangseng,2024-01-31,0,0,26.704851674154284
hangseng,2024-02-29,0,0,32.888622420549396
hangseng,2024-03-31,0,0,33.48123472620976
hangseng,2024-04-30,0,0,21.933621913134438
hangseng,2024-05-31,0,0,25.32294388719958
hangseng,2024-06-30,0,0,30.64454774339449
hangseng,2024-07-31,0,0,35.64864782043777
hangseng,2024-08-31,0,0,33.22114120499133
hangseng,2024-09-30,0,0,23.960493459199128
hangseng,2024-10-31,0,0,24.302548729975015
hangseng,2024-11-30,0,0,28.616516891376165
hangseng,2024-12-31,0,0,24.505932157377686
hangseng,2025-01-31,0,0,30.314757108527957
hangseng,2025-02-28,0,0,14.911897721852085
hangseng,2025-03-31,1,1,6.968545726334874
hangseng,2025-04-30,1,1,15.300885004043785
hangseng,2025-05-31,1,1,7.110801252758314
twse,2007-08-31,0,0,-24.27646712447107
twse,2007-09-30,0,0,-49.8137271354512
twse,2007-10-31,0,1,-69.00678782480423
twse,2007-11-30,1,1,-65.49208582455694
twse,2007-12-31,1,1,-61.66587817145626
twse,2008-01-31,1,1,-57.12752080254031
twse,2008-02-29,1,1,-61.30520142798659
twse,2008-03-31,1,1,-49.782876551885735
twse,2008-04-30,1,1,-39.77666762081693
twse,2008-05-31,1,1,-22.384338508904733
twse,2008-06-30,1,1,-15.672636831650166
twse,2008-07-31,1,1,0.7608962021487642
twse,2008-08-31,1,1,-3.1744191699674573
twse,2008-09-30,1,1,27.228193193106698
twse,2008-10-31,1,1,41.01202902047767
twse,2008-11-30,1,1,53.05459917063349
twse,2008-12-31,1,1,57.85372359074774
twse,2009-01-31,1,1,58.701402452160245
twse,2009-02-28,1,1,48.96491351215673
twse,2009-03-31,1,1,41.86576538109161
twse,2009-04-30,0,1,28.94522586347552
twse,2009-05-31,0,1,6.782262073453182
twse,2009-06-30,0,1,13.05791824488427
twse,2009-07-31,0,0,9.211305808002557
twse,2009-08-31,0,0,10.955644135615294
twse,2009-09-30,0,0,9.260568468872066
twse,2009-10-31,0,0,12.13488695039171
twse,2009-11-30,0,0,9.914533861427444
twse,2009-12-31,0,0,9.148127921278082
twse,2010-01-31,0,0,17.979033489791973
twse,2010-02-28,0,0,14.537495974726156
twse,2010-03-31,0,0,9.200290375574127
twse,2010-04-30,0,0,11.81261459721128
twse,2010-05-31,0,0,19.802627781549198
twse,2010-06-30,0,0,16.596906935672173
twse,2010-07-31,0,0,10.78226856869744
twse,2010-08-31,0,0,1.6289343296286063
twse,2010-09-30,0,0,-13.11308467136083
twse,2010-10-31,0,0,-8.81714756286911
twse,2010-11-30,0,0,-19.283165584850437
twse,2010-12-31,0,0,-23.80096120726467
twse,2011-01-31,0,0,-19.60677558514643
twse,2011-02-28,0,0,-5.721405258067236
twse,2011-03-31,0,0,-9.037041074644314
twse,2011-04-30,0,0,-18.296629940097908
twse,2011-05-31,0,0,-20.79040353824464
twse,2011-06-30,0,1,-17.049407045656473
twse,2011-07-31,0,1,-17.30625062670903
twse,2011-08-31,0,1,-4.549474949416243
twse,2011-09-30,0,1,6.5587471692287735
twse,2011-10-31,0,1,-5.717255246700681
twse,2011-11-30,0,1,9.341722378704098
twse,2011-12-31,0,0,8.500066493552971
twse,2012-01-31,0,0,4.333831597325322
twse,2012-02-29,0,0,-2.7900512194552363
twse,2012-03-31,0,0,-0.18156147132337708
twse,2012-04-30,0,0,7.594861315449997
twse,2012-05-31,0,0,12.271478309306971
twse,2012-06-30,0,0,9.98230620258198
twse,2012-07-31,0,0,10.902009630455822
twse,2012-08-31,0,0,8.10913739449628
twse,2012-09-30,0,0,5.775520763096154
twse,2012-10-31,0,0,16.481874902581772
twse,2012-11-30,0,0,10.350873870126875
twse,2012-12-31,0,0,11.194417818859037
twse,2013-01-31,0,0,7.513673645044605
twse,2013-02-28,0,0,8.9747015679297
twse,2013-03-31,0,0,11.112062436458814
twse,2013-04-30,0,0,8.26976022276984
twse,2013-05-31,0,0,9.48290657688684
twse,2013-06-30,0,0,15.278470186850335
twse,2013-07-31,0,0,13.887351692739713
twse,2013-08-31,0,0,16.238689007430374
twse,2013-09-30,0,0,9.259977198323277
twse,2013-10-31,0,0,6.024284407902947
twse,2013-11-30,0,0,8.876152302753404
twse,2013-12-31,0,0,7.7695199995167386
twse,2014-01-31,0,0,10.099664515628604
twse,2014-02-28,0,0,10.77085831636424
twse,2014-03-31,0,0,8.001345454421127
twse,2014-04-30,0,0,11.064760425049158
twse,2014-05-31,0,0,6.661254925940341
twse,2014-06-30,0,0,-0.7485689936968853
twse,2014-07-31,0,0,-7.238617894186206
twse,2014-08-31,0,0,-14.348995309797274
twse,2014-09-30,0,0,-9.16985060897666
twse,2014-10-31,0,0,-4.798107814609054
twse,2014-11-30,0,0,-9.907044067188941
twse,2014-12-31,0,0,-10.996448192231867
twse,2015-01-31,0,0,-14.718337430511674
twse,2015-02-28,0,0,-13.450176515317125
twse,2015-03-31,0,0,-9.18855099723661
twse,2015-04-30,0,0,-15.882755034172824
twse,2015-05-31,0,0,-12.799033112468194
twse,2015-06-30,0,0,-7.301016410992567
twse,2015-07-31,0,0,3.6161957104322795
twse,2015-08-31,0,0,10.377683795639037
twse,2015-09-30,0,0,11.375227460607285
twse,2015-10-31,0,0,8.251875629312977
twse,2015-11-30,0,0,10.488633343364917
twse,2015-12-31,0,0,10.417539770054951
twse,2016-01-31,0,0,15.63355974448477
twse,2016-02-29,0,0,14.775859665462576
twse,2016-03-31,0,0,11.509691032481228
twse,2016-04-30,0,0,16.410770544965025
twse,2016-05-31,0,0,16.240753843545086
twse,2016-06-30,0,0,18.185979335097713
twse,2016-07-31,0,0,14.89417722279125
twse,2016-08-31,0,0,15.466845684023589
twse,2016-09-30,0,0,11.945508036786201
twse,2016-10-31,0,0,15.002260213459628
twse,2016-11-30,0,0,13.349785167216233
twse,2016-12-31,0,0,13.98881582246041
twse,2017-01-31,0,0,16.148941110842863
twse,2017-02-28,0,0,10.366273149428729
twse,2017-03-31,0,0,10.57767826028062
twse,2017-04-30,0,0,7.659773896217281
twse,2017-05-31,0,0,7.981409760822622
twse,2017-06-30,0,0,4.162622908690139
twse,2017-07-31,0,0,5.867956252392403
twse,2017-08-31,0,0,4.417959330564969
twse,2017-09-30,0,0,6.342493981891195
twse,2017-10-31,0,0,-9.63721800740398
twse,2017-11-30,0,0,-6.579002242045995
twse,2017-12-31,0,0,-8.994158804289931
twse,2018-01-31,0,0,-11.149847328340456
twse,2018-02-28,0,0,-4.021358144261455
twse,2018-03-31,0,0,-2.4615016442222526
twse,2018-04-30,0,0,2.8657853960428525
twse,2018-05-31,0,0,-3.523143559237063
twse,2018-06-30,0,0,-0.9837000296554876
twse,2018-07-31,0,0,-2.1361516496053667
twse,2018-08-31,0,0,-4.11358454502615
twse,2018-09-30,0,0,-1.6180972037261654
twse,2018-10-31,0,0,14.738515002440877
twse,2018-11-30,0,0,15.011473216743276
twse,2018-12-31,0,0,20.972056896855484
twse,2019-01-31,0,0,14.613280191356637
twse,2019-02-28,0,0,8.334564836951763
twse,2019-03-31,0,0,-9.17618031145917
twse,2019-04-30,0,0,0.22230723232752325
twse,2019-05-31,0,0,4.139177274692152
twse,2019-06-30,0,0,7.971356431603205
twse,2019-07-31,0,0,15.707817892431564
twse,2019-08-31,0,0,17.046266296583212
twse,2019-09-30,0,0,14.46862091286345
twse,2019-10-31,0,0,9.944413005653985
twse,2019-11-30,0,0,17.7625521384547
twse,2019-12-31,0,0,20.53897338573414
twse,2020-01-31,0,0,27.530776492982945
twse,2020-02-29,0,0,34.558747486132546
twse,2020-03-31,0,0,52.62213345598585
twse,2020-04-30,0,1,46.88223563157177
twse,2020-05-31,0,1,44.46073076743744
twse,2020-06-30,0,1,42.38586485922298
twse,2020-07-31,0,1,30.883551998053704
twse,2020-08-31,0,1,32.8627788488669
twse,2020-09-30,0,1,30.23921838613326
twse,2020-10-31,0,0,30.30435135234537
twse,2020-11-30,0,0,23.899910787201506
twse,2020-12-31,0,0,21.239822232572436
twse,2021-01-31,0,0,15.488869849605535
twse,2021-02-28,0,0,10.116223767005117
twse,2021-03-31,0,0,7.4017926081277
twse,2021-04-30,0,0,-5.707131507129581
twse,2021-05-31,0,0,-1.5389288443854454
twse,2021-06-30,0,0,-18.032891061944767
twse,2021-07-31,0,0,-13.960710774506246
twse,2021-08-31,0,0,-14.725307627180051
twse,2021-09-30,0,0,-23.228151634845595
twse,2021-10-31,0,0,-27.13960077080735
twse,2021-11-30,0,0,-15.807654988276632
twse,2021-12-31,0,0,-25.361190374886355
twse,2022-01-31,0,0,-14.65415462932036
twse,2022-02-28,0,1,-12.977475811233141
twse,2022-03-31,0,1,-10.888742793417983
twse,2022-04-30,1,1,-6.299609377614601
twse,2022-05-31,1,1,-1.3706773488928903
twse,2022-06-30,1,1,13.186845419268423
twse,2022-07-31,1,1,13.367675898103393
twse,2022-08-31,1,1,9.708669905713307
twse,2022-09-30,1,1,19.736927088490397
twse,2022-10-31,1,1,21.159158185530558
twse,2022-11-30,1,1,15.842592238283792
twse,2022-12-31,0,1,23.767618159993553
twse,2023-01-31,0,1,15.864159227935737
twse,2023-02-28,0,1,20.160396320513385
twse,2023-03-31,0,1,24.60391543958682
twse,2023-04-30,0,1,26.943281372185446
twse,2023-05-31,0,0,24.464995906369325
twse,2023-06-30,0,0,30.866273708611303
twse,2023-07-31,0,0,25.83313440018138
twse,2023-08-31,0,0,29.16752659898947
twse,2023-09-30,0,0,30.67404098960509
twse,2023-10-31,0,1,35.49881088873974
twse,2023-11-30,0,0,24.44899523470152
twse,2023-12-31,0,0,25.049862986148064
twse,2024-01-31,0,0,27.386378718711768
twse,2024-02-29,0,0,19.51152314360378
twse,2024-03-31,0,0,1.958822073810751
twse,2024-04-30,0,0,-0.7952974983087557
twse,2024-05-31,0,0,0.8140867399394125
twse,2024-06-30,0,0,-3.4282894961279453
twse,2024-07-31,0,0,5.874513644431545
twse,2024-08-31,0,0,8.456474612431997
twse,2024-09-30,0,0,14.997322132178859
twse,2024-10-31,0,0,21.28477157903088
twse,2024-11-30,0,0,21.587110141511445
twse,2024-12-31,0,0,22.902073305672843
twse,2025-01-31,0,0,30.96449882966894
twse,2025-02-28,0,0,42.93173025660675
twse,2025-03-31,0,0,42.710603011249226
twse,2025-04-30,0,1,65.42633379884836
twse,2025-05-31,0,1,71.49673087542148
smi,2000-12-31,2,0,-23.714954829701895
smi,2001-01-31,2,0,-25.604354659129314
smi,2001-02-28,0,0,-19.25584125604587
smi,2001-03-31,0,0,-7.420021291416212
smi,2001-04-30,0,0,-11.09687805137014
smi,2001-05-31,0,0,-13.000420234342691
smi,2001-06-30,0,0,-19.127842515895743
smi,2001-07-31,0,0,-27.58305391313378
smi,2001-08-31,0,0,-22.989252983885855
smi,2001-09-30,0,0,-22.905540752705633
smi,2001-10-31,0,0,-20.596339453799928
smi,2001-11-30,0,0,-19.783325899067705
smi,2001-12-31,0,0,-32.634575224069984
smi,2002-01-31,0,0,-34.38422180698808
smi,2002-02-28,0,0,-42.62210775582318
smi,2002-03-31,0,0,-48.79299130810484
smi,2002-04-30,0,0,-36.71031053163922
smi,2002-05-31,0,0,-35.05145324714096
smi,2002-06-30,0,0,-21.690437238778948
smi,2002-07-31,0,0,-2.2889746565633473
smi,2002-08-31,0,0,-2.0532422406969175
smi,2002-09-30,0,0,5.303232081459264
smi,2002-10-31,0,0,5.1642753340708225
smi,2002-11-30,0,0,3.833722953894636
smi,2002-12-31,0,0,16.979781384792147
smi,2003-01-31,0,0,26.012667179715443
smi,2003-02-28,0,0,33.49074482882237
smi,2003-03-31,0,0,31.861391967922792
smi,2003-04-30,0,0,23.991274606209423
smi,2003-05-31,0,0,19.486463193430303
smi,2003-06-30,0,0,15.470546635718563
smi,2003-07-31,0,0,8.815923139032478
smi,2003-08-31,0,0,5.643500203873231
smi,2003-09-30,0,0,8.031869365724909
smi,2003-10-31,0,0,2.8749569191143465
smi,2003-11-30,0,0,2.354758959035941
smi,2003-12-31,0,0,3.674510350009186
smi,2004-01-31,0,0,0.6082849634807985
smi,2004-02-29,0,0,2.2661379753147415
smi,2004-03-31,0,0,5.389111451561668
smi,2004-04-30,0,0,1.6556539491984879
smi,2004-05-31,0,0,8.51436783826518
smi,2004-06-30,0,0,10.690583028619294
smi,2004-07-31,0,0,17.391265741985684
smi,2004-08-31,0,0,18.403541038199656
smi,2004-09-30,0,0,23.294298527925505
smi,2004-10-31,0,0,27.15270287108904
smi,2004-11-30,0,0,30.794214278297005
smi,2004-12-31,0,0,28.67550518143851
smi,2005-01-31,0,0,30.260551310180972
smi,2005-02-28,0,0,28.56822436617712
smi,2005-03-31,0,0,30.237612977715678
smi,2005-04-30,0,0,31.534572968634755
smi,2005-05-31,0,0,21.59891068037112
smi,2005-06-30,0,0,20.190277633524012
smi,2005-07-31,0,0,18.493393664765456
smi,2005-08-31,0,0,22.57792150469271
smi,2005-09-30,0,0,19.994837736964044
smi,2005-10-31,0,0,19.71076361110029
smi,2005-11-30,0,0,13.575970905476886
smi,2005-12-31,0,0,14.709785563530886
smi,2006-01-31,0,0,15.660391233108584
smi,2006-02-28,0,0,10.765497964297488
smi,2006-03-31,0,0,11.231596654870657
smi,2006-04-30,0,0,15.837917678959634
smi,2006-05-31,0,0,21.73723590476797
smi,2006-06-30,0,0,18.52446112477164
smi,2006-07-31,0,0,11.22245363812766
smi,2006-08-31,0,0,8.374638079543928
smi,2006-09-30,0,0,5.84979135721877
smi,2006-10-31,0,0,5.116719493103794
smi,2006-11-30,2,0,3.9721132470138087
smi,2006-12-31,2,0,-3.4884452539561295
smi,2007-01-31,0,0,-17.475534139030557
smi,2007-02-28,0,0,-15.416778058458291
smi,2007-03-31,0,0,-21.72154343184296
smi,2007-04-30,0,0,-22.495355309440157
smi,2007-05-31,0,0,-22.969084601794343
smi,2007-06-30,0,0,-28.025940669489557
smi,2007-07-31,0,0,-21.848223729606175
smi,2007-08-31,0,0,-20.45232711770044
smi,2007-09-30,0,0,-29.445631206213108
smi,2007-10-31,0,0,-38.24260533642878
smi,2007-11-30,0,0,-41.72579266046643
smi,2007-12-31,0,0,-42.72343598768202
smi,2008-01-31,0,1,-37.154109182570494
smi,2008-02-29,1,1,-47.38374103153156
smi,2008-03-31,1,1,-38.263272682507754
smi,2008-04-30,1,1,-36.51313869112638
smi,2008-05-31,1,1,-33.93605219163138
smi,2008-06-30,1,1,-25.283142889046673
smi,2008-07-31,1,1,-18.2375054936589
smi,2008-08-31,1,1,-15.214039461661066
smi,2008-09-30,1,1,-5.112966935856456
smi,2008-10-31,1,1,2.1312829756643836
smi,2008-11-30,1,1,7.361604659606691
smi,2008-12-31,1,1,16.783384144615354
smi,2009-01-31,1,1,19.68127077656554
smi,2009-02-28,1,1,35.81711032656205
smi,2009-03-31,1,1,33.28369519515029
smi,2009-04-30,1,1,23.59840214775666
smi,2009-05-31,0,1,16.549964612352674
smi,2009-06-30,0,1,12.574432467880392
smi,2009-07-31,0,1,4.116788656786774
smi,2009-08-31,0,1,-0.5844499698884675
smi,2009-09-30,0,1,-0.4255337589585295
smi,2009-10-31,0,0,2.9233993530793256
smi,2009-11-30,0,0,0.8188771296032016
smi,2009-12-31,0,0,-1.6927000779517698
smi,2010-01-31,0,0,0.594894538207491
smi,2010-02-28,0,0,-1.5096307414403043
smi,2010-03-31,0,0,-7.801148929398316
smi,2010-04-30,0,0,-1.1723542711278512
smi,2010-05-31,0,0,3.7636217709955844
smi,2010-06-30,0,0,0.9583369044740664
smi,2010-07-31,0,0,-6.969193949108643
smi,2010-08-31,0,0,-11.154214402091256
smi,2010-09-30,0,0,-12.946448059060067
smi,2010-10-31,0,0,-12.158356374338553
smi,2010-11-30,0,0,-11.045641175192422
smi,2010-12-31,0,0,-8.083920176555992
smi,2011-01-31,0,0,-8.176027350451065
smi,2011-02-28,0,0,-7.873486333458679
smi,2011-03-31,0,1,-1.9382717777697067
smi,2011-04-30,0,1,-7.020275724590874
smi,2011-05-31,0,1,-11.375931885326374
smi,2011-06-30,0,1,-1.9620451615972812
smi,2011-07-31,0,1,10.120080796136577
smi,2011-08-31,0,1,14.45026069525106
smi,2011-09-30,0,1,16.066565595186155
smi,2011-10-31,0,1,14.039433004464463
smi,2011-11-30,0,1,18.78831373170886
smi,2011-12-31,0,1,13.914292208810508
smi,2012-01-31,0,1,21.341504282468904
smi,2012-02-29,0,1,21.73996499585673
smi,2012-03-31,0,0,22.561441934024096
smi,2012-04-30,0,0,25.99599562086219
smi,2012-05-31,0,0,30.637117741460074
smi,2012-06-30,0,1,23.617415675242803
smi,2012-07-31,0,1,20.055563832282886
smi,2012-08-31,0,1,19.274997675766237
smi,2012-09-30,0,1,21.10944592971169
smi,2012-10-31,0,0,22.197566718248396
smi,2012-11-30,0,0,19.19854976702382
smi,2012-12-31,0,0,18.428038948601255
smi,2013-01-31,0,0,10.283220421199246
smi,2013-02-28,0,0,10.98446045617436
smi,2013-03-31,0,0,7.874369333611675
smi,2013-04-30,0,0,6.966800104018489
smi,2013-05-31,0,0,8.759421105090048
smi,2013-06-30,0,0,10.744443617920574
smi,2013-07-31,0,0,7.271395963648075
smi,2013-08-31,0,0,11.142301042326963
smi,2013-09-30,0,0,9.647434088231854
smi,2013-10-31,0,0,7.072859753707128
smi,2013-11-30,0,0,10.187119046557847
smi,2013-12-31,0,0,9.087754332704101
smi,2014-01-31,0,0,2.338359767477094
smi,2014-02-28,0,0,6.167815051968084
smi,2014-03-31,0,0,7.683557292032184
smi,2014-04-30,0,0,6.844045186835146
smi,2014-05-31,0,0,6.291274493306709
smi,2014-06-30,0,0,2.612032128247499
smi,2014-07-31,0,0,11.424848564940504
smi,2014-08-31,0,0,1.8942948249385694
smi,2014-09-30,0,0,-3.7094326190770133
smi,2014-10-31,0,0,1.134886994330131
smi,2014-11-30,0,0,-1.7346573784619679
smi,2014-12-31,0,0,-1.8569827795746008
smi,2015-01-31,0,0,-0.7820518667738696
smi,2015-02-28,0,0,-13.913602782937495
smi,2015-03-31,0,0,-15.6319241700416
smi,2015-04-30,0,0,-13.122118425230234
smi,2015-05-31,0,0,-11.716810220787544
smi,2015-06-30,0,0,-9.062295194844516
smi,2015-07-31,0,0,-14.848552319367236
smi,2015-08-31,0,0,-7.3144832177673536
smi,2015-09-30,0,0,-4.497406353091193
smi,2015-10-31,0,0,-13.271074995141952
smi,2015-11-30,0,0,-13.274026922981186
smi,2015-12-31,0,0,-7.025086744592812
smi,2016-01-31,0,0,-0.33855061231857775
smi,2016-02-29,0,0,8.573933160096558
smi,2016-03-31,0,0,10.345171983106205
smi,2016-04-30,0,0,10.165465952543151
smi,2016-05-31,0,0,9.293713856586194
smi,2016-06-30,0,0,10.486798229636385
smi,2016-07-31,0,0,10.81006065082235
smi,2016-08-31,0,0,8.451290609581896
smi,2016-09-30,0,0,11.790032119145799
smi,2016-10-31,0,0,16.610388992927305
smi,2016-11-30,0,0,16.831329147302654
smi,2016-12-31,0,0,13.222470786601548
smi,2017-01-31,0,0,11.855980714584824
smi,2017-02-28,0,0,4.132680662517529
smi,2017-03-31,0,0,0.9434637970393567
smi,2017-04-30,0,0,0.8315787352630721
smi,2017-05-31,0,0,-6.40831085279725
smi,2017-06-30,0,0,-3.3982103430099997
smi,2017-07-31,0,0,1.3092283931284143
smi,2017-08-31,0,0,0.5375659490011842
smi,2017-09-30,0,0,-0.7615055975668028
smi,2017-10-31,0,0,-2.409396417549914
smi,2017-11-30,0,0,-3.0619265281321972
smi,2017-12-31,0,0,-10.706540735857395
smi,2018-01-31,0,0,-4.000942929877915
smi,2018-02-28,0,0,5.276458586843447
smi,2018-03-31,0,0,8.09352895099309
smi,2018-04-30,0,0,9.478364039266651
smi,2018-05-31,0,0,11.882426626679177
smi,2018-06-30,0,0,13.951399560155764
smi,2018-07-31,2,0,7.806990735615926
smi,2018-08-31,0,0,9.781287817838447
smi,2018-09-30,0,0,10.343282567766643
smi,2018-10-31,0,0,12.464521209945545
smi,2018-11-30,0,0,14.931993248495168
smi,2018-12-31,0,0,23.07371705514889
smi,2019-01-31,0,0,16.96764877663135
smi,2019-02-28,0,0,4.601129120105263
smi,2019-03-31,0,0,-1.7661134221414798
smi,2019-04-30,0,0,-1.446891847378673
smi,2019-05-31,0,0,3.177764543510442
smi,2019-06-30,0,0,1.4747856745660926
smi,2019-07-31,0,0,0.8695675429121863
smi,2019-08-31,0,0,2.395468393974909
smi,2019-09-30,0,0,1.072578451465489
smi,2019-10-31,0,0,-6.390530176918396
smi,2019-11-30,0,0,-0.16033204660619305
smi,2019-12-31,0,0,0.8120823988102543
smi,2020-01-31,0,0,-0.3470517415648189
smi,2020-02-29,0,0,6.794544791046597
smi,2020-03-31,0,0,17.08971096959644
smi,2020-04-30,0,1,13.510314906673493
smi,2020-05-31,0,1,15.031409903943604
smi,2020-06-30,0,1,17.301702083753767
smi,2020-07-31,0,1,19.141963771552994
smi,2020-08-31,0,1,20.254207748634023
smi,2020-09-30,0,1,13.35455204228726
smi,2020-10-31,0,1,23.34567240079366
smi,2020-11-30,0,1,14.899847595397908
smi,2020-12-31,0,0,18.47670163456474
smi,2021-01-31,0,0,14.361189250991835
smi,2021-02-28,0,0,13.03152129762708
smi,2021-03-31,0,0,9.608531228221118
smi,2021-04-30,0,0,9.565536431476573
smi,2021-05-31,0,0,1.6081019245953954
smi,2021-06-30,0,0,-10.603412277976965
smi,2021-07-31,0,0,-8.352196727974537
smi,2021-08-31,0,0,-13.39634753201171
smi,2021-09-30,0,0,-12.566950048179137
smi,2021-10-31,0,0,-11.175154676306853
smi,2021-11-30,0,0,-8.868267442960232
smi,2021-12-31,0,0,-18.235104600800334
smi,2022-01-31,0,0,-8.00785505639876
smi,2022-02-28,0,1,-7.700798522848373
smi,2022-03-31,0,1,-9.077057984578119
smi,2022-04-30,0,1,-5.871354856262911
smi,2022-05-31,1,1,-3.447584757361355
smi,2022-06-30,1,1,4.896921638188978
smi,2022-07-31,1,1,1.454834644415115
smi,2022-08-31,1,1,2.465164299988132
smi,2022-09-30,1,1,6.558315605740894
smi,2022-10-31,1,1,-4.11734184202075
smi,2022-11-30,1,1,-2.488055748390927
smi,2022-12-31,1,1,3.7356160625355628
smi,2023-01-31,0,1,0.42087928385381446
smi,2023-02-28,0,1,3.0219947946964254
smi,2023-03-31,0,1,5.467915986539573
smi,2023-04-30,0,1,-1.5528473584804914
smi,2023-05-31,0,1,6.746854915235012
smi,2023-06-30,0,1,6.133539898389806
smi,2023-07-31,0,0,8.539520425839164
smi,2023-08-31,0,1,11.136268619546641
smi,2023-09-30,0,1,10.430948743855062
smi,2023-10-31,0,1,12.65438850455407
smi,2023-11-30,0,1,8.04978519540338
smi,2023-12-31,0,0,4.073888085700084
smi,2024-01-31,0,0,10.571347925261065
smi,2024-02-29,0,0,12.827758815455326
smi,2024-03-31,0,0,7.136131228294218
smi,2024-04-30,0,0,7.327036298686629
smi,2024-05-31,0,0,1.867482724551195
smi,2024-06-30,0,0,-0.6052223324523709
smi,2024-07-31,0,0,-3.9870444652306603
smi,2024-08-31,0,0,-2.0225514599880867
smi,2024-09-30,0,0,-0.48974053807562257
smi,2024-10-31,0,0,3.676048491775319
smi,2024-11-30,0,0,8.703374138900344
smi,2024-12-31,0,0,13.423324862500863
smi,2025-01-31,0,0,4.586119963677504
smi,2025-02-28,0,0,7.478427342164018
smi,2025-03-31,0,1,1.4082640970535465
smi,2025-04-30,0,1,8.076925765755227
smi,2025-05-31,0,1,9.763333194221602
ibex35,2003-08-31,0,0,10.130952448805708
ibex35,2003-09-30,0,0,18.044019674065304
ibex35,2003-10-31,0,0,16.616676196034064
ibex35,2003-11-30,0,0,18.11718659217778
ibex35,2003-12-31,0,0,16.01224245206385
ibex35,2004-01-31,0,0,15.115749752645513
ibex35,2004-02-29,0,0,12.961129156789575
ibex35,2004-03-31,0,0,14.38729117883657
ibex35,2004-04-30,0,0,10.436612917112065
ibex35,2004-05-31,0,0,16.92474539916109
ibex35,2004-06-30,0,0,19.148524801459565
ibex35,2004-07-31,0,0,24.477597578166055
ibex35,2004-08-31,0,0,24.04802252598941
ibex35,2004-09-30,0,0,29.774749930334288
ibex35,2004-10-31,0,0,22.037672390247387
ibex35,2004-11-30,0,0,19.434679423005186
ibex35,2004-12-31,0,0,16.72446880617997
ibex35,2005-01-31,0,0,18.553442252414243
ibex35,2005-02-28,0,0,22.330971240995723
ibex35,2005-03-31,0,0,24.711629112381672
ibex35,2005-04-30,0,0,27.850564440496406
ibex35,2005-05-31,0,0,18.47919128443234
ibex35,2005-06-30,0,0,16.585422201448985
ibex35,2005-07-31,0,0,15.554501863498693
ibex35,2005-08-31,0,0,19.341807085762497
ibex35,2005-09-30,0,1,17.90812696897799
ibex35,2005-10-31,0,1,27.047242374016278
ibex35,2005-11-30,0,0,27.13698012718435
ibex35,2005-12-31,0,0,27.60602150491227
ibex35,2006-01-31,0,0,27.047855981699165
ibex35,2006-02-28,0,0,19.358316270787768
ibex35,2006-03-31,0,0,21.11829689727145
ibex35,2006-04-30,0,0,18.95547500501298
ibex35,2006-05-31,0,0,30.139220368899444
ibex35,2006-06-30,0,0,25.43032996976926
ibex35,2006-07-31,0,0,22.516556525419595
ibex35,2006-08-31,0,0,17.586171820224727
ibex35,2006-09-30,0,0,11.949698186904456
ibex35,2006-10-31,0,0,14.44644750614188
ibex35,2006-11-30,0,0,12.923408402942371
ibex35,2006-12-31,0,0,7.066302542976821
ibex35,2007-01-31,0,0,-9.539955158152225
ibex35,2007-02-28,0,0,-7.867274011328718
ibex35,2007-03-31,0,0,-9.844317769749189
ibex35,2007-04-30,0,0,-4.091732280791227
ibex35,2007-05-31,0,0,-11.963656884823237
ibex35,2007-06-30,0,0,-21.20748714637859
ibex35,2007-07-31,0,0,-21.982363377621716
ibex35,2007-08-31,0,0,-21.25419883702211
ibex35,2007-09-30,0,0,-28.265235262004573
ibex35,2007-10-31,0,0,-55.56903158450943
ibex35,2007-11-30,0,1,-57.022722349347355
ibex35,2007-12-31,0,1,-50.13834587453552
ibex35,2008-01-31,0,1,-44.819757232668245
ibex35,2008-02-29,1,1,-54.707744393044955
ibex35,2008-03-31,1,1,-52.938549299880755
ibex35,2008-04-30,1,1,-42.31074526440377
ibex35,2008-05-31,1,1,-36.68445874482753
ibex35,2008-06-30,1,1,-20.761260640291468
ibex35,2008-07-31,1,1,-9.033074275093433
ibex35,2008-08-31,1,1,-2.966537048013329
ibex35,2008-09-30,1,1,6.7613939426939496
ibex35,2008-10-31,1,1,22.48795680364797
ibex35,2008-11-30,1,1,26.760960220412855
ibex35,2008-12-31,1,1,26.114735162172842
ibex35,2009-01-31,1,1,25.891564147453927
ibex35,2009-02-28,1,1,30.450620958982277
ibex35,2009-03-31,1,1,33.008131891559955
ibex35,2009-04-30,1,1,14.919418022197029
ibex35,2009-05-31,0,1,-0.691021887293175
ibex35,2009-06-30,0,1,-5.506555465266949
ibex35,2009-07-31,0,1,-3.3278822372270866
ibex35,2009-08-31,0,1,-10.943484761382472
ibex35,2009-09-30,0,0,-11.161698951278431
ibex35,2009-10-31,0,0,-5.417080682519604
ibex35,2009-11-30,0,0,-22.83698996673138
ibex35,2009-12-31,0,0,-19.149927007632606
ibex35,2010-01-31,0,0,-1.3027883823314212
ibex35,2010-02-28,0,0,4.883815740259756
ibex35,2010-03-31,0,0,-2.7491739929512704
ibex35,2010-04-30,0,0,3.6193063094328792
ibex35,2010-05-31,0,0,11.270571703220611
ibex35,2010-06-30,0,0,11.187144523350945
ibex35,2010-07-31,0,0,-8.640024872592988
ibex35,2010-08-31,0,0,-15.565372142125078
ibex35,2010-09-30,0,0,-20.722176628490985
ibex35,2010-10-31,0,0,-18.85389778137938
ibex35,2010-11-30,0,0,-9.237402378760784
ibex35,2010-12-31,0,0,-14.055900446233593
ibex35,2011-01-31,0,0,-23.89536201476634
ibex35,2011-02-28,0,0,-24.819246395302308
ibex35,2011-03-31,0,1,-27.819353772763833
ibex35,2011-04-30,0,1,-43.93448822993875
ibex35,2011-05-31,0,1,-54.24717351905972
ibex35,2011-06-30,0,1,-37.753799363440166
ibex35,2011-07-31,0,1,-35.717793290403854
ibex35,2011-08-31,0,1,-16.121216835823127
ibex35,2011-09-30,0,1,-10.320986634042661
ibex35,2011-10-31,0,1,-13.259227529442796
ibex35,2011-11-30,0,1,-6.287425700748983
ibex35,2011-12-31,0,1,-4.767300378138017
ibex35,2012-01-31,0,1,-1.7414486694622866
ibex35,2012-02-29,0,0,-2.822396363644053
ibex35,2012-03-31,0,0,-1.10497860522063
ibex35,2012-04-30,0,0,18.30107128503915
ibex35,2012-05-31,0,0,31.21190983235973
ibex35,2012-06-30,0,0,8.89256391226425
ibex35,2012-07-31,0,1,22.442203027167906
ibex35,2012-08-31,0,0,11.086376749384286
ibex35,2012-09-30,0,0,17.53677637380129
ibex35,2012-10-31,0,0,23.372381715666002
ibex35,2012-11-30,0,0,21.497877565911594
ibex35,2012-12-31,0,0,19.40573914175836
ibex35,2013-01-31,0,0,17.08396831692305
ibex35,2013-02-28,0,0,20.611805639930303
ibex35,2013-03-31,0,0,26.667696556493148
ibex35,2013-04-30,0,0,21.697181229629514
ibex35,2013-05-31,0,0,26.06915154654974
ibex35,2013-06-30,0,0,34.158621781429055
ibex35,2013-07-31,0,0,23.871641102571672
ibex35,2013-08-31,0,0,25.78214741396323
ibex35,2013-09-30,0,0,16.421310352960106
ibex35,2013-10-31,0,0,5.592621681062404
ibex35,2013-11-30,0,0,9.061775870956446
ibex35,2013-12-31,0,0,3.593133610893773
ibex35,2014-01-31,0,0,4.754989450494307
ibex35,2014-02-28,0,0,10.003390229244502
ibex35,2014-03-31,0,0,10.811190079512123
ibex35,2014-04-30,0,0,8.483384550464557
ibex35,2014-05-31,0,0,3.8058114137971444
ibex35,2014-06-30,0,0,-1.4198381011043537
ibex35,2014-07-31,0,0,4.327261957539719
ibex35,2014-08-31,0,0,-4.477637295562076
ibex35,2014-09-30,0,0,-12.43271837954758
ibex35,2014-10-31,0,0,-1.1238905171003566
ibex35,2014-11-30,0,0,-3.628410501203483
ibex35,2014-12-31,0,0,-7.421793828683043
ibex35,2015-01-31,0,0,-16.557746515317007
ibex35,2015-02-28,0,0,-27.845968109753905
ibex35,2015-03-31,0,0,-27.820545877076874
ibex35,2015-04-30,0,0,-23.222055880494352
ibex35,2015-05-31,0,0,-21.64886296273494
ibex35,2015-06-30,0,0,-27.706859230822722
ibex35,2015-07-31,0,0,-26.391530173376054
ibex35,2015-08-31,0,0,-16.29021463196363
ibex35,2015-09-30,0,0,-8.516817342282579
ibex35,2015-10-31,0,0,-12.499743487642512
ibex35,2015-11-30,0,0,-17.85785945174183
ibex35,2015-12-31,0,0,-2.0331762169956136
ibex35,2016-01-31,0,0,5.510294853086073
ibex35,2016-02-29,0,0,12.16032529456168
ibex35,2016-03-31,0,0,18.186207721087477
ibex35,2016-04-30,0,0,17.164415820578327
ibex35,2016-05-31,0,0,18.593197708300657
ibex35,2016-06-30,0,0,24.642704900592882
ibex35,2016-07-31,0,0,20.13120324382136
ibex35,2016-08-31,0,0,16.684317468148535
ibex35,2016-09-30,0,0,16.761726329243487
ibex35,2016-10-31,0,0,14.058950232705847
ibex35,2016-11-30,0,0,16.14997649087524
ibex35,2016-12-31,0,0,7.136464870096937
ibex35,2017-01-31,0,0,11.509801324345936
ibex35,2017-02-28,0,0,2.9369273609169966
ibex35,2017-03-31,0,0,-8.603089923840557
ibex35,2017-04-30,0,0,-7.107609998285014
ibex35,2017-05-31,0,0,-13.927263195997064
ibex35,2017-06-30,0,0,-8.195061319236707
ibex35,2017-07-31,0,0,-6.201398491979049
ibex35,2017-08-31,0,0,-9.148145191652546
ibex35,2017-09-30,0,0,-10.046526259347033
ibex35,2017-10-31,0,0,-16.829017876369434
ibex35,2017-11-30,0,0,-11.769977404324727
ibex35,2017-12-31,0,0,-16.221618007357463
ibex35,2018-01-31,0,0,-14.32406719208057
ibex35,2018-02-28,2,0,-5.8872486252328216
ibex35,2018-03-31,2,0,-3.823047343886188
ibex35,2018-04-30,2,0,-4.194731100905713
ibex35,2018-05-31,2,0,-4.996245262869969
ibex35,2018-06-30,2,0,-4.505189134356691
ibex35,2018-07-31,2,0,-9.557364012631098
ibex35,2018-08-31,0,0,-6.43972969480231
ibex35,2018-09-30,0,0,-1.5520558356367786
ibex35,2018-10-31,0,0,4.011336097223506
ibex35,2018-11-30,0,0,2.9824427639614015
ibex35,2018-12-31,0,0,11.17080579323293
ibex35,2019-01-31,0,0,3.378415644072952
ibex35,2019-02-28,0,0,-6.162752683371409
ibex35,2019-03-31,0,0,-30.880110079088574
ibex35,2019-04-30,0,0,-32.39478024750699
ibex35,2019-05-31,0,0,-23.808945208195098
ibex35,2019-06-30,0,0,-24.064037799076132
ibex35,2019-07-31,0,0,-26.57564932330647
ibex35,2019-08-31,0,0,-23.467311531563517
ibex35,2019-09-30,0,0,-31.945746636150396
ibex35,2019-10-31,0,0,-36.10128456123061
ibex35,2019-11-30,0,0,-14.658210071152844
ibex35,2019-12-31,0,0,-16.784551217609156
ibex35,2020-01-31,0,0,-18.86288759592265
ibex35,2020-02-29,0,0,-5.880786881859201
ibex35,2020-03-31,0,0,23.466068276878538
ibex35,2020-04-30,0,1,24.17067597156848
ibex35,2020-05-31,0,1,25.40319914205753
ibex35,2020-06-30,0,1,19.87252957852874
ibex35,2020-07-31,0,1,23.228537738868837
ibex35,2020-08-31,0,1,23.848967406934385
ibex35,2020-09-30,0,1,26.974906766242412
ibex35,2020-10-31,0,1,33.91940580613504
ibex35,2020-11-30,0,1,2.7861613439368327
ibex35,2020-12-31,0,0,7.629606381806653
ibex35,2021-01-31,0,0,10.458932880715288
ibex35,2021-02-28,0,0,3.0437832113779706
ibex35,2021-03-31,0,0,-1.5847568238621434
ibex35,2021-04-30,0,0,-2.6531488879070864
ibex35,2021-05-31,0,0,-3.3046759994554975
ibex35,2021-06-30,0,0,-8.545435823992165
ibex35,2021-07-31,0,0,-6.1747638550286865
ibex35,2021-08-31,0,0,-11.493143179879795
ibex35,2021-09-30,0,0,-17.734776359218785
ibex35,2021-10-31,0,0,-12.962604158657243
ibex35,2021-11-30,0,0,0.6971415432712291
ibex35,2021-12-31,0,0,-5.723134821966447
ibex35,2022-01-31,0,0,4.774579108486066
ibex35,2022-02-28,1,1,10.251888577588808
ibex35,2022-03-31,1,1,8.914352248333124
ibex35,2022-04-30,1,1,7.372677793514093
ibex35,2022-05-31,1,1,2.2199942312978393
ibex35,2022-06-30,1,1,16.93300867485661
ibex35,2022-07-31,1,1,16.72982999950392
ibex35,2022-08-31,1,1,18.68109710992485
ibex35,2022-09-30,1,1,24.670059234709996
ibex35,2022-10-31,1,1,12.515572812553977
ibex35,2022-11-30,1,1,18.45470893089125
ibex35,2022-12-31,1,1,20.50666791332052
ibex35,2023-01-31,1,1,10.932984415251212
ibex35,2023-02-28,0,1,6.25800504749634
ibex35,2023-03-31,0,1,18.19242948807247
ibex35,2023-04-30,0,1,16.092045881714334
ibex35,2023-05-31,1,1,22.396085711829272
ibex35,2023-06-30,1,0,13.173030023498455
ibex35,2023-07-31,0,0,13.771027532549063
ibex35,2023-08-31,0,1,18.186734288181228
ibex35,2023-09-30,0,1,23.094501385879873
ibex35,2023-10-31,0,1,25.809924871249024
ibex35,2023-11-30,0,1,14.61708614991295
ibex35,2023-12-31,0,0,13.783068634843687
ibex35,2024-01-31,0,0,20.486020782854197
ibex35,2024-02-29,0,0,28.859903755135008
ibex35,2024-03-31,0,0,17.065674277505494
ibex35,2024-04-30,0,0,20.227574260205117
ibex35,2024-05-31,0,0,22.31223672221372
ibex35,2024-06-30,0,0,24.57146525967957
ibex35,2024-07-31,0,0,26.323287804120454
ibex35,2024-08-31,0,0,26.998096016756712
ibex35,2024-09-30,0,0,26.45968196379762
ibex35,2024-10-31,0,0,31.737994348129916
ibex35,2024-11-30,0,0,34.09889993764139
ibex35,2024-12-31,0,0,40.058334137686025
ibex35,2025-01-31,0,0,36.85478366815147
ibex35,2025-02-28,0,0,31.890389721029067
ibex35,2025-03-31,0,1,26.081581473231275
ibex35,2025-04-30,0,1,29.128416514871347
ibex35,2025-05-31,0,1,25.706372201361027
jkse,2000-05-31,2,2,-11.28015708651775
jkse,2000-06-30,2,2,-16.302935841872657
jkse,2000-07-31,2,2,-10.286389605841872
jkse,2000-08-31,2,2,-6.838651934993489
jkse,2000-09-30,2,2,-7.094762965059598
jkse,2000-10-31,2,2,-5.479117115236143
jkse,2000-11-30,2,0,-12.09740718215171
jkse,2000-12-31,2,0,-6.010293022450952
jkse,2001-01-31,2,0,5.93436644864509
jkse,2001-02-28,0,0,5.660410551921569
jkse,2001-03-31,0,0,23.454656883057723
jkse,2001-04-30,0,0,39.9331113280736
jkse,2001-05-31,0,0,26.83508239125869
jkse,2001-06-30,0,0,14.322523927969932
jkse,2001-07-31,0,0,4.316398309726566
jkse,2001-08-31,0,0,1.8475842444161117
jkse,2001-09-30,0,0,6.6120340175574555
jkse,2001-10-31,0,0,-3.9036336313117204
jkse,2001-11-30,0,0,2.6254363118502155
jkse,2001-12-31,0,0,8.060606429381423
jkse,2002-01-31,0,0,-15.073006019539292
jkse,2002-02-28,0,0,-12.692237493372271
jkse,2002-03-31,0,0,-19.101511922160874
jkse,2002-04-30,0,0,-16.93528369182493
jkse,2002-05-31,0,0,-7.026139965335698
jkse,2002-06-30,0,0,0.0969827720802563
jkse,2002-07-31,0,0,9.128091057514798
jkse,2002-08-31,0,0,17.717348746629913
jkse,2002-09-30,0,0,35.44053727120682
jkse,2002-10-31,0,0,52.77090236839985
jkse,2002-11-30,0,0,45.776932878465274
jkse,2002-12-31,0,0,48.74744935500441
jkse,2003-01-31,0,0,66.18284827781116
jkse,2003-02-28,0,0,64.5227151060526
jkse,2003-03-31,0,0,61.43290810098625
jkse,2003-04-30,0,0,55.250094156072116
jkse,2003-05-31,0,0,39.2380104621723
jkse,2003-06-30,0,0,37.07820945658824
jkse,2003-07-31,0,0,39.88888523509129
jkse,2003-08-31,0,0,35.406205265082576
jkse,2003-09-30,0,0,31.64589857303719
jkse,2003-10-31,0,0,31.887366699737374
jkse,2003-11-30,0,0,46.026627956381546
jkse,2003-12-31,0,0,36.85539560332715
jkse,2004-01-31,0,0,32.821350203101574
jkse,2004-02-29,0,0,34.42453502097153
jkse,2004-03-31,0,0,38.40778777030769
jkse,2004-04-30,0,0,27.327821989347267
jkse,2004-05-31,0,0,39.5766509680528
jkse,2004-06-30,0,0,42.68750356557112
jkse,2004-07-31,0,0,44.58771016136902
jkse,2004-08-31,0,0,33.03054859855736
jkse,2004-09-30,0,0,27.457701469731344
jkse,2004-10-31,0,0,21.438014968244268
jkse,2004-11-30,0,0,11.47356427488253
jkse,2004-12-31,0,0,15.045602350048703
jkse,2005-01-31,0,0,16.446634912335334
jkse,2005-02-28,0,0,13.632397076104041
jkse,2005-03-31,0,0,20.27684394342595
jkse,2005-04-30,0,0,35.22667417218148
jkse,2005-05-31,0,0,20.06794151747462
jkse,2005-06-30,0,0,15.47799661112279
jkse,2005-07-31,0,0,13.38628027575286
jkse,2005-08-31,0,0,30.968075571595044
jkse,2005-09-30,0,0,35.199011042339464
jkse,2005-10-31,0,0,39.49620956185598
jkse,2005-11-30,0,0,44.94682534721122
jkse,2005-12-31,0,0,44.01612931723014
jkse,2006-01-31,0,0,35.48551815626632
jkse,2006-02-28,0,0,34.68891287597815
jkse,2006-03-31,0,0,32.493850002748914
jkse,2006-04-30,0,0,31.128091910022793
jkse,2006-05-31,0,0,44.926877625280696
jkse,2006-06-30,0,0,49.024052411019255
jkse,2006-07-31,0,0,55.25251085358569
jkse,2006-08-31,0,0,42.732431716153044
jkse,2006-09-30,0,0,43.00456032775841
jkse,2006-10-31,0,0,51.301332419352704
jkse,2006-11-30,0,0,44.72008214525989
jkse,2006-12-31,0,0,41.92316406998806
jkse,2007-01-31,0,0,40.21833366567131
jkse,2007-02-28,0,0,44.69033789076198
jkse,2007-03-31,0,0,29.016429672810684
jkse,2007-04-30,0,0,14.214004499756783
jkse,2007-05-31,0,0,15.933434406437552
jkse,2007-06-30,0,0,9.356591415369131
jkse,2007-07-31,0,0,-1.8983304807148826
jkse,2007-08-31,0,0,-1.302497424207516
jkse,2007-09-30,0,0,-24.52547822746718
jkse,2007-10-31,0,0,-74.36064748308517
jkse,2007-11-30,0,0,-77.2567551751564
jkse,2007-12-31,0,0,-70.59793909553918
jkse,2008-01-31,0,1,-67.87558450571484
jkse,2008-02-29,0,1,-75.02173312035119
jkse,2008-03-31,1,1,-53.44657494049372
jkse,2008-04-30,1,1,-29.093950629123633
jkse,2008-05-31,1,1,-24.310560661041958
jkse,2008-06-30,1,1,-14.758598926120392
jkse,2008-07-31,1,1,0.8093847340868265
jkse,2008-08-31,1,1,7.7951604948386155
jkse,2008-09-30,1,1,29.017206164498166
jkse,2008-10-31,1,1,63.34269819393023
jkse,2008-11-30,1,1,66.5692440636664
jkse,2008-12-31,1,1,62.583704701195586
jkse,2009-01-31,1,1,67.24729535021953
jkse,2009-02-28,1,1,68.45850632480594
jkse,2009-03-31,1,1,66.09603182457882
jkse,2009-04-30,0,1,54.50522987588356
jkse,2009-05-31,0,1,37.78587016657502
jkse,2009-06-30,0,1,36.2969975481926
jkse,2009-07-31,0,1,27.848202881277828
jkse,2009-08-31,0,1,27.473353090826702
jkse,2009-09-30,0,1,34.98908035797026
jkse,2009-10-31,0,0,42.87788469473392
jkse,2009-11-30,0,0,37.95950613968948
jkse,2009-12-31,0,0,37.934202888323654
jkse,2010-01-31,0,0,26.681287598034498
jkse,2010-02-28,0,0,30.854077488895104
jkse,2010-03-31,0,0,28.10728303421195
jkse,2010-04-30,0,0,25.116693910085353
jkse,2010-05-31,0,0,31.615022317270736
jkse,2010-06-30,0,0,28.86229120409549
jkse,2010-07-31,0,0,29.702803680037704
jkse,2010-08-31,0,0,22.0382008896145
jkse,2010-09-30,0,0,1.3541631910996443
jkse,2010-10-31,0,0,4.189127578948337
jkse,2010-11-30,0,0,5.075933438185487
jkse,2010-12-31,0,0,3.1490181231774272
jkse,2011-01-31,0,0,14.514236682672355
jkse,2011-02-28,0,0,13.833515290763287
jkse,2011-03-31,0,1,11.367702898017384
jkse,2011-04-30,0,1,9.033597192465415
jkse,2011-05-31,0,1,-0.10804017904177954
jkse,2011-06-30,0,1,1.7085190912572656
jkse,2011-07-31,0,1,0.2789045483032382
jkse,2011-08-31,0,1,5.534140502722273
jkse,2011-09-30,0,1,18.319526449317713
jkse,2011-10-31,0,1,13.765323768365256
jkse,2011-11-30,0,1,14.06507923341227
jkse,2011-12-31,0,1,12.17163517489439
jkse,2012-01-31,0,1,12.212553404367732
jkse,2012-02-29,0,1,18.514816173977877
jkse,2012-03-31,0,0,18.133551768491785
jkse,2012-04-30,0,0,18.574262322525925
jkse,2012-05-31,0,1,27.94682941101936
jkse,2012-06-30,0,1,19.74182314324633
jkse,2012-07-31,0,1,10.704944609086375
jkse,2012-08-31,0,1,3.2650100585712494
jkse,2012-09-30,0,1,1.2499530929376945
jkse,2012-10-31,0,0,3.6194366317852555
jkse,2012-11-30,0,0,-0.4618746020659259
jkse,2012-12-31,0,0,-0.989663120353157
jkse,2013-01-31,0,0,-0.7877602158853136
jkse,2013-02-28,0,0,-3.7296732471215677
jkse,2013-03-31,0,0,-3.557995608872666
jkse,2013-04-30,0,0,-3.9284121522964455
jkse,2013-05-31,0,0,-3.5078940485908205
jkse,2013-06-30,0,0,1.2309933156085862
jkse,2013-07-31,0,0,9.873288355065313
jkse,2013-08-31,0,0,20.252792094404448
jkse,2013-09-30,0,0,17.421226459820893
jkse,2013-10-31,0,0,12.075178741737425
jkse,2013-11-30,0,0,19.05428188545386
jkse,2013-12-31,0,0,20.123580609855196
jkse,2014-01-31,0,0,17.984719130197213
jkse,2014-02-28,0,0,16.5228134149233
jkse,2014-03-31,0,0,14.615274890755003
jkse,2014-04-30,0,0,4.963036457836445
jkse,2014-05-31,0,0,6.381222896327543
jkse,2014-06-30,0,0,0.6553332148888202
jkse,2014-07-31,0,0,-5.789985716092794
jkse,2014-08-31,0,0,-13.023244497484221
jkse,2014-09-30,0,0,-19.582103718429877
jkse,2014-10-31,0,0,-13.312135297423566
jkse,2014-11-30,0,0,-14.686717684723227
jkse,2014-12-31,0,0,-12.929216593279058
jkse,2015-01-31,0,0,-13.635831040046753
jkse,2015-02-28,0,0,-13.312283627586474
jkse,2015-03-31,0,0,-13.011399303782412
jkse,2015-04-30,0,0,-4.995335103032161
jkse,2015-05-31,0,0,-8.384006868507399
jkse,2015-06-30,0,0,2.1353932569548206
jkse,2015-07-31,0,0,8.258708450806473
jkse,2015-08-31,0,0,17.760820896537233
jkse,2015-09-30,0,0,23.909895219861887
jkse,2015-10-31,0,0,19.6536112389758
jkse,2015-11-30,0,0,14.67161209419885
jkse,2015-12-31,0,0,14.258985389416168
jkse,2016-01-31,0,0,13.728529412513701
jkse,2016-02-29,0,0,12.142362391305639
jkse,2016-03-31,0,0,13.907011674856662
jkse,2016-04-30,0,0,16.130056108352697
jkse,2016-05-31,0,0,17.921323688509716
jkse,2016-06-30,0,0,15.024397418120472
jkse,2016-07-31,0,0,11.320080776860486
jkse,2016-08-31,0,0,8.506270740994637
jkse,2016-09-30,0,0,9.527616286243656
jkse,2016-10-31,0,0,10.215832704453476
jkse,2016-11-30,0,0,14.496544145558055
jkse,2016-12-31,0,0,18.225873023439476
jkse,2017-01-31,0,0,22.13288810406837
jkse,2017-02-28,0,0,20.271656287167872
jkse,2017-03-31,0,0,10.571644009925052
jkse,2017-04-30,0,0,5.297474737487207
jkse,2017-05-31,0,0,4.188251389893338
jkse,2017-06-30,0,0,-0.5240589168604259
jkse,2017-07-31,0,0,1.621854517862964
jkse,2017-08-31,0,0,2.5989366236728983
jkse,2017-09-30,0,0,1.274693075642297
jkse,2017-10-31,0,0,-2.9423072355390545
jkse,2017-11-30,0,0,1.73194817661102
jkse,2017-12-31,0,0,-2.568329405041503
jkse,2018-01-31,0,0,-1.1060898628231897
jkse,2018-02-28,0,0,-2.3599707441109175
jkse,2018-03-31,0,0,4.4212252706735455
jkse,2018-04-30,0,0,7.405129630927831
jkse,2018-05-31,0,0,3.699851946837285
jkse,2018-06-30,0,0,9.208644781656439
jkse,2018-07-31,0,0,7.370316591685722
jkse,2018-08-31,0,0,5.022712857724798
jkse,2018-09-30,0,0,3.170927498855036
jkse,2018-10-31,0,0,6.580617246561005
jkse,2018-11-30,0,0,-0.7340787650631952
jkse,2018-12-31,0,0,1.6814979764538052
jkse,2019-01-31,0,0,-9.514435802024224
jkse,2019-02-28,0,0,-16.69366521850435
jkse,2019-03-31,0,0,-35.429230511249976
jkse,2019-04-30,0,0,-31.386316486458554
jkse,2019-05-31,0,0,-26.71140145132256
jkse,2019-06-30,0,0,-25.947774674297186
jkse,2019-07-31,0,0,-21.588900089736107
jkse,2019-08-31,0,0,-18.90258535937832
jkse,2019-09-30,0,0,-23.645133449712397
jkse,2019-10-31,0,0,-19.434652045396916
jkse,2019-11-30,0,0,-6.8748092558811535
jkse,2019-12-31,0,0,-5.221088630862347
jkse,2020-01-31,0,0,-1.316629224726995
jkse,2020-02-29,0,0,13.515629416031949
jkse,2020-03-31,0,0,27.66522084996854
jkse,2020-04-30,0,1,23.998217349155304
jkse,2020-05-31,0,1,22.40600121804963
jkse,2020-06-30,0,1,19.900297483851226
jkse,2020-07-31,0,1,16.444076462282275
jkse,2020-08-31,0,1,16.046798944270968
jkse,2020-09-30,0,1,25.537296441912005
jkse,2020-10-31,0,1,25.099799110561527
jkse,2020-11-30,0,1,15.202781060459003
jkse,2020-12-31,0,0,9.599435812122081
jkse,2021-01-31,0,0,12.322747878195628
jkse,2021-02-28,0,0,9.85376326463463
jkse,2021-03-31,0,0,16.67208559092206
jkse,2021-04-30,0,0,18.70602553890013
jkse,2021-05-31,0,0,18.400359675308486
jkse,2021-06-30,0,0,14.38605582290613
jkse,2021-07-31,0,0,13.553819561251856
jkse,2021-08-31,0,0,15.460229260209069
jkse,2021-09-30,0,0,11.324657240763436
jkse,2021-10-31,0,0,7.418084749681775
jkse,2021-11-30,0,0,8.045041508190565
jkse,2021-12-31,0,0,4.00790958314321
jkse,2022-01-31,0,0,3.0913122781756286
jkse,2022-02-28,0,1,-0.6544453972667341
jkse,2022-03-31,0,1,-3.8366085192105714
jkse,2022-04-30,0,1,-4.429234926891645
jkse,2022-05-31,1,1,-7.487174721253176
jkse,2022-06-30,1,1,-3.6796996837416884
jkse,2022-07-31,1,1,-0.2847354472180541
jkse,2022-08-31,1,1,-3.189238253787785
jkse,2022-09-30,1,1,-1.443526955235619
jkse,2022-10-31,1,1,-5.006845550705208
jkse,2022-11-30,1,1,-0.008074779774425167
jkse,2022-12-31,1,1,5.980189845990402
jkse,2023-01-31,1,1,5.2491825065096975
jkse,2023-02-28,0,1,6.681775686378266
jkse,2023-03-31,0,1,6.864238596590866
jkse,2023-04-30,0,1,4.5022858097503615
jkse,2023-05-31,0,1,4.9624218406329135
jkse,2023-06-30,0,1,5.855003861596764
jkse,2023-07-31,0,0,4.574005883846866
jkse,2023-08-31,0,1,9.82015856038867
jkse,2023-09-30,0,1,8.133377186269897
jkse,2023-10-31,0,1,11.485384618246641
jkse,2023-11-30,0,1,0.47234867739192055
jkse,2023-12-31,0,0,-2.68804729512766
jkse,2024-01-31,0,0,-1.3794194312604091
jkse,2024-02-29,0,0,-15.420728853801435
jkse,2024-03-31,0,0,-11.290599758619102
jkse,2024-04-30,0,0,-6.6791783722262466
jkse,2024-05-31,0,0,2.899608861178571
jkse,2024-06-30,0,0,-1.942673621063129
jkse,2024-07-31,0,0,3.101648494454956
jkse,2024-08-31,0,0,2.0613325690238327
jkse,2024-09-30,0,0,6.842531383240669
jkse,2024-10-31,0,0,7.499508997675797
jkse,2024-11-30,0,0,17.898780123631752
jkse,2024-12-31,0,0,19.99448657582832
jkse,2025-01-31,0,0,15.842708037232178
jkse,2025-02-28,0,0,27.25807073347717
jkse,2025-03-31,0,1,7.934070248627734
jkse,2025-04-30,1,1,2.7692650946384845
jkse,2025-05-31,0,1,-15.749114522720475
aex,2002-11-30,1,0,-8.590945842965692
aex,2002-12-31,1,0,4.519374356292971
aex,2003-01-31,1,0,18.05738975110378
aex,2003-02-28,1,0,29.230121324418956
aex,2003-03-31,1,0,31.001276723319116
aex,2003-04-30,1,0,18.894547280683316
aex,2003-05-31,0,0,18.382330263666624
aex,2003-06-30,0,0,16.87096959989134
aex,2003-07-31,0,0,3.837361007638229
aex,2003-08-31,0,0,-1.927943048328995
aex,2003-09-30,0,0,5.442744665397026
aex,2003-10-31,0,0,0.07870736317352467
aex,2003-11-30,0,0,1.4820815349772865
aex,2003-12-31,0,0,3.042246189145459
aex,2004-01-31,0,0,1.9924203734452028
aex,2004-02-29,0,0,4.86579480038829
aex,2004-03-31,0,0,8.669656359847977
aex,2004-04-30,0,0,1.9692950579755397
aex,2004-05-31,0,0,7.837365969485166
aex,2004-06-30,0,0,10.627853944892962
aex,2004-07-31,0,0,18.201330558866324
aex,2004-08-31,0,0,18.709683129078236
aex,2004-09-30,0,0,21.83534025152598
aex,2004-10-31,0,0,17.621075119457075
aex,2004-11-30,0,0,21.684170429187155
aex,2004-12-31,0,0,22.699733320599957
aex,2005-01-31,0,0,22.308802170247066
aex,2005-02-28,0,0,20.31954046510398
aex,2005-03-31,0,0,23.762847210462823
aex,2005-04-30,0,0,29.86782080225039
aex,2005-05-31,0,0,18.868588290355603
aex,2005-06-30,0,0,13.714303612973389
aex,2005-07-31,0,0,13.739613584269783
aex,2005-08-31,0,0,18.550352356788657
aex,2005-09-30,0,0,18.238774077195785
aex,2005-10-31,0,0,21.06238636938338
aex,2005-11-30,0,0,13.155052424447877
aex,2005-12-31,0,0,12.581475503425477
aex,2006-01-31,0,0,10.386994427083529
aex,2006-02-28,0,0,6.639384849542651
aex,2006-03-31,0,0,8.544906330379831
aex,2006-04-30,0,0,12.294886675463967
aex,2006-05-31,0,0,20.458500867443785
aex,2006-06-30,0,0,21.931571792441762
aex,2006-07-31,0,0,16.214775138241677
aex,2006-08-31,0,0,10.844093000440935
aex,2006-09-30,0,0,11.208280920088765
aex,2006-10-31,0,0,11.862069106753204
aex,2006-11-30,0,0,6.073416189266112
aex,2006-12-31,0,0,4.041657946947552
aex,2007-01-31,0,0,-12.44351568146076
aex,2007-02-28,0,0,-9.332726871617059
aex,2007-03-31,0,0,-14.31083943153455
aex,2007-04-30,0,0,-10.991108531216565
aex,2007-05-31,0,0,-10.707066931109743
aex,2007-06-30,0,0,-25.238346897790276
aex,2007-07-31,0,0,-28.903752408883587
aex,2007-08-31,0,0,-23.600494117957993
aex,2007-09-30,0,0,-48.99052679663774
aex,2007-10-31,0,0,-71.61718785875505
aex,2007-11-30,0,0,-69.80450465084998
aex,2007-12-31,1,1,-74.05733538744403
aex,2008-01-31,1,1,-57.39476608764589
aex,2008-02-29,1,1,-70.87430588423346
aex,2008-03-31,1,1,-71.24770795856446
aex,2008-04-30,1,1,-68.06924879929568
aex,2008-05-31,1,1,-62.66564060362416
aex,2008-06-30,1,1,-51.414932687256076
aex,2008-07-31,1,1,-34.529209839192276
aex,2008-08-31,1,1,-33.17889361902226
aex,2008-09-30,1,1,-6.255930459472747
aex,2008-10-31,1,1,12.178870827652233
aex,2008-11-30,1,1,19.16489702063693
aex,2008-12-31,1,1,31.002746786983337
aex,2009-01-31,1,1,27.686346160848707
aex,2009-02-28,1,1,36.84698818241472
aex,2009-03-31,1,1,46.14758276843922
aex,2009-04-30,1,1,36.237807233810315
aex,2009-05-31,0,1,21.194209189942104
aex,2009-06-30,0,1,21.8176547942166
aex,2009-07-31,0,1,15.498274308245819
aex,2009-08-31,0,1,6.595729058209354
aex,2009-09-30,0,0,7.1390319341777975
aex,2009-10-31,0,0,10.914691074299387
aex,2009-11-30,0,0,6.795498812892475
aex,2009-12-31,0,0,6.082633320574171
aex,2010-01-31,0,0,9.547653241733212
aex,2010-02-28,0,0,14.991549118990655
aex,2010-03-31,0,0,6.031353793593386
aex,2010-04-30,0,0,3.9758721474131065
aex,2010-05-31,0,0,8.582573534029336
aex,2010-06-30,0,0,6.961344027486049
aex,2010-07-31,0,0,-0.43039904999551126
aex,2010-08-31,0,0,-7.729480659817067
aex,2010-09-30,0,0,-17.68757926367801
aex,2010-10-31,0,0,-9.229013547338827
aex,2010-11-30,0,0,-8.84980050774855
aex,2010-12-31,0,0,-13.143294627192681
aex,2011-01-31,0,0,-12.465691476780094
aex,2011-02-28,0,0,-12.963407555058915
aex,2011-03-31,0,1,-12.236447377331228
aex,2011-04-30,0,1,-15.486406237841965
aex,2011-05-31,0,1,-18.614067306604465
aex,2011-06-30,0,1,-10.005865551436077
aex,2011-07-31,0,1,-0.8388159386867322
aex,2011-08-31,0,1,11.697480131759264
aex,2011-09-30,0,1,14.27771932542825
aex,2011-10-31,0,1,7.291797913219966
aex,2011-11-30,0,1,11.603147592999719
aex,2011-12-31,0,1,9.237611508750998
aex,2012-01-31,0,1,10.675685959462555
aex,2012-02-29,0,0,4.898840065408905
aex,2012-03-31,0,0,7.325975680044916
aex,2012-04-30,0,0,13.08234641395618
aex,2012-05-31,0,0,22.525792507443665
aex,2012-06-30,0,1,11.44982917397499
aex,2012-07-31,0,1,12.465128900981615
aex,2012-08-31,0,1,9.730150908445179
aex,2012-09-30,0,0,14.850328481208575
aex,2012-10-31,0,0,16.966470521296362
aex,2012-11-30,0,0,16.40554155606022
aex,2012-12-31,0,0,15.9045001771978
aex,2013-01-31,0,0,8.775189429213182
aex,2013-02-28,0,0,15.730466719435832
aex,2013-03-31,0,0,14.69676844934762
aex,2013-04-30,0,0,13.09418127484383
aex,2013-05-31,0,0,11.387986979597997
aex,2013-06-30,0,0,18.14554144813858
aex,2013-07-31,0,0,8.914310973836859
aex,2013-08-31,0,0,12.955236720326635
aex,2013-09-30,0,0,11.625264905998911
aex,2013-10-31,0,0,4.831374657587428
aex,2013-11-30,0,0,7.130851361469848
aex,2013-12-31,0,0,5.491174941752508
aex,2014-01-31,0,0,15.207686984328195
aex,2014-02-28,0,0,19.41323619779336
aex,2014-03-31,0,0,19.374309462133965
aex,2014-04-30,0,0,19.716942187955677
aex,2014-05-31,0,0,19.231542517632683
aex,2014-06-30,0,0,13.439630798367652
aex,2014-07-31,0,0,20.28898599347677
aex,2014-08-31,0,0,7.437936765505615
aex,2014-09-30,0,0,0.0
aex,2014-10-31,0,0,11.645306888109452
aex,2014-11-30,0,0,9.760025349007151
aex,2014-12-31,0,0,4.990354099249039
aex,2015-01-31,0,0,-4.335637830322447
aex,2015-02-28,0,0,-12.452414683509705
aex,2015-03-31,0,0,-10.61759290820774
aex,2015-04-30,0,0,-10.396082112914584
aex,2015-05-31,0,0,-9.714142625249966
aex,2015-06-30,0,0,-8.084002904686738
aex,2015-07-31,0,0,-9.615261954298937
aex,2015-08-31,0,0,2.079217021861446
aex,2015-09-30,0,0,7.144661750393855
aex,2015-10-31,0,0,-2.083795674954292
aex,2015-11-30,0,0,-2.6568087592860223
aex,2015-12-31,0,0,7.96237106470894
aex,2016-01-31,0,0,10.015079330699717
aex,2016-02-29,0,0,14.78484895528247
aex,2016-03-31,0,0,16.01280249758359
aex,2016-04-30,0,0,16.99523672157417
aex,2016-05-31,0,0,15.712227632958786
aex,2016-06-30,0,0,15.143981847619337
aex,2016-07-31,0,0,15.536630771051296
aex,2016-08-31,0,0,12.725037617768375
aex,2016-09-30,0,0,17.169784330788573
aex,2016-10-31,0,0,20.10583050001369
aex,2016-11-30,0,0,16.663001013787415
aex,2016-12-31,0,0,11.96463003543764
aex,2017-01-31,0,0,16.195663752690148
aex,2017-02-28,0,0,7.80857079887145
aex,2017-03-31,0,0,2.481828533572017
aex,2017-04-30,0,0,6.428298949551614
aex,2017-05-31,0,0,5.346139566713859
aex,2017-06-30,0,0,8.416134897199168
aex,2017-07-31,0,0,8.882883009879539
aex,2017-08-31,0,0,7.892709754418004
aex,2017-09-30,0,0,2.3117305898918694
aex,2017-10-31,0,0,-6.469993280093966
aex,2017-11-30,0,0,-3.915626618954615
aex,2017-12-31,0,0,-10.99454027624942
aex,2018-01-31,0,0,-7.382533305170469
aex,2018-02-28,0,0,1.0161369726537473
aex,2018-03-31,0,0,3.6091002700620045
aex,2018-04-30,0,0,2.815687369679498
aex,2018-05-31,0,0,-2.261055537562573
aex,2018-06-30,0,0,1.8106575045037765
aex,2018-07-31,0,0,-0.37684729663922667
aex,2018-08-31,0,0,-0.012537465532247438
aex,2018-09-30,0,0,5.419742153357809
aex,2018-10-31,0,0,10.58558189566341
aex,2018-11-30,0,0,13.978619159868533
aex,2018-12-31,0,0,21.446454636011847
aex,2019-01-31,0,0,12.423509388223763
aex,2019-02-28,0,0,-0.3091332620136278
aex,2019-03-31,0,0,-12.713475829273335
aex,2019-04-30,0,0,-10.83195490717328
aex,2019-05-31,0,0,-1.4761759356679782
aex,2019-06-30,0,0,-0.3620240094347693
aex,2019-07-31,0,0,-4.797864566356225
aex,2019-08-31,0,0,-1.652326604567822
aex,2019-09-30,0,0,-5.769682892004635
aex,2019-10-31,0,0,-7.702971770314271
aex,2019-11-30,0,0,1.4510300248599783
aex,2019-12-31,0,0,3.2593401171858716
aex,2020-01-31,0,0,7.766758215288405
aex,2020-02-29,0,0,18.848862219525486
aex,2020-03-31,0,0,36.993877437857314
aex,2020-04-30,0,1,32.170257385266595
aex,2020-05-31,0,1,28.6648776325805
aex,2020-06-30,0,1,26.49323206883958
aex,2020-07-31,0,1,32.44856979205171
aex,2020-08-31,0,1,36.055303772317075
aex,2020-09-30,0,1,34.317911588235894
aex,2020-10-31,0,1,41.798593698174535
aex,2020-11-30,0,1,24.902915273392967
aex,2020-12-31,0,0,24.48934336097377
aex,2021-01-31,0,0,17.004032886495235
aex,2021-02-28,0,0,11.375189574088118
aex,2021-03-31,0,0,3.4201622705477774
aex,2021-04-30,0,0,0.48218444166492347
aex,2021-05-31,0,0,0.49499757323463456
aex,2021-06-30,0,0,-10.131435275705503
aex,2021-07-31,0,0,-3.3526301047679397
aex,2021-08-31,0,0,-14.646716079228117
aex,2021-09-30,0,0,-18.647038016358408
aex,2021-10-31,0,0,-18.99543903890626
aex,2021-11-30,0,0,-7.101270310934815
aex,2021-12-31,0,0,-14.676506625512786
aex,2022-01-31,0,0,-1.3343408297965098
aex,2022-02-28,0,1,3.1311393491787243
aex,2022-03-31,0,1,4.3211819204216795
aex,2022-04-30,1,1,6.468532936947025
aex,2022-05-31,1,1,4.923892044355238
aex,2022-06-30,1,1,16.042189671852025
aex,2022-07-31,1,1,8.22842720023349
aex,2022-08-31,1,1,8.898157204842416
aex,2022-09-30,1,1,12.89491447203428
aex,2022-10-31,1,1,6.910219036040299
aex,2022-11-30,1,1,5.499862064201189
aex,2022-12-31,1,1,13.274371605105717
aex,2023-01-31,1,1,9.347983152848016
aex,2023-02-28,1,1,11.942711976483888
aex,2023-03-31,0,1,15.366319161966047
aex,2023-04-30,0,1,14.72618949231217
aex,2023-05-31,0,1,18.784580456789524
aex,2023-06-30,0,0,17.705534001511047
aex,2023-07-31,0,0,15.048595899088202
aex,2023-08-31,0,1,21.1385912211691
aex,2023-09-30,0,1,22.21908590673074
aex,2023-10-31,0,1,19.59814550242438
aex,2023-11-30,0,1,14.195777322135239
aex,2023-12-31,0,0,11.036436682618955
aex,2024-01-31,0,0,11.936109393949668
aex,2024-02-29,0,0,8.305906133039276
aex,2024-03-31,0,0,1.9117901718395558
aex,2024-04-30,0,0,-0.10701790998428606
aex,2024-05-31,0,0,2.1155548872412666
aex,2024-06-30,0,0,-1.150714744756609
aex,2024-07-31,0,0,-2.0366316814437013
aex,2024-08-31,0,0,-2.428392479381003
aex,2024-09-30,0,0,3.525653492117442
aex,2024-10-31,0,0,10.55138214157152
aex,2024-11-30,0,0,6.757270075409405
aex,2024-12-31,0,0,7.9455053381275675
aex,2025-01-31,0,0,8.292379543623252
aex,2025-02-28,0,0,10.795826959409549
aex,2025-03-31,0,1,6.566438997614021
aex,2025-04-30,0,1,14.422564635695867
aex,2025-05-31,0,1,11.540489022770117
merval,2006-11-30,0,0,11.512458786767787
merval,2006-12-31,0,0,2.8755221853042023
merval,2007-01-31,0,0,-3.1390512599246634
merval,2007-02-28,0,0,4.445176257083361
merval,2007-03-31,0,0,0.047539815490083015
merval,2007-04-30,0,0,-2.7759957096915144
merval,2007-05-31,0,0,-1.663333470676065
merval,2007-06-30,0,0,-3.861842993421316
merval,2007-07-31,0,0,-12.699969076130735
merval,2007-08-31,0,0,-14.874983642225459
merval,2007-09-30,1,0,-31.423503721565194
merval,2007-10-31,0,1,-84.39008295195976
merval,2007-11-30,0,1,-79.76521996001624
merval,2007-12-31,0,1,-68.94366011634094
merval,2008-01-31,0,1,-62.24616716399494
merval,2008-02-29,0,1,-75.22119649764285
merval,2008-03-31,1,1,-62.5168765157965
merval,2008-04-30,1,1,-49.708458784840644
merval,2008-05-31,1,1,-32.9335479287038
merval,2008-06-30,1,1,-28.326426785417258
merval,2008-07-31,1,1,-11.000089521432876
merval,2008-08-31,1,1,0.2809779876103313
merval,2008-09-30,1,1,26.12083063385784
merval,2008-10-31,1,1,73.85875739577186
merval,2008-11-30,1,1,77.00895912222067
merval,2008-12-31,1,1,76.50370861561714
merval,2009-01-31,1,1,75.82948476067929
merval,2009-02-28,1,1,77.91357906717025
merval,2009-03-31,1,1,74.59047664699776
merval,2009-04-30,0,1,63.085450164281376
merval,2009-05-31,0,1,32.84284497463954
merval,2009-06-30,0,1,31.91404657226098
merval,2009-07-31,0,1,33.06413163104196
merval,2009-08-31,0,0,27.11317265081039
merval,2009-09-30,0,0,24.195348193949062
merval,2009-10-31,0,0,35.141539001033806
merval,2009-11-30,0,0,41.82689853021788
merval,2009-12-31,0,0,41.75985807816333
merval,2010-01-31,0,0,44.37261925417726
merval,2010-02-28,0,0,44.21543060295194
merval,2010-03-31,0,0,35.566348060233196
merval,2010-04-30,0,0,35.17379019872928
merval,2010-05-31,0,0,38.86887500311013
merval,2010-06-30,0,0,43.062272019541496
merval,2010-07-31,0,0,32.76014040553213
merval,2010-08-31,0,0,23.80089768929672
merval,2010-09-30,0,0,-7.012858995087878
merval,2010-10-31,0,0,-3.416533885830031
merval,2010-11-30,0,0,-24.116205681688907
merval,2010-12-31,0,0,-35.82165889355329
merval,2011-01-31,0,0,-25.1234689823006
merval,2011-02-28,0,0,-26.630721286704784
merval,2011-03-31,0,0,-23.293155768037277
merval,2011-04-30,0,1,-40.48780813815913
merval,2011-05-31,0,1,-36.49261434863709
merval,2011-06-30,0,1,-35.91006318740817
merval,2011-07-31,0,1,-32.509827383720236
merval,2011-08-31,0,1,-20.80805050031138
merval,2011-09-30,0,1,-0.48820275973078253
merval,2011-10-31,0,1,-22.391811135981854
merval,2011-11-30,0,1,-5.782421575404317
merval,2011-12-31,0,0,14.734139991624406
merval,2012-01-31,0,0,21.688070825420702
merval,2012-02-29,0,0,14.100902993135556
merval,2012-03-31,0,0,23.086330461631288
merval,2012-04-30,0,0,52.63731463076837
merval,2012-05-31,0,0,43.557866436923916
merval,2012-06-30,0,0,23.74422001019587
merval,2012-07-31,0,0,33.58768213014489
merval,2012-08-31,0,0,49.13684517434316
merval,2012-09-30,0,0,66.83729985743652
merval,2012-10-31,0,0,79.90456487833298
merval,2012-11-30,0,0,86.0439733305288
merval,2012-12-31,0,0,63.60093774148865
merval,2013-01-31,0,0,55.30746758116152
merval,2013-02-28,0,0,64.02818168503455
merval,2013-03-31,0,0,63.40556922693956
merval,2013-04-30,0,0,56.723839653685815
merval,2013-05-31,0,0,79.31623951036073
merval,2013-06-30,0,0,97.46357174450084
merval,2013-07-31,0,0,89.13241091436942
merval,2013-08-31,0,0,91.39505975203778
merval,2013-09-30,0,0,96.43639644798405
merval,2013-10-31,0,0,75.77159529340385
merval,2013-11-30,0,0,53.95063666490003
merval,2013-12-31,0,0,46.458646012129634
merval,2014-01-31,0,0,34.408564645159245
merval,2014-02-28,0,0,50.68759252522863
merval,2014-03-31,0,0,53.073898894571414
merval,2014-04-30,0,0,57.479261623321776
merval,2014-05-31,0,0,33.68611651280915
merval,2014-06-30,0,0,39.06910235218408
merval,2014-07-31,0,0,30.43655265514662
merval,2014-08-31,0,0,11.67752050677855
merval,2014-09-30,0,0,-24.5729153399747
merval,2014-10-31,0,0,12.298271145509077
merval,2014-11-30,0,0,27.949285686289294
merval,2014-12-31,0,0,30.813244696413378
merval,2015-01-31,0,0,28.632677923587302
merval,2015-02-28,0,0,31.18614488736533
merval,2015-03-31,0,0,18.13675784784632
merval,2015-04-30,0,0,13.008146505953988
merval,2015-05-31,0,0,16.054494284150422
merval,2015-06-30,0,0,23.085160769689317
merval,2015-07-31,0,0,35.32278781986342
merval,2015-08-31,0,0,34.95801352079919
merval,2015-09-30,0,0,53.00587322901258
merval,2015-10-31,0,0,34.586315554738434
merval,2015-11-30,0,0,29.608790235972116
merval,2015-12-31,0,0,37.092834032686106
merval,2016-01-31,0,0,52.24157252787407
merval,2016-02-29,0,0,37.679744065916765
merval,2016-03-31,0,0,44.45614766609509
merval,2016-04-30,0,0,42.632824045260165
merval,2016-05-31,0,0,56.65979120514457
merval,2016-06-30,0,0,40.03216023786784
merval,2016-07-31,0,0,31.1596561392399
merval,2016-08-31,0,0,41.030958469132806
merval,2016-09-30,0,0,44.71214869827307
merval,2016-10-31,0,0,46.1413460402996
merval,2016-11-30,0,0,43.34310521365907
merval,2016-12-31,0,0,57.19855570317556
merval,2017-01-31,0,0,60.5854400272225
merval,2017-02-28,0,0,54.62105396150303
merval,2017-03-31,0,0,42.879475794090816
merval,2017-04-30,0,0,35.5922996216016
merval,2017-05-31,0,0,24.51905455234904
merval,2017-06-30,0,0,17.24385353169513
merval,2017-07-31,0,0,30.528409761689268
merval,2017-08-31,0,0,21.66022152186251
merval,2017-09-30,0,0,24.93184196341911
merval,2017-10-31,0,0,5.420474914108198
merval,2017-11-30,0,0,15.713557466948203
merval,2017-12-31,0,0,1.0552961809487726
merval,2018-01-31,0,0,3.8957582636275134
merval,2018-02-28,2,0,4.371260532133903
merval,2018-03-31,2,0,7.283998005120118
merval,2018-04-30,0,0,-1.4603210313410386
merval,2018-05-31,0,0,17.291673115192907
merval,2018-06-30,0,0,47.328203784164735
merval,2018-07-31,0,0,36.190588646807775
merval,2018-08-31,0,0,-17.427048720739258
merval,2018-09-30,0,0,-14.080695656449471
merval,2018-10-31,0,0,17.112006208930985
merval,2018-11-30,0,0,9.151160642644918
merval,2018-12-31,0,0,31.888878050350122
merval,2019-01-31,0,0,9.893974837854813
merval,2019-02-28,0,0,1.4022890635910557
merval,2019-03-31,0,0,-31.66028185681462
merval,2019-04-30,0,0,10.18950474260869
merval,2019-05-31,0,0,10.808140566971325
merval,2019-06-30,0,0,-7.729701488164942
merval,2019-07-31,0,0,15.794096456767193
merval,2019-08-31,0,0,64.35185569723726
merval,2019-09-30,0,0,35.031423382714344
merval,2019-10-31,0,0,25.788106342661976
merval,2019-11-30,0,0,45.8579930910874
merval,2019-12-31,0,0,20.6461293572044
merval,2020-01-31,0,0,18.503988016355954
merval,2020-02-29,0,0,32.5584417065512
merval,2020-03-31,0,0,67.68987610735718
merval,2020-04-30,0,1,40.42733039119053
merval,2020-05-31,0,1,44.91161440410352
merval,2020-06-30,0,1,47.761283043242386
merval,2020-07-31,0,1,29.273991413853828
merval,2020-08-31,0,1,49.00323062612575
merval,2020-09-30,0,1,62.86038122183637
merval,2020-10-31,0,0,61.249064649717155
merval,2020-11-30,0,0,37.390061878837066
merval,2020-12-31,0,0,48.85798950581979
merval,2021-01-31,0,0,63.33071111293194
merval,2021-02-28,0,0,59.683509498522014
merval,2021-03-31,0,0,63.95939088644731
merval,2021-04-30,0,0,58.722252450456125
merval,2021-05-31,0,0,44.2827718506976
merval,2021-06-30,0,0,34.932096388315514
merval,2021-07-31,0,0,61.86090785621605
merval,2021-08-31,0,0,57.77622833933993
merval,2021-09-30,0,0,58.677937308816475
merval,2021-10-31,0,0,58.46449712518602
merval,2021-11-30,0,0,75.36442330029428
merval,2021-12-31,0,0,88.38417691154454
merval,2022-01-31,0,0,102.57090921262169
merval,2022-02-28,0,1,103.42490644559419
merval,2022-03-31,0,1,99.37565480297543
merval,2022-04-30,0,1,121.67742221141111
merval,2022-05-31,1,1,131.01275823171807
merval,2022-06-30,1,1,157.2661332620159
merval,2022-07-31,1,1,131.6645739381176
merval,2022-08-31,1,1,156.80747571827885
merval,2022-09-30,1,1,139.72128640176535
merval,2022-10-31,0,1,135.13396360611995
merval,2022-11-30,0,1,157.41315102618626
merval,2022-12-31,0,1,152.61778549434624
merval,2023-01-31,1,1,160.3756627307625
merval,2023-02-28,1,1,141.11151956500993
merval,2023-03-31,1,1,159.7075266678793
merval,2023-04-30,0,1,149.11407494697818
merval,2023-05-31,1,0,157.43472816864798
merval,2023-06-30,0,0,132.96947292642898
merval,2023-07-31,1,0,117.60632959768901
merval,2023-08-31,1,0,96.61621533680372
merval,2023-09-30,1,0,110.4339743449426
merval,2023-10-31,1,1,116.07002572052832
merval,2023-11-30,1,0,102.11497657646227
merval,2023-12-31,1,0,100.2544053548629
merval,2024-01-31,0,0,71.02670797517092
merval,2024-02-29,0,0,77.64858798515792
merval,2024-03-31,0,0,65.61249167935941
merval,2024-04-30,0,0,46.1994448953476
merval,2024-05-31,1,0,32.209953270189295
merval,2024-06-30,1,0,21.3518123687912
merval,2024-07-31,1,0,44.806305592898354
merval,2024-08-31,0,0,14.463381756355354
merval,2024-09-30,1,0,4.382290556283053
merval,2024-10-31,0,0,48.49744217047114
merval,2024-11-30,0,0,29.27868200765129
merval,2024-12-31,1,0,18.601658358429063
merval,2025-01-31,1,0,22.118589877690198
merval,2025-02-28,1,0,18.04856181756005
merval,2025-03-31,1,0,24.8250712770675
merval,2025-04-30,1,1,29.894445629317445
merval,2025-05-31,1,1,32.88642666303545
set,2007-01-31,0,0,18.153384169745213
set,2007-02-28,0,0,22.23723576396761
set,2007-03-31,0,0,19.287606587689243
set,2007-04-30,0,0,17.449359859900593
set,2007-05-31,0,0,12.26831603838674
set,2007-06-30,0,0,-1.0612312962733128
set,2007-07-31,0,0,-23.99869442434488
set,2007-08-31,0,0,-17.238841656534287
set,2007-09-30,0,0,-34.87819080450567
set,2007-10-31,0,1,-77.84926599041376
set,2007-11-30,0,1,-74.49853315224564
set,2007-12-31,0,1,-64.5561943427551
set,2008-01-31,0,1,-58.3191416953416
set,2008-02-29,0,1,-67.29218090306767
set,2008-03-31,1,1,-63.84083392263822
set,2008-04-30,1,1,-52.652473308265435
set,2008-05-31,1,1,-39.714506851282216
set,2008-06-30,1,1,-25.18369245658576
set,2008-07-31,1,1,-8.051597927856857
set,2008-08-31,1,1,-4.664108483006046
set,2008-09-30,1,1,18.402721476449457
set,2008-10-31,1,1,49.78106427170408
set,2008-11-30,1,1,53.928888267047185
set,2008-12-31,1,1,49.00857520989108
set,2009-01-31,1,1,46.4628657812102
set,2009-02-28,1,1,51.38383410987268
set,2009-03-31,1,1,60.22051735151619
set,2009-04-30,0,1,44.00777933681095
set,2009-05-31,0,1,29.19777550315059
set,2009-06-30,0,1,28.852278094539408
set,2009-07-31,0,1,31.592140988698958
set,2009-08-31,0,0,33.498406236472974
set,2009-09-30,0,0,30.75716284037151
set,2009-10-31,0,0,36.23241622011059
set,2009-11-30,0,0,37.75193384934337
set,2009-12-31,0,0,34.07456955382138
set,2010-01-31,0,0,32.50554377199259
set,2010-02-28,0,0,31.44393982665612
set,2010-03-31,0,0,28.466985585067395
set,2010-04-30,0,0,35.926752693647316
set,2010-05-31,0,0,35.83405690269377
set,2010-06-30,0,0,26.715447999268616
set,2010-07-31,0,0,28.102018388270178
set,2010-08-31,0,0,15.851673420232615
set,2010-09-30,0,0,-6.249948343913658
set,2010-10-31,0,0,-0.991226194926309
set,2010-11-30,0,0,-0.9787853858718165
set,2010-12-31,0,0,-0.7230132984204829
set,2011-01-31,0,0,11.719048096531548
set,2011-02-28,0,0,16.1359293077175
set,2011-03-31,0,0,13.323901649176584
set,2011-04-30,0,1,11.634728209390133
set,2011-05-31,0,1,6.1111531132014285
set,2011-06-30,0,1,11.816277119970131
set,2011-07-31,0,1,5.6401410812409125
set,2011-08-31,0,1,13.72578493774732
set,2011-09-30,0,1,34.894275083762416
set,2011-10-31,0,1,28.70689030582856
set,2011-11-30,0,1,28.53686193898417
set,2011-12-31,0,0,30.56866052738334
set,2012-01-31,0,0,30.74852363209244
set,2012-02-29,0,0,28.36122486010595
set,2012-03-31,0,0,26.573883782968366
set,2012-04-30,0,0,26.287945983818517
set,2012-05-31,0,0,31.366864338177436
set,2012-06-30,0,0,21.406752941439855
set,2012-07-31,0,0,17.112761428842216
set,2012-08-31,0,0,5.300677482864824
set,2012-09-30,0,0,6.293766935199141
set,2012-10-31,0,0,10.514646769580072
set,2012-11-30,0,0,3.4947522903075345
set,2012-12-31,0,0,-6.931987784479965
set,2013-01-31,0,0,-14.573410043873203
set,2013-02-28,0,0,-15.114638411870551
set,2013-03-31,0,0,-12.599543298279858
set,2013-04-30,0,0,-12.157813886816715
set,2013-05-31,0,0,-9.836654504130138
set,2013-06-30,0,0,2.304663494187764
set,2013-07-31,0,0,5.41914749249468
set,2013-08-31,0,0,18.776010449271308
set,2013-09-30,0,0,13.6636297428959
set,2013-10-31,0,0,9.341320033331701
set,2013-11-30,0,0,15.055491754202777
set,2013-12-31,0,0,14.2539162410249
set,2014-01-31,0,0,21.583433728115242
set,2014-02-28,0,0,18.01902970006255
set,2014-03-31,0,0,9.004756679233683
set,2014-04-30,0,0,7.604765088389787
set,2014-05-31,0,0,5.518304876350477
set,2014-06-30,0,0,1.25741873571803
set,2014-07-31,0,0,-4.2330743124106895
set,2014-08-31,0,0,-12.190177312197825
set,2014-09-30,0,0,-16.164348143347063
set,2014-10-31,0,0,-12.720295837681661
set,2014-11-30,0,0,-15.89260872178837
set,2014-12-31,0,0,-15.080442576859365
set,2015-01-31,0,0,-19.50978618843706
set,2015-02-28,0,0,-17.489244121700676
set,2015-03-31,0,0,-6.746011687284348
set,2015-04-30,0,0,-8.337506308922382
set,2015-05-31,0,0,-4.91618906478104
set,2015-06-30,0,0,-4.039148825485395
set,2015-07-31,0,0,5.6657912667721355
set,2015-08-31,0,0,11.34195571027421
set,2015-09-30,0,0,9.484505442371916
set,2015-10-31,0,0,6.975631508088931
set,2015-11-30,0,0,10.500452085967549
set,2015-12-31,0,0,18.05834786854863
set,2016-01-31,0,0,19.260308997777997
set,2016-02-29,0,0,15.744446010802893
set,2016-03-31,0,0,11.23679696433788
set,2016-04-30,0,0,10.896921092248757
set,2016-05-31,0,0,9.208293651261368
set,2016-06-30,0,0,8.598777871703867
set,2016-07-31,0,0,3.3556370959648696
set,2016-08-31,0,0,4.280505158220027
set,2016-09-30,0,0,12.05054427916794
set,2016-10-31,0,0,14.051280589759418
set,2016-11-30,0,0,11.68232136745777
set,2016-12-31,0,0,12.804387227103664
set,2017-01-31,0,0,14.687773650180524
set,2017-02-28,0,0,15.998323748346976
set,2017-03-31,0,0,12.01849339406218
set,2017-04-30,0,0,12.794626724273517
set,2017-05-31,0,0,10.061903092897762
set,2017-06-30,0,0,1.3147105874861786
set,2017-07-31,0,0,7.673993755264874
set,2017-08-31,0,0,6.318946204388531
set,2017-09-30,0,0,4.855789817207423
set,2017-10-31,0,0,-3.0841935316161972
set,2017-11-30,0,0,-3.329855513016877
set,2017-12-31,0,0,-11.456360567318224
set,2018-01-31,0,0,-10.684808609364982
set,2018-02-28,0,0,-10.150485925014596
set,2018-03-31,2,0,-8.063728873711007
set,2018-04-30,0,0,-6.174594764896213
set,2018-05-31,0,0,-6.380648647439902
set,2018-06-30,0,0,8.108062227972912
set,2018-07-31,2,0,0.5964075849895778
set,2018-08-31,0,0,-3.9489752444873183
set,2018-09-30,0,0,-7.027230896737624
set,2018-10-31,0,0,-4.1344107449846845
set,2018-11-30,0,0,-3.1688235575930257
set,2018-12-31,0,0,1.0153638494421635
set,2019-01-31,0,0,-8.090292130327548
set,2019-02-28,0,0,-20.98245330409414
set,2019-03-31,0,0,-37.532557196110794
set,2019-04-30,0,0,-25.128880503945172
set,2019-05-31,0,0,-18.77677215342919
set,2019-06-30,0,0,-25.637240812167317
set,2019-07-31,0,0,-25.357164721446512
set,2019-08-31,0,0,-23.32218426343422
set,2019-09-30,0,0,-28.027820288328353
set,2019-10-31,0,0,-29.283013716176676
set,2019-11-30,0,0,-12.171454953454575
set,2019-12-31,0,0,-8.620839123353896
set,2020-01-31,0,0,-3.1641778203155724
set,2020-02-29,0,0,11.025854066462504
set,2020-03-31,0,0,34.34305582699464
set,2020-04-30,0,1,19.576350393336117
set,2020-05-31,0,1,17.11951084030945
set,2020-06-30,0,1,17.039764375151112
set,2020-07-31,0,1,13.589963464098354
set,2020-08-31,0,1,22.340290288366305
set,2020-09-30,0,1,26.082591555725454
set,2020-10-31,0,0,30.64369253510666
set,2020-11-30,0,0,10.785039324038515
set,2020-12-31,0,0,13.426767248170979
set,2021-01-31,0,0,11.68479986408677
set,2021-02-28,0,0,11.855626127413643
set,2021-03-31,0,0,6.584658464776716
set,2021-04-30,0,0,5.188557784793524
set,2021-05-31,0,0,4.288042148556226
set,2021-06-30,0,0,-1.2331805920415384
set,2021-07-31,0,0,3.5177407053105014
set,2021-08-31,0,0,0.010986655693567826
set,2021-09-30,0,0,-1.0121577540392224
set,2021-10-31,0,0,-0.9077526007554404
set,2021-11-30,0,0,4.162211583877085
set,2021-12-31,0,0,0.6638093909426601
set,2022-01-31,0,0,1.3643621490436075
set,2022-02-28,0,1,-3.799671454647413
set,2022-03-31,0,1,-5.210577254367887
set,2022-04-30,0,1,-8.659707766881741
set,2022-05-31,1,1,-8.129091894005214
set,2022-06-30,1,1,-4.248170503344273
set,2022-07-31,1,1,-1.299310848891544
set,2022-08-31,1,1,-4.555737741197063
set,2022-09-30,1,1,-7.719104522315945
set,2022-10-31,1,1,-15.205502613876831
set,2022-11-30,1,1,-16.964899027957525
set,2022-12-31,1,1,-16.42908893975239
set,2023-01-31,1,1,-20.289473986399464
set,2023-02-28,0,1,-16.857599690121017
set,2023-03-31,0,1,-15.512895766864077
set,2023-04-30,0,1,-11.137917021209454
set,2023-05-31,0,0,-13.069418940891175
set,2023-06-30,0,0,-14.442720246308305
set,2023-07-31,0,0,-16.387399456341534
set,2023-08-31,0,0,-14.168564245650384
set,2023-09-30,0,0,-1.5478449723209664
set,2023-10-31,0,1,5.915623902013056
set,2023-11-30,0,0,3.373874617297723
set,2023-12-31,0,0,-1.1107842738793394
set,2024-01-31,0,0,-3.734636756833698
set,2024-02-29,0,0,-12.988296608695915
set,2024-03-31,0,0,-17.38175209323476
set,2024-04-30,0,0,-13.327761229365453
set,2024-05-31,0,0,-15.783593311749744
set,2024-06-30,0,0,-17.732842465431897
set,2024-07-31,0,0,-6.127830081257812
set,2024-08-31,0,0,-9.442684983093041
set,2024-09-30,0,0,-12.846128310506622
set,2024-10-31,0,0,-11.291952990110943
set,2024-11-30,0,0,-12.74714769014862
set,2024-12-31,0,0,-10.577238068992756
set,2025-01-31,0,0,0.8423905652727548
set,2025-02-28,0,0,23.87131023647049
set,2025-03-31,0,0,22.350791766388767
set,2025-04-30,0,1,22.12139084626532
set,2025-05-31,0,1,31.098816906729443
hscei,2003-08-31,0,0,25.073281185416896
hscei,2003-09-30,0,0,36.70370790101192
hscei,2003-10-31,0,0,15.383991459477464
hscei,2003-11-30,0,0,25.94472830518253
hscei,2003-12-31,0,0,-5.715028377276354
hscei,2004-01-31,0,0,2.6570210617311574
hscei,2004-02-29,0,0,0.9798634742695711
hscei,2004-03-31,0,0,0.3059304409541497
hscei,2004-04-30,0,0,13.704825104951368
hscei,2004-05-31,0,0,6.547609015237832
hscei,2004-06-30,0,0,12.48986902035476
hscei,2004-07-31,0,0,19.397913287208723
hscei,2004-08-31,0,0,16.65814023020218
hscei,2004-09-30,0,0,11.70968929567966
hscei,2004-10-31,0,0,5.728488704460943
hscei,2004-11-30,0,0,1.2954638609221192
hscei,2004-12-31,0,0,11.709945582193093
hscei,2005-01-31,0,0,28.4769307986366
hscei,2005-02-28,0,0,23.32938003534455
hscei,2005-03-31,0,0,33.5562977909996
hscei,2005-04-30,0,0,38.355659551749355
hscei,2005-05-31,0,0,37.246507339782475
hscei,2005-06-30,0,0,33.323219069682075
hscei,2005-07-31,0,0,26.047089918122523
hscei,2005-08-31,0,0,30.55936874217089
hscei,2005-09-30,0,1,30.58163598664887
hscei,2005-10-31,0,1,45.039029220957616
hscei,2005-11-30,0,0,52.967425366238174
hscei,2005-12-31,0,0,66.26397220222432
hscei,2006-01-31,0,0,42.51130141319379
hscei,2006-02-28,0,0,35.550441288627965
hscei,2006-03-31,0,0,36.07786977305221
hscei,2006-04-30,0,0,38.40015538896733
hscei,2006-05-31,0,0,47.69068378408221
hscei,2006-06-30,0,0,57.03446361620106
hscei,2006-07-31,0,0,67.13114939094389
hscei,2006-08-31,0,0,73.40393495302564
hscei,2006-09-30,0,0,87.4560664532936
hscei,2006-10-31,0,0,98.69972556190393
hscei,2006-11-30,0,0,69.8124536101485
hscei,2006-12-31,0,0,44.42987625114796
hscei,2007-01-31,0,0,26.252044756505732
hscei,2007-02-28,0,0,40.592279644932994
hscei,2007-03-31,0,0,22.83741057496691
hscei,2007-04-30,0,0,34.92900250603732
hscei,2007-05-31,0,0,24.86175306081062
hscei,2007-06-30,0,0,-0.764259614792806
hscei,2007-07-31,0,0,-6.62938107191593
hscei,2007-08-31,0,0,-20.64279150292183
hscei,2007-09-30,0,0,-62.926165482644514
hscei,2007-10-31,0,0,-111.10538396409311
hscei,2007-11-30,0,1,-86.85386605086566
hscei,2007-12-31,0,1,-71.45292602604698
hscei,2008-01-31,0,1,-55.994466247805086
hscei,2008-02-29,0,1,-70.22468323019275
hscei,2008-03-31,1,1,-40.36547411674256
hscei,2008-04-30,1,1,-44.87551679059241
hscei,2008-05-31,1,1,-27.801657478554453
hscei,2008-06-30,1,1,-8.286696845811647
hscei,2008-07-31,1,1,-3.1114589218459443
hscei,2008-08-31,1,1,-3.366705529414915
hscei,2008-09-30,1,1,26.800903305381674
hscei,2008-10-31,1,1,65.82909760778897
hscei,2008-11-30,1,1,58.83157677708617
hscei,2008-12-31,1,1,48.31622418579631
hscei,2009-01-31,1,1,47.76016253696849
hscei,2009-02-28,1,1,51.42095745422761
hscei,2009-03-31,1,1,42.93325096028617
hscei,2009-04-30,1,1,29.327898307144906
hscei,2009-05-31,1,1,9.733933564644026
hscei,2009-06-30,1,1,4.4916662232356686
hscei,2009-07-31,1,1,-1.8194648574779038
hscei,2009-08-31,1,1,1.0990785200316822
hscei,2009-09-30,1,0,4.517282781312026
hscei,2009-10-31,0,0,3.0792680353620483
hscei,2009-11-30,0,0,-1.2616706589428262
hscei,2009-12-31,0,0,-0.7980734694546854
hscei,2010-01-31,0,0,8.837920150417844
hscei,2010-02-28,0,0,7.994852749319392
hscei,2010-03-31,0,0,7.14522060064624
hscei,2010-04-30,0,0,8.098266188537373
hscei,2010-05-31,0,0,14.35323952547396
hscei,2010-06-30,0,0,9.24371944672231
hscei,2010-07-31,0,0,3.860989507447954
hscei,2010-08-31,0,0,-4.114125665715562
hscei,2010-09-30,0,0,-33.01882775629075
hscei,2010-10-31,0,0,-22.52296015272499
hscei,2010-11-30,0,0,-29.858598019749394
hscei,2010-12-31,0,0,-24.479284775760846
hscei,2011-01-31,0,0,-10.585108576785807
hscei,2011-02-28,0,0,-5.572625982951784
hscei,2011-03-31,0,1,-22.431875620678987
hscei,2011-04-30,1,1,-17.56445275613636
hscei,2011-05-31,1,1,-31.469981872721675
hscei,2011-06-30,1,1,-27.27054721987834
hscei,2011-07-31,1,1,-24.609863959377165
hscei,2011-08-31,1,1,-16.483800052380282
hscei,2011-09-30,1,1,9.760375604306404
hscei,2011-10-31,1,1,0.6547493334721821
hscei,2011-11-30,1,1,11.07579353764283
hscei,2011-12-31,1,1,14.056739855323919
hscei,2012-01-31,1,1,7.101171452667465
hscei,2012-02-29,1,0,-3.3496169799208886
hscei,2012-03-31,1,0,2.378037892500373
hscei,2012-04-30,1,0,-1.482189939911649
hscei,2012-05-31,1,0,9.009479689324706
hscei,2012-06-30,1,0,-2.789501055561594
hscei,2012-07-31,1,1,-0.16272332897209196
hscei,2012-08-31,1,0,5.706304150654695
hscei,2012-09-30,1,0,4.81039975988562
hscei,2012-10-31,1,0,0.42406192596686765
hscei,2012-11-30,1,0,7.423656351615726
hscei,2012-12-31,1,0,-5.574084843059524
hscei,2013-01-31,1,0,-21.147621051265375
hscei,2013-02-28,1,0,-14.520086409265076
hscei,2013-03-31,1,0,-7.834892043388031
hscei,2013-04-30,0,0,-11.009920473468426
hscei,2013-05-31,0,0,-3.3531963206725024
hscei,2013-06-30,0,0,10.429532447458811
hscei,2013-07-31,0,0,14.18196499961013
hscei,2013-08-31,0,0,10.962824078137068
hscei,2013-09-30,0,0,-0.055459927978951384
hscei,2013-10-31,0,0,1.204535552376207
hscei,2013-11-30,0,0,-2.620102485317055
hscei,2013-12-31,0,0,10.259060723913294
hscei,2014-01-31,0,0,17.70511450902159
hscei,2014-02-28,0,0,20.86077036847005
hscei,2014-03-31,0,0,20.327240652929746
hscei,2014-04-30,0,0,38.90754914453183
hscei,2014-05-31,0,0,31.919744003650585
hscei,2014-06-30,0,0,22.796538172276115
hscei,2014-07-31,0,0,0.013291709392504458
hscei,2014-08-31,0,0,-11.819388130102482
hscei,2014-09-30,0,0,-9.185850789602767
hscei,2014-10-31,0,0,-3.3968212375752316
hscei,2014-11-30,0,0,-12.9599136625691
hscei,2014-12-31,0,0,-21.552974163714644
hscei,2015-01-31,0,0,-35.213986170181144
hscei,2015-02-28,0,0,-43.13464524219928
hscei,2015-03-31,0,0,-31.575377783736513
hscei,2015-04-30,0,0,-47.89100445416512
hscei,2015-05-31,0,0,-48.25588128055838
hscei,2015-06-30,0,0,-39.87010060609908
hscei,2015-07-31,0,0,-21.713983471910403
hscei,2015-08-31,0,0,-2.0703760638667745
hscei,2015-09-30,0,0,1.858437590561124
hscei,2015-10-31,0,0,-8.395303270674326
hscei,2015-11-30,0,0,0.4831702151975037
hscei,2015-12-31,0,0,-2.7936488006460536
hscei,2016-01-31,0,0,17.363012418607937
hscei,2016-02-29,0,0,26.301685550816778
hscei,2016-03-31,0,0,13.199868074807775
hscei,2016-04-30,0,0,13.385951438435306
hscei,2016-05-31,0,0,19.72479943854406
hscei,2016-06-30,0,0,17.365244655331935
hscei,2016-07-31,0,0,18.946534620639532
hscei,2016-08-31,0,0,16.8717016053332
hscei,2016-09-30,0,0,12.980446932326295
hscei,2016-10-31,0,0,18.549421001235977
hscei,2016-11-30,0,0,15.397498176969648
hscei,2016-12-31,0,0,22.02195730793477
hscei,2017-01-31,0,0,32.445043963879705
hscei,2017-02-28,0,0,18.430445880364132
hscei,2017-03-31,0,0,15.51839898526115
hscei,2017-04-30,0,0,18.781222837550615
hscei,2017-05-31,0,0,12.196253837763038
hscei,2017-06-30,0,0,6.605376815639374
hscei,2017-07-31,0,0,1.8020393048027827
hscei,2017-08-31,0,0,-3.7879226422537826
hscei,2017-09-30,0,0,0.9835040962666852
hscei,2017-10-31,0,0,-12.666522173654648
hscei,2017-11-30,0,0,-7.7330608982084215
hscei,2017-12-31,0,0,-14.540045984544392
hscei,2018-01-31,0,0,-20.610775218382926
hscei,2018-02-28,0,0,-8.54962469928715
hscei,2018-03-31,0,0,-5.294424734005787
hscei,2018-04-30,0,0,-6.61337994054545
hscei,2018-05-31,0,0,-14.252527993805764
hscei,2018-06-30,0,0,-1.741348487501071
hscei,2018-07-31,0,0,-3.22074155000589
hscei,2018-08-31,0,0,-7.56492241185267
hscei,2018-09-30,0,0,-7.7035723739619755
hscei,2018-10-31,0,0,3.818312438170679
hscei,2018-11-30,0,0,-3.0582257276964953
hscei,2018-12-31,0,0,9.807495869400285
hscei,2019-01-31,0,0,-7.478683297381039
hscei,2019-02-28,0,0,-9.838099605633666
hscei,2019-03-31,0,0,-17.060593702355398
hscei,2019-04-30,0,0,-13.935044051155998
hscei,2019-05-31,0,0,-8.287589275790452
hscei,2019-06-30,0,0,-10.894421812964872
hscei,2019-07-31,0,0,-6.136043195390073
hscei,2019-08-31,0,0,-0.9137915200181368
hscei,2019-09-30,0,0,-8.205291163845096
hscei,2019-10-31,0,0,-7.621897907715081
hscei,2019-11-30,0,0,2.3470571858910105
hscei,2019-12-31,0,0,-3.9231741455994396
hscei,2020-01-31,0,0,9.034602398430103
hscei,2020-02-29,0,0,8.774706509201735
hscei,2020-03-31,0,0,13.413211277287118
hscei,2020-04-30,1,1,7.521759274319706
hscei,2020-05-31,1,1,13.006864591614864
hscei,2020-06-30,1,1,8.86643367594484
hscei,2020-07-31,1,1,-8.376530583411146
hscei,2020-08-31,1,1,-8.42960954397487
hscei,2020-09-30,1,1,-7.407926702286716
hscei,2020-10-31,1,1,-8.535367328772736
hscei,2020-11-30,1,1,-23.131769082823084
hscei,2020-12-31,1,0,-26.52689013746521
hscei,2021-01-31,1,0,-29.44418499441639
hscei,2021-02-28,0,0,-33.769174572006655
hscei,2021-03-31,0,0,-37.70011280393408
hscei,2021-04-30,0,0,-39.4186496341975
hscei,2021-05-31,0,0,-38.40231805247267
hscei,2021-06-30,0,0,-32.99066087948024
hscei,2021-07-31,0,0,-29.339297677755738
hscei,2021-08-31,0,0,-29.098314520296498
hscei,2021-09-30,0,0,-38.901464656921014
hscei,2021-10-31,0,0,-59.588953841724646
hscei,2021-11-30,0,0,-27.217725516358904
hscei,2021-12-31,0,0,-20.57126777842484
hscei,2022-01-31,1,0,-11.74136745137968
hscei,2022-02-28,1,1,-19.81701914149312
hscei,2022-03-31,1,1,-7.6897460562360465
hscei,2022-04-30,1,1,-8.526651609565405
hscei,2022-05-31,1,1,-18.51221427914833
hscei,2022-06-30,1,1,-17.673180235153296
hscei,2022-07-31,1,1,0.20065714060475415
hscei,2022-08-31,1,1,-8.077107887264212
hscei,2022-09-30,1,1,3.884455116240737
hscei,2022-10-31,1,1,17.13727252310644
hscei,2022-11-30,1,1,-8.456650795966603
hscei,2022-12-31,1,1,-15.043247802364235
hscei,2023-01-31,1,1,-35.73300777727191
hscei,2023-02-28,1,1,-14.768025429930276
hscei,2023-03-31,1,1,-18.173509286656753
hscei,2023-04-30,1,1,-6.605409388546057
hscei,2023-05-31,1,1,3.6519141947129796
hscei,2023-06-30,1,0,-1.4583925060158265
hscei,2023-07-31,0,0,-12.195953616979338
hscei,2023-08-31,1,1,-0.020212091302695967
hscei,2023-09-30,1,1,20.00269949355058
hscei,2023-10-31,0,1,21.44992377090773
hscei,2023-11-30,0,1,17.05341460082135
hscei,2023-12-31,0,0,23.407639411284897
hscei,2024-01-31,0,0,35.15503770567214
hscei,2024-02-29,0,0,39.37266158988919
hscei,2024-03-31,0,0,38.229476552026576
hscei,2024-04-30,0,0,25.255460308064492
hscei,2024-05-31,0,0,27.689835312931876
hscei,2024-06-30,0,0,31.523162418597117
hscei,2024-07-31,0,0,37.467185210425136
hscei,2024-08-31,0,0,34.592624246413806
hscei,2024-09-30,0,0,24.08916142933517
hscei,2024-10-31,0,0,23.28366644825728
hscei,2024-11-30,0,0,27.33215025045581
hscei,2024-12-31,0,0,20.109866473697302
hscei,2025-01-31,0,0,23.278813243115337
hscei,2025-02-28,0,0,5.1184708453311245
hscei,2025-03-31,0,1,-1.6843837518795368
hscei,2025-04-30,0,1,7.230347987495911
hscei,2025-05-31,0,1,-0.07354701535771113
lq45,2007-03-31,0,0,29.567588925488497
lq45,2007-04-30,0,0,15.036487528405562
lq45,2007-05-31,0,0,17.889347583087645
lq45,2007-06-30,0,0,11.331983767080622
lq45,2007-07-31,0,0,-1.2984130326122667
lq45,2007-08-31,0,0,-1.8290075619916912
lq45,2007-09-30,0,0,-29.033907194629194
lq45,2007-10-31,0,1,-86.90084337786664
lq45,2007-11-30,0,1,-89.64175348325547
lq45,2007-12-31,0,1,-79.73561335320127
lq45,2008-01-31,0,1,-76.51418614232712
lq45,2008-02-29,0,1,-86.39337695824861
lq45,2008-03-31,1,1,-61.844936330141124
lq45,2008-04-30,1,1,-36.74208008450135
lq45,2008-05-31,1,1,-32.89038640789413
lq45,2008-06-30,1,1,-23.333326212828975
lq45,2008-07-31,1,1,-5.7468840874411065
lq45,2008-08-31,1,1,1.4592965696788696
lq45,2008-09-30,1,1,26.031656561077376
lq45,2008-10-31,1,1,65.40673327416933
lq45,2008-11-30,1,1,67.90944710079883
lq45,2008-12-31,1,1,61.19087651166657
lq45,2009-01-31,1,1,66.48130954859681
lq45,2009-02-28,1,1,68.91433720650272
lq45,2009-03-31,1,1,64.54691821967478
lq45,2009-04-30,0,1,51.751024033775735
lq45,2009-05-31,0,1,37.64292464032888
lq45,2009-06-30,0,1,36.72027949746646
lq45,2009-07-31,0,1,26.09649954440414
lq45,2009-08-31,0,0,24.21994577069464
lq45,2009-09-30,0,0,29.793494194806414
lq45,2009-10-31,0,0,37.20536608006881
lq45,2009-11-30,0,0,29.249975001603268
lq45,2009-12-31,0,0,28.314631458355155
lq45,2010-01-31,0,0,15.804713199987486
lq45,2010-02-28,0,0,21.339112640948965
lq45,2010-03-31,0,0,19.96007076663968
lq45,2010-04-30,0,0,17.148762295653164
lq45,2010-05-31,0,0,22.720082395608454
lq45,2010-06-30,0,0,19.886252057952003
lq45,2010-07-31,0,0,21.283846331752798
lq45,2010-08-31,0,0,15.12934587419128
lq45,2010-09-30,0,0,-4.596865678761652
lq45,2010-10-31,0,0,0.3187608877950332
lq45,2010-11-30,0,0,2.8321858683637124
lq45,2010-12-31,0,0,1.8174289463694926
lq45,2011-01-31,0,0,14.647725843602988
lq45,2011-02-28,0,0,12.067054924784237
lq45,2011-03-31,0,0,7.805068235143597
lq45,2011-04-30,0,1,4.41879053807952
lq45,2011-05-31,0,1,-5.507664336316953
lq45,2011-06-30,0,1,-2.323171970126392
lq45,2011-07-31,0,1,-2.3666553702893722
lq45,2011-08-31,0,1,2.809655506786868
lq45,2011-09-30,0,1,16.14977574504257
lq45,2011-10-31,0,1,10.600862963368574
lq45,2011-11-30,0,1,10.187953921131943
lq45,2011-12-31,0,0,8.742203155785067
lq45,2012-01-31,0,0,9.515786408988003
lq45,2012-02-29,0,0,17.437009134479542
lq45,2012-03-31,0,0,16.08186679973116
lq45,2012-04-30,0,0,18.637117403172176
lq45,2012-05-31,0,0,26.24511891976553
lq45,2012-06-30,0,0,17.51977703848633
lq45,2012-07-31,0,0,7.969622445363456
lq45,2012-08-31,0,0,0.7933562852477927
lq45,2012-09-30,0,0,-2.6125091258186295
lq45,2012-10-31,0,0,0.49006392652470865
lq45,2012-11-30,0,0,-3.062330896065557
lq45,2012-12-31,0,0,-3.3055552822689904
lq45,2013-01-31,0,0,-2.5949214178253577
lq45,2013-02-28,0,0,-6.002686980584215
lq45,2013-03-31,0,0,-4.566968375737446
lq45,2013-04-30,0,0,-5.0438867192434955
lq45,2013-05-31,0,0,-1.793293725263112
lq45,2013-06-30,0,0,2.2955858260218953
lq45,2013-07-31,0,0,11.76822234237207
lq45,2013-08-31,0,0,21.496551258323393
lq45,2013-09-30,0,0,20.268601687537036
lq45,2013-10-31,0,0,13.978324391053754
lq45,2013-11-30,0,0,22.904757798613407
lq45,2013-12-31,0,0,23.394642177821634
lq45,2014-01-31,0,0,20.666904587194512
lq45,2014-02-28,0,0,19.81310708664239
lq45,2014-03-31,0,0,18.495302896856014
lq45,2014-04-30,0,0,6.471026980255612
lq45,2014-05-31,0,0,9.213539259318093
lq45,2014-06-30,0,0,1.9822447879892735
lq45,2014-07-31,0,0,-6.568318982017107
lq45,2014-08-31,0,0,-12.013135560353838
lq45,2014-09-30,0,0,-21.3857803334224
lq45,2014-10-31,0,0,-13.328622133193768
lq45,2014-11-30,0,0,-15.976249671028508
lq45,2014-12-31,0,0,-12.621645168859175
lq45,2015-01-31,0,0,-13.1095584366137
lq45,2015-02-28,0,0,-12.605208695019865
lq45,2015-03-31,0,0,-13.51336385259252
lq45,2015-04-30,0,0,-4.340408352119773
lq45,2015-05-31,0,0,-9.765661354844024
lq45,2015-06-30,0,0,2.5391638928938143
lq45,2015-07-31,0,0,9.355335038162593
lq45,2015-08-31,0,0,18.230861026669487
lq45,2015-09-30,0,0,26.85927270986106
lq45,2015-10-31,0,0,19.909832698571073
lq45,2015-11-30,0,0,12.64027270162309
lq45,2015-12-31,0,0,11.055886187330266
lq45,2016-01-31,0,0,9.230675734747606
lq45,2016-02-29,0,0,6.713030444121326
lq45,2016-03-31,0,0,9.22169213170374
lq45,2016-04-30,0,0,12.224282408944909
lq45,2016-05-31,0,0,15.521804205872591
lq45,2016-06-30,0,0,12.735182723059513
lq45,2016-07-31,0,0,8.708602976829827
lq45,2016-08-31,0,0,5.50738640882571
lq45,2016-09-30,0,0,6.021884924885068
lq45,2016-10-31,0,0,6.7883419084426855
lq45,2016-11-30,0,0,14.615476619085843
lq45,2016-12-31,0,0,19.899319055868236
lq45,2017-01-31,0,0,23.13821964445859
lq45,2017-02-28,0,0,20.90694066169565
lq45,2017-03-31,0,0,8.738383733636557
lq45,2017-04-30,0,0,1.8587563728399203
lq45,2017-05-31,0,0,-0.4300751432360528
lq45,2017-06-30,0,0,-7.280898337693298
lq45,2017-07-31,0,0,-4.2134779378628195
lq45,2017-08-31,0,0,-2.638539962184616
lq45,2017-09-30,0,0,-3.457983760467087
lq45,2017-10-31,0,0,-7.26190292470239
lq45,2017-11-30,0,0,-2.624442345268907
lq45,2017-12-31,0,0,-9.381696614181845
lq45,2018-01-31,0,0,-6.230308060753931
lq45,2018-02-28,0,0,-8.948327344458917
lq45,2018-03-31,0,0,1.3197063737218961
lq45,2018-04-30,0,0,6.16252111274731
lq45,2018-05-31,0,0,3.0253204542070478
lq45,2018-06-30,0,0,10.930669920975333
lq45,2018-07-31,0,0,9.057874479306172
lq45,2018-08-31,0,0,4.5067292944103166
lq45,2018-09-30,0,0,2.298591451299359
lq45,2018-10-31,0,0,6.515342058194129
lq45,2018-11-30,0,0,-1.0024640438512478
lq45,2018-12-31,0,0,3.178716556759742
lq45,2019-01-31,0,0,-7.69914484415164
lq45,2019-02-28,0,0,-13.44490178364639
lq45,2019-03-31,0,0,-38.82883187827461
lq45,2019-04-30,0,0,-35.65221904372579
lq45,2019-05-31,0,0,-30.317119121273617
lq45,2019-06-30,0,0,-29.331284971200322
lq45,2019-07-31,0,0,-24.157023942162592
lq45,2019-08-31,0,0,-18.910518568406154
lq45,2019-09-30,0,0,-27.259562675127835
lq45,2019-10-31,0,0,-21.981356204895786
lq45,2019-11-30,0,0,-8.022214794207105
lq45,2019-12-31,0,0,-8.169266775476114
lq45,2020-01-31,0,0,-5.337560153263077
lq45,2020-02-29,0,0,7.153263503409768
lq45,2020-03-31,0,0,26.716199761480386
lq45,2020-04-30,0,1,22.502504024895043
lq45,2020-05-31,0,1,20.238763350846067
lq45,2020-06-30,0,1,11.085316030971804
lq45,2020-07-31,0,1,2.4637596141577234
lq45,2020-08-31,0,1,5.004946832197188
lq45,2020-09-30,0,1,19.367467184029863
lq45,2020-10-31,0,0,18.65189622686314
lq45,2020-11-30,0,0,5.28446280893462
lq45,2020-12-31,0,0,-0.3729352794358931
lq45,2021-01-31,0,0,2.9868147358792285
lq45,2021-02-28,0,0,4.2269349778179865
lq45,2021-03-31,0,0,12.499503729362527
lq45,2021-04-30,0,0,19.433696546004153
lq45,2021-05-31,0,0,17.32783710158312
lq45,2021-06-30,0,0,16.050355613677958
lq45,2021-07-31,0,0,17.314886394161633
lq45,2021-08-31,0,0,16.586824741385797
lq45,2021-09-30,0,0,12.270376023215679
lq45,2021-10-31,0,0,6.259189661140585
lq45,2021-11-30,0,0,7.976344310231465
lq45,2021-12-31,0,0,0.6175820245415409
lq45,2022-01-31,0,0,-0.3347352609147869
lq45,2022-02-28,0,1,-4.4155254310713765
lq45,2022-03-31,0,1,-8.707624958270088
lq45,2022-04-30,0,1,-12.098611810945759
lq45,2022-05-31,1,1,-10.686731786344694
lq45,2022-06-30,1,1,-4.773721711652801
lq45,2022-07-31,1,1,-1.338326239129639
lq45,2022-08-31,1,1,-6.104451238784225
lq45,2022-09-30,1,1,-5.988029975120224
lq45,2022-10-31,1,1,-12.792925955999124
lq45,2022-11-30,1,1,-8.077364454271851
lq45,2022-12-31,1,1,3.5008176894897325
lq45,2023-01-31,1,1,3.9498287412305544
lq45,2023-02-28,1,1,4.859978846227708
lq45,2023-03-31,0,1,5.0217166858583795
lq45,2023-04-30,0,1,-3.709230170297406
lq45,2023-05-31,0,0,-8.599049245093582
lq45,2023-06-30,0,0,-6.325778622642897
lq45,2023-07-31,0,0,-5.525711851877002
lq45,2023-08-31,0,0,-1.863980135084553
lq45,2023-09-30,0,0,-1.4559304377523397
lq45,2023-10-31,0,1,3.2057820376998336
lq45,2023-11-30,0,0,-8.204636196470183
lq45,2023-12-31,0,0,-16.0502116792391
lq45,2024-01-31,0,0,-16.801287134871146
lq45,2024-02-29,0,0,-34.138156940302444
lq45,2024-03-31,0,0,-29.44222749419474
lq45,2024-04-30,0,0,-19.634577833866373
lq45,2024-05-31,0,0,-6.7230442048821
lq45,2024-06-30,0,0,-13.884142442543723
lq45,2024-07-31,0,0,-14.488559030110348
lq45,2024-08-31,0,0,-16.96292648647626
lq45,2024-09-30,0,0,-16.767201294524803
lq45,2024-10-31,0,0,-10.262569946185796
lq45,2024-11-30,0,0,-1.2945567422363524
lq45,2024-12-31,0,0,2.3811481718417404
lq45,2025-01-31,0,0,1.2057415674383343
lq45,2025-02-28,0,0,17.0412289586114
lq45,2025-03-31,0,0,-2.5788858314122365
lq45,2025-04-30,0,1,-12.902426921518462
lq45,2025-05-31,0,1,-28.751847841630607
ipc,2001-12-31,0,0,-3.923740239908824
ipc,2002-01-31,0,0,-15.143036228782591
ipc,2002-02-28,0,0,-12.770633416359978
ipc,2002-03-31,0,0,-21.89851418347679
ipc,2002-04-30,0,0,-13.901074403545088
ipc,2002-05-31,0,0,-4.843482689009981
ipc,2002-06-30,0,0,8.795880505485698
ipc,2002-07-31,0,0,19.999701293066963
ipc,2002-08-31,0,0,19.98228366226993
ipc,2002-09-30,0,0,31.155491045599604
ipc,2002-10-31,0,0,30.11460249884923
ipc,2002-11-30,0,0,32.889312973728835
ipc,2002-12-31,0,0,36.14953478272369
ipc,2003-01-31,0,0,45.96435423630929
ipc,2003-02-28,0,0,52.22364212574231
ipc,2003-03-31,0,0,57.57130786841014
ipc,2003-04-30,0,0,42.40635771599024
ipc,2003-05-31,0,0,40.42223708669059
ipc,2003-06-30,0,0,37.6642116461305
ipc,2003-07-31,0,0,31.876699865654246
ipc,2003-08-31,0,0,30.165518231015653
ipc,2003-09-30,0,0,33.70106625817968
ipc,2003-10-31,0,0,36.04144139546683
ipc,2003-11-30,0,0,34.69609809379701
ipc,2003-12-31,0,0,38.43971440892435
ipc,2004-01-31,0,0,32.86267640159348
ipc,2004-02-29,0,0,32.21397923321074
ipc,2004-03-31,0,0,18.67409339552104
ipc,2004-04-30,0,0,21.408206045499867
ipc,2004-05-31,0,0,25.599881306356487
ipc,2004-06-30,0,0,27.128442365092553
ipc,2004-07-31,0,0,35.37419797501382
ipc,2004-08-31,0,0,32.7605093715972
ipc,2004-09-30,0,0,38.60534047765363
ipc,2004-10-31,0,0,30.95309257852854
ipc,2004-11-30,0,0,32.98039452122126
ipc,2004-12-31,0,0,32.07383564294162
ipc,2005-01-31,0,0,36.714512458148896
ipc,2005-02-28,0,0,30.49569219873014
ipc,2005-03-31,0,0,41.89045288437807
ipc,2005-04-30,0,0,51.60641297799753
ipc,2005-05-31,0,0,36.513573236490515
ipc,2005-06-30,0,0,35.049317874420005
ipc,2005-07-31,0,0,33.2618465598447
ipc,2005-08-31,0,0,39.05907343165307
ipc,2005-09-30,0,0,30.811399010798013
ipc,2005-10-31,0,0,38.007542370123204
ipc,2005-11-30,0,0,39.41349564407606
ipc,2005-12-31,0,0,39.584190647337536
ipc,2006-01-31,0,0,37.68820248104792
ipc,2006-02-28,0,0,35.35129497713747
ipc,2006-03-31,0,0,39.98713978844162
ipc,2006-04-30,0,0,33.96516353418697
ipc,2006-05-31,0,0,51.94327278224797
ipc,2006-06-30,0,0,48.66930576630182
ipc,2006-07-31,0,0,42.24304976621465
ipc,2006-08-31,0,0,36.58563214823847
ipc,2006-09-30,0,0,32.28422491841112
ipc,2006-10-31,0,0,31.114121259910554
ipc,2006-11-30,0,0,17.61635666627619
ipc,2006-12-31,0,0,11.044530983619971
ipc,2007-01-31,0,0,4.373503407903634
ipc,2007-02-28,0,0,8.210780296107778
ipc,2007-03-31,0,0,7.261909433060687
ipc,2007-04-30,0,0,4.335159042861925
ipc,2007-05-31,0,0,1.8194267125707597
ipc,2007-06-30,0,0,-5.800670841988165
ipc,2007-07-31,0,0,-10.872471126225669
ipc,2007-08-31,0,0,-14.349967986537138
ipc,2007-09-30,0,0,-19.660000734181615
ipc,2007-10-31,0,0,-43.09205976197674
ipc,2007-11-30,0,0,-37.140148007913076
ipc,2007-12-31,0,0,-27.745594664521533
ipc,2008-01-31,0,1,-38.64051079110702
ipc,2008-02-29,0,1,-48.797389643674194
ipc,2008-03-31,1,1,-45.428305982914274
ipc,2008-04-30,1,1,-32.40998918442788
ipc,2008-05-31,1,1,-27.31885918738559
ipc,2008-06-30,1,1,-18.755484367092734
ipc,2008-07-31,1,1,-1.6776397180715108
ipc,2008-08-31,1,1,6.760851341430829
ipc,2008-09-30,1,1,16.08502811582202
ipc,2008-10-31,1,1,33.72608193510889
ipc,2008-11-30,1,1,41.04855316225713
ipc,2008-12-31,1,1,36.13115282638937
ipc,2009-01-31,1,1,44.04171196974005
ipc,2009-02-28,1,1,57.77412243231694
ipc,2009-03-31,1,1,52.76553393342809
ipc,2009-04-30,0,1,40.055313848763774
ipc,2009-05-31,0,1,27.515874259547246
ipc,2009-06-30,0,1,24.575157327112507
ipc,2009-07-31,0,1,17.78911084475112
ipc,2009-08-31,0,1,11.884600249062593
ipc,2009-09-30,0,1,13.11958707995391
ipc,2009-10-31,0,0,21.64376673156383
ipc,2009-11-30,0,0,17.336571719261507
ipc,2009-12-31,0,0,17.447067063622868
ipc,2010-01-31,0,0,19.627118801852816
ipc,2010-02-28,0,0,15.720065028001962
ipc,2010-03-31,0,0,11.820454821595483
ipc,2010-04-30,0,0,12.291991661957802
ipc,2010-05-31,0,0,11.19241507791795
ipc,2010-06-30,0,0,15.986396501594058
ipc,2010-07-31,0,0,10.816281149862306
ipc,2010-08-31,0,0,12.006077459244402
ipc,2010-09-30,0,0,0.517529319584753
ipc,2010-10-31,0,0,1.650070404933679
ipc,2010-11-30,0,0,0.032121363868498065
ipc,2010-12-31,0,0,-3.095337072352855
ipc,2011-01-31,0,0,1.1839178453342925
ipc,2011-02-28,0,0,2.130039447423826
ipc,2011-03-31,0,1,5.408488619873353
ipc,2011-04-30,0,1,6.540568109428513
ipc,2011-05-31,0,1,5.537374649321336
ipc,2011-06-30,0,1,9.495385716056681
ipc,2011-07-31,0,1,12.283267671975295
ipc,2011-08-31,0,1,9.85735237898524
ipc,2011-09-30,0,1,19.702002986298517
ipc,2011-10-31,0,1,14.062667097042336
ipc,2011-11-30,0,1,12.74083120866969
ipc,2011-12-31,0,1,16.44706165117036
ipc,2012-01-31,0,1,19.054562801033903
ipc,2012-02-29,0,1,15.418501722602684
ipc,2012-03-31,0,0,10.910193737024265
ipc,2012-04-30,0,0,6.861052487012564
ipc,2012-05-31,0,0,9.358224980353747
ipc,2012-06-30,0,1,1.048599188528776
ipc,2012-07-31,0,1,0.32767779399893726
ipc,2012-08-31,0,1,0.17923982482273004
ipc,2012-09-30,0,0,-1.5163884816915996
ipc,2012-10-31,0,0,-1.4065614903108425
ipc,2012-11-30,0,0,1.5785658556751514
ipc,2012-12-31,0,0,-1.7239470227565334
ipc,2013-01-31,0,0,-10.218772697915135
ipc,2013-02-28,0,0,-12.895640787830054
ipc,2013-03-31,0,0,-8.558672798219646
ipc,2013-04-30,0,0,-3.7411320200035902
ipc,2013-05-31,0,0,-0.5444409561604857
ipc,2013-06-30,0,0,5.07272644003578
ipc,2013-07-31,0,0,7.042759394194675
ipc,2013-08-31,0,0,14.441601582566221
ipc,2013-09-30,0,0,11.284424895025502
ipc,2013-10-31,0,0,9.275958048091937
ipc,2013-11-30,0,0,3.902554729312868
ipc,2013-12-31,0,0,0.4339847031934241
ipc,2014-01-31,0,0,0.17310976091735597
ipc,2014-02-28,0,0,13.05232224865751
ipc,2014-03-31,0,0,7.756160322895056
ipc,2014-04-30,0,0,9.082690496258472
ipc,2014-05-31,0,0,7.7679550581299495
ipc,2014-06-30,0,0,5.278601705454555
ipc,2014-07-31,0,0,2.1119261238979448
ipc,2014-08-31,0,0,-4.267301772545906
ipc,2014-09-30,0,0,-5.372598632638947
ipc,2014-10-31,0,0,-1.082418272436314
ipc,2014-11-30,0,0,-1.762233955289183
ipc,2014-12-31,0,0,-0.39051137846577433
ipc,2015-01-31,0,0,6.339669661724123
ipc,2015-02-28,0,0,-1.0812724387752937
ipc,2015-03-31,0,0,4.813777275292175
ipc,2015-04-30,0,0,2.6612540805013296
ipc,2015-05-31,0,0,1.6766195470177436
ipc,2015-06-30,0,0,2.0057521060675043
ipc,2015-07-31,0,0,4.174475541306499
ipc,2015-08-31,0,0,8.374871972465492
ipc,2015-09-30,0,0,10.274598817029101
ipc,2015-10-31,0,0,7.494468632405749
ipc,2015-11-30,0,0,4.277252187146097
ipc,2015-12-31,0,0,6.017130656231373
ipc,2016-01-31,0,0,7.440750008440844
ipc,2016-02-29,0,0,6.940622460293966
ipc,2016-03-31,0,0,5.636751846822996
ipc,2016-04-30,0,0,7.318786102993791
ipc,2016-05-31,0,0,7.067272575749506
ipc,2016-06-30,0,0,8.125608603270074
ipc,2016-07-31,0,0,8.915670631441941
ipc,2016-08-31,0,0,7.4344973541714765
ipc,2016-09-30,0,0,6.355655830079421
ipc,2016-10-31,0,0,1.2754375737422663
ipc,2016-11-30,0,0,3.845319943818737
ipc,2016-12-31,0,0,7.817933469990912
ipc,2017-01-31,0,0,7.093495106118652
ipc,2017-02-28,0,0,1.2326204280940445
ipc,2017-03-31,0,0,-5.106842505619547
ipc,2017-04-30,0,0,-1.8504373579272482
ipc,2017-05-31,0,0,-8.835806802628277
ipc,2017-06-30,0,0,-4.500910611707276
ipc,2017-07-31,0,0,-2.6093445539133953
ipc,2017-08-31,0,0,-3.3008775772982446
ipc,2017-09-30,0,0,-1.6863626332877857
ipc,2017-10-31,0,0,-10.126561059503558
ipc,2017-11-30,0,0,-12.082556737015437
ipc,2017-12-31,0,0,-16.99596475772651
ipc,2018-01-31,0,0,-13.718953838049508
ipc,2018-02-28,0,0,-10.232788960707317
ipc,2018-03-31,0,0,-6.363164635521912
ipc,2018-04-30,0,0,-8.096120573870813
ipc,2018-05-31,0,0,-4.3785810626642885
ipc,2018-06-30,0,0,-9.921830338519477
ipc,2018-07-31,0,0,-19.57377198547743
ipc,2018-08-31,0,0,-15.055314912300233
ipc,2018-09-30,0,0,-14.059454612565325
ipc,2018-10-31,0,0,-1.3869853326939463
ipc,2018-11-30,0,0,2.572253842137684
ipc,2018-12-31,0,0,4.463575488185789
ipc,2019-01-31,0,0,0.2732630785105883
ipc,2019-02-28,0,0,-3.564331085538086
ipc,2019-03-31,0,0,-22.5181545722398
ipc,2019-04-30,0,0,-20.118077068521067
ipc,2019-05-31,0,0,-16.8427229657361
ipc,2019-06-30,0,0,-13.48454916482158
ipc,2019-07-31,0,0,-9.877755209829964
ipc,2019-08-31,0,0,-14.577824352475233
ipc,2019-09-30,0,0,-13.822340016766965
ipc,2019-10-31,0,0,-15.842352960738637
ipc,2019-11-30,0,0,-2.461874398943742
ipc,2019-12-31,0,0,1.2004983566974659
ipc,2020-01-31,0,0,-2.577995713812875
ipc,2020-02-29,0,0,7.612396865983939
ipc,2020-03-31,0,0,31.28348416256248
ipc,2020-04-30,0,1,27.49104605147412
ipc,2020-05-31,0,1,34.266451860104574
ipc,2020-06-30,0,1,28.770547875443597
ipc,2020-07-31,0,1,31.77906843835725
ipc,2020-08-31,0,1,36.94211862229757
ipc,2020-09-30,0,1,31.61182564256766
ipc,2020-10-31,0,1,32.729280980382214
ipc,2020-11-30,0,1,17.3588417583753
ipc,2020-12-31,0,0,18.971069560265974
ipc,2021-01-31,0,0,17.74237553363811
ipc,2021-02-28,0,0,18.024727613466673
ipc,2021-03-31,0,0,17.95160917770371
ipc,2021-04-30,0,0,6.858423357470578
ipc,2021-05-31,0,0,1.6886505327109447
ipc,2021-06-30,0,0,-5.655697999205778
ipc,2021-07-31,0,0,-5.50370037183896
ipc,2021-08-31,0,0,-17.115948786674906
ipc,2021-09-30,0,0,-14.10224268090694
ipc,2021-10-31,0,0,-2.741473123618121
ipc,2021-11-30,0,0,3.9185730115788076
ipc,2021-12-31,0,0,-9.460079802762067
ipc,2022-01-31,0,0,6.108729795367651
ipc,2022-02-28,0,1,-1.2105627180032386
ipc,2022-03-31,0,1,-4.768493885917913
ipc,2022-04-30,0,1,6.954703936417417
ipc,2022-05-31,1,1,1.882995309197355
ipc,2022-06-30,1,1,11.892511558803598
ipc,2022-07-31,1,1,12.9834440178616
ipc,2022-08-31,1,1,16.582195543327494
ipc,2022-09-30,1,1,13.103666692897775
ipc,2022-10-31,1,1,-1.7385476140249878
ipc,2022-11-30,1,1,4.492987441330776
ipc,2022-12-31,1,1,16.89863749488776
ipc,2023-01-31,1,1,5.019039183641816
ipc,2023-02-28,0,1,4.91157391714232
ipc,2023-03-31,0,1,6.229960535445578
ipc,2023-04-30,1,1,2.8732834395150064
ipc,2023-05-31,1,1,4.528346735487432
ipc,2023-06-30,1,1,-2.0499383255369708
ipc,2023-07-31,1,0,-3.116730547377067
ipc,2023-08-31,1,1,-0.20291883276275513
ipc,2023-09-30,0,1,3.1009450172938102
ipc,2023-10-31,0,1,3.2075049964397806
ipc,2023-11-30,1,1,-8.18259779882844
ipc,2023-12-31,1,0,-14.756402260289114
ipc,2024-01-31,1,0,-11.36439842349155
ipc,2024-02-29,1,0,-5.734404095010426
ipc,2024-03-31,0,0,-8.898774378979724
ipc,2024-04-30,1,0,-0.82965442316425
ipc,2024-05-31,0,0,4.7123055829990435
ipc,2024-06-30,1,0,9.126027146208848
ipc,2024-07-31,1,0,7.713776445269183
ipc,2024-08-31,1,0,10.393213697172143
ipc,2024-09-30,1,0,18.141296378352045
ipc,2024-10-31,1,0,21.430679750892878
ipc,2024-11-30,1,0,24.42940801556297
ipc,2024-12-31,1,0,26.14478302718055
ipc,2025-01-31,1,0,27.766682466551806
ipc,2025-02-28,1,0,31.08904980865166
ipc,2025-03-31,1,1,26.79322242972244
ipc,2025-04-30,1,1,18.744764056551233
ipc,2025-05-31,1,1,19.10903975913456
kospi,2007-01-31,0,0,17.765711763481917
kospi,2007-02-28,0,0,18.865843625862322
kospi,2007-03-31,0,0,15.965188793944218
kospi,2007-04-30,0,0,16.86015733544135
kospi,2007-05-31,0,0,8.511352379169423
kospi,2007-06-30,0,0,-4.01864982003417
kospi,2007-07-31,0,0,-19.25460339930396
kospi,2007-08-31,0,0,-23.952695057780637
kospi,2007-09-30,0,0,-29.57978330963833
kospi,2007-10-31,0,1,-61.79446000058153
kospi,2007-11-30,0,1,-57.169133976035184
kospi,2007-12-31,1,1,-52.303043295173964
kospi,2008-01-31,1,1,-33.50736006562087
kospi,2008-02-29,1,1,-47.631693907810835
kospi,2008-03-31,1,1,-34.54478822263454
kospi,2008-04-30,1,1,-28.74940053678454
kospi,2008-05-31,1,1,-28.274473067972306
kospi,2008-06-30,1,1,-18.641136223185217
kospi,2008-07-31,1,1,-2.3719689624804197
kospi,2008-08-31,1,1,7.675425039942496
kospi,2008-09-30,1,1,14.447733923420358
kospi,2008-10-31,1,1,35.07483916633696
kospi,2008-11-30,1,1,36.854584213349106
kospi,2008-12-31,1,1,40.31294692678262
kospi,2009-01-31,1,1,32.128395491370384
kospi,2009-02-28,1,1,40.548700258353065
kospi,2009-03-31,1,1,33.88888127978493
kospi,2009-04-30,0,1,24.04378302245549
kospi,2009-05-31,0,1,16.19259314669277
kospi,2009-06-30,0,1,20.026781852333997
kospi,2009-07-31,0,1,12.198587356386703
kospi,2009-08-31,0,0,9.056747884370697
kospi,2009-09-30,0,0,11.27378987983434
kospi,2009-10-31,0,0,17.4978246516865
kospi,2009-11-30,0,0,20.2426458951126
kospi,2009-12-31,0,0,19.78862223387914
kospi,2010-01-31,0,0,25.589689392092385
kospi,2010-02-28,0,0,19.571675728021898
kospi,2010-03-31,0,0,21.870923428697342
kospi,2010-04-30,0,0,23.019734124329627
kospi,2010-05-31,0,0,26.650120874882788
kospi,2010-06-30,0,0,21.264394882641113
kospi,2010-07-31,0,0,19.269483943898003
kospi,2010-08-31,0,0,7.586595259283779
kospi,2010-09-30,0,0,-5.66582073497397
kospi,2010-10-31,0,0,1.3755604982177871
kospi,2010-11-30,0,0,-3.0448974724982314
kospi,2010-12-31,0,0,-11.634210013717006
kospi,2011-01-31,0,0,-5.662393069222116
kospi,2011-02-28,0,0,4.583182978210409
kospi,2011-03-31,0,0,-4.498004450531834
kospi,2011-04-30,0,1,-10.087725261662683
kospi,2011-05-31,0,1,-15.030970610929373
kospi,2011-06-30,0,1,-12.491496815788317
kospi,2011-07-31,0,1,-12.5298146750902
kospi,2011-08-31,0,1,1.3214718180523555
kospi,2011-09-30,0,1,12.046856249198079
kospi,2011-10-31,0,1,0.15859505336353052
kospi,2011-11-30,0,1,4.518268663007063
kospi,2011-12-31,0,0,8.96857371736317
kospi,2012-01-31,0,0,0.31395259121218544
kospi,2012-02-29,0,0,-0.18537105416509547
kospi,2012-03-31,0,0,-0.45534707504542027
kospi,2012-04-30,0,0,-0.9143659061677134
kospi,2012-05-31,0,0,8.20224179225093
kospi,2012-06-30,0,0,0.5008947873163194
kospi,2012-07-31,0,0,1.688125973169896
kospi,2012-08-31,0,0,1.1087208035247542
kospi,2012-09-30,0,0,0.03756414194695523
kospi,2012-10-31,0,0,5.989888467547377
kospi,2012-11-30,0,0,5.631273694277716
kospi,2012-12-31,0,0,0.7130033493949028
kospi,2013-01-31,0,0,-1.0653156239832207
kospi,2013-02-28,0,0,-2.321343838225154
kospi,2013-03-31,0,0,-0.966303937766888
kospi,2013-04-30,0,0,-0.11003848103499081
kospi,2013-05-31,0,0,-0.3048086761998192
kospi,2013-06-30,0,0,7.189173697428863
kospi,2013-07-31,0,0,8.128984135122863
kospi,2013-08-31,0,0,7.121085910778291
kospi,2013-09-30,0,0,1.1516043329131698
kospi,2013-10-31,0,0,-3.287795596295151
kospi,2013-11-30,0,0,-3.1843494086933433
kospi,2013-12-31,0,0,-4.877549828737848
kospi,2014-01-31,0,0,0.41692248518367947
kospi,2014-02-28,0,0,0.293009094951735
kospi,2014-03-31,0,0,2.75284324114633
kospi,2014-04-30,0,0,8.093507938658284
kospi,2014-05-31,0,0,5.8336288033011385
kospi,2014-06-30,0,0,3.532396264566895
kospi,2014-07-31,0,0,-2.2386199029040377
kospi,2014-08-31,0,0,-6.338734881111563
kospi,2014-09-30,0,0,-2.876489812096583
kospi,2014-10-31,0,0,3.2572506539023216
kospi,2014-11-30,0,0,0.5633362783340701
kospi,2014-12-31,0,0,2.3586995872910244
kospi,2015-01-31,0,0,-1.9268592848313837
kospi,2015-02-28,0,0,-3.5437774498825014
kospi,2015-03-31,0,0,-2.238458421843603
kospi,2015-04-30,0,0,-6.457451444355478
kospi,2015-05-31,0,0,-6.414771238884054
kospi,2015-06-30,0,0,-5.136433407955465
kospi,2015-07-31,0,0,-0.6905061779320931
kospi,2015-08-31,0,0,4.6868111440060645
kospi,2015-09-30,0,0,4.035049089736287
kospi,2015-10-31,0,0,-1.0540871096132776
kospi,2015-11-30,0,0,-0.42712162123841324
kospi,2015-12-31,0,0,3.267776194367489
kospi,2016-01-31,0,0,7.819281218653984
kospi,2016-02-29,0,0,8.736429019958436
kospi,2016-03-31,0,0,7.914467593518992
kospi,2016-04-30,0,0,10.07091022792812
kospi,2016-05-31,0,0,16.848720658107208
kospi,2016-06-30,0,0,19.383087637091556
kospi,2016-07-31,0,0,17.538768799532978
kospi,2016-08-31,0,0,14.968855051153085
kospi,2016-09-30,0,0,15.843425904263597
kospi,2016-10-31,0,0,22.83852703828355
kospi,2016-11-30,0,0,22.194095766413113
kospi,2016-12-31,0,0,19.69110265248073
kospi,2017-01-31,0,0,21.615346452793283
kospi,2017-02-28,0,0,14.885589536549926
kospi,2017-03-31,0,0,12.41780622327422
kospi,2017-04-30,0,0,13.149683007972257
kospi,2017-05-31,0,0,3.171081031123091
kospi,2017-06-30,0,0,-2.7836163828398597
kospi,2017-07-31,0,0,-4.575111962294898
kospi,2017-08-31,0,0,-1.7204631776128743
kospi,2017-09-30,0,0,-2.1699835293624403
kospi,2017-10-31,0,0,-21.77360169080318
kospi,2017-11-30,0,0,-16.635278667233422
kospi,2017-12-31,0,0,-18.97419346643172
kospi,2018-01-31,0,0,-15.186797858322976
kospi,2018-02-28,0,0,-10.042183594163312
kospi,2018-03-31,0,0,-13.327392305054175
kospi,2018-04-30,0,0,-13.2335950526568
kospi,2018-05-31,0,0,-17.120819226940043
kospi,2018-06-30,0,0,-8.779281991613175
kospi,2018-07-31,0,0,-12.549865335147192
kospi,2018-08-31,0,0,-16.58966391948029
kospi,2018-09-30,0,0,-12.727657046950291
kospi,2018-10-31,0,0,2.615652006339353
kospi,2018-11-30,0,0,-0.425354483964302
kospi,2018-12-31,0,0,7.393817166273831
kospi,2019-01-31,0,0,-3.971052057475166
kospi,2019-02-28,0,0,-9.975145414624187
kospi,2019-03-31,0,0,-19.8855111630289
kospi,2019-04-30,0,0,-12.351055135959577
kospi,2019-05-31,0,0,-0.5963663428054211
kospi,2019-06-30,0,0,-1.0516870207674778
kospi,2019-07-31,0,0,10.530275134765255
kospi,2019-08-31,0,0,16.731199921456952
kospi,2019-09-30,0,0,12.07767377360689
kospi,2019-10-31,0,0,8.448392977430252
kospi,2019-11-30,0,0,21.598765631350858
kospi,2019-12-31,0,0,26.812267581274263
kospi,2020-01-31,0,0,33.97016627817236
kospi,2020-02-29,0,0,41.62886478639463
kospi,2020-03-31,0,0,55.66151190742694
kospi,2020-04-30,0,1,48.014555390746594
kospi,2020-05-31,0,1,45.653631844724885
kospi,2020-06-30,0,1,44.701967873994164
kospi,2020-07-31,0,1,35.32253393600371
kospi,2020-08-31,0,1,31.86995602012459
kospi,2020-09-30,0,1,27.633091341849703
kospi,2020-10-31,0,0,27.026736682353114
kospi,2020-11-30,0,0,9.128025293763464
kospi,2020-12-31,0,0,3.5614017529901787
kospi,2021-01-31,0,0,-11.106965863649876
kospi,2021-02-28,0,0,-10.997165119503638
kospi,2021-03-31,0,0,-10.450000274168136
kospi,2021-04-30,0,0,-15.530611582825493
kospi,2021-05-31,0,0,-17.635920475395483
kospi,2021-06-30,0,0,-34.59152533891485
kospi,2021-07-31,0,0,-26.71754863578153
kospi,2021-08-31,0,0,-25.787487920593755
kospi,2021-09-30,0,0,-35.32750737977457
kospi,2021-10-31,0,0,-25.866381745478506
kospi,2021-11-30,0,0,-13.821347353324498
kospi,2021-12-31,0,0,-28.626697951210023
kospi,2022-01-31,0,0,-9.37164614845516
kospi,2022-02-28,0,1,-11.213933595143288
kospi,2022-03-31,0,1,-10.73871600557812
kospi,2022-04-30,0,1,-7.451421879215125
kospi,2022-05-31,1,1,-4.1343289134724515
kospi,2022-06-30,1,1,9.4677121566483
kospi,2022-07-31,1,1,7.126430149502827
kospi,2022-08-31,1,1,3.350138669958991
kospi,2022-09-30,1,1,13.420216101970261
kospi,2022-10-31,1,1,-0.6833571458166432
kospi,2022-11-30,0,1,2.5066114571528075
kospi,2022-12-31,0,1,17.168273505664544
kospi,2023-01-31,0,1,2.926154334576303
kospi,2023-02-28,0,1,9.086383597821168
kospi,2023-03-31,0,1,10.33829906874395
kospi,2023-04-30,0,1,7.340416517090365
kospi,2023-05-31,0,0,2.2787331349605644
kospi,2023-06-30,0,0,8.716281805230253
kospi,2023-07-31,1,0,5.11319819006566
kospi,2023-08-31,1,0,4.514225267956196
kospi,2023-09-30,1,0,5.069940277307872
kospi,2023-10-31,1,1,11.520871112216557
kospi,2023-11-30,1,0,-3.1810715454827942
kospi,2023-12-31,0,0,-10.129391085757788
kospi,2024-01-31,0,0,0.8088663201321289
kospi,2024-02-29,0,0,-4.235497259879573
kospi,2024-03-31,0,0,-10.166454461828511
kospi,2024-04-30,0,0,-5.162451735468121
kospi,2024-05-31,0,0,2.292853533814121
kospi,2024-06-30,0,0,9.339057142909013
kospi,2024-07-31,0,0,15.815455062544892
kospi,2024-08-31,0,0,17.50779282207038
kospi,2024-09-30,0,0,27.806506992717583
kospi,2024-10-31,0,0,47.43123888943419
kospi,2024-11-30,0,0,46.927405825525796
kospi,2024-12-31,0,0,56.31964270450291
kospi,2025-01-31,0,0,73.01175238423153
kospi,2025-02-28,0,0,90.23242783747394
kospi,2025-03-31,1,0,71.1165127294688
kospi,2025-04-30,1,1,94.82162358050897
kospi,2025-05-31,1,1,110.99502371133303
szse,2007-09-30,0,0,-91.45099712000295
szse,2007-10-31,0,1,-120.73945742552645
szse,2007-11-30,0,1,-85.37864582880471
szse,2007-12-31,1,1,-100.40291601170725
szse,2008-01-31,0,1,-81.55708541371726
szse,2008-02-29,1,1,-73.2290848991898
szse,2008-03-31,1,1,-39.270783474602666
szse,2008-04-30,1,1,-35.14948322625635
szse,2008-05-31,1,1,-17.362257035614626
szse,2008-06-30,1,1,21.05261891193102
szse,2008-07-31,1,1,36.70925623428385
szse,2008-08-31,1,1,27.947486982832537
szse,2008-09-30,1,1,39.375062177881226
szse,2008-10-31,1,1,74.47522047635022
szse,2008-11-30,1,1,70.58135383833832
szse,2008-12-31,1,1,74.78232281596266
szse,2009-01-31,1,1,54.81901959294042
szse,2009-02-28,1,1,49.141924330466935
szse,2009-03-31,1,1,33.00595029027349
szse,2009-04-30,1,1,16.10065594937442
szse,2009-05-31,0,1,0.7500481732339637
szse,2009-06-30,0,1,-20.88031288143828
szse,2009-07-31,0,0,-23.706752568604372
szse,2009-08-31,0,0,6.877619846248884
szse,2009-09-30,0,0,2.3082473290486405
szse,2009-10-31,0,0,8.343862696462523
szse,2009-11-30,0,0,-8.916393202948214
szse,2009-12-31,0,0,-9.498652232894678
szse,2010-01-31,0,0,-1.1811910571875472
szse,2010-02-28,0,0,3.6767925911911803
szse,2010-03-31,0,0,0.547145185994502
szse,2010-04-30,0,0,9.809122449860475
szse,2010-05-31,0,0,13.380840354250978
szse,2010-06-30,0,0,25.47889450101355
szse,2010-07-31,0,0,10.5920089058392
szse,2010-08-31,0,0,0.5169759741828983
szse,2010-09-30,0,0,-10.820871393638853
szse,2010-10-31,0,0,-24.325136328918262
szse,2010-11-30,0,0,-24.11010962337361
szse,2010-12-31,0,0,-33.42433920374237
szse,2011-01-31,0,0,-25.405632614491402
szse,2011-02-28,0,0,-24.93624434818802
szse,2011-03-31,0,0,-28.89474351512078
szse,2011-04-30,0,0,-19.0191496509323
szse,2011-05-31,0,0,-13.997786829686731
szse,2011-06-30,0,1,-24.27828058596706
szse,2011-07-31,0,1,-28.03257572720277
szse,2011-08-31,0,1,-32.791874544243704
szse,2011-09-30,0,1,-17.046738944793738
szse,2011-10-31,0,1,-21.304865251358684
szse,2011-11-30,0,1,-20.41701680431629
szse,2011-12-31,0,0,2.1920050991802498
szse,2012-01-31,0,0,3.838039656471892
szse,2012-02-29,0,0,-4.198355208046678
szse,2012-03-31,0,0,-5.689943089169525
szse,2012-04-30,0,0,-15.813045891378685
szse,2012-05-31,0,0,-9.114430900617165
szse,2012-06-30,0,0,-21.08236259983922
szse,2012-07-31,0,0,-15.410518975308918
szse,2012-08-31,0,0,-0.10369362737385757
szse,2012-09-30,0,0,-1.9152654454520857
szse,2012-10-31,0,0,-0.300220370384352
szse,2012-11-30,1,0,7.7792596946624215
szse,2012-12-31,1,0,-11.553317269215313
szse,2013-01-31,1,0,-24.424691228396078
szse,2013-02-28,0,0,-26.920514080211788
szse,2013-03-31,0,0,-21.226835931881816
szse,2013-04-30,0,0,-17.26983980068031
szse,2013-05-31,0,0,-22.87667081176643
szse,2013-06-30,0,0,-4.671627564150427
szse,2013-07-31,0,0,2.4362884077152813
szse,2013-08-31,0,0,-4.498094897122407
szse,2013-09-30,0,0,-5.234370390188303
szse,2013-10-31,0,0,-2.625214394335451
szse,2013-11-30,0,0,5.240578320642619
szse,2013-12-31,0,0,30.46729249190765
szse,2014-01-31,0,0,38.69610116630717
szse,2014-02-28,0,0,46.76412689141323
szse,2014-03-31,0,0,60.45993233789044
szse,2014-04-30,0,0,70.62514148662248
szse,2014-05-31,0,0,78.21312394134577
szse,2014-06-30,0,0,66.9125596714805
szse,2014-07-31,0,0,44.15769094517632
szse,2014-08-31,0,0,29.6590585044072
szse,2014-09-30,0,0,21.197423494201928
szse,2014-10-31,0,0,33.90907802150416
szse,2014-11-30,0,0,29.058431422944864
szse,2014-12-31,0,0,13.961006900899697
szse,2015-01-31,2,0,-16.885739799849553
szse,2015-02-28,0,0,-25.65223758791113
szse,2015-03-31,2,0,-23.011635893808524
szse,2015-04-30,2,0,-37.92460229572079
szse,2015-05-31,2,0,-46.03957373057295
szse,2015-06-30,2,0,-31.248968572836766
szse,2015-07-31,0,0,-18.061963230433875
szse,2015-08-31,0,0,1.959228346504105
szse,2015-09-30,0,0,5.638130080767034
szse,2015-10-31,0,0,-7.569783084798765
szse,2015-11-30,0,0,-8.905381091688902
szse,2015-12-31,2,0,-21.868962249258317
szse,2016-01-31,0,0,6.513259218929157
szse,2016-02-29,0,0,13.298853959330081
szse,2016-03-31,0,0,-0.25522495241894205
szse,2016-04-30,0,0,0.9139298557284903
szse,2016-05-31,0,0,-2.947455748163641
szse,2016-06-30,0,0,0.37698723846482096
szse,2016-07-31,0,0,1.6857128593755988
szse,2016-08-31,0,0,0.5447038326570564
szse,2016-09-30,0,0,4.8006905990362725
szse,2016-10-31,0,0,6.0130731439793195
szse,2016-11-30,0,0,-0.6195169934049005
szse,2016-12-31,0,0,8.142915952325147
szse,2017-01-31,0,0,10.453791483765862
szse,2017-02-28,0,0,4.123729411434063
szse,2017-03-31,2,0,4.132630557664818
szse,2017-04-30,2,0,0.8744910230042535
szse,2017-05-31,2,0,4.275968466078517
szse,2017-06-30,2,0,-11.566091980394688
szse,2017-07-31,2,0,-13.495359887647496
szse,2017-08-31,2,0,-24.50827888697873
szse,2017-09-30,2,0,-27.742897447840242
szse,2017-10-31,2,0,-41.815786373485864
szse,2017-11-30,2,0,-35.39530915403866
szse,2017-12-31,2,0,-42.19697207850324
szse,2018-01-31,2,0,-40.01747796319446
szse,2018-02-28,2,0,-18.143282053650367
szse,2018-03-31,0,0,-9.265109890746004
szse,2018-04-30,0,0,-5.408944959346407
szse,2018-05-31,0,0,-14.312788400271259
szse,2018-06-30,0,0,-2.16762276072906
szse,2018-07-31,0,0,1.598125105651249
szse,2018-08-31,0,0,10.106032838532819
szse,2018-09-30,0,0,11.72593150536514
szse,2018-10-31,0,0,25.2829401619012
szse,2018-11-30,0,0,22.105960778111466
szse,2018-12-31,0,0,36.5167841004288
szse,2019-01-31,0,0,35.642221970024046
szse,2019-02-28,0,0,19.537947644243303
szse,2019-03-31,0,0,0.558046707176274
szse,2019-04-30,0,0,9.185385507483268
szse,2019-05-31,0,0,18.594352538715064
szse,2019-06-30,0,0,26.742586891704967
szse,2019-07-31,0,0,37.99795640459038
szse,2019-08-31,0,0,38.45853139024076
szse,2019-09-30,0,0,31.218787563655148
szse,2019-10-31,0,0,31.7549130918934
szse,2019-11-30,0,0,35.53086706357025
szse,2019-12-31,0,0,32.736446487215076
szse,2020-01-31,0,0,32.75611477689644
szse,2020-02-29,0,0,27.85168056075502
szse,2020-03-31,0,0,32.431378953927315
szse,2020-04-30,1,1,29.762590759548146
szse,2020-05-31,1,1,33.32677866493441
szse,2020-06-30,1,1,23.45036100868274
szse,2020-07-31,0,1,5.944814510524488
szse,2020-08-31,1,1,4.060495314363699
szse,2020-09-30,0,1,10.308471322657375
szse,2020-10-31,0,0,8.780421318279963
szse,2020-11-30,0,0,7.9126934071025445
szse,2020-12-31,0,0,2.6370154280796143
szse,2021-01-31,0,0,-10.62403496930493
szse,2021-02-28,0,0,-7.525725157900176
szse,2021-03-31,0,0,-12.840915778956052
szse,2021-04-30,0,0,-27.006061405248794
szse,2021-05-31,0,0,-26.306292572917833
szse,2021-06-30,0,0,-16.183981453860774
szse,2021-07-31,0,0,-16.53931495293932
szse,2021-08-31,0,0,-19.280540185913964
szse,2021-09-30,0,0,-28.33257451080211
szse,2021-10-31,0,0,-32.92687496103124
szse,2021-11-30,0,0,-28.662807627491738
szse,2021-12-31,0,0,-29.914679107354125
szse,2022-01-31,0,0,-10.485993022907358
szse,2022-02-28,0,1,-13.267938219141406
szse,2022-03-31,0,1,-3.2869837276029656
szse,2022-04-30,1,1,2.837649489969607
szse,2022-05-31,1,1,-6.576941379866419
szse,2022-06-30,1,1,-15.662309502252114
szse,2022-07-31,1,1,-9.24300498789421
szse,2022-08-31,1,1,-12.588154307500687
szse,2022-09-30,1,1,-6.408507692352572
szse,2022-10-31,1,1,-5.264968390379998
szse,2022-11-30,1,1,-13.281328974305673
szse,2022-12-31,1,1,-14.54604552669263
szse,2023-01-31,1,1,-37.93128605136005
szse,2023-02-28,1,1,-23.344347077660643
szse,2023-03-31,1,1,-22.104267433339864
szse,2023-04-30,1,1,-16.779845739056043
szse,2023-05-31,1,0,-14.206337406165837
szse,2023-06-30,1,0,-22.00390368041827
szse,2023-07-31,1,0,-24.495515033829207
szse,2023-08-31,1,0,-22.147569027823444
szse,2023-09-30,1,0,4.072694123088283
szse,2023-10-31,1,1,7.1153860076954345
szse,2023-11-30,1,0,8.706173364363323
szse,2023-12-31,1,0,8.932224211273088
szse,2024-01-31,1,0,21.23728228327213
szse,2024-02-29,0,0,12.863161926159883
szse,2024-03-31,0,0,11.098749137997466
szse,2024-04-30,0,0,3.209606353331118
szse,2024-05-31,1,0,6.972673238818494
szse,2024-06-30,1,0,16.777725617706984
szse,2024-07-31,1,0,22.926201595920936
szse,2024-08-31,1,0,41.92192861543038
szse,2024-09-30,1,0,25.044593467026566
szse,2024-10-31,1,0,23.36019308845181
szse,2024-11-30,0,0,20.17649727041224
szse,2024-12-31,1,0,26.133160703940916
szse,2025-01-31,1,0,33.55850555250797
szse,2025-02-28,1,0,31.189612185144888
szse,2025-03-31,1,0,24.927558578505504
szse,2025-04-30,1,1,42.26779992110892
szse,2025-05-31,1,1,43.903555419653806
psei,2000-02-29,2,2,-1.7478898852120395
psei,2000-03-31,2,2,-15.073930263069713
psei,2000-04-30,2,2,-14.796701939260437
psei,2000-05-31,2,2,-5.309726569522422
psei,2000-06-30,2,2,-8.423286800173724
psei,2000-07-31,2,2,-3.905452660224995
psei,2000-08-31,0,2,-19.47508997303613
psei,2000-09-30,0,2,-24.157853572056176
psei,2000-10-31,2,2,-25.964639737428197
psei,2000-11-30,0,0,-21.90535713840509
psei,2000-12-31,2,0,-24.643040168997832
psei,2001-01-31,2,0,-21.404165779804174
psei,2001-02-28,0,0,-13.74942535556114
psei,2001-03-31,0,0,-3.002312525134787
psei,2001-04-30,0,0,-2.4038470571172255
psei,2001-05-31,0,0,-6.426995999898555
psei,2001-06-30,0,0,-19.83707761424993
psei,2001-07-31,0,0,-19.33900613803301
psei,2001-08-31,0,0,-13.705982258340033
psei,2001-09-30,0,0,0.24025573152330892
psei,2001-10-31,0,0,5.406146993291738
psei,2001-11-30,0,0,-7.472360122926336
psei,2001-12-31,0,0,-13.711874141402092
psei,2002-01-31,0,0,-25.37687623852749
psei,2002-02-28,0,0,-32.17596854011573
psei,2002-03-31,0,0,-30.015126832948624
psei,2002-04-30,0,0,-23.127579331260684
psei,2002-05-31,0,0,-20.27354208659542
psei,2002-06-30,0,0,5.587487231456123
psei,2002-07-31,0,0,9.923268275733221
psei,2002-08-31,0,0,7.796858794492412
psei,2002-09-30,0,0,13.874434230864363
psei,2002-10-31,0,0,28.841849531661445
psei,2002-11-30,0,0,22.68379199303565
psei,2002-12-31,1,0,34.80449657100726
psei,2003-01-31,1,0,35.58418895174577
psei,2003-02-28,1,0,37.5042842261263
psei,2003-03-31,0,0,31.479812195140955
psei,2003-04-30,1,0,37.55537082013029
psei,2003-05-31,0,0,34.190861092739496
psei,2003-06-30,0,0,25.5901687648171
psei,2003-07-31,0,0,24.494501396048296
psei,2003-08-31,0,0,28.098861947624876
psei,2003-09-30,0,0,30.582767161339497
psei,2003-10-31,0,0,26.24956695486471
psei,2003-11-30,0,0,33.18634203958499
psei,2003-12-31,0,0,23.410264689722382
psei,2004-01-31,0,0,29.18964466006848
psei,2004-02-29,0,0,33.817467546779326
psei,2004-03-31,0,0,31.653015325221023
psei,2004-04-30,0,0,17.620323699194262
psei,2004-05-31,0,0,24.4188835769239
psei,2004-06-30,0,0,19.748084447564107
psei,2004-07-31,0,0,23.287709160042347
psei,2004-08-31,0,0,20.37715485792795
psei,2004-09-30,0,0,9.754896972219562
psei,2004-10-31,0,0,7.475331095841664
psei,2004-11-30,0,0,14.059563781426299
psei,2004-12-31,0,0,13.96596777328396
psei,2005-01-31,0,0,6.044160822543709
psei,2005-02-28,0,0,2.044826947757361
psei,2005-03-31,0,0,11.638315061238913
psei,2005-04-30,0,0,20.23280750789489
psei,2005-05-31,0,0,17.401768497689307
psei,2005-06-30,0,0,12.424381981845034
psei,2005-07-31,0,0,17.837255501102245
psei,2005-08-31,0,0,17.712361845914693
psei,2005-09-30,0,0,27.496689419993814
psei,2005-10-31,0,0,32.33382698665865
psei,2005-11-30,0,0,28.005344379520647
psei,2005-12-31,0,0,35.27253839667041
psei,2006-01-31,0,0,41.20266832960606
psei,2006-02-28,0,0,36.803520587582206
psei,2006-03-31,0,0,37.76448411570668
psei,2006-04-30,0,0,36.499991835056456
psei,2006-05-31,0,0,41.428306321592956
psei,2006-06-30,0,0,51.89283896405712
psei,2006-07-31,0,0,38.14609765395316
psei,2006-08-31,0,0,37.530173194480994
psei,2006-09-30,0,0,33.46563006148058
psei,2006-10-31,0,0,32.77500079342835
psei,2006-11-30,0,0,24.94682387725371
psei,2006-12-31,0,0,19.41407128333008
psei,2007-01-31,0,0,0.8218003739001389
psei,2007-02-28,0,0,2.018321352646524
psei,2007-03-31,0,0,-7.077046079783678
psei,2007-04-30,0,0,-17.34958774671229
psei,2007-05-31,0,0,-20.612776255049692
psei,2007-06-30,0,0,-39.75448666870083
psei,2007-07-31,0,0,-30.644099253106738
psei,2007-08-31,0,0,-22.468323003680357
psei,2007-09-30,0,0,-32.96079318668976
psei,2007-10-31,0,0,-65.57568156384876
psei,2007-11-30,0,0,-59.61275583826344
psei,2007-12-31,0,0,-65.94546445758765
psei,2008-01-31,0,1,-58.193674383676175
psei,2008-02-29,0,1,-51.390492709552404
psei,2008-03-31,1,1,-40.72558312380794
psei,2008-04-30,1,1,-26.791470165467057
psei,2008-05-31,1,1,-16.836707323580047
psei,2008-06-30,1,1,-0.8979301818370367
psei,2008-07-31,1,1,8.235806340794394
psei,2008-08-31,1,1,7.040971373572535
psei,2008-09-30,1,1,8.614262905263814
psei,2008-10-31,1,1,39.92492820591815
psei,2008-11-30,1,1,43.46609073710495
psei,2008-12-31,1,1,48.85585724143367
psei,2009-01-31,1,1,48.12566400972989
psei,2009-02-28,1,1,48.59654433260285
psei,2009-03-31,1,1,46.490821123061025
psei,2009-04-30,0,1,44.731235887881304
psei,2009-05-31,0,1,31.461986672284326
psei,2009-06-30,0,1,32.454265179058424
psei,2009-07-31,0,1,20.264780115223946
psei,2009-08-31,0,1,21.226841576781297
psei,2009-09-30,0,1,38.10916877151591
psei,2009-10-31,0,0,38.368135787060886
psei,2009-11-30,0,0,26.11607845674051
psei,2009-12-31,0,0,31.9336029295485
psei,2010-01-31,0,0,27.33280539991325
psei,2010-02-28,0,0,21.311695629006167
psei,2010-03-31,0,0,24.8843659389399
psei,2010-04-30,0,0,27.222695948264253
psei,2010-05-31,0,0,26.00325132566894
psei,2010-06-30,0,0,24.08521745111294
psei,2010-07-31,0,0,27.32131212490323
psei,2010-08-31,0,0,19.83219861817691
psei,2010-09-30,0,0,-2.479715618234657
psei,2010-10-31,0,0,1.5107498868605518
psei,2010-11-30,0,0,6.305781821641077
psei,2010-12-31,0,0,3.9855456007394707
psei,2011-01-31,0,0,18.760540871171294
psei,2011-02-28,0,0,26.2548170019544
psei,2011-03-31,0,1,23.07699061979811
psei,2011-04-30,0,1,18.603583922483224
psei,2011-05-31,0,1,18.186247886039197
psei,2011-06-30,0,1,20.09753128259195
psei,2011-07-31,0,1,16.426740433514375
psei,2011-08-31,0,1,17.809462154188793
psei,2011-09-30,0,1,29.016050559136985
psei,2011-10-31,0,1,22.450121819210445
psei,2011-11-30,0,1,29.225418755428656
psei,2011-12-31,0,1,28.483897648010092
psei,2012-01-31,0,1,28.759984983113362
psei,2012-02-29,0,1,31.65484830827161
psei,2012-03-31,0,0,29.31241904223505
psei,2012-04-30,0,0,30.682274304844626
psei,2012-05-31,0,1,32.15214900865728
psei,2012-06-30,0,1,20.890220107648183
psei,2012-07-31,0,1,22.382834472762703
psei,2012-08-31,0,1,15.628429141392886
psei,2012-09-30,0,1,14.685848714953842
psei,2012-10-31,0,0,19.39245077086138
psei,2012-11-30,0,0,9.600697108785461
psei,2012-12-31,0,1,1.3176777193786293
psei,2013-01-31,0,0,-3.2818233313944845
psei,2013-02-28,0,0,-4.510883036330249
psei,2013-03-31,0,0,-6.31054177609176
psei,2013-04-30,0,0,-5.271309342425923
psei,2013-05-31,0,0,-5.477759584760555
psei,2013-06-30,0,0,5.697141057469679
psei,2013-07-31,0,0,3.3430337845167912
psei,2013-08-31,0,0,14.89439642178283
psei,2013-09-30,0,0,16.232668533220718
psei,2013-10-31,0,0,9.141133037729077
psei,2013-11-30,0,0,16.11333764129519
psei,2013-12-31,0,0,20.5090692172476
psei,2014-01-31,0,0,24.13081062328537
psei,2014-02-28,0,0,18.49874925907926
psei,2014-03-31,0,0,21.120112693344595
psei,2014-04-30,0,0,13.985569268030495
psei,2014-05-31,0,0,13.131049274428541
psei,2014-06-30,0,0,10.00485359494192
psei,2014-07-31,0,0,9.513775148866443
psei,2014-08-31,0,0,0.6773318914509829
psei,2014-09-30,0,0,-5.490394689389966
psei,2014-10-31,0,0,-1.135485657422386
psei,2014-11-30,0,0,-5.166729924635938
psei,2014-12-31,0,0,-3.9276914240787164
psei,2015-01-31,0,0,-13.965100775147654
psei,2015-02-28,0,0,-14.740678716416511
psei,2015-03-31,0,0,-8.927846596905376
psei,2015-04-30,0,0,-7.4732277772611155
psei,2015-05-31,0,0,-2.3877683451299703
psei,2015-06-30,0,0,3.017659923930438
psei,2015-07-31,0,0,5.327207719803262
psei,2015-08-31,0,0,9.257600012533729
psei,2015-09-30,0,0,10.140391731476228
psei,2015-10-31,0,0,3.7219876137749353
psei,2015-11-30,0,0,-2.1282778220504284
psei,2015-12-31,0,0,-1.6159639870116038
psei,2016-01-31,0,0,7.793398266022145
psei,2016-02-29,0,0,7.798297617362415
psei,2016-03-31,0,0,0.6782014914126222
psei,2016-04-30,0,0,6.773298702582231
psei,2016-05-31,0,0,5.7175247626426895
psei,2016-06-30,0,0,0.5999029023799451
psei,2016-07-31,0,0,0.6875611153130734
psei,2016-08-31,0,0,2.174611610348265
psei,2016-09-30,0,0,6.859150222643251
psei,2016-10-31,0,0,12.195901827877442
psei,2016-11-30,0,0,19.6547456090979
psei,2016-12-31,0,0,22.403429928669993
psei,2017-01-31,0,0,19.246149151091885
psei,2017-02-28,0,0,16.139611542759447
psei,2017-03-31,0,0,8.74385968091147
psei,2017-04-30,0,0,2.0444800221863346
psei,2017-05-31,0,0,-4.434582756223904
psei,2017-06-30,0,0,-8.643894139865793
psei,2017-07-31,0,0,-4.411789927511123
psei,2017-08-31,0,0,-1.300867198240141
psei,2017-09-30,0,0,-11.59500151656978
psei,2017-10-31,0,0,-15.833398382998354
psei,2017-11-30,0,0,-11.35756189118311
psei,2017-12-31,0,0,-13.65535322837541
psei,2018-01-31,0,0,-9.02774513852993
psei,2018-02-28,0,0,-9.522180095124888
psei,2018-03-31,0,0,-0.740847289254809
psei,2018-04-30,0,0,1.6925410382370387
psei,2018-05-31,0,0,6.116139535260068
psei,2018-06-30,0,0,10.620235752191931
psei,2018-07-31,0,0,4.757284157874686
psei,2018-08-31,0,0,1.565518855061221
psei,2018-09-30,0,0,6.674280517724007
psei,2018-10-31,0,0,11.082403386992112
psei,2018-11-30,0,0,4.914137692837173
psei,2018-12-31,0,0,4.571613335074964
psei,2019-01-31,0,0,-10.618533633413563
psei,2019-02-28,0,0,-12.678998875306391
psei,2019-03-31,0,0,-39.78042263798329
psei,2019-04-30,0,0,-33.29232841701586
psei,2019-05-31,0,0,-31.11548851767445
psei,2019-06-30,0,0,-25.361153474349685
psei,2019-07-31,0,0,-30.538734267215162
psei,2019-08-31,0,0,-30.46284161234052
psei,2019-09-30,0,0,-28.256552517456157
psei,2019-10-31,0,0,-23.222556854970478
psei,2019-11-30,0,0,-13.034429417023574
psei,2019-12-31,0,0,-9.01489191398408
psei,2020-01-31,0,0,-8.495368697908567
psei,2020-02-29,0,0,0.1280437296774295
psei,2020-03-31,0,0,19.156088579981834
psei,2020-04-30,0,1,11.14024115461909
psei,2020-05-31,0,1,12.710204141476034
psei,2020-06-30,0,1,10.626157858652974
psei,2020-07-31,0,1,5.630729050631977
psei,2020-08-31,0,1,15.303217695036686
psei,2020-09-30,0,1,17.054183258086297
psei,2020-10-31,0,1,10.959931480793017
psei,2020-11-30,0,1,5.853728970538086
psei,2020-12-31,0,0,-0.23951310202008358
psei,2021-01-31,0,0,10.730411694263609
psei,2021-02-28,0,0,7.321497516926634
psei,2021-03-31,0,0,11.155466973726291
psei,2021-04-30,0,0,5.50248055621001
psei,2021-05-31,0,0,2.181509814733573
psei,2021-06-30,0,0,-11.446355987663104
psei,2021-07-31,0,0,0.7262007726737352
psei,2021-08-31,0,0,-4.045320117750251
psei,2021-09-30,0,0,-19.15103718854887
psei,2021-10-31,0,0,-13.668441056072567
psei,2021-11-30,0,0,-6.011111660286694
psei,2021-12-31,0,0,-8.131278775921835
psei,2022-01-31,0,0,-8.035460700933328
psei,2022-02-28,0,1,-10.897020244125066
psei,2022-03-31,0,1,-10.280991222848002
psei,2022-04-30,0,1,-1.589840285917532
psei,2022-05-31,1,1,-4.487916028809025
psei,2022-06-30,1,1,4.9543089336165025
psei,2022-07-31,1,1,4.270138028416071
psei,2022-08-31,1,1,-6.403992043039786
psei,2022-09-30,1,1,9.62698550318919
psei,2022-10-31,1,1,-2.962982158776839
psei,2022-11-30,0,1,-8.572270556456907
psei,2022-12-31,0,1,-1.7877896634550083
psei,2023-01-31,0,1,-2.184810796151382
psei,2023-02-28,0,1,5.756901643710144
psei,2023-03-31,0,1,6.0279871900473125
psei,2023-04-30,0,1,1.1318233966491675
psei,2023-05-31,0,1,-0.6856446501453561
psei,2023-06-30,0,1,-0.8720514154996195
psei,2023-07-31,0,0,0.41814531748549655
psei,2023-08-31,0,1,11.061546443387904
psei,2023-09-30,0,1,14.020529486859878
psei,2023-10-31,0,1,17.87473938961952
psei,2023-11-30,1,1,6.079654756821817
psei,2023-12-31,0,0,1.2135295084794606
psei,2024-01-31,1,0,-12.548990534647153
psei,2024-02-29,1,0,-14.655909858372596
psei,2024-03-31,1,0,-11.059803956744396
psei,2024-04-30,0,0,-5.294032507335444
psei,2024-05-31,0,0,-1.4336521957961423
psei,2024-06-30,0,0,-0.7352426627571518
psei,2024-07-31,0,0,-5.693970940317961
psei,2024-08-31,0,0,-11.380749753014108
psei,2024-09-30,0,0,-20.014816680285286
psei,2024-10-31,0,0,-18.615697250309893
psei,2024-11-30,0,0,-9.3706627849647
psei,2024-12-31,0,0,-7.568084615139803
psei,2025-01-31,0,0,7.654608082781245
psei,2025-02-28,0,0,9.735015180813633
psei,2025-03-31,0,1,-3.8221761721345615
psei,2025-04-30,0,1,-8.55991822121549
psei,2025-05-31,0,1,-9.466291826024786
shanghai,2007-08-31,1,0,-77.79004753423422
shanghai,2007-09-30,1,0,-88.40095695341344
shanghai,2007-10-31,0,1,-123.67723280629698
shanghai,2007-11-30,0,1,-95.6902503568605
shanghai,2007-12-31,1,1,-106.1149388181291
shanghai,2008-01-31,1,1,-78.93583710077382
shanghai,2008-02-29,1,1,-73.61027065127841
shanghai,2008-03-31,1,1,-38.06914142266491
shanghai,2008-04-30,1,1,-39.91899522339048
shanghai,2008-05-31,1,1,-26.54403585507943
shanghai,2008-06-30,1,1,7.843906977844384
shanghai,2008-07-31,1,1,20.640769708003592
shanghai,2008-08-31,1,1,10.686174734822185
shanghai,2008-09-30,1,1,19.2041613198616
shanghai,2008-10-31,1,1,54.98078625176488
shanghai,2008-11-30,1,1,53.51248762205163
shanghai,2008-12-31,1,1,58.76920195441828
shanghai,2009-01-31,1,1,40.65718412803392
shanghai,2009-02-28,1,1,38.20403419606828
shanghai,2009-03-31,1,1,27.009021000583733
shanghai,2009-04-30,1,1,14.72470538146542
shanghai,2009-05-31,0,1,-1.5611165996531007
shanghai,2009-06-30,0,1,-21.018433621228017
shanghai,2009-07-31,0,0,-25.748419447589654
shanghai,2009-08-31,0,0,-1.0910043488017607
shanghai,2009-09-30,0,0,-4.555199788035047
shanghai,2009-10-31,0,0,-0.5695025436542878
shanghai,2009-11-30,0,0,-12.488026630348248
shanghai,2009-12-31,0,0,-15.447088667579312
shanghai,2010-01-31,0,0,-6.87462241375556
shanghai,2010-02-28,0,0,-4.9326847579539645
shanghai,2010-03-31,0,0,-5.997736324303737
shanghai,2010-04-30,0,0,1.4146921943030577
shanghai,2010-05-31,0,0,5.673814120147291
shanghai,2010-06-30,0,0,14.119315592717463
shanghai,2010-07-31,0,0,2.4059330293313863
shanghai,2010-08-31,0,0,-2.745316903024264
shanghai,2010-09-30,0,0,-11.83618132380202
shanghai,2010-10-31,0,0,-18.80228738604206
shanghai,2010-11-30,0,0,-18.946857673447504
shanghai,2010-12-31,0,0,-24.430755166515628
shanghai,2011-01-31,0,0,-19.65993899100047
shanghai,2011-02-28,0,0,-17.918317252547755
shanghai,2011-03-31,0,0,-25.7759814611501
shanghai,2011-04-30,0,0,-19.473932649678538
shanghai,2011-05-31,0,0,-14.539216431442448
shanghai,2011-06-30,0,1,-21.603242008177048
shanghai,2011-07-31,0,1,-25.022513449583705
shanghai,2011-08-31,0,1,-22.6240109539928
shanghai,2011-09-30,0,1,-12.300128619862072
shanghai,2011-10-31,0,1,-17.650205610434266
shanghai,2011-11-30,0,1,-16.417655273793574
shanghai,2011-12-31,0,0,3.1203264043043966
shanghai,2012-01-31,0,0,3.968514443219817
shanghai,2012-02-29,0,0,-2.6239716720295014
shanghai,2012-03-31,0,0,-1.1631432551848953
shanghai,2012-04-30,0,0,-9.556585392795647
shanghai,2012-05-31,0,0,-3.066430704744949
shanghai,2012-06-30,0,0,-11.725434284537606
shanghai,2012-07-31,0,0,-5.362496630930824
shanghai,2012-08-31,0,0,2.4536341587864996
shanghai,2012-09-30,0,0,4.1545304270164785
shanghai,2012-10-31,0,0,3.4552415349943466
shanghai,2012-11-30,0,0,11.45782496592842
shanghai,2012-12-31,0,0,-6.987845584744168
shanghai,2013-01-31,0,0,-15.982273381656587
shanghai,2013-02-28,0,0,-14.011951298693859
shanghai,2013-03-31,0,0,-9.530323204869351
shanghai,2013-04-30,0,0,-7.212656089136704
shanghai,2013-05-31,0,0,-12.060429595473732
shanghai,2013-06-30,0,0,3.4327533867444693
shanghai,2013-07-31,0,0,9.912527468470866
shanghai,2013-08-31,0,0,5.5078506809670635
shanghai,2013-09-30,0,0,8.342550841450436
shanghai,2013-10-31,0,0,12.22813255504498
shanghai,2013-11-30,0,0,18.917120559411593
shanghai,2013-12-31,0,0,42.44119482421986
shanghai,2014-01-31,0,0,45.68306623992928
shanghai,2014-02-28,0,0,47.613049457930146
shanghai,2014-03-31,0,0,61.153234181824615
shanghai,2014-04-30,0,0,78.47868973856436
shanghai,2014-05-31,0,0,81.60426475448376
shanghai,2014-06-30,0,0,73.62804570316604
shanghai,2014-07-31,0,0,50.9313568857495
shanghai,2014-08-31,0,0,36.87745970206278
shanghai,2014-09-30,0,0,25.575282431084645
shanghai,2014-10-31,0,0,33.4792042986626
shanghai,2014-11-30,0,0,25.013610722411084
shanghai,2014-12-31,0,0,8.99665163068768
shanghai,2015-01-31,0,0,-15.93023665917892
shanghai,2015-02-28,0,0,-20.82501079111001
shanghai,2015-03-31,0,0,-22.127894560530947
shanghai,2015-04-30,2,0,-41.318766423686526
shanghai,2015-05-31,2,0,-45.81820952491196
shanghai,2015-06-30,2,0,-37.84358443794096
shanghai,2015-07-31,0,0,-20.677918141437424
shanghai,2015-08-31,0,0,-3.830892241726147
shanghai,2015-09-30,0,0,-1.587429220055192
shanghai,2015-10-31,0,0,-8.707233498489764
shanghai,2015-11-30,0,0,-5.83760297486986
shanghai,2015-12-31,2,0,-13.132095678892242
shanghai,2016-01-31,0,0,14.322641383202761
shanghai,2016-02-29,0,0,18.73184240536343
shanghai,2016-03-31,0,0,7.024532331351097
shanghai,2016-04-30,0,0,7.1040735618218775
shanghai,2016-05-31,0,0,6.650406971647271
shanghai,2016-06-30,0,0,8.591351485241372
shanghai,2016-07-31,0,0,9.401407239814752
shanghai,2016-08-31,0,0,8.547124264059747
shanghai,2016-09-30,0,0,10.846611989371269
shanghai,2016-10-31,0,0,9.025449825839793
shanghai,2016-11-30,0,0,2.045199455302793
shanghai,2016-12-31,0,0,6.351884190881663
shanghai,2017-01-31,0,0,9.69635615429727
shanghai,2017-02-28,0,0,0.5437535575191887
shanghai,2017-03-31,2,0,-1.677820502797367
shanghai,2017-04-30,2,0,-2.322608943492277
shanghai,2017-05-31,2,0,-0.6987014682104942
shanghai,2017-06-30,2,0,-11.436883542334009
shanghai,2017-07-31,2,0,-12.917575579382046
shanghai,2017-08-31,2,0,-20.96218667587184
shanghai,2017-09-30,2,0,-17.14292796543404
shanghai,2017-10-31,2,0,-26.52340471343031
shanghai,2017-11-30,2,0,-24.815942010684733
shanghai,2017-12-31,0,0,-28.22473348162049
shanghai,2018-01-31,0,0,-29.771170323800344
shanghai,2018-02-28,0,0,-10.281151816749823
shanghai,2018-03-31,0,0,-2.4967182589229253
shanghai,2018-04-30,0,0,0.13510268052403518
shanghai,2018-05-31,0,0,-6.568008758011601
shanghai,2018-06-30,0,0,4.5134088189621835
shanghai,2018-07-31,0,0,1.9318897125596202
shanghai,2018-08-31,0,0,5.739444656738879
shanghai,2018-09-30,0,0,2.928324405540028
shanghai,2018-10-31,0,0,11.810033101587525
shanghai,2018-11-30,0,0,10.4043668132765
shanghai,2018-12-31,0,0,20.13361084728622
shanghai,2019-01-31,0,0,14.119761421457877
shanghai,2019-02-28,0,0,-2.0838224508355374
shanghai,2019-03-31,0,0,-11.670788127397813
shanghai,2019-04-30,0,0,-7.615470844448691
shanghai,2019-05-31,0,0,-1.61174036637588
shanghai,2019-06-30,0,0,0.19438564135345615
shanghai,2019-07-31,0,0,12.109161345361574
shanghai,2019-08-31,0,0,16.254882660067427
shanghai,2019-09-30,0,0,10.227743568010528
shanghai,2019-10-31,0,0,9.610654839371957
shanghai,2019-11-30,0,0,16.63472830158561
shanghai,2019-12-31,0,0,12.985641433058603
shanghai,2020-01-31,0,0,15.715628187141029
shanghai,2020-02-29,0,0,19.74580885863748
shanghai,2020-03-31,0,0,22.4318019001565
shanghai,2020-04-30,1,1,18.66133961718175
shanghai,2020-05-31,1,1,23.708102894877836
shanghai,2020-06-30,1,1,18.49958425266447
shanghai,2020-07-31,1,1,2.604836266058008
shanghai,2020-08-31,1,1,4.273564584904754
shanghai,2020-09-30,1,1,10.327662927607761
shanghai,2020-10-31,1,0,9.540993078588578
shanghai,2020-11-30,1,0,4.950365120431144
shanghai,2020-12-31,1,0,4.688458076544144
shanghai,2021-01-31,0,0,-3.5544391888954863
shanghai,2021-02-28,0,0,-1.3417903838016443
shanghai,2021-03-31,0,0,-5.669484892785093
shanghai,2021-04-30,0,0,-12.328649230836142
shanghai,2021-05-31,0,0,-12.632347507559771
shanghai,2021-06-30,0,0,-5.511689353143723
shanghai,2021-07-31,0,0,-4.334727122471271
shanghai,2021-08-31,0,0,-10.141978329829904
shanghai,2021-09-30,0,0,-16.53434546906354
shanghai,2021-10-31,0,0,-20.373812841323513
shanghai,2021-11-30,0,0,-12.302482769569245
shanghai,2021-12-31,0,0,-16.399166512102603
shanghai,2022-01-31,0,0,-3.197136850608473
shanghai,2022-02-28,0,1,-5.421146764290619
shanghai,2022-03-31,0,1,0.6332577817349971
shanghai,2022-04-30,1,1,8.677203329051686
shanghai,2022-05-31,1,1,0.5673667339685551
shanghai,2022-06-30,1,1,-5.957513037124329
shanghai,2022-07-31,1,1,1.1552216298101214
shanghai,2022-08-31,1,1,-2.6024800763417844
shanghai,2022-09-30,1,1,2.8066096306487154
shanghai,2022-10-31,1,1,4.238987040876019
shanghai,2022-11-30,1,1,-3.937306260335305
shanghai,2022-12-31,1,1,-3.770937347450065
shanghai,2023-01-31,1,1,-15.487700308089902
shanghai,2023-02-28,1,1,-8.406803433712362
shanghai,2023-03-31,1,1,-7.342293244847831
shanghai,2023-04-30,1,1,-6.7991906467598895
shanghai,2023-05-31,1,0,-3.743565046399233
shanghai,2023-06-30,1,0,-7.610718579666553
shanghai,2023-07-31,1,0,-11.32196475503795
shanghai,2023-08-31,1,0,-9.321113688699079
shanghai,2023-09-30,1,0,7.014599624553064
shanghai,2023-10-31,1,1,8.29399610560344
shanghai,2023-11-30,1,0,9.345276494297927
shanghai,2023-12-31,1,0,11.926424828350157
shanghai,2024-01-31,1,0,15.331886057966937
shanghai,2024-02-29,1,0,9.657840762029046
shanghai,2024-03-31,1,0,9.245504984922093
shanghai,2024-04-30,1,0,5.459061634455331
shanghai,2024-05-31,1,0,8.10707698905695
shanghai,2024-06-30,1,0,14.907009447775721
shanghai,2024-07-31,1,0,19.547980535227705
shanghai,2024-08-31,1,0,30.55466279949499
shanghai,2024-09-30,1,0,15.162916964317397
shanghai,2024-10-31,1,0,18.7137757663697
shanghai,2024-11-30,1,0,15.61406640330194
shanghai,2024-12-31,1,0,16.89874247135439
shanghai,2025-01-31,1,0,23.65151146947415
shanghai,2025-02-28,1,0,22.597242994343958
shanghai,2025-03-31,1,0,15.419110036606298
shanghai,2025-04-30,1,1,22.6400284710504
shanghai,2025-05-31,1,1,20.24442393623982
bovespa,2003-05-31,1,0,37.58243475088712
bovespa,2003-06-30,1,0,48.87223484617369
bovespa,2003-07-31,1,0,49.823564942943754
bovespa,2003-08-31,1,0,40.73086693361301
bovespa,2003-09-30,1,0,37.28140691226294
bovespa,2003-10-31,1,0,24.838127601183935
bovespa,2003-11-30,1,0,21.909255089758872
bovespa,2003-12-31,1,0,16.3894130264584
bovespa,2004-01-31,1,0,10.832622936241698
bovespa,2004-02-29,0,0,25.731289827945858
bovespa,2004-03-31,0,0,18.38484067034134
bovespa,2004-04-30,1,0,23.672962936377218
bovespa,2004-05-31,1,0,25.44022344771335
bovespa,2004-06-30,1,0,16.932112384315268
bovespa,2004-07-31,1,0,15.346612295511619
bovespa,2004-08-31,1,0,20.691825670828656
bovespa,2004-09-30,1,0,30.65606081085246
bovespa,2004-10-31,1,0,26.989069557112444
bovespa,2004-11-30,0,0,23.915602096599287
bovespa,2004-12-31,0,0,24.46244153304704
bovespa,2005-01-31,0,0,45.50417367889352
bovespa,2005-02-28,0,0,31.635479582404358
bovespa,2005-03-31,0,0,35.499753923457256
bovespa,2005-04-30,1,0,48.52972490467504
bovespa,2005-05-31,1,0,37.10121070851393
bovespa,2005-06-30,1,0,37.99811295516182
bovespa,2005-07-31,1,0,35.328621196917176
bovespa,2005-08-31,1,0,25.613234329361312
bovespa,2005-09-30,1,0,14.326335998500284
bovespa,2005-10-31,1,0,26.26393704359682
bovespa,2005-11-30,1,0,27.291047538798807
bovespa,2005-12-31,1,0,28.467360607096204
bovespa,2006-01-31,0,0,15.10604667007378
bovespa,2006-02-28,0,0,12.822076085240752
bovespa,2006-03-31,0,0,18.807105209191022
bovespa,2006-04-30,0,0,19.30084117762849
bovespa,2006-05-31,0,0,35.82504883197082
bovespa,2006-06-30,1,0,39.53222077787739
bovespa,2006-07-31,1,0,37.93703748339272
bovespa,2006-08-31,1,0,41.07686026696715
bovespa,2006-09-30,1,0,50.61506620011649
bovespa,2006-10-31,0,0,50.89850495584258
bovespa,2006-11-30,0,0,40.718070136158424
bovespa,2006-12-31,0,0,36.21954962902496
bovespa,2007-01-31,0,0,28.713311126299423
bovespa,2007-02-28,0,0,36.913459141787364
bovespa,2007-03-31,0,0,28.59558808966458
bovespa,2007-04-30,0,0,32.66427066606017
bovespa,2007-05-31,0,0,32.84841693224845
bovespa,2007-06-30,0,0,17.844707041228425
bovespa,2007-07-31,0,0,9.36931365247684
bovespa,2007-08-31,1,0,1.8909707102579887
bovespa,2007-09-30,1,0,-19.926407567123583
bovespa,2007-10-31,1,0,-56.14278025059338
bovespa,2007-11-30,1,1,-54.32910151346224
bovespa,2007-12-31,1,1,-53.14268668373465
bovespa,2008-01-31,1,1,-41.45582673557051
bovespa,2008-02-29,1,1,-50.847627216544566
bovespa,2008-03-31,1,1,-39.85835784631799
bovespa,2008-04-30,1,1,-36.12657855249086
bovespa,2008-05-31,1,1,-31.084769679342017
bovespa,2008-06-30,1,1,-23.376218965792006
bovespa,2008-07-31,1,1,-8.299077918791475
bovespa,2008-08-31,1,1,1.442491290613468
bovespa,2008-09-30,1,1,21.652920535000497
bovespa,2008-10-31,1,1,50.19450160698735
bovespa,2008-11-30,1,1,60.5410175447723
bovespa,2008-12-31,1,1,60.244421410646254
bovespa,2009-01-31,1,1,50.93028751912083
bovespa,2009-02-28,1,1,55.48566690452308
bovespa,2009-03-31,1,1,54.202989887616226
bovespa,2009-04-30,1,1,35.62730869309654
bovespa,2009-05-31,1,1,16.98596783382449
bovespa,2009-06-30,1,1,16.892216809196547
bovespa,2009-07-31,1,1,20.92802319665168
bovespa,2009-08-31,1,1,14.256962572259546
bovespa,2009-09-30,1,0,12.098923584917287
bovespa,2009-10-31,1,0,13.82787419256637
bovespa,2009-11-30,1,0,0.9810912169776032
bovespa,2009-12-31,1,0,1.0399461348711725
bovespa,2010-01-31,1,0,1.777629266467784
bovespa,2010-02-28,1,0,1.3145701158554957
bovespa,2010-03-31,1,0,-2.569244437636087
bovespa,2010-04-30,1,0,-2.090407773937031
bovespa,2010-05-31,1,0,2.4643480402144036
bovespa,2010-06-30,1,0,2.3805242814516347
bovespa,2010-07-31,1,0,-13.781686052758602
bovespa,2010-08-31,1,0,-14.246341599368506
bovespa,2010-09-30,1,0,-28.286389393920075
bovespa,2010-10-31,1,0,-19.180992257396667
bovespa,2010-11-30,1,0,-17.430415516367326
bovespa,2010-12-31,1,0,-19.979091520622916
bovespa,2011-01-31,1,0,-5.405220072968575
bovespa,2011-02-28,1,0,-2.3590568060363637
bovespa,2011-03-31,1,1,-6.126726050379538
bovespa,2011-04-30,1,1,-6.74409291434106
bovespa,2011-05-31,1,1,-17.050676180134516
bovespa,2011-06-30,1,1,-13.809277022903998
bovespa,2011-07-31,1,1,-4.745059972248633
bovespa,2011-08-31,1,1,0.9968732382423795
bovespa,2011-09-30,1,1,12.306089745958637
bovespa,2011-10-31,1,1,-2.2010142803008392
bovespa,2011-11-30,1,1,1.0494193378130845
bovespa,2011-12-31,1,1,7.136053071162074
bovespa,2012-01-31,1,1,-5.39236566846828
bovespa,2012-02-29,1,0,-13.633985811915217
bovespa,2012-03-31,1,0,-13.52180195828474
bovespa,2012-04-30,1,0,-10.048368166541621
bovespa,2012-05-31,1,0,-1.8223401448624443
bovespa,2012-06-30,1,0,-13.571256777141194
bovespa,2012-07-31,1,1,-15.101816858905437
bovespa,2012-08-31,1,0,-13.193787841412252
bovespa,2012-09-30,1,0,-12.27933696064305
bovespa,2012-10-31,1,0,-5.052995386928494
bovespa,2012-11-30,1,0,-9.087981698347214
bovespa,2012-12-31,1,0,-16.836894840752414
bovespa,2013-01-31,1,0,-22.67015207829015
bovespa,2013-02-28,1,0,-19.831673003251993
bovespa,2013-03-31,1,0,-11.1328982468617
bovespa,2013-04-30,1,0,-7.971783348491357
bovespa,2013-05-31,1,0,-4.329283631141223
bovespa,2013-06-30,1,0,11.363267372768604
bovespa,2013-07-31,1,0,14.62292810708714
bovespa,2013-08-31,1,0,20.34010725850095
bovespa,2013-09-30,1,0,3.340720606197678
bovespa,2013-10-31,1,0,0.6851291896161626
bovespa,2013-11-30,1,0,4.073510381270395
bovespa,2013-12-31,1,0,-2.955472513412438
bovespa,2014-01-31,1,0,-1.5463516903906793
bovespa,2014-02-28,1,0,9.104655646744497
bovespa,2014-03-31,1,0,1.447374255245748
bovespa,2014-04-30,1,0,8.540721649131733
bovespa,2014-05-31,1,0,2.9252367014143132
bovespa,2014-06-30,1,0,-0.16376628381262748
bovespa,2014-07-31,1,0,-9.311838339903922
bovespa,2014-08-31,1,0,-27.342573975935913
bovespa,2014-09-30,1,0,-18.31571486153205
bovespa,2014-10-31,1,0,-17.47753696492289
bovespa,2014-11-30,1,0,-19.1879750288674
bovespa,2014-12-31,1,0,-14.285629240250941
bovespa,2015-01-31,0,0,-14.920994780746888
bovespa,2015-02-28,0,0,-18.679425499541757
bovespa,2015-03-31,0,0,-2.1640091526188954
bovespa,2015-04-30,0,0,-4.2098099319176185
bovespa,2015-05-31,0,0,-8.47670162064258
bovespa,2015-06-30,0,0,-2.971310664223026
bovespa,2015-07-31,0,0,11.926516578541424
bovespa,2015-08-31,0,0,21.657633013181155
bovespa,2015-09-30,1,0,25.877791950386886
bovespa,2015-10-31,0,0,34.74432499185962
bovespa,2015-11-30,0,0,31.62914983364047
bovespa,2015-12-31,0,0,32.88140535233168
bovespa,2016-01-31,0,0,47.0334589668056
bovespa,2016-02-29,0,0,44.323716958505344
bovespa,2016-03-31,0,0,26.10186848772056
bovespa,2016-04-30,0,0,19.32335902449367
bovespa,2016-05-31,0,0,25.75505592051268
bovespa,2016-06-30,0,0,19.944022157451435
bovespa,2016-07-31,1,0,14.000165557009048
bovespa,2016-08-31,1,0,20.16185732443425
bovespa,2016-09-30,0,0,24.127953313208472
bovespa,2016-10-31,0,0,13.498585998034685
bovespa,2016-11-30,0,0,15.06461545753126
bovespa,2016-12-31,0,0,23.788811709044033
bovespa,2017-01-31,0,0,27.231432445522152
bovespa,2017-02-28,0,0,24.865905359566298
bovespa,2017-03-31,0,0,27.280680930878987
bovespa,2017-04-30,0,0,27.51154833169931
bovespa,2017-05-31,0,0,20.20686315252771
bovespa,2017-06-30,0,0,14.566142053938158
bovespa,2017-07-31,0,0,18.378690659255525
bovespa,2017-08-31,0,0,7.926160658552739
bovespa,2017-09-30,0,0,6.573742797244009
bovespa,2017-10-31,0,0,16.255122697911162
bovespa,2017-11-30,0,0,21.80200569180286
bovespa,2017-12-31,0,0,14.00430245776203
bovespa,2018-01-31,0,0,13.71374041936928
bovespa,2018-02-28,0,0,11.171131300822346
bovespa,2018-03-31,0,0,11.128790374143449
bovespa,2018-04-30,0,0,11.233491856951261
bovespa,2018-05-31,0,0,23.441470666411668
bovespa,2018-06-30,0,0,32.75861465334646
bovespa,2018-07-31,0,0,25.089918316809623
bovespa,2018-08-31,0,0,27.68414225882161
bovespa,2018-09-30,0,0,27.77612022319218
bovespa,2018-10-31,0,0,20.411295389112105
bovespa,2018-11-30,0,0,19.000299365046125
bovespa,2018-12-31,0,0,27.722789969392814
bovespa,2019-01-31,0,0,15.533514934397985
bovespa,2019-02-28,0,0,8.603793716397234
bovespa,2019-03-31,0,0,-26.750242257138623
bovespa,2019-04-30,0,0,-17.968681504874695
bovespa,2019-05-31,0,0,-10.449060202201466
bovespa,2019-06-30,0,0,-6.032753916585598
bovespa,2019-07-31,0,0,1.0746278754579563
bovespa,2019-08-31,0,0,-1.76160642118397
bovespa,2019-09-30,0,0,-10.183963693753206
bovespa,2019-10-31,0,0,-13.209878484739512
bovespa,2019-11-30,0,0,0.603352035976279
bovespa,2019-12-31,0,0,2.841182310538315
bovespa,2020-01-31,0,0,1.955077766097446
bovespa,2020-02-29,1,0,5.475511780382725
bovespa,2020-03-31,1,0,46.830745038053934
bovespa,2020-04-30,1,1,38.990062404139
bovespa,2020-05-31,1,1,36.74651179399593
bovespa,2020-06-30,1,1,28.816062313601165
bovespa,2020-07-31,1,1,16.85143113062697
bovespa,2020-08-31,1,1,17.844126768480173
bovespa,2020-09-30,1,1,15.965180619603636
bovespa,2020-10-31,1,1,9.679726094250185
bovespa,2020-11-30,1,1,-6.618069849407959
bovespa,2020-12-31,1,0,-12.942794769706545
bovespa,2021-01-31,1,0,-3.169336391894184
bovespa,2021-02-28,1,0,2.78451699713429
bovespa,2021-03-31,1,0,2.8442582805960015
bovespa,2021-04-30,1,0,-9.724992050082726
bovespa,2021-05-31,1,0,-12.530735060058973
bovespa,2021-06-30,0,0,-25.214396151318397
bovespa,2021-07-31,1,0,-16.605891718552357
bovespa,2021-08-31,1,0,-8.114688861586572
bovespa,2021-09-30,1,0,-0.8524321353398534
bovespa,2021-10-31,1,0,11.432783127042256
bovespa,2021-11-30,1,0,9.86896369204846
bovespa,2021-12-31,1,0,4.849847075077562
bovespa,2022-01-31,1,0,1.0127565315974252
bovespa,2022-02-28,1,1,-7.533114565873511
bovespa,2022-03-31,1,1,-16.36681285570596
bovespa,2022-04-30,1,1,-3.244627745617734
bovespa,2022-05-31,1,1,-2.745909619589426
bovespa,2022-06-30,1,1,18.09387877016686
bovespa,2022-07-31,1,1,16.722407420325425
bovespa,2022-08-31,1,1,5.522900324483082
bovespa,2022-09-30,1,1,5.763238445810082
bovespa,2022-10-31,1,1,-2.524776204672108
bovespa,2022-11-30,1,1,12.39612257070597
bovespa,2022-12-31,1,1,19.845730054708177
bovespa,2023-01-31,1,1,11.800614902825934
bovespa,2023-02-28,1,1,20.665490978998946
bovespa,2023-03-31,1,1,22.904276535636825
bovespa,2023-04-30,1,1,18.71424084724591
bovespa,2023-05-31,1,1,11.959572280745512
bovespa,2023-06-30,1,0,4.810964327645095
bovespa,2023-07-31,1,0,4.5754088966059925
bovespa,2023-08-31,1,1,16.132072096125505
bovespa,2023-09-30,1,1,12.295795342581606
bovespa,2023-10-31,1,1,13.666297388438409
bovespa,2023-11-30,1,1,-1.3146486360048115
bovespa,2023-12-31,1,0,-10.937214520628302
bovespa,2024-01-31,1,0,-1.273812258559559
bovespa,2024-02-29,1,0,-4.941855874668555
bovespa,2024-03-31,1,0,1.667440690495603
bovespa,2024-04-30,1,0,7.0092401255131165
bovespa,2024-05-31,1,0,11.535398573620093
bovespa,2024-06-30,1,0,11.389893897295167
bovespa,2024-07-31,1,0,4.157500896272026
bovespa,2024-08-31,1,0,3.906403127910174
bovespa,2024-09-30,1,0,10.382158251709406
bovespa,2024-10-31,1,0,14.223959796918706
bovespa,2024-11-30,1,0,23.571342110907167
bovespa,2024-12-31,1,0,29.233316164760303
bovespa,2025-01-31,1,0,36.31532995831446
bovespa,2025-02-28,1,0,43.00705230511088
bovespa,2025-03-31,1,1,36.404370508588
bovespa,2025-04-30,1,1,32.70367557213838
bovespa,2025-05-31,1,1,24.88504040031252
nikkei225,2000-02-29,0,2,-43.77556683471493
nikkei225,2000-03-31,0,2,-44.75313419298992
nikkei225,2000-06-30,0,2,-29.453937236536554
nikkei225,2000-08-31,0,2,-45.351312899380325
nikkei225,2000-10-31,0,2,-33.831193085055844
nikkei225,2000-11-30,0,0,-31.433410713273346
nikkei225,2000-12-31,0,0,-26.8205028610339
nikkei225,2001-01-31,0,0,-32.54543568249506
nikkei225,2001-02-28,0,0,-19.62452949634237
nikkei225,2001-03-31,0,0,-16.47662771812044
nikkei225,2001-04-30,0,0,-19.265675155730655
nikkei225,2001-05-31,0,0,-11.989479741990827
nikkei225,2001-06-30,0,0,-19.965349053378034
nikkei225,2001-07-31,0,0,-18.29322445601047
nikkei225,2001-08-31,0,0,-10.773406333029456
nikkei225,2001-09-30,0,0,-4.086488483964601
nikkei225,2001-10-31,0,0,-18.210581261492287
nikkei225,2001-11-30,0,0,-14.911118754138464
nikkei225,2001-12-31,0,0,-20.611454903357895
nikkei225,2002-01-31,0,0,-18.13089756331241
nikkei225,2002-02-28,0,0,-23.588323367094155
nikkei225,2002-03-31,0,0,-32.413556291409584
nikkei225,2002-04-30,0,0,-38.355429527008944
nikkei225,2002-05-31,0,0,-33.38732489504146
nikkei225,2002-06-30,0,0,-15.649556041187651
nikkei225,2002-07-31,0,0,-3.238059081789224
nikkei225,2002-08-31,0,0,7.259164150732111
nikkei225,2002-09-30,0,0,8.532315439948768
nikkei225,2002-10-31,0,0,20.057624589099987
nikkei225,2002-11-30,0,0,9.169857570525508
nikkei225,2002-12-31,0,0,21.874659320797463
nikkei225,2003-01-31,1,0,25.697134780729947
nikkei225,2003-02-28,1,0,27.78769296645809
nikkei225,2003-03-31,1,0,38.487887684877364
nikkei225,2003-04-30,0,0,40.67123077412447
nikkei225,2003-05-31,0,0,28.80105625083491
nikkei225,2003-06-30,0,0,26.665943697796735
nikkei225,2003-07-31,0,0,16.915812663476437
nikkei225,2003-08-31,0,0,6.894010598202804
nikkei225,2003-09-30,0,0,5.747258606574235
nikkei225,2003-10-31,0,0,1.986188597949834
nikkei225,2003-11-30,0,0,7.610209069111917
nikkei225,2003-12-31,0,0,7.331100134294566
nikkei225,2004-01-31,0,0,5.4496730807498395
nikkei225,2004-02-29,0,0,6.135395545210187
nikkei225,2004-03-31,0,0,-0.3971847354771185
nikkei225,2004-04-30,0,0,-6.6152073040559145
nikkei225,2004-05-31,0,0,0.35730325484735204
nikkei225,2004-06-30,0,0,-2.3450441995931826
nikkei225,2004-07-31,0,0,4.9423185967931715
nikkei225,2004-08-31,0,0,11.348939017717186
nikkei225,2004-09-30,0,0,22.645209230661045
nikkei225,2004-10-31,0,0,23.36512967916491
nikkei225,2004-11-30,0,0,31.079638317327962
nikkei225,2004-12-31,0,0,33.81597928896127
nikkei225,2005-01-31,0,0,37.98752720895546
nikkei225,2005-02-28,0,0,32.229346482975885
nikkei225,2005-03-31,0,0,37.978513666867286
nikkei225,2005-04-30,0,0,42.89781487255553
nikkei225,2005-05-31,0,0,31.600118108056563
nikkei225,2005-06-30,0,0,29.15484628187812
nikkei225,2005-07-31,0,0,26.15449018496072
nikkei225,2005-08-31,0,0,26.255512087304744
nikkei225,2005-09-30,0,0,17.235257000286452
nikkei225,2005-10-31,0,0,18.66965573866466
nikkei225,2005-11-30,0,0,9.009866191142635
nikkei225,2005-12-31,0,0,6.688106745489897
nikkei225,2006-01-31,0,0,4.311744956425123
nikkei225,2006-02-28,0,0,8.278656476363722
nikkei225,2006-03-31,0,0,1.327577497448651
nikkei225,2006-04-30,0,0,2.881155736287333
nikkei225,2006-05-31,0,0,14.471498311537268
nikkei225,2006-06-30,0,0,15.68548567155208
nikkei225,2006-07-31,0,0,10.969817468505205
nikkei225,2006-08-31,0,0,2.619116678004474
nikkei225,2006-09-30,0,0,3.9995850412120504
nikkei225,2006-10-31,0,0,2.0415352193687397
nikkei225,2006-11-30,0,0,-3.716028599405341
nikkei225,2006-12-31,0,0,-11.804879229824117
nikkei225,2007-01-31,0,0,-24.600093107126497
nikkei225,2007-02-28,0,0,-25.784112428663164
nikkei225,2007-03-31,0,0,-32.22226334057918
nikkei225,2007-04-30,0,0,-22.820925060711694
nikkei225,2007-05-31,0,0,-22.04940261395283
nikkei225,2007-06-30,0,0,-29.671953276531937
nikkei225,2007-07-31,0,0,-25.422525120792017
nikkei225,2007-08-31,0,0,-23.699980263798892
nikkei225,2007-09-30,0,0,-39.928248467516525
nikkei225,2007-10-31,0,0,-66.8577604481289
nikkei225,2007-11-30,0,0,-61.09201416655008
nikkei225,2007-12-31,0,0,-54.68641602680098
nikkei225,2008-01-31,0,1,-53.08184522908075
nikkei225,2008-02-29,1,1,-58.63074757389253
nikkei225,2008-03-31,1,1,-43.47298761216827
nikkei225,2008-04-30,1,1,-45.03266143768432
nikkei225,2008-05-31,1,1,-40.92936002316652
nikkei225,2008-06-30,1,1,-30.28889894676663
nikkei225,2008-07-31,1,1,-25.587636561130722
nikkei225,2008-08-31,1,1,-21.987549786787675
nikkei225,2008-09-30,1,1,-10.542405188199666
nikkei225,2008-10-31,1,1,15.697117111160352
nikkei225,2008-11-30,1,1,9.339167632586332
nikkei225,2008-12-31,1,1,17.429134947585645
nikkei225,2009-01-31,1,1,24.34980582650219
nikkei225,2009-02-28,1,1,29.112504650116833
nikkei225,2009-03-31,1,1,31.299854300285368
nikkei225,2009-04-30,0,1,22.514200925395045
nikkei225,2009-05-31,0,1,2.552599743550843
nikkei225,2009-06-30,0,1,-5.9559340128876315
nikkei225,2009-07-31,0,1,-8.243580693978991
nikkei225,2009-08-31,0,1,-17.31815685964122
nikkei225,2009-09-30,0,1,-7.837648676088449
nikkei225,2009-10-31,0,0,-8.658332177754069
nikkei225,2009-11-30,0,0,6.136892025256202
nikkei225,2009-12-31,0,0,-3.0569408054990532
nikkei225,2010-01-31,0,0,0.3902917554363228
nikkei225,2010-02-28,0,0,4.801468615948856
nikkei225,2010-03-31,0,0,-12.824824468118123
nikkei225,2010-04-30,0,0,-11.565483971935286
nikkei225,2010-05-31,0,0,-0.7704083694591191
nikkei225,2010-06-30,0,0,4.516172431052468
nikkei225,2010-07-31,0,0,3.053674849623711
nikkei225,2010-08-31,0,0,1.4752358094465734
nikkei225,2010-09-30,0,0,-7.408731889334064
nikkei225,2010-10-31,0,0,-2.353606871707292
nikkei225,2010-11-30,0,0,-16.392567284368553
nikkei225,2010-12-31,0,0,-19.041966398617127
nikkei225,2011-01-31,0,0,-15.106158488634591
nikkei225,2011-02-28,0,0,-8.860512900950823
nikkei225,2011-03-31,0,1,3.311614714962019
nikkei225,2011-04-30,0,1,-3.39567877884015
nikkei225,2011-05-31,0,1,-12.639864939294654
nikkei225,2011-06-30,0,1,-8.604520273749294
nikkei225,2011-07-31,0,1,-12.299215566975796
nikkei225,2011-08-31,0,1,-1.2957677687143843
nikkei225,2011-09-30,0,1,1.9336489177373295
nikkei225,2011-10-31,0,1,-0.6708813891592058
nikkei225,2011-11-30,0,1,11.324888462225857
nikkei225,2011-12-31,0,1,20.654287619626466
nikkei225,2012-01-31,0,1,23.538507257722863
nikkei225,2012-02-29,0,1,17.297660843640372
nikkei225,2012-03-31,0,0,20.662159033870076
nikkei225,2012-04-30,0,0,37.55807713593544
nikkei225,2012-05-31,0,1,47.774127976924596
nikkei225,2012-06-30,0,1,41.77613520020298
nikkei225,2012-07-31,0,1,45.232577030953536
nikkei225,2012-08-31,0,1,41.51463308958814
nikkei225,2012-09-30,0,1,48.84028524919373
nikkei225,2012-10-31,0,0,47.29866155690203
nikkei225,2012-11-30,0,0,50.563669812139445
nikkei225,2012-12-31,0,1,44.928960332403456
nikkei225,2013-01-31,0,0,29.191396986443863
nikkei225,2013-02-28,0,0,24.99028298187973
nikkei225,2013-03-31,0,0,17.89779030742924
nikkei225,2013-04-30,0,0,3.147786687338616
nikkei225,2013-05-31,0,0,6.041490973039032
nikkei225,2013-06-30,0,0,10.305985786754057
nikkei225,2013-07-31,0,0,13.35206397709836
nikkei225,2013-08-31,0,0,14.153993490770667
nikkei225,2013-09-30,0,0,11.227960339346055
nikkei225,2013-10-31,0,0,13.590848602257743
nikkei225,2013-11-30,0,0,10.867483350464369
nikkei225,2013-12-31,0,0,6.8751936448732565
nikkei225,2014-01-31,0,0,16.978081062328876
nikkei225,2014-02-28,0,0,23.634890164952438
nikkei225,2015-03-31,0,0,-13.635855584689693
nikkei225,2015-04-30,0,0,-15.806631832073492
nikkei225,2015-05-31,0,0,-17.655959122819276
nikkei225,2015-06-30,0,0,-26.17237500132088
nikkei225,2015-07-31,0,0,-21.702457885882254
nikkei225,2015-08-31,0,0,-11.20903114143168
nikkei225,2015-09-30,0,0,-5.547322097167218
nikkei225,2015-12-31,0,0,0.42286963408422196
nikkei225,2017-11-30,0,0,-1.6590149444649427
nikkei225,2017-12-31,0,0,-12.875113155888052
nikkei225,2018-01-31,0,0,-10.608088235773572
nikkei225,2018-02-28,0,0,-3.144225061014261
nikkei225,2018-03-31,0,0,-1.1649901374427785
nikkei225,2018-04-30,0,0,-0.9351938128533632
nikkei225,2018-05-31,0,0,-7.482546700371806
nikkei225,2018-06-30,0,0,-4.721297656666046
nikkei225,2018-07-31,0,0,-4.684625350947336
nikkei225,2018-08-31,0,0,-9.926918682259434
nikkei225,2018-11-30,0,0,4.131818802935783
nikkei225,2020-01-31,0,0,17.573438482758874
nikkei225,2020-02-29,0,0,31.481603161673455
nikkei225,2020-03-31,0,0,43.33809400472344
nikkei225,2020-04-30,0,1,35.544371021516774
nikkei225,2020-05-31,0,1,27.69827616809586
nikkei225,2020-06-30,0,1,25.602649577678704
nikkei225,2020-07-31,0,1,22.851243294035584
nikkei225,2020-08-31,0,1,19.384489173990183
nikkei225,2020-09-30,0,1,23.927357738010535
nikkei225,2020-10-31,0,1,22.90891922064784
nikkei225,2020-11-30,0,1,5.118178761301095
nikkei225,2020-12-31,0,0,4.793377465010096
nikkei225,2021-01-31,0,0,-2.419968696401398
nikkei225,2021-02-28,0,0,-8.796675707824875
nikkei225,2021-03-31,0,0,-4.7635869154946775
nikkei225,2021-04-30,0,0,-7.062624234841763
nikkei225,2021-05-31,0,0,-5.631279784318721
nikkei225,2021-07-31,0,0,1.8809617412470558
nikkei225,2021-08-31,0,0,0.007085071302270762
nikkei225,2021-10-31,0,0,-4.622724738650241
nikkei225,2021-11-30,0,0,0.527796491468635
nikkei225,2021-12-31,0,0,-9.836296689212887
nikkei225,2022-01-31,0,0,1.1969012865817419
nikkei225,2022-02-28,0,1,3.4048117723431304
nikkei225,2022-03-31,0,1,0.7878283419083587
nikkei225,2022-04-30,0,1,7.214555250686416
nikkei225,2022-05-31,1,1,12.421737156441104
nikkei225,2022-06-30,1,1,22.911936918174547
nikkei225,2022-07-31,1,1,17.66177067411654
nikkei225,2022-08-31,1,1,14.943727682699937
nikkei225,2022-09-30,1,1,20.559791954512363
nikkei225,2022-10-31,1,1,11.206221288156115
nikkei225,2022-11-30,1,1,18.00576327929786
nikkei225,2022-12-31,1,1,24.875080609009004
nikkei225,2023-01-31,1,1,28.357235749295384
nikkei225,2023-02-28,1,1,35.560948436922324
nikkei225,2023-03-31,0,1,36.43882386860984
nikkei225,2023-04-30,0,1,28.587167597167706
nikkei225,2023-05-31,0,1,21.99799638112676
nikkei225,2023-06-30,0,1,17.618203416595968
nikkei225,2023-07-31,0,0,16.445628023036818
nikkei225,2023-08-31,0,1,16.958319937897315
nikkei225,2023-09-30,0,1,17.419025793500253
nikkei225,2023-10-31,0,1,23.62192438193098
nikkei225,2023-11-30,0,1,13.189169804465095
nikkei225,2023-12-31,0,0,17.57640786842316
nikkei225,2024-01-31,0,0,8.668255207652109
nikkei225,2024-02-29,0,0,-5.270210187607383
nikkei225,2024-03-31,0,0,-12.523436272518751
nikkei225,2024-04-30,0,0,-6.342617879886703
nikkei225,2024-05-31,0,0,-1.367650776121998
nikkei225,2024-06-30,0,0,2.258887618529748
nikkei225,2024-07-31,0,0,4.9104531592156775
nikkei225,2024-08-31,0,0,10.014279155133998
nikkei225,2024-09-30,0,0,16.96974016959718
nikkei225,2024-10-31,0,0,29.3480164812296
nikkei225,2024-11-30,0,0,27.404262230521148
nikkei225,2024-12-31,0,0,23.255022028058292
nikkei225,2025-01-31,0,0,29.82308376033771
nikkei225,2025-02-28,0,0,45.98846050081633
nikkei225,2025-03-31,0,1,36.02355049533763
nikkei225,2025-04-30,0,1,49.7576335287345
nikkei225,2025-05-31,0,1,53.29875179967516
