date,market,close
1992-10-31,aex,124.0459213256836
1992-11-30,aex,126.2240753173828
1992-12-31,aex,129.70912170410156
1993-01-31,aex,132.4817352294922
1993-02-28,aex,138.77569580078125
1993-03-31,aex,144.52511596679688
1993-04-30,aex,142.4967041015625
1993-05-31,aex,139.89199829101562
1993-06-30,aex,147.1162109375
1993-07-31,aex,153.79588317871094
1993-08-31,aex,165.94363403320312
1993-09-30,aex,158.7466583251953
1993-10-31,aex,173.99827575683594
1993-11-30,aex,174.00735473632812
1993-12-31,aex,187.98838806152344
1994-01-31,aex,199.07882690429688
1994-02-28,aex,190.92889404296875
1994-03-31,aex,183.25997924804688
1994-04-30,aex,187.4393005371093
1994-05-31,aex,181.86231994628903
1994-06-30,aex,174.0436553955078
1994-07-31,aex,185.23846435546875
1994-08-31,aex,190.33444213867188
1994-09-30,aex,182.54299926757807
1994-10-31,aex,187.23963928222656
1994-11-30,aex,185.7784576416016
1994-12-31,aex,188.0791473388672
1995-01-31,aex,185.19308471679688
1995-02-28,aex,185.0342559814453
1995-03-31,aex,178.5179443359375
1995-04-30,aex,189.1772918701172
1995-05-31,aex,195.81613159179688
1995-06-30,aex,196.2063751220703
1995-07-31,aex,207.8912811279297
1995-08-31,aex,207.9502716064453
1995-09-30,aex,211.5805206298828
1995-10-31,aex,205.81748962402344
1995-11-30,aex,216.9578399658203
1995-12-31,aex,220.24322509765625
1996-01-31,aex,228.4249267578125
1996-02-29,aex,232.89013671875
1996-03-31,aex,241.2533416748047
1996-04-30,aex,251.6676483154297
1996-05-31,aex,258.6967468261719
1996-06-30,aex,254.267822265625
1996-07-31,aex,243.1047821044922
1996-08-31,aex,250.0294952392578
1996-09-30,aex,261.814208984375
1996-10-31,aex,261.8414611816406
1996-11-30,aex,286.36383056640625
1996-12-31,aex,294.1598205566406
1997-01-31,aex,306.6116027832031
1997-02-28,aex,334.6462707519531
1997-03-31,aex,336.2481384277344
1997-04-30,aex,346.3901672363281
1997-05-31,aex,358.9281616210937
1997-06-30,aex,390.95611572265625
1997-07-31,aex,446.21771240234375
1997-08-31,aex,394.0146179199219
1997-09-30,aex,417.4797058105469
1997-10-31,aex,390.0576171875
1997-11-30,aex,400.1089172363281
1997-12-31,aex,414.6072387695313
1998-01-31,aex,434.1017456054688
1998-02-28,aex,485.69677734375
1998-03-31,aex,511.1539611816406
1998-04-30,aex,511.6939697265625
1998-05-31,aex,543.8580322265625
1998-06-30,aex,544.6748657226562
1998-07-31,aex,557.84814453125
1998-08-31,aex,493.0934448242188
1998-09-30,aex,423.9007263183594
1998-10-31,aex,450.6784057617188
1998-11-30,aex,499.4373168945313
1998-12-31,aex,538.3582153320312
1999-01-31,aex,532.0900268554688
1999-02-28,aex,536.1199951171875
1999-03-31,aex,536.9299926757812
1999-04-30,aex,573.52001953125
1999-05-31,aex,554.0599975585938
1999-06-30,aex,561.1900024414062
1999-07-31,aex,552.77001953125
1999-08-31,aex,572.4199829101562
1999-09-30,aex,547.4500122070312
1999-10-31,aex,571.8200073242188
1999-11-30,aex,602.1099853515625
1999-12-31,aex,671.4099731445312
2000-01-31,aex,612.3800048828125
2000-02-29,aex,664.280029296875
2000-03-31,aex,662.2899780273438
2000-04-30,aex,661.3800048828125
2000-05-31,aex,655.5
2000-06-30,aex,672.1400146484375
2000-07-31,aex,668.1799926757812
2000-08-31,aex,689.52001953125
2000-09-30,aex,661.52001953125
2000-10-31,aex,680.5599975585938
2000-11-30,aex,649.9199829101562
2000-12-31,aex,637.5999755859375
2001-01-31,aex,639.97998046875
2001-02-28,aex,597.3300170898438
2001-03-31,aex,558.3599853515625
2001-04-30,aex,593.0900268554688
2001-05-31,aex,585.1500244140625
2001-06-30,aex,573.5
2001-07-31,aex,548.719970703125
2001-08-31,aex,523.6300048828125
2001-09-30,aex,453.8699951171875
2001-10-31,aex,460.3299865722656
2001-11-30,aex,492.6700134277344
2001-12-31,aex,506.7799987792969
2002-01-31,aex,500.9200134277344
2002-02-28,aex,494.9100036621094
2002-03-31,aex,531.2100219726562
2002-04-30,aex,511.2799987792969
2002-05-31,aex,484.5499877929688
2002-06-30,aex,439.6600036621094
2002-07-31,aex,363.5899963378906
2002-08-31,aex,371.5899963378906
2002-09-30,aex,296.3599853515625
2002-10-31,aex,342.8399963378906
2002-11-30,aex,361.989990234375
2002-12-31,aex,322.7300109863281
2003-01-31,aex,294.94000244140625
2003-02-28,aex,266.2099914550781
2003-03-31,aex,248.5399932861328
2003-04-30,aex,282.6300048828125
2003-05-31,aex,280.57000732421875
2003-06-30,aex,291.54998779296875
2003-07-31,aex,317.489990234375
2003-08-31,aex,329.4100036621094
2003-09-30,aex,306.7799987792969
2003-10-31,aex,330.2200012207031
2003-11-30,aex,332.19000244140625
2003-12-31,aex,337.6499938964844
2004-01-31,aex,353.3099975585937
2004-02-29,aex,356.5899963378906
2004-03-31,aex,338.8699951171875
2004-04-30,aex,341.4100036621094
2004-05-31,aex,337.19000244140625
2004-06-30,aex,345.1300048828125
2004-07-31,aex,329.9100036621094
2004-08-31,aex,323.1199951171875
2004-09-30,aex,323.94000244140625
2004-10-31,aex,330.4800109863281
2004-11-30,aex,337.1499938964844
2004-12-31,aex,348.0799865722656
2005-01-31,aex,360.4200134277344
2005-02-28,aex,374.3699951171875
2005-03-31,aex,369.55999755859375
2005-04-30,aex,348.20001220703125
2005-05-31,aex,364.6799926757813
2005-06-30,aex,383.8299865722656
2005-07-31,aex,395.7699890136719
2005-08-31,aex,389.6000061035156
2005-09-30,aex,402.989990234375
2005-10-31,aex,394.1600036621094
2005-11-30,aex,418.7900085449219
2005-12-31,aex,436.7799987792969
2006-01-31,aex,450.5
2006-02-28,aex,458.7200012207031
2006-03-31,aex,468.6900024414063
2006-04-30,aex,469.3999938964844
2006-05-31,aex,440.4100036621094
2006-06-30,aex,440.25
2006-07-31,aex,454.05999755859375
2006-08-31,aex,469.010009765625
2006-09-30,aex,483.6199951171875
2006-10-31,aex,486.5700073242188
2006-11-30,aex,477.6700134277344
2006-12-31,aex,495.3399963378906
2007-01-31,aex,499.80999755859375
2007-02-28,aex,490.2099914550781
2007-03-31,aex,510.5
2007-04-30,aex,530.8099975585938
2007-05-31,aex,540.3900146484375
2007-06-30,aex,548.2100219726562
2007-07-31,aex,533.989990234375
2007-08-31,aex,522.72998046875
2007-09-30,aex,540.97998046875
2007-10-31,aex,547.8499755859375
2007-11-30,aex,507.5799865722656
2007-12-31,aex,515.77001953125
2008-01-31,aex,441.3299865722656
2008-02-29,aex,446.5299987792969
2008-03-31,aex,442.4299926757813
2008-04-30,aex,475.55999755859375
2008-05-31,aex,485.5199890136719
2008-06-30,aex,425.9299926757813
2008-07-31,aex,399.9500122070313
2008-08-31,aex,412.8399963378906
2008-09-30,aex,331.45001220703125
2008-10-31,aex,267.69000244140625
2008-11-30,aex,252.5500030517578
2008-12-31,aex,245.94000244140625
2009-01-31,aex,248.6000061035156
2009-02-28,aex,219.8099975585937
2009-03-31,aex,216.97999572753903
2009-04-30,aex,240.759994506836
2009-05-31,aex,259.45001220703125
2009-06-30,aex,254.7100067138672
2009-07-31,aex,283.1700134277344
2009-08-31,aex,296.2699890136719
2009-09-30,aex,311.3500061035156
2009-10-31,aex,302.3599853515625
2009-11-30,aex,305.8999938964844
2009-12-31,aex,335.3299865722656
2010-01-31,aex,327.8999938964844
2010-02-28,aex,317.739990234375
2010-03-31,aex,344.2200012207031
2010-04-30,aex,345.9100036621094
2010-05-31,aex,320.70001220703125
2010-06-30,aex,316.8099975585937
2010-07-31,aex,330.6400146484375
2010-08-31,aex,316.4700012207031
2010-09-30,aex,334.3900146484375
2010-10-31,aex,337.2300109863281
2010-11-30,aex,327.4100036621094
2010-12-31,aex,356.3599853515625
2011-01-31,aex,360.75
2011-02-28,aex,369.1300048828125
2011-03-31,aex,365.6199951171875
2011-04-30,aex,359.94000244140625
2011-05-31,aex,349.44000244140625
2011-06-30,aex,339.6499938964844
2011-07-31,aex,329.2200012207031
2011-08-31,aex,292.92999267578125
2011-09-30,aex,280.17999267578125
2011-10-31,aex,307.5
2011-11-30,aex,299.67999267578125
2011-12-31,aex,312.4700012207031
2012-01-31,aex,318.4700012207031
2012-02-29,aex,324.25
2012-03-31,aex,323.510009765625
2012-04-30,aex,308.29998779296875
2012-05-31,aex,290.0899963378906
2012-06-30,aex,307.3099975585937
2012-07-31,aex,326.4700012207031
2012-08-31,aex,329.2799987792969
2012-09-30,aex,323.17999267578125
2012-10-31,aex,330.760009765625
2012-11-30,aex,336.54998779296875
2012-12-31,aex,342.7099914550781
2013-01-31,aex,354.3500061035156
2013-02-28,aex,340.5299987792969
2013-03-31,aex,348.1000061035156
2013-04-30,aex,351.3900146484375
2013-05-31,aex,363.3800048828125
2013-06-30,aex,344.5899963378906
2013-07-31,aex,369.80999755859375
2013-08-31,aex,362.9299926757813
2013-09-30,aex,374.9200134277344
2013-10-31,aex,391.9200134277344
2013-11-30,aex,396.5499877929688
2013-12-31,aex,401.7900085449219
2014-01-31,aex,386.8500061035156
2014-02-28,aex,398.5400085449219
2014-03-31,aex,403.2099914550781
2014-04-30,aex,400.5499877929688
2014-05-31,aex,407.2099914550781
2014-06-30,aex,413.1499938964844
2014-07-31,aex,404.2900085449219
2014-08-31,aex,413.1300048828125
2014-09-30,aex,421.1400146484375
2014-10-31,aex,411.3200073242188
2014-11-30,aex,425.8599853515625
2014-12-31,aex,424.4700012207031
2015-01-31,aex,450.3900146484375
2015-02-28,aex,483.9299926757813
2015-03-31,aex,489.4100036621094
2015-04-30,aex,487.8500061035156
2015-05-31,aex,493.55999755859375
2015-06-30,aex,472.5799865722656
2015-07-31,aex,495.2300109863281
2015-08-31,aex,445.0299987792969
2015-09-30,aex,421.1400146484375
2015-10-31,aex,462.1199951171875
2015-11-30,aex,469.5199890136719
2015-12-31,aex,446.1900024414063
2016-01-31,aex,431.2799987792969
2016-02-29,aex,427.2699890136719
2016-03-31,aex,440.1099853515625
2016-04-30,aex,439.6799926757813
2016-05-31,aex,447.8699951171875
2016-06-30,aex,435.8800048828125
2016-07-31,aex,449.8299865722656
2016-08-31,aex,454.3800048828125
2016-09-30,aex,452.3299865722656
2016-10-31,aex,452.5899963378906
2016-11-30,aex,457.2099914550781
2016-12-31,aex,483.1700134277344
2017-01-31,aex,476.7099914550781
2017-02-28,aex,495.3500061035156
2017-03-31,aex,516.5399780273438
2017-04-30,aex,521.1300048828125
2017-05-31,aex,524.0700073242188
2017-06-30,aex,507.1499938964844
2017-07-31,aex,525.4400024414062
2017-08-31,aex,516.0399780273438
2017-09-30,aex,537.0599975585938
2017-10-31,aex,553.3800048828125
2017-11-30,aex,540.1099853515625
2017-12-31,aex,544.5800170898438
2018-01-31,aex,560.52001953125
2018-02-28,aex,535.5800170898438
2018-03-31,aex,529.52001953125
2018-04-30,aex,555.72998046875
2018-05-31,aex,552.8499755859375
2018-06-30,aex,551.6799926757812
2018-07-31,aex,574.25
2018-08-31,aex,558.4199829101562
2018-09-30,aex,549.6199951171875
2018-10-31,aex,518.7100219726562
2018-11-30,aex,519.3699951171875
2018-12-31,aex,487.8800048828125
2019-01-31,aex,520.6300048828125
2019-02-28,aex,541.0499877929688
2019-03-31,aex,548.97998046875
2019-04-30,aex,571.5999755859375
2019-05-31,aex,540.489990234375
2019-06-30,aex,561.760009765625
2019-07-31,aex,572.0900268554688
2019-08-31,aex,558.3499755859375
2019-09-30,aex,580.22998046875
2019-10-31,aex,576.6300048828125
2019-11-30,aex,597.2899780273438
2019-12-31,aex,604.5800170898438
2020-01-31,aex,589.5
2020-02-29,aex,539.3800048828125
2020-03-31,aex,483.4400024414063
2020-04-30,aex,512.9199829101562
2020-05-31,aex,532.5700073242188
2020-06-30,aex,559.72998046875
2020-07-31,aex,545.2899780273438
2020-08-31,aex,549.2000122070312
2020-09-30,aex,547.7000122070312
2020-10-31,aex,533.8800048828125
2020-11-30,aex,606.02001953125
2020-12-31,aex,624.6099853515625
2021-01-31,aex,637.1099853515625
2021-02-28,aex,651.260009765625
2021-03-31,aex,699.8499755859375
2021-04-30,aex,707.5599975585938
2021-05-31,aex,709.3599853515625
2021-06-30,aex,729.52001953125
2021-07-31,aex,754.3099975585938
2021-08-31,aex,787.6199951171875
2021-09-30,aex,771.9400024414062
2021-10-31,aex,810.9099731445312
2021-11-30,aex,777.3900146484375
2021-12-31,aex,797.9299926757812
2022-01-31,aex,755.2000122070312
2022-02-28,aex,729.719970703125
2022-03-31,aex,724.2000122070312
2022-04-30,aex,710.97998046875
2022-05-31,aex,712.8800048828125
2022-06-30,aex,659.22998046875
2022-07-31,aex,729.4400024414062
2022-08-31,aex,680.3099975585938
2022-09-30,aex,640.6199951171875
2022-10-31,aex,670.6199951171875
2022-11-30,aex,724.0999755859375
2022-12-31,aex,689.010009765625
2023-01-31,aex,745.1900024414062
2023-02-28,aex,752.9299926757812
2023-03-31,aex,756.1799926757812
2023-04-30,aex,758.489990234375
2023-05-31,aex,748.8599853515625
2023-06-30,aex,773.9400024414062
2023-07-31,aex,792.0
2023-08-31,aex,743.6199951171875
2023-09-30,aex,728.7899780273438
2023-10-31,aex,718.5999755859375
2023-11-30,aex,765.0399780273438
2023-12-31,aex,786.8200073242188
2024-01-31,aex,818.2100219726562
2024-02-29,aex,848.4400024414062
2024-03-31,aex,881.780029296875
2024-04-30,aex,878.8300170898438
2024-05-31,aex,903.6099853515624
2024-06-30,aex,923.8499755859376
2024-07-31,aex,920.6199951171876
2024-08-31,aex,918.6599731445312
2024-09-30,aex,910.1199951171876
2024-10-31,aex,874.1799926757812
2024-11-30,aex,881.72998046875
2024-12-31,aex,878.6300048828125
2025-01-31,aex,921.9400024414062
2025-02-28,aex,921.9199829101562
2025-03-31,aex,898.7999877929688
2025-04-30,aex,877.8900146484375
2025-05-31,aex,922.9299926757812
2025-06-30,aex,913.280029296875
2025-07-31,aex,902.0599975585938
2025-08-31,aex,896.6199951171875
2025-09-30,aex,942.780029296875
2025-10-31,aex,971.4600219726562
2025-11-30,aex,943.3699951171876
2025-12-31,aex,951.2899780273438
2026-01-31,aex,1001.6500244140624
2026-02-28,aex,1027.02001953125
2026-03-31,aex,959.7999877929688
2026-04-30,aex,1014.0900268554688
2026-05-31,aex,1035.8299560546875
1984-08-31,aord,733.2000122070312
1984-09-30,aord,733.5
1984-10-31,aord,749.0
1984-11-30,aord,749.0
1984-12-31,aord,726.0999755859375
1985-01-31,aord,773.4000244140625
1985-02-28,aord,792.2999877929688
1985-03-31,aord,829.7000122070312
1985-04-30,aord,874.7000122070312
1985-05-31,aord,873.5
1985-06-30,aord,860.7999877929688
1985-07-31,aord,936.0999755859376
1985-08-31,aord,937.7999877929688
1985-09-30,aord,987.0
1985-10-31,aord,1027.0
1985-11-30,aord,990.7000122070312
1985-12-31,aord,1003.7999877929688
1986-01-31,aord,1075.0999755859375
1986-02-28,aord,1041.5999755859375
1986-03-31,aord,1136.5
1986-04-30,aord,1210.5999755859375
1986-05-31,aord,1241.0
1986-06-30,aord,1179.800048828125
1986-07-31,aord,1123.5
1986-08-31,aord,1192.300048828125
1986-09-30,aord,1257.199951171875
1986-10-31,aord,1377.5
1986-11-30,aord,1379.5999755859375
1986-12-31,aord,1473.0999755859375
1987-01-31,aord,1496.300048828125
1987-02-28,aord,1614.0999755859375
1987-03-31,aord,1689.9000244140625
1987-04-30,aord,1749.5999755859375
1987-05-31,aord,1770.800048828125
1987-06-30,aord,1765.800048828125
1987-07-31,aord,2030.199951171875
1987-08-31,aord,2150.0
1987-09-30,aord,2247.60009765625
1987-10-31,aord,1295.199951171875
1987-11-30,aord,1328.699951171875
1987-12-31,aord,1320.0
1988-01-31,aord,1257.0999755859375
1988-02-29,aord,1250.699951171875
1988-03-31,aord,1415.5999755859375
1988-04-30,aord,1457.199951171875
1988-05-31,aord,1566.9000244140625
1988-06-30,aord,1554.9000244140625
1988-07-31,aord,1611.699951171875
1988-08-31,aord,1570.5
1988-09-30,aord,1551.5999755859375
1988-10-31,aord,1587.0
1988-11-30,aord,1471.5
1988-12-31,aord,1487.4000244140625
1989-01-31,aord,1551.5
1989-02-28,aord,1484.800048828125
1989-03-31,aord,1459.5999755859375
1989-04-30,aord,1500.199951171875
1989-05-31,aord,1529.9000244140625
1989-06-30,aord,1521.0999755859375
1989-07-31,aord,1634.199951171875
1989-08-31,aord,1763.199951171875
1989-09-30,aord,1735.800048828125
1989-10-31,aord,1646.199951171875
1989-11-30,aord,1611.5999755859375
1989-12-31,aord,1649.0
1990-01-31,aord,1677.0
1990-02-28,aord,1575.199951171875
1990-03-31,aord,1535.800048828125
1990-04-30,aord,1454.5
1990-05-31,aord,1512.0999755859375
1990-06-30,aord,1500.699951171875
1990-07-31,aord,1573.800048828125
1990-08-31,aord,1507.5999755859375
1990-09-30,aord,1398.4000244140625
1990-10-31,aord,1327.199951171875
1990-11-30,aord,1319.699951171875
1990-12-31,aord,1279.800048828125
1991-01-31,aord,1321.5
1991-02-28,aord,1405.5999755859375
1991-03-31,aord,1444.0999755859375
1991-04-30,aord,1534.199951171875
1991-05-31,aord,1510.0
1991-06-30,aord,1506.199951171875
1991-07-31,aord,1572.4000244140625
1991-08-31,aord,1540.4000244140625
1991-09-30,aord,1562.0999755859375
1991-10-31,aord,1683.0
1991-11-30,aord,1605.699951171875
1991-12-31,aord,1651.4000244140625
1992-01-31,aord,1619.5
1992-02-29,aord,1614.199951171875
1992-03-31,aord,1582.5999755859375
1992-04-30,aord,1655.9000244140625
1992-05-31,aord,1678.300048828125
1992-06-30,aord,1643.800048828125
1992-07-31,aord,1617.699951171875
1992-08-31,aord,1547.199951171875
1992-09-30,aord,1485.0
1992-10-31,aord,1425.800048828125
1992-11-30,aord,1448.0999755859375
1992-12-31,aord,1549.9000244140625
1993-01-31,aord,1528.199951171875
1993-02-28,aord,1609.5
1993-03-31,aord,1667.4000244140625
1993-04-30,aord,1681.5
1993-05-31,aord,1737.4000244140625
1993-06-30,aord,1738.0999755859375
1993-07-31,aord,1844.0
1993-08-31,aord,1962.199951171875
1993-09-30,aord,1963.9000244140625
1993-10-31,aord,2112.199951171875
1993-11-30,aord,2009.4000244140625
1993-12-31,aord,2173.60009765625
1994-01-31,aord,2310.800048828125
1994-02-28,aord,2180.10009765625
1994-03-31,aord,2053.10009765625
1994-04-30,aord,2066.10009765625
1994-05-31,aord,2080.0
1994-06-30,aord,1989.0999755859373
1994-07-31,aord,2061.5
1994-08-31,aord,2122.10009765625
1994-09-30,aord,2028.699951171875
1994-10-31,aord,2044.800048828125
1994-11-30,aord,1890.699951171875
1994-12-31,aord,1932.800048828125
1995-01-31,aord,1830.5999755859373
1995-02-28,aord,1920.0
1995-03-31,aord,1905.5999755859373
1995-04-30,aord,2050.199951171875
1995-05-31,aord,2019.5
1995-06-30,aord,2017.0
1995-07-31,aord,2116.10009765625
1995-08-31,aord,2133.0
1995-09-30,aord,2136.0
1995-10-31,aord,2073.699951171875
1995-11-30,aord,2158.800048828125
1995-12-31,aord,2203.0
1996-01-31,aord,2288.5
1996-02-29,aord,2290.0
1996-03-31,aord,2225.60009765625
1996-04-30,aord,2316.800048828125
1996-05-31,aord,2266.10009765625
1996-06-30,aord,2242.10009765625
1996-07-31,aord,2180.300048828125
1996-08-31,aord,2268.699951171875
1996-09-30,aord,2290.39990234375
1996-10-31,aord,2350.199951171875
1996-11-30,aord,2388.60009765625
1996-12-31,aord,2424.60009765625
1997-01-31,aord,2423.699951171875
1997-02-28,aord,2449.89990234375
1997-03-31,aord,2422.300048828125
1997-04-30,aord,2488.0
1997-05-31,aord,2610.5
1997-06-30,aord,2725.89990234375
1997-07-31,aord,2735.10009765625
1997-08-31,aord,2593.0
1997-09-30,aord,2766.89990234375
1997-10-31,aord,2464.800048828125
1997-11-30,aord,2465.10009765625
1997-12-31,aord,2616.5
1998-01-31,aord,2656.699951171875
1998-02-28,aord,2697.39990234375
1998-03-31,aord,2744.199951171875
1998-04-30,aord,2762.10009765625
1998-05-31,aord,2715.699951171875
1998-06-30,aord,2668.39990234375
1998-07-31,aord,2704.60009765625
1998-08-31,aord,2480.699951171875
1998-09-30,aord,2587.0
1998-10-31,aord,2647.300048828125
1998-11-30,aord,2773.300048828125
1998-12-31,aord,2813.39990234375
1999-01-31,aord,2893.800048828125
1999-02-28,aord,2879.89990234375
1999-03-31,aord,2967.199951171875
1999-04-30,aord,3101.10009765625
1999-05-31,aord,2900.199951171875
1999-06-30,aord,2968.89990234375
1999-07-31,aord,3019.89990234375
1999-08-31,aord,2951.89990234375
1999-09-30,aord,2881.10009765625
1999-10-31,aord,2885.10009765625
1999-11-30,aord,3044.0
1999-12-31,aord,3152.5
2000-01-31,aord,3096.0
2000-02-29,aord,3135.699951171875
2000-03-31,aord,3133.300048828125
2000-04-30,aord,3085.10009765625
2000-05-31,aord,3040.60009765625
2000-06-30,aord,3257.60009765625
2000-07-31,aord,3213.60009765625
2000-08-31,aord,3261.699951171875
2000-09-30,aord,3246.10009765625
2000-10-31,aord,3203.89990234375
2000-11-30,aord,3222.0
2000-12-31,aord,3154.699951171875
2001-01-31,aord,3291.5
2001-02-28,aord,3274.10009765625
2001-03-31,aord,3096.89990234375
2001-04-30,aord,3270.300048828125
2001-05-31,aord,3317.199951171875
2001-06-30,aord,3425.199951171875
2001-07-31,aord,3270.800048828125
2001-08-31,aord,3217.800048828125
2001-09-30,aord,2988.0
2001-10-31,aord,3185.300048828125
2001-11-30,aord,3276.89990234375
2001-12-31,aord,3359.89990234375
2002-01-31,aord,3404.0
2002-02-28,aord,3358.60009765625
2002-03-31,aord,3363.300048828125
2002-04-30,aord,3299.5
2002-05-31,aord,3325.10009765625
2002-06-30,aord,3163.199951171875
2002-07-31,aord,3032.60009765625
2002-08-31,aord,3073.699951171875
2002-09-30,aord,2928.300048828125
2002-10-31,aord,2995.0
2002-11-30,aord,3025.199951171875
2002-12-31,aord,2975.5
2003-01-31,aord,2935.39990234375
2003-02-28,aord,2778.39990234375
2003-03-31,aord,2848.60009765625
2003-04-30,aord,2970.89990234375
2003-05-31,aord,2979.800048828125
2003-06-30,aord,2998.89990234375
2003-07-31,aord,3106.699951171875
2003-08-31,aord,3202.89990234375
2003-09-30,aord,3176.199951171875
2003-10-31,aord,3282.39990234375
2003-11-30,aord,3195.699951171875
2003-12-31,aord,3306.0
2004-01-31,aord,3283.60009765625
2004-02-29,aord,3372.5
2004-03-31,aord,3416.39990234375
2004-04-30,aord,3407.699951171875
2004-05-31,aord,3456.89990234375
2004-06-30,aord,3530.300048828125
2004-07-31,aord,3546.10009765625
2004-08-31,aord,3561.89990234375
2004-09-30,aord,3674.699951171875
2004-10-31,aord,3786.300048828125
2004-11-30,aord,3942.800048828125
2004-12-31,aord,4053.10009765625
2005-01-31,aord,4106.7001953125
2005-02-28,aord,4156.5
2005-03-31,aord,4100.60009765625
2005-04-30,aord,3943.10009765625
2005-05-31,aord,4070.39990234375
2005-06-30,aord,4229.89990234375
2005-07-31,aord,4346.7001953125
2005-08-31,aord,4413.5
2005-09-30,aord,4592.60009765625
2005-10-31,aord,4412.7001953125
2005-11-30,aord,4583.60009765625
2005-12-31,aord,4708.7998046875
2006-01-31,aord,4880.2001953125
2006-02-28,aord,4878.39990234375
2006-03-31,aord,5087.2001953125
2006-04-30,aord,5207.0
2006-05-31,aord,4972.2998046875
2006-06-30,aord,5034.0
2006-07-31,aord,4957.10009765625
2006-08-31,aord,5079.7998046875
2006-09-30,aord,5113.0
2006-10-31,aord,5352.89990234375
2006-11-30,aord,5461.60009765625
2006-12-31,aord,5644.2998046875
2007-01-31,aord,5757.7001953125
2007-02-28,aord,5816.5
2007-03-31,aord,5978.7998046875
2007-04-30,aord,6158.2998046875
2007-05-31,aord,6341.7998046875
2007-06-30,aord,6310.60009765625
2007-07-31,aord,6187.5
2007-08-31,aord,6248.2998046875
2007-09-30,aord,6580.89990234375
2007-10-31,aord,6779.10009765625
2007-11-30,aord,6593.60009765625
2007-12-31,aord,6421.0
2008-01-31,aord,5697.0
2008-02-29,aord,5674.7001953125
2008-03-31,aord,5409.7001953125
2008-04-30,aord,5657.0
2008-05-31,aord,5773.89990234375
2008-06-30,aord,5332.89990234375
2008-07-31,aord,5052.60009765625
2008-08-31,aord,5215.5
2008-09-30,aord,4631.2998046875
2008-10-31,aord,3982.699951171875
2008-11-30,aord,3672.699951171875
2008-12-31,aord,3659.300048828125
2009-01-31,aord,3478.10009765625
2009-02-28,aord,3296.89990234375
2009-03-31,aord,3532.300048828125
2009-04-30,aord,3744.699951171875
2009-05-31,aord,3813.300048828125
2009-06-30,aord,3947.800048828125
2009-07-31,aord,4249.5
2009-08-31,aord,4484.10009765625
2009-09-30,aord,4739.2998046875
2009-10-31,aord,4646.89990234375
2009-11-30,aord,4715.5
2009-12-31,aord,4882.7001953125
2010-01-31,aord,4596.89990234375
2010-02-28,aord,4651.10009765625
2010-03-31,aord,4893.10009765625
2010-04-30,aord,4833.89990234375
2010-05-31,aord,4453.60009765625
2010-06-30,aord,4324.7998046875
2010-07-31,aord,4507.39990234375
2010-08-31,aord,4438.7998046875
2010-09-30,aord,4636.89990234375
2010-10-31,aord,4733.39990234375
2010-11-30,aord,4676.39990234375
2010-12-31,aord,4846.89990234375
2011-01-31,aord,4850.0
2011-02-28,aord,4923.60009765625
2011-03-31,aord,4928.60009765625
2011-04-30,aord,4899.0
2011-05-31,aord,4788.89990234375
2011-06-30,aord,4659.7998046875
2011-07-31,aord,4500.5
2011-08-31,aord,4369.89990234375
2011-09-30,aord,4070.10009765625
2011-10-31,aord,4360.5
2011-11-30,aord,4184.7001953125
2011-12-31,aord,4111.0
2012-01-31,aord,4325.7001953125
2012-02-29,aord,4388.10009765625
2012-03-31,aord,4420.0
2012-04-30,aord,4467.2001953125
2012-05-31,aord,4133.7001953125
2012-06-30,aord,4135.5
2012-07-31,aord,4289.39990234375
2012-08-31,aord,4339.0
2012-09-30,aord,4406.2998046875
2012-10-31,aord,4535.39990234375
2012-11-30,aord,4518.0
2012-12-31,aord,4664.60009765625
2013-01-31,aord,4901.0
2013-02-28,aord,5120.39990234375
2013-03-31,aord,4979.89990234375
2013-04-30,aord,5168.60009765625
2013-05-31,aord,4914.0
2013-06-30,aord,4775.39990234375
2013-07-31,aord,5035.7001953125
2013-08-31,aord,5125.2998046875
2013-09-30,aord,5217.7001953125
2013-10-31,aord,5420.2998046875
2013-11-30,aord,5314.2998046875
2013-12-31,aord,5353.10009765625
2014-01-31,aord,5205.10009765625
2014-02-28,aord,5415.39990234375
2014-03-31,aord,5403.0
2014-04-30,aord,5470.7998046875
2014-05-31,aord,5473.7998046875
2014-06-30,aord,5382.0
2014-07-31,aord,5623.10009765625
2014-08-31,aord,5624.60009765625
2014-09-30,aord,5296.7998046875
2014-10-31,aord,5505.0
2014-11-30,aord,5298.10009765625
2014-12-31,aord,5388.60009765625
2015-01-31,aord,5551.60009765625
2015-02-28,aord,5898.5
2015-03-31,aord,5861.89990234375
2015-04-30,aord,5773.7001953125
2015-05-31,aord,5774.89990234375
2015-06-30,aord,5451.2001953125
2015-07-31,aord,5681.7001953125
2015-08-31,aord,5222.10009765625
2015-09-30,aord,5058.60009765625
2015-10-31,aord,5288.60009765625
2015-11-30,aord,5218.2001953125
2015-12-31,aord,5344.60009765625
2016-01-31,aord,5056.60009765625
2016-02-29,aord,4947.89990234375
2016-03-31,aord,5151.7998046875
2016-04-30,aord,5316.0
2016-05-31,aord,5447.7998046875
2016-06-30,aord,5310.39990234375
2016-07-31,aord,5644.0
2016-08-31,aord,5529.39990234375
2016-09-30,aord,5525.2001953125
2016-10-31,aord,5402.39990234375
2016-11-30,aord,5502.39990234375
2016-12-31,aord,5719.10009765625
2017-01-31,aord,5675.0
2017-02-28,aord,5761.0
2017-03-31,aord,5903.7998046875
2017-04-30,aord,5947.60009765625
2017-05-31,aord,5761.2998046875
2017-06-30,aord,5764.0
2017-07-31,aord,5773.89990234375
2017-08-31,aord,5776.2998046875
2017-09-30,aord,5744.89990234375
2017-10-31,aord,5976.39990234375
2017-11-30,aord,6057.2001953125
2017-12-31,aord,6167.2998046875
2018-01-31,aord,6146.5
2018-02-28,aord,6117.2998046875
2018-03-31,aord,5868.89990234375
2018-04-30,aord,6071.60009765625
2018-05-31,aord,6123.5
2018-06-30,aord,6289.7001953125
2018-07-31,aord,6366.2001953125
2018-08-31,aord,6427.7998046875
2018-09-30,aord,6325.5
2018-10-31,aord,5913.2998046875
2018-11-30,aord,5749.2998046875
2018-12-31,aord,5709.39990234375
2019-01-31,aord,5937.2998046875
2019-02-28,aord,6252.7001953125
2019-03-31,aord,6261.7001953125
2019-04-30,aord,6418.39990234375
2019-05-31,aord,6491.7998046875
2019-06-30,aord,6699.2001953125
2019-07-31,aord,6896.7001953125
2019-08-31,aord,6698.2001953125
2019-09-30,aord,6800.60009765625
2019-10-31,aord,6772.89990234375
2019-11-30,aord,6948.0
2019-12-31,aord,6802.39990234375
2020-01-31,aord,7121.2001953125
2020-02-29,aord,6511.5
2020-03-31,aord,5110.60009765625
2020-04-30,aord,5597.7001953125
2020-05-31,aord,5872.2001953125
2020-06-30,aord,6001.2998046875
2020-07-31,aord,6058.2998046875
2020-08-31,aord,6245.89990234375
2020-09-30,aord,6009.2998046875
2020-10-31,aord,6133.2001953125
2020-11-30,aord,6742.10009765625
2020-12-31,aord,6850.60009765625
2021-01-31,aord,6870.89990234375
2021-02-28,aord,6940.60009765625
2021-03-31,aord,7017.0
2021-04-30,aord,7290.7001953125
2021-05-31,aord,7406.7001953125
2021-06-30,aord,7585.0
2021-07-31,aord,7664.2001953125
2021-08-31,aord,7823.2998046875
2021-09-30,aord,7629.7001953125
2021-10-31,aord,7639.10009765625
2021-11-30,aord,7587.39990234375
2021-12-31,aord,7779.2001953125
2022-01-31,aord,7268.2998046875
2022-02-28,aord,7323.2001953125
2022-03-31,aord,7789.60009765625
2022-04-30,aord,7724.7998046875
2022-05-31,aord,7455.2001953125
2022-06-30,aord,6746.5
2022-07-31,aord,7173.7998046875
2022-08-31,aord,7226.10009765625
2022-09-30,aord,6678.7001953125
2022-10-31,aord,7054.7998046875
2022-11-30,aord,7480.7001953125
2022-12-31,aord,7221.7001953125
2023-01-31,aord,7686.10009765625
2023-02-28,aord,7458.0
2023-03-31,aord,7373.2998046875
2023-04-30,aord,7501.0
2023-05-31,aord,7273.5
2023-06-30,aord,7401.5
2023-07-31,aord,7622.2001953125
2023-08-31,aord,7517.7998046875
2023-09-30,aord,7249.7001953125
2023-10-31,aord,6967.5
2023-11-30,aord,7297.7001953125
2023-12-31,aord,7829.5
2024-01-31,aord,7912.7998046875
2024-02-29,aord,7959.5
2024-03-31,aord,8153.7001953125
2024-04-30,aord,7932.0
2024-05-31,aord,7970.7998046875
2024-06-30,aord,8013.7998046875
2024-07-31,aord,8320.400390625
2024-08-31,aord,8316.7001953125
2024-09-30,aord,8538.400390625
2024-10-31,aord,8422.099609375
2024-11-30,aord,8699.099609375
2024-12-31,aord,8420.5
2025-01-31,aord,8789.7001953125
2025-02-28,aord,8403.900390625
2025-03-31,aord,8053.2001953125
2025-04-30,aord,8341.0
2025-05-31,aord,8660.2998046875
2025-06-30,aord,8773.0
2025-07-31,aord,8999.0
2025-08-31,aord,9243.0
2025-09-30,aord,9135.900390625
2025-10-31,aord,9178.0
2025-11-30,aord,8918.7001953125
2025-12-31,aord,9018.7998046875
2026-01-31,aord,9164.7998046875
2026-02-28,aord,9435.599609375
2026-03-31,aord,8683.900390625
2026-04-30,aord,8887.599609375
2026-05-31,aord,8965.0
1992-11-30,asx200,1456.4000244140625
1992-12-31,asx200,1564.699951171875
1993-01-31,asx200,1536.5
1993-02-28,asx200,1620.199951171875
1993-03-31,asx200,1674.5
1993-04-30,asx200,1685.199951171875
1993-05-31,asx200,1737.4000244140625
1993-06-30,asx200,1734.5999755859375
1993-07-31,asx200,1837.0999755859373
1993-08-31,asx200,1961.5999755859373
1993-09-30,asx200,1919.800048828125
1993-10-31,asx200,2070.60009765625
1993-11-30,asx200,1953.699951171875
1993-12-31,asx200,2113.60009765625
1994-01-31,asx200,2244.39990234375
1994-02-28,asx200,2112.0
1994-03-31,asx200,1980.0999755859373
1994-04-30,asx200,2004.199951171875
1994-05-31,asx200,2021.199951171875
1994-06-30,asx200,1931.0999755859373
1994-07-31,asx200,2003.5
1994-08-31,asx200,2063.89990234375
1994-09-30,asx200,1967.699951171875
1994-10-31,asx200,1980.9000244140625
1994-11-30,asx200,1833.800048828125
1994-12-31,asx200,1857.4000244140625
1995-01-31,asx200,1784.699951171875
1995-02-28,asx200,1881.0999755859373
1995-03-31,asx200,1867.0999755859373
1995-04-30,asx200,2006.5
1995-05-31,asx200,1981.4000244140625
1995-06-30,asx200,1981.0
1995-07-31,asx200,2083.300048828125
1995-08-31,asx200,2094.300048828125
1995-09-30,asx200,2091.300048828125
1995-10-31,asx200,2029.699951171875
1995-11-30,asx200,2113.199951171875
1995-12-31,asx200,2154.89990234375
1996-01-31,asx200,2227.800048828125
1996-02-29,asx200,2228.199951171875
1996-03-31,asx200,2164.0
1996-04-30,asx200,2248.699951171875
1996-05-31,asx200,2198.0
1996-06-30,asx200,2171.800048828125
1996-07-31,asx200,2114.10009765625
1996-08-31,asx200,2196.10009765625
1996-09-30,asx200,2218.60009765625
1996-10-31,asx200,2286.199951171875
1996-11-30,asx200,2325.89990234375
1996-12-31,asx200,2367.800048828125
1997-01-31,asx200,2370.699951171875
1997-02-28,asx200,2386.0
1997-03-31,asx200,2360.5
1997-04-30,asx200,2424.10009765625
1997-05-31,asx200,2544.89990234375
1997-06-30,asx200,2664.699951171875
1997-07-31,asx200,2673.699951171875
1997-08-31,asx200,2526.800048828125
1997-09-30,asx200,2703.10009765625
1997-10-31,asx200,2415.0
1997-11-30,asx200,2424.10009765625
1997-12-31,asx200,2567.39990234375
1998-01-31,asx200,2600.800048828125
1998-02-28,asx200,2626.89990234375
1998-03-31,asx200,2686.0
1998-04-30,asx200,2709.0
1998-05-31,asx200,2655.300048828125
1998-06-30,asx200,2620.10009765625
1998-07-31,asx200,2661.300048828125
1998-08-31,asx200,2430.10009765625
1998-09-30,asx200,2511.300048828125
1998-10-31,asx200,2563.0
1998-11-30,asx200,2685.60009765625
1998-12-31,asx200,2717.60009765625
1999-01-31,asx200,2781.699951171875
1999-02-28,asx200,2768.39990234375
1999-03-31,asx200,2867.0
1999-04-30,asx200,3027.800048828125
1999-05-31,asx200,2831.89990234375
1999-06-30,asx200,2903.699951171875
1999-07-31,asx200,2951.0
1999-08-31,asx200,2875.699951171875
1999-09-30,asx200,2817.0
1999-10-31,asx200,2821.39990234375
1999-11-30,asx200,2970.300048828125
1999-12-31,asx200,3117.699951171875
2000-01-31,asx200,3080.199951171875
2000-02-29,asx200,3124.60009765625
2000-03-31,asx200,3133.300048828125
2000-04-30,asx200,3115.800048828125
2000-05-31,asx200,3081.0
2000-06-30,asx200,3311.199951171875
2000-07-31,asx200,3251.10009765625
2000-08-31,asx200,3297.800048828125
2000-09-30,asx200,3298.800048828125
2000-10-31,asx200,3254.60009765625
2000-11-30,asx200,3274.60009765625
2000-12-31,asx200,3206.199951171875
2001-01-31,asx200,3341.699951171875
2001-02-28,asx200,3326.5
2001-03-31,asx200,3147.199951171875
2001-04-30,asx200,3329.39990234375
2001-05-31,asx200,3379.10009765625
2001-06-30,asx200,3490.300048828125
2001-07-31,asx200,3324.5
2001-08-31,asx200,3275.60009765625
2001-09-30,asx200,3049.5
2001-10-31,asx200,3249.60009765625
2001-11-30,asx200,3337.5
2001-12-31,asx200,3422.300048828125
2002-01-31,asx200,3464.199951171875
2002-02-28,asx200,3414.300048828125
2002-03-31,asx200,3414.800048828125
2002-04-30,asx200,3350.0
2002-05-31,asx200,3373.60009765625
2002-06-30,asx200,3216.0
2002-07-31,asx200,3086.199951171875
2002-08-31,asx200,3120.10009765625
2002-09-30,asx200,2970.89990234375
2002-10-31,asx200,3042.89990234375
2002-11-30,asx200,3061.39990234375
2002-12-31,asx200,3007.10009765625
2003-01-31,asx200,2956.89990234375
2003-02-28,asx200,2800.89990234375
2003-03-31,asx200,2885.199951171875
2003-04-30,asx200,3007.5
2003-05-31,asx200,3011.0
2003-06-30,asx200,3026.89990234375
2003-07-31,asx200,3122.300048828125
2003-08-31,asx200,3199.699951171875
2003-09-30,asx200,3169.5
2003-10-31,asx200,3272.0
2003-11-30,asx200,3186.39990234375
2003-12-31,asx200,3299.800048828125
2004-01-31,asx200,3272.0
2004-02-29,asx200,3360.60009765625
2004-03-31,asx200,3415.300048828125
2004-04-30,asx200,3400.800048828125
2004-05-31,asx200,3460.199951171875
2004-06-30,asx200,3532.89990234375
2004-07-31,asx200,3536.10009765625
2004-08-31,asx200,3552.699951171875
2004-09-30,asx200,3665.0
2004-10-31,asx200,3778.60009765625
2004-11-30,asx200,3931.300048828125
2004-12-31,asx200,4050.60009765625
2005-01-31,asx200,4107.2998046875
2005-02-28,asx200,4172.7998046875
2005-03-31,asx200,4109.7998046875
2005-04-30,asx200,3983.199951171875
2005-05-31,asx200,4106.39990234375
2005-06-30,asx200,4277.5
2005-07-31,asx200,4388.7998046875
2005-08-31,asx200,4446.7998046875
2005-09-30,asx200,4641.2001953125
2005-10-31,asx200,4459.7001953125
2005-11-30,asx200,4634.7998046875
2005-12-31,asx200,4763.39990234375
2006-01-31,asx200,4929.60009765625
2006-02-28,asx200,4921.2998046875
2006-03-31,asx200,5129.7001953125
2006-04-30,asx200,5258.7998046875
2006-05-31,asx200,5001.7001953125
2006-06-30,asx200,5073.89990234375
2006-07-31,asx200,4986.0
2006-08-31,asx200,5115.39990234375
2006-09-30,asx200,5154.10009765625
2006-10-31,asx200,5384.39990234375
2006-11-30,asx200,5482.10009765625
2006-12-31,asx200,5669.89990234375
2007-01-31,asx200,5773.39990234375
2007-02-28,asx200,5832.5
2007-03-31,asx200,5995.0
2007-04-30,asx200,6166.0
2007-05-31,asx200,6313.5
2007-06-30,asx200,6274.89990234375
2007-07-31,asx200,6144.2001953125
2007-08-31,asx200,6247.2001953125
2007-09-30,asx200,6567.7998046875
2007-10-31,asx200,6754.10009765625
2007-11-30,asx200,6533.10009765625
2007-12-31,asx200,6339.7998046875
2008-01-31,asx200,5650.2998046875
2008-02-29,asx200,5572.10009765625
2008-03-31,asx200,5355.7001953125
2008-04-30,asx200,5595.39990234375
2008-05-31,asx200,5654.7001953125
2008-06-30,asx200,5215.2998046875
2008-07-31,asx200,4977.39990234375
2008-08-31,asx200,5135.60009765625
2008-09-30,asx200,4600.5
2008-10-31,asx200,4018.0
2008-11-30,asx200,3742.5
2008-12-31,asx200,3722.300048828125
2009-01-31,asx200,3540.699951171875
2009-02-28,asx200,3344.5
2009-03-31,asx200,3582.10009765625
2009-04-30,asx200,3780.5
2009-05-31,asx200,3818.0
2009-06-30,asx200,3954.89990234375
2009-07-31,asx200,4244.0
2009-08-31,asx200,4479.10009765625
2009-09-30,asx200,4743.60009765625
2009-10-31,asx200,4643.2001953125
2009-11-30,asx200,4701.39990234375
2009-12-31,asx200,4870.60009765625
2010-01-31,asx200,4569.60009765625
2010-02-28,asx200,4637.7001953125
2010-03-31,asx200,4875.5
2010-04-30,asx200,4807.39990234375
2010-05-31,asx200,4429.7001953125
2010-06-30,asx200,4301.5
2010-07-31,asx200,4493.5
2010-08-31,asx200,4404.2001953125
2010-09-30,asx200,4582.89990234375
2010-10-31,asx200,4661.60009765625
2010-11-30,asx200,4584.39990234375
2010-12-31,asx200,4745.2001953125
2011-01-31,asx200,4753.89990234375
2011-02-28,asx200,4831.7001953125
2011-03-31,asx200,4837.89990234375
2011-04-30,asx200,4823.2001953125
2011-05-31,asx200,4708.2998046875
2011-06-30,asx200,4608.0
2011-07-31,asx200,4424.60009765625
2011-08-31,asx200,4296.5
2011-09-30,asx200,4008.60009765625
2011-10-31,asx200,4298.10009765625
2011-11-30,asx200,4119.7998046875
2011-12-31,asx200,4056.60009765625
2012-01-31,asx200,4262.7001953125
2012-02-29,asx200,4298.5
2012-03-31,asx200,4335.2001953125
2012-04-30,asx200,4396.60009765625
2012-05-31,asx200,4076.300048828125
2012-06-30,asx200,4094.60009765625
2012-07-31,asx200,4269.2001953125
2012-08-31,asx200,4316.10009765625
2012-09-30,asx200,4387.0
2012-10-31,asx200,4517.0
2012-11-30,asx200,4506.0
2012-12-31,asx200,4649.0
2013-01-31,asx200,4878.7998046875
2013-02-28,asx200,5104.10009765625
2013-03-31,asx200,4966.5
2013-04-30,asx200,5191.2001953125
2013-05-31,asx200,4926.60009765625
2013-06-30,asx200,4802.60009765625
2013-07-31,asx200,5052.0
2013-08-31,asx200,5135.0
2013-09-30,asx200,5218.89990234375
2013-10-31,asx200,5425.5
2013-11-30,asx200,5320.10009765625
2013-12-31,asx200,5352.2001953125
2014-01-31,asx200,5190.0
2014-02-28,asx200,5404.7998046875
2014-03-31,asx200,5394.7998046875
2014-04-30,asx200,5489.10009765625
2014-05-31,asx200,5492.5
2014-06-30,asx200,5395.7001953125
2014-07-31,asx200,5632.89990234375
2014-08-31,asx200,5625.89990234375
2014-09-30,asx200,5292.7998046875
2014-10-31,asx200,5526.60009765625
2014-11-30,asx200,5313.0
2014-12-31,asx200,5411.0
2015-01-31,asx200,5588.2998046875
2015-02-28,asx200,5928.7998046875
2015-03-31,asx200,5891.5
2015-04-30,asx200,5790.0
2015-05-31,asx200,5777.2001953125
2015-06-30,asx200,5459.0
2015-07-31,asx200,5699.2001953125
2015-08-31,asx200,5207.0
2015-09-30,asx200,5021.60009765625
2015-10-31,asx200,5239.39990234375
2015-11-30,asx200,5166.5
2015-12-31,asx200,5295.89990234375
2016-01-31,asx200,5005.5
2016-02-29,asx200,4880.89990234375
2016-03-31,asx200,5082.7998046875
2016-04-30,asx200,5252.2001953125
2016-05-31,asx200,5378.60009765625
2016-06-30,asx200,5233.39990234375
2016-07-31,asx200,5562.2998046875
2016-08-31,asx200,5433.0
2016-09-30,asx200,5435.89990234375
2016-10-31,asx200,5317.7001953125
2016-11-30,asx200,5440.5
2016-12-31,asx200,5665.7998046875
2017-01-31,asx200,5620.89990234375
2017-02-28,asx200,5712.2001953125
2017-03-31,asx200,5864.89990234375
2017-04-30,asx200,5924.10009765625
2017-05-31,asx200,5724.60009765625
2017-06-30,asx200,5721.5
2017-07-31,asx200,5720.60009765625
2017-08-31,asx200,5714.5
2017-09-30,asx200,5681.60009765625
2017-10-31,asx200,5909.0
2017-11-30,asx200,5969.89990234375
2017-12-31,asx200,6065.10009765625
2018-01-31,asx200,6037.7001953125
2018-02-28,asx200,6016.0
2018-03-31,asx200,5759.39990234375
2018-04-30,asx200,5982.7001953125
2018-05-31,asx200,6011.89990234375
2018-06-30,asx200,6194.60009765625
2018-07-31,asx200,6280.2001953125
2018-08-31,asx200,6319.5
2018-09-30,asx200,6207.60009765625
2018-10-31,asx200,5830.2998046875
2018-11-30,asx200,5667.2001953125
2018-12-31,asx200,5646.39990234375
2019-01-31,asx200,5864.7001953125
2019-02-28,asx200,6169.0
2019-03-31,asx200,6180.7001953125
2019-04-30,asx200,6325.5
2019-05-31,asx200,6396.89990234375
2019-06-30,asx200,6618.7998046875
2019-07-31,asx200,6812.60009765625
2019-08-31,asx200,6604.2001953125
2019-09-30,asx200,6688.2998046875
2019-10-31,asx200,6663.39990234375
2019-11-30,asx200,6846.0
2019-12-31,asx200,6684.10009765625
2020-01-31,asx200,7017.2001953125
2020-02-29,asx200,6441.2001953125
2020-03-31,asx200,5076.7998046875
2020-04-30,asx200,5522.39990234375
2020-05-31,asx200,5755.7001953125
2020-06-30,asx200,5897.89990234375
2020-07-31,asx200,5927.7998046875
2020-08-31,asx200,6060.5
2020-09-30,asx200,5815.89990234375
2020-10-31,asx200,5927.60009765625
2020-11-30,asx200,6517.7998046875
2020-12-31,asx200,6587.10009765625
2021-01-31,asx200,6607.39990234375
2021-02-28,asx200,6673.2998046875
2021-03-31,asx200,6790.7001953125
2021-04-30,asx200,7025.7998046875
2021-05-31,asx200,7161.60009765625
2021-06-30,asx200,7313.0
2021-07-31,asx200,7392.60009765625
2021-08-31,asx200,7534.89990234375
2021-09-30,asx200,7332.2001953125
2021-10-31,asx200,7323.7001953125
2021-11-30,asx200,7256.0
2021-12-31,asx200,7444.60009765625
2022-01-31,asx200,6971.60009765625
2022-02-28,asx200,7049.10009765625
2022-03-31,asx200,7499.60009765625
2022-04-30,asx200,7435.0
2022-05-31,asx200,7211.2001953125
2022-06-30,asx200,6568.10009765625
2022-07-31,asx200,6945.2001953125
2022-08-31,asx200,6986.7998046875
2022-09-30,asx200,6474.2001953125
2022-10-31,asx200,6863.5
2022-11-30,asx200,7284.2001953125
2022-12-31,asx200,7038.7001953125
2023-01-31,asx200,7476.7001953125
2023-02-28,asx200,7258.39990234375
2023-03-31,asx200,7177.7998046875
2023-04-30,asx200,7309.2001953125
2023-05-31,asx200,7091.2998046875
2023-06-30,asx200,7203.2998046875
2023-07-31,asx200,7410.39990234375
2023-08-31,asx200,7305.2998046875
2023-09-30,asx200,7048.60009765625
2023-10-31,asx200,6780.7001953125
2023-11-30,asx200,7087.2998046875
2023-12-31,asx200,7590.7998046875
2024-01-31,asx200,7680.7001953125
2024-02-29,asx200,7698.7001953125
2024-03-31,asx200,7896.89990234375
2024-04-30,asx200,7664.10009765625
2024-05-31,asx200,7701.7001953125
2024-06-30,asx200,7767.5
2024-07-31,asx200,8092.2998046875
2024-08-31,asx200,8091.89990234375
2024-09-30,asx200,8269.7998046875
2024-10-31,asx200,8160.0
2024-11-30,asx200,8436.2001953125
2024-12-31,asx200,8159.10009765625
2025-01-31,asx200,8532.2998046875
2025-02-28,asx200,8172.39990234375
2025-03-31,asx200,7843.39990234375
2025-04-30,asx200,8126.2001953125
2025-05-31,asx200,8434.7001953125
2025-06-30,asx200,8542.2998046875
2025-07-31,asx200,8742.7998046875
2025-08-31,asx200,8973.099609375
2025-09-30,asx200,8848.7998046875
2025-10-31,asx200,8881.900390625
2025-11-30,asx200,8614.099609375
2025-12-31,asx200,8714.2998046875
2026-01-31,asx200,8869.099609375
2026-02-28,asx200,9198.599609375
2026-03-31,asx200,8481.7998046875
2026-04-30,asx200,8665.7998046875
2026-05-31,asx200,8592.900390625
1997-07-31,athex,1598.3399658203125
1997-08-31,athex,1517.6199951171875
1997-09-30,athex,1771.3699951171875
1997-10-31,athex,1483.530029296875
1997-11-30,athex,1474.02001953125
1997-12-31,athex,1479.6300048828125
1998-01-31,athex,1395.4000244140625
1998-02-28,athex,1419.219970703125
1998-03-31,athex,2005.8199462890625
1998-04-30,athex,2621.43994140625
1998-05-31,athex,2591.030029296875
1998-06-30,athex,2365.449951171875
1998-07-31,athex,2797.409912109375
1998-08-31,athex,2175.530029296875
1998-09-30,athex,2120.89990234375
1998-10-31,athex,2162.929931640625
1998-11-30,athex,2511.820068359375
1998-12-31,athex,2737.550048828125
1999-01-31,athex,3149.5
1999-02-28,athex,3377.580078125
1999-03-31,athex,3376.3701171875
1999-04-30,athex,3617.419921875
1999-05-31,athex,3934.669921875
1999-06-30,athex,4031.639892578125
1999-07-31,athex,4345.1298828125
1999-08-31,athex,5205.33984375
1999-09-30,athex,5667.60009765625
1999-10-31,athex,5442.14013671875
1999-11-30,athex,5712.259765625
1999-12-31,athex,5535.08984375
2000-01-31,athex,4990.02001953125
2000-02-29,athex,5002.22998046875
2000-03-31,athex,4793.47021484375
2000-04-30,athex,4249.4501953125
2000-05-31,athex,4608.240234375
2000-06-30,athex,4054.409912109375
2000-07-31,athex,3988.280029296875
2000-08-31,athex,3557.14990234375
2000-09-30,athex,4178.9599609375
2000-10-31,athex,3797.840087890625
2000-11-30,athex,3245.77001953125
2000-12-31,athex,3388.860107421875
2001-01-31,athex,3264.760009765625
2001-02-28,athex,3129.06005859375
2001-03-31,athex,3044.550048828125
2001-04-30,athex,3286.669921875
2001-05-31,athex,3088.659912109375
2001-06-30,athex,2741.179931640625
2001-07-31,athex,2727.2099609375
2001-08-31,athex,2762.1201171875
2001-09-30,athex,2226.050048828125
2001-10-31,athex,2468.260009765625
2001-11-30,athex,2694.02001953125
2001-12-31,athex,2591.56005859375
2002-01-31,athex,2596.75
2002-02-28,athex,2332.889892578125
2002-03-31,athex,2280.719970703125
2002-04-30,athex,2218.35009765625
2002-05-31,athex,2297.56005859375
2002-06-30,athex,2237.860107421875
2002-07-31,athex,2115.389892578125
2002-08-31,athex,2129.06005859375
2002-09-30,athex,1837.52001953125
2002-10-31,athex,1785.280029296875
2002-11-30,athex,1872.8299560546875
2002-12-31,athex,1748.4200439453125
2003-01-31,athex,1683.5899658203125
2003-02-28,athex,1614.06005859375
2003-03-31,athex,1467.300048828125
2003-04-30,athex,1691.52001953125
2003-05-31,athex,1707.5400390625
2003-06-30,athex,1892.0400390625
2003-07-31,athex,2158.639892578125
2003-08-31,athex,2210.570068359375
2003-09-30,athex,2019.760009765625
2003-10-31,athex,2121.06005859375
2003-11-30,athex,2170.050048828125
2003-12-31,athex,2263.580078125
2004-01-31,athex,2432.580078125
2004-02-29,athex,2451.5
2004-03-31,athex,2370.64990234375
2004-04-30,athex,2517.6201171875
2004-05-31,athex,2423.719970703125
2004-06-30,athex,2349.159912109375
2004-07-31,athex,2319.300048828125
2004-08-31,athex,2314.260009765625
2004-09-30,athex,2328.239990234375
2004-10-31,athex,2489.18994140625
2004-11-30,athex,2654.81005859375
2004-12-31,athex,2786.179931640625
2005-01-31,athex,2919.929931640625
2005-02-28,athex,3145.159912109375
2005-03-31,athex,2854.909912109375
2005-04-30,athex,2868.449951171875
2005-05-31,athex,2959.530029296875
2005-06-30,athex,3060.72998046875
2005-07-31,athex,3271.780029296875
2005-08-31,athex,3231.47998046875
2005-09-30,athex,3381.9599609375
2005-10-31,athex,3307.320068359375
2005-11-30,athex,3441.639892578125
2005-12-31,athex,3663.89990234375
2006-01-31,athex,3977.840087890625
2006-02-28,athex,4202.85009765625
2006-03-31,athex,4122.33984375
2006-04-30,athex,4139.9599609375
2006-05-31,athex,3753.2099609375
2006-06-30,athex,3693.75
2006-07-31,athex,3747.97998046875
2006-08-31,athex,3868.6201171875
2006-09-30,athex,3931.050048828125
2006-10-31,athex,4128.60009765625
2006-11-30,athex,4220.5
2006-12-31,athex,4394.1298828125
2007-01-31,athex,4710.240234375
2007-02-28,athex,4503.9599609375
2007-03-31,athex,4643.14013671875
2007-04-30,athex,4736.830078125
2007-05-31,athex,4972.18994140625
2007-06-30,athex,4843.77978515625
2007-07-31,athex,4917.5
2007-08-31,athex,4912.52978515625
2007-09-30,athex,5123.35986328125
2007-10-31,athex,5334.5
2007-11-30,athex,5053.8701171875
2007-12-31,athex,5178.830078125
2008-01-31,athex,4362.7900390625
2008-02-29,athex,4133.02978515625
2008-03-31,athex,3985.969970703125
2008-04-30,athex,4214.16015625
2008-05-31,athex,4176.509765625
2008-06-30,athex,3439.7099609375
2008-07-31,athex,3394.639892578125
2008-08-31,athex,3292.68994140625
2008-09-30,athex,2856.469970703125
2008-10-31,athex,2060.31005859375
2008-11-30,athex,1913.52001953125
2008-12-31,athex,1786.510009765625
2009-01-31,athex,1779.469970703125
2009-02-28,athex,1535.8199462890625
2009-03-31,athex,1684.3699951171875
2009-04-30,athex,2053.739990234375
2009-05-31,athex,2327.469970703125
2009-06-30,athex,2209.989990234375
2009-07-31,athex,2362.35009765625
2009-08-31,athex,2466.409912109375
2009-09-30,athex,2661.419921875
2009-10-31,athex,2686.2099609375
2009-11-30,athex,2263.27001953125
2009-12-31,athex,2196.159912109375
2010-01-31,athex,2048.320068359375
2010-02-28,athex,1913.1600341796875
2010-03-31,athex,2067.489990234375
2010-04-30,athex,1869.989990234375
2010-05-31,athex,1550.780029296875
2010-06-30,athex,1434.219970703125
2010-07-31,athex,1681.97998046875
2010-08-31,athex,1555.4100341796875
2010-09-30,athex,1471.0400390625
2010-10-31,athex,1547.4300537109375
2010-11-30,athex,1419.6700439453125
2010-12-31,athex,1413.93994140625
2011-01-31,athex,1593.300048828125
2011-02-28,athex,1576.8599853515625
2011-03-31,athex,1535.18994140625
2011-04-30,athex,1434.6500244140625
2011-05-31,athex,1309.4599609375
2011-06-30,athex,1279.06005859375
2011-07-31,athex,1204.1500244140625
2011-08-31,athex,915.97998046875
2011-09-30,athex,798.4199829101562
2011-10-31,athex,808.5800170898438
2011-11-30,athex,682.2100219726562
2011-12-31,athex,680.4199829101562
2012-01-31,athex,796.02001953125
2012-02-29,athex,743.5900268554688
2012-03-31,athex,728.9299926757812
2012-04-30,athex,699.9099731445312
2012-05-31,athex,525.4500122070312
2012-06-30,athex,611.1599731445312
2012-07-31,athex,598.6799926757812
2012-08-31,athex,646.8200073242188
2012-09-30,athex,739.1199951171875
2012-10-31,athex,801.3200073242188
2012-11-30,athex,809.1400146484375
2012-12-31,athex,907.9000244140624
2013-01-31,athex,986.760009765625
2013-02-28,athex,1007.989990234375
2013-03-31,athex,869.1900024414062
2013-04-30,athex,974.0900268554688
2013-05-31,athex,1014.530029296875
2013-06-30,athex,847.5700073242188
2013-07-31,athex,884.5999755859375
2013-08-31,athex,899.9199829101562
2013-09-30,athex,1014.0599975585938
2013-10-31,athex,1188.1700439453125
2013-11-30,athex,1195.6800537109375
2013-12-31,athex,1162.6800537109375
2014-01-31,athex,1176.9200439453125
2014-02-28,athex,1310.4100341796875
2014-03-31,athex,1335.739990234375
2014-04-30,athex,1232.1199951171875
2014-05-31,athex,1223.47998046875
2014-06-30,athex,1214.31005859375
2014-07-31,athex,1169.010009765625
2014-08-31,athex,1161.81005859375
2014-09-30,athex,1061.5799560546875
2014-10-31,athex,915.8300170898438
2014-11-30,athex,963.1900024414062
2014-12-31,athex,799.9400024414062
2015-01-31,athex,618.5700073242188
2015-02-28,athex,748.5499877929688
2015-03-31,athex,621.4099731445312
2015-04-30,athex,672.760009765625
2015-05-31,athex,825.3800048828125
2015-06-30,athex,797.52001953125
2015-08-31,athex,624.2000122070312
2015-09-30,athex,654.2000122070312
2015-10-31,athex,701.219970703125
2015-11-30,athex,634.8200073242188
2015-12-31,athex,631.3499755859375
2016-01-31,athex,552.8300170898438
2016-02-29,athex,516.7100219726562
2016-03-31,athex,577.1199951171875
2016-04-30,athex,583.6500244140625
2016-05-31,athex,646.969970703125
2016-06-30,athex,542.1199951171875
2016-07-31,athex,571.3300170898438
2016-08-31,athex,577.3900146484375
2016-09-30,athex,565.530029296875
2016-10-31,athex,591.1300048828125
2016-11-30,athex,628.75
2016-12-31,athex,643.6400146484375
2017-01-31,athex,611.75
2017-02-28,athex,645.8800048828125
2017-03-31,athex,666.0599975585938
2017-04-30,athex,712.1699829101562
2017-05-31,athex,775.239990234375
2017-06-30,athex,823.739990234375
2017-07-31,athex,812.2100219726562
2017-08-31,athex,825.47998046875
2017-09-30,athex,755.6099853515625
2017-10-31,athex,759.2999877929688
2017-11-30,athex,740.2000122070312
2017-12-31,athex,802.3699951171875
2018-01-31,athex,878.8300170898438
2018-02-28,athex,835.6599731445312
2018-03-31,athex,780.5
2018-04-30,athex,858.219970703125
2018-05-31,athex,755.8499755859375
2018-06-30,athex,757.5700073242188
2018-07-31,athex,761.22998046875
2018-08-31,athex,729.6199951171875
2018-09-30,athex,691.6900024414062
2018-10-31,athex,640.1500244140625
2018-11-30,athex,630.22998046875
2018-12-31,athex,613.2999877929688
2019-01-31,athex,634.6400146484375
2019-02-28,athex,707.510009765625
2019-03-31,athex,721.3699951171875
2019-04-30,athex,773.239990234375
2019-05-31,athex,830.239990234375
2019-06-30,athex,868.47998046875
2019-07-31,athex,899.9299926757812
2019-08-31,athex,868.0999755859375
2019-09-30,athex,868.4199829101562
2019-10-31,athex,882.5700073242188
2019-11-30,athex,901.5800170898438
2019-12-31,athex,916.6699829101562
2020-01-31,athex,910.9000244140624
2020-02-29,athex,720.3499755859375
2020-03-31,athex,558.2999877929688
2020-04-30,athex,628.25
2020-05-31,athex,652.5800170898438
2020-06-30,athex,638.9000244140625
2020-07-31,athex,617.6099853515625
2020-08-31,athex,633.97998046875
2020-09-30,athex,624.75
2020-10-31,athex,569.5
2020-11-30,athex,736.9199829101562
2020-12-31,athex,808.989990234375
2021-01-31,athex,749.4600219726562
2021-02-28,athex,792.3800048828125
2021-03-31,athex,865.0499877929688
2021-04-30,athex,910.3699951171876
2021-05-31,athex,894.8499755859375
2021-06-30,athex,884.8900146484375
2021-07-31,athex,888.260009765625
2021-08-31,athex,923.1500244140624
2021-09-30,athex,865.3400268554688
2021-10-31,athex,898.0599975585938
2021-11-30,athex,867.7100219726562
2021-12-31,athex,893.3400268554688
2022-01-31,athex,936.77001953125
2022-02-28,athex,891.5800170898438
2022-03-31,athex,879.4500122070312
2022-04-30,athex,922.4299926757812
2022-05-31,athex,890.7000122070312
2022-06-30,athex,810.4199829101562
2022-07-31,athex,851.0499877929688
2022-08-31,athex,856.3599853515625
2022-09-30,athex,792.9000244140625
2022-10-31,athex,874.27001953125
2022-11-30,athex,912.3300170898438
2022-12-31,athex,929.7899780273438
2023-01-31,athex,1022.8200073242188
2023-02-28,athex,1129.25
2023-03-31,athex,1054.5899658203125
2023-04-30,athex,1085.1099853515625
2023-05-31,athex,1218.6500244140625
2023-06-30,athex,1278.6099853515625
2023-07-31,athex,1335.47998046875
2023-08-31,athex,1312.489990234375
2023-09-30,athex,1209.3399658203125
2023-10-31,athex,1193.0999755859375
2023-11-30,athex,1275.1300048828125
2023-12-31,athex,1293.1400146484375
2024-01-31,athex,1367.4100341796875
2024-02-29,athex,1424.77001953125
2024-03-31,athex,1422.3499755859375
2024-04-30,athex,1448.47998046875
2024-05-31,athex,1431.8399658203125
2024-06-30,athex,1404.260009765625
2024-07-31,athex,1478.1700439453125
2024-08-31,athex,1431.18994140625
2024-09-30,athex,1451.9000244140625
2024-10-31,athex,1382.6800537109375
2024-11-30,athex,1393.489990234375
2024-12-31,athex,1469.6700439453125
2025-01-31,athex,1549.3199462890625
2025-02-28,athex,1607.7900390625
2025-03-31,athex,1685.239990234375
2025-04-30,athex,1698.18994140625
2025-05-31,athex,1831.1700439453125
2025-06-30,athex,1868.02001953125
2025-07-31,athex,1994.6300048828125
2025-08-31,athex,2021.68994140625
2025-09-30,athex,2034.219970703125
2025-10-31,athex,1995.199951171875
2025-11-30,athex,2083.14990234375
2025-12-31,athex,2120.7099609375
2026-01-31,athex,2314.8798828125
2026-02-28,athex,2277.60009765625
2026-03-31,athex,2065.0400390625
2026-04-30,athex,2188.679931640625
2026-05-31,athex,2372.699951171875
1992-11-30,atx,762.47998046875
1992-12-31,atx,747.7000122070312
1993-01-31,atx,771.4000244140625
1993-02-28,atx,837.1199951171875
1993-03-31,atx,778.6900024414062
1993-04-30,atx,763.8499755859375
1993-05-31,atx,797.5499877929688
1993-06-30,atx,851.7000122070312
1993-07-31,atx,948.5900268554688
1993-08-31,atx,1014.0800170898438
1993-09-30,atx,962.8699951171876
1993-10-31,atx,1086.02001953125
1993-11-30,atx,1057.010009765625
1993-12-31,atx,1128.780029296875
1994-01-31,atx,1215.3800048828125
1994-02-28,atx,1158.9599609375
1994-03-31,atx,1121.8599853515625
1994-04-30,atx,1092.31005859375
1994-05-31,atx,1042.530029296875
1994-06-30,atx,1058.6400146484375
1994-07-31,atx,1077.699951171875
1994-08-31,atx,1145.699951171875
1994-09-30,atx,1070.1300048828125
1994-10-31,atx,1040.469970703125
1994-11-30,atx,1038.1800537109375
1994-12-31,atx,1055.239990234375
1995-01-31,atx,993.27001953125
1995-02-28,atx,1017.4000244140624
1995-03-31,atx,937.9000244140624
1995-04-30,atx,955.9500122070312
1995-05-31,atx,1034.8900146484375
1995-06-30,atx,1029.699951171875
1995-07-31,atx,1034.199951171875
1995-08-31,atx,1012.530029296875
1995-09-30,atx,977.5900268554688
1995-10-31,atx,924.97998046875
1995-11-30,atx,940.1699829101562
1995-12-31,atx,959.7899780273438
1996-01-31,atx,1086.5699462890625
1996-02-29,atx,1066.989990234375
1996-03-31,atx,1050.81005859375
1996-04-30,atx,1118.5799560546875
1996-05-31,atx,1138.8599853515625
1996-06-30,atx,1090.6099853515625
1996-07-31,atx,1028.699951171875
1996-08-31,atx,1039.9300537109375
1996-09-30,atx,1054.18994140625
1996-10-31,atx,1067.0699462890625
1996-11-30,atx,1118.2900390625
1996-12-31,atx,1140.18994140625
1997-01-31,atx,1174.6199951171875
1997-02-28,atx,1223.969970703125
1997-03-31,atx,1215.239990234375
1997-04-30,atx,1194.22998046875
1997-05-31,atx,1280.02001953125
1997-06-30,atx,1309.699951171875
1997-07-31,atx,1480.489990234375
1997-08-31,atx,1335.9000244140625
1997-09-30,atx,1423.77001953125
1997-10-31,atx,1307.02001953125
1997-11-30,atx,1236.72998046875
1997-12-31,atx,1294.93994140625
1998-01-31,atx,1343.68994140625
1998-02-28,atx,1402.9200439453125
1998-03-31,atx,1496.199951171875
1998-04-30,atx,1551.4100341796875
1998-05-31,atx,1585.9100341796875
1998-06-30,atx,1490.3499755859375
1998-07-31,atx,1463.4599609375
1998-08-31,atx,1207.219970703125
1998-09-30,atx,1047.239990234375
1998-10-31,atx,1149.510009765625
1998-11-30,atx,1132.3699951171875
1998-12-31,atx,1120.77001953125
1999-01-31,atx,1073.6700439453125
1999-02-28,atx,1172.760009765625
1999-03-31,atx,1189.760009765625
1999-04-30,atx,1298.530029296875
1999-05-31,atx,1174.68994140625
1999-06-30,atx,1231.739990234375
1999-07-31,atx,1181.6300048828125
1999-08-31,atx,1203.1800537109375
1999-09-30,atx,1116.4000244140625
1999-10-31,atx,1130.1400146484375
1999-11-30,atx,1136.3699951171875
1999-12-31,atx,1197.8199462890625
2000-01-31,atx,1126.010009765625
2000-02-29,atx,1094.6199951171875
2000-03-31,atx,1130.0699462890625
2000-04-30,atx,1132.47998046875
2000-05-31,atx,1131.0699462890625
2000-06-30,atx,1129.5799560546875
2000-07-31,atx,1142.4000244140625
2000-08-31,atx,1163.0
2000-09-30,atx,1161.1600341796875
2000-10-31,atx,1130.5699462890625
2000-11-30,atx,1065.81005859375
2000-12-31,atx,1073.300048828125
2001-01-31,atx,1104.06005859375
2001-02-28,atx,1198.3299560546875
2001-03-31,atx,1186.5400390625
2001-04-30,atx,1219.3499755859375
2001-05-31,atx,1194.81005859375
2001-06-30,atx,1206.8199462890625
2001-07-31,atx,1230.030029296875
2001-08-31,atx,1200.1300048828125
2001-09-30,atx,1084.0699462890625
2001-10-31,atx,1033.7900390625
2001-11-30,atx,1120.3800048828125
2001-12-31,atx,1140.3599853515625
2002-01-31,atx,1165.9000244140625
2002-02-28,atx,1211.8800048828125
2002-03-31,atx,1289.1600341796875
2002-04-30,atx,1344.6700439453125
2002-05-31,atx,1301.7099609375
2002-06-30,atx,1243.0699462890625
2002-07-31,atx,1141.0999755859375
2002-08-31,atx,1134.260009765625
2002-09-30,atx,1070.2099609375
2002-10-31,atx,1082.800048828125
2002-11-30,atx,1091.9599609375
2002-12-31,atx,1150.050048828125
2003-01-31,atx,1153.989990234375
2003-02-28,atx,1158.4300537109375
2003-03-31,atx,1163.1099853515625
2003-04-30,atx,1229.1600341796875
2003-05-31,atx,1250.18994140625
2003-06-30,atx,1305.7099609375
2003-07-31,atx,1321.260009765625
2003-08-31,atx,1350.8599853515625
2003-09-30,atx,1351.8900146484375
2003-10-31,atx,1421.1400146484375
2003-11-30,atx,1490.6700439453125
2003-12-31,atx,1545.1500244140625
2004-01-31,atx,1720.1199951171875
2004-02-29,atx,1781.0
2004-03-31,atx,1866.760009765625
2004-04-30,atx,1926.2900390625
2004-05-31,atx,1879.780029296875
2004-06-30,atx,1989.4000244140625
2004-07-31,atx,2031.6600341796875
2004-08-31,atx,1993.02001953125
2004-09-30,atx,2042.8699951171875
2004-10-31,atx,2112.169921875
2004-11-30,atx,2288.449951171875
2004-12-31,atx,2431.3798828125
2005-01-31,atx,2494.2099609375
2005-02-28,atx,2703.969970703125
2005-03-31,atx,2632.89990234375
2005-04-30,atx,2566.0
2005-05-31,atx,2791.389892578125
2005-06-30,atx,3049.909912109375
2005-07-31,atx,3126.2099609375
2005-08-31,atx,3285.22998046875
2005-09-30,atx,3457.449951171875
2005-10-31,atx,3298.739990234375
2005-11-30,atx,3493.3701171875
2005-12-31,atx,3667.030029296875
2006-01-31,atx,3969.360107421875
2006-02-28,atx,4068.469970703125
2006-03-31,atx,4139.830078125
2006-04-30,atx,4174.1201171875
2006-05-31,atx,3743.22998046875
2006-06-30,atx,3745.719970703125
2006-07-31,atx,3716.0
2006-08-31,atx,3735.639892578125
2006-09-30,atx,3868.27001953125
2006-10-31,atx,4098.27978515625
2006-11-30,atx,4093.260009765625
2006-12-31,atx,4463.47021484375
2007-01-31,atx,4522.009765625
2007-02-28,atx,4335.47998046875
2007-03-31,atx,4645.5
2007-04-30,atx,4738.509765625
2007-05-31,atx,4885.3798828125
2007-06-30,atx,4869.259765625
2007-07-31,atx,4685.240234375
2007-08-31,atx,4579.60986328125
2007-09-30,atx,4527.2998046875
2007-10-31,atx,4871.7099609375
2007-11-30,atx,4471.830078125
2007-12-31,atx,4512.97998046875
2008-01-31,atx,3841.9599609375
2008-02-29,atx,3871.510009765625
2008-03-31,atx,3765.909912109375
2008-04-30,atx,4264.7900390625
2008-05-31,atx,4394.7099609375
2008-06-30,atx,3943.14990234375
2008-07-31,atx,3659.739990234375
2008-08-31,atx,3613.320068359375
2008-09-30,atx,2767.760009765625
2008-10-31,atx,1997.9000244140625
2008-11-30,atx,1801.0999755859375
2008-12-31,atx,1750.8299560546875
2009-01-31,atx,1736.22998046875
2009-02-28,atx,1481.6700439453125
2009-03-31,atx,1696.6199951171875
2009-04-30,atx,1863.010009765625
2009-05-31,atx,2105.389892578125
2009-06-30,atx,2098.64990234375
2009-07-31,atx,2250.18994140625
2009-08-31,atx,2503.97998046875
2009-09-30,atx,2637.280029296875
2009-10-31,atx,2483.889892578125
2009-11-30,atx,2460.429931640625
2009-12-31,atx,2495.56005859375
2010-01-31,atx,2493.530029296875
2010-02-28,atx,2438.949951171875
2010-03-31,atx,2634.0
2010-04-30,atx,2650.320068359375
2010-05-31,atx,2422.6298828125
2010-06-30,atx,2278.800048828125
2010-07-31,atx,2483.860107421875
2010-08-31,atx,2402.02001953125
2010-09-30,atx,2541.6298828125
2010-10-31,atx,2668.070068359375
2010-11-30,atx,2607.5
2010-12-31,atx,2904.469970703125
2011-01-31,atx,2885.760009765625
2011-02-28,atx,2895.820068359375
2011-03-31,atx,2882.179931640625
2011-04-30,atx,2846.050048828125
2011-05-31,atx,2787.3798828125
2011-06-30,atx,2766.72998046875
2011-07-31,atx,2611.320068359375
2011-08-31,atx,2280.090087890625
2011-09-30,atx,1947.8499755859373
2011-10-31,atx,1983.75
2011-11-30,atx,1846.9100341796875
2011-12-31,atx,1891.6800537109373
2012-01-31,atx,2076.489990234375
2012-02-29,atx,2196.080078125
2012-03-31,atx,2159.06005859375
2012-04-30,atx,2118.93994140625
2012-05-31,atx,1897.0400390625
2012-06-30,atx,1975.3499755859373
2012-07-31,atx,2014.800048828125
2012-08-31,atx,2016.550048828125
2012-09-30,atx,2089.739990234375
2012-10-31,atx,2184.159912109375
2012-11-30,atx,2301.989990234375
2012-12-31,atx,2401.2099609375
2013-01-31,atx,2446.0400390625
2013-02-28,atx,2466.60009765625
2013-03-31,atx,2352.010009765625
2013-04-30,atx,2414.25
2013-05-31,atx,2416.68994140625
2013-06-30,atx,2223.97998046875
2013-07-31,atx,2337.739990234375
2013-08-31,atx,2428.929931640625
2013-09-30,atx,2528.449951171875
2013-10-31,atx,2602.919921875
2013-11-30,atx,2645.669921875
2013-12-31,atx,2546.5400390625
2014-01-31,atx,2559.739990234375
2014-02-28,atx,2587.860107421875
2014-03-31,atx,2523.820068359375
2014-04-30,atx,2525.219970703125
2014-05-31,atx,2529.330078125
2014-06-30,atx,2500.85009765625
2014-07-31,atx,2310.43994140625
2014-08-31,atx,2301.52001953125
2014-09-30,atx,2203.93994140625
2014-10-31,atx,2214.699951171875
2014-11-30,atx,2283.10009765625
2014-12-31,atx,2160.080078125
2015-01-31,atx,2191.110107421875
2015-02-28,atx,2495.2099609375
2015-03-31,atx,2509.820068359375
2015-04-30,atx,2586.330078125
2015-05-31,atx,2568.760009765625
2015-06-30,atx,2411.77001953125
2015-07-31,atx,2499.449951171875
2015-08-31,atx,2325.110107421875
2015-09-30,atx,2229.489990234375
2015-10-31,atx,2420.659912109375
2015-11-30,atx,2488.6201171875
2015-12-31,atx,2396.93994140625
2016-01-31,atx,2162.419921875
2016-02-29,atx,2154.340087890625
2016-03-31,atx,2270.3798828125
2016-04-30,atx,2329.419921875
2016-05-31,atx,2260.830078125
2016-06-30,atx,2095.9599609375
2016-07-31,atx,2233.43994140625
2016-08-31,atx,2314.3798828125
2016-09-30,atx,2405.280029296875
2016-10-31,atx,2473.75
2016-11-30,atx,2519.590087890625
2016-12-31,atx,2649.929931640625
2017-01-31,atx,2676.429931640625
2017-02-28,atx,2746.5
2017-03-31,atx,2828.7900390625
2017-04-30,atx,3010.179931640625
2017-05-31,atx,3123.5400390625
2017-06-30,atx,3106.659912109375
2017-07-31,atx,3217.929931640625
2017-08-31,atx,3232.830078125
2017-09-30,atx,3315.969970703125
2017-10-31,atx,3406.090087890625
2017-11-30,atx,3344.93994140625
2017-12-31,atx,3420.139892578125
2018-01-31,atx,3594.27001953125
2018-02-28,atx,3476.0400390625
2018-03-31,atx,3428.530029296875
2018-04-30,atx,3468.469970703125
2018-05-31,atx,3362.4599609375
2018-06-30,atx,3255.9599609375
2018-07-31,atx,3421.3701171875
2018-08-31,atx,3299.75
2018-09-30,atx,3344.0400390625
2018-10-31,atx,3161.090087890625
2018-11-30,atx,3074.93994140625
2018-12-31,atx,2745.780029296875
2019-01-31,atx,2985.449951171875
2019-02-28,atx,3040.919921875
2019-03-31,atx,3034.0400390625
2019-04-30,atx,3214.7900390625
2019-05-31,atx,2897.449951171875
2019-06-30,atx,2977.679931640625
2019-07-31,atx,2984.93994140625
2019-08-31,atx,2911.14990234375
2019-09-30,atx,3010.610107421875
2019-10-31,atx,3139.590087890625
2019-11-30,atx,3139.820068359375
2019-12-31,atx,3186.93994140625
2020-01-31,atx,3074.31005859375
2020-02-29,atx,2787.389892578125
2020-03-31,atx,2001.5999755859373
2020-04-30,atx,2227.14990234375
2020-05-31,atx,2232.300048828125
2020-06-30,atx,2246.719970703125
2020-07-31,atx,2123.550048828125
2020-08-31,atx,2217.050048828125
2020-09-30,atx,2108.75
2020-10-31,atx,2054.9599609375
2020-11-30,atx,2553.780029296875
2020-12-31,atx,2780.43994140625
2021-01-31,atx,2887.72998046875
2021-02-28,atx,3011.570068359375
2021-03-31,atx,3159.77001953125
2021-04-30,atx,3227.239990234375
2021-05-31,atx,3431.669921875
2021-06-30,atx,3402.02001953125
2021-07-31,atx,3480.820068359375
2021-08-31,atx,3619.68994140625
2021-09-30,atx,3658.929931640625
2021-10-31,atx,3721.18994140625
2021-11-30,atx,3661.4599609375
2021-12-31,atx,3861.06005859375
2022-01-31,atx,3843.030029296875
2022-02-28,atx,3388.97998046875
2022-03-31,atx,3311.050048828125
2022-04-30,atx,3286.050048828125
2022-05-31,atx,3326.4599609375
2022-06-30,atx,2879.2900390625
2022-07-31,atx,3028.1298828125
2022-08-31,atx,2898.800048828125
2022-09-30,atx,2691.949951171875
2022-10-31,atx,2936.8701171875
2022-11-30,atx,3231.489990234375
2022-12-31,atx,3126.389892578125
2023-01-31,atx,3383.7099609375
2023-02-28,atx,3547.110107421875
2023-03-31,atx,3209.43994140625
2023-04-30,atx,3258.64990234375
2023-05-31,atx,3042.610107421875
2023-06-30,atx,3154.909912109375
2023-07-31,atx,3245.97998046875
2023-08-31,atx,3154.139892578125
2023-09-30,atx,3168.1298828125
2023-10-31,atx,3085.5400390625
2023-11-30,atx,3290.780029296875
2023-12-31,atx,3434.969970703125
2024-01-31,atx,3456.47998046875
2024-02-29,atx,3348.1298828125
2024-03-31,atx,3535.7900390625
2024-04-30,atx,3560.419921875
2024-05-31,atx,3688.3701171875
2024-06-30,atx,3609.469970703125
2024-07-31,atx,3701.0400390625
2024-08-31,atx,3730.0
2024-09-30,atx,3655.090087890625
2024-10-31,atx,3526.659912109375
2024-11-30,atx,3539.280029296875
2024-12-31,atx,3663.010009765625
2025-01-31,atx,3864.3798828125
2025-02-28,atx,4148.0400390625
2025-03-31,atx,4076.360107421875
2025-04-30,atx,4099.2900390625
2025-05-31,atx,4426.7900390625
2025-06-30,atx,4430.2900390625
2025-07-31,atx,4521.39013671875
2025-08-31,atx,4614.35986328125
2025-09-30,atx,4636.009765625
2025-10-31,atx,4808.16015625
2025-11-30,atx,5009.77001953125
2025-12-31,atx,5326.330078125
2026-01-31,atx,5604.89990234375
2026-02-28,atx,5701.7001953125
2026-03-31,atx,5343.25
2026-04-30,atx,5794.7001953125
2026-05-31,atx,6148.8701171875
1991-04-30,bel20,1188.4000244140625
1991-05-31,bel20,1171.699951171875
1991-06-30,bel20,1162.5
1991-07-31,bel20,1139.699951171875
1991-08-31,bel20,1128.9000244140625
1991-09-30,bel20,1089.0
1991-10-31,bel20,1101.0
1991-11-30,bel20,1069.0999755859375
1991-12-31,bel20,1092.699951171875
1992-01-31,bel20,1180.199951171875
1992-02-29,bel20,1210.5999755859375
1992-03-31,bel20,1193.0
1992-04-30,bel20,1192.800048828125
1992-05-31,bel20,1230.800048828125
1992-06-30,bel20,1162.800048828125
1992-07-31,bel20,1145.300048828125
1992-08-31,bel20,1057.300048828125
1992-09-30,bel20,1109.199951171875
1992-10-31,bel20,1140.0
1992-11-30,bel20,1128.0999755859375
1992-12-31,bel20,1127.0999755859375
1993-01-31,bel20,1188.300048828125
1993-02-28,bel20,1207.5
1993-03-31,bel20,1262.199951171875
1993-04-30,bel20,1197.5
1993-05-31,bel20,1196.9000244140625
1993-06-30,bel20,1279.5
1993-07-31,bel20,1326.4000244140625
1993-08-31,bel20,1306.800048828125
1993-09-30,bel20,1300.0999755859375
1993-10-31,bel20,1381.4000244140625
1993-11-30,bel20,1388.699951171875
1993-12-31,bel20,1473.0999755859375
1994-01-31,bel20,1529.4000244140625
1994-02-28,bel20,1515.800048828125
1994-03-31,bel20,1464.5
1994-04-30,bel20,1522.0
1994-05-31,bel20,1488.9000244140625
1994-06-30,bel20,1410.5
1994-07-31,bel20,1461.0
1994-08-31,bel20,1481.5
1994-09-30,bel20,1376.0999755859375
1994-10-31,bel20,1375.300048828125
1994-11-30,bel20,1409.5999755859375
1994-12-31,bel20,1389.5999755859375
1995-01-31,bel20,1353.0999755859375
1995-02-28,bel20,1325.699951171875
1995-03-31,bel20,1300.4000244140625
1995-04-30,bel20,1424.300048828125
1995-05-31,bel20,1454.300048828125
1995-06-30,bel20,1431.9000244140625
1995-07-31,bel20,1473.199951171875
1995-08-31,bel20,1464.800048828125
1995-09-30,bel20,1461.699951171875
1995-10-31,bel20,1427.199951171875
1995-11-30,bel20,1490.300048828125
1995-12-31,bel20,1559.5999755859375
1996-01-31,bel20,1690.199951171875
1996-02-29,bel20,1689.9000244140625
1996-03-31,bel20,1639.4000244140625
1996-04-30,bel20,1721.0
1996-05-31,bel20,1753.4000244140625
1996-06-30,bel20,1742.9000244140625
1996-07-31,bel20,1696.9000244140625
1996-08-31,bel20,1714.300048828125
1996-09-30,bel20,1771.199951171875
1996-10-31,bel20,1795.0
1996-11-30,bel20,1887.199951171875
1996-12-31,bel20,1895.5
1997-01-31,bel20,2051.5
1997-02-28,bel20,2142.39990234375
1997-03-31,bel20,2146.39990234375
1997-04-30,bel20,2245.5
1997-05-31,bel20,2247.800048828125
1997-06-30,bel20,2380.699951171875
1997-07-31,bel20,2579.300048828125
1997-08-31,bel20,2318.800048828125
1997-09-30,bel20,2437.60009765625
1997-10-31,bel20,2336.800048828125
1997-11-30,bel20,2392.800048828125
1997-12-31,bel20,2418.39990234375
1998-01-31,bel20,2579.699951171875
1998-02-28,bel20,2715.199951171875
1998-03-31,bel20,2985.5
1998-04-30,bel20,3079.340087890625
1998-05-31,bel20,3250.719970703125
1998-06-30,bel20,3440.5400390625
1998-07-31,bel20,3499.85009765625
1998-08-31,bel20,3172.489990234375
1998-09-30,bel20,2959.199951171875
1998-10-31,bel20,3156.090087890625
1998-11-30,bel20,3276.260009765625
1998-12-31,bel20,3514.510009765625
1999-01-31,bel20,3411.590087890625
1999-02-28,bel20,3361.8798828125
1999-03-31,bel20,3251.449951171875
1999-04-30,bel20,3227.68994140625
1999-05-31,bel20,3101.419921875
1999-06-30,bel20,3135.159912109375
1999-07-31,bel20,3026.580078125
1999-08-31,bel20,3207.22998046875
1999-09-30,bel20,3074.669921875
1999-10-31,bel20,3085.6201171875
1999-11-30,bel20,3140.18994140625
1999-12-31,bel20,3340.429931640625
2000-01-31,bel20,2806.2900390625
2000-02-29,bel20,2746.080078125
2000-03-31,bel20,2777.840087890625
2000-04-30,bel20,2813.280029296875
2000-05-31,bel20,2849.429931640625
2000-06-30,bel20,2953.280029296875
2000-07-31,bel20,3068.610107421875
2000-08-31,bel20,3132.52001953125
2000-09-30,bel20,3056.010009765625
2000-10-31,bel20,3110.110107421875
2000-11-30,bel20,2988.580078125
2000-12-31,bel20,3024.489990234375
2001-01-31,bel20,2968.610107421875
2001-02-28,bel20,2999.60009765625
2001-03-31,bel20,2838.409912109375
2001-04-30,bel20,2842.1298828125
2001-05-31,bel20,2786.159912109375
2001-06-30,bel20,2885.030029296875
2001-07-31,bel20,2928.97998046875
2001-08-31,bel20,2893.110107421875
2001-09-30,bel20,2642.550048828125
2001-10-31,bel20,2605.300048828125
2001-11-30,bel20,2633.820068359375
2001-12-31,bel20,2782.010009765625
2002-01-31,bel20,2764.2099609375
2002-02-28,bel20,2748.68994140625
2002-03-31,bel20,2769.18994140625
2002-04-30,bel20,2811.1201171875
2002-05-31,bel20,2727.419921875
2002-06-30,bel20,2535.739990234375
2002-07-31,bel20,2255.800048828125
2002-08-31,bel20,2246.31005859375
2002-09-30,bel20,1869.0899658203125
2002-10-31,bel20,1972.22998046875
2002-11-30,bel20,2074.389892578125
2002-12-31,bel20,2025.0400390625
2003-01-31,bel20,1882.530029296875
2003-02-28,bel20,1671.9599609375
2003-03-31,bel20,1635.219970703125
2003-04-30,bel20,1871.8399658203125
2003-05-31,bel20,1925.6400146484373
2003-06-30,bel20,1939.77001953125
2003-07-31,bel20,2023.260009765625
2003-08-31,bel20,2043.8399658203125
2003-09-30,bel20,2051.830078125
2003-10-31,bel20,2160.669921875
2003-11-30,bel20,2168.320068359375
2003-12-31,bel20,2244.179931640625
2004-01-31,bel20,2383.760009765625
2004-02-29,bel20,2483.159912109375
2004-03-31,bel20,2380.35009765625
2004-04-30,bel20,2439.610107421875
2004-05-31,bel20,2415.429931640625
2004-06-30,bel20,2470.659912109375
2004-07-31,bel20,2465.1298828125
2004-08-31,bel20,2558.080078125
2004-09-30,bel20,2693.2099609375
2004-10-31,bel20,2785.449951171875
2004-11-30,bel20,2850.949951171875
2004-12-31,bel20,2932.6201171875
2005-01-31,bel20,2997.60009765625
2005-02-28,bel20,3106.5400390625
2005-03-31,bel20,3125.669921875
2005-04-30,bel20,3039.7099609375
2005-05-31,bel20,3051.669921875
2005-06-30,bel20,3112.830078125
2005-07-31,bel20,3228.010009765625
2005-08-31,bel20,3223.97998046875
2005-09-30,bel20,3328.800048828125
2005-10-31,bel20,3264.260009765625
2005-11-30,bel20,3394.139892578125
2005-12-31,bel20,3549.25
2006-01-31,bel20,3744.6298828125
2006-02-28,bel20,3839.25
2006-03-31,bel20,3912.280029296875
2006-04-30,bel20,3911.06005859375
2006-05-31,bel20,3675.800048828125
2006-06-30,bel20,3703.320068359375
2006-07-31,bel20,3795.909912109375
2006-08-31,bel20,3906.010009765625
2006-09-30,bel20,4070.780029296875
2006-10-31,bel20,4144.3798828125
2006-11-30,bel20,4140.2998046875
2006-12-31,bel20,4388.52978515625
2007-01-31,bel20,4433.56982421875
2007-02-28,bel20,4305.22998046875
2007-03-31,bel20,4471.64990234375
2007-04-30,bel20,4614.759765625
2007-05-31,bel20,4697.85986328125
2007-06-30,bel20,4639.39990234375
2007-07-31,bel20,4384.47021484375
2007-08-31,bel20,4350.830078125
2007-09-30,bel20,4325.2900390625
2007-10-31,bel20,4441.81982421875
2007-11-30,bel20,4162.5
2007-12-31,bel20,4127.47021484375
2008-01-31,bel20,3722.22998046875
2008-02-29,bel20,3757.1201171875
2008-03-31,bel20,3719.52001953125
2008-04-30,bel20,3925.429931640625
2008-05-31,bel20,3751.409912109375
2008-06-30,bel20,3168.219970703125
2008-07-31,bel20,2994.3798828125
2008-08-31,bel20,3136.0
2008-09-30,bel20,2672.199951171875
2008-10-31,bel20,2100.179931640625
2008-11-30,bel20,1881.4599609375
2008-12-31,bel20,1908.6400146484373
2009-01-31,bel20,1900.0899658203125
2009-02-28,bel20,1696.5799560546875
2009-03-31,bel20,1748.739990234375
2009-04-30,bel20,1953.3499755859373
2009-05-31,bel20,2071.3701171875
2009-06-30,bel20,2030.97998046875
2009-07-31,bel20,2169.139892578125
2009-08-31,bel20,2364.949951171875
2009-09-30,bel20,2485.6201171875
2009-10-31,bel20,2392.719970703125
2009-11-30,bel20,2421.2900390625
2009-12-31,bel20,2511.6201171875
2010-01-31,bel20,2505.199951171875
2010-02-28,bel20,2514.8701171875
2010-03-31,bel20,2648.4599609375
2010-04-30,bel20,2560.989990234375
2010-05-31,bel20,2453.3701171875
2010-06-30,bel20,2386.530029296875
2010-07-31,bel20,2517.300048828125
2010-08-31,bel20,2457.4599609375
2010-09-30,bel20,2589.72998046875
2010-10-31,bel20,2679.070068359375
2010-11-30,bel20,2506.1298828125
2010-12-31,bel20,2590.669921875
2011-01-31,bel20,2638.699951171875
2011-02-28,bel20,2707.090087890625
2011-03-31,bel20,2662.169921875
2011-04-30,bel20,2768.340087890625
2011-05-31,bel20,2687.7099609375
2011-06-30,bel20,2572.580078125
2011-07-31,bel20,2427.090087890625
2011-08-31,bel20,2267.8798828125
2011-09-30,bel20,2131.280029296875
2011-10-31,bel20,2139.179931640625
2011-11-30,bel20,2073.949951171875
2011-12-31,bel20,2083.419921875
2012-01-31,bel20,2206.800048828125
2012-02-29,bel20,2275.860107421875
2012-03-31,bel20,2324.050048828125
2012-04-30,bel20,2208.43994140625
2012-05-31,bel20,2093.56005859375
2012-06-30,bel20,2227.6298828125
2012-07-31,bel20,2274.840087890625
2012-08-31,bel20,2345.68994140625
2012-09-30,bel20,2373.330078125
2012-10-31,bel20,2369.2099609375
2012-11-30,bel20,2436.949951171875
2012-12-31,bel20,2466.27001953125
2013-01-31,bel20,2520.35009765625
2013-02-28,bel20,2569.169921875
2013-03-31,bel20,2592.18994140625
2013-04-30,bel20,2643.419921875
2013-05-31,bel20,2649.360107421875
2013-06-30,bel20,2526.110107421875
2013-07-31,bel20,2662.679931640625
2013-08-31,bel20,2673.419921875
2013-09-30,bel20,2802.27001953125
2013-10-31,bel20,2904.35009765625
2013-11-30,bel20,2870.889892578125
2013-12-31,bel20,2923.820068359375
2014-01-31,bel20,2891.25
2014-02-28,bel20,3096.909912109375
2014-03-31,bel20,3129.93994140625
2014-04-30,bel20,3089.800048828125
2014-05-31,bel20,3159.10009765625
2014-06-30,bel20,3127.2099609375
2014-07-31,bel20,3098.739990234375
2014-08-31,bel20,3192.719970703125
2014-09-30,bel20,3221.39990234375
2014-10-31,bel20,3157.14990234375
2014-11-30,bel20,3287.909912109375
2014-12-31,bel20,3285.260009765625
2015-01-31,bel20,3530.31005859375
2015-02-28,bel20,3714.43994140625
2015-03-31,bel20,3725.820068359375
2015-04-30,bel20,3674.179931640625
2015-05-31,bel20,3708.659912109375
2015-06-30,bel20,3574.699951171875
2015-07-31,bel20,3762.639892578125
2015-08-31,bel20,3463.1201171875
2015-09-30,bel20,3344.5
2015-10-31,bel20,3600.199951171875
2015-11-30,bel20,3760.889892578125
2015-12-31,bel20,3734.02001953125
2016-01-31,bel20,3486.219970703125
2016-02-29,bel20,3371.820068359375
2016-03-31,bel20,3373.0400390625
2016-04-30,bel20,3409.3701171875
2016-05-31,bel20,3514.06005859375
2016-06-30,bel20,3345.6298828125
2016-07-31,bel20,3464.840087890625
2016-08-31,bel20,3553.3701171875
2016-09-30,bel20,3555.919921875
2016-10-31,bel20,3540.56005859375
2016-11-30,bel20,3478.6298828125
2016-12-31,bel20,3606.360107421875
2017-01-31,bel20,3542.27001953125
2017-02-28,bel20,3584.1298828125
2017-03-31,bel20,3817.02001953125
2017-04-30,bel20,3875.530029296875
2017-05-31,bel20,3888.320068359375
2017-06-30,bel20,3793.6201171875
2017-07-31,bel20,3942.4599609375
2017-08-31,bel20,3887.550048828125
2017-09-30,bel20,4017.75
2017-10-31,bel20,4096.3798828125
2017-11-30,bel20,3984.10009765625
2017-12-31,bel20,3977.8798828125
2018-01-31,bel20,4111.64990234375
2018-02-28,bel20,3994.449951171875
2018-03-31,bel20,3857.10009765625
2018-04-30,bel20,3910.300048828125
2018-05-31,bel20,3764.219970703125
2018-06-30,bel20,3719.860107421875
2018-07-31,bel20,3899.0400390625
2018-08-31,bel20,3740.7099609375
2018-09-30,bel20,3706.739990234375
2018-10-31,bel20,3447.070068359375
2018-11-30,bel20,3487.89990234375
2018-12-31,bel20,3243.6298828125
2019-01-31,bel20,3491.6201171875
2019-02-28,bel20,3604.47998046875
2019-03-31,bel20,3658.719970703125
2019-04-30,bel20,3743.669921875
2019-05-31,bel20,3427.179931640625
2019-06-30,bel20,3547.4599609375
2019-07-31,bel20,3701.429931640625
2019-08-31,bel20,3570.81005859375
2019-09-30,bel20,3714.419921875
2019-10-31,bel20,3763.25
2019-11-30,bel20,3906.679931640625
2019-12-31,bel20,3955.830078125
2020-01-31,bel20,3907.610107421875
2020-02-29,bel20,3488.60009765625
2020-03-31,bel20,2901.580078125
2020-04-30,bel20,3099.1201171875
2020-05-31,bel20,3202.949951171875
2020-06-30,bel20,3328.010009765625
2020-07-31,bel20,3273.3701171875
2020-08-31,bel20,3332.530029296875
2020-09-30,bel20,3235.43994140625
2020-10-31,bel20,3043.360107421875
2020-11-30,bel20,3667.159912109375
2020-12-31,bel20,3621.280029296875
2021-01-31,bel20,3623.60009765625
2021-02-28,bel20,3761.989990234375
2021-03-31,bel20,3899.47998046875
2021-04-30,bel20,4014.300048828125
2021-05-31,bel20,4060.360107421875
2021-06-30,bel20,4125.9501953125
2021-07-31,bel20,4200.47021484375
2021-08-31,bel20,4308.919921875
2021-09-30,bel20,4158.89013671875
2021-10-31,bel20,4278.47998046875
2021-11-30,bel20,4113.39990234375
2021-12-31,bel20,4310.14990234375
2022-01-31,bel20,4071.929931640625
2022-02-28,bel20,4014.02001953125
2022-03-31,bel20,4158.77978515625
2022-04-30,bel20,4106.3701171875
2022-05-31,bel20,3894.330078125
2022-06-30,bel20,3682.070068359375
2022-07-31,bel20,3796.840087890625
2022-08-31,bel20,3585.840087890625
2022-09-30,bel20,3370.2099609375
2022-10-31,bel20,3567.429931640625
2022-11-30,bel20,3684.97998046875
2022-12-31,bel20,3701.169921875
2023-01-31,bel20,3860.530029296875
2023-02-28,bel20,3902.2099609375
2023-03-31,bel20,3793.18994140625
2023-04-30,bel20,3801.81005859375
2023-05-31,bel20,3536.7900390625
2023-06-30,bel20,3543.179931640625
2023-07-31,bel20,3776.610107421875
2023-08-31,bel20,3665.969970703125
2023-09-30,bel20,3553.010009765625
2023-10-31,bel20,3356.760009765625
2023-11-30,bel20,3529.02001953125
2023-12-31,bel20,3707.77001953125
2024-01-31,bel20,3662.9599609375
2024-02-29,bel20,3661.419921875
2024-03-31,bel20,3845.6298828125
2024-04-30,bel20,3883.260009765625
2024-05-31,bel20,3918.090087890625
2024-06-30,bel20,3887.239990234375
2024-07-31,bel20,4130.2001953125
2024-08-31,bel20,4184.39990234375
2024-09-30,bel20,4299.7099609375
2024-10-31,bel20,4214.0498046875
2024-11-30,bel20,4227.31005859375
2024-12-31,bel20,4264.52978515625
2025-01-31,bel20,4326.0498046875
2025-02-28,bel20,4420.509765625
2025-03-31,bel20,4335.419921875
2025-04-30,bel20,4429.509765625
2025-05-31,bel20,4502.080078125
2025-06-30,bel20,4476.02001953125
2025-07-31,bel20,4636.1201171875
2025-08-31,bel20,4798.5498046875
2025-09-30,bel20,4820.56982421875
2025-10-31,bel20,4902.3701171875
2025-11-30,bel20,5036.85986328125
2025-12-31,bel20,5078.43017578125
2026-01-31,bel20,5385.3798828125
2026-02-28,bel20,5443.759765625
2026-03-31,bel20,5073.1201171875
2026-04-30,bel20,5352.669921875
2026-05-31,bel20,5583.39013671875
1997-07-31,bist100,19.529897689819336
1997-08-31,bist100,19.799894332885746
1997-09-30,bist100,25.92986297607422
1997-10-31,bist100,28.459848403930664
1997-11-30,bist100,28.78984832763672
1997-12-31,bist100,34.50981521606445
1998-01-31,bist100,35.4718132019043
1998-02-28,bist100,32.721824645996094
1998-03-31,bist100,32.59082794189453
1998-04-30,bist100,41.94477844238281
1998-05-31,bist100,37.27780151367188
1998-06-30,bist100,40.99978256225586
1998-07-31,bist100,43.22277069091797
1998-08-31,bist100,26.350860595703125
1998-09-30,bist100,22.65888023376465
1998-10-31,bist100,21.96388435363769
1998-11-30,bist100,25.77486228942871
1998-12-31,bist100,25.97886276245117
1999-01-31,bist100,25.68186378479004
1999-02-28,bist100,38.90779495239258
1999-03-31,bist100,45.5407600402832
1999-04-30,bist100,53.53971862792969
1999-05-31,bist100,50.69173431396485
1999-06-30,bist100,49.50173568725586
1999-07-31,bist100,58.05469131469727
1999-08-31,bist100,50.18273162841797
1999-09-30,bist100,60.71067810058594
1999-10-31,bist100,65.5606460571289
1999-11-30,bist100,84.59455108642578
1999-12-31,bist100,152.08718872070312
2000-01-31,bist100,167.14910888671875
2000-02-29,bist100,159.45816040039062
2000-03-31,bist100,159.20016479492188
2000-04-30,bist100,192.0559844970703
2000-05-31,bist100,162.06314086914062
2000-06-30,bist100,144.6602325439453
2000-07-31,bist100,138.70126342773438
2000-08-31,bist100,131.32029724121094
2000-09-30,bist100,113.5023956298828
2000-10-31,bist100,135.38328552246094
2000-11-30,bist100,87.47653198242188
2000-12-31,bist100,94.37149810791016
2001-01-31,bist100,106.85043334960938
2001-02-28,bist100,87.91553497314453
2001-03-31,bist100,80.22657012939453
2001-04-30,bist100,123.67334747314452
2001-05-31,bist100,108.79741668701172
2001-06-30,bist100,112.0414047241211
2001-07-31,bist100,99.14547729492188
2001-08-31,bist100,98.7884750366211
2001-09-30,bist100,76.25859832763672
2001-10-31,bist100,98.48748016357422
2001-11-30,bist100,116.33837890625
2001-12-31,bist100,137.8272705078125
2002-01-31,bist100,132.5222930908203
2002-02-28,bist100,110.55641174316406
2002-03-31,bist100,116.79338073730467
2002-04-30,bist100,114.41439056396484
2002-05-31,bist100,104.1364517211914
2002-06-30,bist100,93.79850769042967
2002-07-31,bist100,102.3644561767578
2002-08-31,bist100,95.47249603271484
2002-09-30,bist100,88.4215316772461
2002-10-31,bist100,102.5184555053711
2002-11-30,bist100,133.0032958984375
2002-12-31,bist100,103.69844818115234
2003-01-31,bist100,110.31941223144533
2003-02-28,bist100,115.74339294433594
2003-03-31,bist100,94.75049591064452
2003-04-30,bist100,115.0993881225586
2003-05-31,bist100,113.81340026855467
2003-06-30,bist100,108.84342193603516
2003-07-31,bist100,105.7194366455078
2003-08-31,bist100,116.11737823486328
2003-09-30,bist100,130.55831909179688
2003-10-31,bist100,157.5421600341797
2003-11-30,bist100,146.17422485351562
2003-12-31,bist100,186.2490081787109
2004-01-31,bist100,172.5920867919922
2004-02-29,bist100,188.8909912109375
2004-03-31,bist100,201.9069366455078
2004-04-30,bist100,180.22604370117188
2004-05-31,bist100,170.8101043701172
2004-06-30,bist100,179.675048828125
2004-07-31,bist100,193.8079833984375
2004-08-31,bist100,202.1829376220703
2004-09-30,bist100,219.53384399414065
2004-10-31,bist100,228.99777221679688
2004-11-30,bist100,224.86080932617188
2004-12-31,bist100,249.7156677246093
2005-01-31,bist100,273.3025207519531
2005-02-28,bist100,283.96051025390625
2005-03-31,bist100,255.5766448974609
2005-04-30,bist100,235.9147491455078
2005-05-31,bist100,252.36366271972656
2005-06-30,bist100,269.5715637207031
2005-07-31,bist100,296.1514587402344
2005-08-31,bist100,309.0783386230469
2005-09-30,bist100,333.3302307128906
2005-10-31,bist100,319.6383056640625
2005-11-30,bist100,380.8849792480469
2005-12-31,bist100,397.77490234375
2006-01-31,bist100,445.8996276855469
2006-02-28,bist100,470.156494140625
2006-03-31,bist100,429.1107177734375
2006-04-30,bist100,438.8016662597656
2006-05-31,bist100,381.3199768066406
2006-06-30,bist100,354.5310974121094
2006-07-31,bist100,360.6770629882813
2006-08-31,bist100,372.8570251464844
2006-09-30,bist100,369.2470397949219
2006-10-31,bist100,405.8208312988281
2006-11-30,bist100,381.6829833984375
2006-12-31,bist100,391.17291259765625
2007-01-31,bist100,411.8237915039063
2007-02-28,bist100,414.3078002929688
2007-03-31,bist100,436.6086730957031
2007-04-30,bist100,449.8426208496094
2007-05-31,bist100,470.8125
2007-06-30,bist100,470.93450927734375
2007-07-31,bist100,528.2462158203125
2007-08-31,bist100,501.98333740234375
2007-09-30,bist100,540.4391479492188
2007-10-31,bist100,576.1539306640625
2007-11-30,bist100,542.1351318359375
2007-12-31,bist100,555.3780517578125
2008-01-31,bist100,426.9737548828125
2008-02-29,bist100,447.7666320800781
2008-03-31,bist100,390.1519165039063
2008-04-30,bist100,434.6786804199219
2008-05-31,bist100,399.6939086914063
2008-06-30,bist100,350.89312744140625
2008-07-31,bist100,422.0057678222656
2008-08-31,bist100,398.4429016113281
2008-09-30,bist100,360.5110778808594
2008-10-31,bist100,278.3275451660156
2008-11-30,bist100,257.14862060546875
2008-12-31,bist100,268.6395568847656
2009-01-31,bist100,259.3426208496094
2009-02-28,bist100,240.2647247314453
2009-03-31,bist100,257.6466369628906
2009-04-30,bist100,316.5163269042969
2009-05-31,bist100,350.02813720703125
2009-06-30,bist100,369.4900512695313
2009-07-31,bist100,426.4107360839844
2009-08-31,bist100,465.509521484375
2009-09-30,bist100,479.1004638671875
2009-10-31,bist100,471.844482421875
2009-11-30,bist100,453.4996032714844
2009-12-31,bist100,528.2471923828125
2010-01-31,bist100,546.5031127929688
2010-02-28,bist100,497.0523681640625
2010-03-31,bist100,565.3809814453125
2010-04-30,bist100,589.587890625
2010-05-31,bist100,543.8461303710938
2010-06-30,bist100,548.39208984375
2010-07-31,bist100,598.6648559570312
2010-08-31,bist100,599.7228393554688
2010-09-30,bist100,657.7405395507812
2010-10-31,bist100,687.601318359375
2010-11-30,bist100,653.5054931640625
2010-12-31,bist100,660.04150390625
2011-01-31,bist100,632.7776489257812
2011-02-28,bist100,612.8357543945312
2011-03-31,bist100,644.341552734375
2011-04-30,bist100,692.497314453125
2011-05-31,bist100,630.4566650390625
2011-06-30,bist100,632.6906127929688
2011-07-31,bist100,622.9536743164062
2011-08-31,bist100,539.4581298828125
2011-09-30,bist100,596.9308471679688
2011-10-31,bist100,560.6119995117188
2011-11-30,bist100,545.1751098632812
2011-12-31,bist100,512.6632690429688
2012-01-31,bist100,571.7099609375
2012-02-29,bist100,607.208740234375
2012-03-31,bist100,624.2266845703125
2012-04-30,bist100,600.100830078125
2012-05-31,bist100,550.9900512695312
2012-06-30,bist100,625.4317016601562
2012-07-31,bist100,642.591552734375
2012-08-31,bist100,673.6763916015625
2012-09-30,bist100,663.9634399414062
2012-10-31,bist100,725.2861328125
2012-11-30,bist100,730.5811767578125
2012-12-31,bist100,782.079833984375
2013-01-31,bist100,787.8308715820312
2013-02-28,bist100,793.332763671875
2013-03-31,bist100,858.9854125976562
2013-04-30,bist100,860.4554443359375
2013-05-31,bist100,859.8954467773438
2013-06-30,bist100,762.9409790039062
2013-07-31,bist100,733.7711181640625
2013-08-31,bist100,663.9404296875
2013-09-30,bist100,744.862060546875
2013-10-31,bist100,776.1998901367188
2013-11-30,bist100,757.4789428710938
2013-12-31,bist100,678.013427734375
2014-01-31,bist100,618.5786743164062
2014-02-28,bist100,625.5297241210938
2014-03-31,bist100,697.3592529296875
2014-04-30,bist100,738.7111206054688
2014-05-31,bist100,792.893798828125
2014-06-30,bist100,784.8858642578125
2014-07-31,bist100,821.5646362304688
2014-08-31,bist100,803.124755859375
2014-09-30,bist100,749.3740234375
2014-10-31,bist100,805.792724609375
2014-11-30,bist100,861.6824340820312
2014-12-31,bist100,857.2064208984375
2015-01-31,bist100,889.4533081054688
2015-02-28,bist100,841.4705200195312
2015-03-31,bist100,808.4557495117188
2015-04-30,bist100,839.4655151367188
2015-05-31,bist100,829.8076171875
2015-06-30,bist100,822.4906616210938
2015-07-31,bist100,799.0927734375
2015-08-31,bist100,752.1000366210938
2015-09-30,bist100,742.0510864257812
2015-10-31,bist100,794.0858154296875
2015-11-30,bist100,752.3240356445312
2015-12-31,bist100,717.2662353515625
2016-01-31,bist100,734.8070678710938
2016-02-29,bist100,758.1399536132812
2016-03-31,bist100,832.6755981445312
2016-04-30,bist100,853.2734985351562
2016-05-31,bist100,778.0298461914062
2016-06-30,bist100,768.1679077148438
2016-07-31,bist100,754.0509643554688
2016-08-31,bist100,759.6719970703125
2016-09-30,bist100,764.8799438476562
2016-10-31,bist100,785.3578491210938
2016-11-30,bist100,739.9481201171875
2016-12-31,bist100,781.3828735351562
2017-01-31,bist100,862.952392578125
2017-02-28,bist100,874.7783813476562
2017-03-31,bist100,889.4692993164062
2017-04-30,bist100,946.5479736328124
2017-05-31,bist100,975.4108276367188
2017-06-30,bist100,1004.398681640625
2017-07-31,bist100,1075.3082275390625
2017-08-31,bist100,1100.09912109375
2017-09-30,bist100,1029.071533203125
2017-10-31,bist100,1101.420166015625
2017-11-30,bist100,1039.8385009765625
2017-12-31,bist100,1153.3238525390625
2018-01-31,bist100,1195.2816162109375
2018-02-28,bist100,1189.501708984375
2018-03-31,bist100,1149.2958984375
2018-04-30,bist100,1042.822509765625
2018-05-31,bist100,1006.5177001953124
2018-06-30,bist100,965.1958618164062
2018-07-31,bist100,969.516845703125
2018-08-31,bist100,927.2290649414062
2018-09-30,bist100,999.5636596679688
2018-10-31,bist100,902.0022583007812
2018-11-30,bist100,954.1549072265624
2018-12-31,bist100,912.7001953125
2019-01-31,bist100,1040.7364501953125
2019-02-28,bist100,1045.29345703125
2019-03-31,bist100,937.8369750976562
2019-04-30,bist100,954.1509399414062
2019-05-31,bist100,905.8921508789062
2019-06-30,bist100,964.847900390625
2019-07-31,bist100,1020.819580078125
2019-08-31,bist100,967.1798706054688
2019-09-30,bist100,1050.3243408203125
2019-10-31,bist100,984.6797485351562
2019-11-30,bist100,1069.0313720703125
2019-12-31,bist100,1144.243896484375
2020-01-31,bist100,1191.3946533203125
2020-02-29,bist100,1059.931396484375
2020-03-31,bist100,896.4322509765625
2020-04-30,bist100,1011.0956420898438
2020-05-31,bist100,1055.1993408203125
2020-06-30,bist100,1165.2418212890625
2020-07-31,bist100,1126.89404296875
2020-08-31,bist100,1078.59423828125
2020-09-30,bist100,1145.19384765625
2020-10-31,bist100,1112.3941650390625
2020-11-30,bist100,1283.5931396484375
2020-12-31,bist100,1476.692138671875
2021-01-31,bist100,1473.4921875
2021-02-28,bist100,1471.3922119140625
2021-03-31,bist100,1391.692626953125
2021-04-30,bist100,1397.7926025390625
2021-05-31,bist100,1420.492431640625
2021-06-30,bist100,1356.2928466796875
2021-07-31,bist100,1392.892578125
2021-08-31,bist100,1472.0921630859375
2021-09-30,bist100,1406.392578125
2021-10-31,bist100,1521.991943359375
2021-11-30,bist100,1809.6903076171875
2021-12-31,bist100,1857.6900634765625
2022-01-31,bist100,2003.1893310546875
2022-02-28,bist100,1946.1895751953125
2022-03-31,bist100,2233.2880859375
2022-04-30,bist100,2430.587158203125
2022-05-31,bist100,2547.086669921875
2022-06-30,bist100,2405.38720703125
2022-07-31,bist100,2592.38623046875
2022-08-31,bist100,3171.18310546875
2022-09-30,bist100,3179.983154296875
2022-10-31,bist100,3978.97900390625
2022-11-30,bist100,4977.57373046875
2022-12-31,bist100,5509.1708984375
2023-01-31,bist100,4976.57373046875
2023-02-28,bist100,5237.27197265625
2023-03-31,bist100,4812.87451171875
2023-04-30,bist100,4617.87548828125
2023-05-31,bist100,4886.8740234375
2023-06-30,bist100,5759.0693359375
2023-07-31,bist100,7216.9619140625
2023-08-31,bist100,7917.85791015625
2023-09-30,bist100,8334.8564453125
2023-10-31,bist100,7514.06005859375
2023-11-30,bist100,7948.55810546875
2023-12-31,bist100,7470.16064453125
2024-01-31,bist100,8496.6552734375
2024-02-29,bist100,9193.6513671875
2024-03-31,bist100,9142.3515625
2024-04-30,bist100,10045.646484375
2024-05-31,bist100,10400.4453125
2024-06-30,bist100,10647.84375
2024-07-31,bist100,10638.54296875
2024-08-31,bist100,9833.1484375
2024-09-30,bist100,9665.748046875
2024-10-31,bist100,8863.853515625
2024-11-30,bist100,9651.94921875
2024-12-31,bist100,9830.5478515625
2025-01-31,bist100,10004.34765625
2025-02-28,bist100,9658.6494140625
2025-03-31,bist100,9659.44921875
2025-04-30,bist100,9078.3525390625
2025-05-31,bist100,9019.5517578125
2025-06-30,bist100,9948.447265625
2025-07-31,bist100,10743.1435546875
2025-08-31,bist100,11288.099609375
2025-09-30,bist100,11012.099609375
2025-10-31,bist100,10971.5
2025-11-30,bist100,10898.7001953125
2025-12-31,bist100,11261.5
2026-01-31,bist100,13838.2998046875
2026-02-28,bist100,13717.7998046875
2026-03-31,bist100,12791.0
2026-04-30,bist100,14442.599609375
2026-05-31,bist100,13662.7998046875
1993-04-30,bovespa,24.100000381469727
1993-05-31,bovespa,34.900001525878906
1993-06-30,bovespa,53.70000076293945
1993-07-31,bovespa,65.5999984741211
1993-08-31,bovespa,96.4000015258789
1993-09-30,bovespa,146.60000610351562
1993-10-31,bovespa,184.3999938964844
1993-11-30,bovespa,274.0
1993-12-31,bovespa,375.5
1994-01-31,bovespa,740.5999755859375
1994-02-28,bovespa,1053.9000244140625
1994-03-31,bovespa,1515.5999755859375
1994-04-30,bovespa,1708.4000244140625
1994-05-31,bovespa,2467.199951171875
1994-06-30,bovespa,3623.199951171875
1994-07-31,bovespa,4201.2998046875
1994-08-31,bovespa,5329.5
1994-09-30,bovespa,5484.0
1994-10-31,bovespa,4797.89990234375
1994-11-30,bovespa,4656.0
1994-12-31,bovespa,4353.89990234375
1995-01-31,bovespa,3885.0
1995-02-28,bovespa,3270.89990234375
1995-03-31,bovespa,2979.0
1995-04-30,bovespa,3813.699951171875
1995-05-31,bovespa,3720.60009765625
1995-06-30,bovespa,3603.39990234375
1995-07-31,bovespa,3877.5
1995-08-31,bovespa,4310.5
1995-09-30,bovespa,4670.10009765625
1995-10-31,bovespa,4128.39990234375
1995-11-30,bovespa,4378.60009765625
1995-12-31,bovespa,4299.0
1996-01-31,bovespa,5151.5
1996-02-29,bovespa,4957.7001953125
1996-03-31,bovespa,4954.89990234375
1996-04-30,bovespa,5164.10009765625
1996-05-31,bovespa,5728.0
1996-06-30,bovespa,6043.89990234375
1996-07-31,bovespa,6123.2998046875
1996-08-31,bovespa,6259.39990234375
1996-09-30,bovespa,6446.89990234375
1996-10-31,bovespa,6533.2001953125
1996-11-30,bovespa,6666.10009765625
1996-12-31,bovespa,7039.89990234375
1997-01-31,bovespa,7964.7001953125
1997-02-28,bovespa,8828.7001953125
1997-03-31,bovespa,9044.0
1997-04-30,bovespa,9982.0
1997-05-31,bovespa,11345.0
1997-06-30,bovespa,12568.0
1997-07-31,bovespa,12872.0
1997-08-31,bovespa,10609.0
1997-09-30,bovespa,11797.0
1997-10-31,bovespa,8986.0
1997-11-30,bovespa,9395.0
1997-12-31,bovespa,10197.0
1998-01-31,bovespa,9720.0
1998-02-28,bovespa,10571.0
1998-03-31,bovespa,11947.0
1998-04-30,bovespa,11677.0
1998-05-31,bovespa,9847.0
1998-06-30,bovespa,9678.0
1998-07-31,bovespa,10707.0
1998-08-31,bovespa,6472.0
1998-09-30,bovespa,6593.0
1998-10-31,bovespa,7047.0
1998-11-30,bovespa,8631.0
1998-12-31,bovespa,6784.0
1999-01-31,bovespa,8172.0
1999-02-28,bovespa,8911.0
1999-03-31,bovespa,10696.0
1999-04-30,bovespa,11351.0
1999-05-31,bovespa,11090.0
1999-06-30,bovespa,11627.0
1999-07-31,bovespa,10442.0
1999-08-31,bovespa,10565.0
1999-09-30,bovespa,11106.0
1999-10-31,bovespa,11700.0
1999-11-30,bovespa,13779.0
1999-12-31,bovespa,17092.0
2000-01-31,bovespa,16388.0
2000-02-29,bovespa,17660.0
2000-03-31,bovespa,17820.0
2000-04-30,bovespa,15538.0
2000-05-31,bovespa,14957.0
2000-06-30,bovespa,16728.0
2000-07-31,bovespa,16455.0
2000-08-31,bovespa,17347.0
2000-09-30,bovespa,15928.0
2000-10-31,bovespa,14867.0
2000-11-30,bovespa,13287.0
2000-12-31,bovespa,15259.0
2001-01-31,bovespa,17673.0
2001-02-28,bovespa,15891.0
2001-03-31,bovespa,14438.0
2001-04-30,bovespa,14918.0
2001-05-31,bovespa,14650.0
2001-06-30,bovespa,14560.0
2001-07-31,bovespa,13754.0
2001-08-31,bovespa,12841.0
2001-09-30,bovespa,10636.0
2001-10-31,bovespa,11365.0
2001-11-30,bovespa,12932.0
2001-12-31,bovespa,13578.0
2002-01-31,bovespa,12721.0
2002-02-28,bovespa,14033.0
2002-03-31,bovespa,13255.0
2002-04-30,bovespa,13085.0
2002-05-31,bovespa,12861.0
2002-06-30,bovespa,11139.0
2002-07-31,bovespa,9763.0
2002-08-31,bovespa,10382.0
2002-09-30,bovespa,8623.0
2002-10-31,bovespa,10168.0
2002-11-30,bovespa,10509.0
2002-12-31,bovespa,11268.0
2003-01-31,bovespa,10941.0
2003-02-28,bovespa,10281.0
2003-03-31,bovespa,11274.0
2003-04-30,bovespa,12557.0
2003-05-31,bovespa,13422.0
2003-06-30,bovespa,12973.0
2003-07-31,bovespa,13572.0
2003-08-31,bovespa,15174.0
2003-09-30,bovespa,16011.0
2003-10-31,bovespa,17982.0
2003-11-30,bovespa,20184.0
2003-12-31,bovespa,22236.0
2004-01-31,bovespa,21851.0
2004-02-29,bovespa,21755.0
2004-03-31,bovespa,22142.0
2004-04-30,bovespa,19607.0
2004-05-31,bovespa,19545.0
2004-06-30,bovespa,21149.0
2004-07-31,bovespa,22337.0
2004-08-31,bovespa,22803.0
2004-09-30,bovespa,23245.0
2004-10-31,bovespa,23052.0
2004-11-30,bovespa,25128.0
2004-12-31,bovespa,26196.0
2005-01-31,bovespa,24351.0
2005-02-28,bovespa,28139.0
2005-03-31,bovespa,26611.0
2005-04-30,bovespa,24844.0
2005-05-31,bovespa,25207.0
2005-06-30,bovespa,25051.0
2005-07-31,bovespa,26042.0
2005-08-31,bovespa,28045.0
2005-09-30,bovespa,31584.0
2005-10-31,bovespa,30194.0
2005-11-30,bovespa,31917.0
2005-12-31,bovespa,33456.0
2006-01-31,bovespa,38383.0
2006-02-28,bovespa,38610.0
2006-03-31,bovespa,37952.0
2006-04-30,bovespa,40363.0
2006-05-31,bovespa,36530.0
2006-06-30,bovespa,36631.0
2006-07-31,bovespa,37077.0
2006-08-31,bovespa,36232.0
2006-09-30,bovespa,36449.0
2006-10-31,bovespa,39263.0
2006-11-30,bovespa,41932.0
2006-12-31,bovespa,44474.0
2007-01-31,bovespa,44642.0
2007-02-28,bovespa,43892.0
2007-03-31,bovespa,45805.0
2007-04-30,bovespa,48956.0
2007-05-31,bovespa,52268.0
2007-06-30,bovespa,54392.0
2007-07-31,bovespa,54183.0
2007-08-31,bovespa,54637.0
2007-09-30,bovespa,60465.0
2007-10-31,bovespa,65318.0
2007-11-30,bovespa,63006.0
2007-12-31,bovespa,63886.0
2008-01-31,bovespa,59490.0
2008-02-29,bovespa,63489.0
2008-03-31,bovespa,60968.0
2008-04-30,bovespa,67868.0
2008-05-31,bovespa,72593.0
2008-06-30,bovespa,65018.0
2008-07-31,bovespa,59505.0
2008-08-31,bovespa,55680.0
2008-09-30,bovespa,49541.0
2008-10-31,bovespa,37257.0
2008-11-30,bovespa,36596.0
2008-12-31,bovespa,37550.0
2009-01-31,bovespa,39301.0
2009-02-28,bovespa,38183.0
2009-03-31,bovespa,40926.0
2009-04-30,bovespa,47290.0
2009-05-31,bovespa,53198.0
2009-06-30,bovespa,51465.0
2009-07-31,bovespa,54766.0
2009-08-31,bovespa,56489.0
2009-09-30,bovespa,61518.0
2009-10-31,bovespa,61546.0
2009-11-30,bovespa,67044.0
2009-12-31,bovespa,68588.0
2010-01-31,bovespa,65402.0
2010-02-28,bovespa,66503.0
2010-03-31,bovespa,70372.0
2010-04-30,bovespa,67530.0
2010-05-31,bovespa,63047.0
2010-06-30,bovespa,60936.0
2010-07-31,bovespa,67515.0
2010-08-31,bovespa,65145.0
2010-09-30,bovespa,69430.0
2010-10-31,bovespa,70673.0
2010-11-30,bovespa,67705.0
2010-12-31,bovespa,69305.0
2011-01-31,bovespa,66575.0
2011-02-28,bovespa,67383.0
2011-03-31,bovespa,68587.0
2011-04-30,bovespa,66133.0
2011-05-31,bovespa,64620.0
2011-06-30,bovespa,62404.0
2011-07-31,bovespa,58823.0
2011-08-31,bovespa,56495.0
2011-09-30,bovespa,52324.0
2011-10-31,bovespa,58338.0
2011-11-30,bovespa,56875.0
2011-12-31,bovespa,56754.0
2012-01-31,bovespa,63072.0
2012-02-29,bovespa,65812.0
2012-03-31,bovespa,64511.0
2012-04-30,bovespa,61820.0
2012-05-31,bovespa,54490.0
2012-06-30,bovespa,54355.0
2012-07-31,bovespa,56097.0
2012-08-31,bovespa,57061.0
2012-09-30,bovespa,59176.0
2012-10-31,bovespa,57068.0
2012-11-30,bovespa,57475.0
2012-12-31,bovespa,60952.0
2013-01-31,bovespa,59761.0
2013-02-28,bovespa,57424.0
2013-03-31,bovespa,56352.0
2013-04-30,bovespa,55910.0
2013-05-31,bovespa,53506.0
2013-06-30,bovespa,47457.0
2013-07-31,bovespa,48234.0
2013-08-31,bovespa,50008.0
2013-09-30,bovespa,52338.0
2013-10-31,bovespa,54256.0
2013-11-30,bovespa,52482.0
2013-12-31,bovespa,51507.0
2014-01-31,bovespa,47639.0
2014-02-28,bovespa,47094.0
2014-03-31,bovespa,50415.0
2014-04-30,bovespa,51626.0
2014-05-31,bovespa,51239.0
2014-06-30,bovespa,53168.0
2014-07-31,bovespa,55829.0
2014-08-31,bovespa,61288.0
2014-09-30,bovespa,54116.0
2014-10-31,bovespa,54629.0
2014-11-30,bovespa,54664.0
2014-12-31,bovespa,50007.0
2015-01-31,bovespa,46908.0
2015-02-28,bovespa,51583.0
2015-03-31,bovespa,51150.0
2015-04-30,bovespa,56229.0
2015-05-31,bovespa,52760.0
2015-06-30,bovespa,53081.0
2015-07-31,bovespa,50865.0
2015-08-31,bovespa,46626.0
2015-09-30,bovespa,45059.0
2015-10-31,bovespa,45869.0
2015-11-30,bovespa,45120.0
2015-12-31,bovespa,43350.0
2016-01-31,bovespa,40406.0
2016-02-29,bovespa,42794.0
2016-03-31,bovespa,50055.0
2016-04-30,bovespa,53911.0
2016-05-31,bovespa,48472.0
2016-06-30,bovespa,51527.0
2016-07-31,bovespa,57308.0
2016-08-31,bovespa,57901.0
2016-09-30,bovespa,58367.0
2016-10-31,bovespa,64925.0
2016-11-30,bovespa,61906.0
2016-12-31,bovespa,60227.0
2017-01-31,bovespa,64671.0
2017-02-28,bovespa,66662.0
2017-03-31,bovespa,64984.0
2017-04-30,bovespa,65403.0
2017-05-31,bovespa,62711.0
2017-06-30,bovespa,62900.0
2017-07-31,bovespa,65920.0
2017-08-31,bovespa,70835.0
2017-09-30,bovespa,74294.0
2017-10-31,bovespa,74308.0
2017-11-30,bovespa,71971.0
2017-12-31,bovespa,76402.0
2018-01-31,bovespa,84913.0
2018-02-28,bovespa,85481.0
2018-03-31,bovespa,85366.0
2018-04-30,bovespa,86115.0
2018-05-31,bovespa,76754.0
2018-06-30,bovespa,72763.0
2018-07-31,bovespa,79220.0
2018-08-31,bovespa,76678.0
2018-09-30,bovespa,79342.0
2018-10-31,bovespa,87424.0
2018-11-30,bovespa,89504.0
2018-12-31,bovespa,87887.0
2019-01-31,bovespa,97394.0
2019-02-28,bovespa,95584.0
2019-03-31,bovespa,95415.0
2019-04-30,bovespa,96353.0
2019-05-31,bovespa,97030.0
2019-06-30,bovespa,100967.0
2019-07-31,bovespa,101812.0
2019-08-31,bovespa,101135.0
2019-09-30,bovespa,104745.0
2019-10-31,bovespa,107220.0
2019-11-30,bovespa,108233.0
2019-12-31,bovespa,115964.0
2020-01-31,bovespa,113761.0
2020-02-29,bovespa,104172.0
2020-03-31,bovespa,73020.0
2020-04-30,bovespa,80506.0
2020-05-31,bovespa,87403.0
2020-06-30,bovespa,95056.0
2020-07-31,bovespa,102912.0
2020-08-31,bovespa,99369.0
2020-09-30,bovespa,94603.0
2020-10-31,bovespa,93952.0
2020-11-30,bovespa,108888.0
2020-12-31,bovespa,119306.0
2021-01-31,bovespa,116007.0
2021-02-28,bovespa,110035.0
2021-03-31,bovespa,116634.0
2021-04-30,bovespa,118894.0
2021-05-31,bovespa,126216.0
2021-06-30,bovespa,126802.0
2021-07-31,bovespa,121801.0
2021-08-31,bovespa,118781.0
2021-09-30,bovespa,110979.0
2021-10-31,bovespa,103501.0
2021-11-30,bovespa,101915.0
2021-12-31,bovespa,104822.0
2022-01-31,bovespa,112388.0
2022-02-28,bovespa,113142.0
2022-03-31,bovespa,119999.0
2022-04-30,bovespa,107876.0
2022-05-31,bovespa,111351.0
2022-06-30,bovespa,98542.0
2022-07-31,bovespa,103165.0
2022-08-31,bovespa,109523.0
2022-09-30,bovespa,110037.0
2022-10-31,bovespa,116037.0
2022-11-30,bovespa,112486.0
2022-12-31,bovespa,110031.0
2023-01-31,bovespa,113532.0
2023-02-28,bovespa,104932.0
2023-03-31,bovespa,101882.0
2023-04-30,bovespa,104432.0
2023-05-31,bovespa,108335.0
2023-06-30,bovespa,118087.0
2023-07-31,bovespa,121943.0
2023-08-31,bovespa,115742.0
2023-09-30,bovespa,116565.0
2023-10-31,bovespa,113144.0
2023-11-30,bovespa,127331.0
2023-12-31,bovespa,134185.0
2024-01-31,bovespa,127752.0
2024-02-29,bovespa,129020.0
2024-03-31,bovespa,128106.0
2024-04-30,bovespa,125924.0
2024-05-31,bovespa,122098.0
2024-06-30,bovespa,123907.0
2024-07-31,bovespa,127652.0
2024-08-31,bovespa,136004.0
2024-09-30,bovespa,131816.0
2024-10-31,bovespa,129713.0
2024-11-30,bovespa,125668.0
2024-12-31,bovespa,120283.0
2025-01-31,bovespa,126135.0
2025-02-28,bovespa,122799.0
2025-03-31,bovespa,130260.0
2025-04-30,bovespa,135067.0
2025-05-31,bovespa,137027.0
2025-06-30,bovespa,138855.0
2025-07-31,bovespa,133071.0
2025-08-31,bovespa,141422.0
2025-09-30,bovespa,146237.0
2025-10-31,bovespa,149540.0
2025-11-30,bovespa,159072.0
2025-12-31,bovespa,161125.0
2026-01-31,bovespa,181364.0
2026-02-28,bovespa,188787.0
2026-03-31,bovespa,187462.0
2026-04-30,bovespa,187318.0
2026-05-31,bovespa,175744.0
1997-07-31,bux,7880.16015625
1997-08-31,bux,7234.4501953125
1997-09-30,bux,7692.8798828125
1997-10-31,bux,7134.81982421875
1997-11-30,bux,6652.83984375
1997-12-31,bux,7997.10009765625
1998-01-31,bux,7421.64990234375
1998-02-28,bux,8256.9296875
1998-03-31,bux,8656.240234375
1998-04-30,bux,8552.169921875
1998-05-31,bux,7057.1298828125
1998-06-30,bux,7805.72021484375
1998-07-31,bux,8215.259765625
1998-08-31,bux,5252.47021484375
1998-09-30,bux,4571.1298828125
1998-10-31,bux,5312.0498046875
1998-11-30,bux,5976.31982421875
1998-12-31,bux,6307.669921875
1999-01-31,bux,6507.14013671875
1999-02-28,bux,5620.93994140625
1999-03-31,bux,5489.64013671875
1999-04-30,bux,5985.27001953125
1999-05-31,bux,6259.419921875
1999-06-30,bux,6485.7998046875
1999-07-31,bux,7256.509765625
1999-08-31,bux,7459.83984375
1999-09-30,bux,6747.1298828125
1999-10-31,bux,6959.16015625
1999-11-30,bux,7440.14990234375
1999-12-31,bux,8819.4501953125
2000-01-31,bux,9548.900390625
2000-02-29,bux,10124.650390625
2000-03-31,bux,10000.6396484375
2000-04-30,bux,8872.490234375
2000-05-31,bux,9015.8701171875
2000-06-30,bux,8318.2998046875
2000-07-31,bux,8221.2900390625
2000-08-31,bux,8433.1904296875
2000-09-30,bux,8270.41015625
2000-10-31,bux,8161.52978515625
2000-11-30,bux,6891.2900390625
2000-12-31,bux,7849.75
2001-01-31,bux,8145.81005859375
2001-02-28,bux,7116.830078125
2001-03-31,bux,6652.5
2001-04-30,bux,6865.72021484375
2001-05-31,bux,7104.47021484375
2001-06-30,bux,6695.7998046875
2001-07-31,bux,6592.81005859375
2001-08-31,bux,6360.169921875
2001-09-30,bux,6173.919921875
2001-10-31,bux,6773.14013671875
2001-11-30,bux,7125.2001953125
2001-12-31,bux,7131.1298828125
2002-01-31,bux,8108.22021484375
2002-02-28,bux,7941.580078125
2002-03-31,bux,8081.330078125
2002-04-30,bux,8673.5595703125
2002-05-31,bux,8115.2099609375
2002-06-30,bux,7252.64013671875
2002-07-31,bux,7048.5498046875
2002-08-31,bux,7665.06982421875
2002-09-30,bux,7102.009765625
2002-10-31,bux,7345.41015625
2002-11-30,bux,7944.85986328125
2002-12-31,bux,7798.2900390625
2003-01-31,bux,7485.7998046875
2003-02-28,bux,7212.14013671875
2003-03-31,bux,7423.2900390625
2003-04-30,bux,8166.31982421875
2003-05-31,bux,8336.849609375
2003-06-30,bux,7781.77001953125
2003-07-31,bux,8287.9296875
2003-08-31,bux,9060.48046875
2003-09-30,bux,8929.7900390625
2003-10-31,bux,9571.3203125
2003-11-30,bux,9108.2099609375
2003-12-31,bux,9379.990234375
2004-01-31,bux,10064.009765625
2004-02-29,bux,10241.9404296875
2004-03-31,bux,10992.2900390625
2004-04-30,bux,11072.4404296875
2004-05-31,bux,11285.1298828125
2004-06-30,bux,11536.9501953125
2004-07-31,bux,11680.650390625
2004-08-31,bux,12171.2001953125
2004-09-30,bux,12646.580078125
2004-10-31,bux,13201.0302734375
2004-11-30,bux,14193.8798828125
2004-12-31,bux,14742.5703125
2005-01-31,bux,15552.509765625
2005-02-28,bux,18382.599609375
2005-03-31,bux,17107.630859375
2005-04-30,bux,16377.740234375
2005-05-31,bux,16907.810546875
2005-06-30,bux,18740.66015625
2005-07-31,bux,20722.640625
2005-08-31,bux,21572.890625
2005-09-30,bux,22948.689453125
2005-10-31,bux,20525.529296875
2005-11-30,bux,21174.349609375
2005-12-31,bux,20784.740234375
2006-01-31,bux,22202.69921875
2006-02-28,bux,23219.990234375
2006-03-31,bux,23065.08984375
2006-04-30,bux,24356.2890625
2006-05-31,bux,21244.1796875
2006-06-30,bux,21407.029296875
2006-07-31,bux,22594.2890625
2006-08-31,bux,22130.869140625
2006-09-30,bux,21755.029296875
2006-10-31,bux,22391.4296875
2006-11-30,bux,22880.669921875
2006-12-31,bux,24844.3203125
2007-01-31,bux,24059.380859375
2007-02-28,bux,23371.220703125
2007-03-31,bux,23423.19921875
2007-04-30,bux,25424.80078125
2007-05-31,bux,26706.1796875
2007-06-30,bux,28929.73046875
2007-07-31,bux,29264.900390625
2007-08-31,bux,27404.169921875
2007-09-30,bux,28413.119140625
2007-10-31,bux,27382.169921875
2007-11-30,bux,25758.439453125
2007-12-31,bux,26235.630859375
2008-01-31,bux,23475.44921875
2008-02-29,bux,23501.609375
2008-03-31,bux,21710.51953125
2008-04-30,bux,22582.26953125
2008-05-31,bux,22580.48046875
2008-06-30,bux,20387.51953125
2008-07-31,bux,22209.140625
2008-08-31,bux,21007.220703125
2008-09-30,bux,18868.900390625
2008-10-31,bux,13505.7001953125
2008-11-30,bux,12694.740234375
2008-12-31,bux,12241.6904296875
2009-01-31,bux,11516.1103515625
2009-02-28,bux,10190.150390625
2009-03-31,bux,11071.849609375
2009-04-30,bux,12872.1396484375
2009-05-31,bux,14937.0
2009-06-30,bux,15320.1396484375
2009-07-31,bux,17280.05078125
2009-08-31,bux,19389.939453125
2009-09-30,bux,20226.279296875
2009-10-31,bux,20572.73046875
2009-11-30,bux,20806.900390625
2009-12-31,bux,21227.009765625
2010-01-31,bux,21831.4609375
2010-02-28,bux,21267.810546875
2010-03-31,bux,24245.55078125
2010-04-30,bux,24764.759765625
2010-05-31,bux,21938.470703125
2010-06-30,bux,21050.4296875
2010-07-31,bux,22265.630859375
2010-08-31,bux,22561.5390625
2010-09-30,bux,23239.9296875
2010-10-31,bux,23146.689453125
2010-11-30,bux,20639.640625
2010-12-31,bux,21327.0703125
2011-01-31,bux,22709.349609375
2011-02-28,bux,23155.5
2011-03-31,bux,23059.76953125
2011-04-30,bux,24161.560546875
2011-05-31,bux,23376.189453125
2011-06-30,bux,22693.740234375
2011-07-31,bux,21617.9296875
2011-08-31,bux,18471.25
2011-09-30,bux,15775.099609375
2011-10-31,bux,17600.0703125
2011-11-30,bux,17634.6796875
2011-12-31,bux,16974.240234375
2012-01-31,bux,18891.0703125
2012-02-29,bux,19286.5390625
2012-03-31,bux,18635.669921875
2012-04-30,bux,18235.029296875
2012-05-31,bux,16099.8203125
2012-06-30,bux,17341.0703125
2012-07-31,bux,17408.01953125
2012-08-31,bux,17513.8203125
2012-09-30,bux,18588.650390625
2012-10-31,bux,19220.490234375
2012-11-30,bux,18265.23046875
2012-12-31,bux,18173.19921875
2013-01-31,bux,19368.01953125
2013-02-28,bux,18804.9609375
2013-03-31,bux,17857.419921875
2013-04-30,bux,18286.0703125
2013-05-31,bux,19262.76953125
2013-06-30,bux,19023.9609375
2013-07-31,bux,18552.33984375
2013-08-31,bux,18198.83984375
2013-09-30,bux,18663.33984375
2013-10-31,bux,18827.029296875
2013-11-30,bux,18809.759765625
2013-12-31,bux,18564.080078125
2014-01-31,bux,18958.240234375
2014-02-28,bux,17744.919921875
2014-03-31,bux,17529.990234375
2014-04-30,bux,17434.529296875
2014-05-31,bux,19264.419921875
2014-06-30,bux,18605.779296875
2014-07-31,bux,17521.83984375
2014-08-31,bux,17779.759765625
2014-09-30,bux,17884.7109375
2014-10-31,bux,17320.3203125
2014-11-30,bux,17350.08984375
2014-12-31,bux,16634.0
2015-01-31,bux,16530.9296875
2015-02-28,bux,18210.189453125
2015-03-31,bux,19689.16015625
2015-04-30,bux,22612.4609375
2015-05-31,bux,22378.740234375
2015-06-30,bux,21903.130859375
2015-07-31,bux,22588.990234375
2015-08-31,bux,21395.94921875
2015-09-30,bux,20893.9609375
2015-10-31,bux,21557.439453125
2015-11-30,bux,23768.599609375
2015-12-31,bux,23920.650390625
2016-01-31,bux,23997.310546875
2016-02-29,bux,23327.939453125
2016-03-31,bux,26451.01953125
2016-04-30,bux,26871.58984375
2016-05-31,bux,26521.189453125
2016-06-30,bux,26325.599609375
2016-07-31,bux,27628.169921875
2016-08-31,bux,27969.240234375
2016-09-30,bux,27664.25
2016-10-31,bux,29802.7890625
2016-11-30,bux,30014.0390625
2016-12-31,bux,32003.05078125
2017-01-31,bux,32481.2890625
2017-02-28,bux,32061.330078125
2017-03-31,bux,31634.259765625
2017-04-30,bux,32956.30078125
2017-05-31,bux,34551.8984375
2017-06-30,bux,35205.421875
2017-07-31,bux,35769.87109375
2017-08-31,bux,38092.26171875
2017-09-30,bux,37290.6484375
2017-10-31,bux,39611.640625
2017-11-30,bux,38673.73046875
2017-12-31,bux,39377.30859375
2018-01-31,bux,40188.51171875
2018-02-28,bux,38112.0
2018-03-31,bux,37258.8984375
2018-04-30,bux,38295.71875
2018-05-31,bux,35356.828125
2018-06-30,bux,36127.7109375
2018-07-31,bux,35742.05859375
2018-08-31,bux,37233.3984375
2018-09-30,bux,37171.41015625
2018-10-31,bux,37155.2109375
2018-11-30,bux,40109.37109375
2018-12-31,bux,39138.94921875
2019-01-31,bux,40855.55859375
2019-02-28,bux,40333.0390625
2019-03-31,bux,41683.78125
2019-04-30,bux,42520.109375
2019-05-31,bux,40904.12109375
2019-06-30,bux,40279.30859375
2019-07-31,bux,40767.6015625
2019-08-31,bux,39794.12109375
2019-09-30,bux,40601.1796875
2019-10-31,bux,42159.578125
2019-11-30,bux,43704.8515625
2019-12-31,bux,46082.8203125
2020-01-31,bux,43072.078125
2020-02-29,bux,40229.640625
2020-03-31,bux,33134.87109375
2020-04-30,bux,35180.8984375
2020-05-31,bux,35875.7109375
2020-06-30,bux,35817.87890625
2020-07-31,bux,34691.73828125
2020-08-31,bux,34851.2890625
2020-09-30,bux,32923.53125
2020-10-31,bux,32279.169921875
2020-11-30,bux,38782.16015625
2020-12-31,bux,42107.5703125
2021-01-31,bux,43517.12109375
2021-02-28,bux,43790.171875
2021-03-31,bux,44326.1796875
2021-04-30,bux,43183.19921875
2021-05-31,bux,46233.2890625
2021-06-30,bux,47238.08984375
2021-07-31,bux,48610.94921875
2021-08-31,bux,51969.671875
2021-09-30,bux,52854.6484375
1990-03-31,cac40,1972.0
1990-04-30,cac40,2046.0
1990-05-31,cac40,2107.0
1990-06-30,cac40,2035.0
1990-07-31,cac40,1965.0
1990-08-31,cac40,1690.0
1990-09-30,cac40,1499.0
1990-10-31,cac40,1645.0
1990-11-30,cac40,1605.0
1990-12-31,cac40,1509.0
1991-01-31,cac40,1580.0
1991-02-28,cac40,1760.0
1991-03-31,cac40,1816.0
1991-04-30,cac40,1779.0
1991-05-31,cac40,1861.800048828125
1991-06-30,cac40,1747.5999755859375
1991-07-31,cac40,1754.699951171875
1991-08-31,cac40,1864.300048828125
1991-09-30,cac40,1880.5999755859373
1991-10-31,cac40,1856.699951171875
1991-11-30,cac40,1739.699951171875
1991-12-31,cac40,1765.699951171875
1992-01-31,cac40,1875.300048828125
1992-02-29,cac40,1983.4000244140625
1992-03-31,cac40,1942.4000244140625
1992-04-30,cac40,2031.0999755859373
1992-05-31,cac40,2033.300048828125
1992-06-30,cac40,1900.5999755859373
1992-07-31,cac40,1754.699951171875
1992-08-31,cac40,1684.9000244140625
1992-09-30,cac40,1736.699951171875
1992-10-31,cac40,1742.4000244140625
1992-11-30,cac40,1771.4000244140625
1992-12-31,cac40,1857.800048828125
1993-01-31,cac40,1772.199951171875
1993-02-28,cac40,1983.699951171875
1993-03-31,cac40,2031.4000244140625
1993-04-30,cac40,1939.0
1993-05-31,cac40,1888.699951171875
1993-06-30,cac40,1971.9000244140625
1993-07-31,cac40,2085.89990234375
1993-08-31,cac40,2216.5
1993-09-30,cac40,2114.60009765625
1993-10-31,cac40,2182.0
1993-11-30,cac40,2110.10009765625
1993-12-31,cac40,2268.199951171875
1994-01-31,cac40,2334.39990234375
1994-02-28,cac40,2238.10009765625
1994-03-31,cac40,2081.89990234375
1994-04-30,cac40,2166.0
1994-05-31,cac40,2029.9000244140625
1994-06-30,cac40,1892.0
1994-07-31,cac40,2075.0
1994-08-31,cac40,2069.10009765625
1994-09-30,cac40,1879.300048828125
1994-10-31,cac40,1905.699951171875
1994-11-30,cac40,1975.9000244140625
1994-12-31,cac40,1881.199951171875
1995-01-31,cac40,1797.9000244140625
1995-02-28,cac40,1776.9000244140625
1995-03-31,cac40,1859.5
1995-04-30,cac40,1918.5
1995-05-31,cac40,1948.0
1995-06-30,cac40,1858.800048828125
1995-07-31,cac40,1920.0
1995-08-31,cac40,1883.4000244140625
1995-09-30,cac40,1788.4000244140625
1995-10-31,cac40,1814.0
1995-11-30,cac40,1828.300048828125
1995-12-31,cac40,1872.0
1996-01-31,cac40,2021.0
1996-02-29,cac40,1990.800048828125
1996-03-31,cac40,2044.800048828125
1996-04-30,cac40,2146.800048828125
1996-05-31,cac40,2110.10009765625
1996-06-30,cac40,2123.699951171875
1996-07-31,cac40,1995.9000244140625
1996-08-31,cac40,1970.5999755859373
1996-09-30,cac40,2132.800048828125
1996-10-31,cac40,2140.5
1996-11-30,cac40,2315.699951171875
1996-12-31,cac40,2315.699951171875
1997-01-31,cac40,2516.60009765625
1997-02-28,cac40,2607.800048828125
1997-03-31,cac40,2656.699951171875
1997-04-30,cac40,2639.5
1997-05-31,cac40,2583.89990234375
1997-06-30,cac40,2858.300048828125
1997-07-31,cac40,3075.699951171875
1997-08-31,cac40,2770.5
1997-09-30,cac40,3008.300048828125
1997-10-31,cac40,2739.300048828125
1997-11-30,cac40,2854.39990234375
1997-12-31,cac40,2998.89990234375
1998-01-31,cac40,3172.10009765625
1998-02-28,cac40,3421.89990234375
1998-03-31,cac40,3875.300048828125
1998-04-30,cac40,3880.919921875
1998-05-31,cac40,4041.159912109375
1998-06-30,cac40,4203.4501953125
1998-07-31,cac40,4177.31005859375
1998-08-31,cac40,3765.22998046875
1998-09-30,cac40,3197.949951171875
1998-10-31,cac40,3522.929931640625
1998-11-30,cac40,3843.3798828125
1998-12-31,cac40,3942.659912109375
1999-01-31,cac40,4251.7998046875
1999-02-28,cac40,4092.93994140625
1999-03-31,cac40,4197.8798828125
1999-04-30,cac40,4405.35009765625
1999-05-31,cac40,4351.2900390625
1999-06-30,cac40,4536.60986328125
1999-07-31,cac40,4382.06005859375
1999-08-31,cac40,4589.22021484375
1999-09-30,cac40,4591.419921875
1999-10-31,cac40,4888.6201171875
1999-11-30,cac40,5341.6201171875
1999-12-31,cac40,5958.31982421875
2000-01-31,cac40,5659.81005859375
2000-02-29,cac40,6190.9599609375
2000-03-31,cac40,6286.0498046875
2000-04-30,cac40,6419.72021484375
2000-05-31,cac40,6426.259765625
2000-06-30,cac40,6446.5400390625
2000-07-31,cac40,6542.490234375
2000-08-31,cac40,6625.419921875
2000-09-30,cac40,6266.6298828125
2000-10-31,cac40,6397.66015625
2000-11-30,cac40,5928.080078125
2000-12-31,cac40,5926.419921875
2001-01-31,cac40,5998.490234375
2001-02-28,cac40,5367.47998046875
2001-03-31,cac40,5180.4501953125
2001-04-30,cac40,5640.02978515625
2001-05-31,cac40,5454.18994140625
2001-06-30,cac40,5225.330078125
2001-07-31,cac40,5085.509765625
2001-08-31,cac40,4689.33984375
2001-09-30,cac40,4079.02001953125
2001-10-31,cac40,4341.2900390625
2001-11-30,cac40,4476.06005859375
2001-12-31,cac40,4624.580078125
2002-01-31,cac40,4461.8701171875
2002-02-28,cac40,4462.990234375
2002-03-31,cac40,4688.02001953125
2002-04-30,cac40,4462.740234375
2002-05-31,cac40,4274.64013671875
2002-06-30,cac40,3897.989990234375
2002-07-31,cac40,3415.3798828125
2002-08-31,cac40,3366.2099609375
2002-09-30,cac40,2777.449951171875
2002-10-31,cac40,3150.0400390625
2002-11-30,cac40,3326.64990234375
2002-12-31,cac40,3063.909912109375
2003-01-31,cac40,2937.8798828125
2003-02-28,cac40,2754.070068359375
2003-03-31,cac40,2618.4599609375
2003-04-30,cac40,2953.669921875
2003-05-31,cac40,2991.75
2003-06-30,cac40,3084.10009765625
2003-07-31,cac40,3210.27001953125
2003-08-31,cac40,3311.419921875
2003-09-30,cac40,3134.989990234375
2003-10-31,cac40,3373.199951171875
2003-11-30,cac40,3424.7900390625
2003-12-31,cac40,3557.89990234375
2004-01-31,cac40,3638.43994140625
2004-02-29,cac40,3725.43994140625
2004-03-31,cac40,3625.22998046875
2004-04-30,cac40,3674.280029296875
2004-05-31,cac40,3669.6298828125
2004-06-30,cac40,3732.989990234375
2004-07-31,cac40,3647.10009765625
2004-08-31,cac40,3594.280029296875
2004-09-30,cac40,3640.610107421875
2004-10-31,cac40,3706.820068359375
2004-11-30,cac40,3753.75
2004-12-31,cac40,3821.159912109375
2005-01-31,cac40,3913.68994140625
2005-02-28,cac40,4027.159912109375
2005-03-31,cac40,4067.780029296875
2005-04-30,cac40,3911.7099609375
2005-05-31,cac40,4120.72998046875
2005-06-30,cac40,4229.35009765625
2005-07-31,cac40,4451.740234375
2005-08-31,cac40,4399.35986328125
2005-09-30,cac40,4600.02001953125
2005-10-31,cac40,4436.4501953125
2005-11-30,cac40,4567.41015625
2005-12-31,cac40,4715.22998046875
2006-01-31,cac40,4947.990234375
2006-02-28,cac40,5000.4501953125
2006-03-31,cac40,5220.85009765625
2006-04-30,cac40,5188.39990234375
2006-05-31,cac40,4930.18017578125
2006-06-30,cac40,4965.9599609375
2006-07-31,cac40,5009.419921875
2006-08-31,cac40,5165.0400390625
2006-09-30,cac40,5250.009765625
2006-10-31,cac40,5348.72998046875
2006-11-30,cac40,5327.64013671875
2006-12-31,cac40,5541.759765625
2007-01-31,cac40,5608.31005859375
2007-02-28,cac40,5516.31982421875
2007-03-31,cac40,5634.16015625
2007-04-30,cac40,5960.0400390625
2007-05-31,cac40,6104.0
2007-06-30,cac40,6054.93017578125
2007-07-31,cac40,5751.080078125
2007-08-31,cac40,5662.7001953125
2007-09-30,cac40,5715.68994140625
2007-10-31,cac40,5847.9501953125
2007-11-30,cac40,5670.56982421875
2007-12-31,cac40,5614.080078125
2008-01-31,cac40,4869.7900390625
2008-02-29,cac40,4790.66015625
2008-03-31,cac40,4707.06982421875
2008-04-30,cac40,4996.5400390625
2008-05-31,cac40,5014.27978515625
2008-06-30,cac40,4434.85009765625
2008-07-31,cac40,4392.35986328125
2008-08-31,cac40,4482.60009765625
2008-09-30,cac40,4032.10009765625
2008-10-31,cac40,3487.070068359375
2008-11-30,cac40,3262.679931640625
2008-12-31,cac40,3217.969970703125
2009-01-31,cac40,2973.919921875
2009-02-28,cac40,2702.47998046875
2009-03-31,cac40,2807.340087890625
2009-04-30,cac40,3159.85009765625
2009-05-31,cac40,3277.64990234375
2009-06-30,cac40,3140.43994140625
2009-07-31,cac40,3426.27001953125
2009-08-31,cac40,3653.5400390625
2009-09-30,cac40,3795.409912109375
2009-10-31,cac40,3607.68994140625
2009-11-30,cac40,3680.14990234375
2009-12-31,cac40,3936.330078125
2010-01-31,cac40,3739.4599609375
2010-02-28,cac40,3708.800048828125
2010-03-31,cac40,3974.010009765625
2010-04-30,cac40,3816.989990234375
2010-05-31,cac40,3507.56005859375
2010-06-30,cac40,3442.889892578125
2010-07-31,cac40,3643.139892578125
2010-08-31,cac40,3490.7900390625
2010-09-30,cac40,3715.179931640625
2010-10-31,cac40,3833.5
2010-11-30,cac40,3610.43994140625
2010-12-31,cac40,3850.760009765625
2011-01-31,cac40,4005.5
2011-02-28,cac40,4110.35009765625
2011-03-31,cac40,3989.179931640625
2011-04-30,cac40,4106.919921875
2011-05-31,cac40,4006.93994140625
2011-06-30,cac40,3982.2099609375
2011-07-31,cac40,3672.77001953125
2011-08-31,cac40,3256.760009765625
2011-09-30,cac40,2981.9599609375
2011-10-31,cac40,3242.840087890625
2011-11-30,cac40,3154.6201171875
2011-12-31,cac40,3159.81005859375
2012-01-31,cac40,3298.550048828125
2012-02-29,cac40,3452.449951171875
2012-03-31,cac40,3423.81005859375
2012-04-30,cac40,3212.800048828125
2012-05-31,cac40,3017.010009765625
2012-06-30,cac40,3196.64990234375
2012-07-31,cac40,3291.659912109375
2012-08-31,cac40,3413.070068359375
2012-09-30,cac40,3354.820068359375
2012-10-31,cac40,3429.27001953125
2012-11-30,cac40,3557.280029296875
2012-12-31,cac40,3620.25
2013-01-31,cac40,3732.60009765625
2013-02-28,cac40,3723.0
2013-03-31,cac40,3731.419921875
2013-04-30,cac40,3856.75
2013-05-31,cac40,3948.590087890625
2013-06-30,cac40,3738.909912109375
2013-07-31,cac40,3992.68994140625
2013-08-31,cac40,3933.780029296875
2013-09-30,cac40,4143.43994140625
2013-10-31,cac40,4299.89013671875
2013-11-30,cac40,4295.2099609375
2013-12-31,cac40,4295.9501953125
2014-01-31,cac40,4165.72021484375
2014-02-28,cac40,4408.080078125
2014-03-31,cac40,4391.5
2014-04-30,cac40,4487.39013671875
2014-05-31,cac40,4519.56982421875
2014-06-30,cac40,4422.83984375
2014-07-31,cac40,4246.14013671875
2014-08-31,cac40,4381.0400390625
2014-09-30,cac40,4416.240234375
2014-10-31,cac40,4233.08984375
2014-11-30,cac40,4390.18017578125
2014-12-31,cac40,4272.75
2015-01-31,cac40,4604.25
2015-02-28,cac40,4951.47998046875
2015-03-31,cac40,5033.64013671875
2015-04-30,cac40,5046.490234375
2015-05-31,cac40,5007.89013671875
2015-06-30,cac40,4790.2001953125
2015-07-31,cac40,5082.60986328125
2015-08-31,cac40,4652.9501953125
2015-09-30,cac40,4455.2900390625
2015-10-31,cac40,4897.66015625
2015-11-30,cac40,4957.60009765625
2015-12-31,cac40,4677.14013671875
2016-01-31,cac40,4417.02001953125
2016-02-29,cac40,4353.5498046875
2016-03-31,cac40,4385.06005859375
2016-04-30,cac40,4428.9599609375
2016-05-31,cac40,4505.6201171875
2016-06-30,cac40,4237.47998046875
2016-07-31,cac40,4439.81005859375
2016-08-31,cac40,4438.22021484375
2016-09-30,cac40,4448.259765625
2016-10-31,cac40,4509.259765625
2016-11-30,cac40,4578.33984375
2016-12-31,cac40,4862.31005859375
2017-01-31,cac40,4748.89990234375
2017-02-28,cac40,4858.580078125
2017-03-31,cac40,5122.509765625
2017-04-30,cac40,5267.330078125
2017-05-31,cac40,5283.6298828125
2017-06-30,cac40,5120.68017578125
2017-07-31,cac40,5093.77001953125
2017-08-31,cac40,5085.58984375
2017-09-30,cac40,5329.81005859375
2017-10-31,cac40,5503.2900390625
2017-11-30,cac40,5372.7900390625
2017-12-31,cac40,5312.56005859375
2018-01-31,cac40,5481.93017578125
2018-02-28,cac40,5320.490234375
2018-03-31,cac40,5167.2998046875
2018-04-30,cac40,5520.5
2018-05-31,cac40,5398.39990234375
2018-06-30,cac40,5323.52978515625
2018-07-31,cac40,5511.2998046875
2018-08-31,cac40,5406.85009765625
2018-09-30,cac40,5493.490234375
2018-10-31,cac40,5093.43994140625
2018-11-30,cac40,5003.919921875
2018-12-31,cac40,4730.68994140625
2019-01-31,cac40,4992.72021484375
2019-02-28,cac40,5240.52978515625
2019-03-31,cac40,5350.52978515625
2019-04-30,cac40,5586.41015625
2019-05-31,cac40,5207.6298828125
2019-06-30,cac40,5538.97021484375
2019-07-31,cac40,5518.89990234375
2019-08-31,cac40,5480.47998046875
2019-09-30,cac40,5677.7900390625
2019-10-31,cac40,5729.85986328125
2019-11-30,cac40,5905.169921875
2019-12-31,cac40,5978.06005859375
2020-01-31,cac40,5806.33984375
2020-02-29,cac40,5309.89990234375
2020-03-31,cac40,4396.1201171875
2020-04-30,cac40,4572.18017578125
2020-05-31,cac40,4695.43994140625
2020-06-30,cac40,4935.990234375
2020-07-31,cac40,4783.68994140625
2020-08-31,cac40,4947.22021484375
2020-09-30,cac40,4803.43994140625
2020-10-31,cac40,4594.240234375
2020-11-30,cac40,5518.5498046875
2020-12-31,cac40,5551.41015625
2021-01-31,cac40,5399.2099609375
2021-02-28,cac40,5703.22021484375
2021-03-31,cac40,6067.22998046875
2021-04-30,cac40,6269.47998046875
2021-05-31,cac40,6447.169921875
2021-06-30,cac40,6507.830078125
2021-07-31,cac40,6612.759765625
2021-08-31,cac40,6680.18017578125
2021-09-30,cac40,6520.009765625
2021-10-31,cac40,6830.33984375
2021-11-30,cac40,6721.16015625
2021-12-31,cac40,7153.02978515625
2022-01-31,cac40,6999.2001953125
2022-02-28,cac40,6658.830078125
2022-03-31,cac40,6659.8701171875
2022-04-30,cac40,6533.77001953125
2022-05-31,cac40,6468.7998046875
2022-06-30,cac40,5922.85986328125
2022-07-31,cac40,6448.5
2022-08-31,cac40,6125.10009765625
2022-09-30,cac40,5762.33984375
2022-10-31,cac40,6266.77001953125
2022-11-30,cac40,6738.5498046875
2022-12-31,cac40,6473.759765625
2023-01-31,cac40,7082.419921875
2023-02-28,cac40,7267.93017578125
2023-03-31,cac40,7322.39013671875
2023-04-30,cac40,7491.5
2023-05-31,cac40,7098.7001953125
2023-06-30,cac40,7400.06005859375
2023-07-31,cac40,7497.77978515625
2023-08-31,cac40,7316.7001953125
2023-09-30,cac40,7135.06005859375
2023-10-31,cac40,6885.64990234375
2023-11-30,cac40,7310.77001953125
2023-12-31,cac40,7543.18017578125
2024-01-31,cac40,7656.75
2024-02-29,cac40,7927.43017578125
2024-03-31,cac40,8205.8095703125
2024-04-30,cac40,7984.93017578125
2024-05-31,cac40,7992.8701171875
2024-06-30,cac40,7479.39990234375
2024-07-31,cac40,7531.490234375
2024-08-31,cac40,7630.9501953125
2024-09-30,cac40,7635.75
2024-10-31,cac40,7350.3701171875
2024-11-30,cac40,7235.10986328125
2024-12-31,cac40,7380.740234375
2025-01-31,cac40,7950.169921875
2025-02-28,cac40,8111.6298828125
2025-03-31,cac40,7790.7099609375
2025-04-30,cac40,7593.8701171875
2025-05-31,cac40,7751.89013671875
2025-06-30,cac40,7665.91015625
2025-07-31,cac40,7771.97021484375
2025-08-31,cac40,7703.89990234375
2025-09-30,cac40,7895.93994140625
2025-10-31,cac40,8121.06982421875
2025-11-30,cac40,8122.7099609375
2025-12-31,cac40,8149.5
2026-01-31,cac40,8126.52978515625
2026-02-28,cac40,8580.75
2026-03-31,cac40,7816.93994140625
2026-04-30,cac40,8114.83984375
2026-05-31,cac40,8160.169921875
2021-03-31,csi300,5048.35986328125
2021-04-30,csi300,5123.490234375
2021-05-31,csi300,5331.56982421875
2021-06-30,csi300,5224.0400390625
2021-07-31,csi300,4811.169921875
2021-08-31,csi300,4805.60986328125
2021-09-30,csi300,4866.3798828125
2021-10-31,csi300,4908.77001953125
2021-11-30,csi300,4832.02978515625
2021-12-31,csi300,4940.3701171875
2022-01-31,csi300,4563.77001953125
2022-02-28,csi300,4581.64990234375
2022-03-31,csi300,4222.60009765625
2022-04-30,csi300,4016.239990234375
2022-05-31,csi300,4091.52001953125
2022-06-30,csi300,4485.009765625
2022-07-31,csi300,4170.10009765625
2022-08-31,csi300,4078.840087890625
2022-09-30,csi300,3804.889892578125
2022-10-31,csi300,3508.699951171875
2022-11-30,csi300,3853.0400390625
2022-12-31,csi300,3871.6298828125
2023-01-31,csi300,4156.85986328125
2023-02-28,csi300,4069.4599609375
2023-03-31,csi300,4050.929931640625
2023-04-30,csi300,4029.090087890625
2023-05-31,csi300,3798.5400390625
2023-06-30,csi300,3842.449951171875
2023-07-31,csi300,4014.6298828125
2023-08-31,csi300,3765.27001953125
2023-09-30,csi300,3689.52001953125
2023-10-31,csi300,3572.510009765625
2023-11-30,csi300,3496.199951171875
2023-12-31,csi300,3431.110107421875
2024-01-31,csi300,3215.35009765625
2024-02-29,csi300,3516.080078125
2024-03-31,csi300,3537.47998046875
2024-04-30,csi300,3604.389892578125
2024-05-31,csi300,3579.919921875
2024-06-30,csi300,3461.659912109375
2024-07-31,csi300,3442.080078125
2024-08-31,csi300,3321.429931640625
2024-09-30,csi300,4017.85009765625
2024-10-31,csi300,3891.0400390625
2024-11-30,csi300,3916.580078125
2024-12-31,csi300,3934.909912109375
2025-01-31,csi300,3817.080078125
2025-02-28,csi300,3890.050048828125
2025-03-31,csi300,3887.31005859375
2025-04-30,csi300,3770.570068359375
2025-05-31,csi300,3840.22998046875
2025-06-30,csi300,3936.080078125
2025-07-31,csi300,4075.590087890625
2025-08-31,csi300,4496.759765625
2025-09-30,csi300,4640.68994140625
2025-10-31,csi300,4640.669921875
2025-11-30,csi300,4526.66015625
2025-12-31,csi300,4629.93994140625
2026-01-31,csi300,4706.33984375
2026-02-28,csi300,4710.64990234375
2026-03-31,csi300,4450.0498046875
2026-04-30,csi300,4807.31005859375
2026-05-31,csi300,4892.1201171875
1987-12-31,dax,1005.1900024414062
1988-01-31,dax,936.0
1988-02-29,dax,1083.3399658203125
1988-03-31,dax,1062.3299560546875
1988-04-30,dax,1049.1700439453125
1988-05-31,dax,1075.6600341796875
1988-06-30,dax,1133.81005859375
1988-07-31,dax,1178.530029296875
1988-08-31,dax,1169.4599609375
1988-09-30,dax,1253.6800537109375
1988-10-31,dax,1308.25
1988-11-30,dax,1273.760009765625
1988-12-31,dax,1330.22998046875
1989-01-31,dax,1324.3399658203125
1989-02-28,dax,1289.7900390625
1989-03-31,dax,1319.8800048828125
1989-04-30,dax,1374.0400390625
1989-05-31,dax,1407.050048828125
1989-06-30,dax,1477.219970703125
1989-07-31,dax,1548.6800537109375
1989-08-31,dax,1594.699951171875
1989-09-30,dax,1570.6400146484375
1989-10-31,dax,1464.8699951171875
1989-11-30,dax,1556.4100341796875
1989-12-31,dax,1778.1199951171875
1990-01-31,dax,1821.2099609375
1990-02-28,dax,1806.6300048828125
1990-03-31,dax,1966.75
1990-04-30,dax,1812.9100341796875
1990-05-31,dax,1836.68994140625
1990-06-30,dax,1884.6700439453125
1990-07-31,dax,1922.9200439453125
1990-08-31,dax,1622.010009765625
1990-09-30,dax,1327.97998046875
1990-10-31,dax,1434.5
1990-11-30,dax,1436.5699462890625
1990-12-31,dax,1389.3499755859375
1991-01-31,dax,1421.1600341796875
1991-02-28,dax,1564.449951171875
1991-03-31,dax,1515.3199462890625
1991-04-30,dax,1606.8699951171875
1991-05-31,dax,1707.9599609375
1991-06-30,dax,1623.72998046875
1991-07-31,dax,1619.2900390625
1991-08-31,dax,1649.8800048828125
1991-09-30,dax,1605.469970703125
1991-10-31,dax,1579.77001953125
1991-11-30,dax,1571.06005859375
1991-12-31,dax,1577.260009765625
1992-01-31,dax,1685.699951171875
1992-02-29,dax,1746.760009765625
1992-03-31,dax,1718.3499755859375
1992-04-30,dax,1728.0899658203125
1992-05-31,dax,1806.3599853515625
1992-06-30,dax,1754.949951171875
1992-07-31,dax,1608.489990234375
1992-08-31,dax,1529.969970703125
1992-09-30,dax,1470.0899658203125
1992-10-31,dax,1489.6800537109375
1992-11-30,dax,1545.1199951171875
1992-12-31,dax,1538.4300537109375
1993-01-31,dax,1574.0400390625
1993-02-28,dax,1680.02001953125
1993-03-31,dax,1676.8399658203125
1993-04-30,dax,1626.8299560546875
1993-05-31,dax,1627.2099609375
1993-06-30,dax,1700.9300537109375
1993-07-31,dax,1823.0699462890625
1993-08-31,dax,1931.8800048828125
1993-09-30,dax,1910.22998046875
1993-10-31,dax,2064.97998046875
1993-11-30,dax,2052.919921875
1993-12-31,dax,2255.2900390625
1994-01-31,dax,2192.60009765625
1994-02-28,dax,2103.239990234375
1994-03-31,dax,2142.8798828125
1994-04-30,dax,2252.510009765625
1994-05-31,dax,2137.340087890625
1994-06-30,dax,2020.8499755859373
1994-07-31,dax,2152.18994140625
1994-08-31,dax,2207.090087890625
1994-09-30,dax,2002.300048828125
1994-10-31,dax,2061.580078125
1994-11-30,dax,2057.280029296875
1994-12-31,dax,2097.510009765625
1995-01-31,dax,2024.8199462890625
1995-02-28,dax,2097.85009765625
1995-03-31,dax,1914.68994140625
1995-04-30,dax,2017.949951171875
1995-05-31,dax,2099.949951171875
1995-06-30,dax,2089.0400390625
1995-07-31,dax,2222.510009765625
1995-08-31,dax,2234.22998046875
1995-09-30,dax,2201.27001953125
1995-10-31,dax,2165.760009765625
1995-11-30,dax,2254.949951171875
1995-12-31,dax,2260.68994140625
1996-01-31,dax,2463.0
1996-02-29,dax,2485.179931640625
1996-03-31,dax,2489.35009765625
1996-04-30,dax,2492.6298828125
1996-05-31,dax,2523.81005859375
1996-06-30,dax,2570.43994140625
1996-07-31,dax,2491.5
1996-08-31,dax,2534.489990234375
1996-09-30,dax,2655.489990234375
1996-10-31,dax,2671.39990234375
1996-11-30,dax,2848.840087890625
1996-12-31,dax,2880.070068359375
1997-01-31,dax,3037.699951171875
1997-02-28,dax,3261.0400390625
1997-03-31,dax,3407.830078125
1997-04-30,dax,3438.090087890625
1997-05-31,dax,3562.72998046875
1997-06-30,dax,3766.889892578125
1997-07-31,dax,4405.52001953125
1997-08-31,dax,3919.7900390625
1997-09-30,dax,4154.89013671875
1997-10-31,dax,3753.659912109375
1997-11-30,dax,3972.080078125
1997-12-31,dax,4224.2998046875
1998-01-31,dax,4442.52978515625
1998-02-28,dax,4693.85986328125
1998-03-31,dax,5097.25
1998-04-30,dax,5241.22998046875
1998-05-31,dax,5556.990234375
1998-06-30,dax,5841.830078125
1998-07-31,dax,5861.18994140625
1998-08-31,dax,4811.27978515625
1998-09-30,dax,4430.91015625
1998-10-31,dax,4690.990234375
1998-11-30,dax,5026.14013671875
1998-12-31,dax,5006.56982421875
1999-01-31,dax,5180.2900390625
1999-02-28,dax,4903.9599609375
1999-03-31,dax,4865.27001953125
1999-04-30,dax,5360.43994140625
1999-05-31,dax,5068.58984375
1999-06-30,dax,5378.52001953125
1999-07-31,dax,5101.8701171875
1999-08-31,dax,5270.77001953125
1999-09-30,dax,5149.830078125
1999-10-31,dax,5525.39990234375
1999-11-30,dax,5896.0400390625
1999-12-31,dax,6958.14013671875
2000-01-31,dax,6835.60009765625
2000-02-29,dax,7644.5498046875
2000-03-31,dax,7599.39013671875
2000-04-30,dax,7414.68017578125
2000-05-31,dax,7109.669921875
2000-06-30,dax,6898.2099609375
2000-07-31,dax,7190.3701171875
2000-08-31,dax,7216.4501953125
2000-09-30,dax,6798.1201171875
2000-10-31,dax,7077.43994140625
2000-11-30,dax,6372.330078125
2000-12-31,dax,6433.60986328125
2001-01-31,dax,6795.14013671875
2001-02-28,dax,6208.240234375
2001-03-31,dax,5829.9501953125
2001-04-30,dax,6264.509765625
2001-05-31,dax,6123.259765625
2001-06-30,dax,6058.3798828125
2001-07-31,dax,5861.18994140625
2001-08-31,dax,5188.169921875
2001-09-30,dax,4308.14990234375
2001-10-31,dax,4559.1298828125
2001-11-30,dax,4989.91015625
2001-12-31,dax,5160.10009765625
2002-01-31,dax,5107.60986328125
2002-02-28,dax,5039.080078125
2002-03-31,dax,5397.2900390625
2002-04-30,dax,5041.2001953125
2002-05-31,dax,4818.2998046875
2002-06-30,dax,4382.56005859375
2002-07-31,dax,3700.139892578125
2002-08-31,dax,3712.93994140625
2002-09-30,dax,2769.030029296875
2002-10-31,dax,3152.85009765625
2002-11-30,dax,3320.320068359375
2002-12-31,dax,2892.6298828125
2003-01-31,dax,2747.830078125
2003-02-28,dax,2547.050048828125
2003-03-31,dax,2423.8701171875
2003-04-30,dax,2942.0400390625
2003-05-31,dax,2982.679931640625
2003-06-30,dax,3220.580078125
2003-07-31,dax,3487.860107421875
2003-08-31,dax,3484.580078125
2003-09-30,dax,3256.780029296875
2003-10-31,dax,3655.989990234375
2003-11-30,dax,3745.949951171875
2003-12-31,dax,3965.159912109375
2004-01-31,dax,4058.60009765625
2004-02-29,dax,4018.159912109375
2004-03-31,dax,3856.699951171875
2004-04-30,dax,3985.2099609375
2004-05-31,dax,3921.409912109375
2004-06-30,dax,4052.72998046875
2004-07-31,dax,3895.610107421875
2004-08-31,dax,3785.2099609375
2004-09-30,dax,3892.89990234375
2004-10-31,dax,3960.25
2004-11-30,dax,4126.0
2004-12-31,dax,4256.080078125
2005-01-31,dax,4254.85009765625
2005-02-28,dax,4350.490234375
2005-03-31,dax,4348.77001953125
2005-04-30,dax,4184.83984375
2005-05-31,dax,4460.6298828125
2005-06-30,dax,4586.27978515625
2005-07-31,dax,4886.5
2005-08-31,dax,4829.68994140625
2005-09-30,dax,5044.1201171875
2005-10-31,dax,4929.06982421875
2005-11-30,dax,5193.39990234375
2005-12-31,dax,5408.259765625
2006-01-31,dax,5674.14990234375
2006-02-28,dax,5796.0400390625
2006-03-31,dax,5970.080078125
2006-04-30,dax,6009.89013671875
2006-05-31,dax,5692.85986328125
2006-06-30,dax,5683.31005859375
2006-07-31,dax,5681.97021484375
2006-08-31,dax,5859.56982421875
2006-09-30,dax,6004.330078125
2006-10-31,dax,6268.919921875
2006-11-30,dax,6309.18994140625
2006-12-31,dax,6596.919921875
2007-01-31,dax,6789.10986328125
2007-02-28,dax,6715.43994140625
2007-03-31,dax,6917.02978515625
2007-04-30,dax,7408.8701171875
2007-05-31,dax,7883.0400390625
2007-06-30,dax,8007.31982421875
2007-07-31,dax,7584.14013671875
2007-08-31,dax,7638.169921875
2007-09-30,dax,7861.509765625
2007-10-31,dax,8019.22021484375
2007-11-30,dax,7870.52001953125
2007-12-31,dax,8067.31982421875
2008-01-31,dax,6851.75
2008-02-29,dax,6748.1298828125
2008-03-31,dax,6534.97021484375
2008-04-30,dax,6948.81982421875
2008-05-31,dax,7096.7900390625
2008-06-30,dax,6418.31982421875
2008-07-31,dax,6479.56005859375
2008-08-31,dax,6422.2998046875
2008-09-30,dax,5831.02001953125
2008-10-31,dax,4987.97021484375
2008-11-30,dax,4669.43994140625
2008-12-31,dax,4810.2001953125
2009-01-31,dax,4338.35009765625
2009-02-28,dax,3843.739990234375
2009-03-31,dax,4084.760009765625
2009-04-30,dax,4769.4501953125
2009-05-31,dax,4940.81982421875
2009-06-30,dax,4808.64013671875
2009-07-31,dax,5332.14013671875
2009-08-31,dax,5464.60986328125
2009-09-30,dax,5675.16015625
2009-10-31,dax,5414.9599609375
2009-11-30,dax,5625.9501953125
2009-12-31,dax,5957.43017578125
2010-01-31,dax,5608.7900390625
2010-02-28,dax,5598.4599609375
2010-03-31,dax,6153.5498046875
2010-04-30,dax,6135.7001953125
2010-05-31,dax,5964.330078125
2010-06-30,dax,5965.52001953125
2010-07-31,dax,6147.97021484375
2010-08-31,dax,5925.22021484375
2010-09-30,dax,6229.02001953125
2010-10-31,dax,6601.3701171875
2010-11-30,dax,6688.490234375
2010-12-31,dax,6914.18994140625
2011-01-31,dax,7077.47998046875
2011-02-28,dax,7272.31982421875
2011-03-31,dax,7041.31005859375
2011-04-30,dax,7514.4599609375
2011-05-31,dax,7293.68994140625
2011-06-30,dax,7376.240234375
2011-07-31,dax,7158.77001953125
2011-08-31,dax,5784.85009765625
2011-09-30,dax,5502.02001953125
2011-10-31,dax,6141.33984375
2011-11-30,dax,6088.83984375
2011-12-31,dax,5898.35009765625
2012-01-31,dax,6458.91015625
2012-02-29,dax,6856.080078125
2012-03-31,dax,6946.830078125
2012-04-30,dax,6761.18994140625
2012-05-31,dax,6264.3798828125
2012-06-30,dax,6416.27978515625
2012-07-31,dax,6772.259765625
2012-08-31,dax,6970.7900390625
2012-09-30,dax,7216.14990234375
2012-10-31,dax,7260.6298828125
2012-11-30,dax,7405.5
2012-12-31,dax,7612.39013671875
2013-01-31,dax,7776.0498046875
2013-02-28,dax,7741.7001953125
2013-03-31,dax,7795.31005859375
2013-04-30,dax,7913.7099609375
2013-05-31,dax,8348.83984375
2013-06-30,dax,7959.22021484375
2013-07-31,dax,8275.9697265625
2013-08-31,dax,8103.14990234375
2013-09-30,dax,8594.400390625
2013-10-31,dax,9033.919921875
2013-11-30,dax,9405.2998046875
2013-12-31,dax,9552.16015625
2014-01-31,dax,9306.48046875
2014-02-28,dax,9692.080078125
2014-03-31,dax,9555.91015625
2014-04-30,dax,9603.23046875
2014-05-31,dax,9943.26953125
2014-06-30,dax,9833.0703125
2014-07-31,dax,9407.48046875
2014-08-31,dax,9470.169921875
2014-09-30,dax,9474.2998046875
2014-10-31,dax,9326.8701171875
2014-11-30,dax,9980.849609375
2014-12-31,dax,9805.5498046875
2015-01-31,dax,10694.3203125
2015-02-28,dax,11401.66015625
2015-03-31,dax,11966.169921875
2015-04-30,dax,11454.3798828125
2015-05-31,dax,11413.8203125
2015-06-30,dax,10944.9697265625
2015-07-31,dax,11308.990234375
2015-08-31,dax,10259.4599609375
2015-09-30,dax,9660.4404296875
2015-10-31,dax,10850.1396484375
2015-11-30,dax,11382.23046875
2015-12-31,dax,10743.009765625
2016-01-31,dax,9798.1103515625
2016-02-29,dax,9495.400390625
2016-03-31,dax,9965.509765625
2016-04-30,dax,10038.9697265625
2016-05-31,dax,10262.740234375
2016-06-30,dax,9680.08984375
2016-07-31,dax,10337.5
2016-08-31,dax,10592.6904296875
2016-09-30,dax,10511.01953125
2016-10-31,dax,10665.009765625
2016-11-30,dax,10640.2998046875
2016-12-31,dax,11481.0595703125
2017-01-31,dax,11535.3095703125
2017-02-28,dax,11834.41015625
2017-03-31,dax,12312.8701171875
2017-04-30,dax,12438.009765625
2017-05-31,dax,12615.0595703125
2017-06-30,dax,12325.1201171875
2017-07-31,dax,12118.25
2017-08-31,dax,12055.83984375
2017-09-30,dax,12828.8603515625
2017-10-31,dax,13229.5703125
2017-11-30,dax,13023.98046875
2017-12-31,dax,12917.6396484375
2018-01-31,dax,13189.48046875
2018-02-28,dax,12435.849609375
2018-03-31,dax,12096.73046875
2018-04-30,dax,12612.1103515625
2018-05-31,dax,12604.8896484375
2018-06-30,dax,12306.0
2018-07-31,dax,12805.5
2018-08-31,dax,12364.0595703125
2018-09-30,dax,12246.73046875
2018-10-31,dax,11447.509765625
2018-11-30,dax,11257.240234375
2018-12-31,dax,10558.9599609375
2019-01-31,dax,11173.099609375
2019-02-28,dax,11515.6396484375
2019-03-31,dax,11526.0400390625
2019-04-30,dax,12344.080078125
2019-05-31,dax,11726.83984375
2019-06-30,dax,12398.7998046875
2019-07-31,dax,12189.0400390625
2019-08-31,dax,11939.2802734375
2019-09-30,dax,12428.080078125
2019-10-31,dax,12866.7900390625
2019-11-30,dax,13236.3798828125
2019-12-31,dax,13249.009765625
2020-01-31,dax,12981.9697265625
2020-02-29,dax,11890.349609375
2020-03-31,dax,9935.83984375
2020-04-30,dax,10861.6396484375
2020-05-31,dax,11586.849609375
2020-06-30,dax,12310.9296875
2020-07-31,dax,12313.3603515625
2020-08-31,dax,12945.3798828125
2020-09-30,dax,12760.73046875
2020-10-31,dax,11556.48046875
2020-11-30,dax,13291.16015625
2020-12-31,dax,13718.7802734375
2021-01-31,dax,13432.8701171875
2021-02-28,dax,13786.2900390625
2021-03-31,dax,15008.33984375
2021-04-30,dax,15135.91015625
2021-05-31,dax,15421.1298828125
2021-06-30,dax,15531.0400390625
2021-07-31,dax,15544.3896484375
2021-08-31,dax,15835.08984375
2021-09-30,dax,15260.6904296875
2021-10-31,dax,15688.76953125
2021-11-30,dax,15100.1298828125
2021-12-31,dax,15884.8603515625
2022-01-31,dax,15471.2001953125
2022-02-28,dax,14461.01953125
2022-03-31,dax,14414.75
2022-04-30,dax,14097.8798828125
2022-05-31,dax,14388.349609375
2022-06-30,dax,12783.76953125
2022-07-31,dax,13484.0498046875
2022-08-31,dax,12834.9599609375
2022-09-30,dax,12114.3603515625
2022-10-31,dax,13253.740234375
2022-11-30,dax,14397.0400390625
2022-12-31,dax,13923.58984375
2023-01-31,dax,15128.26953125
2023-02-28,dax,15365.1396484375
2023-03-31,dax,15628.83984375
2023-04-30,dax,15922.3798828125
2023-05-31,dax,15664.01953125
2023-06-30,dax,16147.900390625
2023-07-31,dax,16446.830078125
2023-08-31,dax,15947.080078125
2023-09-30,dax,15386.580078125
2023-10-31,dax,14810.33984375
2023-11-30,dax,16215.4296875
2023-12-31,dax,16751.640625
2024-01-31,dax,16903.759765625
2024-02-29,dax,17678.189453125
2024-03-31,dax,18492.490234375
2024-04-30,dax,17932.169921875
2024-05-31,dax,18497.939453125
2024-06-30,dax,18235.44921875
2024-07-31,dax,18508.650390625
2024-08-31,dax,18906.919921875
2024-09-30,dax,19324.9296875
2024-10-31,dax,19077.5390625
2024-11-30,dax,19626.44921875
2024-12-31,dax,19909.140625
2025-01-31,dax,21732.05078125
2025-02-28,dax,22551.4296875
2025-03-31,dax,22163.490234375
2025-04-30,dax,22496.98046875
2025-05-31,dax,23997.48046875
2025-06-30,dax,23909.609375
2025-07-31,dax,24065.470703125
2025-08-31,dax,23902.2109375
2025-09-30,dax,23880.720703125
2025-10-31,dax,23958.30078125
2025-11-30,dax,23836.7890625
2025-12-31,dax,24490.41015625
2026-01-31,dax,24538.810546875
2026-02-28,dax,25284.259765625
2026-03-31,dax,22680.0390625
2026-04-30,dax,24292.380859375
2026-05-31,dax,25041.1796875
1992-01-31,djia,3223.39990234375
1992-02-29,djia,3267.699951171875
1992-03-31,djia,3235.5
1992-04-30,djia,3359.10009765625
1992-05-31,djia,3396.89990234375
1992-06-30,djia,3318.5
1992-07-31,djia,3393.800048828125
1992-08-31,djia,3257.39990234375
1992-09-30,djia,3271.699951171875
1992-10-31,djia,3226.300048828125
1992-11-30,djia,3305.199951171875
1992-12-31,djia,3301.110107421875
1993-01-31,djia,3310.0
1993-02-28,djia,3370.81005859375
1993-03-31,djia,3435.110107421875
1993-04-30,djia,3427.550048828125
1993-05-31,djia,3527.429931640625
1993-06-30,djia,3516.080078125
1993-07-31,djia,3539.469970703125
1993-08-31,djia,3651.25
1993-09-30,djia,3555.1201171875
1993-10-31,djia,3680.590087890625
1993-11-30,djia,3683.949951171875
1993-12-31,djia,3754.090087890625
1994-01-31,djia,3978.360107421875
1994-02-28,djia,3832.02001953125
1994-03-31,djia,3635.9599609375
1994-04-30,djia,3681.68994140625
1994-05-31,djia,3758.3701171875
1994-06-30,djia,3624.9599609375
1994-07-31,djia,3764.5
1994-08-31,djia,3913.419921875
1994-09-30,djia,3843.18994140625
1994-10-31,djia,3908.1201171875
1994-11-30,djia,3739.22998046875
1994-12-31,djia,3834.43994140625
1995-01-31,djia,3843.860107421875
1995-02-28,djia,4011.050048828125
1995-03-31,djia,4157.68994140625
1995-04-30,djia,4321.27001953125
1995-05-31,djia,4465.14013671875
1995-06-30,djia,4556.10009765625
1995-07-31,djia,4708.47021484375
1995-08-31,djia,4610.56005859375
1995-09-30,djia,4789.080078125
1995-10-31,djia,4755.47998046875
1995-11-30,djia,5074.490234375
1995-12-31,djia,5117.1201171875
1996-01-31,djia,5395.2998046875
1996-02-29,djia,5485.6201171875
1996-03-31,djia,5587.14013671875
1996-04-30,djia,5569.080078125
1996-05-31,djia,5643.18017578125
1996-06-30,djia,5654.6298828125
1996-07-31,djia,5528.91015625
1996-08-31,djia,5616.2099609375
1996-09-30,djia,5882.169921875
1996-10-31,djia,6029.3798828125
1996-11-30,djia,6521.7001953125
1996-12-31,djia,6448.27001953125
1997-01-31,djia,6813.08984375
1997-02-28,djia,6877.740234375
1997-03-31,djia,6583.47998046875
1997-04-30,djia,7009.0
1997-05-31,djia,7331.0
1997-06-30,djia,7672.7998046875
1997-07-31,djia,8222.599609375
1997-08-31,djia,7622.39990234375
1997-09-30,djia,7945.2998046875
1997-10-31,djia,7442.10009765625
1997-11-30,djia,7823.10009765625
1997-12-31,djia,7908.2998046875
1998-01-31,djia,7906.5
1998-02-28,djia,8545.7197265625
1998-03-31,djia,8799.8095703125
1998-04-30,djia,9063.3701171875
1998-05-31,djia,8899.9501953125
1998-06-30,djia,8952.01953125
1998-07-31,djia,8883.2900390625
1998-08-31,djia,7539.06982421875
1998-09-30,djia,7842.6201171875
1998-10-31,djia,8592.099609375
1998-11-30,djia,9116.5498046875
1998-12-31,djia,9181.4296875
1999-01-31,djia,9358.830078125
1999-02-28,djia,9306.580078125
1999-03-31,djia,9786.16015625
1999-04-30,djia,10789.0400390625
1999-05-31,djia,10559.740234375
1999-06-30,djia,10970.7998046875
1999-07-31,djia,10655.150390625
1999-08-31,djia,10829.2802734375
1999-09-30,djia,10336.9501953125
1999-10-31,djia,10729.8603515625
1999-11-30,djia,10877.8095703125
1999-12-31,djia,11497.1201171875
2000-01-31,djia,10940.5302734375
2000-02-29,djia,10128.3095703125
2000-03-31,djia,10921.919921875
2000-04-30,djia,10733.91015625
2000-05-31,djia,10522.330078125
2000-06-30,djia,10447.8896484375
2000-07-31,djia,10521.98046875
2000-08-31,djia,11215.099609375
2000-09-30,djia,10650.919921875
2000-10-31,djia,10971.1396484375
2000-11-30,djia,10414.490234375
2000-12-31,djia,10787.990234375
2001-01-31,djia,10887.3603515625
2001-02-28,djia,10495.2802734375
2001-03-31,djia,9878.7802734375
2001-04-30,djia,10734.9697265625
2001-05-31,djia,10911.9404296875
2001-06-30,djia,10502.400390625
2001-07-31,djia,10522.8095703125
2001-08-31,djia,9949.75
2001-09-30,djia,8847.5595703125
2001-10-31,djia,9075.1396484375
2001-11-30,djia,9851.5595703125
2001-12-31,djia,10021.5703125
2002-01-31,djia,9920.0
2002-02-28,djia,10106.1298828125
2002-03-31,djia,10403.9404296875
2002-04-30,djia,9946.2197265625
2002-05-31,djia,9925.25
2002-06-30,djia,9243.259765625
2002-07-31,djia,8736.58984375
2002-08-31,djia,8663.5
2002-09-30,djia,7591.93017578125
2002-10-31,djia,8397.0302734375
2002-11-30,djia,8896.08984375
2002-12-31,djia,8341.6298828125
2003-01-31,djia,8053.81005859375
2003-02-28,djia,7891.080078125
2003-03-31,djia,7992.1298828125
2003-04-30,djia,8480.08984375
2003-05-31,djia,8850.259765625
2003-06-30,djia,8985.4404296875
2003-07-31,djia,9233.7998046875
2003-08-31,djia,9415.8203125
2003-09-30,djia,9275.0595703125
2003-10-31,djia,9801.1201171875
2003-11-30,djia,9782.4599609375
2003-12-31,djia,10453.919921875
2004-01-31,djia,10488.0703125
2004-02-29,djia,10583.919921875
2004-03-31,djia,10357.7001953125
2004-04-30,djia,10225.5703125
2004-05-31,djia,10188.4501953125
2004-06-30,djia,10435.48046875
2004-07-31,djia,10139.7099609375
2004-08-31,djia,10173.919921875
2004-09-30,djia,10080.26953125
2004-10-31,djia,10027.4697265625
2004-11-30,djia,10428.01953125
2004-12-31,djia,10783.009765625
2005-01-31,djia,10489.9404296875
2005-02-28,djia,10766.23046875
2005-03-31,djia,10503.759765625
2005-04-30,djia,10192.509765625
2005-05-31,djia,10467.48046875
2005-06-30,djia,10274.9697265625
2005-07-31,djia,10640.91015625
2005-08-31,djia,10481.599609375
2005-09-30,djia,10568.7001953125
2005-10-31,djia,10440.0703125
2005-11-30,djia,10805.8701171875
2005-12-31,djia,10717.5
2006-01-31,djia,10864.8603515625
2006-02-28,djia,10993.41015625
2006-03-31,djia,11109.3203125
2006-04-30,djia,11367.1396484375
2006-05-31,djia,11168.3095703125
2006-06-30,djia,11150.2197265625
2006-07-31,djia,11185.6796875
2006-08-31,djia,11381.150390625
2006-09-30,djia,11679.0703125
2006-10-31,djia,12080.73046875
2006-11-30,djia,12221.9296875
2006-12-31,djia,12463.150390625
2007-01-31,djia,12621.6904296875
2007-02-28,djia,12268.6298828125
2007-03-31,djia,12354.349609375
2007-04-30,djia,13062.91015625
2007-05-31,djia,13627.6396484375
2007-06-30,djia,13408.6201171875
2007-07-31,djia,13211.990234375
2007-08-31,djia,13357.740234375
2007-09-30,djia,13895.6298828125
2007-10-31,djia,13930.009765625
2007-11-30,djia,13371.7197265625
2007-12-31,djia,13264.8203125
2008-01-31,djia,12650.3603515625
2008-02-29,djia,12266.3896484375
2008-03-31,djia,12262.8896484375
2008-04-30,djia,12820.1298828125
2008-05-31,djia,12638.3203125
2008-06-30,djia,11350.009765625
2008-07-31,djia,11378.01953125
2008-08-31,djia,11543.9599609375
2008-09-30,djia,10850.66015625
2008-10-31,djia,9325.009765625
2008-11-30,djia,8829.0400390625
2008-12-31,djia,8776.3896484375
2009-01-31,djia,8000.85986328125
2009-02-28,djia,7062.93017578125
2009-03-31,djia,7608.919921875
2009-04-30,djia,8168.1201171875
2009-05-31,djia,8500.330078125
2009-06-30,djia,8447.0
2009-07-31,djia,9171.6103515625
2009-08-31,djia,9496.2802734375
2009-09-30,djia,9712.2802734375
2009-10-31,djia,9712.73046875
2009-11-30,djia,10344.83984375
2009-12-31,djia,10428.0498046875
2010-01-31,djia,10067.330078125
2010-02-28,djia,10325.259765625
2010-03-31,djia,10856.6298828125
2010-04-30,djia,11008.6103515625
2010-05-31,djia,10136.6298828125
2010-06-30,djia,9774.01953125
2010-07-31,djia,10465.9404296875
2010-08-31,djia,10014.7197265625
2010-09-30,djia,10788.0498046875
2010-10-31,djia,11118.490234375
2010-11-30,djia,11006.01953125
2010-12-31,djia,11577.509765625
2011-01-31,djia,11891.9296875
2011-02-28,djia,12226.33984375
2011-03-31,djia,12319.73046875
2011-04-30,djia,12810.5400390625
2011-05-31,djia,12569.7900390625
2011-06-30,djia,12414.33984375
2011-07-31,djia,12143.240234375
2011-08-31,djia,11613.5302734375
2011-09-30,djia,10913.3798828125
2011-10-31,djia,11955.009765625
2011-11-30,djia,12045.6796875
2011-12-31,djia,12217.5595703125
2012-01-31,djia,12632.91015625
2012-02-29,djia,12952.0703125
2012-03-31,djia,13212.0400390625
2012-04-30,djia,13213.6298828125
2012-05-31,djia,12393.4501953125
2012-06-30,djia,12880.08984375
2012-07-31,djia,13008.6796875
2012-08-31,djia,13090.83984375
2012-09-30,djia,13437.1298828125
2012-10-31,djia,13096.4599609375
2012-11-30,djia,13025.580078125
2012-12-31,djia,13104.1396484375
2013-01-31,djia,13860.580078125
2013-02-28,djia,14054.490234375
2013-03-31,djia,14578.5400390625
2013-04-30,djia,14839.7998046875
2013-05-31,djia,15115.5703125
2013-06-30,djia,14909.599609375
2013-07-31,djia,15499.5400390625
2013-08-31,djia,14810.3095703125
2013-09-30,djia,15129.669921875
2013-10-31,djia,15545.75
2013-11-30,djia,16086.41015625
2013-12-31,djia,16576.66015625
2014-01-31,djia,15698.849609375
2014-02-28,djia,16321.7099609375
2014-03-31,djia,16457.66015625
2014-04-30,djia,16580.83984375
2014-05-31,djia,16717.169921875
2014-06-30,djia,16826.599609375
2014-07-31,djia,16563.30078125
2014-08-31,djia,17098.44921875
2014-09-30,djia,17042.900390625
2014-10-31,djia,17390.51953125
2014-11-30,djia,17828.240234375
2014-12-31,djia,17823.0703125
2015-01-31,djia,17164.94921875
2015-02-28,djia,18132.69921875
2015-03-31,djia,17776.119140625
2015-04-30,djia,17840.51953125
2015-05-31,djia,18010.6796875
2015-06-30,djia,17619.509765625
2015-07-31,djia,17689.859375
2015-08-31,djia,16528.029296875
2015-09-30,djia,16284.7001953125
2015-10-31,djia,17663.5390625
2015-11-30,djia,17719.919921875
2015-12-31,djia,17425.029296875
2016-01-31,djia,16466.30078125
2016-02-29,djia,16516.5
2016-03-31,djia,17685.08984375
2016-04-30,djia,17773.640625
2016-05-31,djia,17787.19921875
2016-06-30,djia,17929.990234375
2016-07-31,djia,18432.240234375
2016-08-31,djia,18400.880859375
2016-09-30,djia,18308.150390625
2016-10-31,djia,18142.419921875
2016-11-30,djia,19123.580078125
2016-12-31,djia,19762.599609375
2017-01-31,djia,19864.08984375
2017-02-28,djia,20812.240234375
2017-03-31,djia,20663.220703125
2017-04-30,djia,20940.509765625
2017-05-31,djia,21008.650390625
2017-06-30,djia,21349.630859375
2017-07-31,djia,21891.119140625
2017-08-31,djia,21948.099609375
2017-09-30,djia,22405.08984375
2017-10-31,djia,23377.240234375
2017-11-30,djia,24272.349609375
2017-12-31,djia,24719.220703125
2018-01-31,djia,26149.390625
2018-02-28,djia,25029.19921875
2018-03-31,djia,24103.109375
2018-04-30,djia,24163.150390625
2018-05-31,djia,24415.83984375
2018-06-30,djia,24271.41015625
2018-07-31,djia,25415.189453125
2018-08-31,djia,25964.8203125
2018-09-30,djia,26458.310546875
2018-10-31,djia,25115.759765625
2018-11-30,djia,25538.4609375
2018-12-31,djia,23327.4609375
2019-01-31,djia,24999.669921875
2019-02-28,djia,25916.0
2019-03-31,djia,25928.6796875
2019-04-30,djia,26592.91015625
2019-05-31,djia,24815.0390625
2019-06-30,djia,26599.9609375
2019-07-31,djia,26864.26953125
2019-08-31,djia,26403.279296875
2019-09-30,djia,26916.830078125
2019-10-31,djia,27046.23046875
2019-11-30,djia,28051.41015625
2019-12-31,djia,28538.439453125
2020-01-31,djia,28256.029296875
2020-02-29,djia,25409.359375
2020-03-31,djia,21917.16015625
2020-04-30,djia,24345.720703125
2020-05-31,djia,25383.109375
2020-06-30,djia,25812.880859375
2020-07-31,djia,26428.3203125
2020-08-31,djia,28430.05078125
2020-09-30,djia,27781.69921875
2020-10-31,djia,26501.599609375
2020-11-30,djia,29638.640625
2020-12-31,djia,30606.48046875
2021-01-31,djia,29982.619140625
2021-02-28,djia,30932.369140625
2021-03-31,djia,32981.55078125
2021-04-30,djia,33874.8515625
2021-05-31,djia,34529.44921875
2021-06-30,djia,34502.51171875
2021-07-31,djia,34935.46875
2021-08-31,djia,35360.73046875
2021-09-30,djia,33843.921875
2021-10-31,djia,35819.55859375
2021-11-30,djia,34483.71875
2021-12-31,djia,36338.30078125
2022-01-31,djia,35131.859375
2022-02-28,djia,33892.6015625
2022-03-31,djia,34678.3515625
2022-04-30,djia,32977.2109375
2022-05-31,djia,32990.12109375
2022-06-30,djia,30775.4296875
2022-07-31,djia,32845.12890625
2022-08-31,djia,31510.4296875
2022-09-30,djia,28725.509765625
2022-10-31,djia,32732.94921875
2022-11-30,djia,34589.76953125
2022-12-31,djia,33147.25
2023-01-31,djia,34086.0390625
2023-02-28,djia,32656.69921875
2023-03-31,djia,33274.1484375
2023-04-30,djia,34098.16015625
2023-05-31,djia,32908.26953125
2023-06-30,djia,34407.6015625
2023-07-31,djia,35559.53125
2023-08-31,djia,34721.91015625
2023-09-30,djia,33507.5
2023-10-31,djia,33052.87109375
2023-11-30,djia,35950.890625
2023-12-31,djia,37689.5390625
2024-01-31,djia,38150.30078125
2024-02-29,djia,38996.390625
2024-03-31,djia,39807.37109375
2024-04-30,djia,37815.921875
2024-05-31,djia,38686.3203125
2024-06-30,djia,39118.859375
2024-07-31,djia,40842.7890625
2024-08-31,djia,41563.078125
2024-09-30,djia,42330.1484375
2024-10-31,djia,41763.4609375
2024-11-30,djia,44910.6484375
2024-12-31,djia,42544.21875
2025-01-31,djia,44544.66015625
2025-02-28,djia,43840.91015625
2025-03-31,djia,42001.76171875
2025-04-30,djia,40669.359375
2025-05-31,djia,42270.0703125
2025-06-30,djia,44094.76953125
2025-07-31,djia,44130.98046875
2025-08-31,djia,45544.87890625
2025-09-30,djia,46397.890625
2025-10-31,djia,47562.87109375
2025-11-30,djia,47716.421875
2025-12-31,djia,48063.2890625
2026-01-31,djia,48892.46875
2026-02-28,djia,48977.921875
2026-03-31,djia,46341.51171875
2026-04-30,djia,49652.140625
2026-05-31,djia,51032.4609375
2007-03-31,eurostoxx50,4181.02978515625
2007-04-30,eurostoxx50,4392.33984375
2007-05-31,eurostoxx50,4512.64990234375
2007-06-30,eurostoxx50,4489.77001953125
2007-07-31,eurostoxx50,4315.68994140625
2007-08-31,eurostoxx50,4294.56005859375
2007-09-30,eurostoxx50,4381.7099609375
2007-10-31,eurostoxx50,4489.7900390625
2007-11-30,eurostoxx50,4394.9501953125
2007-12-31,eurostoxx50,4399.72021484375
2008-01-31,eurostoxx50,3792.800048828125
2008-02-29,eurostoxx50,3724.5
2008-03-31,eurostoxx50,3628.06005859375
2008-04-30,eurostoxx50,3825.02001953125
2008-05-31,eurostoxx50,3777.85009765625
2008-06-30,eurostoxx50,3352.81005859375
2008-07-31,eurostoxx50,3367.820068359375
2008-08-31,eurostoxx50,3365.6298828125
2008-09-30,eurostoxx50,3038.199951171875
2008-10-31,eurostoxx50,2591.760009765625
2008-11-30,eurostoxx50,2430.31005859375
2008-12-31,eurostoxx50,2451.47998046875
2009-01-31,eurostoxx50,2236.97998046875
2009-02-28,eurostoxx50,1976.22998046875
2009-03-31,eurostoxx50,2071.1298828125
2009-04-30,eurostoxx50,2375.340087890625
2009-05-31,eurostoxx50,2451.239990234375
2009-06-30,eurostoxx50,2401.68994140625
2009-07-31,eurostoxx50,2638.1298828125
2009-08-31,eurostoxx50,2770.110107421875
2009-09-30,eurostoxx50,2872.6298828125
2009-10-31,eurostoxx50,2743.5
2009-11-30,eurostoxx50,2797.25
2009-12-31,eurostoxx50,2966.239990234375
2010-01-31,eurostoxx50,2776.830078125
2010-02-28,eurostoxx50,2728.469970703125
2010-03-31,eurostoxx50,2931.159912109375
2010-04-30,eurostoxx50,2816.860107421875
2010-05-31,eurostoxx50,2610.260009765625
2010-06-30,eurostoxx50,2573.320068359375
2010-07-31,eurostoxx50,2742.139892578125
2010-08-31,eurostoxx50,2622.949951171875
2010-09-30,eurostoxx50,2747.89990234375
2010-10-31,eurostoxx50,2844.989990234375
2010-11-30,eurostoxx50,2650.989990234375
2010-12-31,eurostoxx50,2807.0400390625
2011-01-31,eurostoxx50,2953.6298828125
2011-02-28,eurostoxx50,3013.090087890625
2011-03-31,eurostoxx50,2910.909912109375
2011-04-30,eurostoxx50,3011.25
2011-05-31,eurostoxx50,2819.39990234375
2011-06-30,eurostoxx50,2848.530029296875
2011-07-31,eurostoxx50,2670.3701171875
2011-08-31,eurostoxx50,2302.080078125
2011-09-30,eurostoxx50,2179.659912109375
2011-10-31,eurostoxx50,2385.219970703125
2011-11-30,eurostoxx50,2330.429931640625
2011-12-31,eurostoxx50,2316.550048828125
2012-01-31,eurostoxx50,2416.659912109375
2012-02-29,eurostoxx50,2512.110107421875
2012-03-31,eurostoxx50,2477.280029296875
2012-04-30,eurostoxx50,2306.429931640625
2012-05-31,eurostoxx50,2118.93994140625
2012-06-30,eurostoxx50,2264.719970703125
2012-07-31,eurostoxx50,2325.719970703125
2012-08-31,eurostoxx50,2440.7099609375
2012-09-30,eurostoxx50,2454.260009765625
2012-10-31,eurostoxx50,2503.639892578125
2012-11-30,eurostoxx50,2575.25
2012-12-31,eurostoxx50,2626.85009765625
2013-01-31,eurostoxx50,2702.97998046875
2013-02-28,eurostoxx50,2633.550048828125
2013-03-31,eurostoxx50,2624.02001953125
2013-04-30,eurostoxx50,2712.0
2013-05-31,eurostoxx50,2769.639892578125
2013-06-30,eurostoxx50,2602.590087890625
2013-07-31,eurostoxx50,2768.14990234375
2013-08-31,eurostoxx50,2721.3701171875
2013-09-30,eurostoxx50,2893.14990234375
2013-10-31,eurostoxx50,3067.949951171875
2013-11-30,eurostoxx50,3086.639892578125
2013-12-31,eurostoxx50,3100.929931640625
2014-01-31,eurostoxx50,3013.9599609375
2014-02-28,eurostoxx50,3149.22998046875
2014-03-31,eurostoxx50,3161.60009765625
2014-04-30,eurostoxx50,3198.389892578125
2014-05-31,eurostoxx50,3244.60009765625
2014-06-30,eurostoxx50,3228.239990234375
2014-07-31,eurostoxx50,3115.510009765625
2014-08-31,eurostoxx50,3172.6298828125
2014-09-30,eurostoxx50,3225.929931640625
2014-10-31,eurostoxx50,3113.320068359375
2014-11-30,eurostoxx50,3250.929931640625
2014-12-31,eurostoxx50,3135.949951171875
2015-01-31,eurostoxx50,3351.43994140625
2015-02-28,eurostoxx50,3599.0
2015-03-31,eurostoxx50,3697.3798828125
2015-04-30,eurostoxx50,3615.590087890625
2015-05-31,eurostoxx50,3570.780029296875
2015-06-30,eurostoxx50,3424.300048828125
2015-07-31,eurostoxx50,3600.68994140625
2015-08-31,eurostoxx50,3269.6298828125
2015-09-30,eurostoxx50,3100.669921875
2015-10-31,eurostoxx50,3418.22998046875
2015-11-30,eurostoxx50,3506.449951171875
2015-12-31,eurostoxx50,3287.97998046875
2016-01-31,eurostoxx50,3045.090087890625
2016-02-29,eurostoxx50,2945.75
2016-03-31,eurostoxx50,3004.929931640625
2016-04-30,eurostoxx50,3028.2099609375
2016-05-31,eurostoxx50,3063.47998046875
2016-06-30,eurostoxx50,2864.739990234375
2016-07-31,eurostoxx50,2990.760009765625
2016-08-31,eurostoxx50,3023.1298828125
2016-09-30,eurostoxx50,3002.239990234375
2016-10-31,eurostoxx50,3055.25
2016-11-30,eurostoxx50,3051.610107421875
2016-12-31,eurostoxx50,3290.52001953125
2017-01-31,eurostoxx50,3230.679931640625
2017-02-28,eurostoxx50,3319.610107421875
2017-03-31,eurostoxx50,3500.929931640625
2017-04-30,eurostoxx50,3559.590087890625
2017-05-31,eurostoxx50,3554.590087890625
2017-06-30,eurostoxx50,3441.8798828125
2017-07-31,eurostoxx50,3449.360107421875
2017-08-31,eurostoxx50,3421.469970703125
2017-09-30,eurostoxx50,3594.85009765625
2017-10-31,eurostoxx50,3673.949951171875
2017-11-30,eurostoxx50,3569.929931640625
2017-12-31,eurostoxx50,3503.9599609375
2018-01-31,eurostoxx50,3609.2900390625
2018-02-28,eurostoxx50,3438.9599609375
2018-03-31,eurostoxx50,3361.5
2018-04-30,eurostoxx50,3536.52001953125
2018-05-31,eurostoxx50,3406.64990234375
2018-06-30,eurostoxx50,3395.60009765625
2018-07-31,eurostoxx50,3525.489990234375
2018-08-31,eurostoxx50,3392.89990234375
2018-09-30,eurostoxx50,3399.199951171875
2018-10-31,eurostoxx50,3197.510009765625
2018-11-30,eurostoxx50,3173.1298828125
2018-12-31,eurostoxx50,2986.530029296875
2019-01-31,eurostoxx50,3159.429931640625
2019-02-28,eurostoxx50,3298.260009765625
2019-03-31,eurostoxx50,3351.7099609375
2019-04-30,eurostoxx50,3514.6201171875
2019-05-31,eurostoxx50,3280.429931640625
2019-06-30,eurostoxx50,3473.68994140625
2019-07-31,eurostoxx50,3466.85009765625
2019-08-31,eurostoxx50,3426.760009765625
2019-09-30,eurostoxx50,3569.449951171875
2019-10-31,eurostoxx50,3604.409912109375
2019-11-30,eurostoxx50,3703.580078125
2019-12-31,eurostoxx50,3748.469970703125
2020-01-31,eurostoxx50,3640.909912109375
2020-02-29,eurostoxx50,3329.489990234375
2020-03-31,eurostoxx50,2786.89990234375
2020-04-30,eurostoxx50,2927.929931640625
2020-05-31,eurostoxx50,3050.199951171875
2020-06-30,eurostoxx50,3234.070068359375
2020-07-31,eurostoxx50,3174.320068359375
2020-08-31,eurostoxx50,3272.510009765625
2020-09-30,eurostoxx50,3193.610107421875
2020-10-31,eurostoxx50,2958.2099609375
2020-11-30,eurostoxx50,3492.5400390625
2020-12-31,eurostoxx50,3571.590087890625
2021-01-31,eurostoxx50,3481.43994140625
2021-02-28,eurostoxx50,3636.43994140625
2021-03-31,eurostoxx50,3919.2099609375
2021-04-30,eurostoxx50,3974.739990234375
2021-05-31,eurostoxx50,4039.4599609375
2021-06-30,eurostoxx50,4064.300048828125
2021-07-31,eurostoxx50,4089.300048828125
2021-08-31,eurostoxx50,4196.41015625
2021-09-30,eurostoxx50,4048.080078125
2021-10-31,eurostoxx50,4250.56005859375
2021-11-30,eurostoxx50,4063.06005859375
2021-12-31,eurostoxx50,4306.06982421875
2022-01-31,eurostoxx50,4174.60009765625
2022-02-28,eurostoxx50,3924.22998046875
2022-03-31,eurostoxx50,3902.52001953125
2022-04-30,eurostoxx50,3802.860107421875
2022-05-31,eurostoxx50,3789.2099609375
2022-06-30,eurostoxx50,3454.860107421875
2022-07-31,eurostoxx50,3708.10009765625
2022-08-31,eurostoxx50,3517.25
2022-09-30,eurostoxx50,3318.199951171875
2022-10-31,eurostoxx50,3617.5400390625
2022-11-30,eurostoxx50,3964.719970703125
2022-12-31,eurostoxx50,3793.6201171875
2023-01-31,eurostoxx50,4163.4501953125
2023-02-28,eurostoxx50,4238.3798828125
2023-03-31,eurostoxx50,4315.0498046875
2023-04-30,eurostoxx50,4359.31005859375
2023-05-31,eurostoxx50,4218.0400390625
2023-06-30,eurostoxx50,4399.08984375
2023-07-31,eurostoxx50,4471.31005859375
2023-08-31,eurostoxx50,4297.10986328125
2023-09-30,eurostoxx50,4174.66015625
2023-10-31,eurostoxx50,4061.1201171875
2023-11-30,eurostoxx50,4382.47021484375
2023-12-31,eurostoxx50,4521.64990234375
2024-01-31,eurostoxx50,4648.39990234375
2024-02-29,eurostoxx50,4877.77001953125
2024-03-31,eurostoxx50,5083.419921875
2024-04-30,eurostoxx50,4921.22021484375
2024-05-31,eurostoxx50,4983.669921875
2024-06-30,eurostoxx50,4894.02001953125
2024-07-31,eurostoxx50,4872.93994140625
2024-08-31,eurostoxx50,4957.97998046875
2024-09-30,eurostoxx50,5000.4501953125
2024-10-31,eurostoxx50,4827.6298828125
2024-11-30,eurostoxx50,4804.39990234375
2024-12-31,eurostoxx50,4869.27978515625
2025-01-31,eurostoxx50,5286.8701171875
2025-02-28,eurostoxx50,5463.5400390625
2025-03-31,eurostoxx50,5248.39013671875
2025-04-30,eurostoxx50,5160.22021484375
2025-05-31,eurostoxx50,5366.58984375
2025-06-30,eurostoxx50,5303.240234375
2025-07-31,eurostoxx50,5319.919921875
2025-08-31,eurostoxx50,5351.72998046875
2025-09-30,eurostoxx50,5529.9599609375
2025-10-31,eurostoxx50,5662.0400390625
2025-11-30,eurostoxx50,5668.169921875
2025-12-31,eurostoxx50,5796.22021484375
2026-01-31,eurostoxx50,5947.81005859375
2026-02-28,eurostoxx50,6138.41015625
2026-03-31,eurostoxx50,5569.72998046875
2026-04-30,eurostoxx50,5881.509765625
2026-05-31,eurostoxx50,6042.31982421875
1985-12-31,ftmc,1412.5999755859375
1986-01-31,ftmc,1449.5
1986-02-28,ftmc,1575.0999755859375
1986-03-31,ftmc,1695.800048828125
1986-04-30,ftmc,1755.199951171875
1986-05-31,ftmc,1696.5
1986-06-30,ftmc,1771.0
1986-07-31,ftmc,1690.199951171875
1986-08-31,ftmc,1763.0999755859375
1986-09-30,ftmc,1665.5
1986-10-31,ftmc,1751.9000244140625
1986-11-30,ftmc,1798.0
1986-12-31,ftmc,1817.9000244140625
1987-01-31,ftmc,1990.5999755859373
1987-02-28,ftmc,2126.39990234375
1987-03-31,ftmc,2190.199951171875
1987-04-30,ftmc,2219.89990234375
1987-05-31,ftmc,2357.199951171875
1987-06-30,ftmc,2556.199951171875
1987-07-31,ftmc,2710.10009765625
1987-08-31,ftmc,2585.800048828125
1987-09-30,ftmc,2753.699951171875
1987-10-31,ftmc,1964.199951171875
1987-11-30,ftmc,1754.0
1987-12-31,ftmc,1974.0
1988-01-31,ftmc,2103.89990234375
1988-02-29,ftmc,2100.10009765625
1988-03-31,ftmc,2075.300048828125
1988-04-30,ftmc,2156.10009765625
1988-05-31,ftmc,2164.699951171875
1988-06-30,ftmc,2266.199951171875
1988-07-31,ftmc,2291.5
1988-08-31,ftmc,2147.89990234375
1988-09-30,ftmc,2227.10009765625
1988-10-31,ftmc,2303.10009765625
1988-11-30,ftmc,2220.800048828125
1988-12-31,ftmc,2176.10009765625
1989-01-31,ftmc,2461.699951171875
1989-02-28,ftmc,2491.699951171875
1989-03-31,ftmc,2545.5
1989-04-30,ftmc,2526.699951171875
1989-05-31,ftmc,2555.5
1989-06-30,ftmc,2533.10009765625
1989-07-31,ftmc,2701.89990234375
1989-08-31,ftmc,2723.39990234375
1989-09-30,ftmc,2679.300048828125
1989-10-31,ftmc,2438.39990234375
1989-11-30,ftmc,2528.699951171875
1989-12-31,ftmc,2645.800048828125
1990-01-31,ftmc,2578.60009765625
1990-02-28,ftmc,2451.89990234375
1990-03-31,ftmc,2425.39990234375
1990-04-30,ftmc,2276.199951171875
1990-05-31,ftmc,2474.5
1990-06-30,ftmc,2524.800048828125
1990-07-31,ftmc,2465.39990234375
1990-08-31,ftmc,2174.89990234375
1990-09-30,ftmc,1960.4000244140625
1990-10-31,ftmc,2052.199951171875
1990-11-30,ftmc,2092.800048828125
1990-12-31,ftmc,2112.89990234375
1991-01-31,ftmc,2082.0
1991-02-28,ftmc,2383.699951171875
1991-03-31,ftmc,2492.89990234375
1991-04-30,ftmc,2483.699951171875
1991-05-31,ftmc,2441.5
1991-06-30,ftmc,2359.699951171875
1991-07-31,ftmc,2482.699951171875
1991-08-31,ftmc,2584.0
1991-09-30,ftmc,2608.60009765625
1991-10-31,ftmc,2543.5
1991-11-30,ftmc,2388.60009765625
1991-12-31,ftmc,2364.60009765625
1992-01-31,ftmc,2476.39990234375
1992-02-29,ftmc,2523.5
1992-03-31,ftmc,2408.199951171875
1992-04-30,ftmc,2712.39990234375
1992-05-31,ftmc,2779.199951171875
1992-06-30,ftmc,2548.699951171875
1992-07-31,ftmc,2302.300048828125
1992-08-31,ftmc,2192.5
1992-09-30,ftmc,2397.39990234375
1992-10-31,ftmc,2521.60009765625
1992-11-30,ftmc,2637.5
1992-12-31,ftmc,2862.89990234375
1993-01-31,ftmc,2954.800048828125
1993-02-28,ftmc,3036.10009765625
1993-03-31,ftmc,3107.800048828125
1993-04-30,ftmc,3132.10009765625
1993-05-31,ftmc,3165.39990234375
1993-06-30,ftmc,3235.699951171875
1993-07-31,ftmc,3306.5
1993-08-31,ftmc,3511.89990234375
1993-09-30,ftmc,3433.199951171875
1993-10-31,ftmc,3528.10009765625
1993-11-30,ftmc,3484.89990234375
1993-12-31,ftmc,3791.300048828125
1994-01-31,ftmc,4084.300048828125
1994-02-28,ftmc,3960.0
1994-03-31,ftmc,3752.89990234375
1994-04-30,ftmc,3781.10009765625
1994-05-31,ftmc,3564.300048828125
1994-06-30,ftmc,3414.10009765625
1994-07-31,ftmc,3640.199951171875
1994-08-31,ftmc,3816.60009765625
1994-09-30,ftmc,3494.800048828125
1994-10-31,ftmc,3516.89990234375
1994-11-30,ftmc,3497.300048828125
1994-12-31,ftmc,3501.800048828125
1995-01-31,ftmc,3370.39990234375
1995-02-28,ftmc,3384.10009765625
1995-03-31,ftmc,3434.699951171875
1995-04-30,ftmc,3530.199951171875
1995-05-31,ftmc,3653.800048828125
1995-06-30,ftmc,3592.60009765625
1995-07-31,ftmc,3826.0
1995-08-31,ftmc,3913.39990234375
1995-09-30,ftmc,3948.800048828125
1995-10-31,ftmc,3894.300048828125
1995-11-30,ftmc,3959.10009765625
1995-12-31,ftmc,4021.300048828125
1996-01-31,ftmc,4125.0
1996-02-29,ftmc,4215.0
1996-03-31,ftmc,4326.7001953125
1996-04-30,ftmc,4551.7998046875
1996-05-31,ftmc,4510.0
1996-06-30,ftmc,4353.2001953125
1996-07-31,ftmc,4230.60009765625
1996-08-31,ftmc,4416.2001953125
1996-09-30,ftmc,4391.10009765625
1996-10-31,ftmc,4422.5
1996-11-30,ftmc,4428.5
1996-12-31,ftmc,4490.39990234375
1997-01-31,ftmc,4595.39990234375
1997-02-28,ftmc,4654.39990234375
1997-03-31,ftmc,4576.2001953125
1997-04-30,ftmc,4498.7001953125
1997-05-31,ftmc,4495.7998046875
1997-06-30,ftmc,4431.2998046875
1997-07-31,ftmc,4492.0
1997-08-31,ftmc,4603.39990234375
1997-09-30,ftmc,4829.89990234375
1997-10-31,ftmc,4643.2001953125
1997-11-30,ftmc,4656.7001953125
1997-12-31,ftmc,4787.60009765625
1998-01-31,ftmc,4861.5
1998-02-28,ftmc,5201.0
1998-03-31,ftmc,5525.39990234375
1998-04-30,ftmc,5610.7998046875
1998-05-31,ftmc,5901.39990234375
1998-06-30,ftmc,5503.7998046875
1998-07-31,ftmc,5482.7001953125
1998-08-31,ftmc,4786.2001953125
1998-09-30,ftmc,4544.2001953125
1998-10-31,ftmc,4811.39990234375
1998-11-30,ftmc,4901.7001953125
1998-12-31,ftmc,4854.7001953125
1999-01-31,ftmc,5024.2001953125
1999-02-28,ftmc,5248.2998046875
1999-03-31,ftmc,5475.2001953125
1999-04-30,ftmc,5849.60009765625
1999-05-31,ftmc,5639.10009765625
1999-06-30,ftmc,5858.2001953125
1999-07-31,ftmc,5969.5
1999-08-31,ftmc,6017.89990234375
1999-09-30,ftmc,5687.10009765625
1999-10-31,ftmc,5622.2998046875
1999-11-30,ftmc,6194.7998046875
1999-12-31,ftmc,6444.89990234375
2000-01-31,ftmc,6181.0
2000-02-29,ftmc,6451.2001953125
2000-03-31,ftmc,6475.10009765625
2000-04-30,ftmc,6194.60009765625
2000-05-31,ftmc,6227.7998046875
2000-06-30,ftmc,6601.0
2000-07-31,ftmc,6779.10009765625
2000-08-31,ftmc,7057.7998046875
2000-09-30,ftmc,6676.89990234375
2000-10-31,ftmc,6629.2998046875
2000-11-30,ftmc,6419.89990234375
2000-12-31,ftmc,6547.5
2001-01-31,ftmc,6735.89990234375
2001-02-28,ftmc,6649.5
2001-03-31,ftmc,6094.7001953125
2001-04-30,ftmc,6409.2001953125
2001-05-31,ftmc,6571.10009765625
2001-06-30,ftmc,6298.89990234375
2001-07-31,ftmc,6082.2001953125
2001-08-31,ftmc,6116.2998046875
2001-09-30,ftmc,5118.60009765625
2001-10-31,ftmc,5364.7998046875
2001-11-30,ftmc,5849.5
2001-12-31,ftmc,5939.10009765625
2002-01-31,ftmc,5849.2001953125
2002-02-28,ftmc,5834.0
2002-03-31,ftmc,6175.5
2002-04-30,ftmc,6123.7001953125
2002-05-31,ftmc,6049.0
2002-06-30,ftmc,5496.60009765625
2002-07-31,ftmc,4783.60009765625
2002-08-31,ftmc,4858.7998046875
2002-09-30,ftmc,4287.10009765625
2002-10-31,ftmc,4417.7001953125
2002-11-30,ftmc,4558.2001953125
2002-12-31,ftmc,4319.2998046875
2003-01-31,ftmc,4016.39990234375
2003-02-28,ftmc,4037.60009765625
2003-03-31,ftmc,3959.800048828125
2003-04-30,ftmc,4389.2998046875
2003-05-31,ftmc,4815.60009765625
2003-06-30,ftmc,4963.39990234375
2003-07-31,ftmc,5325.60009765625
2003-08-31,ftmc,5593.2001953125
2003-09-30,ftmc,5457.7998046875
2003-10-31,ftmc,5724.39990234375
2003-11-30,ftmc,5712.60009765625
2003-12-31,ftmc,5802.2998046875
2004-01-31,ftmc,6023.89990234375
2004-02-29,ftmc,6269.89990234375
2004-03-31,ftmc,6259.39990234375
2004-04-30,ftmc,6210.7001953125
2004-05-31,ftmc,6053.60009765625
2004-06-30,ftmc,6277.89990234375
2004-07-31,ftmc,6023.5
2004-08-31,ftmc,6087.2998046875
2004-09-30,ftmc,6269.10009765625
2004-10-31,ftmc,6321.7998046875
2004-11-30,ftmc,6577.39990234375
2004-12-31,ftmc,6936.7998046875
2005-01-31,ftmc,7166.2001953125
2005-02-28,ftmc,7254.0
2005-03-31,ftmc,7130.5
2005-04-30,ftmc,6728.89990234375
2005-05-31,ftmc,7114.2998046875
2005-06-30,ftmc,7368.7001953125
2005-07-31,ftmc,7605.10009765625
2005-08-31,ftmc,7749.2001953125
2005-09-30,ftmc,7951.10009765625
2005-10-31,ftmc,7711.10009765625
2005-11-30,ftmc,8327.900390625
2005-12-31,ftmc,8794.2998046875
2006-01-31,ftmc,9172.599609375
2006-02-28,ftmc,9448.2998046875
2006-03-31,ftmc,9850.2998046875
2006-04-30,ftmc,9878.7001953125
2006-05-31,ftmc,9298.2001953125
2006-06-30,ftmc,9422.7001953125
2006-07-31,ftmc,9355.599609375
2006-08-31,ftmc,9601.2001953125
2006-09-30,ftmc,9996.7998046875
2006-10-31,ftmc,10372.2001953125
2006-11-30,ftmc,10673.900390625
2006-12-31,ftmc,11177.7998046875
2007-01-31,ftmc,11100.2998046875
2007-02-28,ftmc,11082.900390625
2007-03-31,ftmc,11689.2998046875
2007-04-30,ftmc,11929.400390625
2007-05-31,ftmc,12111.099609375
2007-06-30,ftmc,11527.599609375
2007-07-31,ftmc,11337.5
2007-08-31,ftmc,11309.2001953125
2007-09-30,ftmc,11037.400390625
2007-10-31,ftmc,11666.0
2007-11-30,ftmc,10748.7998046875
2007-12-31,ftmc,10657.7998046875
2008-01-31,ftmc,9881.7998046875
2008-02-29,ftmc,10067.900390625
2008-03-31,ftmc,10013.2001953125
2008-04-30,ftmc,10122.2998046875
2008-05-31,ftmc,10049.2998046875
2008-06-30,ftmc,9145.7998046875
2008-07-31,ftmc,8856.7001953125
2008-08-31,ftmc,9381.7998046875
2008-09-30,ftmc,7888.2001953125
2008-10-31,ftmc,6282.60009765625
2008-11-30,ftmc,6093.2998046875
2008-12-31,ftmc,6360.89990234375
2009-01-31,ftmc,6250.7998046875
2009-02-28,ftmc,6049.10009765625
2009-03-31,ftmc,6373.89990234375
2009-04-30,ftmc,7529.0
2009-05-31,ftmc,7572.0
2009-06-30,ftmc,7414.60009765625
2009-07-31,ftmc,8000.0
2009-08-31,ftmc,8817.5
2009-09-30,ftmc,9142.2998046875
2009-10-31,ftmc,8885.7998046875
2009-11-30,ftmc,8918.400390625
2009-12-31,ftmc,9306.900390625
2010-01-31,ftmc,9237.2998046875
2010-02-28,ftmc,9344.400390625
2010-03-31,ftmc,10165.2998046875
2010-04-30,ftmc,10366.0
2010-05-31,ftmc,9637.099609375
2010-06-30,ftmc,9366.099609375
2010-07-31,ftmc,9948.7001953125
2010-08-31,ftmc,9825.099609375
2010-09-30,ftmc,10531.7998046875
2010-10-31,ftmc,10843.5
2010-11-30,ftmc,10607.7998046875
2010-12-31,ftmc,11558.7998046875
2011-01-31,ftmc,11471.5
2011-02-28,ftmc,11621.2998046875
2011-03-31,ftmc,11592.0
2011-04-30,ftmc,12013.900390625
2011-05-31,ftmc,12060.7998046875
2011-06-30,ftmc,11934.0
2011-07-31,ftmc,11552.099609375
2011-08-31,ftmc,10525.900390625
2011-09-30,ftmc,9819.400390625
2011-10-31,ftmc,10479.7001953125
2011-11-30,ftmc,10315.2998046875
2011-12-31,ftmc,10102.900390625
2012-01-31,ftmc,10769.400390625
2012-02-29,ftmc,11449.5
2012-03-31,ftmc,11538.900390625
2012-04-30,ftmc,11417.599609375
2012-05-31,ftmc,10558.2001953125
2012-06-30,ftmc,10932.099609375
2012-07-31,ftmc,11136.7001953125
2012-08-31,ftmc,11410.2001953125
2012-09-30,ftmc,11734.099609375
2012-10-31,ftmc,11935.0
2012-11-30,ftmc,12034.2001953125
2012-12-31,ftmc,12375.0
2013-01-31,ftmc,13030.5
2013-02-28,ftmc,13704.0
2013-03-31,ftmc,13923.0
2013-04-30,ftmc,13949.900390625
2013-05-31,ftmc,14350.900390625
2013-06-30,ftmc,13798.2001953125
2013-07-31,ftmc,14872.900390625
2013-08-31,ftmc,14625.2001953125
2013-09-30,ftmc,14908.2001953125
2013-10-31,ftmc,15480.0
2013-11-30,ftmc,15466.599609375
2013-12-31,ftmc,15935.400390625
2014-01-31,ftmc,15674.400390625
2014-02-28,ftmc,16726.0
2014-03-31,ftmc,16273.7001953125
2014-04-30,ftmc,15817.2001953125
2014-05-31,ftmc,16010.2998046875
2014-06-30,ftmc,15723.599609375
2014-07-31,ftmc,15495.599609375
2014-08-31,ftmc,15885.7001953125
2014-09-30,ftmc,15379.7001953125
2014-10-31,ftmc,15501.400390625
2014-11-30,ftmc,15851.7998046875
2014-12-31,ftmc,16085.400390625
2015-01-31,ftmc,16305.7998046875
2015-02-28,ftmc,17273.80078125
2015-03-31,ftmc,17090.599609375
2015-04-30,ftmc,17474.599609375
2015-05-31,ftmc,18154.400390625
2015-06-30,ftmc,17531.5
2015-07-31,ftmc,17677.400390625
2015-08-31,ftmc,17106.400390625
2015-09-30,ftmc,16683.0
2015-10-31,ftmc,17117.19921875
2015-11-30,ftmc,17420.69921875
2015-12-31,ftmc,17429.80078125
2016-01-31,ftmc,16487.69921875
2016-02-29,ftmc,16603.099609375
2016-03-31,ftmc,16926.099609375
2016-04-30,ftmc,16801.599609375
2016-05-31,ftmc,17184.69921875
2016-06-30,ftmc,16271.099609375
2016-07-31,ftmc,17282.900390625
2016-08-31,ftmc,17732.80078125
2016-09-30,ftmc,17871.400390625
2016-10-31,ftmc,17544.19921875
2016-11-30,ftmc,17545.80078125
2016-12-31,ftmc,18077.30078125
2017-01-31,ftmc,18147.80078125
2017-02-28,ftmc,18770.69921875
2017-03-31,ftmc,18971.80078125
2017-04-30,ftmc,19615.400390625
2017-05-31,ftmc,19972.19921875
2017-06-30,ftmc,19340.19921875
2017-07-31,ftmc,19781.099609375
2017-08-31,ftmc,19803.599609375
2017-09-30,ftmc,19874.80078125
2017-10-31,ftmc,20227.900390625
2017-11-30,ftmc,19952.900390625
2017-12-31,ftmc,20726.30078125
2018-01-31,ftmc,20243.599609375
2018-02-28,ftmc,19687.30078125
2018-03-31,ftmc,19460.5
2018-04-30,ftmc,20285.099609375
2018-05-31,ftmc,20846.30078125
2018-06-30,ftmc,20831.0
2018-07-31,ftmc,20877.900390625
2018-08-31,ftmc,20689.0
2018-09-30,ftmc,20307.0
2018-10-31,ftmc,18917.69921875
2018-11-30,ftmc,18480.80078125
2018-12-31,ftmc,17502.099609375
2019-01-31,ftmc,18711.80078125
2019-02-28,ftmc,19181.400390625
2019-03-31,ftmc,19117.5
2019-04-30,ftmc,19824.80078125
2019-05-31,ftmc,18970.30078125
2019-06-30,ftmc,19462.099609375
2019-07-31,ftmc,19666.5
2019-08-31,ftmc,19393.599609375
2019-09-30,ftmc,19936.69921875
2019-10-31,ftmc,20021.5
2019-11-30,ftmc,20812.599609375
2019-12-31,ftmc,21883.400390625
2020-01-31,ftmc,21143.5
2020-02-29,ftmc,19330.900390625
2020-03-31,ftmc,15101.099609375
2020-04-30,ftmc,16454.5
2020-05-31,ftmc,17043.0
2020-06-30,ftmc,17119.19921875
2020-07-31,ftmc,16932.69921875
2020-08-31,ftmc,17788.30078125
2020-09-30,ftmc,17315.30078125
2020-10-31,ftmc,17214.400390625
2020-11-30,ftmc,19336.30078125
2020-12-31,ftmc,20488.30078125
2021-01-31,ftmc,20228.599609375
2021-02-28,ftmc,20910.400390625
2021-03-31,ftmc,21518.69921875
2021-04-30,ftmc,22497.400390625
2021-05-31,ftmc,22684.0
2021-06-30,ftmc,22376.0
2021-07-31,ftmc,22948.80078125
2021-08-31,ftmc,24102.19921875
2021-09-30,ftmc,23031.30078125
2021-10-31,ftmc,23106.599609375
2021-11-30,ftmc,22519.69921875
2021-12-31,ftmc,23480.80078125
2022-01-31,ftmc,21926.599609375
2022-02-28,ftmc,21081.099609375
2022-03-31,ftmc,21160.099609375
2022-04-30,ftmc,20708.69921875
2022-05-31,ftmc,20418.0
2022-06-30,ftmc,18666.80078125
2022-07-31,ftmc,20164.900390625
2022-08-31,ftmc,19063.80078125
2022-09-30,ftmc,17168.30078125
2022-10-31,ftmc,17889.900390625
2022-11-30,ftmc,19163.30078125
2022-12-31,ftmc,18853.0
2023-01-31,ftmc,19853.5
2023-02-28,ftmc,19903.30078125
2023-03-31,ftmc,18928.30078125
2023-04-30,ftmc,19425.099609375
2023-05-31,ftmc,18722.900390625
2023-06-30,ftmc,18416.80078125
2023-07-31,ftmc,19143.80078125
2023-08-31,ftmc,18605.69921875
2023-09-30,ftmc,18279.400390625
2023-10-31,ftmc,17083.099609375
2023-11-30,ftmc,18233.5
2023-12-31,ftmc,19689.599609375
2024-01-31,ftmc,19358.0
2024-02-29,ftmc,19054.900390625
2024-03-31,ftmc,19884.69921875
2024-04-30,ftmc,19965.400390625
2024-05-31,ftmc,20730.099609375
2024-06-30,ftmc,20286.0
2024-07-31,ftmc,21600.69921875
2024-08-31,ftmc,21086.5
2024-09-30,ftmc,21053.19921875
2024-10-31,ftmc,20389.0
2024-11-30,ftmc,20771.599609375
2024-12-31,ftmc,20622.599609375
2025-01-31,ftmc,20950.5
2025-02-28,ftmc,20326.400390625
2025-03-31,ftmc,19475.5
2025-04-30,ftmc,19884.599609375
2025-05-31,ftmc,21028.0
2025-06-30,ftmc,21626.30078125
2025-07-31,ftmc,21962.80078125
2025-08-31,ftmc,21605.69921875
2025-09-30,ftmc,22015.599609375
2025-10-31,ftmc,22171.0
2025-11-30,ftmc,22165.19921875
2025-12-31,ftmc,22470.400390625
2026-01-31,ftmc,23253.400390625
2026-02-28,ftmc,23757.19921875
2026-03-31,ftmc,21203.69921875
2026-04-30,ftmc,22465.19921875
2026-05-31,ftmc,23425.80078125
1984-01-31,ftse100,1063.0
1984-02-29,ftse100,1040.300048828125
1984-03-31,ftse100,1112.5
1984-04-30,ftse100,1138.300048828125
1984-05-31,ftse100,1021.0
1984-06-30,ftse100,1041.4000244140625
1984-07-31,ftse100,1010.0999755859376
1984-08-31,ftse100,1103.9000244140625
1984-09-30,ftse100,1140.300048828125
1984-10-31,ftse100,1151.0
1984-11-30,ftse100,1181.300048828125
1984-12-31,ftse100,1232.199951171875
1985-01-31,ftse100,1280.800048828125
1985-02-28,ftse100,1259.699951171875
1985-03-31,ftse100,1277.0
1985-04-30,ftse100,1291.0
1985-05-31,ftse100,1313.0
1985-06-30,ftse100,1234.9000244140625
1985-07-31,ftse100,1261.699951171875
1985-08-31,ftse100,1340.800048828125
1985-09-30,ftse100,1290.0
1985-10-31,ftse100,1377.199951171875
1985-11-30,ftse100,1439.0999755859375
1985-12-31,ftse100,1412.5999755859375
1986-01-31,ftse100,1435.0
1986-02-28,ftse100,1543.9000244140625
1986-03-31,ftse100,1668.800048828125
1986-04-30,ftse100,1660.5
1986-05-31,ftse100,1602.800048828125
1986-06-30,ftse100,1649.800048828125
1986-07-31,ftse100,1558.0999755859375
1986-08-31,ftse100,1661.199951171875
1986-09-30,ftse100,1555.800048828125
1986-10-31,ftse100,1632.0999755859375
1986-11-30,ftse100,1636.699951171875
1986-12-31,ftse100,1679.0
1987-01-31,ftse100,1808.300048828125
1987-02-28,ftse100,1979.199951171875
1987-03-31,ftse100,1997.5999755859373
1987-04-30,ftse100,2050.5
1987-05-31,ftse100,2203.0
1987-06-30,ftse100,2284.10009765625
1987-07-31,ftse100,2360.89990234375
1987-08-31,ftse100,2249.699951171875
1987-09-30,ftse100,2366.0
1987-10-31,ftse100,1749.800048828125
1987-11-30,ftse100,1579.9000244140625
1987-12-31,ftse100,1713.9000244140625
1988-01-31,ftse100,1790.800048828125
1988-02-29,ftse100,1768.800048828125
1988-03-31,ftse100,1742.5
1988-04-30,ftse100,1802.199951171875
1988-05-31,ftse100,1784.5
1988-06-30,ftse100,1857.5999755859373
1988-07-31,ftse100,1853.5999755859373
1988-08-31,ftse100,1753.5999755859375
1988-09-30,ftse100,1826.5
1988-10-31,ftse100,1852.4000244140625
1988-11-30,ftse100,1792.4000244140625
1988-12-31,ftse100,1793.0999755859375
1989-01-31,ftse100,2051.800048828125
1989-02-28,ftse100,2002.4000244140625
1989-03-31,ftse100,2075.0
1989-04-30,ftse100,2118.0
1989-05-31,ftse100,2114.39990234375
1989-06-30,ftse100,2151.0
1989-07-31,ftse100,2297.0
1989-08-31,ftse100,2387.89990234375
1989-09-30,ftse100,2299.39990234375
1989-10-31,ftse100,2142.60009765625
1989-11-30,ftse100,2276.800048828125
1989-12-31,ftse100,2422.699951171875
1990-01-31,ftse100,2337.300048828125
1990-02-28,ftse100,2255.39990234375
1990-03-31,ftse100,2247.89990234375
1990-04-30,ftse100,2103.39990234375
1990-05-31,ftse100,2345.10009765625
1990-06-30,ftse100,2374.60009765625
1990-07-31,ftse100,2326.199951171875
1990-08-31,ftse100,2162.800048828125
1990-09-30,ftse100,1990.199951171875
1990-10-31,ftse100,2050.300048828125
1990-11-30,ftse100,2149.39990234375
1990-12-31,ftse100,2143.5
1991-01-31,ftse100,2170.300048828125
1991-02-28,ftse100,2380.89990234375
1991-03-31,ftse100,2456.5
1991-04-30,ftse100,2486.199951171875
1991-05-31,ftse100,2499.5
1991-06-30,ftse100,2414.800048828125
1991-07-31,ftse100,2588.800048828125
1991-08-31,ftse100,2645.699951171875
1991-09-30,ftse100,2621.699951171875
1991-10-31,ftse100,2566.0
1991-11-30,ftse100,2420.199951171875
1991-12-31,ftse100,2493.10009765625
1992-01-31,ftse100,2571.199951171875
1992-02-29,ftse100,2562.10009765625
1992-03-31,ftse100,2440.10009765625
1992-04-30,ftse100,2654.10009765625
1992-05-31,ftse100,2707.60009765625
1992-06-30,ftse100,2521.199951171875
1992-07-31,ftse100,2399.60009765625
1992-08-31,ftse100,2312.60009765625
1992-09-30,ftse100,2553.0
1992-10-31,ftse100,2658.300048828125
1992-11-30,ftse100,2778.800048828125
1992-12-31,ftse100,2846.5
1993-01-31,ftse100,2807.199951171875
1993-02-28,ftse100,2868.0
1993-03-31,ftse100,2878.699951171875
1993-04-30,ftse100,2813.10009765625
1993-05-31,ftse100,2840.699951171875
1993-06-30,ftse100,2900.0
1993-07-31,ftse100,2926.5
1993-08-31,ftse100,3100.0
1993-09-30,ftse100,3037.5
1993-10-31,ftse100,3171.0
1993-11-30,ftse100,3166.89990234375
1993-12-31,ftse100,3418.39990234375
1994-01-31,ftse100,3491.800048828125
1994-02-28,ftse100,3328.10009765625
1994-03-31,ftse100,3086.39990234375
1994-04-30,ftse100,3125.300048828125
1994-05-31,ftse100,2970.5
1994-06-30,ftse100,2919.199951171875
1994-07-31,ftse100,3082.60009765625
1994-08-31,ftse100,3251.300048828125
1994-09-30,ftse100,3026.300048828125
1994-10-31,ftse100,3097.39990234375
1994-11-30,ftse100,3081.39990234375
1994-12-31,ftse100,3065.5
1995-01-31,ftse100,2991.60009765625
1995-02-28,ftse100,3009.300048828125
1995-03-31,ftse100,3137.89990234375
1995-04-30,ftse100,3216.699951171875
1995-05-31,ftse100,3319.39990234375
1995-06-30,ftse100,3314.60009765625
1995-07-31,ftse100,3463.300048828125
1995-08-31,ftse100,3477.800048828125
1995-09-30,ftse100,3508.199951171875
1995-10-31,ftse100,3529.10009765625
1995-11-30,ftse100,3664.300048828125
1995-12-31,ftse100,3689.300048828125
1996-01-31,ftse100,3759.300048828125
1996-02-29,ftse100,3727.60009765625
1996-03-31,ftse100,3699.699951171875
1996-04-30,ftse100,3817.89990234375
1996-05-31,ftse100,3747.800048828125
1996-06-30,ftse100,3711.0
1996-07-31,ftse100,3703.199951171875
1996-08-31,ftse100,3867.60009765625
1996-09-30,ftse100,3953.699951171875
1996-10-31,ftse100,3979.10009765625
1996-11-30,ftse100,4058.0
1996-12-31,ftse100,4118.5
1997-01-31,ftse100,4275.7998046875
1997-02-28,ftse100,4308.2998046875
1997-03-31,ftse100,4312.89990234375
1997-04-30,ftse100,4436.0
1997-05-31,ftse100,4621.2998046875
1997-06-30,ftse100,4604.60009765625
1997-07-31,ftse100,4907.5
1997-08-31,ftse100,4817.5
1997-09-30,ftse100,5244.2001953125
1997-10-31,ftse100,4842.2998046875
1997-11-30,ftse100,4831.7998046875
1997-12-31,ftse100,5135.5
1998-01-31,ftse100,5458.5
1998-02-28,ftse100,5767.2998046875
1998-03-31,ftse100,5932.2001953125
1998-04-30,ftse100,5928.39990234375
1998-05-31,ftse100,5870.7001953125
1998-06-30,ftse100,5832.60009765625
1998-07-31,ftse100,5837.10009765625
1998-08-31,ftse100,5249.39990234375
1998-09-30,ftse100,5064.39990234375
1998-10-31,ftse100,5438.39990234375
1998-11-30,ftse100,5743.89990234375
1998-12-31,ftse100,5882.60009765625
1999-01-31,ftse100,5896.0
1999-02-28,ftse100,6175.10009765625
1999-03-31,ftse100,6295.2998046875
1999-04-30,ftse100,6552.2001953125
1999-05-31,ftse100,6226.2001953125
1999-06-30,ftse100,6318.5
1999-07-31,ftse100,6231.89990234375
1999-08-31,ftse100,6246.39990234375
1999-09-30,ftse100,6029.7998046875
1999-10-31,ftse100,6255.7001953125
1999-11-30,ftse100,6597.2001953125
1999-12-31,ftse100,6930.2001953125
2000-01-31,ftse100,6268.5
2000-02-29,ftse100,6232.60009765625
2000-03-31,ftse100,6540.2001953125
2000-04-30,ftse100,6327.39990234375
2000-05-31,ftse100,6359.39990234375
2000-06-30,ftse100,6312.7001953125
2000-07-31,ftse100,6365.2998046875
2000-08-31,ftse100,6672.7001953125
2000-09-30,ftse100,6294.2001953125
2000-10-31,ftse100,6438.39990234375
2000-11-30,ftse100,6142.2001953125
2000-12-31,ftse100,6222.5
2001-01-31,ftse100,6297.5
2001-02-28,ftse100,5917.89990234375
2001-03-31,ftse100,5633.7001953125
2001-04-30,ftse100,5967.0
2001-05-31,ftse100,5796.2001953125
2001-06-30,ftse100,5642.5
2001-07-31,ftse100,5529.10009765625
2001-08-31,ftse100,5345.0
2001-09-30,ftse100,4903.39990234375
2001-10-31,ftse100,5039.7001953125
2001-11-30,ftse100,5203.60009765625
2001-12-31,ftse100,5217.39990234375
2002-01-31,ftse100,5164.7998046875
2002-02-28,ftse100,5101.0
2002-03-31,ftse100,5271.7998046875
2002-04-30,ftse100,5165.60009765625
2002-05-31,ftse100,5085.10009765625
2002-06-30,ftse100,4656.39990234375
2002-07-31,ftse100,4246.2001953125
2002-08-31,ftse100,4227.2998046875
2002-09-30,ftse100,3721.800048828125
2002-10-31,ftse100,4039.699951171875
2002-11-30,ftse100,4169.39990234375
2002-12-31,ftse100,3940.39990234375
2003-01-31,ftse100,3567.39990234375
2003-02-28,ftse100,3655.60009765625
2003-03-31,ftse100,3613.300048828125
2003-04-30,ftse100,3926.0
2003-05-31,ftse100,4048.10009765625
2003-06-30,ftse100,4031.199951171875
2003-07-31,ftse100,4157.0
2003-08-31,ftse100,4161.10009765625
2003-09-30,ftse100,4091.300048828125
2003-10-31,ftse100,4287.60009765625
2003-11-30,ftse100,4342.60009765625
2003-12-31,ftse100,4476.89990234375
2004-01-31,ftse100,4390.7001953125
2004-02-29,ftse100,4492.2001953125
2004-03-31,ftse100,4385.7001953125
2004-04-30,ftse100,4489.7001953125
2004-05-31,ftse100,4430.7001953125
2004-06-30,ftse100,4464.10009765625
2004-07-31,ftse100,4413.10009765625
2004-08-31,ftse100,4459.2998046875
2004-09-30,ftse100,4570.7998046875
2004-10-31,ftse100,4624.2001953125
2004-11-30,ftse100,4703.2001953125
2004-12-31,ftse100,4814.2998046875
2005-01-31,ftse100,4852.2998046875
2005-02-28,ftse100,4968.5
2005-03-31,ftse100,4894.39990234375
2005-04-30,ftse100,4801.7001953125
2005-05-31,ftse100,4964.0
2005-06-30,ftse100,5113.2001953125
2005-07-31,ftse100,5282.2998046875
2005-08-31,ftse100,5296.89990234375
2005-09-30,ftse100,5477.7001953125
2005-10-31,ftse100,5317.2998046875
2005-11-30,ftse100,5423.2001953125
2005-12-31,ftse100,5618.7998046875
2006-01-31,ftse100,5760.2998046875
2006-02-28,ftse100,5791.5
2006-03-31,ftse100,5964.60009765625
2006-04-30,ftse100,6023.10009765625
2006-05-31,ftse100,5723.7998046875
2006-06-30,ftse100,5833.39990234375
2006-07-31,ftse100,5928.2998046875
2006-08-31,ftse100,5906.10009765625
2006-09-30,ftse100,5960.7998046875
2006-10-31,ftse100,6129.2001953125
2006-11-30,ftse100,6048.89990234375
2006-12-31,ftse100,6220.7998046875
2007-01-31,ftse100,6203.10009765625
2007-02-28,ftse100,6171.5
2007-03-31,ftse100,6308.0
2007-04-30,ftse100,6449.2001953125
2007-05-31,ftse100,6621.5
2007-06-30,ftse100,6607.89990234375
2007-07-31,ftse100,6360.10009765625
2007-08-31,ftse100,6303.2998046875
2007-09-30,ftse100,6466.7998046875
2007-10-31,ftse100,6721.60009765625
2007-11-30,ftse100,6432.5
2007-12-31,ftse100,6456.89990234375
2008-01-31,ftse100,5879.7998046875
2008-02-29,ftse100,5884.2998046875
2008-03-31,ftse100,5702.10009765625
2008-04-30,ftse100,6087.2998046875
2008-05-31,ftse100,6053.5
2008-06-30,ftse100,5625.89990234375
2008-07-31,ftse100,5411.89990234375
2008-08-31,ftse100,5636.60009765625
2008-09-30,ftse100,4902.5
2008-10-31,ftse100,4377.2998046875
2008-11-30,ftse100,4288.0
2008-12-31,ftse100,4434.2001953125
2009-01-31,ftse100,4149.60009765625
2009-02-28,ftse100,3830.10009765625
2009-03-31,ftse100,3926.10009765625
2009-04-30,ftse100,4243.7001953125
2009-05-31,ftse100,4417.89990234375
2009-06-30,ftse100,4249.2001953125
2009-07-31,ftse100,4608.39990234375
2009-08-31,ftse100,4908.89990234375
2009-09-30,ftse100,5133.89990234375
2009-10-31,ftse100,5044.60009765625
2009-11-30,ftse100,5190.7001953125
2009-12-31,ftse100,5412.89990234375
2010-01-31,ftse100,5188.5
2010-02-28,ftse100,5354.5
2010-03-31,ftse100,5679.60009765625
2010-04-30,ftse100,5553.2998046875
2010-05-31,ftse100,5188.39990234375
2010-06-30,ftse100,4916.89990234375
2010-07-31,ftse100,5258.0
2010-08-31,ftse100,5225.2001953125
2010-09-30,ftse100,5548.60009765625
2010-10-31,ftse100,5675.2001953125
2010-11-30,ftse100,5528.2998046875
2010-12-31,ftse100,5899.89990234375
2011-01-31,ftse100,5862.89990234375
2011-02-28,ftse100,5994.0
2011-03-31,ftse100,5908.7998046875
2011-04-30,ftse100,6069.89990234375
2011-05-31,ftse100,5990.0
2011-06-30,ftse100,5945.7001953125
2011-07-31,ftse100,5815.2001953125
2011-08-31,ftse100,5394.5
2011-09-30,ftse100,5128.5
2011-10-31,ftse100,5544.2001953125
2011-11-30,ftse100,5505.39990234375
2011-12-31,ftse100,5572.2998046875
2012-01-31,ftse100,5681.60009765625
2012-02-29,ftse100,5871.5
2012-03-31,ftse100,5768.5
2012-04-30,ftse100,5737.7998046875
2012-05-31,ftse100,5320.89990234375
2012-06-30,ftse100,5571.2001953125
2012-07-31,ftse100,5635.2998046875
2012-08-31,ftse100,5711.5
2012-09-30,ftse100,5742.10009765625
2012-10-31,ftse100,5782.7001953125
2012-11-30,ftse100,5866.7998046875
2012-12-31,ftse100,5897.7998046875
2013-01-31,ftse100,6276.89990234375
2013-02-28,ftse100,6360.7998046875
2013-03-31,ftse100,6411.7001953125
2013-04-30,ftse100,6430.10009765625
2013-05-31,ftse100,6583.10009765625
2013-06-30,ftse100,6215.5
2013-07-31,ftse100,6621.10009765625
2013-08-31,ftse100,6412.89990234375
2013-09-30,ftse100,6462.2001953125
2013-10-31,ftse100,6731.39990234375
2013-11-30,ftse100,6650.60009765625
2013-12-31,ftse100,6749.10009765625
2014-01-31,ftse100,6510.39990234375
2014-02-28,ftse100,6809.7001953125
2014-03-31,ftse100,6598.39990234375
2014-04-30,ftse100,6780.0
2014-05-31,ftse100,6844.5
2014-06-30,ftse100,6743.89990234375
2014-07-31,ftse100,6730.10009765625
2014-08-31,ftse100,6819.7998046875
2014-09-30,ftse100,6622.7001953125
2014-10-31,ftse100,6546.5
2014-11-30,ftse100,6722.60009765625
2014-12-31,ftse100,6566.10009765625
2015-01-31,ftse100,6749.39990234375
2015-02-28,ftse100,6946.7001953125
2015-03-31,ftse100,6773.0
2015-04-30,ftse100,6960.60009765625
2015-05-31,ftse100,6984.39990234375
2015-06-30,ftse100,6521.0
2015-07-31,ftse100,6696.2998046875
2015-08-31,ftse100,6247.89990234375
2015-09-30,ftse100,6061.60009765625
2015-10-31,ftse100,6361.10009765625
2015-11-30,ftse100,6356.10009765625
2015-12-31,ftse100,6242.2998046875
2016-01-31,ftse100,6083.7998046875
2016-02-29,ftse100,6097.10009765625
2016-03-31,ftse100,6174.89990234375
2016-04-30,ftse100,6241.89990234375
2016-05-31,ftse100,6230.7998046875
2016-06-30,ftse100,6504.2998046875
2016-07-31,ftse100,6724.39990234375
2016-08-31,ftse100,6781.5
2016-09-30,ftse100,6899.2998046875
2016-10-31,ftse100,6954.2001953125
2016-11-30,ftse100,6783.7998046875
2016-12-31,ftse100,7142.7998046875
2017-01-31,ftse100,7099.2001953125
2017-02-28,ftse100,7263.39990234375
2017-03-31,ftse100,7322.89990234375
2017-04-30,ftse100,7203.89990234375
2017-05-31,ftse100,7520.0
2017-06-30,ftse100,7312.7001953125
2017-07-31,ftse100,7372.0
2017-08-31,ftse100,7430.60009765625
2017-09-30,ftse100,7372.7998046875
2017-10-31,ftse100,7493.10009765625
2017-11-30,ftse100,7326.7001953125
2017-12-31,ftse100,7687.7998046875
2018-01-31,ftse100,7533.60009765625
2018-02-28,ftse100,7231.89990234375
2018-03-31,ftse100,7056.60009765625
2018-04-30,ftse100,7509.2998046875
2018-05-31,ftse100,7678.2001953125
2018-06-30,ftse100,7636.89990234375
2018-07-31,ftse100,7748.7998046875
2018-08-31,ftse100,7432.39990234375
2018-09-30,ftse100,7510.2001953125
2018-10-31,ftse100,7128.10009765625
2018-11-30,ftse100,6980.2001953125
2018-12-31,ftse100,6728.10009765625
2019-01-31,ftse100,6968.89990234375
2019-02-28,ftse100,7074.7001953125
2019-03-31,ftse100,7279.2001953125
2019-04-30,ftse100,7418.2001953125
2019-05-31,ftse100,7161.7001953125
2019-06-30,ftse100,7425.60009765625
2019-07-31,ftse100,7586.7998046875
2019-08-31,ftse100,7207.2001953125
2019-09-30,ftse100,7408.2001953125
2019-10-31,ftse100,7248.39990234375
2019-11-30,ftse100,7346.5
2019-12-31,ftse100,7542.39990234375
2020-01-31,ftse100,7286.0
2020-02-29,ftse100,6580.60009765625
2020-03-31,ftse100,5672.0
2020-04-30,ftse100,5901.2001953125
2020-05-31,ftse100,6076.60009765625
2020-06-30,ftse100,6169.7001953125
2020-07-31,ftse100,5897.7998046875
2020-08-31,ftse100,5963.60009765625
2020-09-30,ftse100,5866.10009765625
2020-10-31,ftse100,5577.2998046875
2020-11-30,ftse100,6266.2001953125
2020-12-31,ftse100,6460.5
2021-01-31,ftse100,6407.5
2021-02-28,ftse100,6483.39990234375
2021-03-31,ftse100,6713.60009765625
2021-04-30,ftse100,6969.7998046875
2021-05-31,ftse100,7022.60009765625
2021-06-30,ftse100,7037.5
2021-07-31,ftse100,7032.2998046875
2021-08-31,ftse100,7119.7001953125
2021-09-30,ftse100,7086.39990234375
2021-10-31,ftse100,7237.60009765625
2021-11-30,ftse100,7059.5
2021-12-31,ftse100,7384.5
2022-01-31,ftse100,7464.39990234375
2022-02-28,ftse100,7458.2998046875
2022-03-31,ftse100,7515.7001953125
2022-04-30,ftse100,7544.60009765625
2022-05-31,ftse100,7607.7001953125
2022-06-30,ftse100,7169.2998046875
2022-07-31,ftse100,7423.39990234375
2022-08-31,ftse100,7284.2001953125
2022-09-30,ftse100,6893.7998046875
2022-10-31,ftse100,7094.5
2022-11-30,ftse100,7573.10009765625
2022-12-31,ftse100,7451.7001953125
2023-01-31,ftse100,7771.7001953125
2023-02-28,ftse100,7876.2998046875
2023-03-31,ftse100,7631.7001953125
2023-04-30,ftse100,7870.60009765625
2023-05-31,ftse100,7446.10009765625
2023-06-30,ftse100,7531.5
2023-07-31,ftse100,7699.39990234375
2023-08-31,ftse100,7439.10009765625
2023-09-30,ftse100,7608.10009765625
2023-10-31,ftse100,7321.7001953125
2023-11-30,ftse100,7453.7998046875
2023-12-31,ftse100,7733.2001953125
2024-01-31,ftse100,7630.60009765625
2024-02-29,ftse100,7630.0
2024-03-31,ftse100,7952.60009765625
2024-04-30,ftse100,8144.10009765625
2024-05-31,ftse100,8275.400390625
2024-06-30,ftse100,8164.10009765625
2024-07-31,ftse100,8368.0
2024-08-31,ftse100,8376.599609375
2024-09-30,ftse100,8237.0
2024-10-31,ftse100,8110.10009765625
2024-11-30,ftse100,8287.2998046875
2024-12-31,ftse100,8173.0
2025-01-31,ftse100,8674.0
2025-02-28,ftse100,8809.7001953125
2025-03-31,ftse100,8582.7998046875
2025-04-30,ftse100,8494.900390625
2025-05-31,ftse100,8772.400390625
2025-06-30,ftse100,8761.0
2025-07-31,ftse100,9132.7998046875
2025-08-31,ftse100,9187.2998046875
2025-09-30,ftse100,9350.400390625
2025-10-31,ftse100,9717.2998046875
2025-11-30,ftse100,9720.5
2025-12-31,ftse100,9931.400390625
2026-01-31,ftse100,10223.5
2026-02-28,ftse100,10910.599609375
2026-03-31,ftse100,10176.5
2026-04-30,ftse100,10378.7998046875
2026-05-31,ftse100,10402.6298828125
1997-12-31,ftsemib,24402.0
1998-01-31,ftsemib,27549.0
1998-02-28,ftsemib,28543.0
1998-03-31,ftsemib,34545.0
1998-04-30,ftsemib,32764.0
1998-05-31,ftsemib,34396.0
1998-06-30,ftsemib,33354.0
1998-07-31,ftsemib,36636.0
1998-08-31,ftsemib,31534.0
1998-09-30,ftsemib,27879.0
1998-10-31,ftsemib,29670.0
1998-11-30,ftsemib,33257.0
1998-12-31,ftsemib,35426.0
1999-01-31,ftsemib,35687.0
1999-02-28,ftsemib,36339.0
1999-03-31,ftsemib,38601.0
1999-04-30,ftsemib,38679.0
1999-05-31,ftsemib,37088.0
1999-06-30,ftsemib,36717.0
1999-07-31,ftsemib,34040.0
1999-08-31,ftsemib,35199.0
1999-09-30,ftsemib,35270.0
1999-10-31,ftsemib,34228.0
1999-11-30,ftsemib,36334.0
1999-12-31,ftsemib,42605.0
2000-01-31,ftsemib,41463.0
2000-02-29,ftsemib,48479.0
2000-03-31,ftsemib,45392.0
2000-04-30,ftsemib,44801.0
2000-05-31,ftsemib,45214.0
2000-06-30,ftsemib,46448.0
2000-07-31,ftsemib,46309.0
2000-08-31,ftsemib,48135.0
2000-09-30,ftsemib,45419.0
2000-10-31,ftsemib,47459.0
2000-11-30,ftsemib,46290.0
2000-12-31,ftsemib,43662.0
2001-01-31,ftsemib,45067.0
2001-02-28,ftsemib,40036.0
2001-03-31,ftsemib,38996.0
2001-04-30,ftsemib,41122.0
2001-05-31,ftsemib,38996.0
2001-06-30,ftsemib,37315.0
2001-07-31,ftsemib,36507.0
2001-08-31,ftsemib,34643.0
2001-09-30,ftsemib,29001.0
2001-10-31,ftsemib,30595.0
2001-11-30,ftsemib,31886.0
2001-12-31,ftsemib,32317.0
2002-01-31,ftsemib,32171.0
2002-02-28,ftsemib,31820.0
2002-03-31,ftsemib,33679.0
2002-04-30,ftsemib,32474.0
2002-05-31,ftsemib,30143.0
2002-06-30,ftsemib,28091.0
2002-07-31,ftsemib,25295.0
2002-08-31,ftsemib,25553.0
2002-09-30,ftsemib,21278.0
2002-10-31,ftsemib,23557.0
2002-11-30,ftsemib,25919.0
2002-12-31,ftsemib,23508.0
2003-01-31,ftsemib,22532.0
2003-02-28,ftsemib,23279.0
2003-03-31,ftsemib,21605.0
2003-04-30,ftsemib,23887.0
2003-05-31,ftsemib,24946.0
2003-06-30,ftsemib,24677.0
2003-07-31,ftsemib,25132.0
2003-08-31,ftsemib,25247.0
2003-09-30,ftsemib,24615.0
2003-10-31,ftsemib,25973.0
2003-11-30,ftsemib,27156.0
2003-12-31,ftsemib,26887.0
2004-01-31,ftsemib,27774.0
2004-02-29,ftsemib,27957.0
2004-03-31,ftsemib,27148.0
2004-04-30,ftsemib,28020.0
2004-05-31,ftsemib,27355.0
2004-06-30,ftsemib,28092.0
2004-07-31,ftsemib,27538.0
2004-08-31,ftsemib,26913.0
2004-09-30,ftsemib,27794.0
2004-10-31,ftsemib,28681.0
2004-11-30,ftsemib,29615.0
2004-12-31,ftsemib,30903.0
2005-01-31,ftsemib,31334.0
2005-02-28,ftsemib,31850.0
2005-03-31,ftsemib,32302.0
2005-04-30,ftsemib,30911.0
2005-05-31,ftsemib,31739.0
2005-06-30,ftsemib,32343.0
2005-07-31,ftsemib,33693.0
2005-08-31,ftsemib,33520.0
2005-09-30,ftsemib,34775.0
2005-10-31,ftsemib,32782.0
2005-11-30,ftsemib,34090.0
2005-12-31,ftsemib,35704.0
2006-01-31,ftsemib,36654.0
2006-02-28,ftsemib,37650.0
2006-03-31,ftsemib,37928.0
2006-04-30,ftsemib,37773.0
2006-05-31,ftsemib,36450.0
2006-06-30,ftsemib,36444.0
2006-07-31,ftsemib,36606.0
2006-08-31,ftsemib,37938.0
2006-09-30,ftsemib,38475.0
2006-10-31,ftsemib,39558.0
2006-11-30,ftsemib,40270.0
2006-12-31,ftsemib,41434.0
2007-01-31,ftsemib,42197.0
2007-02-28,ftsemib,41155.0
2007-03-31,ftsemib,41771.0
2007-04-30,ftsemib,43755.0
2007-05-31,ftsemib,43079.0
2007-06-30,ftsemib,41954.0
2007-07-31,ftsemib,40221.0
2007-08-31,ftsemib,40187.0
2007-09-30,ftsemib,39889.0
2007-10-31,ftsemib,40512.0
2007-11-30,ftsemib,38975.0
2007-12-31,ftsemib,38554.0
2008-01-31,ftsemib,34230.0
2008-02-29,ftsemib,33587.0
2008-03-31,ftsemib,31616.0
2008-04-30,ftsemib,33954.0
2008-05-31,ftsemib,33225.0
2008-06-30,ftsemib,29346.0
2008-07-31,ftsemib,28331.0
2008-08-31,ftsemib,28789.0
2008-09-30,ftsemib,25530.0
2008-10-31,ftsemib,21367.0
2008-11-30,ftsemib,19985.0
2008-12-31,ftsemib,19460.0
2009-01-31,ftsemib,17934.0
2009-02-28,ftsemib,15282.0
2009-03-31,ftsemib,15875.0
2009-04-30,ftsemib,19177.0
2009-05-31,ftsemib,19884.0
2009-06-30,ftsemib,19063.0
2009-07-31,ftsemib,20576.0
2009-08-31,ftsemib,22420.0
2009-09-30,ftsemib,23473.0
2009-10-31,ftsemib,22060.0
2009-11-30,ftsemib,21928.0
2009-12-31,ftsemib,23248.0
2010-01-31,ftsemib,21896.0
2010-02-28,ftsemib,21068.0
2010-03-31,ftsemib,22848.0
2010-04-30,ftsemib,21563.0
2010-05-31,ftsemib,19544.0
2010-06-30,ftsemib,19312.0
2010-07-31,ftsemib,21022.0
2010-08-31,ftsemib,19735.0
2010-09-30,ftsemib,20505.0
2010-10-31,ftsemib,21451.0
2010-11-30,ftsemib,19106.0
2010-12-31,ftsemib,20173.0
2011-01-31,ftsemib,22050.0
2011-02-28,ftsemib,22467.0
2011-03-31,ftsemib,21727.0
2011-04-30,ftsemib,22418.0
2011-05-31,ftsemib,21110.0
2011-06-30,ftsemib,20187.0
2011-07-31,ftsemib,18434.0
2011-08-31,ftsemib,15563.0
2011-09-30,ftsemib,14836.0
2011-10-31,ftsemib,16018.0
2011-11-30,ftsemib,15269.0
2011-12-31,ftsemib,15090.0
2012-01-31,ftsemib,15828.0
2012-02-29,ftsemib,16351.0
2012-03-31,ftsemib,15980.0
2012-04-30,ftsemib,14592.0
2012-05-31,ftsemib,12874.0
2012-06-30,ftsemib,14274.0
2012-07-31,ftsemib,13891.0
2012-08-31,ftsemib,15101.0
2012-09-30,ftsemib,15096.0
2012-10-31,ftsemib,15540.0
2012-11-30,ftsemib,15808.0
2012-12-31,ftsemib,16273.0
2013-01-31,ftsemib,17439.0
2013-02-28,ftsemib,15921.0
2013-03-31,ftsemib,15339.0
2013-04-30,ftsemib,16768.0
2013-05-31,ftsemib,17214.0
2013-06-30,ftsemib,15239.0
2013-07-31,ftsemib,16482.0
2013-08-31,ftsemib,16682.0
2013-09-30,ftsemib,17435.0
2013-10-31,ftsemib,19352.0
2013-11-30,ftsemib,19022.0
2013-12-31,ftsemib,18968.0
2014-01-31,ftsemib,19418.0
2014-02-28,ftsemib,20442.0
2014-03-31,ftsemib,21691.0
2014-04-30,ftsemib,21783.0
2014-05-31,ftsemib,21629.0
2014-06-30,ftsemib,21283.0
2014-07-31,ftsemib,20570.0
2014-08-31,ftsemib,20450.0
2014-09-30,ftsemib,20892.0
2014-10-31,ftsemib,19783.0
2014-11-30,ftsemib,20014.0
2014-12-31,ftsemib,19012.0
2015-01-31,ftsemib,20503.0
2015-02-28,ftsemib,22338.0
2015-03-31,ftsemib,23157.0
2015-04-30,ftsemib,23046.0
2015-05-31,ftsemib,23496.0
2015-06-30,ftsemib,22461.0
2015-07-31,ftsemib,23538.0
2015-08-31,ftsemib,21942.0
2015-09-30,ftsemib,21295.0
2015-10-31,ftsemib,22443.0
2015-11-30,ftsemib,22718.0
2015-12-31,ftsemib,21418.0
2016-01-31,ftsemib,18657.0
2016-02-29,ftsemib,17623.0
2016-03-31,ftsemib,18117.0
2016-04-30,ftsemib,18601.0
2016-05-31,ftsemib,18025.0
2016-06-30,ftsemib,16198.0
2016-07-31,ftsemib,16847.0
2016-08-31,ftsemib,16943.0
2016-09-30,ftsemib,16401.0
2016-10-31,ftsemib,17125.0
2016-11-30,ftsemib,16930.0
2016-12-31,ftsemib,19235.0
2017-01-31,ftsemib,18591.0
2017-02-28,ftsemib,18913.0
2017-03-31,ftsemib,20493.0
2017-04-30,ftsemib,20609.0
2017-05-31,ftsemib,20732.0
2017-06-30,ftsemib,20584.0
2017-07-31,ftsemib,21487.0
2017-08-31,ftsemib,21670.0
2017-09-30,ftsemib,22696.0
2017-10-31,ftsemib,22794.0
2017-11-30,ftsemib,22368.0
2017-12-31,ftsemib,21853.0
2018-01-31,ftsemib,23507.0
2018-02-28,ftsemib,22608.0
2018-03-31,ftsemib,22411.0
2018-04-30,ftsemib,23979.0
2018-05-31,ftsemib,21784.0
2018-06-30,ftsemib,21626.0
2018-07-31,ftsemib,22216.0
2018-08-31,ftsemib,20269.0
2018-09-30,ftsemib,20712.0
2018-10-31,ftsemib,19050.0
2018-11-30,ftsemib,19189.0
2018-12-31,ftsemib,18324.0
2019-01-31,ftsemib,19731.0
2019-02-28,ftsemib,20659.0
2019-03-31,ftsemib,21286.0
2019-04-30,ftsemib,21881.0
2019-05-31,ftsemib,19802.0
2019-06-30,ftsemib,21235.0
2019-07-31,ftsemib,21398.0
2019-08-31,ftsemib,21323.0
2019-09-30,ftsemib,22108.0
2019-10-31,ftsemib,22694.0
2019-11-30,ftsemib,23259.0
2019-12-31,ftsemib,23506.0
2020-01-31,ftsemib,23237.0
2020-02-29,ftsemib,21984.0
2020-03-31,ftsemib,17051.0
2020-04-30,ftsemib,17690.0
2020-05-31,ftsemib,18198.0
2020-06-30,ftsemib,19376.0
2020-07-31,ftsemib,19092.0
2020-08-31,ftsemib,19634.0
2020-09-30,ftsemib,19015.0
2020-10-31,ftsemib,17943.0
2020-11-30,ftsemib,22061.0
2020-12-31,ftsemib,22233.0
2021-01-31,ftsemib,21573.0
2021-02-28,ftsemib,22849.0
2021-03-31,ftsemib,24649.0
2021-04-30,ftsemib,24141.0
2021-05-31,ftsemib,25171.0
2021-06-30,ftsemib,25102.0
2021-07-31,ftsemib,25363.0
2021-08-31,ftsemib,26009.0
2021-09-30,ftsemib,25684.0
2021-10-31,ftsemib,26876.0
2021-11-30,ftsemib,25814.0
2021-12-31,ftsemib,27347.0
2022-01-31,ftsemib,26814.0
2022-02-28,ftsemib,25416.0
2022-03-31,ftsemib,25021.0
2022-04-30,ftsemib,24252.0
2022-05-31,ftsemib,24505.0
2022-06-30,ftsemib,21294.0
2022-07-31,ftsemib,22405.0
2022-08-31,ftsemib,21559.0
2022-09-30,ftsemib,20649.0
2022-10-31,ftsemib,22652.0
2022-11-30,ftsemib,24610.0
2022-12-31,ftsemib,23707.0
2023-01-31,ftsemib,26600.0
2023-02-28,ftsemib,27478.0
2023-03-31,ftsemib,27114.0
2023-04-30,ftsemib,27077.0
2023-05-31,ftsemib,26051.0
2023-06-30,ftsemib,28231.0
2023-07-31,ftsemib,29645.0
2023-08-31,ftsemib,28832.0
2023-09-30,ftsemib,28243.0
2023-10-31,ftsemib,27742.0
2023-11-30,ftsemib,29737.0
2023-12-31,ftsemib,30352.0
2024-01-31,ftsemib,30744.0
2024-02-29,ftsemib,32581.0
2024-03-31,ftsemib,34750.0
2024-04-30,ftsemib,33747.0
2024-05-31,ftsemib,34492.0
2024-06-30,ftsemib,33154.0
2024-07-31,ftsemib,33764.0
2024-08-31,ftsemib,34373.0
2024-09-30,ftsemib,34125.0
2024-10-31,ftsemib,34281.0
2024-11-30,ftsemib,33415.0
2024-12-31,ftsemib,34186.0
2025-01-31,ftsemib,36472.0
2025-02-28,ftsemib,38655.0
2025-03-31,ftsemib,38052.0
2025-04-30,ftsemib,37605.0
2025-05-31,ftsemib,40087.0
2025-06-30,ftsemib,39792.0
2025-07-31,ftsemib,40988.0
2025-08-31,ftsemib,42196.0
2025-09-30,ftsemib,42725.0
2025-10-31,ftsemib,43175.0
2025-11-30,ftsemib,43357.0
2025-12-31,ftsemib,44945.0
2026-01-31,ftsemib,45527.0
2026-02-28,ftsemib,47210.0
2026-03-31,ftsemib,44310.0
2026-04-30,ftsemib,48246.0
2026-05-31,ftsemib,50037.0
1986-12-31,hangseng,2568.300048828125
1987-01-31,hangseng,2553.300048828125
1987-02-28,hangseng,2877.89990234375
1987-03-31,hangseng,2713.800048828125
1987-04-30,hangseng,2659.89990234375
1987-05-31,hangseng,2950.800048828125
1987-06-30,hangseng,3178.199951171875
1987-07-31,hangseng,3479.199951171875
1987-08-31,hangseng,3611.699951171875
1987-09-30,hangseng,3943.60009765625
1987-10-31,hangseng,2204.5
1987-11-30,hangseng,2138.39990234375
1987-12-31,hangseng,2302.800048828125
1988-01-31,hangseng,2409.699951171875
1988-02-29,hangseng,2418.10009765625
1988-03-31,hangseng,2544.0
1988-04-30,hangseng,2602.89990234375
1988-05-31,hangseng,2496.699951171875
1988-06-30,hangseng,2671.5
1988-07-31,hangseng,2678.89990234375
1988-08-31,hangseng,2443.800048828125
1988-09-30,hangseng,2441.0
1988-10-31,hangseng,2627.39990234375
1988-11-30,hangseng,2659.300048828125
1988-12-31,hangseng,2687.39990234375
1989-01-31,hangseng,3072.89990234375
1989-02-28,hangseng,3012.699951171875
1989-03-31,hangseng,3005.0
1989-04-30,hangseng,3116.0
1989-05-31,hangseng,2743.89990234375
1989-06-30,hangseng,2273.89990234375
1989-07-31,hangseng,2571.10009765625
1989-08-31,hangseng,2508.60009765625
1989-09-30,hangseng,2758.199951171875
1989-10-31,hangseng,2725.300048828125
1989-11-30,hangseng,2748.39990234375
1989-12-31,hangseng,2836.60009765625
1990-01-31,hangseng,2751.60009765625
1990-02-28,hangseng,2952.0
1990-03-31,hangseng,2997.0
1990-04-30,hangseng,2951.0
1990-05-31,hangseng,3132.0
1990-06-30,hangseng,3278.0
1990-07-31,hangseng,3438.0
1990-08-31,hangseng,3087.0
1990-09-30,hangseng,2760.0
1990-10-31,hangseng,2990.0
1990-11-30,hangseng,2965.0
1990-12-31,hangseng,3024.0
1991-01-31,hangseng,3243.0
1991-02-28,hangseng,3552.0
1991-03-31,hangseng,3745.0
1991-04-30,hangseng,3588.0
1991-05-31,hangseng,3707.0
1991-06-30,hangseng,3668.0
1991-07-31,hangseng,4009.0
1991-08-31,hangseng,3998.0
1991-09-30,hangseng,3956.699951171875
1991-10-31,hangseng,4038.699951171875
1991-11-30,hangseng,4149.7998046875
1991-12-31,hangseng,4297.2998046875
1992-01-31,hangseng,4601.7998046875
1992-02-29,hangseng,4929.10009765625
1992-03-31,hangseng,4938.2998046875
1992-04-30,hangseng,5369.60009765625
1992-05-31,hangseng,6080.2001953125
1992-06-30,hangseng,6103.89990234375
1992-07-31,hangseng,5881.10009765625
1992-08-31,hangseng,5628.60009765625
1992-09-30,hangseng,5505.39990234375
1992-10-31,hangseng,6190.7001953125
1992-11-30,hangseng,5810.60009765625
1992-12-31,hangseng,5512.39990234375
1993-01-31,hangseng,5751.39990234375
1993-02-28,hangseng,6352.0
1993-03-31,hangseng,6388.89990234375
1993-04-30,hangseng,6830.5
1993-05-31,hangseng,7372.2001953125
1993-06-30,hangseng,7099.2998046875
1993-07-31,hangseng,6989.0
1993-08-31,hangseng,7549.7001953125
1993-09-30,hangseng,7676.2001953125
1993-10-31,hangseng,9329.099609375
1993-11-30,hangseng,9125.2001953125
1993-12-31,hangseng,11888.400390625
1994-01-31,hangseng,11487.0
1994-02-28,hangseng,10410.2001953125
1994-03-31,hangseng,9029.900390625
1994-04-30,hangseng,8966.099609375
1994-05-31,hangseng,9553.599609375
1994-06-30,hangseng,8758.400390625
1994-07-31,hangseng,9482.7998046875
1994-08-31,hangseng,9929.400390625
1994-09-30,hangseng,9521.2001953125
1994-10-31,hangseng,9646.2998046875
1994-11-30,hangseng,8466.2998046875
1994-12-31,hangseng,8191.0
1995-01-31,hangseng,7342.7001953125
1995-02-28,hangseng,8327.5
1995-03-31,hangseng,8587.7001953125
1995-04-30,hangseng,8361.0
1995-05-31,hangseng,9407.400390625
1995-06-30,hangseng,9206.5
1995-07-31,hangseng,9453.400390625
1995-08-31,hangseng,9179.900390625
1995-09-30,hangseng,9646.2998046875
1995-10-31,hangseng,9782.400390625
1995-11-30,hangseng,9813.2998046875
1995-12-31,hangseng,10073.400390625
1996-01-31,hangseng,11359.7001953125
1996-02-29,hangseng,11125.7001953125
1996-03-31,hangseng,10957.2001953125
1996-04-30,hangseng,10964.5
1996-05-31,hangseng,11264.7001953125
1996-06-30,hangseng,11020.900390625
1996-07-31,hangseng,10681.400390625
1996-08-31,hangseng,11159.0
1996-09-30,hangseng,11902.400390625
1996-10-31,hangseng,12477.599609375
1996-11-30,hangseng,13393.900390625
1996-12-31,hangseng,13451.5
1997-01-31,hangseng,13321.7998046875
1997-02-28,hangseng,13398.7001953125
1997-03-31,hangseng,12534.2998046875
1997-04-30,hangseng,12903.2998046875
1997-05-31,hangseng,14757.7998046875
1997-06-30,hangseng,15196.7998046875
1997-07-31,hangseng,16365.7001953125
1997-08-31,hangseng,14135.2001953125
1997-09-30,hangseng,15049.2998046875
1997-10-31,hangseng,10623.7998046875
1997-11-30,hangseng,10526.900390625
1997-12-31,hangseng,10722.7998046875
1998-01-31,hangseng,9252.400390625
1998-02-28,hangseng,11480.7001953125
1998-03-31,hangseng,11518.7001953125
1998-04-30,hangseng,10383.6796875
1998-05-31,hangseng,8934.5595703125
1998-06-30,hangseng,8543.099609375
1998-07-31,hangseng,7936.2001953125
1998-08-31,hangseng,7275.0400390625
1998-09-30,hangseng,7883.4599609375
1998-10-31,hangseng,10154.9404296875
1998-11-30,hangseng,10402.3203125
1998-12-31,hangseng,10048.580078125
1999-01-31,hangseng,9506.900390625
1999-02-28,hangseng,9858.490234375
1999-03-31,hangseng,10942.2001953125
1999-04-30,hangseng,13333.2001953125
1999-05-31,hangseng,12147.1201171875
1999-06-30,hangseng,13532.1396484375
1999-07-31,hangseng,13186.8603515625
1999-08-31,hangseng,13482.76953125
1999-09-30,hangseng,12733.240234375
1999-10-31,hangseng,13256.9501953125
1999-11-30,hangseng,15377.1904296875
1999-12-31,hangseng,16962.099609375
2000-01-31,hangseng,15532.33984375
2000-02-29,hangseng,17169.439453125
2000-03-31,hangseng,17406.5390625
2000-04-30,hangseng,15519.2998046875
2000-05-31,hangseng,14713.8603515625
2000-06-30,hangseng,16155.7802734375
2000-07-31,hangseng,16840.98046875
2000-08-31,hangseng,17097.509765625
2000-09-30,hangseng,15648.98046875
2000-10-31,hangseng,14895.33984375
2000-11-30,hangseng,13984.3896484375
2000-12-31,hangseng,15095.5302734375
2001-01-31,hangseng,16102.349609375
2001-02-28,hangseng,14787.8701171875
2001-03-31,hangseng,12760.6396484375
2001-04-30,hangseng,13386.0400390625
2001-05-31,hangseng,13174.41015625
2001-06-30,hangseng,13042.5302734375
2001-07-31,hangseng,12316.6904296875
2001-08-31,hangseng,11090.48046875
2001-09-30,hangseng,9950.7001953125
2001-10-31,hangseng,10073.9697265625
2001-11-30,hangseng,11279.25
2001-12-31,hangseng,11397.2099609375
2002-01-31,hangseng,10725.2998046875
2002-02-28,hangseng,10482.5498046875
2002-03-31,hangseng,11032.919921875
2002-04-30,hangseng,11497.580078125
2002-05-31,hangseng,11301.9404296875
2002-06-30,hangseng,10598.5498046875
2002-07-31,hangseng,10267.3603515625
2002-08-31,hangseng,10043.8701171875
2002-09-30,hangseng,9072.2099609375
2002-10-31,hangseng,9441.25
2002-11-30,hangseng,10069.8701171875
2002-12-31,hangseng,9321.2900390625
2003-01-31,hangseng,9258.9501953125
2003-02-28,hangseng,9122.66015625
2003-03-31,hangseng,8634.4501953125
2003-04-30,hangseng,8717.2197265625
2003-05-31,hangseng,9487.3798828125
2003-06-30,hangseng,9577.1201171875
2003-07-31,hangseng,10134.830078125
2003-08-31,hangseng,10908.990234375
2003-09-30,hangseng,11229.8701171875
2003-10-31,hangseng,12190.099609375
2003-11-30,hangseng,12317.4697265625
2003-12-31,hangseng,12575.9404296875
2004-01-31,hangseng,13289.3701171875
2004-02-29,hangseng,13907.0302734375
2004-03-31,hangseng,12681.669921875
2004-04-30,hangseng,11942.9599609375
2004-05-31,hangseng,12198.240234375
2004-06-30,hangseng,12285.75
2004-07-31,hangseng,12238.0302734375
2004-08-31,hangseng,12850.2802734375
2004-09-30,hangseng,13120.0302734375
2004-10-31,hangseng,13054.66015625
2004-11-30,hangseng,14060.0498046875
2004-12-31,hangseng,14230.1396484375
2005-01-31,hangseng,13721.6904296875
2005-02-28,hangseng,14195.349609375
2005-03-31,hangseng,13516.8798828125
2005-04-30,hangseng,13908.9697265625
2005-05-31,hangseng,13867.0703125
2005-06-30,hangseng,14201.0595703125
2005-07-31,hangseng,14880.98046875
2005-08-31,hangseng,14903.5498046875
2005-09-30,hangseng,15428.51953125
2005-10-31,hangseng,14386.3701171875
2005-11-30,hangseng,14937.1396484375
2005-12-31,hangseng,14876.4296875
2006-01-31,hangseng,15753.1396484375
2006-02-28,hangseng,15918.48046875
2006-03-31,hangseng,15805.0400390625
2006-04-30,hangseng,16661.30078125
2006-05-31,hangseng,15857.8896484375
2006-06-30,hangseng,16267.6201171875
2006-07-31,hangseng,16971.33984375
2006-08-31,hangseng,17392.26953125
2006-09-30,hangseng,17543.05078125
2006-10-31,hangseng,18324.349609375
2006-11-30,hangseng,18960.48046875
2006-12-31,hangseng,19964.720703125
2007-01-31,hangseng,20106.419921875
2007-02-28,hangseng,19651.509765625
2007-03-31,hangseng,19800.9296875
2007-04-30,hangseng,20318.98046875
2007-05-31,hangseng,20634.470703125
2007-06-30,hangseng,21772.73046875
2007-07-31,hangseng,23184.939453125
2007-08-31,hangseng,23984.140625
2007-09-30,hangseng,27142.470703125
2007-10-31,hangseng,31352.580078125
2007-11-30,hangseng,28643.609375
2007-12-31,hangseng,27812.650390625
2008-01-31,hangseng,23455.740234375
2008-02-29,hangseng,24331.669921875
2008-03-31,hangseng,22849.19921875
2008-04-30,hangseng,25755.349609375
2008-05-31,hangseng,24533.119140625
2008-06-30,hangseng,22102.009765625
2008-07-31,hangseng,22731.099609375
2008-08-31,hangseng,21261.890625
2008-09-30,hangseng,18016.2109375
2008-10-31,hangseng,13968.669921875
2008-11-30,hangseng,13888.240234375
2008-12-31,hangseng,14387.48046875
2009-01-31,hangseng,13278.2099609375
2009-02-28,hangseng,12811.5703125
2009-03-31,hangseng,13576.01953125
2009-04-30,hangseng,15520.990234375
2009-05-31,hangseng,18171.0
2009-06-30,hangseng,18378.73046875
2009-07-31,hangseng,20573.330078125
2009-08-31,hangseng,19724.189453125
2009-09-30,hangseng,20955.25
2009-10-31,hangseng,21752.869140625
2009-11-30,hangseng,21821.5
2009-12-31,hangseng,21872.5
2010-01-31,hangseng,20121.990234375
2010-02-28,hangseng,20608.69921875
2010-03-31,hangseng,21239.349609375
2010-04-30,hangseng,21108.58984375
2010-05-31,hangseng,19765.189453125
2010-06-30,hangseng,20128.990234375
2010-07-31,hangseng,21029.810546875
2010-08-31,hangseng,20536.490234375
2010-09-30,hangseng,22358.169921875
2010-10-31,hangseng,23096.3203125
2010-11-30,hangseng,23007.990234375
2010-12-31,hangseng,23035.44921875
2011-01-31,hangseng,23447.33984375
2011-02-28,hangseng,23338.01953125
2011-03-31,hangseng,23527.51953125
2011-04-30,hangseng,23720.810546875
2011-05-31,hangseng,23684.130859375
2011-06-30,hangseng,22398.099609375
2011-07-31,hangseng,22440.25
2011-08-31,hangseng,20534.849609375
2011-09-30,hangseng,17592.41015625
2011-10-31,hangseng,19864.869140625
2011-11-30,hangseng,17989.349609375
2011-12-31,hangseng,18434.390625
2012-01-31,hangseng,20390.490234375
2012-02-29,hangseng,21680.080078125
2012-03-31,hangseng,20555.580078125
2012-04-30,hangseng,21094.2109375
2012-05-31,hangseng,18629.51953125
2012-06-30,hangseng,19441.4609375
2012-07-31,hangseng,19796.810546875
2012-08-31,hangseng,19482.5703125
2012-09-30,hangseng,20840.380859375
2012-10-31,hangseng,21641.8203125
2012-11-30,hangseng,22030.390625
2012-12-31,hangseng,22656.919921875
2013-01-31,hangseng,23729.529296875
2013-02-28,hangseng,23020.26953125
2013-03-31,hangseng,22299.630859375
2013-04-30,hangseng,22737.009765625
2013-05-31,hangseng,22392.16015625
2013-06-30,hangseng,20803.2890625
2013-07-31,hangseng,21883.66015625
2013-08-31,hangseng,21731.369140625
2013-09-30,hangseng,22859.859375
2013-10-31,hangseng,23206.369140625
2013-11-30,hangseng,23881.2890625
2013-12-31,hangseng,23306.390625
2014-01-31,hangseng,22035.419921875
2014-02-28,hangseng,22836.9609375
2014-03-31,hangseng,22151.060546875
2014-04-30,hangseng,22133.970703125
2014-05-31,hangseng,23081.650390625
2014-06-30,hangseng,23190.720703125
2014-07-31,hangseng,24756.849609375
2014-08-31,hangseng,24742.060546875
2014-09-30,hangseng,22932.98046875
2014-10-31,hangseng,23998.060546875
2014-11-30,hangseng,23987.44921875
2014-12-31,hangseng,23605.0390625
2015-01-31,hangseng,24507.05078125
2015-02-28,hangseng,24823.2890625
2015-03-31,hangseng,24900.890625
2015-04-30,hangseng,28133.0
2015-05-31,hangseng,27424.189453125
2015-06-30,hangseng,26250.029296875
2015-07-31,hangseng,24636.279296875
2015-08-31,hangseng,21670.580078125
2015-09-30,hangseng,20846.30078125
2015-10-31,hangseng,22640.0390625
2015-11-30,hangseng,21996.419921875
2015-12-31,hangseng,21914.400390625
2016-01-31,hangseng,19683.109375
2016-02-29,hangseng,19111.9296875
2016-03-31,hangseng,20776.69921875
2016-04-30,hangseng,21067.05078125
2016-05-31,hangseng,20815.08984375
2016-06-30,hangseng,20794.369140625
2016-07-31,hangseng,21891.369140625
2016-08-31,hangseng,22976.880859375
2016-09-30,hangseng,23297.150390625
2016-10-31,hangseng,22934.5390625
2016-11-30,hangseng,22789.76953125
2016-12-31,hangseng,22000.560546875
2017-01-31,hangseng,23360.779296875
2017-02-28,hangseng,23740.73046875
2017-03-31,hangseng,24111.58984375
2017-04-30,hangseng,24615.130859375
2017-05-31,hangseng,25660.650390625
2017-06-30,hangseng,25764.580078125
2017-07-31,hangseng,27323.990234375
2017-08-31,hangseng,27970.30078125
2017-09-30,hangseng,27554.30078125
2017-10-31,hangseng,28245.5390625
2017-11-30,hangseng,29177.349609375
2017-12-31,hangseng,29919.150390625
2018-01-31,hangseng,32887.26953125
2018-02-28,hangseng,30844.720703125
2018-03-31,hangseng,30093.380859375
2018-04-30,hangseng,30808.44921875
2018-05-31,hangseng,30468.560546875
2018-06-30,hangseng,28955.109375
2018-07-31,hangseng,28583.009765625
2018-08-31,hangseng,27888.55078125
2018-09-30,hangseng,27788.51953125
2018-10-31,hangseng,24979.689453125
2018-11-30,hangseng,26506.75
2018-12-31,hangseng,25845.69921875
2019-01-31,hangseng,27942.470703125
2019-02-28,hangseng,28633.1796875
2019-03-31,hangseng,29051.359375
2019-04-30,hangseng,29699.109375
2019-05-31,hangseng,26901.08984375
2019-06-30,hangseng,28542.619140625
2019-07-31,hangseng,27777.75
2019-08-31,hangseng,25724.73046875
2019-09-30,hangseng,26092.26953125
2019-10-31,hangseng,26906.720703125
2019-11-30,hangseng,26346.490234375
2019-12-31,hangseng,28189.75
2020-01-31,hangseng,26312.630859375
2020-02-29,hangseng,26129.9296875
2020-03-31,hangseng,23603.48046875
2020-04-30,hangseng,24643.58984375
2020-05-31,hangseng,22961.470703125
2020-06-30,hangseng,24427.189453125
2020-07-31,hangseng,24595.349609375
2020-08-31,hangseng,25177.05078125
2020-09-30,hangseng,23459.05078125
2020-10-31,hangseng,24107.419921875
2020-11-30,hangseng,26341.490234375
2020-12-31,hangseng,27231.130859375
2021-01-31,hangseng,28283.7109375
2021-02-28,hangseng,28980.2109375
2021-03-31,hangseng,28378.349609375
2021-04-30,hangseng,28724.880859375
2021-05-31,hangseng,29151.80078125
2021-06-30,hangseng,28827.94921875
2021-07-31,hangseng,25961.029296875
2021-08-31,hangseng,25878.990234375
2021-09-30,hangseng,24575.640625
2021-10-31,hangseng,25377.240234375
2021-11-30,hangseng,23475.259765625
2021-12-31,hangseng,23397.669921875
2022-01-31,hangseng,23802.259765625
2022-02-28,hangseng,22713.01953125
2022-03-31,hangseng,21996.849609375
2022-04-30,hangseng,21089.390625
2022-05-31,hangseng,21415.19921875
2022-06-30,hangseng,21859.7890625
2022-07-31,hangseng,20156.509765625
2022-08-31,hangseng,19954.390625
2022-09-30,hangseng,17222.830078125
2022-10-31,hangseng,14687.01953125
2022-11-30,hangseng,18597.23046875
2022-12-31,hangseng,19781.41015625
2023-01-31,hangseng,21842.330078125
2023-02-28,hangseng,19785.939453125
2023-03-31,hangseng,20400.109375
2023-04-30,hangseng,19894.5703125
2023-05-31,hangseng,18234.26953125
2023-06-30,hangseng,18916.4296875
2023-07-31,hangseng,20078.939453125
2023-08-31,hangseng,18382.060546875
2023-09-30,hangseng,17809.66015625
2023-10-31,hangseng,17112.48046875
2023-11-30,hangseng,17042.880859375
2023-12-31,hangseng,17047.390625
2024-01-31,hangseng,15485.0703125
2024-02-29,hangseng,16511.439453125
2024-03-31,hangseng,16541.419921875
2024-04-30,hangseng,17763.029296875
2024-05-31,hangseng,18079.609375
2024-06-30,hangseng,17718.609375
2024-07-31,hangseng,17344.599609375
2024-08-31,hangseng,17989.0703125
2024-09-30,hangseng,21133.6796875
2024-10-31,hangseng,20317.330078125
2024-11-30,hangseng,19423.609375
2024-12-31,hangseng,20059.94921875
2025-01-31,hangseng,20225.109375
2025-02-28,hangseng,22941.3203125
2025-03-31,hangseng,23119.580078125
2025-04-30,hangseng,22119.41015625
2025-05-31,hangseng,23289.76953125
2025-06-30,hangseng,24072.279296875
2025-07-31,hangseng,24773.330078125
2025-08-31,hangseng,25077.619140625
2025-09-30,hangseng,26855.560546875
2025-10-31,hangseng,25906.650390625
2025-11-30,hangseng,25858.890625
2025-12-31,hangseng,25630.5390625
2026-01-31,hangseng,27387.109375
2026-02-28,hangseng,26630.5390625
2026-03-31,hangseng,24788.140625
2026-04-30,hangseng,25776.529296875
2026-05-31,hangseng,25006.16015625
1993-07-31,hscei,3676.969970703125
1993-08-31,hscei,5350.77001953125
1993-09-30,hscei,5363.93017578125
1993-10-31,hscei,6464.85009765625
1993-11-30,hscei,6914.41015625
1993-12-31,hscei,8429.01953125
1994-01-31,hscei,7222.97998046875
1994-02-28,hscei,6839.5498046875
1994-03-31,hscei,5620.169921875
1994-04-30,hscei,5385.43017578125
1994-05-31,hscei,5368.7099609375
1994-06-30,hscei,4395.58984375
1994-07-31,hscei,5397.3701171875
1994-08-31,hscei,5613.7001953125
1994-09-30,hscei,5975.4599609375
1994-10-31,hscei,6031.43017578125
1994-11-30,hscei,5089.22998046875
1994-12-31,hscei,4645.009765625
1995-01-31,hscei,3888.919921875
1995-02-28,hscei,4460.85009765625
1995-03-31,hscei,4455.72021484375
1995-04-30,hscei,4029.300048828125
1995-05-31,hscei,4688.990234375
1995-06-30,hscei,4474.66015625
1995-07-31,hscei,4635.06005859375
1995-08-31,hscei,4028.31005859375
1995-09-30,hscei,3895.68994140625
1995-10-31,hscei,3715.919921875
1995-11-30,hscei,3401.010009765625
1995-12-31,hscei,3287.679931640625
1996-01-31,hscei,3795.60009765625
1996-02-29,hscei,3955.530029296875
1996-03-31,hscei,3684.909912109375
1996-04-30,hscei,3585.469970703125
1996-05-31,hscei,3665.330078125
1996-06-30,hscei,3476.52001953125
1996-07-31,hscei,3288.199951171875
1996-08-31,hscei,3516.72998046875
1996-09-30,hscei,3480.8701171875
1996-10-31,hscei,3439.8701171875
1996-11-30,hscei,3527.550048828125
1996-12-31,hscei,4257.89013671875
1997-01-31,hscei,4221.7998046875
1997-02-28,hscei,4486.16015625
1997-03-31,hscei,4193.10009765625
1997-04-30,hscei,4635.240234375
1997-05-31,hscei,4712.43994140625
1997-06-30,hscei,4411.52001953125
1997-07-31,hscei,5460.89013671875
1997-08-31,hscei,6349.68017578125
1997-09-30,hscei,5248.68017578125
1997-10-31,hscei,4191.27001953125
1997-11-30,hscei,3319.550048828125
1997-12-31,hscei,3139.47998046875
1998-01-31,hscei,2107.340087890625
1998-02-28,hscei,3123.360107421875
1998-03-31,hscei,3089.969970703125
1998-04-30,hscei,2708.969970703125
1998-05-31,hscei,2268.1298828125
1998-06-30,hscei,1873.280029296875
1998-07-31,hscei,1523.25
1998-08-31,hscei,1043.550048828125
1998-09-30,hscei,1611.219970703125
1998-10-31,hscei,1829.3800048828125
1998-11-30,hscei,1876.3199462890625
1998-12-31,hscei,1729.469970703125
1999-01-31,hscei,1388.199951171875
1999-02-28,hscei,1342.4300537109375
1999-03-31,hscei,1532.02001953125
1999-04-30,hscei,1962.0
1999-05-31,hscei,1819.4000244140625
1999-06-30,hscei,2690.780029296875
1999-07-31,hscei,2405.699951171875
1999-08-31,hscei,2506.31005859375
1999-09-30,hscei,2357.239990234375
1999-10-31,hscei,2157.969970703125
1999-11-30,hscei,2152.449951171875
1999-12-31,hscei,1972.5899658203125
2000-01-31,hscei,1820.050048828125
2000-02-29,hscei,1454.3800048828125
2000-03-31,hscei,1514.739990234375
2000-04-30,hscei,1573.449951171875
2000-05-31,hscei,1694.9000244140625
2000-06-30,hscei,1903.93994140625
2000-07-31,hscei,2211.159912109375
2000-08-31,hscei,2201.739990234375
2000-09-30,hscei,1932.6400146484373
2000-10-31,hscei,1790.9100341796875
2000-11-30,hscei,1600.1500244140625
2000-12-31,hscei,1624.1199951171875
2001-01-31,hscei,1588.25
2001-02-28,hscei,1809.6300048828125
2001-03-31,hscei,1815.1800537109373
2001-04-30,hscei,2062.64990234375
2001-05-31,hscei,2335.35009765625
2001-06-30,hscei,2310.469970703125
2001-07-31,hscei,1982.489990234375
2001-08-31,hscei,1821.47998046875
2001-09-30,hscei,1718.9599609375
2001-10-31,hscei,1865.3399658203125
2001-11-30,hscei,1789.8199462890625
2001-12-31,hscei,1757.75
2002-01-31,hscei,1913.9599609375
2002-02-28,hscei,2007.949951171875
2002-03-31,hscei,2034.68994140625
2002-04-30,hscei,2054.7099609375
2002-05-31,hscei,2130.60009765625
2002-06-30,hscei,2167.389892578125
2002-07-31,hscei,2046.5
2002-08-31,hscei,1923.6300048828125
2002-09-30,hscei,1890.199951171875
2002-10-31,hscei,1830.949951171875
2002-11-30,hscei,1907.969970703125
2002-12-31,hscei,1990.43994140625
2003-01-31,hscei,2161.610107421875
2003-02-28,hscei,2197.429931640625
2003-03-31,hscei,2187.0400390625
2003-04-30,hscei,2204.85009765625
2003-05-31,hscei,2460.22998046875
2003-06-30,hscei,2726.429931640625
2003-07-31,hscei,3038.889892578125
2003-08-31,hscei,3340.179931640625
2003-09-30,hscei,3221.2099609375
2003-10-31,hscei,3862.43994140625
2003-11-30,hscei,3832.27001953125
2003-12-31,hscei,5020.18017578125
2004-01-31,hscei,4597.72021484375
2004-02-29,hscei,5102.14013671875
2004-03-31,hscei,4778.1298828125
2004-04-30,hscei,4061.179931640625
2004-05-31,hscei,4301.93017578125
2004-06-30,hscei,4291.02001953125
2004-07-31,hscei,4335.33984375
2004-08-31,hscei,4292.02001953125
2004-09-30,hscei,4649.66015625
2004-10-31,hscei,4504.77978515625
2004-11-30,hscei,4967.43994140625
2004-12-31,hscei,4741.31982421875
2005-01-31,hscei,4721.52001953125
2005-02-28,hscei,5152.3798828125
2005-03-31,hscei,4792.77001953125
2005-04-30,hscei,4657.7001953125
2005-05-31,hscei,4593.02978515625
2005-06-30,hscei,4861.8701171875
2005-07-31,hscei,5263.41015625
2005-08-31,hscei,5069.990234375
2005-09-30,hscei,5227.27978515625
2005-10-31,hscei,4770.3701171875
2005-11-30,hscei,5032.2099609375
2005-12-31,hscei,5330.33984375
2006-01-31,hscei,6277.0498046875
2006-02-28,hscei,6506.18017578125
2006-03-31,hscei,6703.77978515625
2006-04-30,hscei,6835.14990234375
2006-05-31,hscei,6665.89990234375
2006-06-30,hscei,6784.60009765625
2006-07-31,hscei,6829.490234375
2006-08-31,hscei,6882.16015625
2006-09-30,hscei,7097.25
2006-10-31,hscei,7484.35009765625
2006-11-30,hscei,8546.599609375
2006-12-31,hscei,10340.3603515625
2007-01-31,hscei,9602.400390625
2007-02-28,hscei,9283.669921875
2007-03-31,hscei,9616.2099609375
2007-04-30,hscei,10035.009765625
2007-05-31,hscei,10739.3203125
2007-06-30,hscei,12001.1201171875
2007-07-31,hscei,13363.9599609375
2007-08-31,hscei,14338.83984375
2007-09-30,hscei,17017.939453125
2007-10-31,hscei,20081.75
2007-11-30,hscei,17178.490234375
2007-12-31,hscei,16124.7197265625
2008-01-31,hscei,12485.0703125
2008-02-29,hscei,13931.8798828125
2008-03-31,hscei,12083.2998046875
2008-04-30,hscei,14230.25
2008-05-31,hscei,13770.509765625
2008-06-30,hscei,11909.75
2008-07-31,hscei,12506.740234375
2008-08-31,hscei,11664.4296875
2008-09-30,hscei,9070.3095703125
2008-10-31,hscei,6611.14990234375
2008-11-30,hscei,7207.47998046875
2008-12-31,hscei,7891.7998046875
2009-01-31,hscei,7131.97998046875
2009-02-28,hscei,6902.83984375
2009-03-31,hscei,8070.1298828125
2009-04-30,hscei,9084.91015625
2009-05-31,hscei,10428.1904296875
2009-06-30,hscei,10962.6103515625
2009-07-31,hscei,12123.58984375
2009-08-31,hscei,11278.259765625
2009-09-30,hscei,11858.150390625
2009-10-31,hscei,12769.3603515625
2009-11-30,hscei,12980.330078125
2009-12-31,hscei,12794.1298828125
2010-01-31,hscei,11498.2001953125
2010-02-28,hscei,11543.73046875
2010-03-31,hscei,12397.58984375
2010-04-30,hscei,12181.2001953125
2010-05-31,hscei,11494.3095703125
2010-06-30,hscei,11466.240234375
2010-07-31,hscei,11905.0
2010-08-31,hscei,11402.900390625
2010-09-30,hscei,12406.099609375
2010-10-31,hscei,13168.6796875
2010-11-30,hscei,12817.58984375
2010-12-31,hscei,12692.4296875
2011-01-31,hscei,12560.66015625
2011-02-28,hscei,12504.5302734375
2011-03-31,hscei,13315.83984375
2011-04-30,hscei,13208.7099609375
2011-05-31,hscei,13268.3896484375
2011-06-30,hscei,12576.6796875
2011-07-31,hscei,12373.6396484375
2011-08-31,hscei,10943.2900390625
2011-09-30,hscei,8917.3603515625
2011-10-31,hscei,10512.990234375
2011-11-30,hscei,9508.9404296875
2011-12-31,hscei,9936.48046875
2012-01-31,hscei,11299.0498046875
2012-02-29,hscei,11826.759765625
2012-03-31,hscei,10640.16015625
2012-04-30,hscei,11081.0
2012-05-31,hscei,9686.0302734375
2012-06-30,hscei,9574.83984375
2012-07-31,hscei,9674.26953125
2012-08-31,hscei,9280.25
2012-09-30,hscei,9831.6201171875
2012-10-31,hscei,10582.0498046875
2012-11-30,hscei,10622.669921875
2012-12-31,hscei,11436.16015625
2013-01-31,hscei,12130.58984375
2013-02-28,hscei,11437.169921875
2013-03-31,hscei,10896.2197265625
2013-04-30,hscei,10917.9697265625
2013-05-31,hscei,10599.2099609375
2013-06-30,hscei,9311.4404296875
2013-07-31,hscei,9658.5400390625
2013-08-31,hscei,9825.2099609375
2013-09-30,hscei,10316.1201171875
2013-10-31,hscei,10627.01953125
2013-11-30,hscei,11441.26953125
2013-12-31,hscei,10816.1396484375
2014-01-31,hscei,9818.3603515625
2014-02-28,hscei,9891.419921875
2014-03-31,hscei,10075.099609375
2014-04-30,hscei,9779.7197265625
2014-05-31,hscei,10249.6904296875
2014-06-30,hscei,10335.0302734375
2014-07-31,hscei,11130.2001953125
2014-08-31,hscei,10963.58984375
2014-09-30,hscei,10310.400390625
2014-10-31,hscei,10755.7998046875
2014-11-30,hscei,11145.3896484375
2014-12-31,hscei,11984.6904296875
2015-01-31,hscei,11720.099609375
2015-02-28,hscei,12185.849609375
2015-03-31,hscei,12346.08984375
2015-04-30,hscei,14431.1103515625
2015-05-31,hscei,14103.8095703125
2015-06-30,hscei,12981.23046875
2015-07-31,hscei,11131.6796875
2015-08-31,hscei,9741.41015625
2015-09-30,hscei,9405.5
2015-10-31,hscei,10396.580078125
2015-11-30,hscei,9790.6396484375
2015-12-31,hscei,9661.0302734375
2016-01-31,hscei,8241.3603515625
2016-02-29,hscei,7916.33984375
2016-03-31,hscei,9003.25
2016-04-30,hscei,8939.4697265625
2016-05-31,hscei,8704.900390625
2016-06-30,hscei,8712.8896484375
2016-07-31,hscei,8958.9697265625
2016-08-31,hscei,9541.7998046875
2016-09-30,hscei,9581.9296875
2016-10-31,hscei,9559.3896484375
2016-11-30,hscei,9838.0595703125
2016-12-31,hscei,9394.8701171875
2017-01-31,hscei,9804.0498046875
2017-02-28,hscei,10297.9599609375
2017-03-31,hscei,10273.669921875
2017-04-30,hscei,10219.8896484375
2017-05-31,hscei,10602.9697265625
2017-06-30,hscei,10365.2197265625
2017-07-31,hscei,10827.83984375
2017-08-31,hscei,11295.4404296875
2017-09-30,hscei,10910.0400390625
2017-10-31,hscei,11507.7197265625
2017-11-30,hscei,11475.7197265625
2017-12-31,hscei,11709.2998046875
2018-01-31,hscei,13561.650390625
2018-02-28,hscei,12382.080078125
2018-03-31,hscei,11998.33984375
2018-04-30,hscei,12331.3896484375
2018-05-31,hscei,11978.2998046875
2018-06-30,hscei,11073.0
2018-07-31,hscei,11024.73046875
2018-08-31,hscei,10875.580078125
2018-09-30,hscei,11017.8701171875
2018-10-31,hscei,10138.6298828125
2018-11-30,hscei,10621.740234375
2018-12-31,hscei,10124.75
2019-01-31,hscei,11035.73046875
2019-02-28,hscei,11367.4501953125
2019-03-31,hscei,11379.6201171875
2019-04-30,hscei,11542.25
2019-05-31,hscei,10387.169921875
2019-06-30,hscei,10881.849609375
2019-07-31,hscei,10675.3095703125
2019-08-31,hscei,10083.2001953125
2019-09-30,hscei,10200.9697265625
2019-10-31,hscei,10533.240234375
2019-11-30,hscei,10301.8203125
2019-12-31,hscei,11168.0595703125
2020-01-31,hscei,10240.509765625
2020-02-29,hscei,10302.3603515625
2020-03-31,hscei,9594.76953125
2020-04-30,hscei,10040.8701171875
2020-05-31,hscei,9561.0302734375
2020-06-30,hscei,9758.6298828125
2020-07-31,hscei,10039.9599609375
2020-08-31,hscei,9991.48046875
2020-09-30,hscei,9397.3701171875
2020-10-31,hscei,9760.240234375
2020-11-30,hscei,10546.4697265625
2020-12-31,hscei,10738.400390625
2021-01-31,hscei,11208.7802734375
2021-02-28,hscei,11247.2099609375
2021-03-31,hscei,10972.0400390625
2021-04-30,hscei,10825.25
2021-05-31,hscei,10889.1201171875
2021-06-30,hscei,10663.3896484375
2021-07-31,hscei,9233.2197265625
2021-08-31,hscei,9183.759765625
2021-09-30,hscei,8726.3798828125
2021-10-31,hscei,8961.73046875
2021-11-30,hscei,8368.490234375
2021-12-31,hscei,8236.349609375
2022-01-31,hscei,8349.9501953125
2022-02-28,hscei,8023.93017578125
2022-03-31,hscei,7525.89013671875
2022-04-30,hscei,7298.68994140625
2022-05-31,hscei,7416.75
2022-06-30,hscei,7666.8798828125
2022-07-31,hscei,6885.47998046875
2022-08-31,hscei,6865.1201171875
2022-09-30,hscei,5914.080078125
2022-10-31,hscei,4938.56005859375
2022-11-30,hscei,6374.43994140625
2022-12-31,hscei,6704.93994140625
2023-01-31,hscei,7424.919921875
2023-02-28,hscei,6581.47021484375
2023-03-31,hscei,6968.85986328125
2023-04-30,hscei,6702.14990234375
2023-05-31,hscei,6163.33984375
2023-06-30,hscei,6424.8798828125
2023-07-31,hscei,6899.31005859375
2023-08-31,hscei,6332.419921875
2023-09-30,hscei,6148.330078125
2023-10-31,hscei,5861.740234375
2023-11-30,hscei,5857.5400390625
2023-12-31,hscei,5768.5
2024-01-31,hscei,5194.0400390625
2024-02-29,hscei,5677.8798828125
2024-03-31,hscei,5810.7900390625
2024-04-30,hscei,6273.75
2024-05-31,hscei,6392.580078125
2024-06-30,hscei,6331.85986328125
2024-07-31,hscei,6107.16015625
2024-08-31,hscei,6331.14013671875
2024-09-30,hscei,7509.7900390625
2024-10-31,hscei,7264.10986328125
2024-11-30,hscei,6946.68017578125
2024-12-31,hscei,7289.89013671875
2025-01-31,hscei,7382.1298828125
2025-02-28,hscei,8417.4296875
2025-03-31,hscei,8516.5498046875
2025-04-30,hscei,8076.259765625
2025-05-31,hscei,8432.01953125
2025-06-30,hscei,8678.2998046875
2025-07-31,hscei,8882.9501953125
2025-08-31,hscei,8947.7900390625
2025-09-30,hscei,9555.330078125
2025-10-31,hscei,9168.580078125
2025-11-30,hscei,9130.1796875
2025-12-31,hscei,8913.6796875
2026-01-31,hscei,9317.08984375
2026-02-28,hscei,8859.490234375
2026-03-31,hscei,8374.2998046875
2026-04-30,hscei,8681.830078125
2026-05-31,hscei,8425.8203125
1993-07-31,ibex35,2981.197021484375
1993-08-31,ibex35,3360.196533203125
1993-09-30,ibex35,3177.296875
1993-10-31,ibex35,3449.5966796875
1993-11-30,ibex35,3280.0966796875
1993-12-31,ibex35,3615.1962890625
1994-01-31,ibex35,3980.495849609375
1994-02-28,ibex35,3739.696044921875
1994-03-31,ibex35,3489.0966796875
1994-04-30,ibex35,3520.6962890625
1994-05-31,ibex35,3512.596435546875
1994-06-30,ibex35,3200.69677734375
1994-07-31,ibex35,3364.196533203125
1994-08-31,ibex35,3336.99658203125
1994-09-30,ibex35,3176.596923828125
1994-10-31,ibex35,3194.496826171875
1994-11-30,ibex35,3287.0966796875
1994-12-31,ibex35,3087.69677734375
1995-01-31,ibex35,3040.096923828125
1995-02-28,ibex35,3024.496826171875
1995-03-31,ibex35,2931.697021484375
1995-04-30,ibex35,3091.896728515625
1995-05-31,ibex35,3226.496826171875
1995-06-30,ibex35,3219.096923828125
1995-07-31,ibex35,3373.396484375
1995-08-31,ibex35,3432.796630859375
1995-09-30,ibex35,3376.796630859375
1995-10-31,ibex35,3277.296630859375
1995-11-30,ibex35,3510.096435546875
1995-12-31,ibex35,3630.79638671875
1996-01-31,ibex35,3734.496337890625
1996-02-29,ibex35,3915.49609375
1996-03-31,ibex35,3857.09619140625
1996-04-30,ibex35,4082.895751953125
1996-05-31,ibex35,4111.69580078125
1996-06-30,ibex35,4264.095703125
1996-07-31,ibex35,3979.395751953125
1996-08-31,ibex35,4025.495849609375
1996-09-30,ibex35,4215.595703125
1996-10-31,ibex35,4306.69580078125
1996-11-30,ibex35,4667.794921875
1996-12-31,ibex35,5154.79443359375
1997-01-31,ibex35,5327.39453125
1997-02-28,ibex35,5305.39453125
1997-03-31,ibex35,5424.29443359375
1997-04-30,ibex35,5909.2939453125
1997-05-31,ibex35,6300.79345703125
1997-06-30,ibex35,6884.59326171875
1997-07-31,ibex35,6810.89306640625
1997-08-31,ibex35,6532.29296875
1997-09-30,ibex35,7269.69287109375
1997-10-31,ibex35,6380.3935546875
1997-11-30,ibex35,6932.09326171875
1997-12-31,ibex35,7255.392578125
1998-01-31,ibex35,7958.99169921875
1998-02-28,ibex35,8900.0908203125
1998-03-31,ibex35,10209.0888671875
1998-04-30,ibex35,10025.58984375
1998-05-31,ibex35,10005.6904296875
1998-06-30,ibex35,10146.3896484375
1998-07-31,ibex35,10493.689453125
1998-08-31,ibex35,8264.69140625
1998-09-30,ibex35,7676.4921875
1998-10-31,ibex35,8799.9912109375
1998-11-30,ibex35,9645.490234375
1998-12-31,ibex35,9836.58984375
1999-01-31,ibex35,9878.7900390625
1999-02-28,ibex35,9997.2900390625
1999-03-31,ibex35,9740.6904296875
1999-04-30,ibex35,9975.390625
1999-05-31,ibex35,10072.2900390625
1999-06-30,ibex35,10218.5888671875
1999-07-31,ibex35,9391.890625
1999-08-31,ibex35,9806.08984375
1999-09-30,ibex35,9525.390625
1999-10-31,ibex35,9741.490234375
1999-11-30,ibex35,10958.0888671875
1999-12-31,ibex35,11641.388671875
2000-01-31,ibex35,10835.0888671875
2000-02-29,ibex35,12585.787109375
2000-03-31,ibex35,11934.98828125
2000-04-30,ibex35,11467.888671875
2000-05-31,ibex35,10688.4892578125
2000-06-30,ibex35,10581.2890625
2000-07-31,ibex35,10531.5888671875
2000-08-31,ibex35,10884.689453125
2000-09-30,ibex35,10949.9892578125
2000-10-31,ibex35,10363.0888671875
2000-11-30,ibex35,9214.490234375
2000-12-31,ibex35,9109.791015625
2001-01-31,ibex35,10115.990234375
2001-02-28,ibex35,9551.390625
2001-03-31,ibex35,9308.2900390625
2001-04-30,ibex35,9760.990234375
2001-05-31,ibex35,9500.6904296875
2001-06-30,ibex35,8878.3916015625
2001-07-31,ibex35,8479.9912109375
2001-08-31,ibex35,8321.0908203125
2001-09-30,ibex35,7313.99267578125
2001-10-31,ibex35,7774.2919921875
2001-11-30,ibex35,8364.69140625
2001-12-31,ibex35,8397.5908203125
2002-01-31,ibex35,8050.3916015625
2002-02-28,ibex35,8135.49169921875
2002-03-31,ibex35,8249.69140625
2002-04-30,ibex35,8154.3916015625
2002-05-31,ibex35,7949.89208984375
2002-06-30,ibex35,6912.9931640625
2002-07-31,ibex35,6249.29345703125
2002-08-31,ibex35,6435.69384765625
2002-09-30,ibex35,5431.69482421875
2002-10-31,ibex35,6139.3935546875
2002-11-30,ibex35,6685.59326171875
2002-12-31,ibex35,6036.8935546875
2003-01-31,ibex35,5947.6943359375
2003-02-28,ibex35,5999.39404296875
2003-03-31,ibex35,5870.494140625
2003-04-30,ibex35,6489.49365234375
2003-05-31,ibex35,6508.4931640625
2003-06-30,ibex35,6861.9931640625
2003-07-31,ibex35,7061.69287109375
2003-08-31,ibex35,7111.29248046875
2003-09-30,ibex35,6703.59326171875
2003-10-31,ibex35,7129.49267578125
2003-11-30,ibex35,7252.49267578125
2003-12-31,ibex35,7737.1923828125
2004-01-31,ibex35,7929.89208984375
2004-02-29,ibex35,8249.3916015625
2004-03-31,ibex35,8018.091796875
2004-04-30,ibex35,8109.49169921875
2004-05-31,ibex35,7959.29150390625
2004-06-30,ibex35,8078.29150390625
2004-07-31,ibex35,7919.2919921875
2004-08-31,ibex35,7869.4921875
2004-09-30,ibex35,8029.19189453125
2004-10-31,ibex35,8418.291015625
2004-11-30,ibex35,8692.9912109375
2004-12-31,ibex35,9080.791015625
2005-01-31,ibex35,9223.890625
2005-02-28,ibex35,9390.990234375
2005-03-31,ibex35,9258.7900390625
2005-04-30,ibex35,9001.5908203125
2005-05-31,ibex35,9427.08984375
2005-06-30,ibex35,9783.1904296875
2005-07-31,ibex35,10115.58984375
2005-08-31,ibex35,10008.890625
2005-09-30,ibex35,10813.8896484375
2005-10-31,ibex35,10493.7890625
2005-11-30,ibex35,10557.7890625
2005-12-31,ibex35,10733.8896484375
2006-01-31,ibex35,11104.2880859375
2006-02-28,ibex35,11740.6884765625
2006-03-31,ibex35,11854.2880859375
2006-04-30,ibex35,11892.48828125
2006-05-31,ibex35,11340.48828125
2006-06-30,ibex35,11548.087890625
2006-07-31,ibex35,11817.98828125
2006-08-31,ibex35,12144.6875
2006-09-30,ibex35,12934.6875
2006-10-31,ibex35,13752.986328125
2006-11-30,ibex35,13849.2861328125
2006-12-31,ibex35,14146.4853515625
2007-01-31,ibex35,14553.185546875
2007-02-28,ibex35,14248.3857421875
2007-03-31,ibex35,14641.685546875
2007-04-30,ibex35,14374.5849609375
2007-05-31,ibex35,15329.384765625
2007-06-30,ibex35,14891.9853515625
2007-07-31,ibex35,14802.3857421875
2007-08-31,ibex35,14479.78515625
2007-09-30,ibex35,14576.4853515625
2007-10-31,ibex35,15890.484375
2007-11-30,ibex35,15759.884765625
2007-12-31,ibex35,15182.2841796875
2008-01-31,ibex35,13228.986328125
2008-02-29,ibex35,13170.38671875
2008-03-31,ibex35,13268.986328125
2008-04-30,ibex35,13798.2861328125
2008-05-31,ibex35,13600.88671875
2008-06-30,ibex35,12046.1884765625
2008-07-31,ibex35,11881.2880859375
2008-08-31,ibex35,11707.2880859375
2008-09-30,ibex35,10987.4892578125
2008-10-31,ibex35,9115.9912109375
2008-11-30,ibex35,8910.5908203125
2008-12-31,ibex35,9195.7900390625
2009-01-31,ibex35,8450.3916015625
2009-02-28,ibex35,7620.89208984375
2009-03-31,ibex35,7814.9921875
2009-04-30,ibex35,9037.9912109375
2009-05-31,ibex35,9424.2900390625
2009-06-30,ibex35,9787.7900390625
2009-07-31,ibex35,10855.0888671875
2009-08-31,ibex35,11365.087890625
2009-09-30,ibex35,11756.087890625
2009-10-31,ibex35,11414.7880859375
2009-11-30,ibex35,11644.6884765625
2009-12-31,ibex35,11939.98828125
2010-01-31,ibex35,10947.689453125
2010-02-28,ibex35,10333.5888671875
2010-03-31,ibex35,10871.2890625
2010-04-30,ibex35,10492.189453125
2010-05-31,ibex35,9359.390625
2010-06-30,ibex35,9263.390625
2010-07-31,ibex35,10499.7890625
2010-08-31,ibex35,10186.9892578125
2010-09-30,ibex35,10514.4892578125
2010-10-31,ibex35,10812.8896484375
2010-11-30,ibex35,9267.1904296875
2010-12-31,ibex35,9859.08984375
2011-01-31,ibex35,10805.9892578125
2011-02-28,ibex35,10850.7890625
2011-03-31,ibex35,10576.4892578125
2011-04-30,ibex35,10878.8896484375
2011-05-31,ibex35,10475.9892578125
2011-06-30,ibex35,10359.8896484375
2011-07-31,ibex35,9630.6904296875
2011-08-31,ibex35,8718.5908203125
2011-09-30,ibex35,8546.5908203125
2011-10-31,ibex35,8954.8916015625
2011-11-30,ibex35,8449.4912109375
2011-12-31,ibex35,8566.291015625
2012-01-31,ibex35,8509.19140625
2012-02-29,ibex35,8465.8916015625
2012-03-31,ibex35,8007.99169921875
2012-04-30,ibex35,7010.99267578125
2012-05-31,ibex35,6089.79345703125
2012-06-30,ibex35,7102.19287109375
2012-07-31,ibex35,6738.09326171875
2012-08-31,ibex35,7420.49267578125
2012-09-30,ibex35,7708.4921875
2012-10-31,ibex35,7842.89208984375
2012-11-30,ibex35,7934.59228515625
2012-12-31,ibex35,8167.49169921875
2013-01-31,ibex35,8362.291015625
2013-02-28,ibex35,8230.291015625
2013-03-31,ibex35,7919.9921875
2013-04-30,ibex35,8418.9912109375
2013-05-31,ibex35,8320.5908203125
2013-06-30,ibex35,7762.6923828125
2013-07-31,ibex35,8433.3916015625
2013-08-31,ibex35,8290.4912109375
2013-09-30,ibex35,9186.08984375
2013-10-31,ibex35,9907.890625
2013-11-30,ibex35,9837.58984375
2013-12-31,ibex35,9916.6904296875
2014-01-31,ibex35,9920.1904296875
2014-02-28,ibex35,10114.1904296875
2014-03-31,ibex35,10340.4892578125
2014-04-30,ibex35,10458.9892578125
2014-05-31,ibex35,10798.689453125
2014-06-30,ibex35,10923.4892578125
2014-07-31,ibex35,10707.189453125
2014-08-31,ibex35,10728.7890625
2014-09-30,ibex35,10825.4892578125
2014-10-31,ibex35,10477.7890625
2014-11-30,ibex35,10770.689453125
2014-12-31,ibex35,10279.4892578125
2015-01-31,ibex35,10403.2890625
2015-02-28,ibex35,11178.2880859375
2015-03-31,ibex35,11521.087890625
2015-04-30,ibex35,11384.98828125
2015-05-31,ibex35,11217.587890625
2015-06-30,ibex35,10769.4892578125
2015-07-31,ibex35,11180.6884765625
2015-08-31,ibex35,10258.9892578125
2015-09-30,ibex35,9559.890625
2015-10-31,ibex35,10360.689453125
2015-11-30,ibex35,10386.8896484375
2015-12-31,ibex35,9544.1904296875
2016-01-31,ibex35,8815.791015625
2016-02-29,ibex35,8461.3916015625
2016-03-31,ibex35,8723.0908203125
2016-04-30,ibex35,9025.69140625
2016-05-31,ibex35,9033.9912109375
2016-06-30,ibex35,8163.2998046875
2016-07-31,ibex35,8587.2001953125
2016-08-31,ibex35,8716.7998046875
2016-09-30,ibex35,8779.400390625
2016-10-31,ibex35,9143.2998046875
2016-11-30,ibex35,8688.2001953125
2016-12-31,ibex35,9352.099609375
2017-01-31,ibex35,9315.2001953125
2017-02-28,ibex35,9555.5
2017-03-31,ibex35,10462.900390625
2017-04-30,ibex35,10715.7998046875
2017-05-31,ibex35,10880.0
2017-06-30,ibex35,10444.5
2017-07-31,ibex35,10502.2001953125
2017-08-31,ibex35,10299.5
2017-09-30,ibex35,10381.5
2017-10-31,ibex35,10523.5
2017-11-30,ibex35,10211.0
2017-12-31,ibex35,10043.900390625
2018-01-31,ibex35,10451.5
2018-02-28,ibex35,9840.2998046875
2018-03-31,ibex35,9600.400390625
2018-04-30,ibex35,9980.599609375
2018-05-31,ibex35,9465.5
2018-06-30,ibex35,9622.7001953125
2018-07-31,ibex35,9870.7001953125
2018-08-31,ibex35,9399.099609375
2018-09-30,ibex35,9389.2001953125
2018-10-31,ibex35,8893.5
2018-11-30,ibex35,9077.2001953125
2018-12-31,ibex35,8539.900390625
2019-01-31,ibex35,9056.7001953125
2019-02-28,ibex35,9277.7001953125
2019-03-31,ibex35,9240.2998046875
2019-04-30,ibex35,9570.599609375
2019-05-31,ibex35,9004.2001953125
2019-06-30,ibex35,9198.7998046875
2019-07-31,ibex35,8971.0
2019-08-31,ibex35,8812.900390625
2019-09-30,ibex35,9244.599609375
2019-10-31,ibex35,9257.5
2019-11-30,ibex35,9352.0
2019-12-31,ibex35,9549.2001953125
2020-01-31,ibex35,9367.900390625
2020-02-29,ibex35,8723.2001953125
2020-03-31,ibex35,6785.39990234375
2020-04-30,ibex35,6922.2998046875
2020-05-31,ibex35,7096.5
2020-06-30,ibex35,7231.39990234375
2020-07-31,ibex35,6877.39990234375
2020-08-31,ibex35,6969.5
2020-09-30,ibex35,6716.60009765625
2020-10-31,ibex35,6452.2001953125
2020-11-30,ibex35,8076.89990234375
2020-12-31,ibex35,8073.7001953125
2021-01-31,ibex35,7757.5
2021-02-28,ibex35,8225.0
2021-03-31,ibex35,8580.0
2021-04-30,ibex35,8815.0
2021-05-31,ibex35,9148.900390625
2021-06-30,ibex35,8821.2001953125
2021-07-31,ibex35,8675.7001953125
2021-08-31,ibex35,8846.599609375
2021-09-30,ibex35,8796.2998046875
2021-10-31,ibex35,9057.7001953125
2021-11-30,ibex35,8305.099609375
2021-12-31,ibex35,8713.7998046875
2022-01-31,ibex35,8612.7998046875
2022-02-28,ibex35,8479.2001953125
2022-03-31,ibex35,8445.099609375
2022-04-30,ibex35,8584.2001953125
2022-05-31,ibex35,8851.5
2022-06-30,ibex35,8098.7001953125
2022-07-31,ibex35,8156.2001953125
2022-08-31,ibex35,7886.10009765625
2022-09-30,ibex35,7366.7998046875
2022-10-31,ibex35,7956.5
2022-11-30,ibex35,8363.2001953125
2022-12-31,ibex35,8229.099609375
2023-01-31,ibex35,9034.0
2023-02-28,ibex35,9394.599609375
2023-03-31,ibex35,9232.5
2023-04-30,ibex35,9241.0
2023-05-31,ibex35,9050.2001953125
2023-06-30,ibex35,9593.0
2023-07-31,ibex35,9641.5
2023-08-31,ibex35,9505.900390625
2023-09-30,ibex35,9428.0
2023-10-31,ibex35,9017.2998046875
2023-11-30,ibex35,10058.2001953125
2023-12-31,ibex35,10102.099609375
2024-01-31,ibex35,10077.7001953125
2024-02-29,ibex35,10001.2998046875
2024-03-31,ibex35,11074.599609375
2024-04-30,ibex35,10854.400390625
2024-05-31,ibex35,11322.0
2024-06-30,ibex35,10943.7001953125
2024-07-31,ibex35,11065.0
2024-08-31,ibex35,11401.900390625
2024-09-30,ibex35,11877.2998046875
2024-10-31,ibex35,11672.599609375
2024-11-30,ibex35,11641.2998046875
2024-12-31,ibex35,11595.0
2025-01-31,ibex35,12368.900390625
2025-02-28,ibex35,13347.2998046875
2025-03-31,ibex35,13135.400390625
2025-04-30,ibex35,13287.7998046875
2025-05-31,ibex35,14152.2001953125
2025-06-30,ibex35,13991.900390625
2025-07-31,ibex35,14397.0
2025-08-31,ibex35,14935.7998046875
2025-09-30,ibex35,15475.0
2025-10-31,ibex35,16032.599609375
2025-11-30,ibex35,16371.599609375
2025-12-31,ibex35,17307.80078125
2026-01-31,ibex35,17880.900390625
2026-02-28,ibex35,18360.80078125
2026-03-31,ibex35,17049.599609375
2026-04-30,ibex35,17781.0
2026-05-31,ibex35,18300.599609375
1991-11-30,ipc,1384.199951171875
1991-12-31,ipc,1431.5
1992-01-31,ipc,1623.5
1992-02-29,ipc,1860.5999755859373
1992-03-31,ipc,1875.699951171875
1992-04-30,ipc,1838.300048828125
1992-05-31,ipc,1892.300048828125
1992-06-30,ipc,1599.300048828125
1992-07-31,ipc,1569.699951171875
1992-08-31,ipc,1400.4000244140625
1992-09-30,ipc,1327.0999755859375
1992-10-31,ipc,1597.300048828125
1992-11-30,ipc,1716.0
1992-12-31,ipc,1759.4000244140625
1993-01-31,ipc,1653.199951171875
1993-02-28,ipc,1546.699951171875
1993-03-31,ipc,1771.699951171875
1993-04-30,ipc,1662.800048828125
1993-05-31,ipc,1613.0
1993-06-30,ipc,1666.300048828125
1993-07-31,ipc,1773.0
1993-08-31,ipc,1902.800048828125
1993-09-30,ipc,1834.4000244140625
1993-10-31,ipc,2016.4000244140625
1993-11-30,ipc,2212.800048828125
1993-12-31,ipc,2603.0
1994-01-31,ipc,2783.300048828125
1994-02-28,ipc,2585.39990234375
1994-03-31,ipc,2410.39990234375
1994-04-30,ipc,2295.5
1994-05-31,ipc,2477.699951171875
1994-06-30,ipc,2258.199951171875
1994-07-31,ipc,2461.0
1994-08-31,ipc,2710.0
1994-09-30,ipc,2746.10009765625
1994-10-31,ipc,2552.10009765625
1994-11-30,ipc,2591.300048828125
1994-12-31,ipc,2373.0
1995-01-31,ipc,2067.60009765625
1995-02-28,ipc,1533.199951171875
1995-03-31,ipc,1826.4000244140625
1995-04-30,ipc,1969.5
1995-05-31,ipc,1934.5
1995-06-30,ipc,2195.89990234375
1995-07-31,ipc,2369.10009765625
1995-08-31,ipc,2505.199951171875
1995-09-30,ipc,2392.300048828125
1995-10-31,ipc,2308.10009765625
1995-11-30,ipc,2689.0
1995-12-31,ipc,2778.5
1996-01-31,ipc,3034.699951171875
1996-02-29,ipc,2832.5
1996-03-31,ipc,3072.39990234375
1996-04-30,ipc,3187.199951171875
1996-05-31,ipc,3205.5
1996-06-30,ipc,3210.800048828125
1996-07-31,ipc,3007.199951171875
1996-08-31,ipc,3305.5
1996-09-30,ipc,3236.300048828125
1996-10-31,ipc,3213.300048828125
1996-11-30,ipc,3277.39990234375
1996-12-31,ipc,3361.0
1997-01-31,ipc,3647.10009765625
1997-02-28,ipc,3841.0
1997-03-31,ipc,3748.0
1997-04-30,ipc,3756.60009765625
1997-05-31,ipc,3968.800048828125
1997-06-30,ipc,4458.0
1997-07-31,ipc,5067.7998046875
1997-08-31,ipc,4648.39990234375
1997-09-30,ipc,5321.5
1997-10-31,ipc,4647.7998046875
1997-11-30,ipc,4974.60009765625
1997-12-31,ipc,5229.39990234375
1998-01-31,ipc,4569.39990234375
1998-02-28,ipc,4784.5
1998-03-31,ipc,5016.2001953125
1998-04-30,ipc,5098.52978515625
1998-05-31,ipc,4530.009765625
1998-06-30,ipc,4282.6201171875
1998-07-31,ipc,4244.9599609375
1998-08-31,ipc,2991.929931640625
1998-09-30,ipc,3569.8798828125
1998-10-31,ipc,4074.860107421875
1998-11-30,ipc,3769.8798828125
1998-12-31,ipc,3959.659912109375
1999-01-31,ipc,3957.929931640625
1999-02-28,ipc,4260.7998046875
1999-03-31,ipc,4930.3701171875
1999-04-30,ipc,5414.4501953125
1999-05-31,ipc,5477.64990234375
1999-06-30,ipc,5829.509765625
1999-07-31,ipc,5260.35009765625
1999-08-31,ipc,5086.8701171875
1999-09-30,ipc,5050.4599609375
1999-10-31,ipc,5450.3701171875
1999-11-30,ipc,6136.47021484375
1999-12-31,ipc,7129.8798828125
2000-01-31,ipc,6585.669921875
2000-02-29,ipc,7368.5498046875
2000-03-31,ipc,7473.25
2000-04-30,ipc,6640.68017578125
2000-05-31,ipc,5961.14013671875
2000-06-30,ipc,6948.330078125
2000-07-31,ipc,6514.2099609375
2000-08-31,ipc,6664.81982421875
2000-09-30,ipc,6334.56005859375
2000-10-31,ipc,6394.240234375
2000-11-30,ipc,5652.6298828125
2000-12-31,ipc,5652.18994140625
2001-01-31,ipc,6496.89013671875
2001-02-28,ipc,6032.10009765625
2001-03-31,ipc,5727.89013671875
2001-04-30,ipc,5987.25
2001-05-31,ipc,6595.39013671875
2001-06-30,ipc,6666.169921875
2001-07-31,ipc,6474.39990234375
2001-08-31,ipc,6310.7001953125
2001-09-30,ipc,5403.52978515625
2001-10-31,ipc,5537.0400390625
2001-11-30,ipc,5832.830078125
2001-12-31,ipc,6372.27978515625
2002-01-31,ipc,6927.8701171875
2002-02-28,ipc,6734.43994140625
2002-03-31,ipc,7361.85986328125
2002-04-30,ipc,7480.740234375
2002-05-31,ipc,7031.64013671875
2002-06-30,ipc,6460.9501953125
2002-07-31,ipc,6021.83984375
2002-08-31,ipc,6216.43017578125
2002-09-30,ipc,5728.4599609375
2002-10-31,ipc,5967.72998046875
2002-11-30,ipc,6156.830078125
2002-12-31,ipc,6127.08984375
2003-01-31,ipc,5954.35009765625
2003-02-28,ipc,5927.06005859375
2003-03-31,ipc,5914.02978515625
2003-04-30,ipc,6509.8798828125
2003-05-31,ipc,6699.18017578125
2003-06-30,ipc,7054.990234375
2003-07-31,ipc,7355.06982421875
2003-08-31,ipc,7591.419921875
2003-09-30,ipc,7822.47998046875
2003-10-31,ipc,8064.830078125
2003-11-30,ipc,8554.48046875
2003-12-31,ipc,8795.2802734375
2004-01-31,ipc,9428.76953125
2004-02-29,ipc,9991.7998046875
2004-03-31,ipc,10517.5
2004-04-30,ipc,9948.1298828125
2004-05-31,ipc,10036.2900390625
2004-06-30,ipc,10281.8203125
2004-07-31,ipc,10116.3896484375
2004-08-31,ipc,10264.3203125
2004-09-30,ipc,10957.3701171875
2004-10-31,ipc,11564.349609375
2004-11-30,ipc,12102.5498046875
2004-12-31,ipc,12917.8798828125
2005-01-31,ipc,13097.1201171875
2005-02-28,ipc,13789.4599609375
2005-03-31,ipc,12676.900390625
2005-04-30,ipc,12322.990234375
2005-05-31,ipc,12964.3896484375
2005-06-30,ipc,13486.1298828125
2005-07-31,ipc,14409.66015625
2005-08-31,ipc,14243.1904296875
2005-09-30,ipc,16120.080078125
2005-10-31,ipc,15759.73046875
2005-11-30,ipc,16830.9609375
2005-12-31,ipc,17802.7109375
2006-01-31,ipc,18907.099609375
2006-02-28,ipc,18706.3203125
2006-03-31,ipc,19272.630859375
2006-04-30,ipc,20646.189453125
2006-05-31,ipc,18677.919921875
2006-06-30,ipc,19147.169921875
2006-07-31,ipc,20095.9296875
2006-08-31,ipc,21049.349609375
2006-09-30,ipc,21937.109375
2006-10-31,ipc,23046.94921875
2006-11-30,ipc,24962.009765625
2006-12-31,ipc,26448.3203125
2007-01-31,ipc,27561.490234375
2007-02-28,ipc,26638.94921875
2007-03-31,ipc,28747.689453125
2007-04-30,ipc,28996.7109375
2007-05-31,ipc,31398.9609375
2007-06-30,ipc,31151.05078125
2007-07-31,ipc,30659.66015625
2007-08-31,ipc,30347.859375
2007-09-30,ipc,30296.189453125
2007-10-31,ipc,31458.669921875
2007-11-30,ipc,29770.51953125
2007-12-31,ipc,29536.830078125
2008-01-31,ipc,28793.640625
2008-02-29,ipc,28918.51953125
2008-03-31,ipc,30912.990234375
2008-04-30,ipc,30281.41015625
2008-05-31,ipc,31975.470703125
2008-06-30,ipc,29395.490234375
2008-07-31,ipc,27501.01953125
2008-08-31,ipc,26290.990234375
2008-09-30,ipc,24888.900390625
2008-10-31,ipc,20445.3203125
2008-11-30,ipc,20534.720703125
2008-12-31,ipc,22380.3203125
2009-01-31,ipc,19565.140625
2009-02-28,ipc,17752.1796875
2009-03-31,ipc,19626.75
2009-04-30,ipc,21898.849609375
2009-05-31,ipc,24331.7109375
2009-06-30,ipc,24368.380859375
2009-07-31,ipc,27043.5
2009-08-31,ipc,28129.94921875
2009-09-30,ipc,29232.240234375
2009-10-31,ipc,28646.029296875
2009-11-30,ipc,30957.109375
2009-12-31,ipc,32120.470703125
2010-01-31,ipc,30391.609375
2010-02-28,ipc,31634.5390625
2010-03-31,ipc,33266.4296875
2010-04-30,ipc,32687.3203125
2010-05-31,ipc,32038.529296875
2010-06-30,ipc,31156.970703125
2010-07-31,ipc,32308.740234375
2010-08-31,ipc,31679.849609375
2010-09-30,ipc,33330.33984375
2010-10-31,ipc,35568.21875
2010-11-30,ipc,36817.3203125
2010-12-31,ipc,38243.140625
2011-01-31,ipc,36982.23828125
2011-02-28,ipc,37019.69921875
2011-03-31,ipc,37440.51171875
2011-04-30,ipc,36962.62109375
2011-05-31,ipc,35832.7890625
2011-06-30,ipc,36558.0703125
2011-07-31,ipc,35999.33984375
2011-08-31,ipc,35721.1015625
2011-09-30,ipc,33503.28125
2011-10-31,ipc,36159.98828125
2011-11-30,ipc,36829.1484375
2011-12-31,ipc,37077.51953125
2012-01-31,ipc,37422.6796875
2012-02-29,ipc,37816.69140625
2012-03-31,ipc,39521.23828125
2012-04-30,ipc,39461.0
2012-05-31,ipc,37872.94921875
2012-06-30,ipc,40199.55078125
2012-07-31,ipc,40704.28125
2012-08-31,ipc,39421.6484375
2012-09-30,ipc,40799.23828125
2012-10-31,ipc,41619.9609375
2012-11-30,ipc,41833.51953125
2012-12-31,ipc,43705.828125
2013-01-31,ipc,45278.05859375
2013-02-28,ipc,44120.98828125
2013-03-31,ipc,44077.08984375
2013-04-30,ipc,42263.48046875
2013-05-31,ipc,41588.3203125
2013-06-30,ipc,40623.30078125
2013-07-31,ipc,40837.87890625
2013-08-31,ipc,39492.37109375
2013-09-30,ipc,40185.23046875
2013-10-31,ipc,41038.6484375
2013-11-30,ipc,42499.12890625
2013-12-31,ipc,42958.8203125
2014-01-31,ipc,40879.75
2014-02-28,ipc,38782.890625
2014-03-31,ipc,40461.6015625
2014-04-30,ipc,40711.55859375
2014-05-31,ipc,41362.51171875
2014-06-30,ipc,42737.171875
2014-07-31,ipc,43817.69140625
2014-08-31,ipc,45628.08984375
2014-09-30,ipc,44985.66015625
2014-10-31,ipc,45027.51953125
2014-11-30,ipc,44190.46875
2014-12-31,ipc,43145.66015625
2015-01-31,ipc,40950.578125
2015-02-28,ipc,44190.171875
2015-03-31,ipc,43724.78125
2015-04-30,ipc,44582.390625
2015-05-31,ipc,44703.62109375
2015-06-30,ipc,45053.69921875
2015-07-31,ipc,44752.9296875
2015-08-31,ipc,43721.9609375
2015-09-30,ipc,42632.5390625
2015-10-31,ipc,44542.76171875
2015-11-30,ipc,43418.55078125
2015-12-31,ipc,42977.5
2016-01-31,ipc,43630.76953125
2016-02-29,ipc,43714.9296875
2016-03-31,ipc,45881.078125
2016-04-30,ipc,45784.76953125
2016-05-31,ipc,45459.44921875
2016-06-30,ipc,45966.48828125
2016-07-31,ipc,46660.671875
2016-08-31,ipc,47541.3203125
2016-09-30,ipc,47245.80078125
2016-10-31,ipc,48009.28125
2016-11-30,ipc,45315.9609375
2016-12-31,ipc,45642.8984375
2017-01-31,ipc,47001.05859375
2017-02-28,ipc,46856.7890625
2017-03-31,ipc,48541.55859375
2017-04-30,ipc,49261.328125
2017-05-31,ipc,48788.44140625
2017-06-30,ipc,49857.48828125
2017-07-31,ipc,51011.87109375
2017-08-31,ipc,51210.48046875
2017-09-30,ipc,50346.05859375
2017-10-31,ipc,48625.53125
2017-11-30,ipc,47092.44140625
2017-12-31,ipc,49354.421875
2018-01-31,ipc,50456.171875
2018-02-28,ipc,47437.9296875
2018-03-31,ipc,46124.8515625
2018-04-30,ipc,48358.16015625
2018-05-31,ipc,44662.55078125
2018-06-30,ipc,47663.19921875
2018-07-31,ipc,49698.01171875
2018-08-31,ipc,49547.6796875
2018-09-30,ipc,49504.16015625
2018-10-31,ipc,43942.55078125
2018-11-30,ipc,41732.78125
2018-12-31,ipc,41640.26953125
2019-01-31,ipc,43987.94140625
2019-02-28,ipc,42823.80859375
2019-03-31,ipc,43281.28125
2019-04-30,ipc,44597.3203125
2019-05-31,ipc,42749.16015625
2019-06-30,ipc,43161.171875
2019-07-31,ipc,40863.08984375
2019-08-31,ipc,42622.5
2019-09-30,ipc,43011.26953125
2019-10-31,ipc,43337.28125
2019-11-30,ipc,42820.1796875
2019-12-31,ipc,43541.01953125
2020-01-31,ipc,44108.30859375
2020-02-29,ipc,41324.30859375
2020-03-31,ipc,34554.53125
2020-04-30,ipc,36470.109375
2020-05-31,ipc,36122.73046875
2020-06-30,ipc,37716.4296875
2020-07-31,ipc,37019.6796875
2020-08-31,ipc,36840.73046875
2020-09-30,ipc,37458.69140625
2020-10-31,ipc,36987.859375
2020-11-30,ipc,41778.87109375
2020-12-31,ipc,44066.87890625
2021-01-31,ipc,42985.73046875
2021-02-28,ipc,44592.91015625
2021-03-31,ipc,47246.26171875
2021-04-30,ipc,48009.71875
2021-05-31,ipc,50885.94921875
2021-06-30,ipc,50289.75
2021-07-31,ipc,50868.3203125
2021-08-31,ipc,53304.73828125
2021-09-30,ipc,51385.55078125
2021-10-31,ipc,51309.83984375
2021-11-30,ipc,49698.71875
2021-12-31,ipc,53272.44140625
2022-01-31,ipc,51330.8515625
2022-02-28,ipc,53400.609375
2022-03-31,ipc,56536.6796875
2022-04-30,ipc,51417.96875
2022-05-31,ipc,51752.53125
2022-06-30,ipc,47524.44921875
2022-07-31,ipc,48144.328125
2022-08-31,ipc,44919.21875
2022-09-30,ipc,44626.80078125
2022-10-31,ipc,49922.30078125
2022-11-30,ipc,51684.859375
2022-12-31,ipc,48463.859375
2023-01-31,ipc,54564.26953125
2023-02-28,ipc,52758.05859375
2023-03-31,ipc,53904.0
2023-04-30,ipc,55121.21875
2023-05-31,ipc,52736.26171875
2023-06-30,ipc,53526.1015625
2023-07-31,ipc,54819.05078125
2023-08-31,ipc,53020.98046875
2023-09-30,ipc,50874.98046875
2023-10-31,ipc,49061.87890625
2023-11-30,ipc,54060.01171875
2023-12-31,ipc,57386.25
2024-01-31,ipc,57372.76171875
2024-02-29,ipc,55414.0
2024-03-31,ipc,57369.01171875
2024-04-30,ipc,56727.98046875
2024-05-31,ipc,55179.23828125
2024-06-30,ipc,52440.01953125
2024-07-31,ipc,53136.83984375
2024-08-31,ipc,52913.5
2024-09-30,ipc,52477.30078125
2024-10-31,ipc,50661.05078125
2024-11-30,ipc,49812.640625
2024-12-31,ipc,49513.26953125
2025-01-31,ipc,51209.53125
2025-02-28,ipc,52325.73046875
2025-03-31,ipc,52484.4296875
2025-04-30,ipc,56259.28125
2025-05-31,ipc,57841.69140625
2025-06-30,ipc,57450.87890625
2025-07-31,ipc,57397.9296875
2025-08-31,ipc,58708.859375
2025-09-30,ipc,62915.5703125
2025-10-31,ipc,62769.1796875
2025-11-30,ipc,63596.78125
2025-12-31,ipc,64308.2890625
2026-01-31,ipc,67598.953125
2026-02-28,ipc,71405.7734375
2026-03-31,ipc,68610.71875
2026-04-30,ipc,67858.09375
2026-05-31,ipc,70021.3515625
2002-01-31,ipsa,1153.0999755859375
2002-02-28,ipsa,1144.4599609375
2002-03-31,ipsa,1163.6300048828125
2002-04-30,ipsa,1137.8399658203125
2002-05-31,ipsa,1099.739990234375
2002-06-30,ipsa,1031.949951171875
2002-07-31,ipsa,1039.6400146484375
2002-08-31,ipsa,1022.3599853515624
2002-09-30,ipsa,927.469970703125
2002-10-31,ipsa,958.5900268554688
2002-11-30,ipsa,960.3599853515624
2002-12-31,ipsa,1000.0
2003-01-31,ipsa,1001.989990234375
2003-02-28,ipsa,1014.9400024414062
2003-03-31,ipsa,1009.1300048828124
2003-04-30,ipsa,1163.9599609375
2003-05-31,ipsa,1231.010009765625
2003-06-30,ipsa,1228.1199951171875
2003-07-31,ipsa,1321.3800048828125
2003-08-31,ipsa,1369.6199951171875
2003-09-30,ipsa,1430.489990234375
2003-10-31,ipsa,1515.9599609375
2003-11-30,ipsa,1458.3399658203125
2003-12-31,ipsa,1484.800048828125
2004-01-31,ipsa,1408.8599853515625
2004-02-29,ipsa,1543.0799560546875
2004-03-31,ipsa,1458.9000244140625
2004-04-30,ipsa,1430.5999755859375
2004-05-31,ipsa,1428.800048828125
2004-06-30,ipsa,1482.97998046875
2004-07-31,ipsa,1520.8499755859375
2004-08-31,ipsa,1631.4100341796875
2004-09-30,ipsa,1707.02001953125
2004-10-31,ipsa,1768.199951171875
2004-11-30,ipsa,1790.469970703125
2004-12-31,ipsa,1801.239990234375
2005-01-31,ipsa,1809.8800048828125
2005-02-28,ipsa,1895.199951171875
2005-03-31,ipsa,1961.68994140625
2005-04-30,ipsa,1956.97998046875
2005-05-31,ipsa,1968.780029296875
2005-06-30,ipsa,2056.840087890625
2005-07-31,ipsa,2175.06005859375
2005-08-31,ipsa,2086.25
2005-09-30,ipsa,2152.820068359375
2005-10-31,ipsa,2072.639892578125
2005-11-30,ipsa,2027.6099853515625
2005-12-31,ipsa,1964.469970703125
2006-01-31,ipsa,2118.4599609375
2006-02-28,ipsa,2166.840087890625
2006-03-31,ipsa,2181.9599609375
2006-04-30,ipsa,2201.56005859375
2006-05-31,ipsa,2156.530029296875
2006-06-30,ipsa,2126.02001953125
2006-07-31,ipsa,2131.580078125
2006-08-31,ipsa,2206.3701171875
2006-09-30,ipsa,2280.47998046875
2006-10-31,ipsa,2380.260009765625
2006-11-30,ipsa,2559.669921875
2006-12-31,ipsa,2693.219970703125
2007-01-31,ipsa,2895.280029296875
2007-02-28,ipsa,2811.6201171875
2007-03-31,ipsa,2929.0
2007-04-30,ipsa,3161.219970703125
2007-05-31,ipsa,3279.530029296875
2007-06-30,ipsa,3470.179931640625
2007-07-31,ipsa,3340.429931640625
2007-08-31,ipsa,3310.139892578125
2007-09-30,ipsa,3249.0
2007-10-31,ipsa,3451.179931640625
2007-11-30,ipsa,3204.469970703125
2007-12-31,ipsa,3051.830078125
2008-01-31,ipsa,2788.340087890625
2008-02-29,ipsa,2836.830078125
2008-03-31,ipsa,2902.02001953125
2008-04-30,ipsa,2989.409912109375
2008-05-31,ipsa,3048.85009765625
2008-06-30,ipsa,2999.89990234375
2008-07-31,ipsa,3014.800048828125
2008-08-31,ipsa,2895.2099609375
2008-09-30,ipsa,2753.31005859375
2008-10-31,ipsa,2489.590087890625
2008-11-30,ipsa,2406.260009765625
2008-12-31,ipsa,2376.419921875
2009-01-31,ipsa,2549.4599609375
2009-02-28,ipsa,2468.6298828125
2009-03-31,ipsa,2478.93994140625
2009-04-30,ipsa,2670.780029296875
2009-05-31,ipsa,3100.419921875
2009-06-30,ipsa,3090.5
2009-07-31,ipsa,3226.199951171875
2009-08-31,ipsa,3175.179931640625
2009-09-30,ipsa,3372.8701171875
2009-10-31,ipsa,3314.449951171875
2009-11-30,ipsa,3255.320068359375
2009-12-31,ipsa,3581.419921875
2010-01-31,ipsa,3808.9599609375
2010-02-28,ipsa,3827.43994140625
2010-03-31,ipsa,3763.1201171875
2010-04-30,ipsa,3865.449951171875
2010-05-31,ipsa,3886.860107421875
2010-06-30,ipsa,4065.2900390625
2010-07-31,ipsa,4364.14990234375
2010-08-31,ipsa,4525.009765625
2010-09-30,ipsa,4795.3798828125
2010-10-31,ipsa,4912.52978515625
2010-11-30,ipsa,4956.9599609375
2010-12-31,ipsa,4927.52978515625
2011-01-31,ipsa,4673.06982421875
2011-02-28,ipsa,4444.56982421875
2011-03-31,ipsa,4624.47021484375
2011-04-30,ipsa,4822.5
2011-05-31,ipsa,4847.8701171875
2011-06-30,ipsa,4795.27978515625
2011-07-31,ipsa,4425.97998046875
2011-08-31,ipsa,4288.31982421875
2011-09-30,ipsa,3888.580078125
2011-10-31,ipsa,4327.25
2011-11-30,ipsa,4161.2900390625
2011-12-31,ipsa,4177.52978515625
2012-01-31,ipsa,4260.75
2012-02-29,ipsa,4535.60009765625
2012-03-31,ipsa,4671.27978515625
2012-04-30,ipsa,4585.77001953125
2012-05-31,ipsa,4318.16015625
2012-06-30,ipsa,4400.10009765625
2012-07-31,ipsa,4227.56005859375
2012-08-31,ipsa,4155.68017578125
2012-09-30,ipsa,4230.419921875
2012-10-31,ipsa,4266.35009765625
2012-11-30,ipsa,4139.990234375
2012-12-31,ipsa,4301.3798828125
2013-01-31,ipsa,4552.39990234375
2013-02-28,ipsa,4558.4599609375
2013-03-31,ipsa,4432.14013671875
2013-04-30,ipsa,4292.14013671875
2013-05-31,ipsa,4191.259765625
2013-06-30,ipsa,4029.669921875
2013-07-31,ipsa,3732.5400390625
2013-08-31,ipsa,3628.72998046875
2013-09-30,ipsa,3823.85009765625
2013-10-31,ipsa,3912.43994140625
2013-11-30,ipsa,3789.06005859375
2013-12-31,ipsa,3699.18994140625
2014-01-31,ipsa,3439.409912109375
2014-02-28,ipsa,3718.8798828125
2014-03-31,ipsa,3772.760009765625
2014-04-30,ipsa,3909.639892578125
2014-05-31,ipsa,3903.81005859375
2014-06-30,ipsa,3875.72998046875
2014-07-31,ipsa,3875.43994140625
2014-08-31,ipsa,3996.6298828125
2014-09-30,ipsa,3943.56005859375
2014-10-31,ipsa,3850.969970703125
2014-11-30,ipsa,3991.780029296875
2014-12-31,ipsa,3850.9599609375
2015-01-31,ipsa,3836.72998046875
2015-02-28,ipsa,3983.719970703125
2015-03-31,ipsa,3916.919921875
2015-04-30,ipsa,4043.449951171875
2015-05-31,ipsa,4045.6201171875
2015-06-30,ipsa,3897.10009765625
2015-07-31,ipsa,3870.35009765625
2015-08-31,ipsa,3840.2099609375
2015-09-30,ipsa,3685.179931640625
2015-10-31,ipsa,3827.989990234375
2015-11-30,ipsa,3655.300048828125
2015-12-31,ipsa,3680.2099609375
2016-01-31,ipsa,3705.919921875
2016-02-29,ipsa,3715.840087890625
2016-03-31,ipsa,3937.489990234375
2016-04-30,ipsa,4002.070068359375
2016-05-31,ipsa,3934.7099609375
2016-06-30,ipsa,3995.909912109375
2016-07-31,ipsa,4117.47021484375
2016-08-31,ipsa,4119.27978515625
2016-09-30,ipsa,4015.25
2016-10-31,ipsa,4289.77978515625
2016-11-30,ipsa,4207.240234375
2016-12-31,ipsa,4151.39013671875
2017-01-31,ipsa,4199.5
2017-02-28,ipsa,4359.8798828125
2017-03-31,ipsa,4783.419921875
2017-04-30,ipsa,4795.1298828125
2017-05-31,ipsa,4855.75
2017-06-30,ipsa,4747.240234375
2017-07-31,ipsa,5064.6201171875
2017-08-31,ipsa,5153.14990234375
2017-09-30,ipsa,5341.93017578125
2017-10-31,ipsa,5588.080078125
2017-11-30,ipsa,5003.39990234375
2017-12-31,ipsa,5564.60009765625
2018-01-31,ipsa,5855.3798828125
2018-02-28,ipsa,5602.830078125
2018-03-31,ipsa,5542.22021484375
2018-04-30,ipsa,5710.89990234375
2018-05-31,ipsa,5455.08984375
2018-06-30,ipsa,5301.25
2018-07-31,ipsa,5434.43994140625
2018-08-31,ipsa,5270.43017578125
2018-09-30,ipsa,5283.52978515625
2018-10-31,ipsa,5104.330078125
2018-11-30,ipsa,5111.8798828125
2018-12-31,ipsa,5105.43017578125
2019-01-31,ipsa,5405.60986328125
2019-02-28,ipsa,5287.5400390625
2019-03-31,ipsa,5259.41015625
2019-04-30,ipsa,5187.10009765625
2019-05-31,ipsa,4977.08984375
2019-06-30,ipsa,5058.8798828125
1997-07-31,iseq,3687.0
1997-08-31,iseq,3571.64990234375
1997-09-30,iseq,3805.3701171875
1997-10-31,iseq,3673.610107421875
1997-11-30,iseq,3761.52001953125
1997-12-31,iseq,4053.800048828125
1998-01-31,iseq,4375.3701171875
1998-02-28,iseq,4997.81982421875
1998-03-31,iseq,5267.3798828125
1998-04-30,iseq,5329.47021484375
1998-05-31,iseq,5078.27978515625
1998-06-30,iseq,5170.2998046875
1998-07-31,iseq,5116.6201171875
1998-08-31,iseq,4275.93017578125
1998-09-30,iseq,4278.14013671875
1998-10-31,iseq,4391.9501953125
1998-11-30,iseq,4726.81982421875
1998-12-31,iseq,4995.81982421875
1999-01-31,iseq,5166.22021484375
1999-02-28,iseq,5335.85009765625
1999-03-31,iseq,5304.169921875
1999-04-30,iseq,5226.14013671875
1999-05-31,iseq,4905.580078125
1999-06-30,iseq,4817.85986328125
1999-07-31,iseq,4885.58984375
1999-08-31,iseq,4938.669921875
1999-09-30,iseq,4721.6201171875
1999-10-31,iseq,4521.830078125
1999-11-30,iseq,4871.490234375
1999-12-31,iseq,5017.5400390625
2000-01-31,iseq,4903.0498046875
2000-02-29,iseq,5116.419921875
2000-03-31,iseq,5647.60009765625
2000-04-30,iseq,5384.1201171875
2000-05-31,iseq,4915.6201171875
2000-06-30,iseq,4916.6201171875
2000-07-31,iseq,4985.85009765625
2000-08-31,iseq,5403.43994140625
2000-09-30,iseq,5737.16015625
2000-10-31,iseq,5862.66015625
2000-11-30,iseq,5723.4599609375
2000-12-31,iseq,5722.52978515625
2001-01-31,iseq,5891.259765625
2001-02-28,iseq,5881.81982421875
2001-03-31,iseq,5541.35986328125
2001-04-30,iseq,5833.669921875
2001-05-31,iseq,6267.39990234375
2001-06-30,iseq,6435.14990234375
2001-07-31,iseq,6060.64013671875
2001-08-31,iseq,5757.759765625
2001-09-30,iseq,5002.77001953125
2001-10-31,iseq,5221.16015625
2001-11-30,iseq,5463.77001953125
2001-12-31,iseq,5673.22998046875
2002-01-31,iseq,5292.3701171875
2002-02-28,iseq,4959.60986328125
2002-03-31,iseq,5186.56982421875
2002-04-30,iseq,5146.72021484375
2002-05-31,iseq,5237.93994140625
2002-06-30,iseq,4743.4501953125
2002-07-31,iseq,4243.39013671875
2002-08-31,iseq,4400.97998046875
2002-09-30,iseq,3838.52001953125
2002-10-31,iseq,4219.27001953125
2002-11-30,iseq,4419.56005859375
2002-12-31,iseq,3995.030029296875
2003-01-31,iseq,3970.56005859375
2003-02-28,iseq,3789.97998046875
2003-03-31,iseq,3928.719970703125
2003-04-30,iseq,4204.64013671875
2003-05-31,iseq,4214.89013671875
2003-06-30,iseq,4279.830078125
2003-07-31,iseq,4412.8701171875
2003-08-31,iseq,4595.81982421875
2003-09-30,iseq,4487.3798828125
2003-10-31,iseq,4764.990234375
2003-11-30,iseq,4716.009765625
2003-12-31,iseq,4920.72998046875
2004-01-31,iseq,5103.47998046875
2004-02-29,iseq,5092.02001953125
2004-03-31,iseq,5177.18017578125
2004-04-30,iseq,5321.85009765625
2004-05-31,iseq,5225.5498046875
2004-06-30,iseq,5466.18994140625
2004-07-31,iseq,5358.6298828125
2004-08-31,iseq,5450.52001953125
2004-09-30,iseq,5610.330078125
2004-10-31,iseq,5681.89013671875
2004-11-30,iseq,5973.85986328125
2004-12-31,iseq,6197.830078125
2005-01-31,iseq,6414.2900390625
2005-02-28,iseq,6271.6201171875
2005-03-31,iseq,5984.8798828125
2005-04-30,iseq,5831.43994140625
2005-05-31,iseq,6215.68017578125
2005-06-30,iseq,6540.7998046875
2005-07-31,iseq,6770.1201171875
2005-08-31,iseq,6677.27978515625
2005-09-30,iseq,6839.08984375
2005-10-31,iseq,6576.22998046875
2005-11-30,iseq,6860.68017578125
2005-12-31,iseq,7363.9599609375
2006-01-31,iseq,7562.3701171875
2006-02-28,iseq,7928.2998046875
2006-03-31,iseq,8066.10009765625
2006-04-30,iseq,7930.990234375
2006-05-31,iseq,7605.85986328125
2006-06-30,iseq,7516.27978515625
2006-07-31,iseq,7507.18017578125
2006-08-31,iseq,8045.0498046875
2006-09-30,iseq,8223.83984375
2006-10-31,iseq,8621.330078125
2006-11-30,iseq,8694.330078125
2006-12-31,iseq,9408.1201171875
2007-01-31,iseq,9205.16015625
2007-02-28,iseq,9408.6796875
2007-03-31,iseq,9375.2998046875
2007-04-30,iseq,9470.48046875
2007-05-31,iseq,9854.8603515625
2007-06-30,iseq,9306.25
2007-07-31,iseq,8563.3896484375
2007-08-31,iseq,8400.9296875
2007-09-30,iseq,7883.669921875
2007-10-31,iseq,7911.1201171875
2007-11-30,iseq,7207.0498046875
2007-12-31,iseq,6934.35009765625
2008-01-31,iseq,6664.47998046875
2008-02-29,iseq,6415.1201171875
2008-03-31,iseq,6177.0498046875
2008-04-30,iseq,6338.52001953125
2008-05-31,iseq,6105.8701171875
2008-06-30,iseq,5209.56982421875
2008-07-31,iseq,4371.6201171875
2008-08-31,iseq,4494.919921875
2008-09-30,iseq,3550.6298828125
2008-10-31,iseq,3029.4599609375
2008-11-30,iseq,2538.489990234375
2008-12-31,iseq,2343.27001953125
2009-01-31,iseq,2311.389892578125
2009-02-28,iseq,2074.320068359375
2009-03-31,iseq,2193.949951171875
2009-04-30,iseq,2622.050048828125
2009-05-31,iseq,2722.52001953125
2009-06-30,iseq,2706.080078125
2009-07-31,iseq,2791.10009765625
2009-08-31,iseq,3096.159912109375
2009-09-30,iseq,3347.330078125
2009-10-31,iseq,2866.68994140625
2009-11-30,iseq,2807.590087890625
2009-12-31,iseq,2974.929931640625
2010-01-31,iseq,2976.25
2010-02-28,iseq,2873.60009765625
2010-03-31,iseq,3177.77001953125
2010-04-30,iseq,3397.0
2010-05-31,iseq,2947.699951171875
2010-06-30,iseq,2878.669921875
2010-07-31,iseq,2915.360107421875
2010-08-31,iseq,2703.860107421875
2010-09-30,iseq,2676.179931640625
2010-10-31,iseq,2684.25
2010-11-30,iseq,2646.0
2010-12-31,iseq,2885.10009765625
2011-01-31,iseq,2852.81005859375
2011-02-28,iseq,2976.5400390625
2011-03-31,iseq,2874.7099609375
2011-04-30,iseq,3005.169921875
2011-05-31,iseq,2969.570068359375
2011-06-30,iseq,2953.2900390625
2011-07-31,iseq,2821.280029296875
2011-08-31,iseq,2576.81005859375
2011-09-30,iseq,2503.18994140625
2011-10-31,iseq,2724.659912109375
2011-11-30,iseq,2749.050048828125
2011-12-31,iseq,2901.820068359375
2012-01-31,iseq,3007.7900390625
2012-02-29,iseq,3208.320068359375
2012-03-31,iseq,3254.81005859375
2012-04-30,iseq,3224.449951171875
2012-05-31,iseq,3062.02001953125
2012-06-30,iseq,3148.6201171875
2012-07-31,iseq,3169.25
2012-08-31,iseq,3160.7900390625
2012-09-30,iseq,3278.280029296875
2012-10-31,iseq,3248.489990234375
2012-11-30,iseq,3290.27001953125
2012-12-31,iseq,3396.669921875
2013-01-31,iseq,3546.330078125
2013-02-28,iseq,3756.77001953125
2013-03-31,iseq,3958.27001953125
2013-04-30,iseq,3858.219970703125
2013-05-31,iseq,4012.89990234375
2013-06-30,iseq,3963.330078125
2013-07-31,iseq,4104.8701171875
2013-08-31,iseq,4190.169921875
2013-09-30,iseq,4238.27978515625
2013-10-31,iseq,4405.89990234375
2013-11-30,iseq,4509.919921875
2013-12-31,iseq,4539.43017578125
2014-01-31,iseq,4652.2998046875
2014-02-28,iseq,5195.97021484375
2014-03-31,iseq,4995.39013671875
2014-04-30,iseq,4897.02978515625
2014-05-31,iseq,4898.77001953125
2014-06-30,iseq,4699.93994140625
2014-07-31,iseq,4647.7900390625
2014-08-31,iseq,4783.1298828125
2014-09-30,iseq,4874.68017578125
2014-10-31,iseq,4763.1298828125
2014-11-30,iseq,5071.580078125
2014-12-31,iseq,5224.56005859375
2015-01-31,iseq,5471.52001953125
2015-02-28,iseq,5977.02978515625
2015-03-31,iseq,6019.490234375
2015-04-30,iseq,6047.14990234375
2015-05-31,iseq,6274.60009765625
2015-06-30,iseq,6165.0400390625
2015-07-31,iseq,6512.77001953125
2015-08-31,iseq,6405.97021484375
2015-09-30,iseq,6167.41015625
2015-10-31,iseq,6428.5498046875
2015-11-30,iseq,6838.47998046875
2015-12-31,iseq,6791.68017578125
2016-01-31,iseq,6343.240234375
2016-02-29,iseq,6344.10986328125
2016-03-31,iseq,6308.919921875
2016-04-30,iseq,6161.41015625
2016-05-31,iseq,6493.4599609375
2016-06-30,iseq,5642.490234375
2016-07-31,iseq,5867.64013671875
2016-08-31,iseq,6170.419921875
2016-09-30,iseq,6034.830078125
2016-10-31,iseq,5912.77001953125
2016-11-30,iseq,6215.7998046875
2016-12-31,iseq,6517.240234375
2017-01-31,iseq,6392.39013671875
2017-02-28,iseq,6546.56982421875
2017-03-31,iseq,6658.580078125
2017-04-30,iseq,6860.77978515625
2017-05-31,iseq,6946.58984375
2017-06-30,iseq,6827.6201171875
2017-07-31,iseq,6649.39013671875
2017-08-31,iseq,6621.18994140625
2017-09-30,iseq,6881.75
2017-10-31,iseq,6972.72998046875
2017-11-30,iseq,6867.669921875
2017-12-31,iseq,7038.27978515625
2018-01-31,iseq,6961.64013671875
2018-02-28,iseq,6683.39013671875
2018-03-31,iseq,6593.64990234375
2018-04-30,iseq,6805.18994140625
2018-05-31,iseq,7140.85986328125
2018-06-30,iseq,6982.830078125
2018-07-31,iseq,6831.97998046875
2018-08-31,iseq,6773.91015625
2018-09-30,iseq,6522.35986328125
2018-10-31,iseq,6147.60986328125
2018-11-30,iseq,5818.64990234375
2018-12-31,iseq,5479.81005859375
2019-01-31,iseq,5767.68017578125
2019-02-28,iseq,6115.60009765625
2019-03-31,iseq,6138.66015625
2019-04-30,iseq,6455.240234375
2019-05-31,iseq,6079.6298828125
2019-06-30,iseq,6152.6298828125
2019-07-31,iseq,6111.1298828125
2019-08-31,iseq,5879.419921875
2019-09-30,iseq,6244.3701171875
2019-10-31,iseq,6540.2998046875
2019-11-30,iseq,6998.06005859375
2019-12-31,iseq,7183.41015625
2020-01-31,iseq,6998.2001953125
2020-02-29,iseq,6397.3701171875
2020-03-31,iseq,5153.64990234375
2020-04-30,iseq,5603.0
2020-05-31,iseq,5888.5498046875
2020-06-30,iseq,5973.89990234375
2020-07-31,iseq,6099.58984375
2020-08-31,iseq,6434.43994140625
2020-09-30,iseq,6380.89990234375
2020-10-31,iseq,6427.75
2020-11-30,iseq,7184.75
2020-12-31,iseq,7376.330078125
2021-01-31,iseq,7047.2998046875
2021-02-28,iseq,7341.47998046875
2021-03-31,iseq,8083.97998046875
2021-04-30,iseq,8092.97021484375
2021-05-31,iseq,8231.76953125
2021-06-30,iseq,8174.4501953125
2021-07-31,iseq,8324.650390625
2021-08-31,iseq,8786.9296875
2021-09-30,iseq,8402.1298828125
2021-10-31,iseq,8551.2099609375
2021-11-30,iseq,7847.47998046875
2021-12-31,iseq,8444.51953125
2022-01-31,iseq,8220.8203125
2022-02-28,iseq,7860.27001953125
2022-03-31,iseq,7184.91015625
2022-04-30,iseq,7327.27001953125
2022-05-31,iseq,7310.06005859375
2022-06-30,iseq,6277.990234375
2022-07-31,iseq,6808.75
2022-08-31,iseq,6977.77001953125
2022-09-30,iseq,6311.47021484375
2022-10-31,iseq,6978.97998046875
2022-11-30,iseq,7268.509765625
2022-12-31,iseq,7108.81982421875
2023-01-31,iseq,7907.509765625
2023-02-28,iseq,8214.900390625
2023-03-31,iseq,8341.1904296875
2023-04-30,iseq,8432.1201171875
2023-05-31,iseq,8462.150390625
2023-06-30,iseq,8723.1103515625
2023-07-31,iseq,9066.099609375
2023-08-31,iseq,8945.9404296875
2023-09-30,iseq,8416.580078125
2023-10-31,iseq,7834.7900390625
2023-11-30,iseq,8355.5302734375
2023-12-31,iseq,8760.3603515625
2024-01-31,iseq,9178.1201171875
2024-02-29,iseq,9489.669921875
2024-03-31,iseq,9957.26953125
2024-04-30,iseq,9917.33984375
2024-05-31,iseq,9940.3203125
2024-06-30,iseq,9318.349609375
2024-07-31,iseq,9674.0703125
2024-08-31,iseq,9779.080078125
2024-09-30,iseq,9897.16015625
2024-10-31,iseq,9636.08984375
2024-11-30,iseq,9608.75
2024-12-31,iseq,9757.26953125
2025-01-31,iseq,10205.8701171875
2025-02-28,iseq,10982.98046875
2025-03-31,iseq,10188.6796875
2025-04-30,iseq,10373.4599609375
2025-05-31,iseq,11411.7197265625
2025-06-30,iseq,11421.7099609375
2025-07-31,iseq,11410.26953125
2025-08-31,iseq,11281.2900390625
2025-09-30,iseq,11624.6796875
2025-10-31,iseq,11877.9501953125
2025-11-30,iseq,12836.2900390625
2025-12-31,iseq,13099.349609375
2026-01-31,iseq,13147.759765625
2026-02-28,iseq,13128.5400390625
2026-03-31,iseq,12056.0302734375
2026-04-30,iseq,12593.3603515625
2026-05-31,iseq,13206.8095703125
1990-04-30,jkse,638.7730712890625
1990-05-31,jkse,636.3753051757812
1990-06-30,jkse,624.2957153320312
1990-07-31,jkse,614.382080078125
1990-08-31,jkse,570.997802734375
1990-09-30,jkse,468.4907836914063
1990-10-31,jkse,416.4728088378906
1990-11-30,jkse,382.1881103515625
1990-12-31,jkse,417.7717590332031
1991-01-31,jkse,383.0031127929688
1991-02-28,jkse,391.3147583007813
1991-03-31,jkse,408.0940856933594
1991-04-30,jkse,413.6969299316406
1991-05-31,jkse,397.5845642089844
1991-06-30,jkse,346.2525329589844
1991-07-31,jkse,339.9447631835937
1991-08-31,jkse,300.9682922363281
1991-09-30,jkse,249.1772918701172
1991-10-31,jkse,226.67518615722656
1991-11-30,jkse,241.30860900878903
1991-12-31,jkse,247.3803558349609
1992-01-31,jkse,282.23004150390625
1992-02-29,jkse,280.9840393066406
1992-03-31,jkse,278.6771545410156
1992-04-30,jkse,277.26318359375
1992-05-31,jkse,299.2083435058594
1992-06-30,jkse,313.5477905273437
1992-07-31,jkse,317.1776733398437
1992-08-31,jkse,301.2682800292969
1992-09-30,jkse,298.37841796875
1992-10-31,jkse,307.5680236816406
1992-11-30,jkse,285.5888977050781
1992-12-31,jkse,274.3293151855469
1993-01-31,jkse,280.1390991210937
1993-02-28,jkse,300.3683166503906
1993-03-31,jkse,310.7479248046875
1993-04-30,jkse,314.0877685546875
1993-05-31,jkse,341.8367004394531
1993-06-30,jkse,360.33599853515625
1993-07-31,jkse,356.70611572265625
1993-08-31,jkse,417.2837524414063
1993-09-30,jkse,419.9436340332031
1993-10-31,jkse,466.1318664550781
1993-11-30,jkse,518.7598266601562
1993-12-31,jkse,588.7471313476562
1994-01-31,jkse,591.9969482421875
1994-02-28,jkse,546.208740234375
1994-03-31,jkse,492.350830078125
1994-04-30,jkse,462.3819885253906
1994-05-31,jkse,501.7704772949219
1994-06-30,jkse,457.2821960449219
1994-07-31,jkse,451.0624084472656
1994-08-31,jkse,510.24017333984375
1994-09-30,jkse,497.95062255859375
1994-10-31,jkse,523.4696655273438
1994-11-30,jkse,482.6112365722656
1994-12-31,jkse,469.6217346191406
1995-01-31,jkse,433.8131103515625
1995-02-28,jkse,453.5623474121094
1995-03-31,jkse,428.6233215332031
1995-04-30,jkse,416.4338073730469
1995-05-31,jkse,475.2615051269531
1995-06-30,jkse,492.2608337402344
1995-07-31,jkse,512.0400390625
1995-08-31,jkse,500.7304992675781
1995-09-30,jkse,493.2207946777344
1995-10-31,jkse,488.4309997558594
1995-11-30,jkse,481.7112731933594
1995-12-31,jkse,513.8299560546875
1996-01-31,jkse,578.5374755859375
1996-02-29,jkse,585.1861572265625
1996-03-31,jkse,585.6821899414062
1996-04-30,jkse,623.8847045898438
1996-05-31,jkse,617.4420166015625
1996-06-30,jkse,594.23583984375
1996-07-31,jkse,536.0081176757812
1996-08-31,jkse,547.588623046875
1996-09-30,jkse,573.9166870117188
1996-10-31,jkse,568.0068969726562
1996-11-30,jkse,612.9890747070312
1996-12-31,jkse,637.4072265625
1997-01-31,jkse,691.089111328125
1997-02-28,jkse,705.3465576171875
1997-03-31,jkse,662.2102661132812
1997-04-30,jkse,652.0236206054688
1997-05-31,jkse,696.0009765625
1997-06-30,jkse,724.52783203125
1997-07-31,jkse,721.241943359375
1997-08-31,jkse,493.9427795410156
1997-09-30,jkse,546.666748046875
1997-10-31,jkse,500.3985290527344
1997-11-30,jkse,401.6923522949219
1997-12-31,jkse,401.69635009765625
1998-01-31,jkse,485.9190673828125
1998-02-28,jkse,482.3592224121094
1998-03-31,jkse,541.4039306640625
1998-04-30,jkse,460.1170959472656
1998-05-31,jkse,420.4486389160156
1998-06-30,jkse,445.9026489257813
1998-07-31,jkse,481.6982727050781
1998-08-31,jkse,342.42266845703125
1998-09-30,jkse,276.13922119140625
1998-10-31,jkse,300.75830078125
1998-11-30,jkse,386.2559814453125
1998-12-31,jkse,398.02252197265625
1999-01-31,jkse,411.9159851074219
1999-02-28,jkse,396.0735473632813
1999-03-31,jkse,393.6096801757813
1999-04-30,jkse,495.2026977539063
1999-05-31,jkse,585.2191772460938
1999-06-30,jkse,661.999267578125
1999-07-31,jkse,597.850830078125
1999-08-31,jkse,567.00390625
1999-09-30,jkse,547.9156494140625
1999-10-31,jkse,593.845947265625
1999-11-30,jkse,583.7772827148438
1999-12-31,jkse,676.8927001953125
2000-01-31,jkse,636.3472900390625
2000-02-29,jkse,576.51953125
2000-03-31,jkse,583.2533569335938
2000-04-30,jkse,526.7164916992188
2000-05-31,jkse,454.309326171875
2000-06-30,jkse,515.0899047851562
2000-07-31,jkse,492.173828125
2000-08-31,jkse,466.3618469238281
2000-09-30,jkse,421.3196105957031
2000-10-31,jkse,405.3311767578125
2000-11-30,jkse,429.197265625
2000-12-31,jkse,416.3048095703125
2001-01-31,jkse,425.5974426269531
2001-02-28,jkse,428.2863464355469
2001-03-31,jkse,381.0351867675781
2001-04-30,jkse,358.2180480957031
2001-05-31,jkse,405.8471984863281
2001-06-30,jkse,437.6029968261719
2001-07-31,jkse,444.063720703125
2001-08-31,jkse,435.5350646972656
2001-09-30,jkse,392.4637145996094
2001-10-31,jkse,383.7200622558594
2001-11-30,jkse,380.293212890625
2001-12-31,jkse,392.020751953125
2002-01-31,jkse,451.618408203125
2002-02-28,jkse,453.2283630371094
2002-03-31,jkse,481.7562561035156
2002-04-30,jkse,534.0411987304688
2002-05-31,jkse,530.7693481445312
2002-06-30,jkse,504.9893493652344
2002-07-31,jkse,463.6509704589844
2002-08-31,jkse,443.65673828125
2002-09-30,jkse,419.2906799316406
2002-10-31,jkse,369.0296325683594
2002-11-30,jkse,390.4097900390625
2002-12-31,jkse,424.928466796875
2003-01-31,jkse,388.4278869628906
2003-02-28,jkse,399.2044677734375
2003-03-31,jkse,397.988525390625
2003-04-30,jkse,450.8434448242188
2003-05-31,jkse,494.7567138671875
2003-06-30,jkse,505.4793395996094
2003-07-31,jkse,507.9652099609375
2003-08-31,jkse,529.6543579101562
2003-09-30,jkse,597.6287841796875
2003-10-31,jkse,625.5216674804688
2003-11-30,jkse,617.0599975585938
2003-12-31,jkse,691.8681030273438
2004-01-31,jkse,752.9027099609375
2004-02-29,jkse,761.0513916015625
2004-03-31,jkse,735.6483764648438
2004-04-30,jkse,783.3825073242188
2004-05-31,jkse,732.4874877929688
2004-06-30,jkse,732.3724975585938
2004-07-31,jkse,756.9534912109375
2004-08-31,jkse,754.6746215820312
2004-09-30,jkse,820.10205078125
2004-10-31,jkse,860.4535522460938
2004-11-30,jkse,977.72900390625
2004-12-31,jkse,1000.1940307617188
2005-01-31,jkse,1045.3944091796875
2005-02-28,jkse,1073.7862548828125
2005-03-31,jkse,1080.1229248046875
2005-04-30,jkse,1029.5728759765625
2005-05-31,jkse,1088.1265869140625
2005-06-30,jkse,1122.3323974609375
2005-07-31,jkse,1182.2550048828125
2005-08-31,jkse,1050.049072265625
2005-09-30,jkse,1079.23291015625
2005-10-31,jkse,1066.1824951171875
2005-11-30,jkse,1096.5982666015625
2005-12-31,jkse,1162.5897216796875
2006-01-31,jkse,1232.273193359375
2006-02-28,jkse,1230.6160888671875
2006-03-31,jkse,1322.9224853515625
2006-04-30,jkse,1464.3489990234375
2006-05-31,jkse,1329.944091796875
2006-06-30,jkse,1310.2120361328125
2006-07-31,jkse,1351.596435546875
2006-08-31,jkse,1431.206298828125
2006-09-30,jkse,1534.5552978515625
2006-10-31,jkse,1582.564453125
2006-11-30,jkse,1718.8941650390625
2006-12-31,jkse,1805.45263671875
2007-01-31,jkse,1757.189697265625
2007-02-28,jkse,1740.9031982421875
2007-03-31,jkse,1830.8526611328125
2007-04-30,jkse,1999.0892333984373
2007-05-31,jkse,2084.242919921875
2007-06-30,jkse,2139.19482421875
2007-07-31,jkse,2348.58154296875
2007-08-31,jkse,2194.253662109375
2007-09-30,jkse,2359.1142578125
2007-10-31,jkse,2643.384033203125
2007-11-30,jkse,2688.227294921875
2007-12-31,jkse,2745.718994140625
2008-01-31,jkse,2627.148681640625
2008-02-29,jkse,2721.838134765625
2008-03-31,jkse,2447.203857421875
2008-04-30,jkse,2304.42626953125
2008-05-31,jkse,2444.254150390625
2008-06-30,jkse,2349.013427734375
2008-07-31,jkse,2304.418212890625
2008-08-31,jkse,2165.85888671875
2008-09-30,jkse,1846.01904296875
2008-10-31,jkse,1256.655029296875
2008-11-30,jkse,1241.49267578125
2008-12-31,jkse,1355.355224609375
2009-01-31,jkse,1332.6151123046875
2009-02-28,jkse,1285.4259033203125
2009-03-31,jkse,1434.01806640625
2009-04-30,jkse,1722.698974609375
2009-05-31,jkse,1916.7564697265625
2009-06-30,jkse,2026.701171875
2009-07-31,jkse,2323.1455078125
2009-08-31,jkse,2341.44580078125
2009-09-30,jkse,2467.4951171875
2009-10-31,jkse,2367.608642578125
2009-11-30,jkse,2415.742919921875
2009-12-31,jkse,2534.25732421875
2010-01-31,jkse,2610.6943359375
2010-02-28,jkse,2548.933837890625
2010-03-31,jkse,2777.19287109375
2010-04-30,jkse,2971.136474609375
2010-05-31,jkse,2796.84814453125
2010-06-30,jkse,2913.57080078125
2010-07-31,jkse,3069.16064453125
2010-08-31,jkse,3081.763916015625
2010-09-30,jkse,3501.159912109375
2010-10-31,jkse,3635.182373046875
2010-11-30,jkse,3531.073486328125
2010-12-31,jkse,3703.367919921875
2011-01-31,jkse,3409.034423828125
2011-02-28,jkse,3470.212890625
2011-03-31,jkse,3678.531005859375
2011-04-30,jkse,3819.46923828125
2011-05-31,jkse,3836.81787109375
2011-06-30,jkse,3888.417724609375
2011-07-31,jkse,4130.63916015625
2011-08-31,jkse,3841.58154296875
2011-09-30,jkse,3548.893798828125
2011-10-31,jkse,3790.699462890625
2011-11-30,jkse,3714.935302734375
2011-12-31,jkse,3821.84326171875
2012-01-31,jkse,3941.539794921875
2012-02-29,jkse,3985.054931640625
2012-03-31,jkse,4121.39013671875
2012-04-30,jkse,4180.5693359375
2012-05-31,jkse,3832.6748046875
2012-06-30,jkse,3955.4228515625
2012-07-31,jkse,4142.17578125
2012-08-31,jkse,4060.1728515625
2012-09-30,jkse,4262.39501953125
2012-10-31,jkse,4350.12158203125
2012-11-30,jkse,4275.974609375
2012-12-31,jkse,4316.5185546875
2013-01-31,jkse,4453.52978515625
2013-02-28,jkse,4795.60205078125
2013-03-31,jkse,4940.7939453125
2013-04-30,jkse,5033.875
2013-05-31,jkse,5068.4306640625
2013-06-30,jkse,4818.70751953125
2013-07-31,jkse,4610.197265625
2013-08-31,jkse,4194.92578125
2013-09-30,jkse,4316.00732421875
2013-10-31,jkse,4510.45556640625
2013-11-30,jkse,4256.2705078125
2013-12-31,jkse,4274.01025390625
2014-01-31,jkse,4418.58447265625
2014-02-28,jkse,4620.0361328125
2014-03-31,jkse,4768.09130859375
2014-04-30,jkse,4839.95751953125
2014-05-31,jkse,4893.7177734375
2014-06-30,jkse,4878.39208984375
2014-07-31,jkse,5088.60400390625
2014-08-31,jkse,5136.66259765625
2014-09-30,jkse,5137.37890625
2014-10-31,jkse,5089.34912109375
2014-11-30,jkse,5149.68798828125
2014-12-31,jkse,5226.7431640625
2015-01-31,jkse,5289.19775390625
2015-02-28,jkse,5450.08203125
2015-03-31,jkse,5518.4599609375
2015-04-30,jkse,5086.22705078125
2015-05-31,jkse,5216.17578125
2015-06-30,jkse,4910.466796875
2015-07-31,jkse,4802.341796875
2015-08-31,jkse,4509.431640625
2015-09-30,jkse,4223.744140625
2015-10-31,jkse,4455.0068359375
2015-11-30,jkse,4446.28515625
2015-12-31,jkse,4592.8291015625
2016-01-31,jkse,4614.9833984375
2016-02-29,jkse,4770.7705078125
2016-03-31,jkse,4845.18212890625
2016-04-30,jkse,4838.39453125
2016-05-31,jkse,4796.68212890625
2016-06-30,jkse,5016.4521484375
2016-07-31,jkse,5215.791015625
2016-08-31,jkse,5385.87255859375
2016-09-30,jkse,5364.59521484375
2016-10-31,jkse,5422.5419921875
2016-11-30,jkse,5148.91015625
2016-12-31,jkse,5296.7109375
2017-01-31,jkse,5294.10302734375
2017-02-28,jkse,5386.69189453125
2017-03-31,jkse,5568.10595703125
2017-04-30,jkse,5685.2978515625
2017-05-31,jkse,5738.15478515625
2017-06-30,jkse,5829.7080078125
2017-07-31,jkse,5840.93896484375
2017-08-31,jkse,5864.05908203125
2017-09-30,jkse,5900.85400390625
2017-10-31,jkse,6005.7841796875
2017-11-30,jkse,5952.13818359375
2017-12-31,jkse,6355.65380859375
2018-01-31,jkse,6605.630859375
2018-02-28,jkse,6597.2177734375
2018-03-31,jkse,6188.98681640625
2018-04-30,jkse,5994.59521484375
2018-05-31,jkse,5983.5869140625
2018-06-30,jkse,5799.23681640625
2018-07-31,jkse,5936.44287109375
2018-08-31,jkse,6018.4599609375
2018-09-30,jkse,5976.55322265625
2018-10-31,jkse,5831.64990234375
2018-11-30,jkse,6056.1240234375
2018-12-31,jkse,6194.498046875
2019-01-31,jkse,6532.96923828125
2019-02-28,jkse,6443.34814453125
2019-03-31,jkse,6468.7548828125
2019-04-30,jkse,6455.35205078125
2019-05-31,jkse,6209.1171875
2019-06-30,jkse,6358.62890625
2019-07-31,jkse,6390.5048828125
2019-08-31,jkse,6328.47021484375
2019-09-30,jkse,6169.10205078125
2019-10-31,jkse,6228.31689453125
2019-11-30,jkse,6011.830078125
2019-12-31,jkse,6299.5390625
2020-01-31,jkse,5940.0478515625
2020-02-29,jkse,5452.7041015625
2020-03-31,jkse,4538.93017578125
2020-04-30,jkse,4716.40283203125
2020-05-31,jkse,4753.61181640625
2020-06-30,jkse,4905.39208984375
2020-07-31,jkse,5149.626953125
2020-08-31,jkse,5238.48681640625
2020-09-30,jkse,4870.0390625
2020-10-31,jkse,5128.22509765625
2020-11-30,jkse,5612.4150390625
2020-12-31,jkse,5979.0732421875
2021-01-31,jkse,5862.35205078125
2021-02-28,jkse,6241.7958984375
2021-03-31,jkse,5985.52197265625
2021-04-30,jkse,5995.6162109375
2021-05-31,jkse,5947.462890625
2021-06-30,jkse,5985.48876953125
2021-07-31,jkse,6070.0390625
2021-08-31,jkse,6150.298828125
2021-09-30,jkse,6286.94287109375
2021-10-31,jkse,6591.34619140625
2021-11-30,jkse,6533.93212890625
2021-12-31,jkse,6581.48193359375
2022-01-31,jkse,6631.15087890625
2022-02-28,jkse,6888.1708984375
2022-03-31,jkse,7071.44189453125
2022-04-30,jkse,7228.9140625
2022-05-31,jkse,7148.97021484375
2022-06-30,jkse,6911.58203125
2022-07-31,jkse,6951.123046875
2022-08-31,jkse,7178.58984375
2022-09-30,jkse,7040.7978515625
2022-10-31,jkse,7098.89013671875
2022-11-30,jkse,7081.31298828125
2022-12-31,jkse,6850.619140625
2023-01-31,jkse,6839.341796875
2023-02-28,jkse,6843.23876953125
2023-03-31,jkse,6805.27685546875
2023-04-30,jkse,6915.7158203125
2023-05-31,jkse,6633.26123046875
2023-06-30,jkse,6661.87890625
2023-07-31,jkse,6931.35888671875
2023-08-31,jkse,6953.259765625
2023-09-30,jkse,6939.89208984375
2023-10-31,jkse,6752.2109375
2023-11-30,jkse,7080.7412109375
2023-12-31,jkse,7272.796875
2024-01-31,jkse,7207.94091796875
2024-02-29,jkse,7316.11083984375
2024-03-31,jkse,7288.81298828125
2024-04-30,jkse,7234.19677734375
2024-05-31,jkse,6970.73583984375
2024-06-30,jkse,7063.5771484375
2024-07-31,jkse,7255.76220703125
2024-08-31,jkse,7670.73291015625
2024-09-30,jkse,7527.92919921875
2024-10-31,jkse,7574.01904296875
2024-11-30,jkse,7114.26611328125
2024-12-31,jkse,7079.90478515625
2025-01-31,jkse,7109.19580078125
2025-02-28,jkse,6270.59716796875
2025-03-31,jkse,6510.6201171875
2025-04-30,jkse,6766.794921875
2025-05-31,jkse,7175.81884765625
2025-06-30,jkse,6927.67919921875
2025-07-31,jkse,7484.3369140625
2025-08-31,jkse,7830.4931640625
2025-09-30,jkse,8061.06201171875
2025-10-31,jkse,8163.875
2025-11-30,jkse,8508.7060546875
2025-12-31,jkse,8646.9384765625
2026-01-31,jkse,8329.6064453125
2026-02-28,jkse,8235.4853515625
2026-03-31,jkse,7048.22216796875
2026-04-30,jkse,6956.80419921875
2026-05-31,jkse,6130.18994140625
1993-12-31,klci,1275.3199462890625
1994-01-31,klci,1106.989990234375
1994-02-28,klci,1125.6300048828125
1994-03-31,klci,952.719970703125
1994-04-30,klci,1054.5
1994-05-31,klci,993.72998046875
1994-06-30,klci,1011.5800170898438
1994-07-31,klci,1027.510009765625
1994-08-31,klci,1130.010009765625
1994-09-30,klci,1129.760009765625
1994-10-31,klci,1108.8499755859375
1994-11-30,klci,1013.1300048828124
1994-12-31,klci,971.2100219726562
1995-01-31,klci,883.2899780273438
1995-02-28,klci,979.6400146484376
1995-03-31,klci,983.0999755859376
1995-04-30,klci,951.7999877929688
1995-05-31,klci,1050.0
1995-06-30,klci,1026.6199951171875
1995-07-31,klci,1060.2099609375
1995-08-31,klci,1015.0700073242188
1995-09-30,klci,1000.5999755859376
1995-10-31,klci,957.6099853515624
1995-11-30,klci,951.6900024414062
1995-12-31,klci,995.1699829101562
1996-01-31,klci,1055.4200439453125
1996-02-29,klci,1084.4100341796875
1996-03-31,klci,1149.0799560546875
1996-04-30,klci,1189.5400390625
1996-05-31,klci,1141.0699462890625
1996-06-30,klci,1136.31005859375
1996-07-31,klci,1068.22998046875
1996-08-31,klci,1118.5699462890625
1996-09-30,klci,1135.27001953125
1996-10-31,klci,1168.31005859375
1996-11-30,klci,1226.52001953125
1996-12-31,klci,1237.9599609375
1997-01-31,klci,1216.719970703125
1997-02-28,klci,1270.6700439453125
1997-03-31,klci,1203.0999755859375
1997-04-30,klci,1080.1700439453125
1997-05-31,klci,1104.8299560546875
1997-06-30,klci,1077.300048828125
1997-07-31,klci,1012.8400268554688
1997-08-31,klci,804.4000244140625
1997-09-30,klci,814.5700073242188
1997-10-31,klci,664.6900024414062
1997-11-30,klci,545.4400024414062
1997-12-31,klci,594.4400024414062
1998-01-31,klci,569.510009765625
1998-02-28,klci,745.3599853515625
1998-03-31,klci,719.52001953125
1998-04-30,klci,625.969970703125
1998-05-31,klci,538.239990234375
1998-06-30,klci,455.6400146484375
1998-07-31,klci,402.6499938964844
1998-08-31,klci,302.9100036621094
1998-09-30,klci,373.5199890136719
1998-10-31,klci,405.3299865722656
1998-11-30,klci,501.4700012207031
1998-12-31,klci,586.1300048828125
1999-01-31,klci,591.4299926757812
1999-02-28,klci,542.22998046875
1999-03-31,klci,502.8200073242188
1999-04-30,klci,674.9600219726562
1999-05-31,klci,743.0399780273438
1999-06-30,klci,811.0999755859375
1999-07-31,klci,768.6900024414062
1999-08-31,klci,767.0599975585938
1999-09-30,klci,675.4500122070312
1999-10-31,klci,742.8699951171875
1999-11-30,klci,734.6599731445312
1999-12-31,klci,812.3300170898438
2000-01-31,klci,922.0999755859376
2000-02-29,klci,982.239990234375
2000-03-31,klci,974.3800048828124
2000-04-30,klci,898.3499755859375
2000-05-31,klci,911.510009765625
2000-06-30,klci,833.3699951171875
2000-07-31,klci,798.8300170898438
2000-08-31,klci,795.8400268554688
2000-09-30,klci,713.510009765625
2000-10-31,klci,752.3599853515625
2000-11-30,klci,729.9500122070312
2000-12-31,klci,679.6400146484375
2001-01-31,klci,727.72998046875
2001-02-28,klci,709.3900146484375
2001-03-31,klci,647.47998046875
2001-04-30,klci,584.5
2001-05-31,klci,572.8800048828125
2001-06-30,klci,592.989990234375
2001-07-31,klci,659.4000244140625
2001-08-31,klci,687.1599731445312
2001-09-30,klci,615.3400268554688
2001-10-31,klci,600.0700073242188
2001-11-30,klci,638.02001953125
2001-12-31,klci,696.0900268554688
2002-01-31,klci,718.8200073242188
2002-02-28,klci,708.9099731445312
2002-03-31,klci,756.0999755859375
2002-04-30,klci,793.989990234375
2002-05-31,klci,741.760009765625
2002-06-30,klci,725.4400024414062
2002-07-31,klci,721.5900268554688
2002-08-31,klci,711.3599853515625
2002-09-30,klci,638.010009765625
2002-10-31,klci,659.5700073242188
2002-11-30,klci,629.219970703125
2002-12-31,klci,646.3200073242188
2003-01-31,klci,664.77001953125
2003-02-28,klci,646.7999877929688
2003-03-31,klci,635.719970703125
2003-04-30,klci,630.3699951171875
2003-05-31,klci,671.4600219726562
2003-06-30,klci,691.9600219726562
2003-07-31,klci,720.5599975585938
2003-08-31,klci,743.2999877929688
2003-09-30,klci,733.4500122070312
2003-10-31,klci,817.1199951171875
2003-11-30,klci,779.280029296875
2003-12-31,klci,793.9400024414062
2004-01-31,klci,818.9400024414062
2004-02-29,klci,879.239990234375
2004-03-31,klci,901.8499755859376
2004-04-30,klci,838.2100219726562
2004-05-31,klci,810.6699829101562
2004-06-30,klci,819.8599853515625
2004-07-31,klci,833.97998046875
2004-08-31,klci,827.97998046875
2004-09-30,klci,849.9600219726562
2004-10-31,klci,861.1400146484375
2004-11-30,klci,917.1900024414062
2004-12-31,klci,907.4299926757812
2005-01-31,klci,916.27001953125
2005-02-28,klci,907.3800048828124
2005-03-31,klci,871.3499755859375
2005-04-30,klci,878.9600219726562
2005-05-31,klci,860.72998046875
2005-06-30,klci,888.3200073242188
2005-07-31,klci,937.3900146484376
2005-08-31,klci,913.5599975585938
2005-09-30,klci,927.5399780273438
2005-10-31,klci,910.760009765625
2005-11-30,klci,896.1300048828125
2005-12-31,klci,899.7899780273438
2006-01-31,klci,914.010009765625
2006-02-28,klci,928.9400024414062
2006-03-31,klci,926.6300048828124
2006-04-30,klci,949.22998046875
2006-05-31,klci,927.780029296875
2006-06-30,klci,914.6900024414062
2006-07-31,klci,935.8499755859376
2006-08-31,klci,958.1199951171876
2006-09-30,klci,967.5499877929688
2006-10-31,klci,988.2999877929688
2006-11-30,klci,1080.6600341796875
2006-12-31,klci,1096.239990234375
2007-01-31,klci,1189.3499755859375
2007-02-28,klci,1196.449951171875
2007-03-31,klci,1246.8699951171875
2007-04-30,klci,1322.25
2007-05-31,klci,1346.8900146484375
2007-06-30,klci,1354.3800048828125
2007-07-31,klci,1373.7099609375
2007-08-31,klci,1273.9300537109375
2007-09-30,klci,1336.300048828125
2007-10-31,klci,1413.6500244140625
2007-11-30,klci,1396.97998046875
2007-12-31,klci,1445.030029296875
2008-01-31,klci,1393.25
2008-02-29,klci,1357.4000244140625
2008-03-31,klci,1247.52001953125
2008-04-30,klci,1279.8599853515625
2008-05-31,klci,1276.0999755859375
2008-06-30,klci,1186.5699462890625
2008-07-31,klci,1163.0899658203125
2008-08-31,klci,1100.5
2008-09-30,klci,1018.6799926757812
2008-10-31,klci,863.6099853515625
2008-11-30,klci,866.1400146484375
2008-12-31,klci,876.75
2009-01-31,klci,884.4500122070312
2009-02-28,klci,890.6699829101562
2009-03-31,klci,872.5499877929688
2009-04-30,klci,990.739990234375
2009-05-31,klci,1044.1099853515625
2009-06-30,klci,1075.239990234375
2009-07-31,klci,1174.9000244140625
2009-08-31,klci,1174.27001953125
2009-09-30,klci,1202.0799560546875
2009-10-31,klci,1243.22998046875
2009-11-30,klci,1259.1099853515625
2009-12-31,klci,1272.780029296875
2010-01-31,klci,1259.1600341796875
2010-02-28,klci,1270.780029296875
2010-03-31,klci,1320.5699462890625
2010-04-30,klci,1346.3800048828125
2010-05-31,klci,1285.010009765625
2010-06-30,klci,1314.02001953125
2010-07-31,klci,1360.9200439453125
2010-08-31,klci,1422.489990234375
2010-09-30,klci,1463.5
2010-10-31,klci,1505.6600341796875
2010-11-30,klci,1485.22998046875
2010-12-31,klci,1518.9100341796875
2011-01-31,klci,1519.93994140625
2011-02-28,klci,1491.25
2011-03-31,klci,1545.1300048828125
2011-04-30,klci,1534.949951171875
2011-05-31,klci,1558.2900390625
2011-06-30,klci,1579.0699462890625
2011-07-31,klci,1548.81005859375
2011-08-31,klci,1447.27001953125
2011-09-30,klci,1387.1300048828125
2011-10-31,klci,1491.8900146484375
2011-11-30,klci,1472.0999755859375
2011-12-31,klci,1530.72998046875
2012-01-31,klci,1521.2900390625
2012-02-29,klci,1569.6500244140625
2012-03-31,klci,1596.3299560546875
2012-04-30,klci,1570.6099853515625
2012-05-31,klci,1580.6700439453125
2012-06-30,klci,1599.1500244140625
2012-07-31,klci,1631.5999755859375
2012-08-31,klci,1646.1099853515625
2012-09-30,klci,1636.6600341796875
2012-10-31,klci,1673.0699462890625
2012-11-30,klci,1610.8299560546875
2012-12-31,klci,1688.949951171875
2013-01-31,klci,1627.550048828125
2013-02-28,klci,1637.6300048828125
2013-03-31,klci,1671.6300048828125
2013-04-30,klci,1717.6500244140625
2013-05-31,klci,1769.219970703125
2013-06-30,klci,1773.5400390625
2013-07-31,klci,1772.6199951171875
2013-08-31,klci,1727.5799560546875
2013-09-30,klci,1768.6199951171875
2013-10-31,klci,1806.8499755859373
2013-11-30,klci,1812.719970703125
2013-12-31,klci,1866.9599609375
2014-01-31,klci,1804.030029296875
2014-02-28,klci,1835.6600341796875
2014-03-31,klci,1849.2099609375
2014-04-30,klci,1871.52001953125
2014-05-31,klci,1873.3800048828125
2014-06-30,klci,1882.7099609375
2014-07-31,klci,1871.3599853515625
2014-08-31,klci,1866.1099853515625
2014-09-30,klci,1846.31005859375
2014-10-31,klci,1855.1500244140625
2014-11-30,klci,1820.8900146484373
2014-12-31,klci,1761.25
2015-01-31,klci,1781.260009765625
2015-02-28,klci,1821.2099609375
2015-03-31,klci,1830.780029296875
2015-04-30,klci,1818.27001953125
2015-05-31,klci,1747.52001953125
2015-06-30,klci,1706.6400146484375
2015-07-31,klci,1723.1400146484375
2015-08-31,klci,1612.739990234375
2015-09-30,klci,1621.0400390625
2015-10-31,klci,1665.7099609375
2015-11-30,klci,1672.1600341796875
2015-12-31,klci,1692.510009765625
2016-01-31,klci,1667.800048828125
2016-02-29,klci,1654.75
2016-03-31,klci,1717.5799560546875
2016-04-30,klci,1672.719970703125
2016-05-31,klci,1626.0
2016-06-30,klci,1654.0799560546875
2016-07-31,klci,1653.260009765625
2016-08-31,klci,1678.06005859375
2016-09-30,klci,1652.550048828125
2016-10-31,klci,1672.4599609375
2016-11-30,klci,1619.1199951171875
2016-12-31,klci,1641.72998046875
2017-01-31,klci,1671.5400390625
2017-02-28,klci,1693.77001953125
2017-03-31,klci,1740.0899658203125
2017-04-30,klci,1768.06005859375
2017-05-31,klci,1765.8699951171875
2017-06-30,klci,1763.6700439453125
2017-07-31,klci,1760.030029296875
2017-08-31,klci,1773.1600341796875
2017-09-30,klci,1755.5799560546875
2017-10-31,klci,1747.9200439453125
2017-11-30,klci,1717.8599853515625
2017-12-31,klci,1796.81005859375
2018-01-31,klci,1868.5799560546875
2018-02-28,klci,1856.199951171875
2018-03-31,klci,1863.4599609375
2018-04-30,klci,1870.3699951171875
2018-05-31,klci,1740.6199951171875
2018-06-30,klci,1691.5
2018-07-31,klci,1784.25
2018-08-31,klci,1819.6600341796875
2018-09-30,klci,1793.1500244140625
2018-10-31,klci,1709.27001953125
2018-11-30,klci,1679.8599853515625
2018-12-31,klci,1690.5799560546875
2019-01-31,klci,1683.530029296875
2019-02-28,klci,1707.72998046875
2019-03-31,klci,1643.6300048828125
2019-04-30,klci,1642.2900390625
2019-05-31,klci,1650.760009765625
2019-06-30,klci,1672.1300048828125
2019-07-31,klci,1634.8699951171875
2019-08-31,klci,1612.1400146484375
2019-09-30,klci,1583.9100341796875
2019-10-31,klci,1597.97998046875
2019-11-30,klci,1561.739990234375
2019-12-31,klci,1588.760009765625
2020-01-31,klci,1531.06005859375
2020-02-29,klci,1482.6400146484375
2020-03-31,klci,1350.8900146484375
2020-04-30,klci,1407.780029296875
2020-05-31,klci,1473.25
2020-06-30,klci,1500.969970703125
2020-07-31,klci,1603.75
2020-08-31,klci,1525.2099609375
2020-09-30,klci,1504.8199462890625
2020-10-31,klci,1466.8900146484375
2020-11-30,klci,1562.7099609375
2020-12-31,klci,1627.2099609375
2021-01-31,klci,1566.4000244140625
2021-02-28,klci,1577.75
2021-03-31,klci,1573.510009765625
2021-04-30,klci,1601.6500244140625
2021-05-31,klci,1583.550048828125
2021-06-30,klci,1532.6300048828125
2021-07-31,klci,1494.5999755859375
2021-08-31,klci,1601.3800048828125
2021-09-30,klci,1537.800048828125
2021-10-31,klci,1562.31005859375
2021-11-30,klci,1513.97998046875
2021-12-31,klci,1567.530029296875
2022-01-31,klci,1512.27001953125
2022-02-28,klci,1608.280029296875
2022-03-31,klci,1587.3599853515625
2022-04-30,klci,1600.4300537109375
2022-05-31,klci,1570.0999755859375
2022-06-30,klci,1444.219970703125
2022-07-31,klci,1492.22998046875
2022-08-31,klci,1512.050048828125
2022-09-30,klci,1394.6300048828125
2022-10-31,klci,1460.3800048828125
2022-11-30,klci,1488.800048828125
2022-12-31,klci,1495.489990234375
2023-01-31,klci,1485.5
2023-02-28,klci,1454.18994140625
2023-03-31,klci,1422.5899658203125
2023-04-30,klci,1415.949951171875
2023-05-31,klci,1387.1199951171875
2023-06-30,klci,1376.6800537109375
2023-07-31,klci,1459.4300537109375
2023-08-31,klci,1451.93994140625
2023-09-30,klci,1424.1700439453125
2023-10-31,klci,1442.1400146484375
2023-11-30,klci,1452.739990234375
2023-12-31,klci,1454.6600341796875
2024-01-31,klci,1512.97998046875
2024-02-29,klci,1551.43994140625
2024-03-31,klci,1536.0699462890625
2024-04-30,klci,1575.969970703125
2024-05-31,klci,1596.6800537109375
2024-06-30,klci,1590.0899658203125
2024-07-31,klci,1625.5699462890625
2024-08-31,klci,1678.800048828125
2024-09-30,klci,1648.9100341796875
2024-10-31,klci,1601.8800048828125
2024-11-30,klci,1594.2900390625
2024-12-31,klci,1642.3299560546875
2025-01-31,klci,1556.9200439453125
2025-02-28,klci,1574.699951171875
2025-03-31,klci,1513.6500244140625
2025-04-30,klci,1540.219970703125
2025-05-31,klci,1508.3499755859375
2025-06-30,klci,1532.9599609375
2025-07-31,klci,1513.25
2025-08-31,klci,1575.1199951171875
2025-09-30,klci,1611.8800048828125
2025-10-31,klci,1609.1500244140625
2025-11-30,klci,1604.469970703125
2025-12-31,klci,1680.1099853515625
2026-01-31,klci,1740.8800048828125
2026-02-28,klci,1716.6099853515625
2026-03-31,klci,1690.3599853515625
2026-04-30,klci,1722.02001953125
2026-05-31,klci,1684.9300537109375
2000-10-31,kosdaq,746.7999877929688
2000-11-30,kosdaq,672.5999755859375
2000-12-31,kosdaq,525.7999877929688
2001-01-31,kosdaq,843.5999755859375
2001-02-28,kosdaq,767.5999755859375
2001-03-31,kosdaq,684.2999877929688
2001-04-30,kosdaq,789.7000122070312
2001-05-31,kosdaq,813.5
2001-06-30,kosdaq,768.7000122070312
2001-07-31,kosdaq,680.9000244140625
2001-08-31,kosdaq,618.4000244140625
2001-09-30,kosdaq,516.4000244140625
2001-10-31,kosdaq,625.5
2001-11-30,kosdaq,705.2000122070312
2001-12-31,kosdaq,722.0999755859375
2002-01-31,kosdaq,773.5999755859375
2002-02-28,kosdaq,787.0999755859375
2002-03-31,kosdaq,927.2999877929688
2002-04-30,kosdaq,733.4000244140625
2002-05-31,kosdaq,697.7999877929688
2002-06-30,kosdaq,608.5
2002-07-31,kosdaq,586.2000122070312
2002-08-31,kosdaq,591.0999755859375
2002-09-30,kosdaq,467.1000061035156
2002-10-31,kosdaq,480.5
2002-11-30,kosdaq,519.0
2002-12-31,kosdaq,443.6000061035156
2003-01-31,kosdaq,433.8999938964844
2003-02-28,kosdaq,417.7999877929688
2003-03-31,kosdaq,377.7000122070313
2003-04-30,kosdaq,428.0
2003-05-31,kosdaq,471.7999877929688
2003-06-30,kosdaq,497.5
2003-07-31,kosdaq,493.2999877929688
2003-08-31,kosdaq,495.3999938964844
2003-09-30,kosdaq,448.6000061035156
2003-10-31,kosdaq,463.7999877929688
2003-11-30,kosdaq,458.3999938964844
2003-12-31,kosdaq,448.7000122070313
2004-01-31,kosdaq,441.4500122070313
2004-02-29,kosdaq,428.6799926757813
2004-03-31,kosdaq,434.1600036621094
2004-04-30,kosdaq,453.4700012207031
2004-05-31,kosdaq,400.9200134277344
2004-06-30,kosdaq,385.1799926757813
2004-07-31,kosdaq,331.2099914550781
2004-08-31,kosdaq,355.6600036621094
2004-09-30,kosdaq,362.0799865722656
2004-10-31,kosdaq,357.0400085449219
2004-11-30,kosdaq,373.4299926757813
2004-12-31,kosdaq,380.3299865722656
2005-01-31,kosdaq,472.9500122070313
2005-02-28,kosdaq,498.3800048828125
2005-03-31,kosdaq,455.0299987792969
2005-04-30,kosdaq,424.3999938964844
2005-05-31,kosdaq,471.4800109863281
2005-06-30,kosdaq,503.2099914550781
2005-07-31,kosdaq,546.6799926757812
2005-08-31,kosdaq,503.9500122070313
2005-09-30,kosdaq,571.9500122070312
2005-10-31,kosdaq,587.4600219726562
2005-11-30,kosdaq,712.3900146484375
2005-12-31,kosdaq,701.7899780273438
2006-01-31,kosdaq,690.239990234375
2006-02-28,kosdaq,682.3599853515625
2006-03-31,kosdaq,665.2100219726562
2006-04-30,kosdaq,685.4400024414062
2006-05-31,kosdaq,630.5
2006-06-30,kosdaq,590.6799926757812
2006-07-31,kosdaq,557.6599731445312
2006-08-31,kosdaq,572.8300170898438
2006-09-30,kosdaq,600.4199829101562
2006-10-31,kosdaq,586.0999755859375
2006-11-30,kosdaq,622.1699829101562
2006-12-31,kosdaq,606.1500244140625
2007-01-31,kosdaq,576.3699951171875
2007-02-28,kosdaq,600.9299926757812
2007-03-31,kosdaq,648.989990234375
2007-04-30,kosdaq,675.8800048828125
2007-05-31,kosdaq,747.8699951171875
2007-06-30,kosdaq,778.6900024414062
2007-07-31,kosdaq,811.52001953125
2007-08-31,kosdaq,775.1300048828125
2007-09-30,kosdaq,794.5599975585938
2007-10-31,kosdaq,810.0700073242188
2007-11-30,kosdaq,741.8400268554688
2007-12-31,kosdaq,704.22998046875
2008-01-31,kosdaq,608.8400268554688
2008-02-29,kosdaq,655.9400024414062
2008-03-31,kosdaq,644.4500122070312
2008-04-30,kosdaq,647.02001953125
2008-05-31,kosdaq,652.1500244140625
2008-06-30,kosdaq,590.1900024414062
2008-07-31,kosdaq,539.4400024414062
2008-08-31,kosdaq,470.2799987792969
2008-09-30,kosdaq,440.7699890136719
2008-10-31,kosdaq,308.0299987792969
2008-11-30,kosdaq,307.4800109863281
2008-12-31,kosdaq,332.04998779296875
2009-01-31,kosdaq,364.8999938964844
2009-02-28,kosdaq,363.2099914550781
2009-03-31,kosdaq,421.4400024414063
2009-04-30,kosdaq,500.9800109863281
2009-05-31,kosdaq,528.7999877929688
2009-06-30,kosdaq,485.1499938964844
2009-07-31,kosdaq,504.3500061035156
2009-08-31,kosdaq,514.7000122070312
2009-09-30,kosdaq,505.9400024414063
2009-10-31,kosdaq,486.4599914550781
2009-11-30,kosdaq,464.3200073242188
2009-12-31,kosdaq,513.5700073242188
2010-01-31,kosdaq,496.5700073242188
2010-02-28,kosdaq,507.0299987792969
2010-03-31,kosdaq,515.739990234375
2010-04-30,kosdaq,523.75
2010-05-31,kosdaq,489.4200134277344
2010-06-30,kosdaq,489.9800109863281
2010-07-31,kosdaq,481.4500122070313
2010-08-31,kosdaq,464.7099914550781
2010-09-30,kosdaq,492.75
2010-10-31,kosdaq,526.4500122070312
2010-11-30,kosdaq,498.3900146484375
2010-12-31,kosdaq,510.6900024414063
2011-01-31,kosdaq,521.3800048828125
2011-02-28,kosdaq,504.4599914550781
2011-03-31,kosdaq,525.4199829101562
2011-04-30,kosdaq,511.0
2011-05-31,kosdaq,484.5400085449219
2011-06-30,kosdaq,479.5499877929688
2011-07-31,kosdaq,536.0499877929688
2011-08-31,kosdaq,493.4400024414063
2011-09-30,kosdaq,449.6600036621094
2011-10-31,kosdaq,490.6900024414063
2011-11-30,kosdaq,492.80999755859375
2011-12-31,kosdaq,500.1799926757813
2012-01-31,kosdaq,513.989990234375
2012-02-29,kosdaq,542.2999877929688
2012-03-31,kosdaq,519.5599975585938
2012-04-30,kosdaq,478.8900146484375
2012-05-31,kosdaq,471.9400024414063
2012-06-30,kosdaq,489.1600036621094
2012-07-31,kosdaq,467.6099853515625
2012-08-31,kosdaq,508.3500061035156
2012-09-30,kosdaq,523.780029296875
2012-10-31,kosdaq,508.30999755859375
2012-11-30,kosdaq,499.3699951171875
2012-12-31,kosdaq,496.3200073242188
2013-01-31,kosdaq,503.6700134277344
2013-02-28,kosdaq,535.8699951171875
2013-03-31,kosdaq,555.02001953125
2013-04-30,kosdaq,563.8699951171875
2013-05-31,kosdaq,577.8699951171875
2013-06-30,kosdaq,519.0599975585938
2013-07-31,kosdaq,554.3099975585938
2013-08-31,kosdaq,516.739990234375
2013-09-30,kosdaq,534.8900146484375
2013-10-31,kosdaq,532.4400024414062
2013-11-30,kosdaq,517.0599975585938
2013-12-31,kosdaq,499.989990234375
2014-01-31,kosdaq,515.2000122070312
2014-02-28,kosdaq,528.9600219726562
2014-03-31,kosdaq,541.5800170898438
2014-04-30,kosdaq,559.3400268554688
2014-05-31,kosdaq,546.530029296875
2014-06-30,kosdaq,537.0599975585938
2014-07-31,kosdaq,536.3200073242188
2014-08-31,kosdaq,570.2000122070312
2014-09-30,kosdaq,573.219970703125
2014-10-31,kosdaq,558.7000122070312
2014-11-30,kosdaq,545.0800170898438
2014-12-31,kosdaq,542.969970703125
2015-01-31,kosdaq,591.5800170898438
2015-02-28,kosdaq,624.5599975585938
2015-03-31,kosdaq,650.489990234375
2015-04-30,kosdaq,689.010009765625
2015-05-31,kosdaq,711.3900146484375
2015-06-30,kosdaq,742.27001953125
2015-07-31,kosdaq,725.0599975585938
2015-08-31,kosdaq,687.1099853515625
2015-09-30,kosdaq,678.47998046875
2015-10-31,kosdaq,683.6300048828125
2015-11-30,kosdaq,688.3800048828125
2015-12-31,kosdaq,682.3499755859375
2016-01-31,kosdaq,682.7999877929688
2016-02-29,kosdaq,651.6199951171875
2016-03-31,kosdaq,688.3800048828125
2016-04-30,kosdaq,699.77001953125
2016-05-31,kosdaq,698.4500122070312
2016-06-30,kosdaq,675.0900268554688
2016-07-31,kosdaq,706.239990234375
2016-08-31,kosdaq,663.6900024414062
2016-09-30,kosdaq,681.2100219726562
2016-10-31,kosdaq,624.6799926757812
2016-11-30,kosdaq,596.1099853515625
2016-12-31,kosdaq,631.4400024414062
2017-01-31,kosdaq,616.1300048828125
2017-02-28,kosdaq,612.2000122070312
2017-03-31,kosdaq,619.280029296875
2017-04-30,kosdaq,628.239990234375
2017-05-31,kosdaq,652.0399780273438
2017-06-30,kosdaq,669.0399780273438
2017-07-31,kosdaq,650.469970703125
2017-08-31,kosdaq,657.8300170898438
2017-09-30,kosdaq,652.8200073242188
2017-10-31,kosdaq,694.2000122070312
2017-11-30,kosdaq,771.4199829101562
2017-12-31,kosdaq,798.4199829101562
2018-01-31,kosdaq,913.5700073242188
2018-02-28,kosdaq,857.0599975585938
2018-03-31,kosdaq,871.0900268554688
2018-04-30,kosdaq,875.9500122070312
2018-05-31,kosdaq,879.6599731445312
2018-06-30,kosdaq,818.219970703125
2018-07-31,kosdaq,775.52001953125
2018-08-31,kosdaq,816.969970703125
2018-09-30,kosdaq,822.27001953125
2018-10-31,kosdaq,648.6699829101562
2018-11-30,kosdaq,695.760009765625
2018-12-31,kosdaq,675.6500244140625
2019-01-31,kosdaq,716.8599853515625
2019-02-28,kosdaq,731.25
2019-03-31,kosdaq,729.3099975585938
2019-04-30,kosdaq,754.739990234375
2019-05-31,kosdaq,696.469970703125
2019-06-30,kosdaq,690.530029296875
2019-07-31,kosdaq,630.1799926757812
2019-08-31,kosdaq,610.5499877929688
2019-09-30,kosdaq,621.760009765625
2019-10-31,kosdaq,658.52001953125
2019-11-30,kosdaq,632.989990234375
2019-12-31,kosdaq,669.8300170898438
2020-01-31,kosdaq,642.47998046875
2020-02-29,kosdaq,610.72998046875
2020-03-31,kosdaq,569.0700073242188
2020-04-30,kosdaq,645.1799926757812
2020-05-31,kosdaq,713.6799926757812
2020-06-30,kosdaq,737.969970703125
2020-07-31,kosdaq,815.2999877929688
2020-08-31,kosdaq,848.239990234375
2020-09-30,kosdaq,848.1500244140625
2020-10-31,kosdaq,792.6500244140625
2020-11-30,kosdaq,886.1099853515625
2020-12-31,kosdaq,968.4199829101562
2021-01-31,kosdaq,928.72998046875
2021-02-28,kosdaq,913.9400024414062
2021-03-31,kosdaq,956.1699829101562
2021-04-30,kosdaq,983.4500122070312
2021-05-31,kosdaq,981.780029296875
2021-06-30,kosdaq,1029.9599609375
2021-07-31,kosdaq,1031.1400146484375
2021-08-31,kosdaq,1038.3299560546875
2021-09-30,kosdaq,1003.27001953125
2021-10-31,kosdaq,992.3300170898438
2021-11-30,kosdaq,965.6300048828124
2021-12-31,kosdaq,1033.97998046875
2022-01-31,kosdaq,872.8699951171875
2022-02-28,kosdaq,881.0700073242188
2022-03-31,kosdaq,944.530029296875
2022-04-30,kosdaq,904.75
2022-05-31,kosdaq,893.3599853515625
2022-06-30,kosdaq,745.4400024414062
2022-07-31,kosdaq,803.6199951171875
2022-08-31,kosdaq,807.0399780273438
2022-09-30,kosdaq,672.6500244140625
2022-10-31,kosdaq,695.3300170898438
2022-11-30,kosdaq,729.5399780273438
2022-12-31,kosdaq,679.2899780273438
2023-01-31,kosdaq,740.489990234375
2023-02-28,kosdaq,791.5999755859375
2023-03-31,kosdaq,847.52001953125
2023-04-30,kosdaq,842.8300170898438
2023-05-31,kosdaq,856.9400024414062
2023-06-30,kosdaq,868.239990234375
2023-07-31,kosdaq,935.969970703125
2023-08-31,kosdaq,928.4000244140624
2023-09-30,kosdaq,841.02001953125
2023-10-31,kosdaq,736.0999755859375
2023-11-30,kosdaq,831.6799926757812
2023-12-31,kosdaq,866.5700073242188
2024-01-31,kosdaq,799.239990234375
2024-02-29,kosdaq,862.9600219726562
2024-03-31,kosdaq,905.5
2024-04-30,kosdaq,868.9299926757812
2024-05-31,kosdaq,839.97998046875
2024-06-30,kosdaq,840.4400024414062
2024-07-31,kosdaq,803.1500244140625
2024-08-31,kosdaq,767.6599731445312
2024-09-30,kosdaq,763.8800048828125
2024-10-31,kosdaq,743.0599975585938
2024-11-30,kosdaq,678.1900024414062
2024-12-31,kosdaq,678.1900024414062
2025-01-31,kosdaq,728.2899780273438
2025-02-28,kosdaq,743.9600219726562
2025-03-31,kosdaq,672.8499755859375
2025-04-30,kosdaq,717.239990234375
2025-05-31,kosdaq,734.3499755859375
2025-06-30,kosdaq,781.5
2025-07-31,kosdaq,805.239990234375
2025-08-31,kosdaq,796.9099731445312
2025-09-30,kosdaq,841.989990234375
2025-10-31,kosdaq,900.4199829101562
2025-11-30,kosdaq,912.6699829101562
2025-12-31,kosdaq,925.469970703125
2026-01-31,kosdaq,1149.43994140625
2026-02-28,kosdaq,1192.780029296875
2026-03-31,kosdaq,1052.3900146484375
2026-04-30,kosdaq,1192.3499755859375
2026-05-31,kosdaq,1074.800048828125
1996-12-31,kospi,651.219970703125
1997-01-31,kospi,685.8400268554688
1997-02-28,kospi,676.530029296875
1997-03-31,kospi,677.3400268554688
1997-04-30,kospi,703.22998046875
1997-05-31,kospi,746.3599853515625
1997-06-30,kospi,745.4000244140625
1997-07-31,kospi,726.1199951171875
1997-08-31,kospi,704.27001953125
1997-09-30,kospi,647.1099853515625
1997-10-31,kospi,470.7900085449219
1997-11-30,kospi,411.9100036621094
1997-12-31,kospi,375.1499938964844
1998-01-31,kospi,558.3300170898438
1998-02-28,kospi,548.4199829101562
1998-03-31,kospi,481.0400085449219
1998-04-30,kospi,421.2200012207031
1998-05-31,kospi,336.6300048828125
1998-06-30,kospi,297.8800048828125
1998-07-31,kospi,343.3299865722656
1998-08-31,kospi,310.1600036621094
1998-09-30,kospi,310.32000732421875
1998-10-31,kospi,384.75
1998-11-30,kospi,451.8800048828125
1998-12-31,kospi,562.4600219726562
1999-01-31,kospi,571.4299926757812
1999-02-28,kospi,520.0599975585938
1999-03-31,kospi,618.97998046875
1999-04-30,kospi,752.5900268554688
1999-05-31,kospi,736.02001953125
1999-06-30,kospi,883.0
1999-07-31,kospi,969.719970703125
1999-08-31,kospi,937.8800048828124
1999-09-30,kospi,836.1799926757812
1999-10-31,kospi,833.510009765625
1999-11-30,kospi,996.6599731445312
1999-12-31,kospi,1028.0699462890625
2000-01-31,kospi,943.8800048828124
2000-02-29,kospi,828.3800048828125
2000-03-31,kospi,860.9400024414062
2000-04-30,kospi,725.3900146484375
2000-05-31,kospi,731.8800048828125
2000-06-30,kospi,821.219970703125
2000-07-31,kospi,705.969970703125
2000-08-31,kospi,688.6199951171875
2000-09-30,kospi,613.219970703125
2000-10-31,kospi,514.47998046875
2000-11-30,kospi,509.2300109863281
2000-12-31,kospi,504.6199951171875
2001-01-31,kospi,617.9099731445312
2001-02-28,kospi,578.0999755859375
2001-03-31,kospi,523.219970703125
2001-04-30,kospi,577.3599853515625
2001-05-31,kospi,612.1599731445312
2001-06-30,kospi,595.1300048828125
2001-07-31,kospi,541.5499877929688
2001-08-31,kospi,545.1099853515625
2001-09-30,kospi,479.6799926757813
2001-10-31,kospi,537.8099975585938
2001-11-30,kospi,643.8900146484375
2001-12-31,kospi,693.7000122070312
2002-01-31,kospi,748.0700073242188
2002-02-28,kospi,819.989990234375
2002-03-31,kospi,895.5800170898438
2002-04-30,kospi,842.3400268554688
2002-05-31,kospi,796.4000244140625
2002-06-30,kospi,742.719970703125
2002-07-31,kospi,717.989990234375
2002-08-31,kospi,736.4000244140625
2002-09-30,kospi,646.4199829101562
2002-10-31,kospi,658.9199829101562
2002-11-30,kospi,724.7999877929688
2002-12-31,kospi,627.5499877929688
2003-01-31,kospi,591.8599853515625
2003-02-28,kospi,575.4299926757812
2003-03-31,kospi,535.7000122070312
2003-04-30,kospi,599.3499755859375
2003-05-31,kospi,633.4199829101562
2003-06-30,kospi,669.9299926757812
2003-07-31,kospi,713.52001953125
2003-08-31,kospi,759.469970703125
2003-09-30,kospi,697.52001953125
2003-10-31,kospi,782.3599853515625
2003-11-30,kospi,796.1799926757812
2003-12-31,kospi,810.7100219726562
2004-01-31,kospi,848.5
2004-02-29,kospi,883.4199829101562
2004-03-31,kospi,880.5
2004-04-30,kospi,862.8400268554688
2004-05-31,kospi,803.8400268554688
2004-06-30,kospi,785.7899780273438
2004-07-31,kospi,735.3400268554688
2004-08-31,kospi,803.5700073242188
2004-09-30,kospi,835.0900268554688
2004-10-31,kospi,834.8400268554688
2004-11-30,kospi,878.0599975585938
2004-12-31,kospi,895.9199829101562
2005-01-31,kospi,932.7000122070312
2005-02-28,kospi,1011.3599853515624
2005-03-31,kospi,965.6799926757812
2005-04-30,kospi,911.2999877929688
2005-05-31,kospi,970.2100219726562
2005-06-30,kospi,1008.1599731445312
2005-07-31,kospi,1111.2900390625
2005-08-31,kospi,1083.3299560546875
2005-09-30,kospi,1221.010009765625
2005-10-31,kospi,1158.1099853515625
2005-11-30,kospi,1297.43994140625
2005-12-31,kospi,1379.3699951171875
2006-01-31,kospi,1399.8299560546875
2006-02-28,kospi,1371.5899658203125
2006-03-31,kospi,1359.5999755859375
2006-04-30,kospi,1419.72998046875
2006-05-31,kospi,1317.699951171875
2006-06-30,kospi,1295.1500244140625
2006-07-31,kospi,1297.8199462890625
2006-08-31,kospi,1352.739990234375
2006-09-30,kospi,1371.4100341796875
2006-10-31,kospi,1364.550048828125
2006-11-30,kospi,1432.2099609375
2006-12-31,kospi,1434.4599609375
2007-01-31,kospi,1360.22998046875
2007-02-28,kospi,1417.3399658203125
2007-03-31,kospi,1452.550048828125
2007-04-30,kospi,1542.239990234375
2007-05-31,kospi,1700.9100341796875
2007-06-30,kospi,1743.5999755859375
2007-07-31,kospi,1933.27001953125
2007-08-31,kospi,1873.239990234375
2007-09-30,kospi,1946.47998046875
2007-10-31,kospi,2064.85009765625
2007-11-30,kospi,1906.0
2007-12-31,kospi,1897.1300048828125
2008-01-31,kospi,1624.6800537109375
2008-02-29,kospi,1711.6199951171875
2008-03-31,kospi,1703.989990234375
2008-04-30,kospi,1825.469970703125
2008-05-31,kospi,1852.02001953125
2008-06-30,kospi,1674.9200439453125
2008-07-31,kospi,1594.6700439453125
2008-08-31,kospi,1474.239990234375
2008-09-30,kospi,1448.06005859375
2008-10-31,kospi,1113.06005859375
2008-11-30,kospi,1076.0699462890625
2008-12-31,kospi,1124.469970703125
2009-01-31,kospi,1162.1099853515625
2009-02-28,kospi,1063.030029296875
2009-03-31,kospi,1206.260009765625
2009-04-30,kospi,1369.3599853515625
2009-05-31,kospi,1395.8900146484375
2009-06-30,kospi,1390.0699462890625
2009-07-31,kospi,1557.2900390625
2009-08-31,kospi,1591.8499755859375
2009-09-30,kospi,1673.1400146484375
2009-10-31,kospi,1580.68994140625
2009-11-30,kospi,1555.5999755859375
2009-12-31,kospi,1682.77001953125
2010-01-31,kospi,1602.4300537109375
2010-02-28,kospi,1594.5799560546875
2010-03-31,kospi,1692.8499755859375
2010-04-30,kospi,1741.56005859375
2010-05-31,kospi,1641.25
2010-06-30,kospi,1698.2900390625
2010-07-31,kospi,1759.3299560546875
2010-08-31,kospi,1742.75
2010-09-30,kospi,1872.81005859375
2010-10-31,kospi,1882.949951171875
2010-11-30,kospi,1904.6300048828125
2010-12-31,kospi,2051.0
2011-01-31,kospi,2069.72998046875
2011-02-28,kospi,1939.300048828125
2011-03-31,kospi,2106.699951171875
2011-04-30,kospi,2192.360107421875
2011-05-31,kospi,2142.469970703125
2011-06-30,kospi,2100.68994140625
2011-07-31,kospi,2133.2099609375
2011-08-31,kospi,1880.1099853515625
2011-09-30,kospi,1769.6500244140625
2011-10-31,kospi,1909.030029296875
2011-11-30,kospi,1847.510009765625
2011-12-31,kospi,1825.739990234375
2012-01-31,kospi,1955.7900390625
2012-02-29,kospi,2030.25
2012-03-31,kospi,2014.0400390625
2012-04-30,kospi,1981.989990234375
2012-05-31,kospi,1843.469970703125
2012-06-30,kospi,1854.010009765625
2012-07-31,kospi,1881.989990234375
2012-08-31,kospi,1905.1199951171875
2012-09-30,kospi,1996.2099609375
2012-10-31,kospi,1912.06005859375
2012-11-30,kospi,1932.9000244140625
2012-12-31,kospi,1997.050048828125
2013-01-31,kospi,1961.93994140625
2013-02-28,kospi,2026.489990234375
2013-03-31,kospi,2004.8900146484373
2013-04-30,kospi,1963.949951171875
2013-05-31,kospi,2001.050048828125
2013-06-30,kospi,1863.3199462890625
2013-07-31,kospi,1914.030029296875
2013-08-31,kospi,1926.3599853515625
2013-09-30,kospi,1996.9599609375
2013-10-31,kospi,2030.0899658203125
2013-11-30,kospi,2044.8699951171875
2013-12-31,kospi,2011.3399658203125
2014-01-31,kospi,1941.1500244140625
2014-02-28,kospi,1979.989990234375
2014-03-31,kospi,1985.6099853515625
2014-04-30,kospi,1961.7900390625
2014-05-31,kospi,1994.9599609375
2014-06-30,kospi,2002.2099609375
2014-07-31,kospi,2076.1201171875
2014-08-31,kospi,2068.5400390625
2014-09-30,kospi,2020.0899658203125
2014-10-31,kospi,1964.4300537109373
2014-11-30,kospi,1980.780029296875
2014-12-31,kospi,1915.5899658203125
2015-01-31,kospi,1949.260009765625
2015-02-28,kospi,1985.800048828125
2015-03-31,kospi,2041.030029296875
2015-04-30,kospi,2127.169921875
2015-05-31,kospi,2114.800048828125
2015-06-30,kospi,2074.199951171875
2015-07-31,kospi,2030.1600341796875
2015-08-31,kospi,1941.489990234375
2015-09-30,kospi,1962.81005859375
2015-10-31,kospi,2029.469970703125
2015-11-30,kospi,1991.969970703125
2015-12-31,kospi,1961.31005859375
2016-01-31,kospi,1912.06005859375
2016-02-29,kospi,1916.6600341796875
2016-03-31,kospi,1995.8499755859373
2016-04-30,kospi,1994.1500244140625
2016-05-31,kospi,1983.4000244140625
2016-06-30,kospi,1970.3499755859373
2016-07-31,kospi,2016.18994140625
2016-08-31,kospi,2034.6500244140625
2016-09-30,kospi,2043.6300048828125
2016-10-31,kospi,2008.18994140625
2016-11-30,kospi,1983.47998046875
2016-12-31,kospi,2026.4599609375
2017-01-31,kospi,2067.570068359375
2017-02-28,kospi,2091.639892578125
2017-03-31,kospi,2160.22998046875
2017-04-30,kospi,2205.43994140625
2017-05-31,kospi,2347.3798828125
2017-06-30,kospi,2391.7900390625
2017-07-31,kospi,2402.7099609375
2017-08-31,kospi,2363.18994140625
2017-09-30,kospi,2394.469970703125
2017-10-31,kospi,2523.429931640625
2017-11-30,kospi,2476.3701171875
2017-12-31,kospi,2467.489990234375
2018-01-31,kospi,2566.4599609375
2018-02-28,kospi,2427.360107421875
2018-03-31,kospi,2445.85009765625
2018-04-30,kospi,2515.3798828125
2018-05-31,kospi,2423.010009765625
2018-06-30,kospi,2326.1298828125
2018-07-31,kospi,2295.260009765625
2018-08-31,kospi,2322.8798828125
2018-09-30,kospi,2343.070068359375
2018-10-31,kospi,2029.68994140625
2018-11-30,kospi,2096.860107421875
2018-12-31,kospi,2041.0400390625
2019-01-31,kospi,2204.85009765625
2019-02-28,kospi,2195.43994140625
2019-03-31,kospi,2140.669921875
2019-04-30,kospi,2203.590087890625
2019-05-31,kospi,2041.739990234375
2019-06-30,kospi,2130.6201171875
2019-07-31,kospi,2024.550048828125
2019-08-31,kospi,1967.7900390625
2019-09-30,kospi,2063.050048828125
2019-10-31,kospi,2083.47998046875
2019-11-30,kospi,2087.9599609375
2019-12-31,kospi,2197.669921875
2020-01-31,kospi,2119.010009765625
2020-02-29,kospi,1987.010009765625
2020-03-31,kospi,1754.6400146484375
2020-04-30,kospi,1947.56005859375
2020-05-31,kospi,2029.5999755859373
2020-06-30,kospi,2108.330078125
2020-07-31,kospi,2249.3701171875
2020-08-31,kospi,2326.169921875
2020-09-30,kospi,2327.889892578125
2020-10-31,kospi,2267.14990234375
2020-11-30,kospi,2591.340087890625
2020-12-31,kospi,2873.469970703125
2021-01-31,kospi,2976.2099609375
2021-02-28,kospi,3012.949951171875
2021-03-31,kospi,3061.419921875
2021-04-30,kospi,3147.860107421875
2021-05-31,kospi,3203.919921875
2021-06-30,kospi,3296.679931640625
2021-07-31,kospi,3202.320068359375
2021-08-31,kospi,3199.27001953125
2021-09-30,kospi,3068.820068359375
2021-10-31,kospi,2970.679931640625
2021-11-30,kospi,2839.010009765625
2021-12-31,kospi,2977.64990234375
2022-01-31,kospi,2663.340087890625
2022-02-28,kospi,2699.179931640625
2022-03-31,kospi,2757.64990234375
2022-04-30,kospi,2695.050048828125
2022-05-31,kospi,2685.89990234375
2022-06-30,kospi,2332.639892578125
2022-07-31,kospi,2451.5
2022-08-31,kospi,2472.050048828125
2022-09-30,kospi,2155.489990234375
2022-10-31,kospi,2293.610107421875
2022-11-30,kospi,2472.530029296875
2022-12-31,kospi,2236.39990234375
2023-01-31,kospi,2425.080078125
2023-02-28,kospi,2412.85009765625
2023-03-31,kospi,2476.860107421875
2023-04-30,kospi,2501.530029296875
2023-05-31,kospi,2577.1201171875
2023-06-30,kospi,2564.280029296875
2023-07-31,kospi,2632.580078125
2023-08-31,kospi,2556.27001953125
2023-09-30,kospi,2465.070068359375
2023-10-31,kospi,2277.989990234375
2023-11-30,kospi,2535.2900390625
2023-12-31,kospi,2655.280029296875
2024-01-31,kospi,2497.090087890625
2024-02-29,kospi,2642.360107421875
2024-03-31,kospi,2746.6298828125
2024-04-30,kospi,2692.06005859375
2024-05-31,kospi,2636.52001953125
2024-06-30,kospi,2797.820068359375
2024-07-31,kospi,2770.68994140625
2024-08-31,kospi,2674.31005859375
2024-09-30,kospi,2593.27001953125
2024-10-31,kospi,2556.14990234375
2024-11-30,kospi,2455.909912109375
2024-12-31,kospi,2399.489990234375
2025-01-31,kospi,2517.3701171875
2025-02-28,kospi,2532.780029296875
2025-03-31,kospi,2481.1201171875
2025-04-30,kospi,2556.610107421875
2025-05-31,kospi,2697.669921875
2025-06-30,kospi,3071.699951171875
2025-07-31,kospi,3245.43994140625
2025-08-31,kospi,3186.010009765625
2025-09-30,kospi,3424.60009765625
2025-10-31,kospi,4107.5
2025-11-30,kospi,3926.590087890625
2025-12-31,kospi,4214.169921875
2026-01-31,kospi,5224.35986328125
2026-02-28,kospi,6244.1298828125
2026-03-31,kospi,5052.4599609375
2026-04-30,kospi,6598.8701171875
2026-05-31,kospi,8185.2900390625
1997-07-31,kse100,1989.510009765625
1997-08-31,kse100,1762.2900390625
1997-09-30,kse100,1849.699951171875
1997-10-31,kse100,1875.010009765625
1997-11-30,kse100,1782.9200439453125
1997-12-31,kse100,1753.8199462890625
1998-01-31,kse100,1609.1600341796875
1998-02-28,kse100,1681.8299560546875
1998-03-31,kse100,1553.06005859375
1998-04-30,kse100,1562.219970703125
1998-05-31,kse100,1040.18994140625
1998-06-30,kse100,879.6099853515625
1998-07-31,kse100,920.47998046875
1998-08-31,kse100,970.780029296875
1998-09-30,kse100,1111.4599609375
1998-10-31,kse100,841.7000122070312
1998-11-30,kse100,1050.969970703125
1998-12-31,kse100,945.239990234375
1999-01-31,kse100,900.5800170898438
1999-02-28,kse100,926.2100219726562
1999-03-31,kse100,1056.75
1999-04-30,kse100,1107.02001953125
1999-05-31,kse100,1185.22998046875
1999-06-30,kse100,1054.6700439453125
1999-07-31,kse100,1251.7900390625
1999-08-31,kse100,1206.510009765625
1999-09-30,kse100,1199.2900390625
1999-10-31,kse100,1189.3199462890625
1999-11-30,kse100,1247.4000244140625
1999-12-31,kse100,1408.9100341796875
2000-01-31,kse100,1772.8399658203125
2000-02-29,kse100,1930.6099853515625
2000-03-31,kse100,1999.68994140625
2000-04-30,kse100,1901.0699462890625
2000-05-31,kse100,1536.6500244140625
2000-06-30,kse100,1520.72998046875
2000-07-31,kse100,1554.9000244140625
2000-08-31,kse100,1518.27001953125
2000-09-30,kse100,1564.780029296875
2000-10-31,kse100,1489.3199462890625
2000-11-30,kse100,1276.050048828125
2000-12-31,kse100,1507.5899658203125
2001-01-31,kse100,1461.5999755859375
2001-02-28,kse100,1423.1800537109375
2001-03-31,kse100,1324.4100341796875
2001-04-30,kse100,1367.050048828125
2001-05-31,kse100,1377.6099853515625
2001-06-30,kse100,1366.4300537109375
2001-07-31,kse100,1228.8900146484375
2001-08-31,kse100,1258.4300537109375
2001-09-30,kse100,1133.4300537109375
2001-10-31,kse100,1406.050048828125
2001-11-30,kse100,1358.1600341796875
2001-12-31,kse100,1273.06005859375
2002-01-31,kse100,1620.1800537109375
2002-02-28,kse100,1765.949951171875
2002-03-31,kse100,1852.18994140625
2002-04-30,kse100,1898.949951171875
2002-05-31,kse100,1663.3399658203125
2002-06-30,kse100,1770.1099853515625
2002-07-31,kse100,1787.5899658203125
2002-08-31,kse100,1974.5799560546875
2002-09-30,kse100,2018.75
2002-10-31,kse100,2278.5400390625
2002-11-30,kse100,2285.8701171875
2002-12-31,kse100,2701.409912109375
2003-01-31,kse100,2545.070068359375
2003-02-28,kse100,2399.139892578125
2003-03-31,kse100,2715.7099609375
2003-04-30,kse100,2902.409912109375
2003-05-31,kse100,3099.0400390625
2003-06-30,kse100,3402.469970703125
2003-07-31,kse100,3933.3701171875
2003-08-31,kse100,4461.47021484375
2003-09-30,kse100,4027.340087890625
2003-10-31,kse100,3781.030029296875
2003-11-30,kse100,4068.2900390625
2003-12-31,kse100,4471.60009765625
2004-01-31,kse100,4841.330078125
2004-02-29,kse100,4840.3701171875
2004-03-31,kse100,5106.66015625
2004-04-30,kse100,5430.43017578125
2004-05-31,kse100,5502.72021484375
2004-06-30,kse100,5279.18017578125
2004-07-31,kse100,5289.919921875
2004-08-31,kse100,5346.14990234375
2004-09-30,kse100,5217.64990234375
2004-10-31,kse100,5332.240234375
2004-11-30,kse100,5567.7900390625
2004-12-31,kse100,6218.39990234375
2005-01-31,kse100,6747.39013671875
2005-02-28,kse100,8260.0595703125
2005-03-31,kse100,7770.330078125
2005-04-30,kse100,7104.64990234375
2005-05-31,kse100,6857.669921875
2005-06-30,kse100,7450.1201171875
2005-07-31,kse100,7178.93017578125
2005-08-31,kse100,7796.85986328125
2005-09-30,kse100,8225.66015625
2005-10-31,kse100,8247.3701171875
2005-11-30,kse100,9026.58984375
2005-12-31,kse100,9556.6103515625
2006-01-31,kse100,10523.3701171875
2006-02-28,kse100,11456.1201171875
2006-03-31,kse100,11485.900390625
2006-04-30,kse100,11342.169921875
2006-05-31,kse100,9800.6904296875
2006-06-30,kse100,9989.41015625
2006-07-31,kse100,10497.66015625
2006-08-31,kse100,10063.5400390625
2006-09-30,kse100,10512.51953125
2006-10-31,kse100,11327.7099609375
2006-11-30,kse100,10619.4697265625
2006-12-31,kse100,10040.5
2007-01-31,kse100,11272.330078125
2007-02-28,kse100,11180.01953125
2007-03-31,kse100,11271.58984375
2007-04-30,kse100,12369.7001953125
2007-05-31,kse100,12961.1396484375
2007-06-30,kse100,13772.4599609375
2007-07-31,kse100,13739.5302734375
2007-08-31,kse100,12214.259765625
2007-09-30,kse100,13353.6796875
2007-10-31,kse100,14321.3896484375
2007-11-30,kse100,13998.51953125
2007-12-31,kse100,14077.16015625
2008-01-31,kse100,14016.9404296875
2008-02-29,kse100,14934.2998046875
2008-03-31,kse100,15125.8896484375
2008-04-30,kse100,15122.4697265625
2008-05-31,kse100,12130.509765625
2008-06-30,kse100,12289.0302734375
2008-07-31,kse100,10583.580078125
2008-08-31,kse100,9208.259765625
2008-09-30,kse100,9179.6796875
2008-10-31,kse100,9182.8798828125
2008-11-30,kse100,9187.099609375
2008-12-31,kse100,5865.009765625
2009-01-31,kse100,5377.419921875
2009-02-28,kse100,5727.4599609375
2009-03-31,kse100,6860.22021484375
2009-04-30,kse100,7202.10009765625
2009-05-31,kse100,7276.60986328125
2009-06-30,kse100,7162.18017578125
2009-07-31,kse100,7720.93017578125
2009-08-31,kse100,8675.669921875
2009-09-30,kse100,9349.669921875
2009-10-31,kse100,9159.1796875
2009-11-30,kse100,9204.5703125
2009-12-31,kse100,9386.919921875
2010-01-31,kse100,9614.1904296875
2010-02-28,kse100,9657.7900390625
2010-03-31,kse100,10178.4296875
2010-04-30,kse100,10428.1201171875
2010-05-31,kse100,9521.150390625
2010-06-30,kse100,9721.91015625
2010-07-31,kse100,10519.01953125
2010-08-31,kse100,9813.0498046875
2010-09-30,kse100,10013.3095703125
2010-10-31,kse100,10598.400390625
2010-11-30,kse100,11234.759765625
2010-12-31,kse100,12022.4599609375
2011-01-31,kse100,12359.3603515625
2011-02-28,kse100,11289.2197265625
2011-03-31,kse100,11809.5400390625
2011-04-30,kse100,12057.5400390625
2011-05-31,kse100,12123.150390625
2011-06-30,kse100,12496.0302734375
2011-07-31,kse100,12190.3701171875
2011-08-31,kse100,11070.580078125
2011-09-30,kse100,11761.9697265625
2011-10-31,kse100,11868.8798828125
2011-11-30,kse100,11532.830078125
2011-12-31,kse100,11347.66015625
2012-01-31,kse100,11874.8896484375
2012-02-29,kse100,12877.8798828125
2012-03-31,kse100,13761.759765625
2012-04-30,kse100,13990.3798828125
2012-05-31,kse100,13786.6201171875
2012-06-30,kse100,13801.41015625
2012-07-31,kse100,14577.0
2012-08-31,kse100,15391.580078125
2012-09-30,kse100,15444.8203125
2012-10-31,kse100,15910.1103515625
2012-11-30,kse100,16573.859375
2012-12-31,kse100,16905.330078125
2013-01-31,kse100,17242.740234375
2013-02-28,kse100,18173.669921875
2013-03-31,kse100,17947.759765625
2013-04-30,kse100,18982.419921875
2013-05-31,kse100,21823.05078125
2013-06-30,kse100,21005.689453125
2013-07-31,kse100,23312.76953125
2013-08-31,kse100,22160.849609375
2013-09-30,kse100,21832.6796875
2013-10-31,kse100,22775.849609375
2013-11-30,kse100,24302.189453125
2013-12-31,kse100,25261.140625
2014-01-31,kse100,26784.33984375
2014-02-28,kse100,25783.279296875
2014-03-31,kse100,27159.91015625
2014-04-30,kse100,28912.98046875
2014-05-31,kse100,29737.689453125
2014-06-30,kse100,29652.529296875
2014-07-31,kse100,30314.0703125
2014-08-31,kse100,28567.740234375
2014-09-30,kse100,29726.390625
2014-10-31,kse100,30376.529296875
2014-11-30,kse100,31197.98046875
2014-12-31,kse100,32131.279296875
2015-01-31,kse100,34443.87109375
2015-02-28,kse100,33632.19140625
2015-03-31,kse100,30233.869140625
2015-04-30,kse100,33729.9609375
2015-05-31,kse100,33056.7890625
2015-06-30,kse100,34398.859375
2015-07-31,kse100,35741.51953125
2015-08-31,kse100,34726.51171875
2015-09-30,kse100,32287.41015625
2015-10-31,kse100,34261.6015625
2015-11-30,kse100,32255.19921875
2015-12-31,kse100,32816.30859375
2016-01-31,kse100,31298.599609375
2016-02-29,kse100,31369.509765625
2016-03-31,kse100,33139.0
2016-04-30,kse100,34719.2890625
2016-05-31,kse100,36061.55859375
2016-06-30,kse100,37783.5390625
2016-07-31,kse100,39505.28125
2016-08-31,kse100,39809.578125
2016-09-30,kse100,40541.80859375
2016-10-31,kse100,39893.83984375
2016-11-30,kse100,42622.37109375
2016-12-31,kse100,47806.96875
2017-01-31,kse100,48757.671875
2017-02-28,kse100,48534.23046875
2017-03-31,kse100,48155.9296875
2017-04-30,kse100,49300.8984375
2017-05-31,kse100,50591.5703125
2017-06-30,kse100,46565.2890625
2017-07-31,kse100,46010.44921875
2017-08-31,kse100,41206.98828125
2017-09-30,kse100,42409.26953125
2017-10-31,kse100,39617.19140625
2017-11-30,kse100,40010.359375
2017-12-31,kse100,40471.48046875
2018-01-31,kse100,44049.05078125
2018-02-28,kse100,43239.44140625
2018-03-31,kse100,45489.62109375
2018-04-30,kse100,45488.859375
2018-05-31,kse100,42846.640625
2018-06-30,kse100,41910.8984375
2018-07-31,kse100,42712.4296875
2018-08-31,kse100,41742.23828125
2018-09-30,kse100,40998.58984375
2018-10-31,kse100,41649.359375
2018-11-30,kse100,40496.03125
2018-12-31,kse100,37066.671875
2019-01-31,kse100,40799.51953125
2019-02-28,kse100,39054.6015625
2019-03-31,kse100,38649.33984375
2019-04-30,kse100,36784.44140625
2019-05-31,kse100,35974.7890625
2019-06-30,kse100,33901.578125
2019-07-31,kse100,31938.48046875
2019-08-31,kse100,29672.119140625
2019-09-30,kse100,32078.849609375
2019-10-31,kse100,34203.6796875
2019-11-30,kse100,39287.6484375
2019-12-31,kse100,40735.078125
2020-01-31,kse100,41630.94140625
2020-02-29,kse100,37983.62109375
2020-03-31,kse100,29231.630859375
2020-04-30,kse100,34111.640625
2020-05-31,kse100,33931.23046875
2020-06-30,kse100,34421.921875
2020-07-31,kse100,39258.44140625
2020-08-31,kse100,41110.9296875
2020-09-30,kse100,40571.48046875
2020-10-31,kse100,39888.0
2020-11-30,kse100,41068.8203125
2020-12-31,kse100,43755.37890625
2021-01-31,kse100,46385.5390625
2021-02-28,kse100,45865.01953125
2021-03-31,kse100,44587.8515625
2021-04-30,kse100,44262.3515625
2021-05-31,kse100,47126.2890625
2021-06-30,kse100,47356.01953125
2021-07-31,kse100,47055.2890625
2021-08-31,kse100,47419.73828125
2021-09-30,kse100,44899.6015625
1997-02-28,lq45,148.17999267578125
1997-03-31,lq45,137.41000366210938
1997-04-30,lq45,134.25999450683594
1997-05-31,lq45,143.9499969482422
1997-06-30,lq45,147.67999267578125
1997-07-31,lq45,144.61000061035156
1997-08-31,lq45,97.58999633789062
1997-09-30,lq45,113.08999633789062
1997-10-31,lq45,106.19000244140624
1997-11-30,lq45,82.83999633789062
1997-12-31,lq45,83.58999633789062
1998-01-31,lq45,112.66000366210938
1998-02-28,lq45,104.9000015258789
1998-03-31,lq45,120.75
1998-04-30,lq45,98.51000213623048
1998-05-31,lq45,91.98999786376952
1998-06-30,lq45,101.58999633789062
1998-07-31,lq45,109.91999816894533
1998-08-31,lq45,73.30000305175781
1998-09-30,lq45,54.38999938964844
1998-10-31,lq45,61.380001068115234
1998-11-30,lq45,85.83999633789062
1998-12-31,lq45,89.44000244140625
1999-01-31,lq45,93.72000122070312
1999-02-28,lq45,90.18000030517578
1999-03-31,lq45,90.68000030517578
1999-04-30,lq45,117.0199966430664
1999-05-31,lq45,135.47000122070312
1999-06-30,lq45,146.1300048828125
1999-07-31,lq45,130.41000366210938
1999-08-31,lq45,124.18000030517578
1999-09-30,lq45,119.01000213623048
1999-10-31,lq45,128.60000610351562
1999-11-30,lq45,122.0999984741211
1999-12-31,lq45,142.8800048828125
2000-01-31,lq45,130.52999877929688
2000-02-29,lq45,115.2300033569336
2000-03-31,lq45,117.51000213623048
2000-04-30,lq45,105.16000366210938
2000-05-31,lq45,88.38999938964844
2000-06-30,lq45,101.73999786376952
2000-07-31,lq45,96.58999633789062
2000-08-31,lq45,90.3499984741211
2000-09-30,lq45,81.58999633789062
2000-10-31,lq45,76.95999908447266
2000-11-30,lq45,85.48999786376953
2000-12-31,lq45,80.6500015258789
2001-01-31,lq45,85.38999938964844
2001-02-28,lq45,87.12999725341797
2001-03-31,lq45,75.52999877929688
2001-04-30,lq45,71.11000061035156
2001-05-31,lq45,83.23999786376953
2001-06-30,lq45,89.33000183105469
2001-07-31,lq45,90.47000122070312
2001-08-31,lq45,89.06999969482422
2001-09-30,lq45,79.33999633789062
2001-10-31,lq45,77.87000274658203
2001-11-30,lq45,77.05999755859375
2001-12-31,lq45,80.05999755859375
2002-01-31,lq45,96.9499969482422
2002-02-28,lq45,97.63999938964844
2002-03-31,lq45,104.61000061035156
2002-04-30,lq45,116.44000244140624
2002-05-31,lq45,115.87000274658205
2002-06-30,lq45,109.4499969482422
2002-07-31,lq45,100.37999725341795
2002-08-31,lq45,95.36000061035156
2002-09-30,lq45,90.58999633789062
2002-10-31,lq45,77.80999755859375
2002-11-30,lq45,83.33999633789062
2002-12-31,lq45,91.9800033569336
2003-01-31,lq45,82.69999694824219
2003-02-28,lq45,85.7699966430664
2003-03-31,lq45,85.19000244140625
2003-04-30,lq45,99.12000274658205
2003-05-31,lq45,110.05999755859376
2003-06-30,lq45,112.7300033569336
2003-07-31,lq45,110.9000015258789
2003-08-31,lq45,113.37000274658205
2003-09-30,lq45,132.02999877929688
2003-10-31,lq45,137.7100067138672
2003-11-30,lq45,135.77000427246094
2003-12-31,lq45,151.89999389648438
2004-01-31,lq45,164.64999389648438
2004-02-29,lq45,165.32000732421875
2004-03-31,lq45,159.8800048828125
2004-04-30,lq45,170.64999389648438
2004-05-31,lq45,159.10000610351562
2004-06-30,lq45,160.30999755859375
2004-07-31,lq45,165.11000061035156
2004-08-31,lq45,163.6999969482422
2004-09-30,lq45,177.27999877929688
2004-10-31,lq45,187.08999633789065
2004-11-30,lq45,214.009994506836
2004-12-31,lq45,217.1000061035156
2005-01-31,lq45,227.72999572753903
2005-02-28,lq45,233.07000732421875
2005-03-31,lq45,233.8500061035156
2005-04-30,lq45,223.13999938964844
2005-05-31,lq45,237.7899932861328
2005-06-30,lq45,246.57000732421875
2005-07-31,lq45,260.8699951171875
2005-08-31,lq45,230.5599975585937
2005-09-30,lq45,235.8099975585937
2005-10-31,lq45,227.8300018310547
2005-11-30,lq45,237.3300018310547
2005-12-31,lq45,254.3500061035156
2006-01-31,lq45,271.6300048828125
2006-02-28,lq45,270.4200134277344
2006-03-31,lq45,292.57000732421875
2006-04-30,lq45,325.1000061035156
2006-05-31,lq45,294.04998779296875
2006-06-30,lq45,289.7300109863281
2006-07-31,lq45,299.07000732421875
2006-08-31,lq45,317.6099853515625
2006-09-30,lq45,336.4700012207031
2006-10-31,lq45,345.8500061035156
2006-11-30,lq45,376.9299926757813
2006-12-31,lq45,393.1099853515625
2007-01-31,lq45,377.1000061035156
2007-02-28,lq45,367.80999755859375
2007-03-31,lq45,390.9200134277344
2007-04-30,lq45,424.5700073242188
2007-05-31,lq45,433.4500122070313
2007-06-30,lq45,442.1199951171875
2007-07-31,lq45,487.5899963378906
2007-08-31,lq45,457.9599914550781
2007-09-30,lq45,498.7099914550781
2007-10-31,lq45,575.510009765625
2007-11-30,lq45,591.8699951171875
2007-12-31,lq45,599.8200073242188
2008-01-31,lq45,564.3200073242188
2008-02-29,lq45,590.77001953125
2008-03-31,lq45,525.4099731445312
2008-04-30,lq45,493.4599914550781
2008-05-31,lq45,518.3599853515625
2008-06-30,lq45,495.1700134277344
2008-07-31,lq45,481.2999877929688
2008-08-31,lq45,449.6600036621094
2008-09-30,lq45,373.0400085449219
2008-10-31,lq45,241.3500061035156
2008-11-30,lq45,241.5
2008-12-31,lq45,270.2300109863281
2009-01-31,lq45,262.5599975585937
2009-02-28,lq45,249.009994506836
2009-03-31,lq45,283.0799865722656
2009-04-30,lq45,341.7300109863281
2009-05-31,lq45,373.0700073242188
2009-06-30,lq45,392.1199951171875
2009-07-31,lq45,454.4200134277344
2009-08-31,lq45,456.2699890136719
2009-09-30,lq45,483.9599914550781
2009-10-31,lq45,464.2000122070313
2009-11-30,lq45,476.260009765625
2009-12-31,lq45,498.2900085449219
2010-01-31,lq45,510.4500122070313
2010-02-28,lq45,496.0299987792969
2010-03-31,lq45,539.7999877929688
2010-04-30,lq45,573.3699951171875
2010-05-31,lq45,543.5900268554688
2010-06-30,lq45,566.0999755859375
2010-07-31,lq45,589.9199829101562
2010-08-31,lq45,581.3099975585938
2010-09-30,lq45,651.9299926757812
2010-10-31,lq45,673.4199829101562
2010-11-30,lq45,638.0800170898438
2010-12-31,lq45,661.3800048828125
2011-01-31,lq45,597.8499755859375
2011-02-28,lq45,614.02001953125
2011-03-31,lq45,659.0499877929688
2011-04-30,lq45,680.6300048828125
2011-05-31,lq45,682.25
2011-06-30,lq45,690.6500244140625
2011-07-31,lq45,729.8400268554688
2011-08-31,lq45,676.260009765625
2011-09-30,lq45,622.6400146484375
2011-10-31,lq45,675.5700073242188
2011-11-30,lq45,656.4099731445312
2011-12-31,lq45,673.510009765625
2012-01-31,lq45,692.1599731445312
2012-02-29,lq45,692.77001953125
2012-03-31,lq45,712.5499877929688
2012-04-30,lq45,711.3800048828125
2012-05-31,lq45,645.6900024414062
2012-06-30,lq45,674.7899780273438
2012-07-31,lq45,712.77001953125
2012-08-31,lq45,695.530029296875
2012-09-30,lq45,731.77001953125
2012-10-31,lq45,751.1199951171875
2012-11-30,lq45,726.8099975585938
2012-12-31,lq45,735.0399780273438
2013-01-31,lq45,761.260009765625
2013-02-28,lq45,824.739990234375
2013-03-31,lq45,836.8699951171875
2013-04-30,lq45,857.1199951171875
2013-05-31,lq45,839.469970703125
2013-06-30,lq45,804.0
2013-07-31,lq45,771.9000244140625
2013-08-31,lq45,701.0700073242188
2013-09-30,lq45,712.9000244140625
2013-10-31,lq45,754.8099975585938
2013-11-30,lq45,704.8900146484375
2013-12-31,lq45,711.1400146484375
2014-01-31,lq45,741.760009765625
2014-02-28,lq45,776.6900024414062
2014-03-31,lq45,799.510009765625
2014-04-30,lq45,814.9600219726562
2014-05-31,lq45,824.5499877929688
2014-06-30,lq45,822.6699829101562
2014-07-31,lq45,868.2999877929688
2014-08-31,lq45,869.2000122070312
2014-09-30,lq45,873.0800170898438
2014-10-31,lq45,868.0499877929688
2014-11-30,lq45,886.3300170898438
2014-12-31,lq45,898.5800170898438
2015-01-31,lq45,912.0499877929688
2015-02-28,lq45,946.8800048828124
2015-03-31,lq45,961.9400024414062
2015-04-30,lq45,869.4400024414062
2015-05-31,lq45,904.1300048828124
2015-06-30,lq45,839.1400146484375
2015-07-31,lq45,813.0999755859375
2015-08-31,lq45,770.8099975585938
2015-09-30,lq45,704.97998046875
2015-10-31,lq45,759.72998046875
2015-11-30,lq45,755.4600219726562
2015-12-31,lq45,792.030029296875
2016-01-31,lq45,799.989990234375
2016-02-29,lq45,834.739990234375
2016-03-31,lq45,840.3499755859375
2016-04-30,lq45,832.510009765625
2016-05-31,lq45,820.010009765625
2016-06-30,lq45,860.719970703125
2016-07-31,lq45,892.8400268554688
2016-08-31,lq45,924.9600219726562
2016-09-30,lq45,922.2000122070312
2016-10-31,lq45,927.0999755859376
2016-11-30,lq45,857.25
2016-12-31,lq45,884.6199951171875
2017-01-31,lq45,877.3499755859375
2017-02-28,lq45,892.7000122070312
2017-03-31,lq45,921.530029296875
2017-04-30,lq45,940.760009765625
2017-05-31,lq45,957.7000122070312
2017-06-30,lq45,977.6199951171876
2017-07-31,lq45,974.0800170898438
2017-08-31,lq45,977.3300170898438
2017-09-30,lq45,979.4400024414062
2017-10-31,lq45,992.219970703125
2017-11-30,lq45,992.1599731445312
2017-12-31,lq45,1079.3900146484375
2018-01-31,lq45,1105.760009765625
2018-02-28,lq45,1100.280029296875
2018-03-31,lq45,1005.6799926757812
2018-04-30,lq45,958.4099731445312
2018-05-31,lq45,953.5900268554688
2018-06-30,lq45,908.969970703125
2018-07-31,lq45,933.8900146484376
2018-08-31,lq45,951.8800048828124
2018-09-30,lq45,946.1500244140624
2018-10-31,lq45,922.719970703125
2018-11-30,lq45,966.4600219726562
2018-12-31,lq45,982.72998046875
2019-01-31,lq45,1038.969970703125
2019-02-28,lq45,1006.0999755859376
2019-03-31,lq45,1019.0399780273438
2019-04-30,lq45,1019.3300170898438
2019-05-31,lq45,982.8800048828124
2019-06-30,lq45,1013.9600219726562
2019-07-31,lq45,1022.4299926757812
2019-08-31,lq45,995.760009765625
2019-09-30,lq45,968.1500244140624
2019-10-31,lq45,984.8400268554688
2019-11-30,lq45,956.8200073242188
2019-12-31,lq45,1014.469970703125
2020-01-31,lq45,961.97998046875
2020-02-29,lq45,879.530029296875
2020-03-31,lq45,691.1300048828125
2020-04-30,lq45,713.6400146484375
2020-05-31,lq45,725.8300170898438
2020-06-30,lq45,756.2000122070312
2020-07-31,lq45,803.010009765625
2020-08-31,lq45,824.1900024414062
2020-09-30,lq45,737.1500244140625
2020-10-31,lq45,790.5
2020-11-30,lq45,883.0599975585938
2020-12-31,lq45,934.8900146484376
2021-01-31,lq45,911.97998046875
2021-02-28,lq45,944.75
2021-03-31,lq45,902.7899780273438
2021-04-30,lq45,893.72998046875
2021-05-31,lq45,888.6500244140625
2021-06-30,lq45,844.8499755859375
2021-07-31,lq45,823.0399780273438
2021-08-31,lq45,866.489990234375
2021-09-30,lq45,894.6799926757812
2021-10-31,lq45,952.5900268554688
2021-11-30,lq45,930.97998046875
2021-12-31,lq45,931.4099731445312
2022-01-31,lq45,939.6300048828124
2022-02-28,lq45,985.5399780273438
2022-03-31,lq45,1022.989990234375
2022-04-30,lq45,1085.43994140625
2022-05-31,lq45,1056.780029296875
2022-06-30,lq45,991.9400024414062
2022-07-31,lq45,978.6300048828124
2022-08-31,lq45,1022.8200073242188
2022-09-30,lq45,1011.47998046875
2022-10-31,lq45,1014.1199951171876
2022-11-30,lq45,1008.280029296875
2022-12-31,lq45,937.1799926757812
2023-01-31,lq45,936.489990234375
2023-02-28,lq45,942.969970703125
2023-03-31,lq45,937.6799926757812
2023-04-30,lq45,961.75
2023-05-31,lq45,949.6699829101562
2023-06-30,lq45,945.7000122070312
2023-07-31,lq45,965.6199951171876
2023-08-31,lq45,962.25
2023-09-30,lq45,952.6900024414062
2023-10-31,lq45,892.3400268554688
2023-11-30,lq45,930.0399780273438
2023-12-31,lq45,970.5700073242188
2024-01-31,lq45,974.219970703125
2024-02-29,lq45,989.9299926757812
2024-03-31,lq45,985.969970703125
2024-04-30,lq45,926.72998046875
2024-05-31,lq45,871.4199829101562
2024-06-30,lq45,887.72998046875
2024-07-31,lq45,913.7100219726562
2024-08-31,lq45,944.47998046875
2024-09-30,lq45,938.9199829101562
2024-10-31,lq45,921.4099731445312
2024-11-30,lq45,856.780029296875
2024-12-31,lq45,826.6500244140625
2025-01-31,lq45,823.5499877929688
2025-02-28,lq45,703.6300048828125
2025-03-31,lq45,734.510009765625
2025-04-30,lq45,761.52001953125
2025-05-31,lq45,814.760009765625
2025-06-30,lq45,772.6500244140625
2025-07-31,lq45,790.469970703125
2025-08-31,lq45,797.1199951171875
2025-09-30,lq45,793.97998046875
2025-10-31,lq45,831.5399780273438
2025-11-30,lq45,845.760009765625
2025-12-31,lq45,846.5700073242188
2026-01-31,lq45,833.5399780273438
2026-02-28,lq45,834.3599853515625
2026-03-31,lq45,715.8099975585938
2026-04-30,lq45,669.3400268554688
2026-05-31,lq45,611.1699829101562
1996-02-29,mdax,2622.889892578125
1996-03-31,mdax,2605.320068359375
1996-04-30,mdax,2547.429931640625
1996-05-31,mdax,2677.02001953125
1996-06-30,mdax,2876.1298828125
1996-07-31,mdax,2748.77001953125
1996-08-31,mdax,2804.75
1996-09-30,mdax,2921.219970703125
1996-10-31,mdax,2902.72998046875
1996-11-30,mdax,2896.72998046875
1996-12-31,mdax,2961.659912109375
1997-01-31,mdax,3181.669921875
1997-02-28,mdax,3366.219970703125
1997-03-31,mdax,3546.090087890625
1997-04-30,mdax,3560.860107421875
1997-05-31,mdax,3768.7099609375
1997-06-30,mdax,3934.18994140625
1997-07-31,mdax,4125.0400390625
1997-08-31,mdax,3856.469970703125
1997-09-30,mdax,3883.56005859375
1997-10-31,mdax,3699.260009765625
1997-11-30,mdax,3683.0
1997-12-31,mdax,3684.179931640625
1998-01-31,mdax,3857.580078125
1998-02-28,mdax,4071.320068359375
1998-03-31,mdax,4384.5400390625
1998-04-30,mdax,4492.8798828125
1998-05-31,mdax,4671.27978515625
1998-06-30,mdax,4614.83984375
1998-07-31,mdax,4640.2998046875
1998-08-31,mdax,4021.050048828125
1998-09-30,mdax,3701.949951171875
1998-10-31,mdax,3825.39990234375
1998-11-30,mdax,3974.39990234375
1998-12-31,mdax,3905.449951171875
1999-01-31,mdax,3750.56005859375
1999-02-28,mdax,3799.070068359375
1999-03-31,mdax,3764.719970703125
1999-04-30,mdax,3871.60009765625
1999-05-31,mdax,3850.510009765625
1999-06-30,mdax,3991.97998046875
1999-07-31,mdax,4076.199951171875
1999-08-31,mdax,4103.81982421875
1999-09-30,mdax,4083.4599609375
1999-10-31,mdax,4016.56005859375
1999-11-30,mdax,4068.81005859375
1999-12-31,mdax,4103.81982421875
2000-01-31,mdax,4141.7001953125
2000-02-29,mdax,4238.22998046875
2000-03-31,mdax,4468.06982421875
2000-04-30,mdax,4461.85009765625
2000-05-31,mdax,4463.68994140625
2000-06-30,mdax,4423.27001953125
2000-07-31,mdax,4733.509765625
2000-08-31,mdax,4882.9599609375
2000-09-30,mdax,4941.6298828125
2000-10-31,mdax,4932.33984375
2000-11-30,mdax,4686.080078125
2000-12-31,mdax,4675.33984375
2001-01-31,mdax,4788.93994140625
2001-02-28,mdax,4844.4599609375
2001-03-31,mdax,4594.1201171875
2001-04-30,mdax,4615.7099609375
2001-05-31,mdax,4728.60009765625
2001-06-30,mdax,4812.740234375
2001-07-31,mdax,4678.4501953125
2001-08-31,mdax,4503.0400390625
2001-09-30,mdax,3971.7099609375
2001-10-31,mdax,4099.9501953125
2001-11-30,mdax,4272.4501953125
2001-12-31,mdax,4326.1201171875
2002-01-31,mdax,4441.60009765625
2002-02-28,mdax,4374.18017578125
2002-03-31,mdax,4476.85009765625
2002-04-30,mdax,4506.509765625
2002-05-31,mdax,4320.8701171875
2002-06-30,mdax,3942.60009765625
2002-07-31,mdax,3432.43994140625
2002-08-31,mdax,3404.02001953125
2002-09-30,mdax,2854.10009765625
2002-10-31,mdax,3122.169921875
2002-11-30,mdax,3190.260009765625
2002-12-31,mdax,3024.820068359375
2003-01-31,mdax,2963.929931640625
2003-02-28,mdax,2843.39990234375
2003-03-31,mdax,2770.159912109375
2003-04-30,mdax,3214.070068359375
2003-05-31,mdax,3399.6298828125
2003-06-30,mdax,3531.989990234375
2003-07-31,mdax,3838.6201171875
2003-08-31,mdax,4059.820068359375
2003-09-30,mdax,3960.56005859375
2003-10-31,mdax,4360.52978515625
2003-11-30,mdax,4363.2099609375
2003-12-31,mdax,4469.22998046875
2004-01-31,mdax,4719.580078125
2004-02-29,mdax,4872.7900390625
2004-03-31,mdax,4750.080078125
2004-04-30,mdax,4974.56005859375
2004-05-31,mdax,4887.330078125
2004-06-30,mdax,5110.93017578125
2004-07-31,mdax,5014.2900390625
2004-08-31,mdax,4874.52001953125
2004-09-30,mdax,5014.35986328125
2004-10-31,mdax,5050.39013671875
2004-11-30,mdax,5272.2099609375
2004-12-31,mdax,5375.740234375
2005-01-31,mdax,5636.97021484375
2005-02-28,mdax,5771.77978515625
2005-03-31,mdax,5693.169921875
2005-04-30,mdax,5488.27001953125
2005-05-31,mdax,5974.89990234375
2005-06-30,mdax,6322.31982421875
2005-07-31,mdax,6703.58984375
2005-08-31,mdax,6754.6201171875
2005-09-30,mdax,7105.4501953125
2005-10-31,mdax,6784.33984375
2005-11-30,mdax,7087.89013671875
2005-12-31,mdax,7311.52978515625
2006-01-31,mdax,8004.080078125
2006-02-28,mdax,8357.0400390625
2006-03-31,mdax,8669.990234375
2006-04-30,mdax,8760.73046875
2006-05-31,mdax,8135.2099609375
2006-06-30,mdax,7887.02001953125
2006-07-31,mdax,7869.43017578125
2006-08-31,mdax,8158.10009765625
2006-09-30,mdax,8546.8095703125
2006-10-31,mdax,8659.919921875
2006-11-30,mdax,8780.16015625
2006-12-31,mdax,9404.8896484375
2007-01-31,mdax,9785.419921875
2007-02-28,mdax,9694.990234375
2007-03-31,mdax,10201.23046875
2007-04-30,mdax,10740.990234375
2007-05-31,mdax,11054.0595703125
2007-06-30,mdax,11023.9404296875
2007-07-31,mdax,10747.419921875
2007-08-31,mdax,10286.0703125
2007-09-30,mdax,10334.740234375
2007-10-31,mdax,10640.009765625
2007-11-30,mdax,9865.490234375
2007-12-31,mdax,9864.6201171875
2008-01-31,mdax,8718.8095703125
2008-02-29,mdax,9093.5400390625
2008-03-31,mdax,8787.3798828125
2008-04-30,mdax,9353.6103515625
2008-05-31,mdax,9685.41015625
2008-06-30,mdax,9035.08984375
2008-07-31,mdax,8280.1103515625
2008-08-31,mdax,8681.8203125
2008-09-30,mdax,6956.77001953125
2008-10-31,mdax,5503.56982421875
2008-11-30,mdax,5355.58984375
2008-12-31,mdax,5601.91015625
2009-01-31,mdax,5098.08984375
2009-02-28,mdax,4607.60009765625
2009-03-31,mdax,4426.3701171875
2009-04-30,mdax,5565.27978515625
2009-05-31,mdax,5745.3798828125
2009-06-30,mdax,5754.009765625
2009-07-31,mdax,6204.35986328125
2009-08-31,mdax,6722.830078125
2009-09-30,mdax,7358.52978515625
2009-10-31,mdax,6732.06982421875
2009-11-30,mdax,7099.990234375
2009-12-31,mdax,7507.0400390625
2010-01-31,mdax,7505.31982421875
2010-02-28,mdax,7393.259765625
2010-03-31,mdax,8143.4599609375
2010-04-30,mdax,8359.150390625
2010-05-31,mdax,8023.60009765625
2010-06-30,mdax,8008.669921875
2010-07-31,mdax,8366.580078125
2010-08-31,mdax,8149.14990234375
2010-09-30,mdax,8768.0302734375
2010-10-31,mdax,9301.259765625
2010-11-30,mdax,9289.9599609375
2010-12-31,mdax,10128.1201171875
2011-01-31,mdax,10139.8896484375
2011-02-28,mdax,10293.830078125
2011-03-31,mdax,10310.080078125
2011-04-30,mdax,10740.4501953125
2011-05-31,mdax,10884.0400390625
2011-06-30,mdax,10932.330078125
2011-07-31,mdax,10486.8798828125
2011-08-31,mdax,9177.08984375
2011-09-30,mdax,8341.080078125
2011-10-31,mdax,9076.240234375
2011-11-30,mdax,9017.0498046875
2011-12-31,mdax,8897.8095703125
2012-01-31,mdax,9917.4296875
2012-02-29,mdax,10428.599609375
2012-03-31,mdax,10703.099609375
2012-04-30,mdax,10828.25
2012-05-31,mdax,10147.8203125
2012-06-30,mdax,10343.7099609375
2012-07-31,mdax,10826.259765625
2012-08-31,mdax,11016.98046875
2012-09-30,mdax,10977.8798828125
2012-10-31,mdax,11492.01953125
2012-11-30,mdax,11612.919921875
2012-12-31,mdax,11914.3701171875
2013-01-31,mdax,12571.3798828125
2013-02-28,mdax,13301.3798828125
2013-03-31,mdax,13322.259765625
2013-04-30,mdax,13443.7099609375
2013-05-31,mdax,14093.58984375
2013-06-30,mdax,13706.4404296875
2013-07-31,mdax,14352.4296875
2013-08-31,mdax,14386.16015625
2013-09-30,mdax,15034.26953125
2013-10-31,mdax,15989.76953125
2013-11-30,mdax,16334.2802734375
2013-12-31,mdax,16574.44921875
2014-01-31,mdax,16205.8798828125
2014-02-28,mdax,16891.73046875
2014-03-31,mdax,16461.6796875
2014-04-30,mdax,16081.8798828125
2014-05-31,mdax,16951.109375
2014-06-30,mdax,16815.580078125
2014-07-31,mdax,15790.669921875
2014-08-31,mdax,16085.2900390625
2014-09-30,mdax,15994.9599609375
2014-10-31,mdax,16134.25
2014-11-30,mdax,16984.259765625
2014-12-31,mdax,16934.849609375
2015-01-31,mdax,18594.140625
2015-02-28,mdax,20092.009765625
2015-03-31,mdax,20684.630859375
2015-04-30,mdax,20316.55078125
2015-05-31,mdax,20449.599609375
2015-06-30,mdax,19622.470703125
2015-07-31,mdax,20764.560546875
2015-08-31,mdax,19678.4609375
2015-09-30,mdax,19279.740234375
2015-10-31,mdax,21174.529296875
2015-11-30,mdax,21593.380859375
2015-12-31,mdax,20774.619140625
2016-01-31,mdax,19478.0390625
2016-02-29,mdax,19422.029296875
2016-03-31,mdax,20397.6796875
2016-04-30,mdax,20100.7109375
2016-05-31,mdax,20762.380859375
2016-06-30,mdax,19843.4296875
2016-07-31,mdax,21164.439453125
2016-08-31,mdax,21396.9609375
2016-09-30,mdax,21583.98046875
2016-10-31,mdax,21146.23046875
2016-11-30,mdax,20876.51953125
2016-12-31,mdax,22188.939453125
2017-01-31,mdax,22465.859375
2017-02-28,mdax,23365.51953125
2017-03-31,mdax,23904.080078125
2017-04-30,mdax,24615.7890625
2017-05-31,mdax,25128.4609375
2017-06-30,mdax,24452.30078125
2017-07-31,mdax,24554.830078125
2017-08-31,mdax,24674.109375
2017-09-30,mdax,25994.310546875
2017-10-31,mdax,26651.51953125
2017-11-30,mdax,27026.849609375
2017-12-31,mdax,26200.76953125
2018-01-31,mdax,26824.669921875
2018-02-28,mdax,26275.0390625
2018-03-31,mdax,25591.51953125
2018-04-30,mdax,25967.060546875
2018-05-31,mdax,26326.970703125
2018-06-30,mdax,25854.380859375
2018-07-31,mdax,26907.380859375
2018-08-31,mdax,26901.41015625
2018-09-30,mdax,25997.859375
2018-10-31,mdax,24180.16015625
2018-11-30,mdax,23453.529296875
2018-12-31,mdax,21588.08984375
2019-01-31,mdax,23674.51953125
2019-02-28,mdax,24385.720703125
2019-03-31,mdax,24722.01953125
2019-04-30,mdax,26044.369140625
2019-05-31,mdax,24776.51953125
2019-06-30,mdax,25619.5703125
2019-07-31,mdax,25935.279296875
2019-08-31,mdax,25719.9609375
2019-09-30,mdax,25886.9296875
2019-10-31,mdax,26249.30078125
2019-11-30,mdax,27461.609375
2019-12-31,mdax,28312.80078125
2020-01-31,mdax,27984.3203125
2020-02-29,mdax,25366.619140625
2020-03-31,mdax,21040.7109375
2020-04-30,mdax,23043.69921875
2020-05-31,mdax,25396.0
2020-06-30,mdax,25840.30078125
2020-07-31,mdax,26191.8203125
2020-08-31,mdax,27453.169921875
2020-09-30,mdax,27006.810546875
2020-10-31,mdax,25721.0
2020-11-30,mdax,29301.4609375
2020-12-31,mdax,30796.259765625
2021-01-31,mdax,31086.779296875
2021-02-28,mdax,31270.859375
2021-03-31,mdax,31717.359375
2021-04-30,mdax,32704.669921875
2021-05-31,mdax,33191.8515625
2021-06-30,mdax,34049.859375
2021-07-31,mdax,35146.91015625
2021-08-31,mdax,35952.73828125
2021-09-30,mdax,34369.69140625
2021-10-31,mdax,34851.1015625
2021-11-30,mdax,33890.75
2021-12-31,mdax,35123.25
2022-01-31,mdax,33321.73046875
2022-02-28,mdax,31873.349609375
2022-03-31,mdax,31011.7109375
2022-04-30,mdax,30093.060546875
2022-05-31,mdax,29913.5
2022-06-30,mdax,25823.44921875
2022-07-31,mdax,27364.5703125
2022-08-31,mdax,25219.130859375
2022-09-30,mdax,22370.01953125
2022-10-31,mdax,23678.05078125
2022-11-30,mdax,25593.23046875
2022-12-31,mdax,25117.5703125
2023-01-31,mdax,28813.25
2023-02-28,mdax,28648.130859375
2023-03-31,mdax,27662.939453125
2023-04-30,mdax,27855.080078125
2023-05-31,mdax,26537.41015625
2023-06-30,mdax,27610.5
2023-07-31,mdax,28837.05078125
2023-08-31,mdax,27818.98046875
2023-09-30,mdax,26075.109375
2023-10-31,mdax,24040.189453125
2023-11-30,mdax,26183.419921875
2023-12-31,mdax,27137.30078125
2024-01-31,mdax,25959.0
2024-02-29,mdax,25824.650390625
2024-03-31,mdax,27043.0390625
2024-04-30,mdax,26264.390625
2024-05-31,mdax,26716.80078125
2024-06-30,mdax,25176.060546875
2024-07-31,mdax,25373.119140625
2024-08-31,mdax,25703.439453125
2024-09-30,mdax,26853.740234375
2024-10-31,mdax,26326.83984375
2024-11-30,mdax,26320.470703125
2024-12-31,mdax,25589.060546875
2025-01-31,mdax,26730.939453125
2025-02-28,mdax,28298.439453125
2025-03-31,mdax,27393.220703125
2025-04-30,mdax,28737.650390625
2025-05-31,mdax,30594.390625
2025-06-30,mdax,30483.5
2025-07-31,mdax,31004.400390625
2025-08-31,mdax,30286.900390625
2025-09-30,mdax,30267.490234375
2025-10-31,mdax,29751.619140625
2025-11-30,mdax,29937.150390625
2025-12-31,mdax,30617.669921875
2026-01-31,mdax,31164.439453125
2026-02-28,mdax,31560.33984375
2026-03-31,mdax,28150.779296875
2026-04-30,mdax,30589.94921875
2026-05-31,mdax,33352.828125
1996-10-31,merval,571.0
1996-11-30,merval,617.0
1996-12-31,merval,649.0
1997-01-31,merval,693.0
1997-02-28,merval,718.0
1997-03-31,merval,706.0
1997-04-30,merval,723.0
1997-05-31,merval,778.0
1997-06-30,merval,809.0
1997-07-31,merval,850.0
1997-08-31,merval,833.0
1997-09-30,merval,823.0
1997-10-31,merval,660.0
1997-11-30,merval,656.0
1997-12-31,merval,688.0
1998-01-31,merval,612.0
1998-02-28,merval,687.0
1998-03-31,merval,710.0
1998-04-30,merval,699.0
1998-05-31,merval,602.0
1998-06-30,merval,550.0
1998-07-31,merval,589.0
1998-08-31,merval,359.0
1998-09-30,merval,380.0
1998-10-31,merval,458.0
1998-11-30,merval,489.0
1998-12-31,merval,430.0
1999-01-31,merval,372.0
1999-02-28,merval,381.0
1999-03-31,merval,420.0
1999-04-30,merval,564.0
1999-05-31,merval,524.0
1999-06-30,merval,499.0
1999-07-31,merval,476.0
1999-08-31,merval,507.0
1999-09-30,merval,534.0
1999-10-31,merval,539.0
1999-11-30,merval,536.0
1999-12-31,merval,551.0
2000-01-31,merval,566.0
2000-02-29,merval,632.0
2000-03-31,merval,569.0
2000-04-30,merval,510.0
2000-05-31,merval,464.0
2000-06-30,merval,497.0
2000-07-31,merval,502.0
2000-08-31,merval,475.0
2000-09-30,merval,475.0
2000-10-31,merval,441.0
2000-11-30,merval,400.0
2000-12-31,merval,417.0
2001-01-31,merval,533.0
2001-02-28,merval,436.0
2001-03-31,merval,444.0
2001-04-30,merval,436.0
2001-05-31,merval,439.0
2001-06-30,merval,402.0
2001-07-31,merval,321.0
2001-08-31,merval,320.0
2001-09-30,merval,244.0
2001-10-31,merval,225.0
2001-11-30,merval,203.0
2001-12-31,merval,295.0
2002-01-31,merval,439.0
2002-02-28,merval,398.0
2002-03-31,merval,436.0
2002-04-30,merval,388.0
2002-05-31,merval,318.0
2002-06-30,merval,351.0
2002-07-31,merval,359.0
2002-08-31,merval,375.0
2002-09-30,merval,395.0
2002-10-31,merval,435.0
2002-11-30,merval,498.0
2002-12-31,merval,525.0
2003-01-31,merval,550.0
2003-02-28,merval,594.0
2003-03-31,merval,567.0
2003-04-30,merval,636.0
2003-05-31,merval,678.0
2003-06-30,merval,766.0
2003-07-31,merval,755.0
2003-08-31,merval,713.0
2003-09-30,merval,828.0
2003-10-31,merval,930.0
2003-11-30,merval,997.0
2003-12-31,merval,1072.0
2004-01-31,merval,1141.0
2004-02-29,merval,1183.0
2004-03-31,merval,1202.0
2004-04-30,merval,1078.0
2004-05-31,merval,953.0
2004-06-30,merval,946.0
2004-07-31,merval,966.0
2004-08-31,merval,952.0
2004-09-30,merval,1143.0
2004-10-31,merval,1287.0
2004-11-30,merval,1213.0
2004-12-31,merval,1375.0
2005-01-31,merval,1374.0
2005-02-28,merval,1559.0
2005-03-31,merval,1400.0
2005-04-30,merval,1348.0
2005-05-31,merval,1486.0
2005-06-30,merval,1367.0
2005-07-31,merval,1508.0
2005-08-31,merval,1582.0
2005-09-30,merval,1695.0
2005-10-31,merval,1609.0
2005-11-30,merval,1555.0
2005-12-31,merval,1543.0
2006-01-31,merval,1794.0
2006-02-28,merval,1714.0
2006-03-31,merval,1801.0
2006-04-30,merval,1909.0
2006-05-31,merval,1654.0
2006-06-30,merval,1711.0
2006-07-31,merval,1702.0
2006-08-31,merval,1663.0
2006-09-30,merval,1637.0
2006-10-31,merval,1782.0
2006-11-30,merval,1967.0
2006-12-31,merval,2091.0
2007-01-31,merval,2071.0
2007-02-28,merval,2068.0
2007-03-31,merval,2103.0
2007-04-30,merval,2155.0
2007-05-31,merval,2243.0
2007-06-30,merval,2191.0
2007-07-31,merval,2180.0
2007-08-31,merval,2062.0
2007-09-30,merval,2188.0
2007-10-31,merval,2351.0
2007-11-30,merval,2207.0
2007-12-31,merval,2152.0
2008-01-31,merval,2007.0
2008-02-29,merval,2162.0
2008-03-31,merval,2104.0
2008-04-30,merval,2096.0
2008-05-31,merval,2206.0
2008-06-30,merval,2108.0
2008-07-31,merval,1920.0
2008-08-31,merval,1777.0
2008-09-30,merval,1598.0
2008-10-31,merval,1011.0
2008-11-30,merval,994.0
2008-12-31,merval,1080.0
2009-01-31,merval,1077.0
2009-02-28,merval,1019.0
2009-03-31,merval,1126.0
2009-04-30,merval,1275.0
2009-05-31,merval,1587.0
2009-06-30,merval,1588.0
2009-07-31,merval,1720.0
2009-08-31,merval,1782.0
2009-09-30,merval,2075.0
2009-10-31,merval,2116.0
2009-11-30,merval,2147.0
2009-12-31,merval,2321.0
2010-01-31,merval,2299.0
2010-02-28,merval,2221.0
2010-03-31,merval,2374.0
2010-04-30,merval,2396.0
2010-05-31,merval,2204.0
2010-06-30,merval,2185.0
2010-07-31,merval,2394.0
2010-08-31,merval,2337.0
2010-09-30,merval,2643.0
2010-10-31,merval,3007.0
2010-11-30,merval,3262.0
2010-12-31,merval,3524.0
2011-01-31,merval,3583.0
2011-02-28,merval,3456.0
2011-03-31,merval,3388.0
2011-04-30,merval,3406.0
2011-05-31,merval,3251.0
2011-06-30,merval,3361.0
2011-07-31,merval,3322.0
2011-08-31,merval,2965.0
2011-09-30,merval,2464.0
2011-10-31,merval,2906.0
2011-11-30,merval,2563.0
2011-12-31,merval,2463.0
2012-01-31,merval,2787.0
2012-02-29,merval,2648.0
2012-03-31,merval,2684.0
2012-04-30,merval,2272.0
2012-05-31,merval,2257.0
2012-06-30,merval,2347.0
2012-07-31,merval,2400.0
2012-08-31,merval,2408.0
2012-09-30,merval,2452.0
2012-10-31,merval,2323.0
2012-11-30,merval,2419.0
2012-12-31,merval,2854.0
2013-01-31,merval,3462.0
2013-02-28,merval,3049.0
2013-03-31,merval,3381.0
2013-04-30,merval,3846.0
2013-05-31,merval,3489.0
2013-06-30,merval,2976.0
2013-07-31,merval,3358.0
2013-08-31,merval,3936.0
2013-09-30,merval,4784.0
2013-10-31,merval,5165.0
2013-11-30,merval,5719.0
2013-12-31,merval,5391.0
2014-01-31,merval,6019.0
2014-02-28,merval,5784.0
2014-03-31,merval,6374.0
2014-04-30,merval,6782.0
2014-05-31,merval,7712.0
2014-06-30,merval,7887.0
2014-07-31,merval,8188.0
2014-08-31,merval,9817.0
2014-09-30,merval,12549.0
2014-10-31,merval,11019.0
2014-11-30,merval,9809.0
2014-12-31,merval,8579.0
2015-01-31,merval,8491.0
2015-02-28,merval,9602.0
2015-03-31,merval,10837.0
2015-04-30,merval,12050.0
2015-05-31,merval,10801.0
2015-06-30,merval,11657.0
2015-07-31,merval,11101.0
2015-08-31,merval,11033.0
2015-09-30,merval,9815.0
2015-10-31,merval,12461.0
2015-11-30,merval,12972.0
2015-12-31,merval,11675.0
2016-01-31,merval,11306.0
2016-02-29,merval,13116.0
2016-03-31,merval,12992.0
2016-04-30,merval,13724.0
2016-05-31,merval,12682.0
2016-06-30,merval,14684.0
2016-07-31,merval,15804.0
2016-08-31,merval,15650.0
2016-09-30,merval,16676.0
2016-10-31,merval,17610.0
2016-11-30,merval,17442.0
2016-12-31,merval,16918.0
2017-01-31,merval,19063.0
2017-02-28,merval,19118.0
2017-03-31,merval,20265.0
2017-04-30,merval,21020.0
2017-05-31,merval,22349.0
2017-06-30,merval,21913.0
2017-07-31,merval,21582.0
2017-08-31,merval,23589.0
2017-09-30,merval,26078.0
2017-10-31,merval,27935.0
2017-11-30,merval,26905.0
2017-12-31,merval,29975.0
2018-01-31,merval,34939.0
2018-02-28,merval,33011.0
2018-03-31,merval,31115.0
2018-04-30,merval,30006.0
2018-05-31,merval,28559.0
2018-06-30,merval,26037.0
2018-07-31,merval,29287.0
2018-08-31,merval,29294.0
2018-09-30,merval,33462.0
2018-10-31,merval,29491.0
2018-11-30,merval,31483.0
2018-12-31,merval,30293.0
2019-01-31,merval,36327.0
2019-02-28,merval,34486.0
2019-03-31,merval,33466.0
2019-04-30,merval,29571.0
2019-05-31,merval,33950.0
2019-06-30,merval,41796.0
2019-07-31,merval,42058.0
2019-08-31,merval,24609.0
2019-09-30,merval,29067.0
2019-10-31,merval,34995.0
2019-11-30,merval,34500.0
2019-12-31,merval,41671.0
2020-01-31,merval,40105.0
2020-02-29,merval,34973.0
2020-03-31,merval,24384.0
2020-04-30,merval,32743.0
2020-05-31,merval,37825.0
2020-06-30,merval,38687.0
2020-07-31,merval,49254.0
2020-08-31,merval,46835.0
2020-09-30,merval,41261.0
2020-10-31,merval,45290.0
2020-11-30,merval,54573.0
2020-12-31,merval,51227.0
2021-01-31,merval,48257.0
2021-02-28,merval,48432.0
2021-03-31,merval,47982.0
2021-04-30,merval,49056.0
2021-05-31,merval,59269.0
2021-06-30,merval,62372.0
2021-07-31,merval,66005.0
2021-08-31,merval,76452.0
2021-09-30,merval,77364.0
2021-10-31,merval,83561.0
2021-11-30,merval,79316.0
2021-12-31,merval,83500.0
2022-01-31,merval,90908.0
2022-02-28,merval,87970.0
2022-03-31,merval,90960.0
2022-04-30,merval,88251.0
2022-05-31,merval,92288.0
2022-06-30,merval,88450.0
2022-07-31,merval,122528.0
2022-08-31,merval,136241.0
2022-09-30,merval,139115.0
2022-10-31,merval,149938.0
2022-11-30,merval,168525.0
2022-12-31,merval,202085.0
2023-01-31,merval,253549.0
2023-02-28,merval,247459.0
2023-03-31,merval,245716.0
2023-04-30,merval,297960.0
2023-05-31,merval,342079.0
2023-06-30,merval,426281.0
2023-07-31,merval,457138.0
2023-08-31,merval,653603.0
2023-09-30,merval,562569.0
2023-10-31,merval,579150.0
2023-11-30,merval,813394.0
2023-12-31,merval,929704.0
2024-01-31,merval,1260563.0
2024-02-29,merval,1014712.0
2024-03-31,merval,1213485.0
2024-04-30,merval,1323586.0
2024-05-31,merval,1651417.0
2024-06-30,merval,1611295.0
2024-07-31,merval,1481853.0
2024-08-31,merval,1717564.0
2024-09-30,merval,1697401.0
2024-10-31,merval,1848744.0
2024-11-30,merval,2258295.0
2024-12-31,merval,2533635.0
2025-01-31,merval,2564659.0
2025-02-28,merval,2205801.0
2025-03-31,merval,2338761.0
2025-04-30,merval,2100844.0
2025-05-31,merval,2278992.0
2025-06-30,merval,1994825.0
2025-07-31,merval,2319511.0
2025-08-31,merval,1984845.0
2025-09-30,merval,1773440.0
2025-10-31,merval,3002607.0
2025-11-30,merval,3026470.0
2025-12-31,merval,3051617.0
2026-01-31,merval,3199554.0
2026-02-28,merval,2642106.0
2026-03-31,merval,2997780.0
2026-04-30,merval,2832851.0
2026-05-31,merval,3166407.0
1975-01-31,nasdaq,69.77999877929688
1975-02-28,nasdaq,73.0
1975-03-31,nasdaq,75.66000366210938
1975-04-30,nasdaq,78.54000091552734
1975-05-31,nasdaq,83.0999984741211
1975-06-30,nasdaq,87.0199966430664
1975-07-31,nasdaq,83.19000244140625
1975-08-31,nasdaq,79.01000213623047
1975-09-30,nasdaq,74.33000183105469
1975-10-31,nasdaq,76.98999786376953
1975-11-30,nasdaq,78.80000305175781
1975-12-31,nasdaq,77.62000274658203
1976-01-31,nasdaq,87.05000305175781
1976-02-29,nasdaq,90.26000213623048
1976-03-31,nasdaq,90.62000274658205
1976-04-30,nasdaq,90.08000183105467
1976-05-31,nasdaq,88.04000091552734
1976-06-30,nasdaq,90.31999969482422
1976-07-31,nasdaq,91.29000091552734
1976-08-31,nasdaq,89.69999694824219
1976-09-30,nasdaq,91.26000213623048
1976-10-31,nasdaq,90.3499984741211
1976-11-30,nasdaq,91.12000274658205
1976-12-31,nasdaq,97.87999725341795
1977-01-31,nasdaq,95.54000091552734
1977-02-28,nasdaq,94.56999969482422
1977-03-31,nasdaq,94.12999725341795
1977-04-30,nasdaq,95.4800033569336
1977-05-31,nasdaq,95.58999633789062
1977-06-30,nasdaq,99.7300033569336
1977-07-31,nasdaq,100.6500015258789
1977-08-31,nasdaq,100.0999984741211
1977-09-30,nasdaq,100.8499984741211
1977-10-31,nasdaq,97.5199966430664
1977-11-30,nasdaq,103.1500015258789
1977-12-31,nasdaq,105.0500030517578
1978-01-31,nasdaq,100.83999633789062
1978-02-28,nasdaq,101.47000122070312
1978-03-31,nasdaq,106.1999969482422
1978-04-30,nasdaq,115.18000030517578
1978-05-31,nasdaq,120.23999786376952
1978-06-30,nasdaq,120.3000030517578
1978-07-31,nasdaq,126.31999969482422
1978-08-31,nasdaq,135.00999450683594
1978-09-30,nasdaq,132.88999938964844
1978-10-31,nasdaq,111.12000274658205
1978-11-30,nasdaq,114.69000244140624
1978-12-31,nasdaq,117.9800033569336
1979-01-31,nasdaq,125.81999969482422
1979-02-28,nasdaq,122.55999755859376
1979-03-31,nasdaq,131.75999450683594
1979-04-30,nasdaq,133.82000732421875
1979-05-31,nasdaq,131.4199981689453
1979-06-30,nasdaq,138.1300048828125
1979-07-31,nasdaq,141.3300018310547
1979-08-31,nasdaq,150.44000244140625
1979-09-30,nasdaq,149.97999572753906
1979-10-31,nasdaq,135.52999877929688
1979-11-30,nasdaq,144.25999450683594
1979-12-31,nasdaq,151.13999938964844
1980-01-31,nasdaq,161.75
1980-02-29,nasdaq,158.02999877929688
1980-03-31,nasdaq,131.0
1980-04-30,nasdaq,139.99000549316406
1980-05-31,nasdaq,150.4499969482422
1980-06-30,nasdaq,157.77999877929688
1980-07-31,nasdaq,171.80999755859375
1980-08-31,nasdaq,181.5200042724609
1980-09-30,nasdaq,187.759994506836
1980-10-31,nasdaq,192.77999877929688
1980-11-30,nasdaq,208.1499938964844
1980-12-31,nasdaq,202.33999633789065
1981-01-31,nasdaq,197.8099975585937
1981-02-28,nasdaq,198.009994506836
1981-03-31,nasdaq,210.17999267578125
1981-04-30,nasdaq,216.7400054931641
1981-05-31,nasdaq,223.47000122070312
1981-06-30,nasdaq,215.75
1981-07-31,nasdaq,211.6300048828125
1981-08-31,nasdaq,195.75
1981-09-30,nasdaq,180.02999877929688
1981-10-31,nasdaq,195.2400054931641
1981-11-30,nasdaq,201.3699951171875
1981-12-31,nasdaq,195.83999633789065
1982-01-31,nasdaq,188.38999938964844
1982-02-28,nasdaq,179.42999267578125
1982-03-31,nasdaq,175.64999389648438
1982-04-30,nasdaq,184.6999969482422
1982-05-31,nasdaq,178.5399932861328
1982-06-30,nasdaq,171.3000030517578
1982-07-31,nasdaq,167.35000610351562
1982-08-31,nasdaq,177.7100067138672
1982-09-30,nasdaq,187.6499938964844
1982-10-31,nasdaq,212.6300048828125
1982-11-30,nasdaq,232.3099975585937
1982-12-31,nasdaq,232.4100036621093
1983-01-31,nasdaq,248.3500061035156
1983-02-28,nasdaq,260.6700134277344
1983-03-31,nasdaq,270.79998779296875
1983-04-30,nasdaq,293.0599975585937
1983-05-31,nasdaq,308.7300109863281
1983-06-30,nasdaq,318.70001220703125
1983-07-31,nasdaq,303.9599914550781
1983-08-31,nasdaq,292.4200134277344
1983-09-30,nasdaq,296.6499938964844
1983-10-31,nasdaq,274.54998779296875
1983-11-30,nasdaq,285.6700134277344
1983-12-31,nasdaq,278.6000061035156
1984-01-31,nasdaq,268.42999267578125
1984-02-29,nasdaq,252.57000732421875
1984-03-31,nasdaq,250.77999877929688
1984-04-30,nasdaq,247.44000244140625
1984-05-31,nasdaq,232.82000732421875
1984-06-30,nasdaq,239.6499938964844
1984-07-31,nasdaq,229.6999969482422
1984-08-31,nasdaq,254.63999938964844
1984-09-30,nasdaq,249.94000244140625
1984-10-31,nasdaq,247.0
1984-11-30,nasdaq,242.3999938964844
1984-12-31,nasdaq,247.1000061035156
1985-01-31,nasdaq,278.70001220703125
1985-02-28,nasdaq,284.20001220703125
1985-03-31,nasdaq,279.20001220703125
1985-04-30,nasdaq,280.6000061035156
1985-05-31,nasdaq,290.79998779296875
1985-06-30,nasdaq,296.20001220703125
1985-07-31,nasdaq,301.29998779296875
1985-08-31,nasdaq,297.70001220703125
1985-09-30,nasdaq,280.29998779296875
1985-10-31,nasdaq,292.5
1985-11-30,nasdaq,314.0
1985-12-31,nasdaq,324.8999938964844
1986-01-31,nasdaq,335.79998779296875
1986-02-28,nasdaq,359.5
1986-03-31,nasdaq,374.7000122070313
1986-04-30,nasdaq,383.2000122070313
1986-05-31,nasdaq,400.2000122070313
1986-06-30,nasdaq,405.5
1986-07-31,nasdaq,371.3999938964844
1986-08-31,nasdaq,382.8999938964844
1986-09-30,nasdaq,350.70001220703125
1986-10-31,nasdaq,360.7999877929688
1986-11-30,nasdaq,359.6000061035156
1986-12-31,nasdaq,348.79998779296875
1987-01-31,nasdaq,392.1000061035156
1987-02-28,nasdaq,425.0
1987-03-31,nasdaq,430.1000061035156
1987-04-30,nasdaq,417.7999877929688
1987-05-31,nasdaq,416.5
1987-06-30,nasdaq,424.7000122070313
1987-07-31,nasdaq,434.8999938964844
1987-08-31,nasdaq,455.0
1987-09-30,nasdaq,444.2999877929688
1987-10-31,nasdaq,323.29998779296875
1987-11-30,nasdaq,305.20001220703125
1987-12-31,nasdaq,330.5
1988-01-31,nasdaq,344.70001220703125
1988-02-29,nasdaq,367.0
1988-03-31,nasdaq,374.6000061035156
1988-04-30,nasdaq,379.2000122070313
1988-05-31,nasdaq,370.2999877929688
1988-06-30,nasdaq,394.7000122070313
1988-07-31,nasdaq,387.2999877929688
1988-08-31,nasdaq,376.6000061035156
1988-09-30,nasdaq,387.7000122070313
1988-10-31,nasdaq,382.5
1988-11-30,nasdaq,371.5
1988-12-31,nasdaq,381.3999938964844
1989-01-31,nasdaq,401.2999877929688
1989-02-28,nasdaq,399.7000122070313
1989-03-31,nasdaq,406.7000122070313
1989-04-30,nasdaq,427.6000061035156
1989-05-31,nasdaq,446.2000122070313
1989-06-30,nasdaq,435.2999877929688
1989-07-31,nasdaq,453.7999877929688
1989-08-31,nasdaq,469.2999877929688
1989-09-30,nasdaq,472.8999938964844
1989-10-31,nasdaq,455.6000061035156
1989-11-30,nasdaq,456.1000061035156
1989-12-31,nasdaq,454.7999877929688
1990-01-31,nasdaq,415.7999877929688
1990-02-28,nasdaq,425.7999877929688
1990-03-31,nasdaq,435.5
1990-04-30,nasdaq,420.1000061035156
1990-05-31,nasdaq,459.0
1990-06-30,nasdaq,462.2999877929688
1990-07-31,nasdaq,438.2000122070313
1990-08-31,nasdaq,381.2000122070313
1990-09-30,nasdaq,344.5
1990-10-31,nasdaq,329.79998779296875
1990-11-30,nasdaq,359.1000061035156
1990-12-31,nasdaq,373.7999877929688
1991-01-31,nasdaq,414.2000122070313
1991-02-28,nasdaq,453.1000061035156
1991-03-31,nasdaq,482.2999877929688
1991-04-30,nasdaq,484.7200012207031
1991-05-31,nasdaq,506.1099853515625
1991-06-30,nasdaq,475.9200134277344
1991-07-31,nasdaq,502.0400085449219
1991-08-31,nasdaq,525.6799926757812
1991-09-30,nasdaq,526.8800048828125
1991-10-31,nasdaq,542.97998046875
1991-11-30,nasdaq,523.9000244140625
1991-12-31,nasdaq,586.3400268554688
1992-01-31,nasdaq,620.2100219726562
1992-02-29,nasdaq,633.469970703125
1992-03-31,nasdaq,603.77001953125
1992-04-30,nasdaq,578.6799926757812
1992-05-31,nasdaq,585.3099975585938
1992-06-30,nasdaq,563.5999755859375
1992-07-31,nasdaq,580.8300170898438
1992-08-31,nasdaq,563.1199951171875
1992-09-30,nasdaq,583.27001953125
1992-10-31,nasdaq,605.1699829101562
1992-11-30,nasdaq,652.72998046875
1992-12-31,nasdaq,676.9500122070312
1993-01-31,nasdaq,696.3400268554688
1993-02-28,nasdaq,670.77001953125
1993-03-31,nasdaq,690.1300048828125
1993-04-30,nasdaq,661.4199829101562
1993-05-31,nasdaq,700.530029296875
1993-06-30,nasdaq,703.9500122070312
1993-07-31,nasdaq,704.7000122070312
1993-08-31,nasdaq,742.8400268554688
1993-09-30,nasdaq,762.780029296875
1993-10-31,nasdaq,779.260009765625
1993-11-30,nasdaq,754.3900146484375
1993-12-31,nasdaq,776.7999877929688
1994-01-31,nasdaq,800.469970703125
1994-02-28,nasdaq,792.5
1994-03-31,nasdaq,743.4600219726562
1994-04-30,nasdaq,733.8400268554688
1994-05-31,nasdaq,735.1900024414062
1994-06-30,nasdaq,705.9600219726562
1994-07-31,nasdaq,722.1599731445312
1994-08-31,nasdaq,765.6199951171875
1994-09-30,nasdaq,764.2899780273438
1994-10-31,nasdaq,777.489990234375
1994-11-30,nasdaq,750.3200073242188
1994-12-31,nasdaq,751.9600219726562
1995-01-31,nasdaq,755.2000122070312
1995-02-28,nasdaq,793.72998046875
1995-03-31,nasdaq,817.2100219726562
1995-04-30,nasdaq,843.97998046875
1995-05-31,nasdaq,864.5800170898438
1995-06-30,nasdaq,933.4500122070312
1995-07-31,nasdaq,1001.2100219726562
1995-08-31,nasdaq,1020.1099853515624
1995-09-30,nasdaq,1043.5400390625
1995-10-31,nasdaq,1036.06005859375
1995-11-30,nasdaq,1059.199951171875
1995-12-31,nasdaq,1052.1300048828125
1996-01-31,nasdaq,1059.7900390625
1996-02-29,nasdaq,1100.050048828125
1996-03-31,nasdaq,1101.4000244140625
1996-04-30,nasdaq,1190.52001953125
1996-05-31,nasdaq,1243.4300537109375
1996-06-30,nasdaq,1185.02001953125
1996-07-31,nasdaq,1080.5899658203125
1996-08-31,nasdaq,1141.5
1996-09-30,nasdaq,1226.9200439453125
1996-10-31,nasdaq,1221.510009765625
1996-11-30,nasdaq,1292.6099853515625
1996-12-31,nasdaq,1291.030029296875
1997-01-31,nasdaq,1379.8499755859375
1997-02-28,nasdaq,1309.0
1997-03-31,nasdaq,1221.699951171875
1997-04-30,nasdaq,1260.760009765625
1997-05-31,nasdaq,1400.3199462890625
1997-06-30,nasdaq,1442.0699462890625
1997-07-31,nasdaq,1593.81005859375
1997-08-31,nasdaq,1587.3199462890625
1997-09-30,nasdaq,1685.68994140625
1997-10-31,nasdaq,1593.6099853515625
1997-11-30,nasdaq,1600.550048828125
1997-12-31,nasdaq,1570.3499755859375
1998-01-31,nasdaq,1619.3599853515625
1998-02-28,nasdaq,1770.510009765625
1998-03-31,nasdaq,1835.6800537109373
1998-04-30,nasdaq,1868.4100341796875
1998-05-31,nasdaq,1778.8699951171875
1998-06-30,nasdaq,1894.739990234375
1998-07-31,nasdaq,1872.3900146484373
1998-08-31,nasdaq,1499.25
1998-09-30,nasdaq,1693.8399658203125
1998-10-31,nasdaq,1771.3900146484375
1998-11-30,nasdaq,1949.5400390625
1998-12-31,nasdaq,2192.68994140625
1999-01-31,nasdaq,2505.889892578125
1999-02-28,nasdaq,2288.030029296875
1999-03-31,nasdaq,2461.39990234375
1999-04-30,nasdaq,2542.860107421875
1999-05-31,nasdaq,2470.52001953125
1999-06-30,nasdaq,2686.1201171875
1999-07-31,nasdaq,2638.489990234375
1999-08-31,nasdaq,2739.35009765625
1999-09-30,nasdaq,2746.159912109375
1999-10-31,nasdaq,2966.429931640625
1999-11-30,nasdaq,3336.159912109375
1999-12-31,nasdaq,4069.31005859375
2000-01-31,nasdaq,3940.35009765625
2000-02-29,nasdaq,4696.68994140625
2000-03-31,nasdaq,4572.830078125
2000-04-30,nasdaq,3860.659912109375
2000-05-31,nasdaq,3400.909912109375
2000-06-30,nasdaq,3966.110107421875
2000-07-31,nasdaq,3766.989990234375
2000-08-31,nasdaq,4206.35009765625
2000-09-30,nasdaq,3672.820068359375
2000-10-31,nasdaq,3369.6298828125
2000-11-30,nasdaq,2597.929931640625
2000-12-31,nasdaq,2470.52001953125
2001-01-31,nasdaq,2772.72998046875
2001-02-28,nasdaq,2151.830078125
2001-03-31,nasdaq,1840.260009765625
2001-04-30,nasdaq,2116.239990234375
2001-05-31,nasdaq,2110.489990234375
2001-06-30,nasdaq,2160.5400390625
2001-07-31,nasdaq,2027.1300048828125
2001-08-31,nasdaq,1805.4300537109373
2001-09-30,nasdaq,1498.800048828125
2001-10-31,nasdaq,1690.199951171875
2001-11-30,nasdaq,1930.5799560546875
2001-12-31,nasdaq,1950.4000244140625
2002-01-31,nasdaq,1934.030029296875
2002-02-28,nasdaq,1731.489990234375
2002-03-31,nasdaq,1845.3499755859373
2002-04-30,nasdaq,1688.22998046875
2002-05-31,nasdaq,1615.72998046875
2002-06-30,nasdaq,1463.2099609375
2002-07-31,nasdaq,1328.260009765625
2002-08-31,nasdaq,1314.8499755859375
2002-09-30,nasdaq,1172.06005859375
2002-10-31,nasdaq,1329.75
2002-11-30,nasdaq,1478.780029296875
2002-12-31,nasdaq,1335.510009765625
2003-01-31,nasdaq,1320.9100341796875
2003-02-28,nasdaq,1337.52001953125
2003-03-31,nasdaq,1341.1700439453125
2003-04-30,nasdaq,1464.31005859375
2003-05-31,nasdaq,1595.9100341796875
2003-06-30,nasdaq,1622.800048828125
2003-07-31,nasdaq,1735.02001953125
2003-08-31,nasdaq,1810.449951171875
2003-09-30,nasdaq,1786.93994140625
2003-10-31,nasdaq,1932.2099609375
2003-11-30,nasdaq,1960.260009765625
2003-12-31,nasdaq,2003.3699951171875
2004-01-31,nasdaq,2066.14990234375
2004-02-29,nasdaq,2029.8199462890625
2004-03-31,nasdaq,1994.219970703125
2004-04-30,nasdaq,1920.1500244140625
2004-05-31,nasdaq,1986.739990234375
2004-06-30,nasdaq,2047.7900390625
2004-07-31,nasdaq,1887.3599853515625
2004-08-31,nasdaq,1838.0999755859373
2004-09-30,nasdaq,1896.8399658203125
2004-10-31,nasdaq,1974.989990234375
2004-11-30,nasdaq,2096.81005859375
2004-12-31,nasdaq,2175.43994140625
2005-01-31,nasdaq,2062.409912109375
2005-02-28,nasdaq,2051.719970703125
2005-03-31,nasdaq,1999.22998046875
2005-04-30,nasdaq,1921.6500244140625
2005-05-31,nasdaq,2068.219970703125
2005-06-30,nasdaq,2056.9599609375
2005-07-31,nasdaq,2184.830078125
2005-08-31,nasdaq,2152.090087890625
2005-09-30,nasdaq,2151.68994140625
2005-10-31,nasdaq,2120.300048828125
2005-11-30,nasdaq,2232.820068359375
2005-12-31,nasdaq,2205.320068359375
2006-01-31,nasdaq,2305.820068359375
2006-02-28,nasdaq,2281.389892578125
2006-03-31,nasdaq,2339.7900390625
2006-04-30,nasdaq,2322.570068359375
2006-05-31,nasdaq,2178.8798828125
2006-06-30,nasdaq,2172.090087890625
2006-07-31,nasdaq,2091.469970703125
2006-08-31,nasdaq,2183.75
2006-09-30,nasdaq,2258.429931640625
2006-10-31,nasdaq,2366.7099609375
2006-11-30,nasdaq,2431.77001953125
2006-12-31,nasdaq,2415.2900390625
2007-01-31,nasdaq,2463.929931640625
2007-02-28,nasdaq,2416.14990234375
2007-03-31,nasdaq,2421.639892578125
2007-04-30,nasdaq,2525.090087890625
2007-05-31,nasdaq,2604.52001953125
2007-06-30,nasdaq,2603.22998046875
2007-07-31,nasdaq,2546.27001953125
2007-08-31,nasdaq,2596.360107421875
2007-09-30,nasdaq,2701.5
2007-10-31,nasdaq,2859.1201171875
2007-11-30,nasdaq,2660.9599609375
2007-12-31,nasdaq,2652.280029296875
2008-01-31,nasdaq,2389.860107421875
2008-02-29,nasdaq,2271.47998046875
2008-03-31,nasdaq,2279.10009765625
2008-04-30,nasdaq,2412.800048828125
2008-05-31,nasdaq,2522.659912109375
2008-06-30,nasdaq,2292.97998046875
2008-07-31,nasdaq,2325.550048828125
2008-08-31,nasdaq,2367.52001953125
2008-09-30,nasdaq,2091.8798828125
2008-10-31,nasdaq,1720.949951171875
2008-11-30,nasdaq,1535.5699462890625
2008-12-31,nasdaq,1577.030029296875
2009-01-31,nasdaq,1476.4200439453125
2009-02-28,nasdaq,1377.8399658203125
2009-03-31,nasdaq,1528.5899658203125
2009-04-30,nasdaq,1717.300048828125
2009-05-31,nasdaq,1774.3299560546875
2009-06-30,nasdaq,1835.0400390625
2009-07-31,nasdaq,1978.5
2009-08-31,nasdaq,2009.06005859375
2009-09-30,nasdaq,2122.419921875
2009-10-31,nasdaq,2045.1099853515625
2009-11-30,nasdaq,2144.60009765625
2009-12-31,nasdaq,2269.14990234375
2010-01-31,nasdaq,2147.35009765625
2010-02-28,nasdaq,2238.260009765625
2010-03-31,nasdaq,2397.9599609375
2010-04-30,nasdaq,2461.18994140625
2010-05-31,nasdaq,2257.0400390625
2010-06-30,nasdaq,2109.239990234375
2010-07-31,nasdaq,2254.699951171875
2010-08-31,nasdaq,2114.030029296875
2010-09-30,nasdaq,2368.6201171875
2010-10-31,nasdaq,2507.409912109375
2010-11-30,nasdaq,2498.22998046875
2010-12-31,nasdaq,2652.8701171875
2011-01-31,nasdaq,2700.080078125
2011-02-28,nasdaq,2782.27001953125
2011-03-31,nasdaq,2781.070068359375
2011-04-30,nasdaq,2873.5400390625
2011-05-31,nasdaq,2835.300048828125
2011-06-30,nasdaq,2773.52001953125
2011-07-31,nasdaq,2756.3798828125
2011-08-31,nasdaq,2579.4599609375
2011-09-30,nasdaq,2415.39990234375
2011-10-31,nasdaq,2684.409912109375
2011-11-30,nasdaq,2620.340087890625
2011-12-31,nasdaq,2605.14990234375
2012-01-31,nasdaq,2813.840087890625
2012-02-29,nasdaq,2966.889892578125
2012-03-31,nasdaq,3091.570068359375
2012-04-30,nasdaq,3046.360107421875
2012-05-31,nasdaq,2827.340087890625
2012-06-30,nasdaq,2935.050048828125
2012-07-31,nasdaq,2939.52001953125
2012-08-31,nasdaq,3066.9599609375
2012-09-30,nasdaq,3116.22998046875
2012-10-31,nasdaq,2977.22998046875
2012-11-30,nasdaq,3010.239990234375
2012-12-31,nasdaq,3019.510009765625
2013-01-31,nasdaq,3142.1298828125
2013-02-28,nasdaq,3160.18994140625
2013-03-31,nasdaq,3267.52001953125
2013-04-30,nasdaq,3328.7900390625
2013-05-31,nasdaq,3455.909912109375
2013-06-30,nasdaq,3403.25
2013-07-31,nasdaq,3626.3701171875
2013-08-31,nasdaq,3589.8701171875
2013-09-30,nasdaq,3771.47998046875
2013-10-31,nasdaq,3919.7099609375
2013-11-30,nasdaq,4059.889892578125
2013-12-31,nasdaq,4176.58984375
2014-01-31,nasdaq,4103.8798828125
2014-02-28,nasdaq,4308.1201171875
2014-03-31,nasdaq,4198.990234375
2014-04-30,nasdaq,4114.56005859375
2014-05-31,nasdaq,4242.6201171875
2014-06-30,nasdaq,4408.18017578125
2014-07-31,nasdaq,4369.77001953125
2014-08-31,nasdaq,4580.27001953125
2014-09-30,nasdaq,4493.39013671875
2014-10-31,nasdaq,4630.740234375
2014-11-30,nasdaq,4791.6298828125
2014-12-31,nasdaq,4736.0498046875
2015-01-31,nasdaq,4635.240234375
2015-02-28,nasdaq,4963.52978515625
2015-03-31,nasdaq,4900.8798828125
2015-04-30,nasdaq,4941.419921875
2015-05-31,nasdaq,5070.02978515625
2015-06-30,nasdaq,4986.8701171875
2015-07-31,nasdaq,5128.27978515625
2015-08-31,nasdaq,4776.509765625
2015-09-30,nasdaq,4620.16015625
2015-10-31,nasdaq,5053.75
2015-11-30,nasdaq,5108.669921875
2015-12-31,nasdaq,5007.41015625
2016-01-31,nasdaq,4613.9501953125
2016-02-29,nasdaq,4557.9501953125
2016-03-31,nasdaq,4869.85009765625
2016-04-30,nasdaq,4775.35986328125
2016-05-31,nasdaq,4948.0498046875
2016-06-30,nasdaq,4842.669921875
2016-07-31,nasdaq,5162.1298828125
2016-08-31,nasdaq,5213.22021484375
2016-09-30,nasdaq,5312.0
2016-10-31,nasdaq,5189.14013671875
2016-11-30,nasdaq,5323.68017578125
2016-12-31,nasdaq,5383.1201171875
2017-01-31,nasdaq,5614.7900390625
2017-02-28,nasdaq,5825.43994140625
2017-03-31,nasdaq,5911.740234375
2017-04-30,nasdaq,6047.60986328125
2017-05-31,nasdaq,6198.52001953125
2017-06-30,nasdaq,6140.419921875
2017-07-31,nasdaq,6348.1201171875
2017-08-31,nasdaq,6428.66015625
2017-09-30,nasdaq,6495.9599609375
2017-10-31,nasdaq,6727.669921875
2017-11-30,nasdaq,6873.97021484375
2017-12-31,nasdaq,6903.39013671875
2018-01-31,nasdaq,7411.47998046875
2018-02-28,nasdaq,7273.009765625
2018-03-31,nasdaq,7063.4501953125
2018-04-30,nasdaq,7066.27001953125
2018-05-31,nasdaq,7442.1201171875
2018-06-30,nasdaq,7510.2998046875
2018-07-31,nasdaq,7671.7900390625
2018-08-31,nasdaq,8109.5400390625
2018-09-30,nasdaq,8046.35009765625
2018-10-31,nasdaq,7305.89990234375
2018-11-30,nasdaq,7330.5400390625
2018-12-31,nasdaq,6635.27978515625
2019-01-31,nasdaq,7281.740234375
2019-02-28,nasdaq,7532.52978515625
2019-03-31,nasdaq,7729.31982421875
2019-04-30,nasdaq,8095.39013671875
2019-05-31,nasdaq,7453.14990234375
2019-06-30,nasdaq,8006.240234375
2019-07-31,nasdaq,8175.419921875
2019-08-31,nasdaq,7962.8798828125
2019-09-30,nasdaq,7999.33984375
2019-10-31,nasdaq,8292.3603515625
2019-11-30,nasdaq,8665.4697265625
2019-12-31,nasdaq,8972.599609375
2020-01-31,nasdaq,9150.9404296875
2020-02-29,nasdaq,8567.3701171875
2020-03-31,nasdaq,7700.10009765625
2020-04-30,nasdaq,8889.5498046875
2020-05-31,nasdaq,9489.8701171875
2020-06-30,nasdaq,10058.76953125
2020-07-31,nasdaq,10745.26953125
2020-08-31,nasdaq,11775.4599609375
2020-09-30,nasdaq,11167.509765625
2020-10-31,nasdaq,10911.58984375
2020-11-30,nasdaq,12198.740234375
2020-12-31,nasdaq,12888.2802734375
2021-01-31,nasdaq,13070.6904296875
2021-02-28,nasdaq,13192.349609375
2021-03-31,nasdaq,13246.8701171875
2021-04-30,nasdaq,13962.6796875
2021-05-31,nasdaq,13748.740234375
2021-06-30,nasdaq,14503.9501953125
2021-07-31,nasdaq,14672.6796875
2021-08-31,nasdaq,15259.240234375
2021-09-30,nasdaq,14448.580078125
2021-10-31,nasdaq,15498.3896484375
2021-11-30,nasdaq,15537.6904296875
2021-12-31,nasdaq,15644.9697265625
2022-01-31,nasdaq,14239.8798828125
2022-02-28,nasdaq,13751.400390625
2022-03-31,nasdaq,14220.51953125
2022-04-30,nasdaq,12334.6396484375
2022-05-31,nasdaq,12081.3896484375
2022-06-30,nasdaq,11028.740234375
2022-07-31,nasdaq,12390.6904296875
2022-08-31,nasdaq,11816.2001953125
2022-09-30,nasdaq,10575.6201171875
2022-10-31,nasdaq,10988.150390625
2022-11-30,nasdaq,11468.0
2022-12-31,nasdaq,10466.48046875
2023-01-31,nasdaq,11584.5498046875
2023-02-28,nasdaq,11455.5400390625
2023-03-31,nasdaq,12221.91015625
2023-04-30,nasdaq,12226.580078125
2023-05-31,nasdaq,12935.2900390625
2023-06-30,nasdaq,13787.919921875
2023-07-31,nasdaq,14346.01953125
2023-08-31,nasdaq,14034.9697265625
2023-09-30,nasdaq,13219.3203125
2023-10-31,nasdaq,12851.240234375
2023-11-30,nasdaq,14226.2197265625
2023-12-31,nasdaq,15011.349609375
2024-01-31,nasdaq,15164.009765625
2024-02-29,nasdaq,16091.919921875
2024-03-31,nasdaq,16379.4599609375
2024-04-30,nasdaq,15657.8203125
2024-05-31,nasdaq,16735.01953125
2024-06-30,nasdaq,17732.599609375
2024-07-31,nasdaq,17599.400390625
2024-08-31,nasdaq,17713.619140625
2024-09-30,nasdaq,18189.169921875
2024-10-31,nasdaq,18095.150390625
2024-11-30,nasdaq,19218.169921875
2024-12-31,nasdaq,19310.7890625
2025-01-31,nasdaq,19627.439453125
2025-02-28,nasdaq,18847.279296875
2025-03-31,nasdaq,17299.2890625
2025-04-30,nasdaq,17446.33984375
2025-05-31,nasdaq,19113.76953125
2025-06-30,nasdaq,20369.73046875
2025-07-31,nasdaq,21122.44921875
2025-08-31,nasdaq,21455.55078125
2025-09-30,nasdaq,22660.009765625
2025-10-31,nasdaq,23724.9609375
2025-11-30,nasdaq,23365.689453125
2025-12-31,nasdaq,23241.990234375
2026-01-31,nasdaq,23461.8203125
2026-02-28,nasdaq,22668.2109375
2026-03-31,nasdaq,21590.630859375
2026-04-30,nasdaq,24892.310546875
2026-05-31,nasdaq,26972.619140625
2007-09-30,nifty50,5021.35009765625
2007-10-31,nifty50,5900.64990234375
2007-11-30,nifty50,5762.75
2007-12-31,nifty50,6138.60009765625
2008-01-31,nifty50,5137.4501953125
2008-02-29,nifty50,5223.5
2008-03-31,nifty50,4734.5
2008-04-30,nifty50,5165.89990234375
2008-05-31,nifty50,4870.10009765625
2008-06-30,nifty50,4040.550048828125
2008-07-31,nifty50,4332.9501953125
2008-08-31,nifty50,4360.0
2008-09-30,nifty50,3921.199951171875
2008-10-31,nifty50,2885.60009765625
2008-11-30,nifty50,2755.10009765625
2008-12-31,nifty50,2959.14990234375
2009-01-31,nifty50,2874.800048828125
2009-02-28,nifty50,2763.64990234375
2009-03-31,nifty50,3020.949951171875
2009-04-30,nifty50,3473.949951171875
2009-05-31,nifty50,4448.9501953125
2009-06-30,nifty50,4291.10009765625
2009-07-31,nifty50,4636.4501953125
2009-08-31,nifty50,4662.10009765625
2009-09-30,nifty50,5083.9501953125
2009-10-31,nifty50,4711.7001953125
2009-11-30,nifty50,5032.7001953125
2009-12-31,nifty50,5201.0498046875
2010-01-31,nifty50,4882.0498046875
2010-02-28,nifty50,4922.2998046875
2010-03-31,nifty50,5249.10009765625
2010-04-30,nifty50,5278.0
2010-05-31,nifty50,5086.2998046875
2010-06-30,nifty50,5312.5
2010-07-31,nifty50,5367.60009765625
2010-08-31,nifty50,5402.39990234375
2010-09-30,nifty50,6029.9501953125
2010-10-31,nifty50,6017.7001953125
2010-11-30,nifty50,5862.7001953125
2010-12-31,nifty50,6134.5
2011-01-31,nifty50,5505.89990234375
2011-02-28,nifty50,5333.25
2011-03-31,nifty50,5833.75
2011-04-30,nifty50,5749.5
2011-05-31,nifty50,5473.10009765625
2011-06-30,nifty50,5647.39990234375
2011-07-31,nifty50,5482.0
2011-08-31,nifty50,5001.0
2011-09-30,nifty50,4943.25
2011-10-31,nifty50,5326.60009765625
2011-11-30,nifty50,4832.0498046875
2011-12-31,nifty50,4624.2998046875
2012-01-31,nifty50,5199.25
2012-02-29,nifty50,5385.2001953125
2012-03-31,nifty50,5295.5498046875
2012-04-30,nifty50,5248.14990234375
2012-05-31,nifty50,4924.25
2012-06-30,nifty50,5278.89990234375
2012-07-31,nifty50,5229.0
2012-08-31,nifty50,5258.5
2012-09-30,nifty50,5703.2998046875
2012-10-31,nifty50,5619.7001953125
2012-11-30,nifty50,5879.85009765625
2012-12-31,nifty50,5905.10009765625
2013-01-31,nifty50,6034.75
2013-02-28,nifty50,5693.0498046875
2013-03-31,nifty50,5682.5498046875
2013-04-30,nifty50,5930.2001953125
2013-05-31,nifty50,5985.9501953125
2013-06-30,nifty50,5842.2001953125
2013-07-31,nifty50,5742.0
2013-08-31,nifty50,5471.7998046875
2013-09-30,nifty50,5735.2998046875
2013-10-31,nifty50,6299.14990234375
2013-11-30,nifty50,6176.10009765625
2013-12-31,nifty50,6304.0
2014-01-31,nifty50,6089.5
2014-02-28,nifty50,6276.9501953125
2014-03-31,nifty50,6704.2001953125
2014-04-30,nifty50,6696.39990234375
2014-05-31,nifty50,7229.9501953125
2014-06-30,nifty50,7611.35009765625
2014-07-31,nifty50,7721.2998046875
2014-08-31,nifty50,7954.35009765625
2014-09-30,nifty50,7964.7998046875
2014-10-31,nifty50,8322.2001953125
2014-11-30,nifty50,8588.25
2014-12-31,nifty50,8282.7001953125
2015-01-31,nifty50,8808.900390625
2015-02-28,nifty50,8844.599609375
2015-03-31,nifty50,8491.0
2015-04-30,nifty50,8181.5
2015-05-31,nifty50,8433.650390625
2015-06-30,nifty50,8368.5
2015-07-31,nifty50,8532.849609375
2015-08-31,nifty50,7971.2998046875
2015-09-30,nifty50,7948.89990234375
2015-10-31,nifty50,8065.7998046875
2015-11-30,nifty50,7935.25
2015-12-31,nifty50,7946.35009765625
2016-01-31,nifty50,7563.5498046875
2016-02-29,nifty50,6987.0498046875
2016-03-31,nifty50,7738.39990234375
2016-04-30,nifty50,7849.7998046875
2016-05-31,nifty50,8160.10009765625
2016-06-30,nifty50,8287.75
2016-07-31,nifty50,8638.5
2016-08-31,nifty50,8786.2001953125
2016-09-30,nifty50,8611.150390625
2016-10-31,nifty50,8638.0
2016-11-30,nifty50,8224.5
2016-12-31,nifty50,8185.7998046875
2017-01-31,nifty50,8561.2998046875
2017-02-28,nifty50,8879.599609375
2017-03-31,nifty50,9173.75
2017-04-30,nifty50,9304.0498046875
2017-05-31,nifty50,9621.25
2017-06-30,nifty50,9520.900390625
2017-07-31,nifty50,10077.099609375
2017-08-31,nifty50,9917.900390625
2017-09-30,nifty50,9788.599609375
2017-10-31,nifty50,10335.2998046875
2017-11-30,nifty50,10226.5498046875
2017-12-31,nifty50,10530.7001953125
2018-01-31,nifty50,11027.7001953125
2018-02-28,nifty50,10492.849609375
2018-03-31,nifty50,10113.7001953125
2018-04-30,nifty50,10739.349609375
2018-05-31,nifty50,10736.150390625
2018-06-30,nifty50,10714.2998046875
2018-07-31,nifty50,11356.5
2018-08-31,nifty50,11680.5
2018-09-30,nifty50,10930.4501953125
2018-10-31,nifty50,10386.599609375
2018-11-30,nifty50,10876.75
2018-12-31,nifty50,10862.5498046875
2019-01-31,nifty50,10830.9501953125
2019-02-28,nifty50,10792.5
2019-03-31,nifty50,11570.0
2019-04-30,nifty50,11748.150390625
2019-05-31,nifty50,11922.7998046875
2019-06-30,nifty50,11788.849609375
2019-07-31,nifty50,11118.0
2019-08-31,nifty50,11023.25
2019-09-30,nifty50,11474.4501953125
2019-10-31,nifty50,11877.4501953125
2019-11-30,nifty50,12056.0498046875
2019-12-31,nifty50,12168.4501953125
2020-01-31,nifty50,11962.099609375
2020-02-29,nifty50,11201.75
2020-03-31,nifty50,8597.75
2020-04-30,nifty50,9859.900390625
2020-05-31,nifty50,9580.2998046875
2020-06-30,nifty50,10302.099609375
2020-07-31,nifty50,11073.4501953125
2020-08-31,nifty50,11387.5
2020-09-30,nifty50,11247.5498046875
2020-10-31,nifty50,11642.400390625
2020-11-30,nifty50,12968.9501953125
2020-12-31,nifty50,13981.75
2021-01-31,nifty50,13634.599609375
2021-02-28,nifty50,14529.150390625
2021-03-31,nifty50,14690.7001953125
2021-04-30,nifty50,14631.099609375
2021-05-31,nifty50,15582.7998046875
2021-06-30,nifty50,15721.5
2021-07-31,nifty50,15763.0498046875
2021-08-31,nifty50,17132.19921875
2021-09-30,nifty50,17618.150390625
2021-10-31,nifty50,17671.650390625
2021-11-30,nifty50,16983.19921875
2021-12-31,nifty50,17354.05078125
2022-01-31,nifty50,17339.849609375
2022-02-28,nifty50,16793.900390625
2022-03-31,nifty50,17464.75
2022-04-30,nifty50,17102.55078125
2022-05-31,nifty50,16584.55078125
2022-06-30,nifty50,15780.25
2022-07-31,nifty50,17158.25
2022-08-31,nifty50,17759.30078125
2022-09-30,nifty50,17094.349609375
2022-10-31,nifty50,18012.19921875
2022-11-30,nifty50,18758.349609375
2022-12-31,nifty50,18105.30078125
2023-01-31,nifty50,17662.150390625
2023-02-28,nifty50,17303.94921875
2023-03-31,nifty50,17359.75
2023-04-30,nifty50,18065.0
2023-05-31,nifty50,18534.400390625
2023-06-30,nifty50,19189.05078125
2023-07-31,nifty50,19753.80078125
2023-08-31,nifty50,19253.80078125
2023-09-30,nifty50,19638.30078125
2023-10-31,nifty50,19079.599609375
2023-11-30,nifty50,20133.150390625
2023-12-31,nifty50,21731.400390625
2024-01-31,nifty50,21725.69921875
2024-02-29,nifty50,21982.80078125
2024-03-31,nifty50,22326.900390625
2024-04-30,nifty50,22604.849609375
2024-05-31,nifty50,22530.69921875
2024-06-30,nifty50,24010.599609375
2024-07-31,nifty50,24951.150390625
2024-08-31,nifty50,25235.900390625
2024-09-30,nifty50,25810.849609375
2024-10-31,nifty50,24205.349609375
2024-11-30,nifty50,24131.099609375
2024-12-31,nifty50,23644.80078125
2025-01-31,nifty50,23508.400390625
2025-02-28,nifty50,22124.69921875
2025-03-31,nifty50,23519.349609375
2025-04-30,nifty50,24334.19921875
2025-05-31,nifty50,24750.69921875
2025-06-30,nifty50,25517.05078125
2025-07-31,nifty50,24768.349609375
2025-08-31,nifty50,24426.849609375
2025-09-30,nifty50,24611.099609375
2025-10-31,nifty50,25722.099609375
2025-11-30,nifty50,26202.94921875
2025-12-31,nifty50,26129.599609375
2026-01-31,nifty50,25320.650390625
2026-02-28,nifty50,25178.650390625
2026-03-31,nifty50,22331.400390625
2026-04-30,nifty50,23997.55078125
2026-05-31,nifty50,23907.150390625
1975-01-31,nikkei225,3957.530029296875
1975-02-28,nikkei225,4273.39013671875
1975-03-31,nikkei225,4484.97021484375
1975-04-30,nikkei225,4484.83984375
1975-05-31,nikkei225,4407.72998046875
1975-06-30,nikkei225,4532.5400390625
1975-07-31,nikkei225,4333.0400390625
1975-08-31,nikkei225,4060.570068359375
1975-09-30,nikkei225,3886.389892578125
1975-10-31,nikkei225,4352.0498046875
1975-11-30,nikkei225,4329.77001953125
1975-12-31,nikkei225,4342.06005859375
1976-01-31,nikkei225,4656.85986328125
1976-02-29,nikkei225,4628.759765625
1976-03-31,nikkei225,4596.47998046875
1976-04-30,nikkei225,4656.9599609375
1976-05-31,nikkei225,4659.4599609375
1976-06-30,nikkei225,4852.1298828125
1976-07-31,nikkei225,4641.830078125
1976-08-31,nikkei225,4738.14013671875
1976-09-30,nikkei225,4830.39990234375
1976-10-31,nikkei225,4646.27001953125
1976-11-30,nikkei225,4506.60009765625
1976-12-31,nikkei225,4990.85009765625
1977-01-31,nikkei225,4962.47021484375
1977-02-28,nikkei225,5041.7099609375
1977-03-31,nikkei225,5011.75
1977-04-30,nikkei225,5091.9599609375
1977-05-31,nikkei225,4986.2998046875
1977-06-30,nikkei225,4989.08984375
1977-07-31,nikkei225,4849.35009765625
1977-08-31,nikkei225,5242.93017578125
1977-09-30,nikkei225,5264.740234375
1977-10-31,nikkei225,5120.52001953125
1977-11-30,nikkei225,4849.56005859375
1977-12-31,nikkei225,4863.009765625
1978-01-31,nikkei225,5111.669921875
1978-02-28,nikkei225,5222.66015625
1978-03-31,nikkei225,5447.759765625
1978-04-30,nikkei225,5534.18017578125
1978-05-31,nikkei225,5469.77001953125
1978-06-30,nikkei225,5543.14013671875
1978-07-31,nikkei225,5601.33984375
1978-08-31,nikkei225,5585.41015625
1978-09-30,nikkei225,5772.35986328125
1978-10-31,nikkei225,5902.93017578125
1978-11-30,nikkei225,5967.43017578125
1978-12-31,nikkei225,6001.85009765625
1979-01-31,nikkei225,6212.77978515625
1979-02-28,nikkei225,6072.8798828125
1979-03-31,nikkei225,6133.97021484375
1979-04-30,nikkei225,6223.14013671875
1979-05-31,nikkei225,6252.58984375
1979-06-30,nikkei225,6247.259765625
1979-07-31,nikkei225,6313.77001953125
1979-08-31,nikkei225,6436.1298828125
1979-09-30,nikkei225,6568.60986328125
1979-10-31,nikkei225,6444.1298828125
1979-11-30,nikkei225,6450.18994140625
1979-12-31,nikkei225,6569.47021484375
1980-01-31,nikkei225,6768.16015625
1980-02-29,nikkei225,6764.89013671875
1980-03-31,nikkei225,6556.18994140625
1980-04-30,nikkei225,6865.56005859375
1980-05-31,nikkei225,6855.7001953125
1980-06-30,nikkei225,6870.7001953125
1980-07-31,nikkei225,6819.6298828125
1980-08-31,nikkei225,6914.080078125
1980-09-30,nikkei225,7076.4599609375
1980-10-31,nikkei225,7150.75
1980-11-30,nikkei225,7123.6201171875
1980-12-31,nikkei225,7063.1298828125
1981-01-31,nikkei225,7254.009765625
1981-02-28,nikkei225,7146.52978515625
1981-03-31,nikkei225,7334.31005859375
1981-04-30,nikkei225,7674.18994140625
1981-05-31,nikkei225,7539.68994140625
1981-06-30,nikkei225,7867.419921875
1981-07-31,nikkei225,7828.259765625
1981-08-31,nikkei225,7815.77978515625
1981-09-30,nikkei225,7455.5
1981-10-31,nikkei225,7449.4599609375
1981-11-30,nikkei225,7549.330078125
1981-12-31,nikkei225,7681.83984375
1982-01-31,nikkei225,7918.81982421875
1982-02-28,nikkei225,7548.509765625
1982-03-31,nikkei225,7260.47998046875
1982-04-30,nikkei225,7390.7099609375
1982-05-31,nikkei225,7325.64990234375
1982-06-30,nikkei225,7213.8701171875
1982-07-31,nikkei225,7122.080078125
1982-08-31,nikkei225,7123.3798828125
1982-09-30,nikkei225,6910.72998046875
1982-10-31,nikkei225,7259.14990234375
1982-11-30,nikkei225,7895.6201171875
1982-12-31,nikkei225,8016.669921875
1983-01-31,nikkei225,8103.47021484375
1983-02-28,nikkei225,8085.56982421875
1983-03-31,nikkei225,8478.7001953125
1983-04-30,nikkei225,8636.5595703125
1983-05-31,nikkei225,8617.5703125
1983-06-30,nikkei225,8870.9501953125
1983-07-31,nikkei225,9078.75
1983-08-31,nikkei225,9189.4296875
1983-09-30,nikkei225,9402.58984375
1983-10-31,nikkei225,9356.7900390625
1983-11-30,nikkei225,9320.240234375
1983-12-31,nikkei225,9893.8203125
1984-01-31,nikkei225,10196.099609375
1984-02-29,nikkei225,10030.7001953125
1984-03-31,nikkei225,10929.169921875
1984-04-30,nikkei225,10981.6796875
1984-05-31,nikkei225,9940.1396484375
1984-06-30,nikkei225,10377.9697265625
1984-07-31,nikkei225,9998.5
1984-08-31,nikkei225,10584.2001953125
1984-09-30,nikkei225,10649.25
1984-10-31,nikkei225,11252.98046875
1984-11-30,nikkei225,11428.900390625
1984-12-31,nikkei225,11542.599609375
1985-01-31,nikkei225,11992.3095703125
1985-02-28,nikkei225,12321.919921875
1985-03-31,nikkei225,12580.759765625
1985-04-30,nikkei225,12426.2900390625
1985-05-31,nikkei225,12758.4599609375
1985-06-30,nikkei225,12882.08984375
1985-07-31,nikkei225,12232.26953125
1985-08-31,nikkei225,12713.150390625
1985-09-30,nikkei225,12700.1103515625
1985-10-31,nikkei225,12936.4697265625
1985-11-30,nikkei225,12763.26953125
1985-12-31,nikkei225,13083.1796875
1986-01-31,nikkei225,13024.2998046875
1986-02-28,nikkei225,13640.830078125
1986-03-31,nikkei225,15859.75
1986-04-30,nikkei225,15825.5
1986-05-31,nikkei225,16670.76953125
1986-06-30,nikkei225,17654.189453125
1986-07-31,nikkei225,17509.7109375
1986-08-31,nikkei225,18533.6796875
1986-09-30,nikkei225,17852.859375
1986-10-31,nikkei225,16910.630859375
1986-11-30,nikkei225,18083.01953125
1986-12-31,nikkei225,18820.650390625
1987-01-31,nikkei225,20048.349609375
1987-02-28,nikkei225,20421.66015625
1987-03-31,nikkei225,21566.66015625
1987-04-30,nikkei225,23274.830078125
1987-05-31,nikkei225,24772.390625
1987-06-30,nikkei225,24176.400390625
1987-07-31,nikkei225,24488.109375
1987-08-31,nikkei225,26029.220703125
1987-09-30,nikkei225,26010.880859375
1987-10-31,nikkei225,22765.0390625
1987-11-30,nikkei225,22686.779296875
1987-12-31,nikkei225,21564.0
1988-01-31,nikkei225,23622.3203125
1988-02-29,nikkei225,25242.810546875
1988-03-31,nikkei225,26260.259765625
1988-04-30,nikkei225,27434.119140625
1988-05-31,nikkei225,27416.69921875
1988-06-30,nikkei225,27769.400390625
1988-07-31,nikkei225,27911.630859375
1988-08-31,nikkei225,27365.94921875
1988-09-30,nikkei225,27923.669921875
1988-10-31,nikkei225,27982.5390625
1988-11-30,nikkei225,29578.900390625
1988-12-31,nikkei225,30159.0
1989-01-31,nikkei225,31581.30078125
1989-02-28,nikkei225,31985.599609375
1989-03-31,nikkei225,32838.6796875
1989-04-30,nikkei225,33713.3515625
1989-05-31,nikkei225,34266.75
1989-06-30,nikkei225,32948.69140625
1989-07-31,nikkei225,34953.87109375
1989-08-31,nikkei225,34431.19921875
1989-09-30,nikkei225,35636.76171875
1989-10-31,nikkei225,35549.44140625
1989-11-30,nikkei225,37268.7890625
1989-12-31,nikkei225,38915.87109375
1990-01-31,nikkei225,37188.94921875
1990-02-28,nikkei225,34591.98828125
1990-03-31,nikkei225,29980.44921875
1990-04-30,nikkei225,29584.80078125
1990-05-31,nikkei225,33130.80078125
1990-06-30,nikkei225,31940.240234375
1990-07-31,nikkei225,31035.66015625
1990-08-31,nikkei225,25978.369140625
1990-09-30,nikkei225,20983.5
1990-10-31,nikkei225,25194.099609375
1990-11-30,nikkei225,22454.630859375
1990-12-31,nikkei225,23848.7109375
1991-01-31,nikkei225,23293.140625
1991-02-28,nikkei225,26409.220703125
1991-03-31,nikkei225,26292.0390625
1991-04-30,nikkei225,26111.25
1991-05-31,nikkei225,25789.619140625
1991-06-30,nikkei225,23290.9609375
1991-07-31,nikkei225,24120.75
1991-08-31,nikkei225,22335.869140625
1991-09-30,nikkei225,23916.439453125
1991-10-31,nikkei225,25222.279296875
1991-11-30,nikkei225,22687.349609375
1991-12-31,nikkei225,22983.76953125
1992-01-31,nikkei225,22023.05078125
1992-02-29,nikkei225,21338.810546875
1992-03-31,nikkei225,19345.94921875
1992-04-30,nikkei225,17390.7109375
1992-05-31,nikkei225,18347.75
1992-06-30,nikkei225,15951.73046875
1992-07-31,nikkei225,15910.2802734375
1992-08-31,nikkei225,18061.119140625
1992-09-30,nikkei225,17399.080078125
1992-10-31,nikkei225,16767.400390625
1992-11-30,nikkei225,17683.650390625
1992-12-31,nikkei225,16924.94921875
1993-01-31,nikkei225,17023.779296875
1993-02-28,nikkei225,16953.349609375
1993-03-31,nikkei225,18591.44921875
1993-04-30,nikkei225,20919.1796875
1993-05-31,nikkei225,20552.349609375
1993-06-30,nikkei225,19590.0
1993-07-31,nikkei225,20380.140625
1993-08-31,nikkei225,21026.599609375
1993-09-30,nikkei225,20105.7109375
1993-10-31,nikkei225,19702.970703125
1993-11-30,nikkei225,16406.5390625
1993-12-31,nikkei225,17417.240234375
1994-01-31,nikkei225,20229.119140625
1994-02-28,nikkei225,19997.19921875
1994-03-31,nikkei225,19111.919921875
1994-04-30,nikkei225,19725.25
1994-05-31,nikkei225,20973.58984375
1994-06-30,nikkei225,20643.9296875
1994-07-31,nikkei225,20449.390625
1994-08-31,nikkei225,20628.529296875
1994-09-30,nikkei225,19563.810546875
1994-10-31,nikkei225,19989.599609375
1994-11-30,nikkei225,19075.619140625
1994-12-31,nikkei225,19723.060546875
1995-01-31,nikkei225,18649.8203125
1995-02-28,nikkei225,17053.4296875
1995-03-31,nikkei225,16139.9501953125
1995-04-30,nikkei225,16806.75
1995-05-31,nikkei225,15436.7900390625
1995-06-30,nikkei225,14517.400390625
1995-07-31,nikkei225,16677.529296875
1995-08-31,nikkei225,18117.220703125
1995-09-30,nikkei225,17913.060546875
1995-10-31,nikkei225,17654.640625
1995-11-30,nikkei225,18744.419921875
1995-12-31,nikkei225,19868.150390625
1996-01-31,nikkei225,20812.740234375
1996-02-29,nikkei225,20125.369140625
1996-03-31,nikkei225,21406.849609375
1996-04-30,nikkei225,22041.30078125
1996-05-31,nikkei225,21956.189453125
1996-06-30,nikkei225,22530.75
1996-07-31,nikkei225,20692.830078125
1996-08-31,nikkei225,20166.900390625
1996-09-30,nikkei225,21556.400390625
1996-10-31,nikkei225,20466.859375
1996-11-30,nikkei225,21020.359375
1996-12-31,nikkei225,19361.349609375
1997-01-31,nikkei225,18330.009765625
1997-02-28,nikkei225,18557.0
1997-03-31,nikkei225,18003.400390625
1997-04-30,nikkei225,19151.119140625
1997-05-31,nikkei225,20068.810546875
1997-06-30,nikkei225,20604.9609375
1997-07-31,nikkei225,20331.4296875
1997-08-31,nikkei225,18229.419921875
1997-09-30,nikkei225,17887.7109375
1997-10-31,nikkei225,16458.939453125
1997-11-30,nikkei225,16636.259765625
1997-12-31,nikkei225,15258.740234375
1998-01-31,nikkei225,16628.470703125
1998-02-28,nikkei225,16831.669921875
1998-03-31,nikkei225,16527.169921875
1998-04-30,nikkei225,15641.259765625
1998-05-31,nikkei225,15670.7802734375
1998-06-30,nikkei225,15830.26953125
1998-07-31,nikkei225,16378.9697265625
1998-08-31,nikkei225,14107.8896484375
1998-09-30,nikkei225,13406.3896484375
1998-10-31,nikkei225,13564.509765625
1998-11-30,nikkei225,14883.7001953125
1998-12-31,nikkei225,13842.169921875
1999-01-31,nikkei225,14499.25
1999-02-28,nikkei225,14367.5400390625
1999-03-31,nikkei225,15836.58984375
1999-04-30,nikkei225,16701.529296875
1999-05-31,nikkei225,16111.650390625
1999-06-30,nikkei225,17529.740234375
1999-07-31,nikkei225,17861.859375
1999-08-31,nikkei225,17436.560546875
1999-09-30,nikkei225,17605.4609375
1999-10-31,nikkei225,17942.080078125
1999-11-30,nikkei225,18558.23046875
1999-12-31,nikkei225,18934.33984375
2000-01-31,nikkei225,19539.69921875
2000-02-29,nikkei225,19959.51953125
2000-03-31,nikkei225,20337.3203125
2000-04-30,nikkei225,17973.69921875
2000-05-31,nikkei225,16332.4501953125
2000-06-30,nikkei225,17411.05078125
2000-07-31,nikkei225,15727.490234375
2000-08-31,nikkei225,16861.259765625
2000-09-30,nikkei225,15747.259765625
2000-10-31,nikkei225,14539.599609375
2000-11-30,nikkei225,14648.509765625
2000-12-31,nikkei225,13785.6904296875
2001-01-31,nikkei225,13843.5498046875
2001-02-28,nikkei225,12883.5400390625
2001-03-31,nikkei225,12999.7001953125
2001-04-30,nikkei225,13934.3203125
2001-05-31,nikkei225,13262.1396484375
2001-06-30,nikkei225,12969.0498046875
2001-07-31,nikkei225,11860.76953125
2001-08-31,nikkei225,10713.509765625
2001-09-30,nikkei225,9774.6796875
2001-10-31,nikkei225,10366.33984375
2001-11-30,nikkei225,10697.4404296875
2001-12-31,nikkei225,10542.6201171875
2002-01-31,nikkei225,9997.7998046875
2002-02-28,nikkei225,10587.830078125
2002-03-31,nikkei225,11024.9404296875
2002-04-30,nikkei225,11492.5400390625
2002-05-31,nikkei225,11763.7001953125
2002-06-30,nikkei225,10621.83984375
2002-07-31,nikkei225,9877.9404296875
2002-08-31,nikkei225,9619.2998046875
2002-09-30,nikkei225,9383.2900390625
2002-10-31,nikkei225,8640.48046875
2002-11-30,nikkei225,9215.5595703125
2002-12-31,nikkei225,8578.9501953125
2003-01-31,nikkei225,8339.9404296875
2003-02-28,nikkei225,8363.0400390625
2003-03-31,nikkei225,7972.7099609375
2003-04-30,nikkei225,7831.419921875
2003-05-31,nikkei225,8424.509765625
2003-06-30,nikkei225,9083.1103515625
2003-07-31,nikkei225,9563.2099609375
2003-08-31,nikkei225,10343.5498046875
2003-09-30,nikkei225,10219.0498046875
2003-10-31,nikkei225,10559.58984375
2003-11-30,nikkei225,10100.5703125
2003-12-31,nikkei225,10676.6396484375
2004-01-31,nikkei225,10783.6103515625
2004-02-29,nikkei225,11041.919921875
2004-03-31,nikkei225,11715.3896484375
2004-04-30,nikkei225,11761.7900390625
2004-05-31,nikkei225,11236.3701171875
2004-06-30,nikkei225,11858.8701171875
2004-07-31,nikkei225,11325.7802734375
2004-08-31,nikkei225,11081.7900390625
2004-09-30,nikkei225,10823.5703125
2004-10-31,nikkei225,10771.419921875
2004-11-30,nikkei225,10899.25
2004-12-31,nikkei225,11488.759765625
2005-01-31,nikkei225,11387.58984375
2005-02-28,nikkei225,11740.599609375
2005-03-31,nikkei225,11668.9501953125
2005-04-30,nikkei225,11008.900390625
2005-05-31,nikkei225,11276.58984375
2005-06-30,nikkei225,11584.009765625
2005-07-31,nikkei225,11899.599609375
2005-08-31,nikkei225,12413.599609375
2005-09-30,nikkei225,13574.2998046875
2005-10-31,nikkei225,13606.5
2005-11-30,nikkei225,14872.150390625
2005-12-31,nikkei225,16111.4296875
2006-01-31,nikkei225,16649.8203125
2006-02-28,nikkei225,16205.4296875
2006-03-31,nikkei225,17059.66015625
2006-04-30,nikkei225,16906.23046875
2006-05-31,nikkei225,15467.330078125
2006-06-30,nikkei225,15505.1796875
2006-07-31,nikkei225,15456.8095703125
2006-08-31,nikkei225,16140.759765625
2006-09-30,nikkei225,16127.580078125
2006-10-31,nikkei225,16399.390625
2006-11-30,nikkei225,16274.330078125
2006-12-31,nikkei225,17225.830078125
2007-01-31,nikkei225,17383.419921875
2007-02-28,nikkei225,17604.119140625
2007-03-31,nikkei225,17287.650390625
2007-04-30,nikkei225,17400.41015625
2007-05-31,nikkei225,17875.75
2007-06-30,nikkei225,18138.359375
2007-07-31,nikkei225,17248.890625
2007-08-31,nikkei225,16569.08984375
2007-09-30,nikkei225,16785.689453125
2007-10-31,nikkei225,16737.630859375
2007-11-30,nikkei225,15680.669921875
2007-12-31,nikkei225,15307.7802734375
2008-01-31,nikkei225,13592.4697265625
2008-02-29,nikkei225,13603.01953125
2008-03-31,nikkei225,12525.5400390625
2008-04-30,nikkei225,13849.990234375
2008-05-31,nikkei225,14338.5400390625
2008-06-30,nikkei225,13481.3798828125
2008-07-31,nikkei225,13376.8095703125
2008-08-31,nikkei225,13072.8701171875
2008-09-30,nikkei225,11259.8603515625
2008-10-31,nikkei225,8576.98046875
2008-11-30,nikkei225,8512.26953125
2008-12-31,nikkei225,8859.5595703125
2009-01-31,nikkei225,7994.0498046875
2009-02-28,nikkei225,7568.419921875
2009-03-31,nikkei225,8109.52978515625
2009-04-30,nikkei225,8828.259765625
2009-05-31,nikkei225,9522.5
2009-06-30,nikkei225,9958.4404296875
2009-07-31,nikkei225,10356.830078125
2009-08-31,nikkei225,10492.5302734375
2009-09-30,nikkei225,10133.23046875
2009-10-31,nikkei225,10034.740234375
2009-11-30,nikkei225,9345.5498046875
2009-12-31,nikkei225,10546.4404296875
2010-01-31,nikkei225,10198.0400390625
2010-02-28,nikkei225,10126.0302734375
2010-03-31,nikkei225,11089.9404296875
2010-04-30,nikkei225,11057.400390625
2010-05-31,nikkei225,9768.7001953125
2010-06-30,nikkei225,9382.6396484375
2010-07-31,nikkei225,9537.2998046875
2010-08-31,nikkei225,8824.0595703125
2010-09-30,nikkei225,9369.349609375
2010-10-31,nikkei225,9202.4501953125
2010-11-30,nikkei225,9937.0400390625
2010-12-31,nikkei225,10228.919921875
2011-01-31,nikkei225,10237.919921875
2011-02-28,nikkei225,10624.08984375
2011-03-31,nikkei225,9755.099609375
2011-04-30,nikkei225,9849.740234375
2011-05-31,nikkei225,9693.73046875
2011-06-30,nikkei225,9816.08984375
2011-07-31,nikkei225,9833.0302734375
2011-08-31,nikkei225,8955.2001953125
2011-09-30,nikkei225,8700.2900390625
2011-10-31,nikkei225,8988.3896484375
2011-11-30,nikkei225,8434.6103515625
2011-12-31,nikkei225,8455.349609375
2012-01-31,nikkei225,8802.509765625
2012-02-29,nikkei225,9723.240234375
2012-03-31,nikkei225,10083.5595703125
2012-04-30,nikkei225,9520.8896484375
2012-05-31,nikkei225,8542.73046875
2012-06-30,nikkei225,9006.7802734375
2012-07-31,nikkei225,8695.0595703125
2012-08-31,nikkei225,8839.91015625
2012-09-30,nikkei225,8870.16015625
2012-10-31,nikkei225,8928.2900390625
2012-11-30,nikkei225,9446.009765625
2012-12-31,nikkei225,10395.1796875
2013-01-31,nikkei225,11138.66015625
2013-02-28,nikkei225,11559.3603515625
2013-03-31,nikkei225,12397.91015625
2013-04-30,nikkei225,13860.8603515625
2013-05-31,nikkei225,13774.5400390625
2013-06-30,nikkei225,13677.3203125
2013-07-31,nikkei225,13668.3203125
2013-08-31,nikkei225,13388.8603515625
2013-09-30,nikkei225,14455.7998046875
2013-10-31,nikkei225,14327.9404296875
2013-11-30,nikkei225,15661.8701171875
2013-12-31,nikkei225,16291.3095703125
2014-01-31,nikkei225,14914.5302734375
2014-02-28,nikkei225,14841.0703125
2014-03-31,nikkei225,14827.830078125
2014-04-30,nikkei225,14304.1103515625
2014-05-31,nikkei225,14632.3798828125
2014-06-30,nikkei225,15162.099609375
2014-07-31,nikkei225,15620.76953125
2014-08-31,nikkei225,15424.58984375
2014-09-30,nikkei225,16173.51953125
2014-10-31,nikkei225,16413.759765625
2014-11-30,nikkei225,17459.849609375
2014-12-31,nikkei225,17450.76953125
2015-01-31,nikkei225,17674.390625
2015-02-28,nikkei225,18797.939453125
2015-03-31,nikkei225,19206.990234375
2015-04-30,nikkei225,19520.009765625
2015-05-31,nikkei225,20563.150390625
2015-06-30,nikkei225,20235.73046875
2015-07-31,nikkei225,20585.240234375
2015-08-31,nikkei225,18890.48046875
2015-09-30,nikkei225,17388.150390625
2015-10-31,nikkei225,19083.099609375
2015-11-30,nikkei225,19747.470703125
2015-12-31,nikkei225,19033.7109375
2016-01-31,nikkei225,17518.30078125
2016-02-29,nikkei225,16026.759765625
2016-03-31,nikkei225,16758.669921875
2016-04-30,nikkei225,16666.05078125
2016-05-31,nikkei225,17234.98046875
2016-06-30,nikkei225,15575.919921875
2016-07-31,nikkei225,16569.26953125
2016-08-31,nikkei225,16887.400390625
2016-09-30,nikkei225,16449.83984375
2016-10-31,nikkei225,17425.01953125
2016-11-30,nikkei225,18308.48046875
2016-12-31,nikkei225,19114.369140625
2017-01-31,nikkei225,19041.33984375
2017-02-28,nikkei225,19118.990234375
2017-03-31,nikkei225,18909.259765625
2017-04-30,nikkei225,19196.740234375
2017-05-31,nikkei225,19650.5703125
2017-06-30,nikkei225,20033.4296875
2017-07-31,nikkei225,19925.1796875
2017-08-31,nikkei225,19646.240234375
2017-09-30,nikkei225,20356.279296875
2017-10-31,nikkei225,22011.609375
2017-11-30,nikkei225,22724.9609375
2017-12-31,nikkei225,22764.939453125
2018-01-31,nikkei225,23098.2890625
2018-02-28,nikkei225,22068.240234375
2018-03-31,nikkei225,21454.30078125
2018-04-30,nikkei225,22467.869140625
2018-05-31,nikkei225,22201.8203125
2018-06-30,nikkei225,22304.509765625
2018-07-31,nikkei225,22553.720703125
2018-08-31,nikkei225,22865.150390625
2018-09-30,nikkei225,24120.0390625
2018-10-31,nikkei225,21920.4609375
2018-11-30,nikkei225,22351.060546875
2018-12-31,nikkei225,20014.76953125
2019-01-31,nikkei225,20773.490234375
2019-02-28,nikkei225,21385.16015625
2019-03-31,nikkei225,21205.810546875
2019-04-30,nikkei225,22258.73046875
2019-05-31,nikkei225,20601.189453125
2019-06-30,nikkei225,21275.919921875
2019-07-31,nikkei225,21521.529296875
2019-08-31,nikkei225,20704.369140625
2019-09-30,nikkei225,21755.83984375
2019-10-31,nikkei225,22927.0390625
2019-11-30,nikkei225,23293.91015625
2019-12-31,nikkei225,23656.619140625
2020-01-31,nikkei225,23205.1796875
2020-02-29,nikkei225,21142.9609375
2020-03-31,nikkei225,18917.009765625
2020-04-30,nikkei225,20193.689453125
2020-05-31,nikkei225,21877.890625
2020-06-30,nikkei225,22288.140625
2020-07-31,nikkei225,21710.0
2020-08-31,nikkei225,23139.759765625
2020-09-30,nikkei225,23185.119140625
2020-10-31,nikkei225,22977.130859375
2020-11-30,nikkei225,26433.619140625
2020-12-31,nikkei225,27444.169921875
2021-01-31,nikkei225,27663.390625
2021-02-28,nikkei225,28966.009765625
2021-03-31,nikkei225,29178.80078125
2021-04-30,nikkei225,28812.630859375
2021-05-31,nikkei225,28860.080078125
2021-06-30,nikkei225,28791.529296875
2021-07-31,nikkei225,27283.58984375
2021-08-31,nikkei225,28089.5390625
2021-09-30,nikkei225,29452.66015625
2021-10-31,nikkei225,28892.689453125
2021-11-30,nikkei225,27821.759765625
2021-12-31,nikkei225,28791.7109375
2022-01-31,nikkei225,27001.98046875
2022-02-28,nikkei225,26526.8203125
2022-03-31,nikkei225,27821.4296875
2022-04-30,nikkei225,26847.900390625
2022-05-31,nikkei225,27279.80078125
2022-06-30,nikkei225,26393.0390625
2022-07-31,nikkei225,27801.640625
2022-08-31,nikkei225,28091.529296875
2022-09-30,nikkei225,25937.2109375
2022-10-31,nikkei225,27587.4609375
2022-11-30,nikkei225,27968.990234375
2022-12-31,nikkei225,26094.5
2023-01-31,nikkei225,27327.109375
2023-02-28,nikkei225,27445.560546875
2023-03-31,nikkei225,28041.48046875
2023-04-30,nikkei225,28856.439453125
2023-05-31,nikkei225,30887.880859375
2023-06-30,nikkei225,33189.0390625
2023-07-31,nikkei225,33172.21875
2023-08-31,nikkei225,32619.33984375
2023-09-30,nikkei225,31857.619140625
2023-10-31,nikkei225,30858.849609375
2023-11-30,nikkei225,33486.890625
2023-12-31,nikkei225,33464.171875
2024-01-31,nikkei225,36286.7109375
2024-02-29,nikkei225,39166.19140625
2024-03-31,nikkei225,40369.44140625
2024-04-30,nikkei225,38405.66015625
2024-05-31,nikkei225,38487.8984375
2024-06-30,nikkei225,39583.078125
2024-07-31,nikkei225,39101.8203125
2024-08-31,nikkei225,38647.75
2024-09-30,nikkei225,37919.55078125
2024-10-31,nikkei225,39081.25
2024-11-30,nikkei225,38208.03125
2024-12-31,nikkei225,39894.5390625
2025-01-31,nikkei225,39572.48828125
2025-02-28,nikkei225,37155.5
2025-03-31,nikkei225,35617.55859375
2025-04-30,nikkei225,36045.37890625
2025-05-31,nikkei225,37965.1015625
2025-06-30,nikkei225,40487.390625
2025-07-31,nikkei225,41069.8203125
2025-08-31,nikkei225,42718.46875
2025-09-30,nikkei225,44932.62890625
2025-10-31,nikkei225,52411.33984375
2025-11-30,nikkei225,50253.91015625
2025-12-31,nikkei225,50339.48046875
2026-01-31,nikkei225,53322.8515625
2026-02-28,nikkei225,58850.26953125
2026-03-31,nikkei225,51063.71875
2026-04-30,nikkei225,59284.921875
2026-05-31,nikkei225,64693.12109375
2003-01-31,nzx50,1953.219970703125
2003-02-28,nzx50,1880.8499755859373
2003-03-31,nzx50,1931.6099853515625
2003-04-30,nzx50,2013.31005859375
2003-05-31,nzx50,2087.06005859375
2003-06-30,nzx50,2212.52001953125
2003-07-31,nzx50,2146.35009765625
2003-08-31,nzx50,2214.909912109375
2003-09-30,nzx50,2280.830078125
2003-10-31,nzx50,2306.919921875
2003-11-30,nzx50,2345.840087890625
2003-12-31,nzx50,2450.340087890625
2004-01-31,nzx50,2471.510009765625
2004-02-29,nzx50,2440.47998046875
2004-03-31,nzx50,2593.02001953125
2004-04-30,nzx50,2631.14990234375
2004-05-31,nzx50,2589.159912109375
2004-06-30,nzx50,2696.070068359375
2004-07-31,nzx50,2788.010009765625
2004-08-31,nzx50,2749.510009765625
2004-09-30,nzx50,2834.39990234375
2004-10-31,nzx50,2812.340087890625
2004-11-30,nzx50,2990.800048828125
2004-12-31,nzx50,3064.43994140625
2005-01-31,nzx50,3075.580078125
2005-02-28,nzx50,3208.419921875
2005-03-31,nzx50,3039.080078125
2005-04-30,nzx50,2982.64990234375
2005-05-31,nzx50,3034.35009765625
2005-06-30,nzx50,3246.489990234375
2005-07-31,nzx50,3359.280029296875
2005-08-31,nzx50,3353.110107421875
2005-09-30,nzx50,3452.7900390625
2005-10-31,nzx50,3293.159912109375
2005-11-30,nzx50,3317.77001953125
2005-12-31,nzx50,3370.510009765625
2006-01-31,nzx50,3350.64990234375
2006-02-28,nzx50,3404.929931640625
2006-03-31,nzx50,3702.47998046875
2006-04-30,nzx50,3795.169921875
2006-05-31,nzx50,3613.590087890625
2006-06-30,nzx50,3585.8701171875
2006-07-31,nzx50,3580.56005859375
2006-08-31,nzx50,3510.27001953125
2006-09-30,nzx50,3589.340087890625
2006-10-31,nzx50,3784.5
2006-11-30,nzx50,3863.7099609375
2006-12-31,nzx50,4055.469970703125
2007-01-31,nzx50,4152.97998046875
2007-02-28,nzx50,4037.1298828125
2007-03-31,nzx50,4107.14013671875
2007-04-30,nzx50,4194.64013671875
2007-05-31,nzx50,4302.35009765625
2007-06-30,nzx50,4234.2900390625
2007-07-31,nzx50,4213.2998046875
2007-08-31,nzx50,4118.97021484375
2007-09-30,nzx50,4268.89990234375
2007-10-31,nzx50,4209.06982421875
2007-11-30,nzx50,4062.889892578125
2007-12-31,nzx50,4041.3798828125
2008-01-31,nzx50,3670.639892578125
2008-02-29,nzx50,3582.719970703125
2008-03-31,nzx50,3470.429931640625
2008-04-30,nzx50,3624.800048828125
2008-05-31,nzx50,3624.22998046875
2008-06-30,nzx50,3194.610107421875
2008-07-31,nzx50,3336.280029296875
2008-08-31,nzx50,3353.239990234375
2008-09-30,nzx50,3090.219970703125
2008-10-31,nzx50,2820.860107421875
2008-11-30,nzx50,2710.9599609375
2008-12-31,nzx50,2715.7099609375
2009-01-31,nzx50,2774.139892578125
2009-02-28,nzx50,2522.320068359375
2009-03-31,nzx50,2590.389892578125
2009-04-30,nzx50,2740.580078125
2009-05-31,nzx50,2764.169921875
2009-06-30,nzx50,2796.110107421875
2009-07-31,nzx50,3016.199951171875
2009-08-31,nzx50,3098.0
2009-09-30,nzx50,3161.06005859375
2009-10-31,nzx50,3215.6201171875
2009-11-30,nzx50,3125.52001953125
2009-12-31,nzx50,3230.14990234375
2010-01-31,nzx50,3164.64990234375
2010-02-28,nzx50,3156.10009765625
2010-03-31,nzx50,3267.989990234375
2010-04-30,nzx50,3286.1298828125
2010-05-31,nzx50,3061.22998046875
2010-06-30,nzx50,2972.090087890625
2010-07-31,nzx50,3034.6201171875
2010-08-31,nzx50,3036.10009765625
2010-09-30,nzx50,3178.090087890625
2010-10-31,nzx50,3304.889892578125
2010-11-30,nzx50,3264.5
2010-12-31,nzx50,3309.030029296875
2011-01-31,nzx50,3338.739990234375
2011-02-28,nzx50,3370.52001953125
2011-03-31,nzx50,3439.85009765625
2011-04-30,nzx50,3519.330078125
2011-05-31,nzx50,3547.639892578125
2011-06-30,nzx50,3448.35009765625
2011-07-31,nzx50,3395.6298828125
2011-08-31,nzx50,3323.070068359375
2011-09-30,nzx50,3343.35009765625
2011-10-31,nzx50,3332.56005859375
2011-11-30,nzx50,3270.2099609375
2011-12-31,nzx50,3274.7099609375
2012-01-31,nzx50,3296.199951171875
2012-02-29,nzx50,3322.530029296875
2012-03-31,nzx50,3509.550048828125
2012-04-30,nzx50,3555.8701171875
2012-05-31,nzx50,3488.2900390625
2012-06-30,nzx50,3399.830078125
2012-07-31,nzx50,3545.010009765625
2012-08-31,nzx50,3666.679931640625
2012-09-30,nzx50,3834.14990234375
2012-10-31,nzx50,3957.8798828125
2012-11-30,nzx50,4050.090087890625
2012-12-31,nzx50,4066.510009765625
2013-01-31,nzx50,4199.81982421875
2013-02-28,nzx50,4214.60009765625
2013-03-31,nzx50,4422.75
2013-04-30,nzx50,4614.3701171875
2013-05-31,nzx50,4511.35009765625
2013-06-30,nzx50,4440.169921875
2013-07-31,nzx50,4537.97998046875
2013-08-31,nzx50,4540.97021484375
2013-09-30,nzx50,4782.68017578125
2013-10-31,nzx50,4909.72998046875
2013-11-30,nzx50,4794.9501953125
2013-12-31,nzx50,4737.009765625
2014-01-31,nzx50,4874.580078125
2014-02-28,nzx50,4990.0400390625
2014-03-31,nzx50,5139.97998046875
2014-04-30,nzx50,5232.68017578125
2014-05-31,nzx50,5178.43994140625
2014-06-30,nzx50,5141.47998046875
2014-07-31,nzx50,5167.990234375
2014-08-31,nzx50,5223.2998046875
2014-09-30,nzx50,5255.0400390625
2014-10-31,nzx50,5387.830078125
2014-11-30,nzx50,5424.4501953125
2014-12-31,nzx50,5568.27978515625
2015-01-31,nzx50,5744.0
2015-02-28,nzx50,5878.47021484375
2015-03-31,nzx50,5833.990234375
2015-04-30,nzx50,5791.33984375
2015-05-31,nzx50,5844.9501953125
2015-06-30,nzx50,5726.9599609375
2015-07-31,nzx50,5920.9599609375
2015-08-31,nzx50,5656.240234375
2015-09-30,nzx50,5593.35986328125
2015-10-31,nzx50,5986.3701171875
2015-11-30,nzx50,6100.14990234375
2015-12-31,nzx50,6324.259765625
2016-01-31,nzx50,6170.22021484375
2016-02-29,nzx50,6230.8701171875
2016-03-31,nzx50,6752.419921875
2016-04-30,nzx50,6820.580078125
2016-05-31,nzx50,7039.419921875
2016-06-30,nzx50,6897.52978515625
2016-07-31,nzx50,7348.1298828125
2016-08-31,nzx50,7398.830078125
2016-09-30,nzx50,7361.08984375
2016-10-31,nzx50,6960.68017578125
2016-11-30,nzx50,6896.9501953125
2016-12-31,nzx50,6881.22021484375
2017-01-31,nzx50,7050.75
2017-02-28,nzx50,7167.4599609375
2017-03-31,nzx50,7196.77978515625
2017-04-30,nzx50,7378.75
2017-05-31,nzx50,7418.89990234375
2017-06-30,nzx50,7611.43994140625
2017-07-31,nzx50,7693.990234375
2017-08-31,nzx50,7817.10009765625
2017-09-30,nzx50,7930.39990234375
2017-10-31,nzx50,8146.33984375
2017-11-30,nzx50,8186.81982421875
2017-12-31,nzx50,8398.080078125
2018-01-31,nzx50,8442.009765625
2018-02-28,nzx50,8373.8203125
2018-03-31,nzx50,8319.0703125
2018-04-30,nzx50,8443.580078125
2018-05-31,nzx50,8658.7900390625
2018-06-30,nzx50,8943.1298828125
2018-07-31,nzx50,8922.08984375
2018-08-31,nzx50,9313.2001953125
2018-09-30,nzx50,9351.0595703125
2018-10-31,nzx50,8752.3095703125
2018-11-30,nzx50,8823.5400390625
2018-12-31,nzx50,8811.26953125
2019-01-31,nzx50,8985.33984375
2019-02-28,nzx50,9325.0302734375
2019-03-31,nzx50,9844.9501953125
2019-04-30,nzx50,10013.830078125
2019-05-31,nzx50,10117.990234375
2019-06-30,nzx50,10501.099609375
2019-07-31,nzx50,10857.75
2019-08-31,nzx50,10757.2001953125
2019-09-30,nzx50,10925.6201171875
2019-10-31,nzx50,10787.8203125
2019-11-30,nzx50,11316.580078125
2019-12-31,nzx50,11491.900390625
2020-01-31,nzx50,11717.4404296875
2020-02-29,nzx50,11261.16015625
2020-03-31,nzx50,9796.75
2020-04-30,nzx50,10532.0703125
2020-05-31,nzx50,10882.41015625
2020-06-30,nzx50,11451.0498046875
2020-07-31,nzx50,11727.6298828125
2020-08-31,nzx50,11937.5595703125
2020-09-30,nzx50,11747.2802734375
2020-10-31,nzx50,12084.4697265625
2020-11-30,nzx50,12768.51953125
2020-12-31,nzx50,13091.6396484375
2021-01-31,nzx50,13127.2900390625
2021-02-28,nzx50,12227.2900390625
2021-03-31,nzx50,12560.7001953125
2021-04-30,nzx50,12731.1298828125
2021-05-31,nzx50,12320.7197265625
2021-06-30,nzx50,12654.599609375
2021-07-31,nzx50,12594.51953125
2021-08-31,nzx50,13218.830078125
2021-09-30,nzx50,13275.759765625
2021-10-31,nzx50,13099.8203125
2021-11-30,nzx50,12699.5400390625
2021-12-31,nzx50,13033.76953125
2022-01-31,nzx50,11995.3701171875
2022-02-28,nzx50,12096.6796875
2022-03-31,nzx50,12110.259765625
2022-04-30,nzx50,11884.2998046875
2022-05-31,nzx50,11308.33984375
2022-06-30,nzx50,10868.7001953125
2022-07-31,nzx50,11492.650390625
2022-08-31,nzx50,11601.099609375
2022-09-30,nzx50,11065.7099609375
2022-10-31,nzx50,11338.4296875
2022-11-30,nzx50,11552.0400390625
2022-12-31,nzx50,11473.240234375
2023-01-31,nzx50,12022.900390625
2023-02-28,nzx50,11875.33984375
2023-03-31,nzx50,11884.5
2023-04-30,nzx50,12019.83984375
2023-05-31,nzx50,11813.009765625
2023-06-30,nzx50,11916.4697265625
2023-07-31,nzx50,12056.150390625
2023-08-31,nzx50,11554.48046875
2023-09-30,nzx50,11296.4296875
2023-10-31,nzx50,10757.6904296875
2023-11-30,nzx50,11331.5595703125
2023-12-31,nzx50,11770.490234375
2024-01-31,nzx50,11843.650390625
2024-02-29,nzx50,11696.4296875
2024-03-31,nzx50,12105.2900390625
2024-04-30,nzx50,11957.5
2024-05-31,nzx50,11867.2900390625
2024-06-30,nzx50,11717.4296875
2024-07-31,nzx50,12405.26953125
2024-08-31,nzx50,12447.6796875
2024-09-30,nzx50,12423.8203125
2024-10-31,nzx50,12638.900390625
2024-11-30,nzx50,13066.919921875
2024-12-31,nzx50,13110.740234375
2025-01-31,nzx50,12995.009765625
2025-02-28,nzx50,12601.419921875
2025-03-31,nzx50,12245.5
2025-04-30,nzx50,11903.3095703125
2025-05-31,nzx50,12418.8896484375
2025-06-30,nzx50,12602.8203125
2025-07-31,nzx50,12823.740234375
2025-08-31,nzx50,12930.73046875
2025-09-30,nzx50,13292.3603515625
2025-10-31,nzx50,13548.3203125
2025-11-30,nzx50,13489.150390625
2025-12-31,nzx50,13548.419921875
2026-01-31,nzx50,13423.1796875
2026-02-28,nzx50,13722.9697265625
2026-03-31,nzx50,12912.1103515625
2026-04-30,nzx50,12903.3095703125
2026-05-31,nzx50,13244.5498046875
2016-12-31,omxcopenhagen,1015.8800048828124
2017-01-31,omxcopenhagen,1049.56005859375
2017-02-28,omxcopenhagen,1060.3299560546875
2017-03-31,omxcopenhagen,1075.0699462890625
2017-04-30,omxcopenhagen,1126.43994140625
2017-05-31,omxcopenhagen,1150.02001953125
2017-06-30,omxcopenhagen,1143.239990234375
2017-07-31,omxcopenhagen,1168.6600341796875
2017-08-31,omxcopenhagen,1174.719970703125
2017-09-30,omxcopenhagen,1173.989990234375
2017-10-31,omxcopenhagen,1195.6099853515625
2017-11-30,omxcopenhagen,1129.5899658203125
2017-12-31,omxcopenhagen,1145.6400146484375
2018-01-31,omxcopenhagen,1136.52001953125
2018-02-28,omxcopenhagen,1147.8900146484375
2018-03-31,omxcopenhagen,1114.8199462890625
2018-04-30,omxcopenhagen,1113.02001953125
2018-05-31,omxcopenhagen,1113.5899658203125
2018-06-30,omxcopenhagen,1097.239990234375
2018-07-31,omxcopenhagen,1157.030029296875
2018-08-31,omxcopenhagen,1171.5400390625
2018-09-30,omxcopenhagen,1120.06005859375
2018-10-31,omxcopenhagen,1024.81005859375
2018-11-30,omxcopenhagen,1040.5400390625
2018-12-31,omxcopenhagen,994.9199829101562
2019-01-31,omxcopenhagen,1035.6199951171875
2019-02-28,omxcopenhagen,1100.56005859375
2019-03-31,omxcopenhagen,1122.8699951171875
2019-04-30,omxcopenhagen,1149.68994140625
2019-05-31,omxcopenhagen,1097.1199951171875
2019-06-30,omxcopenhagen,1122.77001953125
2019-07-31,omxcopenhagen,1124.3699951171875
2019-08-31,omxcopenhagen,1133.68994140625
2019-09-30,omxcopenhagen,1141.6500244140625
2019-10-31,omxcopenhagen,1149.4100341796875
2019-11-30,omxcopenhagen,1218.780029296875
2019-12-31,omxcopenhagen,1253.9000244140625
2020-01-31,omxcopenhagen,1277.800048828125
2020-02-29,omxcopenhagen,1218.699951171875
2020-03-31,omxcopenhagen,1126.5
2020-04-30,omxcopenhagen,1234.9599609375
2020-05-31,omxcopenhagen,1327.010009765625
2020-06-30,omxcopenhagen,1347.8900146484375
2020-07-31,omxcopenhagen,1423.6300048828125
2020-08-31,omxcopenhagen,1479.4300537109375
2020-09-30,omxcopenhagen,1508.3599853515625
2020-10-31,omxcopenhagen,1485.1099853515625
2020-11-30,omxcopenhagen,1596.780029296875
2020-12-31,omxcopenhagen,1676.6700439453125
2021-01-31,omxcopenhagen,1612.510009765625
2021-02-28,omxcopenhagen,1606.8599853515625
2021-03-31,omxcopenhagen,1689.800048828125
2021-04-30,omxcopenhagen,1766.3599853515625
2021-05-31,omxcopenhagen,1805.8900146484373
2021-06-30,omxcopenhagen,1860.4100341796875
2021-07-31,omxcopenhagen,1925.5999755859373
2021-08-31,omxcopenhagen,1975.239990234375
2021-09-30,omxcopenhagen,1880.6199951171875
2021-10-31,omxcopenhagen,1971.3199462890625
2021-11-30,omxcopenhagen,1882.550048828125
2021-12-31,omxcopenhagen,1965.6500244140625
2022-01-31,omxcopenhagen,1776.22998046875
2022-02-28,omxcopenhagen,1764.81005859375
2022-03-31,omxcopenhagen,1786.1099853515625
2022-04-30,omxcopenhagen,1764.6400146484375
2022-05-31,omxcopenhagen,1682.18994140625
2022-06-30,omxcopenhagen,1574.6700439453125
2022-07-31,omxcopenhagen,1770.6099853515625
2022-08-31,omxcopenhagen,1652.6500244140625
2022-09-30,omxcopenhagen,1439.0899658203125
2022-10-31,omxcopenhagen,1574.6700439453125
2022-11-30,omxcopenhagen,1686.6099853515625
2022-12-31,omxcopenhagen,1700.56005859375
2023-01-31,omxcopenhagen,1698.4200439453125
2023-02-28,omxcopenhagen,1780.3299560546875
2023-03-31,omxcopenhagen,1790.1300048828125
2023-04-30,omxcopenhagen,1818.4200439453125
2023-05-31,omxcopenhagen,1802.6300048828125
2023-06-30,omxcopenhagen,1816.739990234375
2023-07-31,omxcopenhagen,1809.7099609375
2023-08-31,omxcopenhagen,1736.4300537109375
2023-09-30,omxcopenhagen,1700.5899658203125
2023-10-31,omxcopenhagen,1620.0400390625
2023-11-30,omxcopenhagen,1728.449951171875
2023-12-31,omxcopenhagen,1821.199951171875
2024-01-31,omxcopenhagen,1856.530029296875
2024-02-29,omxcopenhagen,1897.050048828125
2024-03-31,omxcopenhagen,1943.3299560546875
2024-04-30,omxcopenhagen,1905.0699462890625
2024-05-31,omxcopenhagen,1982.199951171875
2024-06-30,omxcopenhagen,1953.52001953125
2024-07-31,omxcopenhagen,2010.6700439453125
2024-08-31,omxcopenhagen,1989.300048828125
2024-09-30,omxcopenhagen,1949.8699951171875
2024-10-31,omxcopenhagen,1875.699951171875
2024-11-30,omxcopenhagen,1852.0999755859373
2024-12-31,omxcopenhagen,1776.949951171875
2025-01-31,omxcopenhagen,1773.1800537109375
2025-02-28,omxcopenhagen,1851.3900146484373
2025-03-31,omxcopenhagen,1667.25
2025-04-30,omxcopenhagen,1655.8199462890625
2025-05-31,omxcopenhagen,1761.22998046875
2025-06-30,omxcopenhagen,1706.3499755859375
2025-07-31,omxcopenhagen,1664.97998046875
2025-08-31,omxcopenhagen,1666.4300537109375
2025-09-30,omxcopenhagen,1628.1199951171875
2025-10-31,omxcopenhagen,1684.81005859375
2025-11-30,omxcopenhagen,1746.5
2025-12-31,omxcopenhagen,1824.1300048828125
2026-01-31,omxcopenhagen,1904.6199951171875
2026-02-28,omxcopenhagen,1731.1500244140625
2026-03-31,omxcopenhagen,1680.969970703125
2026-04-30,omxcopenhagen,1740.75
2026-05-31,omxcopenhagen,1785.3699951171875
2013-03-31,omxhelsinki,2324.360107421875
2013-04-30,omxhelsinki,2315.85009765625
2013-05-31,omxhelsinki,2346.2099609375
2013-06-30,omxhelsinki,2220.669921875
2013-07-31,omxhelsinki,2318.610107421875
2013-08-31,omxhelsinki,2379.75
2013-09-30,omxhelsinki,2630.5400390625
2013-10-31,omxhelsinki,2745.179931640625
2013-11-30,omxhelsinki,2816.360107421875
2013-12-31,omxhelsinki,2835.169921875
2014-01-31,omxhelsinki,2718.699951171875
2014-02-28,omxhelsinki,2922.030029296875
2014-03-31,omxhelsinki,2843.43994140625
2014-04-30,omxhelsinki,2842.35009765625
2014-05-31,omxhelsinki,2954.60009765625
2014-06-30,omxhelsinki,2920.179931640625
2014-07-31,omxhelsinki,2927.47998046875
2014-08-31,omxhelsinki,2938.179931640625
2014-09-30,omxhelsinki,2939.2900390625
2014-10-31,omxhelsinki,2929.02001953125
2014-11-30,omxhelsinki,3041.409912109375
2014-12-31,omxhelsinki,2988.080078125
2015-01-31,omxhelsinki,3260.68994140625
2015-02-28,omxhelsinki,3446.14990234375
2015-03-31,omxhelsinki,3507.469970703125
2015-04-30,omxhelsinki,3344.510009765625
2015-05-31,omxhelsinki,3375.110107421875
2015-06-30,omxhelsinki,3254.47998046875
2015-07-31,omxhelsinki,3396.800048828125
2015-08-31,omxhelsinki,3102.35009765625
2015-09-30,omxhelsinki,2966.85009765625
2015-10-31,omxhelsinki,3289.389892578125
2015-11-30,omxhelsinki,3468.919921875
2015-12-31,omxhelsinki,3359.3798828125
2016-01-31,omxhelsinki,3221.330078125
2016-02-29,omxhelsinki,3131.489990234375
2016-03-31,omxhelsinki,3179.389892578125
2016-04-30,omxhelsinki,3144.340087890625
2016-05-31,omxhelsinki,3248.2900390625
2016-06-30,omxhelsinki,3198.199951171875
2016-07-31,omxhelsinki,3384.22998046875
2016-08-31,omxhelsinki,3369.52001953125
2016-09-30,omxhelsinki,3489.60009765625
2016-10-31,omxhelsinki,3453.27001953125
2016-11-30,omxhelsinki,3491.10009765625
2016-12-31,omxhelsinki,3680.080078125
2017-01-31,omxhelsinki,3623.050048828125
2017-02-28,omxhelsinki,3718.77001953125
2017-03-31,omxhelsinki,3789.139892578125
2017-04-30,omxhelsinki,3930.030029296875
2017-05-31,omxhelsinki,3996.9599609375
2017-06-30,omxhelsinki,3940.760009765625
2017-07-31,omxhelsinki,3872.949951171875
2017-08-31,omxhelsinki,3883.81005859375
2017-09-30,omxhelsinki,3976.22998046875
2017-10-31,omxhelsinki,4026.97998046875
2017-11-30,omxhelsinki,3914.39990234375
2017-12-31,omxhelsinki,3917.969970703125
2018-01-31,omxhelsinki,4042.010009765625
2018-02-28,omxhelsinki,4128.0498046875
2018-03-31,omxhelsinki,4014.39990234375
2018-04-30,omxhelsinki,4163.330078125
2018-05-31,omxhelsinki,4236.3701171875
2018-06-30,omxhelsinki,4180.93994140625
2018-07-31,omxhelsinki,4239.009765625
2018-08-31,omxhelsinki,4353.740234375
2018-09-30,omxhelsinki,4337.89990234375
2018-10-31,omxhelsinki,3960.22998046875
2018-11-30,omxhelsinki,3792.81005859375
2018-12-31,omxhelsinki,3685.159912109375
2019-01-31,omxhelsinki,3982.679931640625
2019-02-28,omxhelsinki,4076.989990234375
2019-03-31,omxhelsinki,4030.840087890625
2019-04-30,omxhelsinki,4031.3798828125
2019-05-31,omxhelsinki,3798.89990234375
2019-06-30,omxhelsinki,3958.340087890625
2019-07-31,omxhelsinki,3909.02001953125
2019-08-31,omxhelsinki,3848.8798828125
2019-09-30,omxhelsinki,4040.159912109375
2019-10-31,omxhelsinki,4092.3701171875
2019-11-30,omxhelsinki,4059.929931640625
2019-12-31,omxhelsinki,4221.97998046875
2020-01-31,omxhelsinki,4300.080078125
2020-02-29,omxhelsinki,4026.22998046875
2020-03-31,omxhelsinki,3382.4599609375
2020-04-30,omxhelsinki,3739.2099609375
2020-05-31,omxhelsinki,3957.989990234375
2020-06-30,omxhelsinki,3927.389892578125
2020-07-31,omxhelsinki,4078.9599609375
2020-08-31,omxhelsinki,4308.7998046875
2020-09-30,omxhelsinki,4280.97021484375
2020-10-31,omxhelsinki,4057.0
2020-11-30,omxhelsinki,4564.66015625
2020-12-31,omxhelsinki,4586.14990234375
2021-01-31,omxhelsinki,4735.39013671875
2021-02-28,omxhelsinki,4789.27001953125
2021-03-31,omxhelsinki,4930.97021484375
2021-04-30,omxhelsinki,5119.75
2021-05-31,omxhelsinki,5217.27978515625
2021-06-30,omxhelsinki,5331.77001953125
2021-07-31,omxhelsinki,5626.259765625
2021-08-31,omxhelsinki,5669.93994140625
2021-09-30,omxhelsinki,5349.02001953125
2021-10-31,omxhelsinki,5388.56005859375
2021-11-30,omxhelsinki,5301.06982421875
2021-12-31,omxhelsinki,5571.97021484375
2022-01-31,omxhelsinki,5301.7998046875
2022-02-28,omxhelsinki,4891.77001953125
2022-03-31,omxhelsinki,4865.2900390625
2022-04-30,omxhelsinki,4882.68017578125
2022-05-31,omxhelsinki,4859.16015625
2022-06-30,omxhelsinki,4494.8798828125
2022-07-31,omxhelsinki,4795.5498046875
2022-08-31,omxhelsinki,4701.919921875
2022-09-30,omxhelsinki,4382.3798828125
2022-10-31,omxhelsinki,4606.52978515625
2022-11-30,omxhelsinki,4925.6201171875
2022-12-31,omxhelsinki,4825.43994140625
2023-01-31,omxhelsinki,4938.43994140625
2023-02-28,omxhelsinki,5027.02001953125
2023-03-31,omxhelsinki,4777.66015625
2023-04-30,omxhelsinki,4749.990234375
2023-05-31,omxhelsinki,4463.10009765625
2023-06-30,omxhelsinki,4419.8701171875
2023-07-31,omxhelsinki,4388.240234375
2023-08-31,omxhelsinki,4378.9599609375
2023-09-30,omxhelsinki,4269.52001953125
2023-10-31,omxhelsinki,4118.91015625
2023-11-30,omxhelsinki,4379.009765625
2023-12-31,omxhelsinki,4515.97021484375
2024-01-31,omxhelsinki,4548.7900390625
2024-02-29,omxhelsinki,4423.3798828125
2024-03-31,omxhelsinki,4389.22998046875
2024-04-30,omxhelsinki,4455.77978515625
2024-05-31,omxhelsinki,4626.75
2024-06-30,omxhelsinki,4491.08984375
2024-07-31,omxhelsinki,4537.18017578125
2024-08-31,omxhelsinki,4679.7099609375
2024-09-30,omxhelsinki,4735.64013671875
2024-10-31,omxhelsinki,4473.18017578125
2024-11-30,omxhelsinki,4334.39013671875
2024-12-31,omxhelsinki,4315.8701171875
2025-01-31,omxhelsinki,4570.43017578125
2025-02-28,omxhelsinki,4719.31982421875
2025-03-31,omxhelsinki,4505.14990234375
2025-04-30,omxhelsinki,4496.490234375
2025-05-31,omxhelsinki,4730.2998046875
2025-06-30,omxhelsinki,4780.2099609375
2025-07-31,omxhelsinki,4856.56982421875
2025-08-31,omxhelsinki,4922.81982421875
2025-09-30,omxhelsinki,5015.77978515625
2025-10-31,omxhelsinki,5480.83984375
2025-11-30,omxhelsinki,5430.27001953125
2025-12-31,omxhelsinki,5703.52978515625
2026-01-31,omxhelsinki,5802.330078125
2026-02-28,omxhelsinki,6147.52001953125
2026-03-31,omxhelsinki,5843.97998046875
2026-04-30,omxhelsinki,6327.5400390625
2026-05-31,omxhelsinki,6468.72998046875
2008-11-30,omxstockholm,641.739990234375
2008-12-31,omxstockholm,662.3300170898438
2009-01-31,omxstockholm,617.3800048828125
2009-02-28,omxstockholm,640.3900146484375
2009-03-31,omxstockholm,653.0499877929688
2009-04-30,omxstockholm,763.8900146484375
2009-05-31,omxstockholm,776.5
2009-06-30,omxstockholm,795.7999877929688
2009-07-31,omxstockholm,882.0499877929688
2009-08-31,omxstockholm,904.8400268554688
2009-09-30,omxstockholm,896.760009765625
2009-10-31,omxstockholm,944.6699829101562
2009-11-30,omxstockholm,936.1900024414062
2009-12-31,omxstockholm,951.719970703125
2010-01-31,omxstockholm,953.7100219726562
2010-02-28,omxstockholm,947.3900146484376
2010-03-31,omxstockholm,1021.0800170898438
2010-04-30,omxstockholm,1053.8800048828125
2010-05-31,omxstockholm,980.6300048828124
2010-06-30,omxstockholm,1005.9299926757812
2010-07-31,omxstockholm,1047.260009765625
2010-08-31,omxstockholm,1011.7000122070312
2010-09-30,omxstockholm,1087.7099609375
2010-10-31,omxstockholm,1089.3199462890625
2010-11-30,omxstockholm,1107.050048828125
2010-12-31,omxstockholm,1155.5699462890625
2011-01-31,omxstockholm,1147.219970703125
2011-02-28,omxstockholm,1128.6600341796875
2011-03-31,omxstockholm,1134.8699951171875
2011-04-30,omxstockholm,1162.8399658203125
2011-05-31,omxstockholm,1151.3599853515625
2011-06-30,omxstockholm,1115.22998046875
2011-07-31,omxstockholm,1065.969970703125
2011-08-31,omxstockholm,954.6300048828124
2011-09-30,omxstockholm,910.1699829101562
2011-10-31,omxstockholm,990.4400024414062
2011-11-30,omxstockholm,979.3599853515624
2011-12-31,omxstockholm,987.8499755859376
2012-01-31,omxstockholm,1036.3399658203125
2012-02-29,omxstockholm,1101.760009765625
2012-03-31,omxstockholm,1074.47998046875
2012-04-30,omxstockholm,1059.6199951171875
2012-05-31,omxstockholm,975.97998046875
2012-06-30,omxstockholm,1019.0599975585938
2012-07-31,omxstockholm,1068.1600341796875
2012-08-31,omxstockholm,1043.9300537109375
2012-09-30,omxstockholm,1072.449951171875
2012-10-31,omxstockholm,1052.1099853515625
2012-11-30,omxstockholm,1085.8499755859375
2012-12-31,omxstockholm,1104.72998046875
2013-01-31,omxstockholm,1169.1700439453125
2013-02-28,omxstockholm,1199.4000244140625
2013-03-31,omxstockholm,1201.18994140625
2013-04-30,omxstockholm,1198.989990234375
2013-05-31,omxstockholm,1214.77001953125
2013-06-30,omxstockholm,1151.0
2013-07-31,omxstockholm,1234.0699462890625
2013-08-31,omxstockholm,1214.3499755859375
2013-09-30,omxstockholm,1259.5999755859375
2013-10-31,omxstockholm,1283.52001953125
2013-11-30,omxstockholm,1307.7099609375
2013-12-31,omxstockholm,1332.949951171875
2014-01-31,omxstockholm,1304.449951171875
2014-02-28,omxstockholm,1369.1300048828125
2014-03-31,omxstockholm,1364.969970703125
2014-04-30,omxstockholm,1364.3900146484375
2014-05-31,omxstockholm,1402.0799560546875
2014-06-30,omxstockholm,1376.81005859375
2014-07-31,omxstockholm,1379.8699951171875
2014-08-31,omxstockholm,1388.8900146484375
2014-09-30,omxstockholm,1403.0
2014-10-31,omxstockholm,1412.8399658203125
2014-11-30,omxstockholm,1461.3399658203125
2014-12-31,omxstockholm,1464.550048828125
2015-01-31,omxstockholm,1573.6199951171875
2015-02-28,omxstockholm,1691.030029296875
2015-03-31,omxstockholm,1667.72998046875
2015-04-30,omxstockholm,1628.0400390625
2015-05-31,omxstockholm,1644.989990234375
2015-06-30,omxstockholm,1541.6600341796875
2015-07-31,omxstockholm,1615.6400146484375
2015-08-31,omxstockholm,1501.0699462890625
2015-09-30,omxstockholm,1416.8900146484375
2015-10-31,omxstockholm,1499.22998046875
2015-11-30,omxstockholm,1536.050048828125
2015-12-31,omxstockholm,1446.8199462890625
2016-01-31,omxstockholm,1356.3199462890625
2016-02-29,omxstockholm,1372.5400390625
2016-03-31,omxstockholm,1365.699951171875
2016-04-30,omxstockholm,1360.7099609375
2016-05-31,omxstockholm,1369.47998046875
2016-06-30,omxstockholm,1323.5799560546875
2016-07-31,omxstockholm,1386.6600341796875
2016-08-31,omxstockholm,1418.1400146484375
2016-09-30,omxstockholm,1439.0799560546875
2016-10-31,omxstockholm,1446.3499755859375
2016-11-30,omxstockholm,1481.1400146484375
2016-12-31,omxstockholm,1517.199951171875
2017-01-31,omxstockholm,1536.75
2017-02-28,omxstockholm,1570.1700439453125
2017-03-31,omxstockholm,1587.6300048828125
2017-04-30,omxstockholm,1626.989990234375
2017-05-31,omxstockholm,1639.1099853515625
2017-06-30,omxstockholm,1602.530029296875
2017-07-31,omxstockholm,1548.18994140625
2017-08-31,omxstockholm,1546.8599853515625
2017-09-30,omxstockholm,1637.8199462890625
2017-10-31,omxstockholm,1671.6300048828125
2017-11-30,omxstockholm,1610.1099853515625
2017-12-31,omxstockholm,1576.93994140625
2018-01-31,omxstockholm,1593.1500244140625
2018-02-28,omxstockholm,1583.3900146484375
2018-03-31,omxstockholm,1535.3499755859375
2018-04-30,omxstockholm,1570.7099609375
2018-05-31,omxstockholm,1549.93994140625
2018-06-30,omxstockholm,1558.8800048828125
2018-07-31,omxstockholm,1615.5999755859375
2018-08-31,omxstockholm,1658.1600341796875
2018-09-30,omxstockholm,1662.3599853515625
2018-10-31,omxstockholm,1538.219970703125
2018-11-30,omxstockholm,1514.6300048828125
2018-12-31,omxstockholm,1408.739990234375
2019-01-31,omxstockholm,1515.4200439453125
2019-02-28,omxstockholm,1572.6800537109375
2019-03-31,omxstockholm,1553.4200439453125
2019-04-30,omxstockholm,1676.1400146484375
2019-05-31,omxstockholm,1510.4599609375
2019-06-30,omxstockholm,1622.4300537109375
2019-07-31,omxstockholm,1599.780029296875
2019-08-31,omxstockholm,1576.97998046875
2019-09-30,omxstockholm,1647.6700439453125
2019-10-31,omxstockholm,1733.6800537109375
2019-11-30,omxstockholm,1730.25
2019-12-31,omxstockholm,1771.8499755859375
2020-01-31,omxstockholm,1783.260009765625
2020-02-29,omxstockholm,1668.8399658203125
2020-03-31,omxstockholm,1482.4300537109375
2020-04-30,omxstockholm,1577.9200439453125
2020-05-31,omxstockholm,1629.760009765625
2020-06-30,omxstockholm,1664.3800048828125
2020-07-31,omxstockholm,1707.3499755859375
2020-08-31,omxstockholm,1766.3299560546875
2020-09-30,omxstockholm,1829.4000244140625
2020-10-31,omxstockholm,1717.6199951171875
2020-11-30,omxstockholm,1917.5400390625
2020-12-31,omxstockholm,1874.739990234375
2021-01-31,omxstockholm,1948.7900390625
2021-02-28,omxstockholm,2009.9000244140625
2021-03-31,omxstockholm,2192.860107421875
2021-04-30,omxstockholm,2217.02001953125
2021-05-31,omxstockholm,2241.8701171875
2021-06-30,omxstockholm,2263.1298828125
2021-07-31,omxstockholm,2369.889892578125
2021-08-31,omxstockholm,2351.25
2021-09-30,omxstockholm,2259.179931640625
2021-10-31,omxstockholm,2290.85009765625
2021-11-30,omxstockholm,2241.659912109375
2021-12-31,omxstockholm,2419.72998046875
2022-01-31,omxstockholm,2290.159912109375
2022-02-28,omxstockholm,2134.070068359375
2022-03-31,omxstockholm,2095.169921875
2022-04-30,omxstockholm,2058.89990234375
2022-05-31,omxstockholm,2042.6400146484373
2022-06-30,omxstockholm,1872.6800537109373
2022-07-31,omxstockholm,2032.530029296875
2022-08-31,omxstockholm,1920.22998046875
2022-09-30,omxstockholm,1828.97998046875
2022-10-31,omxstockholm,1968.530029296875
2022-11-30,omxstockholm,2102.419921875
2022-12-31,omxstockholm,2043.4000244140625
2023-01-31,omxstockholm,2198.5400390625
2023-02-28,omxstockholm,2226.75
2023-03-31,omxstockholm,2223.75
2023-04-30,omxstockholm,2270.580078125
2023-05-31,omxstockholm,2234.9599609375
2023-06-30,omxstockholm,2309.89990234375
2023-07-31,omxstockholm,2250.919921875
2023-08-31,omxstockholm,2184.739990234375
2023-09-30,omxstockholm,2155.489990234375
2023-10-31,omxstockholm,2075.7900390625
2023-11-30,omxstockholm,2232.4599609375
2023-12-31,omxstockholm,2398.169921875
2024-01-31,omxstockholm,2356.60009765625
2024-02-29,omxstockholm,2452.81005859375
2024-03-31,omxstockholm,2518.27001953125
2024-04-30,omxstockholm,2556.39990234375
2024-05-31,omxstockholm,2604.10009765625
2024-06-30,omxstockholm,2569.449951171875
2024-07-31,omxstockholm,2609.330078125
2024-08-31,omxstockholm,2595.9599609375
2024-09-30,omxstockholm,2626.43994140625
2024-10-31,omxstockholm,2542.409912109375
2024-11-30,omxstockholm,2513.85009765625
2024-12-31,omxstockholm,2483.1201171875
2025-01-31,omxstockholm,2670.5400390625
2025-02-28,omxstockholm,2724.699951171875
2025-03-31,omxstockholm,2494.06005859375
2025-04-30,omxstockholm,2434.06005859375
2025-05-31,omxstockholm,2496.0400390625
2025-06-30,omxstockholm,2493.5
2025-07-31,omxstockholm,2580.050048828125
2025-08-31,omxstockholm,2625.699951171875
2025-09-30,omxstockholm,2662.800048828125
2025-10-31,omxstockholm,2767.070068359375
2025-11-30,omxstockholm,2787.77001953125
2025-12-31,omxstockholm,2882.969970703125
2026-01-31,omxstockholm,3026.570068359375
2026-02-28,omxstockholm,3222.75
2026-03-31,omxstockholm,2929.330078125
2026-04-30,omxstockholm,3060.489990234375
2026-05-31,omxstockholm,3138.090087890625
2013-03-31,oseax,518.7000122070312
2013-04-30,oseax,524.8099975585938
2013-05-31,oseax,536.260009765625
2013-06-30,oseax,512.7100219726562
2013-07-31,oseax,538.760009765625
2013-08-31,oseax,542.3599853515625
2013-09-30,oseax,551.8599853515625
2013-10-31,oseax,582.739990234375
2013-11-30,oseax,592.469970703125
2013-12-31,oseax,602.7999877929688
2014-01-31,oseax,590.8800048828125
2014-02-28,oseax,611.77001953125
2014-03-31,oseax,622.1900024414062
2014-04-30,oseax,643.2000122070312
2014-05-31,oseax,675.1400146484375
2014-06-30,oseax,690.3900146484375
2014-07-31,oseax,682.0499877929688
2014-08-31,oseax,677.4299926757812
2014-09-30,oseax,676.3300170898438
2014-10-31,oseax,642.3699951171875
2014-11-30,oseax,612.5499877929688
2014-12-31,oseax,619.739990234375
2015-01-31,oseax,635.7100219726562
2015-02-28,oseax,663.280029296875
2015-03-31,oseax,664.9600219726562
2015-04-30,oseax,695.6199951171875
2015-05-31,oseax,694.7000122070312
2015-06-30,oseax,676.2000122070312
2015-07-31,oseax,683.0399780273438
2015-08-31,oseax,634.47998046875
2015-09-30,oseax,622.719970703125
2015-10-31,oseax,655.530029296875
2015-11-30,oseax,669.6599731445312
2015-12-31,oseax,648.9600219726562
2016-01-31,oseax,603.3599853515625
2016-02-29,oseax,616.8099975585938
2016-03-31,oseax,627.9099731445312
2016-04-30,oseax,661.7899780273438
2016-05-31,oseax,670.9600219726562
2016-06-30,oseax,665.719970703125
2016-07-31,oseax,671.3400268554688
2016-08-31,oseax,677.5800170898438
2016-09-30,oseax,683.3900146484375
2016-10-31,oseax,702.9500122070312
2016-11-30,oseax,728.0700073242188
2016-12-31,oseax,764.6599731445312
2017-01-31,oseax,769.8599853515625
2017-02-28,oseax,766.5599975585938
2017-03-31,oseax,757.4299926757812
2017-04-30,oseax,765.1300048828125
2017-05-31,oseax,781.5499877929688
2017-06-30,oseax,766.3499755859375
2017-07-31,oseax,806.510009765625
2017-08-31,oseax,814.4000244140625
2017-09-30,oseax,861.5
2017-10-31,oseax,890.0999755859375
2017-11-30,oseax,885.0700073242188
2017-12-31,oseax,906.97998046875
2018-01-31,oseax,909.0399780273438
2018-02-28,oseax,918.719970703125
2018-03-31,oseax,907.3800048828124
2018-04-30,oseax,974.239990234375
2018-05-31,oseax,998.5800170898438
2018-06-30,oseax,1004.9400024414062
2018-07-31,oseax,1017.719970703125
2018-08-31,oseax,1028.9100341796875
2018-09-30,oseax,1069.1400146484375
2018-10-31,oseax,1010.4000244140624
2018-11-30,oseax,971.010009765625
2018-12-31,oseax,902.2999877929688
2019-01-31,oseax,946.3800048828124
2019-02-28,oseax,977.8800048828124
2019-03-31,oseax,977.989990234375
2019-04-30,oseax,998.5399780273438
2019-05-31,oseax,954.5499877929688
2019-06-30,oseax,966.9000244140624
2019-07-31,oseax,957.1799926757812
2019-08-31,oseax,955.6099853515624
2019-09-30,oseax,987.8800048828124
2019-10-31,oseax,993.6599731445312
2019-11-30,oseax,998.0499877929688
2019-12-31,oseax,1032.239990234375
2020-01-31,oseax,1011.6599731445312
2020-02-29,oseax,912.7899780273438
2020-03-31,oseax,778.3099975585938
2020-04-30,oseax,848.52001953125
2020-05-31,oseax,872.219970703125
2020-06-30,oseax,869.0800170898438
2020-07-31,oseax,901.739990234375
2020-08-31,oseax,937.0
2020-09-30,oseax,929.8499755859376
2020-10-31,oseax,874.4199829101562
2020-11-30,oseax,999.8800048828124
2020-12-31,oseax,1047.5899658203125
2021-01-31,oseax,1047.2900390625
2021-02-28,oseax,1096.280029296875
2021-03-31,oseax,1146.52001953125
2021-04-30,oseax,1160.1099853515625
2021-05-31,oseax,1197.0799560546875
2021-06-30,oseax,1203.1099853515625
2021-07-31,oseax,1204.6700439453125
2021-08-31,oseax,1226.81005859375
2021-09-30,oseax,1270.8299560546875
2021-10-31,oseax,1292.530029296875
2021-11-30,oseax,1298.050048828125
2021-12-31,oseax,1307.68994140625
2022-01-31,oseax,1276.699951171875
2022-02-28,oseax,1323.239990234375
2022-03-31,oseax,1418.989990234375
2022-04-30,oseax,1392.739990234375
2022-05-31,oseax,1472.8900146484375
2022-06-30,oseax,1341.4000244140625
2022-07-31,oseax,1423.3299560546875
2022-08-31,oseax,1434.5400390625
2022-09-30,oseax,1274.1400146484375
2022-10-31,oseax,1362.68994140625
2022-11-30,oseax,1404.6700439453125
2022-12-31,oseax,1362.6800537109375
2023-01-31,oseax,1363.280029296875
2023-02-28,oseax,1413.18994140625
2023-03-31,oseax,1352.3199462890625
2023-04-30,oseax,1392.469970703125
2023-05-31,oseax,1354.43994140625
2023-06-30,oseax,1385.18994140625
2023-07-31,oseax,1417.75
2023-08-31,oseax,1444.77001953125
2023-09-30,oseax,1497.1500244140625
2023-10-31,oseax,1506.47998046875
2023-11-30,oseax,1523.6700439453125
2023-12-31,oseax,1519.3199462890625
2024-01-31,oseax,1486.469970703125
2024-02-29,oseax,1463.9300537109375
2024-03-31,oseax,1541.530029296875
2024-04-30,oseax,1594.43994140625
2024-05-31,oseax,1668.780029296875
2024-06-30,oseax,1653.219970703125
2024-07-31,oseax,1684.4000244140625
2024-08-31,oseax,1660.52001953125
2024-09-30,oseax,1632.0699462890625
2024-10-31,oseax,1643.8599853515625
2024-11-30,oseax,1671.5999755859375
2024-12-31,oseax,1644.8299560546875
2025-01-31,oseax,1736.72998046875
2025-02-28,oseax,1706.5999755859375
2025-03-31,oseax,1750.0
2025-04-30,oseax,1697.4200439453125
2025-05-31,oseax,1784.06005859375
2025-06-30,oseax,1861.1600341796875
2025-07-31,oseax,1880.27001953125
2025-08-31,oseax,1896.4300537109373
2025-09-30,oseax,1896.3399658203125
2025-10-31,oseax,1852.030029296875
2025-11-30,oseax,1856.030029296875
2025-12-31,oseax,1941.4200439453125
2026-01-31,oseax,2038.9200439453125
2026-02-28,oseax,2193.27001953125
2026-03-31,oseax,2451.179931640625
2026-04-30,oseax,2372.449951171875
2026-05-31,oseax,2342.68994140625
1987-01-31,psei,521.5059204101562
1987-02-28,psei,513.8378295898438
1987-03-31,psei,511.0885925292969
1987-04-30,psei,566.0744018554688
1987-05-31,psei,609.7031860351562
1987-06-30,psei,918.1738891601562
1987-07-31,psei,1054.94873046875
1987-08-31,psei,1099.4072265625
1987-09-30,psei,752.9464111328125
1987-10-31,psei,754.8458862304688
1987-11-30,psei,708.14794921875
1987-12-31,psei,816.0001831054688
1988-01-31,psei,827.1472778320312
1988-02-29,psei,761.744140625
1988-03-31,psei,753.7261962890625
1988-04-30,psei,797.4649047851562
1988-05-31,psei,803.7233276367188
1988-06-30,psei,843.9929809570312
1988-07-31,psei,865.2875366210938
1988-08-31,psei,779.8994140625
1988-09-30,psei,696.7208862304688
1988-10-31,psei,723.4139404296875
1988-11-30,psei,729.1624755859375
1988-12-31,psei,838.7843017578125
1989-01-31,psei,836.894775390625
1989-02-28,psei,863.2980346679688
1989-03-31,psei,907.2967529296876
1989-04-30,psei,1000.0628662109376
1989-05-31,psei,1040.1824951171875
1989-06-30,psei,1011.25
1989-07-31,psei,1168.0595703125
1989-08-31,psei,1123.18115234375
1989-09-30,psei,1141.976318359375
1989-10-31,psei,1299.7357177734375
1989-11-30,psei,1313.2723388671875
1989-12-31,psei,1110.3544921875
1990-01-31,psei,1052.3193359375
1990-02-28,psei,1021.7872314453124
1990-03-31,psei,1104.026123046875
1990-04-30,psei,945.126953125
1990-05-31,psei,822.07861328125
1990-06-30,psei,890.6209716796875
1990-07-31,psei,940.8080444335938
1990-08-31,psei,751.6666870117188
1990-09-30,psei,548.1490478515625
1990-10-31,psei,613.2423095703125
1990-11-30,psei,622.3099365234375
1990-12-31,psei,652.9420776367188
1991-01-31,psei,756.5155029296875
1991-02-28,psei,986.8262939453124
1991-03-31,psei,1106.6553955078125
1991-04-30,psei,1063.276611328125
1991-05-31,psei,1180.4964599609375
1991-06-30,psei,1065.0760498046875
1991-07-31,psei,1021.5372924804688
1991-08-31,psei,1021.5673217773438
1991-09-30,psei,943.1074829101562
1991-10-31,psei,1030.5350341796875
1991-11-30,psei,1089.3798828125
1991-12-31,psei,1153.9632568359375
1992-01-31,psei,1266.8841552734375
1992-02-29,psei,1197.4920654296875
1992-03-31,psei,1105.4456787109375
1992-04-30,psei,1248.39892578125
1992-05-31,psei,1416.375732421875
1992-06-30,psei,1566.4671630859375
1992-07-31,psei,1508.272216796875
1992-08-31,psei,1392.7818603515625
1992-09-30,psei,1420.774658203125
1992-10-31,psei,1372.0072021484375
1992-11-30,psei,1276.6317138671875
1992-12-31,psei,1272.0728759765625
1993-01-31,psei,1354.561767578125
1993-02-28,psei,1537.8245849609375
1993-03-31,psei,1470.961669921875
1993-04-30,psei,1620.5732421875
1993-05-31,psei,1601.168212890625
1993-06-30,psei,1593.0003662109375
1993-07-31,psei,1772.834228515625
1993-08-31,psei,1803.63623046875
1993-09-30,psei,1998.3861083984373
1993-10-31,psei,2403.661865234375
1993-11-30,psei,2368.2412109375
1993-12-31,psei,3241.026611328125
1994-01-31,psei,2872.981201171875
1994-02-28,psei,2857.905029296875
1994-03-31,psei,2710.802978515625
1994-04-30,psei,2843.48876953125
1994-05-31,psei,3029.990966796875
1994-06-30,psei,2745.654052734375
1994-07-31,psei,2802.4892578125
1994-08-31,psei,3112.02978515625
1994-09-30,psei,2907.492431640625
1994-10-31,psei,3067.731201171875
1994-11-30,psei,2690.498046875
1994-12-31,psei,2785.093994140625
1995-01-31,psei,2419.498046875
1995-02-28,psei,2509.3447265625
1995-03-31,psei,2391.635009765625
1995-04-30,psei,2465.575927734375
1995-05-31,psei,2771.657470703125
1995-06-30,psei,2765.73876953125
1995-07-31,psei,2895.265625
1995-08-31,psei,2758.24072265625
1995-09-30,psei,2628.573974609375
1995-10-31,psei,2460.097412109375
1995-11-30,psei,2441.531982421875
1995-12-31,psei,2593.512939453125
1996-01-31,psei,2885.01806640625
1996-02-29,psei,2881.859130859375
1996-03-31,psei,2900.00439453125
1996-04-30,psei,2937.224609375
1996-05-31,psei,3249.424560546875
1996-06-30,psei,3274.41796875
1996-07-31,psei,3027.5615234375
1996-08-31,psei,3219.882080078125
1996-09-30,psei,3168.965087890625
1996-10-31,psei,2963.238037109375
1996-11-30,psei,3089.365478515625
1996-12-31,psei,3169.744873046875
1997-01-31,psei,3421.0302734375
1997-02-28,psei,3314.427734375
1997-03-31,psei,3222.1513671875
1997-04-30,psei,2647.4892578125
1997-05-31,psei,2808.727783203125
1997-06-30,psei,2808.48779296875
1997-07-31,psei,2615.727294921875
1997-08-31,psei,2021.0003662109373
1997-09-30,psei,2056.861083984375
1997-10-31,psei,1817.62255859375
1997-11-30,psei,1771.484375
1997-12-31,psei,1868.7493896484373
1998-01-31,psei,1947.50927734375
1998-02-28,psei,2265.717529296875
1998-03-31,psei,2237.844482421875
1998-04-30,psei,2180.75927734375
1998-05-31,psei,2010.932861328125
1998-06-30,psei,1759.677490234375
1998-07-31,psei,1607.1966552734375
1998-08-31,psei,1191.9434814453125
1998-09-30,psei,1259.316162109375
1998-10-31,psei,1754.5888671875
1998-11-30,psei,1974.8521728515625
1998-12-31,psei,1968.27392578125
1999-01-31,psei,1953.647705078125
1999-02-28,psei,1964.544921875
1999-03-31,psei,2027.6885986328125
1999-04-30,psei,2433.07421875
1999-05-31,psei,2419.2080078125
1999-06-30,psei,2486.320556640625
1999-07-31,psei,2342.207763671875
1999-08-31,psei,2173.26123046875
1999-09-30,psei,2095.6611328125
1999-10-31,psei,2035.526611328125
1999-11-30,psei,1978.9111328125
1999-12-31,psei,2142.4189453125
2000-01-31,psei,1988.9185791015625
2000-02-29,psei,1641.517822265625
2000-03-31,psei,1681.28759765625
2000-04-30,psei,1598.3189697265625
2000-05-31,psei,1478.3798828125
2000-06-30,psei,1533.5955810546875
2000-07-31,psei,1416.8057861328125
2000-08-31,psei,1537.124755859375
2000-09-30,psei,1434.1212158203125
2000-10-31,psei,1287.5189208984375
2000-11-30,psei,1404.46875
2000-12-31,psei,1494.1158447265625
2001-01-31,psei,1686.5662841796875
2001-02-28,psei,1613.0751953125
2001-03-31,psei,1446.0281982421875
2001-04-30,psei,1378.4854736328125
2001-05-31,psei,1401.9295654296875
2001-06-30,psei,1409.7073974609375
2001-07-31,psei,1362.5396728515625
2001-08-31,psei,1265.1146240234375
2001-09-30,psei,1126.34033203125
2001-10-31,psei,993.0946044921876
2001-11-30,psei,1128.1798095703125
2001-12-31,psei,1167.7796630859375
2002-01-31,psei,1361.58984375
2002-02-28,psei,1405.8585205078125
2002-03-31,psei,1403.2591552734375
2002-04-30,psei,1345.743896484375
2002-05-31,psei,1314.6619873046875
2002-06-30,psei,1156.052734375
2002-07-31,psei,1122.9512939453125
2002-08-31,psei,1103.0762939453125
2002-09-30,psei,1129.0496826171875
2002-10-31,psei,1048.260498046875
2002-11-30,psei,1046.9508056640625
2002-12-31,psei,1018.148193359375
2003-01-31,psei,1056.4183349609375
2003-02-28,psei,1019.0679931640624
2003-03-31,psei,1039.4027099609375
2003-04-30,psei,1067.87548828125
2003-05-31,psei,1073.4139404296875
2003-06-30,psei,1222.4857177734375
2003-07-31,psei,1240.1011962890625
2003-08-31,psei,1192.5233154296875
2003-09-30,psei,1297.0865478515625
2003-10-31,psei,1398.7103271484375
2003-11-30,psei,1313.5322265625
2003-12-31,psei,1441.9991455078125
2004-01-31,psei,1507.912353515625
2004-02-29,psei,1482.7987060546875
2004-03-31,psei,1423.9637451171875
2004-04-30,psei,1554.6102294921875
2004-05-31,psei,1510.971435546875
2004-06-30,psei,1578.9940185546875
2004-07-31,psei,1584.2926025390625
2004-08-31,psei,1579.423828125
2004-09-30,psei,1761.1170654296875
2004-10-31,psei,1818.5623779296875
2004-11-30,psei,1830.4892578125
2004-12-31,psei,1822.361328125
2005-01-31,psei,2019.0408935546875
2005-02-28,psei,2079.455322265625
2005-03-31,psei,1954.1875
2005-04-30,psei,1854.1531982421875
2005-05-31,psei,1928.884033203125
2005-06-30,psei,1923.7353515625
2005-07-31,psei,1999.73583984375
2005-08-31,psei,1936.402099609375
2005-09-30,psei,1941.5706787109373
2005-10-31,psei,1959.716064453125
2005-11-30,psei,2106.818359375
2005-12-31,psei,2095.501220703125
2006-01-31,psei,2144.83837890625
2006-02-28,psei,2122.414306640625
2006-03-31,psei,2195.385498046875
2006-04-30,psei,2269.9462890625
2006-05-31,psei,2295.519775390625
2006-06-30,psei,2178.22998046875
2006-07-31,psei,2390.225341796875
2006-08-31,psei,2311.635498046875
2006-09-30,psei,2556.052734375
2006-10-31,psei,2707.8037109375
2006-11-30,psei,2787.7431640625
2006-12-31,psei,2981.773193359375
2007-01-31,psei,3238.437255859375
2007-02-28,psei,3066.661376953125
2007-03-31,psei,3202.7265625
2007-04-30,psei,3269.88916015625
2007-05-31,psei,3473.776611328125
2007-06-30,psei,3659.9189453125
2007-07-31,psei,3500.2998046875
2007-08-31,psei,3364.4248046875
2007-09-30,psei,3571.9814453125
2007-10-31,psei,3758.003662109375
2007-11-30,psei,3577.630126953125
2007-12-31,psei,3620.669189453125
2008-01-31,psei,3265.160400390625
2008-02-29,psei,3129.185302734375
2008-03-31,psei,2983.902587890625
2008-04-30,psei,2749.063232421875
2008-05-31,psei,2826.713134765625
2008-06-30,psei,2459.34765625
2008-07-31,psei,2576.4375
2008-08-31,psei,2687.39892578125
2008-09-30,psei,2568.9892578125
2008-10-31,psei,1950.58837890625
2008-11-30,psei,1971.0631103515625
2008-12-31,psei,1872.3685302734373
2009-01-31,psei,1824.6207275390625
2009-02-28,psei,1871.7386474609373
2009-03-31,psei,1985.7093505859373
2009-04-30,psei,2102.959228515625
2009-05-31,psei,2388.69580078125
2009-06-30,psei,2437.36328125
2009-07-31,psei,2797.610595703125
2009-08-31,psei,2883.4384765625
2009-09-30,psei,2800.10009765625
2009-10-31,psei,2907.752197265625
2009-11-30,psei,3044.187255859375
2009-12-31,psei,3051.895263671875
2010-01-31,psei,2952.4306640625
2010-02-28,psei,3042.967529296875
2010-03-31,psei,3160.9873046875
2010-04-30,psei,3289.244384765625
2010-05-31,psei,3271.888671875
2010-06-30,psei,3371.843017578125
2010-07-31,psei,3426.06884765625
2010-08-31,psei,3565.313232421875
2010-09-30,psei,4099.015625
2010-10-31,psei,4267.64306640625
2010-11-30,psei,3952.68359375
2010-12-31,psei,4200.06005859375
2011-01-31,psei,3880.47216796875
2011-02-28,psei,3765.76171875
2011-03-31,psei,4054.097412109375
2011-04-30,psei,4318.3994140625
2011-05-31,psei,4243.548828125
2011-06-30,psei,4290.10693359375
2011-07-31,psei,4502.47216796875
2011-08-31,psei,4347.38232421875
2011-09-30,psei,3998.62158203125
2011-10-31,psei,4332.60595703125
2011-11-30,psei,4209.95751953125
2011-12-31,psei,4370.8359375
2012-01-31,psei,4681.236328125
2012-02-29,psei,4896.390625
2012-03-31,psei,5106.4169921875
2012-04-30,psei,5201.36279296875
2012-05-31,psei,5089.92138671875
2012-06-30,psei,5245.0615234375
2012-07-31,psei,5306.2958984375
2012-08-31,psei,5194.85400390625
2012-09-30,psei,5344.7255859375
2012-10-31,psei,5423.115234375
2012-11-30,psei,5639.0
2012-12-31,psei,5811.23583984375
2013-01-31,psei,6241.13525390625
2013-02-28,psei,6719.72216796875
2013-03-31,psei,6845.7099609375
2013-04-30,psei,7069.17236328125
2013-05-31,psei,7020.14501953125
2013-06-30,psei,6463.61767578125
2013-07-31,psei,6637.41357421875
2013-08-31,psei,6073.60791015625
2013-09-30,psei,6190.2080078125
2013-10-31,psei,6583.68701171875
2013-11-30,psei,6207.2236328125
2013-12-31,psei,5888.31591796875
2014-01-31,psei,6039.63671875
2014-02-28,psei,6423.33837890625
2014-03-31,psei,6427.05712890625
2014-04-30,psei,6706.185546875
2014-05-31,psei,6645.94091796875
2014-06-30,psei,6842.55078125
2014-07-31,psei,6863.05517578125
2014-08-31,psei,7049.07763671875
2014-09-30,psei,7281.19775390625
2014-10-31,psei,7213.875
2014-11-30,psei,7292.5048828125
2014-12-31,psei,7228.7109375
2015-01-31,psei,7687.93310546875
2015-02-28,psei,7728.58251953125
2015-03-31,psei,7938.44873046875
2015-04-30,psei,7712.83642578125
2015-05-31,psei,7578.51123046875
2015-06-30,psei,7562.55517578125
2015-07-31,psei,7548.05908203125
2015-08-31,psei,7096.9853515625
2015-09-30,psei,6892.20751953125
2015-10-31,psei,7132.42578125
2015-11-30,psei,6925.2890625
2015-12-31,psei,6950.29296875
2016-01-31,psei,6685.90087890625
2016-02-29,psei,6669.3251953125
2016-03-31,psei,7260.4326171875
2016-04-30,psei,7157.44970703125
2016-05-31,psei,7399.697265625
2016-06-30,psei,7794.24560546875
2016-07-31,psei,7961.06298828125
2016-08-31,psei,7785.3681640625
2016-09-30,psei,7627.7685546875
2016-10-31,psei,7402.89599609375
2016-11-30,psei,6779.45703125
2016-12-31,psei,6838.88134765625
2017-01-31,psei,7227.8017578125
2017-02-28,psei,7210.23583984375
2017-03-31,psei,7309.84033203125
2017-04-30,psei,7659.04052734375
2017-05-31,psei,7835.10546875
2017-06-30,psei,7841.14404296875
2017-07-31,psei,8015.98876953125
2017-08-31,psei,7956.52392578125
2017-09-30,psei,8169.32958984375
2017-10-31,psei,8363.109375
2017-11-30,psei,8251.908203125
2017-12-31,psei,8556.2197265625
2018-01-31,psei,8761.7568359375
2018-02-28,psei,8473.111328125
2018-03-31,psei,7977.77880859375
2018-04-30,psei,7817.23974609375
2018-05-31,psei,7495.24267578125
2018-06-30,psei,7191.8310546875
2018-07-31,psei,7670.02783203125
2018-08-31,psei,7853.6904296875
2018-09-30,psei,7274.94921875
2018-10-31,psei,7138.45458984375
2018-11-30,psei,7365.9560546875
2018-12-31,psei,7464.1005859375
2019-01-31,psei,8005.42138671875
2019-02-28,psei,7703.50927734375
2019-03-31,psei,7918.89404296875
2019-04-30,psei,7950.67578125
2019-05-31,psei,7967.97119140625
2019-06-30,psei,7997.6533203125
2019-07-31,psei,8043.7314453125
2019-08-31,psei,7977.60888671875
2019-09-30,psei,7777.06982421875
2019-10-31,psei,7975.0693359375
2019-11-30,psei,7736.970703125
2019-12-31,psei,7813.25048828125
2020-01-31,psei,7198.93896484375
2020-02-29,psei,6786.1650390625
2020-03-31,psei,5319.86181640625
2020-04-30,psei,5699.24462890625
2020-05-31,psei,5837.3388671875
2020-06-30,psei,6206.12451171875
2020-07-31,psei,5926.92626953125
2020-08-31,psei,5882.66748046875
2020-09-30,psei,5862.72265625
2020-10-31,psei,6322.3740234375
2020-11-30,psei,6791.4599609375
2020-12-31,psei,7139.7099609375
2021-01-31,psei,6612.6201171875
2021-02-28,psei,6794.85986328125
2021-03-31,psei,6443.08984375
2021-04-30,psei,6370.8701171875
2021-05-31,psei,6628.490234375
2021-06-30,psei,6901.91015625
2021-07-31,psei,6270.22998046875
2021-08-31,psei,6855.43994140625
2021-09-30,psei,6952.8798828125
2021-10-31,psei,7054.7001953125
2021-11-30,psei,7200.8798828125
2021-12-31,psei,7122.6298828125
2022-01-31,psei,7361.64990234375
2022-02-28,psei,7311.009765625
2022-03-31,psei,7203.47021484375
2022-04-30,psei,6731.25
2022-05-31,psei,6774.68017578125
2022-06-30,psei,6155.43017578125
2022-07-31,psei,6315.93017578125
2022-08-31,psei,6583.64990234375
2022-09-30,psei,5741.06982421875
2022-10-31,psei,6153.43017578125
2022-11-30,psei,6780.77978515625
2022-12-31,psei,6566.39013671875
2023-01-31,psei,6793.25
2023-02-28,psei,6556.2001953125
2023-03-31,psei,6499.68017578125
2023-04-30,psei,6625.080078125
2023-05-31,psei,6477.35986328125
2023-06-30,psei,6468.06982421875
2023-07-31,psei,6591.47021484375
2023-08-31,psei,6175.25
2023-09-30,psei,6321.240234375
2023-10-31,psei,5973.77978515625
2023-11-30,psei,6223.72998046875
2023-12-31,psei,6450.0400390625
2024-01-31,psei,6646.43994140625
2024-02-29,psei,6944.7099609375
2024-03-31,psei,6903.52978515625
2024-04-30,psei,6700.490234375
2024-05-31,psei,6433.10009765625
2024-06-30,psei,6411.91015625
2024-07-31,psei,6619.08984375
2024-08-31,psei,6897.5400390625
2024-09-30,psei,7272.64990234375
2024-10-31,psei,7142.9599609375
2024-11-30,psei,6613.85009765625
2024-12-31,psei,6528.7900390625
2025-01-31,psei,5862.58984375
2025-02-28,psei,5997.97021484375
2025-03-31,psei,6180.72021484375
2025-04-30,psei,6354.990234375
2025-05-31,psei,6341.52978515625
2025-06-30,psei,6364.93994140625
2025-07-31,psei,6252.72998046875
2025-08-31,psei,6155.56982421875
2025-09-30,psei,5953.4599609375
2025-10-31,psei,5929.68017578125
2025-11-30,psei,6022.240234375
2025-12-31,psei,6052.919921875
2026-01-31,psei,6328.97021484375
2026-02-28,psei,6611.240234375
2026-03-31,psei,5948.93994140625
2026-04-30,psei,5833.64013671875
2026-05-31,psei,5768.759765625
2013-04-30,psi20,6248.52001953125
2013-05-31,psi20,5939.43017578125
2013-06-30,psi20,5556.8798828125
2013-07-31,psi20,5721.4599609375
2013-08-31,psi20,5807.759765625
2013-09-30,psi20,5953.509765625
2013-10-31,psi20,6245.83984375
2013-11-30,psi20,6537.77001953125
2013-12-31,psi20,6558.85009765625
2014-01-31,psi20,6696.669921875
2014-02-28,psi20,7379.759765625
2014-03-31,psi20,7607.5498046875
2014-04-30,psi20,7456.91015625
2014-05-31,psi20,7112.91015625
2014-06-30,psi20,6802.2001953125
2014-07-31,psi20,5979.490234375
2014-08-31,psi20,5942.77978515625
2014-09-30,psi20,5740.5
2014-10-31,psi20,5222.1298828125
2014-11-30,psi20,5176.14013671875
2014-12-31,psi20,4798.990234375
2015-01-31,psi20,5144.5498046875
2015-02-28,psi20,5689.7001953125
2015-03-31,psi20,5968.52978515625
2015-04-30,psi20,6094.68017578125
2015-05-31,psi20,5839.5
2015-06-30,psi20,5551.93994140625
2015-07-31,psi20,5715.60986328125
2015-08-31,psi20,5261.14990234375
2015-09-30,psi20,5047.2900390625
2015-10-31,psi20,5468.68994140625
2015-11-30,psi20,5350.35986328125
2015-12-31,psi20,5313.169921875
2016-01-31,psi20,5065.669921875
2016-02-29,psi20,4767.27978515625
2016-03-31,psi20,5020.60986328125
2016-04-30,psi20,5052.52001953125
2016-05-31,psi20,4957.85009765625
2016-06-30,psi20,4453.66015625
2016-07-31,psi20,4747.72021484375
2016-08-31,psi20,4711.91015625
2016-09-30,psi20,4597.2900390625
2016-10-31,psi20,4651.93017578125
2016-11-30,psi20,4454.8701171875
2016-12-31,psi20,4679.2001953125
2017-01-31,psi20,4475.02978515625
2017-02-28,psi20,4647.89990234375
2017-03-31,psi20,5007.85009765625
2017-04-30,psi20,5033.66015625
2017-05-31,psi20,5289.97998046875
2017-06-30,psi20,5152.9599609375
2017-07-31,psi20,5189.22998046875
2017-08-31,psi20,5156.669921875
2017-09-30,psi20,5409.580078125
2017-10-31,psi20,5475.669921875
2017-11-30,psi20,5363.06982421875
2017-12-31,psi20,5388.330078125
2018-01-31,psi20,5663.43994140625
2018-02-28,psi20,5468.2099609375
2018-03-31,psi20,5405.56982421875
2018-04-30,psi20,5527.68994140625
2018-05-31,psi20,5468.669921875
2018-06-30,psi20,5528.5
2018-07-31,psi20,5619.7998046875
2018-08-31,psi20,5422.580078125
2018-09-30,psi20,5359.27001953125
2018-10-31,psi20,5030.7099609375
2018-11-30,psi20,4914.14013671875
2018-12-31,psi20,4731.47021484375
2019-01-31,psi20,5129.02001953125
2019-02-28,psi20,5185.43017578125
2019-03-31,psi20,5206.60986328125
2019-04-30,psi20,5390.56005859375
2019-05-31,psi20,5043.990234375
2019-06-30,psi20,5137.47021484375
2019-07-31,psi20,5010.89990234375
2019-08-31,psi20,4887.6298828125
2019-09-30,psi20,4973.759765625
2019-10-31,psi20,5119.6201171875
2019-11-30,psi20,5127.43017578125
2019-12-31,psi20,5214.14013671875
2020-01-31,psi20,5252.02978515625
2020-02-29,psi20,4765.72998046875
2020-03-31,psi20,4069.550048828125
2020-04-30,psi20,4284.18017578125
2020-05-31,psi20,4330.669921875
2020-06-30,psi20,4390.25
2020-07-31,psi20,4295.81982421875
2020-08-31,psi20,4301.080078125
2020-09-30,psi20,4067.02001953125
2020-10-31,psi20,3945.1201171875
2020-11-30,psi20,4604.72021484375
2020-12-31,psi20,4898.35986328125
2021-01-31,psi20,4794.5498046875
2021-02-28,psi20,4702.18994140625
2021-03-31,psi20,4929.60009765625
2021-04-30,psi20,5050.68994140625
2021-05-31,psi20,5242.31982421875
2021-06-30,psi20,5034.990234375
2021-07-31,psi20,5026.89990234375
2021-08-31,psi20,5417.080078125
2021-09-30,psi20,5460.7998046875
2021-10-31,psi20,5732.02978515625
2021-11-30,psi20,5433.0498046875
2021-12-31,psi20,5569.47998046875
2022-01-31,psi20,5564.35009765625
2022-02-28,psi20,5563.14013671875
2022-03-31,psi20,6036.97021484375
2022-04-30,psi20,5930.009765625
2022-05-31,psi20,6257.5
2022-06-30,psi20,6044.64013671875
2022-07-31,psi20,6123.22998046875
2022-08-31,psi20,5995.240234375
2022-09-30,psi20,5302.759765625
2022-10-31,psi20,5718.27978515625
2022-11-30,psi20,5862.68994140625
2022-12-31,psi20,5726.10986328125
2023-01-31,psi20,5886.33984375
2023-02-28,psi20,6057.2001953125
2023-03-31,psi20,6046.60986328125
2023-04-30,psi20,6212.330078125
2023-05-31,psi20,5729.39990234375
2023-06-30,psi20,5920.31005859375
2023-07-31,psi20,6135.31005859375
2023-08-31,psi20,6173.990234375
2023-09-30,psi20,6090.330078125
2023-10-31,psi20,6257.06005859375
2023-11-30,psi20,6474.580078125
2023-12-31,psi20,6396.47998046875
2024-01-31,psi20,6322.759765625
2024-02-29,psi20,6157.9599609375
2024-03-31,psi20,6280.5
2024-04-30,psi20,6615.56005859375
2024-05-31,psi20,6870.81005859375
2024-06-30,psi20,6480.06005859375
2024-07-31,psi20,6708.39013671875
2024-08-31,psi20,6760.14990234375
2024-09-30,psi20,6792.8701171875
2024-10-31,psi20,6532.77001953125
2024-11-30,psi20,6418.33984375
2024-12-31,psi20,6377.259765625
2025-01-31,psi20,6524.2900390625
2025-02-28,psi20,6800.10009765625
2025-03-31,psi20,6865.6201171875
2025-04-30,psi20,6992.33984375
2025-05-31,psi20,7388.4501953125
2025-06-30,psi20,7456.27001953125
2025-07-31,psi20,7711.919921875
2025-08-31,psi20,7760.080078125
2025-09-30,psi20,7957.6201171875
2025-10-31,psi20,8426.9599609375
2025-11-30,psi20,8110.740234375
2025-12-31,psi20,8263.650390625
2026-01-31,psi20,8662.1904296875
2026-02-28,psi20,9276.08984375
2026-03-31,psi20,9131.5595703125
2026-04-30,psi20,9344.9599609375
2026-05-31,psi20,9076.5302734375
1992-12-31,rui,233.58999633789065
1993-01-31,rui,235.25
1993-02-28,rui,236.6699981689453
1993-03-31,rui,241.8000030517578
1993-04-30,rui,235.1300048828125
1993-05-31,rui,240.8000030517578
1993-06-30,rui,241.77999877929688
1993-07-31,rui,240.77999877929688
1993-08-31,rui,249.1999969482422
1993-09-30,rui,247.9499969482422
1993-10-31,rui,250.97000122070312
1993-11-30,rui,246.6999969482422
1993-12-31,rui,250.7100067138672
1994-01-31,rui,258.0799865722656
1994-02-28,rui,250.5200042724609
1994-03-31,rui,239.19000244140625
1994-04-30,rui,241.759994506836
1994-05-31,rui,244.1300048828125
1994-06-30,rui,237.1100006103516
1994-07-31,rui,244.44000244140625
1994-08-31,rui,254.0399932861328
1994-09-30,rui,247.4900054931641
1994-10-31,rui,251.6199951171875
1994-11-30,rui,241.82000732421875
1994-12-31,rui,244.63999938964844
1995-01-31,rui,250.5200042724609
1995-02-28,rui,260.0799865722656
1995-03-31,rui,266.1099853515625
1995-04-30,rui,272.8099975585937
1995-05-31,rui,282.4800109863281
1995-06-30,rui,289.2900085449219
1995-07-31,rui,299.9800109863281
1995-08-31,rui,301.3999938964844
1995-09-30,rui,313.2799987792969
1995-10-31,rui,311.3699951171875
1995-11-30,rui,324.3599853515625
1995-12-31,rui,328.8900146484375
1996-01-31,rui,338.9700012207031
1996-02-29,rui,342.5599975585937
1996-03-31,rui,345.010009765625
1996-04-30,rui,349.8399963378906
1996-05-31,rui,357.3500061035156
1996-06-30,rui,357.1000061035156
1996-07-31,rui,339.44000244140625
1996-08-31,rui,347.7900085449219
1996-09-30,rui,366.7699890136719
1996-10-31,rui,374.3800048828125
1996-11-30,rui,401.0499877929688
1996-12-31,rui,393.75
1997-01-31,rui,416.7699890136719
1997-02-28,rui,417.4599914550781
1997-03-31,rui,398.1900024414063
1997-04-30,rui,419.1499938964844
1997-05-31,rui,445.05999755859375
1997-06-30,rui,462.9500122070313
1997-07-31,rui,499.8900146484375
1997-08-31,rui,475.3299865722656
1997-09-30,rui,500.7799987792969
1997-10-31,rui,483.8599853515625
1997-11-30,rui,504.25
1997-12-31,rui,513.7899780273438
1998-01-31,rui,517.02001953125
1998-02-28,rui,553.1400146484375
1998-03-31,rui,580.3099975585938
1998-04-30,rui,585.4600219726562
1998-05-31,rui,572.1599731445312
1998-06-30,rui,592.5700073242188
1998-07-31,rui,584.969970703125
1998-08-31,rui,496.6600036621094
1998-09-30,rui,529.1099853515625
1998-10-31,rui,570.6300048828125
1998-11-30,rui,605.3099975585938
1998-12-31,rui,642.8699951171875
1999-01-31,rui,665.6400146484375
1999-02-28,rui,643.6699829101562
1999-03-31,rui,667.489990234375
1999-04-30,rui,695.25
1999-05-31,rui,679.0999755859375
1999-06-30,rui,713.6099853515625
1999-07-31,rui,690.510009765625
1999-08-31,rui,683.27001953125
1999-09-30,rui,663.8300170898438
1999-10-31,rui,707.1900024414062
1999-11-30,rui,724.6599731445312
1999-12-31,rui,767.969970703125
2000-01-31,rui,736.0800170898438
2000-02-29,rui,733.0399780273438
2000-03-31,rui,797.989990234375
2000-04-30,rui,771.5800170898438
2000-05-31,rui,750.97998046875
2000-06-30,rui,769.6799926757812
2000-07-31,rui,755.5700073242188
2000-08-31,rui,811.1699829101562
2000-09-30,rui,772.5999755859375
2000-10-31,rui,763.0599975585938
2000-11-30,rui,692.4000244140625
2000-12-31,rui,700.0900268554688
2001-01-31,rui,722.5499877929688
2001-02-28,rui,654.25
2001-03-31,rui,610.3599853515625
2001-04-30,rui,658.9000244140625
2001-05-31,rui,662.3900146484375
2001-06-30,rui,646.6400146484375
2001-07-31,rui,637.4299926757812
2001-08-31,rui,597.6699829101562
2001-09-30,rui,546.4600219726562
2001-10-31,rui,557.2899780273438
2001-11-30,rui,599.3200073242188
2001-12-31,rui,604.9400024414062
2002-01-31,rui,596.6599731445312
2002-02-28,rui,583.8800048828125
2002-03-31,rui,607.3499755859375
2002-04-30,rui,572.0399780273438
2002-05-31,rui,566.1799926757812
2002-06-30,rui,523.719970703125
2002-07-31,rui,484.3900146484375
2002-08-31,rui,486.0799865722656
2002-09-30,rui,433.2200012207031
2002-10-31,rui,468.510009765625
2002-11-30,rui,495.0
2002-12-31,rui,466.1799926757813
2003-01-31,rui,454.2999877929688
2003-02-28,rui,446.3699951171875
2003-03-31,rui,450.3500061035156
2003-04-30,rui,486.0899963378906
2003-05-31,rui,512.9199829101562
2003-06-30,rui,518.9400024414062
2003-07-31,rui,528.530029296875
2003-08-31,rui,538.4000244140625
2003-09-30,rui,532.1500244140625
2003-10-31,rui,562.510009765625
2003-11-30,rui,568.3200073242188
2003-12-31,rui,594.5599975585938
2004-01-31,rui,605.2100219726562
2004-02-29,rui,612.5800170898438
2004-03-31,rui,603.4199829101562
2004-04-30,rui,591.8300170898438
2004-05-31,rui,599.4000244140625
2004-06-30,rui,609.3099975585938
2004-07-31,rui,587.2100219726562
2004-08-31,rui,589.0900268554688
2004-09-30,rui,595.6599731445312
2004-10-31,rui,604.510009765625
2004-11-30,rui,629.260009765625
2004-12-31,rui,650.989990234375
2005-01-31,rui,633.989990234375
2005-02-28,rui,646.9299926757812
2005-03-31,rui,635.780029296875
2005-04-30,rui,623.3200073242188
2005-05-31,rui,644.280029296875
2005-06-30,rui,645.9199829101562
2005-07-31,rui,670.260009765625
2005-08-31,rui,663.1300048828125
2005-09-30,rui,668.530029296875
2005-10-31,rui,656.0900268554688
2005-11-30,rui,679.3499755859375
2005-12-31,rui,679.4199829101562
2006-01-31,rui,697.7899780273438
2006-02-28,rui,697.8300170898438
2006-03-31,rui,706.75
2006-04-30,rui,714.3699951171875
2006-05-31,rui,691.780029296875
2006-06-30,rui,691.8099975585938
2006-07-31,rui,692.5900268554688
2006-08-31,rui,707.5499877929688
2006-09-30,rui,723.47998046875
2006-10-31,rui,747.2999877929688
2006-11-30,rui,761.4400024414062
2006-12-31,rui,770.0800170898438
2007-01-31,rui,784.1099853515625
2007-02-28,rui,768.6599731445312
2007-03-31,rui,775.969970703125
2007-04-30,rui,807.8200073242188
2007-05-31,rui,835.1400146484375
2007-06-30,rui,818.1799926757812
2007-07-31,rui,792.1099853515625
2007-08-31,rui,802.8200073242188
2007-09-30,rui,830.5900268554688
2007-10-31,rui,844.2000122070312
2007-11-30,rui,806.4400024414062
2007-12-31,rui,799.8200073242188
2008-01-31,rui,750.969970703125
2008-02-29,rui,726.4199829101562
2008-03-31,rui,720.3200073242188
2008-04-30,rui,756.030029296875
2008-05-31,rui,768.280029296875
2008-06-30,rui,703.219970703125
2008-07-31,rui,694.0700073242188
2008-08-31,rui,702.1699829101562
2008-09-30,rui,633.3200073242188
2008-10-31,rui,522.469970703125
2008-11-30,rui,481.4299926757813
2008-12-31,rui,487.7699890136719
2009-01-31,rui,447.3200073242188
2009-02-28,rui,399.6099853515625
2009-03-31,rui,433.6700134277344
2009-04-30,rui,476.8399963378906
2009-05-31,rui,501.9500122070313
2009-06-30,rui,502.2699890136719
2009-07-31,rui,539.8800048828125
2009-08-31,rui,558.2100219726562
2009-09-30,rui,579.969970703125
2009-10-31,rui,566.5
2009-11-30,rui,598.4099731445312
2009-12-31,rui,612.010009765625
2010-01-31,rui,589.4099731445312
2010-02-28,rui,607.4500122070312
2010-03-31,rui,643.7899780273438
2010-04-30,rui,655.0599975585938
2010-05-31,rui,601.7899780273438
2010-06-30,rui,567.3699951171875
2010-07-31,rui,606.0900268554688
2010-08-31,rui,577.6799926757812
2010-09-30,rui,629.780029296875
2010-10-31,rui,653.5700073242188
2010-11-30,rui,654.239990234375
2010-12-31,rui,696.9000244140625
2011-01-31,rui,712.969970703125
2011-02-28,rui,736.239990234375
2011-03-31,rui,737.0700073242188
2011-04-30,rui,758.4500122070312
2011-05-31,rui,748.75
2011-06-30,rui,734.47998046875
2011-07-31,rui,717.77001953125
2011-08-31,rui,674.7899780273438
2011-09-30,rui,623.4500122070312
2011-10-31,rui,692.4099731445312
2011-11-30,rui,688.77001953125
2011-12-31,rui,693.3599853515625
2012-01-31,rui,726.3300170898438
2012-02-29,rui,756.4199829101562
2012-03-31,rui,778.9199829101562
2012-04-30,rui,773.5
2012-05-31,rui,724.1199951171875
2012-06-30,rui,750.6099853515625
2012-07-31,rui,758.5999755859375
2012-08-31,rui,775.0700073242188
2012-09-30,rui,793.739990234375
2012-10-31,rui,779.3499755859375
2012-11-30,rui,783.3699951171875
2012-12-31,rui,789.9000244140625
2013-01-31,rui,831.739990234375
2013-02-28,rui,840.969970703125
2013-03-31,rui,872.1099853515625
2013-04-30,rui,886.8900146484375
2013-05-31,rui,904.4400024414062
2013-06-30,rui,890.6699829101562
2013-07-31,rui,937.1599731445312
2013-08-31,rui,909.280029296875
2013-09-30,rui,939.5
2013-10-31,rui,979.6799926757812
2013-11-30,rui,1004.969970703125
2013-12-31,rui,1030.3599853515625
2014-01-31,rui,996.47998046875
2014-02-28,rui,1041.3599853515625
2014-03-31,rui,1046.4200439453125
2014-04-30,rui,1050.199951171875
2014-05-31,rui,1071.9599609375
2014-06-30,rui,1094.5899658203125
2014-07-31,rui,1075.5999755859375
2014-08-31,rui,1117.7099609375
2014-09-30,rui,1096.4300537109375
2014-10-31,rui,1121.97998046875
2014-11-30,rui,1148.9000244140625
2014-12-31,rui,1144.3699951171875
2015-01-31,rui,1111.8499755859375
2015-02-28,rui,1173.4599609375
2015-03-31,rui,1156.949951171875
2015-04-30,rui,1164.030029296875
2015-05-31,rui,1176.6700439453125
2015-06-30,rui,1152.6400146484375
2015-07-31,rui,1173.550048828125
2015-08-31,rui,1100.510009765625
2015-09-30,rui,1068.4599609375
2015-10-31,rui,1153.550048828125
2015-11-30,rui,1154.6600341796875
2015-12-31,rui,1131.8800048828125
2016-01-31,rui,1069.780029296875
2016-02-29,rui,1066.5799560546875
2016-03-31,rui,1138.8399658203125
2016-04-30,rui,1143.760009765625
2016-05-31,rui,1160.949951171875
2016-06-30,rui,1161.5699462890625
2016-07-31,rui,1204.4300537109375
2016-08-31,rui,1203.050048828125
2016-09-30,rui,1202.25
2016-10-31,rui,1177.4599609375
2016-11-30,rui,1220.6800537109375
2016-12-31,rui,1241.6600341796875
2017-01-31,rui,1265.3499755859375
2017-02-28,rui,1311.3399658203125
2017-03-31,rui,1310.06005859375
2017-04-30,rui,1322.43994140625
2017-05-31,rui,1336.1800537109375
2017-06-30,rui,1343.52001953125
2017-07-31,rui,1368.5699462890625
2017-08-31,rui,1369.6099853515625
2017-09-30,rui,1396.9000244140625
2017-10-31,rui,1427.4300537109375
2017-11-30,rui,1467.4200439453125
2017-12-31,rui,1481.81005859375
2018-01-31,rui,1561.6600341796875
2018-02-28,rui,1501.22998046875
2018-03-31,rui,1464.8699951171875
2018-04-30,rui,1468.280029296875
2018-05-31,rui,1502.31005859375
2018-06-30,rui,1509.9599609375
2018-07-31,rui,1560.3599853515625
2018-08-31,rui,1610.699951171875
2018-09-30,rui,1614.5400390625
2018-10-31,rui,1498.6500244140625
2018-11-30,rui,1525.56005859375
2018-12-31,rui,1384.260009765625
2019-01-31,rui,1498.3599853515625
2019-02-28,rui,1545.72998046875
2019-03-31,rui,1570.22998046875
2019-04-30,rui,1631.8699951171875
2019-05-31,rui,1524.4200439453125
2019-06-30,rui,1629.02001953125
2019-07-31,rui,1652.4000244140625
2019-08-31,rui,1618.6099853515625
2019-09-30,rui,1644.1800537109375
2019-10-31,rui,1677.0799560546875
2019-11-30,rui,1736.8499755859375
2019-12-31,rui,1784.2099609375
2020-01-31,rui,1784.030029296875
2020-02-29,rui,1635.2099609375
2020-03-31,rui,1416.489990234375
2020-04-30,rui,1601.8199462890625
2020-05-31,rui,1682.75
2020-06-30,rui,1717.469970703125
2020-07-31,rui,1815.989990234375
2020-08-31,rui,1946.1500244140625
2020-09-30,rui,1872.699951171875
2020-10-31,rui,1825.6700439453125
2020-11-30,rui,2037.3599853515625
2020-12-31,rui,2120.8701171875
2021-01-31,rui,2101.360107421875
2021-02-28,rui,2159.320068359375
2021-03-31,rui,2238.169921875
2021-04-30,rui,2356.669921875
2021-05-31,rui,2364.530029296875
2021-06-30,rui,2421.139892578125
2021-07-31,rui,2469.169921875
2021-08-31,rui,2537.31005859375
2021-09-30,rui,2418.159912109375
2021-10-31,rui,2583.830078125
2021-11-30,rui,2545.780029296875
2021-12-31,rui,2645.909912109375
2022-01-31,rui,2494.639892578125
2022-02-28,rui,2422.7900390625
2022-03-31,rui,2501.2900390625
2022-04-30,rui,2276.449951171875
2022-05-31,rui,2269.070068359375
2022-06-30,rui,2075.9599609375
2022-07-31,rui,2267.10009765625
2022-08-31,rui,2176.449951171875
2022-09-30,rui,1972.2900390625
2022-10-31,rui,2128.360107421875
2022-11-30,rui,2239.1201171875
2022-12-31,rui,2105.89990234375
2023-01-31,rui,2244.909912109375
2023-02-28,rui,2187.75
2023-03-31,rui,2253.360107421875
2023-04-30,rui,2279.159912109375
2023-05-31,rui,2285.64990234375
2023-06-30,rui,2436.929931640625
2023-07-31,rui,2518.419921875
2023-08-31,rui,2470.02001953125
2023-09-30,rui,2351.35009765625
2023-10-31,rui,2292.3798828125
2023-11-30,rui,2501.68994140625
2023-12-31,rui,2622.139892578125
2024-01-31,rui,2656.429931640625
2024-02-29,rui,2795.56005859375
2024-03-31,rui,2881.909912109375
2024-04-30,rui,2757.1298828125
2024-05-31,rui,2882.75
2024-06-30,rui,2974.639892578125
2024-07-31,rui,3015.47998046875
2024-08-31,rui,3082.72998046875
2024-09-30,rui,3145.06005859375
2024-10-31,rui,3120.81005859375
2024-11-30,rui,3317.3798828125
2024-12-31,rui,3221.050048828125
2025-01-31,rui,3320.989990234375
2025-02-28,rui,3259.070068359375
2025-03-31,rui,3066.419921875
2025-04-30,rui,3045.669921875
2025-05-31,rui,3235.830078125
2025-06-30,rui,3395.610107421875
2025-07-31,rui,3468.530029296875
2025-08-31,rui,3537.389892578125
2025-09-30,rui,3655.860107421875
2025-10-31,rui,3732.14990234375
2025-11-30,rui,3736.929931640625
2025-12-31,rui,3732.8701171875
2026-01-31,rui,3781.239990234375
2026-02-28,rui,3756.9599609375
2026-03-31,rui,3565.719970703125
2026-04-30,rui,3923.580078125
2026-05-31,rui,4119.1201171875
1987-09-30,rut,170.80999755859375
1987-10-31,rut,118.26000213623048
1987-11-30,rut,111.6999969482422
1987-12-31,rut,120.41999816894533
1988-01-31,rut,125.23999786376952
1988-02-29,rut,136.10000610351562
1988-03-31,rut,142.14999389648438
1988-04-30,rut,145.00999450683594
1988-05-31,rut,141.3699951171875
1988-06-30,rut,151.3000030517578
1988-07-31,rut,149.88999938964844
1988-08-31,rut,145.74000549316406
1988-09-30,rut,149.08999633789062
1988-10-31,rut,147.25
1988-11-30,rut,142.00999450683594
1988-12-31,rut,147.3699951171875
1989-01-31,rut,153.85000610351562
1989-02-28,rut,154.55999755859375
1989-03-31,rut,157.89999389648438
1989-04-30,rut,164.67999267578125
1989-05-31,rut,171.52999877929688
1989-06-30,rut,167.4199981689453
1989-07-31,rut,174.5
1989-08-31,rut,178.1999969482422
1989-09-30,rut,178.2100067138672
1989-10-31,rut,167.47000122070312
1989-11-30,rut,168.1699981689453
1989-12-31,rut,168.30999755859375
1990-01-31,rut,153.27000427246094
1990-02-28,rut,157.72000122070312
1990-03-31,rut,163.6300048828125
1990-04-30,rut,158.08999633789062
1990-05-31,rut,168.91000366210938
1990-06-30,rut,169.1199951171875
1990-07-31,rut,161.50999450683594
1990-08-31,rut,139.50999450683594
1990-09-30,rut,126.6999969482422
1990-10-31,rut,118.83000183105467
1990-11-30,rut,127.51000213623048
1990-12-31,rut,132.1999969482422
1991-01-31,rut,144.1699981689453
1991-02-28,rut,160.0
1991-03-31,rut,171.00999450683594
1991-04-30,rut,170.61000061035156
1991-05-31,rut,178.33999633789062
1991-06-30,rut,167.61000061035156
1991-07-31,rut,172.75999450683594
1991-08-31,rut,179.11000061035156
1991-09-30,rut,180.1600036621093
1991-10-31,rut,185.0
1991-11-30,rut,176.3699951171875
1991-12-31,rut,189.94000244140625
1992-01-31,rut,205.1600036621093
1992-02-29,rut,211.1499938964844
1992-03-31,rut,203.6999969482422
1992-04-30,rut,196.259994506836
1992-05-31,rut,198.5200042724609
1992-06-30,rut,188.5800018310547
1992-07-31,rut,194.7400054931641
1992-08-31,rut,188.7899932861328
1992-09-30,rut,192.9100036621093
1992-10-31,rut,198.9100036621093
1992-11-30,rut,213.8099975585937
1992-12-31,rut,221.009994506836
1993-01-31,rut,228.1000061035156
1993-02-28,rut,222.4100036621093
1993-03-31,rut,229.2100067138672
1993-04-30,rut,222.67999267578125
1993-05-31,rut,232.19000244140625
1993-06-30,rut,233.3500061035156
1993-07-31,rut,236.4600067138672
1993-08-31,rut,246.1699981689453
1993-09-30,rut,252.9499969482422
1993-10-31,rut,259.17999267578125
1993-11-30,rut,250.4100036621093
1993-12-31,rut,258.5899963378906
1994-01-31,rut,266.5199890136719
1994-02-28,rut,265.5299987792969
1994-03-31,rut,251.0599975585937
1994-04-30,rut,252.5500030517578
1994-05-31,rut,249.27999877929688
1994-06-30,rut,240.2899932861328
1994-07-31,rut,244.0599975585937
1994-08-31,rut,257.32000732421875
1994-09-30,rut,256.1199951171875
1994-10-31,rut,255.0200042724609
1994-11-30,rut,244.25
1994-12-31,rut,250.3600006103516
1995-01-31,rut,246.8500061035156
1995-02-28,rut,256.57000732421875
1995-03-31,rut,260.7699890136719
1995-04-30,rut,266.1700134277344
1995-05-31,rut,270.25
1995-06-30,rut,283.6300048828125
1995-07-31,rut,299.7200012207031
1995-08-31,rut,305.3099975585937
1995-09-30,rut,310.3800048828125
1995-10-31,rut,296.25
1995-11-30,rut,308.5799865722656
1995-12-31,rut,315.9700012207031
1996-01-31,rut,315.3800048828125
1996-02-29,rut,324.92999267578125
1996-03-31,rut,330.7699890136719
1996-04-30,rut,348.2799987792969
1996-05-31,rut,361.8500061035156
1996-06-30,rut,346.6099853515625
1996-07-31,rut,316.0
1996-08-31,rut,333.8800048828125
1996-09-30,rut,346.3900146484375
1996-10-31,rut,340.57000732421875
1996-11-30,rut,354.1099853515625
1996-12-31,rut,362.6099853515625
1997-01-31,rut,369.4500122070313
1997-02-28,rut,360.04998779296875
1997-03-31,rut,342.5599975585937
1997-04-30,rut,343.0
1997-05-31,rut,380.760009765625
1997-06-30,rut,396.3699951171875
1997-07-31,rut,414.4800109863281
1997-08-31,rut,423.4299926757813
1997-09-30,rut,453.8200073242188
1997-10-31,rut,433.260009765625
1997-11-30,rut,429.9200134277344
1997-12-31,rut,437.0199890136719
1998-01-31,rut,430.0499877929688
1998-02-28,rut,461.8299865722656
1998-03-31,rut,480.6799926757813
1998-04-30,rut,482.8900146484375
1998-05-31,rut,456.6199951171875
1998-06-30,rut,457.3900146484375
1998-07-31,rut,419.75
1998-08-31,rut,337.95001220703125
1998-09-30,rut,363.5899963378906
1998-10-31,rut,378.1600036621094
1998-11-30,rut,397.75
1998-12-31,rut,421.9599914550781
1999-01-31,rut,427.2200012207031
1999-02-28,rut,392.260009765625
1999-03-31,rut,397.6300048828125
1999-04-30,rut,432.80999755859375
1999-05-31,rut,438.6799926757813
1999-06-30,rut,457.6799926757813
1999-07-31,rut,444.7699890136719
1999-08-31,rut,427.8299865722656
1999-09-30,rut,427.2999877929688
1999-10-31,rut,428.6400146484375
1999-11-30,rut,454.0799865722656
1999-12-31,rut,504.75
2000-01-31,rut,496.2300109863281
2000-02-29,rut,577.7100219726562
2000-03-31,rut,539.0900268554688
2000-04-30,rut,506.25
2000-05-31,rut,476.1799926757813
2000-06-30,rut,517.22998046875
2000-07-31,rut,500.6400146484375
2000-08-31,rut,537.8900146484375
2000-09-30,rut,521.3699951171875
2000-10-31,rut,497.6799926757813
2000-11-30,rut,445.9400024414063
2000-12-31,rut,483.5299987792969
2001-01-31,rut,508.3399963378906
2001-02-28,rut,474.3699951171875
2001-03-31,rut,450.5299987792969
2001-04-30,rut,485.3200073242188
2001-05-31,rut,496.5
2001-06-30,rut,512.6400146484375
2001-07-31,rut,484.7799987792969
2001-08-31,rut,468.55999755859375
2001-09-30,rut,404.8699951171875
2001-10-31,rut,428.1700134277344
2001-11-30,rut,460.7799987792969
2001-12-31,rut,488.5
2002-01-31,rut,483.1000061035156
2002-02-28,rut,469.3599853515625
2002-03-31,rut,506.4599914550781
2002-04-30,rut,510.6700134277344
2002-05-31,rut,487.4700012207031
2002-06-30,rut,462.6400146484375
2002-07-31,rut,392.4200134277344
2002-08-31,rut,390.9599914550781
2002-09-30,rut,362.2699890136719
2002-10-31,rut,373.5
2002-11-30,rut,406.3500061035156
2002-12-31,rut,383.0899963378906
2003-01-31,rut,372.1700134277344
2003-02-28,rut,360.5199890136719
2003-03-31,rut,364.5400085449219
2003-04-30,rut,398.6799926757813
2003-05-31,rut,441.0
2003-06-30,rut,448.3699951171875
2003-07-31,rut,476.0199890136719
2003-08-31,rut,497.4200134277344
2003-09-30,rut,487.6799926757813
2003-10-31,rut,528.219970703125
2003-11-30,rut,546.510009765625
2003-12-31,rut,556.9099731445312
2004-01-31,rut,580.760009765625
2004-02-29,rut,585.5599975585938
2004-03-31,rut,590.3099975585938
2004-04-30,rut,559.7999877929688
2004-05-31,rut,568.280029296875
2004-06-30,rut,591.52001953125
2004-07-31,rut,551.2899780273438
2004-08-31,rut,547.9299926757812
2004-09-30,rut,572.9400024414062
2004-10-31,rut,583.7899780273438
2004-11-30,rut,633.77001953125
2004-12-31,rut,651.5700073242188
2005-01-31,rut,624.02001953125
2005-02-28,rut,634.0599975585938
2005-03-31,rut,615.0700073242188
2005-04-30,rut,579.3800048828125
2005-05-31,rut,616.7100219726562
2005-06-30,rut,639.6599731445312
2005-07-31,rut,679.75
2005-08-31,rut,666.510009765625
2005-09-30,rut,667.7999877929688
2005-10-31,rut,646.6099853515625
2005-11-30,rut,677.2899780273438
2005-12-31,rut,673.219970703125
2006-01-31,rut,733.2000122070312
2006-02-28,rut,730.6400146484375
2006-03-31,rut,765.1400146484375
2006-04-30,rut,764.5399780273438
2006-05-31,rut,721.010009765625
2006-06-30,rut,724.6699829101562
2006-07-31,rut,700.5599975585938
2006-08-31,rut,720.530029296875
2006-09-30,rut,725.5900268554688
2006-10-31,rut,766.8400268554688
2006-11-30,rut,786.1199951171875
2006-12-31,rut,787.6599731445312
2007-01-31,rut,800.3400268554688
2007-02-28,rut,793.2999877929688
2007-03-31,rut,800.7100219726562
2007-04-30,rut,814.5700073242188
2007-05-31,rut,847.1799926757812
2007-06-30,rut,833.7000122070312
2007-07-31,rut,776.1199951171875
2007-08-31,rut,792.8599853515625
2007-09-30,rut,805.4500122070312
2007-10-31,rut,828.02001953125
2007-11-30,rut,767.77001953125
2007-12-31,rut,766.030029296875
2008-01-31,rut,713.2999877929688
2008-02-29,rut,686.1799926757812
2008-03-31,rut,687.969970703125
2008-04-30,rut,716.1799926757812
2008-05-31,rut,748.280029296875
2008-06-30,rut,689.6599731445312
2008-07-31,rut,714.52001953125
2008-08-31,rut,739.5
2008-09-30,rut,679.5800170898438
2008-10-31,rut,537.52001953125
2008-11-30,rut,473.1400146484375
2008-12-31,rut,499.4500122070313
2009-01-31,rut,443.5299987792969
2009-02-28,rut,389.0199890136719
2009-03-31,rut,422.75
2009-04-30,rut,487.55999755859375
2009-05-31,rut,501.5799865722656
2009-06-30,rut,508.2799987792969
2009-07-31,rut,556.7100219726562
2009-08-31,rut,572.0700073242188
2009-09-30,rut,604.280029296875
2009-10-31,rut,562.77001953125
2009-11-30,rut,579.72998046875
2009-12-31,rut,625.3900146484375
2010-01-31,rut,602.0399780273438
2010-02-28,rut,628.5599975585938
2010-03-31,rut,678.6400146484375
2010-04-30,rut,716.5999755859375
2010-05-31,rut,661.6099853515625
2010-06-30,rut,609.489990234375
2010-07-31,rut,650.8900146484375
2010-08-31,rut,602.0599975585938
2010-09-30,rut,676.1400146484375
2010-10-31,rut,703.3499755859375
2010-11-30,rut,727.010009765625
2010-12-31,rut,783.6500244140625
2011-01-31,rut,781.25
2011-02-28,rut,823.4500122070312
2011-03-31,rut,843.5499877929688
2011-04-30,rut,865.2899780273438
2011-05-31,rut,848.2999877929688
2011-06-30,rut,827.4299926757812
2011-07-31,rut,797.030029296875
2011-08-31,rut,726.8099975585938
2011-09-30,rut,644.1599731445312
2011-10-31,rut,741.0599975585938
2011-11-30,rut,737.4199829101562
2011-12-31,rut,740.9199829101562
2012-01-31,rut,792.8200073242188
2012-02-29,rut,810.9400024414062
2012-03-31,rut,830.2999877929688
2012-04-30,rut,816.8800048828125
2012-05-31,rut,761.8200073242188
2012-06-30,rut,798.489990234375
2012-07-31,rut,786.9400024414062
2012-08-31,rut,812.0900268554688
2012-09-30,rut,837.4500122070312
2012-10-31,rut,818.72998046875
2012-11-30,rut,821.9199829101562
2012-12-31,rut,849.3499755859375
2013-01-31,rut,902.0900268554688
2013-02-28,rut,911.1099853515624
2013-03-31,rut,951.5399780273438
2013-04-30,rut,947.4600219726562
2013-05-31,rut,984.1500244140624
2013-06-30,rut,977.47998046875
2013-07-31,rut,1045.260009765625
2013-08-31,rut,1010.9000244140624
2013-09-30,rut,1073.7900390625
2013-10-31,rut,1100.1500244140625
2013-11-30,rut,1142.8900146484375
2013-12-31,rut,1163.6400146484375
2014-01-31,rut,1130.8800048828125
2014-02-28,rut,1183.030029296875
2014-03-31,rut,1173.0400390625
2014-04-30,rut,1126.8599853515625
2014-05-31,rut,1134.5
2014-06-30,rut,1192.9599609375
2014-07-31,rut,1120.0699462890625
2014-08-31,rut,1174.3499755859375
2014-09-30,rut,1101.6800537109375
2014-10-31,rut,1173.510009765625
2014-11-30,rut,1173.22998046875
2014-12-31,rut,1204.699951171875
2015-01-31,rut,1165.3900146484375
2015-02-28,rut,1233.3699951171875
2015-03-31,rut,1252.77001953125
2015-04-30,rut,1220.1300048828125
2015-05-31,rut,1246.530029296875
2015-06-30,rut,1253.949951171875
2015-07-31,rut,1238.6800537109375
2015-08-31,rut,1159.449951171875
2015-09-30,rut,1100.68994140625
2015-10-31,rut,1161.8599853515625
2015-11-30,rut,1198.1099853515625
2015-12-31,rut,1135.8900146484375
2016-01-31,rut,1035.3800048828125
2016-02-29,rut,1033.9000244140625
2016-03-31,rut,1114.030029296875
2016-04-30,rut,1130.8499755859375
2016-05-31,rut,1154.7900390625
2016-06-30,rut,1151.9200439453125
2016-07-31,rut,1219.93994140625
2016-08-31,rut,1239.9100341796875
2016-09-30,rut,1251.6500244140625
2016-10-31,rut,1191.3900146484375
2016-11-30,rut,1322.3399658203125
2016-12-31,rut,1357.1300048828125
2017-01-31,rut,1361.8199462890625
2017-02-28,rut,1386.6800537109375
2017-03-31,rut,1385.9200439453125
2017-04-30,rut,1400.4300537109375
2017-05-31,rut,1370.2099609375
2017-06-30,rut,1415.3599853515625
2017-07-31,rut,1425.1400146484375
2017-08-31,rut,1405.280029296875
2017-09-30,rut,1490.8599853515625
2017-10-31,rut,1502.530029296875
2017-11-30,rut,1544.1400146484375
2017-12-31,rut,1535.510009765625
2018-01-31,rut,1574.97998046875
2018-02-28,rut,1512.449951171875
2018-03-31,rut,1529.4300537109375
2018-04-30,rut,1541.8800048828125
2018-05-31,rut,1633.6099853515625
2018-06-30,rut,1643.0699462890625
2018-07-31,rut,1670.800048828125
2018-08-31,rut,1740.75
2018-09-30,rut,1696.5699462890625
2018-10-31,rut,1511.4100341796875
2018-11-30,rut,1533.27001953125
2018-12-31,rut,1348.56005859375
2019-01-31,rut,1499.4200439453125
2019-02-28,rut,1575.550048828125
2019-03-31,rut,1539.739990234375
2019-04-30,rut,1591.2099609375
2019-05-31,rut,1465.489990234375
2019-06-30,rut,1566.5699462890625
2019-07-31,rut,1574.6099853515625
2019-08-31,rut,1494.8399658203125
2019-09-30,rut,1523.3699951171875
2019-10-31,rut,1562.449951171875
2019-11-30,rut,1624.5
2019-12-31,rut,1668.469970703125
2020-01-31,rut,1614.06005859375
2020-02-29,rut,1476.4300537109375
2020-03-31,rut,1153.0999755859375
2020-04-30,rut,1310.6600341796875
2020-05-31,rut,1394.0400390625
2020-06-30,rut,1441.3699951171875
2020-07-31,rut,1480.4300537109375
2020-08-31,rut,1561.8800048828125
2020-09-30,rut,1507.68994140625
2020-10-31,rut,1538.47998046875
2020-11-30,rut,1819.8199462890625
2020-12-31,rut,1974.8599853515625
2021-01-31,rut,2073.639892578125
2021-02-28,rut,2201.050048828125
2021-03-31,rut,2220.52001953125
2021-04-30,rut,2266.449951171875
2021-05-31,rut,2268.969970703125
2021-06-30,rut,2310.550048828125
2021-07-31,rut,2226.25
2021-08-31,rut,2273.77001953125
2021-09-30,rut,2204.3701171875
2021-10-31,rut,2297.18994140625
2021-11-30,rut,2198.909912109375
2021-12-31,rut,2245.31005859375
2022-01-31,rut,2028.449951171875
2022-02-28,rut,2048.090087890625
2022-03-31,rut,2070.1298828125
2022-04-30,rut,1864.0999755859373
2022-05-31,rut,1864.0400390625
2022-06-30,rut,1707.989990234375
2022-07-31,rut,1885.22998046875
2022-08-31,rut,1844.1199951171875
2022-09-30,rut,1664.719970703125
2022-10-31,rut,1846.8599853515625
2022-11-30,rut,1886.5799560546875
2022-12-31,rut,1761.25
2023-01-31,rut,1931.93994140625
2023-02-28,rut,1896.989990234375
2023-03-31,rut,1802.47998046875
2023-04-30,rut,1768.989990234375
2023-05-31,rut,1749.6500244140625
2023-06-30,rut,1888.72998046875
2023-07-31,rut,2003.1800537109373
2023-08-31,rut,1899.6800537109373
2023-09-30,rut,1785.0999755859375
2023-10-31,rut,1662.280029296875
2023-11-30,rut,1809.02001953125
2023-12-31,rut,2027.0699462890625
2024-01-31,rut,1947.3399658203125
2024-02-29,rut,2054.840087890625
2024-03-31,rut,2124.550048828125
2024-04-30,rut,1973.9100341796875
2024-05-31,rut,2070.1298828125
2024-06-30,rut,2047.68994140625
2024-07-31,rut,2254.47998046875
2024-08-31,rut,2217.6298828125
2024-09-30,rut,2229.969970703125
2024-10-31,rut,2196.64990234375
2024-11-30,rut,2434.72998046875
2024-12-31,rut,2230.159912109375
2025-01-31,rut,2287.68994140625
2025-02-28,rut,2163.070068359375
2025-03-31,rut,2011.9100341796875
2025-04-30,rut,1964.1199951171875
2025-05-31,rut,2066.2900390625
2025-06-30,rut,2175.0400390625
2025-07-31,rut,2211.64990234375
2025-08-31,rut,2366.419921875
2025-09-30,rut,2436.47998046875
2025-10-31,rut,2479.3798828125
2025-11-30,rut,2500.429931640625
2025-12-31,rut,2481.909912109375
2026-01-31,rut,2613.739990234375
2026-02-28,rut,2632.360107421875
2026-03-31,rut,2496.3701171875
2026-04-30,rut,2799.909912109375
2026-05-31,rut,2919.340087890625
1996-12-31,set,831.5700073242188
1997-01-31,set,788.0399780273438
1997-02-28,set,727.5599975585938
1997-03-31,set,705.4299926757812
1997-04-30,set,661.2899780273438
1997-05-31,set,566.3900146484375
1997-06-30,set,527.280029296875
1997-07-31,set,665.6199951171875
1997-08-31,set,502.2300109863281
1997-09-30,set,544.5399780273438
1997-10-31,set,447.2099914550781
1997-11-30,set,395.4700012207031
1997-12-31,set,372.6900024414063
1998-01-31,set,495.2300109863281
1998-02-28,set,528.4199829101562
1998-03-31,set,459.1099853515625
1998-04-30,set,412.1300048828125
1998-05-31,set,325.5899963378906
1998-06-30,set,267.3299865722656
1998-07-31,set,266.7200012207031
1998-08-31,set,214.52999877929688
1998-09-30,set,253.82000732421875
1998-10-31,set,331.2900085449219
1998-11-30,set,362.8200073242188
1998-12-31,set,355.8099975585937
1999-01-31,set,363.0
1999-02-28,set,340.94000244140625
1999-03-31,set,352.010009765625
1999-04-30,set,459.3500061035156
1999-05-31,set,453.6000061035156
1999-06-30,set,521.77001953125
1999-07-31,set,456.80999755859375
1999-08-31,set,440.2699890136719
1999-09-30,set,389.489990234375
1999-10-31,set,395.5499877929688
1999-11-30,set,422.1199951171875
1999-12-31,set,481.9200134277344
2000-01-31,set,477.5700073242188
2000-02-29,set,374.3200073242188
2000-03-31,set,400.3200073242188
2000-04-30,set,390.3999938964844
2000-05-31,set,323.2900085449219
2000-06-30,set,325.69000244140625
2000-07-31,set,284.6700134277344
2000-08-31,set,307.8299865722656
2000-09-30,set,277.2900085449219
2000-10-31,set,271.8399963378906
2000-11-30,set,277.9200134277344
2000-12-31,set,269.19000244140625
2001-01-31,set,332.7699890136719
2001-02-28,set,325.20001220703125
2001-03-31,set,291.94000244140625
2001-04-30,set,300.6300048828125
2001-05-31,set,310.1300048828125
2001-06-30,set,322.54998779296875
2001-07-31,set,297.69000244140625
2001-08-31,set,335.57000732421875
2001-09-30,set,277.0400085449219
2001-10-31,set,275.0899963378906
2001-11-30,set,302.6199951171875
2001-12-31,set,303.8500061035156
2002-01-31,set,340.82000732421875
2002-02-28,set,371.80999755859375
2002-03-31,set,373.9500122070313
2002-04-30,set,371.4200134277344
2002-05-31,set,407.9599914550781
2002-06-30,set,389.1000061035156
2002-07-31,set,376.0199890136719
2002-08-31,set,361.1600036621094
2002-09-30,set,331.7900085449219
2002-10-31,set,357.2200012207031
2002-11-30,set,364.8999938964844
2002-12-31,set,356.4800109863281
2003-01-31,set,370.010009765625
2003-02-28,set,361.3200073242188
2003-03-31,set,364.5499877929688
2003-04-30,set,374.6300048828125
2003-05-31,set,403.8200073242188
2003-06-30,set,461.8200073242188
2003-07-31,set,484.1099853515625
2003-08-31,set,537.7100219726562
2003-09-30,set,578.97998046875
2003-10-31,set,639.4500122070312
2003-11-30,set,646.030029296875
2003-12-31,set,772.1500244140625
2004-01-31,set,698.9000244140625
2004-02-29,set,716.2999877929688
2004-03-31,set,647.2999877929688
2004-04-30,set,648.1500244140625
2004-05-31,set,641.0499877929688
2004-06-30,set,646.6400146484375
2004-07-31,set,636.7000122070312
2004-08-31,set,624.5900268554688
2004-09-30,set,644.6699829101562
2004-10-31,set,628.1599731445312
2004-11-30,set,656.72998046875
2004-12-31,set,668.0999755859375
2005-01-31,set,701.9099731445312
2005-02-28,set,741.5499877929688
2005-03-31,set,681.489990234375
2005-04-30,set,658.8800048828125
2005-05-31,set,667.5499877929688
2005-06-30,set,675.5
2005-07-31,set,675.6699829101562
2005-08-31,set,697.8499755859375
2005-09-30,set,723.22998046875
2005-10-31,set,682.6199951171875
2005-11-30,set,667.75
2005-12-31,set,713.72998046875
2006-01-31,set,762.6300048828125
2006-02-28,set,744.0499877929688
2006-03-31,set,733.25
2006-04-30,set,768.2899780273438
2006-05-31,set,709.4299926757812
2006-06-30,set,678.1300048828125
2006-07-31,set,691.489990234375
2006-08-31,set,690.9000244140625
2006-09-30,set,686.0999755859375
2006-10-31,set,722.4600219726562
2006-11-30,set,739.0599975585938
2006-12-31,set,679.8400268554688
2007-01-31,set,654.0399780273438
2007-02-28,set,677.1300048828125
2007-03-31,set,673.7100219726562
2007-04-30,set,699.1599731445312
2007-05-31,set,737.4000244140625
2007-06-30,set,776.7899780273438
2007-07-31,set,859.760009765625
2007-08-31,set,813.2100219726562
2007-09-30,set,845.5
2007-10-31,set,907.280029296875
2007-11-30,set,846.4400024414062
2007-12-31,set,858.0999755859375
2008-01-31,set,784.22998046875
2008-02-29,set,845.760009765625
2008-03-31,set,817.030029296875
2008-04-30,set,832.4500122070312
2008-05-31,set,833.6500244140625
2008-06-30,set,768.5900268554688
2008-07-31,set,676.3200073242188
2008-08-31,set,684.4400024414062
2008-09-30,set,596.5399780273438
2008-10-31,set,416.5299987792969
2008-11-30,set,401.8399963378906
2008-12-31,set,449.9599914550781
2009-01-31,set,437.6900024414063
2009-02-28,set,431.5199890136719
2009-03-31,set,431.5
2009-04-30,set,491.6900024414063
2009-05-31,set,560.4099731445312
2009-06-30,set,597.47998046875
2009-07-31,set,624.0
2009-08-31,set,653.25
2009-09-30,set,717.0700073242188
2009-10-31,set,685.239990234375
2009-11-30,set,689.0700073242188
2009-12-31,set,734.5399780273438
2010-01-31,set,696.5499877929688
2010-02-28,set,721.3699951171875
2010-03-31,set,787.97998046875
2010-04-30,set,763.510009765625
2010-05-31,set,750.4299926757812
2010-06-30,set,797.3099975585938
2010-07-31,set,855.8300170898438
2010-08-31,set,913.1900024414062
2010-09-30,set,975.2999877929688
2010-10-31,set,984.4600219726562
2010-11-30,set,1005.1199951171876
2010-12-31,set,1032.760009765625
2011-01-31,set,964.0999755859376
2011-02-28,set,987.9099731445312
2011-03-31,set,1047.47998046875
2011-04-30,set,1093.56005859375
2011-05-31,set,1073.8299560546875
2011-06-30,set,1041.47998046875
2011-07-31,set,1133.530029296875
2011-08-31,set,1070.050048828125
2011-09-30,set,916.2100219726562
2011-10-31,set,974.75
2011-11-30,set,995.3300170898438
2011-12-31,set,1025.3199462890625
2012-01-31,set,1083.969970703125
2012-02-29,set,1160.9000244140625
2012-03-31,set,1196.77001953125
2012-04-30,set,1228.489990234375
2012-05-31,set,1141.5
2012-06-30,set,1172.1099853515625
2012-07-31,set,1199.300048828125
2012-08-31,set,1227.47998046875
2012-09-30,set,1298.7900390625
2012-10-31,set,1298.8699951171875
2012-11-30,set,1324.0400390625
2012-12-31,set,1391.9300537109375
2013-01-31,set,1474.199951171875
2013-02-28,set,1541.5799560546875
2013-03-31,set,1561.06005859375
2013-04-30,set,1597.8599853515625
2013-05-31,set,1562.0699462890625
2013-06-30,set,1451.9000244140625
2013-07-31,set,1423.1400146484375
2013-08-31,set,1294.300048828125
2013-09-30,set,1383.1600341796875
2013-10-31,set,1442.8800048828125
2013-11-30,set,1371.1300048828125
2013-12-31,set,1298.7099609375
2014-01-31,set,1274.280029296875
2014-02-28,set,1325.3299560546875
2014-03-31,set,1376.260009765625
2014-04-30,set,1414.93994140625
2014-05-31,set,1415.72998046875
2014-06-30,set,1485.75
2014-07-31,set,1502.3900146484375
2014-08-31,set,1561.6300048828125
2014-09-30,set,1585.6700439453125
2014-10-31,set,1584.1600341796875
2014-11-30,set,1593.9100341796875
2014-12-31,set,1497.6700439453125
2015-01-31,set,1581.25
2015-02-28,set,1587.010009765625
2015-03-31,set,1505.93994140625
2015-04-30,set,1526.739990234375
2015-05-31,set,1496.050048828125
2015-06-30,set,1504.550048828125
2015-07-31,set,1440.1199951171875
2015-08-31,set,1382.4100341796875
2015-09-30,set,1349.0
2015-10-31,set,1394.93994140625
2015-11-30,set,1359.699951171875
2015-12-31,set,1288.02001953125
2016-01-31,set,1300.97998046875
2016-02-29,set,1332.3699951171875
2016-03-31,set,1407.699951171875
2016-04-30,set,1404.6099853515625
2016-05-31,set,1424.280029296875
2016-06-30,set,1444.989990234375
2016-07-31,set,1524.0699462890625
2016-08-31,set,1548.43994140625
2016-09-30,set,1483.2099609375
2016-10-31,set,1495.719970703125
2016-11-30,set,1510.239990234375
2016-12-31,set,1542.93994140625
2017-01-31,set,1577.31005859375
2017-02-28,set,1559.56005859375
2017-03-31,set,1575.1099853515625
2017-04-30,set,1566.3199462890625
2017-05-31,set,1561.6600341796875
2017-06-30,set,1574.739990234375
2017-07-31,set,1576.0799560546875
2017-08-31,set,1616.1600341796875
2017-09-30,set,1673.1600341796875
2017-10-31,set,1721.3699951171875
2017-11-30,set,1697.3900146484375
2017-12-31,set,1753.7099609375
2018-01-31,set,1826.8599853515625
2018-02-28,set,1830.1300048828125
2018-03-31,set,1776.260009765625
2018-04-30,set,1780.1099853515625
2018-05-31,set,1726.969970703125
2018-06-30,set,1595.5799560546875
2018-07-31,set,1701.7900390625
2018-08-31,set,1721.5799560546875
2018-09-30,set,1756.4100341796875
2018-10-31,set,1669.0899658203125
2018-11-30,set,1641.800048828125
2018-12-31,set,1563.8800048828125
2019-01-31,set,1641.72998046875
2019-02-28,set,1653.47998046875
2019-03-31,set,1638.6500244140625
2019-04-30,set,1673.52001953125
2019-05-31,set,1620.219970703125
2019-06-30,set,1730.3399658203125
2019-07-31,set,1711.969970703125
2019-08-31,set,1654.9200439453125
2019-09-30,set,1637.219970703125
2019-10-31,set,1601.489990234375
2019-11-30,set,1590.5899658203125
2019-12-31,set,1579.8399658203125
2020-01-31,set,1514.1400146484375
2020-02-29,set,1340.52001953125
2020-03-31,set,1125.8599853515625
2020-04-30,set,1301.6600341796875
2020-05-31,set,1342.8499755859375
2020-06-30,set,1339.030029296875
2020-07-31,set,1328.530029296875
2020-08-31,set,1310.6600341796875
2020-09-30,set,1237.0400390625
2020-10-31,set,1194.949951171875
2020-11-30,set,1408.31005859375
2020-12-31,set,1449.3499755859375
2021-01-31,set,1466.97998046875
2021-02-28,set,1496.780029296875
2021-03-31,set,1587.2099609375
2021-04-30,set,1583.1300048828125
2021-05-31,set,1593.5899658203125
2021-06-30,set,1587.7900390625
2021-07-31,set,1521.9200439453125
2021-08-31,set,1638.75
2021-09-30,set,1605.6800537109375
2021-10-31,set,1623.4300537109375
2021-11-30,set,1568.68994140625
2021-12-31,set,1657.6199951171875
2022-01-31,set,1648.81005859375
2022-02-28,set,1685.1800537109375
2022-03-31,set,1695.239990234375
2022-04-30,set,1667.43994140625
2022-05-31,set,1663.4100341796875
2022-06-30,set,1568.3299560546875
2022-07-31,set,1576.4100341796875
2022-08-31,set,1638.9300537109375
2022-09-30,set,1589.510009765625
2022-10-31,set,1608.760009765625
2022-11-30,set,1635.3599853515625
2022-12-31,set,1668.6600341796875
2023-01-31,set,1671.4599609375
2023-02-28,set,1622.3499755859375
2023-03-31,set,1609.1700439453125
2023-04-30,set,1529.1199951171875
2023-05-31,set,1533.5400390625
2023-06-30,set,1503.0999755859375
2023-07-31,set,1556.06005859375
2023-08-31,set,1565.93994140625
2023-09-30,set,1471.4300537109375
2023-10-31,set,1381.8299560546875
2023-11-30,set,1380.1800537109375
2023-12-31,set,1415.8499755859375
2024-01-31,set,1364.52001953125
2024-02-29,set,1370.6700439453125
2024-03-31,set,1377.93994140625
2024-04-30,set,1367.949951171875
2024-05-31,set,1345.6600341796875
2024-06-30,set,1300.9599609375
2024-07-31,set,1320.8599853515625
2024-08-31,set,1359.0699462890625
2024-09-30,set,1448.8299560546875
2024-10-31,set,1466.0400390625
2024-11-30,set,1427.5400390625
2024-12-31,set,1400.2099609375
2025-01-31,set,1314.5
2025-02-28,set,1203.719970703125
2025-03-31,set,1158.0899658203125
2025-04-30,set,1197.260009765625
2025-05-31,set,1149.1800537109375
2025-06-30,set,1089.56005859375
2025-07-31,set,1242.3499755859375
2025-08-31,set,1236.6099853515625
2025-09-30,set,1274.1700439453125
2025-10-31,set,1309.5
2025-11-30,set,1256.68994140625
2025-12-31,set,1259.6700439453125
2026-01-31,set,1325.6199951171875
2026-02-28,set,1528.260009765625
2026-03-31,set,1448.1400146484375
2026-04-30,set,1493.68994140625
2026-05-31,set,1568.3699951171875
1997-07-31,shanghai,1189.760009765625
1997-08-31,shanghai,1221.06396484375
1997-09-30,shanghai,1097.383056640625
1997-10-31,shanghai,1180.3929443359375
1997-11-30,shanghai,1139.6280517578125
1997-12-31,shanghai,1194.10205078125
1998-01-31,shanghai,1222.9129638671875
1998-02-28,shanghai,1206.530029296875
1998-03-31,shanghai,1243.0159912109375
1998-04-30,shanghai,1343.447998046875
1998-05-31,shanghai,1411.208984375
1998-06-30,shanghai,1339.2020263671875
1998-07-31,shanghai,1316.9189453125
1998-08-31,shanghai,1150.2230224609375
1998-09-30,shanghai,1242.89599609375
1998-10-31,shanghai,1217.3160400390625
1998-11-30,shanghai,1247.4169921875
1998-12-31,shanghai,1146.699951171875
1999-01-31,shanghai,1134.6729736328125
1999-02-28,shanghai,1090.0870361328125
1999-03-31,shanghai,1158.053955078125
1999-04-30,shanghai,1120.927001953125
1999-05-31,shanghai,1279.3260498046875
1999-06-30,shanghai,1689.427978515625
1999-07-31,shanghai,1601.458984375
1999-08-31,shanghai,1627.115966796875
1999-09-30,shanghai,1570.7020263671875
1999-10-31,shanghai,1504.56298828125
1999-11-30,shanghai,1434.9730224609375
1999-12-31,shanghai,1366.5799560546875
2000-01-31,shanghai,1534.9969482421875
2000-02-29,shanghai,1714.5780029296875
2000-03-31,shanghai,1800.2249755859375
2000-04-30,shanghai,1836.321044921875
2000-05-31,shanghai,1894.553955078125
2000-06-30,shanghai,1928.10595703125
2000-07-31,shanghai,2023.5389404296875
2000-08-31,shanghai,2021.198974609375
2000-09-30,shanghai,1910.1610107421875
2000-10-31,shanghai,1961.2869873046875
2000-11-30,shanghai,2070.613037109375
2000-12-31,shanghai,2073.47705078125
2001-01-31,shanghai,2065.60595703125
2001-02-28,shanghai,1959.1800537109373
2001-03-31,shanghai,2112.77490234375
2001-04-30,shanghai,2119.18408203125
2001-05-31,shanghai,2214.257080078125
2001-06-30,shanghai,2218.029052734375
2001-07-31,shanghai,1920.3179931640625
2001-08-31,shanghai,1834.137939453125
2001-09-30,shanghai,1764.866943359375
2001-10-31,shanghai,1689.1700439453125
2001-11-30,shanghai,1747.9930419921875
2001-12-31,shanghai,1645.970947265625
2002-01-31,shanghai,1491.6650390625
2002-02-28,shanghai,1524.7010498046875
2002-03-31,shanghai,1603.905029296875
2002-04-30,shanghai,1667.7490234375
2002-05-31,shanghai,1515.7330322265625
2002-06-30,shanghai,1732.7550048828125
2002-07-31,shanghai,1651.593994140625
2002-08-31,shanghai,1666.6180419921875
2002-09-30,shanghai,1581.6180419921875
2002-10-31,shanghai,1507.4959716796875
2002-11-30,shanghai,1434.1820068359375
2002-12-31,shanghai,1357.654052734375
2003-01-31,shanghai,1499.81494140625
2003-02-28,shanghai,1511.9320068359375
2003-03-31,shanghai,1510.5780029296875
2003-04-30,shanghai,1521.4439697265625
2003-05-31,shanghai,1576.260986328125
2003-06-30,shanghai,1486.0240478515625
2003-07-31,shanghai,1476.741943359375
2003-08-31,shanghai,1421.9830322265625
2003-09-30,shanghai,1367.1610107421875
2003-10-31,shanghai,1348.302978515625
2003-11-30,shanghai,1397.2249755859375
2003-12-31,shanghai,1497.0439453125
2004-01-31,shanghai,1590.72900390625
2004-02-29,shanghai,1675.0670166015625
2004-03-31,shanghai,1741.623046875
2004-04-30,shanghai,1595.5870361328125
2004-05-31,shanghai,1555.906005859375
2004-06-30,shanghai,1399.1619873046875
2004-07-31,shanghai,1386.2020263671875
2004-08-31,shanghai,1342.06201171875
2004-09-30,shanghai,1396.699951171875
2004-10-31,shanghai,1320.5360107421875
2004-11-30,shanghai,1340.77099609375
2004-12-31,shanghai,1266.4959716796875
2005-01-31,shanghai,1191.822998046875
2005-02-28,shanghai,1306.0030517578125
2005-03-31,shanghai,1181.2359619140625
2005-04-30,shanghai,1159.14599609375
2005-05-31,shanghai,1060.738037109375
2005-06-30,shanghai,1080.93798828125
2005-07-31,shanghai,1083.032958984375
2005-08-31,shanghai,1162.7979736328125
2005-09-30,shanghai,1155.614013671875
2005-10-31,shanghai,1092.8170166015625
2005-11-30,shanghai,1099.260986328125
2005-12-31,shanghai,1161.0570068359375
2006-01-31,shanghai,1258.0460205078125
2006-02-28,shanghai,1299.030029296875
2006-03-31,shanghai,1298.2950439453125
2006-04-30,shanghai,1440.2230224609375
2006-05-31,shanghai,1641.300048828125
2006-06-30,shanghai,1672.2110595703125
2006-07-31,shanghai,1612.7330322265625
2006-08-31,shanghai,1658.637939453125
2006-09-30,shanghai,1752.4239501953125
2006-10-31,shanghai,1837.9930419921875
2006-11-30,shanghai,2099.2890625
2006-12-31,shanghai,2675.47412109375
2007-01-31,shanghai,2786.3349609375
2007-02-28,shanghai,2881.072998046875
2007-03-31,shanghai,3183.98291015625
2007-04-30,shanghai,3841.27197265625
2007-05-31,shanghai,4109.65380859375
2007-06-30,shanghai,3820.702880859375
2007-07-31,shanghai,4471.0322265625
2007-08-31,shanghai,5218.8251953125
2007-09-30,shanghai,5552.30078125
2007-10-31,shanghai,5954.76513671875
2007-11-30,shanghai,4871.77783203125
2007-12-31,shanghai,5261.56298828125
2008-01-31,shanghai,4383.39306640625
2008-02-29,shanghai,4348.54296875
2008-03-31,shanghai,3472.712890625
2008-04-30,shanghai,3693.10595703125
2008-05-31,shanghai,3433.35400390625
2008-06-30,shanghai,2736.10302734375
2008-07-31,shanghai,2775.717041015625
2008-08-31,shanghai,2397.368896484375
2008-09-30,shanghai,2293.783935546875
2008-10-31,shanghai,1728.7860107421875
2008-11-30,shanghai,1871.156005859375
2008-12-31,shanghai,1820.8050537109373
2009-01-31,shanghai,1990.656982421875
2009-02-28,shanghai,2082.85205078125
2009-03-31,shanghai,2373.212890625
2009-04-30,shanghai,2477.569091796875
2009-05-31,shanghai,2632.929931640625
2009-06-30,shanghai,2959.362060546875
2009-07-31,shanghai,3412.06201171875
2009-08-31,shanghai,2667.7451171875
2009-09-30,shanghai,2779.426025390625
2009-10-31,shanghai,2995.847900390625
2009-11-30,shanghai,3195.301025390625
2009-12-31,shanghai,3277.138916015625
2010-01-31,shanghai,2989.2919921875
2010-02-28,shanghai,3051.943115234375
2010-03-31,shanghai,3109.10498046875
2010-04-30,shanghai,2870.611083984375
2010-05-31,shanghai,2592.14599609375
2010-06-30,shanghai,2398.3701171875
2010-07-31,shanghai,2637.5029296875
2010-08-31,shanghai,2638.798095703125
2010-09-30,shanghai,2655.657958984375
2010-10-31,shanghai,2978.8349609375
2010-11-30,shanghai,2820.180908203125
2010-12-31,shanghai,2808.076904296875
2011-01-31,shanghai,2790.694091796875
2011-02-28,shanghai,2905.052978515625
2011-03-31,shanghai,2928.111083984375
2011-04-30,shanghai,2911.510009765625
2011-05-31,shanghai,2743.471923828125
2011-06-30,shanghai,2762.075927734375
2011-07-31,shanghai,2701.72900390625
2011-08-31,shanghai,2567.340087890625
2011-09-30,shanghai,2359.218994140625
2011-10-31,shanghai,2468.25
2011-11-30,shanghai,2333.4140625
2011-12-31,shanghai,2199.4169921875
2012-01-31,shanghai,2292.610107421875
2012-02-29,shanghai,2428.487060546875
2012-03-31,shanghai,2262.7880859375
2012-04-30,shanghai,2396.31591796875
2012-05-31,shanghai,2372.23388671875
2012-06-30,shanghai,2225.429931640625
2012-07-31,shanghai,2103.635009765625
2012-08-31,shanghai,2047.52197265625
2012-09-30,shanghai,2086.1689453125
2012-10-31,shanghai,2068.8798828125
2012-11-30,shanghai,1980.116943359375
2012-12-31,shanghai,2269.1279296875
2013-01-31,shanghai,2385.422119140625
2013-02-28,shanghai,2365.593017578125
2013-03-31,shanghai,2236.62109375
2013-04-30,shanghai,2177.912109375
2013-05-31,shanghai,2300.594970703125
2013-06-30,shanghai,1979.2060546875
2013-07-31,shanghai,1993.7989501953125
2013-08-31,shanghai,2098.382080078125
2013-09-30,shanghai,2174.6650390625
2013-10-31,shanghai,2141.614013671875
2013-11-30,shanghai,2220.50390625
2013-12-31,shanghai,2115.97802734375
2014-01-31,shanghai,2033.0830078125
2014-02-28,shanghai,2056.302001953125
2014-03-31,shanghai,2033.3060302734373
2014-04-30,shanghai,2026.3580322265625
2014-05-31,shanghai,2039.2120361328125
2014-06-30,shanghai,2048.326904296875
2014-07-31,shanghai,2201.56201171875
2014-08-31,shanghai,2217.199951171875
2014-09-30,shanghai,2363.8701171875
2014-10-31,shanghai,2420.177978515625
2014-11-30,shanghai,2682.9189453125
2014-12-31,shanghai,3234.677001953125
2015-01-31,shanghai,3210.363037109375
2015-02-28,shanghai,3310.302978515625
2015-03-31,shanghai,3747.89892578125
2015-04-30,shanghai,4441.65478515625
2015-05-31,shanghai,4611.744140625
2015-06-30,shanghai,4277.22216796875
2015-07-31,shanghai,3663.72607421875
2015-08-31,shanghai,3205.986083984375
2015-09-30,shanghai,3052.781005859375
2015-10-31,shanghai,3382.56103515625
2015-11-30,shanghai,3445.405029296875
2015-12-31,shanghai,3539.181884765625
2016-01-31,shanghai,2737.60009765625
2016-02-29,shanghai,2687.97900390625
2016-03-31,shanghai,3003.9150390625
2016-04-30,shanghai,2938.323974609375
2016-05-31,shanghai,2916.615966796875
2016-06-30,shanghai,2929.60595703125
2016-07-31,shanghai,2979.339111328125
2016-08-31,shanghai,3085.490966796875
2016-09-30,shanghai,3004.702880859375
2016-10-31,shanghai,3100.491943359375
2016-11-30,shanghai,3250.033935546875
2016-12-31,shanghai,3103.636962890625
2017-01-31,shanghai,3159.166015625
2017-02-28,shanghai,3241.73291015625
2017-03-31,shanghai,3222.513916015625
2017-04-30,shanghai,3154.657958984375
2017-05-31,shanghai,3117.177978515625
2017-06-30,shanghai,3192.427001953125
2017-07-31,shanghai,3273.028076171875
2017-08-31,shanghai,3360.81005859375
2017-09-30,shanghai,3348.943115234375
2017-10-31,shanghai,3393.342041015625
2017-11-30,shanghai,3317.18798828125
2017-12-31,shanghai,3307.172119140625
2018-01-31,shanghai,3480.8330078125
2018-02-28,shanghai,3259.407958984375
2018-03-31,shanghai,3168.89697265625
2018-04-30,shanghai,3082.23193359375
2018-05-31,shanghai,3095.47412109375
2018-06-30,shanghai,2847.41796875
2018-07-31,shanghai,2876.40087890625
2018-08-31,shanghai,2725.25
2018-09-30,shanghai,2821.35009765625
2018-10-31,shanghai,2602.782958984375
2018-11-30,shanghai,2588.18798828125
2018-12-31,shanghai,2493.89599609375
2019-01-31,shanghai,2584.572021484375
2019-02-28,shanghai,2940.9541015625
2019-03-31,shanghai,3090.758056640625
2019-04-30,shanghai,3086.39892578125
2019-05-31,shanghai,2898.696044921875
2019-06-30,shanghai,2978.8779296875
2019-07-31,shanghai,2932.510009765625
2019-08-31,shanghai,2886.239990234375
2019-09-30,shanghai,2905.18994140625
2019-10-31,shanghai,2929.06005859375
2019-11-30,shanghai,2871.97998046875
2019-12-31,shanghai,3050.1240234375
2020-01-31,shanghai,2976.528076171875
2020-02-29,shanghai,2880.303955078125
2020-03-31,shanghai,2750.2958984375
2020-04-30,shanghai,2860.08203125
2020-05-31,shanghai,2852.35107421875
2020-06-30,shanghai,2984.674072265625
2020-07-31,shanghai,3310.007080078125
2020-08-31,shanghai,3395.677978515625
2020-09-30,shanghai,3218.052001953125
2020-10-31,shanghai,3224.532958984375
2020-11-30,shanghai,3391.760009765625
2020-12-31,shanghai,3473.069091796875
2021-01-31,shanghai,3483.069091796875
2021-02-28,shanghai,3509.080078125
2021-03-31,shanghai,3441.909912109375
2021-04-30,shanghai,3446.860107421875
2021-05-31,shanghai,3615.47998046875
2021-06-30,shanghai,3591.199951171875
2021-07-31,shanghai,3397.360107421875
2021-08-31,shanghai,3543.93994140625
2021-09-30,shanghai,3568.169921875
2021-10-31,shanghai,3547.340087890625
2021-11-30,shanghai,3563.889892578125
2021-12-31,shanghai,3639.780029296875
2022-01-31,shanghai,3361.43994140625
2022-02-28,shanghai,3462.31005859375
2022-03-31,shanghai,3252.199951171875
2022-04-30,shanghai,3047.06005859375
2022-05-31,shanghai,3186.429931640625
2022-06-30,shanghai,3398.6201171875
2022-07-31,shanghai,3253.239990234375
2022-08-31,shanghai,3202.139892578125
2022-09-30,shanghai,3024.389892578125
2022-10-31,shanghai,2893.47998046875
2022-11-30,shanghai,3151.340087890625
2022-12-31,shanghai,3089.260009765625
2023-01-31,shanghai,3255.669921875
2023-02-28,shanghai,3279.610107421875
2023-03-31,shanghai,3272.860107421875
2023-04-30,shanghai,3323.27001953125
2023-05-31,shanghai,3204.56005859375
2023-06-30,shanghai,3202.06005859375
2023-07-31,shanghai,3291.0400390625
2023-08-31,shanghai,3119.8798828125
2023-09-30,shanghai,3110.47509765625
2023-10-31,shanghai,3018.77099609375
2023-11-30,shanghai,3029.673095703125
2023-12-31,shanghai,2974.93505859375
2024-01-31,shanghai,2788.548095703125
2024-02-29,shanghai,3015.1708984375
2024-03-31,shanghai,3041.1669921875
2024-04-30,shanghai,3104.824951171875
2024-05-31,shanghai,3086.81298828125
2024-06-30,shanghai,2967.403076171875
2024-07-31,shanghai,2938.7490234375
2024-08-31,shanghai,2842.214111328125
2024-09-30,shanghai,3336.4970703125
2024-10-31,shanghai,3279.823974609375
2024-11-30,shanghai,3326.4560546875
2024-12-31,shanghai,3351.762939453125
2025-01-31,shanghai,3250.60107421875
2025-02-28,shanghai,3320.89697265625
2025-03-31,shanghai,3335.74609375
2025-04-30,shanghai,3279.031005859375
2025-05-31,shanghai,3347.487060546875
2025-06-30,shanghai,3444.426025390625
2025-07-31,shanghai,3573.2080078125
2025-08-31,shanghai,3857.927001953125
2025-09-30,shanghai,3882.777099609375
2025-10-31,shanghai,3954.7900390625
2025-11-30,shanghai,3888.595947265625
2025-12-31,shanghai,3968.840087890625
2026-01-31,shanghai,4117.9482421875
2026-02-28,shanghai,4162.880859375
2026-03-31,shanghai,3891.861083984375
2026-04-30,shanghai,4112.1591796875
2026-05-31,shanghai,4098.6357421875
1990-11-30,smi,1384.9000244140625
1990-12-31,smi,1383.0999755859375
1991-01-31,smi,1434.300048828125
1991-02-28,smi,1578.699951171875
1991-03-31,smi,1649.4000244140625
1991-04-30,smi,1659.5
1991-05-31,smi,1740.800048828125
1991-06-30,smi,1664.300048828125
1991-07-31,smi,1727.199951171875
1991-08-31,smi,1736.5999755859375
1991-09-30,smi,1664.699951171875
1991-10-31,smi,1683.9000244140625
1991-11-30,smi,1622.5999755859375
1991-12-31,smi,1670.0999755859375
1992-01-31,smi,1753.5
1992-02-29,smi,1840.5999755859373
1992-03-31,smi,1837.199951171875
1992-04-30,smi,1880.0999755859373
1992-05-31,smi,1920.5999755859373
1992-06-30,smi,1854.800048828125
1992-07-31,smi,1798.0999755859375
1992-08-31,smi,1751.5999755859375
1992-09-30,smi,1877.199951171875
1992-10-31,smi,1911.0999755859373
1992-11-30,smi,1931.199951171875
1992-12-31,smi,2107.0
1993-01-31,smi,2091.10009765625
1993-02-28,smi,2099.39990234375
1993-03-31,smi,2190.300048828125
1993-04-30,smi,2129.699951171875
1993-05-31,smi,2270.699951171875
1993-06-30,smi,2376.699951171875
1993-07-31,smi,2400.89990234375
1993-08-31,smi,2490.199951171875
1993-09-30,smi,2473.10009765625
1993-10-31,smi,2723.199951171875
1993-11-30,smi,2738.5
1993-12-31,smi,2957.60009765625
1994-01-31,smi,3178.39990234375
1994-02-28,smi,2888.199951171875
1994-03-31,smi,2794.800048828125
1994-04-30,smi,2736.300048828125
1994-05-31,smi,2722.89990234375
1994-06-30,smi,2608.800048828125
1994-07-31,smi,2579.5
1994-08-31,smi,2645.60009765625
1994-09-30,smi,2534.39990234375
1994-10-31,smi,2506.5
1994-11-30,smi,2594.89990234375
1994-12-31,smi,2628.800048828125
1995-01-31,smi,2536.89990234375
1995-02-28,smi,2600.39990234375
1995-03-31,smi,2508.89990234375
1995-04-30,smi,2597.199951171875
1995-05-31,smi,2786.39990234375
1995-06-30,smi,2825.300048828125
1995-07-31,smi,2826.800048828125
1995-08-31,smi,2908.800048828125
1995-09-30,smi,3014.800048828125
1995-10-31,smi,3108.199951171875
1995-11-30,smi,3251.60009765625
1995-12-31,smi,3297.699951171875
1996-01-31,smi,3248.699951171875
1996-02-29,smi,3354.800048828125
1996-03-31,smi,3646.5
1996-04-30,smi,3651.0
1996-05-31,smi,3556.10009765625
1996-06-30,smi,3732.89990234375
1996-07-31,smi,3494.39990234375
1996-08-31,smi,3646.300048828125
1996-09-30,smi,3736.39990234375
1996-10-31,smi,3725.300048828125
1996-11-30,smi,3902.5
1996-12-31,smi,3942.199951171875
1997-01-31,smi,4272.2001953125
1997-02-28,smi,4487.60009765625
1997-03-31,smi,4659.2001953125
1997-04-30,smi,4897.60009765625
1997-05-31,smi,5041.60009765625
1997-06-30,smi,5620.60009765625
1997-07-31,smi,5898.2001953125
1997-08-31,smi,5216.7001953125
1997-09-30,smi,5673.60009765625
1997-10-31,smi,5467.2001953125
1997-11-30,smi,5775.89990234375
1997-12-31,smi,6265.5
1998-01-31,smi,6582.60009765625
1998-02-28,smi,7153.10009765625
1998-03-31,smi,7585.5
1998-04-30,smi,7401.39990234375
1998-05-31,smi,7656.10009765625
1998-06-30,smi,7882.0
1998-07-31,smi,8239.5
1998-08-31,smi,6679.39990234375
1998-09-30,smi,5760.39990234375
1998-10-31,smi,6550.60009765625
1998-11-30,smi,7083.10009765625
1998-12-31,smi,7160.7001953125
1999-01-31,smi,7201.2001953125
1999-02-28,smi,7063.7998046875
1999-03-31,smi,7130.2001953125
1999-04-30,smi,7335.5
1999-05-31,smi,6911.60009765625
1999-06-30,smi,6908.89990234375
1999-07-31,smi,6887.39990234375
1999-08-31,smi,7008.7998046875
1999-09-30,smi,6907.39990234375
1999-10-31,smi,7160.2998046875
1999-11-30,smi,7399.7001953125
1999-12-31,smi,7570.10009765625
2000-01-31,smi,6894.7001953125
2000-02-29,smi,6910.10009765625
2000-03-31,smi,7428.10009765625
2000-04-30,smi,7427.7998046875
2000-05-31,smi,7754.0
2000-06-30,smi,7761.60009765625
2000-07-31,smi,8023.2001953125
2000-08-31,smi,8219.900390625
2000-09-30,smi,7713.2998046875
2000-10-31,smi,7977.5
2000-11-30,smi,7981.89990234375
2000-12-31,smi,8135.39990234375
2001-01-31,smi,8057.39990234375
2001-02-28,smi,7701.7998046875
2001-03-31,smi,7167.7998046875
2001-04-30,smi,7327.2001953125
2001-05-31,smi,7487.60009765625
2001-06-30,smi,7240.2001953125
2001-07-31,smi,6847.2998046875
2001-08-31,smi,6582.39990234375
2001-09-30,smi,6014.2001953125
2001-10-31,smi,6081.0
2001-11-30,smi,6237.0
2001-12-31,smi,6417.7998046875
2002-01-31,smi,6237.2998046875
2002-02-28,smi,6352.7998046875
2002-03-31,smi,6655.2001953125
2002-04-30,smi,6557.60009765625
2002-05-31,smi,6574.7998046875
2002-06-30,smi,5979.7001953125
2002-07-31,smi,5196.7001953125
2002-08-31,smi,5230.5
2002-09-30,smi,4783.0
2002-10-31,smi,4949.10009765625
2002-11-30,smi,5117.5
2002-12-31,smi,4630.7998046875
2003-01-31,smi,4422.5
2003-02-28,smi,4148.2001953125
2003-03-31,smi,4085.60009765625
2003-04-30,smi,4542.7001953125
2003-05-31,smi,4630.7998046875
2003-06-30,smi,4813.7001953125
2003-07-31,smi,5079.10009765625
2003-08-31,smi,5124.2001953125
2003-09-30,smi,5043.5
2003-10-31,smi,5211.39990234375
2003-11-30,smi,5317.5
2003-12-31,smi,5487.7998046875
2004-01-31,smi,5736.39990234375
2004-02-29,smi,5798.39990234375
2004-03-31,smi,5618.60009765625
2004-04-30,smi,5774.39990234375
2004-05-31,smi,5627.10009765625
2004-06-30,smi,5619.10009765625
2004-07-31,smi,5547.2001953125
2004-08-31,smi,5421.7001953125
2004-09-30,smi,5465.2998046875
2004-10-31,smi,5363.39990234375
2004-11-30,smi,5444.2001953125
2004-12-31,smi,5693.2001953125
2005-01-31,smi,5771.39990234375
2005-02-28,smi,5931.2998046875
2005-03-31,smi,5929.7001953125
2005-04-30,smi,5870.7998046875
2005-05-31,smi,6127.2001953125
2005-06-30,smi,6253.10009765625
2005-07-31,smi,6600.89990234375
2005-08-31,smi,6517.2001953125
2005-09-30,smi,6898.89990234375
2005-10-31,smi,7036.60009765625
2005-11-30,smi,7407.5
2005-12-31,smi,7583.89990234375
2006-01-31,smi,7810.89990234375
2006-02-28,smi,7892.60009765625
2006-03-31,smi,8023.2998046875
2006-04-30,smi,8047.2998046875
2006-05-31,smi,7604.39990234375
2006-06-30,smi,7652.10009765625
2006-07-31,smi,7941.7998046875
2006-08-31,smi,8168.0
2006-09-30,smi,8425.900390625
2006-10-31,smi,8569.7001953125
2006-11-30,smi,8484.599609375
2006-12-31,smi,8785.7001953125
2007-01-31,smi,9135.099609375
2007-02-28,smi,8789.7001953125
2007-03-31,smi,8977.0
2007-04-30,smi,9428.2998046875
2007-05-31,smi,9450.7998046875
2007-06-30,smi,9209.400390625
2007-07-31,smi,8885.0
2007-08-31,smi,8881.5
2007-09-30,smi,8933.5
2007-10-31,smi,9019.599609375
2007-11-30,smi,8828.400390625
2007-12-31,smi,8484.5
2008-01-31,smi,7670.39990234375
2008-02-29,smi,7533.89990234375
2008-03-31,smi,7224.2998046875
2008-04-30,smi,7529.0
2008-05-31,smi,7511.2998046875
2008-06-30,smi,6958.509765625
2008-07-31,smi,7141.2099609375
2008-08-31,smi,7238.740234375
2008-09-30,smi,6654.89013671875
2008-10-31,smi,6153.2099609375
2008-11-30,smi,5816.60009765625
2008-12-31,smi,5534.52978515625
2009-01-31,smi,5290.0498046875
2009-02-28,smi,4690.669921875
2009-03-31,smi,4927.43017578125
2009-04-30,smi,5225.919921875
2009-05-31,smi,5349.740234375
2009-06-30,smi,5403.97021484375
2009-07-31,smi,5950.68994140625
2009-08-31,smi,6217.1201171875
2009-09-30,smi,6323.18017578125
2009-10-31,smi,6285.759765625
2009-11-30,smi,6260.9501953125
2009-12-31,smi,6545.91015625
2010-01-31,smi,6440.72021484375
2010-02-28,smi,6710.990234375
2010-03-31,smi,6873.3701171875
2010-04-30,smi,6616.81982421875
2010-05-31,smi,6312.60009765625
2010-06-30,smi,6128.06005859375
2010-07-31,smi,6200.77978515625
2010-08-31,smi,6180.89013671875
2010-09-30,smi,6296.330078125
2010-10-31,smi,6472.22998046875
2010-11-30,smi,6312.43017578125
2010-12-31,smi,6436.0400390625
2011-01-31,smi,6479.14990234375
2011-02-28,smi,6610.43994140625
2011-03-31,smi,6357.5498046875
2011-04-30,smi,6539.7001953125
2011-05-31,smi,6554.7099609375
2011-06-30,smi,6187.06982421875
2011-07-31,smi,5783.35009765625
2011-08-31,smi,5528.52001953125
2011-09-30,smi,5531.740234375
2011-10-31,smi,5731.27001953125
2011-11-30,smi,5652.31005859375
2011-12-31,smi,5936.22998046875
2012-01-31,smi,5970.490234375
2012-02-29,smi,6109.93017578125
2012-03-31,smi,6235.509765625
2012-04-30,smi,6096.33984375
2012-05-31,smi,5849.89990234375
2012-06-30,smi,6066.85986328125
2012-07-31,smi,6399.27001953125
2012-08-31,smi,6388.009765625
2012-09-30,smi,6495.8798828125
2012-10-31,smi,6595.1298828125
2012-11-30,smi,6820.60009765625
2012-12-31,smi,6822.43994140625
2013-01-31,smi,7390.85986328125
2013-02-28,smi,7593.669921875
2013-03-31,smi,7813.669921875
2013-04-30,smi,7906.2099609375
2013-05-31,smi,7947.009765625
2013-06-30,smi,7683.0400390625
2013-07-31,smi,7820.43017578125
2013-08-31,smi,7745.97021484375
2013-09-30,smi,8022.60009765625
2013-10-31,smi,8234.2900390625
2013-11-30,smi,8264.2001953125
2013-12-31,smi,8202.98046875
2014-01-31,smi,8191.330078125
2014-02-28,smi,8475.330078125
2014-03-31,smi,8453.8203125
2014-04-30,smi,8476.66015625
2014-05-31,smi,8674.51953125
2014-06-30,smi,8554.51953125
2014-07-31,smi,8410.26953125
2014-08-31,smi,8658.9697265625
2014-09-30,smi,8835.1396484375
2014-10-31,smi,8837.7802734375
2014-11-30,smi,9150.4599609375
2014-12-31,smi,8983.3701171875
2015-01-31,smi,8385.1298828125
2015-02-28,smi,9014.5302734375
2015-03-31,smi,9128.98046875
2015-04-30,smi,9077.1201171875
2015-05-31,smi,9237.7900390625
2015-06-30,smi,8780.91015625
2015-07-31,smi,9428.169921875
2015-08-31,smi,8824.5595703125
2015-09-30,smi,8513.41015625
2015-10-31,smi,8938.650390625
2015-11-30,smi,8993.099609375
2015-12-31,smi,8818.08984375
2016-01-31,smi,8319.8095703125
2016-02-29,smi,7843.6298828125
2016-03-31,smi,7807.89013671875
2016-04-30,smi,7960.85009765625
2016-05-31,smi,8216.419921875
2016-06-30,smi,8020.14990234375
2016-07-31,smi,8127.2001953125
2016-08-31,smi,8202.1298828125
2016-09-30,smi,8139.009765625
2016-10-31,smi,7827.740234375
2016-11-30,smi,7875.18994140625
2016-12-31,smi,8219.8701171875
2017-01-31,smi,8291.6904296875
2017-02-28,smi,8545.8095703125
2017-03-31,smi,8658.8896484375
2017-04-30,smi,8812.669921875
2017-05-31,smi,9016.6396484375
2017-06-30,smi,8906.8896484375
2017-07-31,smi,9055.0
2017-08-31,smi,8925.4501953125
2017-09-30,smi,9157.4599609375
2017-10-31,smi,9242.1796875
2017-11-30,smi,9318.76953125
2017-12-31,smi,9381.8701171875
2018-01-31,smi,9335.400390625
2018-02-28,smi,8906.3798828125
2018-03-31,smi,8740.9697265625
2018-04-30,smi,8886.259765625
2018-05-31,smi,8456.9501953125
2018-06-30,smi,8609.2998046875
2018-07-31,smi,9174.330078125
2018-08-31,smi,8973.5595703125
2018-09-30,smi,9087.990234375
2018-10-31,smi,9022.16015625
2018-11-30,smi,9037.759765625
2018-12-31,smi,8429.2998046875
2019-01-31,smi,8969.26953125
2019-02-28,smi,9388.9404296875
2019-03-31,smi,9477.83984375
2019-04-30,smi,9769.740234375
2019-05-31,smi,9523.98046875
2019-06-30,smi,9898.240234375
2019-07-31,smi,9919.26953125
2019-08-31,smi,9895.650390625
2019-09-30,smi,10078.3203125
2019-10-31,smi,10219.8203125
2019-11-30,smi,10493.240234375
2019-12-31,smi,10616.9404296875
2020-01-31,smi,10627.8798828125
2020-02-29,smi,9831.0302734375
2020-03-31,smi,9311.919921875
2020-04-30,smi,9629.400390625
2020-05-31,smi,9831.490234375
2020-06-30,smi,10045.2998046875
2020-07-31,smi,10005.900390625
2020-08-31,smi,10135.5595703125
2020-09-30,smi,10187.0
2020-10-31,smi,9587.150390625
2020-11-30,smi,10476.4296875
2020-12-31,smi,10703.509765625
2021-01-31,smi,10591.0595703125
2021-02-28,smi,10522.2197265625
2021-03-31,smi,11047.3701171875
2021-04-30,smi,11022.33984375
2021-05-31,smi,11426.150390625
2021-06-30,smi,11942.7197265625
2021-07-31,smi,12116.8203125
2021-08-31,smi,12411.1103515625
2021-09-30,smi,11642.4501953125
2021-10-31,smi,12108.169921875
2021-11-30,smi,12159.6904296875
2021-12-31,smi,12875.66015625
2022-01-31,smi,12226.7001953125
2022-02-28,smi,11986.7802734375
2022-03-31,smi,12161.5302734375
2022-04-30,smi,12128.759765625
2022-05-31,smi,11611.3798828125
2022-06-30,smi,10741.2099609375
2022-07-31,smi,11145.91015625
2022-08-31,smi,10855.0302734375
2022-09-30,smi,10267.5498046875
2022-10-31,smi,10827.9296875
2022-11-30,smi,11127.76953125
2022-12-31,smi,10729.400390625
2023-01-31,smi,11285.7802734375
2023-02-28,smi,11098.349609375
2023-03-31,smi,11106.240234375
2023-04-30,smi,11437.1396484375
2023-05-31,smi,11217.8896484375
2023-06-30,smi,11280.2900390625
2023-07-31,smi,11309.25
2023-08-31,smi,11125.9501953125
2023-09-30,smi,10963.5
2023-10-31,smi,10391.16015625
2023-11-30,smi,10854.3203125
2023-12-31,smi,11137.7900390625
2024-01-31,smi,11333.3798828125
2024-02-29,smi,11438.8603515625
2024-03-31,smi,11730.4296875
2024-04-30,smi,11260.91015625
2024-05-31,smi,12000.8603515625
2024-06-30,smi,11993.830078125
2024-07-31,smi,12317.4404296875
2024-08-31,smi,12436.58984375
2024-09-30,smi,12168.8701171875
2024-10-31,smi,11792.919921875
2024-11-30,smi,11764.2001953125
2024-12-31,smi,11600.900390625
2025-01-31,smi,12597.08984375
2025-02-28,smi,13004.48046875
2025-03-31,smi,12598.1201171875
2025-04-30,smi,12116.98046875
2025-05-31,smi,12227.080078125
2025-06-30,smi,11921.4599609375
2025-07-31,smi,11836.0
2025-08-31,smi,12187.580078125
2025-09-30,smi,12109.419921875
2025-10-31,smi,12234.5
2025-11-30,smi,12833.9599609375
2025-12-31,smi,13267.48046875
2026-01-31,smi,13188.259765625
2026-02-28,smi,14014.2998046875
2026-03-31,smi,12776.7900390625
2026-04-30,smi,13136.26953125
2026-05-31,smi,13481.0703125
1981-01-31,sp400,35.58000183105469
1981-02-28,sp400,35.560001373291016
1981-03-31,sp400,37.790000915527344
1981-04-30,sp400,37.84999847412109
1981-05-31,sp400,39.38999938964844
1981-06-30,sp400,39.5099983215332
1981-07-31,sp400,39.09000015258789
1981-08-31,sp400,37.15999984741211
1981-09-30,sp400,34.709999084472656
1981-10-31,sp400,37.09999847412109
1981-11-30,sp400,38.880001068115234
1981-12-31,sp400,37.66999816894531
1982-01-31,sp400,35.95000076293945
1982-02-28,sp400,34.790000915527344
1982-03-31,sp400,34.36000061035156
1982-04-30,sp400,35.810001373291016
1982-05-31,sp400,34.9900016784668
1982-06-30,sp400,33.93000030517578
1982-07-31,sp400,32.58000183105469
1982-08-31,sp400,35.7599983215332
1982-09-30,sp400,36.79999923706055
1982-10-31,sp400,40.400001525878906
1982-11-30,sp400,42.58000183105469
1982-12-31,sp400,43.560001373291016
1983-01-31,sp400,45.52000045776367
1983-02-28,sp400,46.790000915527344
1983-03-31,sp400,48.59999847412109
1983-04-30,sp400,51.36000061035156
1983-05-31,sp400,53.15999984741211
1983-06-30,sp400,54.79999923706055
1983-07-31,sp400,53.7400016784668
1983-08-31,sp400,52.68000030517578
1983-09-30,sp400,54.38999938964844
1983-10-31,sp400,51.7599983215332
1983-11-30,sp400,53.290000915527344
1983-12-31,sp400,52.5
1984-01-31,sp400,50.7599983215332
1984-02-29,sp400,48.11000061035156
1984-03-31,sp400,48.72999954223633
1984-04-30,sp400,47.880001068115234
1984-05-31,sp400,45.63999938964844
1984-06-30,sp400,47.220001220703125
1984-07-31,sp400,45.150001525878906
1984-08-31,sp400,50.220001220703125
1984-09-30,sp400,50.0099983215332
1984-10-31,sp400,49.459999084472656
1984-11-30,sp400,49.09000015258789
1984-12-31,sp400,50.630001068115234
1985-01-31,sp400,54.72999954223633
1985-02-28,sp400,54.9900016784668
1985-03-31,sp400,55.29999923706055
1985-04-30,sp400,55.61000061035156
1985-05-31,sp400,58.130001068115234
1985-06-30,sp400,60.43000030517578
1985-07-31,sp400,60.2599983215332
1985-08-31,sp400,59.61000061035156
1985-09-30,sp400,56.619998931884766
1985-10-31,sp400,59.52999877929688
1985-11-30,sp400,63.02000045776367
1985-12-31,sp400,65.9800033569336
1986-01-31,sp400,66.87999725341797
1986-02-28,sp400,71.58000183105469
1986-03-31,sp400,74.88999938964844
1986-04-30,sp400,75.23999786376953
1986-05-31,sp400,77.98999786376953
1986-06-30,sp400,79.91999816894531
1986-07-31,sp400,75.75
1986-08-31,sp400,79.66999816894531
1986-09-30,sp400,73.2300033569336
1986-10-31,sp400,76.08999633789062
1986-11-30,sp400,75.86000061035156
1986-12-31,sp400,74.33999633789062
1987-01-31,sp400,83.70999908447266
1987-02-28,sp400,87.37999725341797
1987-03-31,sp400,89.27999877929688
1987-04-30,sp400,86.12000274658203
1987-05-31,sp400,85.0199966430664
1987-06-30,sp400,87.91000366210938
1987-07-31,sp400,90.18000030517578
1987-08-31,sp400,93.22000122070312
1987-09-30,sp400,91.26000213623048
1987-10-31,sp400,69.48999786376953
1987-11-30,sp400,65.83000183105469
1987-12-31,sp400,70.73999786376953
1988-01-31,sp400,73.7300033569336
1988-02-29,sp400,78.16000366210938
1988-03-31,sp400,79.26000213623047
1988-04-30,sp400,79.47000122070312
1988-05-31,sp400,77.56999969482422
1988-06-30,sp400,82.98999786376953
1988-07-31,sp400,80.56999969482422
1988-08-31,sp400,78.44000244140625
1988-09-30,sp400,81.2699966430664
1988-10-31,sp400,81.61000061035156
1988-11-30,sp400,79.76000213623047
1988-12-31,sp400,82.77999877929688
1989-01-31,sp400,88.20999908447266
1989-02-28,sp400,88.2300033569336
1989-03-31,sp400,90.0
1989-04-30,sp400,94.66999816894533
1989-05-31,sp400,98.81999969482422
1989-06-30,sp400,98.1500015258789
1989-07-31,sp400,103.5999984741211
1989-08-31,sp400,107.0
1989-09-30,sp400,107.97000122070312
1989-10-31,sp400,103.2300033569336
1989-11-30,sp400,105.26000213623048
1989-12-31,sp400,108.77999877929688
1990-01-31,sp400,99.38999938964844
1990-02-28,sp400,102.66000366210938
1990-03-31,sp400,104.58999633789062
1990-04-30,sp400,100.08000183105467
1990-05-31,sp400,109.55999755859376
1990-06-30,sp400,109.79000091552734
1990-07-31,sp400,107.08000183105467
1990-08-31,sp400,95.69000244140624
1990-09-30,sp400,89.62000274658203
1990-10-31,sp400,86.66999816894531
1990-11-30,sp400,94.73999786376952
1990-12-31,sp400,100.0
1991-01-31,sp400,107.6999969482422
1991-02-28,sp400,117.0500030517578
1991-03-31,sp400,122.16999816894533
1991-04-30,sp400,121.93000030517578
1991-05-31,sp400,127.25
1991-06-30,sp400,120.56999969482422
1991-07-31,sp400,127.61000061035156
1991-08-31,sp400,131.94000244140625
1991-09-30,sp400,131.3000030517578
1991-10-31,sp400,136.22000122070312
1991-11-30,sp400,131.33999633789062
1991-12-31,sp400,146.58999633789062
1992-01-31,sp400,148.97000122070312
1992-02-29,sp400,151.02999877929688
1992-03-31,sp400,145.11000061035156
1992-04-30,sp400,143.14999389648438
1992-05-31,sp400,144.1999969482422
1992-06-30,sp400,139.86000061035156
1992-07-31,sp400,146.5399932861328
1992-08-31,sp400,142.7100067138672
1992-09-30,sp400,144.47999572753906
1992-10-31,sp400,147.6999969482422
1992-11-30,sp400,155.6199951171875
1992-12-31,sp400,160.55999755859375
1993-01-31,sp400,162.35000610351562
1993-02-28,sp400,159.77000427246094
1993-03-31,sp400,165.00999450683594
1993-04-30,sp400,160.4499969482422
1993-05-31,sp400,167.4199981689453
1993-06-30,sp400,168.00999450683594
1993-07-31,sp400,167.44000244140625
1993-08-31,sp400,174.0
1993-09-30,sp400,175.60000610351562
1993-10-31,sp400,175.91000366210938
1993-11-30,sp400,171.69000244140625
1993-12-31,sp400,179.3800048828125
1994-01-31,sp400,183.3099975585937
1994-02-28,sp400,180.3099975585937
1994-03-31,sp400,171.72000122070312
1994-04-30,sp400,172.72999572753906
1994-05-31,sp400,170.72999572753906
1994-06-30,sp400,164.61000061035156
1994-07-31,sp400,169.91000366210938
1994-08-31,sp400,178.42999267578125
1994-09-30,sp400,174.85000610351562
1994-10-31,sp400,176.5
1994-11-30,sp400,168.17999267578125
1994-12-31,sp400,169.44000244140625
1995-01-31,sp400,170.9600067138672
1995-02-28,sp400,179.5500030517578
1995-03-31,sp400,182.3699951171875
1995-04-30,sp400,185.82000732421875
1995-05-31,sp400,189.8999938964844
1995-06-30,sp400,197.3699951171875
1995-07-31,sp400,207.4199981689453
1995-08-31,sp400,210.8699951171875
1995-09-30,sp400,215.6999969482422
1995-10-31,sp400,209.8999938964844
1995-11-30,sp400,218.69000244140625
1995-12-31,sp400,217.83999633789065
1996-01-31,sp400,220.759994506836
1996-02-29,sp400,227.8699951171875
1996-03-31,sp400,230.3000030517578
1996-04-30,sp400,237.07000732421875
1996-05-31,sp400,239.88999938964844
1996-06-30,sp400,236.0
1996-07-31,sp400,219.8000030517578
1996-08-31,sp400,232.1300048828125
1996-09-30,sp400,241.92999267578125
1996-10-31,sp400,242.33999633789065
1996-11-30,sp400,255.6100006103516
1996-12-31,sp400,255.5800018310547
1997-01-31,sp400,264.8900146484375
1997-02-28,sp400,262.3599853515625
1997-03-31,sp400,250.83999633789065
1997-04-30,sp400,257.07000732421875
1997-05-31,sp400,279.1600036621094
1997-06-30,sp400,286.6499938964844
1997-07-31,sp400,314.6700134277344
1997-08-31,sp400,313.9700012207031
1997-09-30,sp400,331.6600036621094
1997-10-31,sp400,316.8900146484375
1997-11-30,sp400,321.25
1997-12-31,sp400,333.3699951171875
1998-01-31,sp400,326.70001220703125
1998-02-28,sp400,353.3900146484375
1998-03-31,sp400,369.0
1998-04-30,sp400,375.3900146484375
1998-05-31,sp400,358.1499938964844
1998-06-30,sp400,360.0799865722656
1998-07-31,sp400,345.760009765625
1998-08-31,sp400,281.1000061035156
1998-09-30,sp400,307.0299987792969
1998-10-31,sp400,334.04998779296875
1998-11-30,sp400,350.3500061035156
1998-12-31,sp400,392.30999755859375
1999-01-31,sp400,376.7000122070313
1999-02-28,sp400,356.5
1999-03-31,sp400,366.1000061035156
1999-04-30,sp400,394.5899963378906
1999-05-31,sp400,395.8699951171875
1999-06-30,sp400,416.7000122070313
1999-07-31,sp400,407.4599914550781
1999-08-31,sp400,393.0799865722656
1999-09-30,sp400,380.5899963378906
1999-10-31,sp400,399.6199951171875
1999-11-30,sp400,420.1099853515625
1999-12-31,sp400,444.6700134277344
2000-01-31,sp400,431.7900085449219
2000-02-29,sp400,461.4800109863281
2000-03-31,sp400,499.6900024414063
2000-04-30,sp400,481.8500061035156
2000-05-31,sp400,475.1700134277344
2000-06-30,sp400,481.7699890136719
2000-07-31,sp400,488.9700012207031
2000-08-31,sp400,542.9000244140625
2000-09-30,sp400,538.8099975585938
2000-10-31,sp400,520.1699829101562
2000-11-30,sp400,480.3800048828125
2000-12-31,sp400,516.739990234375
2001-01-31,sp400,527.9000244140625
2001-02-28,sp400,497.260009765625
2001-03-31,sp400,459.9200134277344
2001-04-30,sp400,510.30999755859375
2001-05-31,sp400,521.5900268554688
2001-06-30,sp400,519.1199951171875
2001-07-31,sp400,511.0499877929688
2001-08-31,sp400,493.7900085449219
2001-09-30,sp400,432.0299987792969
2001-10-31,sp400,450.7699890136719
2001-11-30,sp400,483.75
2001-12-31,sp400,508.30999755859375
2002-01-31,sp400,505.2900085449219
2002-02-28,sp400,505.3800048828125
2002-03-31,sp400,541.0999755859375
2002-04-30,sp400,538.219970703125
2002-05-31,sp400,528.5800170898438
2002-06-30,sp400,489.5
2002-07-31,sp400,441.7099914550781
2002-08-31,sp400,443.4200134277344
2002-09-30,sp400,407.3800048828125
2002-10-31,sp400,424.6300048828125
2002-11-30,sp400,448.6300048828125
2002-12-31,sp400,429.7900085449219
2003-01-31,sp400,416.9100036621094
2003-02-28,sp400,406.4299926757813
2003-03-31,sp400,409.4700012207031
2003-04-30,sp400,438.7900085449219
2003-05-31,sp400,474.5400085449219
2003-06-30,sp400,480.2099914550781
2003-07-31,sp400,496.8399963378906
2003-08-31,sp400,518.77001953125
2003-09-30,sp400,510.4200134277344
2003-10-31,sp400,548.52001953125
2003-11-30,sp400,567.0
2003-12-31,sp400,576.010009765625
2004-01-31,sp400,588.0599975585938
2004-02-29,sp400,601.510009765625
2004-03-31,sp400,603.5599975585938
2004-04-30,sp400,583.2899780273438
2004-05-31,sp400,594.7000122070312
2004-06-30,sp400,607.6900024414062
2004-07-31,sp400,578.9000244140625
2004-08-31,sp400,576.6199951171875
2004-09-30,sp400,593.2000122070312
2004-10-31,sp400,602.219970703125
2004-11-30,sp400,637.27001953125
2004-12-31,sp400,663.3099975585938
2005-01-31,sp400,645.969970703125
2005-02-28,sp400,666.8499755859375
2005-03-31,sp400,658.8699951171875
2005-04-30,sp400,632.760009765625
2005-05-31,sp400,670.0499877929688
2005-06-30,sp400,684.9400024414062
2005-07-31,sp400,720.3800048828125
2005-08-31,sp400,711.489990234375
2005-09-30,sp400,716.3300170898438
2005-10-31,sp400,700.3800048828125
2005-11-30,sp400,733.6599731445312
2005-12-31,sp400,738.0499877929688
2006-01-31,sp400,781.02001953125
2006-02-28,sp400,773.5999755859375
2006-03-31,sp400,792.1099853515625
2006-04-30,sp400,802.6900024414062
2006-05-31,sp400,765.5599975585938
2006-06-30,sp400,764.8699951171875
2006-07-31,sp400,742.510009765625
2006-08-31,sp400,749.9600219726562
2006-09-30,sp400,754.25
2006-10-31,sp400,785.010009765625
2006-11-30,sp400,809.2000122070312
2006-12-31,sp400,804.3699951171875
2007-01-31,sp400,833.02001953125
2007-02-28,sp400,838.0999755859375
2007-03-31,sp400,848.469970703125
2007-04-30,sp400,873.6599731445312
2007-05-31,sp400,916.2999877929688
2007-06-30,sp400,895.510009765625
2007-07-31,sp400,856.3300170898438
2007-08-31,sp400,863.0
2007-09-30,sp400,885.0599975585938
2007-10-31,sp400,907.7000122070312
2007-11-30,sp400,860.739990234375
2007-12-31,sp400,858.2000122070312
2008-01-31,sp400,804.6400146484375
2008-02-29,sp400,788.510009765625
2008-03-31,sp400,779.510009765625
2008-04-30,sp400,838.8400268554688
2008-05-31,sp400,881.9600219726562
2008-06-30,sp400,818.989990234375
2008-07-31,sp400,803.010009765625
2008-08-31,sp400,815.5999755859375
2008-09-30,sp400,727.2899780273438
2008-10-31,sp400,568.489990234375
2008-11-30,sp400,514.5599975585938
2008-12-31,sp400,538.280029296875
2009-01-31,sp400,498.6799926757813
2009-02-28,sp400,449.4400024414063
2009-03-31,sp400,489.0
2009-04-30,sp400,561.1400146484375
2009-05-31,sp400,575.52001953125
2009-06-30,sp400,578.1400146484375
2009-07-31,sp400,628.0499877929688
2009-08-31,sp400,654.5399780273438
2009-09-30,sp400,691.02001953125
2009-10-31,sp400,659.1500244140625
2009-11-30,sp400,684.77001953125
2009-12-31,sp400,726.6699829101562
2010-01-31,sp400,702.7999877929688
2010-02-28,sp400,738.3599853515625
2010-03-31,sp400,789.9000244140625
2010-04-30,sp400,823.0599975585938
2010-05-31,sp400,762.760009765625
2010-06-30,sp400,711.72998046875
2010-07-31,sp400,760.27001953125
2010-08-31,sp400,721.6400146484375
2010-09-30,sp400,802.0999755859375
2010-10-31,sp400,829.1300048828125
2010-11-30,sp400,852.5900268554688
2010-12-31,sp400,907.25
2011-01-31,sp400,924.77001953125
2011-02-28,sp400,966.5900268554688
2011-03-31,sp400,989.0499877929688
2011-04-30,sp400,1015.260009765625
2011-05-31,sp400,1000.25
2011-06-30,sp400,978.6400146484376
2011-07-31,sp400,943.4199829101562
2011-08-31,sp400,875.0
2011-09-30,sp400,781.260009765625
2011-10-31,sp400,887.9299926757812
2011-11-30,sp400,883.7899780273438
2011-12-31,sp400,879.1599731445312
2012-01-31,sp400,936.510009765625
2012-02-29,sp400,977.3599853515624
2012-03-31,sp400,994.2999877929688
2012-04-30,sp400,991.3099975585938
2012-05-31,sp400,925.6300048828124
2012-06-30,sp400,941.6400146484376
2012-07-31,sp400,940.47998046875
2012-08-31,sp400,971.5499877929688
2012-09-30,sp400,989.02001953125
2012-10-31,sp400,980.4500122070312
2012-11-30,sp400,1000.1500244140624
2012-12-31,sp400,1020.4299926757812
2013-01-31,sp400,1093.9599609375
2013-02-28,sp400,1102.6400146484375
2013-03-31,sp400,1153.6800537109375
2013-04-30,sp400,1160.02001953125
2013-05-31,sp400,1184.3199462890625
2013-06-30,sp400,1160.8199462890625
2013-07-31,sp400,1231.9000244140625
2013-08-31,sp400,1183.8699951171875
2013-09-30,sp400,1243.8499755859375
2013-10-31,sp400,1289.1800537109375
2013-11-30,sp400,1304.1800537109375
2013-12-31,sp400,1342.530029296875
2014-01-31,sp400,1313.0799560546875
2014-02-28,sp400,1375.3299560546875
2014-03-31,sp400,1378.5
2014-04-30,sp400,1355.9599609375
2014-05-31,sp400,1377.97998046875
2014-06-30,sp400,1432.93994140625
2014-07-31,sp400,1370.699951171875
2014-08-31,sp400,1438.1700439453125
2014-09-30,sp400,1370.969970703125
2014-10-31,sp400,1418.7099609375
2014-11-30,sp400,1442.6300048828125
2014-12-31,sp400,1452.43994140625
2015-01-31,sp400,1435.0999755859375
2015-02-28,sp400,1506.530029296875
2015-03-31,sp400,1524.030029296875
2015-04-30,sp400,1500.18994140625
2015-05-31,sp400,1524.6700439453125
2015-06-30,sp400,1502.1700439453125
2015-07-31,sp400,1502.8900146484375
2015-08-31,sp400,1416.75
2015-09-30,sp400,1368.9100341796875
2015-10-31,sp400,1444.77001953125
2015-11-30,sp400,1461.81005859375
2015-12-31,sp400,1398.5799560546875
2016-01-31,sp400,1317.739990234375
2016-02-29,sp400,1334.199951171875
2016-03-31,sp400,1445.18994140625
2016-04-30,sp400,1461.6500244140625
2016-05-31,sp400,1493.050048828125
2016-06-30,sp400,1496.5
2016-07-31,sp400,1559.4599609375
2016-08-31,sp400,1564.760009765625
2016-09-30,sp400,1552.260009765625
2016-10-31,sp400,1509.4599609375
2016-11-30,sp400,1627.52001953125
2016-12-31,sp400,1660.5799560546875
2017-01-31,sp400,1687.18994140625
2017-02-28,sp400,1729.3399658203125
2017-03-31,sp400,1719.6500244140625
2017-04-30,sp400,1732.760009765625
2017-05-31,sp400,1721.68994140625
2017-06-30,sp400,1746.6500244140625
2017-07-31,sp400,1760.6800537109375
2017-08-31,sp400,1730.8800048828125
2017-09-30,sp400,1795.93994140625
2017-10-31,sp400,1835.0999755859373
2017-11-30,sp400,1899.1800537109373
2017-12-31,sp400,1900.5699462890625
2018-01-31,sp400,1953.969970703125
2018-02-28,sp400,1864.6099853515625
2018-03-31,sp400,1878.77001953125
2018-04-30,sp400,1872.449951171875
2018-05-31,sp400,1946.4300537109373
2018-06-30,sp400,1951.6700439453125
2018-07-31,sp400,1984.489990234375
2018-08-31,sp400,2044.699951171875
2018-09-30,sp400,2019.550048828125
2018-10-31,sp400,1825.0999755859373
2018-11-30,sp400,1878.6500244140625
2018-12-31,sp400,1663.0400390625
2019-01-31,sp400,1835.3900146484373
2019-02-28,sp400,1910.3399658203125
2019-03-31,sp400,1896.27001953125
2019-04-30,sp400,1970.739990234375
2019-05-31,sp400,1810.5
2019-06-30,sp400,1945.510009765625
2019-07-31,sp400,1966.719970703125
2019-08-31,sp400,1881.199951171875
2019-09-30,sp400,1935.47998046875
2019-10-31,sp400,1955.3699951171875
2019-11-30,sp400,2010.1500244140625
2019-12-31,sp400,2063.02001953125
2020-01-31,sp400,2007.219970703125
2020-02-29,sp400,1814.0
2020-03-31,sp400,1443.4000244140625
2020-04-30,sp400,1646.3599853515625
2020-05-31,sp400,1763.949951171875
2020-06-30,sp400,1783.2099609375
2020-07-31,sp400,1863.9100341796875
2020-08-31,sp400,1926.5400390625
2020-09-30,sp400,1861.2900390625
2020-10-31,sp400,1900.1800537109373
2020-11-30,sp400,2168.5
2020-12-31,sp400,2306.6201171875
2021-01-31,sp400,2340.1201171875
2021-02-28,sp400,2496.260009765625
2021-03-31,sp400,2609.239990234375
2021-04-30,sp400,2725.14990234375
2021-05-31,sp400,2727.43994140625
2021-06-30,sp400,2696.1201171875
2021-07-31,sp400,2703.669921875
2021-08-31,sp400,2753.159912109375
2021-09-30,sp400,2640.5400390625
2021-10-31,sp400,2794.110107421875
2021-11-30,sp400,2708.64990234375
2021-12-31,sp400,2842.0
2022-01-31,sp400,2635.3798828125
2022-02-28,sp400,2661.47998046875
2022-03-31,sp400,2693.659912109375
2022-04-30,sp400,2500.260009765625
2022-05-31,sp400,2514.800048828125
2022-06-30,sp400,2268.919921875
2022-07-31,sp400,2512.72998046875
2022-08-31,sp400,2431.050048828125
2022-09-30,sp400,2203.530029296875
2022-10-31,sp400,2433.050048828125
2022-11-30,sp400,2577.780029296875
2022-12-31,sp400,2430.3798828125
2023-01-31,sp400,2652.6201171875
2023-02-28,sp400,2600.840087890625
2023-03-31,sp400,2512.159912109375
2023-04-30,sp400,2490.39990234375
2023-05-31,sp400,2406.669921875
2023-06-30,sp400,2622.340087890625
2023-07-31,sp400,2728.43994140625
2023-08-31,sp400,2645.469970703125
2023-09-30,sp400,2502.1201171875
2023-10-31,sp400,2366.39990234375
2023-11-30,sp400,2563.6201171875
2023-12-31,sp400,2781.5400390625
2024-01-31,sp400,2732.179931640625
2024-02-29,sp400,2890.669921875
2024-03-31,sp400,3046.360107421875
2024-04-30,sp400,2861.110107421875
2024-05-31,sp400,2982.860107421875
2024-06-30,sp400,2930.090087890625
2024-07-31,sp400,3098.1298828125
2024-08-31,sp400,3091.52001953125
2024-09-30,sp400,3121.93994140625
2024-10-31,sp400,3098.0
2024-11-30,sp400,3366.179931640625
2024-12-31,sp400,3120.93994140625
2025-01-31,sp400,3239.0400390625
2025-02-28,sp400,3095.14990234375
2025-03-31,sp400,2919.219970703125
2025-04-30,sp400,2851.60009765625
2025-05-31,sp400,3001.3798828125
2025-06-30,sp400,3102.8701171875
2025-07-31,sp400,3151.25
2025-08-31,sp400,3254.090087890625
2025-09-30,sp400,3263.6201171875
2025-10-31,sp400,3246.260009765625
2025-11-30,sp400,3308.489990234375
2025-12-31,sp400,3305.139892578125
2026-01-31,sp400,3437.10009765625
2026-02-28,sp400,3575.27001953125
2026-03-31,sp400,3376.35009765625
2026-04-30,sp400,3639.81005859375
2026-05-31,sp400,3725.1298828125
1975-01-31,sp500,76.9800033569336
1975-02-28,sp500,81.58999633789062
1975-03-31,sp500,83.36000061035156
1975-04-30,sp500,87.30000305175781
1975-05-31,sp500,91.1500015258789
1975-06-30,sp500,95.19000244140624
1975-07-31,sp500,88.75
1975-08-31,sp500,86.87999725341797
1975-09-30,sp500,83.87000274658203
1975-10-31,sp500,89.04000091552734
1975-11-30,sp500,91.23999786376952
1975-12-31,sp500,90.19000244140624
1976-01-31,sp500,100.86000061035156
1976-02-29,sp500,99.70999908447266
1976-03-31,sp500,102.7699966430664
1976-04-30,sp500,101.63999938964844
1976-05-31,sp500,100.18000030517578
1976-06-30,sp500,104.27999877929688
1976-07-31,sp500,103.44000244140624
1976-08-31,sp500,102.91000366210938
1976-09-30,sp500,105.23999786376952
1976-10-31,sp500,102.9000015258789
1976-11-30,sp500,102.0999984741211
1976-12-31,sp500,107.45999908447266
1977-01-31,sp500,102.02999877929688
1977-02-28,sp500,99.81999969482422
1977-03-31,sp500,98.41999816894533
1977-04-30,sp500,98.44000244140624
1977-05-31,sp500,96.12000274658205
1977-06-30,sp500,100.4800033569336
1977-07-31,sp500,98.8499984741211
1977-08-31,sp500,96.7699966430664
1977-09-30,sp500,96.52999877929688
1977-10-31,sp500,92.33999633789062
1977-11-30,sp500,94.83000183105467
1977-12-31,sp500,95.0999984741211
1978-01-31,sp500,89.25
1978-02-28,sp500,87.04000091552734
1978-03-31,sp500,89.20999908447266
1978-04-30,sp500,96.83000183105467
1978-05-31,sp500,97.23999786376952
1978-06-30,sp500,95.52999877929688
1978-07-31,sp500,100.68000030517578
1978-08-31,sp500,103.29000091552734
1978-09-30,sp500,102.54000091552734
1978-10-31,sp500,93.1500015258789
1978-11-30,sp500,94.6999969482422
1978-12-31,sp500,96.11000061035156
1979-01-31,sp500,99.93000030517578
1979-02-28,sp500,96.27999877929688
1979-03-31,sp500,101.58999633789062
1979-04-30,sp500,101.76000213623048
1979-05-31,sp500,99.08000183105467
1979-06-30,sp500,102.91000366210938
1979-07-31,sp500,103.80999755859376
1979-08-31,sp500,109.31999969482422
1979-09-30,sp500,109.31999969482422
1979-10-31,sp500,101.81999969482422
1979-11-30,sp500,106.16000366210938
1979-12-31,sp500,107.94000244140624
1980-01-31,sp500,114.16000366210938
1980-02-29,sp500,113.66000366210938
1980-03-31,sp500,102.08999633789062
1980-04-30,sp500,106.29000091552734
1980-05-31,sp500,111.23999786376952
1980-06-30,sp500,114.23999786376952
1980-07-31,sp500,121.66999816894533
1980-08-31,sp500,122.37999725341795
1980-09-30,sp500,125.45999908447266
1980-10-31,sp500,127.47000122070312
1980-11-30,sp500,140.52000427246094
1980-12-31,sp500,135.75999450683594
1981-01-31,sp500,129.5500030517578
1981-02-28,sp500,131.27000427246094
1981-03-31,sp500,136.0
1981-04-30,sp500,132.80999755859375
1981-05-31,sp500,132.58999633789062
1981-06-30,sp500,131.2100067138672
1981-07-31,sp500,130.9199981689453
1981-08-31,sp500,122.79000091552734
1981-09-30,sp500,116.18000030517578
1981-10-31,sp500,121.88999938964844
1981-11-30,sp500,126.3499984741211
1981-12-31,sp500,122.5500030517578
1982-01-31,sp500,120.4000015258789
1982-02-28,sp500,113.11000061035156
1982-03-31,sp500,111.95999908447266
1982-04-30,sp500,116.44000244140624
1982-05-31,sp500,111.87999725341795
1982-06-30,sp500,109.61000061035156
1982-07-31,sp500,107.08999633789062
1982-08-31,sp500,119.51000213623048
1982-09-30,sp500,120.41999816894533
1982-10-31,sp500,133.72000122070312
1982-11-30,sp500,138.52999877929688
1982-12-31,sp500,140.63999938964844
1983-01-31,sp500,145.3000030517578
1983-02-28,sp500,148.05999755859375
1983-03-31,sp500,152.9600067138672
1983-04-30,sp500,164.42999267578125
1983-05-31,sp500,162.38999938964844
1983-06-30,sp500,167.63999938964844
1983-07-31,sp500,162.55999755859375
1983-08-31,sp500,164.39999389648438
1983-09-30,sp500,166.07000732421875
1983-10-31,sp500,163.5500030517578
1983-11-30,sp500,166.39999389648438
1983-12-31,sp500,164.92999267578125
1984-01-31,sp500,163.41000366210938
1984-02-29,sp500,157.05999755859375
1984-03-31,sp500,159.17999267578125
1984-04-30,sp500,160.0500030517578
1984-05-31,sp500,150.5500030517578
1984-06-30,sp500,153.17999267578125
1984-07-31,sp500,150.66000366210938
1984-08-31,sp500,166.67999267578125
1984-09-30,sp500,166.10000610351562
1984-10-31,sp500,166.08999633789062
1984-11-30,sp500,163.5800018310547
1984-12-31,sp500,167.24000549316406
1985-01-31,sp500,179.6300048828125
1985-02-28,sp500,181.17999267578125
1985-03-31,sp500,180.6600036621093
1985-04-30,sp500,179.8300018310547
1985-05-31,sp500,189.5500030517578
1985-06-30,sp500,191.8500061035156
1985-07-31,sp500,190.9199981689453
1985-08-31,sp500,188.6300048828125
1985-09-30,sp500,182.0800018310547
1985-10-31,sp500,189.82000732421875
1985-11-30,sp500,202.1699981689453
1985-12-31,sp500,211.27999877929688
1986-01-31,sp500,211.77999877929688
1986-02-28,sp500,226.9199981689453
1986-03-31,sp500,238.8999938964844
1986-04-30,sp500,235.5200042724609
1986-05-31,sp500,247.3500061035156
1986-06-30,sp500,250.83999633789065
1986-07-31,sp500,236.1199951171875
1986-08-31,sp500,252.92999267578125
1986-09-30,sp500,231.32000732421875
1986-10-31,sp500,243.97999572753903
1986-11-30,sp500,249.22000122070312
1986-12-31,sp500,242.1699981689453
1987-01-31,sp500,274.0799865722656
1987-02-28,sp500,284.20001220703125
1987-03-31,sp500,291.70001220703125
1987-04-30,sp500,288.3599853515625
1987-05-31,sp500,290.1000061035156
1987-06-30,sp500,304.0
1987-07-31,sp500,318.6600036621094
1987-08-31,sp500,329.79998779296875
1987-09-30,sp500,321.8299865722656
1987-10-31,sp500,251.7899932861328
1987-11-30,sp500,230.3000030517578
1987-12-31,sp500,247.0800018310547
1988-01-31,sp500,257.07000732421875
1988-02-29,sp500,267.82000732421875
1988-03-31,sp500,258.8900146484375
1988-04-30,sp500,261.3299865722656
1988-05-31,sp500,262.1600036621094
1988-06-30,sp500,273.5
1988-07-31,sp500,272.0199890136719
1988-08-31,sp500,261.5199890136719
1988-09-30,sp500,271.9100036621094
1988-10-31,sp500,278.9700012207031
1988-11-30,sp500,273.70001220703125
1988-12-31,sp500,277.7200012207031
1989-01-31,sp500,297.4700012207031
1989-02-28,sp500,288.8599853515625
1989-03-31,sp500,294.8699951171875
1989-04-30,sp500,309.6400146484375
1989-05-31,sp500,320.5199890136719
1989-06-30,sp500,317.9800109863281
1989-07-31,sp500,346.0799865722656
1989-08-31,sp500,351.45001220703125
1989-09-30,sp500,349.1499938964844
1989-10-31,sp500,340.3599853515625
1989-11-30,sp500,345.989990234375
1989-12-31,sp500,353.3999938964844
1990-01-31,sp500,329.0799865722656
1990-02-28,sp500,331.8900146484375
1990-03-31,sp500,339.94000244140625
1990-04-30,sp500,330.79998779296875
1990-05-31,sp500,361.2300109863281
1990-06-30,sp500,358.0199890136719
1990-07-31,sp500,356.1499938964844
1990-08-31,sp500,322.5599975585937
1990-09-30,sp500,306.04998779296875
1990-10-31,sp500,304.0
1990-11-30,sp500,322.2200012207031
1990-12-31,sp500,330.2200012207031
1991-01-31,sp500,343.92999267578125
1991-02-28,sp500,367.0700073242188
1991-03-31,sp500,375.2200012207031
1991-04-30,sp500,375.3399963378906
1991-05-31,sp500,389.8299865722656
1991-06-30,sp500,371.1600036621094
1991-07-31,sp500,387.80999755859375
1991-08-31,sp500,395.4299926757813
1991-09-30,sp500,387.8599853515625
1991-10-31,sp500,392.4500122070313
1991-11-30,sp500,375.2200012207031
1991-12-31,sp500,417.0899963378906
1992-01-31,sp500,408.7799987792969
1992-02-29,sp500,412.7000122070313
1992-03-31,sp500,403.6900024414063
1992-04-30,sp500,414.9500122070313
1992-05-31,sp500,415.3500061035156
1992-06-30,sp500,408.1400146484375
1992-07-31,sp500,424.2099914550781
1992-08-31,sp500,414.0299987792969
1992-09-30,sp500,417.7999877929688
1992-10-31,sp500,418.6799926757813
1992-11-30,sp500,431.3500061035156
1992-12-31,sp500,435.7099914550781
1993-01-31,sp500,438.7799987792969
1993-02-28,sp500,443.3800048828125
1993-03-31,sp500,451.6700134277344
1993-04-30,sp500,440.1900024414063
1993-05-31,sp500,450.1900024414063
1993-06-30,sp500,450.5299987792969
1993-07-31,sp500,448.1300048828125
1993-08-31,sp500,463.55999755859375
1993-09-30,sp500,458.9299926757813
1993-10-31,sp500,467.8299865722656
1993-11-30,sp500,461.7900085449219
1993-12-31,sp500,466.4500122070313
1994-01-31,sp500,481.6099853515625
1994-02-28,sp500,467.1400146484375
1994-03-31,sp500,445.7699890136719
1994-04-30,sp500,450.9100036621094
1994-05-31,sp500,456.5
1994-06-30,sp500,444.2699890136719
1994-07-31,sp500,458.260009765625
1994-08-31,sp500,475.489990234375
1994-09-30,sp500,462.7099914550781
1994-10-31,sp500,472.3500061035156
1994-11-30,sp500,453.6900024414063
1994-12-31,sp500,459.2699890136719
1995-01-31,sp500,470.4200134277344
1995-02-28,sp500,487.3900146484375
1995-03-31,sp500,500.7099914550781
1995-04-30,sp500,514.7100219726562
1995-05-31,sp500,533.4000244140625
1995-06-30,sp500,544.75
1995-07-31,sp500,562.0599975585938
1995-08-31,sp500,561.8800048828125
1995-09-30,sp500,584.4099731445312
1995-10-31,sp500,581.5
1995-11-30,sp500,605.3699951171875
1995-12-31,sp500,615.9299926757812
1996-01-31,sp500,636.02001953125
1996-02-29,sp500,640.4299926757812
1996-03-31,sp500,645.5
1996-04-30,sp500,654.1699829101562
1996-05-31,sp500,669.1199951171875
1996-06-30,sp500,670.6300048828125
1996-07-31,sp500,639.9500122070312
1996-08-31,sp500,651.989990234375
1996-09-30,sp500,687.3300170898438
1996-10-31,sp500,705.27001953125
1996-11-30,sp500,757.02001953125
1996-12-31,sp500,740.739990234375
1997-01-31,sp500,786.1599731445312
1997-02-28,sp500,790.8200073242188
1997-03-31,sp500,757.1199951171875
1997-04-30,sp500,801.3400268554688
1997-05-31,sp500,848.280029296875
1997-06-30,sp500,885.1400146484375
1997-07-31,sp500,954.3099975585938
1997-08-31,sp500,899.469970703125
1997-09-30,sp500,947.280029296875
1997-10-31,sp500,914.6199951171876
1997-11-30,sp500,955.4000244140624
1997-12-31,sp500,970.4299926757812
1998-01-31,sp500,980.280029296875
1998-02-28,sp500,1049.3399658203125
1998-03-31,sp500,1101.75
1998-04-30,sp500,1111.75
1998-05-31,sp500,1090.8199462890625
1998-06-30,sp500,1133.8399658203125
1998-07-31,sp500,1120.6700439453125
1998-08-31,sp500,957.280029296875
1998-09-30,sp500,1017.010009765625
1998-10-31,sp500,1098.6700439453125
1998-11-30,sp500,1163.6300048828125
1998-12-31,sp500,1229.22998046875
1999-01-31,sp500,1279.6400146484375
1999-02-28,sp500,1238.3299560546875
1999-03-31,sp500,1286.3699951171875
1999-04-30,sp500,1335.1800537109375
1999-05-31,sp500,1301.8399658203125
1999-06-30,sp500,1372.7099609375
1999-07-31,sp500,1328.719970703125
1999-08-31,sp500,1320.4100341796875
1999-09-30,sp500,1282.7099609375
1999-10-31,sp500,1362.9300537109375
1999-11-30,sp500,1388.9100341796875
1999-12-31,sp500,1469.25
2000-01-31,sp500,1394.4599609375
2000-02-29,sp500,1366.4200439453125
2000-03-31,sp500,1498.5799560546875
2000-04-30,sp500,1452.4300537109375
2000-05-31,sp500,1420.5999755859375
2000-06-30,sp500,1454.5999755859375
2000-07-31,sp500,1430.8299560546875
2000-08-31,sp500,1517.6800537109375
2000-09-30,sp500,1436.510009765625
2000-10-31,sp500,1429.4000244140625
2000-11-30,sp500,1314.949951171875
2000-12-31,sp500,1320.280029296875
2001-01-31,sp500,1366.010009765625
2001-02-28,sp500,1239.93994140625
2001-03-31,sp500,1160.3299560546875
2001-04-30,sp500,1249.4599609375
2001-05-31,sp500,1255.8199462890625
2001-06-30,sp500,1224.3800048828125
2001-07-31,sp500,1211.22998046875
2001-08-31,sp500,1133.5799560546875
2001-09-30,sp500,1040.93994140625
2001-10-31,sp500,1059.780029296875
2001-11-30,sp500,1139.449951171875
2001-12-31,sp500,1148.0799560546875
2002-01-31,sp500,1130.199951171875
2002-02-28,sp500,1106.72998046875
2002-03-31,sp500,1147.3900146484375
2002-04-30,sp500,1076.9200439453125
2002-05-31,sp500,1067.1400146484375
2002-06-30,sp500,989.8200073242188
2002-07-31,sp500,911.6199951171876
2002-08-31,sp500,916.0700073242188
2002-09-30,sp500,815.280029296875
2002-10-31,sp500,885.760009765625
2002-11-30,sp500,936.3099975585938
2002-12-31,sp500,879.8200073242188
2003-01-31,sp500,855.7000122070312
2003-02-28,sp500,841.1500244140625
2003-03-31,sp500,848.1799926757812
2003-04-30,sp500,916.9199829101562
2003-05-31,sp500,963.5900268554688
2003-06-30,sp500,974.5
2003-07-31,sp500,990.3099975585938
2003-08-31,sp500,1008.010009765625
2003-09-30,sp500,995.969970703125
2003-10-31,sp500,1050.7099609375
2003-11-30,sp500,1058.199951171875
2003-12-31,sp500,1111.9200439453125
2004-01-31,sp500,1131.1300048828125
2004-02-29,sp500,1144.93994140625
2004-03-31,sp500,1126.2099609375
2004-04-30,sp500,1107.300048828125
2004-05-31,sp500,1120.6800537109375
2004-06-30,sp500,1140.8399658203125
2004-07-31,sp500,1101.719970703125
2004-08-31,sp500,1104.239990234375
2004-09-30,sp500,1114.5799560546875
2004-10-31,sp500,1130.199951171875
2004-11-30,sp500,1173.8199462890625
2004-12-31,sp500,1211.9200439453125
2005-01-31,sp500,1181.27001953125
2005-02-28,sp500,1203.5999755859375
2005-03-31,sp500,1180.5899658203125
2005-04-30,sp500,1156.8499755859375
2005-05-31,sp500,1191.5
2005-06-30,sp500,1191.3299560546875
2005-07-31,sp500,1234.1800537109375
2005-08-31,sp500,1220.3299560546875
2005-09-30,sp500,1228.81005859375
2005-10-31,sp500,1207.010009765625
2005-11-30,sp500,1249.47998046875
2005-12-31,sp500,1248.2900390625
2006-01-31,sp500,1280.0799560546875
2006-02-28,sp500,1280.6600341796875
2006-03-31,sp500,1294.8699951171875
2006-04-30,sp500,1310.6099853515625
2006-05-31,sp500,1270.0899658203125
2006-06-30,sp500,1270.199951171875
2006-07-31,sp500,1276.6600341796875
2006-08-31,sp500,1303.8199462890625
2006-09-30,sp500,1335.8499755859375
2006-10-31,sp500,1377.93994140625
2006-11-30,sp500,1400.6300048828125
2006-12-31,sp500,1418.300048828125
2007-01-31,sp500,1438.239990234375
2007-02-28,sp500,1406.8199462890625
2007-03-31,sp500,1420.8599853515625
2007-04-30,sp500,1482.3699951171875
2007-05-31,sp500,1530.6199951171875
2007-06-30,sp500,1503.3499755859375
2007-07-31,sp500,1455.27001953125
2007-08-31,sp500,1473.989990234375
2007-09-30,sp500,1526.75
2007-10-31,sp500,1549.3800048828125
2007-11-30,sp500,1481.1400146484375
2007-12-31,sp500,1468.3599853515625
2008-01-31,sp500,1378.550048828125
2008-02-29,sp500,1330.6300048828125
2008-03-31,sp500,1322.699951171875
2008-04-30,sp500,1385.5899658203125
2008-05-31,sp500,1400.3800048828125
2008-06-30,sp500,1280.0
2008-07-31,sp500,1267.3800048828125
2008-08-31,sp500,1282.8299560546875
2008-09-30,sp500,1166.3599853515625
2008-10-31,sp500,968.75
2008-11-30,sp500,896.239990234375
2008-12-31,sp500,903.25
2009-01-31,sp500,825.8800048828125
2009-02-28,sp500,735.0900268554688
2009-03-31,sp500,797.8699951171875
2009-04-30,sp500,872.8099975585938
2009-05-31,sp500,919.1400146484376
2009-06-30,sp500,919.3200073242188
2009-07-31,sp500,987.47998046875
2009-08-31,sp500,1020.6199951171876
2009-09-30,sp500,1057.0799560546875
2009-10-31,sp500,1036.18994140625
2009-11-30,sp500,1095.6300048828125
2009-12-31,sp500,1115.0999755859375
2010-01-31,sp500,1073.8699951171875
2010-02-28,sp500,1104.489990234375
2010-03-31,sp500,1169.4300537109375
2010-04-30,sp500,1186.68994140625
2010-05-31,sp500,1089.4100341796875
2010-06-30,sp500,1030.7099609375
2010-07-31,sp500,1101.5999755859375
2010-08-31,sp500,1049.3299560546875
2010-09-30,sp500,1141.199951171875
2010-10-31,sp500,1183.260009765625
2010-11-30,sp500,1180.550048828125
2010-12-31,sp500,1257.6400146484375
2011-01-31,sp500,1286.1199951171875
2011-02-28,sp500,1327.219970703125
2011-03-31,sp500,1325.8299560546875
2011-04-30,sp500,1363.6099853515625
2011-05-31,sp500,1345.199951171875
2011-06-30,sp500,1320.6400146484375
2011-07-31,sp500,1292.280029296875
2011-08-31,sp500,1218.8900146484375
2011-09-30,sp500,1131.4200439453125
2011-10-31,sp500,1253.300048828125
2011-11-30,sp500,1246.9599609375
2011-12-31,sp500,1257.5999755859375
2012-01-31,sp500,1312.4100341796875
2012-02-29,sp500,1365.6800537109375
2012-03-31,sp500,1408.469970703125
2012-04-30,sp500,1397.9100341796875
2012-05-31,sp500,1310.3299560546875
2012-06-30,sp500,1362.1600341796875
2012-07-31,sp500,1379.3199462890625
2012-08-31,sp500,1406.5799560546875
2012-09-30,sp500,1440.6700439453125
2012-10-31,sp500,1412.1600341796875
2012-11-30,sp500,1416.1800537109375
2012-12-31,sp500,1426.18994140625
2013-01-31,sp500,1498.1099853515625
2013-02-28,sp500,1514.6800537109375
2013-03-31,sp500,1569.18994140625
2013-04-30,sp500,1597.5699462890625
2013-05-31,sp500,1630.739990234375
2013-06-30,sp500,1606.280029296875
2013-07-31,sp500,1685.72998046875
2013-08-31,sp500,1632.969970703125
2013-09-30,sp500,1681.550048828125
2013-10-31,sp500,1756.5400390625
2013-11-30,sp500,1805.81005859375
2013-12-31,sp500,1848.3599853515625
2014-01-31,sp500,1782.5899658203125
2014-02-28,sp500,1859.449951171875
2014-03-31,sp500,1872.3399658203125
2014-04-30,sp500,1883.949951171875
2014-05-31,sp500,1923.5699462890625
2014-06-30,sp500,1960.22998046875
2014-07-31,sp500,1930.6700439453125
2014-08-31,sp500,2003.3699951171875
2014-09-30,sp500,1972.2900390625
2014-10-31,sp500,2018.050048828125
2014-11-30,sp500,2067.56005859375
2014-12-31,sp500,2058.89990234375
2015-01-31,sp500,1994.989990234375
2015-02-28,sp500,2104.5
2015-03-31,sp500,2067.889892578125
2015-04-30,sp500,2085.510009765625
2015-05-31,sp500,2107.389892578125
2015-06-30,sp500,2063.110107421875
2015-07-31,sp500,2103.840087890625
2015-08-31,sp500,1972.1800537109373
2015-09-30,sp500,1920.030029296875
2015-10-31,sp500,2079.360107421875
2015-11-30,sp500,2080.409912109375
2015-12-31,sp500,2043.93994140625
2016-01-31,sp500,1940.239990234375
2016-02-29,sp500,1932.22998046875
2016-03-31,sp500,2059.739990234375
2016-04-30,sp500,2065.300048828125
2016-05-31,sp500,2096.949951171875
2016-06-30,sp500,2098.860107421875
2016-07-31,sp500,2173.60009765625
2016-08-31,sp500,2170.949951171875
2016-09-30,sp500,2168.27001953125
2016-10-31,sp500,2126.14990234375
2016-11-30,sp500,2198.81005859375
2016-12-31,sp500,2238.830078125
2017-01-31,sp500,2278.8701171875
2017-02-28,sp500,2363.639892578125
2017-03-31,sp500,2362.719970703125
2017-04-30,sp500,2384.199951171875
2017-05-31,sp500,2411.800048828125
2017-06-30,sp500,2423.409912109375
2017-07-31,sp500,2470.300048828125
2017-08-31,sp500,2471.64990234375
2017-09-30,sp500,2519.360107421875
2017-10-31,sp500,2575.260009765625
2017-11-30,sp500,2647.580078125
2017-12-31,sp500,2673.610107421875
2018-01-31,sp500,2823.81005859375
2018-02-28,sp500,2713.830078125
2018-03-31,sp500,2640.8701171875
2018-04-30,sp500,2648.050048828125
2018-05-31,sp500,2705.27001953125
2018-06-30,sp500,2718.3701171875
2018-07-31,sp500,2816.2900390625
2018-08-31,sp500,2901.52001953125
2018-09-30,sp500,2913.97998046875
2018-10-31,sp500,2711.739990234375
2018-11-30,sp500,2760.169921875
2018-12-31,sp500,2506.85009765625
2019-01-31,sp500,2704.10009765625
2019-02-28,sp500,2784.489990234375
2019-03-31,sp500,2834.39990234375
2019-04-30,sp500,2945.830078125
2019-05-31,sp500,2752.06005859375
2019-06-30,sp500,2941.760009765625
2019-07-31,sp500,2980.3798828125
2019-08-31,sp500,2926.4599609375
2019-09-30,sp500,2976.739990234375
2019-10-31,sp500,3037.56005859375
2019-11-30,sp500,3140.97998046875
2019-12-31,sp500,3230.780029296875
2020-01-31,sp500,3225.52001953125
2020-02-29,sp500,2954.219970703125
2020-03-31,sp500,2584.590087890625
2020-04-30,sp500,2912.429931640625
2020-05-31,sp500,3044.31005859375
2020-06-30,sp500,3100.2900390625
2020-07-31,sp500,3271.1201171875
2020-08-31,sp500,3500.31005859375
2020-09-30,sp500,3363.0
2020-10-31,sp500,3269.9599609375
2020-11-30,sp500,3621.6298828125
2020-12-31,sp500,3756.070068359375
2021-01-31,sp500,3714.239990234375
2021-02-28,sp500,3811.14990234375
2021-03-31,sp500,3972.889892578125
2021-04-30,sp500,4181.169921875
2021-05-31,sp500,4204.10986328125
2021-06-30,sp500,4297.5
2021-07-31,sp500,4395.259765625
2021-08-31,sp500,4522.68017578125
2021-09-30,sp500,4307.5400390625
2021-10-31,sp500,4605.3798828125
2021-11-30,sp500,4567.0
2021-12-31,sp500,4766.18017578125
2022-01-31,sp500,4515.5498046875
2022-02-28,sp500,4373.93994140625
2022-03-31,sp500,4530.41015625
2022-04-30,sp500,4131.93017578125
2022-05-31,sp500,4132.14990234375
2022-06-30,sp500,3785.3798828125
2022-07-31,sp500,4130.2900390625
2022-08-31,sp500,3955.0
2022-09-30,sp500,3585.6201171875
2022-10-31,sp500,3871.97998046875
2022-11-30,sp500,4080.110107421875
2022-12-31,sp500,3839.5
2023-01-31,sp500,4076.60009765625
2023-02-28,sp500,3970.14990234375
2023-03-31,sp500,4109.31005859375
2023-04-30,sp500,4169.47998046875
2023-05-31,sp500,4179.830078125
2023-06-30,sp500,4450.3798828125
2023-07-31,sp500,4588.9599609375
2023-08-31,sp500,4507.66015625
2023-09-30,sp500,4288.0498046875
2023-10-31,sp500,4193.7998046875
2023-11-30,sp500,4567.7998046875
2023-12-31,sp500,4769.830078125
2024-01-31,sp500,4845.64990234375
2024-02-29,sp500,5096.27001953125
2024-03-31,sp500,5254.35009765625
2024-04-30,sp500,5035.68994140625
2024-05-31,sp500,5277.509765625
2024-06-30,sp500,5460.47998046875
2024-07-31,sp500,5522.2998046875
2024-08-31,sp500,5648.39990234375
2024-09-30,sp500,5762.47998046875
2024-10-31,sp500,5705.4501953125
2024-11-30,sp500,6032.3798828125
2024-12-31,sp500,5881.6298828125
2025-01-31,sp500,6040.52978515625
2025-02-28,sp500,5954.5
2025-03-31,sp500,5611.85009765625
2025-04-30,sp500,5569.06005859375
2025-05-31,sp500,5911.68994140625
2025-06-30,sp500,6204.9501953125
2025-07-31,sp500,6339.39013671875
2025-08-31,sp500,6460.259765625
2025-09-30,sp500,6688.4599609375
2025-10-31,sp500,6840.2001953125
2025-11-30,sp500,6849.08984375
2025-12-31,sp500,6845.5
2026-01-31,sp500,6939.02978515625
2026-02-28,sp500,6878.8798828125
2026-03-31,sp500,6528.52001953125
2026-04-30,sp500,7209.009765625
2026-05-31,sp500,7520.35986328125
1987-12-31,sti,823.2000122070312
1988-01-31,sti,908.9000244140624
1988-02-29,sti,888.7999877929688
1988-03-31,sti,925.7999877929688
1988-04-30,sti,965.4000244140624
1988-05-31,sti,999.2999877929688
1988-06-30,sti,1093.199951171875
1988-07-31,sti,1143.4000244140625
1988-08-31,sti,1036.5999755859375
1988-09-30,sti,1035.0
1988-10-31,sti,1039.300048828125
1988-11-30,sti,1005.5
1988-12-31,sti,1038.5999755859375
1989-01-31,sti,1133.300048828125
1989-02-28,sti,1108.300048828125
1989-03-31,sti,1189.800048828125
1989-04-30,sti,1259.4000244140625
1989-05-31,sti,1279.199951171875
1989-06-30,sti,1307.699951171875
1989-07-31,sti,1372.300048828125
1989-08-31,sti,1356.0
1989-09-30,sti,1375.300048828125
1989-10-31,sti,1332.4000244140625
1989-11-30,sti,1411.300048828125
1989-12-31,sti,1481.300048828125
1990-01-31,sti,1515.0
1990-02-28,sti,1550.0999755859375
1990-03-31,sti,1581.0999755859375
1990-04-30,sti,1458.4000244140625
1990-05-31,sti,1553.5999755859375
1990-06-30,sti,1527.0
1990-07-31,sti,1554.800048828125
1990-08-31,sti,1277.9000244140625
1990-09-30,sti,1098.699951171875
1990-10-31,sti,1154.0
1990-11-30,sti,1106.5999755859375
1990-12-31,sti,1154.800048828125
1991-01-31,sti,1267.300048828125
1991-02-28,sti,1459.5999755859375
1991-03-31,sti,1490.800048828125
1991-04-30,sti,1553.9000244140625
1991-05-31,sti,1554.199951171875
1991-06-30,sti,1489.9000244140625
1991-07-31,sti,1482.9000244140625
1991-08-31,sti,1432.199951171875
1991-09-30,sti,1360.5999755859375
1991-10-31,sti,1407.0999755859375
1991-11-30,sti,1453.199951171875
1991-12-31,sti,1477.0
1992-01-31,sti,1529.699951171875
1992-02-29,sti,1477.4000244140625
1992-03-31,sti,1414.300048828125
1992-04-30,sti,1466.0
1992-05-31,sti,1524.699951171875
1992-06-30,sti,1481.0999755859375
1992-07-31,sti,1451.800048828125
1992-08-31,sti,1378.5
1992-09-30,sti,1351.0
1992-10-31,sti,1387.0
1992-11-30,sti,1469.0999755859375
1992-12-31,sti,1524.4000244140625
1993-01-31,sti,1620.199951171875
1993-02-28,sti,1664.5
1993-03-31,sti,1668.300048828125
1993-04-30,sti,1783.5999755859375
1993-05-31,sti,1894.4000244140625
1993-06-30,sti,1802.800048828125
1993-07-31,sti,1809.0
1993-08-31,sti,2008.699951171875
1993-09-30,sti,2009.0
1993-10-31,sti,2102.5
1993-11-30,sti,2096.10009765625
1993-12-31,sti,2425.699951171875
1994-01-31,sti,2339.10009765625
1994-02-28,sti,2342.699951171875
1994-03-31,sti,2080.89990234375
1994-04-30,sti,2296.199951171875
1994-05-31,sti,2281.699951171875
1994-06-30,sti,2224.89990234375
1994-07-31,sti,2206.39990234375
1994-08-31,sti,2312.699951171875
1994-09-30,sti,2332.60009765625
1994-10-31,sti,2379.0
1994-11-30,sti,2242.10009765625
1994-12-31,sti,2239.60009765625
1995-01-31,sti,2083.39990234375
1995-02-28,sti,2126.699951171875
1995-03-31,sti,2093.10009765625
1995-04-30,sti,2071.300048828125
1995-05-31,sti,2178.39990234375
1995-06-30,sti,2093.199951171875
1995-07-31,sti,2156.39990234375
1995-08-31,sti,2146.60009765625
1995-09-30,sti,2120.0
1995-10-31,sti,2107.39990234375
1995-11-30,sti,2128.10009765625
1995-12-31,sti,2266.5
1996-01-31,sti,2449.199951171875
1996-02-29,sti,2438.5
1996-03-31,sti,2387.300048828125
1996-04-30,sti,2415.699951171875
1996-05-31,sti,2332.89990234375
1996-06-30,sti,2296.199951171875
1996-07-31,sti,2111.800048828125
1996-08-31,sti,2153.5
1996-09-30,sti,2177.199951171875
1996-10-31,sti,2083.199951171875
1996-11-30,sti,2188.10009765625
1996-12-31,sti,2216.800048828125
1997-01-31,sti,2216.5
1997-02-28,sti,2195.699951171875
1997-03-31,sti,2073.0
1997-04-30,sti,2004.300048828125
1997-05-31,sti,2065.5
1997-06-30,sti,1988.0
1997-07-31,sti,1967.0999755859373
1997-08-31,sti,1805.5999755859373
1997-09-30,sti,1954.699951171875
1997-10-31,sti,1586.0999755859375
1997-11-30,sti,1660.5999755859375
1997-12-31,sti,1529.800048828125
1998-01-31,sti,1259.9000244140625
1998-02-28,sti,1615.4000244140625
1998-03-31,sti,1629.199951171875
1998-04-30,sti,1493.4000244140625
1998-05-31,sti,1254.9300537109375
1998-06-30,sti,1066.6600341796875
1998-07-31,sti,1064.199951171875
1998-08-31,sti,856.4299926757812
1998-09-30,sti,939.6500244140624
1998-10-31,sti,1204.6199951171875
1998-11-30,sti,1416.550048828125
1998-12-31,sti,1392.72998046875
1999-01-31,sti,1428.1400146484375
1999-02-28,sti,1411.9100341796875
1999-03-31,sti,1518.31005859375
1999-04-30,sti,1886.18994140625
1999-05-31,sti,1903.8599853515625
1999-06-30,sti,2167.699951171875
1999-07-31,sti,2145.77001953125
1999-08-31,sti,2117.169921875
1999-09-30,sti,2021.9300537109373
1999-10-31,sti,2047.1500244140625
1999-11-30,sti,2237.1298828125
1999-12-31,sti,2479.580078125
2000-01-31,sti,2230.280029296875
2000-02-29,sti,2120.5
2000-03-31,sti,2132.590087890625
2000-04-30,sti,2164.110107421875
2000-05-31,sti,1795.1300048828125
2000-06-30,sti,2037.969970703125
2000-07-31,sti,2051.2099609375
2000-08-31,sti,2147.77001953125
2000-09-30,sti,1997.030029296875
2000-10-31,sti,1976.5400390625
2000-11-30,sti,1952.22998046875
2000-12-31,sti,1926.8299560546875
2001-01-31,sti,1991.2900390625
2001-02-28,sti,1947.4000244140625
2001-03-31,sti,1674.18994140625
2001-04-30,sti,1722.719970703125
2001-05-31,sti,1657.050048828125
2001-06-30,sti,1726.5
2001-07-31,sti,1666.030029296875
2001-08-31,sti,1619.1199951171875
2001-09-30,sti,1319.530029296875
2001-10-31,sti,1367.8399658203125
2001-11-30,sti,1478.5400390625
2001-12-31,sti,1623.5999755859375
2002-01-31,sti,1786.8900146484375
2002-02-28,sti,1715.5799560546875
2002-03-31,sti,1803.219970703125
2002-04-30,sti,1725.3699951171875
2002-05-31,sti,1671.8399658203125
2002-06-30,sti,1552.97998046875
2002-07-31,sti,1508.3599853515625
2002-08-31,sti,1488.5
2002-09-30,sti,1352.300048828125
2002-10-31,sti,1463.3699951171875
2002-11-30,sti,1391.530029296875
2002-12-31,sti,1341.030029296875
2003-01-31,sti,1291.43994140625
2003-02-28,sti,1273.8499755859375
2003-03-31,sti,1267.8199462890625
2003-04-30,sti,1281.3299560546875
2003-05-31,sti,1349.0
2003-06-30,sti,1447.8900146484375
2003-07-31,sti,1558.8699951171875
2003-08-31,sti,1599.25
2003-09-30,sti,1630.800048828125
2003-10-31,sti,1723.7099609375
2003-11-30,sti,1714.0
2003-12-31,sti,1764.52001953125
2004-01-31,sti,1848.3599853515625
2004-02-29,sti,1888.6300048828125
2004-03-31,sti,1858.9200439453125
2004-04-30,sti,1842.030029296875
2004-05-31,sti,1788.6600341796875
2004-06-30,sti,1838.0
2004-07-31,sti,1891.7099609375
2004-08-31,sti,1918.3399658203125
2004-09-30,sti,1984.739990234375
2004-10-31,sti,1980.68994140625
2004-11-30,sti,2027.6600341796875
2004-12-31,sti,2066.139892578125
2005-01-31,sti,2096.320068359375
2005-02-28,sti,2119.39990234375
2005-03-31,sti,2141.429931640625
2005-04-30,sti,2125.25
2005-05-31,sti,2161.77001953125
2005-06-30,sti,2212.659912109375
2005-07-31,sti,2352.56005859375
2005-08-31,sti,2275.429931640625
2005-09-30,sti,2305.139892578125
2005-10-31,sti,2216.77001953125
2005-11-30,sti,2300.25
2005-12-31,sti,2347.340087890625
2006-01-31,sti,2412.080078125
2006-02-28,sti,2481.9599609375
2006-03-31,sti,2533.39990234375
2006-04-30,sti,2610.7099609375
2006-05-31,sti,2383.8701171875
2006-06-30,sti,2435.389892578125
2006-07-31,sti,2445.429931640625
2006-08-31,sti,2482.389892578125
2006-09-30,sti,2568.860107421875
2006-10-31,sti,2701.75
2006-11-30,sti,2838.530029296875
2006-12-31,sti,2985.830078125
2007-01-31,sti,3125.56005859375
2007-02-28,sti,3104.14990234375
2007-03-31,sti,3231.239990234375
2007-04-30,sti,3361.2900390625
2007-05-31,sti,3511.1298828125
2007-06-30,sti,3548.199951171875
2007-07-31,sti,3547.659912109375
2007-08-31,sti,3392.909912109375
2007-09-30,sti,3706.22998046875
2007-10-31,sti,3805.699951171875
2007-11-30,sti,3521.27001953125
2007-12-31,sti,3482.300048828125
2008-01-31,sti,2981.75
2008-02-29,sti,3026.449951171875
2008-03-31,sti,3007.360107421875
2008-04-30,sti,3147.7900390625
2008-05-31,sti,3192.6201171875
2008-06-30,sti,2947.5400390625
2008-07-31,sti,2929.64990234375
2008-08-31,sti,2739.949951171875
2008-09-30,sti,2358.909912109375
2008-10-31,sti,1794.199951171875
2008-11-30,sti,1732.5699462890625
2008-12-31,sti,1761.56005859375
2009-01-31,sti,1746.469970703125
2009-02-28,sti,1594.8699951171875
2009-03-31,sti,1699.989990234375
2009-04-30,sti,1920.280029296875
2009-05-31,sti,2329.080078125
2009-06-30,sti,2333.139892578125
2009-07-31,sti,2659.199951171875
2009-08-31,sti,2592.89990234375
2009-09-30,sti,2672.570068359375
2009-10-31,sti,2651.1298828125
2009-11-30,sti,2732.1201171875
2009-12-31,sti,2879.760009765625
2010-01-31,sti,2745.35009765625
2010-02-28,sti,2750.860107421875
2010-03-31,sti,2887.4599609375
2010-04-30,sti,2974.610107421875
2010-05-31,sti,2752.60009765625
2010-06-30,sti,2835.510009765625
2010-07-31,sti,2987.699951171875
2010-08-31,sti,2950.330078125
2010-09-30,sti,3097.6298828125
2010-10-31,sti,3142.6201171875
2010-11-30,sti,3144.699951171875
2010-12-31,sti,3190.0400390625
2011-01-31,sti,3179.719970703125
2011-02-28,sti,3010.510009765625
2011-03-31,sti,3105.85009765625
2011-04-30,sti,3172.72998046875
2011-05-31,sti,3159.929931640625
2011-06-30,sti,3120.43994140625
2011-07-31,sti,3189.260009765625
2011-08-31,sti,2885.260009765625
2011-09-30,sti,2675.159912109375
2011-10-31,sti,2855.77001953125
2011-11-30,sti,2702.4599609375
2011-12-31,sti,2646.35009765625
2012-01-31,sti,2906.68994140625
2012-02-29,sti,2994.06005859375
2012-03-31,sti,3010.4599609375
2012-04-30,sti,2978.570068359375
2012-05-31,sti,2772.5400390625
2012-06-30,sti,2878.449951171875
2012-07-31,sti,3036.39990234375
2012-08-31,sti,3025.4599609375
2012-09-30,sti,3060.340087890625
2012-10-31,sti,3038.3701171875
2012-11-30,sti,3069.949951171875
2012-12-31,sti,3167.080078125
2013-01-31,sti,3282.659912109375
2013-02-28,sti,3269.949951171875
2013-03-31,sti,3308.10009765625
2013-04-30,sti,3368.179931640625
2013-05-31,sti,3311.3701171875
2013-06-30,sti,3150.43994140625
2013-07-31,sti,3221.929931640625
2013-08-31,sti,3028.93994140625
2013-09-30,sti,3167.8701171875
2013-10-31,sti,3210.669921875
2013-11-30,sti,3176.35009765625
2013-12-31,sti,3167.429931640625
2014-01-31,sti,3027.219970703125
2014-02-28,sti,3110.780029296875
2014-03-31,sti,3188.6201171875
2014-04-30,sti,3264.7099609375
2014-05-31,sti,3295.85009765625
2014-06-30,sti,3255.669921875
2014-07-31,sti,3374.06005859375
2014-08-31,sti,3327.090087890625
2014-09-30,sti,3276.739990234375
2014-10-31,sti,3274.25
2014-11-30,sti,3350.5
2014-12-31,sti,3365.14990234375
2015-01-31,sti,3391.199951171875
2015-02-28,sti,3402.860107421875
2015-03-31,sti,3447.010009765625
2015-04-30,sti,3487.389892578125
2015-05-31,sti,3392.110107421875
2015-06-30,sti,3317.330078125
2015-07-31,sti,3202.5
2015-08-31,sti,2921.43994140625
2015-09-30,sti,2790.889892578125
2015-10-31,sti,2998.35009765625
2015-11-30,sti,2855.93994140625
2015-12-31,sti,2882.72998046875
2016-01-31,sti,2629.110107421875
2016-02-29,sti,2666.510009765625
2016-03-31,sti,2840.89990234375
2016-04-30,sti,2838.52001953125
2016-05-31,sti,2791.06005859375
2016-06-30,sti,2840.929931640625
2016-07-31,sti,2868.68994140625
2016-08-31,sti,2820.590087890625
2016-09-30,sti,2869.469970703125
2016-10-31,sti,2813.8701171875
2016-11-30,sti,2905.169921875
2016-12-31,sti,2880.760009765625
2017-01-31,sti,3046.800048828125
2017-02-28,sti,3096.610107421875
2017-03-31,sti,3175.110107421875
2017-04-30,sti,3175.43994140625
2017-05-31,sti,3210.820068359375
2017-06-30,sti,3226.47998046875
2017-07-31,sti,3329.52001953125
2017-08-31,sti,3277.260009765625
2017-09-30,sti,3219.909912109375
2017-10-31,sti,3374.080078125
2017-11-30,sti,3433.5400390625
2017-12-31,sti,3402.919921875
2018-01-31,sti,3533.989990234375
2018-02-28,sti,3517.93994140625
2018-03-31,sti,3427.969970703125
2018-04-30,sti,3613.929931640625
2018-05-31,sti,3428.179931640625
2018-06-30,sti,3268.699951171875
2018-07-31,sti,3319.85009765625
2018-08-31,sti,3213.47998046875
2018-09-30,sti,3257.050048828125
2018-10-31,sti,3018.800048828125
2018-11-30,sti,3117.610107421875
2018-12-31,sti,3068.760009765625
2019-01-31,sti,3190.169921875
2019-02-28,sti,3212.68994140625
2019-03-31,sti,3212.8798828125
2019-04-30,sti,3400.199951171875
2019-05-31,sti,3117.760009765625
2019-06-30,sti,3321.610107421875
2019-07-31,sti,3300.75
2019-08-31,sti,3106.52001953125
2019-09-30,sti,3119.989990234375
2019-10-31,sti,3229.8798828125
2019-11-30,sti,3193.919921875
2019-12-31,sti,3222.830078125
2020-01-31,sti,3153.72998046875
2020-02-29,sti,3011.080078125
2020-03-31,sti,2481.22998046875
2020-04-30,sti,2624.22998046875
2020-05-31,sti,2510.75
2020-06-30,sti,2589.909912109375
2020-07-31,sti,2529.820068359375
2020-08-31,sti,2532.510009765625
2020-09-30,sti,2466.6201171875
2020-10-31,sti,2423.840087890625
2020-11-30,sti,2805.949951171875
2020-12-31,sti,2843.81005859375
2021-01-31,sti,2902.52001953125
2021-02-28,sti,2949.0400390625
2021-03-31,sti,3165.340087890625
2021-04-30,sti,3218.27001953125
2021-05-31,sti,3164.280029296875
2021-06-30,sti,3130.4599609375
2021-07-31,sti,3166.93994140625
2021-08-31,sti,3055.050048828125
2021-09-30,sti,3086.699951171875
2021-10-31,sti,3198.169921875
2021-11-30,sti,3041.2900390625
2021-12-31,sti,3123.679931640625
2022-01-31,sti,3249.590087890625
2022-02-28,sti,3242.239990234375
2022-03-31,sti,3408.52001953125
2022-04-30,sti,3356.89990234375
2022-05-31,sti,3232.489990234375
2022-06-30,sti,3102.2099609375
2022-07-31,sti,3211.56005859375
2022-08-31,sti,3221.669921875
2022-09-30,sti,3130.239990234375
2022-10-31,sti,3093.110107421875
2022-11-30,sti,3290.489990234375
2022-12-31,sti,3251.320068359375
2023-01-31,sti,3365.669921875
2023-02-28,sti,3262.6298828125
2023-03-31,sti,3258.89990234375
2023-04-30,sti,3270.510009765625
2023-05-31,sti,3158.800048828125
2023-06-30,sti,3205.909912109375
2023-07-31,sti,3373.97998046875
2023-08-31,sti,3233.300048828125
2023-09-30,sti,3217.409912109375
2023-10-31,sti,3067.739990234375
2023-11-30,sti,3072.989990234375
2023-12-31,sti,3240.27001953125
2024-01-31,sti,3153.010009765625
2024-02-29,sti,3141.85009765625
2024-03-31,sti,3224.010009765625
2024-04-30,sti,3292.68994140625
2024-05-31,sti,3336.590087890625
2024-06-30,sti,3332.800048828125
2024-07-31,sti,3455.93994140625
2024-08-31,sti,3442.929931640625
2024-09-30,sti,3585.2900390625
2024-10-31,sti,3558.8798828125
2024-11-30,sti,3739.2900390625
2024-12-31,sti,3787.60009765625
2025-01-31,sti,3855.820068359375
2025-02-28,sti,3895.699951171875
2025-03-31,sti,3972.429931640625
2025-04-30,sti,3832.510009765625
2025-05-31,sti,3894.610107421875
2025-06-30,sti,3964.2900390625
2025-07-31,sti,4173.77001953125
2025-08-31,sti,4269.7001953125
2025-09-30,sti,4300.16015625
2025-10-31,sti,4428.6201171875
2025-11-30,sti,4523.9599609375
2025-12-31,sti,4646.2099609375
2026-01-31,sti,4905.1298828125
2026-02-28,sti,4995.06982421875
2026-03-31,sti,4885.4501953125
2026-04-30,sti,4912.68994140625
2026-05-31,sti,4989.18994140625
1997-08-31,szse,4398.6806640625
1997-09-30,szse,3916.916015625
1997-10-31,szse,4523.26953125
1997-11-30,szse,4268.4423828125
1997-12-31,szse,4184.79296875
1998-01-31,szse,4165.23291015625
1998-02-28,szse,4081.64404296875
1998-03-31,szse,4063.24462890625
1998-04-30,szse,4180.9033203125
1998-05-31,szse,4185.02294921875
1998-06-30,szse,3737.09814453125
1998-07-31,szse,3743.968017578125
1998-08-31,szse,3255.463623046875
1998-09-30,szse,3283.333251953125
1998-10-31,szse,3112.505126953125
1998-11-30,szse,3201.26416015625
1998-12-31,szse,2949.286865234375
1999-01-31,szse,2920.357177734375
1999-02-28,szse,2755.269287109375
1999-03-31,szse,2872.11767578125
1999-04-30,szse,2793.4287109375
1999-05-31,szse,3270.3134765625
1999-06-30,szse,4702.71728515625
1999-07-31,szse,4045.304931640625
1999-08-31,szse,4154.15380859375
1999-09-30,szse,3967.795654296875
1999-10-31,szse,3741.96826171875
1999-11-30,szse,3533.9404296875
1999-12-31,szse,3369.572509765625
2000-01-31,szse,3952.365478515625
2000-02-29,szse,4484.10986328125
2000-03-31,szse,4532.25927734375
2000-04-30,szse,4683.1171875
2000-05-31,szse,4643.1083984375
2000-06-30,szse,4830.61572265625
2000-07-31,szse,4894.0751953125
2000-08-31,szse,4826.24560546875
2000-09-30,szse,4523.60986328125
2000-10-31,szse,4573.1689453125
2000-11-30,szse,4831.3056640625
2000-12-31,szse,4752.69677734375
2001-01-31,szse,4743.31689453125
2001-02-28,szse,4453.09033203125
2001-03-31,szse,4965.9345703125
2001-04-30,szse,4802.53564453125
2001-05-31,szse,4857.416015625
2001-06-30,szse,4716.84716796875
2001-07-31,szse,4058.964599609375
2001-08-31,szse,3860.1767578125
2001-09-30,szse,3498.5908203125
2001-10-31,szse,3438.49169921875
2001-11-30,szse,3513.71044921875
2001-12-31,szse,3325.62255859375
2002-01-31,szse,2982.66650390625
2002-02-28,szse,3029.4560546875
2002-03-31,szse,3173.8642578125
2002-04-30,szse,3253.423583984375
2002-05-31,szse,3036.966064453125
2002-06-30,szse,3551.290283203125
2002-07-31,szse,3405.661865234375
2002-08-31,szse,3436.8017578125
2002-09-30,szse,3243.8935546875
2002-10-31,szse,3036.14599609375
2002-11-30,szse,2920.687255859375
2002-12-31,szse,2759.269287109375
2003-01-31,szse,3051.185791015625
2003-02-28,szse,3057.205810546875
2003-03-31,szse,3101.825439453125
2003-04-30,szse,3260.71337890625
2003-05-31,szse,3503.65087890625
2003-06-30,szse,3224.77392578125
2003-07-31,szse,3318.3828125
2003-08-31,szse,3192.33447265625
2003-09-30,szse,3054.86572265625
2003-10-31,szse,3167.3046875
2003-11-30,szse,3267.9033203125
2003-12-31,szse,3479.760986328125
2004-01-31,szse,3716.828369140625
2004-02-29,szse,3919.8759765625
2004-03-31,szse,4060.094482421875
2004-04-30,szse,3613.12939453125
2004-05-31,szse,3577.609619140625
2004-06-30,szse,3275.813232421875
2004-07-31,szse,3283.333251953125
2004-08-31,szse,3175.75439453125
2004-09-30,szse,3453.87109375
2004-10-31,szse,3216.31396484375
2004-11-30,szse,3225.973876953125
2004-12-31,szse,3067.535888671875
2005-01-31,szse,3045.44580078125
2005-02-28,szse,3376.2822265625
2005-03-31,szse,3170.314697265625
2005-04-30,szse,3156.634521484375
2005-05-31,szse,2801.628662109375
2005-06-30,szse,2760.19921875
2005-07-31,szse,2887.53759765625
2005-08-31,szse,2950.396728515625
2005-09-30,szse,2903.07763671875
2005-10-31,szse,2662.26025390625
2005-11-30,szse,2676.820068359375
2005-12-31,szse,2863.578125
2006-01-31,szse,3242.313720703125
2006-02-28,szse,3351.602294921875
2006-03-31,szse,3516.3603515625
2006-04-30,szse,3848.056884765625
2006-05-31,szse,4292.0517578125
2006-06-30,szse,4301.61181640625
2006-07-31,szse,3946.85546875
2006-08-31,szse,4178.79296875
2006-09-30,szse,4326.7314453125
2006-10-31,szse,4621.92822265625
2006-11-30,szse,5666.9365234375
2006-12-31,szse,6647.0654296875
2007-01-31,szse,7632.8544921875
2007-02-28,szse,8039.60986328125
2007-03-31,szse,8549.1044921875
2007-04-30,szse,10865.7578125
2007-05-31,szse,12944.0859375
2007-06-30,szse,12546.3095703125
2007-07-31,szse,15199.3896484375
2007-08-31,szse,17871.908203125
2007-09-30,szse,18864.33984375
2007-10-31,szse,19530.931640625
2007-11-30,szse,15637.4853515625
2007-12-31,szse,17700.419921875
2008-01-31,szse,15857.5322265625
2008-02-29,szse,15823.7021484375
2008-03-31,szse,13301.990234375
2008-04-30,szse,13504.73828125
2008-05-31,szse,12048.1044921875
2008-06-30,szse,9370.6748046875
2008-07-31,szse,9470.2236328125
2008-08-31,szse,8004.15087890625
2008-09-30,szse,7559.18505859375
2008-10-31,szse,5839.2646484375
2008-11-30,szse,6658.43505859375
2008-12-31,szse,6485.43701171875
2009-01-31,szse,7015.16162109375
2009-02-28,szse,7608.13525390625
2009-03-31,szse,8981.849609375
2009-04-30,szse,9502.4130859375
2009-05-31,szse,10127.806640625
2009-06-30,szse,11566.48046875
2009-07-31,szse,13670.56640625
2009-08-31,szse,10584.970703125
2009-09-30,szse,11206.724609375
2009-10-31,szse,12297.021484375
2009-11-30,szse,13486.619140625
2009-12-31,szse,13699.81640625
2010-01-31,szse,12137.064453125
2010-02-28,szse,12436.5205078125
2010-03-31,szse,12494.2099609375
2010-04-30,szse,11162.4150390625
2010-05-31,szse,10204.0556640625
2010-06-30,szse,9386.8349609375
2010-07-31,szse,10785.2294921875
2010-08-31,szse,11338.5830078125
2010-09-30,szse,11468.412109375
2010-10-31,szse,13367.08984375
2010-11-30,szse,12336.1513671875
2010-12-31,szse,12458.41015625
2011-01-31,szse,11994.5458984375
2011-02-28,szse,12902.2958984375
2011-03-31,szse,12562.7587890625
2011-04-30,szse,12312.8515625
2011-05-31,szse,11665.0087890625
2011-06-30,szse,12110.7939453125
2011-07-31,szse,11990.2958984375
2011-08-31,szse,11397.3525390625
2011-09-30,szse,10292.21484375
2011-10-31,szse,10480.79296875
2011-11-30,szse,9693.28125
2011-12-31,szse,8918.720703125
2012-01-31,szse,9303.546875
2012-02-29,szse,10054.7265625
2012-03-31,szse,9410.154296875
2012-04-30,szse,10180.275390625
2012-05-31,szse,10141.2958984375
2012-06-30,szse,9500.2138671875
2012-07-31,szse,9059.119140625
2012-08-31,szse,8210.8984375
2012-09-30,szse,8679.1220703125
2012-10-31,szse,8469.705078125
2012-11-30,szse,7903.1611328125
2012-12-31,szse,9116.3779296875
2013-01-31,szse,9667.5615234375
2013-02-28,szse,9641.33203125
2013-03-31,szse,8889.669921875
2013-04-30,szse,8691.2919921875
2013-05-31,szse,9257.8466796875
2013-06-30,szse,7694.3837890625
2013-07-31,szse,7765.3125
2013-08-31,szse,8202.388671875
2013-09-30,szse,8514.4755859375
2013-10-31,szse,8444.3154296875
2013-11-30,szse,8542.5146484375
2013-12-31,szse,8121.69921875
2014-01-31,szse,7572.544921875
2014-02-28,szse,7365.84765625
2014-03-31,szse,7189.49951171875
2014-04-30,szse,7312.77783203125
2014-05-31,szse,7364.74755859375
2014-06-30,szse,7343.19775390625
2014-07-31,szse,7956.8212890625
2014-08-31,szse,7841.6123046875
2014-09-30,szse,8080.259765625
2014-10-31,szse,8225.5185546875
2014-11-30,szse,9002.1298828125
2014-12-31,szse,11014.4970703125
2015-01-31,szse,11150.5654296875
2015-02-28,szse,11757.5478515625
2015-03-31,szse,13160.5126953125
2015-04-30,szse,14818.4736328125
2015-05-31,szse,16100.26953125
2015-06-30,szse,14337.80859375
2015-07-31,szse,12374.111328125
2015-08-31,szse,10549.0419921875
2015-09-30,szse,9988.138671875
2015-10-31,szse,11545.919921875
2015-11-30,szse,12037.7255859375
2015-12-31,szse,12664.748046875
2016-01-31,szse,9418.0947265625
2016-02-29,szse,9097.2578125
2016-03-31,szse,10455.2529296875
2016-04-30,szse,10141.42578125
2016-05-31,szse,10159.8154296875
2016-06-30,szse,10489.873046875
2016-07-31,szse,10329.32421875
2016-08-31,szse,10757.759765625
2016-09-30,szse,10567.4609375
2016-10-31,szse,10704.1796875
2016-11-30,szse,11012.0673828125
2016-12-31,szse,10177.025390625
2017-01-31,szse,10051.9375
2017-02-28,szse,10391.2236328125
2017-03-31,szse,10428.6025390625
2017-04-30,szse,10234.5361328125
2017-05-31,szse,9864.7294921875
2017-06-30,szse,10529.4931640625
2017-07-31,szse,10504.9228515625
2017-08-31,szse,10816.517578125
2017-09-30,szse,11087.146484375
2017-10-31,szse,11367.5751953125
2017-11-30,szse,10944.056640625
2017-12-31,szse,11040.4072265625
2018-01-31,szse,11159.6357421875
2018-02-28,szse,10828.6875
2018-03-31,szse,10868.607421875
2018-04-30,szse,10324.4287109375
2018-05-31,szse,10295.6904296875
2018-06-30,szse,9379.4326171875
2018-07-31,szse,9178.744140625
2018-08-31,szse,8465.4365234375
2018-09-30,szse,8401.056640625
2018-10-31,szse,7482.80078125
2018-11-30,szse,7681.7197265625
2018-12-31,szse,7239.7900390625
2019-01-31,szse,7479.22021484375
2019-02-28,szse,9031.9296875
2019-03-31,szse,9906.8603515625
2019-04-30,szse,9780.8203125
2019-05-31,szse,8922.6904296875
2019-06-30,szse,9178.3095703125
2019-07-31,szse,9326.6103515625
2019-08-31,szse,9365.6796875
2019-09-30,szse,9446.240234375
2019-10-31,szse,9635.330078125
2019-11-30,szse,9582.16015625
2019-12-31,szse,10430.76953125
2020-01-31,szse,10681.900390625
2020-02-29,szse,10980.76953125
2020-03-31,szse,9962.2998046875
2020-04-30,szse,10721.7802734375
2020-05-31,szse,10746.080078125
2020-06-30,szse,11992.349609375
2020-07-31,szse,13637.8798828125
2020-08-31,szse,13758.23046875
2020-09-30,szse,12907.4501953125
2020-10-31,szse,13236.599609375
2020-11-30,szse,13670.1103515625
2020-12-31,szse,14470.6796875
2021-01-31,szse,14821.990234375
2021-02-28,szse,14507.4501953125
2021-03-31,szse,13778.669921875
2021-04-30,szse,14438.5703125
2021-05-31,szse,14996.3798828125
2021-06-30,szse,15161.7001953125
2021-07-31,szse,14473.2099609375
2021-08-31,szse,14328.3798828125
2021-09-30,szse,14309.009765625
2021-10-31,szse,14451.3798828125
2021-11-30,szse,14795.73046875
2021-12-31,szse,14857.349609375
2022-01-31,szse,13328.0595703125
2022-02-28,szse,13455.73046875
2022-03-31,szse,12118.25
2022-04-30,szse,11021.4404296875
2022-05-31,szse,11527.6201171875
2022-06-30,szse,12896.2001953125
2022-07-31,szse,12266.919921875
2022-08-31,szse,11815.7900390625
2022-09-30,szse,10778.6103515625
2022-10-31,szse,10397.0400390625
2022-11-30,szse,11108.5
2022-12-31,szse,11015.990234375
2023-01-31,szse,12001.259765625
2023-02-28,szse,11783.7998046875
2023-03-31,szse,11726.400390625
2023-04-30,szse,11338.669921875
2023-05-31,szse,10793.849609375
2023-06-30,szse,11026.58984375
2023-07-31,szse,11183.91015625
2023-08-31,szse,10418.2099609375
2023-09-30,szse,10109.5302734375
2023-10-31,szse,9863.7998046875
2023-11-30,szse,9726.919921875
2023-12-31,szse,9524.6904296875
2024-01-31,szse,8212.83984375
2024-02-29,szse,9330.4404296875
2024-03-31,szse,9400.849609375
2024-04-30,szse,9587.1201171875
2024-05-31,szse,9364.3798828125
2024-06-30,szse,8848.7001953125
2024-07-31,szse,8754.08984375
2024-08-31,szse,8348.48046875
2024-09-30,szse,10529.759765625
2024-10-31,szse,10591.2197265625
2024-11-30,szse,10611.7197265625
2024-12-31,szse,10414.6103515625
2025-01-31,szse,10156.0703125
2025-02-28,szse,10611.240234375
2025-03-31,szse,10504.330078125
2025-04-30,szse,9899.8203125
2025-05-31,szse,10040.6298828125
2025-06-30,szse,10465.1201171875
2025-07-31,szse,11009.76953125
2025-08-31,szse,12696.150390625
2025-09-30,szse,13526.509765625
2025-10-31,szse,13378.2099609375
2025-11-30,szse,12984.080078125
2025-12-31,szse,13525.01953125
2026-01-31,szse,14205.8896484375
2026-02-28,szse,14495.08984375
2026-03-31,szse,13478.0595703125
2026-04-30,szse,15107.5498046875
2026-05-31,szse,15575.1298828125
1992-10-31,ta125,183.67999267578125
1992-11-30,ta125,184.5500030517578
1992-12-31,ta125,195.9600067138672
1993-01-31,ta125,202.5599975585937
1993-02-28,ta125,194.17999267578125
1993-03-31,ta125,206.4900054931641
1993-04-30,ta125,205.8099975585937
1993-05-31,ta125,203.33999633789065
1993-06-30,ta125,198.22000122070312
1993-07-31,ta125,186.08999633789065
1993-08-31,ta125,208.759994506836
1993-09-30,ta125,229.6100006103516
1993-10-31,ta125,237.25
1993-11-30,ta125,240.9100036621093
1993-12-31,ta125,247.6699981689453
1994-01-31,ta125,254.4199981689453
1994-02-28,ta125,222.2899932861328
1994-03-31,ta125,208.07000732421875
1994-04-30,ta125,220.52999877929688
1994-05-31,ta125,187.6100006103516
1994-06-30,ta125,159.39999389648438
1994-07-31,ta125,178.83999633789062
1994-08-31,ta125,184.1699981689453
1994-09-30,ta125,187.5
1994-10-31,ta125,192.08999633789065
1994-11-30,ta125,171.0
1994-12-31,ta125,173.57000732421875
1995-01-31,ta125,174.6699981689453
1995-02-28,ta125,145.4499969482422
1995-03-31,ta125,166.10000610351562
1995-04-30,ta125,172.55999755859375
1995-05-31,ta125,180.5599975585937
1995-06-30,ta125,187.3300018310547
1995-07-31,ta125,190.32000732421875
1995-08-31,ta125,203.6000061035156
1995-09-30,ta125,201.8800048828125
1995-10-31,ta125,194.0399932861328
1995-11-30,ta125,194.7100067138672
1995-12-31,ta125,208.22999572753903
1996-01-31,ta125,209.8800048828125
1996-02-29,ta125,211.02999877929688
1996-03-31,ta125,195.259994506836
1996-04-30,ta125,204.0200042724609
1996-05-31,ta125,201.3800048828125
1996-06-30,ta125,195.8800048828125
1996-07-31,ta125,177.25999450683594
1996-08-31,ta125,181.19000244140625
1996-09-30,ta125,186.72000122070312
1996-10-31,ta125,187.02999877929688
1996-11-30,ta125,198.9199981689453
1996-12-31,ta125,211.0399932861328
1997-01-31,ta125,242.33999633789065
1997-02-28,ta125,253.13999938964844
1997-03-31,ta125,245.63999938964844
1997-04-30,ta125,255.1100006103516
1997-05-31,ta125,274.3900146484375
1997-06-30,ta125,284.9800109863281
1997-07-31,ta125,306.1400146484375
1997-08-31,ta125,287.5199890136719
1997-09-30,ta125,295.5899963378906
1997-10-31,ta125,279.0199890136719
1997-11-30,ta125,285.82000732421875
1997-12-31,ta125,290.9599914550781
1998-01-31,ta125,267.0599975585937
1998-02-28,ta125,282.25
1998-03-31,ta125,302.7900085449219
1998-04-30,ta125,307.3800048828125
1998-05-31,ta125,326.82000732421875
1998-06-30,ta125,319.0400085449219
1998-07-31,ta125,318.6300048828125
1998-08-31,ta125,293.6099853515625
1998-09-30,ta125,280.7699890136719
1998-10-31,ta125,280.29998779296875
1998-11-30,ta125,296.45001220703125
1998-12-31,ta125,299.8900146484375
1999-01-31,ta125,294.5799865722656
1999-02-28,ta125,310.1499938964844
1999-03-31,ta125,351.94000244140625
1999-04-30,ta125,372.9100036621094
1999-05-31,ta125,390.9100036621094
1999-06-30,ta125,418.510009765625
1999-07-31,ta125,410.2300109863281
1999-08-31,ta125,385.80999755859375
1999-09-30,ta125,399.6400146484375
1999-10-31,ta125,402.25
1999-11-30,ta125,441.1199951171875
1999-12-31,ta125,487.2300109863281
2000-01-31,ta125,490.9500122070313
2000-02-29,ta125,564.8099975585938
2000-03-31,ta125,516.5499877929688
2000-04-30,ta125,492.2799987792969
2000-05-31,ta125,533.3499755859375
2000-06-30,ta125,544.1900024414062
2000-07-31,ta125,525.4500122070312
2000-08-31,ta125,573.52001953125
2000-09-30,ta125,559.1599731445312
2000-10-31,ta125,460.5199890136719
2000-11-30,ta125,472.7699890136719
2000-12-31,ta125,494.5799865722656
2001-01-31,ta125,445.6000061035156
2001-02-28,ta125,449.3599853515625
2001-03-31,ta125,382.1300048828125
2001-04-30,ta125,418.9299926757813
2001-05-31,ta125,414.2099914550781
2001-06-30,ta125,413.1900024414063
2001-07-31,ta125,433.6499938964844
2001-08-31,ta125,411.8999938964844
2001-09-30,ta125,358.6000061035156
2001-10-31,ta125,368.3500061035156
2001-11-30,ta125,397.510009765625
2001-12-31,ta125,446.7900085449219
2002-01-31,ta125,436.4599914550781
2002-02-28,ta125,410.0199890136719
2002-03-31,ta125,400.4700012207031
2002-04-30,ta125,362.7799987792969
2002-05-31,ta125,372.8599853515625
2002-06-30,ta125,353.9200134277344
2002-07-31,ta125,362.1900024414063
2002-08-31,ta125,363.8200073242188
2002-09-30,ta125,336.75
2002-10-31,ta125,322.1099853515625
2002-11-30,ta125,359.04998779296875
2002-12-31,ta125,332.45001220703125
2003-01-31,ta125,318.79998779296875
2003-02-28,ta125,323.6300048828125
2003-03-31,ta125,341.69000244140625
2003-04-30,ta125,392.6799926757813
2003-05-31,ta125,434.8800048828125
2003-06-30,ta125,453.3999938964844
2003-07-31,ta125,424.7699890136719
2003-08-31,ta125,417.6199951171875
2003-09-30,ta125,432.0799865722656
2003-10-31,ta125,473.3399963378906
2003-11-30,ta125,510.55999755859375
2003-12-31,ta125,534.3900146484375
2004-01-31,ta125,554.3099975585938
2004-02-29,ta125,559.3599853515625
2004-03-31,ta125,566.0700073242188
2004-04-30,ta125,571.1799926757812
2004-05-31,ta125,569.8699951171875
2004-06-30,ta125,596.239990234375
2004-07-31,ta125,570.8699951171875
2004-08-31,ta125,551.0900268554688
2004-09-30,ta125,558.969970703125
2004-10-31,ta125,545.7999877929688
2004-11-30,ta125,589.4099731445312
2004-12-31,ta125,635.9500122070312
2005-01-31,ta125,658.3900146484375
2005-02-28,ta125,672.3699951171875
2005-03-31,ta125,664.6400146484375
2005-04-30,ta125,676.7000122070312
2005-05-31,ta125,699.2999877929688
2005-06-30,ta125,656.47998046875
2005-07-31,ta125,696.1599731445312
2005-08-31,ta125,715.0700073242188
2005-09-30,ta125,753.5900268554688
2005-10-31,ta125,765.3699951171875
2005-11-30,ta125,790.5499877929688
2005-12-31,ta125,822.989990234375
2006-01-31,ta125,844.4099731445312
2006-02-28,ta125,823.2100219726562
2006-03-31,ta125,835.780029296875
2006-04-30,ta125,879.9199829101562
2006-05-31,ta125,868.8699951171875
2006-06-30,ta125,793.5700073242188
2006-07-31,ta125,815.469970703125
2006-08-31,ta125,820.0
2006-09-30,ta125,846.0900268554688
2006-10-31,ta125,914.1300048828124
2006-11-30,ta125,936.1300048828124
2006-12-31,ta125,925.5999755859376
2007-01-31,ta125,958.260009765625
2007-02-28,ta125,970.719970703125
2007-03-31,ta125,994.5
2007-04-30,ta125,1066.56005859375
2007-05-31,ta125,1117.02001953125
2007-06-30,ta125,1102.18994140625
2007-07-31,ta125,1103.0999755859375
2007-08-31,ta125,1034.6700439453125
2007-09-30,ta125,1095.3699951171875
2007-10-31,ta125,1189.0400390625
2007-11-30,ta125,1133.1099853515625
2007-12-31,ta125,1154.5899658203125
2008-01-31,ta125,1003.469970703125
2008-02-29,ta125,1034.010009765625
2008-03-31,ta125,928.0599975585938
2008-04-30,ta125,996.1699829101562
2008-05-31,ta125,1035.6800537109375
2008-06-30,ta125,987.510009765625
2008-07-31,ta125,948.0599975585938
2008-08-31,ta125,922.4199829101562
2008-09-30,ta125,812.77001953125
2008-10-31,ta125,645.6900024414062
2008-11-30,ta125,575.3900146484375
2008-12-31,ta125,564.0900268554688
2009-01-31,ta125,599.969970703125
2009-02-28,ta125,603.6900024414062
2009-03-31,ta125,666.1400146484375
2009-04-30,ta125,745.25
2009-05-31,ta125,791.030029296875
2009-06-30,ta125,801.260009765625
2009-07-31,ta125,884.6900024414062
2009-08-31,ta125,883.760009765625
2009-09-30,ta125,927.7000122070312
2009-10-31,ta125,957.3300170898438
2009-11-30,ta125,1003.5499877929688
2009-12-31,ta125,1064.97998046875
2010-01-31,ta125,1073.260009765625
2010-02-28,ta125,1092.31005859375
2010-03-31,ta125,1155.4200439453125
2010-04-30,ta125,1097.6800537109375
2010-05-31,ta125,1009.4000244140624
2010-06-30,ta125,990.3400268554688
2010-07-31,ta125,1029.1700439453125
2010-08-31,ta125,1046.4200439453125
2010-09-30,ta125,1128.8699951171875
2010-10-31,ta125,1171.1600341796875
2010-11-30,ta125,1149.6700439453125
2010-12-31,ta125,1224.0
2011-01-31,ta125,1203.75
2011-02-28,ta125,1189.9599609375
2011-03-31,ta125,1207.6099853515625
2011-04-30,ta125,1195.3299560546875
2011-05-31,ta125,1152.219970703125
2011-06-30,ta125,1113.3800048828125
2011-07-31,ta125,1117.6500244140625
2011-08-31,ta125,1013.469970703125
2011-09-30,ta125,969.77001953125
2011-10-31,ta125,1021.469970703125
2011-11-30,ta125,984.3200073242188
2011-12-31,ta125,978.489990234375
2012-01-31,ta125,1013.7000122070312
2012-02-29,ta125,990.0599975585938
2012-03-31,ta125,1032.47998046875
2012-04-30,ta125,1066.489990234375
2012-05-31,ta125,981.280029296875
2012-06-30,ta125,969.8599853515624
2012-07-31,ta125,996.719970703125
2012-08-31,ta125,999.5900268554688
2012-09-30,ta125,1054.5799560546875
2012-10-31,ta125,1076.4100341796875
2012-11-30,ta125,1089.6099853515625
2012-12-31,ta125,1049.06005859375
2013-01-31,ta125,1046.719970703125
2013-02-28,ta125,1090.6700439453125
2013-03-31,ta125,1100.0400390625
2013-04-30,ta125,1082.949951171875
2013-05-31,ta125,1107.9000244140625
2013-06-30,ta125,1069.56005859375
2013-07-31,ta125,1094.06005859375
2013-08-31,ta125,1081.6800537109375
2013-09-30,ta125,1142.510009765625
2013-10-31,ta125,1160.43994140625
2013-11-30,ta125,1218.4300537109375
2013-12-31,ta125,1206.800048828125
2014-01-31,ta125,1200.6300048828125
2014-02-28,ta125,1253.56005859375
2014-03-31,ta125,1282.219970703125
2014-04-30,ta125,1250.02001953125
2014-05-31,ta125,1256.739990234375
2014-06-30,ta125,1252.3900146484375
2014-07-31,ta125,1246.199951171875
2014-08-31,ta125,1263.969970703125
2014-09-30,ta125,1305.43994140625
2014-10-31,ta125,1276.800048828125
2014-11-30,ta125,1310.199951171875
2014-12-31,ta125,1288.9300537109375
2015-01-31,ta125,1269.7099609375
2015-02-28,ta125,1341.780029296875
2015-03-31,ta125,1416.1600341796875
2015-04-30,ta125,1430.6099853515625
2015-05-31,ta125,1454.510009765625
2015-06-30,ta125,1420.260009765625
2015-07-31,ta125,1476.8499755859375
2015-08-31,ta125,1382.489990234375
2015-09-30,ta125,1294.449951171875
2015-10-31,ta125,1366.6199951171875
2015-11-30,ta125,1345.3699951171875
2015-12-31,ta125,1315.219970703125
2016-01-31,ta125,1246.2099609375
2016-02-29,ta125,1239.25
2016-03-31,ta125,1251.02001953125
2016-04-30,ta125,1245.1199951171875
2016-05-31,ta125,1253.68994140625
2016-06-30,ta125,1210.949951171875
2016-07-31,ta125,1267.260009765625
2016-08-31,ta125,1271.2900390625
2016-09-30,ta125,1260.77001953125
2016-10-31,ta125,1229.77001953125
2016-11-30,ta125,1265.31005859375
2016-12-31,ta125,1282.4100341796875
2017-01-31,ta125,1242.9599609375
2017-02-28,ta125,1265.6099853515625
2017-03-31,ta125,1251.280029296875
2017-04-30,ta125,1271.989990234375
2017-05-31,ta125,1297.43994140625
2017-06-30,ta125,1287.72998046875
2017-07-31,ta125,1296.8699951171875
2017-08-31,ta125,1271.6600341796875
2017-09-30,ta125,1290.989990234375
2017-10-31,ta125,1313.9000244140625
2017-11-30,ta125,1329.6400146484375
2017-12-31,ta125,1365.6300048828125
2018-01-31,ta125,1407.5799560546875
2018-02-28,ta125,1361.6700439453125
2018-03-31,ta125,1310.8299560546875
2018-04-30,ta125,1327.72998046875
2018-05-31,ta125,1364.949951171875
2018-06-30,ta125,1364.050048828125
2018-07-31,ta125,1408.9300537109375
2018-08-31,ta125,1492.969970703125
2018-09-30,ta125,1484.8199462890625
2018-10-31,ta125,1436.969970703125
2018-11-30,ta125,1468.56005859375
2018-12-31,ta125,1333.1800537109375
2019-01-31,ta125,1413.1600341796875
2019-02-28,ta125,1431.31005859375
2019-03-31,ta125,1404.3900146484375
2019-04-30,ta125,1468.6099853515625
2019-05-31,ta125,1434.9000244140625
2019-06-30,ta125,1467.760009765625
2019-07-31,ta125,1513.530029296875
2019-08-31,ta125,1480.5
2019-09-30,ta125,1532.56005859375
2019-10-31,ta125,1577.969970703125
2019-11-30,ta125,1625.5
2019-12-31,ta125,1616.699951171875
2020-01-31,ta125,1635.449951171875
2020-02-29,ta125,1542.550048828125
2020-03-31,ta125,1276.8800048828125
2020-04-30,ta125,1407.199951171875
2020-05-31,ta125,1415.010009765625
2020-06-30,ta125,1325.22998046875
2020-07-31,ta125,1381.1099853515625
2020-08-31,ta125,1423.0899658203125
2020-09-30,ta125,1345.43994140625
2020-10-31,ta125,1373.93994140625
2020-11-30,ta125,1513.0999755859375
2020-12-31,ta125,1568.0899658203125
2021-01-31,ta125,1647.6600341796875
2021-02-28,ta125,1608.0400390625
2021-03-31,ta125,1664.0699462890625
2021-04-30,ta125,1714.6800537109375
2021-05-31,ta125,1772.18994140625
2021-06-30,ta125,1764.5799560546875
2021-07-31,ta125,1763.280029296875
2021-08-31,ta125,1818.530029296875
2021-09-30,ta125,1861.469970703125
2021-10-31,ta125,1920.8599853515625
2021-11-30,ta125,1954.6199951171875
2021-12-31,ta125,2056.510009765625
2022-01-31,ta125,2029.47998046875
2022-02-28,ta125,2054.919921875
2022-03-31,ta125,2097.110107421875
2022-04-30,ta125,2109.18994140625
2022-05-31,ta125,1965.1800537109373
2022-06-30,ta125,1883.81005859375
2022-07-31,ta125,1984.3399658203125
2022-08-31,ta125,2073.860107421875
2022-09-30,ta125,1883.9300537109373
2022-10-31,ta125,1958.6800537109373
2022-11-30,ta125,1884.010009765625
2022-12-31,ta125,1813.3499755859373
2023-01-31,ta125,1822.8399658203125
2023-02-28,ta125,1731.989990234375
2023-03-31,ta125,1725.8199462890625
2023-04-30,ta125,1735.530029296875
2023-05-31,ta125,1747.02001953125
2023-06-30,ta125,1775.6500244140625
2023-07-31,ta125,1888.97998046875
2023-08-31,ta125,1873.760009765625
2023-09-30,ta125,1874.43994140625
2023-10-31,ta125,1657.97998046875
2023-11-30,ta125,1792.6400146484375
2023-12-31,ta125,1875.760009765625
2024-01-31,ta125,1861.9200439453125
2024-02-29,ta125,1981.1300048828125
2024-03-31,ta125,2028.5699462890625
2024-04-30,ta125,1970.72998046875
2024-05-31,ta125,1993.4300537109373
2024-06-30,ta125,1947.47998046875
2024-07-31,ta125,1998.02001953125
2024-08-31,ta125,2081.679931640625
2024-09-30,ta125,2118.449951171875
2024-10-31,ta125,2213.639892578125
2024-11-30,ta125,2294.820068359375
2024-12-31,ta125,2426.830078125
2025-01-31,ta125,2500.60009765625
2025-02-28,ta125,2542.52001953125
2025-03-31,ta125,2446.4599609375
2025-04-30,ta125,2557.2099609375
2025-05-31,ta125,2724.719970703125
2025-06-30,ta125,3022.5
2025-07-31,ta125,3083.110107421875
2025-08-31,ta125,3129.6201171875
2025-09-30,ta125,3248.639892578125
2025-10-31,ta125,3338.77001953125
2025-11-30,ta125,3438.590087890625
2025-12-31,ta125,3654.93994140625
2026-01-31,ta125,3995.639892578125
2026-02-28,ta125,4074.840087890625
2026-03-31,ta125,4016.7900390625
2026-04-30,ta125,4313.8798828125
2026-05-31,ta125,4394.97998046875
1992-10-31,ta35,190.7700042724609
1992-11-30,ta35,193.33999633789065
1992-12-31,ta35,204.77999877929688
1993-01-31,ta35,209.83999633789065
1993-02-28,ta35,199.2400054931641
1993-03-31,ta35,211.3099975585937
1993-04-30,ta35,206.8999938964844
1993-05-31,ta35,203.2400054931641
1993-06-30,ta35,194.0500030517578
1993-07-31,ta35,184.97000122070312
1993-08-31,ta35,206.4499969482422
1993-09-30,ta35,228.1000061035156
1993-10-31,ta35,233.5800018310547
1993-11-30,ta35,240.63999938964844
1993-12-31,ta35,245.009994506836
1994-01-31,ta35,246.8600006103516
1994-02-28,ta35,221.42999267578125
1994-03-31,ta35,205.9900054931641
1994-04-30,ta35,216.759994506836
1994-05-31,ta35,188.08999633789065
1994-06-30,ta35,163.99000549316406
1994-07-31,ta35,179.36000061035156
1994-08-31,ta35,182.25
1994-09-30,ta35,189.57000732421875
1994-10-31,ta35,195.27999877929688
1994-11-30,ta35,172.75
1994-12-31,ta35,175.47999572753906
1995-01-31,ta35,173.6199951171875
1995-02-28,ta35,145.72999572753906
1995-03-31,ta35,167.83999633789062
1995-04-30,ta35,175.36000061035156
1995-05-31,ta35,183.22000122070312
1995-06-30,ta35,188.94000244140625
1995-07-31,ta35,193.13999938964844
1995-08-31,ta35,207.2400054931641
1995-09-30,ta35,205.67999267578125
1995-10-31,ta35,198.9600067138672
1995-11-30,ta35,201.67999267578125
1995-12-31,ta35,215.259994506836
1996-01-31,ta35,219.17999267578125
1996-02-29,ta35,219.6300048828125
1996-03-31,ta35,205.1000061035156
1996-04-30,ta35,214.8699951171875
1996-05-31,ta35,214.1199951171875
1996-06-30,ta35,208.0
1996-07-31,ta35,187.6699981689453
1996-08-31,ta35,192.3099975585937
1996-09-30,ta35,195.8999938964844
1996-10-31,ta35,197.13999938964844
1996-11-30,ta35,208.9499969482422
1996-12-31,ta35,219.1100006103516
1997-01-31,ta35,250.22000122070312
1997-02-28,ta35,261.3599853515625
1997-03-31,ta35,253.97999572753903
1997-04-30,ta35,265.6700134277344
1997-05-31,ta35,282.7799987792969
1997-06-30,ta35,292.0899963378906
1997-07-31,ta35,314.3699951171875
1997-08-31,ta35,295.04998779296875
1997-09-30,ta35,303.1099853515625
1997-10-31,ta35,288.0299987792969
1997-11-30,ta35,296.29998779296875
1997-12-31,ta35,303.8099975585937
1998-01-31,ta35,278.17999267578125
1998-02-28,ta35,292.3500061035156
1998-03-31,ta35,316.6499938964844
1998-04-30,ta35,323.8699951171875
1998-05-31,ta35,341.82000732421875
1998-06-30,ta35,332.5899963378906
1998-07-31,ta35,332.239990234375
1998-08-31,ta35,300.6600036621094
1998-09-30,ta35,285.1600036621094
1998-10-31,ta35,286.5899963378906
1998-11-30,ta35,305.0
1998-12-31,ta35,308.260009765625
1999-01-31,ta35,301.8999938964844
1999-02-28,ta35,320.239990234375
1999-03-31,ta35,365.010009765625
1999-04-30,ta35,384.2799987792969
1999-05-31,ta35,400.1199951171875
1999-06-30,ta35,418.3200073242188
1999-07-31,ta35,400.760009765625
1999-08-31,ta35,377.0299987792969
1999-09-30,ta35,391.8500061035156
1999-10-31,ta35,397.0
1999-11-30,ta35,436.2900085449219
1999-12-31,ta35,484.6400146484375
2000-01-31,ta35,481.489990234375
2000-02-29,ta35,537.4199829101562
2000-03-31,ta35,516.7999877929688
2000-04-30,ta35,492.9100036621094
2000-05-31,ta35,534.3099975585938
2000-06-30,ta35,547.6599731445312
2000-07-31,ta35,526.780029296875
2000-08-31,ta35,574.1099853515625
2000-09-30,ta35,559.8099975585938
2000-10-31,ta35,464.5700073242188
2000-11-30,ta35,485.4100036621094
2000-12-31,ta35,512.530029296875
2001-01-31,ta35,454.9599914550781
2001-02-28,ta35,463.8999938964844
2001-03-31,ta35,391.4599914550781
2001-04-30,ta35,432.2999877929688
2001-05-31,ta35,422.8800048828125
2001-06-30,ta35,423.6099853515625
2001-07-31,ta35,449.7200012207031
2001-08-31,ta35,423.5299987792969
2001-09-30,ta35,370.8599853515625
2001-10-31,ta35,381.5
2001-11-30,ta35,413.80999755859375
2001-12-31,ta35,459.260009765625
2002-01-31,ta35,453.3399963378906
2002-02-28,ta35,426.4599914550781
2002-03-31,ta35,419.1900024414063
2002-04-30,ta35,375.8999938964844
2002-05-31,ta35,381.4800109863281
2002-06-30,ta35,365.5199890136719
2002-07-31,ta35,374.8299865722656
2002-08-31,ta35,373.9700012207031
2002-09-30,ta35,344.4599914550781
2002-10-31,ta35,325.3999938964844
2002-11-30,ta35,365.1799926757813
2002-12-31,ta35,333.9100036621094
2003-01-31,ta35,311.70001220703125
2003-02-28,ta35,319.0199890136719
2003-03-31,ta35,333.8999938964844
2003-04-30,ta35,383.760009765625
2003-05-31,ta35,429.3399963378906
2003-06-30,ta35,442.6700134277344
2003-07-31,ta35,407.260009765625
2003-08-31,ta35,399.2699890136719
2003-09-30,ta35,414.0
2003-10-31,ta35,450.9400024414063
2003-11-30,ta35,477.5199890136719
2003-12-31,ta35,504.1499938964844
2004-01-31,ta35,508.3399963378906
2004-02-29,ta35,517.8400268554688
2004-03-31,ta35,522.75
2004-04-30,ta35,529.260009765625
2004-05-31,ta35,531.47998046875
2004-06-30,ta35,557.8900146484375
2004-07-31,ta35,541.5499877929688
2004-08-31,ta35,521.2999877929688
2004-09-30,ta35,531.219970703125
2004-10-31,ta35,519.3300170898438
2004-11-30,ta35,564.6900024414062
2004-12-31,ta35,617.9400024414062
2005-01-31,ta35,635.2999877929688
2005-02-28,ta35,646.469970703125
2005-03-31,ta35,642.5499877929688
2005-04-30,ta35,657.1900024414062
2005-05-31,ta35,679.969970703125
2005-06-30,ta35,639.1799926757812
2005-07-31,ta35,687.2999877929688
2005-08-31,ta35,709.0499877929688
2005-09-30,ta35,752.6900024414062
2005-10-31,ta35,763.3300170898438
2005-11-30,ta35,784.6799926757812
2005-12-31,ta35,823.4199829101562
2006-01-31,ta35,823.5700073242188
2006-02-28,ta35,799.9000244140625
2006-03-31,ta35,813.8200073242188
2006-04-30,ta35,860.780029296875
2006-05-31,ta35,852.1500244140625
2006-06-30,ta35,779.6900024414062
2006-07-31,ta35,801.1099853515625
2006-08-31,ta35,803.739990234375
2006-09-30,ta35,836.2999877929688
2006-10-31,ta35,897.3900146484375
2006-11-30,ta35,929.5900268554688
2006-12-31,ta35,928.8200073242188
2007-01-31,ta35,951.1099853515624
2007-02-28,ta35,971.5999755859376
2007-03-31,ta35,997.2100219726562
2007-04-30,ta35,1063.8599853515625
2007-05-31,ta35,1126.3699951171875
2007-06-30,ta35,1112.9200439453125
2007-07-31,ta35,1120.7099609375
2007-08-31,ta35,1056.5799560546875
2007-09-30,ta35,1130.4200439453125
2007-10-31,ta35,1237.1300048828125
2007-11-30,ta35,1187.56005859375
2007-12-31,ta35,1217.0699462890625
2008-01-31,ta35,1061.0
2008-02-29,ta35,1109.9599609375
2008-03-31,ta35,997.1599731445312
2008-04-30,ta35,1080.5
2008-05-31,ta35,1117.6300048828125
2008-06-30,ta35,1085.6400146484375
2008-07-31,ta35,1034.969970703125
2008-08-31,ta35,1012.9199829101562
2008-09-30,ta35,896.989990234375
2008-10-31,ta35,725.469970703125
2008-11-30,ta35,648.25
2008-12-31,ta35,654.8499755859375
2009-01-31,ta35,660.6300048828125
2009-02-28,ta35,665.989990234375
2009-03-31,ta35,728.3499755859375
2009-04-30,ta35,812.3200073242188
2009-05-31,ta35,866.1500244140625
2009-06-30,ta35,862.4299926757812
2009-07-31,ta35,950.489990234375
2009-08-31,ta35,945.9000244140624
2009-09-30,ta35,995.27001953125
2009-10-31,ta35,1022.1799926757812
2009-11-30,ta35,1082.550048828125
2009-12-31,ta35,1145.06005859375
2010-01-31,ta35,1135.7900390625
2010-02-28,ta35,1159.6099853515625
2010-03-31,ta35,1229.0699462890625
2010-04-30,ta35,1164.22998046875
2010-05-31,ta35,1082.739990234375
2010-06-30,ta35,1062.449951171875
2010-07-31,ta35,1118.5899658203125
2010-08-31,ta35,1134.97998046875
2010-09-30,ta35,1225.9200439453125
2010-10-31,ta35,1270.3800048828125
2010-11-30,ta35,1246.449951171875
2010-12-31,ta35,1326.43994140625
2011-01-31,ta35,1292.75
2011-02-28,ta35,1289.719970703125
2011-03-31,ta35,1321.1800537109375
2011-04-30,ta35,1314.56005859375
2011-05-31,ta35,1266.8800048828125
2011-06-30,ta35,1223.9100341796875
2011-07-31,ta35,1232.739990234375
2011-08-31,ta35,1132.510009765625
2011-09-30,ta35,1077.7900390625
2011-10-31,ta35,1133.6800537109375
2011-11-30,ta35,1082.3599853515625
2011-12-31,ta35,1085.5899658203125
2012-01-31,ta35,1119.5
2012-02-29,ta35,1081.3499755859375
2012-03-31,ta35,1124.8499755859375
2012-04-30,ta35,1164.3599853515625
2012-05-31,ta35,1065.02001953125
2012-06-30,ta35,1057.6300048828125
2012-07-31,ta35,1105.7900390625
2012-08-31,ta35,1120.5799560546875
2012-09-30,ta35,1189.25
2012-10-31,ta35,1214.219970703125
2012-11-30,ta35,1229.969970703125
2012-12-31,ta35,1185.5999755859375
2013-01-31,ta35,1177.3599853515625
2013-02-28,ta35,1221.469970703125
2013-03-31,ta35,1237.6700439453125
2013-04-30,ta35,1206.18994140625
2013-05-31,ta35,1232.0
2013-06-30,ta35,1189.6700439453125
2013-07-31,ta35,1203.469970703125
2013-08-31,ta35,1178.4100341796875
2013-09-30,ta35,1264.97998046875
2013-10-31,ta35,1288.18994140625
2013-11-30,ta35,1358.22998046875
2013-12-31,ta35,1329.3900146484375
2014-01-31,ta35,1299.5400390625
2014-02-28,ta35,1350.6500244140625
2014-03-31,ta35,1402.219970703125
2014-04-30,ta35,1378.9300537109375
2014-05-31,ta35,1393.4200439453125
2014-06-30,ta35,1388.27001953125
2014-07-31,ta35,1392.449951171875
2014-08-31,ta35,1404.4100341796875
2014-09-30,ta35,1458.989990234375
2014-10-31,ta35,1424.3699951171875
2014-11-30,ta35,1477.5899658203125
2014-12-31,ta35,1464.989990234375
2015-01-31,ta35,1447.8499755859375
2015-02-28,ta35,1517.93994140625
2015-03-31,ta35,1625.77001953125
2015-04-30,ta35,1644.8499755859375
2015-05-31,ta35,1677.030029296875
2015-06-30,ta35,1648.800048828125
2015-07-31,ta35,1712.6099853515625
2015-08-31,ta35,1578.47998046875
2015-09-30,ta35,1490.97998046875
2015-10-31,ta35,1573.5400390625
2015-11-30,ta35,1560.5
2015-12-31,ta35,1528.739990234375
2016-01-31,ta35,1452.1700439453125
2016-02-29,ta35,1437.9300537109375
2016-03-31,ta35,1450.3900146484375
2016-04-30,ta35,1438.6600341796875
2016-05-31,ta35,1444.3399658203125
2016-06-30,ta35,1397.949951171875
2016-07-31,ta35,1452.0699462890625
2016-08-31,ta35,1447.010009765625
2016-09-30,ta35,1442.9300537109375
2016-10-31,ta35,1405.52001953125
2016-11-30,ta35,1445.9000244140625
2016-12-31,ta35,1470.780029296875
2017-01-31,ta35,1408.2900390625
2017-02-28,ta35,1423.030029296875
2017-03-31,ta35,1397.3800048828125
2017-04-30,ta35,1405.449951171875
2017-05-31,ta35,1419.3599853515625
2017-06-30,ta35,1433.6300048828125
2017-07-31,ta35,1447.1400146484375
2017-08-31,ta35,1400.93994140625
2017-09-30,ta35,1421.0400390625
2017-10-31,ta35,1438.6099853515625
2017-11-30,ta35,1455.3199462890625
2017-12-31,ta35,1512.47998046875
2018-01-31,ta35,1547.550048828125
2018-02-28,ta35,1500.56005859375
2018-03-31,ta35,1436.219970703125
2018-04-30,ta35,1465.239990234375
2018-05-31,ta35,1512.010009765625
2018-06-30,ta35,1518.5899658203125
2018-07-31,ta35,1579.489990234375
2018-08-31,ta35,1666.0400390625
2018-09-30,ta35,1642.77001953125
2018-10-31,ta35,1587.1400146484375
2018-11-30,ta35,1629.93994140625
2018-12-31,ta35,1463.8699951171875
2019-01-31,ta35,1554.1400146484375
2019-02-28,ta35,1571.2099609375
2019-03-31,ta35,1527.3499755859375
2019-04-30,ta35,1599.0799560546875
2019-05-31,ta35,1544.43994140625
2019-06-30,ta35,1579.050048828125
2019-07-31,ta35,1624.4200439453125
2019-08-31,ta35,1561.97998046875
2019-09-30,ta35,1615.47998046875
2019-10-31,ta35,1654.1300048828125
2019-11-30,ta35,1702.52001953125
2019-12-31,ta35,1683.2900390625
2020-01-31,ta35,1690.8800048828125
2020-02-29,ta35,1601.81005859375
2020-03-31,ta35,1329.5799560546875
2020-04-30,ta35,1425.81005859375
2020-05-31,ta35,1440.1500244140625
2020-06-30,ta35,1342.4000244140625
2020-07-31,ta35,1380.6300048828125
2020-08-31,ta35,1394.1600341796875
2020-09-30,ta35,1308.1600341796875
2020-10-31,ta35,1330.1800537109375
2020-11-30,ta35,1462.050048828125
2020-12-31,ta35,1499.050048828125
2021-01-31,ta35,1599.449951171875
2021-02-28,ta35,1549.6300048828125
2021-03-31,ta35,1604.6199951171875
2021-04-30,ta35,1641.760009765625
2021-05-31,ta35,1697.1700439453125
2021-06-30,ta35,1682.93994140625
2021-07-31,ta35,1691.72998046875
2021-08-31,ta35,1757.7099609375
2021-09-30,ta35,1803.0400390625
2021-10-31,ta35,1849.5
2021-11-30,ta35,1863.8499755859373
2021-12-31,ta35,1978.06005859375
2022-01-31,ta35,1917.1800537109373
2022-02-28,ta35,1973.02001953125
2022-03-31,ta35,2021.280029296875
2022-04-30,ta35,2016.8699951171875
2022-05-31,ta35,1901.9599609375
2022-06-30,ta35,1828.72998046875
2022-07-31,ta35,1925.3499755859373
2022-08-31,ta35,2017.0799560546875
2022-09-30,ta35,1837.22998046875
2022-10-31,ta35,1943.8699951171875
2022-11-30,ta35,1849.1700439453125
2022-12-31,ta35,1796.9200439453125
2023-01-31,ta35,1797.1400146484375
2023-02-28,ta35,1734.3399658203125
2023-03-31,ta35,1739.1099853515625
2023-04-30,ta35,1751.18994140625
2023-05-31,ta35,1744.9200439453125
2023-06-30,ta35,1749.219970703125
2023-07-31,ta35,1871.260009765625
2023-08-31,ta35,1846.5400390625
2023-09-30,ta35,1844.6099853515625
2023-10-31,ta35,1646.8499755859375
2023-11-30,ta35,1774.1300048828125
2023-12-31,ta35,1853.72998046875
2024-01-31,ta35,1830.8199462890625
2024-02-29,ta35,1947.0699462890625
2024-03-31,ta35,1994.47998046875
2024-04-30,ta35,1950.1199951171875
2024-05-31,ta35,1999.9300537109373
2024-06-30,ta35,1976.4300537109373
2024-07-31,ta35,2011.77001953125
2024-08-31,ta35,2093.080078125
2024-09-30,ta35,2123.639892578125
2024-10-31,ta35,2203.969970703125
2024-11-30,ta35,2260.489990234375
2024-12-31,ta35,2392.739990234375
2025-01-31,ta35,2448.64990234375
2025-02-28,ta35,2469.610107421875
2025-03-31,ta35,2418.22998046875
2025-04-30,ta35,2517.97998046875
2025-05-31,ta35,2701.679931640625
2025-06-30,ta35,2958.699951171875
2025-07-31,ta35,3014.72998046875
2025-08-31,ta35,3071.9599609375
2025-09-30,ta35,3199.550048828125
2025-10-31,ta35,3273.429931640625
2025-11-30,ta35,3390.77001953125
2025-12-31,ta35,3618.8701171875
2026-01-31,ta35,4003.669921875
2026-02-28,ta35,4128.35986328125
2026-03-31,ta35,4099.009765625
2026-04-30,ta35,4374.81005859375
2026-05-31,ta35,4455.669921875
2008-01-31,topix,1276.2896728515625
2008-02-29,topix,1255.763671875
2008-03-31,topix,1162.0374755859375
2008-04-30,topix,1299.00341796875
2008-05-31,topix,1345.2353515625
2008-06-30,topix,1263.394287109375
2008-07-31,topix,1229.234375
2008-08-31,topix,1183.6102294921875
2008-09-30,topix,1034.4222412109375
2008-10-31,topix,825.89208984375
2008-11-30,topix,796.1554565429688
2008-12-31,topix,819.9354248046875
2009-01-31,topix,760.2471313476562
2009-02-28,topix,722.842529296875
2009-03-31,topix,745.2852783203125
2009-04-30,topix,809.8082275390625
2009-05-31,topix,862.1746215820312
2009-06-30,topix,893.9683227539062
2009-07-31,topix,893.9683227539062
2009-08-31,topix,910.8004150390624
2009-09-30,topix,861.2393798828125
2009-10-31,topix,849.0828247070312
2009-11-30,topix,799.5218505859375
2009-12-31,topix,861.2393798828125
2010-01-31,topix,856.5637817382812
2010-02-28,topix,849.0828247070312
2010-03-31,topix,938.8538818359376
2010-04-30,topix,943.5294189453124
2010-05-31,topix,843.4722900390625
2010-06-30,topix,807.0028686523438
2010-07-31,topix,803.2623901367188
2010-08-31,topix,757.4418334960938
2010-09-30,topix,786.4302978515625
2010-10-31,topix,767.72802734375
2010-11-30,topix,819.1593017578125
2010-12-31,topix,853.7584228515625
2011-01-31,topix,865.9149780273438
2011-02-28,topix,902.3843383789062
2011-03-31,topix,832.2509155273438
2011-04-30,topix,816.3539428710938
2011-05-31,topix,807.9379272460938
2011-06-30,topix,817.2890625
2011-07-31,topix,791.1058959960938
2011-08-31,topix,724.7128295898438
2011-09-30,topix,721.9074096679688
2011-10-31,topix,726.5829467773438
2011-11-30,topix,691.9838256835938
2011-12-31,topix,691.9838256835938
2012-01-31,topix,714.4265747070312
2012-02-29,topix,792.041015625
2012-03-31,topix,817.2890625
2012-04-30,topix,771.4685668945312
2012-05-31,topix,687.308349609375
2012-06-30,topix,741.5448608398438
2012-07-31,topix,693.8541259765625
2012-08-31,topix,689.1785888671875
2012-09-30,topix,702.2702026367188
2012-10-31,topix,706.0106201171875
2012-11-30,topix,742.4799194335938
2012-12-31,topix,819.1593017578125
2013-01-31,topix,894.9033813476562
2013-02-28,topix,926.6973876953124
2013-03-31,topix,995.895751953125
2013-04-30,topix,1117.4603271484375
2013-05-31,topix,1122.135986328125
2013-06-30,topix,1092.21240234375
2013-07-31,topix,1086.2359619140625
2013-08-31,topix,1061.5272216796875
2013-09-30,topix,1155.6104736328125
2013-10-31,topix,1156.56103515625
2013-11-30,topix,1218.3328857421875
2013-12-31,topix,1262.048095703125
2014-01-31,topix,1181.269775390625
2014-02-28,topix,1172.716552734375
2014-03-31,topix,1175.567626953125
2014-04-30,topix,1138.5042724609375
2014-05-31,topix,1172.716552734375
2014-06-30,topix,1237.3394775390625
2014-07-31,topix,1263.2298583984375
2014-08-31,topix,1250.6749267578125
2014-09-30,topix,1306.689453125
2014-10-31,topix,1316.3472900390625
2014-11-30,topix,1391.67724609375
2014-12-31,topix,1392.64306640625
2015-01-31,topix,1397.471923828125
2015-02-28,topix,1506.6043701171875
2015-03-31,topix,1535.577392578125
2015-04-30,topix,1583.865966796875
2015-05-31,topix,1663.059326171875
2015-06-30,topix,1623.462646484375
2015-07-31,topix,1652.8697509765625
2015-08-31,topix,1529.418701171875
2015-09-30,topix,1416.7454833984375
2015-10-31,topix,1564.6907958984375
2015-11-30,topix,1588.2049560546875
2015-12-31,topix,1556.8526611328125
2016-01-31,topix,1447.1182861328125
2016-02-29,topix,1307.0115966796875
2016-03-31,topix,1368.73681640625
2016-04-30,topix,1360.8988037109375
2016-05-31,topix,1400.08935546875
2016-06-30,topix,1268.8006591796875
2016-07-31,topix,1317.7813720703125
2016-08-31,topix,1325.63720703125
2016-09-30,topix,1328.5830078125
2016-10-31,topix,1403.21142578125
2016-11-30,topix,1476.85791015625
2016-12-31,topix,1527.919677734375
2017-01-31,topix,1532.8292236328125
2017-02-28,topix,1547.55859375
2017-03-31,topix,1536.7572021484375
2017-04-30,topix,1557.3780517578125
2017-05-31,topix,1592.728515625
2017-06-30,topix,1639.8621826171875
2017-07-31,topix,1623.781005859375
2017-08-31,topix,1623.781005859375
2017-09-30,topix,1693.6103515625
2017-10-31,topix,1786.0606689453125
2017-11-30,topix,1815.5660400390625
2017-12-31,topix,1839.1705322265625
2018-01-31,topix,1860.8077392578125
2018-02-28,topix,1791.961669921875
2018-03-31,topix,1755.5718994140625
2018-04-30,topix,1818.5167236328125
2018-05-31,topix,1787.0443115234375
2018-06-30,topix,1772.29150390625
2018-07-31,topix,1767.4989013671875
2018-08-31,topix,1748.7794189453125
2018-09-30,topix,1848.2874755859373
2018-10-31,topix,1672.9168701171875
2018-11-30,topix,1694.5916748046875
2018-12-31,topix,1524.1473388671875
2019-01-31,topix,1597.0540771484375
2019-02-28,topix,1637.448486328125
2019-03-31,topix,1636.463134765625
2019-04-30,topix,1664.0498046875
2019-05-31,topix,1557.6451416015625
2019-06-30,topix,1600.9952392578125
2019-07-31,topix,1584.5577392578125
2019-08-31,topix,1532.23291015625
2019-09-30,topix,1622.0738525390625
2019-10-31,topix,1702.042236328125
2019-11-30,topix,1734.621826171875
2019-12-31,topix,1760.2906494140625
2020-01-31,topix,1724.7491455078125
2020-02-29,topix,1546.054443359375
2020-03-31,topix,1454.239013671875
2020-04-30,topix,1513.474853515625
2020-05-31,topix,1619.1119384765625
2020-06-30,topix,1611.214111328125
2020-07-31,topix,1525.4892578125
2020-08-31,topix,1642.225830078125
2020-09-30,topix,1667.947265625
2020-10-31,topix,1623.42919921875
2020-11-30,topix,1798.5338134765625
2020-12-31,topix,1854.9234619140625
2021-01-31,topix,1857.8914794921875
2021-02-28,topix,1918.23828125
2021-03-31,topix,2030.028564453125
2021-04-30,topix,1971.66015625
2021-05-31,topix,1996.3924560546875
2021-06-30,topix,2018.1568603515625
2021-07-31,topix,1944.5811767578125
2021-08-31,topix,2006.03076171875
2021-09-30,topix,2096.22265625
2021-10-31,topix,2063.515869140625
2021-11-30,topix,1990.1728515625
2021-12-31,topix,2055.09130859375
2022-01-31,topix,1955.9791259765625
2022-02-28,topix,1949.536865234375
2022-03-31,topix,2030.808837890625
2022-04-30,topix,1982.243896484375
2022-05-31,topix,1997.1107177734373
2022-06-30,topix,1956.97021484375
2022-07-31,topix,1985.489990234375
2022-08-31,topix,2030.69384765625
2022-09-30,topix,1899.0565185546875
2022-10-31,topix,1993.934814453125
2022-11-30,topix,2053.04736328125
2022-12-31,topix,1961.646240234375
2023-01-31,topix,2048.576904296875
2023-02-28,topix,2066.45947265625
2023-03-31,topix,2105.205810546875
2023-04-30,topix,2160.344482421875
2023-05-31,topix,2235.849853515625
2023-06-30,topix,2403.74951171875
2023-07-31,topix,2390.7041015625
2023-08-31,topix,2399.167724609375
2023-09-30,topix,2417.090576171875
2023-10-31,topix,2346.394775390625
2023-11-30,topix,2471.356689453125
2023-12-31,topix,2463.888916015625
2024-01-31,topix,2658.550537109375
2024-02-29,topix,2792.9716796875
2024-03-31,topix,2910.96337890625
2024-04-30,topix,2880.59423828125
2024-05-31,topix,2937.349853515625
2024-06-30,topix,2955.7705078125
2024-07-31,topix,2893.637451171875
2024-08-31,topix,2804.349365234375
2024-09-30,topix,2760.453369140625
2024-10-31,topix,2811.332763671875
2024-11-30,topix,2797.86474609375
2024-12-31,topix,2912.09375
2025-01-31,topix,2918.07958984375
2025-02-28,topix,2806.843505859375
2025-03-31,topix,2817.318603515625
2025-04-30,topix,2827.793701171875
2025-05-31,topix,2965.46728515625
2025-06-30,topix,3022.831298828125
2025-07-31,topix,3056.0
2025-08-31,topix,3196.0
2025-09-30,topix,3283.0
2025-10-31,topix,3492.0
2025-11-30,topix,3542.0
2025-12-31,topix,3579.0
2026-01-31,topix,3744.0
2026-02-28,topix,4131.0
2026-03-31,topix,371.3999938964844
2026-04-30,topix,394.1000061035156
2026-05-31,topix,417.8999938964844
1979-06-30,tsx,1614.290283203125
1979-07-31,tsx,1554.143310546875
1979-08-31,tsx,1690.9947509765625
1979-09-30,tsx,1747.4512939453125
1979-10-31,tsx,1575.2894287109375
1979-11-30,tsx,1695.2838134765625
1979-12-31,tsx,1808.5953369140625
1980-01-31,tsx,2022.5506591796875
1980-02-29,tsx,2187.031982421875
1980-03-31,tsx,1793.034912109375
1980-04-30,tsx,1865.1514892578125
1980-05-31,tsx,1966.6929931640625
1980-06-30,tsx,2056.0654296875
1980-07-31,tsx,2191.81982421875
1980-08-31,tsx,2212.367431640625
1980-09-30,tsx,2254.260986328125
1980-10-31,tsx,2234.510986328125
1980-11-30,tsx,2396.099609375
1980-12-31,tsx,2262.9384765625
1981-01-31,tsx,2221.04541015625
1981-02-28,tsx,2173.965087890625
1981-03-31,tsx,2327.17529296875
1981-04-30,tsx,2300.542724609375
1981-05-31,tsx,2365.178466796875
1981-06-30,tsx,2355.104248046875
1981-07-31,tsx,2248.17626953125
1981-08-31,tsx,2171.17236328125
1981-09-30,tsx,1878.6171875
1981-10-31,tsx,1837.9207763671875
1981-11-30,tsx,2006.990234375
1981-12-31,tsx,1949.2373046875
1982-01-31,tsx,1782.3623046875
1982-02-28,tsx,1667.055908203125
1982-03-31,tsx,1583.7679443359375
1982-04-30,tsx,1544.268310546875
1982-05-31,tsx,1522.5238037109375
1982-06-30,tsx,1363.3291015625
1982-07-31,tsx,1408.314453125
1982-08-31,tsx,1609.2030029296875
1982-09-30,tsx,1597.9317626953125
1982-10-31,tsx,1769.4949951171875
1982-11-30,tsx,1833.6318359375
1982-12-31,tsx,1953.1273193359373
1983-01-31,tsx,2026.341064453125
1983-02-28,tsx,2085.09130859375
1983-03-31,tsx,2150.624755859375
1983-04-30,tsx,2334.855712890625
1983-05-31,tsx,2414.552734375
1983-06-30,tsx,2440.785888671875
1983-07-31,tsx,2471.30810546875
1983-08-31,tsx,2476.79443359375
1983-09-30,tsx,2493.252197265625
1983-10-31,tsx,2355.104248046875
1983-11-30,tsx,2534.447509765625
1983-12-31,tsx,2545.91796875
1984-01-31,tsx,2462.63037109375
1984-02-29,tsx,2413.6552734375
1984-03-31,tsx,2376.05078125
1984-04-30,tsx,2317.400146484375
1984-05-31,tsx,2224.1376953125
1984-06-30,tsx,2215.260009765625
1984-07-31,tsx,2134.565673828125
1984-08-31,tsx,2382.73388671875
1984-09-30,tsx,2386.623779296875
1984-10-31,tsx,2347.323974609375
1984-11-30,tsx,2362.4853515625
1984-12-31,tsx,2394.20458984375
1985-01-31,tsx,2588.509765625
1985-02-28,tsx,2588.40966796875
1985-03-31,tsx,2606.1650390625
1985-04-30,tsx,2628.60791015625
1985-05-31,tsx,2729.35107421875
1985-06-30,tsx,2705.611572265625
1985-07-31,tsx,2771.544189453125
1985-08-31,tsx,2812.8388671875
1985-09-30,tsx,2625.61572265625
1985-10-31,tsx,2668.00732421875
1985-11-30,tsx,2849.944091796875
1985-12-31,tsx,2893.234130859375
1986-01-31,tsx,2835.780029296875
1986-02-28,tsx,2848.5478515625
1986-03-31,tsx,3039.5615234375
1986-04-30,tsx,3071.081298828125
1986-05-31,tsx,3114.072021484375
1986-06-30,tsx,3077.66455078125
1986-07-31,tsx,2927.845947265625
1986-08-31,tsx,3020.510009765625
1986-09-30,tsx,2971.734130859375
1986-10-31,tsx,3031.1826171875
1986-11-30,tsx,3039.062744140625
1986-12-31,tsx,3058.41357421875
1987-01-31,tsx,3340.3955078125
1987-02-28,tsx,3490.014404296875
1987-03-31,tsx,3730.003662109375
1987-04-30,tsx,3707.26171875
1987-05-31,tsx,3675.841552734375
1987-06-30,tsx,3730.70166015625
1987-07-31,tsx,4020.1650390625
1987-08-31,tsx,3983.458251953125
1987-09-30,tsx,3892.48974609375
1987-10-31,tsx,3011.6328125
1987-11-30,tsx,2970.73681640625
1987-12-31,tsx,3152.0751953125
1988-01-31,tsx,3049.4365234375
1988-02-29,tsx,3196.66162109375
1988-03-31,tsx,3305.385009765625
1988-04-30,tsx,3331.31884765625
1988-05-31,tsx,3240.948486328125
1988-06-30,tsx,3432.760498046875
1988-07-31,tsx,3368.125244140625
1988-08-31,tsx,3277.4560546875
1988-09-30,tsx,3275.36083984375
1988-10-31,tsx,3386.877197265625
1988-11-30,tsx,3286.333251953125
1988-12-31,tsx,3381.39111328125
1989-01-31,tsx,3607.416015625
1989-02-28,tsx,3563.02880859375
1989-03-31,tsx,3569.113037109375
1989-04-30,tsx,3618.68701171875
1989-05-31,tsx,3697.985107421875
1989-06-30,tsx,3751.34912109375
1989-07-31,tsx,3960.71630859375
1989-08-31,tsx,4000.016357421875
1989-09-30,tsx,3932.98681640625
1989-10-31,tsx,3908.64892578125
1989-11-30,tsx,3932.787353515625
1989-12-31,tsx,3959.718994140625
1990-01-31,tsx,3694.992919921875
1990-02-28,tsx,3677.337890625
1990-03-31,tsx,3630.257568359375
1990-04-30,tsx,3332.415771484375
1990-05-31,tsx,3572.903564453125
1990-06-30,tsx,3534.900146484375
1990-07-31,tsx,3552.056884765625
1990-08-31,tsx,3337.802001953125
1990-09-30,tsx,3151.376953125
1990-10-31,tsx,3073.47509765625
1990-11-30,tsx,3142.998046875
1990-12-31,tsx,3248.529296875
1991-01-31,tsx,3264.58837890625
1991-02-28,tsx,3453.607421875
1991-03-31,tsx,3486.82275390625
1991-04-30,tsx,3459.990966796875
1991-05-31,tsx,3537.094970703125
1991-06-30,tsx,3464.191650390625
1991-07-31,tsx,3539.60009765625
1991-08-31,tsx,3517.89990234375
1991-09-30,tsx,3387.89990234375
1991-10-31,tsx,3515.800048828125
1991-11-30,tsx,3448.5
1991-12-31,tsx,3512.39990234375
1992-01-31,tsx,3596.10009765625
1992-02-29,tsx,3581.89990234375
1992-03-31,tsx,3412.10009765625
1992-04-30,tsx,3355.60009765625
1992-05-31,tsx,3387.89990234375
1992-06-30,tsx,3387.699951171875
1992-07-31,tsx,3443.39990234375
1992-08-31,tsx,3402.89990234375
1992-09-30,tsx,3297.89990234375
1992-10-31,tsx,3336.10009765625
1992-11-30,tsx,3282.800048828125
1992-12-31,tsx,3350.39990234375
1993-01-31,tsx,3305.5
1993-02-28,tsx,3451.699951171875
1993-03-31,tsx,3602.39990234375
1993-04-30,tsx,3789.39990234375
1993-05-31,tsx,3882.60009765625
1993-06-30,tsx,3966.39990234375
1993-07-31,tsx,3967.199951171875
1993-08-31,tsx,4137.60009765625
1993-09-30,tsx,3990.60009765625
1993-10-31,tsx,4255.5
1993-11-30,tsx,4180.2001953125
1993-12-31,tsx,4321.39990234375
1994-01-31,tsx,4554.89990234375
1994-02-28,tsx,4423.7998046875
1994-03-31,tsx,4329.60009765625
1994-04-30,tsx,4267.10009765625
1994-05-31,tsx,4326.7998046875
1994-06-30,tsx,4025.300048828125
1994-07-31,tsx,4179.0
1994-08-31,tsx,4349.5
1994-09-30,tsx,4354.2001953125
1994-10-31,tsx,4291.7001953125
1994-11-30,tsx,4093.39990234375
1994-12-31,tsx,4213.60009765625
1995-01-31,tsx,4017.5
1995-02-28,tsx,4124.7998046875
1995-03-31,tsx,4313.60009765625
1995-04-30,tsx,4279.5
1995-05-31,tsx,4448.60009765625
1995-06-30,tsx,4527.2001953125
1995-07-31,tsx,4615.10009765625
1995-08-31,tsx,4516.7001953125
1995-09-30,tsx,4529.7998046875
1995-10-31,tsx,4459.2001953125
1995-11-30,tsx,4661.2001953125
1995-12-31,tsx,4713.5
1996-01-31,tsx,4968.39990234375
1996-02-29,tsx,4933.7001953125
1996-03-31,tsx,4970.7998046875
1996-04-30,tsx,5146.5
1996-05-31,tsx,5246.39990234375
1996-06-30,tsx,5044.10009765625
1996-07-31,tsx,4929.2001953125
1996-08-31,tsx,5143.39990234375
1996-09-30,tsx,5291.10009765625
1996-10-31,tsx,5598.7998046875
1996-11-30,tsx,6016.7001953125
1996-12-31,tsx,5927.0
1997-01-31,tsx,6109.60009765625
1997-02-28,tsx,6157.7998046875
1997-03-31,tsx,5850.2001953125
1997-04-30,tsx,5976.60009765625
1997-05-31,tsx,6382.10009765625
1997-06-30,tsx,6437.7001953125
1997-07-31,tsx,6877.7001953125
1997-08-31,tsx,6611.7998046875
1997-09-30,tsx,7040.2001953125
1997-10-31,tsx,6842.39990234375
1997-11-30,tsx,6512.7998046875
1997-12-31,tsx,6699.39990234375
1998-01-31,tsx,6700.2001953125
1998-02-28,tsx,7092.5
1998-03-31,tsx,7558.5
1998-04-30,tsx,7665.0
1998-05-31,tsx,7589.7998046875
1998-06-30,tsx,7366.89990234375
1998-07-31,tsx,6931.39990234375
1998-08-31,tsx,5530.7001953125
1998-09-30,tsx,5614.10009765625
1998-10-31,tsx,6208.2998046875
1998-11-30,tsx,6343.89990234375
1998-12-31,tsx,6485.89990234375
1999-01-31,tsx,6729.60009765625
1999-02-28,tsx,6312.7001953125
1999-03-31,tsx,6597.7998046875
1999-04-30,tsx,7014.7001953125
1999-05-31,tsx,6841.7998046875
1999-06-30,tsx,7010.10009765625
1999-07-31,tsx,7081.0
1999-08-31,tsx,6970.7998046875
1999-09-30,tsx,6957.7001953125
1999-10-31,tsx,7256.2001953125
1999-11-30,tsx,7523.2001953125
1999-12-31,tsx,8413.7998046875
2000-01-31,tsx,8481.099609375
2000-02-29,tsx,9129.0
2000-03-31,tsx,9462.400390625
2000-04-30,tsx,9347.599609375
2000-05-31,tsx,9252.0
2000-06-30,tsx,10195.5
2000-07-31,tsx,10406.2998046875
2000-08-31,tsx,11247.900390625
2000-09-30,tsx,10377.900390625
2000-10-31,tsx,9639.599609375
2000-11-30,tsx,8819.900390625
2000-12-31,tsx,8933.7001953125
2001-01-31,tsx,9321.900390625
2001-02-28,tsx,8078.7001953125
2001-03-31,tsx,7608.0
2001-04-30,tsx,7946.60009765625
2001-05-31,tsx,8161.89990234375
2001-06-30,tsx,7736.39990234375
2001-07-31,tsx,7689.7001953125
2001-08-31,tsx,7399.2001953125
2001-09-30,tsx,6838.60009765625
2001-10-31,tsx,6885.7001953125
2001-11-30,tsx,7425.7001953125
2001-12-31,tsx,7688.39990234375
2002-01-31,tsx,7648.5
2002-02-28,tsx,7637.5
2002-03-31,tsx,7851.5
2002-04-30,tsx,7663.39990234375
2002-05-31,tsx,7656.10009765625
2002-06-30,tsx,7145.60009765625
2002-07-31,tsx,6605.39990234375
2002-08-31,tsx,6612.0
2002-09-30,tsx,6180.39990234375
2002-10-31,tsx,6248.7998046875
2002-11-30,tsx,6570.39990234375
2002-12-31,tsx,6614.5
2003-01-31,tsx,6569.5
2003-02-28,tsx,6555.10009765625
2003-03-31,tsx,6343.2998046875
2003-04-30,tsx,6586.10009765625
2003-05-31,tsx,6859.7998046875
2003-06-30,tsx,6983.10009765625
2003-07-31,tsx,7257.89990234375
2003-08-31,tsx,7510.2998046875
2003-09-30,tsx,7421.10009765625
2003-10-31,tsx,7772.7001953125
2003-11-30,tsx,7859.39990234375
2003-12-31,tsx,8220.900390625
2004-01-31,tsx,8521.400390625
2004-02-29,tsx,8788.5
2004-03-31,tsx,8585.900390625
2004-04-30,tsx,8244.0
2004-05-31,tsx,8417.2998046875
2004-06-30,tsx,8545.599609375
2004-07-31,tsx,8458.099609375
2004-08-31,tsx,8377.0
2004-09-30,tsx,8668.2998046875
2004-10-31,tsx,8871.0
2004-11-30,tsx,9030.099609375
2004-12-31,tsx,9246.7001953125
2005-01-31,tsx,9204.099609375
2005-02-28,tsx,9668.2998046875
2005-03-31,tsx,9612.400390625
2005-04-30,tsx,9369.2998046875
2005-05-31,tsx,9607.2998046875
2005-06-30,tsx,9902.7998046875
2005-07-31,tsx,10422.900390625
2005-08-31,tsx,10668.900390625
2005-09-30,tsx,11011.7998046875
2005-10-31,tsx,10383.2998046875
2005-11-30,tsx,10824.099609375
2005-12-31,tsx,11272.2998046875
2006-01-31,tsx,11945.599609375
2006-02-28,tsx,11688.2998046875
2006-03-31,tsx,12110.599609375
2006-04-30,tsx,12204.2001953125
2006-05-31,tsx,11744.5
2006-06-30,tsx,11612.900390625
2006-07-31,tsx,11831.0
2006-08-31,tsx,12073.7998046875
2006-09-30,tsx,11761.2998046875
2006-10-31,tsx,12344.599609375
2006-11-30,tsx,12752.400390625
2006-12-31,tsx,12908.400390625
2007-01-31,tsx,13034.099609375
2007-02-28,tsx,13045.0
2007-03-31,tsx,13165.5
2007-04-30,tsx,13416.7001953125
2007-05-31,tsx,14056.7998046875
2007-06-30,tsx,13906.599609375
2007-07-31,tsx,13868.599609375
2007-08-31,tsx,13660.5
2007-09-30,tsx,14098.900390625
2007-10-31,tsx,14625.0
2007-11-30,tsx,13689.099609375
2007-12-31,tsx,13833.099609375
2008-01-31,tsx,13155.099609375
2008-02-29,tsx,13582.7001953125
2008-03-31,tsx,13350.099609375
2008-04-30,tsx,13937.0
2008-05-31,tsx,14714.7001953125
2008-06-30,tsx,14467.0
2008-07-31,tsx,13592.900390625
2008-08-31,tsx,13771.2998046875
2008-09-30,tsx,11752.900390625
2008-10-31,tsx,9762.7998046875
2008-11-30,tsx,9270.599609375
2008-12-31,tsx,8987.7001953125
2009-01-31,tsx,8694.900390625
2009-02-28,tsx,8123.0
2009-03-31,tsx,8720.400390625
2009-04-30,tsx,9324.7998046875
2009-05-31,tsx,10370.099609375
2009-06-30,tsx,10374.900390625
2009-07-31,tsx,10787.2001953125
2009-08-31,tsx,10868.2001953125
2009-09-30,tsx,11395.0
2009-10-31,tsx,10910.7998046875
2009-11-30,tsx,11447.2001953125
2009-12-31,tsx,11746.099609375
2010-01-31,tsx,11094.2998046875
2010-02-28,tsx,11629.599609375
2010-03-31,tsx,12037.7001953125
2010-04-30,tsx,12210.7001953125
2010-05-31,tsx,11763.0
2010-06-30,tsx,11294.400390625
2010-07-31,tsx,11713.400390625
2010-08-31,tsx,11913.900390625
2010-09-30,tsx,12368.7001953125
2010-10-31,tsx,12676.2001953125
2010-11-30,tsx,12952.900390625
2010-12-31,tsx,13443.2001953125
2011-01-31,tsx,13552.0
2011-02-28,tsx,14136.5
2011-03-31,tsx,14116.099609375
2011-04-30,tsx,13944.7998046875
2011-05-31,tsx,13802.900390625
2011-06-30,tsx,13300.900390625
2011-07-31,tsx,12945.599609375
2011-08-31,tsx,12768.7001953125
2011-09-30,tsx,11623.7998046875
2011-10-31,tsx,12252.099609375
2011-11-30,tsx,12204.099609375
2011-12-31,tsx,11955.099609375
2012-01-31,tsx,12452.2001953125
2012-02-29,tsx,12644.0
2012-03-31,tsx,12392.2001953125
2012-04-30,tsx,12292.7001953125
2012-05-31,tsx,11513.2001953125
2012-06-30,tsx,11596.599609375
2012-07-31,tsx,11664.7001953125
2012-08-31,tsx,11949.2998046875
2012-09-30,tsx,12317.5
2012-10-31,tsx,12422.900390625
2012-11-30,tsx,12239.400390625
2012-12-31,tsx,12433.5
2013-01-31,tsx,12685.2001953125
2013-02-28,tsx,12821.7998046875
2013-03-31,tsx,12749.900390625
2013-04-30,tsx,12456.5
2013-05-31,tsx,12650.400390625
2013-06-30,tsx,12129.099609375
2013-07-31,tsx,12486.599609375
2013-08-31,tsx,12653.900390625
2013-09-30,tsx,12787.2001953125
2013-10-31,tsx,13361.2998046875
2013-11-30,tsx,13395.400390625
2013-12-31,tsx,13621.599609375
2014-01-31,tsx,13694.900390625
2014-02-28,tsx,14209.599609375
2014-03-31,tsx,14335.2998046875
2014-04-30,tsx,14651.900390625
2014-05-31,tsx,14604.2001953125
2014-06-30,tsx,15146.0
2014-07-31,tsx,15330.7001953125
2014-08-31,tsx,15625.7001953125
2014-09-30,tsx,14960.5
2014-10-31,tsx,14613.2998046875
2014-11-30,tsx,14744.7001953125
2014-12-31,tsx,14632.400390625
2015-01-31,tsx,14673.5
2015-02-28,tsx,15234.2998046875
2015-03-31,tsx,14902.400390625
2015-04-30,tsx,15224.5
2015-05-31,tsx,15014.099609375
2015-06-30,tsx,14553.2998046875
2015-07-31,tsx,14468.400390625
2015-08-31,tsx,13859.099609375
2015-09-30,tsx,13307.0
2015-10-31,tsx,13529.2001953125
2015-11-30,tsx,13469.7998046875
2015-12-31,tsx,13010.0
2016-01-31,tsx,12822.099609375
2016-02-29,tsx,12860.400390625
2016-03-31,tsx,13494.400390625
2016-04-30,tsx,13951.5
2016-05-31,tsx,14065.7998046875
2016-06-30,tsx,14064.5
2016-07-31,tsx,14582.7001953125
2016-08-31,tsx,14598.0
2016-09-30,tsx,14725.900390625
2016-10-31,tsx,14787.2998046875
2016-11-30,tsx,15082.900390625
2016-12-31,tsx,15287.599609375
2017-01-31,tsx,15386.0
2017-02-28,tsx,15399.2001953125
2017-03-31,tsx,15547.7998046875
2017-04-30,tsx,15586.099609375
2017-05-31,tsx,15349.900390625
2017-06-30,tsx,15182.2001953125
2017-07-31,tsx,15143.900390625
2017-08-31,tsx,15211.900390625
2017-09-30,tsx,15634.900390625
2017-10-31,tsx,16025.599609375
2017-11-30,tsx,16067.5
2017-12-31,tsx,16209.099609375
2018-01-31,tsx,15951.7001953125
2018-02-28,tsx,15442.7001953125
2018-03-31,tsx,15367.2998046875
2018-04-30,tsx,15607.900390625
2018-05-31,tsx,16061.5
2018-06-30,tsx,16277.7001953125
2018-07-31,tsx,16434.0
2018-08-31,tsx,16262.900390625
2018-09-30,tsx,16073.099609375
2018-10-31,tsx,15027.2998046875
2018-11-30,tsx,15197.7998046875
2018-12-31,tsx,14322.900390625
2019-01-31,tsx,15540.599609375
2019-02-28,tsx,15999.0
2019-03-31,tsx,16102.099609375
2019-04-30,tsx,16580.69921875
2019-05-31,tsx,16037.5
2019-06-30,tsx,16382.2001953125
2019-07-31,tsx,16406.599609375
2019-08-31,tsx,16442.099609375
2019-09-30,tsx,16658.599609375
2019-10-31,tsx,16483.19921875
2019-11-30,tsx,17040.19921875
2019-12-31,tsx,17063.400390625
2020-01-31,tsx,17318.5
2020-02-29,tsx,16263.099609375
2020-03-31,tsx,13378.7998046875
2020-04-30,tsx,14780.7001953125
2020-05-31,tsx,15192.7998046875
2020-06-30,tsx,15515.2001953125
2020-07-31,tsx,16169.2001953125
2020-08-31,tsx,16514.400390625
2020-09-30,tsx,16121.400390625
2020-10-31,tsx,15580.599609375
2020-11-30,tsx,17190.30078125
2020-12-31,tsx,17433.400390625
2021-01-31,tsx,17337.0
2021-02-28,tsx,18060.30078125
2021-03-31,tsx,18700.69921875
2021-04-30,tsx,19108.30078125
2021-05-31,tsx,19731.0
2021-06-30,tsx,20165.599609375
2021-07-31,tsx,20287.80078125
2021-08-31,tsx,20582.900390625
2021-09-30,tsx,20070.30078125
2021-10-31,tsx,21037.099609375
2021-11-30,tsx,20660.0
2021-12-31,tsx,21222.80078125
2022-01-31,tsx,21098.30078125
2022-02-28,tsx,21126.400390625
2022-03-31,tsx,21890.19921875
2022-04-30,tsx,20762.0
2022-05-31,tsx,20729.30078125
2022-06-30,tsx,18861.400390625
2022-07-31,tsx,19692.900390625
2022-08-31,tsx,19330.80078125
2022-09-30,tsx,18444.19921875
2022-10-31,tsx,19426.099609375
2022-11-30,tsx,20453.30078125
2022-12-31,tsx,19384.900390625
2023-01-31,tsx,20767.400390625
2023-02-28,tsx,20221.19921875
2023-03-31,tsx,20099.900390625
2023-04-30,tsx,20636.5
2023-05-31,tsx,19572.19921875
2023-06-30,tsx,20155.30078125
2023-07-31,tsx,20626.599609375
2023-08-31,tsx,20292.599609375
2023-09-30,tsx,19541.30078125
2023-10-31,tsx,18873.5
2023-11-30,tsx,20236.30078125
2023-12-31,tsx,20958.400390625
2024-01-31,tsx,21021.900390625
2024-02-29,tsx,21363.599609375
2024-03-31,tsx,22167.0
2024-04-30,tsx,21714.5
2024-05-31,tsx,22269.099609375
2024-06-30,tsx,21875.80078125
2024-07-31,tsx,23110.80078125
2024-08-31,tsx,23346.19921875
2024-09-30,tsx,24000.400390625
2024-10-31,tsx,24156.900390625
2024-11-30,tsx,25648.0
2024-12-31,tsx,24727.900390625
2025-01-31,tsx,25533.099609375
2025-02-28,tsx,25393.5
2025-03-31,tsx,24917.5
2025-04-30,tsx,24841.69921875
2025-05-31,tsx,26175.099609375
2025-06-30,tsx,26857.099609375
2025-07-31,tsx,27259.80078125
2025-08-31,tsx,28564.5
2025-09-30,tsx,30022.80078125
2025-10-31,tsx,30260.69921875
2025-11-30,tsx,31382.80078125
2025-12-31,tsx,31712.80078125
2026-01-31,tsx,31923.5
2026-02-28,tsx,34340.0
2026-03-31,tsx,32768.0
2026-04-30,tsx,33964.30078125
2026-05-31,tsx,34412.1015625
1997-07-31,twse,10066.302734375
1997-08-31,twse,9827.4453125
1997-09-30,twse,8708.7900390625
1997-10-31,twse,7313.3662109375
1997-11-30,twse,7797.154296875
1997-12-31,twse,8187.232421875
1998-01-31,twse,8085.4326171875
1998-02-28,twse,9202.517578125
1998-03-31,twse,9091.1181640625
1998-04-30,twse,8304.169921875
1998-05-31,twse,7903.302734375
1998-06-30,twse,7548.77490234375
1998-07-31,twse,7653.474609375
1998-08-31,twse,6550.07958984375
1998-09-30,twse,6833.91845703125
1998-10-31,twse,7101.427734375
1998-11-30,twse,7177.18701171875
1998-12-31,twse,6418.400390625
1999-01-31,twse,5983.97265625
1999-02-28,twse,6318.49072265625
1999-03-31,twse,6881.6884765625
1999-04-30,twse,7371.13623046875
1999-05-31,twse,7316.5361328125
1999-06-30,twse,8467.330078125
1999-07-31,twse,7413.07568359375
1999-08-31,twse,8157.6923828125
1999-09-30,twse,7598.7548828125
1999-10-31,twse,7706.634765625
1999-11-30,twse,7720.8349609375
1999-12-31,twse,8448.7998046875
2000-01-31,twse,9744.8447265625
2000-02-29,twse,9435.8984375
2000-03-31,twse,9854.9052734375
2000-04-30,twse,8824.3203125
2000-05-31,twse,8939.478515625
2000-06-30,twse,8265.0498046875
2000-07-31,twse,8114.88232421875
2000-08-31,twse,7616.94482421875
2000-09-30,twse,6432.330078125
2000-10-31,twse,5544.1552734375
2000-11-30,twse,5256.90625
2000-12-31,twse,4743.91845703125
2001-01-31,twse,5936.1728515625
2001-02-28,twse,5674.66455078125
2001-03-31,twse,5797.89404296875
2001-04-30,twse,5381.6455078125
2001-05-31,twse,5048.83642578125
2001-06-30,twse,4883.40771484375
2001-07-31,twse,4352.9599609375
2001-08-31,twse,4509.41943359375
2001-09-30,twse,3636.923095703125
2001-10-31,twse,3903.47216796875
2001-11-30,twse,4441.099609375
2001-12-31,twse,5551.21533203125
2002-01-31,twse,5872.11328125
2002-02-28,twse,5696.08447265625
2002-03-31,twse,6167.44140625
2002-04-30,twse,6065.7021484375
2002-05-31,twse,5675.62451171875
2002-06-30,twse,5153.68603515625
2002-07-31,twse,4940.357421875
2002-08-31,twse,4764.91845703125
2002-09-30,twse,4191.7900390625
2002-10-31,twse,4579.119140625
2002-11-30,twse,4646.6689453125
2002-12-31,twse,4452.4296875
2003-01-31,twse,5015.13671875
2003-02-28,twse,4432.43994140625
2003-03-31,twse,4321.2001953125
2003-04-30,twse,4148.0498046875
2003-05-31,twse,4555.87890625
2003-06-30,twse,4872.12744140625
2003-07-31,twse,5318.31591796875
2003-08-31,twse,5650.8046875
2003-09-30,twse,5611.384765625
2003-10-31,twse,6045.09228515625
2003-11-30,twse,5771.744140625
2003-12-31,twse,5890.6630859375
2004-01-31,twse,6375.35009765625
2004-02-29,twse,6750.5087890625
2004-03-31,twse,6522.15966796875
2004-04-30,twse,6117.7822265625
2004-05-31,twse,5977.8125
2004-06-30,twse,5839.4130859375
2004-07-31,twse,5420.544921875
2004-08-31,twse,5765.51416015625
2004-09-30,twse,5845.6630859375
2004-10-31,twse,5705.90478515625
2004-11-30,twse,5844.73291015625
2004-12-31,twse,6139.662109375
2005-01-31,twse,5994.2021484375
2005-02-28,twse,6207.80126953125
2005-03-31,twse,6005.85205078125
2005-04-30,twse,5818.04345703125
2005-05-31,twse,6011.5322265625
2005-06-30,twse,6241.9111328125
2005-07-31,twse,6311.95068359375
2005-08-31,twse,6033.4423828125
2005-09-30,twse,6118.58203125
2005-10-31,twse,5764.27392578125
2005-11-30,twse,6203.44140625
2005-12-31,twse,6548.3095703125
2006-01-31,twse,6532.14990234375
2006-02-28,twse,6561.599609375
2006-03-31,twse,6613.93994140625
2006-04-30,twse,7171.73681640625
2006-05-31,twse,6846.91845703125
2006-06-30,twse,6704.37890625
2006-07-31,twse,6454.55029296875
2006-08-31,twse,6611.73974609375
2006-09-30,twse,6883.01806640625
2006-10-31,twse,7021.2880859375
2006-11-30,twse,7567.68505859375
2006-12-31,twse,7823.68408203125
2007-01-31,twse,7699.60498046875
2007-02-28,twse,7901.9228515625
2007-03-31,twse,7884.373046875
2007-04-30,twse,7875.38330078125
2007-05-31,twse,8144.91259765625
2007-06-30,twse,8883.1689453125
2007-07-31,twse,9287.2080078125
2007-08-31,twse,8982.119140625
2007-09-30,twse,9411.908203125
2007-10-31,twse,9711.3251953125
2007-11-30,twse,8586.3603515625
2007-12-31,twse,8506.240234375
2008-01-31,twse,7521.09521484375
2008-02-29,twse,8412.7197265625
2008-03-31,twse,8572.5498046875
2008-04-30,twse,8919.87890625
2008-05-31,twse,8619.0400390625
2008-06-30,twse,7523.50537109375
2008-07-31,twse,7024.0283203125
2008-08-31,twse,7046.078125
2008-09-30,twse,5719.25439453125
2008-10-31,twse,4870.6376953125
2008-11-30,twse,4460.4697265625
2008-12-31,twse,4591.19921875
2009-01-31,twse,4247.9501953125
2009-02-28,twse,4557.12890625
2009-03-31,twse,5210.81591796875
2009-04-30,twse,5992.5419921875
2009-05-31,twse,6890.408203125
2009-06-30,twse,6432.13037109375
2009-07-31,twse,7077.677734375
2009-08-31,twse,6825.9189453125
2009-09-30,twse,7509.1357421875
2009-10-31,twse,7340.04638671875
2009-11-30,twse,7582.1748046875
2009-12-31,twse,8188.072265625
2010-01-31,twse,7640.40478515625
2010-02-28,twse,7436.06591796875
2010-03-31,twse,7920.02294921875
2010-04-30,twse,8004.21240234375
2010-05-31,twse,7373.94580078125
2010-06-30,twse,7329.33642578125
2010-07-31,twse,7760.59423828125
2010-08-31,twse,7616.24462890625
2010-09-30,twse,8237.740234375
2010-10-31,twse,8287.0498046875
2010-11-30,twse,8372.4404296875
2010-12-31,twse,8972.458984375
2011-01-31,twse,9145.3076171875
2011-02-28,twse,8599.6103515625
2011-03-31,twse,8683.259765625
2011-04-30,twse,9007.8291015625
2011-05-31,twse,8988.798828125
2011-06-30,twse,8652.5498046875
2011-07-31,twse,8644.1396484375
2011-08-31,twse,7741.32421875
2011-09-30,twse,7225.3466796875
2011-10-31,twse,7587.65478515625
2011-11-30,twse,6904.08837890625
2011-12-31,twse,7072.04833984375
2012-01-31,twse,7517.04541015625
2012-02-29,twse,8121.40234375
2012-03-31,twse,7932.962890625
2012-04-30,twse,7501.68603515625
2012-05-31,twse,7301.46630859375
2012-06-30,twse,7296.24609375
2012-07-31,twse,7270.45654296875
2012-08-31,twse,7397.02587890625
2012-09-30,twse,7715.125
2012-10-31,twse,7166.01708984375
2012-11-30,twse,7580.134765625
2012-12-31,twse,7699.46484375
2013-01-31,twse,7849.98388671875
2013-02-28,twse,7897.94287109375
2013-03-31,twse,7918.57275390625
2013-04-30,twse,8093.62255859375
2013-05-31,twse,8254.759765625
2013-06-30,twse,8062.17236328125
2013-07-31,twse,8107.90234375
2013-08-31,twse,8021.8525390625
2013-09-30,twse,8173.83251953125
2013-10-31,twse,8450.01953125
2013-11-30,twse,8406.7900390625
2013-12-31,twse,8611.4697265625
2014-01-31,twse,8462.5302734375
2014-02-28,twse,8639.5400390625
2014-03-31,twse,8849.240234375
2014-04-30,twse,8791.400390625
2014-05-31,twse,9075.8681640625
2014-06-30,twse,9393.0283203125
2014-07-31,twse,9315.8076171875
2014-08-31,twse,9436.2275390625
2014-09-30,twse,8966.87890625
2014-10-31,twse,8974.71875
2014-11-30,twse,9187.1083984375
2014-12-31,twse,9307.2177734375
2015-01-31,twse,9361.8681640625
2015-02-28,twse,9622.0556640625
2015-03-31,twse,9586.396484375
2015-04-30,twse,9820.0048828125
2015-05-31,twse,9701.025390625
2015-06-30,twse,9322.9775390625
2015-07-31,twse,8665.2998046875
2015-08-31,twse,8174.88232421875
2015-09-30,twse,8181.20263671875
2015-10-31,twse,8554.26953125
2015-11-30,twse,8320.5703125
2015-12-31,twse,8338.01953125
2016-01-31,twse,8080.5625
2016-02-29,twse,8411.1328125
2016-03-31,twse,8744.802734375
2016-04-30,twse,8377.873046875
2016-05-31,twse,8535.5625
2016-06-30,twse,8666.5595703125
2016-07-31,twse,8984.388671875
2016-08-31,twse,9068.8291015625
2016-09-30,twse,9166.8291015625
2016-10-31,twse,9290.099609375
2016-11-30,twse,9240.6953125
2016-12-31,twse,9253.4931640625
2017-01-31,twse,9447.943359375
2017-02-28,twse,9750.462890625
2017-03-31,twse,9811.5126953125
2017-04-30,twse,9871.9931640625
2017-05-31,twse,10040.7197265625
2017-06-30,twse,10395.0703125
2017-07-31,twse,10427.330078125
2017-08-31,twse,10585.7802734375
2017-09-30,twse,10329.9404296875
2017-10-31,twse,10793.7998046875
2017-11-30,twse,10560.4404296875
2017-12-31,twse,10642.8603515625
2018-01-31,twse,11103.7900390625
2018-02-28,twse,10815.4697265625
2018-03-31,twse,10906.2197265625
2018-04-30,twse,10657.8798828125
2018-05-31,twse,10874.9599609375
2018-06-30,twse,10836.91015625
2018-07-31,twse,11057.509765625
2018-08-31,twse,11063.9404296875
2018-09-30,twse,11006.33984375
2018-10-31,twse,9802.1298828125
2018-11-30,twse,9888.0302734375
2018-12-31,twse,9727.41015625
2019-01-31,twse,9932.259765625
2019-02-28,twse,10389.169921875
2019-03-31,twse,10641.0400390625
2019-04-30,twse,10967.73046875
2019-05-31,twse,10498.490234375
2019-06-30,twse,10730.830078125
2019-07-31,twse,10823.8095703125
2019-08-31,twse,10618.0498046875
2019-09-30,twse,10829.6796875
2019-10-31,twse,11358.7099609375
2019-11-30,twse,11489.5703125
2019-12-31,twse,11997.1396484375
2020-01-31,twse,11495.099609375
2020-02-29,twse,11292.169921875
2020-03-31,twse,9708.0595703125
2020-04-30,twse,10992.1396484375
2020-05-31,twse,10942.16015625
2020-06-30,twse,11621.240234375
2020-07-31,twse,12664.7998046875
2020-08-31,twse,12591.4501953125
2020-09-30,twse,12515.6103515625
2020-10-31,twse,12546.33984375
2020-11-30,twse,13722.8896484375
2020-12-31,twse,14732.5302734375
2021-01-31,twse,15138.3095703125
2021-02-28,twse,15953.7998046875
2021-03-31,twse,16431.130859375
2021-04-30,twse,17566.66015625
2021-05-31,twse,17068.4296875
2021-06-30,twse,17755.4609375
2021-07-31,twse,17247.41015625
2021-08-31,twse,17490.2890625
2021-09-30,twse,16934.76953125
2021-10-31,twse,16987.41015625
2021-11-30,twse,17427.759765625
2021-12-31,twse,18218.83984375
2022-01-31,twse,17674.400390625
2022-02-28,twse,17652.1796875
2022-03-31,twse,17693.470703125
2022-04-30,twse,16592.1796875
2022-05-31,twse,16807.76953125
2022-06-30,twse,14825.73046875
2022-07-31,twse,15000.0703125
2022-08-31,twse,15095.4404296875
2022-09-30,twse,13424.580078125
2022-10-31,twse,12949.75
2022-11-30,twse,14879.5498046875
2022-12-31,twse,14137.6904296875
2023-01-31,twse,15265.2001953125
2023-02-28,twse,15503.7900390625
2023-03-31,twse,15868.0595703125
2023-04-30,twse,15579.1796875
2023-05-31,twse,16578.9609375
2023-06-30,twse,16915.5390625
2023-07-31,twse,17145.4296875
2023-08-31,twse,16634.509765625
2023-09-30,twse,16353.740234375
2023-10-31,twse,16001.26953125
2023-11-30,twse,17433.849609375
2023-12-31,twse,17930.810546875
2024-01-31,twse,17889.560546875
2024-02-29,twse,18966.76953125
2024-03-31,twse,20294.44921875
2024-04-30,twse,20396.599609375
2024-05-31,twse,21174.220703125
2024-06-30,twse,23032.25
2024-07-31,twse,22199.349609375
2024-08-31,twse,22268.08984375
2024-09-30,twse,22224.5390625
2024-10-31,twse,22820.4296875
2024-11-30,twse,22262.5
2024-12-31,twse,23035.099609375
2025-01-31,twse,23525.41015625
2025-02-28,twse,23053.1796875
2025-03-31,twse,20695.900390625
2025-04-30,twse,20235.029296875
2025-05-31,twse,21347.30078125
2025-06-30,twse,22256.01953125
2025-07-31,twse,23542.51953125
2025-08-31,twse,24233.099609375
2025-09-30,twse,25820.5390625
2025-10-31,twse,28233.349609375
2025-11-30,twse,27626.48046875
2025-12-31,twse,28963.599609375
2026-01-31,twse,32063.75
2026-02-28,twse,35414.48828125
2026-03-31,twse,31722.990234375
2026-04-30,twse,38926.62890625
2026-05-31,twse,43636.44140625
1989-01-31,wilshire5000,2917.260009765625
1989-02-28,wilshire5000,2857.860107421875
1989-03-31,wilshire5000,2915.070068359375
1989-04-30,wilshire5000,3053.1298828125
1989-05-31,wilshire5000,3162.610107421875
1989-06-30,wilshire5000,3137.010009765625
1989-07-31,wilshire5000,3377.39990234375
1989-08-31,wilshire5000,3440.840087890625
1989-09-30,wilshire5000,3426.659912109375
1989-10-31,wilshire5000,3320.35009765625
1989-11-30,wilshire5000,3367.639892578125
1989-12-31,wilshire5000,3419.8798828125
1990-01-31,wilshire5000,3163.300048828125
1990-02-28,wilshire5000,3201.199951171875
1990-03-31,wilshire5000,3273.4599609375
1990-04-30,wilshire5000,3172.330078125
1990-05-31,wilshire5000,3448.47998046875
1990-06-30,wilshire5000,3424.3701171875
1990-07-31,wilshire5000,3384.360107421875
1990-08-31,wilshire5000,3053.60009765625
1990-09-30,wilshire5000,2879.340087890625
1990-10-31,wilshire5000,2833.989990234375
1990-11-30,wilshire5000,3015.02001953125
1990-12-31,wilshire5000,3101.360107421875
1991-01-31,wilshire5000,3245.35009765625
1991-02-28,wilshire5000,3484.85009765625
1991-03-31,wilshire5000,3583.669921875
1991-04-30,wilshire5000,3587.919921875
1991-05-31,wilshire5000,3719.300048828125
1991-06-30,wilshire5000,3545.469970703125
1991-07-31,wilshire5000,3705.889892578125
1991-08-31,wilshire5000,3795.0400390625
1991-09-30,wilshire5000,3743.97998046875
1991-10-31,wilshire5000,3807.080078125
1991-11-30,wilshire5000,3649.989990234375
1991-12-31,wilshire5000,4041.10009765625
1992-01-31,wilshire5000,4027.77001953125
1992-02-29,wilshire5000,4071.25
1992-03-31,wilshire5000,3961.550048828125
1992-04-30,wilshire5000,4008.7099609375
1992-05-31,wilshire5000,4021.510009765625
1992-06-30,wilshire5000,3930.330078125
1992-07-31,wilshire5000,4083.85009765625
1992-08-31,wilshire5000,3985.0
1992-09-30,wilshire5000,4024.360107421875
1992-10-31,wilshire5000,4067.780029296875
1992-11-30,wilshire5000,4223.41015625
1992-12-31,wilshire5000,4289.740234375
1993-01-31,wilshire5000,4336.919921875
1993-02-28,wilshire5000,4342.8701171875
1993-03-31,wilshire5000,4444.2998046875
1993-04-30,wilshire5000,4316.1201171875
1993-05-31,wilshire5000,4438.5498046875
1993-06-30,wilshire5000,4449.56982421875
1993-07-31,wilshire5000,4443.27978515625
1993-08-31,wilshire5000,4601.5498046875
1993-09-30,wilshire5000,4601.83984375
1993-10-31,wilshire5000,4672.77001953125
1993-11-30,wilshire5000,4583.81982421875
1993-12-31,wilshire5000,4657.830078125
1994-01-31,wilshire5000,4798.06982421875
1994-02-28,wilshire5000,4678.39013671875
1994-03-31,wilshire5000,4457.68994140625
1994-04-30,wilshire5000,4494.72021484375
1994-05-31,wilshire5000,4525.52001953125
1994-06-30,wilshire5000,4395.22021484375
1994-07-31,wilshire5000,4519.7998046875
1994-08-31,wilshire5000,4705.9599609375
1994-09-30,wilshire5000,4605.81982421875
1994-10-31,wilshire5000,4674.18017578125
1994-11-30,wilshire5000,4490.580078125
1994-12-31,wilshire5000,4540.6201171875
1995-01-31,wilshire5000,4631.39990234375
1995-02-28,wilshire5000,4803.89990234375
1995-03-31,wilshire5000,4920.419921875
1995-04-30,wilshire5000,5035.89013671875
1995-05-31,wilshire5000,5192.7998046875
1995-06-30,wilshire5000,5348.77001953125
1995-07-31,wilshire5000,5561.85986328125
1995-08-31,wilshire5000,5602.27978515625
1995-09-30,wilshire5000,5806.6298828125
1995-10-31,wilshire5000,5740.8701171875
1995-11-30,wilshire5000,5969.990234375
1995-12-31,wilshire5000,6057.2001953125
1996-01-31,wilshire5000,6211.81982421875
1996-02-29,wilshire5000,6307.25
1996-03-31,wilshire5000,6365.89013671875
1996-04-30,wilshire5000,6514.7900390625
1996-05-31,wilshire5000,6677.35009765625
1996-06-30,wilshire5000,6612.77001953125
1996-07-31,wilshire5000,6247.02978515625
1996-08-31,wilshire5000,6434.02001953125
1996-09-30,wilshire5000,6765.64990234375
1996-10-31,wilshire5000,6851.330078125
1996-11-30,wilshire5000,7292.16015625
1996-12-31,wilshire5000,7198.2900390625
1997-01-31,wilshire5000,7575.7900390625
1997-02-28,wilshire5000,7559.419921875
1997-03-31,wilshire5000,7213.52978515625
1997-04-30,wilshire5000,7519.2900390625
1997-05-31,wilshire5000,8038.5
1997-06-30,wilshire5000,8396.8701171875
1997-07-31,wilshire5000,9031.4296875
1997-08-31,wilshire5000,8679.98046875
1997-09-30,wilshire5000,9180.2099609375
1997-10-31,wilshire5000,8865.25
1997-11-30,wilshire5000,9142.4296875
1997-12-31,wilshire5000,9298.1904296875
1998-01-31,wilshire5000,9340.7998046875
1998-02-28,wilshire5000,10006.4404296875
1998-03-31,wilshire5000,10494.7197265625
1998-04-30,wilshire5000,10609.6103515625
1998-05-31,wilshire5000,10314.1796875
1998-06-30,wilshire5000,10663.6103515625
1998-07-31,wilshire5000,10420.259765625
1998-08-31,wilshire5000,8785.7099609375
1998-09-30,wilshire5000,9346.8095703125
1998-10-31,wilshire5000,10032.1904296875
1998-11-30,wilshire5000,10650.2001953125
1998-12-31,wilshire5000,11317.58984375
1999-01-31,wilshire5000,11724.830078125
1999-02-28,wilshire5000,11286.080078125
1999-03-31,wilshire5000,11707.669921875
1999-04-30,wilshire5000,12259.3603515625
1999-05-31,wilshire5000,11976.75
1999-06-30,wilshire5000,12583.599609375
1999-07-31,wilshire5000,12189.83984375
1999-08-31,wilshire5000,12042.23046875
1999-09-30,wilshire5000,11713.7998046875
1999-10-31,wilshire5000,12449.400390625
1999-11-30,wilshire5000,12851.9296875
1999-12-31,wilshire5000,13812.669921875
2000-01-31,wilshire5000,13230.6201171875
2000-02-29,wilshire5000,13511.0
2000-03-31,wilshire5000,14296.1796875
2000-04-30,wilshire5000,13541.7001953125
2000-05-31,wilshire5000,13052.9599609375
2000-06-30,wilshire5000,13618.5
2000-07-31,wilshire5000,13330.3095703125
2000-08-31,wilshire5000,14280.0400390625
2000-09-30,wilshire5000,13613.330078125
2000-10-31,wilshire5000,13314.6796875
2000-11-30,wilshire5000,11976.240234375
2000-12-31,wilshire5000,12175.8798828125
2001-01-31,wilshire5000,12631.3603515625
2001-02-28,wilshire5000,11425.2900390625
2001-03-31,wilshire5000,10645.849609375
2001-04-30,wilshire5000,11512.4599609375
2001-05-31,wilshire5000,11610.2197265625
2001-06-30,wilshire5000,11407.150390625
2001-07-31,wilshire5000,11208.509765625
2001-08-31,wilshire5000,10515.08984375
2001-09-30,wilshire5000,9562.9501953125
2001-10-31,wilshire5000,9796.8603515625
2001-11-30,wilshire5000,10531.4501953125
2001-12-31,wilshire5000,10707.6796875
2002-01-31,wilshire5000,10564.6904296875
2002-02-28,wilshire5000,10332.8896484375
2002-03-31,wilshire5000,10775.740234375
2002-04-30,wilshire5000,10241.1796875
2002-05-31,wilshire5000,10106.490234375
2002-06-30,wilshire5000,9384.0302734375
2002-07-31,wilshire5000,8616.9404296875
2002-08-31,wilshire5000,8654.0400390625
2002-09-30,wilshire5000,7773.6298828125
2002-10-31,wilshire5000,8357.3203125
2002-11-30,wilshire5000,8846.7099609375
2002-12-31,wilshire5000,8343.1904296875
2003-01-31,wilshire5000,8125.06982421875
2003-02-28,wilshire5000,7972.60009765625
2003-03-31,wilshire5000,8051.85986328125
2003-04-30,wilshire5000,8701.9697265625
2003-05-31,wilshire5000,9218.8896484375
2003-06-30,wilshire5000,9342.419921875
2003-07-31,wilshire5000,9555.1904296875
2003-08-31,wilshire5000,9770.5595703125
2003-09-30,wilshire5000,9649.6796875
2003-10-31,wilshire5000,10224.51953125
2003-11-30,wilshire5000,10352.2197265625
2003-12-31,wilshire5000,10799.6298828125
2004-01-31,wilshire5000,11029.2001953125
2004-02-29,wilshire5000,11172.8896484375
2004-03-31,wilshire5000,11039.419921875
2004-04-30,wilshire5000,10793.66015625
2004-05-31,wilshire5000,10926.3603515625
2004-06-30,wilshire5000,11138.91015625
2004-07-31,wilshire5000,10701.650390625
2004-08-31,wilshire5000,10719.150390625
2004-09-30,wilshire5000,10895.48046875
2004-10-31,wilshire5000,11068.9501953125
2004-11-30,wilshire5000,11568.5400390625
2004-12-31,wilshire5000,11971.1396484375
2005-01-31,wilshire5000,11642.5703125
2005-02-28,wilshire5000,11863.48046875
2005-03-31,wilshire5000,11638.26953125
2005-04-30,wilshire5000,11363.51953125
2005-05-31,wilshire5000,11787.8095703125
2005-06-30,wilshire5000,11876.740234375
2005-07-31,wilshire5000,12360.8095703125
2005-08-31,wilshire5000,12217.1298828125
2005-09-30,wilshire5000,12289.259765625
2005-10-31,wilshire5000,12063.240234375
2005-11-30,wilshire5000,12521.919921875
2005-12-31,wilshire5000,12517.6904296875
2006-01-31,wilshire5000,12953.6298828125
2006-02-28,wilshire5000,12922.26953125
2006-03-31,wilshire5000,13155.4404296875
2006-04-30,wilshire5000,13280.9296875
2006-05-31,wilshire5000,12841.6904296875
2006-06-30,wilshire5000,12849.2900390625
2006-07-31,wilshire5000,12789.669921875
2006-08-31,wilshire5000,13062.5400390625
2006-09-30,wilshire5000,13345.9697265625
2006-10-31,wilshire5000,13829.0703125
2006-11-30,wilshire5000,14116.7099609375
2006-12-31,wilshire5000,14257.5498046875
2007-01-31,wilshire5000,14531.919921875
2007-02-28,wilshire5000,14271.6103515625
2007-03-31,wilshire5000,14409.26953125
2007-04-30,wilshire5000,14952.349609375
2007-05-31,wilshire5000,15462.16015625
2007-06-30,wilshire5000,15210.650390625
2007-07-31,wilshire5000,14682.66015625
2007-08-31,wilshire5000,14847.7001953125
2007-09-30,wilshire5000,15362.01953125
2007-10-31,wilshire5000,15673.3603515625
2007-11-30,wilshire5000,14932.669921875
2007-12-31,wilshire5000,14819.580078125
2008-01-31,wilshire5000,13896.650390625
2008-02-29,wilshire5000,13455.9599609375
2008-03-31,wilshire5000,13332.009765625
2008-04-30,wilshire5000,13991.1201171875
2008-05-31,wilshire5000,14260.759765625
2008-06-30,wilshire5000,13073.5400390625
2008-07-31,wilshire5000,12946.8896484375
2008-08-31,wilshire5000,13124.490234375
2008-09-30,wilshire5000,11875.41015625
2008-10-31,wilshire5000,9768.6396484375
2008-11-30,wilshire5000,8945.2197265625
2008-12-31,wilshire5000,9087.169921875
2009-01-31,wilshire5000,8335.6396484375
2009-02-28,wilshire5000,7473.97021484375
2009-03-31,wilshire5000,8113.14013671875
2009-04-30,wilshire5000,8962.6103515625
2009-05-31,wilshire5000,9408.2900390625
2009-06-30,wilshire5000,9428.1201171875
2009-07-31,wilshire5000,10158.3896484375
2009-08-31,wilshire5000,10512.3095703125
2009-09-30,wilshire5000,10945.1103515625
2009-10-31,wilshire5000,10655.4697265625
2009-11-30,wilshire5000,11207.2197265625
2009-12-31,wilshire5000,11548.41015625
2010-01-31,wilshire5000,11151.150390625
2010-02-28,wilshire5000,11512.259765625
2010-03-31,wilshire5000,12222.1904296875
2010-04-30,wilshire5000,12477.2099609375
2010-05-31,wilshire5000,11466.1904296875
2010-06-30,wilshire5000,10823.2001953125
2010-07-31,wilshire5000,11568.3701171875
2010-08-31,wilshire5000,11001.080078125
2010-09-30,wilshire5000,12020.580078125
2010-10-31,wilshire5000,12489.0595703125
2010-11-30,wilshire5000,12541.0302734375
2010-12-31,wilshire5000,13360.080078125
2011-01-31,wilshire5000,13617.33984375
2011-02-28,wilshire5000,14072.099609375
2011-03-31,wilshire5000,14101.1904296875
2011-04-30,wilshire5000,14495.2802734375
2011-05-31,wilshire5000,14287.3095703125
2011-06-30,wilshire5000,14023.0498046875
2011-07-31,wilshire5000,13701.4697265625
2011-08-31,wilshire5000,12856.2001953125
2011-09-30,wilshire5000,11842.080078125
2011-10-31,wilshire5000,13191.0498046875
2011-11-30,wilshire5000,13101.1298828125
2011-12-31,wilshire5000,13189.599609375
2012-01-31,wilshire5000,13839.0703125
2012-02-29,wilshire5000,14400.330078125
2012-03-31,wilshire5000,14805.349609375
2012-04-30,wilshire5000,14689.5400390625
2012-05-31,wilshire5000,13740.240234375
2012-06-30,wilshire5000,14258.26953125
2012-07-31,wilshire5000,14370.2099609375
2012-08-31,wilshire5000,14680.580078125
2012-09-30,wilshire5000,15044.1396484375
2012-10-31,wilshire5000,14773.0595703125
2012-11-30,wilshire5000,14848.0400390625
2012-12-31,wilshire5000,14995.0703125
2013-01-31,wilshire5000,15824.2099609375
2013-02-28,wilshire5000,15993.4501953125
2013-03-31,wilshire5000,16598.169921875
2013-04-30,wilshire5000,16864.279296875
2013-05-31,wilshire5000,17212.259765625
2013-06-30,wilshire5000,16992.08984375
2013-07-31,wilshire5000,17890.390625
2013-08-31,wilshire5000,17352.080078125
2013-09-30,wilshire5000,17982.4296875
2013-10-31,wilshire5000,18711.919921875
2013-11-30,wilshire5000,19201.9609375
2013-12-31,wilshire5000,19706.029296875
2014-01-31,wilshire5000,19105.240234375
2014-02-28,wilshire5000,19946.83984375
2014-03-31,wilshire5000,19996.009765625
2014-04-30,wilshire5000,19959.83984375
2014-05-31,wilshire5000,20348.349609375
2014-06-30,wilshire5000,20862.740234375
2014-07-31,wilshire5000,20410.810546875
2014-08-31,wilshire5000,21233.830078125
2014-09-30,wilshire5000,20760.4609375
2014-10-31,wilshire5000,21256.740234375
2014-11-30,wilshire5000,21731.1796875
2014-12-31,wilshire5000,21669.859375
2015-01-31,wilshire5000,21060.439453125
2015-02-28,wilshire5000,22212.33984375
2015-03-31,wilshire5000,21947.91015625
2015-04-30,wilshire5000,22034.2890625
2015-05-31,wilshire5000,22259.69921875
2015-06-30,wilshire5000,21841.75
2015-07-31,wilshire5000,22180.080078125
2015-08-31,wilshire5000,20802.9609375
2015-09-30,wilshire5000,20119.279296875
2015-10-31,wilshire5000,21648.509765625
2015-11-30,wilshire5000,21658.55078125
2015-12-31,wilshire5000,21167.859375
2016-01-31,wilshire5000,19926.099609375
2016-02-29,wilshire5000,19864.01953125
2016-03-31,wilshire5000,21224.3203125
2016-04-30,wilshire5000,21377.58984375
2016-05-31,wilshire5000,21701.470703125
2016-06-30,wilshire5000,21711.380859375
2016-07-31,wilshire5000,22547.919921875
2016-08-31,wilshire5000,22561.220703125
2016-09-30,wilshire5000,22576.669921875
2016-10-31,wilshire5000,22072.490234375
2016-11-30,wilshire5000,22991.0703125
2016-12-31,wilshire5000,23425.859375
2017-01-31,wilshire5000,23847.2109375
2017-02-28,wilshire5000,24609.7890625
2017-03-31,wilshire5000,24624.720703125
2017-04-30,wilshire5000,24878.48046875
2017-05-31,wilshire5000,25041.33984375
2017-06-30,wilshire5000,25230.41015625
2017-07-31,wilshire5000,25685.189453125
2017-08-31,wilshire5000,25657.9609375
2017-09-30,wilshire5000,26233.33984375
2017-10-31,wilshire5000,26760.189453125
2017-11-30,wilshire5000,27493.380859375
2017-12-31,wilshire5000,27794.169921875
2018-01-31,wilshire5000,29237.48046875
2018-02-28,wilshire5000,28117.01953125
2018-03-31,wilshire5000,27410.720703125
2018-04-30,wilshire5000,27520.94921875
2018-05-31,wilshire5000,28218.4609375
2018-06-30,wilshire5000,28394.130859375
2018-07-31,wilshire5000,29295.75
2018-08-31,wilshire5000,30274.529296875
2018-09-30,wilshire5000,30259.8203125
2018-10-31,wilshire5000,27980.900390625
2018-11-30,wilshire5000,28448.869140625
2018-12-31,wilshire5000,25749.720703125
2019-01-31,wilshire5000,27992.41015625
2019-02-28,wilshire5000,28903.30078125
2019-03-31,wilshire5000,29266.91015625
2019-04-30,wilshire5000,30410.01953125
2019-05-31,wilshire5000,28369.390625
2019-06-30,wilshire5000,30268.05078125
2019-07-31,wilshire5000,30684.8203125
2019-08-31,wilshire5000,29925.349609375
2019-09-30,wilshire5000,30351.919921875
2019-10-31,wilshire5000,30945.630859375
2019-11-30,wilshire5000,32025.859375
2019-12-31,wilshire5000,32886.73828125
2020-01-31,wilshire5000,32838.19140625
2020-02-29,wilshire5000,30125.0703125
2020-03-31,wilshire5000,25899.9296875
2020-04-30,wilshire5000,29365.490234375
2020-05-31,wilshire5000,30927.0390625
2020-06-30,wilshire5000,31630.509765625
2020-07-31,wilshire5000,33393.390625
2020-08-31,wilshire5000,35807.66015625
2020-09-30,wilshire5000,34480.26953125
2020-10-31,wilshire5000,33724.80859375
2020-11-30,wilshire5000,37839.6484375
2020-12-31,wilshire5000,39456.66015625
2021-01-31,wilshire5000,39396.171875
2021-02-28,wilshire5000,40508.6796875
2021-03-31,wilshire5000,41741.87109375
2021-04-30,wilshire5000,43870.08984375
2021-05-31,wilshire5000,43966.359375
2021-06-30,wilshire5000,45113.859375
2021-07-31,wilshire5000,45708.0
2021-08-31,wilshire5000,46979.62890625
2021-09-30,wilshire5000,44850.03125
2021-10-31,wilshire5000,47795.08984375
2021-11-30,wilshire5000,46936.078125
2021-12-31,wilshire5000,48461.16015625
2022-01-31,wilshire5000,45416.46875
2022-02-28,wilshire5000,44259.2109375
2022-03-31,wilshire5000,45606.671875
2022-04-30,wilshire5000,41343.96875
2022-05-31,wilshire5000,41084.8984375
2022-06-30,wilshire5000,37564.23046875
2022-07-31,wilshire5000,41119.578125
2022-08-31,wilshire5000,39560.859375
2022-09-30,wilshire5000,35836.921875
2022-10-31,wilshire5000,38702.5
2022-11-30,wilshire5000,40552.421875
2022-12-31,wilshire5000,38073.94140625
2023-01-31,wilshire5000,40724.9609375
2023-02-28,wilshire5000,39704.37890625
2023-03-31,wilshire5000,40708.41015625
2023-04-30,wilshire5000,41064.05078125
2023-05-31,wilshire5000,42053.1796875
2023-06-30,wilshire5000,44883.609375
2023-07-31,wilshire5000,46450.21875
2023-08-31,wilshire5000,45468.4296875
2023-09-30,wilshire5000,43249.30078125
2023-10-31,wilshire5000,42059.94921875
2023-11-30,wilshire5000,45900.8984375
2023-12-31,wilshire5000,48295.37890625
2024-01-31,wilshire5000,48769.87109375
2024-02-29,wilshire5000,51321.23046875
2024-03-31,wilshire5000,52915.8203125
2024-04-30,wilshire5000,50572.37890625
2024-05-31,wilshire5000,52875.51953125
2024-06-30,wilshire5000,54470.66015625
2024-07-31,wilshire5000,55429.83984375
2024-08-31,wilshire5000,56554.44140625
2024-09-30,wilshire5000,57636.94140625
2024-10-31,wilshire5000,57178.6796875
2024-11-30,wilshire5000,60880.73828125
2024-12-31,wilshire5000,58970.01953125
2025-01-31,wilshire5000,60775.19921875
2025-02-28,wilshire5000,59524.46875
2025-03-31,wilshire5000,55933.390625
2025-04-30,wilshire5000,55521.828125
2025-05-31,wilshire5000,58996.7890625
2025-06-30,wilshire5000,61940.58984375
2025-07-31,wilshire5000,63290.8984375
2025-08-31,wilshire5000,64683.390625
2025-09-30,wilshire5000,66847.84375
2025-10-31,wilshire5000,68237.109375
2025-11-30,wilshire5000,68336.328125
2025-12-31,wilshire5000,68208.6796875
2026-01-31,wilshire5000,69262.9921875
2026-02-28,wilshire5000,68850.0234375
2026-03-31,wilshire5000,65362.51953125
2026-04-30,wilshire5000,72051.96875
2026-05-31,wilshire5000,75654.2265625
