date,price
1997-07-01,1527.0699462890625
1997-07-02,1503.5899658203125
1997-07-03,1493.530029296875
1997-07-04,1504.800048828125
1997-07-07,1547.6400146484375
1997-07-08,1548.1800537109375
1997-07-09,1576.3299560546875
1997-07-10,1575.300048828125
1997-07-11,1591.43994140625
1997-07-14,1600.9000244140625
1997-07-15,1590.3299560546875
1997-07-16,1572.8699951171875
1997-07-17,1556.4599609375
1997-07-18,1537.0899658203125
1997-07-21,1535.68994140625
1997-07-22,1535.81005859375
1997-07-23,1543.22998046875
1997-07-24,1569.1500244140625
1997-07-25,1601.3900146484375
1997-07-28,1623.43994140625
1997-07-29,1592.010009765625
1997-07-30,1584.1700439453125
1997-07-31,1598.3399658203125
1997-08-01,1591.449951171875
1997-08-04,1586.8499755859375
1997-08-05,1584.9100341796875
1997-08-06,1611.4599609375
1997-08-07,1628.8800048828125
1997-08-08,1639.43994140625
1997-08-11,1631.6199951171875
1997-08-12,1631.6800537109375
1997-08-13,1642.3599853515625
1997-08-14,1645.81005859375
1997-08-18,1622.9000244140625
1997-08-19,1613.02001953125
1997-08-20,1620.0899658203125
1997-08-21,1619.199951171875
1997-08-22,1592.8199462890625
1997-08-25,1564.989990234375
1997-08-26,1565.9599609375
1997-08-27,1541.989990234375
1997-08-28,1544.3900146484375
1997-08-29,1517.6199951171875
1997-09-01,1529.27001953125
1997-09-02,1543.800048828125
1997-09-03,1565.1400146484375
1997-09-04,1536.68994140625
1997-09-05,1541.0
1997-09-08,1663.68994140625
1997-09-09,1688.510009765625
1997-09-10,1669.9300537109375
1997-09-11,1641.0400390625
1997-09-12,1654.6500244140625
1997-09-15,1681.81005859375
1997-09-16,1681.3299560546875
1997-09-17,1691.5899658203125
1997-09-18,1683.5899658203125
1997-09-19,1680.52001953125
1997-09-22,1684.2900390625
1997-09-23,1693.8699951171875
1997-09-24,1716.3399658203125
1997-09-25,1740.0999755859375
1997-09-26,1734.1199951171875
1997-09-29,1754.6700439453125
1997-09-30,1771.3699951171875
1997-10-01,1771.0400390625
1997-10-02,1745.719970703125
1997-10-03,1779.3499755859375
1997-10-06,1779.6400146484375
1997-10-07,1775.06005859375
1997-10-08,1794.1400146484375
1997-10-09,1790.5999755859375
1997-10-10,1777.6199951171875
1997-10-13,1784.949951171875
1997-10-14,1780.699951171875
1997-10-15,1791.969970703125
1997-10-16,1780.699951171875
1997-10-17,1768.22998046875
1997-10-20,1745.9300537109375
1997-10-21,1732.530029296875
1997-10-22,1735.93994140625
1997-10-23,1710.6600341796875
1997-10-24,1696.1600341796875
1997-10-27,1652.4200439453125
1997-10-29,1604.97998046875
1997-10-30,1550.8499755859375
1997-10-31,1483.530029296875
1997-11-03,1541.0999755859375
1997-11-04,1613.780029296875
1997-11-05,1580.449951171875
1997-11-06,1513.6099853515625
1997-11-07,1512.77001953125
1997-11-10,1463.3800048828125
1997-11-11,1377.760009765625
1997-11-12,1373.800048828125
1997-11-13,1409.27001953125
1997-11-14,1384.72998046875
1997-11-17,1331.0400390625
1997-11-18,1391.7900390625
1997-11-19,1395.0
1997-11-20,1415.77001953125
1997-11-21,1438.739990234375
1997-11-24,1401.699951171875
1997-11-25,1402.5799560546875
1997-11-26,1421.489990234375
1997-11-27,1436.6600341796875
1997-11-28,1474.02001953125
1997-12-01,1508.6700439453125
1997-12-02,1521.5699462890625
1997-12-03,1543.5899658203125
1997-12-04,1550.31005859375
1997-12-05,1551.2900390625
1997-12-08,1566.81005859375
1997-12-09,1563.75
1997-12-10,1566.6199951171875
1997-12-11,1486.3900146484375
1997-12-12,1517.1800537109375
1997-12-15,1523.3199462890625
1997-12-16,1515.18994140625
1997-12-17,1514.6500244140625
1997-12-18,1502.1400146484375
1997-12-19,1491.6600341796875
1997-12-22,1461.2099609375
1997-12-23,1478.2099609375
1997-12-24,1475.219970703125
1997-12-29,1479.6300048828125
1997-12-30,1469.1400146484375
1997-12-31,1479.6300048828125
1998-01-02,1482.4100341796875
1998-01-05,1525.02001953125
1998-01-07,1523.469970703125
1998-01-08,1487.0799560546875
1998-01-09,1480.6300048828125
1998-01-12,1405.3699951171875
1998-01-13,1426.1400146484375
1998-01-14,1426.0799560546875
1998-01-15,1393.989990234375
1998-01-16,1411.2900390625
1998-01-19,1435.7099609375
1998-01-20,1440.1300048828125
1998-01-21,1439.300048828125
1998-01-22,1451.6400146484375
1998-01-23,1448.0400390625
1998-01-26,1427.7900390625
1998-01-27,1410.22998046875
1998-01-28,1390.9599609375
1998-01-29,1380.1300048828125
1998-01-30,1395.4000244140625
1998-02-02,1398.3900146484375
1998-02-03,1433.1700439453125
1998-02-04,1413.52001953125
1998-02-05,1429.0699462890625
1998-02-06,1464.1199951171875
1998-02-09,1509.31005859375
1998-02-10,1509.2099609375
1998-02-11,1532.6199951171875
1998-02-12,1519.27001953125
1998-02-13,1493.0400390625
1998-02-16,1482.72998046875
1998-02-17,1479.6600341796875
1998-02-18,1455.6300048828125
1998-02-19,1446.1400146484375
1998-02-20,1428.280029296875
1998-02-23,1393.4599609375
1998-02-24,1428.2099609375
1998-02-25,1423.4100341796875
1998-02-26,1402.43994140625
1998-02-27,1419.219970703125
1998-03-03,1445.6500244140625
1998-03-04,1466.5699462890625
1998-03-05,1463.1600341796875
1998-03-06,1499.739990234375
1998-03-09,1519.02001953125
1998-03-10,1517.5400390625
1998-03-11,1531.260009765625
1998-03-12,1543.6199951171875
1998-03-13,1537.3699951171875
1998-03-16,1649.68994140625
1998-03-17,1737.3699951171875
1998-03-18,1754.9300537109375
1998-03-20,1919.9100341796875
1998-03-23,1950.75
1998-03-24,1922.8599853515625
1998-03-26,1992.81005859375
1998-03-27,2063.320068359375
1998-03-30,2083.889892578125
1998-03-31,2005.8199462890625
1998-04-01,1988.780029296875
1998-04-02,1995.0
1998-04-03,2063.5
1998-04-06,2135.31005859375
1998-04-07,2129.080078125
1998-04-08,2124.760009765625
1998-04-09,2157.389892578125
1998-04-10,2158.1201171875
1998-04-13,2255.81005859375
1998-04-14,2266.35009765625
1998-04-15,2339.280029296875
1998-04-16,2448.550048828125
1998-04-21,2627.89990234375
1998-04-22,2623.389892578125
1998-04-23,2618.64990234375
1998-04-24,2473.97998046875
1998-04-27,2300.7099609375
1998-04-28,2445.800048828125
1998-04-29,2511.56005859375
1998-04-30,2621.43994140625
1998-05-04,2602.820068359375
1998-05-05,2634.5400390625
1998-05-06,2582.6201171875
1998-05-07,2509.780029296875
1998-05-08,2450.159912109375
1998-05-11,2358.14990234375
1998-05-12,2438.389892578125
1998-05-13,2494.659912109375
1998-05-14,2494.699951171875
1998-05-15,2469.840087890625
1998-05-18,2500.43994140625
1998-05-19,2493.699951171875
1998-05-20,2547.010009765625
1998-05-21,2573.97998046875
1998-05-22,2606.47998046875
1998-05-25,2669.760009765625
1998-05-26,2621.330078125
1998-05-27,2523.030029296875
1998-05-28,2549.070068359375
1998-05-29,2591.030029296875
1998-06-01,2536.090087890625
1998-06-02,2551.469970703125
1998-06-03,2581.239990234375
1998-06-04,2567.2099609375
1998-06-05,2562.820068359375
1998-06-09,2580.550048828125
1998-06-10,2541.489990234375
1998-06-11,2485.739990234375
1998-06-12,2428.239990234375
1998-06-15,2286.489990234375
1998-06-16,2373.659912109375
1998-06-17,2426.6298828125
1998-06-18,2475.1201171875
1998-06-19,2451.820068359375
1998-06-22,2417.969970703125
1998-06-23,2411.679931640625
1998-06-24,2434.679931640625
1998-06-25,2420.25
1998-06-26,2393.68994140625
1998-06-29,2408.0
1998-06-30,2365.449951171875
1998-07-01,2408.360107421875
1998-07-02,2529.89990234375
1998-07-03,2507.050048828125
1998-07-06,2531.840087890625
1998-07-07,2597.31005859375
1998-07-08,2628.39990234375
1998-07-09,2674.280029296875
1998-07-10,2667.10009765625
1998-07-13,2685.64990234375
1998-07-14,2638.199951171875
1998-07-15,2663.590087890625
1998-07-16,2712.52001953125
1998-07-17,2738.679931640625
1998-07-20,2770.909912109375
1998-07-21,2825.52001953125
1998-07-22,2803.85009765625
1998-07-23,2791.1298828125
1998-07-24,2699.090087890625
1998-07-27,2733.199951171875
1998-07-28,2729.340087890625
1998-07-29,2715.610107421875
1998-07-30,2757.580078125
1998-07-31,2797.409912109375
1998-08-03,2789.22998046875
1998-08-04,2783.820068359375
1998-08-05,2692.77001953125
1998-08-06,2706.06005859375
1998-08-07,2716.489990234375
1998-08-10,2694.570068359375
1998-08-11,2611.300048828125
1998-08-12,2614.89990234375
1998-08-13,2513.25
1998-08-14,2581.429931640625
1998-08-17,2539.35009765625
1998-08-18,2643.0400390625
1998-08-19,2701.4599609375
1998-08-20,2675.43994140625
1998-08-21,2638.139892578125
1998-08-24,2572.2900390625
1998-08-25,2479.050048828125
1998-08-26,2471.75
1998-08-27,2281.330078125
1998-08-28,2169.830078125
1998-08-31,2175.530029296875
1998-09-01,2092.610107421875
1998-09-02,2200.39990234375
1998-09-03,2117.110107421875
1998-09-04,2096.3798828125
1998-09-07,2126.8701171875
1998-09-08,2180.35009765625
1998-09-09,2214.22998046875
1998-09-10,2210.360107421875
1998-09-11,2157.2099609375
1998-09-14,2225.080078125
1998-09-15,2198.6201171875
1998-09-16,2222.840087890625
1998-09-17,2184.449951171875
1998-09-18,2173.580078125
1998-09-21,2081.9599609375
1998-09-22,2140.280029296875
1998-09-23,2141.06005859375
1998-09-24,2188.889892578125
1998-09-25,2154.239990234375
1998-09-28,2152.35009765625
1998-09-29,2159.75
1998-09-30,2120.89990234375
1998-10-01,2042.18994140625
1998-10-02,1892.6199951171875
1998-10-05,1889.68994140625
1998-10-06,1905.06005859375
1998-10-07,1930.56005859375
1998-10-08,1829.550048828125
1998-10-09,1772.0899658203125
1998-10-12,1739.6099853515625
1998-10-13,1782.489990234375
1998-10-14,1855.3900146484375
1998-10-15,1918.280029296875
1998-10-16,2040.469970703125
1998-10-19,2027.800048828125
1998-10-20,2051.18994140625
1998-10-21,2087.81005859375
1998-10-22,2097.050048828125
1998-10-23,2076.81005859375
1998-10-26,2104.39990234375
1998-10-27,2140.389892578125
1998-10-29,2105.010009765625
1998-10-30,2162.929931640625
1998-11-02,2289.60009765625
1998-11-03,2273.280029296875
1998-11-04,2299.090087890625
1998-11-05,2254.3701171875
1998-11-06,2255.739990234375
1998-11-09,2250.590087890625
1998-11-10,2253.4599609375
1998-11-11,2246.85009765625
1998-11-12,2228.93994140625
1998-11-13,2234.260009765625
1998-11-16,2316.080078125
1998-11-17,2303.860107421875
1998-11-18,2352.60009765625
1998-11-19,2433.85009765625
1998-11-20,2464.02001953125
1998-11-23,2477.260009765625
1998-11-24,2495.06005859375
1998-11-25,2476.75
1998-11-26,2455.159912109375
1998-11-27,2478.3701171875
1998-11-30,2511.820068359375
1998-12-01,2470.090087890625
1998-12-02,2500.0400390625
1998-12-03,2413.449951171875
1998-12-04,2469.070068359375
1998-12-07,2570.72998046875
1998-12-08,2566.72998046875
1998-12-09,2541.590087890625
1998-12-10,2536.8798828125
1998-12-11,2460.719970703125
1998-12-14,2407.050048828125
1998-12-15,2423.830078125
1998-12-16,2488.889892578125
1998-12-17,2481.89990234375
1998-12-18,2498.72998046875
1998-12-21,2526.47998046875
1998-12-22,2542.18994140625
1998-12-23,2605.8701171875
1998-12-28,2670.610107421875
1998-12-29,2665.1201171875
1998-12-30,2709.179931640625
1998-12-31,2737.550048828125
1999-01-04,2921.280029296875
1999-01-05,2907.139892578125
1999-01-07,3000.75
1999-01-08,3003.5400390625
1999-01-11,2983.56005859375
1999-01-12,2983.340087890625
1999-01-13,2798.2099609375
1999-01-14,2896.39990234375
1999-01-15,2883.340087890625
1999-01-18,2987.360107421875
1999-01-19,2960.85009765625
1999-01-20,3001.530029296875
1999-01-21,3005.2099609375
1999-01-22,2985.75
1999-01-25,2917.3798828125
1999-01-26,3032.25
1999-01-27,3045.5
1999-01-28,3093.81005859375
1999-01-29,3149.5
1999-02-01,3233.110107421875
1999-02-02,3278.030029296875
1999-02-03,3306.06005859375
1999-02-04,3293.2099609375
1999-02-05,3307.6201171875
1999-02-08,3322.6298828125
1999-02-09,3219.909912109375
1999-02-10,3224.469970703125
1999-02-11,3323.68994140625
1999-02-12,3392.860107421875
1999-02-15,3466.949951171875
1999-02-16,3396.85009765625
1999-02-17,3430.4599609375
1999-02-18,3359.219970703125
1999-02-19,3248.93994140625
1999-02-23,3052.0400390625
1999-02-24,3270.050048828125
1999-02-25,3369.429931640625
1999-02-26,3377.580078125
1999-03-01,3394.469970703125
1999-03-02,3318.02001953125
1999-03-03,3340.389892578125
1999-03-04,3232.02001953125
1999-03-05,3253.669921875
1999-03-08,3334.860107421875
1999-03-09,3444.090087890625
1999-03-10,3468.239990234375
1999-03-11,3471.97998046875
1999-03-12,3537.89990234375
1999-03-15,3625.199951171875
1999-03-16,3598.090087890625
1999-03-17,3630.820068359375
1999-03-18,3660.260009765625
1999-03-19,3774.2900390625
1999-03-22,3759.449951171875
1999-03-23,3637.800048828125
1999-03-24,3471.47998046875
1999-03-26,3549.4599609375
1999-03-29,3496.31005859375
1999-03-30,3511.02001953125
1999-03-31,3376.3701171875
1999-04-01,3121.389892578125
1999-04-02,3303.489990234375
1999-04-05,3218.06005859375
1999-04-06,3300.199951171875
1999-04-07,3535.659912109375
1999-04-08,3621.530029296875
1999-04-13,3720.159912109375
1999-04-14,3732.639892578125
1999-04-15,3640.93994140625
1999-04-16,3559.320068359375
1999-04-19,3386.090087890625
1999-04-20,3373.6201171875
1999-04-21,3350.56005859375
1999-04-22,3281.9599609375
1999-04-23,3312.8798828125
1999-04-26,3252.719970703125
1999-04-27,3431.31005859375
1999-04-28,3549.699951171875
1999-04-29,3523.5400390625
1999-04-30,3617.419921875
1999-05-03,3806.330078125
1999-05-04,3776.179931640625
1999-05-05,3799.360107421875
1999-05-06,3962.3798828125
1999-05-07,4037.02001953125
1999-05-10,4002.050048828125
1999-05-11,4104.68994140625
1999-05-12,4089.47998046875
1999-05-13,3996.679931640625
1999-05-14,4032.219970703125
1999-05-17,3936.590087890625
1999-05-18,4106.5
1999-05-19,4109.10009765625
1999-05-20,4165.35986328125
1999-05-21,4206.759765625
1999-05-24,4182.56982421875
1999-05-25,4111.89990234375
1999-05-26,4010.929931640625
1999-05-27,3961.7900390625
1999-05-28,3934.669921875
1999-06-01,4106.43017578125
1999-06-02,4071.31005859375
1999-06-03,4123.02001953125
1999-06-04,4063.14990234375
1999-06-07,4098.9599609375
1999-06-08,4053.949951171875
1999-06-09,4060.10009765625
1999-06-10,4043.800048828125
1999-06-11,4039.780029296875
1999-06-14,4020.75
1999-06-15,3994.0400390625
1999-06-16,3985.6298828125
1999-06-17,3954.18994140625
1999-06-18,3968.0400390625
1999-06-21,4001.77001953125
1999-06-22,3950.6201171875
1999-06-23,3897.330078125
1999-06-24,3925.949951171875
1999-06-25,3948.780029296875
1999-06-28,3976.7099609375
1999-06-29,3990.22998046875
1999-06-30,4031.639892578125
1999-07-01,4124.7900390625
1999-07-02,4152.5498046875
1999-07-05,4350.1298828125
1999-07-06,4314.7001953125
1999-07-07,4285.83984375
1999-07-08,4245.33984375
1999-07-09,4225.0498046875
1999-07-12,4259.64990234375
1999-07-13,4241.7099609375
1999-07-14,4240.93994140625
1999-07-15,4308.91015625
1999-07-16,4410.330078125
1999-07-19,4528.3798828125
1999-07-20,4483.89990234375
1999-07-21,4471.22021484375
1999-07-22,4528.97021484375
1999-07-23,4509.2900390625
1999-07-26,4507.759765625
1999-07-27,4425.83984375
1999-07-28,4392.240234375
1999-07-29,4378.3701171875
1999-07-30,4345.1298828125
1999-08-02,4312.25
1999-08-03,4328.7900390625
1999-08-04,4402.419921875
1999-08-05,4404.27001953125
1999-08-06,4443.43994140625
1999-08-09,4511.97021484375
1999-08-10,4585.259765625
1999-08-11,4591.33984375
1999-08-12,4696.91015625
1999-08-13,4799.6201171875
1999-08-16,4884.22021484375
1999-08-17,4889.64990234375
1999-08-18,4958.81982421875
1999-08-19,4885.56005859375
1999-08-20,4939.68994140625
1999-08-23,5066.39013671875
1999-08-24,5056.490234375
1999-08-25,5224.14990234375
1999-08-26,5122.56982421875
1999-08-27,5144.33984375
1999-08-30,5220.27978515625
1999-08-31,5205.33984375
1999-09-01,5371.56982421875
1999-09-02,5440.93017578125
1999-09-03,5407.85009765625
1999-09-06,5621.669921875
1999-09-07,5705.10009765625
1999-09-10,5740.47021484375
1999-09-13,6032.85009765625
1999-09-14,6053.68994140625
1999-09-15,6181.0498046875
1999-09-16,6321.31005859375
1999-09-17,6355.0400390625
1999-09-20,6331.7998046875
1999-09-21,6020.8701171875
1999-09-22,6054.759765625
1999-09-23,5818.3701171875
1999-09-24,5503.47021484375
1999-09-27,5283.419921875
1999-09-28,5591.27978515625
1999-09-29,5596.83984375
1999-09-30,5667.60009765625
1999-10-01,5632.27001953125
1999-10-04,5654.64990234375
1999-10-05,5825.4501953125
1999-10-06,5884.0498046875
1999-10-07,5911.47021484375
1999-10-08,5926.080078125
1999-10-11,5972.75
1999-10-12,6127.740234375
1999-10-13,6155.2099609375
1999-10-14,5916.68017578125
1999-10-15,5788.490234375
1999-10-18,5429.25
1999-10-19,5392.31982421875
1999-10-20,5704.259765625
1999-10-21,5670.43017578125
1999-10-22,5600.14990234375
1999-10-25,5577.89013671875
1999-10-26,5524.31982421875
1999-10-27,5390.3701171875
1999-10-29,5442.14013671875
1999-11-01,5630.27001953125
1999-11-02,5649.60009765625
1999-11-03,5548.08984375
1999-11-04,5530.85009765625
1999-11-05,5617.64990234375
1999-11-08,5753.60009765625
1999-11-09,5728.14013671875
1999-11-10,5704.52978515625
1999-11-11,5657.06005859375
1999-11-12,5702.2099609375
1999-11-15,5722.990234375
1999-11-16,5683.06005859375
1999-11-17,5654.06982421875
1999-11-18,5571.669921875
1999-11-19,5610.5
1999-11-22,5603.08984375
1999-11-23,5532.43994140625
1999-11-24,5381.759765625
1999-11-25,5418.60009765625
1999-11-26,5616.89013671875
1999-11-29,5806.330078125
1999-11-30,5712.259765625
1999-12-01,5653.93994140625
1999-12-02,5577.4599609375
1999-12-03,5560.14013671875
1999-12-06,5489.02001953125
1999-12-07,5349.18017578125
1999-12-08,5271.419921875
1999-12-09,5289.4501953125
1999-12-10,5418.31982421875
1999-12-13,5624.5498046875
1999-12-14,5574.16015625
1999-12-15,5432.33984375
1999-12-16,5190.990234375
1999-12-17,5224.669921875
1999-12-20,5034.85009765625
1999-12-21,4967.22998046875
1999-12-22,4998.080078125
1999-12-23,4789.3701171875
1999-12-24,4801.759765625
1999-12-27,5040.9501953125
1999-12-28,5230.60986328125
1999-12-29,5359.10986328125
1999-12-30,5535.08984375
2000-01-03,5794.85009765625
2000-01-04,5588.64990234375
2000-01-05,5369.3798828125
2000-01-07,5410.81982421875
2000-01-10,5353.14013671875
2000-01-11,5190.169921875
2000-01-12,5187.330078125
2000-01-13,5181.72998046875
2000-01-14,5273.830078125
2000-01-17,5362.2998046875
2000-01-18,5238.2900390625
2000-01-19,5067.31005859375
2000-01-20,5068.35986328125
2000-01-21,5102.1201171875
2000-01-24,5081.9501953125
2000-01-25,5022.41015625
2000-01-26,4936.68994140625
2000-01-27,4941.60009765625
2000-01-28,5020.22021484375
2000-01-31,4990.02001953125
2000-02-01,5141.830078125
2000-02-02,5209.240234375
2000-02-03,5297.31982421875
2000-02-04,5379.080078125
2000-02-07,5489.2998046875
2000-02-08,5550.39990234375
2000-02-09,5594.35986328125
2000-02-10,5499.97021484375
2000-02-11,5502.3798828125
2000-02-14,5460.43994140625
2000-02-15,5413.72998046875
2000-02-16,5328.490234375
2000-02-17,5222.77978515625
2000-02-18,5277.0498046875
2000-02-21,5186.2998046875
2000-02-22,5109.81005859375
2000-02-23,5097.89990234375
2000-02-24,5234.6201171875
2000-02-25,5203.0
2000-02-28,5034.5498046875
2000-02-29,5002.22998046875
2000-03-01,5063.4501953125
2000-03-02,5174.18017578125
2000-03-03,5116.97998046875
2000-03-06,5100.6298828125
2000-03-07,4941.2998046875
2000-03-08,4868.1298828125
2000-03-09,4865.6298828125
2000-03-10,4863.5498046875
2000-03-14,4542.64990234375
2000-03-15,4553.759765625
2000-03-16,4759.89013671875
2000-03-17,4845.080078125
2000-03-20,4849.06982421875
2000-03-21,4755.419921875
2000-03-22,4723.14990234375
2000-03-23,4650.77001953125
2000-03-24,4685.169921875
2000-03-27,4675.669921875
2000-03-28,4664.009765625
2000-03-29,4754.2900390625
2000-03-30,4782.0400390625
2000-03-31,4793.47021484375
2000-04-03,4807.419921875
2000-04-04,4813.3701171875
2000-04-05,4813.02001953125
2000-04-06,4811.6201171875
2000-04-07,4934.81005859375
2000-04-10,4941.31982421875
2000-04-11,4916.25
2000-04-12,4877.91015625
2000-04-13,4724.83984375
2000-04-14,4475.10009765625
2000-04-17,4064.85009765625
2000-04-18,3951.85009765625
2000-04-19,4257.85009765625
2000-04-20,4314.10986328125
2000-04-21,4395.16015625
2000-04-24,4362.7900390625
2000-04-25,4224.4501953125
2000-04-26,4147.22998046875
2000-04-27,4249.4501953125
2000-05-02,4368.2099609375
2000-05-03,4381.14013671875
2000-05-04,4358.259765625
2000-05-05,4416.60009765625
2000-05-08,4475.06005859375
2000-05-09,4454.009765625
2000-05-10,4500.06005859375
2000-05-11,4527.7099609375
2000-05-12,4581.64990234375
2000-05-15,4686.75
2000-05-16,4709.81982421875
2000-05-17,4703.60986328125
2000-05-18,4740.7900390625
2000-05-19,4802.60986328125
2000-05-22,4691.93017578125
2000-05-23,4672.22998046875
2000-05-24,4551.1201171875
2000-05-25,4560.83984375
2000-05-26,4596.7001953125
2000-05-29,4593.9501953125
2000-05-30,4570.18994140625
2000-05-31,4608.240234375
2000-06-01,4534.0
2000-06-02,4534.830078125
2000-06-05,4494.990234375
2000-06-06,4465.7001953125
2000-06-07,4348.85009765625
2000-06-08,4387.3701171875
2000-06-09,4436.4501953125
2000-06-12,4379.31982421875
2000-06-13,4316.7001953125
2000-06-14,4366.60986328125
2000-06-15,4393.080078125
2000-06-16,4369.16015625
2000-06-20,4304.39990234375
2000-06-21,4254.7998046875
2000-06-22,4193.10009765625
2000-06-23,4145.759765625
2000-06-26,4041.3701171875
2000-06-27,4173.35009765625
2000-06-28,4098.08984375
2000-06-29,4071.39990234375
2000-06-30,4054.409912109375
2000-07-03,4020.2900390625
2000-07-04,3978.97998046875
2000-07-05,4026.179931640625
2000-07-06,3968.830078125
2000-07-07,3914.030029296875
2000-07-10,3916.419921875
2000-07-11,3953.510009765625
2000-07-12,3920.570068359375
2000-07-13,3926.72998046875
2000-07-14,4006.409912109375
2000-07-17,4081.52001953125
2000-07-18,4102.509765625
2000-07-19,4044.1298828125
2000-07-20,4063.050048828125
2000-07-21,4054.2099609375
2000-07-24,4041.820068359375
2000-07-25,3988.260009765625
2000-07-26,3950.409912109375
2000-07-27,3973.4599609375
2000-07-28,3997.989990234375
2000-07-31,3988.280029296875
2000-08-01,3998.570068359375
2000-08-02,3981.610107421875
2000-08-03,3918.3701171875
2000-08-04,3866.949951171875
2000-08-07,3731.43994140625
2000-08-08,3763.590087890625
2000-08-09,3720.489990234375
2000-08-10,3675.56005859375
2000-08-11,3743.2900390625
2000-08-14,3806.639892578125
2000-08-16,3750.840087890625
2000-08-17,3728.139892578125
2000-08-18,3757.830078125
2000-08-21,3752.159912109375
2000-08-22,3758.340087890625
2000-08-23,3751.159912109375
2000-08-24,3676.6201171875
2000-08-25,3631.010009765625
2000-08-28,3558.989990234375
2000-08-29,3524.159912109375
2000-08-30,3429.639892578125
2000-08-31,3557.14990234375
2000-09-01,3601.989990234375
2000-09-04,3655.260009765625
2000-09-05,3839.760009765625
2000-09-06,3935.52001953125
2000-09-07,4060.199951171875
2000-09-08,4381.7900390625
2000-09-11,4236.89990234375
2000-09-12,4030.989990234375
2000-09-13,3990.719970703125
2000-09-14,4247.1201171875
2000-09-15,4204.490234375
2000-09-18,4146.3798828125
2000-09-19,4164.06005859375
2000-09-20,4103.009765625
2000-09-21,4040.610107421875
2000-09-22,4090.889892578125
2000-09-25,4151.47998046875
2000-09-26,4153.5400390625
2000-09-27,4153.14013671875
2000-09-28,4142.81005859375
2000-09-29,4178.9599609375
2000-10-02,4180.91015625
2000-10-03,4079.77001953125
2000-10-04,4010.830078125
2000-10-05,3958.64990234375
2000-10-06,4027.090087890625
2000-10-09,3956.8701171875
2000-10-10,3923.169921875
2000-10-11,3883.199951171875
2000-10-12,3808.300048828125
2000-10-13,3701.320068359375
2000-10-16,3790.97998046875
2000-10-17,3724.260009765625
2000-10-18,3627.550048828125
2000-10-19,3715.010009765625
2000-10-20,3787.43994140625
2000-10-23,3717.050048828125
2000-10-24,3754.89990234375
2000-10-25,3749.080078125
2000-10-26,3772.719970703125
2000-10-27,3762.969970703125
2000-10-30,3762.4599609375
2000-10-31,3797.840087890625
2000-11-01,3885.489990234375
2000-11-02,3816.139892578125
2000-11-03,3791.8798828125
2000-11-06,3727.489990234375
2000-11-07,3669.929931640625
2000-11-08,3620.27001953125
2000-11-09,3636.989990234375
2000-11-10,3618.909912109375
2000-11-13,3560.06005859375
2000-11-14,3532.820068359375
2000-11-15,3472.409912109375
2000-11-16,3476.93994140625
2000-11-17,3411.760009765625
2000-11-20,3338.02001953125
2000-11-21,3407.159912109375
2000-11-22,3307.56005859375
2000-11-23,3260.610107421875
2000-11-24,3321.489990234375
2000-11-27,3312.080078125
2000-11-28,3213.419921875
2000-11-29,3230.93994140625
2000-11-30,3245.77001953125
2000-12-01,3403.330078125
2000-12-04,3541.199951171875
2000-12-05,3531.070068359375
2000-12-06,3733.820068359375
2000-12-07,3741.860107421875
2000-12-08,3736.39990234375
2000-12-11,3685.31005859375
2000-12-12,3612.659912109375
2000-12-13,3498.68994140625
2000-12-14,3588.840087890625
2000-12-15,3584.080078125
2000-12-18,3529.68994140625
2000-12-19,3462.47998046875
2000-12-20,3454.280029296875
2000-12-21,3401.010009765625
2000-12-22,3397.89990234375
2000-12-27,3393.419921875
2000-12-28,3377.340087890625
2000-12-29,3388.860107421875
2001-01-03,3360.510009765625
2001-01-04,3312.7900390625
2001-01-05,3217.9599609375
2001-01-08,3145.02001953125
2001-01-09,3097.739990234375
2001-01-10,3095.840087890625
2001-01-11,3311.8701171875
2001-01-12,3314.110107421875
2001-01-15,3167.219970703125
2001-01-16,3133.1201171875
2001-01-17,3205.010009765625
2001-01-18,3183.72998046875
2001-01-19,3153.10009765625
2001-01-22,3081.85009765625
2001-01-23,3063.139892578125
2001-01-24,3032.85009765625
2001-01-25,3068.159912109375
2001-01-26,3071.830078125
2001-01-29,3044.580078125
2001-01-30,3139.699951171875
2001-01-31,3264.760009765625
2001-02-01,3247.8701171875
2001-02-02,3156.97998046875
2001-02-05,3098.070068359375
2001-02-06,3154.35009765625
2001-02-07,3130.10009765625
2001-02-08,3157.52001953125
2001-02-09,3169.7099609375
2001-02-12,3195.889892578125
2001-02-13,3196.179931640625
2001-02-14,3211.320068359375
2001-02-15,3204.840087890625
2001-02-16,3221.3701171875
2001-02-19,3240.530029296875
2001-02-20,3271.139892578125
2001-02-21,3191.85009765625
2001-02-22,3177.31005859375
2001-02-23,3164.449951171875
2001-02-27,3154.030029296875
2001-02-28,3129.06005859375
2001-03-01,3110.590087890625
2001-03-02,3154.820068359375
2001-03-05,3172.35009765625
2001-03-06,3182.340087890625
2001-03-07,3174.2099609375
2001-03-08,3276.25
2001-03-09,3269.75
2001-03-12,3259.179931640625
2001-03-13,3231.030029296875
2001-03-14,3063.389892578125
2001-03-15,3135.929931640625
2001-03-16,3125.669921875
2001-03-19,3072.659912109375
2001-03-20,3108.389892578125
2001-03-21,3073.5
2001-03-22,3027.1201171875
2001-03-23,3047.75
2001-03-26,3082.639892578125
2001-03-27,3057.889892578125
2001-03-28,3050.7099609375
2001-03-29,3013.419921875
2001-03-30,3044.550048828125
2001-04-02,3032.080078125
2001-04-03,2966.64990234375
2001-04-04,2967.580078125
2001-04-05,3059.72998046875
2001-04-06,3054.639892578125
2001-04-09,3030.159912109375
2001-04-10,3073.8798828125
2001-04-11,3087.0400390625
2001-04-12,3159.469970703125
2001-04-17,3185.5
2001-04-18,3316.169921875
2001-04-19,3285.9599609375
2001-04-20,3271.43994140625
2001-04-23,3263.199951171875
2001-04-24,3230.75
2001-04-25,3234.580078125
2001-04-26,3248.1201171875
2001-04-27,3264.550048828125
2001-04-30,3286.669921875
2001-05-02,3267.300048828125
2001-05-03,3228.300048828125
2001-05-04,3204.360107421875
2001-05-07,3156.139892578125
2001-05-08,3155.52001953125
2001-05-09,3112.89990234375
2001-05-10,3111.47998046875
2001-05-11,3120.389892578125
2001-05-14,3052.110107421875
2001-05-15,3022.52001953125
2001-05-16,3039.610107421875
2001-05-17,3059.419921875
2001-05-18,3166.280029296875
2001-05-21,3178.969970703125
2001-05-22,3147.35009765625
2001-05-23,3165.52001953125
2001-05-24,3181.989990234375
2001-05-25,3222.449951171875
2001-05-28,3201.830078125
2001-05-29,3132.409912109375
2001-05-30,3102.7099609375
2001-05-31,3088.659912109375
2001-06-01,3010.2900390625
2001-06-05,2910.550048828125
2001-06-06,2902.830078125
2001-06-07,2983.47998046875
2001-06-08,2961.050048828125
2001-06-11,2876.760009765625
2001-06-12,2887.919921875
2001-06-13,2899.320068359375
2001-06-14,2853.550048828125
2001-06-15,2859.659912109375
2001-06-18,2843.39990234375
2001-06-19,2832.969970703125
2001-06-20,2806.64990234375
2001-06-21,2799.760009765625
2001-06-22,2786.389892578125
2001-06-25,2702.199951171875
2001-06-26,2638.27001953125
2001-06-27,2698.18994140625
2001-06-28,2697.81005859375
2001-06-29,2741.179931640625
2001-07-02,2735.659912109375
2001-07-03,2682.800048828125
2001-07-04,2648.419921875
2001-07-05,2654.179931640625
2001-07-06,2651.179931640625
2001-07-09,2545.010009765625
2001-07-10,2507.179931640625
2001-07-11,2435.64990234375
2001-07-12,2506.02001953125
2001-07-13,2422.699951171875
2001-07-16,2314.080078125
2001-07-17,2346.1201171875
2001-07-18,2452.590087890625
2001-07-19,2588.1201171875
2001-07-20,2507.280029296875
2001-07-23,2592.0
2001-07-24,2615.929931640625
2001-07-25,2621.639892578125
2001-07-26,2662.75
2001-07-27,2729.360107421875
2001-07-30,2673.97998046875
2001-07-31,2727.2099609375
2001-08-01,2740.570068359375
2001-08-02,2791.110107421875
2001-08-03,2806.179931640625
2001-08-06,2791.419921875
2001-08-07,2669.5400390625
2001-08-08,2635.840087890625
2001-08-09,2634.889892578125
2001-08-10,2624.080078125
2001-08-13,2611.1201171875
2001-08-14,2690.4599609375
2001-08-16,2706.7099609375
2001-08-17,2693.169921875
2001-08-20,2687.050048828125
2001-08-21,2687.510009765625
2001-08-22,2691.1201171875
2001-08-23,2696.97998046875
2001-08-24,2743.909912109375
2001-08-27,2787.3798828125
2001-08-28,2805.8798828125
2001-08-29,2775.699951171875
2001-08-30,2769.02001953125
2001-08-31,2762.1201171875
2001-09-03,2733.239990234375
2001-09-04,2717.8798828125
2001-09-05,2680.989990234375
2001-09-06,2669.699951171875
2001-09-07,2647.419921875
2001-09-10,2536.969970703125
2001-09-12,2358.050048828125
2001-09-13,2376.199951171875
2001-09-14,2248.389892578125
2001-09-17,2207.93994140625
2001-09-18,2206.239990234375
2001-09-19,2247.570068359375
2001-09-20,2133.4599609375
2001-09-21,2105.56005859375
2001-09-24,2149.1201171875
2001-09-25,2163.449951171875
2001-09-26,2158.0400390625
2001-09-27,2172.4599609375
2001-09-28,2226.050048828125
2001-10-01,2199.699951171875
2001-10-02,2230.110107421875
2001-10-03,2223.590087890625
2001-10-04,2272.139892578125
2001-10-05,2249.590087890625
2001-10-08,2215.300048828125
2001-10-09,2220.409912109375
2001-10-10,2237.10009765625
2001-10-11,2267.77001953125
2001-10-12,2260.10009765625
2001-10-15,2262.2900390625
2001-10-16,2303.7099609375
2001-10-17,2350.530029296875
2001-10-18,2344.3701171875
2001-10-19,2345.510009765625
2001-10-22,2383.510009765625
2001-10-23,2405.219970703125
2001-10-24,2391.340087890625
2001-10-25,2365.10009765625
2001-10-26,2370.4599609375
2001-10-29,2388.739990234375
2001-10-30,2382.72998046875
2001-10-31,2468.260009765625
2001-11-01,2554.550048828125
2001-11-02,2531.14990234375
2001-11-05,2590.10009765625
2001-11-06,2593.419921875
2001-11-07,2633.239990234375
2001-11-08,2634.89990234375
2001-11-09,2654.830078125
2001-11-12,2605.429931640625
2001-11-13,2631.429931640625
2001-11-14,2690.139892578125
2001-11-15,2707.820068359375
2001-11-16,2763.300048828125
2001-11-19,2796.9599609375
2001-11-20,2776.760009765625
2001-11-21,2765.56005859375
2001-11-22,2747.909912109375
2001-11-23,2674.97998046875
2001-11-26,2685.929931640625
2001-11-27,2700.1298828125
2001-11-28,2699.070068359375
2001-11-29,2698.610107421875
2001-11-30,2694.02001953125
2001-12-03,2679.679931640625
2001-12-04,2682.68994140625
2001-12-05,2703.080078125
2001-12-06,2727.97998046875
2001-12-07,2704.1201171875
2001-12-10,2661.9599609375
2001-12-11,2645.3798828125
2001-12-12,2605.300048828125
2001-12-13,2565.2900390625
2001-12-14,2571.7099609375
2001-12-17,2562.820068359375
2001-12-18,2578.06005859375
2001-12-19,2611.300048828125
2001-12-20,2584.97998046875
2001-12-21,2564.2099609375
2001-12-24,2583.030029296875
2001-12-27,2581.89990234375
2001-12-28,2591.56005859375
2002-01-02,2627.280029296875
2002-01-03,2635.75
2002-01-04,2646.3798828125
2002-01-07,2638.18994140625
2002-01-08,2601.510009765625
2002-01-09,2582.260009765625
2002-01-10,2587.409912109375
2002-01-11,2574.679931640625
2002-01-14,2523.85009765625
2002-01-15,2521.6298828125
2002-01-16,2502.179931640625
2002-01-17,2561.669921875
2002-01-18,2559.93994140625
2002-01-21,2543.72998046875
2002-01-22,2563.169921875
2002-01-23,2597.3798828125
2002-01-24,2620.919921875
2002-01-25,2617.8701171875
2002-01-28,2624.4599609375
2002-01-29,2625.39990234375
2002-01-30,2595.8701171875
2002-01-31,2596.75
2002-02-01,2595.7099609375
2002-02-04,2588.97998046875
2002-02-05,2563.219970703125
2002-02-06,2551.969970703125
2002-02-07,2546.929931640625
2002-02-08,2527.340087890625
2002-02-11,2511.179931640625
2002-02-12,2502.39990234375
2002-02-13,2494.7099609375
2002-02-14,2494.909912109375
2002-02-15,2488.780029296875
2002-02-18,2461.010009765625
2002-02-19,2418.110107421875
2002-02-20,2409.260009765625
2002-02-21,2394.159912109375
2002-02-22,2351.659912109375
2002-02-25,2356.969970703125
2002-02-26,2406.800048828125
2002-02-27,2379.949951171875
2002-02-28,2332.889892578125
2002-03-01,2366.02001953125
2002-03-04,2419.510009765625
2002-03-05,2419.989990234375
2002-03-06,2415.169921875
2002-03-07,2432.080078125
2002-03-08,2448.110107421875
2002-03-11,2436.25
2002-03-12,2386.989990234375
2002-03-13,2384.35009765625
2002-03-14,2386.330078125
2002-03-15,2384.219970703125
2002-03-19,2358.080078125
2002-03-20,2342.639892578125
2002-03-21,2333.800048828125
2002-03-22,2316.780029296875
2002-03-26,2294.85009765625
2002-03-27,2282.2099609375
2002-03-28,2280.719970703125
2002-04-02,2213.169921875
2002-04-03,2201.330078125
2002-04-04,2200.409912109375
2002-04-05,2228.760009765625
2002-04-08,2187.2900390625
2002-04-09,2222.7099609375
2002-04-10,2207.530029296875
2002-04-11,2204.889892578125
2002-04-12,2203.389892578125
2002-04-15,2167.449951171875
2002-04-16,2169.64990234375
2002-04-17,2202.110107421875
2002-04-18,2203.27001953125
2002-04-19,2221.489990234375
2002-04-22,2204.429931640625
2002-04-23,2200.179931640625
2002-04-24,2216.800048828125
2002-04-25,2206.419921875
2002-04-26,2225.139892578125
2002-04-29,2227.9599609375
2002-04-30,2218.35009765625
2002-05-02,2218.3701171875
2002-05-08,2274.550048828125
2002-05-09,2298.2900390625
2002-05-10,2320.81005859375
2002-05-13,2325.0400390625
2002-05-14,2361.090087890625
2002-05-15,2346.550048828125
2002-05-16,2351.360107421875
2002-05-17,2389.52001953125
2002-05-20,2402.070068359375
2002-05-21,2405.570068359375
2002-05-22,2367.070068359375
2002-05-23,2346.199951171875
2002-05-24,2329.590087890625
2002-05-27,2298.419921875
2002-05-28,2302.830078125
2002-05-29,2298.7900390625
2002-05-30,2263.239990234375
2002-05-31,2297.56005859375
2002-06-03,2279.5
2002-06-04,2258.2900390625
2002-06-05,2290.919921875
2002-06-06,2319.679931640625
2002-06-07,2295.929931640625
2002-06-10,2305.85009765625
2002-06-11,2304.510009765625
2002-06-12,2291.840087890625
2002-06-13,2277.550048828125
2002-06-14,2225.0
2002-06-17,2220.10009765625
2002-06-18,2214.93994140625
2002-06-19,2193.429931640625
2002-06-20,2179.6298828125
2002-06-21,2198.550048828125
2002-06-25,2242.8798828125
2002-06-26,2205.06005859375
2002-06-27,2229.81005859375
2002-06-28,2237.860107421875
2002-07-01,2218.97998046875
2002-07-02,2180.68994140625
2002-07-03,2164.409912109375
2002-07-04,2193.719970703125
2002-07-05,2197.8701171875
2002-07-08,2201.840087890625
2002-07-09,2185.43994140625
2002-07-10,2162.2900390625
2002-07-11,2143.2099609375
2002-07-12,2137.39990234375
2002-07-15,2146.7099609375
2002-07-16,2124.2099609375
2002-07-17,2136.580078125
2002-07-18,2153.81005859375
2002-07-19,2123.510009765625
2002-07-22,2083.340087890625
2002-07-23,2085.889892578125
2002-07-24,2027.4300537109375
2002-07-25,2072.409912109375
2002-07-26,2058.93994140625
2002-07-29,2115.659912109375
2002-07-30,2125.389892578125
2002-07-31,2115.389892578125
2002-08-01,2124.2900390625
2002-08-02,2105.27001953125
2002-08-05,2087.52001953125
2002-08-06,2093.820068359375
2002-08-07,2127.1201171875
2002-08-08,2124.9599609375
2002-08-09,2131.7099609375
2002-08-12,2136.199951171875
2002-08-13,2131.669921875
2002-08-14,2148.580078125
2002-08-16,2160.27001953125
2002-08-19,2170.89990234375
2002-08-20,2175.22998046875
2002-08-21,2204.949951171875
2002-08-22,2191.139892578125
2002-08-23,2176.18994140625
2002-08-26,2173.889892578125
2002-08-27,2178.64990234375
2002-08-28,2163.639892578125
2002-08-29,2138.179931640625
2002-08-30,2129.06005859375
2002-09-02,2099.56005859375
2002-09-03,2104.6201171875
2002-09-04,2086.89990234375
2002-09-05,2063.8798828125
2002-09-06,2066.840087890625
2002-09-09,2036.8900146484375
2002-09-10,2036.260009765625
2002-09-11,2043.0999755859375
2002-09-12,2004.219970703125
2002-09-13,1966.739990234375
2002-09-16,1940.719970703125
2002-09-17,1933.1800537109375
2002-09-18,1898.489990234375
2002-09-19,1868.739990234375
2002-09-20,1886.6700439453125
2002-09-23,1853.97998046875
2002-09-24,1818.5799560546875
2002-09-25,1836.219970703125
2002-09-26,1879.5
2002-09-27,1882.9300537109375
2002-09-30,1837.52001953125
2002-10-01,1832.969970703125
2002-10-02,1815.030029296875
2002-10-03,1771.780029296875
2002-10-04,1792.449951171875
2002-10-07,1745.260009765625
2002-10-08,1737.0400390625
2002-10-09,1727.0899658203125
2002-10-10,1735.8699951171875
2002-10-11,1807.0899658203125
2002-10-14,1805.969970703125
2002-10-15,1828.8699951171875
2002-10-16,1801.3699951171875
2002-10-17,1826.68994140625
2002-10-18,1819.6600341796875
2002-10-21,1819.5400390625
2002-10-22,1798.7099609375
2002-10-23,1773.56005859375
2002-10-24,1777.27001953125
2002-10-25,1761.2900390625
2002-10-29,1773.68994140625
2002-10-30,1782.4000244140625
2002-10-31,1785.280029296875
2002-11-01,1775.81005859375
2002-11-04,1834.18994140625
2002-11-05,1834.239990234375
2002-11-06,1848.56005859375
2002-11-07,1829.0999755859375
2002-11-08,1836.3199462890625
2002-11-11,1832.1300048828125
2002-11-12,1828.22998046875
2002-11-13,1800.97998046875
2002-11-14,1809.93994140625
2002-11-15,1830.5400390625
2002-11-18,1817.6700439453125
2002-11-19,1816.199951171875
2002-11-20,1821.1600341796875
2002-11-21,1860.489990234375
2002-11-22,1858.9000244140625
2002-11-25,1872.77001953125
2002-11-26,1866.780029296875
2002-11-27,1869.219970703125
2002-11-28,1880.31005859375
2002-11-29,1872.8299560546875
2002-12-02,1892.780029296875
2002-12-03,1867.5899658203125
2002-12-04,1859.239990234375
2002-12-05,1844.75
2002-12-06,1813.3199462890625
2002-12-09,1803.1800537109375
2002-12-10,1815.52001953125
2002-12-11,1831.6300048828125
2002-12-12,1828.0899658203125
2002-12-13,1820.4100341796875
2002-12-16,1817.3499755859375
2002-12-17,1825.8900146484375
2002-12-18,1823.2099609375
2002-12-19,1800.4599609375
2002-12-20,1791.699951171875
2002-12-23,1767.8800048828125
2002-12-24,1765.1600341796875
2002-12-27,1762.68994140625
2002-12-30,1748.4100341796875
2002-12-31,1748.4200439453125
2003-01-02,1777.0899658203125
2003-01-03,1776.1600341796875
2003-01-07,1769.1800537109375
2003-01-08,1726.3299560546875
2003-01-09,1721.93994140625
2003-01-10,1703.7900390625
2003-01-13,1703.5
2003-01-14,1715.9100341796875
2003-01-15,1720.7900390625
2003-01-16,1726.760009765625
2003-01-17,1689.5899658203125
2003-01-20,1667.6700439453125
2003-01-21,1672.1400146484375
2003-01-22,1669.68994140625
2003-01-23,1697.06005859375
2003-01-24,1720.989990234375
2003-01-27,1692.199951171875
2003-01-28,1669.969970703125
2003-01-29,1665.6600341796875
2003-01-30,1671.1300048828125
2003-01-31,1683.5899658203125
2003-02-03,1677.52001953125
2003-02-04,1667.18994140625
2003-02-05,1657.4300537109375
2003-02-06,1653.050048828125
2003-02-07,1674.199951171875
2003-02-10,1672.5799560546875
2003-02-11,1688.760009765625
2003-02-12,1677.3199462890625
2003-02-13,1676.050048828125
2003-02-14,1679.4300537109375
2003-02-17,1685.760009765625
2003-02-18,1693.780029296875
2003-02-19,1693.43994140625
2003-02-20,1692.969970703125
2003-02-21,1680.4599609375
2003-02-24,1663.52001953125
2003-02-25,1623.3399658203125
2003-02-26,1617.3699951171875
2003-02-27,1613.5799560546875
2003-02-28,1614.06005859375
2003-03-03,1611.969970703125
2003-03-04,1570.030029296875
2003-03-05,1564.489990234375
2003-03-06,1567.6300048828125
2003-03-07,1540.739990234375
2003-03-11,1501.9000244140625
2003-03-12,1477.9100341796875
2003-03-13,1506.4300537109375
2003-03-14,1513.8800048828125
2003-03-17,1488.489990234375
2003-03-18,1538.1500244140625
2003-03-19,1543.2900390625
2003-03-20,1538.8900146484375
2003-03-21,1570.3900146484375
2003-03-24,1549.2099609375
2003-03-26,1551.800048828125
2003-03-27,1539.4000244140625
2003-03-28,1517.93994140625
2003-03-31,1467.300048828125
2003-04-01,1474.6500244140625
2003-04-02,1507.3900146484375
2003-04-03,1518.02001953125
2003-04-04,1541.1199951171875
2003-04-07,1579.300048828125
2003-04-08,1566.510009765625
2003-04-09,1579.6199951171875
2003-04-10,1583.780029296875
2003-04-11,1603.7900390625
2003-04-14,1624.050048828125
2003-04-15,1629.0400390625
2003-04-16,1622.5400390625
2003-04-17,1633.06005859375
2003-04-22,1641.0899658203125
2003-04-23,1673.5
2003-04-24,1663.77001953125
2003-04-29,1665.280029296875
2003-04-30,1691.52001953125
2003-05-02,1720.75
2003-05-05,1751.8699951171875
2003-05-06,1768.27001953125
2003-05-07,1781.949951171875
2003-05-08,1749.949951171875
2003-05-09,1712.7099609375
2003-05-12,1704.8800048828125
2003-05-13,1732.43994140625
2003-05-14,1742.0400390625
2003-05-15,1733.280029296875
2003-05-16,1750.969970703125
2003-05-19,1734.93994140625
2003-05-20,1732.4200439453125
2003-05-21,1708.260009765625
2003-05-22,1700.0899658203125
2003-05-23,1690.9300537109375
2003-05-26,1689.3299560546875
2003-05-27,1675.010009765625
2003-05-28,1708.0799560546875
2003-05-29,1712.260009765625
2003-05-30,1707.5400390625
2003-06-02,1768.8499755859375
2003-06-03,1779.97998046875
2003-06-04,1839.68994140625
2003-06-05,1832.0799560546875
2003-06-06,1876.6400146484375
2003-06-09,1868.4599609375
2003-06-10,1863.469970703125
2003-06-11,1896.5799560546875
2003-06-12,1928.18994140625
2003-06-13,1910.5999755859375
2003-06-17,1954.9599609375
2003-06-18,1950.43994140625
2003-06-19,1911.699951171875
2003-06-20,1905.8299560546875
2003-06-23,1887.6199951171875
2003-06-24,1881.27001953125
2003-06-25,1906.510009765625
2003-06-26,1906.449951171875
2003-06-27,1901.47998046875
2003-06-30,1892.0400390625
2003-07-01,1867.7900390625
2003-07-02,1945.969970703125
2003-07-03,1952.1300048828125
2003-07-04,1946.699951171875
2003-07-07,2015.6600341796875
2003-07-08,2006.7099609375
2003-07-09,1996.9300537109375
2003-07-10,1990.97998046875
2003-07-11,1977.6600341796875
2003-07-14,2041.989990234375
2003-07-15,2078.1201171875
2003-07-16,2085.409912109375
2003-07-17,2063.780029296875
2003-07-18,2085.489990234375
2003-07-21,2073.010009765625
2003-07-22,2077.47998046875
2003-07-23,2076.68994140625
2003-07-24,2079.570068359375
2003-07-25,2064.52001953125
2003-07-28,2061.6201171875
2003-07-29,2095.77001953125
2003-07-30,2146.77001953125
2003-07-31,2158.639892578125
2003-08-01,2175.18994140625
2003-08-04,2190.89990234375
2003-08-05,2182.0
2003-08-06,2154.580078125
2003-08-07,2132.8701171875
2003-08-08,2147.139892578125
2003-08-11,2132.219970703125
2003-08-12,2135.199951171875
2003-08-13,2162.219970703125
2003-08-14,2190.81005859375
2003-08-18,2243.669921875
2003-08-19,2240.3798828125
2003-08-20,2233.639892578125
2003-08-21,2276.469970703125
2003-08-22,2310.52001953125
2003-08-25,2292.800048828125
2003-08-26,2251.47998046875
2003-08-27,2256.090087890625
2003-08-28,2256.030029296875
2003-08-29,2210.570068359375
2003-09-02,2150.47998046875
2003-09-03,2142.669921875
2003-09-04,2138.909912109375
2003-09-05,2146.389892578125
2003-09-08,2091.699951171875
2003-09-09,2062.719970703125
2003-09-10,2075.2099609375
2003-09-11,2094.8701171875
2003-09-12,2082.780029296875
2003-09-15,2047.6600341796875
2003-09-16,2026.0699462890625
2003-09-17,2062.3798828125
2003-09-18,2021.510009765625
2003-09-19,2039.3800048828125
2003-09-22,2021.93994140625
2003-09-23,2026.52001953125
2003-09-24,2045.550048828125
2003-09-25,2027.4599609375
2003-09-26,2001.5
2003-09-29,2002.6300048828125
2003-09-30,2019.760009765625
2003-10-01,2012.1400146484375
2003-10-02,2052.860107421875
2003-10-03,2089.89990234375
2003-10-06,2130.5400390625
2003-10-07,2093.570068359375
2003-10-08,2123.219970703125
2003-10-09,2120.820068359375
2003-10-10,2108.6201171875
2003-10-13,2112.570068359375
2003-10-14,2114.75
2003-10-15,2118.4599609375
2003-10-16,2111.239990234375
2003-10-17,2124.699951171875
2003-10-20,2120.719970703125
2003-10-21,2145.199951171875
2003-10-22,2127.280029296875
2003-10-23,2092.18994140625
2003-10-24,2102.10009765625
2003-10-27,2112.530029296875
2003-10-29,2107.919921875
2003-10-30,2115.860107421875
2003-10-31,2121.06005859375
2003-11-03,2163.179931640625
2003-11-04,2155.93994140625
2003-11-05,2158.14990234375
2003-11-06,2177.139892578125
2003-11-07,2194.989990234375
2003-11-10,2193.169921875
2003-11-11,2173.18994140625
2003-11-12,2160.1201171875
2003-11-13,2161.330078125
2003-11-14,2163.469970703125
2003-11-17,2132.570068359375
2003-11-18,2131.469970703125
2003-11-19,2130.530029296875
2003-11-20,2106.110107421875
2003-11-21,2117.389892578125
2003-11-24,2135.27001953125
2003-11-25,2156.1298828125
2003-11-27,2183.090087890625
2003-11-28,2170.050048828125
2003-12-01,2163.929931640625
2003-12-02,2180.610107421875
2003-12-03,2197.739990234375
2003-12-04,2194.419921875
2003-12-05,2187.239990234375
2003-12-08,2178.739990234375
2003-12-09,2198.22998046875
2003-12-10,2201.199951171875
2003-12-11,2204.60009765625
2003-12-12,2208.72998046875
2003-12-15,2201.760009765625
2003-12-16,2179.1201171875
2003-12-17,2182.739990234375
2003-12-18,2187.81005859375
2003-12-19,2210.679931640625
2003-12-22,2205.52001953125
2003-12-23,2203.56005859375
2003-12-24,2209.449951171875
2003-12-29,2211.929931640625
2003-12-30,2252.97998046875
2003-12-31,2263.580078125
2004-01-02,2313.639892578125
2004-01-05,2346.18994140625
2004-01-07,2391.35009765625
2004-01-08,2411.7900390625
2004-01-09,2403.340087890625
2004-01-12,2402.6201171875
2004-01-13,2446.18994140625
2004-01-14,2482.35009765625
2004-01-15,2481.0
2004-01-16,2494.909912109375
2004-01-19,2469.340087890625
2004-01-20,2436.81005859375
2004-01-21,2489.3701171875
2004-01-22,2491.0400390625
2004-01-23,2484.0
2004-01-26,2433.510009765625
2004-01-27,2445.3798828125
2004-01-28,2414.7900390625
2004-01-29,2391.72998046875
2004-01-30,2432.580078125
2004-02-02,2435.110107421875
2004-02-03,2416.56005859375
2004-02-04,2418.8701171875
2004-02-05,2452.97998046875
2004-02-06,2445.159912109375
2004-02-09,2417.75
2004-02-10,2432.669921875
2004-02-11,2456.260009765625
2004-02-12,2468.5
2004-02-13,2462.530029296875
2004-02-16,2463.68994140625
2004-02-17,2473.2900390625
2004-02-18,2483.60009765625
2004-02-19,2469.02001953125
2004-02-20,2465.389892578125
2004-02-24,2422.010009765625
2004-02-25,2392.8798828125
2004-02-26,2415.889892578125
2004-02-27,2451.5
2004-03-01,2446.159912109375
2004-03-02,2447.159912109375
2004-03-03,2437.2900390625
2004-03-04,2470.429931640625
2004-03-05,2489.3798828125
2004-03-08,2504.090087890625
2004-03-09,2481.080078125
2004-03-10,2469.919921875
2004-03-11,2409.260009765625
2004-03-12,2419.929931640625
2004-03-15,2363.659912109375
2004-03-16,2382.050048828125
2004-03-17,2396.919921875
2004-03-18,2383.89990234375
2004-03-19,2365.39990234375
2004-03-22,2276.320068359375
2004-03-23,2301.330078125
2004-03-24,2295.320068359375
2004-03-26,2332.2099609375
2004-03-29,2376.949951171875
2004-03-30,2375.570068359375
2004-03-31,2370.64990234375
2004-04-01,2359.639892578125
2004-04-02,2372.77001953125
2004-04-05,2419.070068359375
2004-04-06,2415.659912109375
2004-04-07,2419.610107421875
2004-04-08,2451.719970703125
2004-04-13,2475.590087890625
2004-04-14,2440.639892578125
2004-04-15,2445.199951171875
2004-04-16,2467.139892578125
2004-04-19,2448.909912109375
2004-04-20,2466.35009765625
2004-04-21,2485.02001953125
2004-04-22,2516.570068359375
2004-04-23,2522.25
2004-04-26,2530.22998046875
2004-04-27,2523.0
2004-04-28,2553.760009765625
2004-04-29,2543.5400390625
2004-04-30,2517.6201171875
2004-05-03,2544.820068359375
2004-05-04,2540.06005859375
2004-05-05,2513.8701171875
2004-05-06,2492.89990234375
2004-05-07,2486.429931640625
2004-05-10,2421.080078125
2004-05-11,2450.010009765625
2004-05-12,2473.840087890625
2004-05-13,2500.580078125
2004-05-14,2467.030029296875
2004-05-17,2431.6298828125
2004-05-18,2435.330078125
2004-05-19,2417.590087890625
2004-05-20,2366.889892578125
2004-05-21,2341.9599609375
2004-05-24,2346.570068359375
2004-05-25,2328.85009765625
2004-05-26,2352.219970703125
2004-05-27,2382.9599609375
2004-05-28,2423.719970703125
2004-06-01,2402.3798828125
2004-06-02,2401.590087890625
2004-06-03,2415.89990234375
2004-06-04,2442.409912109375
2004-06-07,2423.090087890625
2004-06-08,2411.6298828125
2004-06-09,2406.52001953125
2004-06-10,2410.75
2004-06-11,2400.02001953125
2004-06-14,2384.77001953125
2004-06-15,2402.8798828125
2004-06-16,2406.469970703125
2004-06-17,2376.080078125
2004-06-18,2360.340087890625
2004-06-21,2337.64990234375
2004-06-22,2343.550048828125
2004-06-23,2339.409912109375
2004-06-24,2339.469970703125
2004-06-25,2313.5
2004-06-28,2342.719970703125
2004-06-29,2339.169921875
2004-06-30,2349.159912109375
2004-07-01,2337.030029296875
2004-07-02,2333.330078125
2004-07-05,2329.39990234375
2004-07-06,2338.219970703125
2004-07-07,2335.739990234375
2004-07-08,2326.070068359375
2004-07-09,2331.360107421875
2004-07-12,2332.14990234375
2004-07-13,2333.949951171875
2004-07-14,2332.02001953125
2004-07-15,2334.56005859375
2004-07-16,2358.050048828125
2004-07-19,2361.830078125
2004-07-20,2352.6298828125
2004-07-21,2348.860107421875
2004-07-22,2316.5400390625
2004-07-23,2322.389892578125
2004-07-26,2311.530029296875
2004-07-27,2353.25
2004-07-28,2356.919921875
2004-07-29,2351.669921875
2004-07-30,2319.300048828125
2004-08-02,2309.239990234375
2004-08-03,2330.300048828125
2004-08-04,2296.64990234375
2004-08-05,2297.659912109375
2004-08-06,2290.89990234375
2004-08-09,2297.2099609375
2004-08-10,2281.1298828125
2004-08-11,2274.47998046875
2004-08-12,2255.340087890625
2004-08-16,2245.530029296875
2004-08-17,2273.89990234375
2004-08-18,2255.68994140625
2004-08-19,2257.5400390625
2004-08-20,2227.330078125
2004-08-23,2243.010009765625
2004-08-24,2257.8798828125
2004-08-25,2282.260009765625
2004-08-26,2304.25
2004-08-27,2321.18994140625
2004-08-30,2308.550048828125
2004-08-31,2314.260009765625
2004-09-01,2328.199951171875
2004-09-02,2342.52001953125
2004-09-03,2334.7099609375
2004-09-06,2335.639892578125
2004-09-07,2335.320068359375
2004-09-08,2308.469970703125
2004-09-09,2312.89990234375
2004-09-10,2328.7099609375
2004-09-13,2326.929931640625
2004-09-14,2327.3701171875
2004-09-15,2343.800048828125
2004-09-16,2333.22998046875
2004-09-17,2344.360107421875
2004-09-20,2356.7099609375
2004-09-21,2366.409912109375
2004-09-22,2362.179931640625
2004-09-23,2357.989990234375
2004-09-24,2354.659912109375
2004-09-27,2331.93994140625
2004-09-28,2337.550048828125
2004-09-29,2360.7099609375
2004-09-30,2328.239990234375
2004-10-01,2352.659912109375
2004-10-04,2383.489990234375
2004-10-05,2385.56005859375
2004-10-06,2376.31005859375
2004-10-07,2406.75
2004-10-08,2408.679931640625
2004-10-11,2410.760009765625
2004-10-12,2399.3798828125
2004-10-13,2401.0400390625
2004-10-14,2411.72998046875
2004-10-15,2422.169921875
2004-10-18,2409.510009765625
2004-10-19,2419.320068359375
2004-10-20,2425.02001953125
2004-10-21,2463.330078125
2004-10-22,2466.889892578125
2004-10-25,2434.919921875
2004-10-26,2463.080078125
2004-10-27,2463.25
2004-10-29,2489.18994140625
2004-11-01,2499.1201171875
2004-11-02,2548.75
2004-11-03,2549.35009765625
2004-11-04,2581.47998046875
2004-11-05,2635.81005859375
2004-11-08,2602.02001953125
2004-11-09,2577.820068359375
2004-11-10,2597.419921875
2004-11-11,2619.68994140625
2004-11-12,2610.989990234375
2004-11-15,2618.989990234375
2004-11-16,2611.469970703125
2004-11-17,2644.429931640625
2004-11-18,2632.010009765625
2004-11-19,2623.1298828125
2004-11-22,2599.580078125
2004-11-23,2563.699951171875
2004-11-24,2574.5
2004-11-25,2635.429931640625
2004-11-26,2647.06005859375
2004-11-29,2672.27001953125
2004-11-30,2654.81005859375
2004-12-01,2655.949951171875
2004-12-02,2683.25
2004-12-03,2670.169921875
2004-12-06,2663.52001953125
2004-12-07,2688.659912109375
2004-12-08,2699.52001953125
2004-12-09,2692.929931640625
2004-12-10,2682.580078125
2004-12-13,2699.4599609375
2004-12-14,2682.0
2004-12-15,2697.469970703125
2004-12-16,2720.860107421875
2004-12-17,2704.989990234375
2004-12-20,2731.27001953125
2004-12-21,2708.330078125
2004-12-22,2715.919921875
2004-12-23,2712.719970703125
2004-12-24,2736.510009765625
2004-12-27,2766.14990234375
2004-12-28,2771.56005859375
2004-12-29,2788.669921875
2004-12-30,2784.419921875
2004-12-31,2786.179931640625
2005-01-03,2824.669921875
2005-01-04,2837.260009765625
2005-01-05,2818.330078125
2005-01-07,2849.31005859375
2005-01-10,2826.580078125
2005-01-11,2849.070068359375
2005-01-12,2870.179931640625
2005-01-13,2892.449951171875
2005-01-14,2887.860107421875
2005-01-17,2865.14990234375
2005-01-18,2832.72998046875
2005-01-19,2879.179931640625
2005-01-20,2891.60009765625
2005-01-21,2904.139892578125
2005-01-24,2912.699951171875
2005-01-25,2944.330078125
2005-01-26,2964.580078125
2005-01-27,2941.429931640625
2005-01-28,2954.06005859375
2005-01-31,2919.929931640625
2005-02-01,2912.8701171875
2005-02-02,2879.699951171875
2005-02-03,2898.72998046875
2005-02-04,2911.219970703125
2005-02-07,2941.3701171875
2005-02-08,2934.89990234375
2005-02-09,2919.699951171875
2005-02-10,2902.760009765625
2005-02-11,2930.27001953125
2005-02-14,2948.47998046875
2005-02-15,3013.409912109375
2005-02-16,3025.4599609375
2005-02-17,3061.93994140625
2005-02-18,3064.199951171875
2005-02-21,3036.7099609375
2005-02-22,3033.679931640625
2005-02-23,3054.9599609375
2005-02-24,3092.860107421875
2005-02-25,3092.77001953125
2005-02-28,3145.159912109375
2005-03-01,3118.679931640625
2005-03-02,3071.489990234375
2005-03-03,3074.7099609375
2005-03-04,3105.77001953125
2005-03-07,3092.080078125
2005-03-08,3078.219970703125
2005-03-09,3091.47998046875
2005-03-10,3100.320068359375
2005-03-11,3128.9599609375
2005-03-15,3102.669921875
2005-03-16,3047.89990234375
2005-03-17,2973.89990234375
2005-03-18,2979.050048828125
2005-03-21,2896.590087890625
2005-03-22,2877.080078125
2005-03-23,2909.330078125
2005-03-24,2948.080078125
2005-03-29,2930.669921875
2005-03-30,2869.22998046875
2005-03-31,2854.909912109375
2005-04-01,2893.1201171875
2005-04-04,2910.1201171875
2005-04-05,2961.659912109375
2005-04-06,2960.280029296875
2005-04-07,2992.0
2005-04-08,2993.97998046875
2005-04-11,2994.81005859375
2005-04-12,3020.6298828125
2005-04-13,3023.669921875
2005-04-14,2994.179931640625
2005-04-15,2950.550048828125
2005-04-18,2889.10009765625
2005-04-19,2905.199951171875
2005-04-20,2896.39990234375
2005-04-21,2898.340087890625
2005-04-22,2931.760009765625
2005-04-25,2905.639892578125
2005-04-26,2898.75
2005-04-27,2868.780029296875
2005-04-28,2868.449951171875
2005-05-03,2833.889892578125
2005-05-04,2833.080078125
2005-05-05,2852.800048828125
2005-05-06,2863.820068359375
2005-05-09,2836.969970703125
2005-05-10,2859.02001953125
2005-05-11,2870.31005859375
2005-05-12,2892.030029296875
2005-05-13,2883.800048828125
2005-05-16,2893.6201171875
2005-05-17,2885.6201171875
2005-05-18,2854.909912109375
2005-05-19,2867.820068359375
2005-05-20,2902.949951171875
2005-05-23,2891.2900390625
2005-05-24,2903.300048828125
2005-05-25,2921.9599609375
2005-05-26,2983.469970703125
2005-05-27,2961.6298828125
2005-05-30,2977.969970703125
2005-05-31,2959.530029296875
2005-06-01,2969.199951171875
2005-06-02,2982.800048828125
2005-06-03,3019.090087890625
2005-06-06,3049.330078125
2005-06-07,3047.639892578125
2005-06-08,3060.3701171875
2005-06-09,3065.72998046875
2005-06-10,3086.510009765625
2005-06-13,3077.510009765625
2005-06-14,3044.639892578125
2005-06-15,3081.330078125
2005-06-16,3098.10009765625
2005-06-17,3086.090087890625
2005-06-21,3049.800048828125
2005-06-22,3007.5400390625
2005-06-23,3039.14990234375
2005-06-24,3038.6201171875
2005-06-27,3029.81005859375
2005-06-28,3059.3798828125
2005-06-29,3037.27001953125
2005-06-30,3060.72998046875
2005-07-01,3073.639892578125
2005-07-04,3063.449951171875
2005-07-05,3073.489990234375
2005-07-06,3102.18994140625
2005-07-07,3062.3701171875
2005-07-08,3098.610107421875
2005-07-11,3115.409912109375
2005-07-12,3115.699951171875
2005-07-13,3123.4599609375
2005-07-14,3116.35009765625
2005-07-15,3118.760009765625
2005-07-18,3171.550048828125
2005-07-19,3252.1298828125
2005-07-20,3225.93994140625
2005-07-21,3243.360107421875
2005-07-22,3252.14990234375
2005-07-25,3266.81005859375
2005-07-26,3281.06005859375
2005-07-27,3307.56005859375
2005-07-28,3306.7099609375
2005-07-29,3271.780029296875
2005-08-01,3272.27001953125
2005-08-02,3289.14990234375
2005-08-03,3314.52001953125
2005-08-04,3297.530029296875
2005-08-05,3277.6298828125
2005-08-08,3310.5
2005-08-09,3300.239990234375
2005-08-10,3323.659912109375
2005-08-11,3309.6201171875
2005-08-12,3277.72998046875
2005-08-16,3280.280029296875
2005-08-17,3278.25
2005-08-18,3304.830078125
2005-08-19,3326.639892578125
2005-08-22,3316.0
2005-08-23,3277.889892578125
2005-08-24,3231.489990234375
2005-08-25,3222.27001953125
2005-08-26,3221.840087890625
2005-08-29,3186.35009765625
2005-08-30,3205.989990234375
2005-08-31,3231.47998046875
2005-09-01,3281.0
2005-09-02,3288.639892578125
2005-09-05,3288.090087890625
2005-09-06,3299.429931640625
2005-09-07,3297.2099609375
2005-09-08,3276.550048828125
2005-09-09,3259.39990234375
2005-09-12,3247.60009765625
2005-09-13,3237.75
2005-09-14,3245.489990234375
2005-09-15,3264.3701171875
2005-09-16,3266.89990234375
2005-09-19,3251.280029296875
2005-09-20,3243.590087890625
2005-09-21,3211.0400390625
2005-09-22,3215.47998046875
2005-09-23,3250.929931640625
2005-09-26,3298.820068359375
2005-09-27,3310.219970703125
2005-09-28,3333.43994140625
2005-09-29,3348.090087890625
2005-09-30,3381.9599609375
2005-10-03,3403.6201171875
2005-10-04,3390.199951171875
2005-10-05,3385.530029296875
2005-10-06,3349.169921875
2005-10-07,3353.840087890625
2005-10-10,3360.419921875
2005-10-11,3379.580078125
2005-10-12,3389.68994140625
2005-10-13,3351.199951171875
2005-10-14,3331.89990234375
2005-10-17,3340.6298828125
2005-10-18,3340.89990234375
2005-10-19,3276.81005859375
2005-10-20,3266.409912109375
2005-10-21,3247.4599609375
2005-10-24,3267.050048828125
2005-10-25,3265.85009765625
2005-10-26,3262.080078125
2005-10-27,3269.5
2005-10-31,3307.320068359375
2005-11-01,3330.3798828125
2005-11-02,3344.739990234375
2005-11-03,3390.010009765625
2005-11-04,3415.080078125
2005-11-07,3410.919921875
2005-11-08,3415.97998046875
2005-11-09,3417.72998046875
2005-11-10,3391.419921875
2005-11-11,3422.360107421875
2005-11-14,3442.199951171875
2005-11-15,3428.610107421875
2005-11-16,3440.179931640625
2005-11-17,3486.52001953125
2005-11-18,3509.199951171875
2005-11-21,3482.080078125
2005-11-22,3504.860107421875
2005-11-23,3491.56005859375
2005-11-24,3486.429931640625
2005-11-25,3484.1298828125
2005-11-28,3501.2099609375
2005-11-29,3496.8701171875
2005-11-30,3441.639892578125
2005-12-01,3480.8701171875
2005-12-02,3499.77001953125
2005-12-05,3508.070068359375
2005-12-06,3515.6201171875
2005-12-07,3534.919921875
2005-12-08,3512.02001953125
2005-12-09,3512.820068359375
2005-12-12,3538.43994140625
2005-12-13,3531.25
2005-12-14,3555.909912109375
2005-12-15,3603.7900390625
2005-12-16,3629.97998046875
2005-12-19,3626.8701171875
2005-12-20,3612.989990234375
2005-12-21,3610.699951171875
2005-12-22,3579.75
2005-12-23,3596.25
2005-12-27,3658.169921875
2005-12-28,3637.840087890625
2005-12-29,3658.169921875
2005-12-30,3663.89990234375
2006-01-02,3663.31005859375
2006-01-03,3710.889892578125
2006-01-04,3754.7099609375
2006-01-05,3767.909912109375
2006-01-09,3799.02001953125
2006-01-10,3844.7900390625
2006-01-11,3877.22998046875
2006-01-12,3885.22998046875
2006-01-13,3889.330078125
2006-01-16,3941.1201171875
2006-01-17,3946.909912109375
2006-01-18,3893.9599609375
2006-01-19,3968.050048828125
2006-01-20,3994.06005859375
2006-01-23,3955.669921875
2006-01-24,4019.919921875
2006-01-25,4007.39990234375
2006-01-26,3993.469970703125
2006-01-27,3958.699951171875
2006-01-30,3954.179931640625
2006-01-31,3977.840087890625
2006-02-01,4007.35009765625
2006-02-02,4057.840087890625
2006-02-03,4048.719970703125
2006-02-06,4097.41015625
2006-02-07,4104.83984375
2006-02-08,4118.27978515625
2006-02-09,4170.89013671875
2006-02-10,4148.580078125
2006-02-13,4091.43994140625
2006-02-14,4066.610107421875
2006-02-15,4057.39990234375
2006-02-16,4095.169921875
2006-02-17,4116.27001953125
2006-02-20,4148.77978515625
2006-02-21,4181.93017578125
2006-02-22,4221.27978515625
2006-02-23,4237.33984375
2006-02-24,4245.14013671875
2006-02-27,4191.7099609375
2006-02-28,4202.85009765625
2006-03-01,4129.41015625
2006-03-02,4062.8701171875
2006-03-03,4029.02001953125
2006-03-07,3919.530029296875
2006-03-08,3906.530029296875
2006-03-09,3997.030029296875
2006-03-10,4014.52001953125
2006-03-13,4076.550048828125
2006-03-14,4026.02001953125
2006-03-15,4047.47998046875
2006-03-16,4104.5
2006-03-17,4148.43994140625
2006-03-20,4174.52978515625
2006-03-21,4168.22021484375
2006-03-22,4142.10986328125
2006-03-23,4148.39990234375
2006-03-24,4158.18994140625
2006-03-27,4114.3701171875
2006-03-28,4054.800048828125
2006-03-29,4073.389892578125
2006-03-30,4114.0400390625
2006-03-31,4122.33984375
2006-04-03,4137.3701171875
2006-04-04,4146.7900390625
2006-04-05,4159.60009765625
2006-04-06,4242.47998046875
2006-04-07,4291.89013671875
2006-04-10,4302.6201171875
2006-04-11,4245.93994140625
2006-04-12,4205.1201171875
2006-04-13,4188.7001953125
2006-04-18,4190.81982421875
2006-04-19,4231.60009765625
2006-04-20,4199.10986328125
2006-04-25,4153.68994140625
2006-04-26,4198.72998046875
2006-04-27,4161.39990234375
2006-04-28,4139.9599609375
2006-05-02,4203.0498046875
2006-05-03,4231.43017578125
2006-05-04,4266.56005859375
2006-05-05,4285.93017578125
2006-05-08,4316.97998046875
2006-05-09,4304.72998046875
2006-05-10,4268.8701171875
2006-05-11,4243.8798828125
2006-05-12,4205.93994140625
2006-05-15,4102.0498046875
2006-05-16,4114.64990234375
2006-05-17,4020.85009765625
2006-05-18,3909.64990234375
2006-05-19,3878.800048828125
2006-05-22,3649.02001953125
2006-05-23,3763.919921875
2006-05-24,3642.639892578125
2006-05-25,3670.6201171875
2006-05-26,3789.02001953125
2006-05-29,3826.10009765625
2006-05-30,3717.179931640625
2006-05-31,3753.2099609375
2006-06-01,3676.85009765625
2006-06-02,3692.409912109375
2006-06-05,3619.27001953125
2006-06-06,3522.429931640625
2006-06-07,3505.570068359375
2006-06-08,3475.5
2006-06-09,3529.239990234375
2006-06-13,3394.780029296875
2006-06-14,3379.280029296875
2006-06-15,3551.60009765625
2006-06-16,3568.35009765625
2006-06-19,3620.97998046875
2006-06-20,3592.360107421875
2006-06-21,3543.5
2006-06-22,3578.550048828125
2006-06-23,3583.72998046875
2006-06-26,3567.669921875
2006-06-27,3553.239990234375
2006-06-28,3517.3798828125
2006-06-29,3582.580078125
2006-06-30,3693.75
2006-07-03,3693.0400390625
2006-07-04,3693.179931640625
2006-07-05,3620.02001953125
2006-07-06,3605.110107421875
2006-07-07,3615.760009765625
2006-07-10,3633.06005859375
2006-07-11,3668.489990234375
2006-07-12,3698.72998046875
2006-07-13,3616.590087890625
2006-07-14,3618.969970703125
2006-07-17,3506.719970703125
2006-07-18,3553.090087890625
2006-07-19,3548.949951171875
2006-07-20,3617.070068359375
2006-07-21,3593.550048828125
2006-07-24,3610.25
2006-07-25,3663.580078125
2006-07-26,3665.25
2006-07-27,3728.110107421875
2006-07-28,3718.5400390625
2006-07-31,3747.97998046875
2006-08-01,3764.64990234375
2006-08-02,3794.389892578125
2006-08-03,3793.340087890625
2006-08-04,3844.919921875
2006-08-07,3877.090087890625
2006-08-08,3836.60009765625
2006-08-09,3853.39990234375
2006-08-10,3806.669921875
2006-08-11,3816.7900390625
2006-08-14,3858.169921875
2006-08-16,3915.8798828125
2006-08-17,3919.75
2006-08-18,3943.31005859375
2006-08-21,3944.06005859375
2006-08-22,3929.590087890625
2006-08-23,3929.2900390625
2006-08-24,3930.919921875
2006-08-25,3855.2099609375
2006-08-28,3818.7900390625
2006-08-29,3828.47998046875
2006-08-30,3816.909912109375
2006-08-31,3868.6201171875
2006-09-01,3918.18994140625
2006-09-04,3944.010009765625
2006-09-05,3953.35009765625
2006-09-06,3915.68994140625
2006-09-07,3881.929931640625
2006-09-08,3903.9599609375
2006-09-11,3902.889892578125
2006-09-12,3905.030029296875
2006-09-13,3902.860107421875
2006-09-14,3872.469970703125
2006-09-15,3905.97998046875
2006-09-18,3883.75
2006-09-19,3886.889892578125
2006-09-20,3926.52001953125
2006-09-21,3953.409912109375
2006-09-22,3934.2099609375
2006-09-25,3933.510009765625
2006-09-26,3936.10009765625
2006-09-27,3968.659912109375
2006-09-28,3952.9599609375
2006-09-29,3931.050048828125
2006-10-02,3917.72998046875
2006-10-03,3893.050048828125
2006-10-04,3937.3701171875
2006-10-05,4012.6201171875
2006-10-06,3984.469970703125
2006-10-09,3978.31005859375
2006-10-10,4002.27001953125
2006-10-11,4008.18994140625
2006-10-12,4075.47998046875
2006-10-13,4080.889892578125
2006-10-16,4064.030029296875
2006-10-17,4038.1298828125
2006-10-18,4079.360107421875
2006-10-19,4087.449951171875
2006-10-20,4129.93017578125
2006-10-23,4116.02978515625
2006-10-24,4126.39013671875
2006-10-25,4130.60009765625
2006-10-26,4147.35009765625
2006-10-27,4121.14013671875
2006-10-30,4117.0498046875
2006-10-31,4128.60009765625
2006-11-01,4154.43994140625
2006-11-02,4137.97021484375
2006-11-03,4177.0400390625
2006-11-06,4210.14013671875
2006-11-07,4221.6201171875
2006-11-08,4192.68017578125
2006-11-09,4215.39990234375
2006-11-10,4260.72021484375
2006-11-13,4257.5400390625
2006-11-14,4279.14013671875
2006-11-15,4326.39013671875
2006-11-16,4331.08984375
2006-11-17,4314.89990234375
2006-11-20,4271.35986328125
2006-11-21,4306.97021484375
2006-11-22,4317.58984375
2006-11-23,4321.85009765625
2006-11-24,4308.169921875
2006-11-27,4271.830078125
2006-11-28,4178.259765625
2006-11-29,4231.27001953125
2006-11-30,4220.5
2006-12-01,4241.64013671875
2006-12-04,4211.83984375
2006-12-05,4191.9599609375
2006-12-06,4210.91015625
2006-12-07,4249.3798828125
2006-12-08,4230.509765625
2006-12-11,4259.2900390625
2006-12-12,4270.93994140625
2006-12-13,4327.52001953125
2006-12-14,4326.43994140625
2006-12-15,4378.35986328125
2006-12-18,4377.77978515625
2006-12-19,4348.72021484375
2006-12-20,4382.06005859375
2006-12-21,4395.43017578125
2006-12-22,4365.0400390625
2006-12-27,4378.330078125
2006-12-28,4388.6298828125
2006-12-29,4394.1298828125
2007-01-02,4466.6201171875
2007-01-03,4491.669921875
2007-01-04,4536.68994140625
2007-01-05,4560.14013671875
2007-01-08,4602.330078125
2007-01-09,4584.22998046875
2007-01-10,4507.43994140625
2007-01-11,4562.60009765625
2007-01-12,4615.47021484375
2007-01-15,4638.6201171875
2007-01-16,4612.58984375
2007-01-17,4615.47998046875
2007-01-18,4675.5400390625
2007-01-19,4678.31005859375
2007-01-22,4676.66015625
2007-01-23,4634.2001953125
2007-01-24,4698.2099609375
2007-01-25,4699.75
2007-01-26,4688.669921875
2007-01-29,4695.0400390625
2007-01-30,4673.4501953125
2007-01-31,4710.240234375
2007-02-01,4754.06005859375
2007-02-02,4779.7099609375
2007-02-05,4802.52978515625
2007-02-06,4762.169921875
2007-02-07,4729.91015625
2007-02-08,4705.02978515625
2007-02-09,4688.5400390625
2007-02-12,4608.60986328125
2007-02-13,4647.490234375
2007-02-14,4699.0
2007-02-15,4732.759765625
2007-02-16,4722.77978515625
2007-02-20,4758.7900390625
2007-02-21,4706.97998046875
2007-02-22,4762.919921875
2007-02-23,4781.39013671875
2007-02-26,4757.77001953125
2007-02-27,4565.080078125
2007-02-28,4503.9599609375
2007-03-01,4370.02978515625
2007-03-02,4376.2998046875
2007-03-05,4344.7900390625
2007-03-06,4406.5498046875
2007-03-07,4470.72998046875
2007-03-08,4533.35009765625
2007-03-09,4556.6201171875
2007-03-12,4544.740234375
2007-03-13,4485.56005859375
2007-03-14,4402.47998046875
2007-03-15,4449.64013671875
2007-03-16,4518.7998046875
2007-03-19,4553.0498046875
2007-03-20,4550.7900390625
2007-03-21,4578.22998046875
2007-03-22,4652.6298828125
2007-03-23,4678.009765625
2007-03-26,4718.10009765625
2007-03-27,4644.10009765625
2007-03-28,4604.06982421875
2007-03-29,4666.35986328125
2007-03-30,4643.14013671875
2007-04-02,4625.81005859375
2007-04-03,4649.52978515625
2007-04-04,4695.77001953125
2007-04-05,4693.43994140625
2007-04-10,4736.25
2007-04-11,4783.68994140625
2007-04-12,4761.080078125
2007-04-13,4808.4599609375
2007-04-16,4865.97021484375
2007-04-17,4850.259765625
2007-04-18,4805.3798828125
2007-04-19,4777.2099609375
2007-04-20,4844.68017578125
2007-04-23,4818.1201171875
2007-04-24,4791.10009765625
2007-04-25,4836.83984375
2007-04-26,4854.7099609375
2007-04-27,4792.6201171875
2007-04-30,4736.830078125
2007-05-02,4775.85986328125
2007-05-03,4769.27978515625
2007-05-04,4795.3701171875
2007-05-07,4820.06005859375
2007-05-08,4741.64990234375
2007-05-09,4743.919921875
2007-05-10,4767.08984375
2007-05-11,4741.56982421875
2007-05-14,4794.93017578125
2007-05-15,4850.39990234375
2007-05-16,4868.25
2007-05-17,4864.66015625
2007-05-18,4886.830078125
2007-05-21,4905.4599609375
2007-05-22,4892.27978515625
2007-05-23,4924.68017578125
2007-05-24,4936.14013671875
2007-05-25,4919.52001953125
2007-05-29,4938.27001953125
2007-05-30,4914.89990234375
2007-05-31,4972.18994140625
2007-06-01,4973.2099609375
2007-06-04,4917.669921875
2007-06-05,4898.43017578125
2007-06-06,4873.1298828125
2007-06-07,4838.8701171875
2007-06-08,4850.830078125
2007-06-11,4867.35009765625
2007-06-12,4841.85986328125
2007-06-13,4816.22998046875
2007-06-14,4859.0
2007-06-15,4900.509765625
2007-06-18,4909.47998046875
2007-06-19,4885.9501953125
2007-06-20,4898.93017578125
2007-06-21,4876.8701171875
2007-06-22,4850.14990234375
2007-06-25,4815.10009765625
2007-06-26,4788.66015625
2007-06-27,4755.97021484375
2007-06-28,4797.27001953125
2007-06-29,4843.77978515625
2007-07-02,4859.9599609375
2007-07-03,4880.52001953125
2007-07-04,4922.2099609375
2007-07-05,4954.1298828125
2007-07-06,5001.259765625
2007-07-09,5036.68994140625
2007-07-10,4971.60986328125
2007-07-11,4963.97021484375
2007-07-12,5020.72998046875
2007-07-13,5104.22998046875
2007-07-16,5093.75
2007-07-17,5069.8701171875
2007-07-18,5086.919921875
2007-07-19,5118.509765625
2007-07-20,5058.85986328125
2007-07-23,5085.93994140625
2007-07-24,5045.77001953125
2007-07-25,5067.77001953125
2007-07-26,4977.5
2007-07-27,4901.27001953125
2007-07-30,4846.64013671875
2007-07-31,4917.5
2007-08-01,4884.06982421875
2007-08-02,4892.509765625
2007-08-03,4842.64990234375
2007-08-06,4778.56005859375
2007-08-07,4778.85986328125
2007-08-08,4836.759765625
2007-08-09,4758.97998046875
2007-08-10,4635.169921875
2007-08-13,4677.72998046875
2007-08-14,4689.10986328125
2007-08-16,4523.27978515625
2007-08-17,4678.22998046875
2007-08-20,4683.47998046875
2007-08-21,4682.5
2007-08-22,4753.64013671875
2007-08-23,4800.6298828125
2007-08-24,4800.39990234375
2007-08-27,4813.91015625
2007-08-28,4814.68017578125
2007-08-29,4812.60986328125
2007-08-30,4840.52978515625
2007-08-31,4912.52978515625
2007-09-03,4904.580078125
2007-09-04,4891.85986328125
2007-09-05,4858.27001953125
2007-09-06,4863.35009765625
2007-09-07,4819.31982421875
2007-09-10,4791.4599609375
2007-09-11,4838.509765625
2007-09-12,4823.0400390625
2007-09-13,4846.080078125
2007-09-14,4861.7900390625
2007-09-17,4892.97021484375
2007-09-18,4922.97998046875
2007-09-19,4978.56982421875
2007-09-20,4972.33984375
2007-09-21,4996.47998046875
2007-09-24,5024.85009765625
2007-09-25,5032.18994140625
2007-09-26,5103.47021484375
2007-09-27,5101.08984375
2007-09-28,5123.35986328125
2007-10-01,5134.68994140625
2007-10-02,5140.31982421875
2007-10-03,5147.83984375
2007-10-04,5154.68017578125
2007-10-05,5198.7998046875
2007-10-08,5203.0
2007-10-09,5247.33984375
2007-10-10,5236.169921875
2007-10-11,5270.31982421875
2007-10-12,5289.7998046875
2007-10-15,5281.85009765625
2007-10-16,5199.10986328125
2007-10-17,5226.6201171875
2007-10-18,5166.5498046875
2007-10-19,5190.31982421875
2007-10-22,5119.77001953125
2007-10-23,5208.4599609375
2007-10-24,5214.169921875
2007-10-25,5252.990234375
2007-10-26,5273.64013671875
2007-10-29,5289.22021484375
2007-10-30,5310.8798828125
2007-10-31,5334.5
2007-11-01,5264.7099609375
2007-11-02,5284.2001953125
2007-11-05,5246.56005859375
2007-11-06,5309.919921875
2007-11-07,5305.7900390625
2007-11-08,5228.18994140625
2007-11-09,5148.1298828125
2007-11-12,5124.97021484375
2007-11-13,5129.240234375
2007-11-14,5177.08984375
2007-11-15,5117.419921875
2007-11-16,5096.0400390625
2007-11-19,4995.31005859375
2007-11-20,4960.31005859375
2007-11-21,4818.259765625
2007-11-22,4824.93017578125
2007-11-23,4925.77978515625
2007-11-26,4906.4599609375
2007-11-27,4864.6201171875
2007-11-28,4951.7001953125
2007-11-29,4973.58984375
2007-11-30,5053.8701171875
2007-12-03,5053.22021484375
2007-12-04,4985.740234375
2007-12-05,5090.97021484375
2007-12-06,5121.669921875
2007-12-07,5133.31005859375
2007-12-10,5154.080078125
2007-12-11,5175.3798828125
2007-12-12,5212.16015625
2007-12-13,5140.47998046875
2007-12-14,5097.509765625
2007-12-17,4970.3701171875
2007-12-18,5020.18994140625
2007-12-19,5011.60009765625
2007-12-20,5056.64013671875
2007-12-21,5109.81982421875
2007-12-24,5108.81982421875
2007-12-27,5137.47021484375
2007-12-28,5152.16015625
2007-12-31,5178.830078125
2008-01-02,5207.43994140625
2008-01-03,5133.330078125
2008-01-04,5112.22021484375
2008-01-07,5108.0400390625
2008-01-08,5143.93017578125
2008-01-09,5072.64990234375
2008-01-10,4962.52978515625
2008-01-11,4858.35009765625
2008-01-14,4846.27001953125
2008-01-15,4647.10986328125
2008-01-16,4523.759765625
2008-01-17,4533.31982421875
2008-01-18,4587.08984375
2008-01-21,4304.25
2008-01-22,4253.25
2008-01-23,4098.75
2008-01-24,4426.52978515625
2008-01-25,4516.81005859375
2008-01-28,4442.33984375
2008-01-29,4518.16015625
2008-01-30,4487.14990234375
2008-01-31,4362.7900390625
2008-02-01,4436.35986328125
2008-02-04,4490.669921875
2008-02-05,4389.33984375
2008-02-06,4359.43017578125
2008-02-07,4366.0400390625
2008-02-08,4316.330078125
2008-02-11,4268.580078125
2008-02-12,4349.009765625
2008-02-13,4352.41015625
2008-02-14,4424.7001953125
2008-02-15,4320.669921875
2008-02-18,4317.259765625
2008-02-19,4353.60986328125
2008-02-20,4285.5400390625
2008-02-21,4344.93017578125
2008-02-22,4350.02978515625
2008-02-25,4377.14990234375
2008-02-26,4377.85009765625
2008-02-27,4316.58984375
2008-02-28,4208.33984375
2008-02-29,4133.02978515625
2008-03-03,4053.06005859375
2008-03-06,3999.419921875
2008-03-07,3926.18994140625
2008-03-11,3986.43994140625
2008-03-12,4045.219970703125
2008-03-13,3892.35009765625
2008-03-14,3924.3701171875
2008-03-17,3783.4599609375
2008-03-18,3869.56005859375
2008-03-19,3825.159912109375
2008-03-20,3760.7900390625
2008-03-26,3809.1298828125
2008-03-27,3927.300048828125
2008-03-28,3973.68994140625
2008-03-31,3985.969970703125
2008-04-01,4063.889892578125
2008-04-02,4162.31005859375
2008-04-03,4100.18017578125
2008-04-04,4105.72021484375
2008-04-07,4164.25
2008-04-08,4087.889892578125
2008-04-09,4137.39990234375
2008-04-10,4068.320068359375
2008-04-11,4004.81005859375
2008-04-14,3937.7900390625
2008-04-15,3941.449951171875
2008-04-16,3943.8701171875
2008-04-17,3965.75
2008-04-18,4080.64990234375
2008-04-21,4025.72998046875
2008-04-22,4055.590087890625
2008-04-23,4055.080078125
2008-04-24,4061.239990234375
2008-04-29,4121.9599609375
2008-04-30,4214.16015625
2008-05-02,4303.77001953125
2008-05-05,4279.1298828125
2008-05-06,4224.3798828125
2008-05-07,4261.2900390625
2008-05-08,4266.83984375
2008-05-09,4205.89990234375
2008-05-12,4199.0400390625
2008-05-13,4265.6201171875
2008-05-14,4276.56005859375
2008-05-15,4252.509765625
2008-05-16,4229.89013671875
2008-05-19,4257.93994140625
2008-05-20,4165.6201171875
2008-05-21,4151.35986328125
2008-05-22,4093.719970703125
2008-05-23,4066.030029296875
2008-05-26,4021.85009765625
2008-05-27,4003.7900390625
2008-05-28,4090.090087890625
2008-05-29,4091.719970703125
2008-05-30,4176.509765625
2008-06-02,4153.080078125
2008-06-03,4177.18017578125
2008-06-04,4113.5498046875
2008-06-05,4122.91015625
2008-06-06,4096.5
2008-06-09,4000.97998046875
2008-06-10,3925.77001953125
2008-06-11,3877.6298828125
2008-06-12,3839.43994140625
2008-06-13,3739.27001953125
2008-06-17,3699.0
2008-06-18,3662.419921875
2008-06-19,3649.820068359375
2008-06-20,3619.110107421875
2008-06-23,3524.85009765625
2008-06-24,3482.010009765625
2008-06-25,3584.530029296875
2008-06-26,3483.97998046875
2008-06-27,3424.159912109375
2008-06-30,3439.7099609375
2008-07-01,3286.830078125
2008-07-02,3190.409912109375
2008-07-03,3289.39990234375
2008-07-04,3302.4599609375
2008-07-07,3345.639892578125
2008-07-08,3285.590087890625
2008-07-09,3403.77001953125
2008-07-10,3372.6201171875
2008-07-11,3290.739990234375
2008-07-14,3315.659912109375
2008-07-15,3177.929931640625
2008-07-16,3155.110107421875
2008-07-17,3332.10009765625
2008-07-18,3406.760009765625
2008-07-21,3446.75
2008-07-22,3384.989990234375
2008-07-23,3505.68994140625
2008-07-24,3512.800048828125
2008-07-25,3402.3798828125
2008-07-28,3410.14990234375
2008-07-29,3370.0400390625
2008-07-30,3396.6298828125
2008-07-31,3394.639892578125
2008-08-01,3378.050048828125
2008-08-04,3362.179931640625
2008-08-05,3442.31005859375
2008-08-06,3438.820068359375
2008-08-07,3427.070068359375
2008-08-08,3334.1201171875
2008-08-11,3327.909912109375
2008-08-12,3345.179931640625
2008-08-13,3287.929931640625
2008-08-14,3298.1201171875
2008-08-18,3355.050048828125
2008-08-19,3326.110107421875
2008-08-20,3312.550048828125
2008-08-21,3268.81005859375
2008-08-22,3296.669921875
2008-08-25,3302.570068359375
2008-08-26,3255.969970703125
2008-08-27,3243.989990234375
2008-08-28,3267.93994140625
2008-08-29,3292.68994140625
2008-09-01,3268.919921875
2008-09-02,3341.409912109375
2008-09-03,3293.97998046875
2008-09-04,3222.590087890625
2008-09-05,3143.919921875
2008-09-08,3275.080078125
2008-09-09,3276.56005859375
2008-09-10,3213.5400390625
2008-09-11,3131.60009765625
2008-09-12,3110.570068359375
2008-09-15,2993.050048828125
2008-09-16,2933.429931640625
2008-09-17,2957.919921875
2008-09-18,2952.81005859375
2008-09-19,3209.260009765625
2008-09-22,3175.5400390625
2008-09-23,3062.719970703125
2008-09-24,3062.830078125
2008-09-25,3070.39990234375
2008-09-26,3017.889892578125
2008-09-29,2840.800048828125
2008-09-30,2856.469970703125
2008-10-01,2837.169921875
2008-10-02,2828.8798828125
2008-10-03,2804.949951171875
2008-10-06,2640.780029296875
2008-10-07,2625.0400390625
2008-10-08,2512.010009765625
2008-10-09,2503.010009765625
2008-10-10,2372.090087890625
2008-10-13,2506.449951171875
2008-10-14,2561.800048828125
2008-10-15,2381.570068359375
2008-10-16,2255.25
2008-10-17,2117.409912109375
2008-10-20,2124.800048828125
2008-10-21,2138.949951171875
2008-10-22,2025.9300537109375
2008-10-23,1914.3699951171875
2008-10-24,1728.489990234375
2008-10-27,1798.239990234375
2008-10-29,1969.8399658203125
2008-10-30,2009.989990234375
2008-10-31,2060.31005859375
2008-11-03,2118.6298828125
2008-11-04,2229.590087890625
2008-11-05,2221.02001953125
2008-11-06,2070.39990234375
2008-11-07,2107.10009765625
2008-11-10,2190.989990234375
2008-11-11,2050.31005859375
2008-11-12,2010.52001953125
2008-11-13,1979.7900390625
2008-11-14,2007.0899658203125
2008-11-17,1921.9599609375
2008-11-18,1925.199951171875
2008-11-19,1897.0699462890625
2008-11-20,1816.5799560546875
2008-11-21,1826.4100341796875
2008-11-24,1864.81005859375
2008-11-25,1901.4200439453125
2008-11-26,1873.6300048828125
2008-11-27,1908.1800537109375
2008-11-28,1913.52001953125
2008-12-01,1860.27001953125
2008-12-02,1837.97998046875
2008-12-03,1834.31005859375
2008-12-04,1840.8800048828125
2008-12-05,1788.4599609375
2008-12-08,1845.9100341796875
2008-12-09,1847.0699462890625
2008-12-10,1833.0400390625
2008-12-11,1833.6800537109375
2008-12-12,1810.260009765625
2008-12-15,1774.280029296875
2008-12-16,1741.5699462890625
2008-12-17,1746.5799560546875
2008-12-18,1738.489990234375
2008-12-19,1731.6300048828125
2008-12-22,1711.800048828125
2008-12-23,1723.5699462890625
2008-12-24,1722.760009765625
2008-12-29,1751.6199951171875
2008-12-30,1807.8499755859375
2008-12-31,1786.510009765625
2009-01-02,1811.8299560546875
2009-01-05,1862.3199462890625
2009-01-07,1920.72998046875
2009-01-08,1913.5999755859375
2009-01-09,1892.2900390625
2009-01-12,1870.81005859375
2009-01-13,1844.4300537109375
2009-01-14,1743.469970703125
2009-01-15,1709.68994140625
2009-01-16,1749.949951171875
2009-01-19,1660.0400390625
2009-01-20,1652.510009765625
2009-01-21,1702.72998046875
2009-01-22,1671.1199951171875
2009-01-23,1663.3900146484375
2009-01-26,1695.1600341796875
2009-01-27,1710.8699951171875
2009-01-28,1748.6099853515625
2009-01-29,1731.3699951171875
2009-01-30,1779.469970703125
2009-02-02,1726.81005859375
2009-02-03,1730.949951171875
2009-02-04,1744.050048828125
2009-02-05,1715.5699462890625
2009-02-06,1761.68994140625
2009-02-09,1768.1800537109375
2009-02-10,1763.0799560546875
2009-02-11,1744.4599609375
2009-02-12,1729.4100341796875
2009-02-13,1727.97998046875
2009-02-16,1691.6300048828125
2009-02-17,1603.800048828125
2009-02-18,1589.1800537109375
2009-02-19,1615.06005859375
2009-02-20,1601.22998046875
2009-02-23,1548.989990234375
2009-02-24,1545.4000244140625
2009-02-25,1521.489990234375
2009-02-26,1541.4300537109375
2009-02-27,1535.8199462890625
2009-03-03,1510.989990234375
2009-03-04,1507.3900146484375
2009-03-05,1481.4599609375
2009-03-06,1474.3499755859375
2009-03-09,1469.4100341796875
2009-03-10,1551.280029296875
2009-03-11,1538.1700439453125
2009-03-12,1554.06005859375
2009-03-13,1557.77001953125
2009-03-16,1584.1600341796875
2009-03-17,1584.0999755859375
2009-03-18,1578.6300048828125
2009-03-19,1622.8800048828125
2009-03-20,1647.8800048828125
2009-03-23,1689.550048828125
2009-03-24,1694.280029296875
2009-03-26,1714.0
2009-03-27,1671.800048828125
2009-03-30,1629.6800537109375
2009-03-31,1684.3699951171875
2009-04-01,1678.719970703125
2009-04-02,1752.81005859375
2009-04-03,1754.6199951171875
2009-04-06,1741.4100341796875
2009-04-07,1729.27001953125
2009-04-08,1807.1099853515625
2009-04-09,1881.949951171875
2009-04-14,1901.0
2009-04-15,1928.2900390625
2009-04-16,1973.25
2009-04-21,1880.68994140625
2009-04-22,1894.56005859375
2009-04-23,1905.9200439453125
2009-04-24,1926.5400390625
2009-04-27,1925.81005859375
2009-04-28,1907.4300537109375
2009-04-29,1990.510009765625
2009-04-30,2053.739990234375
2009-05-04,2096.409912109375
2009-05-05,2160.469970703125
2009-05-06,2191.179931640625
2009-05-07,2141.22998046875
2009-05-08,2151.39990234375
2009-05-11,2159.610107421875
2009-05-12,2204.110107421875
2009-05-13,2136.4599609375
2009-05-14,2124.030029296875
2009-05-15,2146.14990234375
2009-05-18,2171.260009765625
2009-05-19,2253.72998046875
2009-05-20,2309.7900390625
2009-05-21,2251.0
2009-05-22,2280.14990234375
2009-05-25,2278.780029296875
2009-05-26,2234.81005859375
2009-05-27,2294.820068359375
2009-05-28,2309.080078125
2009-05-29,2327.469970703125
2009-06-01,2417.010009765625
2009-06-02,2427.449951171875
2009-06-03,2408.75
2009-06-04,2338.89990234375
2009-06-05,2372.260009765625
2009-06-09,2319.68994140625
2009-06-10,2376.110107421875
2009-06-11,2386.919921875
2009-06-12,2401.570068359375
2009-06-15,2390.449951171875
2009-06-16,2279.9599609375
2009-06-17,2162.340087890625
2009-06-18,2182.070068359375
2009-06-19,2233.89990234375
2009-06-22,2143.3701171875
2009-06-23,2167.25
2009-06-24,2199.110107421875
2009-06-25,2177.030029296875
2009-06-26,2162.64990234375
2009-06-29,2166.860107421875
2009-06-30,2209.989990234375
2009-07-01,2236.97998046875
2009-07-02,2217.580078125
2009-07-03,2211.0400390625
2009-07-06,2187.02001953125
2009-07-07,2202.830078125
2009-07-08,2163.219970703125
2009-07-09,2160.72998046875
2009-07-10,2106.1298828125
2009-07-13,2103.669921875
2009-07-14,2169.340087890625
2009-07-15,2185.469970703125
2009-07-16,2213.489990234375
2009-07-17,2230.43994140625
2009-07-20,2275.340087890625
2009-07-21,2271.070068359375
2009-07-22,2270.93994140625
2009-07-23,2295.260009765625
2009-07-24,2331.320068359375
2009-07-27,2344.0400390625
2009-07-28,2286.14990234375
2009-07-29,2276.179931640625
2009-07-30,2353.090087890625
2009-07-31,2362.35009765625
2009-08-03,2423.9599609375
2009-08-04,2434.02001953125
2009-08-05,2390.239990234375
2009-08-06,2401.070068359375
2009-08-07,2380.580078125
2009-08-10,2339.659912109375
2009-08-11,2276.469970703125
2009-08-12,2295.64990234375
2009-08-13,2322.77001953125
2009-08-14,2341.419921875
2009-08-17,2309.6298828125
2009-08-18,2333.2900390625
2009-08-19,2350.31005859375
2009-08-20,2399.39990234375
2009-08-21,2479.85009765625
2009-08-24,2483.260009765625
2009-08-25,2505.739990234375
2009-08-26,2545.669921875
2009-08-27,2544.449951171875
2009-08-28,2540.39990234375
2009-08-31,2466.409912109375
2009-09-01,2509.52001953125
2009-09-02,2477.97998046875
2009-09-03,2414.2099609375
2009-09-04,2425.22998046875
2009-09-07,2497.14990234375
2009-09-08,2511.81005859375
2009-09-09,2534.570068359375
2009-09-10,2510.56005859375
2009-09-11,2527.110107421875
2009-09-14,2468.0
2009-09-15,2531.93994140625
2009-09-16,2550.1298828125
2009-09-17,2547.469970703125
2009-09-18,2555.3701171875
2009-09-21,2527.89990234375
2009-09-22,2565.050048828125
2009-09-23,2611.52001953125
2009-09-24,2609.25
2009-09-25,2611.56005859375
2009-09-28,2652.030029296875
2009-09-29,2667.6201171875
2009-09-30,2661.419921875
2009-10-01,2648.050048828125
2009-10-02,2593.429931640625
2009-10-05,2581.070068359375
2009-10-06,2678.5
2009-10-07,2692.419921875
2009-10-08,2738.739990234375
2009-10-09,2753.22998046875
2009-10-12,2830.780029296875
2009-10-13,2807.889892578125
2009-10-14,2896.909912109375
2009-10-15,2894.14990234375
2009-10-16,2830.010009765625
2009-10-19,2864.6298828125
2009-10-20,2892.820068359375
2009-10-21,2855.070068359375
2009-10-22,2811.260009765625
2009-10-23,2838.1298828125
2009-10-26,2781.1298828125
2009-10-27,2711.9599609375
2009-10-29,2669.6298828125
2009-10-30,2686.2099609375
2009-11-02,2646.239990234375
2009-11-03,2584.0400390625
2009-11-04,2652.64990234375
2009-11-05,2683.570068359375
2009-11-06,2701.419921875
2009-11-09,2688.489990234375
2009-11-10,2652.679931640625
2009-11-11,2659.39990234375
2009-11-12,2620.43994140625
2009-11-13,2588.7099609375
2009-11-16,2504.429931640625
2009-11-17,2502.27001953125
2009-11-18,2528.949951171875
2009-11-19,2497.14990234375
2009-11-20,2405.610107421875
2009-11-23,2448.360107421875
2009-11-24,2428.5400390625
2009-11-25,2372.610107421875
2009-11-26,2225.320068359375
2009-11-27,2257.429931640625
2009-11-30,2263.27001953125
2009-12-01,2425.090087890625
2009-12-02,2433.239990234375
2009-12-03,2366.860107421875
2009-12-04,2383.6201171875
2009-12-07,2318.639892578125
2009-12-08,2178.699951171875
2009-12-09,2105.47998046875
2009-12-10,2214.0
2009-12-11,2160.679931640625
2009-12-14,2216.93994140625
2009-12-15,2169.97998046875
2009-12-16,2222.139892578125
2009-12-17,2195.35009765625
2009-12-18,2168.429931640625
2009-12-21,2118.60009765625
2009-12-22,2213.469970703125
2009-12-23,2207.93994140625
2009-12-28,2208.340087890625
2009-12-29,2196.030029296875
2009-12-30,2194.489990234375
2009-12-31,2196.159912109375
2010-01-04,2189.719970703125
2010-01-05,2277.60009765625
2010-01-07,2310.110107421875
2010-01-08,2327.570068359375
2010-01-11,2315.31005859375
2010-01-12,2199.530029296875
2010-01-13,2173.669921875
2010-01-14,2195.409912109375
2010-01-15,2144.56005859375
2010-01-18,2090.2900390625
2010-01-19,2101.5400390625
2010-01-20,2030.280029296875
2010-01-21,2013.9000244140625
2010-01-22,2033.760009765625
2010-01-25,2090.93994140625
2010-01-26,2052.77001953125
2010-01-27,1972.9300537109375
2010-01-28,1985.8599853515625
2010-01-29,2048.320068359375
2010-02-01,2043.4000244140625
2010-02-02,2058.409912109375
2010-02-03,2018.97998046875
2010-02-04,1951.699951171875
2010-02-05,1878.9100341796875
2010-02-08,1806.4000244140625
2010-02-09,1895.9599609375
2010-02-10,1940.8199462890625
2010-02-11,1940.31005859375
2010-02-12,1899.4200439453125
2010-02-16,1866.8699951171875
2010-02-17,1858.489990234375
2010-02-18,1882.0999755859375
2010-02-19,1927.6199951171875
2010-02-22,1957.3900146484375
2010-02-23,1922.68994140625
2010-02-24,1926.81005859375
2010-02-25,1872.530029296875
2010-02-26,1913.1600341796875
2010-03-01,1969.469970703125
2010-03-02,2021.75
2010-03-03,2014.550048828125
2010-03-04,2048.159912109375
2010-03-05,2082.06005859375
2010-03-08,2087.449951171875
2010-03-09,2085.159912109375
2010-03-10,2139.800048828125
2010-03-11,2124.580078125
2010-03-12,2115.64990234375
2010-03-15,2123.179931640625
2010-03-16,2112.669921875
2010-03-17,2089.7099609375
2010-03-18,2019.6199951171875
2010-03-19,2049.360107421875
2010-03-22,2010.219970703125
2010-03-23,2047.030029296875
2010-03-24,2062.93994140625
2010-03-26,2147.830078125
2010-03-29,2137.3701171875
2010-03-30,2095.639892578125
2010-03-31,2067.489990234375
2010-04-01,2095.02001953125
2010-04-06,2048.68994140625
2010-04-07,1987.5799560546875
2010-04-08,1925.8199462890625
2010-04-09,1991.219970703125
2010-04-12,2061.0400390625
2010-04-13,2015.56005859375
2010-04-14,1987.3599853515625
2010-04-15,2028.550048828125
2010-04-16,1995.239990234375
2010-04-19,1944.1099853515625
2010-04-20,1961.8599853515625
2010-04-21,1936.4300537109375
2010-04-22,1860.760009765625
2010-04-23,1857.9599609375
2010-04-26,1804.9100341796875
2010-04-27,1696.6800537109375
2010-04-28,1707.3499755859375
2010-04-29,1829.2900390625
2010-04-30,1869.989990234375
2010-05-03,1853.550048828125
2010-05-04,1729.6800537109375
2010-05-05,1662.0999755859375
2010-05-06,1678.4200439453125
2010-05-07,1630.469970703125
2010-05-10,1779.300048828125
2010-05-11,1735.2900390625
2010-05-12,1749.5899658203125
2010-05-13,1716.800048828125
2010-05-14,1658.2900390625
2010-05-17,1634.6099853515625
2010-05-18,1629.239990234375
2010-05-19,1636.47998046875
2010-05-20,1582.219970703125
2010-05-21,1595.0999755859375
2010-05-25,1539.9000244140625
2010-05-26,1585.75
2010-05-27,1578.4200439453125
2010-05-28,1570.219970703125
2010-05-31,1550.780029296875
2010-06-01,1527.5999755859375
2010-06-02,1537.8199462890625
2010-06-03,1563.530029296875
2010-06-04,1484.9000244140625
2010-06-07,1403.9200439453125
2010-06-08,1408.8399658203125
2010-06-09,1461.8299560546875
2010-06-10,1476.469970703125
2010-06-11,1484.1300048828125
2010-06-14,1540.68994140625
2010-06-15,1530.0400390625
2010-06-16,1523.06005859375
2010-06-17,1514.8499755859375
2010-06-18,1542.989990234375
2010-06-21,1595.2099609375
2010-06-22,1569.989990234375
2010-06-23,1525.530029296875
2010-06-24,1468.8599853515625
2010-06-25,1460.4599609375
2010-06-28,1447.1500244140625
2010-06-29,1434.4100341796875
2010-06-30,1434.219970703125
2010-07-01,1452.1300048828125
2010-07-02,1451.0799560546875
2010-07-05,1450.06005859375
2010-07-06,1503.0699462890625
2010-07-07,1491.760009765625
2010-07-08,1525.0899658203125
2010-07-09,1527.6199951171875
2010-07-12,1527.5799560546875
2010-07-13,1567.47998046875
2010-07-14,1573.8699951171875
2010-07-15,1608.760009765625
2010-07-16,1612.8699951171875
2010-07-19,1626.5999755859375
2010-07-20,1579.1400146484375
2010-07-21,1570.5899658203125
2010-07-22,1612.3800048828125
2010-07-23,1590.5
2010-07-26,1625.2099609375
2010-07-27,1692.3499755859375
2010-07-28,1688.0
2010-07-29,1708.3800048828125
2010-07-30,1681.97998046875
2010-08-02,1746.719970703125
2010-08-03,1769.9300537109375
2010-08-04,1777.550048828125
2010-08-05,1745.300048828125
2010-08-06,1713.010009765625
2010-08-09,1705.22998046875
2010-08-10,1666.010009765625
2010-08-11,1649.8699951171875
2010-08-12,1628.280029296875
2010-08-13,1625.989990234375
2010-08-16,1632.1600341796875
2010-08-17,1678.06005859375
2010-08-18,1664.5
2010-08-19,1647.8900146484375
2010-08-20,1589.739990234375
2010-08-23,1598.8800048828125
2010-08-24,1544.22998046875
2010-08-25,1516.1700439453125
2010-08-26,1541.719970703125
2010-08-27,1547.010009765625
2010-08-30,1561.199951171875
2010-08-31,1555.4100341796875
2010-09-01,1571.1199951171875
2010-09-02,1613.4100341796875
2010-09-03,1656.8199462890625
2010-09-06,1673.4000244140625
2010-09-07,1618.31005859375
2010-09-08,1586.6199951171875
2010-09-09,1610.8299560546875
2010-09-10,1588.3299560546875
2010-09-13,1587.6600341796875
2010-09-14,1563.3599853515625
2010-09-15,1560.0799560546875
2010-09-16,1535.8299560546875
2010-09-17,1524.1500244140625
2010-09-20,1492.3599853515625
2010-09-21,1506.7099609375
2010-09-22,1512.4200439453125
2010-09-23,1501.8699951171875
2010-09-24,1514.260009765625
2010-09-27,1496.3299560546875
2010-09-28,1472.5
2010-09-29,1466.6700439453125
2010-09-30,1471.0400390625
2010-10-01,1468.52001953125
2010-10-04,1488.7099609375
2010-10-05,1503.1400146484375
2010-10-06,1552.550048828125
2010-10-07,1553.760009765625
2010-10-08,1528.47998046875
2010-10-11,1548.699951171875
2010-10-12,1542.6199951171875
2010-10-13,1581.68994140625
2010-10-14,1541.7900390625
2010-10-15,1549.93994140625
2010-10-18,1557.2099609375
2010-10-19,1573.0799560546875
2010-10-20,1589.1500244140625
2010-10-21,1586.1099853515625
2010-10-22,1605.8199462890625
2010-10-25,1637.1500244140625
2010-10-26,1608.0799560546875
2010-10-27,1577.8900146484375
2010-10-29,1547.4300537109375
2010-11-01,1504.22998046875
2010-11-02,1518.6400146484375
2010-11-03,1516.949951171875
2010-11-04,1497.75
2010-11-05,1507.7900390625
2010-11-08,1526.9100341796875
2010-11-09,1541.02001953125
2010-11-10,1510.1600341796875
2010-11-11,1493.5899658203125
2010-11-12,1497.199951171875
2010-11-15,1509.8499755859375
2010-11-16,1494.1700439453125
2010-11-17,1464.6800537109375
2010-11-18,1502.8299560546875
2010-11-19,1492.6700439453125
2010-11-22,1460.3299560546875
2010-11-23,1451.449951171875
2010-11-24,1450.81005859375
2010-11-25,1440.6400146484375
2010-11-26,1436.6600341796875
2010-11-29,1411.3900146484375
2010-11-30,1419.6700439453125
2010-12-01,1474.3499755859375
2010-12-02,1474.050048828125
2010-12-03,1486.5
2010-12-06,1492.9200439453125
2010-12-07,1533.760009765625
2010-12-08,1523.510009765625
2010-12-09,1542.4100341796875
2010-12-10,1506.3199462890625
2010-12-13,1499.3900146484375
2010-12-14,1501.4000244140625
2010-12-15,1484.989990234375
2010-12-16,1487.3900146484375
2010-12-17,1498.010009765625
2010-12-20,1449.7900390625
2010-12-21,1459.239990234375
2010-12-22,1449.1199951171875
2010-12-23,1444.18994140625
2010-12-27,1404.199951171875
2010-12-28,1411.0899658203125
2010-12-29,1428.1500244140625
2010-12-30,1423.9200439453125
2010-12-31,1413.93994140625
2011-01-03,1419.6600341796875
2011-01-04,1396.5799560546875
2011-01-05,1373.9100341796875
2011-01-07,1390.8399658203125
2011-01-10,1354.6300048828125
2011-01-11,1369.3499755859375
2011-01-12,1438.030029296875
2011-01-13,1442.52001953125
2011-01-14,1445.8599853515625
2011-01-17,1458.6500244140625
2011-01-18,1443.0
2011-01-19,1507.4000244140625
2011-01-20,1546.9300537109375
2011-01-21,1536.5799560546875
2011-01-24,1548.6500244140625
2011-01-25,1534.3800048828125
2011-01-26,1567.8299560546875
2011-01-27,1570.050048828125
2011-01-28,1591.22998046875
2011-01-31,1593.300048828125
2011-02-01,1663.5999755859375
2011-02-02,1664.06005859375
2011-02-03,1675.1400146484375
2011-02-04,1661.6800537109375
2011-02-07,1653.6300048828125
2011-02-08,1669.8199462890625
2011-02-09,1690.5799560546875
2011-02-10,1632.06005859375
2011-02-11,1621.9000244140625
2011-02-14,1642.699951171875
2011-02-15,1620.5899658203125
2011-02-16,1618.97998046875
2011-02-17,1662.6199951171875
2011-02-18,1715.1300048828125
2011-02-21,1668.25
2011-02-22,1619.3599853515625
2011-02-23,1629.719970703125
2011-02-24,1599.969970703125
2011-02-25,1583.199951171875
2011-02-28,1576.8599853515625
2011-03-01,1579.8499755859375
2011-03-02,1569.9200439453125
2011-03-03,1580.6700439453125
2011-03-04,1585.8499755859375
2011-03-08,1525.5
2011-03-09,1541.02001953125
2011-03-10,1544.8800048828125
2011-03-11,1580.9000244140625
2011-03-14,1662.3800048828125
2011-03-15,1590.43994140625
2011-03-16,1611.0899658203125
2011-03-17,1620.469970703125
2011-03-18,1593.780029296875
2011-03-21,1614.1300048828125
2011-03-22,1611.2099609375
2011-03-23,1588.3299560546875
2011-03-24,1622.1500244140625
2011-03-28,1611.510009765625
2011-03-29,1579.760009765625
2011-03-30,1558.5699462890625
2011-03-31,1535.18994140625
2011-04-01,1526.5999755859375
2011-04-04,1492.43994140625
2011-04-05,1489.4599609375
2011-04-06,1528.6700439453125
2011-04-07,1552.199951171875
2011-04-08,1531.1199951171875
2011-04-11,1491.8299560546875
2011-04-12,1506.25
2011-04-13,1531.0400390625
2011-04-14,1487.760009765625
2011-04-15,1469.030029296875
2011-04-18,1427.489990234375
2011-04-19,1437.280029296875
2011-04-20,1399.68994140625
2011-04-21,1431.3299560546875
2011-04-26,1425.5699462890625
2011-04-27,1400.06005859375
2011-04-28,1401.1600341796875
2011-04-29,1434.6500244140625
2011-05-02,1429.1199951171875
2011-05-03,1412.8399658203125
2011-05-04,1387.5899658203125
2011-05-05,1378.050048828125
2011-05-06,1370.0999755859375
2011-05-09,1349.9100341796875
2011-05-10,1369.300048828125
2011-05-11,1388.1099853515625
2011-05-12,1355.0799560546875
2011-05-13,1356.239990234375
2011-05-16,1330.280029296875
2011-05-17,1346.8699951171875
2011-05-18,1328.0999755859375
2011-05-19,1322.27001953125
2011-05-20,1297.3599853515625
2011-05-23,1280.0999755859375
2011-05-24,1281.719970703125
2011-05-25,1289.6300048828125
2011-05-26,1286.8800048828125
2011-05-27,1264.9200439453125
2011-05-30,1240.25
2011-05-31,1309.4599609375
2011-06-01,1289.989990234375
2011-06-02,1277.22998046875
2011-06-03,1333.6600341796875
2011-06-06,1323.27001953125
2011-06-07,1297.050048828125
2011-06-08,1258.969970703125
2011-06-09,1262.6400146484375
2011-06-10,1252.3800048828125
2011-06-14,1266.9300537109375
2011-06-15,1243.050048828125
2011-06-16,1208.0899658203125
2011-06-17,1254.02001953125
2011-06-20,1229.4300537109375
2011-06-21,1275.469970703125
2011-06-22,1271.4300537109375
2011-06-23,1241.8199462890625
2011-06-24,1232.5999755859375
2011-06-27,1226.219970703125
2011-06-28,1258.8399658203125
2011-06-29,1264.8499755859375
2011-06-30,1279.06005859375
2011-07-01,1308.47998046875
2011-07-04,1306.449951171875
2011-07-05,1288.3199462890625
2011-07-06,1265.780029296875
2011-07-07,1264.22998046875
2011-07-08,1251.0999755859375
2011-07-11,1218.8800048828125
2011-07-12,1216.510009765625
2011-07-13,1190.300048828125
2011-07-14,1188.18994140625
2011-07-15,1176.8800048828125
2011-07-18,1171.699951171875
2011-07-19,1187.739990234375
2011-07-20,1184.3499755859375
2011-07-21,1214.4200439453125
2011-07-22,1286.1500244140625
2011-07-25,1269.0400390625
2011-07-26,1233.219970703125
2011-07-27,1226.9200439453125
2011-07-28,1209.550048828125
2011-07-29,1204.1500244140625
2011-08-01,1182.760009765625
2011-08-02,1144.2900390625
2011-08-03,1101.31005859375
2011-08-04,1086.4300537109375
2011-08-05,1062.0
2011-08-08,998.239990234375
2011-08-09,1000.1300048828125
2011-08-10,982.1099853515625
2011-08-11,976.1699829101562
2011-08-12,991.1400146484375
2011-08-16,1012.52001953125
2011-08-17,1010.760009765625
2011-08-18,976.6199951171875
2011-08-19,961.9600219726562
2011-08-22,940.719970703125
2011-08-23,911.0700073242188
2011-08-24,892.9600219726562
2011-08-25,889.1699829101562
2011-08-26,880.0800170898438
2011-08-29,1006.5900268554688
2011-08-30,958.1199951171875
2011-08-31,915.97998046875
2011-09-01,928.8599853515625
2011-09-02,891.9299926757812
2011-09-05,863.9000244140625
2011-09-06,860.739990234375
2011-09-07,929.4500122070312
2011-09-08,886.77001953125
2011-09-09,886.72998046875
2011-09-12,847.47998046875
2011-09-13,843.1199951171875
2011-09-14,857.1799926757812
2011-09-15,848.4000244140625
2011-09-16,864.9400024414062
2011-09-19,850.219970703125
2011-09-20,844.1900024414062
2011-09-21,855.989990234375
2011-09-22,830.0700073242188
2011-09-23,797.9500122070312
2011-09-26,784.6500244140625
2011-09-27,791.1900024414062
2011-09-28,809.9400024414062
2011-09-29,802.5700073242188
2011-09-30,798.4199829101562
2011-10-03,779.2899780273438
2011-10-04,730.3300170898438
2011-10-05,735.510009765625
2011-10-06,739.969970703125
2011-10-07,744.3699951171875
2011-10-10,740.0599975585938
2011-10-11,725.4500122070312
2011-10-12,759.8900146484375
2011-10-13,772.3599853515625
2011-10-14,775.5900268554688
2011-10-17,752.5900268554688
2011-10-18,738.0800170898438
2011-10-19,740.9299926757812
2011-10-20,742.760009765625
2011-10-21,782.3599853515625
2011-10-24,747.0800170898438
2011-10-25,756.0499877929688
2011-10-26,773.8099975585938
2011-10-27,811.1099853515625
2011-10-31,808.5800170898438
2011-11-01,752.6500244140625
2011-11-02,745.6400146484375
2011-11-03,759.5
2011-11-04,750.6300048828125
2011-11-07,761.0399780273438
2011-11-08,779.6300048828125
2011-11-09,767.1099853515625
2011-11-10,762.22998046875
2011-11-11,755.6500244140625
2011-11-14,762.8499755859375
2011-11-15,735.6500244140625
2011-11-16,717.9299926757812
2011-11-17,724.8099975585938
2011-11-18,712.6300048828125
2011-11-21,686.0
2011-11-22,684.0399780273438
2011-11-23,675.9299926757812
2011-11-24,673.2999877929688
2011-11-25,664.239990234375
2011-11-28,666.9500122070312
2011-11-29,661.52001953125
2011-11-30,682.2100219726562
2011-12-01,671.4299926757812
2011-12-02,690.6799926757812
2011-12-05,693.1199951171875
2011-12-06,679.010009765625
2011-12-07,686.2000122070312
2011-12-08,677.3099975585938
2011-12-09,675.7999877929688
2011-12-12,661.77001953125
2011-12-13,656.75
2011-12-14,659.6199951171875
2011-12-15,660.1400146484375
2011-12-16,655.9099731445312
2011-12-19,650.5
2011-12-20,660.0700073242188
2011-12-21,659.3400268554688
2011-12-22,656.4500122070312
2011-12-23,665.0599975585938
2011-12-27,669.489990234375
2011-12-28,669.5700073242188
2011-12-29,667.2999877929688
2011-12-30,680.4199829101562
2012-01-03,665.6300048828125
2012-01-04,662.2899780273438
2012-01-05,647.5800170898438
2012-01-09,636.52001953125
2012-01-10,625.3499755859375
2012-01-11,629.0800170898438
2012-01-12,632.1900024414062
2012-01-13,644.9400024414062
2012-01-16,649.5499877929688
2012-01-17,656.52001953125
2012-01-18,670.030029296875
2012-01-19,689.75
2012-01-20,708.1799926757812
2012-01-23,744.260009765625
2012-01-24,703.4400024414062
2012-01-25,737.260009765625
2012-01-26,766.22998046875
2012-01-27,745.6699829101562
2012-01-30,750.0399780273438
2012-01-31,796.02001953125
2012-02-01,796.0999755859375
2012-02-02,792.4400024414062
2012-02-03,762.1500244140625
2012-02-06,785.0
2012-02-07,802.2100219726562
2012-02-08,809.1199951171875
2012-02-09,823.9600219726562
2012-02-10,797.3499755859375
2012-02-13,834.4099731445312
2012-02-14,818.0999755859375
2012-02-15,776.280029296875
2012-02-16,785.02001953125
2012-02-17,824.260009765625
2012-02-20,825.75
2012-02-21,797.1300048828125
2012-02-22,751.9600219726562
2012-02-23,746.530029296875
2012-02-24,749.6900024414062
2012-02-28,727.1400146484375
2012-02-29,743.5900268554688
2012-03-01,747.8499755859375
2012-03-02,749.3200073242188
2012-03-05,734.7000122070312
2012-03-06,755.0599975585938
2012-03-07,745.22998046875
2012-03-08,768.9000244140625
2012-03-09,752.3499755859375
2012-03-12,733.8900146484375
2012-03-13,734.8800048828125
2012-03-14,744.77001953125
2012-03-15,750.3200073242188
2012-03-16,764.7999877929688
2012-03-19,776.7899780273438
2012-03-20,781.8800048828125
2012-03-21,767.5999755859375
2012-03-22,765.0700073242188
2012-03-23,772.6599731445312
2012-03-26,767.3200073242188
2012-03-27,752.7000122070312
2012-03-28,752.6400146484375
2012-03-29,734.77001953125
2012-03-30,728.9299926757812
2012-04-02,713.6599731445312
2012-04-03,709.2000122070312
2012-04-04,703.9400024414062
2012-04-05,707.5999755859375
2012-04-10,730.030029296875
2012-04-11,723.6099853515625
2012-04-12,714.780029296875
2012-04-17,720.97998046875
2012-04-18,726.6500244140625
2012-04-19,713.9199829101562
2012-04-20,714.510009765625
2012-04-23,702.1699829101562
2012-04-24,697.8200073242188
2012-04-25,698.030029296875
2012-04-26,696.6599731445312
2012-04-27,695.760009765625
2012-04-30,699.9099731445312
2012-05-02,686.1900024414062
2012-05-03,687.2999877929688
2012-05-04,689.8599853515625
2012-05-07,643.8699951171875
2012-05-08,620.5399780273438
2012-05-09,615.1199951171875
2012-05-10,640.9099731445312
2012-05-11,611.9600219726562
2012-05-14,584.0399780273438
2012-05-15,562.8800048828125
2012-05-16,555.4199829101562
2012-05-17,536.489990234375
2012-05-18,550.1300048828125
2012-05-21,544.5599975585938
2012-05-22,535.9600219726562
2012-05-23,526.3900146484375
2012-05-24,502.5199890136719
2012-05-25,485.17999267578125
2012-05-28,518.489990234375
2012-05-29,528.1400146484375
2012-05-30,511.2900085449219
2012-05-31,525.4500122070312
2012-06-01,501.8999938964844
2012-06-05,476.3599853515625
2012-06-06,477.4200134277344
2012-06-07,492.19000244140625
2012-06-08,492.69000244140625
2012-06-11,496.3999938964844
2012-06-12,489.3500061035156
2012-06-13,499.55999755859375
2012-06-14,550.0999755859375
2012-06-15,560.260009765625
2012-06-18,580.6699829101562
2012-06-19,600.0700073242188
2012-06-20,603.0399780273438
2012-06-21,614.0900268554688
2012-06-22,608.4099731445312
2012-06-25,566.7899780273438
2012-06-26,575.8300170898438
2012-06-27,579.6900024414062
2012-06-28,578.3099975585938
2012-06-29,611.1599731445312
2012-07-02,615.469970703125
2012-07-03,620.0700073242188
2012-07-04,650.27001953125
2012-07-05,637.0499877929688
2012-07-06,638.8599853515625
2012-07-09,642.6199951171875
2012-07-10,621.6900024414062
2012-07-11,605.75
2012-07-12,600.1599731445312
2012-07-13,621.780029296875
2012-07-16,619.969970703125
2012-07-17,612.3800048828125
2012-07-18,613.6500244140625
2012-07-19,622.260009765625
2012-07-20,630.8400268554688
2012-07-23,586.0399780273438
2012-07-24,586.6400146484375
2012-07-25,588.0900268554688
2012-07-26,583.2000122070312
2012-07-27,586.260009765625
2012-07-30,599.47998046875
2012-07-31,598.6799926757812
2012-08-01,599.219970703125
2012-08-02,592.739990234375
2012-08-03,598.1199951171875
2012-08-06,608.6199951171875
2012-08-07,620.4600219726562
2012-08-08,611.5
2012-08-09,612.2899780273438
2012-08-10,618.22998046875
2012-08-13,623.219970703125
2012-08-14,621.77001953125
2012-08-16,631.5599975585938
2012-08-17,639.27001953125
2012-08-20,626.219970703125
2012-08-21,642.8400268554688
2012-08-22,639.5700073242188
2012-08-23,629.6900024414062
2012-08-24,644.0399780273438
2012-08-27,646.0800170898438
2012-08-28,631.4099731445312
2012-08-29,640.8400268554688
2012-08-30,629.0999755859375
2012-08-31,646.8200073242188
2012-09-03,642.3699951171875
2012-09-04,651.77001953125
2012-09-05,675.0700073242188
2012-09-06,678.9600219726562
2012-09-07,693.489990234375
2012-09-10,726.0499877929688
2012-09-11,731.510009765625
2012-09-12,770.530029296875
2012-09-13,741.760009765625
2012-09-14,743.010009765625
2012-09-17,734.989990234375
2012-09-18,755.97998046875
2012-09-19,753.0599975585938
2012-09-20,763.6900024414062
2012-09-21,775.780029296875
2012-09-24,754.47998046875
2012-09-25,752.2000122070312
2012-09-26,755.0900268554688
2012-09-27,742.4400024414062
2012-09-28,739.1199951171875
2012-10-01,744.4199829101562
2012-10-02,780.9400024414062
2012-10-03,777.47998046875
2012-10-04,790.0399780273438
2012-10-05,829.9600219726562
2012-10-08,825.0900268554688
2012-10-09,829.5900268554688
2012-10-10,799.4199829101562
2012-10-11,798.6599731445312
2012-10-12,824.8599853515625
2012-10-15,834.989990234375
2012-10-16,849.8200073242188
2012-10-17,865.219970703125
2012-10-18,862.8800048828125
2012-10-19,870.6400146484375
2012-10-22,894.010009765625
2012-10-23,873.510009765625
2012-10-24,889.780029296875
2012-10-25,881.219970703125
2012-10-26,874.5399780273438
2012-10-29,819.6099853515625
2012-10-30,815.5399780273438
2012-10-31,801.3200073242188
2012-11-01,761.239990234375
2012-11-02,802.2100219726562
2012-11-05,829.0700073242188
2012-11-06,832.3699951171875
2012-11-07,825.7999877929688
2012-11-08,794.6699829101562
2012-11-09,801.989990234375
2012-11-12,772.8499755859375
2012-11-13,775.719970703125
2012-11-14,794.719970703125
2012-11-15,788.0599975585938
2012-11-16,790.489990234375
2012-11-19,820.9099731445312
2012-11-20,821.22998046875
2012-11-21,830.27001953125
2012-11-22,846.7999877929688
2012-11-23,845.0399780273438
2012-11-26,844.5700073242188
2012-11-27,847.0599975585938
2012-11-28,822.719970703125
2012-11-29,816.1599731445312
2012-11-30,809.1400146484375
2012-12-03,819.3900146484375
2012-12-04,810.1699829101562
2012-12-05,818.7100219726562
2012-12-06,831.7000122070312
2012-12-07,840.72998046875
2012-12-10,852.6300048828125
2012-12-11,872.030029296875
2012-12-12,873.25
2012-12-13,859.760009765625
2012-12-14,857.0499877929688
2012-12-17,844.4600219726562
2012-12-18,838.0800170898438
2012-12-19,878.4099731445312
2012-12-20,880.7000122070312
2012-12-21,896.8800048828125
2012-12-27,912.7000122070312
2012-12-28,901.3599853515625
2012-12-31,907.9000244140625
2013-01-02,941.260009765625
2013-01-03,952.2999877929688
2013-01-04,964.1900024414062
2013-01-07,969.4299926757812
2013-01-08,980.52001953125
2013-01-09,983.9099731445312
2013-01-10,984.8499755859375
2013-01-11,979.719970703125
2013-01-14,968.2899780273438
2013-01-15,951.0499877929688
2013-01-16,952.780029296875
2013-01-17,953.7100219726562
2013-01-18,973.9500122070312
2013-01-21,975.6699829101562
2013-01-22,999.2000122070312
2013-01-23,1019.4099731445312
2013-01-24,987.4500122070312
2013-01-25,1014.530029296875
2013-01-28,1013.7899780273438
2013-01-29,1005.280029296875
2013-01-30,996.8200073242188
2013-01-31,986.760009765625
2013-02-01,977.27001953125
2013-02-04,995.2999877929688
2013-02-05,1011.8499755859375
2013-02-06,1035.18994140625
2013-02-07,1042.1600341796875
2013-02-08,1022.5700073242188
2013-02-11,1013.3499755859375
2013-02-12,1022.1300048828125
2013-02-13,1027.52001953125
2013-02-14,1032.4300537109375
2013-02-15,1044.760009765625
2013-02-18,1026.81005859375
2013-02-19,1038.260009765625
2013-02-20,1039.489990234375
2013-02-21,996.2999877929688
2013-02-22,1003.3200073242188
2013-02-25,995.3699951171875
2013-02-26,991.5599975585938
2013-02-27,998.47998046875
2013-02-28,1007.989990234375
2013-03-01,990.4199829101562
2013-03-04,969.969970703125
2013-03-05,967.1500244140625
2013-03-06,963.4500122070312
2013-03-07,936.5700073242188
2013-03-08,952.3400268554688
2013-03-11,929.6900024414062
2013-03-12,941.1699829101562
2013-03-13,973.1199951171875
2013-03-14,968.2899780273438
2013-03-15,960.4199829101562
2013-03-19,923.4299926757812
2013-03-20,930.72998046875
2013-03-21,924.8599853515625
2013-03-22,930.530029296875
2013-03-26,884.9400024414062
2013-03-27,849.6199951171875
2013-03-28,869.1900024414062
2013-04-02,856.2899780273438
2013-04-03,837.8200073242188
2013-04-04,842.760009765625
2013-04-05,822.9500122070312
2013-04-08,829.0800170898438
2013-04-09,876.5399780273438
2013-04-10,903.1300048828125
2013-04-11,926.9099731445312
2013-04-12,926.5499877929688
2013-04-15,925.489990234375
2013-04-16,913.6199951171875
2013-04-17,923.6699829101562
2013-04-18,918.8099975585938
2013-04-19,926.72998046875
2013-04-22,943.3300170898438
2013-04-23,942.1799926757812
2013-04-24,950.8400268554688
2013-04-25,970.9299926757812
2013-04-26,962.030029296875
2013-04-29,982.010009765625
2013-04-30,974.0900268554688
2013-05-02,983.6400146484375
2013-05-08,1043.280029296875
2013-05-09,1066.2900390625
2013-05-10,1034.3900146484375
2013-05-13,1065.219970703125
2013-05-14,1073.469970703125
2013-05-15,1113.6700439453125
2013-05-16,1134.280029296875
2013-05-17,1152.5999755859375
2013-05-20,1135.8299560546875
2013-05-21,1090.8900146484375
2013-05-22,1080.6500244140625
2013-05-23,1038.3900146484375
2013-05-24,1035.1199951171875
2013-05-27,1038.8900146484375
2013-05-28,1037.8299560546875
2013-05-29,1008.719970703125
2013-05-30,994.8699951171875
2013-05-31,1014.530029296875
2013-06-03,1009.5700073242188
2013-06-04,981.5
2013-06-05,985.3599853515625
2013-06-06,976.9500122070312
2013-06-07,986.0499877929688
2013-06-10,939.780029296875
2013-06-11,895.8599853515625
2013-06-12,867.0800170898438
2013-06-13,896.6799926757812
2013-06-14,919.1099853515625
2013-06-17,907.469970703125
2013-06-18,918.030029296875
2013-06-19,917.6199951171875
2013-06-20,884.02001953125
2013-06-21,830.010009765625
2013-06-25,840.7100219726562
2013-06-26,836.5800170898438
2013-06-27,826.8099975585938
2013-06-28,847.5700073242188
2013-07-01,851.4199829101562
2013-07-02,823.8300170898438
2013-07-03,819.030029296875
2013-07-04,821.8599853515625
2013-07-05,840.9199829101562
2013-07-08,858.4000244140625
2013-07-09,838.2899780273438
2013-07-10,819.5399780273438
2013-07-11,811.510009765625
2013-07-12,804.1900024414062
2013-07-15,800.9099731445312
2013-07-16,818.6199951171875
2013-07-17,832.72998046875
2013-07-18,846.9500122070312
2013-07-19,836.97998046875
2013-07-22,842.1599731445312
2013-07-23,842.3300170898438
2013-07-24,841.239990234375
2013-07-25,843.5499877929688
2013-07-26,865.719970703125
2013-07-29,874.4000244140625
2013-07-30,866.9000244140625
2013-07-31,884.5999755859375
2013-08-01,900.1199951171875
2013-08-02,916.5599975585938
2013-08-05,917.75
2013-08-06,925.72998046875
2013-08-07,925.9500122070312
2013-08-08,948.719970703125
2013-08-09,956.9299926757812
2013-08-12,977.2100219726562
2013-08-13,961.010009765625
2013-08-14,957.6799926757812
2013-08-16,955.1799926757812
2013-08-19,927.0
2013-08-20,896.1099853515625
2013-08-21,903.760009765625
2013-08-22,898.0800170898438
2013-08-23,924.469970703125
2013-08-26,918.8200073242188
2013-08-27,881.3499755859375
2013-08-28,881.030029296875
2013-08-29,893.77001953125
2013-08-30,899.9199829101562
2013-09-02,899.1900024414062
2013-09-03,920.4600219726562
2013-09-04,921.4000244140625
2013-09-05,929.780029296875
2013-09-06,939.3400268554688
2013-09-09,977.3400268554688
2013-09-10,992.8300170898438
2013-09-11,988.8499755859375
2013-09-12,997.0
2013-09-13,991.4600219726562
2013-09-16,993.22998046875
2013-09-17,999.9099731445312
2013-09-18,1000.8099975585938
2013-09-19,1022.75
2013-09-20,984.0399780273438
2013-09-23,990.3200073242188
2013-09-24,1016.1099853515625
2013-09-25,1020.0399780273438
2013-09-26,1028.5799560546875
2013-09-27,1030.949951171875
2013-09-30,1014.0599975585938
2013-10-01,1021.7999877929688
2013-10-02,1011.6699829101562
2013-10-03,1033.25
2013-10-04,1067.8699951171875
2013-10-07,1094.449951171875
2013-10-08,1110.449951171875
2013-10-09,1111.7099609375
2013-10-10,1124.280029296875
2013-10-11,1109.199951171875
2013-10-14,1119.3599853515625
2013-10-15,1119.989990234375
2013-10-16,1125.02001953125
2013-10-17,1138.9000244140625
2013-10-18,1166.0
2013-10-21,1196.8399658203125
2013-10-22,1202.27001953125
2013-10-23,1156.3599853515625
2013-10-24,1174.4100341796875
2013-10-25,1190.52001953125
2013-10-29,1165.97998046875
2013-10-30,1173.300048828125
2013-10-31,1188.1700439453125
2013-11-01,1177.699951171875
2013-11-04,1162.77001953125
2013-11-05,1138.3499755859375
2013-11-06,1156.5699462890625
2013-11-07,1171.06005859375
2013-11-08,1169.0400390625
2013-11-11,1165.989990234375
2013-11-12,1129.8599853515625
2013-11-13,1132.02001953125
2013-11-14,1143.6199951171875
2013-11-15,1133.4599609375
2013-11-18,1141.3299560546875
2013-11-19,1145.0899658203125
2013-11-20,1136.6500244140625
2013-11-21,1141.8299560546875
2013-11-22,1168.9000244140625
2013-11-25,1197.7900390625
2013-11-26,1151.6600341796875
2013-11-27,1175.8199462890625
2013-11-28,1180.77001953125
2013-11-29,1195.6800537109375
2013-12-02,1228.22998046875
2013-12-03,1220.97998046875
2013-12-04,1211.77001953125
2013-12-05,1190.31005859375
2013-12-06,1177.3399658203125
2013-12-09,1182.9300537109375
2013-12-10,1200.6700439453125
2013-12-11,1196.97998046875
2013-12-12,1186.9300537109375
2013-12-13,1156.739990234375
2013-12-16,1146.8800048828125
2013-12-17,1146.68994140625
2013-12-18,1146.260009765625
2013-12-19,1155.530029296875
2013-12-20,1123.8599853515625
2013-12-23,1112.0799560546875
2013-12-27,1165.239990234375
2013-12-30,1158.030029296875
2013-12-31,1162.6800537109375
2014-01-02,1204.9599609375
2014-01-03,1205.510009765625
2014-01-07,1238.06005859375
2014-01-08,1279.4100341796875
2014-01-09,1289.97998046875
2014-01-10,1296.3900146484375
2014-01-13,1286.469970703125
2014-01-14,1260.699951171875
2014-01-15,1283.699951171875
2014-01-16,1271.31005859375
2014-01-17,1268.530029296875
2014-01-20,1239.47998046875
2014-01-21,1215.3399658203125
2014-01-22,1222.8800048828125
2014-01-23,1223.280029296875
2014-01-24,1183.989990234375
2014-01-27,1159.4300537109375
2014-01-28,1136.969970703125
2014-01-29,1126.3499755859375
2014-01-30,1155.81005859375
2014-01-31,1176.9200439453125
2014-02-03,1208.1400146484375
2014-02-04,1212.5999755859375
2014-02-05,1240.1099853515625
2014-02-06,1250.0699462890625
2014-02-07,1254.75
2014-02-10,1260.1700439453125
2014-02-11,1246.030029296875
2014-02-12,1278.219970703125
2014-02-13,1271.8499755859375
2014-02-14,1280.4599609375
2014-02-17,1276.8199462890625
2014-02-18,1274.93994140625
2014-02-19,1256.52001953125
2014-02-20,1250.25
2014-02-21,1249.9599609375
2014-02-24,1219.4300537109375
2014-02-25,1261.9200439453125
2014-02-26,1303.3499755859375
2014-02-27,1293.969970703125
2014-02-28,1310.4100341796875
2014-03-04,1323.3599853515625
2014-03-05,1319.5899658203125
2014-03-06,1319.030029296875
2014-03-07,1341.239990234375
2014-03-10,1338.6800537109375
2014-03-11,1360.3699951171875
2014-03-12,1359.81005859375
2014-03-13,1346.3499755859375
2014-03-14,1318.93994140625
2014-03-17,1365.0899658203125
2014-03-18,1369.56005859375
2014-03-19,1364.4100341796875
2014-03-20,1363.300048828125
2014-03-21,1330.68994140625
2014-03-24,1329.199951171875
2014-03-26,1331.9599609375
2014-03-27,1314.989990234375
2014-03-28,1327.8699951171875
2014-03-31,1335.739990234375
2014-04-01,1342.75
2014-04-02,1353.010009765625
2014-04-03,1323.239990234375
2014-04-04,1314.739990234375
2014-04-07,1308.8399658203125
2014-04-08,1300.0699462890625
2014-04-09,1293.5400390625
2014-04-10,1283.9599609375
2014-04-11,1250.800048828125
2014-04-14,1207.8199462890625
2014-04-15,1186.989990234375
2014-04-16,1218.0
2014-04-17,1248.6099853515625
2014-04-22,1260.719970703125
2014-04-23,1230.199951171875
2014-04-24,1230.550048828125
2014-04-25,1223.1400146484375
2014-04-28,1193.949951171875
2014-04-29,1195.199951171875
2014-04-30,1232.1199951171875
2014-05-02,1240.1600341796875
2014-05-05,1232.52001953125
2014-05-06,1215.0799560546875
2014-05-07,1231.25
2014-05-08,1224.68994140625
2014-05-09,1191.699951171875
2014-05-12,1164.5899658203125
2014-05-13,1160.81005859375
2014-05-14,1178.1199951171875
2014-05-15,1123.6199951171875
2014-05-16,1088.25
2014-05-19,1066.5400390625
2014-05-20,1119.300048828125
2014-05-21,1136.760009765625
2014-05-22,1150.969970703125
2014-05-23,1171.1500244140625
2014-05-26,1197.7099609375
2014-05-27,1207.550048828125
2014-05-28,1220.1600341796875
2014-05-29,1206.2099609375
2014-05-30,1223.47998046875
2014-06-02,1245.1500244140625
2014-06-03,1234.6199951171875
2014-06-04,1251.050048828125
2014-06-05,1285.969970703125
2014-06-06,1305.1600341796875
2014-06-10,1322.9000244140625
2014-06-11,1307.260009765625
2014-06-12,1307.0799560546875
2014-06-13,1270.68994140625
2014-06-16,1262.31005859375
2014-06-17,1258.47998046875
2014-06-18,1270.3399658203125
2014-06-19,1286.989990234375
2014-06-20,1305.9300537109375
2014-06-23,1270.3800048828125
2014-06-24,1243.719970703125
2014-06-25,1226.18994140625
2014-06-26,1226.449951171875
2014-06-27,1209.969970703125
2014-06-30,1214.31005859375
2014-07-01,1228.8499755859375
2014-07-02,1247.9200439453125
2014-07-03,1254.2099609375
2014-07-04,1243.800048828125
2014-07-07,1242.8199462890625
2014-07-08,1193.300048828125
2014-07-09,1173.010009765625
2014-07-10,1151.47998046875
2014-07-11,1154.8900146484375
2014-07-14,1178.3800048828125
2014-07-15,1180.9200439453125
2014-07-16,1190.06005859375
2014-07-17,1190.27001953125
2014-07-18,1158.239990234375
2014-07-21,1149.0
2014-07-22,1150.1700439453125
2014-07-23,1152.3199462890625
2014-07-24,1176.1300048828125
2014-07-25,1214.6199951171875
2014-07-28,1213.31005859375
2014-07-29,1195.9599609375
2014-07-30,1194.780029296875
2014-07-31,1169.010009765625
2014-08-01,1162.8900146484375
2014-08-04,1156.06005859375
2014-08-05,1123.3900146484375
2014-08-06,1093.510009765625
2014-08-07,1090.81005859375
2014-08-08,1047.2099609375
2014-08-11,1065.3199462890625
2014-08-12,1090.5999755859375
2014-08-13,1107.3299560546875
2014-08-14,1114.52001953125
2014-08-18,1086.5
2014-08-19,1108.97998046875
2014-08-20,1119.969970703125
2014-08-21,1143.8399658203125
2014-08-22,1156.3699951171875
2014-08-25,1159.25
2014-08-26,1177.3499755859375
2014-08-27,1177.489990234375
2014-08-28,1167.510009765625
2014-08-29,1161.81005859375
2014-09-01,1159.199951171875
2014-09-02,1146.2099609375
2014-09-03,1159.1300048828125
2014-09-04,1181.4100341796875
2014-09-05,1197.1099853515625
2014-09-08,1196.6300048828125
2014-09-09,1165.3800048828125
2014-09-10,1170.8499755859375
2014-09-11,1166.5999755859375
2014-09-12,1161.280029296875
2014-09-15,1155.949951171875
2014-09-16,1123.0699462890625
2014-09-17,1131.8399658203125
2014-09-18,1107.97998046875
2014-09-19,1148.6400146484375
2014-09-22,1133.06005859375
2014-09-23,1103.699951171875
2014-09-24,1105.989990234375
2014-09-25,1087.97998046875
2014-09-26,1086.5
2014-09-29,1053.3199462890625
2014-09-30,1061.5799560546875
2014-10-01,1058.780029296875
2014-10-02,1058.6500244140625
2014-10-03,1049.72998046875
2014-10-06,1035.4300537109375
2014-10-07,1012.0499877929688
2014-10-08,1007.9400024414062
2014-10-09,1025.050048828125
2014-10-10,1004.8800048828125
2014-10-13,1005.5499877929688
2014-10-14,948.2100219726562
2014-10-15,888.9299926757812
2014-10-16,869.1599731445312
2014-10-17,931.8099975585938
2014-10-20,941.9299926757812
2014-10-21,995.0999755859375
2014-10-22,993.72998046875
2014-10-23,990.0399780273438
2014-10-24,991.3300170898438
2014-10-27,958.6900024414062
2014-10-29,933.1099853515625
2014-10-30,906.969970703125
2014-10-31,915.8300170898438
2014-11-03,939.25
2014-11-04,942.7000122070312
2014-11-05,957.7000122070312
2014-11-06,962.3099975585938
2014-11-07,910.5
2014-11-10,900.7000122070312
2014-11-11,892.8400268554688
2014-11-12,872.3099975585938
2014-11-13,883.5399780273438
2014-11-14,890.739990234375
2014-11-17,881.760009765625
2014-11-18,916.1900024414062
2014-11-19,954.6900024414062
2014-11-20,959.8499755859375
2014-11-21,995.0700073242188
2014-11-24,990.1099853515625
2014-11-25,962.0499877929688
2014-11-26,976.6500244140625
2014-11-27,950.9500122070312
2014-11-28,963.1900024414062
2014-12-01,963.5900268554688
2014-12-02,991.3599853515625
2014-12-03,1008.030029296875
2014-12-04,991.8699951171875
2014-12-05,1032.97998046875
2014-12-08,1035.0799560546875
2014-12-09,902.8400268554688
2014-12-10,893.7100219726562
2014-12-11,827.97998046875
2014-12-12,824.489990234375
2014-12-15,836.4099731445312
2014-12-16,834.239990234375
2014-12-17,862.0599975585938
2014-12-18,874.6900024414062
2014-12-19,841.5700073242188
2014-12-22,859.1699829101562
2014-12-23,841.2000122070312
2014-12-29,810.5499877929688
2014-12-30,796.989990234375
2014-12-31,799.9400024414062
2015-01-02,811.489990234375
2015-01-05,759.7000122070312
2015-01-07,732.3300170898438
2015-01-08,717.0
2015-01-09,733.6799926757812
2015-01-12,765.7100219726562
2015-01-13,791.969970703125
2015-01-14,786.75
2015-01-15,756.8400268554688
2015-01-16,736.4500122070312
2015-01-19,762.5900268554688
2015-01-20,747.3300170898438
2015-01-21,734.1799926757812
2015-01-22,725.25
2015-01-23,766.5900268554688
2015-01-26,727.9400024414062
2015-01-27,701.8599853515625
2015-01-28,613.7899780273438
2015-01-29,629.2999877929688
2015-01-30,618.5700073242188
2015-02-02,655.8200073242188
2015-02-03,750.8300170898438
2015-02-04,762.2999877929688
2015-02-05,720.7100219726562
2015-02-06,703.6099853515625
2015-02-09,660.9099731445312
2015-02-10,716.75
2015-02-11,680.1500244140625
2015-02-12,736.1599731445312
2015-02-13,792.7000122070312
2015-02-16,752.25
2015-02-17,723.7999877929688
2015-02-18,727.1199951171875
2015-02-19,738.3099975585938
2015-02-20,738.5999755859375
2015-02-24,825.530029296875
2015-02-25,804.2899780273438
2015-02-26,777.5499877929688
2015-02-27,748.5499877929688
2015-03-02,731.739990234375
2015-03-03,730.7899780273438
2015-03-04,714.2100219726562
2015-03-05,723.8499755859375
2015-03-06,706.1400146484375
2015-03-09,675.4299926757812
2015-03-10,668.5599975585938
2015-03-11,644.02001953125
2015-03-12,643.780029296875
2015-03-13,615.530029296875
2015-03-16,611.3200073242188
2015-03-17,623.0
2015-03-18,595.8499755859375
2015-03-19,579.3699951171875
2015-03-20,608.0999755859375
2015-03-23,642.4299926757812
2015-03-24,662.7100219726562
2015-03-26,628.9600219726562
2015-03-27,627.6699829101562
2015-03-30,624.4299926757812
2015-03-31,621.4099731445312
2015-04-01,612.5599975585938
2015-04-02,622.6599731445312
2015-04-07,622.4000244140625
2015-04-08,611.6699829101562
2015-04-09,609.22998046875
2015-04-14,591.4299926757812
2015-04-15,570.1500244140625
2015-04-16,580.510009765625
2015-04-17,560.469970703125
2015-04-20,558.9500122070312
2015-04-21,536.3599853515625
2015-04-22,547.7100219726562
2015-04-23,571.0999755859375
2015-04-24,599.1500244140625
2015-04-27,629.0499877929688
2015-04-28,645.8599853515625
2015-04-29,645.52001953125
2015-04-30,672.760009765625
2015-05-04,674.6900024414062
2015-05-05,645.0499877929688
2015-05-06,682.6099853515625
2015-05-07,700.02001953125
2015-05-08,688.7999877929688
2015-05-11,662.3900146484375
2015-05-12,681.7999877929688
2015-05-13,828.8699951171875
2015-05-14,833.4199829101562
2015-05-15,811.97998046875
2015-05-18,825.0999755859375
2015-05-19,846.4299926757812
2015-05-20,840.4000244140625
2015-05-21,845.72998046875
2015-05-22,840.219970703125
2015-05-25,814.0599975585938
2015-05-26,822.6099853515625
2015-05-27,851.8099975585938
2015-05-28,837.4099731445312
2015-05-29,825.3800048828125
2015-06-02,804.9600219726562
2015-06-03,838.219970703125
2015-06-04,827.1199951171875
2015-06-05,786.1099853515625
2015-06-08,764.6300048828125
2015-06-09,769.3699951171875
2015-06-10,761.0499877929688
2015-06-11,823.1599731445312
2015-06-12,774.4600219726562
2015-06-15,738.25
2015-06-16,703.0499877929688
2015-06-17,680.8800048828125
2015-06-18,683.4299926757812
2015-06-19,687.3300170898438
2015-06-22,749.1699829101562
2015-06-23,794.97998046875
2015-06-24,780.9000244140625
2015-06-25,781.6799926757812
2015-06-26,797.52001953125
2015-08-03,668.0599975585938
2015-08-04,659.9400024414062
2015-08-05,643.219970703125
2015-08-06,666.6799926757812
2015-08-07,676.3300170898438
2015-08-10,690.239990234375
2015-08-11,705.0
2015-08-12,691.4000244140625
2015-08-13,686.6500244140625
2015-08-14,673.9299926757812
2015-08-17,680.9400024414062
2015-08-18,673.1799926757812
2015-08-19,675.3300170898438
2015-08-20,651.5599975585938
2015-08-21,635.3099975585938
2015-08-24,568.3800048828125
2015-08-25,621.7000122070312
2015-08-26,622.719970703125
2015-08-27,627.02001953125
2015-08-28,633.8099975585938
2015-08-31,624.2000122070312
2015-09-01,621.510009765625
2015-09-02,626.4600219726562
2015-09-03,649.0499877929688
2015-09-04,646.6199951171875
2015-09-07,655.3300170898438
2015-09-08,667.469970703125
2015-09-09,669.260009765625
2015-09-10,675.0999755859375
2015-09-11,673.8400268554688
2015-09-14,673.0
2015-09-15,682.1699829101562
2015-09-16,692.4400024414062
2015-09-17,692.2999877929688
2015-09-18,697.5700073242188
2015-09-21,693.5399780273438
2015-09-22,677.469970703125
2015-09-23,668.5399780273438
2015-09-24,667.8200073242188
2015-09-25,675.1699829101562
2015-09-28,654.7000122070312
2015-09-29,650.3300170898438
2015-09-30,654.2000122070312
2015-10-01,642.7100219726562
2015-10-02,640.989990234375
2015-10-05,667.0900268554688
2015-10-06,670.6900024414062
2015-10-07,680.0999755859375
2015-10-08,678.0499877929688
2015-10-09,676.9299926757812
2015-10-12,680.75
2015-10-13,678.2999877929688
2015-10-14,676.1300048828125
2015-10-15,694.47998046875
2015-10-16,685.9500122070312
2015-10-19,685.1099853515625
2015-10-20,693.0999755859375
2015-10-21,698.9299926757812
2015-10-22,710.219970703125
2015-10-23,712.489990234375
2015-10-26,718.0399780273438
2015-10-27,727.3800048828125
2015-10-29,715.77001953125
2015-10-30,701.219970703125
2015-11-02,722.7999877929688
2015-11-03,718.1400146484375
2015-11-04,708.5900268554688
2015-11-05,686.5900268554688
2015-11-06,677.4299926757812
2015-11-09,683.489990234375
2015-11-10,672.1900024414062
2015-11-11,667.8800048828125
2015-11-12,659.1799926757812
2015-11-13,652.6099853515625
2015-11-16,643.8499755859375
2015-11-17,657.8800048828125
2015-11-18,671.8200073242188
2015-11-19,670.4500122070312
2015-11-20,658.8400268554688
2015-11-23,643.510009765625
2015-11-24,648.1199951171875
2015-11-25,642.8200073242188
2015-11-26,642.77001953125
2015-11-27,649.7899780273438
2015-11-30,634.8200073242188
2015-12-01,639.3300170898438
2015-12-02,626.1799926757812
2015-12-03,617.3900146484375
2015-12-04,607.5599975585938
2015-12-07,608.8499755859375
2015-12-08,581.9000244140625
2015-12-09,559.7899780273438
2015-12-10,576.510009765625
2015-12-11,578.2999877929688
2015-12-14,590.260009765625
2015-12-15,583.1799926757812
2015-12-16,601.2000122070312
2015-12-17,622.22998046875
2015-12-18,623.0700073242188
2015-12-21,625.239990234375
2015-12-22,619.0399780273438
2015-12-23,619.9600219726562
2015-12-28,615.3099975585938
2015-12-29,617.5499877929688
2015-12-30,610.969970703125
2015-12-31,631.3499755859375
2016-01-04,621.1199951171875
2016-01-05,617.5900268554688
2016-01-07,590.75
2016-01-08,585.97998046875
2016-01-11,581.6799926757812
2016-01-12,594.260009765625
2016-01-13,589.3499755859375
2016-01-14,573.9199829101562
2016-01-15,558.4500122070312
2016-01-18,543.1300048828125
2016-01-19,558.25
2016-01-20,526.4400024414062
2016-01-21,523.010009765625
2016-01-22,534.3400268554688
2016-01-25,534.719970703125
2016-01-26,546.219970703125
2016-01-27,545.27001953125
2016-01-28,542.1799926757812
2016-01-29,552.8300170898438
2016-02-01,557.1599731445312
2016-02-02,552.5
2016-02-03,529.72998046875
2016-02-04,509.45001220703125
2016-02-05,503.8800048828125
2016-02-08,464.2300109863281
2016-02-09,450.8299865722656
2016-02-10,449.3699951171875
2016-02-11,440.8800048828125
2016-02-12,454.2900085449219
2016-02-15,487.9200134277344
2016-02-16,482.8900146484375
2016-02-17,495.1000061035156
2016-02-18,497.75
2016-02-19,480.5400085449219
2016-02-22,487.9700012207031
2016-02-23,493.9700012207031
2016-02-24,474.2799987792969
2016-02-25,483.9800109863281
2016-02-26,507.1199951171875
2016-02-29,516.7100219726562
2016-03-01,520.0800170898438
2016-03-02,535.780029296875
2016-03-03,551.3599853515625
2016-03-04,552.8400268554688
2016-03-07,559.4400024414062
2016-03-08,563.6699829101562
2016-03-09,552.5900268554688
2016-03-10,555.7000122070312
2016-03-11,566.2000122070312
2016-03-15,579.2999877929688
2016-03-16,571.72998046875
2016-03-17,567.239990234375
2016-03-18,548.5800170898438
2016-03-21,541.7000122070312
2016-03-22,544.2999877929688
2016-03-23,551.3099975585938
2016-03-24,557.0399780273438
2016-03-29,566.6699829101562
2016-03-30,578.8300170898438
2016-03-31,577.1199951171875
2016-04-01,571.5599975585938
2016-04-04,564.75
2016-04-05,561.22998046875
2016-04-06,554.1199951171875
2016-04-07,554.5
2016-04-08,561.6099853515625
2016-04-11,560.969970703125
2016-04-12,553.4299926757812
2016-04-13,548.8300170898438
2016-04-14,548.0999755859375
2016-04-15,574.72998046875
2016-04-18,574.3699951171875
2016-04-19,578.8499755859375
2016-04-20,582.510009765625
2016-04-21,598.719970703125
2016-04-22,605.9199829101562
2016-04-25,597.5599975585938
2016-04-26,599.5900268554688
2016-04-27,584.5499877929688
2016-04-28,583.6500244140625
2016-05-04,590.0499877929688
2016-05-05,601.47998046875
2016-05-06,605.6099853515625
2016-05-09,610.0700073242188
2016-05-10,629.2899780273438
2016-05-11,619.0599975585938
2016-05-12,632.75
2016-05-13,622.7100219726562
2016-05-16,620.5
2016-05-17,626.3699951171875
2016-05-18,628.2899780273438
2016-05-19,622.280029296875
2016-05-20,639.47998046875
2016-05-23,649.0999755859375
2016-05-24,642.0800170898438
2016-05-25,641.7999877929688
2016-05-26,645.4000244140625
2016-05-27,636.8300170898438
2016-05-30,641.0399780273438
2016-05-31,646.969970703125
2016-06-01,645.0999755859375
2016-06-02,639.1900024414062
2016-06-03,648.6300048828125
2016-06-06,639.1099853515625
2016-06-07,653.5999755859375
2016-06-08,652.3800048828125
2016-06-09,645.6900024414062
2016-06-10,618.6699829101562
2016-06-13,594.5800170898438
2016-06-14,593.4500122070312
2016-06-15,575.52001953125
2016-06-16,556.47998046875
2016-06-17,586.5499877929688
2016-06-21,608.2899780273438
2016-06-22,611.6300048828125
2016-06-23,617.6900024414062
2016-06-24,534.780029296875
2016-06-27,519.3300170898438
2016-06-28,538.6500244140625
2016-06-29,541.8800048828125
2016-06-30,542.1199951171875
2016-07-01,544.760009765625
2016-07-04,539.8099975585938
2016-07-05,527.1599731445312
2016-07-06,529.6500244140625
2016-07-07,531.6400146484375
2016-07-08,537.0999755859375
2016-07-11,548.0900268554688
2016-07-12,551.9199829101562
2016-07-13,559.719970703125
2016-07-14,562.8400268554688
2016-07-15,557.3599853515625
2016-07-18,555.260009765625
2016-07-19,563.75
2016-07-20,569.739990234375
2016-07-21,568.6500244140625
2016-07-22,571.5700073242188
2016-07-25,564.75
2016-07-26,566.0
2016-07-27,569.1599731445312
2016-07-28,562.8400268554688
2016-07-29,571.3300170898438
2016-08-01,569.5999755859375
2016-08-02,551.6400146484375
2016-08-03,551.6099853515625
2016-08-04,556.6199951171875
2016-08-05,562.760009765625
2016-08-08,560.3900146484375
2016-08-09,562.4000244140625
2016-08-10,567.280029296875
2016-08-11,572.3300170898438
2016-08-12,576.1199951171875
2016-08-16,572.4299926757812
2016-08-17,567.489990234375
2016-08-18,572.25
2016-08-19,561.3200073242188
2016-08-22,566.010009765625
2016-08-23,567.9000244140625
2016-08-24,567.9400024414062
2016-08-25,565.8300170898438
2016-08-26,565.3400268554688
2016-08-29,561.6900024414062
2016-08-30,564.3699951171875
2016-08-31,577.3900146484375
2016-09-01,578.8699951171875
2016-09-02,582.1300048828125
2016-09-05,578.27001953125
2016-09-06,578.489990234375
2016-09-07,575.0599975585938
2016-09-08,566.5800170898438
2016-09-09,566.7999877929688
2016-09-12,557.25
2016-09-13,556.9600219726562
2016-09-14,556.1300048828125
2016-09-15,551.9299926757812
2016-09-16,559.5
2016-09-19,557.469970703125
2016-09-20,560.5900268554688
2016-09-21,562.1199951171875
2016-09-22,572.1500244140625
2016-09-23,574.0499877929688
2016-09-26,563.5900268554688
2016-09-27,562.4000244140625
2016-09-28,563.1500244140625
2016-09-29,568.239990234375
2016-09-30,565.530029296875
2016-10-03,569.719970703125
2016-10-04,579.1799926757812
2016-10-05,575.3699951171875
2016-10-06,574.219970703125
2016-10-07,577.2999877929688
2016-10-10,583.27001953125
2016-10-11,585.2999877929688
2016-10-12,586.239990234375
2016-10-13,576.5800170898438
2016-10-14,589.2899780273438
2016-10-17,586.0599975585938
2016-10-18,593.8300170898438
2016-10-19,593.02001953125
2016-10-20,595.9000244140625
2016-10-21,594.0
2016-10-24,593.1300048828125
2016-10-25,588.9500122070312
2016-10-26,589.4600219726562
2016-10-27,588.6699829101562
2016-10-31,591.1300048828125
2016-11-01,582.4500122070312
2016-11-02,581.5599975585938
2016-11-03,578.22998046875
2016-11-04,573.9199829101562
2016-11-07,580.5700073242188
2016-11-08,582.2000122070312
2016-11-09,581.9199829101562
2016-11-10,587.02001953125
2016-11-11,582.5900268554688
2016-11-14,579.8800048828125
2016-11-15,578.1699829101562
2016-11-16,592.260009765625
2016-11-17,601.0700073242188
2016-11-18,611.9299926757812
2016-11-21,615.8300170898438
2016-11-22,631.2100219726562
2016-11-23,632.52001953125
2016-11-24,623.6300048828125
2016-11-25,623.3499755859375
2016-11-28,604.0599975585938
2016-11-29,610.5999755859375
2016-11-30,628.75
2016-12-01,614.6099853515625
2016-12-02,613.9500122070312
2016-12-05,620.2899780273438
2016-12-06,622.52001953125
2016-12-07,640.0700073242188
2016-12-08,648.27001953125
2016-12-09,640.0900268554688
2016-12-12,640.3800048828125
2016-12-13,639.7100219726562
2016-12-14,619.1900024414062
2016-12-15,613.760009765625
2016-12-16,639.6400146484375
2016-12-19,627.9099731445312
2016-12-20,628.260009765625
2016-12-21,638.989990234375
2016-12-22,631.8499755859375
2016-12-23,630.280029296875
2016-12-27,636.1900024414062
2016-12-28,635.739990234375
2016-12-29,636.6699829101562
2016-12-30,643.6400146484375
2017-01-02,646.6099853515625
2017-01-03,656.6099853515625
2017-01-04,657.5399780273438
2017-01-05,660.2999877929688
2017-01-09,659.3300170898438
2017-01-10,660.5599975585938
2017-01-11,663.3699951171875
2017-01-12,665.2100219726562
2017-01-13,651.7000122070312
2017-01-16,644.9099731445312
2017-01-17,642.5
2017-01-18,643.469970703125
2017-01-19,642.510009765625
2017-01-20,639.1599731445312
2017-01-23,639.27001953125
2017-01-24,646.510009765625
2017-01-25,659.1900024414062
2017-01-26,660.5900268554688
2017-01-27,636.5399780273438
2017-01-30,614.0800170898438
2017-01-31,611.75
2017-02-01,619.0499877929688
2017-02-02,623.0599975585938
2017-02-03,628.9199829101562
2017-02-06,620.75
2017-02-07,623.3699951171875
2017-02-08,610.8599853515625
2017-02-09,608.7899780273438
2017-02-10,623.7899780273438
2017-02-13,629.1400146484375
2017-02-14,633.3200073242188
2017-02-15,626.2899780273438
2017-02-16,629.3599853515625
2017-02-17,639.4600219726562
2017-02-20,645.9500122070312
2017-02-21,655.2000122070312
2017-02-22,647.1400146484375
2017-02-23,649.52001953125
2017-02-24,645.3699951171875
2017-02-28,645.8800048828125
2017-03-01,656.1699829101562
2017-03-02,656.0399780273438
2017-03-03,649.72998046875
2017-03-06,643.5
2017-03-07,643.1599731445312
2017-03-08,649.3099975585938
2017-03-09,648.8499755859375
2017-03-10,648.5900268554688
2017-03-13,651.25
2017-03-14,638.9199829101562
2017-03-15,632.969970703125
2017-03-16,636.1300048828125
2017-03-17,644.77001953125
2017-03-20,644.1199951171875
2017-03-21,640.4199829101562
2017-03-22,640.6500244140625
2017-03-23,640.2000122070312
2017-03-24,635.6599731445312
2017-03-27,646.5700073242188
2017-03-28,664.52001953125
2017-03-29,668.5499877929688
2017-03-30,670.4199829101562
2017-03-31,666.0599975585938
2017-04-03,667.3200073242188
2017-04-04,666.4400024414062
2017-04-05,669.969970703125
2017-04-06,671.1500244140625
2017-04-07,681.0800170898438
2017-04-10,681.4600219726562
2017-04-11,680.0599975585938
2017-04-12,685.1900024414062
2017-04-13,683.5700073242188
2017-04-18,677.2999877929688
2017-04-19,678.9600219726562
2017-04-20,674.4000244140625
2017-04-21,671.5700073242188
2017-04-24,683.2999877929688
2017-04-25,697.3200073242188
2017-04-26,706.4000244140625
2017-04-27,706.510009765625
2017-04-28,712.1699829101562
2017-05-02,733.9299926757812
2017-05-03,748.6099853515625
2017-05-04,748.9199829101562
2017-05-05,753.989990234375
2017-05-08,763.4199829101562
2017-05-09,778.3699951171875
2017-05-10,791.969970703125
2017-05-11,797.1599731445312
2017-05-12,789.1300048828125
2017-05-15,782.3200073242188
2017-05-16,788.780029296875
2017-05-17,789.0800170898438
2017-05-18,782.8300170898438
2017-05-19,784.1699829101562
2017-05-22,788.530029296875
2017-05-23,783.030029296875
2017-05-24,766.030029296875
2017-05-25,771.8200073242188
2017-05-26,778.3499755859375
2017-05-29,777.1900024414062
2017-05-30,776.02001953125
2017-05-31,775.239990234375
2017-06-01,781.8499755859375
2017-06-02,786.5700073242188
2017-06-06,777.530029296875
2017-06-07,774.2899780273438
2017-06-08,779.0499877929688
2017-06-09,782.0999755859375
2017-06-12,784.5999755859375
2017-06-13,797.1300048828125
2017-06-14,800.969970703125
2017-06-15,799.72998046875
2017-06-16,806.1199951171875
2017-06-19,821.219970703125
2017-06-20,827.010009765625
2017-06-21,823.3200073242188
2017-06-22,814.8099975585938
2017-06-23,820.52001953125
2017-06-26,819.0900268554688
2017-06-27,822.77001953125
2017-06-28,822.6199951171875
2017-06-29,819.719970703125
2017-06-30,823.739990234375
2017-07-03,827.6500244140625
2017-07-04,825.8900146484375
2017-07-05,841.3400268554688
2017-07-06,843.25
2017-07-07,837.4299926757812
2017-07-10,843.8300170898438
2017-07-11,844.3300170898438
2017-07-12,843.219970703125
2017-07-13,853.5399780273438
2017-07-14,856.469970703125
2017-07-17,858.0800170898438
2017-07-18,848.0700073242188
2017-07-19,853.5399780273438
2017-07-20,854.5399780273438
2017-07-21,845.969970703125
2017-07-24,849.0700073242188
2017-07-25,843.0499877929688
2017-07-26,830.2100219726562
2017-07-27,818.6300048828125
2017-07-28,820.02001953125
2017-07-31,812.2100219726562
2017-08-01,817.739990234375
2017-08-02,826.02001953125
2017-08-03,825.7999877929688
2017-08-04,829.5
2017-08-07,827.8599853515625
2017-08-08,830.4400024414062
2017-08-09,833.6099853515625
2017-08-10,833.780029296875
2017-08-11,823.5499877929688
2017-08-14,827.77001953125
2017-08-16,842.4099731445312
2017-08-17,832.0599975585938
2017-08-18,824.8499755859375
2017-08-21,826.4600219726562
2017-08-22,832.780029296875
2017-08-23,829.1599731445312
2017-08-24,835.5499877929688
2017-08-25,835.2999877929688
2017-08-28,838.469970703125
2017-08-29,822.6699829101562
2017-08-30,823.6500244140625
2017-08-31,825.47998046875
2017-09-01,818.6599731445312
2017-09-04,808.8800048828125
2017-09-05,812.8499755859375
2017-09-06,811.7000122070312
2017-09-07,811.0399780273438
2017-09-08,802.719970703125
2017-09-11,806.0599975585938
2017-09-12,810.75
2017-09-13,809.97998046875
2017-09-14,790.969970703125
2017-09-15,776.2000122070312
2017-09-18,760.7899780273438
2017-09-19,762.8599853515625
2017-09-20,757.97998046875
2017-09-21,765.989990234375
2017-09-22,773.9400024414062
2017-09-25,742.489990234375
2017-09-26,740.3699951171875
2017-09-27,736.6400146484375
2017-09-28,754.760009765625
2017-09-29,755.6099853515625
2017-10-02,746.47998046875
2017-10-03,752.4400024414062
2017-10-04,750.719970703125
2017-10-05,744.7999877929688
2017-10-06,745.5499877929688
2017-10-09,750.1699829101562
2017-10-10,755.030029296875
2017-10-11,748.6099853515625
2017-10-12,751.3499755859375
2017-10-13,761.3499755859375
2017-10-16,765.719970703125
2017-10-17,761.8200073242188
2017-10-18,757.489990234375
2017-10-19,746.4500122070312
2017-10-20,749.22998046875
2017-10-23,734.52001953125
2017-10-24,737.1900024414062
2017-10-25,737.25
2017-10-26,739.7999877929688
2017-10-27,739.219970703125
2017-10-30,743.5700073242188
2017-10-31,759.2999877929688
2017-11-01,767.0700073242188
2017-11-02,762.489990234375
2017-11-03,763.5599975585938
2017-11-06,761.9099731445312
2017-11-07,748.4400024414062
2017-11-08,741.97998046875
2017-11-09,741.1300048828125
2017-11-10,734.1199951171875
2017-11-13,717.469970703125
2017-11-14,720.1799926757812
2017-11-15,718.7999877929688
2017-11-16,701.3599853515625
2017-11-17,712.4600219726562
2017-11-20,710.27001953125
2017-11-21,721.6699829101562
2017-11-22,720.1300048828125
2017-11-23,720.5599975585938
2017-11-24,723.1799926757812
2017-11-27,724.3900146484375
2017-11-28,726.1699829101562
2017-11-29,738.3099975585938
2017-11-30,740.2000122070312
2017-12-01,748.6599731445312
2017-12-04,741.8400268554688
2017-12-05,730.4299926757812
2017-12-06,727.530029296875
2017-12-07,728.760009765625
2017-12-08,740.719970703125
2017-12-11,738.469970703125
2017-12-12,738.4400024414062
2017-12-13,749.760009765625
2017-12-14,767.5700073242188
2017-12-15,767.760009765625
2017-12-18,783.760009765625
2017-12-19,783.989990234375
2017-12-20,789.739990234375
2017-12-21,793.1199951171875
2017-12-22,804.0499877929688
2017-12-27,809.22998046875
2017-12-28,799.0499877929688
2017-12-29,802.3699951171875
2018-01-02,818.510009765625
2018-01-03,817.3400268554688
2018-01-04,825.780029296875
2018-01-05,829.719970703125
2018-01-08,837.1300048828125
2018-01-09,841.280029296875
2018-01-10,836.280029296875
2018-01-11,846.97998046875
2018-01-12,851.1199951171875
2018-01-15,847.72998046875
2018-01-16,852.8099975585938
2018-01-17,841.510009765625
2018-01-18,837.5599975585938
2018-01-19,847.5599975585938
2018-01-22,858.1199951171875
2018-01-23,872.0
2018-01-24,883.97998046875
2018-01-25,877.469970703125
2018-01-26,878.0599975585938
2018-01-29,886.5399780273438
2018-01-30,868.0800170898438
2018-01-31,878.8300170898438
2018-02-01,886.4400024414062
2018-02-02,875.3800048828125
2018-02-05,853.6699829101562
2018-02-06,838.7999877929688
2018-02-07,849.9400024414062
2018-02-08,841.3800048828125
2018-02-09,828.780029296875
2018-02-12,823.4600219726562
2018-02-13,821.8499755859375
2018-02-14,825.6400146484375
2018-02-15,842.9000244140625
2018-02-16,846.0700073242188
2018-02-20,841.8300170898438
2018-02-21,838.6900024414062
2018-02-22,845.3400268554688
2018-02-23,844.1199951171875
2018-02-26,837.0399780273438
2018-02-27,837.77001953125
2018-02-28,835.6599731445312
2018-03-01,831.0
2018-03-02,813.0900268554688
2018-03-05,794.510009765625
2018-03-06,799.2000122070312
2018-03-07,798.4099731445312
2018-03-08,812.530029296875
2018-03-09,821.5700073242188
2018-03-12,831.739990234375
2018-03-13,829.3300170898438
2018-03-14,823.8200073242188
2018-03-15,817.6900024414062
2018-03-16,813.9099731445312
2018-03-19,807.4400024414062
2018-03-20,805.5800170898438
2018-03-21,800.0999755859375
2018-03-22,787.5
2018-03-23,785.719970703125
2018-03-26,790.0499877929688
2018-03-27,794.5599975585938
2018-03-28,790.7999877929688
2018-03-29,780.5
2018-04-03,779.4500122070312
2018-04-04,781.1400146484375
2018-04-05,801.1400146484375
2018-04-10,810.5399780273438
2018-04-11,799.3099975585938
2018-04-12,806.0800170898438
2018-04-13,810.9299926757812
2018-04-16,820.8800048828125
2018-04-17,836.9400024414062
2018-04-18,842.3400268554688
2018-04-19,848.7100219726562
2018-04-20,844.7000122070312
2018-04-23,838.6300048828125
2018-04-24,837.530029296875
2018-04-25,825.9299926757812
2018-04-26,835.7999877929688
2018-04-27,849.260009765625
2018-04-30,858.219970703125
2018-05-02,858.0599975585938
2018-05-03,839.3400268554688
2018-05-04,823.8900146484375
2018-05-07,810.719970703125
2018-05-08,817.9199829101562
2018-05-09,818.6699829101562
2018-05-10,817.6599731445312
2018-05-11,822.3699951171875
2018-05-14,815.989990234375
2018-05-15,799.3699951171875
2018-05-16,787.9000244140625
2018-05-17,786.2000122070312
2018-05-18,782.7999877929688
2018-05-21,784.4600219726562
2018-05-22,797.6500244140625
2018-05-23,784.9299926757812
2018-05-24,770.8900146484375
2018-05-25,755.6300048828125
2018-05-29,738.0800170898438
2018-05-30,749.280029296875
2018-05-31,755.8499755859375
2018-06-01,776.77001953125
2018-06-04,778.5700073242188
2018-06-05,789.3200073242188
2018-06-06,781.0499877929688
2018-06-07,778.6199951171875
2018-06-08,773.0599975585938
2018-06-11,758.9600219726562
2018-06-12,762.4299926757812
2018-06-13,769.6799926757812
2018-06-14,778.7100219726562
2018-06-15,763.4500122070312
2018-06-18,770.9099731445312
2018-06-19,766.1300048828125
2018-06-20,765.8900146484375
2018-06-21,772.8900146484375
2018-06-22,771.1799926757812
2018-06-25,777.0800170898438
2018-06-26,768.8900146484375
2018-06-27,767.9099731445312
2018-06-28,748.030029296875
2018-06-29,757.5700073242188
2018-07-02,748.2100219726562
2018-07-03,745.9099731445312
2018-07-04,744.4099731445312
2018-07-05,748.5700073242188
2018-07-06,747.0399780273438
2018-07-09,749.75
2018-07-10,755.3300170898438
2018-07-11,746.7000122070312
2018-07-12,752.4000244140625
2018-07-13,761.9099731445312
2018-07-16,765.7100219726562
2018-07-17,765.3499755859375
2018-07-18,773.780029296875
2018-07-19,766.6400146484375
2018-07-20,754.3599853515625
2018-07-23,751.5
2018-07-24,750.27001953125
2018-07-25,752.780029296875
2018-07-26,755.4099731445312
2018-07-27,751.4299926757812
2018-07-30,758.1799926757812
2018-07-31,761.22998046875
2018-08-01,761.6599731445312
2018-08-02,755.9299926757812
2018-08-03,761.6900024414062
2018-08-06,759.6300048828125
2018-08-07,761.2899780273438
2018-08-08,758.0399780273438
2018-08-09,754.6500244140625
2018-08-10,743.72998046875
2018-08-13,720.7100219726562
2018-08-14,720.3200073242188
2018-08-16,707.77001953125
2018-08-17,710.3499755859375
2018-08-20,712.6099853515625
2018-08-21,705.2000122070312
2018-08-22,719.4600219726562
2018-08-23,731.1900024414062
2018-08-24,724.8499755859375
2018-08-27,736.27001953125
2018-08-28,737.469970703125
2018-08-29,742.9600219726562
2018-08-30,739.7000122070312
2018-08-31,729.6199951171875
2018-09-03,726.1300048828125
2018-09-04,710.239990234375
2018-09-05,696.0900268554688
2018-09-06,688.77001953125
2018-09-07,687.7899780273438
2018-09-10,705.030029296875
2018-09-11,692.0399780273438
2018-09-12,690.27001953125
2018-09-13,678.8300170898438
2018-09-14,681.6900024414062
2018-09-17,682.75
2018-09-18,686.6799926757812
2018-09-19,689.5900268554688
2018-09-20,681.030029296875
2018-09-21,698.739990234375
2018-09-24,689.9600219726562
2018-09-25,699.8900146484375
2018-09-26,701.8900146484375
2018-09-27,707.9199829101562
2018-09-28,691.6900024414062
2018-10-01,691.2999877929688
2018-10-02,681.1699829101562
2018-10-03,666.8400268554688
2018-10-04,676.3599853515625
2018-10-05,658.969970703125
2018-10-08,641.7899780273438
2018-10-09,626.1699829101562
2018-10-10,625.8300170898438
2018-10-11,626.8599853515625
2018-10-12,628.3300170898438
2018-10-15,634.469970703125
2018-10-16,644.6599731445312
2018-10-17,637.0800170898438
2018-10-18,631.8800048828125
2018-10-19,624.8099975585938
2018-10-22,626.6099853515625
2018-10-23,619.469970703125
2018-10-24,632.5599975585938
2018-10-25,633.4600219726562
2018-10-26,633.27001953125
2018-10-29,640.0700073242188
2018-10-30,636.6500244140625
2018-10-31,640.1500244140625
2018-11-01,619.3200073242188
2018-11-02,619.4000244140625
2018-11-05,618.8400268554688
2018-11-06,629.8400268554688
2018-11-07,640.75
2018-11-08,640.6699829101562
2018-11-09,643.4199829101562
2018-11-12,635.2000122070312
2018-11-13,644.0
2018-11-14,634.6400146484375
2018-11-15,630.5900268554688
2018-11-16,625.6900024414062
2018-11-19,617.1799926757812
2018-11-20,593.0499877929688
2018-11-21,599.9500122070312
2018-11-22,598.72998046875
2018-11-23,602.5999755859375
2018-11-26,603.4299926757812
2018-11-27,604.260009765625
2018-11-28,603.1099853515625
2018-11-29,618.1599731445312
2018-11-30,630.22998046875
2018-12-03,659.719970703125
2018-12-04,656.9600219726562
2018-12-05,656.9199829101562
2018-12-06,652.0399780273438
2018-12-07,648.7100219726562
2018-12-10,638.2000122070312
2018-12-11,635.8400268554688
2018-12-12,646.1599731445312
2018-12-13,648.489990234375
2018-12-14,645.239990234375
2018-12-17,632.0399780273438
2018-12-18,625.3099975585938
2018-12-19,618.97998046875
2018-12-20,613.5
2018-12-21,608.5800170898438
2018-12-27,597.8300170898438
2018-12-28,603.8400268554688
2018-12-31,613.2999877929688
2019-01-02,605.3400268554688
2019-01-03,607.0499877929688
2019-01-04,615.6900024414062
2019-01-07,620.5999755859375
2019-01-08,626.1300048828125
2019-01-09,638.219970703125
2019-01-10,633.2000122070312
2019-01-11,635.7000122070312
2019-01-14,629.8800048828125
2019-01-15,622.780029296875
2019-01-16,622.760009765625
2019-01-17,616.9600219726562
2019-01-18,617.3699951171875
2019-01-21,619.27001953125
2019-01-22,630.1699829101562
2019-01-23,631.3200073242188
2019-01-24,632.3400268554688
2019-01-25,633.3200073242188
2019-01-28,630.7000122070312
2019-01-29,635.510009765625
2019-01-30,635.6699829101562
2019-01-31,634.6400146484375
2019-02-01,641.47998046875
2019-02-04,647.1900024414062
2019-02-05,652.7100219726562
2019-02-06,654.3900146484375
2019-02-07,645.1599731445312
2019-02-08,649.8699951171875
2019-02-12,655.0900268554688
2019-02-13,656.0800170898438
2019-02-14,654.030029296875
2019-02-15,655.0999755859375
2019-02-18,667.4600219726562
2019-02-19,666.9600219726562
2019-02-20,671.5
2019-02-21,677.1699829101562
2019-02-22,676.8699951171875
2019-02-25,686.77001953125
2019-02-26,692.8400268554688
2019-02-27,695.239990234375
2019-02-28,707.510009765625
2019-03-01,712.6099853515625
2019-03-04,704.2100219726562
2019-03-05,698.8300170898438
2019-03-06,707.1699829101562
2019-03-07,704.4299926757812
2019-03-08,696.5599975585938
2019-03-12,703.9099731445312
2019-03-13,710.1900024414062
2019-03-14,719.9000244140625
2019-03-15,722.1199951171875
2019-03-18,725.4099731445312
2019-03-19,714.4400024414062
2019-03-20,715.469970703125
2019-03-21,717.9000244140625
2019-03-22,708.239990234375
2019-03-26,712.25
2019-03-27,713.72998046875
2019-03-28,713.6599731445312
2019-03-29,721.3699951171875
2019-04-01,741.010009765625
2019-04-02,743.4600219726562
2019-04-03,749.4000244140625
2019-04-04,745.0
2019-04-05,754.4199829101562
2019-04-08,753.5800170898438
2019-04-09,753.1599731445312
2019-04-10,755.530029296875
2019-04-11,764.1300048828125
2019-04-12,765.6699829101562
2019-04-15,773.510009765625
2019-04-16,775.780029296875
2019-04-17,773.4400024414062
2019-04-18,778.4199829101562
2019-04-23,776.4000244140625
2019-04-24,772.6599731445312
2019-04-25,772.739990234375
2019-04-30,773.239990234375
2019-05-02,775.1599731445312
2019-05-03,774.3699951171875
2019-05-06,754.2000122070312
2019-05-07,758.969970703125
2019-05-08,743.010009765625
2019-05-09,728.6199951171875
2019-05-10,736.010009765625
2019-05-13,724.6500244140625
2019-05-14,732.0599975585938
2019-05-15,722.8800048828125
2019-05-16,726.510009765625
2019-05-17,729.3099975585938
2019-05-20,717.2100219726562
2019-05-21,733.1799926757812
2019-05-22,731.489990234375
2019-05-23,725.5599975585938
2019-05-24,732.02001953125
2019-05-27,776.5999755859375
2019-05-28,794.6300048828125
2019-05-29,793.0599975585938
2019-05-30,818.3300170898438
2019-05-31,830.239990234375
2019-06-03,836.8400268554688
2019-06-04,813.3300170898438
2019-06-05,821.4000244140625
2019-06-06,816.9500122070312
2019-06-07,815.969970703125
2019-06-10,842.760009765625
2019-06-11,845.9500122070312
2019-06-12,843.72998046875
2019-06-13,850.3699951171875
2019-06-14,847.3599853515625
2019-06-18,853.3200073242188
2019-06-19,844.0
2019-06-20,836.780029296875
2019-06-21,838.719970703125
2019-06-24,849.3499755859375
2019-06-25,846.6599731445312
2019-06-26,852.27001953125
2019-06-27,859.1199951171875
2019-06-28,868.47998046875
2019-07-01,874.3800048828125
2019-07-02,874.469970703125
2019-07-03,891.3099975585938
2019-07-04,892.9400024414062
2019-07-05,894.6599731445312
2019-07-08,878.1699829101562
2019-07-09,840.5800170898438
2019-07-10,861.5700073242188
2019-07-11,863.3300170898438
2019-07-12,858.3499755859375
2019-07-15,851.280029296875
2019-07-16,855.9099731445312
2019-07-17,868.010009765625
2019-07-18,870.5800170898438
2019-07-19,867.8099975585938
2019-07-22,864.989990234375
2019-07-23,869.6400146484375
2019-07-24,874.3400268554688
2019-07-25,885.989990234375
2019-07-26,890.7000122070312
2019-07-29,895.0399780273438
2019-07-30,889.8099975585938
2019-07-31,899.9299926757812
2019-08-01,895.0399780273438
2019-08-02,885.1099853515625
2019-08-05,851.2000122070312
2019-08-06,844.469970703125
2019-08-07,837.5599975585938
2019-08-08,846.7999877929688
2019-08-09,840.27001953125
2019-08-12,831.1599731445312
2019-08-13,818.510009765625
2019-08-14,798.8900146484375
2019-08-16,792.0599975585938
2019-08-19,828.2999877929688
2019-08-20,829.739990234375
2019-08-21,832.719970703125
2019-08-22,845.219970703125
2019-08-23,831.7000122070312
2019-08-26,828.9500122070312
2019-08-27,831.6400146484375
2019-08-28,843.4199829101562
2019-08-29,858.4600219726562
2019-08-30,868.0999755859375
2019-09-02,860.510009765625
2019-09-03,853.8900146484375
2019-09-04,854.47998046875
2019-09-05,874.6500244140625
2019-09-06,869.3800048828125
2019-09-09,858.7999877929688
2019-09-10,849.8099975585938
2019-09-11,857.2999877929688
2019-09-12,850.5499877929688
2019-09-13,856.989990234375
2019-09-16,867.9400024414062
2019-09-17,861.9099731445312
2019-09-18,872.5800170898438
2019-09-19,873.9299926757812
2019-09-20,876.1699829101562
2019-09-23,862.5900268554688
2019-09-24,868.010009765625
2019-09-25,862.0900268554688
2019-09-26,866.1799926757812
2019-09-27,870.3499755859375
2019-09-30,868.4199829101562
2019-10-01,861.5
2019-10-02,835.5499877929688
2019-10-03,822.7999877929688
2019-10-04,824.2899780273438
2019-10-07,829.52001953125
2019-10-08,824.0599975585938
2019-10-09,831.719970703125
2019-10-10,839.219970703125
2019-10-11,855.9500122070312
2019-10-14,855.8900146484375
2019-10-15,858.1599731445312
2019-10-16,858.3699951171875
2019-10-17,859.3200073242188
2019-10-18,862.5800170898438
2019-10-21,867.1599731445312
2019-10-22,873.5
2019-10-23,873.1300048828125
2019-10-24,873.97998046875
2019-10-25,872.2999877929688
2019-10-29,873.4000244140625
2019-10-30,875.72998046875
2019-10-31,882.5700073242188
2019-11-01,880.3599853515625
2019-11-04,879.25
2019-11-05,873.3400268554688
2019-11-06,859.8099975585938
2019-11-07,869.469970703125
2019-11-08,864.6900024414062
2019-11-11,855.9199829101562
2019-11-12,866.47998046875
2019-11-13,870.9299926757812
2019-11-14,889.8400268554688
2019-11-15,885.239990234375
2019-11-18,888.2899780273438
2019-11-19,893.3699951171875
2019-11-20,890.3699951171875
2019-11-21,883.3900146484375
2019-11-22,891.2999877929688
2019-11-25,898.22998046875
2019-11-26,891.8599853515625
2019-11-27,895.030029296875
2019-11-28,899.75
2019-11-29,901.5800170898438
2019-12-02,892.969970703125
2019-12-03,881.280029296875
2019-12-04,888.6799926757812
2019-12-05,878.5700073242188
2019-12-06,873.2100219726562
2019-12-09,863.77001953125
2019-12-10,861.6699829101562
2019-12-11,883.9600219726562
2019-12-12,885.2100219726562
2019-12-13,891.0800170898438
2019-12-16,880.760009765625
2019-12-17,894.489990234375
2019-12-18,905.6400146484375
2019-12-19,902.780029296875
2019-12-20,892.0599975585938
2019-12-23,912.52001953125
2019-12-27,920.5399780273438
2019-12-30,917.7899780273438
2019-12-31,916.6699829101562
2020-01-02,930.7100219726562
2020-01-03,920.0900268554688
2020-01-07,924.6900024414062
2020-01-08,914.1699829101562
2020-01-09,926.0599975585938
2020-01-10,923.6300048828125
2020-01-13,919.3900146484375
2020-01-14,923.6900024414062
2020-01-15,928.6599731445312
2020-01-16,932.1300048828125
2020-01-17,934.219970703125
2020-01-20,940.2000122070312
2020-01-21,942.27001953125
2020-01-22,942.9199829101562
2020-01-23,939.1699829101562
2020-01-24,948.6400146484375
2020-01-27,936.25
2020-01-28,933.4299926757812
2020-01-29,931.2100219726562
2020-01-30,921.2100219726562
2020-01-31,910.9000244140625
2020-02-03,903.469970703125
2020-02-04,916.75
2020-02-05,920.989990234375
2020-02-06,921.4500122070312
2020-02-07,910.9099731445312
2020-02-10,902.97998046875
2020-02-11,917.0
2020-02-12,917.5599975585938
2020-02-13,920.239990234375
2020-02-14,922.2999877929688
2020-02-17,919.77001953125
2020-02-18,911.8200073242188
2020-02-19,916.7999877929688
2020-02-20,913.0800170898438
2020-02-21,893.030029296875
2020-02-24,818.3499755859375
2020-02-25,833.8099975585938
2020-02-26,811.3400268554688
2020-02-27,768.8300170898438
2020-02-28,720.3499755859375
2020-03-03,766.3200073242188
2020-03-04,770.5399780273438
2020-03-05,728.1699829101562
2020-03-06,684.739990234375
2020-03-09,593.0700073242188
2020-03-10,628.25
2020-03-11,602.47998046875
2020-03-12,538.5499877929688
2020-03-13,551.969970703125
2020-03-16,484.3999938964844
2020-03-17,491.94000244140625
2020-03-18,487.3500061035156
2020-03-19,525.2899780273438
2020-03-20,555.1300048828125
2020-03-23,513.0700073242188
2020-03-24,552.4500122070312
2020-03-26,573.3499755859375
2020-03-27,550.8499755859375
2020-03-30,558.7000122070312
2020-03-31,558.2999877929688
2020-04-01,536.4500122070312
2020-04-02,541.4400024414062
2020-04-03,540.739990234375
2020-04-06,586.4600219726562
2020-04-07,607.72998046875
2020-04-08,609.0900268554688
2020-04-09,607.2899780273438
2020-04-14,628.1900024414062
2020-04-15,607.5700073242188
2020-04-16,606.75
2020-04-21,591.02001953125
2020-04-22,595.4099731445312
2020-04-23,610.47998046875
2020-04-24,606.4099731445312
2020-04-27,626.1599731445312
2020-04-28,634.9600219726562
2020-04-29,641.9400024414062
2020-04-30,628.25
2020-05-04,602.3599853515625
2020-05-05,610.3900146484375
2020-05-06,600.6699829101562
2020-05-07,602.469970703125
2020-05-08,604.0499877929688
2020-05-11,596.3400268554688
2020-05-12,596.6500244140625
2020-05-13,590.8400268554688
2020-05-14,588.1199951171875
2020-05-15,593.260009765625
2020-05-18,609.52001953125
2020-05-19,601.1599731445312
2020-05-20,610.52001953125
2020-05-21,608.3400268554688
2020-05-22,609.2000122070312
2020-05-25,624.3200073242188
2020-05-26,635.469970703125
2020-05-27,660.2999877929688
2020-05-28,665.0399780273438
2020-05-29,652.5800170898438
2020-06-01,658.3499755859375
2020-06-02,670.969970703125
2020-06-03,674.0700073242188
2020-06-04,669.7899780273438
2020-06-05,683.4600219726562
2020-06-09,678.6799926757812
2020-06-10,662.6699829101562
2020-06-11,644.9000244140625
2020-06-12,646.7999877929688
2020-06-15,647.97998046875
2020-06-16,676.9099731445312
2020-06-17,672.5
2020-06-18,662.3900146484375
2020-06-19,668.3400268554688
2020-06-22,670.3599853515625
2020-06-23,676.0399780273438
2020-06-24,665.010009765625
2020-06-25,650.5999755859375
2020-06-26,641.9500122070312
2020-06-29,635.8599853515625
2020-06-30,638.9000244140625
2020-07-01,641.4299926757812
2020-07-02,662.0
2020-07-03,658.5499877929688
2020-07-06,655.7899780273438
2020-07-07,644.1199951171875
2020-07-08,641.0700073242188
2020-07-09,636.8400268554688
2020-07-10,632.969970703125
2020-07-13,630.719970703125
2020-07-14,629.239990234375
2020-07-15,637.2899780273438
2020-07-16,637.5499877929688
2020-07-17,641.47998046875
2020-07-20,653.1500244140625
2020-07-21,638.27001953125
2020-07-22,647.760009765625
2020-07-23,640.3499755859375
2020-07-24,634.3200073242188
2020-07-27,626.0800170898438
2020-07-28,633.6199951171875
2020-07-29,632.3699951171875
2020-07-30,618.8599853515625
2020-07-31,617.6099853515625
2020-08-03,615.0700073242188
2020-08-04,628.5
2020-08-05,637.75
2020-08-06,640.5999755859375
2020-08-07,632.6300048828125
2020-08-10,617.3300170898438
2020-08-11,626.3900146484375
2020-08-12,634.969970703125
2020-08-13,637.27001953125
2020-08-14,634.3699951171875
2020-08-17,637.1199951171875
2020-08-18,643.97998046875
2020-08-19,646.27001953125
2020-08-20,636.9199829101562
2020-08-21,633.27001953125
2020-08-24,632.5599975585938
2020-08-25,629.3400268554688
2020-08-26,635.8400268554688
2020-08-27,633.0900268554688
2020-08-28,634.469970703125
2020-08-31,633.97998046875
2020-09-01,639.5999755859375
2020-09-02,644.2000122070312
2020-09-03,646.0800170898438
2020-09-04,639.2899780273438
2020-09-07,641.3300170898438
2020-09-08,627.5599975585938
2020-09-09,631.739990234375
2020-09-10,637.9500122070312
2020-09-11,636.030029296875
2020-09-14,661.1300048828125
2020-09-15,663.6099853515625
2020-09-16,661.1900024414062
2020-09-17,663.25
2020-09-18,658.5399780273438
2020-09-21,630.3200073242188
2020-09-22,624.6199951171875
2020-09-23,622.3400268554688
2020-09-24,619.9600219726562
2020-09-25,617.9000244140625
2020-09-28,625.2000122070312
2020-09-29,623.3599853515625
2020-09-30,624.75
2020-10-01,631.510009765625
2020-10-02,625.6699829101562
2020-10-05,633.4299926757812
2020-10-06,644.3499755859375
2020-10-07,641.989990234375
2020-10-08,648.5599975585938
2020-10-09,651.469970703125
2020-10-12,637.3900146484375
2020-10-13,636.3200073242188
2020-10-14,632.8099975585938
2020-10-15,619.260009765625
2020-10-16,620.1799926757812
2020-10-19,618.1300048828125
2020-10-20,623.27001953125
2020-10-21,619.97998046875
2020-10-22,608.9000244140625
2020-10-23,612.3200073242188
2020-10-26,595.969970703125
2020-10-27,595.1599731445312
2020-10-29,564.9299926757812
2020-10-30,569.5
2020-11-02,572.8800048828125
2020-11-03,584.47998046875
2020-11-04,588.239990234375
2020-11-05,590.1599731445312
2020-11-06,588.0999755859375
2020-11-09,655.5
2020-11-10,651.77001953125
2020-11-11,658.4199829101562
2020-11-12,657.010009765625
2020-11-13,655.6799926757812
2020-11-16,691.3599853515625
2020-11-17,690.989990234375
2020-11-18,708.1599731445312
2020-11-19,699.2000122070312
2020-11-20,699.4500122070312
2020-11-23,700.4299926757812
2020-11-24,702.8499755859375
2020-11-25,705.2100219726562
2020-11-26,726.9199829101562
2020-11-27,736.5999755859375
2020-11-30,736.9199829101562
2020-12-01,758.219970703125
2020-12-02,759.469970703125
2020-12-03,766.8200073242188
2020-12-04,784.9500122070312
2020-12-07,786.8499755859375
2020-12-08,791.1699829101562
2020-12-09,796.010009765625
2020-12-10,774.3200073242188
2020-12-11,779.0399780273438
2020-12-14,788.02001953125
2020-12-15,787.3200073242188
2020-12-16,792.3099975585938
2020-12-17,790.77001953125
2020-12-18,800.0599975585938
2020-12-21,769.6199951171875
2020-12-22,780.2100219726562
2020-12-23,787.47998046875
2020-12-28,810.4400024414062
2020-12-29,809.219970703125
2020-12-30,809.0800170898438
2020-12-31,808.989990234375
2021-01-04,822.219970703125
2021-01-05,813.6199951171875
2021-01-07,820.030029296875
2021-01-08,819.27001953125
2021-01-11,800.5599975585938
2021-01-12,796.72998046875
2021-01-13,802.1900024414062
2021-01-14,794.030029296875
2021-01-15,790.1400146484375
2021-01-18,787.760009765625
2021-01-19,799.969970703125
2021-01-20,800.760009765625
2021-01-21,796.77001953125
2021-01-22,778.97998046875
2021-01-25,762.1300048828125
2021-01-26,764.7000122070312
2021-01-27,743.489990234375
2021-01-28,754.25
2021-01-29,749.4600219726562
2021-02-01,749.72998046875
2021-02-02,760.5900268554688
2021-02-03,764.3300170898438
2021-02-04,760.780029296875
2021-02-05,764.5999755859375
2021-02-08,778.010009765625
2021-02-09,756.8800048828125
2021-02-10,762.8300170898438
2021-02-11,774.3800048828125
2021-02-12,776.0900268554688
2021-02-15,796.3800048828125
2021-02-16,795.9099731445312
2021-02-17,788.75
2021-02-18,782.22998046875
2021-02-19,781.4199829101562
2021-02-22,781.989990234375
2021-02-23,773.52001953125
2021-02-24,774.7999877929688
2021-02-25,787.4299926757812
2021-02-26,792.3800048828125
2021-03-01,802.5999755859375
2021-03-02,817.030029296875
2021-03-03,815.0999755859375
2021-03-04,817.239990234375
2021-03-05,825.02001953125
2021-03-08,827.0599975585938
2021-03-09,837.6099853515625
2021-03-10,841.1199951171875
2021-03-11,850.0700073242188
2021-03-12,849.8099975585938
2021-03-16,860.260009765625
2021-03-17,857.1900024414062
2021-03-18,844.5599975585938
2021-03-19,833.0700073242188
2021-03-22,832.0599975585938
2021-03-23,831.8599853515625
2021-03-24,837.0900268554688
2021-03-26,851.8200073242188
2021-03-29,862.8300170898438
2021-03-30,873.6199951171875
2021-03-31,865.0499877929688
2021-04-01,875.219970703125
2021-04-06,883.8599853515625
2021-04-07,881.489990234375
2021-04-08,884.77001953125
2021-04-09,891.6900024414062
2021-04-12,897.5499877929688
2021-04-13,899.9000244140625
2021-04-14,902.0399780273438
2021-04-15,905.3099975585938
2021-04-16,898.6300048828125
2021-04-19,875.760009765625
2021-04-20,876.760009765625
2021-04-21,875.4400024414062
2021-04-22,893.760009765625
2021-04-23,899.5800170898438
2021-04-26,913.1199951171875
2021-04-27,903.4400024414062
2021-04-28,910.3699951171875
2021-04-29,910.3699951171875
2021-05-05,911.4199829101562
2021-05-06,910.2100219726562
2021-05-07,897.010009765625
2021-05-10,906.0700073242188
2021-05-11,896.0399780273438
2021-05-12,894.7000122070312
2021-05-13,899.4199829101562
2021-05-14,907.0800170898438
2021-05-17,903.47998046875
2021-05-18,900.6500244140625
2021-05-19,881.0399780273438
2021-05-20,888.4099731445312
2021-05-21,867.5599975585938
2021-05-24,880.260009765625
2021-05-25,868.1099853515625
2021-05-26,873.6099853515625
2021-05-27,883.3900146484375
2021-05-28,887.5999755859375
2021-05-31,894.8499755859375
2021-06-01,894.1300048828125
2021-06-02,900.489990234375
2021-06-03,894.9400024414062
2021-06-04,901.5999755859375
2021-06-07,902.02001953125
2021-06-08,913.47998046875
2021-06-09,913.3400268554688
2021-06-10,924.2999877929688
2021-06-11,925.8300170898438
2021-06-14,927.2899780273438
2021-06-15,920.030029296875
2021-06-16,911.5999755859375
2021-06-17,914.77001953125
2021-06-18,905.5499877929688
2021-06-22,908.0999755859375
2021-06-23,910.3400268554688
2021-06-24,909.8400268554688
2021-06-25,907.760009765625
2021-06-28,903.3400268554688
2021-06-29,893.5999755859375
2021-06-30,884.8900146484375
2021-07-01,888.1300048828125
2021-07-02,886.6599731445312
2021-07-05,876.9600219726562
2021-07-06,878.5499877929688
2021-07-07,877.219970703125
2021-07-08,859.4600219726562
2021-07-09,874.25
2021-07-12,873.8699951171875
2021-07-13,869.719970703125
2021-07-14,871.0700073242188
2021-07-15,863.780029296875
2021-07-16,866.8099975585938
2021-07-19,833.1599731445312
2021-07-20,838.8300170898438
2021-07-21,854.219970703125
2021-07-22,858.1300048828125
2021-07-23,864.4400024414062
2021-07-26,869.9000244140625
2021-07-27,876.3499755859375
2021-07-28,877.989990234375
2021-07-29,882.739990234375
2021-07-30,888.260009765625
2021-08-02,897.4500122070312
2021-08-03,895.1900024414062
2021-08-04,895.7100219726562
2021-08-05,903.3300170898438
2021-08-06,893.469970703125
2021-08-09,893.0700073242188
2021-08-10,897.1500244140625
2021-08-11,900.0999755859375
2021-08-12,893.97998046875
2021-08-13,895.2899780273438
2021-08-16,898.9000244140625
2021-08-17,899.8800048828125
2021-08-18,898.5800170898438
2021-08-19,881.9500122070312
2021-08-20,883.1099853515625
2021-08-23,897.4400024414062
2021-08-24,907.5599975585938
2021-08-25,914.4299926757812
2021-08-26,915.75
2021-08-27,914.3900146484375
2021-08-30,929.260009765625
2021-08-31,923.1500244140625
2021-09-01,918.0599975585938
2021-09-02,917.0599975585938
2021-09-03,915.0499877929688
2021-09-06,915.6199951171875
2021-09-07,909.2899780273438
2021-09-08,905.47998046875
2021-09-09,899.219970703125
2021-09-10,901.1300048828125
2021-09-13,905.3699951171875
2021-09-14,906.8099975585938
2021-09-15,904.0999755859375
2021-09-16,909.1599731445312
2021-09-17,912.8099975585938
2021-09-20,892.1300048828125
2021-09-21,894.3300170898438
2021-09-22,894.2999877929688
2021-09-23,886.719970703125
2021-09-24,873.0999755859375
2021-09-27,875.4299926757812
2021-09-28,860.030029296875
2021-09-29,866.3499755859375
2021-09-30,865.3400268554688
2021-10-01,871.0599975585938
2021-10-04,871.8800048828125
2021-10-05,882.0999755859375
2021-10-06,876.3699951171875
2021-10-07,889.0900268554688
2021-10-08,892.5999755859375
2021-10-11,884.0499877929688
2021-10-12,890.6099853515625
2021-10-13,884.1099853515625
2021-10-14,888.5900268554688
2021-10-15,894.739990234375
2021-10-18,891.2999877929688
2021-10-19,898.9600219726562
2021-10-20,908.1300048828125
2021-10-21,905.530029296875
2021-10-22,905.0399780273438
2021-10-25,901.1500244140625
2021-10-26,902.0900268554688
2021-10-27,906.5700073242188
2021-10-29,898.0599975585938
2021-11-01,905.1599731445312
2021-11-02,904.469970703125
2021-11-03,908.1199951171875
2021-11-04,908.6199951171875
2021-11-05,906.8499755859375
2021-11-08,921.260009765625
2021-11-09,920.52001953125
2021-11-10,918.0599975585938
2021-11-11,917.7999877929688
2021-11-12,913.9400024414062
2021-11-15,910.6300048828125
2021-11-16,909.989990234375
2021-11-17,917.8699951171875
2021-11-18,923.0700073242188
2021-11-19,915.02001953125
2021-11-22,911.4299926757812
2021-11-23,894.9400024414062
2021-11-24,889.5800170898438
2021-11-25,898.969970703125
2021-11-26,858.9299926757812
2021-11-29,871.3400268554688
2021-11-30,867.7100219726562
2021-12-01,877.239990234375
2021-12-02,876.8900146484375
2021-12-03,879.22998046875
2021-12-06,878.3400268554688
2021-12-07,891.8400268554688
2021-12-08,892.9199829101562
2021-12-09,898.2899780273438
2021-12-10,898.6300048828125
2021-12-13,887.9600219726562
2021-12-14,885.4000244140625
2021-12-15,883.3599853515625
2021-12-16,892.8300170898438
2021-12-17,887.5
2021-12-20,876.9299926757812
2021-12-21,881.1900024414062
2021-12-22,884.030029296875
2021-12-23,890.72998046875
2021-12-27,885.9099731445312
2021-12-28,889.2899780273438
2021-12-29,893.6099853515625
2021-12-30,890.760009765625
2021-12-31,893.3400268554688
2022-01-03,898.8400268554688
2022-01-04,908.0800170898438
2022-01-05,905.7000122070312
2022-01-07,906.47998046875
2022-01-10,918.4099731445312
2022-01-11,934.6099853515625
2022-01-12,950.3800048828125
2022-01-13,955.760009765625
2022-01-14,949.3900146484375
2022-01-17,956.280029296875
2022-01-18,944.6400146484375
2022-01-19,951.6500244140625
2022-01-20,957.5999755859375
2022-01-21,942.4600219726562
2022-01-24,914.8400268554688
2022-01-25,913.3599853515625
2022-01-26,932.9600219726562
2022-01-27,934.5800170898438
2022-01-28,924.4199829101562
2022-01-31,936.77001953125
2022-02-01,947.8800048828125
2022-02-02,954.719970703125
2022-02-03,946.1300048828125
2022-02-04,945.0
2022-02-07,938.0900268554688
2022-02-08,942.0599975585938
2022-02-09,960.3200073242188
2022-02-10,964.0499877929688
2022-02-11,971.0900268554688
2022-02-14,950.7000122070312
2022-02-15,961.8499755859375
2022-02-16,963.5999755859375
2022-02-17,955.3699951171875
2022-02-18,955.9299926757812
2022-02-21,949.260009765625
2022-02-22,944.1799926757812
2022-02-23,949.219970703125
2022-02-24,888.3099975585938
2022-02-25,927.25
2022-02-28,891.5800170898438
2022-03-01,866.47998046875
2022-03-02,852.0999755859375
2022-03-03,854.6199951171875
2022-03-04,821.739990234375
2022-03-08,789.6599731445312
2022-03-09,822.969970703125
2022-03-10,803.469970703125
2022-03-11,827.9600219726562
2022-03-14,830.02001953125
2022-03-15,825.1599731445312
2022-03-16,871.989990234375
2022-03-17,862.0900268554688
2022-03-18,862.8599853515625
2022-03-21,859.3200073242188
2022-03-22,867.5399780273438
2022-03-23,854.8800048828125
2022-03-24,843.1099853515625
2022-03-28,861.97998046875
2022-03-29,889.969970703125
2022-03-30,884.7000122070312
2022-03-31,879.4500122070312
2022-04-01,890.7000122070312
2022-04-04,893.469970703125
2022-04-05,892.6799926757812
2022-04-06,884.2000122070312
2022-04-07,890.8499755859375
2022-04-08,906.260009765625
2022-04-11,917.52001953125
2022-04-12,921.3699951171875
2022-04-13,924.2000122070312
2022-04-14,918.9600219726562
2022-04-19,926.4099731445312
2022-04-20,940.6900024414062
2022-04-21,949.6799926757812
2022-04-26,938.9299926757812
2022-04-27,918.5599975585938
2022-04-28,925.0700073242188
2022-04-29,922.4299926757812
2022-05-03,900.4500122070312
2022-05-04,900.3499755859375
2022-05-05,888.469970703125
2022-05-06,866.75
2022-05-09,859.1799926757812
2022-05-10,860.8499755859375
2022-05-11,862.6599731445312
2022-05-12,846.4600219726562
2022-05-13,867.030029296875
2022-05-16,859.3800048828125
2022-05-17,867.7999877929688
2022-05-18,866.72998046875
2022-05-19,851.2000122070312
2022-05-20,860.0599975585938
2022-05-23,859.7899780273438
2022-05-24,863.4099731445312
2022-05-25,873.3699951171875
2022-05-26,887.3200073242188
2022-05-27,891.4099731445312
2022-05-30,891.7999877929688
2022-05-31,890.7000122070312
2022-06-01,899.969970703125
2022-06-02,890.280029296875
2022-06-03,896.8900146484375
2022-06-06,900.280029296875
2022-06-07,891.8099975585938
2022-06-08,893.8200073242188
2022-06-09,886.6400146484375
2022-06-10,862.5499877929688
2022-06-14,822.8400268554688
2022-06-15,838.9400024414062
2022-06-16,815.27001953125
2022-06-17,825.4099731445312
2022-06-20,831.8099975585938
2022-06-21,840.6900024414062
2022-06-22,836.47998046875
2022-06-23,836.22998046875
2022-06-24,834.8300170898438
2022-06-27,823.1799926757812
2022-06-28,823.9199829101562
2022-06-29,822.1500244140625
2022-06-30,810.4199829101562
2022-07-01,805.7899780273438
2022-07-04,805.5499877929688
2022-07-05,779.6799926757812
2022-07-06,779.2000122070312
2022-07-07,795.239990234375
2022-07-08,802.1599731445312
2022-07-11,789.5800170898438
2022-07-12,794.5999755859375
2022-07-13,803.280029296875
2022-07-14,796.4099731445312
2022-07-15,794.6199951171875
2022-07-18,804.239990234375
2022-07-19,806.1099853515625
2022-07-20,815.3200073242188
2022-07-21,826.1099853515625
2022-07-22,829.969970703125
2022-07-25,828.8900146484375
2022-07-26,829.260009765625
2022-07-27,834.8499755859375
2022-07-28,839.52001953125
2022-07-29,851.0499877929688
2022-08-01,863.8099975585938
2022-08-02,869.8200073242188
2022-08-03,870.239990234375
2022-08-04,867.510009765625
2022-08-05,849.22998046875
2022-08-08,860.3200073242188
2022-08-09,859.52001953125
2022-08-10,875.469970703125
2022-08-11,882.77001953125
2022-08-12,878.760009765625
2022-08-16,893.22998046875
2022-08-17,894.3699951171875
2022-08-18,897.6300048828125
2022-08-19,899.1599731445312
2022-08-22,896.4099731445312
2022-08-23,891.4600219726562
2022-08-24,892.3699951171875
2022-08-25,896.1199951171875
2022-08-26,893.739990234375
2022-08-29,868.25
2022-08-30,855.7000122070312
2022-08-31,856.3599853515625
2022-09-01,843.1699829101562
2022-09-02,844.780029296875
2022-09-05,829.3400268554688
2022-09-06,834.9099731445312
2022-09-07,822.510009765625
2022-09-08,825.9600219726562
2022-09-09,841.9099731445312
2022-09-12,849.8900146484375
2022-09-13,840.8099975585938
2022-09-14,836.6300048828125
2022-09-15,839.22998046875
2022-09-16,836.1699829101562
2022-09-19,833.3599853515625
2022-09-20,833.8599853515625
2022-09-21,826.3200073242188
2022-09-22,817.6099853515625
2022-09-23,798.1099853515625
2022-09-26,792.72998046875
2022-09-27,798.4099731445312
2022-09-28,791.4199829101562
2022-09-29,788.4600219726562
2022-09-30,792.9000244140625
2022-10-03,804.1900024414062
2022-10-04,823.0900268554688
2022-10-05,819.1400146484375
2022-10-06,816.6799926757812
2022-10-07,814.0599975585938
2022-10-10,814.6099853515625
2022-10-11,808.97998046875
2022-10-12,817.5499877929688
2022-10-13,816.02001953125
2022-10-14,832.3200073242188
2022-10-17,842.6400146484375
2022-10-18,851.0399780273438
2022-10-19,848.1699829101562
2022-10-20,854.7999877929688
2022-10-21,854.989990234375
2022-10-24,866.25
2022-10-25,863.3499755859375
2022-10-26,862.760009765625
2022-10-27,860.760009765625
2022-10-31,874.27001953125
2022-11-01,868.25
2022-11-02,874.0399780273438
2022-11-03,861.760009765625
2022-11-04,879.0999755859375
2022-11-07,885.2999877929688
2022-11-08,887.5399780273438
2022-11-09,891.7999877929688
2022-11-10,898.9400024414062
2022-11-11,897.780029296875
2022-11-14,900.2999877929688
2022-11-15,903.8699951171875
2022-11-16,887.0900268554688
2022-11-17,883.280029296875
2022-11-18,889.9000244140625
2022-11-21,891.8099975585938
2022-11-22,900.0700073242188
2022-11-23,906.4000244140625
2022-11-24,919.780029296875
2022-11-25,917.6400146484375
2022-11-28,907.0599975585938
2022-11-29,911.9099731445312
2022-11-30,912.3300170898438
2022-12-01,922.4199829101562
2022-12-02,903.969970703125
2022-12-05,903.25
2022-12-06,904.0900268554688
2022-12-07,910.2899780273438
2022-12-08,915.4000244140625
2022-12-09,915.989990234375
2022-12-12,912.9400024414062
2022-12-13,920.530029296875
2022-12-14,923.6300048828125
2022-12-15,917.0999755859375
2022-12-16,911.8499755859375
2022-12-19,916.47998046875
2022-12-20,915.510009765625
2022-12-21,923.8599853515625
2022-12-22,924.2000122070312
2022-12-23,921.25
2022-12-27,923.260009765625
2022-12-28,923.7899780273438
2022-12-29,920.8200073242188
2022-12-30,929.7899780273438
2023-01-02,936.1500244140625
2023-01-03,943.8200073242188
2023-01-04,946.0999755859375
2023-01-05,951.4500122070312
2023-01-09,962.8400268554688
2023-01-10,962.219970703125
2023-01-11,963.7000122070312
2023-01-12,964.260009765625
2023-01-13,968.3800048828125
2023-01-16,981.260009765625
2023-01-17,987.010009765625
2023-01-18,989.5800170898438
2023-01-19,967.760009765625
2023-01-20,979.0599975585938
2023-01-23,997.8099975585938
2023-01-24,993.9099731445312
2023-01-25,993.8599853515625
2023-01-26,1004.0
2023-01-27,1015.47998046875
2023-01-30,1024.75
2023-01-31,1022.8200073242188
2023-02-01,1027.25
2023-02-02,1029.6800537109375
2023-02-03,1033.43994140625
2023-02-06,1033.02001953125
2023-02-07,1041.510009765625
2023-02-08,1064.4300537109375
2023-02-09,1074.8699951171875
2023-02-10,1068.1199951171875
2023-02-13,1092.9100341796875
2023-02-14,1093.969970703125
2023-02-15,1093.1500244140625
2023-02-16,1091.6199951171875
2023-02-17,1102.760009765625
2023-02-20,1123.22998046875
2023-02-21,1121.739990234375
2023-02-22,1101.300048828125
2023-02-23,1119.25
2023-02-24,1113.3599853515625
2023-02-28,1129.25
2023-03-01,1133.1099853515625
2023-03-02,1118.7900390625
2023-03-03,1114.6800537109375
2023-03-06,1082.0999755859375
2023-03-07,1078.68994140625
2023-03-08,1076.3599853515625
2023-03-09,1083.219970703125
2023-03-10,1056.260009765625
2023-03-13,1049.550048828125
2023-03-14,1074.0699462890625
2023-03-15,1025.219970703125
2023-03-16,1031.9100341796875
2023-03-17,1020.1900024414062
2023-03-20,1027.469970703125
2023-03-21,1049.699951171875
2023-03-22,1044.9599609375
2023-03-23,1052.4300537109375
2023-03-24,1021.1599731445312
2023-03-27,1035.719970703125
2023-03-28,1023.4400024414062
2023-03-29,1030.6500244140625
2023-03-30,1045.8399658203125
2023-03-31,1054.5899658203125
2023-04-03,1068.239990234375
2023-04-04,1069.3199462890625
2023-04-05,1069.72998046875
2023-04-06,1074.0
2023-04-11,1092.75
2023-04-12,1095.9100341796875
2023-04-13,1102.7900390625
2023-04-18,1120.2900390625
2023-04-19,1111.1099853515625
2023-04-20,1106.5699462890625
2023-04-21,1111.3299560546875
2023-04-24,1105.4200439453125
2023-04-25,1090.530029296875
2023-04-26,1096.4200439453125
2023-04-27,1096.010009765625
2023-04-28,1085.1099853515625
2023-05-02,1087.489990234375
2023-05-03,1095.9599609375
2023-05-04,1098.5699462890625
2023-05-05,1111.239990234375
2023-05-08,1121.9000244140625
2023-05-09,1123.199951171875
2023-05-10,1131.2099609375
2023-05-11,1122.4100341796875
2023-05-12,1122.75
2023-05-15,1121.6500244140625
2023-05-16,1136.43994140625
2023-05-17,1134.3599853515625
2023-05-18,1130.1400146484375
2023-05-19,1132.3399658203125
2023-05-22,1201.3199462890625
2023-05-23,1205.300048828125
2023-05-24,1191.8299560546875
2023-05-25,1202.4300537109375
2023-05-26,1220.8900146484375
2023-05-29,1236.199951171875
2023-05-30,1225.0699462890625
2023-05-31,1218.6500244140625
2023-06-01,1209.050048828125
2023-06-02,1217.8599853515625
2023-06-06,1244.75
2023-06-07,1250.6099853515625
2023-06-08,1258.1700439453125
2023-06-09,1261.6700439453125
2023-06-12,1263.3800048828125
2023-06-13,1266.31005859375
2023-06-14,1274.5400390625
2023-06-15,1269.0699462890625
2023-06-16,1277.56005859375
2023-06-19,1268.52001953125
2023-06-20,1264.9599609375
2023-06-21,1272.489990234375
2023-06-22,1263.030029296875
2023-06-23,1268.7099609375
2023-06-26,1233.739990234375
2023-06-27,1235.27001953125
2023-06-28,1247.199951171875
2023-06-29,1275.260009765625
2023-06-30,1278.6099853515625
2023-07-03,1292.719970703125
2023-07-04,1299.780029296875
2023-07-05,1295.300048828125
2023-07-06,1279.4000244140625
2023-07-07,1278.300048828125
2023-07-10,1290.9000244140625
2023-07-11,1317.3499755859375
2023-07-12,1323.6099853515625
2023-07-13,1321.1500244140625
2023-07-14,1325.6099853515625
2023-07-17,1303.7900390625
2023-07-18,1315.8900146484375
2023-07-19,1331.6199951171875
2023-07-20,1338.030029296875
2023-07-21,1339.1800537109375
2023-07-24,1337.4200439453125
2023-07-25,1345.949951171875
2023-07-26,1344.550048828125
2023-07-27,1345.6300048828125
2023-07-28,1333.8599853515625
2023-07-31,1335.47998046875
2023-08-01,1324.280029296875
2023-08-02,1305.8499755859375
2023-08-03,1314.31005859375
2023-08-04,1319.52001953125
2023-08-07,1320.6500244140625
2023-08-08,1311.18994140625
2023-08-09,1317.1800537109375
2023-08-10,1313.199951171875
2023-08-11,1286.8599853515625
2023-08-14,1278.8699951171875
2023-08-16,1279.9599609375
2023-08-17,1283.4300537109375
2023-08-18,1263.3399658203125
2023-08-21,1285.27001953125
2023-08-22,1300.469970703125
2023-08-23,1293.72998046875
2023-08-24,1295.9100341796875
2023-08-25,1299.760009765625
2023-08-28,1316.27001953125
2023-08-29,1318.3399658203125
2023-08-30,1316.93994140625
2023-08-31,1312.489990234375
2023-09-01,1299.469970703125
2023-09-04,1267.3299560546875
2023-09-05,1276.52001953125
2023-09-06,1273.47998046875
2023-09-07,1247.510009765625
2023-09-08,1259.5
2023-09-11,1250.5899658203125
2023-09-12,1246.8800048828125
2023-09-13,1225.25
2023-09-14,1233.81005859375
2023-09-15,1258.5799560546875
2023-09-18,1251.6600341796875
2023-09-19,1227.780029296875
2023-09-20,1200.31005859375
2023-09-21,1200.0400390625
2023-09-22,1217.75
2023-09-25,1215.800048828125
2023-09-26,1219.5699462890625
2023-09-27,1204.1099853515625
2023-09-28,1193.3199462890625
2023-09-29,1209.3399658203125
2023-10-02,1191.77001953125
2023-10-03,1168.449951171875
2023-10-04,1170.1300048828125
2023-10-05,1154.02001953125
2023-10-06,1136.9300537109375
2023-10-09,1111.2900390625
2023-10-10,1157.8499755859375
2023-10-11,1175.780029296875
2023-10-12,1182.31005859375
2023-10-13,1169.6600341796875
2023-10-16,1173.760009765625
2023-10-17,1169.7900390625
2023-10-18,1178.8800048828125
2023-10-19,1178.5899658203125
2023-10-20,1174.9100341796875
2023-10-23,1173.699951171875
2023-10-24,1196.56005859375
2023-10-25,1185.239990234375
2023-10-26,1177.3900146484375
2023-10-27,1178.7900390625
2023-10-30,1186.3800048828125
2023-10-31,1193.0999755859375
2023-11-01,1196.47998046875
2023-11-02,1219.989990234375
2023-11-03,1219.77001953125
2023-11-06,1237.3699951171875
2023-11-07,1228.8699951171875
2023-11-08,1227.27001953125
2023-11-09,1218.0699462890625
2023-11-10,1203.0799560546875
2023-11-13,1205.550048828125
2023-11-14,1235.27001953125
2023-11-15,1238.760009765625
2023-11-16,1239.3900146484375
2023-11-17,1250.43994140625
2023-11-20,1248.6300048828125
2023-11-21,1242.199951171875
2023-11-22,1258.739990234375
2023-11-23,1260.52001953125
2023-11-24,1258.72998046875
2023-11-27,1265.3599853515625
2023-11-28,1264.68994140625
2023-11-29,1271.199951171875
2023-11-30,1275.1300048828125
2023-12-01,1280.1099853515625
2023-12-04,1275.3399658203125
2023-12-05,1270.3499755859375
2023-12-06,1273.47998046875
2023-12-07,1273.3299560546875
2023-12-08,1275.0899658203125
2023-12-11,1275.5
2023-12-12,1283.1199951171875
2023-12-13,1292.3499755859375
2023-12-14,1295.3699951171875
2023-12-15,1290.7900390625
2023-12-18,1287.219970703125
2023-12-19,1298.47998046875
2023-12-20,1301.81005859375
2023-12-21,1298.56005859375
2023-12-22,1290.8900146484375
2023-12-27,1293.18994140625
2023-12-28,1285.6500244140625
2023-12-29,1293.1400146484375
2024-01-02,1307.6300048828125
2024-01-03,1301.3399658203125
2024-01-04,1310.8699951171875
2024-01-05,1311.6700439453125
2024-01-08,1330.6099853515625
2024-01-09,1341.0999755859375
2024-01-10,1344.510009765625
2024-01-11,1347.9000244140625
2024-01-12,1352.6500244140625
2024-01-15,1353.4599609375
2024-01-16,1332.469970703125
2024-01-17,1331.3399658203125
2024-01-18,1341.0999755859375
2024-01-19,1340.030029296875
2024-01-22,1351.56005859375
2024-01-23,1353.1400146484375
2024-01-24,1362.050048828125
2024-01-25,1352.8599853515625
2024-01-26,1360.8900146484375
2024-01-29,1350.949951171875
2024-01-30,1355.1199951171875
2024-01-31,1367.4100341796875
2024-02-01,1376.6199951171875
2024-02-02,1385.010009765625
2024-02-05,1395.989990234375
2024-02-06,1403.760009765625
2024-02-07,1397.1400146484375
2024-02-08,1404.8800048828125
2024-02-09,1401.010009765625
2024-02-12,1394.0799560546875
2024-02-13,1385.469970703125
2024-02-14,1405.3800048828125
2024-02-15,1403.5
2024-02-16,1405.3199462890625
2024-02-19,1422.4100341796875
2024-02-20,1424.3499755859375
2024-02-21,1420.280029296875
2024-02-22,1419.25
2024-02-23,1413.260009765625
2024-02-26,1414.510009765625
2024-02-27,1411.97998046875
2024-02-28,1407.739990234375
2024-02-29,1424.77001953125
2024-03-01,1422.75
2024-03-04,1434.8699951171875
2024-03-05,1430.93994140625
2024-03-06,1433.0400390625
2024-03-07,1425.43994140625
2024-03-08,1427.02001953125
2024-03-11,1391.260009765625
2024-03-12,1395.8599853515625
2024-03-13,1399.8699951171875
2024-03-14,1417.6400146484375
2024-03-15,1422.030029296875
2024-03-19,1403.469970703125
2024-03-20,1417.719970703125
2024-03-21,1430.3499755859375
2024-03-22,1425.1600341796875
2024-03-26,1422.510009765625
2024-03-27,1417.5899658203125
2024-03-28,1422.3499755859375
2024-04-02,1393.8399658203125
2024-04-03,1383.68994140625
2024-04-04,1386.3800048828125
2024-04-05,1383.449951171875
2024-04-08,1401.3499755859375
2024-04-09,1417.75
2024-04-10,1420.300048828125
2024-04-11,1416.530029296875
2024-04-12,1400.6099853515625
2024-04-15,1390.68994140625
2024-04-16,1357.300048828125
2024-04-17,1365.47998046875
2024-04-18,1381.0699462890625
2024-04-19,1392.6199951171875
2024-04-22,1420.4000244140625
2024-04-23,1447.8199462890625
2024-04-24,1448.699951171875
2024-04-25,1435.18994140625
2024-04-26,1454.97998046875
2024-04-29,1455.47998046875
2024-04-30,1448.47998046875
2024-05-02,1452.239990234375
2024-05-08,1473.530029296875
2024-05-09,1477.219970703125
2024-05-10,1484.06005859375
2024-05-13,1476.1199951171875
2024-05-14,1471.780029296875
2024-05-15,1493.6500244140625
2024-05-16,1491.7099609375
2024-05-17,1490.4599609375
2024-05-20,1502.7900390625
2024-05-21,1496.3499755859375
2024-05-22,1480.0899658203125
2024-05-23,1481.6500244140625
2024-05-24,1477.68994140625
2024-05-27,1481.22998046875
2024-05-28,1471.6300048828125
2024-05-29,1442.2099609375
2024-05-30,1439.9100341796875
2024-05-31,1431.8399658203125
2024-06-03,1447.4100341796875
2024-06-04,1424.68994140625
2024-06-05,1443.739990234375
2024-06-06,1452.8499755859375
2024-06-07,1458.3699951171875
2024-06-10,1458.8399658203125
2024-06-11,1448.75
2024-06-12,1451.239990234375
2024-06-13,1438.43994140625
2024-06-14,1406.9100341796875
2024-06-17,1404.1099853515625
2024-06-18,1422.3199462890625
2024-06-19,1426.199951171875
2024-06-20,1421.7099609375
2024-06-21,1424.0400390625
2024-06-25,1420.06005859375
2024-06-26,1406.239990234375
2024-06-27,1400.4300537109375
2024-06-28,1404.260009765625
2024-07-01,1420.8299560546875
2024-07-02,1407.030029296875
2024-07-03,1423.56005859375
2024-07-04,1435.81005859375
2024-07-05,1440.52001953125
2024-07-08,1450.9200439453125
2024-07-09,1451.219970703125
2024-07-10,1444.31005859375
2024-07-11,1445.9100341796875
2024-07-12,1452.280029296875
2024-07-15,1458.52001953125
2024-07-16,1449.4000244140625
2024-07-17,1446.9200439453125
2024-07-18,1457.739990234375
2024-07-19,1464.3900146484375
2024-07-22,1482.4300537109375
2024-07-23,1480.22998046875
2024-07-24,1466.72998046875
2024-07-25,1463.8199462890625
2024-07-26,1469.25
2024-07-29,1468.010009765625
2024-07-30,1460.4599609375
2024-07-31,1478.1700439453125
2024-08-01,1474.43994140625
2024-08-02,1430.9000244140625
2024-08-05,1341.22998046875
2024-08-06,1367.780029296875
2024-08-07,1394.2900390625
2024-08-08,1382.4599609375
2024-08-09,1383.31005859375
2024-08-12,1398.199951171875
2024-08-13,1403.1700439453125
2024-08-14,1423.050048828125
2024-08-16,1431.8800048828125
2024-08-19,1432.280029296875
2024-08-20,1425.510009765625
2024-08-21,1432.530029296875
2024-08-22,1436.1099853515625
2024-08-23,1432.5999755859375
2024-08-26,1437.6800537109375
2024-08-27,1432.4599609375
2024-08-28,1425.3599853515625
2024-08-29,1426.9100341796875
2024-08-30,1431.18994140625
2024-09-02,1446.1700439453125
2024-09-03,1446.0899658203125
2024-09-04,1435.7900390625
2024-09-05,1446.56005859375
2024-09-06,1443.1300048828125
2024-09-09,1434.1700439453125
2024-09-10,1426.0999755859375
2024-09-11,1413.5400390625
2024-09-12,1406.9100341796875
2024-09-13,1419.239990234375
2024-09-16,1423.6099853515625
2024-09-17,1429.7900390625
2024-09-18,1419.5
2024-09-19,1428.3900146484375
2024-09-20,1425.18994140625
2024-09-23,1442.530029296875
2024-09-24,1454.0999755859375
2024-09-25,1462.06005859375
2024-09-26,1471.260009765625
2024-09-27,1468.699951171875
2024-09-30,1451.9000244140625
2024-10-01,1447.030029296875
2024-10-02,1428.81005859375
2024-10-03,1418.4200439453125
2024-10-04,1437.8800048828125
2024-10-07,1429.72998046875
2024-10-08,1427.2900390625
2024-10-09,1419.27001953125
2024-10-10,1411.6099853515625
2024-10-11,1416.780029296875
2024-10-14,1411.489990234375
2024-10-15,1423.739990234375
2024-10-16,1430.0899658203125
2024-10-17,1438.6700439453125
2024-10-18,1443.5699462890625
2024-10-21,1438.719970703125
2024-10-22,1414.6500244140625
2024-10-23,1407.1400146484375
2024-10-24,1402.5999755859375
2024-10-25,1390.25
2024-10-29,1401.1800537109375
2024-10-30,1381.8299560546875
2024-10-31,1382.6800537109375
2024-11-01,1390.489990234375
2024-11-04,1390.6500244140625
2024-11-05,1399.6600341796875
2024-11-06,1408.5699462890625
2024-11-07,1408.5
2024-11-08,1413.1300048828125
2024-11-11,1428.4000244140625
2024-11-12,1430.9100341796875
2024-11-13,1419.510009765625
2024-11-14,1417.5
2024-11-15,1403.8699951171875
2024-11-18,1392.43994140625
2024-11-19,1366.719970703125
2024-11-20,1384.5999755859375
2024-11-21,1397.6300048828125
2024-11-22,1401.5799560546875
2024-11-25,1406.199951171875
2024-11-26,1408.050048828125
2024-11-27,1403.6300048828125
2024-11-28,1403.8299560546875
2024-11-29,1393.489990234375
2024-12-02,1424.3299560546875
2024-12-03,1429.219970703125
2024-12-04,1436.7900390625
2024-12-05,1455.81005859375
2024-12-06,1456.52001953125
2024-12-09,1464.9599609375
2024-12-10,1458.81005859375
2024-12-11,1457.5999755859375
2024-12-12,1464.030029296875
2024-12-13,1469.3199462890625
2024-12-16,1464.47998046875
2024-12-17,1452.800048828125
2024-12-18,1455.6700439453125
2024-12-19,1456.280029296875
2024-12-20,1452.5
2024-12-23,1448.8599853515625
2024-12-27,1457.3800048828125
2024-12-30,1456.31005859375
2024-12-31,1469.6700439453125
2025-01-02,1480.97998046875
2025-01-03,1486.8299560546875
2025-01-07,1506.6099853515625
2025-01-08,1506.47998046875
2025-01-09,1510.9300537109375
2025-01-10,1503.72998046875
2025-01-13,1490.219970703125
2025-01-14,1493.1099853515625
2025-01-15,1503.1800537109375
2025-01-16,1506.8299560546875
2025-01-17,1524.6700439453125
2025-01-20,1530.8699951171875
2025-01-21,1539.47998046875
2025-01-22,1530.6800537109375
2025-01-23,1529.5699462890625
2025-01-24,1544.1300048828125
2025-01-27,1539.8800048828125
2025-01-28,1545.6199951171875
2025-01-29,1546.030029296875
2025-01-30,1550.719970703125
2025-01-31,1549.3199462890625
2025-02-03,1507.5
2025-02-04,1520.8199462890625
2025-02-05,1517.3499755859375
2025-02-06,1544.489990234375
2025-02-07,1557.8299560546875
2025-02-10,1551.9000244140625
2025-02-11,1548.9300537109375
2025-02-12,1562.0400390625
2025-02-13,1600.969970703125
2025-02-14,1604.2900390625
2025-02-17,1615.02001953125
2025-02-18,1625.4000244140625
2025-02-19,1613.780029296875
2025-02-20,1617.56005859375
2025-02-21,1618.1600341796875
2025-02-24,1603.9599609375
2025-02-25,1596.4100341796875
2025-02-26,1600.1700439453125
2025-02-27,1597.8499755859375
2025-02-28,1607.7900390625
2025-03-04,1602.1500244140625
2025-03-05,1630.3499755859375
2025-03-06,1625.5400390625
2025-03-07,1627.3599853515625
2025-03-10,1627.93994140625
2025-03-11,1624.3399658203125
2025-03-12,1666.2099609375
2025-03-13,1671.3499755859375
2025-03-14,1693.6099853515625
2025-03-17,1696.0999755859375
2025-03-18,1705.1600341796875
2025-03-19,1701.280029296875
2025-03-20,1702.8199462890625
2025-03-21,1697.1099853515625
2025-03-24,1726.52001953125
2025-03-26,1746.6700439453125
2025-03-27,1746.1800537109375
2025-03-28,1735.6800537109375
2025-03-31,1685.239990234375
2025-04-01,1698.3399658203125
2025-04-02,1708.8900146484375
2025-04-03,1678.699951171875
2025-04-04,1597.550048828125
2025-04-07,1478.9200439453125
2025-04-08,1570.530029296875
2025-04-09,1528.3399658203125
2025-04-10,1582.4000244140625
2025-04-11,1582.5899658203125
2025-04-14,1625.77001953125
2025-04-15,1656.47998046875
2025-04-16,1655.22998046875
2025-04-17,1642.1700439453125
2025-04-22,1672.1300048828125
2025-04-23,1704.469970703125
2025-04-24,1705.6300048828125
2025-04-25,1705.6099853515625
2025-04-28,1701.8399658203125
2025-04-29,1709.6300048828125
2025-04-30,1698.18994140625
2025-05-02,1726.1300048828125
2025-05-05,1731.3599853515625
2025-05-06,1716.219970703125
2025-05-07,1727.3199462890625
2025-05-08,1721.1600341796875
2025-05-09,1750.47998046875
2025-05-12,1774.9599609375
2025-05-13,1788.5699462890625
2025-05-14,1790.989990234375
2025-05-15,1785.8399658203125
2025-05-16,1804.06005859375
2025-05-19,1810.719970703125
2025-05-20,1827.510009765625
2025-05-21,1835.7900390625
2025-05-22,1828.31005859375
2025-05-23,1802.3399658203125
2025-05-26,1834.56005859375
2025-05-27,1850.1300048828125
2025-05-28,1876.4200439453125
2025-05-29,1859.1300048828125
2025-05-30,1831.1700439453125
2025-06-02,1822.0
2025-06-03,1824.47998046875
2025-06-04,1834.93994140625
2025-06-05,1839.219970703125
2025-06-06,1842.8299560546875
2025-06-10,1855.72998046875
2025-06-11,1867.239990234375
2025-06-12,1854.97998046875
2025-06-13,1835.4000244140625
2025-06-16,1834.4000244140625
2025-06-17,1816.68994140625
2025-06-18,1801.9300537109375
2025-06-19,1779.4300537109375
2025-06-20,1802.06005859375
2025-06-23,1818.8199462890625
2025-06-24,1867.5699462890625
2025-06-25,1871.219970703125
2025-06-26,1882.8299560546875
2025-06-27,1877.030029296875
2025-06-30,1868.02001953125
2025-07-01,1885.0400390625
2025-07-02,1893.969970703125
2025-07-03,1915.239990234375
2025-07-04,1918.0899658203125
2025-07-07,1919.219970703125
2025-07-08,1946.8800048828125
2025-07-09,1962.0400390625
2025-07-10,1968.739990234375
2025-07-11,1960.1700439453125
2025-07-14,1953.47998046875
2025-07-15,1960.9000244140625
2025-07-16,1958.56005859375
2025-07-17,1982.010009765625
2025-07-18,1985.52001953125
2025-07-21,1970.4100341796875
2025-07-22,1955.8299560546875
2025-07-23,1967.02001953125
2025-07-24,1970.239990234375
2025-07-25,1968.719970703125
2025-07-28,1950.1199951171875
2025-07-29,1975.56005859375
2025-07-30,1976.97998046875
2025-07-31,1994.6300048828125
2025-08-01,1960.06005859375
2025-08-04,2005.969970703125
2025-08-05,2034.6500244140625
2025-08-06,2039.3499755859375
2025-08-07,2067.409912109375
2025-08-08,2070.1298828125
2025-08-11,2106.239990234375
2025-08-12,2109.659912109375
2025-08-13,2123.7099609375
2025-08-14,2126.179931640625
2025-08-18,2092.320068359375
2025-08-19,2095.93994140625
2025-08-20,2097.219970703125
2025-08-21,2097.070068359375
2025-08-22,2103.929931640625
2025-08-25,2116.10009765625
2025-08-26,2076.570068359375
2025-08-27,2069.739990234375
2025-08-28,2043.27001953125
2025-08-29,2021.68994140625
2025-09-01,2031.3199462890625
2025-09-02,2001.8599853515625
2025-09-03,2032.1700439453125
2025-09-04,2032.510009765625
2025-09-05,2023.050048828125
2025-09-08,2017.43994140625
2025-09-09,2014.6500244140625
2025-09-10,2031.510009765625
2025-09-11,2040.300048828125
2025-09-12,2062.72998046875
2025-09-15,2057.56005859375
2025-09-16,2033.22998046875
2025-09-17,2019.260009765625
2025-09-18,2027.0400390625
2025-09-19,2030.4599609375
2025-09-22,2042.6300048828125
2025-09-23,2063.030029296875
2025-09-24,2065.360107421875
2025-09-25,2035.2099609375
2025-09-26,2031.81005859375
2025-09-29,2034.4599609375
2025-09-30,2034.219970703125
2025-10-01,2056.3798828125
2025-10-02,2057.260009765625
2025-10-03,2076.7099609375
2025-10-06,2053.080078125
2025-10-07,2069.60009765625
2025-10-08,2083.590087890625
2025-10-09,2098.050048828125
2025-10-10,2110.139892578125
2025-10-13,2087.169921875
2025-10-14,2056.860107421875
2025-10-15,2045.81005859375
2025-10-16,2013.760009765625
2025-10-17,1987.52001953125
2025-10-20,1996.22998046875
2025-10-21,2019.25
2025-10-22,2033.969970703125
2025-10-23,2038.3800048828125
2025-10-24,2011.4100341796875
2025-10-27,2002.9100341796875
2025-10-29,2025.4599609375
2025-10-30,2005.199951171875
2025-10-31,1995.199951171875
2025-11-03,2023.800048828125
2025-11-04,2013.5899658203125
2025-11-05,2014.469970703125
2025-11-06,1998.3800048828125
2025-11-07,1986.8900146484375
2025-11-10,2015.510009765625
2025-11-11,2024.43994140625
2025-11-12,2053.580078125
2025-11-13,2074.9599609375
2025-11-14,2059.389892578125
2025-11-17,2055.510009765625
2025-11-18,2012.510009765625
2025-11-19,2035.5699462890625
2025-11-20,2056.389892578125
2025-11-21,2061.68994140625
2025-11-24,2065.419921875
2025-11-25,2087.199951171875
2025-11-26,2106.89990234375
2025-11-27,2099.800048828125
2025-11-28,2083.14990234375
2025-12-01,2099.35009765625
2025-12-02,2107.8798828125
2025-12-03,2086.550048828125
2025-12-04,2090.639892578125
2025-12-05,2104.739990234375
2025-12-08,2108.300048828125
2025-12-09,2089.739990234375
2025-12-10,2088.610107421875
2025-12-11,2105.820068359375
2025-12-12,2104.2099609375
2025-12-15,2107.429931640625
2025-12-16,2086.5
2025-12-17,2083.489990234375
2025-12-18,2100.4599609375
2025-12-19,2112.4599609375
2025-12-22,2127.199951171875
2025-12-23,2127.7900390625
2025-12-29,2123.510009765625
2025-12-30,2120.820068359375
2025-12-31,2120.7099609375
2026-01-02,2158.0400390625
2026-01-05,2154.39990234375
2026-01-07,2163.8798828125
2026-01-08,2204.239990234375
2026-01-09,2207.72998046875
2026-01-12,2210.85009765625
2026-01-13,2206.300048828125
2026-01-14,2219.320068359375
2026-01-15,2247.68994140625
2026-01-16,2245.610107421875
2026-01-19,2256.320068359375
2026-01-20,2216.52001953125
2026-01-21,2228.169921875
2026-01-22,2276.280029296875
2026-01-23,2265.1298828125
2026-01-26,2279.699951171875
2026-01-27,2313.6201171875
2026-01-28,2347.22998046875
2026-01-29,2334.659912109375
2026-01-30,2314.8798828125
2026-02-02,2346.719970703125
2026-02-03,2370.1298828125
2026-02-04,2407.070068359375
2026-02-05,2366.47998046875
2026-02-06,2362.35009765625
2026-02-09,2328.4599609375
2026-02-10,2345.340087890625
2026-02-11,2345.7099609375
2026-02-12,2355.300048828125
2026-02-13,2288.830078125
2026-02-16,2279.10009765625
2026-02-17,2253.06005859375
2026-02-18,2327.43994140625
2026-02-19,2275.699951171875
2026-02-20,2273.72998046875
2026-02-24,2259.1298828125
2026-02-25,2283.72998046875
2026-02-26,2304.139892578125
2026-02-27,2277.60009765625
2026-03-02,2200.97998046875
2026-03-03,2074.419921875
2026-03-04,2160.800048828125
2026-03-05,2171.8701171875
2026-03-06,2122.60009765625
2026-03-09,2102.610107421875
2026-03-10,2178.760009765625
2026-03-11,2183.43994140625
2026-03-12,2130.3701171875
2026-03-13,2132.56005859375
2026-03-16,2138.139892578125
2026-03-17,2143.169921875
2026-03-18,2129.820068359375
2026-03-19,2077.14990234375
2026-03-20,2064.77001953125
2026-03-23,2101.570068359375
2026-03-24,2058.02001953125
2026-03-26,2059.969970703125
2026-03-27,2024.3699951171875
2026-03-30,2006.9300537109375
2026-03-31,2065.0400390625
2026-04-01,2130.06005859375
2026-04-02,2118.27001953125
2026-04-07,2144.7099609375
2026-04-08,2285.919921875
2026-04-09,2225.739990234375
2026-04-14,2270.389892578125
2026-04-15,2289.43994140625
2026-04-16,2274.97998046875
2026-04-17,2309.10009765625
2026-04-20,2259.72998046875
2026-04-21,2260.669921875
2026-04-22,2229.590087890625
2026-04-23,2234.679931640625
2026-04-24,2220.02001953125
2026-04-27,2222.0400390625
2026-04-28,2203.090087890625
2026-04-29,2200.68994140625
2026-04-30,2188.679931640625
2026-05-04,2205.0400390625
2026-05-05,2229.18994140625
2026-05-06,2299.8701171875
2026-05-07,2305.739990234375
2026-05-08,2280.090087890625
2026-05-11,2295.320068359375
2026-05-12,2266.419921875
2026-05-13,2267.449951171875
2026-05-14,2298.840087890625
2026-05-15,2246.820068359375
2026-05-18,2236.239990234375
2026-05-19,2211.199951171875
2026-05-20,2220.010009765625
2026-05-21,2266.090087890625
2026-05-22,2271.719970703125
2026-05-25,2318.72998046875
2026-05-26,2347.550048828125
2026-05-27,2370.0400390625
2026-05-28,2348.449951171875
2026-05-29,2372.699951171875
2026-06-02,2374.47998046875
2026-06-03,2352.75
2026-06-04,2340.489990234375
2026-06-05,2355.669921875
2026-06-08,2352.5400390625
2026-06-09,2385.6298828125
2026-06-10,2373.2099609375
2026-06-11,2383.02001953125
