date,price
1991-04-09,1201.699951171875
1991-04-10,1197.5999755859375
1991-04-11,1198.9000244140625
1991-04-12,1206.5999755859375
1991-04-15,1208.0999755859375
1991-04-16,1209.4000244140625
1991-04-17,1212.199951171875
1991-04-18,1211.4000244140625
1991-04-19,1210.800048828125
1991-04-22,1203.300048828125
1991-04-23,1209.0
1991-04-24,1208.5
1991-04-25,1208.9000244140625
1991-04-26,1202.9000244140625
1991-04-29,1199.0
1991-04-30,1188.4000244140625
1991-05-02,1192.5
1991-05-03,1185.0999755859375
1991-05-06,1177.300048828125
1991-05-07,1176.0
1991-05-08,1174.699951171875
1991-05-13,1179.4000244140625
1991-05-14,1181.800048828125
1991-05-15,1178.199951171875
1991-05-16,1175.5
1991-05-17,1171.800048828125
1991-05-21,1171.0999755859375
1991-05-22,1172.300048828125
1991-05-23,1167.800048828125
1991-05-24,1166.5999755859375
1991-05-27,1163.9000244140625
1991-05-28,1158.9000244140625
1991-05-29,1163.199951171875
1991-05-30,1163.800048828125
1991-05-31,1171.699951171875
1991-06-03,1175.9000244140625
1991-06-04,1176.800048828125
1991-06-05,1181.4000244140625
1991-06-06,1186.5999755859375
1991-06-07,1184.300048828125
1991-06-10,1178.800048828125
1991-06-11,1181.300048828125
1991-06-12,1181.0999755859375
1991-06-13,1180.800048828125
1991-06-14,1186.0
1991-06-17,1184.300048828125
1991-06-18,1180.5999755859375
1991-06-19,1171.800048828125
1991-06-20,1169.0999755859375
1991-06-21,1166.300048828125
1991-06-24,1159.199951171875
1991-06-25,1155.9000244140625
1991-06-26,1160.300048828125
1991-06-27,1159.9000244140625
1991-06-28,1162.5
1991-07-01,1160.300048828125
1991-07-02,1158.4000244140625
1991-07-03,1152.5999755859375
1991-07-04,1155.0
1991-07-05,1150.199951171875
1991-07-08,1142.0
1991-07-09,1146.5999755859375
1991-07-10,1147.4000244140625
1991-07-11,1148.9000244140625
1991-07-12,1150.199951171875
1991-07-15,1146.800048828125
1991-07-16,1146.5
1991-07-17,1143.300048828125
1991-07-18,1140.0999755859375
1991-07-19,1139.300048828125
1991-07-23,1135.9000244140625
1991-07-24,1134.0999755859375
1991-07-25,1129.0
1991-07-26,1126.9000244140625
1991-07-29,1124.199951171875
1991-07-30,1129.800048828125
1991-07-31,1139.699951171875
1991-08-01,1141.699951171875
1991-08-02,1146.199951171875
1991-08-05,1147.199951171875
1991-08-06,1147.300048828125
1991-08-07,1151.300048828125
1991-08-08,1147.4000244140625
1991-08-09,1148.800048828125
1991-08-12,1142.5
1991-08-13,1140.5999755859375
1991-08-14,1142.5
1991-08-16,1143.699951171875
1991-08-19,1073.9000244140625
1991-08-20,1102.0
1991-08-21,1125.0
1991-08-22,1123.5
1991-08-23,1120.5
1991-08-26,1122.0
1991-08-27,1124.0
1991-08-28,1120.4000244140625
1991-08-29,1121.5999755859375
1991-08-30,1128.9000244140625
1991-09-02,1132.300048828125
1991-09-03,1140.0
1991-09-04,1144.0999755859375
1991-09-05,1140.0999755859375
1991-09-06,1135.300048828125
1991-09-09,1130.199951171875
1991-09-10,1123.5
1991-09-11,1120.0999755859375
1991-09-12,1115.199951171875
1991-09-13,1119.300048828125
1991-09-16,1112.800048828125
1991-09-17,1111.5
1991-09-18,1106.0
1991-09-19,1113.4000244140625
1991-09-20,1113.699951171875
1991-09-23,1105.5
1991-09-24,1095.300048828125
1991-09-25,1089.0
1991-09-26,1086.0999755859375
1991-09-27,1087.0
1991-09-30,1089.0
1991-10-01,1089.800048828125
1991-10-02,1089.300048828125
1991-10-03,1107.0999755859375
1991-10-04,1102.4000244140625
1991-10-07,1101.0
1991-10-08,1100.300048828125
1991-10-09,1099.4000244140625
1991-10-10,1104.199951171875
1991-10-11,1109.5999755859375
1991-10-14,1104.800048828125
1991-10-15,1106.5
1991-10-16,1105.5999755859375
1991-10-17,1107.4000244140625
1991-10-18,1103.800048828125
1991-10-21,1101.5999755859375
1991-10-22,1103.800048828125
1991-10-23,1104.4000244140625
1991-10-24,1105.0
1991-10-25,1104.4000244140625
1991-10-28,1104.300048828125
1991-10-29,1104.5
1991-10-30,1102.199951171875
1991-10-31,1101.0
1991-11-04,1098.199951171875
1991-11-05,1104.5999755859375
1991-11-06,1104.4000244140625
1991-11-07,1102.9000244140625
1991-11-08,1104.4000244140625
1991-11-12,1105.800048828125
1991-11-13,1107.9000244140625
1991-11-14,1108.5999755859375
1991-11-15,1108.9000244140625
1991-11-18,1100.5
1991-11-19,1099.0
1991-11-20,1098.5999755859375
1991-11-21,1091.9000244140625
1991-11-22,1096.0
1991-11-25,1070.0999755859375
1991-11-26,1080.699951171875
1991-11-27,1076.5999755859375
1991-11-28,1070.800048828125
1991-11-29,1069.0999755859375
1991-12-02,1059.4000244140625
1991-12-03,1067.4000244140625
1991-12-04,1077.5999755859375
1991-12-05,1069.5
1991-12-06,1066.0999755859375
1991-12-10,1058.5
1991-12-11,1061.5
1991-12-12,1066.5999755859375
1991-12-13,1081.5999755859375
1991-12-16,1076.5999755859375
1991-12-17,1076.0999755859375
1991-12-18,1072.5999755859375
1991-12-19,1069.9000244140625
1991-12-20,1072.0999755859375
1991-12-23,1071.4000244140625
1991-12-24,1079.699951171875
1991-12-27,1082.9000244140625
1991-12-30,1092.699951171875
1992-01-02,1108.5
1992-01-03,1103.0999755859375
1992-01-06,1104.5
1992-01-07,1106.0
1992-01-08,1109.699951171875
1992-01-09,1107.9000244140625
1992-01-10,1107.0
1992-01-13,1107.800048828125
1992-01-14,1114.9000244140625
1992-01-15,1149.199951171875
1992-01-16,1148.9000244140625
1992-01-17,1156.5
1992-01-20,1161.800048828125
1992-01-21,1181.699951171875
1992-01-22,1176.800048828125
1992-01-23,1183.5999755859375
1992-01-24,1178.199951171875
1992-01-27,1183.300048828125
1992-01-28,1183.800048828125
1992-01-29,1181.800048828125
1992-01-30,1176.5
1992-01-31,1180.199951171875
1992-02-03,1177.800048828125
1992-02-04,1170.5999755859375
1992-02-05,1170.800048828125
1992-02-06,1172.800048828125
1992-02-07,1170.699951171875
1992-02-10,1167.5999755859375
1992-02-11,1164.0
1992-02-12,1160.4000244140625
1992-02-13,1166.0
1992-02-14,1158.4000244140625
1992-02-17,1164.800048828125
1992-02-18,1170.0999755859375
1992-02-19,1164.699951171875
1992-02-20,1174.0
1992-02-21,1182.5
1992-02-24,1197.0
1992-02-25,1193.5999755859375
1992-02-26,1198.0
1992-02-27,1205.9000244140625
1992-02-28,1210.5999755859375
1992-03-02,1229.199951171875
1992-03-03,1234.699951171875
1992-03-04,1233.300048828125
1992-03-05,1222.5999755859375
1992-03-06,1215.0
1992-03-09,1201.800048828125
1992-03-10,1209.300048828125
1992-03-11,1207.0999755859375
1992-03-12,1204.9000244140625
1992-03-13,1212.4000244140625
1992-03-16,1208.800048828125
1992-03-17,1209.800048828125
1992-03-18,1208.0999755859375
1992-03-19,1204.5
1992-03-20,1200.9000244140625
1992-03-23,1197.0
1992-03-24,1189.800048828125
1992-03-25,1193.4000244140625
1992-03-26,1190.5999755859375
1992-03-27,1187.0999755859375
1992-03-30,1187.9000244140625
1992-03-31,1193.0
1992-04-01,1189.5
1992-04-02,1193.0
1992-04-03,1188.5999755859375
1992-04-06,1187.699951171875
1992-04-07,1188.300048828125
1992-04-08,1170.5
1992-04-09,1165.5999755859375
1992-04-10,1178.800048828125
1992-04-13,1178.9000244140625
1992-04-14,1184.199951171875
1992-04-15,1191.5999755859375
1992-04-16,1196.199951171875
1992-04-21,1195.4000244140625
1992-04-22,1199.199951171875
1992-04-23,1205.4000244140625
1992-04-24,1221.5999755859375
1992-04-27,1210.4000244140625
1992-04-28,1206.300048828125
1992-04-29,1206.699951171875
1992-04-30,1192.800048828125
1992-05-04,1194.4000244140625
1992-05-05,1199.300048828125
1992-05-06,1198.300048828125
1992-05-07,1211.4000244140625
1992-05-08,1219.0
1992-05-11,1225.5999755859375
1992-05-12,1224.9000244140625
1992-05-13,1221.699951171875
1992-05-14,1215.0999755859375
1992-05-15,1206.0999755859375
1992-05-18,1225.199951171875
1992-05-19,1220.0999755859375
1992-05-20,1224.199951171875
1992-05-21,1213.9000244140625
1992-05-22,1215.300048828125
1992-05-26,1227.800048828125
1992-05-27,1230.800048828125
1992-06-01,1232.800048828125
1992-06-02,1235.4000244140625
1992-06-03,1231.199951171875
1992-06-04,1224.0999755859375
1992-06-05,1225.5
1992-06-09,1223.9000244140625
1992-06-10,1219.800048828125
1992-06-11,1209.5999755859375
1992-06-12,1211.300048828125
1992-06-15,1205.199951171875
1992-06-16,1202.4000244140625
1992-06-17,1190.0
1992-06-18,1176.300048828125
1992-06-19,1182.0
1992-06-22,1172.5
1992-06-23,1173.5
1992-06-24,1171.5
1992-06-25,1172.699951171875
1992-06-26,1166.699951171875
1992-06-29,1165.300048828125
1992-06-30,1162.800048828125
1992-07-01,1162.800048828125
1992-07-02,1170.300048828125
1992-07-03,1174.800048828125
1992-07-06,1174.0999755859375
1992-07-07,1170.4000244140625
1992-07-08,1164.699951171875
1992-07-09,1168.0999755859375
1992-07-10,1171.699951171875
1992-07-13,1166.199951171875
1992-07-14,1165.199951171875
1992-07-15,1171.9000244140625
1992-07-16,1173.199951171875
1992-07-17,1170.800048828125
1992-07-22,1145.4000244140625
1992-07-23,1139.9000244140625
1992-07-24,1134.0999755859375
1992-07-27,1130.4000244140625
1992-07-28,1129.4000244140625
1992-07-29,1137.0
1992-07-30,1141.199951171875
1992-07-31,1145.300048828125
1992-08-03,1137.800048828125
1992-08-04,1136.300048828125
1992-08-05,1138.800048828125
1992-08-06,1143.199951171875
1992-08-07,1133.300048828125
1992-08-10,1125.4000244140625
1992-08-11,1114.800048828125
1992-08-12,1092.5
1992-08-13,1090.300048828125
1992-08-14,1093.5
1992-08-18,1092.699951171875
1992-08-19,1098.699951171875
1992-08-20,1103.0
1992-08-21,1113.4000244140625
1992-08-24,1085.0999755859375
1992-08-25,1068.4000244140625
1992-08-26,1056.5
1992-08-27,1059.0
1992-08-28,1062.0999755859375
1992-08-31,1057.300048828125
1992-09-01,1050.0999755859375
1992-09-02,1046.0999755859375
1992-09-03,1066.9000244140625
1992-09-04,1070.4000244140625
1992-09-07,1066.800048828125
1992-09-08,1068.699951171875
1992-09-09,1066.0999755859375
1992-09-10,1073.199951171875
1992-09-11,1079.5999755859375
1992-09-14,1120.300048828125
1992-09-15,1108.0
1992-09-16,1110.5999755859375
1992-09-17,1131.5999755859375
1992-09-18,1130.199951171875
1992-09-21,1123.9000244140625
1992-09-22,1114.5
1992-09-23,1112.300048828125
1992-09-24,1121.5999755859375
1992-09-25,1118.0999755859375
1992-09-28,1109.0999755859375
1992-09-29,1107.199951171875
1992-09-30,1109.199951171875
1992-10-01,1109.199951171875
1992-10-02,1099.800048828125
1992-10-05,1063.199951171875
1992-10-06,1068.800048828125
1992-10-07,1077.199951171875
1992-10-08,1089.300048828125
1992-10-09,1094.9000244140625
1992-10-12,1092.5
1992-10-13,1099.800048828125
1992-10-14,1096.4000244140625
1992-10-15,1091.800048828125
1992-10-16,1094.5
1992-10-19,1091.0999755859375
1992-10-20,1105.199951171875
1992-10-21,1118.199951171875
1992-10-22,1121.800048828125
1992-10-23,1133.0
1992-10-26,1134.800048828125
1992-10-27,1130.0
1992-10-28,1135.199951171875
1992-10-29,1137.4000244140625
1992-10-30,1140.0
1992-11-03,1156.199951171875
1992-11-04,1155.9000244140625
1992-11-05,1146.199951171875
1992-11-06,1134.5
1992-11-09,1133.5999755859375
1992-11-10,1135.4000244140625
1992-11-12,1142.800048828125
1992-11-13,1138.5
1992-11-16,1135.800048828125
1992-11-17,1141.4000244140625
1992-11-18,1138.199951171875
1992-11-19,1135.199951171875
1992-11-20,1142.800048828125
1992-11-23,1137.199951171875
1992-11-24,1131.199951171875
1992-11-25,1130.199951171875
1992-11-26,1129.5999755859375
1992-11-27,1125.5999755859375
1992-11-30,1128.0999755859375
1992-12-01,1126.300048828125
1992-12-02,1116.199951171875
1992-12-03,1127.199951171875
1992-12-07,1129.699951171875
1992-12-08,1130.0
1992-12-09,1130.0
1992-12-10,1124.5999755859375
1992-12-11,1116.5999755859375
1992-12-14,1112.699951171875
1992-12-15,1101.0999755859375
1992-12-16,1106.4000244140625
1992-12-17,1106.0
1992-12-18,1116.9000244140625
1992-12-21,1127.199951171875
1992-12-22,1141.5999755859375
1992-12-23,1135.699951171875
1992-12-24,1137.5999755859375
1992-12-28,1133.0
1992-12-29,1128.199951171875
1992-12-30,1127.0999755859375
1993-01-04,1125.5
1993-01-05,1138.0999755859375
1993-01-06,1132.199951171875
1993-01-07,1133.9000244140625
1993-01-08,1144.0
1993-01-11,1144.0999755859375
1993-01-12,1146.0
1993-01-13,1149.0
1993-01-14,1151.199951171875
1993-01-15,1144.5999755859375
1993-01-18,1140.5999755859375
1993-01-19,1145.699951171875
1993-01-20,1150.699951171875
1993-01-21,1164.4000244140625
1993-01-22,1172.300048828125
1993-01-25,1169.5
1993-01-26,1178.300048828125
1993-01-27,1178.5
1993-01-28,1180.9000244140625
1993-01-29,1188.300048828125
1993-02-01,1207.699951171875
1993-02-02,1208.5999755859375
1993-02-03,1212.9000244140625
1993-02-04,1220.199951171875
1993-02-05,1226.9000244140625
1993-02-08,1220.5
1993-02-09,1213.9000244140625
1993-02-10,1213.9000244140625
1993-02-11,1215.4000244140625
1993-02-12,1212.5
1993-02-15,1211.0999755859375
1993-02-16,1207.5999755859375
1993-02-17,1202.5999755859375
1993-02-18,1209.0999755859375
1993-02-19,1212.9000244140625
1993-02-22,1210.9000244140625
1993-02-23,1210.300048828125
1993-02-24,1206.4000244140625
1993-02-25,1206.4000244140625
1993-02-26,1207.5
1993-03-01,1210.800048828125
1993-03-02,1209.300048828125
1993-03-03,1209.5
1993-03-04,1204.699951171875
1993-03-05,1220.199951171875
1993-03-08,1227.9000244140625
1993-03-09,1236.0999755859375
1993-03-10,1247.699951171875
1993-03-11,1246.0
1993-03-12,1238.800048828125
1993-03-15,1241.199951171875
1993-03-16,1245.4000244140625
1993-03-17,1248.0
1993-03-18,1250.300048828125
1993-03-19,1254.0
1993-03-22,1240.0
1993-03-23,1256.300048828125
1993-03-24,1246.9000244140625
1993-03-25,1247.199951171875
1993-03-26,1253.699951171875
1993-03-29,1255.4000244140625
1993-03-30,1255.300048828125
1993-03-31,1262.199951171875
1993-04-01,1261.699951171875
1993-04-02,1265.9000244140625
1993-04-05,1256.0
1993-04-06,1266.800048828125
1993-04-07,1269.0999755859375
1993-04-08,1265.0999755859375
1993-04-09,1260.5
1993-04-13,1261.800048828125
1993-04-14,1258.800048828125
1993-04-15,1258.9000244140625
1993-04-16,1254.0999755859375
1993-04-19,1253.199951171875
1993-04-20,1251.9000244140625
1993-04-21,1247.199951171875
1993-04-22,1241.9000244140625
1993-04-23,1223.9000244140625
1993-04-26,1210.5
1993-04-27,1205.9000244140625
1993-04-28,1205.699951171875
1993-04-29,1194.0
1993-04-30,1197.5
1993-05-03,1189.5
1993-05-04,1181.5999755859375
1993-05-05,1176.9000244140625
1993-05-06,1189.4000244140625
1993-05-07,1182.9000244140625
1993-05-10,1187.5999755859375
1993-05-11,1190.800048828125
1993-05-12,1201.0
1993-05-13,1219.800048828125
1993-05-14,1215.0
1993-05-17,1212.5
1993-05-18,1212.4000244140625
1993-05-19,1213.199951171875
1993-05-24,1204.699951171875
1993-05-25,1190.9000244140625
1993-05-26,1195.4000244140625
1993-05-27,1197.9000244140625
1993-05-28,1196.9000244140625
1993-06-01,1192.800048828125
1993-06-02,1182.699951171875
1993-06-03,1188.0
1993-06-04,1184.300048828125
1993-06-07,1186.5
1993-06-08,1197.4000244140625
1993-06-09,1207.4000244140625
1993-06-10,1212.9000244140625
1993-06-11,1213.5999755859375
1993-06-14,1224.4000244140625
1993-06-15,1223.199951171875
1993-06-16,1236.5
1993-06-17,1238.699951171875
1993-06-18,1243.5999755859375
1993-06-21,1243.0
1993-06-22,1249.5
1993-06-23,1253.699951171875
1993-06-24,1255.0999755859375
1993-06-25,1265.5
1993-06-28,1268.4000244140625
1993-06-29,1269.0999755859375
1993-06-30,1279.5
1993-07-01,1292.4000244140625
1993-07-02,1282.300048828125
1993-07-05,1278.0
1993-07-06,1275.699951171875
1993-07-07,1276.300048828125
1993-07-08,1285.199951171875
1993-07-09,1301.5999755859375
1993-07-12,1318.300048828125
1993-07-13,1328.5
1993-07-14,1328.0999755859375
1993-07-15,1331.5
1993-07-16,1327.5
1993-07-19,1319.5
1993-07-20,1313.199951171875
1993-07-22,1301.699951171875
1993-07-23,1307.0
1993-07-26,1307.199951171875
1993-07-27,1301.5
1993-07-28,1301.699951171875
1993-07-29,1300.0999755859375
1993-07-30,1326.4000244140625
1993-08-02,1344.5999755859375
1993-08-03,1342.5
1993-08-04,1331.4000244140625
1993-08-05,1323.5
1993-08-06,1342.699951171875
1993-08-09,1343.0999755859375
1993-08-10,1336.9000244140625
1993-08-11,1349.9000244140625
1993-08-12,1365.699951171875
1993-08-13,1358.0999755859375
1993-08-17,1357.5999755859375
1993-08-18,1360.5999755859375
1993-08-19,1355.0999755859375
1993-08-20,1346.699951171875
1993-08-23,1343.199951171875
1993-08-24,1337.0999755859375
1993-08-25,1335.4000244140625
1993-08-26,1325.4000244140625
1993-08-27,1315.0999755859375
1993-08-30,1306.300048828125
1993-08-31,1306.800048828125
1993-09-01,1317.4000244140625
1993-09-02,1315.5
1993-09-03,1350.5999755859375
1993-09-06,1341.5
1993-09-07,1333.5999755859375
1993-09-08,1323.9000244140625
1993-09-09,1323.9000244140625
1993-09-10,1320.699951171875
1993-09-13,1324.199951171875
1993-09-14,1316.5
1993-09-15,1317.5999755859375
1993-09-16,1308.0
1993-09-17,1301.699951171875
1993-09-20,1290.800048828125
1993-09-21,1285.699951171875
1993-09-22,1278.5
1993-09-23,1278.5999755859375
1993-09-24,1273.699951171875
1993-09-27,1282.0
1993-09-28,1288.0
1993-09-29,1288.800048828125
1993-09-30,1300.0999755859375
1993-10-01,1313.800048828125
1993-10-04,1305.9000244140625
1993-10-05,1323.5
1993-10-06,1331.699951171875
1993-10-07,1332.5999755859375
1993-10-08,1347.0999755859375
1993-10-11,1350.0
1993-10-12,1349.4000244140625
1993-10-13,1348.5
1993-10-14,1362.699951171875
1993-10-15,1370.9000244140625
1993-10-18,1381.0999755859375
1993-10-19,1375.9000244140625
1993-10-20,1373.199951171875
1993-10-21,1373.0999755859375
1993-10-22,1373.699951171875
1993-10-25,1374.5
1993-10-26,1372.0999755859375
1993-10-27,1370.5
1993-10-28,1375.5999755859375
1993-10-29,1381.4000244140625
1993-11-02,1385.699951171875
1993-11-03,1388.9000244140625
1993-11-04,1392.0
1993-11-05,1372.199951171875
1993-11-08,1361.800048828125
1993-11-09,1368.0
1993-11-10,1367.300048828125
1993-11-12,1369.5
1993-11-15,1376.300048828125
1993-11-16,1375.9000244140625
1993-11-17,1397.800048828125
1993-11-18,1408.800048828125
1993-11-19,1405.800048828125
1993-11-22,1376.800048828125
1993-11-23,1387.300048828125
1993-11-24,1384.0999755859375
1993-11-25,1395.9000244140625
1993-11-26,1392.199951171875
1993-11-29,1387.300048828125
1993-11-30,1388.699951171875
1993-12-01,1401.800048828125
1993-12-02,1407.800048828125
1993-12-03,1423.699951171875
1993-12-06,1438.4000244140625
1993-12-07,1430.5
1993-12-08,1433.800048828125
1993-12-09,1432.0999755859375
1993-12-10,1428.800048828125
1993-12-13,1431.4000244140625
1993-12-14,1428.0999755859375
1993-12-15,1426.5999755859375
1993-12-16,1421.0
1993-12-17,1421.699951171875
1993-12-20,1423.5
1993-12-21,1433.5999755859375
1993-12-22,1442.4000244140625
1993-12-23,1455.0999755859375
1993-12-24,1462.4000244140625
1993-12-28,1473.5
1993-12-29,1470.699951171875
1993-12-30,1473.0999755859375
1994-01-03,1481.800048828125
1994-01-04,1475.9000244140625
1994-01-05,1485.0
1994-01-06,1489.4000244140625
1994-01-07,1498.199951171875
1994-01-10,1496.199951171875
1994-01-11,1495.0
1994-01-12,1489.9000244140625
1994-01-13,1473.300048828125
1994-01-14,1471.5
1994-01-17,1476.0999755859375
1994-01-18,1490.199951171875
1994-01-19,1509.699951171875
1994-01-20,1501.0999755859375
1994-01-21,1492.4000244140625
1994-01-24,1490.699951171875
1994-01-25,1499.9000244140625
1994-01-26,1508.5999755859375
1994-01-27,1514.5999755859375
1994-01-28,1516.800048828125
1994-01-31,1529.4000244140625
1994-02-01,1528.5999755859375
1994-02-02,1522.0999755859375
1994-02-03,1520.4000244140625
1994-02-04,1528.800048828125
1994-02-07,1527.0999755859375
1994-02-08,1535.5999755859375
1994-02-09,1542.699951171875
1994-02-10,1535.5999755859375
1994-02-11,1527.5
1994-02-14,1519.5999755859375
1994-02-15,1523.199951171875
1994-02-16,1522.699951171875
1994-02-17,1526.5
1994-02-18,1526.199951171875
1994-02-21,1512.5999755859375
1994-02-22,1504.5
1994-02-23,1511.5999755859375
1994-02-24,1495.699951171875
1994-02-25,1501.800048828125
1994-02-28,1515.800048828125
1994-03-01,1516.9000244140625
1994-03-02,1479.9000244140625
1994-03-03,1479.5
1994-03-04,1489.300048828125
1994-03-07,1508.300048828125
1994-03-08,1510.0
1994-03-09,1512.5999755859375
1994-03-10,1515.699951171875
1994-03-11,1510.4000244140625
1994-03-14,1514.300048828125
1994-03-15,1514.0999755859375
1994-03-16,1512.4000244140625
1994-03-17,1518.0999755859375
1994-03-18,1511.699951171875
1994-03-21,1504.4000244140625
1994-03-22,1502.5999755859375
1994-03-23,1505.5
1994-03-24,1494.5
1994-03-25,1481.800048828125
1994-03-28,1481.5
1994-03-29,1480.699951171875
1994-03-30,1462.800048828125
1994-03-31,1464.5
1994-04-05,1466.0
1994-04-06,1468.0999755859375
1994-04-07,1469.0999755859375
1994-04-08,1481.699951171875
1994-04-11,1486.9000244140625
1994-04-12,1491.699951171875
1994-04-13,1488.9000244140625
1994-04-14,1483.5
1994-04-15,1485.199951171875
1994-04-18,1488.5999755859375
1994-04-19,1477.199951171875
1994-04-20,1476.5
1994-04-21,1476.5
1994-04-22,1495.699951171875
1994-04-25,1491.5
1994-04-26,1498.800048828125
1994-04-27,1514.800048828125
1994-04-28,1523.5
1994-04-29,1522.0
1994-05-03,1539.4000244140625
1994-05-04,1540.199951171875
1994-05-05,1534.0
1994-05-06,1527.9000244140625
1994-05-09,1529.4000244140625
1994-05-10,1528.9000244140625
1994-05-11,1533.5
1994-05-16,1537.800048828125
1994-05-17,1536.300048828125
1994-05-18,1539.699951171875
1994-05-19,1532.4000244140625
1994-05-20,1539.0
1994-05-24,1532.5999755859375
1994-05-25,1509.300048828125
1994-05-26,1504.5999755859375
1994-05-27,1491.9000244140625
1994-05-30,1491.4000244140625
1994-05-31,1488.9000244140625
1994-06-01,1462.9000244140625
1994-06-02,1471.699951171875
1994-06-03,1457.5999755859375
1994-06-06,1466.300048828125
1994-06-07,1456.5
1994-06-08,1472.0999755859375
1994-06-09,1470.5
1994-06-10,1468.9000244140625
1994-06-13,1464.9000244140625
1994-06-14,1460.4000244140625
1994-06-15,1461.800048828125
1994-06-16,1451.5999755859375
1994-06-17,1445.800048828125
1994-06-20,1420.300048828125
1994-06-21,1409.0
1994-06-22,1405.199951171875
1994-06-23,1409.0999755859375
1994-06-24,1409.199951171875
1994-06-27,1398.199951171875
1994-06-28,1404.300048828125
1994-06-29,1410.800048828125
1994-06-30,1410.5
1994-07-01,1402.0999755859375
1994-07-04,1432.699951171875
1994-07-05,1417.0
1994-07-06,1406.199951171875
1994-07-07,1412.4000244140625
1994-07-08,1406.5
1994-07-11,1408.199951171875
1994-07-12,1395.0
1994-07-13,1394.0
1994-07-14,1404.0999755859375
1994-07-15,1416.0
1994-07-18,1415.699951171875
1994-07-19,1424.800048828125
1994-07-20,1428.5
1994-07-22,1433.0999755859375
1994-07-25,1445.800048828125
1994-07-26,1451.9000244140625
1994-07-27,1450.5
1994-07-28,1451.4000244140625
1994-07-29,1461.0
1994-08-01,1463.699951171875
1994-08-02,1480.5999755859375
1994-08-03,1479.699951171875
1994-08-04,1483.699951171875
1994-08-05,1484.9000244140625
1994-08-08,1485.800048828125
1994-08-09,1475.300048828125
1994-08-10,1469.5999755859375
1994-08-11,1466.5
1994-08-12,1456.0
1994-08-16,1456.4000244140625
1994-08-17,1460.5999755859375
1994-08-18,1449.5
1994-08-19,1447.199951171875
1994-08-22,1439.199951171875
1994-08-23,1450.800048828125
1994-08-24,1456.9000244140625
1994-08-25,1460.199951171875
1994-08-26,1463.800048828125
1994-08-29,1479.800048828125
1994-08-30,1479.0
1994-08-31,1481.5
1994-09-01,1479.0
1994-09-02,1482.699951171875
1994-09-05,1472.5999755859375
1994-09-06,1464.800048828125
1994-09-07,1462.300048828125
1994-09-08,1459.699951171875
1994-09-09,1454.0
1994-09-12,1447.5999755859375
1994-09-13,1438.300048828125
1994-09-14,1421.800048828125
1994-09-15,1427.800048828125
1994-09-16,1423.0
1994-09-19,1416.699951171875
1994-09-20,1403.0999755859375
1994-09-21,1397.5
1994-09-22,1396.800048828125
1994-09-23,1397.5999755859375
1994-09-26,1385.800048828125
1994-09-27,1385.0
1994-09-28,1398.5
1994-09-29,1377.300048828125
1994-09-30,1376.0999755859375
1994-10-03,1367.5
1994-10-04,1367.5999755859375
1994-10-05,1338.300048828125
1994-10-06,1338.0999755859375
1994-10-07,1336.4000244140625
1994-10-10,1351.300048828125
1994-10-11,1365.199951171875
1994-10-12,1365.5
1994-10-13,1379.699951171875
1994-10-14,1374.0
1994-10-17,1381.300048828125
1994-10-18,1382.699951171875
1994-10-19,1378.4000244140625
1994-10-20,1372.9000244140625
1994-10-21,1363.0
1994-10-24,1364.300048828125
1994-10-25,1348.300048828125
1994-10-26,1354.0
1994-10-27,1357.0999755859375
1994-10-28,1371.699951171875
1994-10-31,1375.300048828125
1994-11-02,1365.4000244140625
1994-11-03,1381.300048828125
1994-11-04,1383.699951171875
1994-11-07,1379.699951171875
1994-11-08,1377.5999755859375
1994-11-09,1388.300048828125
1994-11-10,1388.0
1994-11-14,1387.300048828125
1994-11-15,1391.5999755859375
1994-11-16,1393.300048828125
1994-11-17,1389.300048828125
1994-11-18,1391.5
1994-11-21,1397.0999755859375
1994-11-22,1391.0999755859375
1994-11-23,1384.0999755859375
1994-11-24,1393.0
1994-11-25,1397.0
1994-11-28,1406.5
1994-11-29,1402.199951171875
1994-11-30,1409.5999755859375
1994-12-01,1406.300048828125
1994-12-02,1409.0
1994-12-05,1413.5999755859375
1994-12-06,1406.300048828125
1994-12-07,1405.199951171875
1994-12-08,1398.0999755859375
1994-12-09,1389.4000244140625
1994-12-12,1384.5
1994-12-13,1380.300048828125
1994-12-14,1385.9000244140625
1994-12-15,1383.800048828125
1994-12-16,1394.4000244140625
1994-12-19,1393.800048828125
1994-12-20,1387.4000244140625
1994-12-21,1387.199951171875
1994-12-22,1399.4000244140625
1994-12-23,1404.300048828125
1994-12-27,1405.800048828125
1994-12-28,1399.699951171875
1994-12-29,1389.5999755859375
1995-01-03,1382.4000244140625
1995-01-04,1388.199951171875
1995-01-05,1382.9000244140625
1995-01-06,1391.199951171875
1995-01-09,1390.5
1995-01-10,1383.9000244140625
1995-01-11,1378.5999755859375
1995-01-12,1367.9000244140625
1995-01-13,1364.4000244140625
1995-01-16,1369.5999755859375
1995-01-17,1360.300048828125
1995-01-18,1361.699951171875
1995-01-19,1363.4000244140625
1995-01-20,1359.5999755859375
1995-01-23,1347.4000244140625
1995-01-24,1351.4000244140625
1995-01-25,1348.0
1995-01-26,1355.5
1995-01-27,1359.5
1995-01-30,1358.300048828125
1995-01-31,1353.0999755859375
1995-02-01,1358.0999755859375
1995-02-02,1362.699951171875
1995-02-03,1363.5999755859375
1995-02-06,1365.4000244140625
1995-02-07,1358.699951171875
1995-02-08,1347.0999755859375
1995-02-09,1350.5
1995-02-10,1358.199951171875
1995-02-13,1357.0999755859375
1995-02-14,1358.4000244140625
1995-02-15,1358.5999755859375
1995-02-16,1350.5
1995-02-17,1350.5
1995-02-20,1343.4000244140625
1995-02-21,1337.5999755859375
1995-02-22,1331.0
1995-02-23,1336.4000244140625
1995-02-24,1337.5
1995-02-27,1329.5999755859375
1995-02-28,1325.699951171875
1995-03-01,1326.9000244140625
1995-03-02,1321.199951171875
1995-03-03,1322.5999755859375
1995-03-06,1298.5
1995-03-07,1276.5999755859375
1995-03-08,1278.699951171875
1995-03-09,1271.5
1995-03-10,1282.199951171875
1995-03-13,1288.199951171875
1995-03-14,1303.0
1995-03-15,1302.5999755859375
1995-03-16,1306.699951171875
1995-03-17,1312.699951171875
1995-03-20,1317.9000244140625
1995-03-21,1308.0999755859375
1995-03-22,1299.4000244140625
1995-03-23,1285.199951171875
1995-03-24,1288.0
1995-03-27,1298.0
1995-03-28,1292.0
1995-03-29,1292.5
1995-03-30,1311.300048828125
1995-03-31,1300.4000244140625
1995-04-03,1308.699951171875
1995-04-04,1325.800048828125
1995-04-05,1326.699951171875
1995-04-06,1341.5
1995-04-07,1353.199951171875
1995-04-10,1354.800048828125
1995-04-11,1359.199951171875
1995-04-12,1365.199951171875
1995-04-13,1365.5
1995-04-18,1361.699951171875
1995-04-19,1363.4000244140625
1995-04-20,1376.0
1995-04-21,1397.5999755859375
1995-04-24,1398.0
1995-04-25,1411.9000244140625
1995-04-26,1417.0
1995-04-27,1420.0
1995-04-28,1424.300048828125
1995-05-02,1434.800048828125
1995-05-03,1445.9000244140625
1995-05-04,1457.699951171875
1995-05-05,1439.0999755859375
1995-05-08,1441.0
1995-05-09,1446.0
1995-05-10,1448.0999755859375
1995-05-11,1451.5999755859375
1995-05-12,1468.699951171875
1995-05-15,1466.800048828125
1995-05-16,1463.4000244140625
1995-05-17,1458.4000244140625
1995-05-18,1455.199951171875
1995-05-19,1447.199951171875
1995-05-22,1464.5
1995-05-23,1462.300048828125
1995-05-24,1458.5999755859375
1995-05-26,1447.9000244140625
1995-05-29,1442.5
1995-05-30,1448.0999755859375
1995-05-31,1454.300048828125
1995-06-01,1460.300048828125
1995-06-02,1457.5
1995-06-06,1451.4000244140625
1995-06-07,1443.9000244140625
1995-06-08,1430.4000244140625
1995-06-09,1419.5999755859375
1995-06-12,1412.0999755859375
1995-06-13,1414.5999755859375
1995-06-14,1411.5
1995-06-15,1418.9000244140625
1995-06-16,1420.800048828125
1995-06-19,1433.5
1995-06-20,1440.300048828125
1995-06-21,1439.5
1995-06-22,1443.9000244140625
1995-06-23,1434.0
1995-06-26,1429.699951171875
1995-06-27,1436.0999755859375
1995-06-28,1428.0
1995-06-29,1434.800048828125
1995-06-30,1431.9000244140625
1995-07-03,1433.300048828125
1995-07-04,1438.0
1995-07-05,1439.0999755859375
1995-07-06,1435.5
1995-07-07,1449.5
1995-07-10,1469.4000244140625
1995-07-11,1479.199951171875
1995-07-12,1479.800048828125
1995-07-13,1487.5999755859375
1995-07-14,1482.0999755859375
1995-07-17,1479.9000244140625
1995-07-18,1475.9000244140625
1995-07-19,1468.699951171875
1995-07-20,1458.4000244140625
1995-07-24,1464.5
1995-07-25,1470.699951171875
1995-07-26,1480.0999755859375
1995-07-27,1474.5999755859375
1995-07-28,1472.0999755859375
1995-07-31,1473.199951171875
1995-08-01,1475.300048828125
1995-08-02,1491.4000244140625
1995-08-03,1485.0
1995-08-04,1490.4000244140625
1995-08-07,1484.0999755859375
1995-08-08,1484.699951171875
1995-08-09,1479.9000244140625
1995-08-10,1474.0
1995-08-11,1470.4000244140625
1995-08-14,1466.4000244140625
1995-08-16,1460.199951171875
1995-08-17,1460.300048828125
1995-08-18,1470.4000244140625
1995-08-21,1477.0999755859375
1995-08-22,1478.9000244140625
1995-08-23,1476.5
1995-08-24,1475.199951171875
1995-08-25,1471.9000244140625
1995-08-28,1469.9000244140625
1995-08-29,1463.9000244140625
1995-08-30,1469.699951171875
1995-08-31,1464.800048828125
1995-09-01,1463.9000244140625
1995-09-04,1464.4000244140625
1995-09-05,1467.5
1995-09-06,1470.4000244140625
1995-09-07,1474.699951171875
1995-09-08,1471.800048828125
1995-09-11,1469.5999755859375
1995-09-12,1469.4000244140625
1995-09-13,1478.0999755859375
1995-09-14,1486.5
1995-09-15,1489.0
1995-09-18,1482.300048828125
1995-09-19,1484.0999755859375
1995-09-20,1480.5
1995-09-21,1480.9000244140625
1995-09-22,1465.800048828125
1995-09-25,1453.0
1995-09-26,1465.4000244140625
1995-09-27,1456.0999755859375
1995-09-28,1457.9000244140625
1995-09-29,1461.699951171875
1995-10-02,1464.300048828125
1995-10-03,1461.9000244140625
1995-10-04,1450.699951171875
1995-10-05,1441.800048828125
1995-10-06,1440.199951171875
1995-10-09,1432.9000244140625
1995-10-10,1415.0
1995-10-11,1415.0
1995-10-12,1416.0
1995-10-13,1426.0999755859375
1995-10-16,1424.0
1995-10-17,1422.699951171875
1995-10-18,1422.5999755859375
1995-10-19,1419.0
1995-10-20,1420.0
1995-10-23,1408.800048828125
1995-10-24,1414.800048828125
1995-10-25,1423.5999755859375
1995-10-26,1423.699951171875
1995-10-27,1415.0999755859375
1995-10-30,1422.699951171875
1995-10-31,1427.199951171875
1995-11-02,1430.199951171875
1995-11-03,1433.800048828125
1995-11-06,1434.699951171875
1995-11-07,1432.0999755859375
1995-11-08,1431.199951171875
1995-11-09,1434.0
1995-11-10,1430.800048828125
1995-11-13,1425.199951171875
1995-11-14,1432.5
1995-11-15,1446.5999755859375
1995-11-16,1457.800048828125
1995-11-17,1459.4000244140625
1995-11-20,1473.199951171875
1995-11-21,1467.699951171875
1995-11-22,1466.9000244140625
1995-11-23,1464.4000244140625
1995-11-24,1466.0
1995-11-27,1478.800048828125
1995-11-28,1478.4000244140625
1995-11-29,1481.0
1995-11-30,1490.300048828125
1995-12-01,1510.9000244140625
1995-12-04,1513.800048828125
1995-12-05,1509.5999755859375
1995-12-06,1505.800048828125
1995-12-07,1509.9000244140625
1995-12-08,1516.4000244140625
1995-12-11,1539.5
1995-12-12,1550.9000244140625
1995-12-13,1557.4000244140625
1995-12-14,1557.0999755859375
1995-12-15,1556.5999755859375
1995-12-18,1544.9000244140625
1995-12-19,1536.0
1995-12-20,1543.300048828125
1995-12-21,1547.4000244140625
1995-12-22,1550.800048828125
1995-12-27,1554.5
1995-12-28,1559.4000244140625
1995-12-29,1559.5999755859375
1996-01-02,1575.9000244140625
1996-01-03,1600.699951171875
1996-01-04,1596.5999755859375
1996-01-05,1600.800048828125
1996-01-08,1612.0
1996-01-09,1624.9000244140625
1996-01-10,1614.800048828125
1996-01-11,1605.5
1996-01-12,1613.4000244140625
1996-01-15,1613.9000244140625
1996-01-16,1627.300048828125
1996-01-17,1632.699951171875
1996-01-18,1645.0
1996-01-19,1662.300048828125
1996-01-22,1657.699951171875
1996-01-23,1648.9000244140625
1996-01-24,1663.0999755859375
1996-01-25,1642.9000244140625
1996-01-26,1633.199951171875
1996-01-29,1657.4000244140625
1996-01-30,1675.699951171875
1996-01-31,1690.199951171875
1996-02-01,1715.699951171875
1996-02-02,1704.5
1996-02-05,1686.0
1996-02-06,1684.5
1996-02-07,1692.199951171875
1996-02-08,1685.199951171875
1996-02-09,1677.4000244140625
1996-02-12,1666.699951171875
1996-02-13,1663.4000244140625
1996-02-14,1661.5999755859375
1996-02-15,1653.0
1996-02-16,1643.5
1996-02-19,1617.199951171875
1996-02-20,1597.199951171875
1996-02-21,1611.0999755859375
1996-02-22,1642.0
1996-02-23,1665.5
1996-02-26,1667.300048828125
1996-02-27,1669.0999755859375
1996-02-28,1682.5999755859375
1996-02-29,1689.9000244140625
1996-03-01,1710.5999755859375
1996-03-04,1711.0999755859375
1996-03-05,1727.0
1996-03-06,1727.300048828125
1996-03-07,1755.699951171875
1996-03-08,1748.300048828125
1996-03-11,1728.5999755859375
1996-03-12,1699.0999755859375
1996-03-13,1700.9000244140625
1996-03-14,1700.300048828125
1996-03-15,1647.800048828125
1996-03-18,1662.5999755859375
1996-03-19,1682.0
1996-03-20,1682.0
1996-03-21,1685.800048828125
1996-03-22,1671.300048828125
1996-03-25,1668.9000244140625
1996-03-26,1651.4000244140625
1996-03-27,1654.199951171875
1996-03-28,1648.5
1996-03-29,1639.4000244140625
1996-04-01,1680.9000244140625
1996-04-02,1697.199951171875
1996-04-03,1694.199951171875
1996-04-04,1692.199951171875
1996-04-09,1686.9000244140625
1996-04-10,1696.5
1996-04-11,1700.0
1996-04-12,1704.0999755859375
1996-04-15,1716.300048828125
1996-04-16,1734.0999755859375
1996-04-17,1726.199951171875
1996-04-18,1724.9000244140625
1996-04-19,1724.5999755859375
1996-04-22,1727.5999755859375
1996-04-23,1719.5
1996-04-24,1720.699951171875
1996-04-25,1717.699951171875
1996-04-26,1727.0
1996-04-29,1723.300048828125
1996-04-30,1721.0
1996-05-02,1731.699951171875
1996-05-03,1710.0
1996-05-06,1713.0999755859375
1996-05-07,1713.5
1996-05-08,1701.5999755859375
1996-05-09,1694.300048828125
1996-05-10,1706.199951171875
1996-05-13,1710.199951171875
1996-05-14,1719.800048828125
1996-05-15,1723.300048828125
1996-05-17,1725.4000244140625
1996-05-20,1741.0
1996-05-21,1761.4000244140625
1996-05-22,1771.0999755859375
1996-05-23,1764.5999755859375
1996-05-24,1768.199951171875
1996-05-28,1773.300048828125
1996-05-29,1759.0
1996-05-30,1741.0
1996-05-31,1753.4000244140625
1996-06-03,1747.800048828125
1996-06-04,1754.300048828125
1996-06-05,1760.9000244140625
1996-06-06,1757.300048828125
1996-06-07,1747.5999755859375
1996-06-10,1763.5
1996-06-11,1764.0
1996-06-12,1762.0
1996-06-13,1761.699951171875
1996-06-14,1763.5999755859375
1996-06-17,1763.0999755859375
1996-06-18,1760.5
1996-06-19,1748.0
1996-06-20,1716.4000244140625
1996-06-21,1717.4000244140625
1996-06-24,1728.800048828125
1996-06-25,1735.0999755859375
1996-06-26,1737.0
1996-06-27,1730.199951171875
1996-06-28,1742.9000244140625
1996-07-01,1757.5999755859375
1996-07-02,1757.5999755859375
1996-07-03,1765.5
1996-07-04,1761.0
1996-07-05,1750.699951171875
1996-07-08,1734.9000244140625
1996-07-09,1727.800048828125
1996-07-10,1715.5
1996-07-11,1703.4000244140625
1996-07-12,1701.0999755859375
1996-07-15,1694.0999755859375
1996-07-16,1667.800048828125
1996-07-17,1668.4000244140625
1996-07-18,1681.699951171875
1996-07-19,1687.800048828125
1996-07-22,1672.5
1996-07-23,1673.5
1996-07-24,1652.5999755859375
1996-07-25,1664.300048828125
1996-07-26,1671.0
1996-07-29,1684.0999755859375
1996-07-30,1682.0
1996-07-31,1696.9000244140625
1996-08-01,1714.0
1996-08-02,1727.4000244140625
1996-08-05,1747.5999755859375
1996-08-06,1736.5999755859375
1996-08-07,1748.5999755859375
1996-08-08,1749.0
1996-08-09,1750.4000244140625
1996-08-12,1744.699951171875
1996-08-13,1745.300048828125
1996-08-14,1743.4000244140625
1996-08-16,1751.300048828125
1996-08-19,1753.300048828125
1996-08-20,1760.199951171875
1996-08-21,1753.9000244140625
1996-08-22,1769.699951171875
1996-08-23,1767.5
1996-08-26,1759.0
1996-08-27,1751.5999755859375
1996-08-28,1743.0999755859375
1996-08-29,1730.0
1996-08-30,1714.300048828125
1996-09-02,1719.5
1996-09-03,1717.199951171875
1996-09-04,1727.699951171875
1996-09-05,1734.4000244140625
1996-09-06,1735.5999755859375
1996-09-09,1745.699951171875
1996-09-10,1755.5999755859375
1996-09-11,1753.300048828125
1996-09-12,1753.300048828125
1996-09-13,1757.9000244140625
1996-09-16,1760.300048828125
1996-09-17,1756.199951171875
1996-09-18,1754.699951171875
1996-09-19,1750.9000244140625
1996-09-20,1765.0999755859375
1996-09-23,1750.5999755859375
1996-09-24,1750.5
1996-09-25,1764.4000244140625
1996-09-26,1774.0
1996-09-27,1773.199951171875
1996-09-30,1771.199951171875
1996-10-01,1779.199951171875
1996-10-02,1790.5
1996-10-03,1829.9000244140625
1996-10-04,1794.0999755859375
1996-10-07,1777.9000244140625
1996-10-08,1778.0999755859375
1996-10-09,1769.800048828125
1996-10-10,1765.0999755859375
1996-10-11,1773.4000244140625
1996-10-14,1774.800048828125
1996-10-15,1788.4000244140625
1996-10-16,1791.0999755859375
1996-10-17,1798.0999755859375
1996-10-18,1806.199951171875
1996-10-21,1820.9000244140625
1996-10-22,1823.5999755859375
1996-10-23,1810.199951171875
1996-10-24,1811.199951171875
1996-10-25,1810.0999755859375
1996-10-28,1812.0
1996-10-29,1802.0
1996-10-30,1798.699951171875
1996-10-31,1795.0
1996-11-04,1802.199951171875
1996-11-05,1810.4000244140625
1996-11-06,1823.9000244140625
1996-11-07,1822.0
1996-11-08,1823.699951171875
1996-11-12,1831.5999755859375
1996-11-13,1837.199951171875
1996-11-14,1855.4000244140625
1996-11-15,1869.5
1996-11-18,1872.199951171875
1996-11-19,1866.9000244140625
1996-11-20,1859.4000244140625
1996-11-21,1863.5999755859375
1996-11-22,1865.199951171875
1996-11-25,1871.9000244140625
1996-11-26,1880.699951171875
1996-11-27,1869.5999755859375
1996-11-28,1878.0
1996-11-29,1887.199951171875
1996-12-02,1887.699951171875
1996-12-03,1896.5999755859375
1996-12-04,1894.300048828125
1996-12-05,1891.0999755859375
1996-12-06,1871.5
1996-12-09,1885.5
1996-12-10,1882.0999755859375
1996-12-11,1871.5999755859375
1996-12-12,1863.0
1996-12-13,1847.800048828125
1996-12-16,1860.199951171875
1996-12-17,1849.0
1996-12-18,1861.4000244140625
1996-12-19,1868.5999755859375
1996-12-20,1885.0999755859375
1996-12-23,1882.300048828125
1996-12-24,1878.4000244140625
1996-12-27,1893.300048828125
1996-12-30,1895.5
1997-01-02,1871.0999755859375
1997-01-03,1889.9000244140625
1997-01-06,1898.800048828125
1997-01-07,1891.9000244140625
1997-01-08,1904.800048828125
1997-01-09,1929.5999755859375
1997-01-10,1946.0
1997-01-13,1976.5999755859375
1997-01-14,1991.5
1997-01-15,2005.4000244140625
1997-01-16,1998.5999755859375
1997-01-17,2006.800048828125
1997-01-20,2022.0999755859375
1997-01-21,2025.0
1997-01-22,2047.699951171875
1997-01-23,2075.10009765625
1997-01-24,2060.60009765625
1997-01-27,2044.0
1997-01-28,2050.39990234375
1997-01-29,2031.699951171875
1997-01-30,2045.9000244140625
1997-01-31,2051.5
1997-02-03,2053.5
1997-02-04,2053.60009765625
1997-02-05,2057.5
1997-02-06,2063.60009765625
1997-02-07,2080.5
1997-02-10,2088.60009765625
1997-02-11,2080.89990234375
1997-02-12,2087.60009765625
1997-02-13,2098.89990234375
1997-02-14,2098.0
1997-02-17,2101.0
1997-02-18,2111.5
1997-02-19,2104.699951171875
1997-02-20,2103.300048828125
1997-02-21,2094.800048828125
1997-02-24,2104.5
1997-02-25,2138.300048828125
1997-02-26,2145.39990234375
1997-02-27,2146.60009765625
1997-02-28,2142.39990234375
1997-03-03,2142.39990234375
1997-03-04,2158.10009765625
1997-03-05,2171.10009765625
1997-03-06,2193.5
1997-03-07,2185.800048828125
1997-03-10,2205.199951171875
1997-03-11,2220.800048828125
1997-03-12,2210.60009765625
1997-03-13,2191.800048828125
1997-03-14,2192.89990234375
1997-03-17,2171.0
1997-03-18,2138.699951171875
1997-03-19,2132.10009765625
1997-03-20,2077.89990234375
1997-03-21,2089.699951171875
1997-03-24,2084.0
1997-03-25,2106.199951171875
1997-03-26,2124.39990234375
1997-03-27,2146.39990234375
1997-04-01,2104.300048828125
1997-04-02,2107.0
1997-04-03,2079.300048828125
1997-04-04,2080.699951171875
1997-04-07,2115.89990234375
1997-04-08,2114.39990234375
1997-04-09,2120.800048828125
1997-04-10,2120.699951171875
1997-04-11,2114.5
1997-04-14,2096.300048828125
1997-04-15,2129.5
1997-04-16,2133.60009765625
1997-04-17,2147.300048828125
1997-04-18,2171.699951171875
1997-04-21,2183.199951171875
1997-04-22,2196.39990234375
1997-04-23,2209.0
1997-04-24,2223.5
1997-04-25,2202.199951171875
1997-04-28,2217.199951171875
1997-04-29,2235.0
1997-04-30,2245.5
1997-05-02,2253.800048828125
1997-05-05,2254.89990234375
1997-05-06,2253.89990234375
1997-05-07,2234.800048828125
1997-05-09,2226.0
1997-05-12,2242.39990234375
1997-05-13,2242.89990234375
1997-05-14,2247.699951171875
1997-05-15,2251.300048828125
1997-05-16,2240.300048828125
1997-05-20,2228.0
1997-05-21,2247.800048828125
1997-05-22,2245.5
1997-05-23,2267.800048828125
1997-05-26,2279.0
1997-05-27,2275.300048828125
1997-05-28,2258.10009765625
1997-05-29,2257.800048828125
1997-05-30,2247.800048828125
1997-06-02,2269.300048828125
1997-06-03,2280.699951171875
1997-06-04,2284.39990234375
1997-06-05,2283.10009765625
1997-06-06,2309.89990234375
1997-06-09,2339.60009765625
1997-06-10,2352.199951171875
1997-06-11,2362.699951171875
1997-06-12,2391.199951171875
1997-06-13,2400.39990234375
1997-06-16,2387.39990234375
1997-06-17,2360.0
1997-06-18,2347.60009765625
1997-06-19,2345.60009765625
1997-06-20,2361.60009765625
1997-06-23,2351.60009765625
1997-06-24,2355.199951171875
1997-06-25,2373.60009765625
1997-06-26,2374.800048828125
1997-06-27,2373.199951171875
1997-06-30,2380.699951171875
1997-07-01,2408.60009765625
1997-07-02,2444.89990234375
1997-07-03,2488.10009765625
1997-07-04,2473.199951171875
1997-07-07,2504.5
1997-07-08,2493.199951171875
1997-07-09,2500.199951171875
1997-07-10,2486.800048828125
1997-07-11,2492.39990234375
1997-07-14,2501.300048828125
1997-07-15,2489.699951171875
1997-07-16,2531.10009765625
1997-07-17,2541.39990234375
1997-07-18,2494.0
1997-07-22,2539.5
1997-07-23,2601.60009765625
1997-07-24,2581.60009765625
1997-07-25,2592.800048828125
1997-07-28,2621.89990234375
1997-07-29,2599.800048828125
1997-07-30,2596.39990234375
1997-07-31,2579.300048828125
1997-08-01,2536.0
1997-08-04,2470.300048828125
1997-08-05,2455.699951171875
1997-08-06,2466.199951171875
1997-08-07,2479.800048828125
1997-08-08,2431.5
1997-08-11,2420.60009765625
1997-08-12,2452.0
1997-08-13,2399.10009765625
1997-08-14,2417.89990234375
1997-08-18,2370.300048828125
1997-08-19,2398.699951171875
1997-08-20,2423.39990234375
1997-08-21,2420.60009765625
1997-08-22,2367.300048828125
1997-08-25,2360.800048828125
1997-08-26,2341.800048828125
1997-08-27,2341.0
1997-08-28,2315.199951171875
1997-08-29,2318.800048828125
1997-09-01,2354.300048828125
1997-09-02,2435.5
1997-09-03,2439.5
1997-09-04,2435.39990234375
1997-09-05,2436.89990234375
1997-09-08,2429.300048828125
1997-09-09,2405.39990234375
1997-09-10,2363.800048828125
1997-09-11,2313.699951171875
1997-09-12,2315.5
1997-09-15,2341.5
1997-09-16,2375.39990234375
1997-09-17,2379.800048828125
1997-09-18,2388.89990234375
1997-09-19,2389.39990234375
1997-09-22,2414.300048828125
1997-09-23,2405.699951171875
1997-09-24,2389.699951171875
1997-09-25,2390.300048828125
1997-09-26,2416.699951171875
1997-09-29,2417.39990234375
1997-09-30,2437.60009765625
1997-10-01,2470.60009765625
1997-10-02,2472.89990234375
1997-10-03,2507.10009765625
1997-10-06,2515.300048828125
1997-10-07,2512.89990234375
1997-10-08,2502.0
1997-10-09,2465.89990234375
1997-10-10,2428.800048828125
1997-10-13,2454.199951171875
1997-10-14,2458.0
1997-10-15,2422.39990234375
1997-10-16,2430.10009765625
1997-10-17,2389.5
1997-10-20,2381.300048828125
1997-10-21,2401.0
1997-10-22,2391.89990234375
1997-10-23,2328.39990234375
1997-10-24,2305.10009765625
1997-10-27,2240.10009765625
1997-10-28,2214.199951171875
1997-10-29,2312.800048828125
1997-10-30,2289.199951171875
1997-10-31,2336.800048828125
1997-11-03,2384.89990234375
1997-11-04,2360.60009765625
1997-11-05,2369.699951171875
1997-11-06,2332.5
1997-11-07,2267.10009765625
1997-11-10,2280.800048828125
1997-11-12,2282.0
1997-11-13,2304.39990234375
1997-11-14,2316.39990234375
1997-11-17,2368.0
1997-11-18,2378.699951171875
1997-11-19,2372.699951171875
1997-11-20,2395.60009765625
1997-11-21,2419.39990234375
1997-11-24,2357.39990234375
1997-11-25,2367.39990234375
1997-11-26,2386.39990234375
1997-11-27,2395.10009765625
1997-11-28,2392.800048828125
1997-12-01,2454.39990234375
1997-12-02,2462.699951171875
1997-12-03,2472.699951171875
1997-12-04,2484.199951171875
1997-12-05,2503.699951171875
1997-12-08,2511.699951171875
1997-12-09,2487.800048828125
1997-12-10,2471.39990234375
1997-12-11,2433.300048828125
1997-12-12,2434.10009765625
1997-12-15,2438.0
1997-12-16,2476.0
1997-12-17,2495.800048828125
1997-12-18,2487.699951171875
1997-12-19,2454.300048828125
1997-12-22,2391.5
1997-12-23,2369.10009765625
1997-12-24,2357.5
1997-12-29,2403.699951171875
1997-12-30,2418.39990234375
1998-01-02,2484.800048828125
1998-01-05,2536.39990234375
1998-01-06,2525.0
1998-01-07,2515.60009765625
1998-01-08,2474.800048828125
1998-01-09,2443.60009765625
1998-01-12,2405.0
1998-01-13,2441.89990234375
1998-01-14,2452.39990234375
1998-01-15,2446.699951171875
1998-01-16,2483.300048828125
1998-01-19,2510.60009765625
1998-01-20,2517.5
1998-01-21,2531.699951171875
1998-01-22,2525.699951171875
1998-01-23,2512.89990234375
1998-01-26,2525.199951171875
1998-01-27,2532.60009765625
1998-01-28,2574.699951171875
1998-01-29,2578.199951171875
1998-01-30,2579.699951171875
1998-02-02,2614.10009765625
1998-02-03,2609.5
1998-02-04,2590.300048828125
1998-02-05,2604.5
1998-02-06,2625.60009765625
1998-02-09,2637.39990234375
1998-02-10,2626.800048828125
1998-02-11,2644.10009765625
1998-02-12,2635.39990234375
1998-02-13,2652.800048828125
1998-02-16,2654.5
1998-02-17,2689.60009765625
1998-02-18,2689.39990234375
1998-02-19,2680.10009765625
1998-02-20,2678.5
1998-02-23,2691.39990234375
1998-02-24,2704.5
1998-02-25,2738.0
1998-02-26,2746.300048828125
1998-02-27,2715.199951171875
1998-03-02,2749.39990234375
1998-03-03,2741.300048828125
1998-03-04,2732.89990234375
1998-03-05,2712.199951171875
1998-03-06,2764.39990234375
1998-03-09,2789.300048828125
1998-03-10,2799.89990234375
1998-03-11,2824.699951171875
1998-03-12,2819.300048828125
1998-03-13,2858.39990234375
1998-03-16,2884.800048828125
1998-03-17,2914.0
1998-03-18,2910.199951171875
1998-03-19,2924.89990234375
1998-03-20,2967.800048828125
1998-03-23,2985.199951171875
1998-03-24,3010.39990234375
1998-03-25,3041.60009765625
1998-03-26,2991.89990234375
1998-03-27,2984.0
1998-03-30,2977.0
1998-03-31,2985.5
1998-04-01,3005.800048828125
1998-04-02,3030.60009765625
1998-04-03,3031.89990234375
1998-04-06,3052.89990234375
1998-04-07,3036.60009765625
1998-04-08,3060.5
1998-04-09,3051.800048828125
1998-04-14,3077.89990234375
1998-04-15,3082.10009765625
1998-04-16,3068.300048828125
1998-04-17,3085.0
1998-04-20,3130.39990234375
1998-04-21,3137.5
1998-04-22,3144.199951171875
1998-04-23,3106.10009765625
1998-04-24,3086.300048828125
1998-04-27,2986.89990234375
1998-04-28,3018.360107421875
1998-04-29,3015.85009765625
1998-04-30,3079.340087890625
1998-05-04,3134.550048828125
1998-05-05,3097.6201171875
1998-05-06,3075.68994140625
1998-05-07,3029.469970703125
1998-05-08,3059.39990234375
1998-05-11,3097.89990234375
1998-05-12,3079.6298828125
1998-05-13,3111.47998046875
1998-05-14,3106.669921875
1998-05-15,3116.929931640625
1998-05-18,3107.5
1998-05-19,3136.10009765625
1998-05-20,3178.530029296875
1998-05-22,3193.889892578125
1998-05-25,3219.81005859375
1998-05-26,3250.300048828125
1998-05-27,3203.72998046875
1998-05-28,3231.3701171875
1998-05-29,3250.719970703125
1998-06-02,3263.02001953125
1998-06-03,3280.35009765625
1998-06-04,3271.239990234375
1998-06-05,3321.35009765625
1998-06-08,3334.010009765625
1998-06-09,3335.219970703125
1998-06-10,3333.489990234375
1998-06-11,3341.610107421875
1998-06-12,3305.8798828125
1998-06-15,3252.050048828125
1998-06-16,3294.070068359375
1998-06-17,3339.1201171875
1998-06-18,3329.739990234375
1998-06-19,3343.10009765625
1998-06-22,3328.6298828125
1998-06-23,3334.81005859375
1998-06-24,3347.219970703125
1998-06-25,3384.639892578125
1998-06-26,3387.0400390625
1998-06-29,3391.6298828125
1998-06-30,3440.5400390625
1998-07-01,3533.02001953125
1998-07-02,3546.52001953125
1998-07-03,3549.18994140625
1998-07-06,3532.47998046875
1998-07-07,3541.4599609375
1998-07-08,3541.97998046875
1998-07-09,3546.0400390625
1998-07-10,3523.1298828125
1998-07-13,3556.090087890625
1998-07-14,3620.260009765625
1998-07-15,3614.429931640625
1998-07-16,3590.659912109375
1998-07-17,3600.25
1998-07-20,3632.070068359375
1998-07-22,3614.820068359375
1998-07-23,3562.449951171875
1998-07-24,3579.739990234375
1998-07-27,3556.580078125
1998-07-28,3581.110107421875
1998-07-29,3542.330078125
1998-07-30,3564.409912109375
1998-07-31,3499.85009765625
1998-08-03,3492.610107421875
1998-08-04,3524.239990234375
1998-08-05,3472.199951171875
1998-08-06,3453.820068359375
1998-08-07,3496.35009765625
1998-08-10,3469.18994140625
1998-08-11,3375.219970703125
1998-08-12,3409.739990234375
1998-08-13,3401.14990234375
1998-08-14,3416.489990234375
1998-08-17,3390.22998046875
1998-08-18,3441.570068359375
1998-08-19,3476.050048828125
1998-08-20,3466.56005859375
1998-08-21,3383.699951171875
1998-08-24,3362.360107421875
1998-08-25,3393.89990234375
1998-08-26,3350.830078125
1998-08-27,3290.5400390625
1998-08-28,3226.5400390625
1998-08-31,3172.489990234375
1998-09-01,3121.780029296875
1998-09-02,3254.679931640625
1998-09-03,3225.679931640625
1998-09-04,3291.7900390625
1998-09-07,3312.7099609375
1998-09-08,3364.22998046875
1998-09-09,3305.72998046875
1998-09-10,3204.929931640625
1998-09-11,3171.340087890625
1998-09-14,3232.179931640625
1998-09-15,3228.1201171875
1998-09-16,3222.3701171875
1998-09-17,3133.68994140625
1998-09-18,3087.679931640625
1998-09-21,3008.35009765625
1998-09-22,3002.239990234375
1998-09-23,3053.6201171875
1998-09-24,3041.530029296875
1998-09-25,2996.199951171875
1998-09-28,3044.8798828125
1998-09-29,3034.909912109375
1998-09-30,2959.199951171875
1998-10-01,2829.669921875
1998-10-02,2739.360107421875
1998-10-05,2723.919921875
1998-10-06,2796.2099609375
1998-10-07,2817.800048828125
1998-10-08,2762.909912109375
1998-10-09,2816.2900390625
1998-10-12,2944.360107421875
1998-10-13,2997.889892578125
1998-10-14,3041.0400390625
1998-10-15,3100.2099609375
1998-10-16,3106.64990234375
1998-10-19,3095.169921875
1998-10-20,3170.1298828125
1998-10-21,3123.68994140625
1998-10-22,3151.719970703125
1998-10-23,3107.969970703125
1998-10-26,3135.949951171875
1998-10-27,3218.2099609375
1998-10-28,3172.77001953125
1998-10-29,3142.449951171875
1998-10-30,3156.090087890625
1998-11-02,3231.169921875
1998-11-03,3262.840087890625
1998-11-04,3307.719970703125
1998-11-05,3257.409912109375
1998-11-06,3241.719970703125
1998-11-09,3249.889892578125
1998-11-10,3184.699951171875
1998-11-12,3171.3798828125
1998-11-13,3172.27001953125
1998-11-16,3183.580078125
1998-11-17,3172.090087890625
1998-11-18,3155.050048828125
1998-11-19,3175.090087890625
1998-11-20,3225.7099609375
1998-11-23,3255.639892578125
1998-11-24,3245.199951171875
1998-11-25,3238.110107421875
1998-11-26,3294.199951171875
1998-11-27,3313.159912109375
1998-11-30,3276.260009765625
1998-12-01,3201.81005859375
1998-12-02,3222.35009765625
1998-12-03,3248.489990234375
1998-12-04,3248.919921875
1998-12-07,3278.949951171875
1998-12-08,3292.7900390625
1998-12-09,3296.260009765625
1998-12-10,3267.02001953125
1998-12-11,3250.489990234375
1998-12-14,3241.75
1998-12-15,3308.949951171875
1998-12-16,3344.330078125
1998-12-17,3397.47998046875
1998-12-18,3416.889892578125
1998-12-21,3505.080078125
1998-12-22,3474.7900390625
1998-12-23,3458.93994140625
1998-12-24,3503.31005859375
1998-12-28,3526.610107421875
1998-12-29,3531.919921875
1998-12-30,3514.510009765625
1999-01-04,3645.93994140625
1999-01-05,3679.699951171875
1999-01-06,3681.919921875
1999-01-07,3608.860107421875
1999-01-08,3573.9599609375
1999-01-11,3540.300048828125
1999-01-12,3496.830078125
1999-01-13,3415.14990234375
1999-01-14,3461.409912109375
1999-01-15,3386.2900390625
1999-01-18,3486.35009765625
1999-01-19,3478.719970703125
1999-01-20,3491.1298828125
1999-01-21,3441.6298828125
1999-01-22,3383.77001953125
1999-01-25,3364.860107421875
1999-01-26,3377.050048828125
1999-01-27,3363.52001953125
1999-01-28,3405.909912109375
1999-01-29,3411.590087890625
1999-02-01,3444.89990234375
1999-02-02,3455.18994140625
1999-02-03,3440.469970703125
1999-02-04,3458.719970703125
1999-02-05,3474.56005859375
1999-02-08,3446.169921875
1999-02-09,3385.18994140625
1999-02-10,3328.72998046875
1999-02-11,3353.199951171875
1999-02-12,3389.260009765625
1999-02-15,3408.030029296875
1999-02-16,3403.3701171875
1999-02-17,3375.080078125
1999-02-18,3382.280029296875
1999-02-19,3416.300048828125
1999-02-22,3444.93994140625
1999-02-23,3444.300048828125
1999-02-24,3405.25
1999-02-25,3404.840087890625
1999-02-26,3361.8798828125
1999-03-01,3300.030029296875
1999-03-02,3304.330078125
1999-03-03,3294.409912109375
1999-03-04,3282.97998046875
1999-03-05,3346.169921875
1999-03-08,3322.449951171875
1999-03-09,3305.389892578125
1999-03-10,3277.5400390625
1999-03-11,3302.179931640625
1999-03-12,3319.570068359375
1999-03-15,3343.800048828125
1999-03-16,3348.239990234375
1999-03-17,3342.52001953125
1999-03-18,3315.169921875
1999-03-19,3322.489990234375
1999-03-22,3290.820068359375
1999-03-23,3214.60009765625
1999-03-24,3165.75
1999-03-25,3235.110107421875
1999-03-26,3227.949951171875
1999-03-29,3254.3701171875
1999-03-30,3260.800048828125
1999-03-31,3251.449951171875
1999-04-01,3265.25
1999-04-06,3299.06005859375
1999-04-07,3333.93994140625
1999-04-08,3321.409912109375
1999-04-09,3330.590087890625
1999-04-12,3323.590087890625
1999-04-13,3327.75
1999-04-14,3330.9599609375
1999-04-15,3320.929931640625
1999-04-16,3284.590087890625
1999-04-19,3301.570068359375
1999-04-20,3223.27001953125
1999-04-21,3255.7099609375
1999-04-22,3254.22998046875
1999-04-23,3233.35009765625
1999-04-26,3244.669921875
1999-04-27,3257.860107421875
1999-04-28,3237.469970703125
1999-04-29,3233.429931640625
1999-04-30,3227.68994140625
1999-05-03,3257.659912109375
1999-05-04,3251.5400390625
1999-05-05,3232.22998046875
1999-05-06,3204.22998046875
1999-05-07,3180.4599609375
1999-05-10,3204.909912109375
1999-05-11,3238.830078125
1999-05-12,3213.389892578125
1999-05-14,3159.830078125
1999-05-17,3097.110107421875
1999-05-18,3091.800048828125
1999-05-19,3154.43994140625
1999-05-20,3186.590087890625
1999-05-21,3199.1201171875
1999-05-25,3176.68994140625
1999-05-26,3150.219970703125
1999-05-27,3096.989990234375
1999-05-28,3107.610107421875
1999-05-31,3101.419921875
1999-06-01,3107.159912109375
1999-06-02,3076.590087890625
1999-06-03,3086.02001953125
1999-06-04,3135.0400390625
1999-06-07,3167.969970703125
1999-06-08,3201.989990234375
1999-06-09,3204.8701171875
1999-06-10,3159.3701171875
1999-06-11,3196.7099609375
1999-06-14,3176.360107421875
1999-06-15,3191.449951171875
1999-06-16,3199.919921875
1999-06-17,3198.89990234375
1999-06-18,3226.60009765625
1999-06-21,3241.1201171875
1999-06-22,3216.580078125
1999-06-23,3153.7099609375
1999-06-24,3123.949951171875
1999-06-25,3133.719970703125
1999-06-28,3150.43994140625
1999-06-29,3153.010009765625
1999-06-30,3135.159912109375
1999-07-01,3151.419921875
1999-07-02,3175.179931640625
1999-07-05,3179.550048828125
1999-07-06,3147.68994140625
1999-07-07,3124.47998046875
1999-07-08,3099.85009765625
1999-07-09,3122.97998046875
1999-07-12,3106.489990234375
1999-07-13,3099.570068359375
1999-07-14,3143.580078125
1999-07-15,3167.030029296875
1999-07-16,3104.68994140625
1999-07-19,3111.22998046875
1999-07-20,3083.969970703125
1999-07-22,3064.68994140625
1999-07-23,3012.56005859375
1999-07-26,2981.219970703125
1999-07-27,3008.830078125
1999-07-28,3052.93994140625
1999-07-29,2991.06005859375
1999-07-30,3026.580078125
1999-08-02,2990.639892578125
1999-08-03,2948.06005859375
1999-08-04,2945.02001953125
1999-08-05,2883.5
1999-08-06,2885.139892578125
1999-08-09,2905.7099609375
1999-08-10,2865.590087890625
1999-08-11,2885.550048828125
1999-08-12,2943.639892578125
1999-08-13,3029.469970703125
1999-08-16,3051.050048828125
1999-08-17,3090.7900390625
1999-08-18,3119.010009765625
1999-08-19,3088.5400390625
1999-08-20,3108.590087890625
1999-08-23,3166.449951171875
1999-08-24,3144.669921875
1999-08-25,3201.72998046875
1999-08-26,3232.929931640625
1999-08-27,3236.030029296875
1999-08-30,3237.77001953125
1999-08-31,3207.22998046875
1999-09-01,3188.5400390625
1999-09-02,3126.3701171875
1999-09-03,3178.780029296875
1999-09-06,3201.639892578125
1999-09-07,3186.830078125
1999-09-08,3199.60009765625
1999-09-09,3219.969970703125
1999-09-10,3224.93994140625
1999-09-13,3204.8798828125
1999-09-14,3198.010009765625
1999-09-15,3194.31005859375
1999-09-16,3220.39990234375
1999-09-17,3252.090087890625
1999-09-20,3232.989990234375
1999-09-21,3200.239990234375
1999-09-22,3181.5400390625
1999-09-23,3169.719970703125
1999-09-24,3151.47998046875
1999-09-27,3171.219970703125
1999-09-28,3132.679931640625
1999-09-29,3092.18994140625
1999-09-30,3074.669921875
1999-10-01,3033.85009765625
1999-10-04,3004.3701171875
1999-10-05,3021.340087890625
1999-10-06,3024.639892578125
1999-10-07,3059.030029296875
1999-10-08,3049.719970703125
1999-10-11,3026.550048828125
1999-10-12,3005.7900390625
1999-10-13,2982.02001953125
1999-10-14,2995.239990234375
1999-10-15,2962.60009765625
1999-10-18,2910.27001953125
1999-10-19,2960.699951171875
1999-10-20,2986.22998046875
1999-10-21,2980.840087890625
1999-10-22,3000.1298828125
1999-10-25,2962.77001953125
1999-10-26,2960.030029296875
1999-10-27,2974.47998046875
1999-10-28,3014.72998046875
1999-10-29,3085.6201171875
1999-11-02,3102.320068359375
1999-11-03,3143.340087890625
1999-11-04,3199.25
1999-11-05,3248.2900390625
1999-11-08,3244.050048828125
1999-11-09,3261.360107421875
1999-11-10,3284.419921875
1999-11-12,3354.219970703125
1999-11-15,3361.580078125
1999-11-16,3393.860107421875
1999-11-17,3388.989990234375
1999-11-18,3392.2900390625
1999-11-19,3329.050048828125
1999-11-22,3273.89990234375
1999-11-23,3245.110107421875
1999-11-24,3196.719970703125
1999-11-25,3246.659912109375
1999-11-26,3185.93994140625
1999-11-29,3163.739990234375
1999-11-30,3140.18994140625
1999-12-01,3142.219970703125
1999-12-02,3188.1201171875
1999-12-03,3262.5
1999-12-06,3234.5
1999-12-07,3207.5400390625
1999-12-08,3159.340087890625
1999-12-09,3127.25
1999-12-10,3122.449951171875
1999-12-13,3190.0
1999-12-14,3163.030029296875
1999-12-15,3177.159912109375
1999-12-16,3158.5
1999-12-17,3177.7099609375
1999-12-20,3185.2099609375
1999-12-21,3150.93994140625
1999-12-22,3186.239990234375
1999-12-23,3249.31005859375
1999-12-24,3321.489990234375
1999-12-27,3295.699951171875
1999-12-28,3288.969970703125
1999-12-29,3302.77001953125
1999-12-30,3340.429931640625
2000-01-03,3311.050048828125
2000-01-04,3172.2099609375
2000-01-05,3057.530029296875
2000-01-06,3061.090087890625
2000-01-07,3138.550048828125
2000-01-10,3203.75
2000-01-11,3148.89990234375
2000-01-12,3110.25
2000-01-13,3133.580078125
2000-01-14,3128.5
2000-01-17,3074.179931640625
2000-01-18,2972.10009765625
2000-01-19,2977.530029296875
2000-01-20,2971.570068359375
2000-01-21,2930.969970703125
2000-01-24,2925.35009765625
2000-01-25,2857.820068359375
2000-01-26,2878.830078125
2000-01-27,2891.469970703125
2000-01-28,2884.60009765625
2000-01-31,2806.2900390625
2000-02-01,2786.030029296875
2000-02-02,2789.580078125
2000-02-03,2888.39990234375
2000-02-04,2924.1298828125
2000-02-07,2891.6201171875
2000-02-08,2910.989990234375
2000-02-09,2815.06005859375
2000-02-10,2741.6298828125
2000-02-11,2769.489990234375
2000-02-14,2839.909912109375
2000-02-15,2832.35009765625
2000-02-16,2830.280029296875
2000-02-17,2820.68994140625
2000-02-18,2800.10009765625
2000-02-21,2780.47998046875
2000-02-22,2721.340087890625
2000-02-23,2730.0
2000-02-24,2765.7900390625
2000-02-25,2761.4599609375
2000-02-28,2727.489990234375
2000-02-29,2746.080078125
2000-03-01,2756.030029296875
2000-03-02,2777.179931640625
2000-03-03,2746.840087890625
2000-03-06,2733.429931640625
2000-03-07,2698.780029296875
2000-03-08,2690.06005859375
2000-03-09,2655.64990234375
2000-03-10,2594.070068359375
2000-03-13,2532.239990234375
2000-03-14,2579.050048828125
2000-03-15,2721.820068359375
2000-03-16,2906.659912109375
2000-03-17,2835.080078125
2000-03-20,2852.02001953125
2000-03-21,2800.389892578125
2000-03-22,2891.0
2000-03-23,2907.929931640625
2000-03-24,2919.330078125
2000-03-27,2821.419921875
2000-03-28,2851.840087890625
2000-03-29,2826.820068359375
2000-03-30,2778.2900390625
2000-03-31,2777.840087890625
2000-04-03,2824.1201171875
2000-04-04,2900.06005859375
2000-04-05,2885.7900390625
2000-04-06,2898.219970703125
2000-04-07,2868.169921875
2000-04-10,2861.3701171875
2000-04-11,2913.3701171875
2000-04-12,2970.72998046875
2000-04-13,2994.050048828125
2000-04-14,2951.139892578125
2000-04-17,2897.10009765625
2000-04-18,2934.800048828125
2000-04-19,2881.719970703125
2000-04-20,2843.72998046875
2000-04-25,2830.360107421875
2000-04-26,2871.39990234375
2000-04-27,2825.2099609375
2000-04-28,2813.280029296875
2000-05-02,2835.530029296875
2000-05-03,2837.840087890625
2000-05-04,2834.1298828125
2000-05-05,2822.47998046875
2000-05-08,2816.449951171875
2000-05-09,2840.1201171875
2000-05-10,2827.8701171875
2000-05-11,2832.9599609375
2000-05-12,2840.570068359375
2000-05-15,2872.77001953125
2000-05-16,2898.5
2000-05-17,2901.47998046875
2000-05-18,2916.070068359375
2000-05-19,2885.800048828125
2000-05-22,2885.889892578125
2000-05-23,2898.760009765625
2000-05-24,2900.919921875
2000-05-25,2909.340087890625
2000-05-26,2841.8701171875
2000-05-29,2860.719970703125
2000-05-30,2884.4599609375
2000-05-31,2849.429931640625
2000-06-02,2895.3701171875
2000-06-05,2891.72998046875
2000-06-06,2898.449951171875
2000-06-07,2898.75
2000-06-08,2857.340087890625
2000-06-09,2876.580078125
2000-06-13,2914.719970703125
2000-06-14,2886.5
2000-06-15,2906.340087890625
2000-06-16,2922.5
2000-06-19,2895.31005859375
2000-06-20,2900.0400390625
2000-06-21,2899.1201171875
2000-06-22,2909.89990234375
2000-06-23,2891.010009765625
2000-06-26,2890.429931640625
2000-06-27,2910.330078125
2000-06-28,2908.080078125
2000-06-29,2903.580078125
2000-06-30,2953.280029296875
2000-07-03,2954.639892578125
2000-07-04,2955.4599609375
2000-07-05,2967.860107421875
2000-07-06,2953.06005859375
2000-07-07,2977.719970703125
2000-07-10,2996.429931640625
2000-07-11,3016.929931640625
2000-07-12,3030.840087890625
2000-07-13,3027.360107421875
2000-07-14,3013.89990234375
2000-07-17,3021.050048828125
2000-07-18,3014.610107421875
2000-07-19,3000.639892578125
2000-07-20,3024.889892578125
2000-07-24,3031.56005859375
2000-07-25,3039.6201171875
2000-07-26,3037.159912109375
2000-07-27,3059.780029296875
2000-07-28,3060.169921875
2000-07-31,3068.610107421875
2000-08-01,3050.489990234375
2000-08-02,3054.97998046875
2000-08-03,3046.280029296875
2000-08-04,3086.449951171875
2000-08-07,3112.429931640625
2000-08-08,3132.659912109375
2000-08-09,3164.9599609375
2000-08-10,3163.840087890625
2000-08-11,3180.14990234375
2000-08-14,3190.320068359375
2000-08-15,3185.570068359375
2000-08-16,3185.27001953125
2000-08-17,3154.830078125
2000-08-18,3153.89990234375
2000-08-21,3174.5
2000-08-22,3160.739990234375
2000-08-23,3162.300048828125
2000-08-24,3164.760009765625
2000-08-25,3162.989990234375
2000-08-28,3172.030029296875
2000-08-29,3161.02001953125
2000-08-30,3134.800048828125
2000-08-31,3132.52001953125
2000-09-01,3125.409912109375
2000-09-04,3121.9599609375
2000-09-05,3102.8701171875
2000-09-06,3103.659912109375
2000-09-07,3071.2099609375
2000-09-08,3049.340087890625
2000-09-11,3048.7099609375
2000-09-12,3048.860107421875
2000-09-13,3049.590087890625
2000-09-14,3046.68994140625
2000-09-15,3022.050048828125
2000-09-18,2986.489990234375
2000-09-19,2953.510009765625
2000-09-20,2975.050048828125
2000-09-21,2976.60009765625
2000-09-22,2973.679931640625
2000-09-25,2974.830078125
2000-09-26,2979.18994140625
2000-09-27,3007.820068359375
2000-09-28,3018.070068359375
2000-09-29,3056.010009765625
2000-10-02,3091.10009765625
2000-10-03,3094.860107421875
2000-10-04,3089.159912109375
2000-10-05,3094.320068359375
2000-10-06,3060.320068359375
2000-10-09,3007.02001953125
2000-10-10,3012.2900390625
2000-10-11,3005.85009765625
2000-10-12,2988.35009765625
2000-10-13,3011.429931640625
2000-10-16,3038.360107421875
2000-10-17,3006.169921875
2000-10-18,3007.8798828125
2000-10-19,3022.25
2000-10-20,3044.669921875
2000-10-23,3037.610107421875
2000-10-24,3053.010009765625
2000-10-25,3034.1298828125
2000-10-26,3051.919921875
2000-10-27,3076.070068359375
2000-10-30,3070.18994140625
2000-10-31,3110.110107421875
2000-11-01,3150.360107421875
2000-11-02,3172.02001953125
2000-11-03,3181.85009765625
2000-11-06,3198.7099609375
2000-11-07,3184.85009765625
2000-11-08,3174.010009765625
2000-11-09,3179.159912109375
2000-11-10,3147.2099609375
2000-11-13,3126.9599609375
2000-11-14,3148.300048828125
2000-11-15,3122.090087890625
2000-11-16,3142.8798828125
2000-11-17,3143.0400390625
2000-11-20,3110.800048828125
2000-11-21,3088.590087890625
2000-11-22,3068.39990234375
2000-11-23,3071.739990234375
2000-11-24,3063.969970703125
2000-11-27,3018.080078125
2000-11-28,2993.68994140625
2000-11-29,2956.18994140625
2000-11-30,2988.580078125
2000-12-01,3034.909912109375
2000-12-04,3008.389892578125
2000-12-05,3043.639892578125
2000-12-06,3028.909912109375
2000-12-07,3027.239990234375
2000-12-08,3033.3701171875
2000-12-11,3049.010009765625
2000-12-12,3037.510009765625
2000-12-13,3026.050048828125
2000-12-14,2972.989990234375
2000-12-15,2987.280029296875
2000-12-18,2971.969970703125
2000-12-19,2991.47998046875
2000-12-20,2993.679931640625
2000-12-21,2997.159912109375
2000-12-22,2996.449951171875
2000-12-27,3002.469970703125
2000-12-28,3024.489990234375
2001-01-02,3030.419921875
2001-01-03,3027.739990234375
2001-01-04,3014.8798828125
2001-01-05,3013.550048828125
2001-01-08,2995.22998046875
2001-01-09,3001.070068359375
2001-01-10,2980.199951171875
2001-01-11,2989.1201171875
2001-01-12,2991.10009765625
2001-01-15,2974.27001953125
2001-01-16,2962.070068359375
2001-01-17,2977.5400390625
2001-01-18,2966.409912109375
2001-01-19,2959.449951171875
2001-01-22,2969.330078125
2001-01-23,2989.8701171875
2001-01-24,2994.10009765625
2001-01-25,2986.080078125
2001-01-26,2979.820068359375
2001-01-29,2974.510009765625
2001-01-30,2970.75
2001-01-31,2968.610107421875
2001-02-01,2988.429931640625
2001-02-02,3002.14990234375
2001-02-05,3009.340087890625
2001-02-06,3019.110107421875
2001-02-07,3015.800048828125
2001-02-08,3002.9599609375
2001-02-09,2997.699951171875
2001-02-12,2998.93994140625
2001-02-13,3012.31005859375
2001-02-14,3013.659912109375
2001-02-15,3018.6298828125
2001-02-16,3001.580078125
2001-02-19,3000.3798828125
2001-02-20,2992.97998046875
2001-02-21,2979.080078125
2001-02-22,2956.969970703125
2001-02-23,2952.780029296875
2001-02-26,2966.580078125
2001-02-27,2981.93994140625
2001-02-28,2999.60009765625
2001-03-01,2969.43994140625
2001-03-02,2971.6298828125
2001-03-05,2984.169921875
2001-03-06,2990.81005859375
2001-03-07,2984.739990234375
2001-03-08,2967.679931640625
2001-03-09,2969.93994140625
2001-03-12,2942.419921875
2001-03-13,2899.89990234375
2001-03-14,2849.510009765625
2001-03-15,2818.02001953125
2001-03-16,2748.699951171875
2001-03-19,2708.860107421875
2001-03-20,2735.52001953125
2001-03-21,2683.159912109375
2001-03-22,2591.590087890625
2001-03-23,2635.2900390625
2001-03-26,2747.080078125
2001-03-27,2770.8701171875
2001-03-28,2759.7900390625
2001-03-29,2762.3798828125
2001-03-30,2838.409912109375
2001-04-02,2878.9599609375
2001-04-03,2844.820068359375
2001-04-04,2823.68994140625
2001-04-05,2867.110107421875
2001-04-06,2855.139892578125
2001-04-09,2899.43994140625
2001-04-10,2915.340087890625
2001-04-11,2890.949951171875
2001-04-12,2844.469970703125
2001-04-17,2849.5
2001-04-18,2875.81005859375
2001-04-19,2868.669921875
2001-04-20,2820.719970703125
2001-04-23,2780.9599609375
2001-04-24,2803.35009765625
2001-04-25,2811.22998046875
2001-04-26,2827.760009765625
2001-04-27,2840.949951171875
2001-04-30,2842.1298828125
2001-05-02,2839.610107421875
2001-05-03,2797.330078125
2001-05-04,2756.800048828125
2001-05-07,2772.969970703125
2001-05-08,2772.18994140625
2001-05-09,2778.320068359375
2001-05-10,2818.110107421875
2001-05-11,2825.2099609375
2001-05-14,2809.22998046875
2001-05-15,2803.43994140625
2001-05-16,2781.5400390625
2001-05-17,2775.719970703125
2001-05-18,2794.050048828125
2001-05-21,2772.2900390625
2001-05-22,2791.6298828125
2001-05-23,2802.35009765625
2001-05-24,2820.989990234375
2001-05-25,2787.570068359375
2001-05-28,2797.14990234375
2001-05-29,2790.320068359375
2001-05-30,2813.179931640625
2001-05-31,2786.159912109375
2001-06-01,2783.47998046875
2001-06-05,2849.280029296875
2001-06-06,2896.8798828125
2001-06-07,2878.429931640625
2001-06-08,2879.699951171875
2001-06-11,2856.3701171875
2001-06-12,2837.780029296875
2001-06-13,2857.090087890625
2001-06-14,2834.43994140625
2001-06-15,2805.9599609375
2001-06-18,2813.7099609375
2001-06-19,2810.4599609375
2001-06-20,2841.570068359375
2001-06-21,2846.050048828125
2001-06-22,2848.320068359375
2001-06-25,2839.159912109375
2001-06-26,2834.489990234375
2001-06-27,2846.64990234375
2001-06-28,2860.43994140625
2001-06-29,2885.030029296875
2001-07-02,2900.81005859375
2001-07-03,2886.64990234375
2001-07-04,2881.199951171875
2001-07-05,2907.719970703125
2001-07-06,2883.429931640625
2001-07-09,2871.330078125
2001-07-10,2877.1298828125
2001-07-11,2870.780029296875
2001-07-12,2897.4599609375
2001-07-13,2929.35009765625
2001-07-16,2934.31005859375
2001-07-17,2944.860107421875
2001-07-18,2948.5400390625
2001-07-19,2965.81005859375
2001-07-20,2954.340087890625
2001-07-23,2952.669921875
2001-07-24,2944.110107421875
2001-07-25,2916.330078125
2001-07-26,2897.550048828125
2001-07-27,2911.27001953125
2001-07-30,2923.889892578125
2001-07-31,2928.97998046875
2001-08-01,2944.989990234375
2001-08-02,2935.050048828125
2001-08-03,2924.530029296875
2001-08-06,2931.7900390625
2001-08-07,2921.81005859375
2001-08-08,2924.419921875
2001-08-09,2891.570068359375
2001-08-10,2892.27001953125
2001-08-13,2888.320068359375
2001-08-14,2893.510009765625
2001-08-15,2884.580078125
2001-08-16,2872.860107421875
2001-08-17,2837.510009765625
2001-08-20,2842.139892578125
2001-08-21,2848.090087890625
2001-08-22,2848.56005859375
2001-08-23,2874.260009765625
2001-08-24,2896.10009765625
2001-08-27,2898.169921875
2001-08-28,2895.85009765625
2001-08-29,2900.010009765625
2001-08-30,2890.889892578125
2001-08-31,2893.110107421875
2001-09-03,2881.550048828125
2001-09-04,2885.110107421875
2001-09-05,2888.1298828125
2001-09-06,2853.590087890625
2001-09-07,2777.550048828125
2001-09-10,2730.139892578125
2001-09-11,2581.18994140625
2001-09-12,2597.070068359375
2001-09-13,2603.14990234375
2001-09-14,2505.219970703125
2001-09-17,2503.02001953125
2001-09-18,2495.22998046875
2001-09-19,2483.3798828125
2001-09-20,2400.35009765625
2001-09-21,2322.60009765625
2001-09-24,2426.419921875
2001-09-25,2466.81005859375
2001-09-26,2493.659912109375
2001-09-27,2551.6201171875
2001-09-28,2642.550048828125
2001-10-01,2628.72998046875
2001-10-02,2665.510009765625
2001-10-03,2639.85009765625
2001-10-04,2695.989990234375
2001-10-05,2682.93994140625
2001-10-08,2666.840087890625
2001-10-09,2669.18994140625
2001-10-10,2700.9599609375
2001-10-11,2722.699951171875
2001-10-12,2691.280029296875
2001-10-15,2628.639892578125
2001-10-16,2617.679931640625
2001-10-17,2605.889892578125
2001-10-18,2604.570068359375
2001-10-19,2573.52001953125
2001-10-22,2604.97998046875
2001-10-23,2647.570068359375
2001-10-24,2643.3798828125
2001-10-25,2612.639892578125
2001-10-26,2646.97998046875
2001-10-29,2616.77001953125
2001-10-30,2586.010009765625
2001-10-31,2605.300048828125
2001-11-01,2606.5
2001-11-02,2619.85009765625
2001-11-05,2651.6298828125
2001-11-06,2662.510009765625
2001-11-07,2690.469970703125
2001-11-08,2718.2900390625
2001-11-09,2664.330078125
2001-11-12,2625.530029296875
2001-11-13,2673.27001953125
2001-11-14,2697.280029296875
2001-11-15,2694.93994140625
2001-11-16,2680.8701171875
2001-11-19,2707.080078125
2001-11-20,2691.340087890625
2001-11-21,2697.139892578125
2001-11-22,2684.340087890625
2001-11-23,2672.610107421875
2001-11-26,2648.199951171875
2001-11-27,2606.929931640625
2001-11-28,2585.18994140625
2001-11-29,2603.7900390625
2001-11-30,2633.820068359375
2001-12-03,2599.56005859375
2001-12-04,2596.510009765625
2001-12-05,2618.39990234375
2001-12-06,2641.3798828125
2001-12-07,2635.780029296875
2001-12-10,2620.10009765625
2001-12-11,2606.320068359375
2001-12-12,2601.260009765625
2001-12-13,2585.6201171875
2001-12-14,2580.830078125
2001-12-17,2618.3798828125
2001-12-18,2623.60009765625
2001-12-19,2643.31005859375
2001-12-20,2628.050048828125
2001-12-21,2660.610107421875
2001-12-24,2695.8798828125
2001-12-27,2755.93994140625
2001-12-28,2782.010009765625
2002-01-02,2728.550048828125
2002-01-03,2737.110107421875
2002-01-04,2708.830078125
2002-01-07,2692.47998046875
2002-01-08,2680.260009765625
2002-01-09,2678.139892578125
2002-01-10,2668.260009765625
2002-01-11,2661.590087890625
2002-01-14,2622.360107421875
2002-01-15,2658.77001953125
2002-01-16,2646.02001953125
2002-01-17,2707.6201171875
2002-01-18,2729.97998046875
2002-01-21,2725.81005859375
2002-01-22,2736.219970703125
2002-01-23,2771.030029296875
2002-01-24,2810.669921875
2002-01-25,2790.419921875
2002-01-28,2797.5
2002-01-29,2790.050048828125
2002-01-30,2738.090087890625
2002-01-31,2764.2099609375
2002-02-01,2773.719970703125
2002-02-04,2794.820068359375
2002-02-05,2747.97998046875
2002-02-06,2738.60009765625
2002-02-07,2747.989990234375
2002-02-08,2748.43994140625
2002-02-11,2779.18994140625
2002-02-12,2776.889892578125
2002-02-13,2788.3798828125
2002-02-14,2811.1201171875
2002-02-15,2789.81005859375
2002-02-18,2767.219970703125
2002-02-19,2705.27001953125
2002-02-20,2688.0400390625
2002-02-21,2691.56005859375
2002-02-22,2679.7900390625
2002-02-25,2696.699951171875
2002-02-26,2712.81005859375
2002-02-27,2730.5
2002-02-28,2748.68994140625
2002-03-01,2747.9599609375
2002-03-04,2775.6298828125
2002-03-05,2762.5
2002-03-06,2739.27001953125
2002-03-07,2724.10009765625
2002-03-08,2701.699951171875
2002-03-11,2725.14990234375
2002-03-12,2713.830078125
2002-03-13,2702.280029296875
2002-03-14,2689.739990234375
2002-03-15,2693.4599609375
2002-03-18,2712.489990234375
2002-03-19,2739.31005859375
2002-03-20,2726.320068359375
2002-03-21,2737.610107421875
2002-03-22,2755.919921875
2002-03-25,2762.830078125
2002-03-26,2772.75
2002-03-27,2761.93994140625
2002-03-28,2769.18994140625
2002-04-02,2755.050048828125
2002-04-03,2783.360107421875
2002-04-04,2805.22998046875
2002-04-05,2771.179931640625
2002-04-08,2752.840087890625
2002-04-09,2741.179931640625
2002-04-10,2763.469970703125
2002-04-11,2763.989990234375
2002-04-12,2792.550048828125
2002-04-15,2807.169921875
2002-04-16,2843.570068359375
2002-04-17,2847.360107421875
2002-04-18,2838.780029296875
2002-04-19,2867.330078125
2002-04-22,2874.56005859375
2002-04-23,2899.820068359375
2002-04-24,2893.10009765625
2002-04-25,2848.590087890625
2002-04-26,2813.830078125
2002-04-29,2771.68994140625
2002-04-30,2811.1201171875
2002-05-02,2791.949951171875
2002-05-03,2805.7099609375
2002-05-06,2817.25
2002-05-07,2784.780029296875
2002-05-08,2839.75
2002-05-09,2844.280029296875
2002-05-10,2840.239990234375
2002-05-13,2866.72998046875
2002-05-14,2889.639892578125
2002-05-15,2871.659912109375
2002-05-16,2856.4599609375
2002-05-17,2832.330078125
2002-05-20,2815.280029296875
2002-05-21,2815.47998046875
2002-05-22,2780.949951171875
2002-05-23,2792.860107421875
2002-05-24,2711.070068359375
2002-05-27,2710.760009765625
2002-05-28,2709.68994140625
2002-05-29,2750.1201171875
2002-05-30,2733.110107421875
2002-05-31,2727.419921875
2002-06-03,2707.6201171875
2002-06-04,2652.800048828125
2002-06-05,2646.68994140625
2002-06-06,2666.7900390625
2002-06-07,2665.1298828125
2002-06-10,2674.030029296875
2002-06-11,2671.89990234375
2002-06-12,2592.97998046875
2002-06-13,2521.1201171875
2002-06-14,2472.25
2002-06-17,2569.1298828125
2002-06-18,2546.14990234375
2002-06-19,2505.070068359375
2002-06-20,2450.7900390625
2002-06-21,2462.06005859375
2002-06-24,2402.169921875
2002-06-25,2456.8798828125
2002-06-26,2442.47998046875
2002-06-27,2463.77001953125
2002-06-28,2535.739990234375
2002-07-01,2536.010009765625
2002-07-02,2472.64990234375
2002-07-03,2408.530029296875
2002-07-04,2460.280029296875
2002-07-05,2552.27001953125
2002-07-08,2548.199951171875
2002-07-09,2523.0400390625
2002-07-10,2435.610107421875
2002-07-11,2329.14990234375
2002-07-12,2337.56005859375
2002-07-15,2262.89990234375
2002-07-16,2240.889892578125
2002-07-17,2272.3701171875
2002-07-18,2311.39990234375
2002-07-19,2210.989990234375
2002-07-22,2104.570068359375
2002-07-23,2042.3499755859375
2002-07-24,2001.5899658203125
2002-07-25,2101.570068359375
2002-07-26,2110.610107421875
2002-07-29,2245.239990234375
2002-07-30,2251.02001953125
2002-07-31,2255.800048828125
2002-08-01,2157.449951171875
2002-08-02,2116.669921875
2002-08-05,2047.06005859375
2002-08-06,2099.60009765625
2002-08-07,2119.179931640625
2002-08-08,2186.419921875
2002-08-09,2210.320068359375
2002-08-12,2186.719970703125
2002-08-13,2175.39990234375
2002-08-14,2135.64990234375
2002-08-15,2217.580078125
2002-08-16,2204.60009765625
2002-08-19,2278.320068359375
2002-08-20,2231.570068359375
2002-08-21,2252.919921875
2002-08-22,2320.3701171875
2002-08-23,2322.43994140625
2002-08-26,2312.929931640625
2002-08-27,2387.199951171875
2002-08-28,2290.550048828125
2002-08-29,2229.550048828125
2002-08-30,2246.31005859375
2002-09-02,2221.199951171875
2002-09-03,2150.39990234375
2002-09-04,2156.840087890625
2002-09-05,2133.610107421875
2002-09-06,2186.5
2002-09-09,2156.3798828125
2002-09-10,2201.1298828125
2002-09-11,2260.780029296875
2002-09-12,2201.64990234375
2002-09-13,2150.110107421875
2002-09-16,2134.300048828125
2002-09-17,2115.409912109375
2002-09-18,2014.97998046875
2002-09-19,1981.219970703125
2002-09-20,1958.1400146484375
2002-09-23,1882.97998046875
2002-09-24,1837.449951171875
2002-09-25,1888.8699951171875
2002-09-26,1946.550048828125
2002-09-27,1934.469970703125
2002-09-30,1869.0899658203125
2002-10-01,1899.5
2002-10-02,1949.8900146484375
2002-10-03,1909.3199462890625
2002-10-04,1859.6800537109375
2002-10-07,1842.2900390625
2002-10-08,1801.3499755859375
2002-10-09,1773.6700439453125
2002-10-10,1807.050048828125
2002-10-11,1903.300048828125
2002-10-14,1903.4300537109375
2002-10-15,2019.5999755859375
2002-10-16,2015.800048828125
2002-10-17,2038.93994140625
2002-10-18,2031.699951171875
2002-10-21,2030.56005859375
2002-10-22,2044.5799560546875
2002-10-23,1991.06005859375
2002-10-24,1992.3499755859375
2002-10-25,1973.530029296875
2002-10-28,1985.5699462890625
2002-10-29,1929.56005859375
2002-10-30,1956.27001953125
2002-10-31,1972.22998046875
2002-11-01,1968.1700439453125
2002-11-04,2016.449951171875
2002-11-05,2040.949951171875
2002-11-06,2031.7099609375
2002-11-07,2015.1400146484375
2002-11-08,1994.0899658203125
2002-11-11,1983.949951171875
2002-11-12,1979.1199951171875
2002-11-13,1962.93994140625
2002-11-14,2018.6700439453125
2002-11-15,2037.8599853515625
2002-11-18,2057.169921875
2002-11-19,2055.75
2002-11-20,2064.25
2002-11-21,2114.409912109375
2002-11-22,2099.610107421875
2002-11-25,2101.239990234375
2002-11-26,2055.93994140625
2002-11-27,2096.7900390625
2002-11-28,2080.8798828125
2002-11-29,2074.389892578125
2002-12-02,2074.9599609375
2002-12-03,2035.6099853515625
2002-12-04,2004.6600341796875
2002-12-05,1976.5799560546875
2002-12-06,2001.3900146484375
2002-12-09,1953.4300537109375
2002-12-10,1979.8599853515625
2002-12-11,2008.780029296875
2002-12-12,1988.8699951171875
2002-12-13,1960.9100341796875
2002-12-16,2003.5400390625
2002-12-17,2004.050048828125
2002-12-18,1975.52001953125
2002-12-19,1957.27001953125
2002-12-20,1974.93994140625
2002-12-23,2007.8800048828125
2002-12-24,2017.1600341796875
2002-12-27,1970.280029296875
2002-12-30,1986.6600341796875
2002-12-31,2025.0400390625
2003-01-02,2074.139892578125
2003-01-03,2040.3299560546875
2003-01-06,2043.9100341796875
2003-01-07,2029.280029296875
2003-01-08,1984.719970703125
2003-01-09,2003.3499755859375
2003-01-10,1984.5
2003-01-13,2007.43994140625
2003-01-14,2009.760009765625
2003-01-15,2011.280029296875
2003-01-16,1990.5799560546875
2003-01-17,1959.52001953125
2003-01-20,1944.77001953125
2003-01-21,1925.8699951171875
2003-01-22,1885.6800537109375
2003-01-23,1880.800048828125
2003-01-24,1873.0699462890625
2003-01-27,1825.43994140625
2003-01-28,1827.6500244140625
2003-01-29,1809.6199951171875
2003-01-30,1835.6500244140625
2003-01-31,1882.530029296875
2003-02-03,1880.0
2003-02-04,1838.4300537109375
2003-02-05,1846.4300537109375
2003-02-06,1810.7099609375
2003-02-07,1781.300048828125
2003-02-10,1755.1199951171875
2003-02-11,1801.4200439453125
2003-02-12,1765.3399658203125
2003-02-13,1744.280029296875
2003-02-14,1777.75
2003-02-17,1803.4000244140625
2003-02-18,1830.3199462890625
2003-02-19,1802.6199951171875
2003-02-20,1784.1199951171875
2003-02-21,1773.1300048828125
2003-02-24,1722.949951171875
2003-02-25,1670.18994140625
2003-02-26,1627.949951171875
2003-02-27,1630.6500244140625
2003-02-28,1671.9599609375
2003-03-03,1665.06005859375
2003-03-04,1630.9599609375
2003-03-05,1608.0899658203125
2003-03-06,1578.5400390625
2003-03-07,1530.1600341796875
2003-03-10,1491.8699951171875
2003-03-11,1463.4100341796875
2003-03-12,1426.5899658203125
2003-03-13,1566.1600341796875
2003-03-14,1679.469970703125
2003-03-17,1731.68994140625
2003-03-18,1684.1199951171875
2003-03-19,1706.43994140625
2003-03-20,1700.6500244140625
2003-03-21,1764.3900146484375
2003-03-24,1688.510009765625
2003-03-25,1704.3699951171875
2003-03-26,1719.3599853515625
2003-03-27,1683.949951171875
2003-03-28,1681.1600341796875
2003-03-31,1635.219970703125
2003-04-01,1650.5899658203125
2003-04-02,1718.22998046875
2003-04-03,1750.93994140625
2003-04-04,1788.8399658203125
2003-04-07,1857.280029296875
2003-04-08,1820.1700439453125
2003-04-09,1826.8299560546875
2003-04-10,1804.8699951171875
2003-04-11,1816.6099853515625
2003-04-14,1840.4599609375
2003-04-15,1891.1400146484375
2003-04-16,1886.449951171875
2003-04-17,1885.739990234375
2003-04-22,1889.9200439453125
2003-04-23,1917.6099853515625
2003-04-24,1870.0899658203125
2003-04-25,1846.7900390625
2003-04-28,1868.1500244140625
2003-04-29,1865.93994140625
2003-04-30,1871.8399658203125
2003-05-02,1866.449951171875
2003-05-05,1886.6800537109375
2003-05-06,1923.0400390625
2003-05-07,1940.3699951171875
2003-05-08,1899.8499755859375
2003-05-09,1921.9599609375
2003-05-12,1930.81005859375
2003-05-13,1920.2099609375
2003-05-14,1930.31005859375
2003-05-15,1930.5999755859375
2003-05-16,1960.8800048828125
2003-05-19,1891.9200439453125
2003-05-20,1908.8199462890625
2003-05-21,1877.81005859375
2003-05-22,1898.3800048828125
2003-05-23,1900.6099853515625
2003-05-26,1898.18994140625
2003-05-27,1898.010009765625
2003-05-28,1909.3900146484375
2003-05-29,1899.0400390625
2003-05-30,1925.6400146484375
2003-06-02,1944.9599609375
2003-06-03,1947.5699462890625
2003-06-04,1964.6300048828125
2003-06-05,1954.969970703125
2003-06-06,1988.8699951171875
2003-06-09,1964.1700439453125
2003-06-10,1976.93994140625
2003-06-11,1994.0
2003-06-12,1995.81005859375
2003-06-13,1948.02001953125
2003-06-16,1967.52001953125
2003-06-17,1970.7099609375
2003-06-18,1980.969970703125
2003-06-19,1948.9100341796875
2003-06-20,1971.780029296875
2003-06-23,1951.31005859375
2003-06-24,1929.6199951171875
2003-06-25,1941.4599609375
2003-06-26,1930.3900146484375
2003-06-27,1940.6600341796875
2003-06-30,1939.77001953125
2003-07-01,1899.8599853515625
2003-07-02,1931.3800048828125
2003-07-03,1927.280029296875
2003-07-04,1912.469970703125
2003-07-07,1966.699951171875
2003-07-08,1977.1500244140625
2003-07-09,1965.780029296875
2003-07-10,1948.969970703125
2003-07-11,1975.949951171875
2003-07-14,2000.02001953125
2003-07-15,1991.719970703125
2003-07-16,1971.6099853515625
2003-07-17,1981.510009765625
2003-07-18,1981.52001953125
2003-07-21,1963.050048828125
2003-07-22,1973.050048828125
2003-07-23,1966.0899658203125
2003-07-24,1984.969970703125
2003-07-25,1976.77001953125
2003-07-28,1994.77001953125
2003-07-29,1987.280029296875
2003-07-30,1999.699951171875
2003-07-31,2023.260009765625
2003-08-01,2020.1300048828125
2003-08-04,2017.0400390625
2003-08-05,2031.1800537109375
2003-08-06,2008.1400146484375
2003-08-07,2020.3800048828125
2003-08-08,2026.8900146484375
2003-08-11,2033.199951171875
2003-08-12,2043.1600341796875
2003-08-13,2037.0899658203125
2003-08-14,2057.4599609375
2003-08-15,2077.6298828125
2003-08-18,2090.75
2003-08-19,2116.31005859375
2003-08-20,2094.1298828125
2003-08-21,2112.02001953125
2003-08-22,2110.159912109375
2003-08-25,2104.719970703125
2003-08-26,2082.5400390625
2003-08-27,2090.93994140625
2003-08-28,2071.969970703125
2003-08-29,2043.8399658203125
2003-09-01,2073.0400390625
2003-09-02,2067.840087890625
2003-09-03,2107.929931640625
2003-09-04,2102.530029296875
2003-09-05,2096.419921875
2003-09-08,2115.219970703125
2003-09-09,2098.969970703125
2003-09-10,2072.280029296875
2003-09-11,2088.929931640625
2003-09-12,2089.969970703125
2003-09-15,2103.75
2003-09-16,2117.280029296875
2003-09-17,2122.030029296875
2003-09-18,2122.820068359375
2003-09-19,2109.8798828125
2003-09-22,2103.489990234375
2003-09-23,2092.780029296875
2003-09-24,2090.050048828125
2003-09-25,2080.969970703125
2003-09-26,2077.610107421875
2003-09-29,2070.85009765625
2003-09-30,2051.830078125
2003-10-01,2081.1201171875
2003-10-02,2080.85009765625
2003-10-03,2104.89990234375
2003-10-06,2103.949951171875
2003-10-07,2103.280029296875
2003-10-08,2100.469970703125
2003-10-09,2112.610107421875
2003-10-10,2109.8701171875
2003-10-13,2132.8701171875
2003-10-14,2122.97998046875
2003-10-15,2150.7099609375
2003-10-16,2144.77001953125
2003-10-17,2139.199951171875
2003-10-20,2147.5
2003-10-21,2146.360107421875
2003-10-22,2126.469970703125
2003-10-23,2103.89990234375
2003-10-24,2099.25
2003-10-27,2120.909912109375
2003-10-28,2132.3798828125
2003-10-29,2117.280029296875
2003-10-30,2138.010009765625
2003-10-31,2160.669921875
2003-11-03,2169.5400390625
2003-11-04,2165.469970703125
2003-11-05,2172.159912109375
2003-11-06,2185.989990234375
2003-11-07,2203.43994140625
2003-11-10,2200.780029296875
2003-11-11,2195.780029296875
2003-11-12,2187.699951171875
2003-11-13,2185.27001953125
2003-11-14,2197.60009765625
2003-11-17,2163.5400390625
2003-11-18,2155.1298828125
2003-11-19,2151.280029296875
2003-11-20,2143.080078125
2003-11-21,2151.2099609375
2003-11-24,2177.35009765625
2003-11-25,2177.06005859375
2003-11-26,2166.8798828125
2003-11-27,2173.68994140625
2003-11-28,2168.320068359375
2003-12-01,2186.780029296875
2003-12-02,2189.1201171875
2003-12-03,2206.300048828125
2003-12-04,2202.56005859375
2003-12-05,2195.989990234375
2003-12-08,2180.10009765625
2003-12-09,2186.02001953125
2003-12-10,2178.929931640625
2003-12-11,2177.81005859375
2003-12-12,2171.1298828125
2003-12-15,2172.840087890625
2003-12-16,2168.68994140625
2003-12-17,2170.169921875
2003-12-18,2190.1298828125
2003-12-19,2196.75
2003-12-22,2207.550048828125
2003-12-23,2220.159912109375
2003-12-24,2216.43994140625
2003-12-29,2231.0
2003-12-30,2238.52001953125
2003-12-31,2244.179931640625
2004-01-02,2270.7099609375
2004-01-05,2282.31005859375
2004-01-06,2293.43994140625
2004-01-07,2295.090087890625
2004-01-08,2317.030029296875
2004-01-09,2315.1298828125
2004-01-12,2314.590087890625
2004-01-13,2323.320068359375
2004-01-14,2346.4599609375
2004-01-15,2357.64990234375
2004-01-16,2381.639892578125
2004-01-19,2383.81005859375
2004-01-20,2372.179931640625
2004-01-21,2387.52001953125
2004-01-22,2390.35009765625
2004-01-23,2387.02001953125
2004-01-26,2384.830078125
2004-01-27,2392.340087890625
2004-01-28,2398.2099609375
2004-01-29,2381.89990234375
2004-01-30,2383.760009765625
2004-02-02,2405.8798828125
2004-02-03,2390.090087890625
2004-02-04,2379.77001953125
2004-02-05,2385.7099609375
2004-02-06,2396.550048828125
2004-02-09,2413.669921875
2004-02-10,2411.179931640625
2004-02-11,2418.7900390625
2004-02-12,2429.97998046875
2004-02-13,2423.840087890625
2004-02-16,2439.3701171875
2004-02-17,2460.090087890625
2004-02-18,2476.8701171875
2004-02-19,2493.27001953125
2004-02-20,2476.860107421875
2004-02-23,2493.85009765625
2004-02-24,2476.949951171875
2004-02-25,2476.39990234375
2004-02-26,2472.679931640625
2004-02-27,2483.159912109375
2004-03-01,2483.280029296875
2004-03-02,2491.25
2004-03-03,2481.830078125
2004-03-04,2507.050048828125
2004-03-05,2513.199951171875
2004-03-08,2517.280029296875
2004-03-09,2481.300048828125
2004-03-10,2477.030029296875
2004-03-11,2403.830078125
2004-03-12,2414.110107421875
2004-03-15,2360.22998046875
2004-03-16,2363.5400390625
2004-03-17,2403.6298828125
2004-03-18,2367.659912109375
2004-03-19,2358.8701171875
2004-03-22,2315.080078125
2004-03-23,2326.219970703125
2004-03-24,2321.550048828125
2004-03-25,2346.820068359375
2004-03-26,2362.300048828125
2004-03-29,2370.27001953125
2004-03-30,2369.419921875
2004-03-31,2380.35009765625
2004-04-01,2412.699951171875
2004-04-02,2441.080078125
2004-04-05,2448.60009765625
2004-04-06,2453.860107421875
2004-04-07,2455.3701171875
2004-04-08,2468.52001953125
2004-04-13,2501.080078125
2004-04-14,2476.070068359375
2004-04-15,2476.110107421875
2004-04-16,2496.610107421875
2004-04-19,2485.5400390625
2004-04-20,2496.989990234375
2004-04-21,2491.31005859375
2004-04-22,2500.780029296875
2004-04-23,2511.06005859375
2004-04-26,2501.3701171875
2004-04-27,2490.989990234375
2004-04-28,2463.419921875
2004-04-29,2445.139892578125
2004-04-30,2439.610107421875
2004-05-03,2451.260009765625
2004-05-04,2450.429931640625
2004-05-05,2458.800048828125
2004-05-06,2421.64990234375
2004-05-07,2406.39990234375
2004-05-10,2337.919921875
2004-05-11,2371.68994140625
2004-05-12,2362.0
2004-05-13,2386.14990234375
2004-05-14,2391.090087890625
2004-05-17,2360.1201171875
2004-05-18,2381.60009765625
2004-05-19,2413.219970703125
2004-05-20,2416.60009765625
2004-05-21,2419.5400390625
2004-05-24,2434.610107421875
2004-05-25,2404.530029296875
2004-05-26,2422.580078125
2004-05-27,2441.75
2004-05-28,2412.31005859375
2004-05-31,2415.429931640625
2004-06-01,2399.8798828125
2004-06-02,2414.699951171875
2004-06-03,2442.110107421875
2004-06-04,2461.27001953125
2004-06-07,2474.669921875
2004-06-08,2475.10009765625
2004-06-09,2470.1201171875
2004-06-10,2472.260009765625
2004-06-11,2450.159912109375
2004-06-14,2436.989990234375
2004-06-15,2446.5
2004-06-16,2450.77001953125
2004-06-17,2458.5400390625
2004-06-18,2471.820068359375
2004-06-21,2464.840087890625
2004-06-22,2454.60009765625
2004-06-23,2450.93994140625
2004-06-24,2458.840087890625
2004-06-25,2452.070068359375
2004-06-28,2460.679931640625
2004-06-29,2464.2099609375
2004-06-30,2470.659912109375
2004-07-01,2469.090087890625
2004-07-02,2459.340087890625
2004-07-05,2450.43994140625
2004-07-06,2435.18994140625
2004-07-07,2451.760009765625
2004-07-08,2443.889892578125
2004-07-09,2456.260009765625
2004-07-12,2447.27001953125
2004-07-13,2469.110107421875
2004-07-14,2465.139892578125
2004-07-15,2451.43994140625
2004-07-16,2453.739990234375
2004-07-19,2432.5400390625
2004-07-20,2444.85009765625
2004-07-21,2461.090087890625
2004-07-22,2422.85009765625
2004-07-23,2415.52001953125
2004-07-26,2406.22998046875
2004-07-27,2438.02001953125
2004-07-28,2440.10009765625
2004-07-29,2478.110107421875
2004-07-30,2465.1298828125
2004-08-02,2470.75
2004-08-03,2495.56005859375
2004-08-04,2486.39990234375
2004-08-05,2511.3798828125
2004-08-06,2480.52001953125
2004-08-09,2452.159912109375
2004-08-10,2475.27001953125
2004-08-11,2461.889892578125
2004-08-12,2467.929931640625
2004-08-13,2453.52001953125
2004-08-16,2471.97998046875
2004-08-17,2479.169921875
2004-08-18,2477.169921875
2004-08-19,2491.18994140625
2004-08-20,2490.56005859375
2004-08-23,2512.739990234375
2004-08-24,2510.60009765625
2004-08-25,2530.030029296875
2004-08-26,2550.6298828125
2004-08-27,2562.47998046875
2004-08-30,2562.56005859375
2004-08-31,2558.080078125
2004-09-01,2584.530029296875
2004-09-02,2592.889892578125
2004-09-03,2621.27001953125
2004-09-06,2626.8798828125
2004-09-07,2626.52001953125
2004-09-08,2631.699951171875
2004-09-09,2624.3701171875
2004-09-10,2628.39990234375
2004-09-13,2635.699951171875
2004-09-14,2639.56005859375
2004-09-15,2656.169921875
2004-09-16,2658.330078125
2004-09-17,2670.830078125
2004-09-20,2662.85009765625
2004-09-21,2678.25
2004-09-22,2665.590087890625
2004-09-23,2640.8798828125
2004-09-24,2657.090087890625
2004-09-27,2652.47998046875
2004-09-28,2665.699951171875
2004-09-29,2690.929931640625
2004-09-30,2693.2099609375
2004-10-01,2725.1201171875
2004-10-04,2760.030029296875
2004-10-05,2765.830078125
2004-10-06,2775.199951171875
2004-10-07,2771.840087890625
2004-10-08,2759.6201171875
2004-10-11,2759.159912109375
2004-10-12,2730.989990234375
2004-10-13,2752.510009765625
2004-10-14,2747.6298828125
2004-10-15,2743.56005859375
2004-10-18,2752.820068359375
2004-10-19,2768.280029296875
2004-10-20,2755.7900390625
2004-10-21,2764.1201171875
2004-10-22,2765.8701171875
2004-10-25,2730.580078125
2004-10-26,2732.2900390625
2004-10-27,2758.919921875
2004-10-28,2785.85009765625
2004-10-29,2785.449951171875
2004-11-01,2808.60009765625
2004-11-02,2828.110107421875
2004-11-03,2840.4599609375
2004-11-04,2827.60009765625
2004-11-05,2838.989990234375
2004-11-08,2829.919921875
2004-11-09,2833.699951171875
2004-11-10,2849.760009765625
2004-11-11,2870.679931640625
2004-11-12,2862.31005859375
2004-11-15,2851.35009765625
2004-11-16,2830.5
2004-11-17,2841.070068359375
2004-11-18,2840.989990234375
2004-11-19,2862.39990234375
2004-11-22,2861.530029296875
2004-11-23,2858.9599609375
2004-11-24,2872.25
2004-11-25,2875.469970703125
2004-11-26,2881.3798828125
2004-11-29,2866.860107421875
2004-11-30,2850.949951171875
2004-12-01,2885.97998046875
2004-12-02,2905.449951171875
2004-12-03,2895.06005859375
2004-12-06,2894.610107421875
2004-12-07,2911.199951171875
2004-12-08,2906.389892578125
2004-12-09,2897.949951171875
2004-12-10,2901.0
2004-12-13,2921.97998046875
2004-12-14,2926.389892578125
2004-12-15,2927.360107421875
2004-12-16,2933.60009765625
2004-12-17,2915.31005859375
2004-12-20,2922.300048828125
2004-12-21,2931.47998046875
2004-12-22,2950.10009765625
2004-12-23,2944.85009765625
2004-12-24,2940.3798828125
2004-12-27,2943.77001953125
2004-12-28,2938.300048828125
2004-12-29,2933.340087890625
2004-12-30,2933.719970703125
2004-12-31,2932.6201171875
2005-01-03,2969.360107421875
2005-01-04,2987.090087890625
2005-01-05,2971.7900390625
2005-01-06,2992.429931640625
2005-01-07,3002.64990234375
2005-01-10,3001.239990234375
2005-01-11,2980.22998046875
2005-01-12,2973.919921875
2005-01-13,2959.719970703125
2005-01-14,2958.7900390625
2005-01-17,2974.77001953125
2005-01-18,2969.489990234375
2005-01-19,2967.2900390625
2005-01-20,2962.39990234375
2005-01-21,2979.179931640625
2005-01-24,2971.22998046875
2005-01-25,3000.330078125
2005-01-26,3008.580078125
2005-01-27,3005.409912109375
2005-01-28,2985.31005859375
2005-01-31,2997.60009765625
2005-02-01,3010.570068359375
2005-02-02,3027.39990234375
2005-02-03,3043.47998046875
2005-02-04,3067.1298828125
2005-02-07,3073.52001953125
2005-02-08,3081.4599609375
2005-02-09,3085.1298828125
2005-02-10,3077.68994140625
2005-02-11,3112.27001953125
2005-02-14,3101.570068359375
2005-02-15,3128.85009765625
2005-02-16,3121.6201171875
2005-02-17,3115.090087890625
2005-02-18,3115.679931640625
2005-02-21,3093.60009765625
2005-02-22,3077.949951171875
2005-02-23,3053.56005859375
2005-02-24,3048.52001953125
2005-02-25,3070.06005859375
2005-02-28,3106.5400390625
2005-03-01,3117.760009765625
2005-03-02,3097.659912109375
2005-03-03,3090.97998046875
2005-03-04,3121.659912109375
2005-03-07,3153.1201171875
2005-03-08,3152.47998046875
2005-03-09,3133.64990234375
2005-03-10,3098.25
2005-03-11,3098.989990234375
2005-03-14,3081.070068359375
2005-03-15,3096.60009765625
2005-03-16,3076.070068359375
2005-03-17,3075.889892578125
2005-03-18,3090.93994140625
2005-03-21,3093.570068359375
2005-03-22,3084.72998046875
2005-03-23,3068.7099609375
2005-03-24,3128.489990234375
2005-03-29,3119.3701171875
2005-03-30,3125.010009765625
2005-03-31,3125.669921875
2005-04-01,3140.330078125
2005-04-04,3129.52001953125
2005-04-05,3145.25
2005-04-06,3174.550048828125
2005-04-07,3177.199951171875
2005-04-08,3182.22998046875
2005-04-11,3185.429931640625
2005-04-12,3175.780029296875
2005-04-13,3197.2900390625
2005-04-14,3170.510009765625
2005-04-15,3141.889892578125
2005-04-18,3064.1298828125
2005-04-19,3090.35009765625
2005-04-20,3068.469970703125
2005-04-21,3068.77001953125
2005-04-22,3086.72998046875
2005-04-25,3102.530029296875
2005-04-26,3097.860107421875
2005-04-27,3042.27001953125
2005-04-28,3024.75
2005-04-29,3039.7099609375
2005-05-02,3048.669921875
2005-05-03,3046.409912109375
2005-05-04,3066.719970703125
2005-05-05,3091.7900390625
2005-05-06,3098.330078125
2005-05-09,3083.7099609375
2005-05-10,3066.429931640625
2005-05-11,3061.75
2005-05-12,3055.429931640625
2005-05-13,3037.280029296875
2005-05-16,3029.469970703125
2005-05-17,3021.280029296875
2005-05-18,3054.43994140625
2005-05-19,3073.7099609375
2005-05-20,3073.52001953125
2005-05-23,3080.77001953125
2005-05-24,3070.860107421875
2005-05-25,3076.139892578125
2005-05-26,3055.9599609375
2005-05-27,3047.199951171875
2005-05-30,3056.199951171875
2005-05-31,3051.669921875
2005-06-01,3073.949951171875
2005-06-02,3075.010009765625
2005-06-03,3083.5400390625
2005-06-06,3062.3701171875
2005-06-07,3071.169921875
2005-06-08,3060.2900390625
2005-06-09,3082.06005859375
2005-06-10,3100.39990234375
2005-06-13,3101.080078125
2005-06-14,3109.360107421875
2005-06-15,3109.39990234375
2005-06-16,3128.580078125
2005-06-17,3109.889892578125
2005-06-20,3092.6201171875
2005-06-21,3116.31005859375
2005-06-22,3137.830078125
2005-06-23,3132.580078125
2005-06-24,3109.409912109375
2005-06-27,3075.47998046875
2005-06-28,3084.47998046875
2005-06-29,3112.090087890625
2005-06-30,3112.830078125
2005-07-01,3125.3798828125
2005-07-04,3126.64990234375
2005-07-05,3113.260009765625
2005-07-06,3121.919921875
2005-07-07,3089.93994140625
2005-07-08,3107.010009765625
2005-07-11,3135.179931640625
2005-07-12,3121.610107421875
2005-07-13,3137.56005859375
2005-07-14,3170.010009765625
2005-07-15,3164.31005859375
2005-07-18,3156.429931640625
2005-07-19,3188.570068359375
2005-07-20,3185.3701171875
2005-07-21,3202.14990234375
2005-07-22,3186.0
2005-07-25,3186.97998046875
2005-07-26,3198.570068359375
2005-07-27,3217.81005859375
2005-07-28,3232.77001953125
2005-07-29,3228.010009765625
2005-08-01,3234.050048828125
2005-08-02,3251.64990234375
2005-08-03,3269.739990234375
2005-08-04,3256.4599609375
2005-08-05,3249.449951171875
2005-08-08,3253.56005859375
2005-08-09,3300.6298828125
2005-08-10,3314.81005859375
2005-08-11,3302.510009765625
2005-08-12,3286.699951171875
2005-08-15,3280.530029296875
2005-08-16,3285.010009765625
2005-08-17,3279.300048828125
2005-08-18,3252.830078125
2005-08-19,3272.110107421875
2005-08-22,3270.909912109375
2005-08-23,3244.449951171875
2005-08-24,3234.489990234375
2005-08-25,3228.469970703125
2005-08-26,3205.1298828125
2005-08-29,3206.679931640625
2005-08-30,3211.239990234375
2005-08-31,3223.97998046875
2005-09-01,3228.5
2005-09-02,3221.81005859375
2005-09-05,3236.6201171875
2005-09-06,3251.18994140625
2005-09-07,3257.77001953125
2005-09-08,3242.050048828125
2005-09-09,3249.3701171875
2005-09-12,3261.929931640625
2005-09-13,3249.929931640625
2005-09-14,3266.340087890625
2005-09-15,3265.47998046875
2005-09-16,3275.739990234375
2005-09-19,3282.909912109375
2005-09-20,3288.75
2005-09-21,3284.6201171875
2005-09-22,3287.070068359375
2005-09-23,3298.139892578125
2005-09-26,3328.169921875
2005-09-27,3320.739990234375
2005-09-28,3343.64990234375
2005-09-29,3324.570068359375
2005-09-30,3328.800048828125
2005-10-03,3353.389892578125
2005-10-04,3373.830078125
2005-10-05,3363.2900390625
2005-10-06,3339.77001953125
2005-10-07,3329.6201171875
2005-10-10,3331.6201171875
2005-10-11,3338.179931640625
2005-10-12,3329.110107421875
2005-10-13,3300.4599609375
2005-10-14,3309.260009765625
2005-10-17,3291.9599609375
2005-10-18,3289.449951171875
2005-10-19,3238.75
2005-10-20,3255.47998046875
2005-10-21,3239.139892578125
2005-10-24,3266.080078125
2005-10-25,3265.169921875
2005-10-26,3265.219970703125
2005-10-27,3233.39990234375
2005-10-28,3224.31005859375
2005-10-31,3264.260009765625
2005-11-01,3270.429931640625
2005-11-02,3277.219970703125
2005-11-03,3305.760009765625
2005-11-04,3305.889892578125
2005-11-07,3329.81005859375
2005-11-08,3336.580078125
2005-11-09,3337.330078125
2005-11-10,3362.260009765625
2005-11-11,3390.5400390625
2005-11-14,3388.4599609375
2005-11-15,3387.610107421875
2005-11-16,3363.719970703125
2005-11-17,3363.610107421875
2005-11-18,3370.659912109375
2005-11-21,3386.669921875
2005-11-22,3394.389892578125
2005-11-23,3400.22998046875
2005-11-24,3399.31005859375
2005-11-25,3421.739990234375
2005-11-28,3413.699951171875
2005-11-29,3406.030029296875
2005-11-30,3394.139892578125
2005-12-01,3432.669921875
2005-12-02,3458.89990234375
2005-12-05,3445.610107421875
2005-12-06,3458.510009765625
2005-12-07,3464.469970703125
2005-12-08,3456.39990234375
2005-12-09,3448.050048828125
2005-12-12,3454.800048828125
2005-12-13,3457.860107421875
2005-12-14,3462.6298828125
2005-12-15,3443.9599609375
2005-12-16,3495.280029296875
2005-12-19,3501.31005859375
2005-12-20,3509.110107421875
2005-12-21,3542.1298828125
2005-12-22,3544.469970703125
2005-12-23,3542.360107421875
2005-12-27,3567.300048828125
2005-12-28,3567.2099609375
2005-12-29,3575.18994140625
2005-12-30,3549.25
2006-01-02,3573.8701171875
2006-01-03,3603.93994140625
2006-01-04,3638.4599609375
2006-01-05,3639.330078125
2006-01-06,3643.739990234375
2006-01-09,3642.2099609375
2006-01-10,3638.090087890625
2006-01-11,3663.14990234375
2006-01-12,3676.22998046875
2006-01-13,3672.0400390625
2006-01-16,3691.070068359375
2006-01-17,3646.77001953125
2006-01-18,3638.97998046875
2006-01-19,3674.0400390625
2006-01-20,3656.969970703125
2006-01-23,3651.0
2006-01-24,3654.179931640625
2006-01-25,3682.389892578125
2006-01-26,3726.989990234375
2006-01-27,3760.3798828125
2006-01-30,3756.2099609375
2006-01-31,3744.6298828125
2006-02-01,3776.159912109375
2006-02-02,3769.260009765625
2006-02-03,3766.429931640625
2006-02-06,3775.14990234375
2006-02-07,3781.31005859375
2006-02-08,3774.969970703125
2006-02-09,3806.77001953125
2006-02-10,3793.909912109375
2006-02-13,3785.340087890625
2006-02-14,3774.159912109375
2006-02-15,3770.77001953125
2006-02-16,3782.47998046875
2006-02-17,3794.570068359375
2006-02-20,3802.489990234375
2006-02-21,3835.469970703125
2006-02-22,3900.10009765625
2006-02-23,3901.780029296875
2006-02-24,3929.1201171875
2006-02-27,3901.679931640625
2006-02-28,3839.25
2006-03-01,3882.8798828125
2006-03-02,3852.43994140625
2006-03-03,3827.169921875
2006-03-06,3882.7099609375
2006-03-07,3850.110107421875
2006-03-08,3852.18994140625
2006-03-09,3864.0400390625
2006-03-10,3901.669921875
2006-03-13,3922.02001953125
2006-03-14,3953.610107421875
2006-03-15,3945.389892578125
2006-03-16,3942.2900390625
2006-03-17,3955.300048828125
2006-03-20,3955.35009765625
2006-03-21,3968.31005859375
2006-03-22,3977.9599609375
2006-03-23,3972.489990234375
2006-03-24,3976.659912109375
2006-03-27,3944.35009765625
2006-03-28,3918.080078125
2006-03-29,3913.75
2006-03-30,3942.080078125
2006-03-31,3912.280029296875
2006-04-03,3921.5
2006-04-04,3914.070068359375
2006-04-05,3929.610107421875
2006-04-06,3933.22998046875
2006-04-07,3917.840087890625
2006-04-10,3908.909912109375
2006-04-11,3850.610107421875
2006-04-12,3837.330078125
2006-04-13,3842.0
2006-04-18,3835.25
2006-04-19,3861.830078125
2006-04-20,3875.64990234375
2006-04-21,3901.68994140625
2006-04-24,3900.3798828125
2006-04-25,3930.110107421875
2006-04-26,3928.260009765625
2006-04-27,3919.889892578125
2006-04-28,3911.06005859375
2006-05-02,3934.570068359375
2006-05-03,3928.090087890625
2006-05-04,3951.949951171875
2006-05-05,3982.169921875
2006-05-08,3972.2099609375
2006-05-09,3987.340087890625
2006-05-10,3966.590087890625
2006-05-11,3954.610107421875
2006-05-12,3887.449951171875
2006-05-15,3802.909912109375
2006-05-16,3810.580078125
2006-05-17,3691.739990234375
2006-05-18,3678.2099609375
2006-05-19,3702.760009765625
2006-05-22,3568.0
2006-05-23,3659.570068359375
2006-05-24,3640.179931640625
2006-05-25,3684.570068359375
2006-05-26,3756.64990234375
2006-05-29,3746.18994140625
2006-05-30,3641.1201171875
2006-05-31,3675.800048828125
2006-06-01,3672.2900390625
2006-06-02,3678.830078125
2006-06-05,3640.35009765625
2006-06-06,3562.7900390625
2006-06-07,3585.64990234375
2006-06-08,3510.10009765625
2006-06-09,3547.179931640625
2006-06-12,3521.93994140625
2006-06-13,3445.10009765625
2006-06-14,3445.2900390625
2006-06-15,3530.550048828125
2006-06-16,3507.7900390625
2006-06-19,3516.699951171875
2006-06-20,3547.4599609375
2006-06-21,3561.260009765625
2006-06-22,3589.0
2006-06-23,3593.330078125
2006-06-26,3588.39990234375
2006-06-27,3570.780029296875
2006-06-28,3585.77001953125
2006-06-29,3638.81005859375
2006-06-30,3703.320068359375
2006-07-03,3737.550048828125
2006-07-04,3727.340087890625
2006-07-05,3683.330078125
2006-07-06,3727.389892578125
2006-07-07,3715.909912109375
2006-07-10,3743.56005859375
2006-07-11,3701.760009765625
2006-07-12,3718.090087890625
2006-07-13,3631.10009765625
2006-07-14,3597.06005859375
2006-07-17,3587.31005859375
2006-07-18,3590.27001953125
2006-07-19,3660.47998046875
2006-07-20,3686.739990234375
2006-07-21,3660.39990234375
2006-07-24,3732.27001953125
2006-07-25,3732.639892578125
2006-07-26,3722.7099609375
2006-07-27,3784.159912109375
2006-07-28,3797.8798828125
2006-07-31,3795.909912109375
2006-08-01,3754.68994140625
2006-08-02,3807.909912109375
2006-08-03,3788.989990234375
2006-08-04,3828.5400390625
2006-08-07,3778.330078125
2006-08-08,3793.25
2006-08-09,3811.590087890625
2006-08-10,3804.4599609375
2006-08-11,3822.1201171875
2006-08-14,3856.909912109375
2006-08-15,3907.050048828125
2006-08-16,3907.7900390625
2006-08-17,3902.4599609375
2006-08-18,3912.860107421875
2006-08-21,3899.530029296875
2006-08-22,3908.1298828125
2006-08-23,3872.570068359375
2006-08-24,3886.360107421875
2006-08-25,3887.7099609375
2006-08-28,3919.919921875
2006-08-29,3929.719970703125
2006-08-30,3945.419921875
2006-08-31,3906.010009765625
2006-09-01,3924.260009765625
2006-09-04,3928.320068359375
2006-09-05,3929.1298828125
2006-09-06,3885.199951171875
2006-09-07,3867.919921875
2006-09-08,3881.72998046875
2006-09-11,3874.010009765625
2006-09-12,3937.510009765625
2006-09-13,3957.909912109375
2006-09-14,3968.7900390625
2006-09-15,3984.8701171875
2006-09-18,3986.18994140625
2006-09-19,3971.8798828125
2006-09-20,4021.989990234375
2006-09-21,4029.820068359375
2006-09-22,3988.320068359375
2006-09-25,4006.14990234375
2006-09-26,4031.14990234375
2006-09-27,4062.429931640625
2006-09-28,4063.81005859375
2006-09-29,4070.780029296875
2006-10-02,4070.31005859375
2006-10-03,4059.159912109375
2006-10-04,4084.080078125
2006-10-05,4097.02001953125
2006-10-06,4090.469970703125
2006-10-09,4103.41015625
2006-10-10,4129.22998046875
2006-10-11,4129.27978515625
2006-10-12,4181.740234375
2006-10-13,4174.89990234375
2006-10-16,4174.10009765625
2006-10-17,4119.509765625
2006-10-18,4167.06005859375
2006-10-19,4159.58984375
2006-10-20,4173.2998046875
2006-10-23,4185.2099609375
2006-10-24,4163.39990234375
2006-10-25,4174.169921875
2006-10-26,4176.7001953125
2006-10-27,4152.31982421875
2006-10-30,4138.06982421875
2006-10-31,4144.3798828125
2006-11-01,4165.97021484375
2006-11-02,4137.669921875
2006-11-03,4180.68017578125
2006-11-06,4201.08984375
2006-11-07,4213.2998046875
2006-11-08,4220.7900390625
2006-11-09,4217.009765625
2006-11-10,4219.0400390625
2006-11-13,4239.64013671875
2006-11-14,4234.7001953125
2006-11-15,4273.81005859375
2006-11-16,4265.759765625
2006-11-17,4223.18994140625
2006-11-20,4220.97998046875
2006-11-21,4231.22998046875
2006-11-22,4221.7900390625
2006-11-23,4194.89990234375
2006-11-24,4183.35986328125
2006-11-27,4132.509765625
2006-11-28,4111.509765625
2006-11-29,4165.3701171875
2006-11-30,4140.2998046875
2006-12-01,4114.52001953125
2006-12-04,4144.39013671875
2006-12-05,4174.85009765625
2006-12-06,4179.009765625
2006-12-07,4224.68994140625
2006-12-08,4255.06005859375
2006-12-11,4280.81982421875
2006-12-12,4290.27001953125
2006-12-13,4305.5
2006-12-14,4330.259765625
2006-12-15,4347.0400390625
2006-12-18,4359.7998046875
2006-12-19,4339.6298828125
2006-12-20,4345.2900390625
2006-12-21,4366.52001953125
2006-12-22,4350.919921875
2006-12-27,4362.85009765625
2006-12-28,4367.02001953125
2006-12-29,4388.52978515625
2007-01-02,4454.16015625
2007-01-03,4466.93017578125
2007-01-04,4421.259765625
2007-01-05,4381.56005859375
2007-01-08,4406.58984375
2007-01-09,4426.14990234375
2007-01-10,4405.8701171875
2007-01-11,4473.580078125
2007-01-12,4485.89013671875
2007-01-15,4494.10986328125
2007-01-16,4468.27978515625
2007-01-17,4464.85986328125
2007-01-18,4467.39013671875
2007-01-19,4472.72998046875
2007-01-22,4457.009765625
2007-01-23,4429.3798828125
2007-01-24,4465.14990234375
2007-01-25,4438.5498046875
2007-01-26,4399.8701171875
2007-01-29,4415.169921875
2007-01-30,4435.97998046875
2007-01-31,4433.56982421875
2007-02-01,4467.81005859375
2007-02-02,4507.2900390625
2007-02-05,4504.4501953125
2007-02-06,4530.10009765625
2007-02-07,4544.93017578125
2007-02-08,4505.85009765625
2007-02-09,4518.830078125
2007-02-12,4500.7900390625
2007-02-13,4528.08984375
2007-02-14,4547.830078125
2007-02-15,4544.740234375
2007-02-16,4532.75
2007-02-19,4551.27001953125
2007-02-20,4535.4501953125
2007-02-21,4515.43994140625
2007-02-22,4509.81982421875
2007-02-23,4495.7099609375
2007-02-26,4519.02978515625
2007-02-27,4387.3701171875
2007-02-28,4305.22998046875
2007-03-01,4267.759765625
2007-03-02,4272.02001953125
2007-03-05,4218.169921875
2007-03-06,4249.60986328125
2007-03-07,4301.18994140625
2007-03-08,4369.5498046875
2007-03-09,4378.27978515625
2007-03-12,4359.77001953125
2007-03-13,4301.77978515625
2007-03-14,4196.56005859375
2007-03-15,4262.7900390625
2007-03-16,4257.2099609375
2007-03-19,4364.64990234375
2007-03-20,4373.75
2007-03-21,4382.259765625
2007-03-22,4470.14990234375
2007-03-23,4500.75
2007-03-26,4448.509765625
2007-03-27,4472.22021484375
2007-03-28,4441.22998046875
2007-03-29,4493.7001953125
2007-03-30,4471.64990234375
2007-04-02,4485.68994140625
2007-04-03,4547.419921875
2007-04-04,4558.5
2007-04-05,4553.6298828125
2007-04-10,4595.72021484375
2007-04-11,4587.7001953125
2007-04-12,4568.240234375
2007-04-13,4581.259765625
2007-04-16,4614.85986328125
2007-04-17,4602.16015625
2007-04-18,4576.41015625
2007-04-19,4549.93994140625
2007-04-20,4630.43017578125
2007-04-23,4612.5
2007-04-24,4612.31005859375
2007-04-25,4641.22998046875
2007-04-26,4657.97998046875
2007-04-27,4643.43017578125
2007-04-30,4614.759765625
2007-05-02,4675.8701171875
2007-05-03,4706.52001953125
2007-05-04,4719.259765625
2007-05-07,4739.580078125
2007-05-08,4708.2998046875
2007-05-09,4715.41015625
2007-05-10,4674.60986328125
2007-05-11,4667.1201171875
2007-05-14,4658.759765625
2007-05-15,4662.4599609375
2007-05-16,4673.2998046875
2007-05-17,4690.25
2007-05-18,4749.4501953125
2007-05-21,4728.6298828125
2007-05-22,4730.169921875
2007-05-23,4756.81982421875
2007-05-24,4704.5498046875
2007-05-25,4671.7099609375
2007-05-28,4689.509765625
2007-05-29,4660.330078125
2007-05-30,4652.66015625
2007-05-31,4697.85986328125
2007-06-01,4707.5
2007-06-04,4690.77978515625
2007-06-05,4676.43017578125
2007-06-06,4587.919921875
2007-06-07,4511.39013671875
2007-06-08,4507.89990234375
2007-06-11,4565.77001953125
2007-06-12,4549.009765625
2007-06-13,4571.669921875
2007-06-14,4640.14990234375
2007-06-15,4681.669921875
2007-06-18,4676.259765625
2007-06-19,4653.330078125
2007-06-20,4676.89990234375
2007-06-21,4646.72998046875
2007-06-22,4641.5498046875
2007-06-25,4642.419921875
2007-06-26,4599.5
2007-06-27,4572.91015625
2007-06-28,4610.2001953125
2007-06-29,4639.39990234375
2007-07-02,4591.7099609375
2007-07-03,4635.2998046875
2007-07-04,4657.93994140625
2007-07-05,4640.240234375
2007-07-06,4655.56005859375
2007-07-09,4656.52978515625
2007-07-10,4616.60009765625
2007-07-11,4590.22998046875
2007-07-12,4636.56982421875
2007-07-13,4645.080078125
2007-07-16,4637.18017578125
2007-07-17,4594.5
2007-07-18,4568.990234375
2007-07-19,4607.47021484375
2007-07-20,4579.35986328125
2007-07-23,4610.10986328125
2007-07-24,4542.169921875
2007-07-25,4484.580078125
2007-07-26,4369.97021484375
2007-07-27,4341.990234375
2007-07-30,4336.02978515625
2007-07-31,4384.47021484375
2007-08-01,4311.7998046875
2007-08-02,4326.27978515625
2007-08-03,4281.14013671875
2007-08-06,4234.990234375
2007-08-07,4281.009765625
2007-08-08,4320.8701171875
2007-08-09,4214.919921875
2007-08-10,4096.2001953125
2007-08-13,4185.18994140625
2007-08-14,4126.60986328125
2007-08-15,4114.89013671875
2007-08-16,3989.06005859375
2007-08-17,4070.47998046875
2007-08-20,4117.02001953125
2007-08-21,4116.97998046875
2007-08-22,4171.02001953125
2007-08-23,4184.93994140625
2007-08-24,4225.77978515625
2007-08-27,4233.85986328125
2007-08-28,4186.14990234375
2007-08-29,4213.06005859375
2007-08-30,4304.9599609375
2007-08-31,4350.830078125
2007-09-03,4358.5498046875
2007-09-04,4376.22021484375
2007-09-05,4321.16015625
2007-09-06,4330.4501953125
2007-09-07,4227.47021484375
2007-09-10,4190.77001953125
2007-09-11,4250.7001953125
2007-09-12,4255.669921875
2007-09-13,4284.1201171875
2007-09-14,4259.5400390625
2007-09-17,4209.4501953125
2007-09-18,4278.93017578125
2007-09-19,4384.7001953125
2007-09-20,4354.64990234375
2007-09-21,4357.18994140625
2007-09-24,4309.93994140625
2007-09-25,4241.740234375
2007-09-26,4286.919921875
2007-09-27,4326.35986328125
2007-09-28,4325.2900390625
2007-10-01,4338.89990234375
2007-10-02,4363.81982421875
2007-10-03,4379.7001953125
2007-10-04,4434.91015625
2007-10-05,4460.2900390625
2007-10-08,4454.169921875
2007-10-09,4499.06982421875
2007-10-10,4510.60009765625
2007-10-11,4534.91015625
2007-10-12,4532.06005859375
2007-10-15,4501.97998046875
2007-10-16,4476.56005859375
2007-10-17,4506.39990234375
2007-10-18,4457.77978515625
2007-10-19,4416.419921875
2007-10-22,4373.56982421875
2007-10-23,4404.39990234375
2007-10-24,4336.43994140625
2007-10-25,4393.68994140625
2007-10-26,4399.2099609375
2007-10-29,4409.47998046875
2007-10-30,4384.0
2007-10-31,4441.81982421875
2007-11-01,4361.2900390625
2007-11-02,4309.81982421875
2007-11-05,4284.2099609375
2007-11-06,4302.14990234375
2007-11-07,4246.85009765625
2007-11-08,4107.7998046875
2007-11-09,4048.610107421875
2007-11-12,4055.340087890625
2007-11-13,4093.02001953125
2007-11-14,4142.64990234375
2007-11-15,4106.91015625
2007-11-16,4060.7099609375
2007-11-19,3991.739990234375
2007-11-20,4009.8701171875
2007-11-21,3882.3701171875
2007-11-22,3923.219970703125
2007-11-23,4011.949951171875
2007-11-26,4009.52001953125
2007-11-27,4009.989990234375
2007-11-28,4090.97998046875
2007-11-29,4102.52978515625
2007-11-30,4162.5
2007-12-03,4149.14990234375
2007-12-04,4085.969970703125
2007-12-05,4143.919921875
2007-12-06,4153.77001953125
2007-12-07,4170.0400390625
2007-12-10,4181.1298828125
2007-12-11,4157.77978515625
2007-12-12,4142.490234375
2007-12-13,4065.159912109375
2007-12-14,4109.4599609375
2007-12-17,4039.159912109375
2007-12-18,4057.550048828125
2007-12-19,4038.919921875
2007-12-20,4057.919921875
2007-12-21,4114.58984375
2007-12-24,4136.91015625
2007-12-27,4138.3701171875
2007-12-28,4147.18994140625
2007-12-31,4127.47021484375
2008-01-02,4114.4599609375
2008-01-03,4117.490234375
2008-01-04,4094.3798828125
2008-01-07,4097.27978515625
2008-01-08,4097.169921875
2008-01-09,4065.320068359375
2008-01-10,4051.530029296875
2008-01-11,4022.929931640625
2008-01-14,4013.340087890625
2008-01-15,3900.330078125
2008-01-16,3801.3701171875
2008-01-17,3767.5400390625
2008-01-18,3695.1298828125
2008-01-21,3492.47998046875
2008-01-22,3548.64990234375
2008-01-23,3460.0
2008-01-24,3684.360107421875
2008-01-25,3633.639892578125
2008-01-28,3663.7900390625
2008-01-29,3768.409912109375
2008-01-30,3767.06005859375
2008-01-31,3722.22998046875
2008-02-01,3809.6298828125
2008-02-04,3809.64990234375
2008-02-05,3688.830078125
2008-02-06,3698.580078125
2008-02-07,3652.590087890625
2008-02-08,3612.070068359375
2008-02-11,3583.25
2008-02-12,3694.050048828125
2008-02-13,3713.9599609375
2008-02-14,3761.8798828125
2008-02-15,3662.780029296875
2008-02-18,3727.56005859375
2008-02-19,3766.22998046875
2008-02-20,3734.169921875
2008-02-21,3726.719970703125
2008-02-22,3662.419921875
2008-02-25,3733.9599609375
2008-02-26,3794.860107421875
2008-02-27,3787.530029296875
2008-02-28,3762.679931640625
2008-02-29,3757.1201171875
2008-03-03,3704.3798828125
2008-03-04,3675.010009765625
2008-03-05,3735.97998046875
2008-03-06,3673.300048828125
2008-03-07,3635.06005859375
2008-03-10,3595.6201171875
2008-03-11,3669.919921875
2008-03-12,3743.919921875
2008-03-13,3706.0400390625
2008-03-14,3676.8798828125
2008-03-17,3554.139892578125
2008-03-18,3659.75
2008-03-19,3641.47998046875
2008-03-20,3623.02001953125
2008-03-25,3704.070068359375
2008-03-26,3686.159912109375
2008-03-27,3709.030029296875
2008-03-28,3700.409912109375
2008-03-31,3719.52001953125
2008-04-01,3816.72998046875
2008-04-02,3837.77001953125
2008-04-03,3783.580078125
2008-04-04,3822.800048828125
2008-04-07,3866.409912109375
2008-04-08,3857.39990234375
2008-04-09,3838.489990234375
2008-04-10,3847.199951171875
2008-04-11,3802.02001953125
2008-04-14,3786.60009765625
2008-04-15,3789.219970703125
2008-04-16,3863.27001953125
2008-04-17,3860.06005859375
2008-04-18,3933.3798828125
2008-04-21,3890.090087890625
2008-04-22,3859.139892578125
2008-04-23,3879.14990234375
2008-04-24,3867.219970703125
2008-04-25,3891.97998046875
2008-04-28,3941.330078125
2008-04-29,3908.300048828125
2008-04-30,3925.429931640625
2008-05-02,3946.340087890625
2008-05-05,3943.739990234375
2008-05-06,3890.14990234375
2008-05-07,3906.610107421875
2008-05-08,3873.159912109375
2008-05-09,3826.909912109375
2008-05-12,3842.919921875
2008-05-13,3827.39990234375
2008-05-14,3831.659912109375
2008-05-15,3798.989990234375
2008-05-16,3796.330078125
2008-05-19,3843.780029296875
2008-05-20,3796.85009765625
2008-05-21,3765.7900390625
2008-05-22,3745.3798828125
2008-05-23,3671.919921875
2008-05-26,3668.52001953125
2008-05-27,3656.0400390625
2008-05-28,3710.919921875
2008-05-29,3727.429931640625
2008-05-30,3751.409912109375
2008-06-02,3692.389892578125
2008-06-03,3717.9599609375
2008-06-04,3713.010009765625
2008-06-05,3755.0400390625
2008-06-06,3672.840087890625
2008-06-09,3640.7099609375
2008-06-10,3617.449951171875
2008-06-11,3546.889892578125
2008-06-12,3585.68994140625
2008-06-13,3588.409912109375
2008-06-16,3566.60009765625
2008-06-17,3581.800048828125
2008-06-18,3520.72998046875
2008-06-19,3441.419921875
2008-06-20,3368.669921875
2008-06-23,3350.489990234375
2008-06-24,3318.5400390625
2008-06-25,3361.64990234375
2008-06-26,3205.780029296875
2008-06-27,3177.419921875
2008-06-30,3168.219970703125
2008-07-01,3102.489990234375
2008-07-02,3081.830078125
2008-07-03,3087.570068359375
2008-07-04,3016.43994140625
2008-07-07,3067.449951171875
2008-07-08,3010.43994140625
2008-07-09,3086.6201171875
2008-07-10,3022.300048828125
2008-07-11,2959.35009765625
2008-07-14,2969.06005859375
2008-07-15,2863.43994140625
2008-07-16,2905.39990234375
2008-07-17,2999.85009765625
2008-07-18,3075.2099609375
2008-07-21,3116.320068359375
2008-07-22,3058.949951171875
2008-07-23,3144.820068359375
2008-07-24,3107.219970703125
2008-07-25,3059.56005859375
2008-07-28,2999.77001953125
2008-07-29,2991.169921875
2008-07-30,3030.25
2008-07-31,2994.3798828125
2008-08-01,2983.550048828125
2008-08-04,2947.030029296875
2008-08-05,3048.4599609375
2008-08-06,3124.0400390625
2008-08-07,3046.81005859375
2008-08-08,3068.43994140625
2008-08-11,3103.9599609375
2008-08-12,3117.139892578125
2008-08-13,3043.6201171875
2008-08-14,3054.429931640625
2008-08-15,3083.010009765625
2008-08-18,3074.449951171875
2008-08-19,3002.39990234375
2008-08-20,3000.52001953125
2008-08-21,2970.909912109375
2008-08-22,3028.22998046875
2008-08-25,3003.929931640625
2008-08-26,3025.139892578125
2008-08-27,3033.669921875
2008-08-28,3091.800048828125
2008-08-29,3136.0
2008-09-01,3144.27001953125
2008-09-02,3211.590087890625
2008-09-03,3165.330078125
2008-09-04,3066.14990234375
2008-09-05,3002.389892578125
2008-09-08,3134.47998046875
2008-09-09,3103.85009765625
2008-09-10,3055.3798828125
2008-09-11,3021.06005859375
2008-09-12,3080.60009765625
2008-09-15,2973.010009765625
2008-09-16,2878.919921875
2008-09-17,2788.949951171875
2008-09-18,2783.909912109375
2008-09-19,3052.830078125
2008-09-22,2967.699951171875
2008-09-23,2892.929931640625
2008-09-24,2866.169921875
2008-09-25,2906.239990234375
2008-09-26,2814.110107421875
2008-09-29,2589.469970703125
2008-09-30,2672.199951171875
2008-10-01,2716.47998046875
2008-10-02,2741.080078125
2008-10-03,2757.010009765625
2008-10-06,2567.590087890625
2008-10-07,2508.68994140625
2008-10-08,2323.949951171875
2008-10-09,2240.8798828125
2008-10-10,2123.43994140625
2008-10-13,2324.800048828125
2008-10-14,2213.8701171875
2008-10-15,2082.590087890625
2008-10-16,1946.3800048828125
2008-10-17,2015.300048828125
2008-10-20,2109.530029296875
2008-10-21,2089.35009765625
2008-10-22,1968.6300048828125
2008-10-23,1983.1400146484375
2008-10-24,1918.0799560546875
2008-10-27,1854.2099609375
2008-10-28,1898.3499755859375
2008-10-29,2022.8599853515625
2008-10-30,2043.469970703125
2008-10-31,2100.179931640625
2008-11-03,2173.06005859375
2008-11-04,2233.659912109375
2008-11-05,2199.429931640625
2008-11-06,2132.8701171875
2008-11-07,2156.590087890625
2008-11-10,2187.889892578125
2008-11-11,2133.239990234375
2008-11-12,2057.4599609375
2008-11-13,2062.820068359375
2008-11-14,2061.080078125
2008-11-17,2034.280029296875
2008-11-18,2030.9599609375
2008-11-19,1945.300048828125
2008-11-20,1861.989990234375
2008-11-21,1783.699951171875
2008-11-24,1828.1800537109375
2008-11-25,1848.8900146484375
2008-11-26,1809.260009765625
2008-11-27,1866.9599609375
2008-11-28,1881.4599609375
2008-12-01,1785.7900390625
2008-12-02,1814.1500244140625
2008-12-03,1848.010009765625
2008-12-04,1848.3199462890625
2008-12-05,1800.8699951171875
2008-12-08,1902.9599609375
2008-12-09,1885.8299560546875
2008-12-10,1906.239990234375
2008-12-11,1879.699951171875
2008-12-12,1854.8399658203125
2008-12-15,1873.1099853515625
2008-12-16,1862.6800537109375
2008-12-17,1859.6199951171875
2008-12-18,1881.8499755859375
2008-12-19,1861.449951171875
2008-12-22,1845.0799560546875
2008-12-23,1863.3900146484375
2008-12-24,1846.6300048828125
2008-12-29,1883.1700439453125
2008-12-30,1907.1199951171875
2008-12-31,1908.6400146484375
2009-01-02,1980.77001953125
2009-01-05,2004.3199462890625
2009-01-06,1997.280029296875
2009-01-07,1997.9100341796875
2009-01-08,1976.5699462890625
2009-01-09,1973.949951171875
2009-01-12,1970.5400390625
2009-01-13,1963.02001953125
2009-01-14,1890.27001953125
2009-01-15,1856.1099853515625
2009-01-16,1851.6500244140625
2009-01-19,1839.93994140625
2009-01-20,1802.739990234375
2009-01-21,1794.969970703125
2009-01-22,1805.3800048828125
2009-01-23,1834.18994140625
2009-01-26,1884.030029296875
2009-01-27,1870.3900146484375
2009-01-28,1925.47998046875
2009-01-29,1893.93994140625
2009-01-30,1900.0899658203125
2009-02-02,1858.77001953125
2009-02-03,1883.81005859375
2009-02-04,1906.489990234375
2009-02-05,1907.219970703125
2009-02-06,1916.8800048828125
2009-02-09,1927.25
2009-02-10,1884.260009765625
2009-02-11,1884.02001953125
2009-02-12,1843.0
2009-02-13,1832.239990234375
2009-02-16,1823.780029296875
2009-02-17,1783.22998046875
2009-02-18,1756.18994140625
2009-02-19,1783.199951171875
2009-02-20,1740.3599853515625
2009-02-23,1725.5799560546875
2009-02-24,1697.5999755859375
2009-02-25,1681.1300048828125
2009-02-26,1688.1500244140625
2009-02-27,1696.5799560546875
2009-03-02,1610.56005859375
2009-03-03,1566.27001953125
2009-03-04,1584.18994140625
2009-03-05,1552.1800537109375
2009-03-06,1527.27001953125
2009-03-09,1553.050048828125
2009-03-10,1616.510009765625
2009-03-11,1647.25
2009-03-12,1671.0400390625
2009-03-13,1661.760009765625
2009-03-16,1707.739990234375
2009-03-17,1700.969970703125
2009-03-18,1698.4300537109375
2009-03-19,1689.6400146484375
2009-03-20,1708.6600341796875
2009-03-23,1754.02001953125
2009-03-24,1749.2900390625
2009-03-25,1756.9599609375
2009-03-26,1783.1600341796875
2009-03-27,1751.56005859375
2009-03-30,1700.43994140625
2009-03-31,1748.739990234375
2009-04-01,1772.8399658203125
2009-04-02,1831.1300048828125
2009-04-03,1808.3699951171875
2009-04-06,1800.1500244140625
2009-04-07,1765.510009765625
2009-04-08,1770.6600341796875
2009-04-09,1807.1400146484375
2009-04-14,1822.3199462890625
2009-04-15,1848.3299560546875
2009-04-16,1873.8699951171875
2009-04-17,1923.4599609375
2009-04-20,1856.68994140625
2009-04-21,1884.1500244140625
2009-04-22,1903.8900146484375
2009-04-23,1905.3699951171875
2009-04-24,1955.8199462890625
2009-04-27,1934.02001953125
2009-04-28,1920.8199462890625
2009-04-29,1950.97998046875
2009-04-30,1953.3499755859375
2009-05-04,1993.469970703125
2009-05-05,1969.6199951171875
2009-05-06,2024.9000244140625
2009-05-07,2073.5400390625
2009-05-08,2126.22998046875
2009-05-11,2085.679931640625
2009-05-12,2049.449951171875
2009-05-13,2016.3699951171875
2009-05-14,1978.3699951171875
2009-05-15,2005.3299560546875
2009-05-18,2049.669921875
2009-05-19,2078.75
2009-05-20,2107.97998046875
2009-05-21,2056.3701171875
2009-05-22,2064.639892578125
2009-05-25,2074.969970703125
2009-05-26,2065.590087890625
2009-05-27,2084.52001953125
2009-05-28,2063.64990234375
2009-05-29,2071.3701171875
2009-06-01,2091.610107421875
2009-06-02,2084.89990234375
2009-06-03,2066.5400390625
2009-06-04,2063.02001953125
2009-06-05,2071.389892578125
2009-06-08,2046.1700439453125
2009-06-09,2056.610107421875
2009-06-10,2064.320068359375
2009-06-11,2059.75
2009-06-12,2070.18994140625
2009-06-15,2008.97998046875
2009-06-16,1995.5899658203125
2009-06-17,1964.6400146484375
2009-06-18,1980.8299560546875
2009-06-19,1997.7099609375
2009-06-22,1948.4200439453125
2009-06-23,1966.4300537109375
2009-06-24,2016.3499755859375
2009-06-25,2015.6800537109375
2009-06-26,2013.3199462890625
2009-06-29,2037.739990234375
2009-06-30,2030.97998046875
2009-07-01,2073.97998046875
2009-07-02,2038.050048828125
2009-07-03,2040.8599853515625
2009-07-06,2009.97998046875
2009-07-07,1994.81005859375
2009-07-08,1960.5999755859375
2009-07-09,1968.68994140625
2009-07-10,1964.239990234375
2009-07-13,1993.5899658203125
2009-07-14,2025.7099609375
2009-07-15,2082.2900390625
2009-07-16,2084.550048828125
2009-07-17,2083.110107421875
2009-07-20,2105.340087890625
2009-07-21,2111.159912109375
2009-07-22,2125.659912109375
2009-07-23,2140.85009765625
2009-07-24,2135.429931640625
2009-07-27,2136.919921875
2009-07-28,2108.780029296875
2009-07-29,2120.3701171875
2009-07-30,2155.090087890625
2009-07-31,2169.139892578125
2009-08-03,2177.77001953125
2009-08-04,2185.070068359375
2009-08-05,2173.27001953125
2009-08-06,2226.5
2009-08-07,2252.669921875
2009-08-10,2294.43994140625
2009-08-11,2262.39990234375
2009-08-12,2273.340087890625
2009-08-13,2279.590087890625
2009-08-14,2274.239990234375
2009-08-17,2229.85009765625
2009-08-18,2260.639892578125
2009-08-19,2263.260009765625
2009-08-20,2309.2099609375
2009-08-21,2354.64990234375
2009-08-24,2395.260009765625
2009-08-25,2414.800048828125
2009-08-26,2400.14990234375
2009-08-27,2375.85009765625
2009-08-28,2393.659912109375
2009-08-31,2364.949951171875
2009-09-01,2332.159912109375
2009-09-02,2290.719970703125
2009-09-03,2322.820068359375
2009-09-04,2356.169921875
2009-09-07,2398.10009765625
2009-09-08,2421.949951171875
2009-09-09,2446.639892578125
2009-09-10,2450.760009765625
2009-09-11,2458.719970703125
2009-09-14,2438.239990234375
2009-09-15,2469.830078125
2009-09-16,2500.179931640625
2009-09-17,2504.199951171875
2009-09-18,2499.449951171875
2009-09-21,2492.260009765625
2009-09-22,2478.64990234375
2009-09-23,2491.18994140625
2009-09-24,2470.89990234375
2009-09-25,2462.43994140625
2009-09-28,2490.18994140625
2009-09-29,2490.780029296875
2009-09-30,2485.6201171875
2009-10-01,2451.3701171875
2009-10-02,2415.9599609375
2009-10-05,2446.0
2009-10-06,2526.8701171875
2009-10-07,2507.219970703125
2009-10-08,2542.280029296875
2009-10-09,2547.010009765625
2009-10-12,2559.260009765625
2009-10-13,2532.02001953125
2009-10-14,2584.2900390625
2009-10-15,2584.389892578125
2009-10-16,2578.139892578125
2009-10-19,2606.929931640625
2009-10-20,2584.590087890625
2009-10-21,2578.030029296875
2009-10-22,2556.550048828125
2009-10-23,2547.340087890625
2009-10-26,2493.25
2009-10-27,2443.0400390625
2009-10-28,2371.9599609375
2009-10-29,2440.449951171875
2009-10-30,2392.719970703125
2009-11-02,2397.409912109375
2009-11-03,2351.090087890625
2009-11-04,2401.169921875
2009-11-05,2419.080078125
2009-11-06,2431.7099609375
2009-11-09,2484.300048828125
2009-11-10,2465.35009765625
2009-11-11,2477.97998046875
2009-11-12,2480.929931640625
2009-11-13,2506.469970703125
2009-11-16,2535.320068359375
2009-11-17,2527.050048828125
2009-11-18,2525.43994140625
2009-11-19,2485.610107421875
2009-11-20,2483.4599609375
2009-11-23,2521.919921875
2009-11-24,2502.93994140625
2009-11-25,2503.530029296875
2009-11-26,2426.39990234375
2009-11-27,2456.820068359375
2009-11-30,2421.2900390625
2009-12-01,2490.06005859375
2009-12-02,2516.6201171875
2009-12-03,2525.139892578125
2009-12-04,2538.840087890625
2009-12-07,2533.860107421875
2009-12-08,2509.47998046875
2009-12-09,2470.550048828125
2009-12-10,2483.590087890625
2009-12-11,2487.3798828125
2009-12-14,2506.860107421875
2009-12-15,2508.760009765625
2009-12-16,2527.669921875
2009-12-17,2490.68994140625
2009-12-18,2453.06005859375
2009-12-21,2482.610107421875
2009-12-22,2489.10009765625
2009-12-23,2489.56005859375
2009-12-24,2490.469970703125
2009-12-28,2516.080078125
2009-12-29,2525.929931640625
2009-12-30,2510.659912109375
2009-12-31,2511.6201171875
2010-01-04,2563.969970703125
2010-01-05,2587.77001953125
2010-01-06,2596.429931640625
2010-01-07,2590.679931640625
2010-01-08,2591.639892578125
2010-01-11,2585.860107421875
2010-01-12,2565.050048828125
2010-01-13,2575.110107421875
2010-01-14,2571.3701171875
2010-01-15,2536.449951171875
2010-01-18,2552.7099609375
2010-01-19,2547.360107421875
2010-01-20,2516.679931640625
2010-01-21,2484.260009765625
2010-01-22,2475.81005859375
2010-01-25,2475.139892578125
2010-01-26,2496.449951171875
2010-01-27,2493.669921875
2010-01-28,2486.510009765625
2010-01-29,2505.199951171875
2010-02-01,2537.7099609375
2010-02-02,2547.110107421875
2010-02-03,2529.659912109375
2010-02-04,2454.89990234375
2010-02-05,2392.52001953125
2010-02-08,2402.14990234375
2010-02-09,2413.179931640625
2010-02-10,2440.7900390625
2010-02-11,2453.7900390625
2010-02-12,2461.469970703125
2010-02-15,2449.7900390625
2010-02-16,2475.47998046875
2010-02-17,2512.840087890625
2010-02-18,2518.409912109375
2010-02-19,2527.72998046875
2010-02-22,2521.10009765625
2010-02-23,2502.889892578125
2010-02-24,2514.93994140625
2010-02-25,2480.64990234375
2010-02-26,2514.8701171875
2010-03-01,2543.409912109375
2010-03-02,2558.77001953125
2010-03-03,2592.56005859375
2010-03-04,2582.9599609375
2010-03-05,2611.030029296875
2010-03-08,2600.830078125
2010-03-09,2606.31005859375
2010-03-10,2634.159912109375
2010-03-11,2613.52001953125
2010-03-12,2625.280029296875
2010-03-15,2608.800048828125
2010-03-16,2631.570068359375
2010-03-17,2665.6201171875
2010-03-18,2654.85009765625
2010-03-19,2639.280029296875
2010-03-22,2634.449951171875
2010-03-23,2649.340087890625
2010-03-24,2649.699951171875
2010-03-25,2672.10009765625
2010-03-26,2656.929931640625
2010-03-29,2665.39990234375
2010-03-30,2656.1201171875
2010-03-31,2648.4599609375
2010-04-01,2680.56005859375
2010-04-06,2696.659912109375
2010-04-07,2696.9599609375
2010-04-08,2668.6201171875
2010-04-09,2702.8701171875
2010-04-12,2714.81005859375
2010-04-13,2708.97998046875
2010-04-14,2716.699951171875
2010-04-15,2715.159912109375
2010-04-16,2687.360107421875
2010-04-19,2667.9599609375
2010-04-20,2681.070068359375
2010-04-21,2660.860107421875
2010-04-22,2630.93994140625
2010-04-23,2644.139892578125
2010-04-26,2656.280029296875
2010-04-27,2567.679931640625
2010-04-28,2506.18994140625
2010-04-29,2561.68994140625
2010-04-30,2560.989990234375
2010-05-03,2572.4599609375
2010-05-04,2504.25
2010-05-05,2446.219970703125
2010-05-06,2400.780029296875
2010-05-07,2296.81005859375
2010-05-10,2511.97998046875
2010-05-11,2483.530029296875
2010-05-12,2540.360107421875
2010-05-13,2534.85009765625
2010-05-14,2447.169921875
2010-05-17,2439.070068359375
2010-05-18,2485.239990234375
2010-05-19,2432.85009765625
2010-05-20,2386.489990234375
2010-05-21,2395.64990234375
2010-05-24,2402.449951171875
2010-05-25,2329.7900390625
2010-05-26,2386.449951171875
2010-05-27,2469.56005859375
2010-05-28,2460.5400390625
2010-05-31,2453.3701171875
2010-06-01,2466.0
2010-06-02,2464.25
2010-06-03,2484.27001953125
2010-06-04,2429.669921875
2010-06-07,2412.050048828125
2010-06-08,2390.889892578125
2010-06-09,2425.679931640625
2010-06-10,2463.320068359375
2010-06-11,2463.85009765625
2010-06-14,2498.239990234375
2010-06-15,2509.31005859375
2010-06-16,2513.800048828125
2010-06-17,2523.360107421875
2010-06-18,2528.929931640625
2010-06-21,2549.840087890625
2010-06-22,2536.219970703125
2010-06-23,2494.340087890625
2010-06-24,2455.800048828125
2010-06-25,2441.64990234375
2010-06-28,2461.9599609375
2010-06-29,2382.47998046875
2010-06-30,2386.530029296875
2010-07-01,2336.1201171875
2010-07-02,2337.2900390625
2010-07-05,2329.60009765625
2010-07-06,2389.280029296875
2010-07-07,2415.81005859375
2010-07-08,2455.989990234375
2010-07-09,2462.75
2010-07-12,2470.27001953125
2010-07-13,2516.260009765625
2010-07-14,2522.1201171875
2010-07-15,2495.050048828125
2010-07-16,2442.75
2010-07-19,2431.56005859375
2010-07-20,2417.340087890625
2010-07-21,2451.929931640625
2010-07-22,2501.409912109375
2010-07-23,2506.070068359375
2010-07-26,2531.75
2010-07-27,2557.429931640625
2010-07-28,2545.080078125
2010-07-29,2537.89990234375
2010-07-30,2517.300048828125
2010-08-02,2579.35009765625
2010-08-03,2588.919921875
2010-08-04,2587.820068359375
2010-08-05,2586.090087890625
2010-08-06,2549.820068359375
2010-08-09,2571.02001953125
2010-08-10,2561.7099609375
2010-08-11,2495.929931640625
2010-08-12,2505.89990234375
2010-08-13,2485.699951171875
2010-08-16,2469.4599609375
2010-08-17,2518.340087890625
2010-08-18,2512.610107421875
2010-08-19,2474.080078125
2010-08-20,2452.320068359375
2010-08-23,2469.080078125
2010-08-24,2435.9599609375
2010-08-25,2424.0
2010-08-26,2446.6298828125
2010-08-27,2467.550048828125
2010-08-30,2460.929931640625
2010-08-31,2457.4599609375
2010-09-01,2531.760009765625
2010-09-02,2537.760009765625
2010-09-03,2549.9599609375
2010-09-06,2560.239990234375
2010-09-07,2538.909912109375
2010-09-08,2556.0
2010-09-09,2577.4599609375
2010-09-10,2569.719970703125
2010-09-13,2610.81005859375
2010-09-14,2608.85009765625
2010-09-15,2603.510009765625
2010-09-16,2585.2900390625
2010-09-17,2569.219970703125
2010-09-20,2601.85009765625
2010-09-21,2604.330078125
2010-09-22,2575.159912109375
2010-09-23,2570.389892578125
2010-09-24,2601.610107421875
2010-09-27,2597.72998046875
2010-09-28,2603.5
2010-09-29,2602.68994140625
2010-09-30,2589.72998046875
2010-10-01,2579.389892578125
2010-10-04,2558.820068359375
2010-10-05,2595.929931640625
2010-10-06,2613.43994140625
2010-10-07,2604.030029296875
2010-10-08,2622.780029296875
2010-10-11,2635.10009765625
2010-10-12,2620.820068359375
2010-10-13,2670.3798828125
2010-10-14,2662.909912109375
2010-10-15,2658.780029296875
2010-10-18,2672.3798828125
2010-10-19,2666.14990234375
2010-10-20,2669.27001953125
2010-10-21,2691.780029296875
2010-10-22,2691.530029296875
2010-10-25,2698.639892578125
2010-10-26,2692.739990234375
2010-10-27,2672.7099609375
2010-10-28,2677.39990234375
2010-10-29,2679.070068359375
2010-11-01,2688.389892578125
2010-11-02,2696.68994140625
2010-11-03,2663.840087890625
2010-11-04,2710.409912109375
2010-11-05,2686.090087890625
2010-11-08,2683.419921875
2010-11-09,2702.840087890625
2010-11-10,2672.25
2010-11-11,2631.639892578125
2010-11-12,2624.969970703125
2010-11-15,2654.429931640625
2010-11-16,2608.06005859375
2010-11-17,2624.860107421875
2010-11-18,2670.510009765625
2010-11-19,2665.010009765625
2010-11-22,2643.35009765625
2010-11-23,2584.25
2010-11-24,2591.510009765625
2010-11-25,2601.419921875
2010-11-26,2579.81005859375
2010-11-29,2521.330078125
2010-11-30,2506.1298828125
2010-12-01,2565.840087890625
2010-12-02,2617.199951171875
2010-12-03,2614.989990234375
2010-12-06,2611.409912109375
2010-12-07,2624.669921875
2010-12-08,2617.43994140625
2010-12-09,2624.39990234375
2010-12-10,2628.0
2010-12-13,2636.8701171875
2010-12-14,2635.68994140625
2010-12-15,2623.030029296875
2010-12-16,2615.169921875
2010-12-17,2596.590087890625
2010-12-20,2614.85009765625
2010-12-21,2631.010009765625
2010-12-22,2631.429931640625
2010-12-23,2635.889892578125
2010-12-24,2625.840087890625
2010-12-27,2597.18994140625
2010-12-28,2592.31005859375
2010-12-29,2611.449951171875
2010-12-30,2590.669921875
2011-01-03,2631.840087890625
2011-01-04,2647.860107421875
2011-01-05,2631.570068359375
2011-01-06,2625.43994140625
2011-01-07,2605.14990234375
2011-01-10,2555.18994140625
2011-01-11,2579.699951171875
2011-01-12,2626.39990234375
2011-01-13,2632.679931640625
2011-01-14,2621.31005859375
2011-01-17,2621.419921875
2011-01-18,2657.85009765625
2011-01-19,2640.780029296875
2011-01-20,2626.239990234375
2011-01-21,2653.97998046875
2011-01-24,2662.3701171875
2011-01-25,2660.8798828125
2011-01-26,2669.5400390625
2011-01-27,2678.22998046875
2011-01-28,2647.090087890625
2011-01-31,2638.699951171875
2011-02-01,2683.72998046875
2011-02-02,2688.780029296875
2011-02-03,2684.89990234375
2011-02-04,2692.360107421875
2011-02-07,2724.469970703125
2011-02-08,2726.949951171875
2011-02-09,2719.93994140625
2011-02-10,2702.4599609375
2011-02-11,2713.659912109375
2011-02-14,2725.510009765625
2011-02-15,2730.780029296875
2011-02-16,2755.610107421875
2011-02-17,2770.81005859375
2011-02-18,2755.030029296875
2011-02-21,2715.659912109375
2011-02-22,2703.3701171875
2011-02-23,2679.260009765625
2011-02-24,2665.969970703125
2011-02-25,2692.409912109375
2011-02-28,2707.090087890625
2011-03-01,2712.669921875
2011-03-02,2689.3701171875
2011-03-03,2692.02001953125
2011-03-04,2701.5
2011-03-07,2680.169921875
2011-03-08,2683.22998046875
2011-03-09,2675.64990234375
2011-03-10,2666.239990234375
2011-03-11,2652.110107421875
2011-03-14,2646.320068359375
2011-03-15,2565.47998046875
2011-03-16,2522.9599609375
2011-03-17,2557.7099609375
2011-03-18,2567.179931640625
2011-03-21,2627.419921875
2011-03-22,2610.199951171875
2011-03-23,2630.60009765625
2011-03-24,2655.77001953125
2011-03-25,2656.77001953125
2011-03-28,2658.669921875
2011-03-29,2669.31005859375
2011-03-30,2684.35009765625
2011-03-31,2662.169921875
2011-04-01,2689.840087890625
2011-04-04,2707.419921875
2011-04-05,2698.2099609375
2011-04-06,2711.68994140625
2011-04-07,2712.260009765625
2011-04-08,2722.22998046875
2011-04-11,2721.22998046875
2011-04-12,2694.840087890625
2011-04-13,2719.179931640625
2011-04-14,2695.0
2011-04-15,2711.4599609375
2011-04-18,2675.300048828125
2011-04-19,2692.449951171875
2011-04-20,2725.31005859375
2011-04-21,2727.669921875
2011-04-26,2748.219970703125
2011-04-27,2750.77001953125
2011-04-28,2766.56005859375
2011-04-29,2768.340087890625
2011-05-02,2768.25
2011-05-03,2749.77001953125
2011-05-04,2701.27001953125
2011-05-05,2693.739990234375
2011-05-06,2702.27001953125
2011-05-09,2694.679931640625
2011-05-10,2732.669921875
2011-05-11,2719.31005859375
2011-05-12,2722.0400390625
2011-05-13,2727.7099609375
2011-05-16,2727.77001953125
2011-05-17,2696.760009765625
2011-05-18,2700.820068359375
2011-05-19,2717.02001953125
2011-05-20,2718.010009765625
2011-05-23,2666.75
2011-05-24,2675.52001953125
2011-05-25,2670.570068359375
2011-05-26,2655.429931640625
2011-05-27,2655.639892578125
2011-05-30,2650.239990234375
2011-05-31,2687.7099609375
2011-06-01,2662.9599609375
2011-06-02,2618.830078125
2011-06-03,2628.7099609375
2011-06-06,2617.139892578125
2011-06-07,2622.320068359375
2011-06-08,2598.800048828125
2011-06-09,2615.739990234375
2011-06-10,2574.080078125
2011-06-13,2570.68994140625
2011-06-14,2590.14990234375
2011-06-15,2562.6298828125
2011-06-16,2546.669921875
2011-06-17,2565.699951171875
2011-06-20,2544.93994140625
2011-06-21,2580.8701171875
2011-06-22,2558.1201171875
2011-06-23,2513.469970703125
2011-06-24,2514.300048828125
2011-06-27,2505.489990234375
2011-06-28,2493.4599609375
2011-06-29,2547.929931640625
2011-06-30,2572.580078125
2011-07-01,2583.360107421875
2011-07-04,2599.8701171875
2011-07-05,2571.919921875
2011-07-06,2549.110107421875
2011-07-07,2572.949951171875
2011-07-08,2532.31005859375
2011-07-11,2466.25
2011-07-12,2436.47998046875
2011-07-13,2463.68994140625
2011-07-14,2439.5
2011-07-15,2437.0400390625
2011-07-18,2384.1201171875
2011-07-19,2402.7099609375
2011-07-20,2455.2900390625
2011-07-21,2504.77001953125
2011-07-22,2522.050048828125
2011-07-25,2505.3701171875
2011-07-26,2496.659912109375
2011-07-27,2460.8798828125
2011-07-28,2455.9599609375
2011-07-29,2427.090087890625
2011-08-01,2376.56005859375
2011-08-02,2330.3798828125
2011-08-03,2291.110107421875
2011-08-04,2223.669921875
2011-08-05,2177.909912109375
2011-08-08,2096.0400390625
2011-08-09,2154.719970703125
2011-08-10,2091.739990234375
2011-08-11,2144.97998046875
2011-08-12,2262.949951171875
2011-08-15,2276.409912109375
2011-08-16,2246.919921875
2011-08-17,2254.7099609375
2011-08-18,2151.9599609375
2011-08-19,2118.7099609375
2011-08-22,2140.050048828125
2011-08-23,2138.510009765625
2011-08-24,2200.360107421875
2011-08-25,2181.300048828125
2011-08-26,2170.949951171875
2011-08-29,2202.590087890625
2011-08-30,2212.610107421875
2011-08-31,2267.8798828125
2011-09-01,2266.820068359375
2011-09-02,2219.7099609375
2011-09-05,2117.4599609375
2011-09-06,2109.889892578125
2011-09-07,2168.89990234375
2011-09-08,2188.7900390625
2011-09-09,2117.820068359375
2011-09-12,2053.010009765625
2011-09-13,2070.070068359375
2011-09-14,2096.75
2011-09-15,2139.159912109375
2011-09-16,2156.389892578125
2011-09-19,2100.8798828125
2011-09-20,2132.72998046875
2011-09-21,2115.8701171875
2011-09-22,2002.7900390625
2011-09-23,2021.3699951171875
2011-09-26,2061.909912109375
2011-09-27,2153.510009765625
2011-09-28,2139.60009765625
2011-09-29,2163.1298828125
2011-09-30,2131.280029296875
2011-10-03,2096.739990234375
2011-10-04,2038.8399658203125
2011-10-05,2109.89990234375
2011-10-06,2155.3798828125
2011-10-07,2146.419921875
2011-10-10,2179.739990234375
2011-10-11,2164.81005859375
2011-10-12,2192.330078125
2011-10-13,2180.22998046875
2011-10-14,2203.0400390625
2011-10-17,2169.780029296875
2011-10-18,2137.050048828125
2011-10-19,2134.219970703125
2011-10-20,2096.68994140625
2011-10-21,2138.820068359375
2011-10-24,2161.639892578125
2011-10-25,2133.68994140625
2011-10-26,2132.68994140625
2011-10-27,2220.5
2011-10-28,2199.35009765625
2011-10-31,2139.179931640625
2011-11-01,2059.300048828125
2011-11-02,2070.699951171875
2011-11-03,2121.889892578125
2011-11-04,2082.010009765625
2011-11-07,2080.860107421875
2011-11-08,2102.39990234375
2011-11-09,2077.14990234375
2011-11-10,2063.909912109375
2011-11-11,2122.3798828125
2011-11-14,2089.0400390625
2011-11-15,2067.8798828125
2011-11-16,2062.47998046875
2011-11-17,2040.010009765625
2011-11-18,2016.760009765625
2011-11-21,1953.97998046875
2011-11-22,1946.260009765625
2011-11-23,1923.3199462890625
2011-11-24,1916.260009765625
2011-11-25,1920.9100341796875
2011-11-28,2008.9000244140625
2011-11-29,2007.22998046875
2011-11-30,2073.949951171875
2011-12-01,2052.580078125
2011-12-02,2077.14990234375
2011-12-05,2117.389892578125
2011-12-06,2086.050048828125
2011-12-07,2084.679931640625
2011-12-08,2044.199951171875
2011-12-09,2078.4599609375
2011-12-12,2030.469970703125
2011-12-13,2032.199951171875
2011-12-14,1986.8800048828125
2011-12-15,2001.530029296875
2011-12-16,2003.5699462890625
2011-12-19,2000.0
2011-12-20,2050.1201171875
2011-12-21,2026.3199462890625
2011-12-22,2040.2900390625
2011-12-23,2054.449951171875
2011-12-27,2054.22998046875
2011-12-28,2043.5899658203125
2011-12-29,2067.090087890625
2011-12-30,2083.419921875
2012-01-03,2146.449951171875
2012-01-04,2121.110107421875
2012-01-05,2096.89990234375
2012-01-06,2093.27001953125
2012-01-09,2082.25
2012-01-10,2127.52001953125
2012-01-11,2140.320068359375
2012-01-12,2137.419921875
2012-01-13,2125.340087890625
2012-01-16,2129.300048828125
2012-01-17,2157.93994140625
2012-01-18,2155.699951171875
2012-01-19,2196.6298828125
2012-01-20,2199.080078125
2012-01-23,2205.760009765625
2012-01-24,2192.8701171875
2012-01-25,2194.530029296875
2012-01-26,2252.030029296875
2012-01-27,2237.590087890625
2012-01-30,2197.080078125
2012-01-31,2206.800048828125
2012-02-01,2264.72998046875
2012-02-02,2272.1201171875
2012-02-03,2304.580078125
2012-02-06,2288.35009765625
2012-02-07,2286.260009765625
2012-02-08,2280.219970703125
2012-02-09,2270.6298828125
2012-02-10,2230.780029296875
2012-02-13,2258.10009765625
2012-02-14,2234.3798828125
2012-02-15,2232.610107421875
2012-02-16,2258.239990234375
2012-02-17,2280.800048828125
2012-02-20,2304.330078125
2012-02-21,2287.080078125
2012-02-22,2258.969970703125
2012-02-23,2253.14990234375
2012-02-24,2262.239990234375
2012-02-27,2253.8798828125
2012-02-28,2266.18994140625
2012-02-29,2275.860107421875
2012-03-01,2288.64990234375
2012-03-02,2295.909912109375
2012-03-05,2282.25
2012-03-06,2209.889892578125
2012-03-07,2239.9599609375
2012-03-08,2270.469970703125
2012-03-09,2281.89990234375
2012-03-12,2281.080078125
2012-03-13,2320.1298828125
2012-03-14,2328.56005859375
2012-03-15,2343.97998046875
2012-03-16,2366.110107421875
2012-03-19,2374.2900390625
2012-03-20,2351.949951171875
2012-03-21,2345.610107421875
2012-03-22,2323.27001953125
2012-03-23,2338.31005859375
2012-03-26,2362.610107421875
2012-03-27,2349.669921875
2012-03-28,2322.919921875
2012-03-30,2324.050048828125
2012-04-02,2354.530029296875
2012-04-03,2334.760009765625
2012-04-04,2262.449951171875
2012-04-05,2253.72998046875
2012-04-10,2213.93994140625
2012-04-11,2234.39990234375
2012-04-12,2264.360107421875
2012-04-13,2229.679931640625
2012-04-16,2239.35009765625
2012-04-17,2291.239990234375
2012-04-18,2258.3701171875
2012-04-19,2237.52001953125
2012-04-20,2246.31005859375
2012-04-23,2191.39990234375
2012-04-24,2204.219970703125
2012-04-25,2243.199951171875
2012-04-26,2209.89990234375
2012-04-27,2220.89990234375
2012-04-30,2208.43994140625
2012-05-02,2210.47998046875
2012-05-03,2194.97998046875
2012-05-04,2166.75
2012-05-07,2180.419921875
2012-05-08,2170.610107421875
2012-05-09,2159.989990234375
2012-05-10,2187.25
2012-05-11,2184.429931640625
2012-05-14,2134.550048828125
2012-05-15,2103.18994140625
2012-05-16,2103.81005859375
2012-05-17,2081.199951171875
2012-05-18,2073.8798828125
2012-05-21,2093.800048828125
2012-05-22,2142.409912109375
2012-05-23,2089.489990234375
2012-05-24,2113.60009765625
2012-05-25,2119.43994140625
2012-05-28,2117.659912109375
2012-05-29,2130.18994140625
2012-05-30,2105.800048828125
2012-05-31,2093.56005859375
2012-06-01,2054.02001953125
2012-06-04,2049.25
2012-06-05,2054.4599609375
2012-06-06,2104.449951171875
2012-06-07,2104.570068359375
2012-06-08,2099.840087890625
2012-06-11,2097.909912109375
2012-06-12,2104.530029296875
2012-06-13,2093.320068359375
2012-06-14,2103.409912109375
2012-06-15,2118.949951171875
2012-06-18,2110.590087890625
2012-06-19,2149.969970703125
2012-06-20,2152.35009765625
2012-06-21,2143.090087890625
2012-06-22,2126.3701171875
2012-06-25,2107.43994140625
2012-06-26,2106.239990234375
2012-06-27,2139.610107421875
2012-06-28,2146.050048828125
2012-06-29,2227.6298828125
2012-07-02,2254.1298828125
2012-07-03,2267.239990234375
2012-07-04,2263.72998046875
2012-07-05,2242.8798828125
2012-07-06,2211.5
2012-07-09,2194.31005859375
2012-07-10,2216.800048828125
2012-07-11,2216.320068359375
2012-07-12,2197.89990234375
2012-07-13,2220.340087890625
2012-07-16,2226.300048828125
2012-07-17,2229.85009765625
2012-07-18,2262.989990234375
2012-07-19,2293.070068359375
2012-07-20,2249.840087890625
2012-07-23,2186.760009765625
2012-07-24,2176.530029296875
2012-07-25,2179.330078125
2012-07-26,2244.639892578125
2012-07-27,2287.3701171875
2012-07-30,2315.909912109375
2012-07-31,2274.840087890625
2012-08-01,2289.260009765625
2012-08-02,2241.60009765625
2012-08-03,2304.22998046875
2012-08-06,2336.219970703125
2012-08-07,2349.9599609375
2012-08-08,2340.43994140625
2012-08-09,2351.97998046875
2012-08-10,2343.989990234375
2012-08-13,2337.2099609375
2012-08-14,2350.43994140625
2012-08-15,2351.679931640625
2012-08-16,2370.219970703125
2012-08-17,2389.7099609375
2012-08-20,2380.429931640625
2012-08-21,2388.8798828125
2012-08-22,2369.35009765625
2012-08-23,2348.719970703125
2012-08-24,2350.639892578125
2012-08-27,2371.929931640625
2012-08-28,2352.070068359375
2012-08-29,2351.739990234375
2012-08-30,2327.510009765625
2012-08-31,2345.68994140625
2012-09-03,2366.469970703125
2012-09-04,2347.89990234375
2012-09-05,2346.179931640625
2012-09-06,2397.7900390625
2012-09-07,2416.72998046875
2012-09-10,2411.840087890625
2012-09-11,2417.830078125
2012-09-12,2439.489990234375
2012-09-13,2426.570068359375
2012-09-14,2471.60009765625
2012-09-17,2474.449951171875
2012-09-18,2449.39990234375
2012-09-19,2452.080078125
2012-09-20,2459.4599609375
2012-09-21,2473.010009765625
2012-09-24,2460.199951171875
2012-09-25,2450.25
2012-09-26,2405.510009765625
2012-09-27,2408.0
2012-09-28,2373.330078125
2012-10-01,2402.409912109375
2012-10-02,2407.070068359375
2012-10-03,2408.169921875
2012-10-04,2407.949951171875
2012-10-05,2436.47998046875
2012-10-08,2407.239990234375
2012-10-09,2386.97998046875
2012-10-10,2363.22998046875
2012-10-11,2377.02001953125
2012-10-12,2366.800048828125
2012-10-15,2376.47998046875
2012-10-16,2400.0
2012-10-17,2418.760009765625
2012-10-18,2408.429931640625
2012-10-19,2386.39990234375
2012-10-22,2377.25
2012-10-23,2348.75
2012-10-24,2361.570068359375
2012-10-25,2355.030029296875
2012-10-26,2371.909912109375
2012-10-29,2356.699951171875
2012-10-30,2383.330078125
2012-10-31,2369.2099609375
2012-11-01,2387.889892578125
2012-11-02,2400.31005859375
2012-11-05,2376.989990234375
2012-11-06,2398.989990234375
2012-11-07,2364.219970703125
2012-11-08,2359.679931640625
2012-11-09,2356.6298828125
2012-11-12,2355.239990234375
2012-11-13,2359.60009765625
2012-11-14,2339.22998046875
2012-11-15,2324.239990234375
2012-11-16,2300.679931640625
2012-11-19,2354.5400390625
2012-11-20,2366.739990234375
2012-11-21,2374.830078125
2012-11-22,2393.02001953125
2012-11-23,2408.530029296875
2012-11-26,2400.679931640625
2012-11-27,2404.93994140625
2012-11-28,2404.419921875
2012-11-29,2451.5
2012-11-30,2436.949951171875
2012-12-03,2440.3701171875
2012-12-04,2442.81005859375
2012-12-05,2439.669921875
2012-12-06,2417.070068359375
2012-12-07,2424.090087890625
2012-12-10,2423.159912109375
2012-12-11,2431.409912109375
2012-12-12,2438.389892578125
2012-12-13,2442.56005859375
2012-12-14,2457.800048828125
2012-12-17,2463.8798828125
2012-12-18,2480.360107421875
2012-12-19,2500.659912109375
2012-12-20,2492.199951171875
2012-12-21,2485.06005859375
2012-12-24,2477.219970703125
2012-12-27,2486.75
2012-12-28,2466.27001953125
2013-01-02,2515.27001953125
2013-01-03,2516.85009765625
2013-01-04,2516.320068359375
2013-01-07,2503.1201171875
2013-01-08,2497.6201171875
2013-01-09,2506.389892578125
2013-01-10,2505.27001953125
2013-01-11,2496.800048828125
2013-01-14,2491.3798828125
2013-01-15,2499.39990234375
2013-01-16,2504.449951171875
2013-01-17,2532.429931640625
2013-01-18,2539.510009765625
2013-01-21,2547.389892578125
2013-01-22,2549.7099609375
2013-01-23,2535.47998046875
2013-01-24,2554.0
2013-01-25,2570.580078125
2013-01-28,2574.760009765625
2013-01-29,2571.97998046875
2013-01-30,2559.6298828125
2013-01-31,2520.35009765625
2013-02-01,2560.010009765625
2013-02-04,2506.22998046875
2013-02-05,2518.659912109375
2013-02-06,2503.25
2013-02-07,2493.260009765625
2013-02-08,2505.909912109375
2013-02-11,2498.18994140625
2013-02-12,2518.429931640625
2013-02-13,2534.25
2013-02-14,2547.3798828125
2013-02-15,2535.8798828125
2013-02-18,2520.81005859375
2013-02-19,2556.669921875
2013-02-20,2558.2099609375
2013-02-21,2509.43994140625
2013-02-22,2550.919921875
2013-02-25,2559.010009765625
2013-02-26,2510.6201171875
2013-02-27,2544.22998046875
2013-02-28,2569.169921875
2013-03-01,2546.830078125
2013-03-04,2541.89990234375
2013-03-05,2590.679931640625
2013-03-06,2589.110107421875
2013-03-07,2602.429931640625
2013-03-08,2632.52001953125
2013-03-11,2633.1298828125
2013-03-12,2627.469970703125
2013-03-13,2632.0400390625
2013-03-14,2647.68994140625
2013-03-15,2628.6298828125
2013-03-18,2618.9599609375
2013-03-19,2597.39990234375
2013-03-20,2617.389892578125
2013-03-21,2613.360107421875
2013-03-22,2619.550048828125
2013-03-25,2595.179931640625
2013-03-26,2593.699951171875
2013-03-27,2578.239990234375
2013-03-28,2592.18994140625
2013-04-02,2626.719970703125
2013-04-03,2587.27001953125
2013-04-04,2579.02001953125
2013-04-05,2543.89990234375
2013-04-08,2544.68994140625
2013-04-09,2558.800048828125
2013-04-10,2624.18994140625
2013-04-11,2637.429931640625
2013-04-12,2615.60009765625
2013-04-15,2593.68994140625
2013-04-16,2574.81005859375
2013-04-17,2528.39990234375
2013-04-18,2528.030029296875
2013-04-19,2553.909912109375
2013-04-22,2587.6201171875
2013-04-23,2641.010009765625
2013-04-24,2657.60009765625
2013-04-25,2650.969970703125
2013-04-26,2610.1201171875
2013-04-29,2645.64990234375
2013-04-30,2643.419921875
2013-05-02,2660.89990234375
2013-05-03,2696.360107421875
2013-05-06,2696.570068359375
2013-05-07,2716.510009765625
2013-05-08,2736.64990234375
2013-05-09,2730.9599609375
2013-05-10,2729.77001953125
2013-05-13,2719.550048828125
2013-05-14,2724.6298828125
2013-05-15,2728.510009765625
2013-05-16,2727.510009765625
2013-05-17,2732.2900390625
2013-05-20,2740.659912109375
2013-05-21,2734.820068359375
2013-05-22,2746.639892578125
2013-05-23,2705.2900390625
2013-05-24,2700.909912109375
2013-05-27,2713.97998046875
2013-05-28,2728.25
2013-05-29,2685.6201171875
2013-05-30,2684.550048828125
2013-05-31,2649.360107421875
2013-06-03,2635.27001953125
2013-06-04,2645.409912109375
2013-06-05,2609.56005859375
2013-06-06,2594.64990234375
2013-06-07,2623.070068359375
2013-06-10,2611.800048828125
2013-06-11,2582.050048828125
2013-06-12,2570.389892578125
2013-06-13,2578.0
2013-06-14,2599.330078125
2013-06-17,2623.1298828125
2013-06-18,2619.320068359375
2013-06-19,2618.39990234375
2013-06-20,2538.929931640625
2013-06-21,2511.5400390625
2013-06-24,2453.110107421875
2013-06-25,2477.699951171875
2013-06-26,2532.719970703125
2013-06-27,2545.8798828125
2013-06-28,2526.110107421875
2013-07-01,2532.110107421875
2013-07-02,2519.969970703125
2013-07-03,2512.85009765625
2013-07-04,2568.10009765625
2013-07-05,2539.39990234375
2013-07-08,2582.159912109375
2013-07-09,2603.080078125
2013-07-10,2611.639892578125
2013-07-11,2637.43994140625
2013-07-12,2630.10009765625
2013-07-15,2644.969970703125
2013-07-16,2622.81005859375
2013-07-17,2635.1298828125
2013-07-18,2651.0
2013-07-19,2650.159912109375
2013-07-22,2635.340087890625
2013-07-23,2628.1201171875
2013-07-24,2665.72998046875
2013-07-25,2643.72998046875
2013-07-26,2638.989990234375
2013-07-29,2624.050048828125
2013-07-30,2635.9599609375
2013-07-31,2662.679931640625
2013-08-01,2717.409912109375
2013-08-02,2760.199951171875
2013-08-05,2766.5400390625
2013-08-06,2745.8798828125
2013-08-07,2748.919921875
2013-08-08,2804.919921875
2013-08-09,2807.669921875
2013-08-12,2818.3798828125
2013-08-13,2832.320068359375
2013-08-14,2829.780029296875
2013-08-15,2810.93994140625
2013-08-16,2823.7900390625
2013-08-19,2799.949951171875
2013-08-20,2766.469970703125
2013-08-21,2750.72998046875
2013-08-22,2778.219970703125
2013-08-23,2788.449951171875
2013-08-26,2769.800048828125
2013-08-27,2698.330078125
2013-08-28,2698.7900390625
2013-08-29,2715.1201171875
2013-08-30,2673.419921875
2013-09-02,2709.4599609375
2013-09-03,2707.199951171875
2013-09-04,2698.6298828125
2013-09-05,2716.280029296875
2013-09-06,2731.090087890625
2013-09-09,2732.43994140625
2013-09-10,2770.1298828125
2013-09-11,2789.85009765625
2013-09-12,2788.090087890625
2013-09-13,2795.590087890625
2013-09-16,2822.52001953125
2013-09-17,2811.3701171875
2013-09-18,2831.159912109375
2013-09-19,2841.300048828125
2013-09-20,2836.6298828125
2013-09-23,2822.02001953125
2013-09-24,2824.070068359375
2013-09-25,2822.449951171875
2013-09-26,2827.0400390625
2013-09-27,2818.169921875
2013-09-30,2802.27001953125
2013-10-01,2829.3798828125
2013-10-02,2819.669921875
2013-10-03,2796.3701171875
2013-10-04,2812.580078125
2013-10-07,2807.800048828125
2013-10-08,2789.610107421875
2013-10-09,2788.989990234375
2013-10-10,2843.239990234375
2013-10-11,2830.659912109375
2013-10-14,2832.570068359375
2013-10-15,2873.800048828125
2013-10-16,2893.070068359375
2013-10-17,2880.31005859375
2013-10-18,2895.1201171875
2013-10-21,2903.3701171875
2013-10-22,2908.919921875
2013-10-23,2896.47998046875
2013-10-24,2905.8798828125
2013-10-25,2885.77001953125
2013-10-28,2879.18994140625
2013-10-29,2903.830078125
2013-10-30,2882.35009765625
2013-10-31,2904.35009765625
2013-11-01,2888.679931640625
2013-11-04,2903.18994140625
2013-11-05,2895.739990234375
2013-11-06,2932.4599609375
2013-11-07,2912.239990234375
2013-11-08,2895.570068359375
2013-11-11,2914.68994140625
2013-11-12,2897.52001953125
2013-11-13,2878.93994140625
2013-11-14,2896.68994140625
2013-11-15,2877.669921875
2013-11-18,2875.219970703125
2013-11-19,2859.56005859375
2013-11-20,2852.949951171875
2013-11-21,2846.679931640625
2013-11-22,2840.659912109375
2013-11-25,2859.590087890625
2013-11-26,2855.64990234375
2013-11-27,2869.830078125
2013-11-28,2866.610107421875
2013-11-29,2870.889892578125
2013-12-02,2858.110107421875
2013-12-03,2804.97998046875
2013-12-04,2788.820068359375
2013-12-05,2766.18994140625
2013-12-06,2790.239990234375
2013-12-09,2799.72998046875
2013-12-10,2790.610107421875
2013-12-11,2778.159912109375
2013-12-12,2764.300048828125
2013-12-13,2751.81005859375
2013-12-16,2784.169921875
2013-12-17,2761.909912109375
2013-12-18,2794.68994140625
2013-12-19,2839.360107421875
2013-12-20,2869.669921875
2013-12-23,2887.580078125
2013-12-24,2899.419921875
2013-12-27,2921.050048828125
2013-12-30,2915.330078125
2013-12-31,2923.820068359375
2014-01-02,2880.449951171875
2014-01-03,2903.989990234375
2014-01-06,2892.9599609375
2014-01-07,2911.570068359375
2014-01-08,2932.72998046875
2014-01-09,2928.719970703125
2014-01-10,2934.889892578125
2014-01-13,2944.47998046875
2014-01-14,2940.7900390625
2014-01-15,2957.97998046875
2014-01-16,2964.800048828125
2014-01-17,2969.14990234375
2014-01-20,2964.320068359375
2014-01-21,2958.830078125
2014-01-22,2952.360107421875
2014-01-23,2951.949951171875
2014-01-24,2889.929931640625
2014-01-27,2878.639892578125
2014-01-28,2902.570068359375
2014-01-29,2880.929931640625
2014-01-30,2897.969970703125
2014-01-31,2891.25
2014-02-03,2844.2099609375
2014-02-04,2847.75
2014-02-05,2847.320068359375
2014-02-06,2894.72998046875
2014-02-07,2909.429931640625
2014-02-10,2913.5400390625
2014-02-11,2943.330078125
2014-02-12,2959.47998046875
2014-02-13,2961.449951171875
2014-02-14,2977.080078125
2014-02-17,2989.47998046875
2014-02-18,2986.280029296875
2014-02-19,3004.64990234375
2014-02-20,3005.969970703125
2014-02-21,3019.43994140625
2014-02-24,3044.760009765625
2014-02-25,3041.7099609375
2014-02-26,3055.800048828125
2014-02-27,3073.610107421875
2014-02-28,3096.909912109375
2014-03-03,3031.219970703125
2014-03-04,3100.840087890625
2014-03-05,3108.090087890625
2014-03-06,3123.10009765625
2014-03-07,3086.6298828125
2014-03-10,3090.800048828125
2014-03-11,3100.85009765625
2014-03-12,3081.820068359375
2014-03-13,3032.169921875
2014-03-14,3000.89990234375
2014-03-17,3038.889892578125
2014-03-18,3080.419921875
2014-03-19,3082.97998046875
2014-03-20,3076.6298828125
2014-03-21,3084.360107421875
2014-03-24,3052.280029296875
2014-03-25,3080.969970703125
2014-03-26,3094.760009765625
2014-03-27,3099.929931640625
2014-03-28,3121.6298828125
2014-03-31,3129.93994140625
2014-04-01,3151.60009765625
2014-04-02,3150.27001953125
2014-04-03,3147.1298828125
2014-04-04,3149.35009765625
2014-04-07,3127.52001953125
2014-04-08,3098.070068359375
2014-04-09,3105.159912109375
2014-04-10,3088.89990234375
2014-04-11,3059.550048828125
2014-04-14,3064.3701171875
2014-04-15,3047.110107421875
2014-04-16,3098.7099609375
2014-04-17,3112.429931640625
2014-04-22,3145.5400390625
2014-04-23,3125.989990234375
2014-04-24,3129.31005859375
2014-04-25,3105.89990234375
2014-04-28,3107.919921875
2014-04-29,3116.27001953125
2014-04-30,3089.800048828125
2014-05-02,3095.659912109375
2014-05-05,3089.06005859375
2014-05-06,3089.510009765625
2014-05-07,3108.02001953125
2014-05-08,3144.7900390625
2014-05-09,3143.8798828125
2014-05-12,3163.550048828125
2014-05-13,3156.3798828125
2014-05-14,3157.510009765625
2014-05-15,3112.0
2014-05-16,3098.14990234375
2014-05-19,3105.3701171875
2014-05-20,3105.360107421875
2014-05-21,3118.4599609375
2014-05-22,3128.260009765625
2014-05-23,3129.860107421875
2014-05-26,3145.610107421875
2014-05-27,3153.969970703125
2014-05-28,3161.85009765625
2014-05-29,3162.090087890625
2014-05-30,3159.10009765625
2014-06-02,3160.56005859375
2014-06-03,3142.580078125
2014-06-04,3142.929931640625
2014-06-05,3152.340087890625
2014-06-06,3171.510009765625
2014-06-09,3176.590087890625
2014-06-10,3186.070068359375
2014-06-11,3178.169921875
2014-06-12,3167.929931640625
2014-06-13,3151.840087890625
2014-06-16,3141.830078125
2014-06-17,3158.909912109375
2014-06-18,3150.75
2014-06-19,3172.780029296875
2014-06-20,3166.14990234375
2014-06-23,3149.10009765625
2014-06-24,3145.43994140625
2014-06-25,3115.429931640625
2014-06-26,3128.8798828125
2014-06-27,3129.8798828125
2014-06-30,3127.2099609375
2014-07-01,3151.820068359375
2014-07-02,3166.2900390625
2014-07-03,3197.429931640625
2014-07-04,3180.1201171875
2014-07-07,3159.719970703125
2014-07-08,3125.06005859375
2014-07-09,3127.659912109375
2014-07-10,3097.18994140625
2014-07-11,3089.070068359375
2014-07-14,3118.949951171875
2014-07-15,3115.3798828125
2014-07-16,3158.639892578125
2014-07-17,3125.300048828125
2014-07-18,3129.239990234375
2014-07-21,3123.840087890625
2014-07-22,3163.81005859375
2014-07-23,3177.0
2014-07-24,3195.530029296875
2014-07-25,3167.27001953125
2014-07-28,3162.56005859375
2014-07-29,3155.159912109375
2014-07-30,3124.830078125
2014-07-31,3098.739990234375
2014-08-01,3060.489990234375
2014-08-04,3062.449951171875
2014-08-05,3067.6298828125
2014-08-06,3057.3701171875
2014-08-07,3055.9599609375
2014-08-08,3035.9599609375
2014-08-11,3074.35009765625
2014-08-12,3071.14990234375
2014-08-13,3102.9599609375
2014-08-14,3109.830078125
2014-08-15,3106.449951171875
2014-08-18,3146.669921875
2014-08-19,3163.919921875
2014-08-20,3146.330078125
2014-08-21,3171.320068359375
2014-08-22,3163.22998046875
2014-08-25,3186.610107421875
2014-08-26,3203.760009765625
2014-08-27,3210.070068359375
2014-08-28,3196.56005859375
2014-08-29,3192.719970703125
2014-09-01,3180.68994140625
2014-09-02,3177.8798828125
2014-09-03,3186.760009765625
2014-09-04,3222.830078125
2014-09-05,3220.179931640625
2014-09-08,3208.659912109375
2014-09-09,3190.239990234375
2014-09-10,3184.179931640625
2014-09-11,3175.419921875
2014-09-12,3172.760009765625
2014-09-15,3182.139892578125
2014-09-16,3167.4599609375
2014-09-17,3183.39990234375
2014-09-18,3208.219970703125
2014-09-19,3220.39990234375
2014-09-22,3220.43994140625
2014-09-23,3189.409912109375
2014-09-24,3207.75
2014-09-25,3196.89990234375
2014-09-26,3206.489990234375
2014-09-29,3198.25
2014-09-30,3221.39990234375
2014-10-01,3198.610107421875
2014-10-02,3131.840087890625
2014-10-03,3169.719970703125
2014-10-06,3170.64990234375
2014-10-07,3122.080078125
2014-10-08,3100.0400390625
2014-10-09,3092.7099609375
2014-10-10,3041.989990234375
2014-10-13,3019.530029296875
2014-10-14,3015.3701171875
2014-10-15,2915.580078125
2014-10-16,2887.72998046875
2014-10-17,2987.929931640625
2014-10-20,2969.9599609375
2014-10-21,3031.449951171875
2014-10-22,3061.75
2014-10-23,3071.409912109375
2014-10-24,3077.81005859375
2014-10-27,3062.6298828125
2014-10-28,3110.320068359375
2014-10-29,3117.580078125
2014-10-30,3120.7099609375
2014-10-31,3157.14990234375
2014-11-03,3123.89990234375
2014-11-04,3111.9599609375
2014-11-05,3159.830078125
2014-11-06,3163.889892578125
2014-11-07,3144.590087890625
2014-11-10,3166.1298828125
2014-11-11,3176.0400390625
2014-11-12,3139.639892578125
2014-11-13,3161.429931640625
2014-11-14,3162.449951171875
2014-11-17,3169.8798828125
2014-11-18,3200.010009765625
2014-11-19,3211.010009765625
2014-11-20,3193.239990234375
2014-11-21,3235.22998046875
2014-11-24,3243.85009765625
2014-11-25,3263.97998046875
2014-11-26,3263.81005859375
2014-11-27,3284.27001953125
2014-11-28,3287.909912109375
2014-12-01,3277.2099609375
2014-12-02,3283.919921875
2014-12-03,3296.679931640625
2014-12-04,3268.360107421875
2014-12-05,3335.68994140625
2014-12-08,3324.669921875
2014-12-09,3254.510009765625
2014-12-10,3254.780029296875
2014-12-11,3261.9599609375
2014-12-12,3177.219970703125
2014-12-15,3121.81005859375
2014-12-16,3178.31005859375
2014-12-17,3169.830078125
2014-12-18,3248.6201171875
2014-12-19,3278.68994140625
2014-12-22,3283.47998046875
2014-12-23,3319.7099609375
2014-12-24,3306.81005859375
2014-12-29,3315.1298828125
2014-12-30,3276.409912109375
2014-12-31,3285.260009765625
2015-01-02,3281.610107421875
2015-01-05,3208.14990234375
2015-01-06,3190.239990234375
2015-01-07,3193.830078125
2015-01-08,3283.219970703125
2015-01-09,3248.18994140625
2015-01-12,3257.97998046875
2015-01-13,3309.639892578125
2015-01-14,3274.030029296875
2015-01-15,3318.75
2015-01-16,3368.3798828125
2015-01-19,3395.919921875
2015-01-20,3403.0400390625
2015-01-21,3421.969970703125
2015-01-22,3456.949951171875
2015-01-23,3504.610107421875
2015-01-26,3549.9599609375
2015-01-27,3530.800048828125
2015-01-28,3541.2099609375
2015-01-29,3548.389892578125
2015-01-30,3530.31005859375
2015-02-02,3538.52001953125
2015-02-03,3557.030029296875
2015-02-04,3565.7900390625
2015-02-05,3557.18994140625
2015-02-06,3549.9599609375
2015-02-09,3511.570068359375
2015-02-10,3543.840087890625
2015-02-11,3537.860107421875
2015-02-12,3566.909912109375
2015-02-13,3575.5400390625
2015-02-16,3562.389892578125
2015-02-17,3573.590087890625
2015-02-18,3595.820068359375
2015-02-19,3624.969970703125
2015-02-20,3624.699951171875
2015-02-23,3658.1201171875
2015-02-24,3666.800048828125
2015-02-25,3672.080078125
2015-02-26,3713.840087890625
2015-02-27,3714.43994140625
2015-03-02,3713.389892578125
2015-03-03,3667.25
2015-03-04,3702.159912109375
2015-03-05,3731.3798828125
2015-03-06,3732.580078125
2015-03-09,3713.64990234375
2015-03-10,3669.4599609375
2015-03-11,3719.780029296875
2015-03-12,3716.179931640625
2015-03-13,3728.330078125
2015-03-16,3770.47998046875
2015-03-17,3735.8798828125
2015-03-18,3727.919921875
2015-03-19,3734.35009765625
2015-03-20,3765.800048828125
2015-03-23,3751.580078125
2015-03-24,3765.409912109375
2015-03-25,3745.1298828125
2015-03-26,3703.1298828125
2015-03-27,3712.81005859375
2015-03-30,3762.89990234375
2015-03-31,3725.820068359375
2015-04-01,3742.6201171875
2015-04-02,3773.31005859375
2015-04-07,3839.110107421875
2015-04-08,3831.090087890625
2015-04-09,3871.659912109375
2015-04-10,3905.7099609375
2015-04-13,3902.739990234375
2015-04-14,3888.860107421875
2015-04-15,3895.02001953125
2015-04-16,3859.429931640625
2015-04-17,3785.489990234375
2015-04-20,3826.280029296875
2015-04-21,3828.360107421875
2015-04-22,3794.2900390625
2015-04-23,3786.280029296875
2015-04-24,3800.1298828125
2015-04-27,3844.260009765625
2015-04-28,3802.25
2015-04-29,3703.429931640625
2015-04-30,3674.179931640625
2015-05-04,3672.52001953125
2015-05-05,3600.199951171875
2015-05-06,3589.0
2015-05-07,3585.260009765625
2015-05-08,3652.8701171875
2015-05-11,3687.18994140625
2015-05-12,3670.56005859375
2015-05-13,3657.909912109375
2015-05-14,3679.89990234375
2015-05-15,3674.050048828125
2015-05-18,3685.780029296875
2015-05-19,3741.679931640625
2015-05-20,3752.090087890625
2015-05-21,3762.080078125
2015-05-22,3765.89990234375
2015-05-25,3746.300048828125
2015-05-26,3714.719970703125
2015-05-27,3761.090087890625
2015-05-28,3753.6201171875
2015-05-29,3708.659912109375
2015-06-01,3700.429931640625
2015-06-02,3689.590087890625
2015-06-03,3721.760009765625
2015-06-04,3692.070068359375
2015-06-05,3646.68994140625
2015-06-08,3621.889892578125
2015-06-09,3609.8798828125
2015-06-10,3663.760009765625
2015-06-11,3672.070068359375
2015-06-12,3631.760009765625
2015-06-15,3573.18994140625
2015-06-16,3591.25
2015-06-17,3567.510009765625
2015-06-18,3584.110107421875
2015-06-19,3589.070068359375
2015-06-22,3679.43994140625
2015-06-23,3744.679931640625
2015-06-24,3719.8798828125
2015-06-25,3711.31005859375
2015-06-26,3719.43994140625
2015-06-29,3621.090087890625
2015-06-30,3574.699951171875
2015-07-01,3641.090087890625
2015-07-02,3624.27001953125
2015-07-03,3591.969970703125
2015-07-06,3536.8701171875
2015-07-07,3480.860107421875
2015-07-08,3503.10009765625
2015-07-09,3589.219970703125
2015-07-10,3674.60009765625
2015-07-13,3748.8701171875
2015-07-14,3756.25
2015-07-15,3787.60009765625
2015-07-16,3836.469970703125
2015-07-17,3834.35009765625
2015-07-20,3849.1201171875
2015-07-21,3822.6201171875
2015-07-22,3806.090087890625
2015-07-23,3802.3798828125
2015-07-24,3772.6201171875
2015-07-27,3701.3798828125
2015-07-28,3719.39990234375
2015-07-29,3719.3798828125
2015-07-30,3726.85009765625
2015-07-31,3762.639892578125
2015-08-03,3799.340087890625
2015-08-04,3801.2099609375
2015-08-05,3831.25
2015-08-06,3841.47998046875
2015-08-07,3797.0400390625
2015-08-10,3808.969970703125
2015-08-11,3750.840087890625
2015-08-12,3637.1298828125
2015-08-13,3672.35009765625
2015-08-14,3648.080078125
2015-08-17,3647.06005859375
2015-08-18,3656.1298828125
2015-08-19,3597.429931640625
2015-08-20,3544.02001953125
2015-08-21,3437.22998046875
2015-08-24,3265.590087890625
2015-08-25,3392.1201171875
2015-08-26,3346.18994140625
2015-08-27,3443.669921875
2015-08-28,3461.330078125
2015-08-31,3463.1201171875
2015-09-01,3387.68994140625
2015-09-02,3410.39990234375
2015-09-03,3454.97998046875
2015-09-04,3398.659912109375
2015-09-07,3411.580078125
2015-09-08,3451.22998046875
2015-09-09,3495.010009765625
2015-09-10,3465.580078125
2015-09-11,3434.169921875
2015-09-14,3413.06005859375
2015-09-15,3423.340087890625
2015-09-16,3479.949951171875
2015-09-17,3466.9599609375
2015-09-18,3418.3701171875
2015-09-21,3446.419921875
2015-09-22,3346.050048828125
2015-09-23,3354.85009765625
2015-09-24,3298.02001953125
2015-09-25,3378.52001953125
2015-09-28,3317.889892578125
2015-09-29,3296.760009765625
2015-09-30,3344.5
2015-10-01,3327.18994140625
2015-10-02,3342.929931640625
2015-10-05,3438.169921875
2015-10-06,3447.090087890625
2015-10-07,3440.02001953125
2015-10-08,3436.179931640625
2015-10-09,3442.77001953125
2015-10-12,3420.949951171875
2015-10-13,3396.550048828125
2015-10-14,3377.02001953125
2015-10-15,3399.6201171875
2015-10-16,3425.610107421875
2015-10-19,3439.419921875
2015-10-20,3434.0
2015-10-21,3427.14990234375
2015-10-22,3462.300048828125
2015-10-23,3521.52001953125
2015-10-26,3526.030029296875
2015-10-27,3513.68994140625
2015-10-28,3579.360107421875
2015-10-29,3587.02001953125
2015-10-30,3600.199951171875
2015-11-02,3624.179931640625
2015-11-03,3609.800048828125
2015-11-04,3609.7099609375
2015-11-05,3600.239990234375
2015-11-06,3649.18994140625
2015-11-09,3623.840087890625
2015-11-10,3612.969970703125
2015-11-11,3655.68994140625
2015-11-12,3609.239990234375
2015-11-13,3603.179931640625
2015-11-16,3632.43994140625
2015-11-17,3695.0400390625
2015-11-18,3683.3798828125
2015-11-19,3701.840087890625
2015-11-20,3702.6201171875
2015-11-23,3692.639892578125
2015-11-24,3672.449951171875
2015-11-25,3708.68994140625
2015-11-26,3752.7099609375
2015-11-27,3752.7900390625
2015-11-30,3760.889892578125
2015-12-01,3744.10009765625
2015-12-02,3732.93994140625
2015-12-03,3647.7099609375
2015-12-04,3641.280029296875
2015-12-07,3667.1201171875
2015-12-08,3616.97998046875
2015-12-09,3585.389892578125
2015-12-10,3577.97998046875
2015-12-11,3538.5400390625
2015-12-14,3492.89990234375
2015-12-15,3582.179931640625
2015-12-16,3615.449951171875
2015-12-17,3676.090087890625
2015-12-18,3648.77001953125
2015-12-21,3614.22998046875
2015-12-22,3614.719970703125
2015-12-23,3689.510009765625
2015-12-24,3691.7099609375
2015-12-28,3688.39990234375
2015-12-29,3753.050048828125
2015-12-30,3734.02001953125
2016-01-04,3642.7900390625
2016-01-05,3653.179931640625
2016-01-06,3613.68994140625
2016-01-07,3550.7099609375
2016-01-08,3493.97998046875
2016-01-11,3494.139892578125
2016-01-12,3518.43994140625
2016-01-13,3528.10009765625
2016-01-14,3455.010009765625
2016-01-15,3384.199951171875
2016-01-18,3339.75
2016-01-19,3382.47998046875
2016-01-20,3285.14990234375
2016-01-21,3355.889892578125
2016-01-22,3450.989990234375
2016-01-25,3436.14990234375
2016-01-26,3475.050048828125
2016-01-27,3461.090087890625
2016-01-28,3409.3701171875
2016-01-29,3486.219970703125
2016-02-01,3488.530029296875
2016-02-02,3434.800048828125
2016-02-03,3375.429931640625
2016-02-04,3348.419921875
2016-02-05,3305.68994140625
2016-02-08,3191.550048828125
2016-02-09,3168.2900390625
2016-02-10,3220.139892578125
2016-02-11,3130.760009765625
2016-02-12,3203.659912109375
2016-02-15,3298.590087890625
2016-02-16,3296.22998046875
2016-02-17,3376.320068359375
2016-02-18,3344.56005859375
2016-02-19,3330.159912109375
2016-02-22,3376.429931640625
2016-02-23,3344.590087890625
2016-02-24,3279.72998046875
2016-02-25,3338.070068359375
2016-02-26,3370.60009765625
2016-02-29,3371.820068359375
2016-03-01,3428.35009765625
2016-03-02,3427.429931640625
2016-03-03,3416.570068359375
2016-03-04,3418.580078125
2016-03-07,3398.219970703125
2016-03-08,3371.18994140625
2016-03-09,3384.610107421875
2016-03-10,3355.0400390625
2016-03-11,3425.800048828125
2016-03-14,3446.8701171875
2016-03-15,3419.610107421875
2016-03-16,3437.8798828125
2016-03-17,3405.300048828125
2016-03-18,3420.050048828125
2016-03-21,3419.139892578125
2016-03-22,3424.919921875
2016-03-23,3428.530029296875
2016-03-24,3368.89990234375
2016-03-29,3382.320068359375
2016-03-30,3419.3798828125
2016-03-31,3373.0400390625
2016-04-01,3357.080078125
2016-04-04,3375.7900390625
2016-04-05,3321.610107421875
2016-04-06,3345.3701171875
2016-04-07,3319.989990234375
2016-04-08,3354.06005859375
2016-04-11,3369.0
2016-04-12,3370.68994140625
2016-04-13,3437.85009765625
2016-04-14,3457.89990234375
2016-04-15,3458.5
2016-04-18,3466.820068359375
2016-04-19,3497.6298828125
2016-04-20,3500.090087890625
2016-04-21,3490.3798828125
2016-04-22,3498.679931640625
2016-04-25,3467.89990234375
2016-04-26,3471.14990234375
2016-04-27,3479.580078125
2016-04-28,3476.780029296875
2016-04-29,3409.3701171875
2016-05-02,3421.409912109375
2016-05-03,3380.419921875
2016-05-04,3333.989990234375
2016-05-05,3328.010009765625
2016-05-06,3325.860107421875
2016-05-09,3335.89990234375
2016-05-10,3363.18994140625
2016-05-11,3342.8798828125
2016-05-12,3349.239990234375
2016-05-13,3376.830078125
2016-05-16,3366.419921875
2016-05-17,3350.719970703125
2016-05-18,3353.169921875
2016-05-19,3342.949951171875
2016-05-20,3390.340087890625
2016-05-23,3387.699951171875
2016-05-24,3443.919921875
2016-05-25,3491.989990234375
2016-05-26,3516.080078125
2016-05-27,3523.469970703125
2016-05-30,3535.139892578125
2016-05-31,3514.06005859375
2016-06-01,3504.27001953125
2016-06-02,3512.47998046875
2016-06-03,3490.550048828125
2016-06-06,3503.159912109375
2016-06-07,3546.81005859375
2016-06-08,3543.5
2016-06-09,3518.7900390625
2016-06-10,3441.60009765625
2016-06-13,3366.6298828125
2016-06-14,3306.590087890625
2016-06-15,3321.7099609375
2016-06-16,3291.800048828125
2016-06-17,3339.68994140625
2016-06-20,3432.179931640625
2016-06-21,3452.780029296875
2016-06-22,3452.830078125
2016-06-23,3498.0400390625
2016-06-24,3274.18994140625
2016-06-27,3141.1298828125
2016-06-28,3209.489990234375
2016-06-29,3297.760009765625
2016-06-30,3345.6298828125
2016-07-01,3363.97998046875
2016-07-04,3337.72998046875
2016-07-05,3283.97998046875
2016-07-06,3236.010009765625
2016-07-07,3257.77001953125
2016-07-08,3319.639892578125
2016-07-11,3361.169921875
2016-07-12,3393.52001953125
2016-07-13,3390.320068359375
2016-07-14,3418.43994140625
2016-07-15,3410.909912109375
2016-07-18,3412.469970703125
2016-07-19,3410.239990234375
2016-07-20,3431.320068359375
2016-07-21,3428.89990234375
2016-07-22,3450.27001953125
2016-07-25,3451.080078125
2016-07-26,3456.9599609375
2016-07-27,3453.659912109375
2016-07-28,3418.18994140625
2016-07-29,3464.840087890625
2016-08-01,3426.3798828125
2016-08-02,3365.3798828125
2016-08-03,3401.2099609375
2016-08-04,3427.340087890625
2016-08-05,3464.820068359375
2016-08-08,3464.389892578125
2016-08-09,3493.77001953125
2016-08-10,3490.52001953125
2016-08-11,3535.389892578125
2016-08-12,3544.820068359375
2016-08-15,3563.25
2016-08-16,3524.39990234375
2016-08-17,3495.52001953125
2016-08-18,3518.090087890625
2016-08-19,3502.530029296875
2016-08-22,3510.610107421875
2016-08-23,3545.219970703125
2016-08-24,3554.72998046875
2016-08-25,3534.840087890625
2016-08-26,3550.110107421875
2016-08-29,3541.590087890625
2016-08-30,3556.780029296875
2016-08-31,3553.3701171875
2016-09-01,3559.580078125
2016-09-02,3632.39990234375
2016-09-05,3637.260009765625
2016-09-06,3629.669921875
2016-09-07,3635.510009765625
2016-09-08,3620.85009765625
2016-09-09,3582.280029296875
2016-09-12,3546.860107421875
2016-09-13,3506.77001953125
2016-09-14,3502.929931640625
2016-09-15,3522.739990234375
2016-09-16,3509.179931640625
2016-09-19,3536.280029296875
2016-09-20,3540.9599609375
2016-09-21,3566.469970703125
2016-09-22,3616.080078125
2016-09-23,3604.27001953125
2016-09-26,3551.449951171875
2016-09-27,3547.889892578125
2016-09-28,3571.02001953125
2016-09-29,3549.530029296875
2016-09-30,3555.919921875
2016-10-03,3543.02001953125
2016-10-04,3565.22998046875
2016-10-05,3562.25
2016-10-06,3559.590087890625
2016-10-07,3526.2099609375
2016-10-10,3551.639892578125
2016-10-11,3544.030029296875
2016-10-12,3525.3701171875
2016-10-13,3505.89990234375
2016-10-14,3555.489990234375
2016-10-17,3548.739990234375
2016-10-18,3592.969970703125
2016-10-19,3599.39990234375
2016-10-20,3610.39990234375
2016-10-21,3588.300048828125
2016-10-24,3594.889892578125
2016-10-25,3588.02001953125
2016-10-26,3570.6298828125
2016-10-27,3587.639892578125
2016-10-28,3559.2099609375
2016-10-31,3540.56005859375
2016-11-01,3500.110107421875
2016-11-02,3457.02001953125
2016-11-03,3454.530029296875
2016-11-04,3439.550048828125
2016-11-07,3477.889892578125
2016-11-08,3489.280029296875
2016-11-09,3538.929931640625
2016-11-10,3491.050048828125
2016-11-11,3491.409912109375
2016-11-14,3495.010009765625
2016-11-15,3486.330078125
2016-11-16,3466.27001953125
2016-11-17,3469.320068359375
2016-11-18,3426.2099609375
2016-11-21,3447.610107421875
2016-11-22,3473.830078125
2016-11-23,3467.93994140625
2016-11-24,3473.25
2016-11-25,3492.77001953125
2016-11-28,3463.139892578125
2016-11-29,3469.340087890625
2016-11-30,3478.6298828125
2016-12-01,3450.43994140625
2016-12-02,3427.610107421875
2016-12-05,3462.739990234375
2016-12-06,3525.760009765625
2016-12-07,3531.830078125
2016-12-08,3565.449951171875
2016-12-09,3557.530029296875
2016-12-12,3547.830078125
2016-12-13,3581.27001953125
2016-12-14,3545.93994140625
2016-12-15,3569.64990234375
2016-12-16,3582.550048828125
2016-12-19,3576.18994140625
2016-12-20,3605.27001953125
2016-12-21,3599.360107421875
2016-12-22,3596.919921875
2016-12-23,3599.7900390625
2016-12-27,3606.659912109375
2016-12-28,3608.889892578125
2016-12-29,3601.090087890625
2016-12-30,3606.360107421875
2017-01-03,3657.050048828125
2017-01-04,3665.68994140625
2017-01-05,3658.68994140625
2017-01-06,3665.5
2017-01-09,3638.860107421875
2017-01-10,3632.02001953125
2017-01-11,3619.489990234375
2017-01-12,3588.85009765625
2017-01-13,3634.43994140625
2017-01-16,3594.580078125
2017-01-17,3588.31005859375
2017-01-18,3584.2900390625
2017-01-19,3593.969970703125
2017-01-20,3588.530029296875
2017-01-23,3562.429931640625
2017-01-24,3559.449951171875
2017-01-25,3605.050048828125
2017-01-26,3610.2099609375
2017-01-27,3605.300048828125
2017-01-30,3564.949951171875
2017-01-31,3542.27001953125
2017-02-01,3575.199951171875
2017-02-02,3586.830078125
2017-02-03,3606.159912109375
2017-02-06,3578.10009765625
2017-02-07,3589.7099609375
2017-02-08,3584.030029296875
2017-02-09,3611.669921875
2017-02-10,3590.949951171875
2017-02-13,3617.60009765625
2017-02-14,3624.18994140625
2017-02-15,3618.56005859375
2017-02-16,3619.27001953125
2017-02-17,3610.43994140625
2017-02-20,3619.139892578125
2017-02-21,3628.409912109375
2017-02-22,3623.639892578125
2017-02-23,3607.3701171875
2017-02-24,3575.75
2017-02-27,3575.4599609375
2017-02-28,3584.1298828125
2017-03-01,3660.510009765625
2017-03-02,3668.3701171875
2017-03-03,3702.860107421875
2017-03-06,3687.06005859375
2017-03-07,3684.1298828125
2017-03-08,3699.469970703125
2017-03-09,3744.5400390625
2017-03-10,3764.64990234375
2017-03-13,3771.0400390625
2017-03-14,3750.830078125
2017-03-15,3759.81005859375
2017-03-16,3778.1298828125
2017-03-17,3799.860107421875
2017-03-20,3791.1201171875
2017-03-21,3759.43994140625
2017-03-22,3730.010009765625
2017-03-23,3763.10009765625
2017-03-24,3747.429931640625
2017-03-27,3739.5400390625
2017-03-28,3768.85009765625
2017-03-29,3787.5400390625
2017-03-30,3795.27001953125
2017-03-31,3817.02001953125
2017-04-03,3800.43994140625
2017-04-04,3805.1201171875
2017-04-05,3808.75
2017-04-06,3820.800048828125
2017-04-07,3819.43994140625
2017-04-10,3822.080078125
2017-04-11,3807.60009765625
2017-04-12,3807.719970703125
2017-04-13,3790.760009765625
2017-04-18,3745.949951171875
2017-04-19,3770.429931640625
2017-04-20,3770.280029296875
2017-04-21,3770.449951171875
2017-04-24,3887.8701171875
2017-04-25,3889.68994140625
2017-04-26,3890.830078125
2017-04-27,3882.68994140625
2017-04-28,3875.530029296875
2017-05-02,3909.8798828125
2017-05-03,3932.860107421875
2017-05-04,4003.659912109375
2017-05-05,4037.93994140625
2017-05-08,4037.22998046875
2017-05-09,4036.800048828125
2017-05-10,4041.030029296875
2017-05-11,4004.169921875
2017-05-12,4008.340087890625
2017-05-15,4023.64990234375
2017-05-16,4010.580078125
2017-05-17,3954.110107421875
2017-05-18,3906.0400390625
2017-05-19,3949.43994140625
2017-05-22,3895.830078125
2017-05-23,3914.820068359375
2017-05-24,3902.7099609375
2017-05-25,3894.3701171875
2017-05-26,3900.929931640625
2017-05-29,3893.47998046875
2017-05-30,3890.840087890625
2017-05-31,3888.320068359375
2017-06-01,3897.2900390625
2017-06-02,3915.0400390625
2017-06-05,3900.35009765625
2017-06-06,3878.260009765625
2017-06-07,3906.81005859375
2017-06-08,3918.22998046875
2017-06-09,3946.419921875
2017-06-12,3899.489990234375
2017-06-13,3910.860107421875
2017-06-14,3902.47998046875
2017-06-15,3888.8701171875
2017-06-16,3908.429931640625
2017-06-19,3935.27001953125
2017-06-20,3910.199951171875
2017-06-21,3869.93994140625
2017-06-22,3853.35009765625
2017-06-23,3843.760009765625
2017-06-26,3861.739990234375
2017-06-27,3839.85009765625
2017-06-28,3839.510009765625
2017-06-29,3796.570068359375
2017-06-30,3793.6201171875
2017-07-03,3839.909912109375
2017-07-04,3834.969970703125
2017-07-05,3838.969970703125
2017-07-06,3822.93994140625
2017-07-07,3835.830078125
2017-07-10,3845.080078125
2017-07-11,3824.739990234375
2017-07-12,3867.47998046875
2017-07-13,3894.580078125
2017-07-14,3902.780029296875
2017-07-17,3909.22998046875
2017-07-18,3872.43994140625
2017-07-19,3901.389892578125
2017-07-20,3900.590087890625
2017-07-21,3883.469970703125
2017-07-24,3872.659912109375
2017-07-25,3901.760009765625
2017-07-26,3952.699951171875
2017-07-27,3985.60009765625
2017-07-28,3944.56005859375
2017-07-31,3942.4599609375
2017-08-01,3960.360107421875
2017-08-02,3938.159912109375
2017-08-03,3949.0
2017-08-04,3969.989990234375
2017-08-07,3960.030029296875
2017-08-08,3965.6298828125
2017-08-09,3926.580078125
2017-08-10,3904.929931640625
2017-08-11,3866.469970703125
2017-08-14,3909.47998046875
2017-08-15,3932.2099609375
2017-08-16,3954.080078125
2017-08-17,3943.739990234375
2017-08-18,3924.780029296875
2017-08-21,3902.169921875
2017-08-22,3930.75
2017-08-23,3909.699951171875
2017-08-24,3917.989990234375
2017-08-25,3905.7099609375
2017-08-28,3884.550048828125
2017-08-29,3846.60009765625
2017-08-30,3873.580078125
2017-08-31,3887.550048828125
2017-09-01,3901.419921875
2017-09-04,3884.469970703125
2017-09-05,3883.68994140625
2017-09-06,3890.550048828125
2017-09-07,3921.93994140625
2017-09-08,3938.239990234375
2017-09-11,3977.5400390625
2017-09-12,3995.199951171875
2017-09-13,3989.1298828125
2017-09-14,3989.409912109375
2017-09-15,3967.52001953125
2017-09-18,3968.31005859375
2017-09-19,3973.030029296875
2017-09-20,3965.489990234375
2017-09-21,3968.669921875
2017-09-22,3957.9599609375
2017-09-25,3963.199951171875
2017-09-26,3968.47998046875
2017-09-27,3986.81005859375
2017-09-28,4001.31005859375
2017-09-29,4017.75
2017-10-02,4031.639892578125
2017-10-03,4045.320068359375
2017-10-04,4044.389892578125
2017-10-05,4064.179931640625
2017-10-06,4047.3701171875
2017-10-09,4054.39990234375
2017-10-10,4055.239990234375
2017-10-11,4059.0400390625
2017-10-12,4070.679931640625
2017-10-13,4069.909912109375
2017-10-16,4060.7900390625
2017-10-17,4068.77001953125
2017-10-18,4075.25
2017-10-19,4066.02001953125
2017-10-20,4082.97998046875
2017-10-23,4089.840087890625
2017-10-24,4080.0400390625
2017-10-25,4048.5
2017-10-26,4089.699951171875
2017-10-27,4092.159912109375
2017-10-30,4078.679931640625
2017-10-31,4096.3798828125
2017-11-01,4116.5
2017-11-02,4102.259765625
2017-11-03,4112.5498046875
2017-11-06,4118.509765625
2017-11-07,4097.64013671875
2017-11-08,4085.489990234375
2017-11-09,4043.489990234375
2017-11-10,4026.260009765625
2017-11-13,4007.570068359375
2017-11-14,3984.6298828125
2017-11-15,3963.830078125
2017-11-16,3991.860107421875
2017-11-17,3954.0400390625
2017-11-20,3962.239990234375
2017-11-21,3970.6201171875
2017-11-22,3969.18994140625
2017-11-23,3978.18994140625
2017-11-24,3985.4599609375
2017-11-27,3971.239990234375
2017-11-28,3985.659912109375
2017-11-29,3999.409912109375
2017-11-30,3984.10009765625
2017-12-01,3964.280029296875
2017-12-04,4001.110107421875
2017-12-05,3999.669921875
2017-12-06,3979.75
2017-12-07,3994.72998046875
2017-12-08,4025.75
2017-12-11,4019.18994140625
2017-12-12,4033.580078125
2017-12-13,4002.2099609375
2017-12-14,3985.219970703125
2017-12-15,3992.27001953125
2017-12-18,4024.64990234375
2017-12-19,4020.8701171875
2017-12-20,3994.679931640625
2017-12-21,3996.0
2017-12-22,3995.050048828125
2017-12-27,4003.070068359375
2017-12-28,3991.360107421875
2017-12-29,3977.8798828125
2018-01-02,3979.530029296875
2018-01-03,4005.610107421875
2018-01-04,4057.919921875
2018-01-05,4097.0400390625
2018-01-08,4114.52978515625
2018-01-09,4141.64013671875
2018-01-10,4157.5498046875
2018-01-11,4155.31005859375
2018-01-12,4164.1201171875
2018-01-15,4164.4501953125
2018-01-16,4163.9599609375
2018-01-17,4148.60009765625
2018-01-18,4142.06005859375
2018-01-19,4159.08984375
2018-01-22,4176.8798828125
2018-01-23,4161.990234375
2018-01-24,4146.75
2018-01-25,4144.22998046875
2018-01-26,4162.009765625
2018-01-29,4155.18994140625
2018-01-30,4126.56982421875
2018-01-31,4111.64990234375
2018-02-01,4103.6298828125
2018-02-02,4053.590087890625
2018-02-05,3997.590087890625
2018-02-06,3896.590087890625
2018-02-07,3991.89990234375
2018-02-08,3911.9599609375
2018-02-09,3876.330078125
2018-02-12,3918.179931640625
2018-02-13,3884.7099609375
2018-02-14,3892.159912109375
2018-02-15,3910.110107421875
2018-02-16,3941.18994140625
2018-02-19,3922.4599609375
2018-02-20,3938.6201171875
2018-02-21,3950.27001953125
2018-02-22,3978.85009765625
2018-02-23,3972.530029296875
2018-02-26,3992.5
2018-02-27,4010.169921875
2018-02-28,3994.449951171875
2018-03-01,3943.85009765625
2018-03-02,3869.179931640625
2018-03-05,3907.0400390625
2018-03-06,3916.409912109375
2018-03-07,3929.199951171875
2018-03-08,3974.52001953125
2018-03-09,3987.0400390625
2018-03-12,4002.469970703125
2018-03-13,3970.469970703125
2018-03-14,3929.31005859375
2018-03-15,3950.780029296875
2018-03-16,3961.550048828125
2018-03-19,3920.639892578125
2018-03-20,3935.780029296875
2018-03-21,3925.780029296875
2018-03-22,3858.5
2018-03-23,3816.9599609375
2018-03-26,3797.02001953125
2018-03-27,3824.419921875
2018-03-28,3852.3701171875
2018-03-29,3857.10009765625
2018-04-03,3831.429931640625
2018-04-04,3808.280029296875
2018-04-05,3889.02001953125
2018-04-06,3870.070068359375
2018-04-09,3870.64990234375
2018-04-10,3887.909912109375
2018-04-11,3856.60009765625
2018-04-12,3883.820068359375
2018-04-13,3888.320068359375
2018-04-16,3868.179931640625
2018-04-17,3899.719970703125
2018-04-18,3910.4599609375
2018-04-19,3911.780029296875
2018-04-20,3921.199951171875
2018-04-23,3933.639892578125
2018-04-24,3931.590087890625
2018-04-25,3893.070068359375
2018-04-26,3908.14990234375
2018-04-27,3912.919921875
2018-04-30,3910.300048828125
2018-05-02,3920.89990234375
2018-05-03,3871.93994140625
2018-05-04,3894.60009765625
2018-05-07,3889.260009765625
2018-05-08,3910.6298828125
2018-05-09,3893.0
2018-05-10,3884.5400390625
2018-05-11,3884.39990234375
2018-05-14,3885.739990234375
2018-05-15,3876.570068359375
2018-05-16,3857.68994140625
2018-05-17,3898.570068359375
2018-05-18,3891.110107421875
2018-05-21,3904.97998046875
2018-05-22,3916.780029296875
2018-05-23,3887.179931640625
2018-05-24,3860.06005859375
2018-05-25,3857.06005859375
2018-05-28,3832.860107421875
2018-05-29,3760.510009765625
2018-05-30,3784.64990234375
2018-05-31,3764.219970703125
2018-06-01,3809.219970703125
2018-06-04,3834.89990234375
2018-06-05,3799.14990234375
2018-06-06,3791.1298828125
2018-06-07,3791.969970703125
2018-06-08,3770.969970703125
2018-06-11,3814.280029296875
2018-06-12,3816.7900390625
2018-06-13,3813.93994140625
2018-06-14,3830.530029296875
2018-06-15,3803.260009765625
2018-06-18,3762.9599609375
2018-06-19,3745.800048828125
2018-06-20,3750.14990234375
2018-06-21,3727.5400390625
2018-06-22,3763.570068359375
2018-06-25,3710.489990234375
2018-06-26,3709.840087890625
2018-06-27,3729.110107421875
2018-06-28,3702.239990234375
2018-06-29,3719.860107421875
2018-07-02,3697.280029296875
2018-07-03,3715.360107421875
2018-07-04,3720.10009765625
2018-07-05,3747.22998046875
2018-07-06,3770.669921875
2018-07-09,3797.06005859375
2018-07-10,3803.5400390625
2018-07-11,3779.780029296875
2018-07-12,3801.340087890625
2018-07-13,3804.080078125
2018-07-16,3806.669921875
2018-07-17,3817.639892578125
2018-07-18,3820.409912109375
2018-07-19,3809.429931640625
2018-07-20,3815.159912109375
2018-07-23,3832.280029296875
2018-07-24,3862.469970703125
2018-07-25,3863.860107421875
2018-07-26,3874.949951171875
2018-07-27,3925.6298828125
2018-07-30,3915.530029296875
2018-07-31,3899.0400390625
2018-08-01,3894.6201171875
2018-08-02,3862.260009765625
2018-08-03,3874.110107421875
2018-08-06,3866.550048828125
2018-08-07,3884.330078125
2018-08-08,3863.679931640625
2018-08-09,3888.81005859375
2018-08-10,3818.93994140625
2018-08-13,3801.929931640625
2018-08-14,3810.39990234375
2018-08-15,3759.820068359375
2018-08-16,3775.639892578125
2018-08-17,3768.5
2018-08-20,3787.7099609375
2018-08-21,3800.43994140625
2018-08-22,3800.10009765625
2018-08-23,3799.090087890625
2018-08-24,3805.570068359375
2018-08-27,3820.860107421875
2018-08-28,3816.010009765625
2018-08-29,3817.4599609375
2018-08-30,3781.679931640625
2018-08-31,3740.7099609375
2018-09-03,3729.60009765625
2018-09-04,3705.219970703125
2018-09-05,3671.4599609375
2018-09-06,3651.8798828125
2018-09-07,3640.780029296875
2018-09-10,3668.360107421875
2018-09-11,3668.85009765625
2018-09-12,3690.989990234375
2018-09-13,3692.360107421875
2018-09-14,3709.56005859375
2018-09-17,3714.800048828125
2018-09-18,3730.8701171875
2018-09-19,3732.050048828125
2018-09-20,3768.830078125
2018-09-21,3774.889892578125
2018-09-24,3747.219970703125
2018-09-25,3750.81005859375
2018-09-26,3743.580078125
2018-09-27,3741.179931640625
2018-09-28,3706.739990234375
2018-10-01,3715.02001953125
2018-10-02,3702.43994140625
2018-10-03,3745.43994140625
2018-10-04,3714.75
2018-10-05,3686.659912109375
2018-10-08,3639.219970703125
2018-10-09,3653.1298828125
2018-10-10,3575.340087890625
2018-10-11,3502.780029296875
2018-10-12,3505.030029296875
2018-10-15,3506.47998046875
2018-10-16,3563.93994140625
2018-10-17,3559.969970703125
2018-10-18,3538.080078125
2018-10-19,3521.27001953125
2018-10-22,3510.3798828125
2018-10-23,3437.389892578125
2018-10-24,3427.719970703125
2018-10-25,3400.02001953125
2018-10-26,3373.510009765625
2018-10-29,3406.02001953125
2018-10-30,3396.489990234375
2018-10-31,3447.070068359375
2018-11-01,3503.260009765625
2018-11-02,3521.929931640625
2018-11-05,3508.340087890625
2018-11-06,3498.06005859375
2018-11-07,3561.8701171875
2018-11-08,3552.22998046875
2018-11-09,3556.31005859375
2018-11-12,3523.7099609375
2018-11-13,3548.610107421875
2018-11-14,3538.830078125
2018-11-15,3526.179931640625
2018-11-16,3529.820068359375
2018-11-19,3503.39990234375
2018-11-20,3430.469970703125
2018-11-21,3471.360107421875
2018-11-22,3426.889892578125
2018-11-23,3441.429931640625
2018-11-26,3475.27001953125
2018-11-27,3484.429931640625
2018-11-28,3474.0
2018-11-29,3491.989990234375
2018-11-30,3487.89990234375
2018-12-03,3526.669921875
2018-12-04,3482.909912109375
2018-12-05,3442.56005859375
2018-12-06,3324.800048828125
2018-12-07,3344.590087890625
2018-12-10,3286.919921875
2018-12-11,3334.7900390625
2018-12-12,3401.239990234375
2018-12-13,3401.219970703125
2018-12-14,3384.2900390625
2018-12-17,3331.260009765625
2018-12-18,3316.679931640625
2018-12-19,3326.840087890625
2018-12-20,3247.469970703125
2018-12-21,3240.97998046875
2018-12-24,3210.080078125
2018-12-27,3164.97998046875
2018-12-28,3209.0
2018-12-31,3243.6298828125
2019-01-02,3223.139892578125
2019-01-03,3221.5
2019-01-04,3317.050048828125
2019-01-07,3340.780029296875
2019-01-08,3382.969970703125
2019-01-09,3404.260009765625
2019-01-10,3413.159912109375
2019-01-11,3411.72998046875
2019-01-14,3394.550048828125
2019-01-15,3422.0
2019-01-16,3446.969970703125
2019-01-17,3429.719970703125
2019-01-18,3483.47998046875
2019-01-21,3465.2900390625
2019-01-22,3449.199951171875
2019-01-23,3457.389892578125
2019-01-24,3458.280029296875
2019-01-25,3496.9599609375
2019-01-28,3466.659912109375
2019-01-29,3477.60009765625
2019-01-30,3488.39990234375
2019-01-31,3491.6201171875
2019-02-01,3507.840087890625
2019-02-04,3506.820068359375
2019-02-05,3559.27001953125
2019-02-06,3577.77001953125
2019-02-07,3514.10009765625
2019-02-08,3473.72998046875
2019-02-11,3496.3798828125
2019-02-12,3526.93994140625
2019-02-13,3535.14990234375
2019-02-14,3520.89990234375
2019-02-15,3567.97998046875
2019-02-18,3593.39990234375
2019-02-19,3585.47998046875
2019-02-20,3615.860107421875
2019-02-21,3586.14990234375
2019-02-22,3572.820068359375
2019-02-25,3587.52001953125
2019-02-26,3604.800048828125
2019-02-27,3595.610107421875
2019-02-28,3604.47998046875
2019-03-01,3644.139892578125
2019-03-04,3642.1298828125
2019-03-05,3641.139892578125
2019-03-06,3605.800048828125
2019-03-07,3573.22998046875
2019-03-08,3536.610107421875
2019-03-11,3568.8701171875
2019-03-12,3579.580078125
2019-03-13,3597.409912109375
2019-03-14,3609.639892578125
2019-03-15,3640.260009765625
2019-03-18,3660.800048828125
2019-03-19,3688.489990234375
2019-03-20,3655.639892578125
2019-03-21,3654.659912109375
2019-03-22,3588.72998046875
2019-03-25,3560.679931640625
2019-03-26,3591.570068359375
2019-03-27,3614.570068359375
2019-03-28,3601.070068359375
2019-03-29,3658.719970703125
2019-04-01,3713.60009765625
2019-04-02,3736.780029296875
2019-04-03,3772.699951171875
2019-04-04,3782.219970703125
2019-04-05,3805.389892578125
2019-04-08,3793.080078125
2019-04-09,3790.2099609375
2019-04-10,3778.300048828125
2019-04-11,3807.739990234375
2019-04-12,3845.050048828125
2019-04-15,3846.780029296875
2019-04-16,3860.169921875
2019-04-17,3846.820068359375
2019-04-18,3852.300048828125
2019-04-23,3806.97998046875
2019-04-24,3752.199951171875
2019-04-25,3713.719970703125
2019-04-26,3727.6201171875
2019-04-29,3737.820068359375
2019-04-30,3743.669921875
2019-05-02,3718.030029296875
2019-05-03,3715.3701171875
2019-05-06,3681.800048828125
2019-05-07,3595.9599609375
2019-05-08,3574.860107421875
2019-05-09,3492.389892578125
2019-05-10,3504.030029296875
2019-05-13,3452.169921875
2019-05-14,3495.14990234375
2019-05-15,3493.820068359375
2019-05-16,3544.179931640625
2019-05-17,3511.4599609375
2019-05-20,3476.489990234375
2019-05-21,3494.93994140625
2019-05-22,3488.75
2019-05-23,3445.090087890625
2019-05-24,3472.340087890625
2019-05-27,3474.830078125
2019-05-28,3488.320068359375
2019-05-29,3432.610107421875
2019-05-30,3455.5
2019-05-31,3427.179931640625
2019-06-03,3420.050048828125
2019-06-04,3458.389892578125
2019-06-05,3454.5
2019-06-06,3440.3701171875
2019-06-07,3457.469970703125
2019-06-10,3483.9599609375
2019-06-11,3516.280029296875
2019-06-12,3500.780029296875
2019-06-13,3492.14990234375
2019-06-14,3463.7099609375
2019-06-17,3450.81005859375
2019-06-18,3513.070068359375
2019-06-19,3525.56005859375
2019-06-20,3518.52001953125
2019-06-21,3505.47998046875
2019-06-24,3498.320068359375
2019-06-25,3498.22998046875
2019-06-26,3497.320068359375
2019-06-27,3513.469970703125
2019-06-28,3547.4599609375
2019-07-01,3578.139892578125
2019-07-02,3596.7900390625
2019-07-03,3641.22998046875
2019-07-04,3657.64990234375
2019-07-05,3643.72998046875
2019-07-08,3608.590087890625
2019-07-09,3587.909912109375
2019-07-10,3589.72998046875
2019-07-11,3571.1298828125
2019-07-12,3578.3701171875
2019-07-15,3622.639892578125
2019-07-16,3649.639892578125
2019-07-17,3626.1298828125
2019-07-18,3620.7099609375
2019-07-19,3652.419921875
2019-07-22,3680.489990234375
2019-07-23,3723.580078125
2019-07-24,3726.469970703125
2019-07-25,3735.159912109375
2019-07-26,3735.949951171875
2019-07-29,3735.360107421875
2019-07-30,3673.090087890625
2019-07-31,3701.429931640625
2019-08-01,3729.969970703125
2019-08-02,3613.0
2019-08-05,3525.889892578125
2019-08-06,3505.489990234375
2019-08-07,3526.050048828125
2019-08-08,3574.419921875
2019-08-09,3534.570068359375
2019-08-12,3507.31005859375
2019-08-13,3519.199951171875
2019-08-14,3454.199951171875
2019-08-15,3443.340087890625
2019-08-16,3498.389892578125
2019-08-19,3522.419921875
2019-08-20,3488.169921875
2019-08-21,3525.25
2019-08-22,3510.110107421875
2019-08-23,3479.199951171875
2019-08-26,3487.0400390625
2019-08-27,3502.18994140625
2019-08-28,3490.820068359375
2019-08-29,3526.1201171875
2019-08-30,3570.81005859375
2019-09-02,3573.300048828125
2019-09-03,3562.429931640625
2019-09-04,3588.530029296875
2019-09-05,3619.5400390625
2019-09-06,3617.110107421875
2019-09-09,3647.75
2019-09-10,3663.659912109375
2019-09-11,3677.360107421875
2019-09-12,3697.659912109375
2019-09-13,3730.239990234375
2019-09-16,3700.18994140625
2019-09-17,3690.840087890625
2019-09-18,3680.090087890625
2019-09-19,3705.6201171875
2019-09-20,3738.719970703125
2019-09-23,3693.469970703125
2019-09-24,3678.159912109375
2019-09-25,3678.8798828125
2019-09-26,3697.72998046875
2019-09-27,3712.080078125
2019-09-30,3714.419921875
2019-10-01,3666.139892578125
2019-10-02,3566.3701171875
2019-10-03,3574.760009765625
2019-10-04,3610.639892578125
2019-10-07,3628.919921875
2019-10-08,3592.1201171875
2019-10-09,3607.550048828125
2019-10-10,3657.77001953125
2019-10-11,3727.919921875
2019-10-14,3713.56005859375
2019-10-15,3757.239990234375
2019-10-16,3761.02001953125
2019-10-17,3776.409912109375
2019-10-18,3757.780029296875
2019-10-21,3784.0400390625
2019-10-22,3768.47998046875
2019-10-23,3760.280029296875
2019-10-24,3791.659912109375
2019-10-25,3752.35009765625
2019-10-28,3770.840087890625
2019-10-29,3763.929931640625
2019-10-30,3767.320068359375
2019-10-31,3763.25
2019-11-01,3794.800048828125
2019-11-04,3829.199951171875
2019-11-05,3851.8701171875
2019-11-06,3859.7099609375
2019-11-07,3878.139892578125
2019-11-08,3876.93994140625
2019-11-11,3868.27001953125
2019-11-12,3898.47998046875
2019-11-13,3878.3701171875
2019-11-14,3870.27001953125
2019-11-15,3894.25
2019-11-18,3905.52001953125
2019-11-19,3897.43994140625
2019-11-20,3896.18994140625
2019-11-21,3873.929931640625
2019-11-22,3878.929931640625
2019-11-25,3902.929931640625
2019-11-26,3904.31005859375
2019-11-27,3912.3798828125
2019-11-28,3914.860107421875
2019-11-29,3906.679931640625
2019-12-02,3864.110107421875
2019-12-03,3841.330078125
2019-12-04,3889.409912109375
2019-12-05,3887.139892578125
2019-12-06,3929.050048828125
2019-12-09,3942.510009765625
2019-12-10,3927.6298828125
2019-12-11,3920.85009765625
2019-12-12,3931.64990234375
2019-12-13,3936.10009765625
2019-12-16,3977.889892578125
2019-12-17,3963.81005859375
2019-12-18,3967.679931640625
2019-12-19,3985.2900390625
2019-12-20,3992.929931640625
2019-12-23,3989.610107421875
2019-12-24,3992.1298828125
2019-12-27,3996.35009765625
2019-12-30,3967.179931640625
2019-12-31,3955.830078125
2020-01-02,4015.929931640625
2020-01-03,3994.610107421875
2020-01-06,3971.780029296875
2020-01-07,3984.72998046875
2020-01-08,3980.68994140625
2020-01-09,4013.97998046875
2020-01-10,4009.8798828125
2020-01-13,3984.580078125
2020-01-14,3990.6298828125
2020-01-15,3970.719970703125
2020-01-16,3987.780029296875
2020-01-17,4007.199951171875
2020-01-20,4012.669921875
2020-01-21,4018.85009765625
2020-01-22,4015.7099609375
2020-01-23,3978.300048828125
2020-01-24,4002.840087890625
2020-01-27,3903.5
2020-01-28,3956.110107421875
2020-01-29,3965.010009765625
2020-01-30,3927.860107421875
2020-01-31,3907.610107421875
2020-02-03,3929.27001953125
2020-02-04,4039.919921875
2020-02-05,4103.0400390625
2020-02-06,4140.22998046875
2020-02-07,4095.199951171875
2020-02-10,4101.7998046875
2020-02-11,4152.2998046875
2020-02-12,4184.27001953125
2020-02-13,4182.77978515625
2020-02-14,4185.43994140625
2020-02-17,4198.31005859375
2020-02-18,4164.5
2020-02-19,4139.259765625
2020-02-20,4119.0400390625
2020-02-21,4078.43994140625
2020-02-24,3917.639892578125
2020-02-25,3828.39990234375
2020-02-26,3830.340087890625
2020-02-27,3639.510009765625
2020-02-28,3488.60009765625
2020-03-02,3523.239990234375
2020-03-03,3575.1298828125
2020-03-04,3597.97998046875
2020-03-05,3544.830078125
2020-03-06,3435.090087890625
2020-03-09,3174.81005859375
2020-03-10,3155.60009765625
2020-03-11,3148.409912109375
2020-03-12,2701.0
2020-03-13,2728.929931640625
2020-03-16,2535.580078125
2020-03-17,2528.77001953125
2020-03-18,2576.2099609375
2020-03-19,2636.02001953125
2020-03-20,2771.489990234375
2020-03-23,2664.10009765625
2020-03-24,2867.590087890625
2020-03-25,2919.64990234375
2020-03-26,3004.429931640625
2020-03-27,2862.7900390625
2020-03-30,2826.93994140625
2020-03-31,2901.580078125
2020-04-01,2839.419921875
2020-04-02,2895.39990234375
2020-04-03,2857.050048828125
2020-04-06,2969.800048828125
2020-04-07,3033.570068359375
2020-04-08,3055.320068359375
2020-04-09,3092.389892578125
2020-04-14,3057.659912109375
2020-04-15,2920.820068359375
2020-04-16,2925.159912109375
2020-04-17,3015.409912109375
2020-04-20,3021.85009765625
2020-04-21,2908.090087890625
2020-04-22,2950.3701171875
2020-04-23,3017.760009765625
2020-04-24,2942.97998046875
2020-04-27,3036.43994140625
2020-04-28,3121.320068359375
2020-04-29,3196.1201171875
2020-04-30,3099.1201171875
2020-05-04,2952.219970703125
2020-05-05,3006.2900390625
2020-05-06,2998.4599609375
2020-05-07,3052.550048828125
2020-05-08,3058.659912109375
2020-05-11,3060.0
2020-05-12,3067.800048828125
2020-05-13,2973.77001953125
2020-05-14,2899.510009765625
2020-05-15,2932.2099609375
2020-05-18,3026.68994140625
2020-05-19,2960.889892578125
2020-05-20,2994.699951171875
2020-05-21,2940.6201171875
2020-05-22,2962.72998046875
2020-05-25,3003.8798828125
2020-05-26,3165.4599609375
2020-05-27,3234.070068359375
2020-05-28,3281.89990234375
2020-05-29,3202.949951171875
2020-06-01,3268.030029296875
2020-06-02,3320.419921875
2020-06-03,3427.239990234375
2020-06-04,3449.889892578125
2020-06-05,3540.0
2020-06-08,3535.110107421875
2020-06-09,3487.330078125
2020-06-10,3442.659912109375
2020-06-11,3271.679931640625
2020-06-12,3296.6298828125
2020-06-15,3339.35009765625
2020-06-16,3447.64990234375
2020-06-17,3440.909912109375
2020-06-18,3413.9599609375
2020-06-19,3376.570068359375
2020-06-22,3383.27001953125
2020-06-23,3433.8798828125
2020-06-24,3301.530029296875
2020-06-25,3357.0
2020-06-26,3304.5400390625
2020-06-29,3326.330078125
2020-06-30,3328.010009765625
2020-07-01,3331.989990234375
2020-07-02,3402.4599609375
2020-07-03,3393.25
2020-07-06,3473.179931640625
2020-07-07,3462.830078125
2020-07-08,3418.909912109375
2020-07-09,3393.610107421875
2020-07-10,3442.06005859375
2020-07-13,3478.27001953125
2020-07-14,3457.77001953125
2020-07-15,3500.8701171875
2020-07-16,3499.300048828125
2020-07-17,3491.159912109375
2020-07-20,3526.909912109375
2020-07-21,3553.27001953125
2020-07-22,3501.64990234375
2020-07-23,3492.06005859375
2020-07-24,3435.429931640625
2020-07-27,3407.4599609375
2020-07-28,3436.699951171875
2020-07-29,3405.6201171875
2020-07-30,3340.47998046875
2020-07-31,3273.3701171875
2020-08-03,3322.989990234375
2020-08-04,3320.7099609375
2020-08-05,3330.489990234375
2020-08-06,3308.6298828125
2020-08-07,3340.10009765625
2020-08-10,3355.27001953125
2020-08-11,3433.60009765625
2020-08-12,3466.8701171875
2020-08-13,3447.139892578125
2020-08-14,3422.0
2020-08-17,3426.169921875
2020-08-18,3393.239990234375
2020-08-19,3375.60009765625
2020-08-20,3337.6201171875
2020-08-21,3302.919921875
2020-08-24,3368.989990234375
2020-08-25,3369.52001953125
2020-08-26,3400.3798828125
2020-08-27,3370.25
2020-08-28,3378.60009765625
2020-08-31,3332.530029296875
2020-09-01,3314.22998046875
2020-09-02,3358.679931640625
2020-09-03,3327.18994140625
2020-09-04,3310.68994140625
2020-09-07,3359.3798828125
2020-09-08,3303.22998046875
2020-09-09,3362.39990234375
2020-09-10,3355.85009765625
2020-09-11,3351.239990234375
2020-09-14,3353.6201171875
2020-09-15,3363.14990234375
2020-09-16,3392.89990234375
2020-09-17,3390.179931640625
2020-09-18,3375.860107421875
2020-09-21,3234.31005859375
2020-09-22,3220.8798828125
2020-09-23,3215.6298828125
2020-09-24,3172.60009765625
2020-09-25,3163.669921875
2020-09-28,3260.419921875
2020-09-29,3234.89990234375
2020-09-30,3235.43994140625
2020-10-01,3236.7900390625
2020-10-02,3248.22998046875
2020-10-05,3293.889892578125
2020-10-06,3341.320068359375
2020-10-07,3325.719970703125
2020-10-08,3369.840087890625
2020-10-09,3387.35009765625
2020-10-12,3385.360107421875
2020-10-13,3320.469970703125
2020-10-14,3316.159912109375
2020-10-15,3242.06005859375
2020-10-16,3264.60009765625
2020-10-19,3262.300048828125
2020-10-20,3260.090087890625
2020-10-21,3201.239990234375
2020-10-22,3202.18994140625
2020-10-23,3246.449951171875
2020-10-26,3210.159912109375
2020-10-27,3153.02001953125
2020-10-28,3047.7900390625
2020-10-29,3036.590087890625
2020-10-30,3043.360107421875
2020-11-02,3077.580078125
2020-11-03,3154.1298828125
2020-11-04,3205.1201171875
2020-11-05,3209.010009765625
2020-11-06,3191.330078125
2020-11-09,3394.659912109375
2020-11-10,3525.860107421875
2020-11-11,3517.2099609375
2020-11-12,3505.52001953125
2020-11-13,3524.199951171875
2020-11-16,3582.2900390625
2020-11-17,3592.5
2020-11-18,3614.9599609375
2020-11-19,3572.68994140625
2020-11-20,3585.659912109375
2020-11-23,3614.139892578125
2020-11-24,3724.219970703125
2020-11-25,3702.840087890625
2020-11-26,3691.47998046875
2020-11-27,3719.360107421875
2020-11-30,3667.159912109375
2020-12-01,3717.679931640625
2020-12-02,3709.68994140625
2020-12-03,3714.7900390625
2020-12-04,3726.860107421875
2020-12-07,3697.56005859375
2020-12-08,3692.340087890625
2020-12-09,3694.919921875
2020-12-10,3680.110107421875
2020-12-11,3649.739990234375
2020-12-14,3673.300048828125
2020-12-15,3701.7099609375
2020-12-16,3663.949951171875
2020-12-17,3677.090087890625
2020-12-18,3657.330078125
2020-12-21,3570.159912109375
2020-12-22,3607.719970703125
2020-12-23,3655.8701171875
2020-12-24,3659.159912109375
2020-12-28,3663.06005859375
2020-12-29,3671.110107421875
2020-12-30,3663.06005859375
2020-12-31,3621.280029296875
2021-01-04,3664.239990234375
2021-01-05,3647.2099609375
2021-01-06,3719.010009765625
2021-01-07,3744.280029296875
2021-01-08,3761.8798828125
2021-01-11,3710.280029296875
2021-01-12,3729.830078125
2021-01-13,3725.659912109375
2021-01-14,3740.260009765625
2021-01-15,3715.68994140625
2021-01-18,3745.330078125
2021-01-19,3713.330078125
2021-01-20,3746.969970703125
2021-01-21,3771.090087890625
2021-01-22,3743.25
2021-01-25,3686.570068359375
2021-01-26,3724.280029296875
2021-01-27,3645.300048828125
2021-01-28,3666.06005859375
2021-01-29,3623.60009765625
2021-02-01,3682.22998046875
2021-02-02,3755.050048828125
2021-02-03,3787.989990234375
2021-02-04,3812.949951171875
2021-02-05,3834.139892578125
2021-02-08,3832.5
2021-02-09,3835.330078125
2021-02-10,3820.6298828125
2021-02-11,3798.169921875
2021-02-12,3819.929931640625
2021-02-15,3863.409912109375
2021-02-16,3855.510009765625
2021-02-17,3837.699951171875
2021-02-18,3777.429931640625
2021-02-19,3837.489990234375
2021-02-22,3826.419921875
2021-02-23,3826.949951171875
2021-02-24,3856.7900390625
2021-02-25,3850.320068359375
2021-02-26,3761.989990234375
2021-03-01,3829.510009765625
2021-03-02,3821.10009765625
2021-03-03,3831.929931640625
2021-03-04,3807.8701171875
2021-03-05,3769.139892578125
2021-03-08,3859.639892578125
2021-03-09,3868.199951171875
2021-03-10,3872.610107421875
2021-03-11,3842.429931640625
2021-03-12,3864.840087890625
2021-03-15,3861.9599609375
2021-03-16,3859.989990234375
2021-03-17,3883.739990234375
2021-03-18,3921.949951171875
2021-03-19,3872.81005859375
2021-03-22,3898.159912109375
2021-03-23,3880.72998046875
2021-03-24,3872.0
2021-03-25,3846.1298828125
2021-03-26,3884.77001953125
2021-03-29,3885.909912109375
2021-03-30,3927.14990234375
2021-03-31,3899.47998046875
2021-04-01,3938.6298828125
2021-04-06,3942.780029296875
2021-04-07,3926.570068359375
2021-04-08,3941.530029296875
2021-04-09,3941.68994140625
2021-04-12,3928.590087890625
2021-04-13,3918.889892578125
2021-04-14,3935.0400390625
2021-04-15,3941.47998046875
2021-04-16,3978.429931640625
2021-04-19,3996.89990234375
2021-04-20,3946.3701171875
2021-04-21,3983.169921875
2021-04-22,4032.010009765625
2021-04-23,4008.929931640625
2021-04-26,4053.699951171875
2021-04-27,4033.409912109375
2021-04-28,4044.070068359375
2021-04-29,4038.659912109375
2021-04-30,4014.300048828125
2021-05-03,4017.06005859375
2021-05-04,3955.010009765625
2021-05-05,4014.35009765625
2021-05-06,4017.580078125
2021-05-07,4044.070068359375
2021-05-10,4044.5400390625
2021-05-11,3998.610107421875
2021-05-12,4019.169921875
2021-05-13,4032.25
2021-05-14,4066.489990234375
2021-05-17,4072.14990234375
2021-05-18,4074.199951171875
2021-05-19,4021.27001953125
2021-05-20,4046.889892578125
2021-05-21,4061.18994140625
2021-05-24,4071.9599609375
2021-05-25,4067.27001953125
2021-05-26,4061.89990234375
2021-05-27,4058.02001953125
2021-05-28,4087.090087890625
2021-05-31,4060.360107421875
2021-06-01,4098.6201171875
2021-06-02,4091.820068359375
2021-06-03,4075.27001953125
2021-06-04,4087.280029296875
2021-06-07,4109.4599609375
2021-06-08,4107.56005859375
2021-06-09,4149.93017578125
2021-06-10,4168.35986328125
2021-06-11,4190.06982421875
2021-06-14,4220.83984375
2021-06-15,4221.18994140625
2021-06-16,4226.2900390625
2021-06-17,4204.39013671875
2021-06-18,4137.77978515625
2021-06-21,4154.77001953125
2021-06-22,4155.81982421875
2021-06-23,4112.4599609375
2021-06-24,4149.60986328125
2021-06-25,4179.93017578125
2021-06-28,4154.3798828125
2021-06-29,4158.4501953125
2021-06-30,4125.9501953125
2021-07-01,4166.39990234375
2021-07-02,4170.89013671875
2021-07-05,4173.919921875
2021-07-06,4159.25
2021-07-07,4177.419921875
2021-07-08,4118.52001953125
2021-07-09,4183.509765625
2021-07-12,4210.14013671875
2021-07-13,4211.77001953125
2021-07-14,4189.77001953125
2021-07-15,4149.52978515625
2021-07-16,4155.080078125
2021-07-19,4085.340087890625
2021-07-20,4119.1201171875
2021-07-21,4200.0498046875
2021-07-22,4218.7001953125
2021-07-23,4230.56005859375
2021-07-26,4237.31005859375
2021-07-27,4210.56005859375
2021-07-28,4234.06005859375
2021-07-29,4219.240234375
2021-07-30,4200.47021484375
2021-08-02,4227.27978515625
2021-08-03,4235.64013671875
2021-08-04,4266.9599609375
2021-08-05,4293.22021484375
2021-08-06,4302.81982421875
2021-08-09,4316.41015625
2021-08-10,4329.1298828125
2021-08-11,4339.9501953125
2021-08-12,4349.06982421875
2021-08-13,4361.97021484375
2021-08-16,4338.35009765625
2021-08-17,4323.31982421875
2021-08-18,4342.240234375
2021-08-19,4273.259765625
2021-08-20,4277.33984375
2021-08-23,4316.3701171875
2021-08-24,4328.31005859375
2021-08-25,4323.9599609375
2021-08-26,4311.35009765625
2021-08-27,4318.43994140625
2021-08-30,4315.89990234375
2021-08-31,4308.919921875
2021-09-01,4322.240234375
2021-09-02,4336.60986328125
2021-09-03,4303.89990234375
2021-09-06,4314.66015625
2021-09-07,4294.47021484375
2021-09-08,4229.81005859375
2021-09-09,4215.8798828125
2021-09-10,4178.0
2021-09-13,4189.759765625
2021-09-14,4172.77001953125
2021-09-15,4125.08984375
2021-09-16,4150.919921875
2021-09-17,4133.2099609375
2021-09-20,4079.0400390625
2021-09-21,4111.56982421875
2021-09-22,4139.580078125
2021-09-23,4172.31005859375
2021-09-24,4138.919921875
2021-09-27,4177.2900390625
2021-09-28,4124.06982421875
2021-09-29,4125.85009765625
2021-09-30,4158.89013671875
2021-10-01,4137.31005859375
2021-10-04,4116.919921875
2021-10-05,4145.06005859375
2021-10-06,4100.0498046875
2021-10-07,4152.39990234375
2021-10-08,4145.06982421875
2021-10-11,4161.330078125
2021-10-12,4159.81005859375
2021-10-13,4166.5
2021-10-14,4203.02001953125
2021-10-15,4205.2998046875
2021-10-18,4178.35009765625
2021-10-19,4200.56005859375
2021-10-20,4221.06005859375
2021-10-21,4197.2001953125
2021-10-22,4217.68994140625
2021-10-25,4219.6298828125
2021-10-26,4220.93994140625
2021-10-27,4210.419921875
2021-10-28,4283.81005859375
2021-10-29,4278.47998046875
2021-11-01,4306.18994140625
2021-11-02,4332.919921875
2021-11-03,4369.22998046875
2021-11-04,4402.31982421875
2021-11-05,4385.56982421875
2021-11-08,4383.830078125
2021-11-09,4388.89990234375
2021-11-10,4380.68994140625
2021-11-11,4372.64990234375
2021-11-12,4330.9501953125
2021-11-15,4325.47021484375
2021-11-16,4301.08984375
2021-11-17,4285.60986328125
2021-11-18,4278.0
2021-11-19,4231.18994140625
2021-11-22,4203.52978515625
2021-11-23,4152.10986328125
2021-11-24,4205.06005859375
2021-11-25,4237.5400390625
2021-11-26,4126.72998046875
2021-11-29,4139.68017578125
2021-11-30,4113.39990234375
2021-12-01,4154.97021484375
2021-12-02,4158.02001953125
2021-12-03,4123.990234375
2021-12-06,4182.5498046875
2021-12-07,4227.56005859375
2021-12-08,4186.85986328125
2021-12-09,4184.18017578125
2021-12-10,4160.169921875
2021-12-13,4145.3701171875
2021-12-14,4121.77978515625
2021-12-15,4122.009765625
2021-12-16,4168.97998046875
2021-12-17,4171.16015625
2021-12-20,4162.43994140625
2021-12-21,4225.58984375
2021-12-22,4241.27001953125
2021-12-23,4266.97021484375
2021-12-24,4264.43994140625
2021-12-27,4285.22998046875
2021-12-28,4303.56005859375
2021-12-29,4298.830078125
2021-12-30,4315.14013671875
2021-12-31,4310.14990234375
2022-01-03,4335.27978515625
2022-01-04,4362.2099609375
2022-01-05,4344.6201171875
2022-01-06,4308.60009765625
2022-01-07,4306.3701171875
2022-01-10,4250.7900390625
2022-01-11,4271.22998046875
2022-01-12,4264.18017578125
2022-01-13,4257.1298828125
2022-01-14,4245.85009765625
2022-01-17,4249.6298828125
2022-01-18,4219.85986328125
2022-01-19,4210.740234375
2022-01-20,4218.47998046875
2022-01-21,4148.7900390625
2022-01-24,3993.64990234375
2022-01-25,4029.860107421875
2022-01-26,4080.14990234375
2022-01-27,4105.4501953125
2022-01-28,4047.550048828125
2022-01-31,4071.929931640625
2022-02-01,4110.47021484375
2022-02-02,4123.02001953125
2022-02-03,4066.919921875
2022-02-04,4010.429931640625
2022-02-07,4039.14990234375
2022-02-08,4060.199951171875
2022-02-09,4103.97021484375
2022-02-10,4122.7001953125
2022-02-11,4080.409912109375
2022-02-14,4004.889892578125
2022-02-15,4067.530029296875
2022-02-16,4106.14990234375
2022-02-17,4069.469970703125
2022-02-18,4045.10009765625
2022-02-21,3969.1298828125
2022-02-22,3959.14990234375
2022-02-23,3973.22998046875
2022-02-24,3898.3798828125
2022-02-25,4061.169921875
2022-02-28,4014.02001953125
2022-03-01,3937.919921875
2022-03-02,3958.10009765625
2022-03-03,3874.659912109375
2022-03-04,3760.429931640625
2022-03-07,3682.47998046875
2022-03-08,3672.449951171875
2022-03-09,3884.780029296875
2022-03-10,3847.080078125
2022-03-11,3899.239990234375
2022-03-14,3969.570068359375
2022-03-15,3961.159912109375
2022-03-16,4085.7099609375
2022-03-17,4110.77978515625
2022-03-18,4147.4501953125
2022-03-21,4129.5498046875
2022-03-22,4168.85009765625
2022-03-23,4129.18994140625
2022-03-24,4114.1201171875
2022-03-25,4119.419921875
2022-03-28,4130.93017578125
2022-03-29,4197.509765625
2022-03-30,4198.89013671875
2022-03-31,4158.77978515625
2022-04-01,4200.009765625
2022-04-04,4227.33984375
2022-04-05,4242.7998046875
2022-04-06,4161.14013671875
2022-04-07,4163.14990234375
2022-04-08,4221.39013671875
2022-04-11,4188.0
2022-04-12,4185.02978515625
2022-04-13,4192.1298828125
2022-04-14,4216.2900390625
2022-04-19,4210.14990234375
2022-04-20,4257.66015625
2022-04-21,4266.009765625
2022-04-22,4187.41015625
2022-04-25,4124.27001953125
2022-04-26,4112.080078125
2022-04-27,4107.1298828125
2022-04-28,4092.719970703125
2022-04-29,4106.3701171875
2022-05-02,4058.739990234375
2022-05-03,4077.81005859375
2022-05-04,4065.340087890625
2022-05-05,4097.2001953125
2022-05-06,4021.280029296875
2022-05-09,3883.77001953125
2022-05-10,3901.590087890625
2022-05-11,3958.300048828125
2022-05-12,3930.2099609375
2022-05-13,3944.56005859375
2022-05-16,3967.830078125
2022-05-17,4012.77001953125
2022-05-18,3967.22998046875
2022-05-19,3892.72998046875
2022-05-20,3923.169921875
2022-05-23,3938.449951171875
2022-05-24,3892.830078125
2022-05-25,3912.25
2022-05-26,3915.889892578125
2022-05-27,3945.31005859375
2022-05-30,3947.72998046875
2022-05-31,3894.330078125
2022-06-01,3854.139892578125
2022-06-02,3857.77001953125
2022-06-03,3881.510009765625
2022-06-06,3919.3701171875
2022-06-07,3905.1201171875
2022-06-08,3901.0400390625
2022-06-09,3852.7099609375
2022-06-10,3770.25
2022-06-13,3712.409912109375
2022-06-14,3677.18994140625
2022-06-15,3756.300048828125
2022-06-16,3650.77001953125
2022-06-17,3714.340087890625
2022-06-20,3722.419921875
2022-06-21,3736.320068359375
2022-06-22,3702.81005859375
2022-06-23,3647.219970703125
2022-06-24,3685.550048828125
2022-06-27,3738.5
2022-06-28,3746.070068359375
2022-06-29,3726.25
2022-06-30,3682.070068359375
2022-07-01,3708.260009765625
2022-07-04,3693.909912109375
2022-07-05,3663.02001953125
2022-07-06,3711.7099609375
2022-07-07,3768.530029296875
2022-07-08,3785.4599609375
2022-07-11,3772.6201171875
2022-07-12,3738.8798828125
2022-07-13,3719.409912109375
2022-07-14,3669.659912109375
2022-07-15,3703.760009765625
2022-07-18,3750.68994140625
2022-07-19,3790.110107421875
2022-07-20,3773.89990234375
2022-07-21,3759.969970703125
2022-07-22,3738.949951171875
2022-07-25,3744.989990234375
2022-07-26,3741.260009765625
2022-07-27,3752.0400390625
2022-07-28,3759.280029296875
2022-07-29,3796.840087890625
2022-08-01,3734.449951171875
2022-08-02,3721.18994140625
2022-08-03,3786.080078125
2022-08-04,3775.27001953125
2022-08-05,3763.050048828125
2022-08-08,3798.909912109375
2022-08-09,3811.2900390625
2022-08-10,3837.89990234375
2022-08-11,3839.9599609375
2022-08-12,3844.2099609375
2022-08-15,3866.090087890625
2022-08-16,3858.6201171875
2022-08-17,3820.64990234375
2022-08-18,3804.090087890625
2022-08-19,3769.739990234375
2022-08-22,3736.60009765625
2022-08-23,3703.3798828125
2022-08-24,3732.3701171875
2022-08-25,3732.030029296875
2022-08-26,3663.469970703125
2022-08-29,3641.909912109375
2022-08-30,3629.340087890625
2022-08-31,3585.840087890625
2022-09-01,3533.1298828125
2022-09-02,3614.820068359375
2022-09-05,3567.719970703125
2022-09-06,3572.760009765625
2022-09-07,3577.06005859375
2022-09-08,3623.2099609375
2022-09-09,3663.3798828125
2022-09-12,3722.449951171875
2022-09-13,3639.580078125
2022-09-14,3606.39990234375
2022-09-15,3604.43994140625
2022-09-16,3592.320068359375
2022-09-19,3582.719970703125
2022-09-20,3549.949951171875
2022-09-21,3558.419921875
2022-09-22,3499.14990234375
2022-09-23,3420.989990234375
2022-09-26,3389.0400390625
2022-09-27,3390.89990234375
2022-09-28,3387.6201171875
2022-09-29,3324.989990234375
2022-09-30,3370.2099609375
2022-10-03,3374.93994140625
2022-10-04,3478.719970703125
2022-10-05,3446.5
2022-10-06,3434.81005859375
2022-10-07,3366.1201171875
2022-10-10,3363.530029296875
2022-10-11,3345.31005859375
2022-10-12,3313.820068359375
2022-10-13,3346.800048828125
2022-10-14,3387.10009765625
2022-10-17,3454.10009765625
2022-10-18,3484.010009765625
2022-10-19,3441.830078125
2022-10-20,3440.929931640625
2022-10-21,3448.6298828125
2022-10-24,3495.18994140625
2022-10-25,3540.320068359375
2022-10-26,3533.56005859375
2022-10-27,3527.260009765625
2022-10-28,3553.6298828125
2022-10-31,3567.429931640625
2022-11-01,3589.64990234375
2022-11-02,3553.43994140625
2022-11-03,3532.489990234375
2022-11-04,3602.530029296875
2022-11-07,3616.179931640625
2022-11-08,3630.719970703125
2022-11-09,3607.110107421875
2022-11-10,3671.800048828125
2022-11-11,3662.93994140625
2022-11-14,3671.77001953125
2022-11-15,3667.1201171875
2022-11-16,3613.080078125
2022-11-17,3599.840087890625
2022-11-18,3651.969970703125
2022-11-21,3643.8798828125
2022-11-22,3651.219970703125
2022-11-23,3655.320068359375
2022-11-24,3701.570068359375
2022-11-25,3707.949951171875
2022-11-28,3682.06005859375
2022-11-29,3659.1298828125
2022-11-30,3684.97998046875
2022-12-01,3697.81005859375
2022-12-02,3754.219970703125
2022-12-05,3733.989990234375
2022-12-06,3731.199951171875
2022-12-07,3706.6201171875
2022-12-08,3692.60009765625
2022-12-09,3721.330078125
2022-12-12,3696.169921875
2022-12-13,3749.830078125
2022-12-14,3755.580078125
2022-12-15,3714.06005859375
2022-12-16,3658.14990234375
2022-12-19,3671.300048828125
2022-12-20,3671.3701171875
2022-12-21,3741.199951171875
2022-12-22,3723.14990234375
2022-12-23,3725.830078125
2022-12-27,3717.669921875
2022-12-28,3708.489990234375
2022-12-29,3745.679931640625
2022-12-30,3701.169921875
2023-01-02,3753.219970703125
2023-01-03,3789.06005859375
2023-01-04,3820.389892578125
2023-01-05,3809.570068359375
2023-01-06,3846.550048828125
2023-01-09,3856.909912109375
2023-01-10,3847.93994140625
2023-01-11,3899.1298828125
2023-01-12,3918.580078125
2023-01-13,3940.320068359375
2023-01-16,3951.7900390625
2023-01-17,3954.159912109375
2023-01-18,3920.300048828125
2023-01-19,3849.320068359375
2023-01-20,3861.449951171875
2023-01-23,3889.840087890625
2023-01-24,3882.64990234375
2023-01-25,3855.699951171875
2023-01-26,3860.909912109375
2023-01-27,3863.110107421875
2023-01-30,3854.260009765625
2023-01-31,3860.530029296875
2023-02-01,3855.4599609375
2023-02-02,3912.080078125
2023-02-03,3907.64990234375
2023-02-06,3888.969970703125
2023-02-07,3873.239990234375
2023-02-08,3901.68994140625
2023-02-09,3922.010009765625
2023-02-10,3887.489990234375
2023-02-13,3896.8798828125
2023-02-14,3892.93994140625
2023-02-15,3918.739990234375
2023-02-16,3915.889892578125
2023-02-17,3919.02001953125
2023-02-20,3927.080078125
2023-02-21,3901.110107421875
2023-02-22,3889.39990234375
2023-02-23,3888.52001953125
2023-02-24,3859.5
2023-02-27,3908.449951171875
2023-02-28,3902.2099609375
2023-03-01,3879.8701171875
2023-03-02,3856.389892578125
2023-03-03,3885.050048828125
2023-03-06,3881.93994140625
2023-03-07,3852.260009765625
2023-03-08,3849.320068359375
2023-03-09,3822.719970703125
2023-03-10,3746.75
2023-03-13,3660.0
2023-03-14,3728.719970703125
2023-03-15,3629.909912109375
2023-03-16,3652.550048828125
2023-03-17,3602.800048828125
2023-03-20,3630.989990234375
2023-03-21,3685.239990234375
2023-03-22,3666.070068359375
2023-03-23,3657.719970703125
2023-03-24,3626.43994140625
2023-03-27,3663.330078125
2023-03-28,3667.159912109375
2023-03-29,3744.81005859375
2023-03-30,3777.43994140625
2023-03-31,3793.18994140625
2023-04-03,3783.429931640625
2023-04-04,3763.919921875
2023-04-05,3769.75
2023-04-06,3807.06005859375
2023-04-11,3817.1298828125
2023-04-12,3801.68994140625
2023-04-13,3812.929931640625
2023-04-14,3838.1201171875
2023-04-17,3849.52001953125
2023-04-18,3831.31005859375
2023-04-19,3838.39990234375
2023-04-20,3824.18994140625
2023-04-21,3826.300048828125
2023-04-24,3832.590087890625
2023-04-25,3825.77001953125
2023-04-26,3795.60009765625
2023-04-27,3779.419921875
2023-04-28,3801.81005859375
2023-05-02,3760.409912109375
2023-05-03,3770.8798828125
2023-05-04,3737.389892578125
2023-05-05,3799.8798828125
2023-05-08,3805.9599609375
2023-05-09,3767.409912109375
2023-05-10,3737.510009765625
2023-05-11,3739.830078125
2023-05-12,3741.070068359375
2023-05-15,3750.080078125
2023-05-16,3688.889892578125
2023-05-17,3681.5
2023-05-18,3717.300048828125
2023-05-19,3736.780029296875
2023-05-22,3736.570068359375
2023-05-23,3731.409912109375
2023-05-24,3656.280029296875
2023-05-25,3627.070068359375
2023-05-26,3652.159912109375
2023-05-29,3641.3701171875
2023-05-30,3582.89990234375
2023-05-31,3536.7900390625
2023-06-01,3551.919921875
2023-06-02,3632.830078125
2023-06-05,3634.52001953125
2023-06-06,3656.89990234375
2023-06-07,3650.22998046875
2023-06-08,3641.389892578125
2023-06-09,3639.39990234375
2023-06-12,3642.110107421875
2023-06-13,3650.489990234375
2023-06-14,3665.8701171875
2023-06-15,3658.5400390625
2023-06-16,3658.429931640625
2023-06-19,3596.719970703125
2023-06-20,3584.669921875
2023-06-21,3559.1298828125
2023-06-22,3547.85009765625
2023-06-23,3523.3701171875
2023-06-26,3506.2900390625
2023-06-27,3479.8701171875
2023-06-28,3492.77001953125
2023-06-29,3499.4599609375
2023-06-30,3543.179931640625
2023-07-03,3542.340087890625
2023-07-04,3558.7900390625
2023-07-05,3550.340087890625
2023-07-06,3495.580078125
2023-07-07,3502.89990234375
2023-07-10,3507.1298828125
2023-07-11,3534.85009765625
2023-07-12,3574.989990234375
2023-07-13,3571.639892578125
2023-07-14,3563.35009765625
2023-07-17,3685.239990234375
2023-07-18,3694.39990234375
2023-07-19,3751.39990234375
2023-07-20,3776.219970703125
2023-07-21,3797.75
2023-07-24,3787.639892578125
2023-07-25,3815.25
2023-07-26,3791.580078125
2023-07-27,3802.64990234375
2023-07-28,3788.389892578125
2023-07-31,3776.610107421875
2023-08-01,3760.47998046875
2023-08-02,3726.530029296875
2023-08-03,3714.7900390625
2023-08-04,3731.409912109375
2023-08-07,3716.02001953125
2023-08-08,3699.10009765625
2023-08-09,3713.75
2023-08-10,3718.919921875
2023-08-11,3684.93994140625
2023-08-14,3687.050048828125
2023-08-15,3672.39990234375
2023-08-16,3644.179931640625
2023-08-17,3615.56005859375
2023-08-18,3579.030029296875
2023-08-21,3596.340087890625
2023-08-22,3624.699951171875
2023-08-23,3622.929931640625
2023-08-24,3619.409912109375
2023-08-25,3622.419921875
2023-08-28,3653.469970703125
2023-08-29,3685.56005859375
2023-08-30,3665.360107421875
2023-08-31,3665.969970703125
2023-09-01,3682.860107421875
2023-09-04,3656.699951171875
2023-09-05,3652.31005859375
2023-09-06,3673.2900390625
2023-09-07,3645.469970703125
2023-09-08,3655.699951171875
2023-09-11,3687.9599609375
2023-09-12,3664.010009765625
2023-09-13,3640.7099609375
2023-09-14,3689.75
2023-09-15,3712.3798828125
2023-09-18,3674.0400390625
2023-09-19,3677.75
2023-09-20,3711.0
2023-09-21,3648.02001953125
2023-09-22,3634.800048828125
2023-09-25,3580.7900390625
2023-09-26,3539.81005859375
2023-09-27,3520.52001953125
2023-09-28,3519.780029296875
2023-09-29,3553.010009765625
2023-10-02,3509.669921875
2023-10-03,3461.77001953125
2023-10-04,3453.93994140625
2023-10-05,3467.929931640625
2023-10-06,3490.43994140625
2023-10-09,3480.050048828125
2023-10-10,3540.93994140625
2023-10-11,3548.889892578125
2023-10-12,3540.389892578125
2023-10-13,3507.360107421875
2023-10-16,3518.39990234375
2023-10-17,3517.949951171875
2023-10-18,3462.929931640625
2023-10-19,3398.580078125
2023-10-20,3352.929931640625
2023-10-23,3325.14990234375
2023-10-24,3340.469970703125
2023-10-25,3314.340087890625
2023-10-26,3299.739990234375
2023-10-27,3290.679931640625
2023-10-30,3305.139892578125
2023-10-31,3356.760009765625
2023-11-01,3377.06005859375
2023-11-02,3455.080078125
2023-11-03,3503.52001953125
2023-11-06,3474.010009765625
2023-11-07,3462.93994140625
2023-11-08,3456.590087890625
2023-11-09,3478.909912109375
2023-11-10,3438.860107421875
2023-11-13,3445.56005859375
2023-11-14,3507.469970703125
2023-11-15,3531.199951171875
2023-11-16,3506.409912109375
2023-11-17,3534.469970703125
2023-11-20,3534.77001953125
2023-11-21,3515.6298828125
2023-11-22,3546.030029296875
2023-11-23,3570.10009765625
2023-11-24,3577.64990234375
2023-11-27,3560.239990234375
2023-11-28,3505.18994140625
2023-11-29,3511.219970703125
2023-11-30,3529.02001953125
2023-12-01,3578.909912109375
2023-12-04,3593.5400390625
2023-12-05,3626.8798828125
2023-12-06,3657.699951171875
2023-12-07,3656.89990234375
2023-12-08,3694.4599609375
2023-12-11,3704.2099609375
2023-12-12,3721.35009765625
2023-12-13,3704.010009765625
2023-12-14,3746.719970703125
2023-12-15,3732.719970703125
2023-12-18,3720.14990234375
2023-12-19,3742.590087890625
2023-12-20,3652.820068359375
2023-12-21,3619.659912109375
2023-12-22,3679.68994140625
2023-12-27,3711.1201171875
2023-12-28,3703.949951171875
2023-12-29,3707.77001953125
2024-01-02,3718.219970703125
2024-01-03,3685.14990234375
2024-01-04,3721.889892578125
2024-01-05,3717.81005859375
2024-01-08,3736.419921875
2024-01-09,3721.8701171875
2024-01-10,3705.219970703125
2024-01-11,3659.43994140625
2024-01-12,3684.030029296875
2024-01-15,3667.320068359375
2024-01-16,3630.300048828125
2024-01-17,3568.52001953125
2024-01-18,3552.840087890625
2024-01-19,3556.7099609375
2024-01-22,3592.8701171875
2024-01-23,3598.5400390625
2024-01-24,3631.050048828125
2024-01-25,3632.330078125
2024-01-26,3672.030029296875
2024-01-29,3655.72998046875
2024-01-30,3643.929931640625
2024-01-31,3662.9599609375
2024-02-01,3623.300048828125
2024-02-02,3615.280029296875
2024-02-05,3625.6201171875
2024-02-06,3620.510009765625
2024-02-07,3625.949951171875
2024-02-08,3665.64990234375
2024-02-09,3676.590087890625
2024-02-12,3715.85009765625
2024-02-13,3675.52001953125
2024-02-14,3665.300048828125
2024-02-15,3694.3798828125
2024-02-16,3690.070068359375
2024-02-19,3685.02001953125
2024-02-20,3668.8798828125
2024-02-21,3677.35009765625
2024-02-22,3696.14990234375
2024-02-23,3707.47998046875
2024-02-26,3685.18994140625
2024-02-27,3696.64990234375
2024-02-28,3700.02001953125
2024-02-29,3661.419921875
2024-03-01,3698.820068359375
2024-03-04,3672.25
2024-03-05,3663.60009765625
2024-03-06,3695.030029296875
2024-03-07,3718.280029296875
2024-03-08,3733.989990234375
2024-03-11,3741.7099609375
2024-03-12,3749.93994140625
2024-03-13,3728.489990234375
2024-03-14,3691.85009765625
2024-03-15,3684.199951171875
2024-03-18,3673.18994140625
2024-03-19,3681.139892578125
2024-03-20,3685.409912109375
2024-03-21,3787.969970703125
2024-03-22,3803.72998046875
2024-03-25,3811.5
2024-03-26,3807.469970703125
2024-03-27,3832.989990234375
2024-03-28,3845.6298828125
2024-04-02,3829.97998046875
2024-04-03,3856.10009765625
2024-04-04,3872.449951171875
2024-04-05,3834.330078125
2024-04-08,3849.8701171875
2024-04-09,3845.419921875
2024-04-10,3831.77001953125
2024-04-11,3836.85009765625
2024-04-12,3850.0400390625
2024-04-15,3853.739990234375
2024-04-16,3796.919921875
2024-04-17,3794.570068359375
2024-04-18,3826.580078125
2024-04-19,3827.75
2024-04-22,3863.260009765625
2024-04-23,3890.7099609375
2024-04-24,3883.830078125
2024-04-25,3857.93994140625
2024-04-26,3874.8701171875
2024-04-29,3886.760009765625
2024-04-30,3883.260009765625
2024-05-02,3893.199951171875
2024-05-03,3913.3701171875
2024-05-06,3929.0
2024-05-07,3996.52001953125
2024-05-08,4015.669921875
2024-05-09,3985.39990234375
2024-05-10,4013.330078125
2024-05-13,3980.580078125
2024-05-14,3968.81005859375
2024-05-15,4029.25
2024-05-16,3995.10009765625
2024-05-17,4004.800048828125
2024-05-20,4006.93994140625
2024-05-21,3991.0
2024-05-22,3996.699951171875
2024-05-23,3975.739990234375
2024-05-24,3969.919921875
2024-05-27,3984.8701171875
2024-05-28,3948.080078125
2024-05-29,3922.530029296875
2024-05-30,3908.7099609375
2024-05-31,3918.090087890625
2024-06-03,3932.760009765625
2024-06-04,3919.4599609375
2024-06-05,3906.85009765625
2024-06-06,3916.969970703125
2024-06-07,3900.389892578125
2024-06-10,3890.7900390625
2024-06-11,3857.97998046875
2024-06-12,3906.7900390625
2024-06-13,3868.77001953125
2024-06-14,3833.3701171875
2024-06-17,3832.8798828125
2024-06-18,3865.429931640625
2024-06-19,3861.3798828125
2024-06-20,3889.35009765625
2024-06-21,3894.050048828125
2024-06-24,3970.3701171875
2024-06-25,3959.10009765625
2024-06-26,3915.330078125
2024-06-27,3919.2099609375
2024-06-28,3887.239990234375
2024-07-01,3897.9599609375
2024-07-02,3923.429931640625
2024-07-03,3939.090087890625
2024-07-04,3957.7900390625
2024-07-05,3959.840087890625
2024-07-08,3945.0400390625
2024-07-09,3950.570068359375
2024-07-10,3994.31005859375
2024-07-11,4028.919921875
2024-07-12,4040.06005859375
2024-07-15,4006.97998046875
2024-07-16,4006.469970703125
2024-07-17,4017.590087890625
2024-07-18,4003.52001953125
2024-07-19,3983.85009765625
2024-07-22,4033.010009765625
2024-07-23,4038.14990234375
2024-07-24,4047.179931640625
2024-07-25,4070.2099609375
2024-07-26,4088.199951171875
2024-07-29,4116.85986328125
2024-07-30,4142.39990234375
2024-07-31,4130.2001953125
2024-08-01,4104.83984375
2024-08-02,4015.080078125
2024-08-05,3888.56005859375
2024-08-06,3887.989990234375
2024-08-07,3994.300048828125
2024-08-08,4002.340087890625
2024-08-09,4059.75
2024-08-12,4040.469970703125
2024-08-13,4049.5
2024-08-14,4034.22998046875
2024-08-15,4081.659912109375
2024-08-16,4075.780029296875
2024-08-19,4084.739990234375
2024-08-20,4068.219970703125
2024-08-21,4095.429931640625
2024-08-22,4109.0400390625
2024-08-23,4112.91015625
2024-08-26,4131.64990234375
2024-08-27,4117.06982421875
2024-08-28,4132.830078125
2024-08-29,4174.66015625
2024-08-30,4184.39990234375
2024-09-02,4180.330078125
2024-09-03,4147.669921875
2024-09-04,4168.72021484375
2024-09-05,4181.81005859375
2024-09-06,4170.83984375
2024-09-09,4240.56982421875
2024-09-10,4197.33984375
2024-09-11,4195.75
2024-09-12,4216.75
2024-09-13,4245.2099609375
2024-09-16,4244.6201171875
2024-09-17,4239.66015625
2024-09-18,4224.97021484375
2024-09-19,4253.10009765625
2024-09-20,4215.58984375
2024-09-23,4232.60986328125
2024-09-24,4247.080078125
2024-09-25,4258.41015625
2024-09-26,4281.22021484375
2024-09-27,4318.18017578125
2024-09-30,4299.7099609375
2024-10-01,4327.56005859375
2024-10-02,4311.08984375
2024-10-03,4285.31982421875
2024-10-04,4290.89990234375
2024-10-07,4264.18017578125
2024-10-08,4225.169921875
2024-10-09,4247.5400390625
2024-10-10,4246.830078125
2024-10-11,4283.22998046875
2024-10-14,4310.52978515625
2024-10-15,4315.68994140625
2024-10-16,4306.6298828125
2024-10-17,4333.64990234375
2024-10-18,4323.990234375
2024-10-21,4295.81982421875
2024-10-22,4279.77001953125
2024-10-23,4281.8701171875
2024-10-24,4274.02001953125
2024-10-25,4293.14990234375
2024-10-28,4301.5
2024-10-29,4284.43994140625
2024-10-30,4229.830078125
2024-10-31,4214.0498046875
2024-11-01,4267.97021484375
2024-11-04,4236.93994140625
2024-11-05,4267.16015625
2024-11-06,4240.759765625
2024-11-07,4271.669921875
2024-11-08,4265.64013671875
2024-11-11,4293.43994140625
2024-11-12,4205.5
2024-11-13,4213.02001953125
2024-11-14,4237.330078125
2024-11-15,4160.14990234375
2024-11-18,4153.5
2024-11-19,4116.39990234375
2024-11-20,4137.18017578125
2024-11-21,4158.89990234375
2024-11-22,4228.2900390625
2024-11-25,4248.43994140625
2024-11-26,4187.1298828125
2024-11-27,4213.77001953125
2024-11-28,4216.919921875
2024-11-29,4227.31005859375
2024-12-02,4243.9501953125
2024-12-03,4248.83984375
2024-12-04,4245.169921875
2024-12-05,4238.10009765625
2024-12-06,4242.64013671875
2024-12-09,4230.52001953125
2024-12-10,4246.240234375
2024-12-11,4239.009765625
2024-12-12,4260.02978515625
2024-12-13,4256.4501953125
2024-12-16,4267.8798828125
2024-12-17,4240.43994140625
2024-12-18,4251.3798828125
2024-12-19,4204.56982421875
2024-12-20,4214.22021484375
2024-12-23,4223.10009765625
2024-12-24,4246.0498046875
2024-12-27,4264.22021484375
2024-12-30,4225.990234375
2024-12-31,4264.52978515625
2025-01-02,4289.52001953125
2025-01-03,4259.1298828125
2025-01-06,4284.41015625
2025-01-07,4300.56005859375
2025-01-08,4299.27978515625
2025-01-09,4301.83984375
2025-01-10,4233.93017578125
2025-01-13,4199.02978515625
2025-01-14,4200.64990234375
2025-01-15,4234.75
2025-01-16,4244.47998046875
2025-01-17,4260.18994140625
2025-01-20,4271.75
2025-01-21,4268.10009765625
2025-01-22,4242.33984375
2025-01-23,4242.740234375
2025-01-24,4258.02001953125
2025-01-27,4278.669921875
2025-01-28,4300.9599609375
2025-01-29,4299.85986328125
2025-01-30,4328.81005859375
2025-01-31,4326.0498046875
2025-02-03,4273.75
2025-02-04,4277.18017578125
2025-02-05,4286.85986328125
2025-02-06,4337.47021484375
2025-02-07,4337.66015625
2025-02-10,4348.97021484375
2025-02-11,4338.2099609375
2025-02-12,4380.6298828125
2025-02-13,4432.8798828125
2025-02-14,4396.580078125
2025-02-17,4402.31005859375
2025-02-18,4414.0400390625
2025-02-19,4370.16015625
2025-02-20,4369.35009765625
2025-02-21,4405.39013671875
2025-02-24,4406.9599609375
2025-02-25,4398.7998046875
2025-02-26,4476.06005859375
2025-02-27,4447.31005859375
2025-02-28,4420.509765625
2025-03-03,4469.64990234375
2025-03-04,4424.009765625
2025-03-05,4460.43994140625
2025-03-06,4463.3701171875
2025-03-07,4469.33984375
2025-03-10,4360.9599609375
2025-03-11,4296.6298828125
2025-03-12,4386.419921875
2025-03-13,4364.41015625
2025-03-14,4410.1201171875
2025-03-17,4477.9501953125
2025-03-18,4500.10009765625
2025-03-19,4499.43017578125
2025-03-20,4487.83984375
2025-03-21,4479.8798828125
2025-03-24,4474.3701171875
2025-03-25,4482.2001953125
2025-03-26,4434.14990234375
2025-03-27,4434.6201171875
2025-03-28,4406.6201171875
2025-03-31,4335.419921875
2025-04-01,4365.93017578125
2025-04-02,4344.169921875
2025-04-03,4294.72998046875
2025-04-04,4093.590087890625
2025-04-07,3930.25
2025-04-08,4052.27001953125
2025-04-09,3862.219970703125
2025-04-10,3985.610107421875
2025-04-11,4028.969970703125
2025-04-14,4134.52001953125
2025-04-15,4195.2998046875
2025-04-16,4200.97998046875
2025-04-17,4197.64990234375
2025-04-22,4238.330078125
2025-04-23,4286.27978515625
2025-04-24,4290.14013671875
2025-04-25,4306.0498046875
2025-04-28,4332.93017578125
2025-04-29,4376.509765625
2025-04-30,4429.509765625
2025-05-02,4493.31005859375
2025-05-05,4517.2001953125
2025-05-06,4465.64990234375
2025-05-07,4414.39990234375
2025-05-08,4359.02001953125
2025-05-09,4374.22021484375
2025-05-12,4410.0498046875
2025-05-13,4398.490234375
2025-05-14,4387.6201171875
2025-05-15,4402.27978515625
2025-05-16,4447.35009765625
2025-05-19,4462.4599609375
2025-05-20,4504.7900390625
2025-05-21,4523.3798828125
2025-05-22,4487.25
2025-05-23,4439.1298828125
2025-05-26,4492.4501953125
2025-05-27,4510.490234375
2025-05-28,4487.72021484375
2025-05-29,4497.47021484375
2025-05-30,4502.080078125
2025-06-02,4506.830078125
2025-06-03,4502.66015625
2025-06-04,4507.490234375
2025-06-05,4518.35009765625
2025-06-06,4531.080078125
2025-06-09,4540.60986328125
2025-06-10,4555.89990234375
2025-06-11,4538.64990234375
2025-06-12,4518.740234375
2025-06-13,4476.2099609375
2025-06-16,4481.60986328125
2025-06-17,4438.56982421875
2025-06-18,4425.990234375
2025-06-19,4411.7099609375
2025-06-20,4439.52978515625
2025-06-23,4441.97998046875
2025-06-24,4491.419921875
2025-06-25,4457.1201171875
2025-06-26,4470.89990234375
2025-06-27,4509.02978515625
2025-06-30,4476.02001953125
2025-07-01,4496.77978515625
2025-07-02,4492.7998046875
2025-07-03,4486.1298828125
2025-07-04,4485.0400390625
2025-07-07,4487.490234375
2025-07-08,4475.18017578125
2025-07-09,4505.7998046875
2025-07-10,4547.0
2025-07-11,4518.990234375
2025-07-14,4527.7099609375
2025-07-15,4498.02978515625
2025-07-16,4479.5498046875
2025-07-17,4530.0
2025-07-18,4544.39013671875
2025-07-21,4554.080078125
2025-07-22,4547.41015625
2025-07-23,4596.22021484375
2025-07-24,4617.31982421875
2025-07-25,4609.47021484375
2025-07-28,4594.1201171875
2025-07-29,4620.9599609375
2025-07-30,4615.16015625
2025-07-31,4636.1201171875
2025-08-01,4565.3701171875
2025-08-04,4608.8701171875
2025-08-05,4665.35009765625
2025-08-06,4657.22998046875
2025-08-07,4711.33984375
2025-08-08,4733.91015625
2025-08-11,4726.75
2025-08-12,4724.6298828125
2025-08-13,4746.14990234375
2025-08-14,4779.1298828125
2025-08-15,4774.31005859375
2025-08-18,4808.3701171875
2025-08-19,4795.7099609375
2025-08-20,4818.89013671875
2025-08-21,4835.47998046875
2025-08-22,4848.1201171875
2025-08-25,4861.2001953125
2025-08-26,4836.18017578125
2025-08-27,4836.81982421875
2025-08-28,4823.97021484375
2025-08-29,4798.5498046875
2025-09-01,4799.7998046875
2025-09-02,4725.240234375
2025-09-03,4738.0
2025-09-04,4745.31982421875
2025-09-05,4768.81982421875
2025-09-08,4793.68994140625
2025-09-09,4806.35986328125
2025-09-10,4785.75
2025-09-11,4798.08984375
2025-09-12,4775.68017578125
2025-09-15,4764.5
2025-09-16,4707.31005859375
2025-09-17,4710.60009765625
2025-09-18,4698.39013671875
2025-09-19,4709.10986328125
2025-09-22,4707.56005859375
2025-09-23,4699.64013671875
2025-09-24,4681.60009765625
2025-09-25,4642.330078125
2025-09-26,4670.47021484375
2025-09-29,4773.1201171875
2025-09-30,4820.56982421875
2025-10-01,4907.77001953125
2025-10-02,4918.72998046875
2025-10-03,4930.43017578125
2025-10-06,4912.27978515625
2025-10-07,4912.330078125
2025-10-08,4940.27978515625
2025-10-09,4959.52978515625
2025-10-10,4921.2900390625
2025-10-13,4971.58984375
2025-10-14,4955.81005859375
2025-10-15,4978.7998046875
2025-10-16,5010.85009765625
2025-10-17,4963.33984375
2025-10-20,5030.56982421875
2025-10-21,5045.83984375
2025-10-22,5005.60009765625
2025-10-23,5002.97998046875
2025-10-24,4994.2900390625
2025-10-27,4994.60009765625
2025-10-28,4948.490234375
2025-10-29,4972.18994140625
2025-10-30,4941.72998046875
2025-10-31,4902.3701171875
2025-11-03,4907.0498046875
2025-11-04,4920.8701171875
2025-11-05,4899.2099609375
2025-11-06,4926.5
2025-11-07,4914.4599609375
2025-11-10,4972.77978515625
2025-11-11,5041.35009765625
2025-11-12,5086.72021484375
2025-11-13,5046.2998046875
2025-11-14,5034.52001953125
2025-11-17,5020.8701171875
2025-11-18,4943.77978515625
2025-11-19,4964.56005859375
2025-11-20,4971.47998046875
2025-11-21,4995.93994140625
2025-11-24,4998.08984375
2025-11-25,5008.06005859375
2025-11-26,5030.72021484375
2025-11-27,5039.39990234375
2025-11-28,5036.85986328125
2025-12-01,5018.0498046875
2025-12-02,5010.35986328125
2025-12-03,4995.35009765625
2025-12-04,5013.35009765625
2025-12-05,5029.740234375
2025-12-08,5028.1201171875
2025-12-09,5001.60986328125
2025-12-10,4989.10009765625
2025-12-11,5000.5
2025-12-12,4986.02001953125
2025-12-15,5006.47998046875
2025-12-16,5010.919921875
2025-12-17,5045.9501953125
2025-12-18,5054.9599609375
2025-12-19,5074.52001953125
2025-12-22,5056.0400390625
2025-12-23,5057.490234375
2025-12-24,5040.3701171875
2025-12-29,5054.47998046875
2025-12-30,5077.7099609375
2025-12-31,5078.43017578125
2026-01-02,5112.5
2026-01-05,5099.490234375
2026-01-06,5182.8701171875
2026-01-07,5220.9501953125
2026-01-08,5228.77001953125
2026-01-09,5240.43994140625
2026-01-12,5213.93994140625
2026-01-13,5250.08984375
2026-01-14,5302.3701171875
2026-01-15,5350.06005859375
2026-01-16,5357.14013671875
2026-01-19,5290.10009765625
2026-01-20,5248.9599609375
2026-01-21,5255.83984375
2026-01-22,5330.509765625
2026-01-23,5316.43017578125
2026-01-26,5332.66015625
2026-01-27,5396.81005859375
2026-01-28,5380.41015625
2026-01-29,5373.5498046875
2026-01-30,5385.3798828125
2026-02-02,5459.31982421875
2026-02-03,5499.509765625
2026-02-04,5545.43017578125
2026-02-05,5525.0498046875
2026-02-06,5517.52001953125
2026-02-09,5576.6201171875
2026-02-10,5582.64013671875
2026-02-11,5594.8798828125
2026-02-12,5626.0400390625
2026-02-13,5614.1298828125
2026-02-16,5599.0
2026-02-17,5644.02978515625
2026-02-18,5677.830078125
2026-02-19,5664.43017578125
2026-02-20,5654.68017578125
2026-02-23,5605.18994140625
2026-02-24,5629.14990234375
2026-02-25,5616.47998046875
2026-02-26,5439.0498046875
2026-02-27,5443.759765625
2026-03-02,5366.22021484375
2026-03-03,5252.0
2026-03-04,5313.77978515625
2026-03-05,5260.18017578125
2026-03-06,5194.9501953125
2026-03-09,5153.0400390625
2026-03-10,5247.509765625
2026-03-11,5176.83984375
2026-03-12,5149.06005859375
2026-03-13,5109.47998046875
2026-03-16,5128.990234375
2026-03-17,5167.0
2026-03-18,5129.080078125
2026-03-19,5004.77001953125
2026-03-20,4916.7900390625
2026-03-23,4940.02001953125
2026-03-24,4944.990234375
2026-03-25,5052.97021484375
2026-03-26,5006.1201171875
2026-03-27,4985.22021484375
2026-03-30,5029.93994140625
2026-03-31,5073.1201171875
2026-04-01,5220.81982421875
2026-04-02,5216.43994140625
2026-04-07,5207.16015625
2026-04-08,5392.7099609375
2026-04-09,5417.259765625
2026-04-10,5455.58984375
2026-04-13,5426.85009765625
2026-04-14,5485.91015625
2026-04-15,5475.16015625
2026-04-16,5483.5400390625
2026-04-17,5572.10009765625
2026-04-20,5511.169921875
2026-04-21,5431.3798828125
2026-04-22,5386.7900390625
2026-04-23,5392.02978515625
2026-04-24,5342.7099609375
2026-04-27,5355.490234375
2026-04-28,5334.759765625
2026-04-29,5279.68994140625
2026-04-30,5352.669921875
2026-05-04,5352.18017578125
2026-05-05,5440.14013671875
2026-05-06,5555.14990234375
2026-05-07,5469.75
2026-05-08,5463.31982421875
2026-05-11,5497.93994140625
2026-05-12,5469.72998046875
2026-05-13,5508.77978515625
2026-05-14,5532.41015625
2026-05-15,5467.27001953125
2026-05-18,5423.22998046875
2026-05-19,5427.81982421875
2026-05-20,5502.0400390625
2026-05-21,5550.81982421875
2026-05-22,5589.97021484375
2026-05-25,5649.02978515625
2026-05-26,5603.7900390625
2026-05-27,5613.580078125
2026-05-28,5603.02978515625
2026-05-29,5583.39013671875
2026-06-01,5577.64990234375
2026-06-02,5549.56005859375
2026-06-03,5500.2998046875
2026-06-04,5538.330078125
2026-06-05,5579.60009765625
2026-06-08,5549.22998046875
2026-06-09,5565.1201171875
2026-06-10,5598.58984375
2026-06-11,5646.8701171875
2026-06-12,5737.18994140625
