date,price
1997-07-01,18.509902954101562
1997-07-02,18.729900360107422
1997-07-03,19.11989974975586
1997-07-04,19.179899215698242
1997-07-07,19.529897689819336
1997-07-08,19.109899520874023
1997-07-09,19.509897232055664
1997-07-10,19.989892959594727
1997-07-11,20.269893646240234
1997-07-14,20.42989158630371
1997-07-15,20.359891891479492
1997-07-16,20.089893341064453
1997-07-17,20.059892654418945
1997-07-18,20.09989356994629
1997-07-21,19.549896240234375
1997-07-22,19.529897689819336
1997-07-23,19.189899444580078
1997-07-24,19.249897003173828
1997-07-25,18.8898983001709
1997-07-28,18.35990333557129
1997-07-29,18.499902725219727
1997-07-30,19.02989959716797
1997-07-31,19.529897689819336
1997-08-01,19.729894638061523
1997-08-04,20.359891891479492
1997-08-05,20.02989387512207
1997-08-06,20.33989143371582
1997-08-07,20.49989128112793
1997-08-08,20.399890899658203
1997-08-11,20.31989097595215
1997-08-12,20.359891891479492
1997-08-13,20.04989242553711
1997-08-14,20.159893035888672
1997-08-15,20.039894104003906
1997-08-18,19.5198974609375
1997-08-19,19.3998966217041
1997-08-20,19.299896240234375
1997-08-21,19.749895095825195
1997-08-22,19.659894943237305
1997-08-25,19.509897232055664
1997-08-26,19.249897003173828
1997-08-27,19.249897003173828
1997-08-28,19.729894638061523
1997-08-29,19.799894332885742
1997-09-01,19.779895782470703
1997-09-02,20.199893951416016
1997-09-03,20.539892196655273
1997-09-04,21.039888381958008
1997-09-05,21.239887237548828
1997-09-08,21.979883193969727
1997-09-09,22.349882125854492
1997-09-10,22.589879989624023
1997-09-11,22.92987823486328
1997-09-12,23.06987762451172
1997-09-15,23.619874954223633
1997-09-16,23.589874267578125
1997-09-17,24.099872589111328
1997-09-18,24.06987190246582
1997-09-19,23.899873733520508
1997-09-22,24.019872665405273
1997-09-23,24.129871368408203
1997-09-24,24.869869232177734
1997-09-25,25.549863815307617
1997-09-26,25.919862747192383
1997-09-29,26.43985939025879
1997-09-30,25.92986297607422
1997-10-01,25.839862823486328
1997-10-02,26.96985626220703
1997-10-03,27.519853591918945
1997-10-06,28.489849090576172
1997-10-07,28.53985023498535
1997-10-08,29.389842987060547
1997-10-09,29.539844512939453
1997-10-10,29.42984390258789
1997-10-13,30.47983741760254
1997-10-14,32.11982727050781
1997-10-15,32.229827880859375
1997-10-16,32.579830169677734
1997-10-17,34.50981521606445
1997-10-20,34.15981674194336
1997-10-21,34.41981506347656
1997-10-22,34.96981430053711
1997-10-23,35.429813385009766
1997-10-24,35.11981201171875
1997-10-27,31.189834594726562
1997-10-28,28.239849090576172
1997-10-30,27.16985511779785
1997-10-31,28.459848403930664
1997-11-03,28.459848403930664
1997-11-04,29.71984100341797
1997-11-05,31.679832458496094
1997-11-06,31.629831314086914
1997-11-07,29.579843521118164
1997-11-10,29.82984161376953
1997-11-11,29.179845809936523
1997-11-12,28.009851455688477
1997-11-13,26.939857482910156
1997-11-14,26.919857025146484
1997-11-17,28.89984703063965
1997-11-18,29.619844436645508
1997-11-19,29.149845123291016
1997-11-20,29.689842224121094
1997-11-21,30.76983642578125
1997-11-24,27.86985206604004
1997-11-25,28.419849395751953
1997-11-26,29.019845962524414
1997-11-27,29.039846420288086
1997-11-28,28.78984832763672
1997-12-01,28.139850616455078
1997-12-02,29.22984504699707
1997-12-03,29.979841232299805
1997-12-04,30.52983856201172
1997-12-05,29.679841995239258
1997-12-08,28.569849014282227
1997-12-09,29.249845504760742
1997-12-10,29.399843215942383
1997-12-11,28.66984748840332
1997-12-12,28.42984962463379
1997-12-15,29.69984245300293
1997-12-16,29.529844284057617
1997-12-17,30.069839477539062
1997-12-18,30.579837799072266
1997-12-19,31.4498348236084
1997-12-22,31.769832611083984
1997-12-23,31.749832153320312
1997-12-24,31.28983497619629
1997-12-25,30.749835968017578
1997-12-26,31.829830169677734
1997-12-29,33.349822998046875
1997-12-30,34.58981704711914
1997-12-31,34.50981521606445
1998-01-05,37.113800048828125
1998-01-06,36.519805908203125
1998-01-07,36.8258056640625
1998-01-08,35.90081024169922
1998-01-09,35.87080764770508
1998-01-12,31.996829986572266
1998-01-13,34.13882064819336
1998-01-14,32.84882354736328
1998-01-15,32.945823669433594
1998-01-16,33.84782028198242
1998-01-19,35.13081359863281
1998-01-20,34.77881622314453
1998-01-21,35.23881149291992
1998-01-22,34.52181625366211
1998-01-23,34.597816467285156
1998-01-26,35.17181396484375
1998-01-27,35.153812408447266
1998-01-28,35.4718132019043
1998-02-02,33.67182159423828
1998-02-03,32.49082946777344
1998-02-04,30.34783935546875
1998-02-05,29.814842224121094
1998-02-06,29.865840911865234
1998-02-09,28.474849700927734
1998-02-10,27.77085304260254
1998-02-11,29.268844604492188
1998-02-12,30.0798397064209
1998-02-13,30.14583969116211
1998-02-16,30.370840072631836
1998-02-17,31.031835556030273
1998-02-18,31.05083656311035
1998-02-19,29.083845138549805
1998-02-20,29.729841232299805
1998-02-23,33.06782531738281
1998-02-24,32.25682830810547
1998-02-25,33.333824157714844
1998-02-26,34.02381896972656
1998-02-27,32.721824645996094
1998-03-02,33.466819763183594
1998-03-03,33.53582000732422
1998-03-04,33.20582580566406
1998-03-05,34.060821533203125
1998-03-06,34.697818756103516
1998-03-09,35.13981246948242
1998-03-10,35.2938117980957
1998-03-11,35.192813873291016
1998-03-12,34.92881393432617
1998-03-13,33.89181900024414
1998-03-16,33.77381896972656
1998-03-17,33.97481918334961
1998-03-18,33.05682373046875
1998-03-19,32.476829528808594
1998-03-20,32.69783020019531
1998-03-23,32.66782760620117
1998-03-24,32.41082763671875
1998-03-25,33.00882339477539
1998-03-26,33.3818244934082
1998-03-27,33.13782501220703
1998-03-30,32.22782897949219
1998-03-31,32.59082794189453
1998-04-01,32.60282897949219
1998-04-02,33.44382095336914
1998-04-03,34.42981719970703
1998-04-13,36.45380401611328
1998-04-14,36.62980651855469
1998-04-15,38.217796325683594
1998-04-16,40.543785095214844
1998-04-17,41.20878219604492
1998-04-20,41.01278305053711
1998-04-21,42.656776428222656
1998-04-22,43.65776824951172
1998-04-24,40.895782470703125
1998-04-27,40.20878601074219
1998-04-28,38.73579406738281
1998-04-29,39.831790924072266
1998-04-30,41.94477844238281
1998-05-01,42.31077575683594
1998-05-04,42.6547737121582
1998-05-05,42.58777618408203
1998-05-06,42.17977523803711
1998-05-07,40.934783935546875
1998-05-08,42.10077667236328
1998-05-11,42.540775299072266
1998-05-12,42.235774993896484
1998-05-13,42.604774475097656
1998-05-14,42.299774169921875
1998-05-15,41.36977767944336
1998-05-18,39.70178985595703
1998-05-20,40.9407844543457
1998-05-21,41.222782135009766
1998-05-22,41.07978439331055
1998-05-25,40.773780822753906
1998-05-26,39.948787689208984
1998-05-27,36.66880416870117
1998-05-28,37.51280212402344
1998-05-29,37.277801513671875
1998-06-01,36.04581069946289
1998-06-02,37.531803131103516
1998-06-03,37.73480224609375
1998-06-04,40.12278747558594
1998-06-05,40.799781799316406
1998-06-08,41.929779052734375
1998-06-09,41.084781646728516
1998-06-10,40.32878494262695
1998-06-11,40.210784912109375
1998-06-12,40.27678680419922
1998-06-15,37.93479919433594
1998-06-16,39.108795166015625
1998-06-17,40.470787048339844
1998-06-18,39.654788970947266
1998-06-19,40.07078552246094
1998-06-22,39.0767936706543
1998-06-23,40.047786712646484
1998-06-24,39.80379104614258
1998-06-25,40.55778503417969
1998-06-26,40.140785217285156
1998-06-29,41.19878387451172
1998-06-30,40.99978256225586
1998-07-01,41.24578094482422
1998-07-02,42.92877197265625
1998-07-03,44.850765228271484
1998-07-06,44.96775817871094
1998-07-07,44.706764221191406
1998-07-08,45.05875778198242
1998-07-09,44.02976608276367
1998-07-10,43.442771911621094
1998-07-13,42.239776611328125
1998-07-14,43.72576904296875
1998-07-15,44.353763580322266
1998-07-16,45.30976104736328
1998-07-17,45.14775848388672
1998-07-20,44.779762268066406
1998-07-21,43.7747688293457
1998-07-22,43.646766662597656
1998-07-23,43.655765533447266
1998-07-24,42.69977569580078
1998-07-27,43.260772705078125
1998-07-28,42.76277542114258
1998-07-29,42.312774658203125
1998-07-30,43.17177200317383
1998-07-31,43.22277069091797
1998-08-03,42.54877471923828
1998-08-04,41.283782958984375
1998-08-05,39.77378845214844
1998-08-06,38.89279556274414
1998-08-07,39.41878890991211
1998-08-10,37.155799865722656
1998-08-11,34.3248176574707
1998-08-12,35.5448112487793
1998-08-13,33.11582565307617
1998-08-14,33.51681900024414
1998-08-17,31.70583152770996
1998-08-18,32.3088264465332
1998-08-19,33.585819244384766
1998-08-20,35.32981491088867
1998-08-21,33.72282028198242
1998-08-24,32.927825927734375
1998-08-25,32.531829833984375
1998-08-26,29.972841262817383
1998-08-27,26.03986358642578
1998-08-28,26.719858169555664
1998-08-31,26.350860595703125
1998-09-01,25.245866775512695
1998-09-02,26.65485954284668
1998-09-03,25.401865005493164
1998-09-04,26.376861572265625
1998-09-07,26.4018611907959
1998-09-08,26.583858489990234
1998-09-09,25.999862670898438
1998-09-10,24.879867553710938
1998-09-11,23.286876678466797
1998-09-14,23.049877166748047
1998-09-15,21.989883422851562
1998-09-16,21.269887924194336
1998-09-17,19.483896255493164
1998-09-18,22.782880783081055
1998-09-21,21.416885375976562
1998-09-22,23.427875518798828
1998-09-23,24.01087188720703
1998-09-24,26.356861114501953
1998-09-25,23.36887550354004
1998-09-28,23.2288761138916
1998-09-29,23.861873626708984
1998-09-30,22.65888023376465
1998-10-01,20.854888916015625
1998-10-02,20.797889709472656
1998-10-05,18.924898147583008
1998-10-06,19.239896774291992
1998-10-07,18.582901000976562
1998-10-08,18.52290153503418
1998-10-09,19.46089744567871
1998-10-12,21.60688591003418
1998-10-13,21.02688980102539
1998-10-14,19.97289276123047
1998-10-15,19.85389518737793
1998-10-16,19.90689468383789
1998-10-19,20.22089385986328
1998-10-20,21.773883819580078
1998-10-21,22.26388168334961
1998-10-22,22.101882934570312
1998-10-23,22.747879028320312
1998-10-26,22.26188087463379
1998-10-27,22.18688201904297
1998-10-28,21.963884353637695
1998-11-02,22.765880584716797
1998-11-03,24.076871871948242
1998-11-04,25.952861785888672
1998-11-05,24.478870391845703
1998-11-06,25.546865463256836
1998-11-09,25.335866928100586
1998-11-10,25.167865753173828
1998-11-11,21.410884857177734
1998-11-12,21.027889251708984
1998-11-13,21.153886795043945
1998-11-16,23.081878662109375
1998-11-17,22.216880798339844
1998-11-18,21.823883056640625
1998-11-19,22.43088150024414
1998-11-20,23.334875106811523
1998-11-23,25.61786460876465
1998-11-24,23.683874130249023
1998-11-25,24.705867767333984
1998-11-26,25.640865325927734
1998-11-27,26.044862747192383
1998-11-30,25.77486228942871
1998-12-01,25.047866821289062
1998-12-02,25.983861923217773
1998-12-03,26.044862747192383
1998-12-04,25.345867156982422
1998-12-07,24.93086814880371
1998-12-08,24.879867553710938
1998-12-09,23.85387420654297
1998-12-10,24.02187156677246
1998-12-11,24.12887191772461
1998-12-14,24.58587074279785
1998-12-15,24.35987091064453
1998-12-16,22.774879455566406
1998-12-17,22.400880813598633
1998-12-18,23.396875381469727
1998-12-21,24.18587303161621
1998-12-22,24.210872650146484
1998-12-23,24.703868865966797
1998-12-24,24.92586898803711
1998-12-25,26.07785987854004
1998-12-28,25.84686279296875
1998-12-29,25.794862747192383
1998-12-30,25.34786605834961
1998-12-31,25.978862762451172
1999-01-04,27.583852767944336
1999-01-05,28.23484992980957
1999-01-06,28.859848022460938
1999-01-07,27.63485336303711
1999-01-08,27.214855194091797
1999-01-11,26.70585823059082
1999-01-12,26.677858352661133
1999-01-13,24.474870681762695
1999-01-14,25.54586410522461
1999-01-15,24.82286834716797
1999-01-25,24.0888729095459
1999-01-26,24.401870727539062
1999-01-27,25.520864486694336
1999-01-28,25.137866973876953
1999-01-29,25.68186378479004
1999-02-01,26.561859130859375
1999-02-02,26.2138614654541
1999-02-03,26.712858200073242
1999-02-04,27.915851593017578
1999-02-05,27.477855682373047
1999-02-08,28.1468505859375
1999-02-09,29.241846084594727
1999-02-10,29.70284080505371
1999-02-11,30.353839874267578
1999-02-12,30.888835906982422
1999-02-15,30.94983673095703
1999-02-16,33.5538215637207
1999-02-17,36.21281051635742
1999-02-18,36.528804779052734
1999-02-19,37.181800842285156
1999-02-22,36.36380386352539
1999-02-23,35.5708122253418
1999-02-24,35.99081039428711
1999-02-25,37.6848030090332
1999-02-26,38.90779495239258
1999-03-01,38.931793212890625
1999-03-02,38.17479705810547
1999-03-03,39.163795471191406
1999-03-04,37.87679672241211
1999-03-05,38.58079528808594
1999-03-08,38.473793029785156
1999-03-09,39.6227912902832
1999-03-10,38.87279510498047
1999-03-11,40.88578414916992
1999-03-12,41.24078369140625
1999-03-15,40.47178649902344
1999-03-16,39.09079360961914
1999-03-17,40.67778396606445
1999-03-18,41.69878005981445
1999-03-19,43.08877182006836
1999-03-22,43.16276931762695
1999-03-23,43.15077209472656
1999-03-24,42.200775146484375
1999-03-25,44.155765533447266
1999-03-26,45.5407600402832
1999-04-05,47.060752868652344
1999-04-06,48.966739654541016
1999-04-07,49.26873779296875
1999-04-08,47.37774658203125
1999-04-09,46.06975555419922
1999-04-12,43.755767822265625
1999-04-13,39.85979080200195
1999-04-14,43.81576919555664
1999-04-15,43.508766174316406
1999-04-16,45.821754455566406
1999-04-19,45.62575912475586
1999-04-20,50.18673324584961
1999-04-21,49.81073760986328
1999-04-22,51.541725158691406
1999-04-26,53.050716400146484
1999-04-27,52.955718994140625
1999-04-28,54.83671188354492
1999-04-29,54.4027099609375
1999-04-30,53.53971862792969
1999-05-03,53.937713623046875
1999-05-04,54.5177116394043
1999-05-05,55.80370330810547
1999-05-06,55.90670394897461
1999-05-07,56.064701080322266
1999-05-10,56.685699462890625
1999-05-11,58.11069107055664
1999-05-12,54.57670974731445
1999-05-13,54.053714752197266
1999-05-14,56.56169891357422
1999-05-17,55.43670654296875
1999-05-18,57.031700134277344
1999-05-20,56.53369903564453
1999-05-21,54.9647102355957
1999-05-24,52.72172164916992
1999-05-25,50.86172866821289
1999-05-26,50.77772903442383
1999-05-27,52.65072250366211
1999-05-28,52.47372055053711
1999-05-31,50.691734313964844
1999-06-01,51.26572799682617
1999-06-02,49.6407356262207
1999-06-03,49.86173629760742
1999-06-04,53.66971206665039
1999-06-07,52.9857177734375
1999-06-08,52.88271713256836
1999-06-09,52.890716552734375
1999-06-10,55.60270690917969
1999-06-11,55.31770706176758
1999-06-14,54.020713806152344
1999-06-15,52.41072082519531
1999-06-16,50.814727783203125
1999-06-17,52.6257209777832
1999-06-18,53.21571731567383
1999-06-21,52.89171600341797
1999-06-22,52.19172286987305
1999-06-23,51.29573059082031
1999-06-24,50.90073013305664
1999-06-25,49.41573715209961
1999-06-28,46.80975341796875
1999-06-29,46.76375198364258
1999-06-30,49.50173568725586
1999-07-01,51.59972381591797
1999-07-02,48.608741760253906
1999-07-05,50.306732177734375
1999-07-06,48.19774627685547
1999-07-07,47.5517463684082
1999-07-08,48.7717399597168
1999-07-09,51.28772735595703
1999-07-12,56.20770263671875
1999-07-13,55.74970245361328
1999-07-14,57.82669448852539
1999-07-15,57.63369369506836
1999-07-16,56.762699127197266
1999-07-19,59.24768829345703
1999-07-20,59.907684326171875
1999-07-21,60.03668212890625
1999-07-22,58.652687072753906
1999-07-23,57.82869338989258
1999-07-26,55.29470443725586
1999-07-27,57.594696044921875
1999-07-28,56.94070053100586
1999-07-29,57.10369873046875
1999-07-30,58.054691314697266
1999-08-02,56.81769943237305
1999-08-03,57.06570053100586
1999-08-04,56.87269973754883
1999-08-05,55.96670150756836
1999-08-06,56.417701721191406
1999-08-09,58.07168960571289
1999-08-10,57.55469512939453
1999-08-11,56.749698638916016
1999-08-12,56.27570343017578
1999-08-13,56.90169906616211
1999-08-16,58.0706901550293
1999-08-26,52.04072570800781
1999-08-27,52.77272033691406
1999-08-31,50.18273162841797
1999-09-01,51.37772750854492
1999-09-02,52.30072021484375
1999-09-03,53.58571243286133
1999-09-06,58.23868942260742
1999-09-07,57.9976921081543
1999-09-08,60.949676513671875
1999-09-09,61.18167495727539
1999-09-10,61.78267288208008
1999-09-13,60.5076789855957
1999-09-14,61.427677154541016
1999-09-15,61.08267593383789
1999-09-16,61.50667190551758
1999-09-17,61.65767288208008
1999-09-20,62.219669342041016
1999-09-21,61.7376708984375
1999-09-22,61.212677001953125
1999-09-23,62.520668029785156
1999-09-24,61.79267120361328
1999-09-27,60.927677154541016
1999-09-28,60.868675231933594
1999-09-29,60.9666748046875
1999-09-30,60.71067810058594
1999-10-01,59.61468505859375
1999-10-04,58.50469207763672
1999-10-05,58.2216911315918
1999-10-06,59.23368835449219
1999-10-07,58.55168914794922
1999-10-08,57.94769287109375
1999-10-11,56.99769973754883
1999-10-12,57.82369613647461
1999-10-13,57.01469802856445
1999-10-14,57.18869400024414
1999-10-15,59.30768585205078
1999-10-18,59.97968292236328
1999-10-19,59.70068359375
1999-10-20,59.12168884277344
1999-10-21,58.39868927001953
1999-10-22,61.604671478271484
1999-10-25,64.03365325927734
1999-10-26,65.45565032958984
1999-10-27,65.0986557006836
1999-10-28,65.5606460571289
1999-11-01,65.3466567993164
1999-11-02,65.4216537475586
1999-11-03,68.43663024902344
1999-11-04,70.43062591552734
1999-11-05,71.32461547851562
1999-11-08,71.7616195678711
1999-11-09,75.9345932006836
1999-11-10,79.18357849121094
1999-11-11,80.57556915283203
1999-11-12,82.98555755615234
1999-11-15,83.6485595703125
1999-11-16,83.3475570678711
1999-11-17,82.44856262207031
1999-11-18,83.29055786132812
1999-11-19,85.09355163574219
1999-11-22,88.79752349853516
1999-11-23,86.56754302978516
1999-11-24,85.54654693603516
1999-11-25,85.25755310058594
1999-11-26,79.94857025146484
1999-11-29,81.04756927490234
1999-11-30,84.59455108642578
1999-12-01,87.76153564453125
1999-12-02,92.11750793457031
1999-12-03,94.08150482177734
1999-12-06,98.6104736328125
1999-12-07,100.76246643066406
1999-12-08,98.4954833984375
1999-12-09,103.36744689941406
1999-12-10,114.6773910522461
1999-12-13,129.11131286621094
1999-12-14,120.641357421875
1999-12-15,125.60033416748047
1999-12-16,129.7943115234375
1999-12-17,132.060302734375
1999-12-20,134.3392791748047
1999-12-21,134.79928588867188
1999-12-22,135.8392791748047
1999-12-23,134.2852783203125
1999-12-24,144.0372314453125
1999-12-27,157.47816467285156
1999-12-28,152.08718872070312
2000-01-04,175.12106323242188
2000-01-05,169.31910705566406
2000-01-06,161.9991455078125
2000-01-07,158.37315368652344
2000-01-11,163.47312927246094
2000-01-12,169.33509826660156
2000-01-13,181.38104248046875
2000-01-14,191.10198974609375
2000-01-17,184.58201599121094
2000-01-18,195.77195739746094
2000-01-19,184.13902282714844
2000-01-20,180.30703735351562
2000-01-21,172.57908630371094
2000-01-24,176.63507080078125
2000-01-25,172.1860809326172
2000-01-26,180.14303588867188
2000-01-27,180.9850311279297
2000-01-28,181.7220458984375
2000-01-31,167.14910888671875
2000-02-01,163.42112731933594
2000-02-02,160.40414428710938
2000-02-03,160.9681396484375
2000-02-04,168.70509338378906
2000-02-07,163.77813720703125
2000-02-08,160.5021514892578
2000-02-09,154.3331756591797
2000-02-10,158.295166015625
2000-02-11,155.98117065429688
2000-02-14,152.37318420410156
2000-02-15,158.5921630859375
2000-02-16,158.33616638183594
2000-02-17,153.4141845703125
2000-02-18,153.63519287109375
2000-02-21,145.68922424316406
2000-02-22,139.94125366210938
2000-02-23,134.47027587890625
2000-02-24,146.5202178955078
2000-02-25,156.18118286132812
2000-02-28,153.15219116210938
2000-02-29,159.45816040039062
2000-03-01,171.99208068847656
2000-03-02,169.39610290527344
2000-03-03,167.83412170410156
2000-03-06,165.63311767578125
2000-03-07,172.2310791015625
2000-03-08,173.4410858154297
2000-03-09,183.14602661132812
2000-03-10,178.41204833984375
2000-03-20,174.4380645751953
2000-03-21,175.45506286621094
2000-03-22,168.23211669921875
2000-03-23,174.39007568359375
2000-03-24,176.69107055664062
2000-03-27,176.12106323242188
2000-03-28,172.77108764648438
2000-03-29,169.5131072998047
2000-03-30,156.8601531982422
2000-03-31,159.20016479492188
2000-04-03,157.60716247558594
2000-04-04,162.15914916992188
2000-04-05,158.63316345214844
2000-04-06,169.16610717773438
2000-04-07,169.00709533691406
2000-04-10,168.55209350585938
2000-04-11,165.58612060546875
2000-04-12,169.027099609375
2000-04-13,177.46205139160156
2000-04-14,183.67202758789062
2000-04-17,172.45408630371094
2000-04-18,167.08811950683594
2000-04-19,168.09310913085938
2000-04-20,169.38710021972656
2000-04-21,169.85809326171875
2000-04-24,170.0200958251953
2000-04-25,179.55606079101562
2000-04-26,185.8190155029297
2000-04-27,184.7000274658203
2000-04-28,192.0559844970703
2000-05-01,190.59298706054688
2000-05-02,194.05897521972656
2000-05-03,190.9199981689453
2000-05-04,180.27804565429688
2000-05-05,180.8600311279297
2000-05-08,173.44708251953125
2000-05-09,179.7390594482422
2000-05-10,177.77005004882812
2000-05-11,178.96604919433594
2000-05-12,175.57406616210938
2000-05-15,170.1291046142578
2000-05-16,174.924072265625
2000-05-17,169.25210571289062
2000-05-18,164.49212646484375
2000-05-22,162.41213989257812
2000-05-23,155.8381805419922
2000-05-24,158.19715881347656
2000-05-25,163.2911376953125
2000-05-26,159.22216796875
2000-05-29,158.8401641845703
2000-05-30,157.6941680908203
2000-05-31,162.06314086914062
2000-06-01,167.70111083984375
2000-06-02,165.20013427734375
2000-06-05,166.2901153564453
2000-06-06,167.19412231445312
2000-06-07,161.9231414794922
2000-06-08,166.62911987304688
2000-06-09,164.6121368408203
2000-06-12,159.02816772460938
2000-06-13,156.13616943359375
2000-06-14,151.83819580078125
2000-06-15,149.65921020507812
2000-06-16,143.51324462890625
2000-06-19,145.43821716308594
2000-06-20,147.48121643066406
2000-06-21,146.59222412109375
2000-06-22,148.85121154785156
2000-06-23,149.30821228027344
2000-06-26,146.32821655273438
2000-06-27,146.63421630859375
2000-06-28,147.90121459960938
2000-06-29,144.0492401123047
2000-06-30,144.6602325439453
2000-07-03,143.4832305908203
2000-07-04,142.0082550048828
2000-07-05,146.38221740722656
2000-07-06,141.80224609375
2000-07-07,143.438232421875
2000-07-10,148.68521118164062
2000-07-11,140.6112518310547
2000-07-12,138.57626342773438
2000-07-13,133.94027709960938
2000-07-14,135.21728515625
2000-07-17,128.01731872558594
2000-07-18,127.36932373046875
2000-07-19,132.38629150390625
2000-07-20,129.23330688476562
2000-07-21,136.0142822265625
2000-07-24,137.19827270507812
2000-07-25,138.75526428222656
2000-07-26,136.98626708984375
2000-07-27,137.13426208496094
2000-07-28,141.30125427246094
2000-07-31,138.70126342773438
2000-08-01,141.00225830078125
2000-08-02,141.04425048828125
2000-08-03,140.36724853515625
2000-08-04,137.88926696777344
2000-08-07,134.6462860107422
2000-08-08,132.33029174804688
2000-08-09,129.03631591796875
2000-08-10,129.4503173828125
2000-08-11,133.03929138183594
2000-08-14,135.8602752685547
2000-08-15,129.9003143310547
2000-08-16,129.72731018066406
2000-08-17,129.61331176757812
2000-08-18,131.96829223632812
2000-08-21,127.75932312011719
2000-08-22,127.11833190917969
2000-08-23,131.8572998046875
2000-08-24,131.5863037109375
2000-08-25,130.51431274414062
2000-08-28,129.60630798339844
2000-08-29,133.0792999267578
2000-08-31,131.32029724121094
2000-09-01,130.70130920410156
2000-09-04,131.92630004882812
2000-09-05,131.7292938232422
2000-09-06,130.3953094482422
2000-09-07,122.97334289550781
2000-09-08,121.72434997558594
2000-09-11,115.62738800048828
2000-09-12,116.30838012695312
2000-09-13,117.69537353515625
2000-09-14,114.98838806152344
2000-09-15,114.33938598632812
2000-09-18,108.62142181396484
2000-09-19,103.783447265625
2000-09-20,111.90640258789062
2000-09-21,113.2073974609375
2000-09-22,109.06941986083984
2000-09-25,115.14839172363281
2000-09-26,113.60440063476562
2000-09-27,112.94539642333984
2000-09-28,112.9323959350586
2000-09-29,113.50239562988281
2000-10-02,114.11439514160156
2000-10-03,115.67339324951172
2000-10-04,116.9433822631836
2000-10-05,117.44937133789062
2000-10-06,124.60133361816406
2000-10-09,120.70935821533203
2000-10-10,130.0933074951172
2000-10-11,128.7403106689453
2000-10-12,131.45030212402344
2000-10-13,130.1533203125
2000-10-16,139.00526428222656
2000-10-17,137.64427185058594
2000-10-18,135.2192840576172
2000-10-19,135.3442840576172
2000-10-20,135.8132781982422
2000-10-23,132.0532989501953
2000-10-24,136.03028869628906
2000-10-25,133.61029052734375
2000-10-26,133.54229736328125
2000-10-27,132.2772979736328
2000-10-30,133.47129821777344
2000-10-31,135.38328552246094
2000-11-01,140.79025268554688
2000-11-02,145.16123962402344
2000-11-03,148.0292205810547
2000-11-06,143.69424438476562
2000-11-07,142.15225219726562
2000-11-08,135.81228637695312
2000-11-09,137.40126037597656
2000-11-10,138.01026916503906
2000-11-13,132.69329833984375
2000-11-14,132.99029541015625
2000-11-15,135.2642822265625
2000-11-16,131.83029174804688
2000-11-17,128.3153076171875
2000-11-20,119.16836547851562
2000-11-21,113.13939666748047
2000-11-22,115.54438781738281
2000-11-23,111.868408203125
2000-11-24,108.08442687988281
2000-11-27,105.96443176269531
2000-11-28,96.41648864746094
2000-11-29,95.12449645996094
2000-11-30,87.47653198242188
2000-12-01,79.77758026123047
2000-12-04,73.29560852050781
2000-12-05,87.55253601074219
2000-12-06,103.87345123291016
2000-12-07,93.6415023803711
2000-12-08,97.9944839477539
2000-12-11,97.53548431396484
2000-12-12,96.26848602294922
2000-12-13,90.10452270507812
2000-12-14,95.00349426269531
2000-12-15,94.22649383544922
2000-12-18,91.72850799560547
2000-12-19,93.4645004272461
2000-12-20,91.8545150756836
2000-12-21,92.00550842285156
2000-12-22,94.37149810791016
2001-01-02,94.67049407958984
2001-01-03,91.3735122680664
2001-01-04,101.98146057128906
2001-01-05,100.07246398925781
2001-01-08,105.60343933105469
2001-01-09,108.60942077636719
2001-01-10,115.3993911743164
2001-01-11,112.64840698242188
2001-01-12,109.64842224121094
2001-01-15,104.25544738769531
2001-01-16,105.05044555664062
2001-01-17,109.44741821289062
2001-01-18,109.2784194946289
2001-01-19,114.00640106201172
2001-01-22,110.93640899658203
2001-01-23,108.82942199707031
2001-01-24,108.84542083740234
2001-01-25,109.80342102050781
2001-01-26,107.42742919921875
2001-01-29,106.0764389038086
2001-01-30,104.21044921875
2001-01-31,106.85043334960938
2001-02-01,106.38143920898438
2001-02-02,105.46644592285156
2001-02-05,99.52547454833984
2001-02-06,101.8714599609375
2001-02-07,97.240478515625
2001-02-08,96.58848571777344
2001-02-09,95.45849609375
2001-02-12,90.75251770019531
2001-02-13,93.85050201416016
2001-02-14,99.71647644042969
2001-02-15,97.63848114013672
2001-02-16,101.6944580078125
2001-02-19,86.82954406738281
2001-02-20,87.68453216552734
2001-02-21,71.80561828613281
2001-02-22,78.90357971191406
2001-02-23,83.44855499267578
2001-02-26,88.80252838134766
2001-02-27,86.65853881835938
2001-02-28,87.91553497314453
2001-03-01,94.0665054321289
2001-03-02,95.13749694824219
2001-03-12,86.46954345703125
2001-03-13,84.84455108642578
2001-03-14,81.507568359375
2001-03-15,85.25354766845703
2001-03-16,87.63353729248047
2001-03-19,85.22354888916016
2001-03-20,88.60552978515625
2001-03-21,86.29154205322266
2001-03-22,84.02855682373047
2001-03-23,83.65555572509766
2001-03-26,83.31256103515625
2001-03-27,79.5965805053711
2001-03-28,76.14759826660156
2001-03-29,71.59661865234375
2001-03-30,80.22657012939453
2001-04-02,78.55657958984375
2001-04-03,78.06058502197266
2001-04-04,81.17757415771484
2001-04-05,84.57154846191406
2001-04-06,82.36756134033203
2001-04-09,83.5955581665039
2001-04-10,83.1215591430664
2001-04-11,86.57754516601562
2001-04-12,90.26251983642578
2001-04-13,89.40252685546875
2001-04-16,93.78950500488281
2001-04-17,90.57752227783203
2001-04-18,90.69851684570312
2001-04-19,94.4854965209961
2001-04-20,96.58348846435547
2001-04-24,101.31046295166016
2001-04-25,101.12946319580078
2001-04-26,108.90042114257812
2001-04-27,123.62934112548828
2001-04-30,123.67334747314453
2001-05-01,120.93335723876953
2001-05-02,120.08436584472656
2001-05-03,128.2973175048828
2001-05-04,125.29633331298828
2001-05-07,122.03435516357422
2001-05-08,127.27932739257812
2001-05-09,122.7623519897461
2001-05-10,121.43235778808594
2001-05-11,117.79237365722656
2001-05-14,118.96336364746094
2001-05-15,115.7243881225586
2001-05-16,122.98634338378906
2001-05-17,123.73434448242188
2001-05-18,127.38532257080078
2001-05-21,126.07132720947266
2001-05-22,126.43733215332031
2001-05-23,120.52336120605469
2001-05-24,116.1653823852539
2001-05-25,119.67936706542969
2001-05-28,112.30540466308594
2001-05-29,110.60941314697266
2001-05-30,106.87043762207031
2001-05-31,108.79741668701172
2001-06-01,112.70940399169922
2001-06-04,117.609375
2001-06-05,112.96640014648438
2001-06-06,117.33037567138672
2001-06-07,120.06237030029297
2001-06-08,121.38236236572266
2001-06-11,116.35938262939453
2001-06-12,114.29339599609375
2001-06-13,112.8434066772461
2001-06-14,119.71236419677734
2001-06-15,118.39737701416016
2001-06-18,110.8204116821289
2001-06-19,107.94342803955078
2001-06-20,108.22342681884766
2001-06-21,109.82942199707031
2001-06-22,111.1974105834961
2001-06-25,108.05442810058594
2001-06-26,110.3934097290039
2001-06-27,111.64140319824219
2001-06-28,110.8484115600586
2001-06-29,112.0414047241211
2001-07-02,115.13539123535156
2001-07-03,111.53040313720703
2001-07-04,110.8224105834961
2001-07-05,111.75740814208984
2001-07-06,101.68746185302734
2001-07-09,100.4794692993164
2001-07-10,94.69449615478516
2001-07-11,87.2995376586914
2001-07-12,91.22551727294922
2001-07-13,89.40752410888672
2001-07-16,90.79952239990234
2001-07-17,86.88554382324219
2001-07-18,91.05851745605469
2001-07-19,97.15348052978516
2001-07-20,96.84548950195312
2001-07-23,100.34846496582031
2001-07-24,101.00546264648438
2001-07-25,95.35149383544922
2001-07-26,98.57147216796875
2001-07-27,97.65048217773438
2001-07-30,98.32547760009766
2001-07-31,99.14547729492188
2001-08-01,102.11345672607422
2001-08-02,100.66846466064453
2001-08-03,101.01546478271484
2001-08-06,98.68547058105469
2001-08-07,96.39949035644531
2001-08-08,95.7764892578125
2001-08-09,93.81450653076172
2001-08-10,94.00550079345703
2001-08-13,90.75652313232422
2001-08-14,89.19852447509766
2001-08-15,92.33551025390625
2001-08-16,95.37849426269531
2001-08-17,97.3694839477539
2001-08-20,96.5474853515625
2001-08-21,96.54849243164062
2001-08-22,96.25949096679688
2001-08-23,98.91547393798828
2001-08-24,100.49646759033203
2001-08-27,102.9354476928711
2001-08-28,102.38645935058594
2001-08-29,99.90147399902344
2001-08-31,98.7884750366211
2001-09-03,96.16249084472656
2001-09-04,95.98548889160156
2001-09-05,96.3034896850586
2001-09-06,98.05747985839844
2001-09-07,96.28048706054688
2001-09-10,95.17849731445312
2001-09-11,92.95850372314453
2001-09-13,84.65754699707031
2001-09-14,79.37857818603516
2001-09-17,77.66858673095703
2001-09-18,77.03459167480469
2001-09-19,78.99358367919922
2001-09-20,76.51759338378906
2001-09-21,73.06361389160156
2001-09-24,75.15260314941406
2001-09-25,75.94859313964844
2001-09-26,74.77360534667969
2001-09-27,74.14360046386719
2001-09-28,76.25859832763672
2001-10-01,77.29358673095703
2001-10-02,78.43457794189453
2001-10-03,76.69859313964844
2001-10-04,78.05059051513672
2001-10-05,75.98859405517578
2001-10-08,74.9896011352539
2001-10-09,76.37559509277344
2001-10-10,80.48257446289062
2001-10-11,86.26454162597656
2001-10-12,84.3145523071289
2001-10-15,85.77054595947266
2001-10-16,86.31354522705078
2001-10-17,89.60552978515625
2001-10-18,88.18053436279297
2001-10-19,88.22553253173828
2001-10-22,93.05250549316406
2001-10-23,96.67349243164062
2001-10-24,95.78148651123047
2001-10-25,93.42850494384766
2001-10-26,99.15447235107422
2001-10-30,99.19747161865234
2001-10-31,98.48748016357422
2001-11-01,96.34548950195312
2001-11-02,100.69646453857422
2001-11-05,102.91844940185547
2001-11-06,104.56143951416016
2001-11-07,103.63345336914062
2001-11-08,104.57244110107422
2001-11-09,100.80846405029297
2001-11-12,103.27745056152344
2001-11-13,101.65745544433594
2001-11-14,106.36143493652344
2001-11-15,111.93240356445312
2001-11-16,113.7083969116211
2001-11-19,122.63135528564453
2001-11-20,117.94837188720703
2001-11-21,116.17137908935547
2001-11-22,118.55937194824219
2001-11-23,117.1933822631836
2001-11-26,120.62735748291016
2001-11-27,117.21837615966797
2001-11-28,111.29241180419922
2001-11-29,109.60942077636719
2001-11-30,116.33837890625
2001-12-03,114.67138671875
2001-12-04,113.0833969116211
2001-12-05,119.30536651611328
2001-12-06,126.87232971191406
2001-12-07,126.62732696533203
2001-12-10,126.45233154296875
2001-12-11,125.49833679199219
2001-12-12,127.1903305053711
2001-12-13,126.55732727050781
2001-12-14,127.61832427978516
2001-12-19,127.88832092285156
2001-12-20,126.79132843017578
2001-12-21,127.2113265991211
2001-12-24,126.8623275756836
2001-12-25,128.75730895996094
2001-12-26,130.68331909179688
2001-12-27,136.0892791748047
2001-12-28,137.8272705078125
2002-01-02,140.7792510986328
2002-01-03,142.7262420654297
2002-01-07,149.99420166015625
2002-01-08,148.7882080078125
2002-01-09,140.42724609375
2002-01-10,138.18527221679688
2002-01-11,136.16128540039062
2002-01-14,136.38528442382812
2002-01-15,133.4792938232422
2002-01-16,127.58831787109375
2002-01-17,128.93531799316406
2002-01-18,130.12130737304688
2002-01-21,126.29332733154297
2002-01-22,126.39132690429688
2002-01-23,129.101318359375
2002-01-24,130.26031494140625
2002-01-25,128.71031188964844
2002-01-28,127.64532470703125
2002-01-29,125.14933776855469
2002-01-30,125.38933563232422
2002-01-31,132.5222930908203
2002-02-01,133.75328063964844
2002-02-04,130.74630737304688
2002-02-05,125.20533752441406
2002-02-06,122.57334899902344
2002-02-07,117.0203857421875
2002-02-08,112.55240631103516
2002-02-11,116.75138092041016
2002-02-12,116.16238403320312
2002-02-13,118.26837158203125
2002-02-14,118.45237731933594
2002-02-15,114.78539276123047
2002-02-18,112.70640563964844
2002-02-19,115.1723861694336
2002-02-20,110.91841125488281
2002-02-21,111.65740203857422
2002-02-26,109.31742095947266
2002-02-27,111.86740112304688
2002-02-28,110.55641174316406
2002-03-01,114.70838928222656
2002-03-04,116.65238189697266
2002-03-05,114.18539428710938
2002-03-06,113.46640014648438
2002-03-07,116.21138000488281
2002-03-08,117.04838562011719
2002-03-11,113.36239624023438
2002-03-12,108.42042541503906
2002-03-13,105.93943786621094
2002-03-14,106.1424331665039
2002-03-15,107.71842956542969
2002-03-18,106.0484390258789
2002-03-19,106.43643188476562
2002-03-20,107.7624282836914
2002-03-21,114.71038818359375
2002-03-22,117.91537475585938
2002-03-25,120.16436004638672
2002-03-26,116.39237976074219
2002-03-27,118.62537384033203
2002-03-28,118.08637237548828
2002-03-29,116.79338073730469
2002-04-01,116.21538543701172
2002-04-02,118.27137756347656
2002-04-03,112.76840209960938
2002-04-04,117.96037292480469
2002-04-05,118.6343765258789
2002-04-08,114.55838775634766
2002-04-09,119.04436492919922
2002-04-10,120.30835723876953
2002-04-11,122.57234954833984
2002-04-12,122.40135192871094
2002-04-15,126.0583267211914
2002-04-16,122.20235443115234
2002-04-17,122.63235473632812
2002-04-18,120.10035705566406
2002-04-19,119.70836639404297
2002-04-22,117.59637451171875
2002-04-24,117.75037384033203
2002-04-25,118.0043716430664
2002-04-26,120.41136169433594
2002-04-29,116.57238006591797
2002-04-30,114.41439056396484
2002-05-01,114.79638671875
2002-05-02,113.21839904785156
2002-05-03,114.68939208984375
2002-05-06,114.4723892211914
2002-05-07,116.55338287353516
2002-05-08,121.17135620117188
2002-05-09,119.4473648071289
2002-05-10,116.38838195800781
2002-05-13,116.6913833618164
2002-05-14,116.13838195800781
2002-05-15,114.02140045166016
2002-05-16,112.18940734863281
2002-05-17,106.09843444824219
2002-05-20,107.61642456054688
2002-05-21,108.9564208984375
2002-05-22,106.03143310546875
2002-05-23,107.74142456054688
2002-05-24,108.94242095947266
2002-05-27,111.9894027709961
2002-05-28,109.34642028808594
2002-05-29,108.0644302368164
2002-05-30,105.0804443359375
2002-05-31,104.1364517211914
2002-06-03,103.16844940185547
2002-06-04,103.86945343017578
2002-06-05,103.83345031738281
2002-06-06,104.8814468383789
2002-06-07,101.50946044921875
2002-06-10,98.66447448730469
2002-06-11,97.2134780883789
2002-06-12,97.04048919677734
2002-06-13,97.74348449707031
2002-06-14,94.64449310302734
2002-06-17,92.30651092529297
2002-06-18,95.7514877319336
2002-06-19,93.78350067138672
2002-06-20,91.79351043701172
2002-06-21,92.20451354980469
2002-06-24,89.84552764892578
2002-06-25,90.94751739501953
2002-06-26,86.27354431152344
2002-06-27,90.09152221679688
2002-06-28,93.79850769042969
2002-07-01,95.64949035644531
2002-07-02,91.3495101928711
2002-07-03,90.0835189819336
2002-07-04,90.59951782226562
2002-07-05,93.51150512695312
2002-07-08,89.12152862548828
2002-07-09,87.47853088378906
2002-07-10,89.1645278930664
2002-07-11,89.90151977539062
2002-07-12,94.99349975585938
2002-07-15,93.96650695800781
2002-07-16,95.5564956665039
2002-07-17,105.23644256591797
2002-07-18,105.52244567871094
2002-07-19,104.72944641113281
2002-07-22,101.16446685791016
2002-07-23,101.33446502685547
2002-07-24,97.14948272705078
2002-07-25,97.53748321533203
2002-07-26,100.69046783447266
2002-07-29,101.79745483398438
2002-07-30,103.44145202636719
2002-07-31,102.36445617675781
2002-08-01,105.8194351196289
2002-08-02,107.8154296875
2002-08-05,106.3944320678711
2002-08-06,105.99343872070312
2002-08-07,105.2264404296875
2002-08-08,105.9514389038086
2002-08-09,104.15544891357422
2002-08-12,101.88545989990234
2002-08-13,102.5164566040039
2002-08-14,100.38446807861328
2002-08-15,96.74748992919922
2002-08-16,99.21747589111328
2002-08-19,98.29547882080078
2002-08-20,96.62548828125
2002-08-21,96.30448913574219
2002-08-22,94.635498046875
2002-08-23,93.49750518798828
2002-08-26,93.64850616455078
2002-08-27,92.77250671386719
2002-08-28,93.94550323486328
2002-08-29,95.47249603271484
2002-09-02,93.88850402832031
2002-09-03,93.06950378417969
2002-09-04,94.69749450683594
2002-09-05,93.99850463867188
2002-09-06,96.53248596191406
2002-09-09,94.12150573730469
2002-09-10,90.08251953125
2002-09-11,92.68450927734375
2002-09-12,92.34251403808594
2002-09-13,92.49150848388672
2002-09-16,90.9325180053711
2002-09-17,92.24451446533203
2002-09-18,92.57450866699219
2002-09-19,92.63751220703125
2002-09-20,93.25050354003906
2002-09-23,92.82250213623047
2002-09-24,90.71952056884766
2002-09-25,91.19152069091797
2002-09-26,89.45252990722656
2002-09-27,88.78052520751953
2002-09-30,88.4215316772461
2002-10-01,90.57451629638672
2002-10-02,90.01152038574219
2002-10-03,88.9365234375
2002-10-04,89.32552337646484
2002-10-07,89.12452697753906
2002-10-08,88.09053802490234
2002-10-09,91.45551300048828
2002-10-10,93.20050048828125
2002-10-11,93.06950378417969
2002-10-14,90.29551696777344
2002-10-15,92.90950775146484
2002-10-16,91.89651489257812
2002-10-17,96.98948669433594
2002-10-18,99.0384750366211
2002-10-21,99.9744644165039
2002-10-22,101.37346649169922
2002-10-23,99.43547058105469
2002-10-24,103.8414535522461
2002-10-25,104.11744689941406
2002-10-28,104.37744140625
2002-10-30,101.38446807861328
2002-10-31,102.5184555053711
2002-11-01,102.17045593261719
2002-11-04,108.44342803955078
2002-11-05,119.47236633300781
2002-11-06,119.73336791992188
2002-11-07,134.72128295898438
2002-11-08,132.21730041503906
2002-11-11,127.73632049560547
2002-11-12,120.97435760498047
2002-11-13,124.17034149169922
2002-11-14,129.71031188964844
2002-11-15,135.97528076171875
2002-11-18,140.583251953125
2002-11-19,133.87828063964844
2002-11-20,132.91929626464844
2002-11-21,138.11026000976562
2002-11-22,135.01329040527344
2002-11-25,130.5283203125
2002-11-26,128.2423095703125
2002-11-27,130.36831665039062
2002-11-28,129.23731994628906
2002-11-29,133.0032958984375
2002-12-02,133.64129638671875
2002-12-03,132.2633056640625
2002-12-04,132.87229919433594
2002-12-09,127.0373306274414
2002-12-10,130.47731018066406
2002-12-11,127.17232513427734
2002-12-12,131.46730041503906
2002-12-13,130.4733123779297
2002-12-16,123.92434692382812
2002-12-17,115.10939025878906
2002-12-18,115.68839263916016
2002-12-19,111.25241088867188
2002-12-20,112.8644027709961
2002-12-23,107.0244369506836
2002-12-24,104.47444152832031
2002-12-25,108.83441925048828
2002-12-26,103.9664535522461
2002-12-27,104.63944244384766
2002-12-30,102.88044738769531
2002-12-31,103.69844818115234
2003-01-02,105.98543548583984
2003-01-03,108.37442779541016
2003-01-06,103.57244873046875
2003-01-07,97.52848052978516
2003-01-08,101.61145782470703
2003-01-09,102.25746154785156
2003-01-10,102.04045867919922
2003-01-13,104.12644958496094
2003-01-14,101.24846649169922
2003-01-15,102.80645751953125
2003-01-16,104.6784439086914
2003-01-17,103.48245239257812
2003-01-20,105.90243530273438
2003-01-21,105.70344543457031
2003-01-22,105.44644165039062
2003-01-23,108.81842041015625
2003-01-24,108.25843048095703
2003-01-27,109.31041717529297
2003-01-28,107.42842864990234
2003-01-29,107.25643157958984
2003-01-30,109.4564208984375
2003-01-31,110.31941223144531
2003-02-03,111.21941375732422
2003-02-04,106.58243560791016
2003-02-05,106.59843444824219
2003-02-06,109.21742248535156
2003-02-07,110.13741302490234
2003-02-17,113.02439880371094
2003-02-18,117.7543716430664
2003-02-19,116.07238006591797
2003-02-20,116.6923828125
2003-02-21,117.53937530517578
2003-02-24,113.92539978027344
2003-02-25,112.72640228271484
2003-02-26,112.91839599609375
2003-02-27,114.86738586425781
2003-02-28,115.74339294433594
2003-03-03,101.28846740722656
2003-03-04,106.16043853759766
2003-03-05,108.15442657470703
2003-03-06,108.41742706298828
2003-03-07,109.61241912841797
2003-03-10,108.17443084716797
2003-03-11,107.44642639160156
2003-03-12,106.14043426513672
2003-03-13,106.66543579101562
2003-03-14,106.04243469238281
2003-03-17,94.82849884033203
2003-03-18,105.81443786621094
2003-03-19,99.38147735595703
2003-03-20,96.44248962402344
2003-03-21,94.06550598144531
2003-03-24,88.92652893066406
2003-03-25,91.87850952148438
2003-03-26,94.08450317382812
2003-03-27,95.72248840332031
2003-03-28,96.31349182128906
2003-03-31,94.75049591064453
2003-04-01,97.73748016357422
2003-04-02,98.0484848022461
2003-04-03,101.53145599365234
2003-04-04,104.14945220947266
2003-04-07,107.42942810058594
2003-04-08,105.1284408569336
2003-04-09,108.86141967773438
2003-04-10,106.29643249511719
2003-04-11,105.65843963623047
2003-04-14,111.03340911865234
2003-04-15,111.68940734863281
2003-04-16,113.6594009399414
2003-04-17,112.19140625
2003-04-18,112.5394058227539
2003-04-21,115.04638671875
2003-04-22,114.05139923095703
2003-04-24,111.1954116821289
2003-04-25,113.41339874267578
2003-04-28,113.11039733886719
2003-04-29,114.36138916015625
2003-04-30,115.0993881225586
2003-05-01,114.6753921508789
2003-05-02,113.00640106201172
2003-05-05,111.12041473388672
2003-05-06,109.62841796875
2003-05-07,106.76243591308594
2003-05-08,107.83842468261719
2003-05-09,106.40343475341797
2003-05-12,107.12843322753906
2003-05-13,105.90643310546875
2003-05-14,103.93244934082031
2003-05-15,102.29345703125
2003-05-16,103.06245422363281
2003-05-20,104.26943969726562
2003-05-21,105.40843963623047
2003-05-22,106.9514389038086
2003-05-23,110.56241607666016
2003-05-26,111.25241088867188
2003-05-27,110.88841247558594
2003-05-28,114.3733901977539
2003-05-29,114.07039642333984
2003-05-30,113.81340026855469
2003-06-02,115.7923812866211
2003-06-03,113.46439361572266
2003-06-04,110.8464126586914
2003-06-05,111.2964096069336
2003-06-06,109.7334213256836
2003-06-09,108.27742767333984
2003-06-10,106.4464340209961
2003-06-11,105.9724349975586
2003-06-12,104.89144134521484
2003-06-13,107.13843536376953
2003-06-16,110.36640930175781
2003-06-17,111.69140625
2003-06-18,111.07440948486328
2003-06-19,109.02442169189453
2003-06-20,107.83842468261719
2003-06-23,107.47442626953125
2003-06-24,107.56742858886719
2003-06-25,107.40142822265625
2003-06-26,109.27742004394531
2003-06-27,109.81141662597656
2003-06-30,108.84342193603516
2003-07-01,107.49742889404297
2003-07-02,106.90843200683594
2003-07-03,107.26542663574219
2003-07-04,105.0284423828125
2003-07-07,103.51744842529297
2003-07-08,105.46844482421875
2003-07-09,103.64845275878906
2003-07-10,103.99645233154297
2003-07-11,104.54844665527344
2003-07-14,106.58743286132812
2003-07-15,109.18541717529297
2003-07-16,107.9134292602539
2003-07-17,107.5144271850586
2003-07-18,108.56842803955078
2003-07-21,108.27243041992188
2003-07-22,105.44444274902344
2003-07-23,104.63744354248047
2003-07-24,104.7514419555664
2003-07-25,105.61244201660156
2003-07-28,105.98243713378906
2003-07-29,104.78244018554688
2003-07-30,104.4494400024414
2003-07-31,105.71943664550781
2003-08-01,106.21143341064453
2003-08-04,111.12041473388672
2003-08-05,114.9983901977539
2003-08-06,113.11039733886719
2003-08-07,115.473388671875
2003-08-08,115.58438873291016
2003-08-11,117.62237548828125
2003-08-12,118.60037231445312
2003-08-13,119.16036987304688
2003-08-14,117.94837188720703
2003-08-15,118.77436828613281
2003-08-18,116.61138153076172
2003-08-19,116.88838195800781
2003-08-20,115.56938934326172
2003-08-21,118.4583740234375
2003-08-22,120.01036834716797
2003-08-25,117.97937774658203
2003-08-26,117.35137176513672
2003-08-27,116.23338317871094
2003-08-28,115.08938598632812
2003-08-29,116.11737823486328
2003-09-01,116.52738189697266
2003-09-02,116.3703842163086
2003-09-03,116.7173843383789
2003-09-04,116.3643798828125
2003-09-05,116.3173828125
2003-09-08,115.81238555908203
2003-09-09,119.46636962890625
2003-09-10,123.17634582519531
2003-09-11,125.0693359375
2003-09-12,127.15132904052734
2003-09-15,126.62432861328125
2003-09-16,130.04931640625
2003-09-17,129.58131408691406
2003-09-18,134.19227600097656
2003-09-19,136.63426208496094
2003-09-22,138.4492645263672
2003-09-23,140.3102569580078
2003-09-24,137.98226928710938
2003-09-25,139.35626220703125
2003-09-26,137.58726501464844
2003-09-29,132.5583038330078
2003-09-30,130.55831909179688
2003-10-01,134.4392852783203
2003-10-02,138.80426025390625
2003-10-03,142.10125732421875
2003-10-06,157.1961669921875
2003-10-07,154.826171875
2003-10-08,151.47718811035156
2003-10-09,149.0692138671875
2003-10-10,154.20516967773438
2003-10-13,150.64720153808594
2003-10-14,150.2292022705078
2003-10-15,153.82119750976562
2003-10-16,155.96717834472656
2003-10-17,153.8181915283203
2003-10-20,153.58619689941406
2003-10-21,155.95217895507812
2003-10-22,153.00318908691406
2003-10-23,148.29420471191406
2003-10-24,148.66220092773438
2003-10-27,145.647216796875
2003-10-28,146.73321533203125
2003-10-30,153.7961883544922
2003-10-31,157.5421600341797
2003-11-03,163.4111328125
2003-11-04,162.68212890625
2003-11-05,164.08212280273438
2003-11-06,155.36717224121094
2003-11-07,157.0801544189453
2003-11-10,155.28517150878906
2003-11-11,152.2401885986328
2003-11-12,157.71316528320312
2003-11-13,160.5651397705078
2003-11-14,160.80615234375
2003-11-17,156.8701629638672
2003-11-18,157.60415649414062
2003-11-19,157.80116271972656
2003-11-20,146.17422485351562
2003-12-01,160.0751495361328
2003-12-02,162.4191436767578
2003-12-03,163.89512634277344
2003-12-04,162.71812438964844
2003-12-05,165.04713439941406
2003-12-08,169.13209533691406
2003-12-09,168.60910034179688
2003-12-10,166.1461181640625
2003-12-11,165.51512145996094
2003-12-12,169.5511016845703
2003-12-15,174.0990753173828
2003-12-16,172.08409118652344
2003-12-17,172.3070831298828
2003-12-18,177.4230499267578
2003-12-19,182.06004333496094
2003-12-22,183.87503051757812
2003-12-23,182.41903686523438
2003-12-24,182.39804077148438
2003-12-25,176.43606567382812
2003-12-26,179.967041015625
2003-12-29,179.73805236816406
2003-12-30,182.9280242919922
2003-12-31,186.24900817871094
2004-01-02,191.47598266601562
2004-01-05,196.9649658203125
2004-01-06,190.13699340820312
2004-01-07,193.8269805908203
2004-01-08,194.0479736328125
2004-01-09,199.26394653320312
2004-01-12,195.5869598388672
2004-01-13,194.60195922851562
2004-01-14,188.1850128173828
2004-01-15,189.52099609375
2004-01-16,183.01101684570312
2004-01-19,177.8850555419922
2004-01-20,188.32701110839844
2004-01-21,188.99798583984375
2004-01-22,185.18002319335938
2004-01-26,183.56402587890625
2004-01-27,178.99404907226562
2004-01-28,179.01905822753906
2004-01-29,172.82208251953125
2004-01-30,172.5920867919922
2004-02-05,170.33709716796875
2004-02-06,169.6571044921875
2004-02-09,176.40907287597656
2004-02-10,174.18406677246094
2004-02-11,180.00204467773438
2004-02-12,188.8579864501953
2004-02-13,190.00399780273438
2004-02-16,193.2439727783203
2004-02-17,190.09999084472656
2004-02-18,194.7859649658203
2004-02-19,186.0590057373047
2004-02-20,186.03700256347656
2004-02-23,182.83901977539062
2004-02-24,184.9760284423828
2004-02-25,187.07000732421875
2004-02-26,187.7150115966797
2004-02-27,188.8909912109375
2004-03-01,187.86300659179688
2004-03-02,193.56497192382812
2004-03-03,191.7179718017578
2004-03-04,190.15399169921875
2004-03-05,191.65597534179688
2004-03-08,194.9529571533203
2004-03-09,194.8839569091797
2004-03-10,197.98695373535156
2004-03-11,193.81297302246094
2004-03-12,193.64297485351562
2004-03-15,195.2639617919922
2004-03-16,193.21498107910156
2004-03-17,192.94398498535156
2004-03-18,196.10995483398438
2004-03-19,200.2369384765625
2004-03-22,201.67092895507812
2004-03-23,201.85693359375
2004-03-24,203.47691345214844
2004-03-25,204.72491455078125
2004-03-26,208.35989379882812
2004-03-29,208.86888122558594
2004-03-30,200.30593872070312
2004-03-31,201.9069366455078
2004-04-01,203.22091674804688
2004-04-02,204.8489227294922
2004-04-05,203.30792236328125
2004-04-06,202.72793579101562
2004-04-07,200.39993286132812
2004-04-08,194.19696044921875
2004-04-09,195.05096435546875
2004-04-12,192.59397888183594
2004-04-13,191.04299926757812
2004-04-14,186.781005859375
2004-04-15,186.87400817871094
2004-04-16,192.69398498535156
2004-04-19,199.35594177246094
2004-04-20,195.27996826171875
2004-04-21,192.70297241210938
2004-04-22,194.31396484375
2004-04-26,185.864013671875
2004-04-27,182.1700439453125
2004-04-28,182.29603576660156
2004-04-29,177.3780517578125
2004-04-30,180.22604370117188
2004-05-03,176.78207397460938
2004-05-04,182.446044921875
2004-05-05,182.7230224609375
2004-05-06,176.2400665283203
2004-05-07,170.01910400390625
2004-05-10,168.07611083984375
2004-05-11,171.0240936279297
2004-05-12,171.4460906982422
2004-05-13,166.45811462402344
2004-05-14,165.3121337890625
2004-05-17,159.22315979003906
2004-05-18,161.2421417236328
2004-05-20,163.34112548828125
2004-05-21,166.287109375
2004-05-24,171.67308044433594
2004-05-25,167.9101104736328
2004-05-26,172.3540802001953
2004-05-27,171.6390838623047
2004-05-28,173.27809143066406
2004-05-31,170.8101043701172
2004-06-01,167.6671142578125
2004-06-02,168.67410278320312
2004-06-03,170.44309997558594
2004-06-04,177.0810546875
2004-06-07,180.20204162597656
2004-06-08,176.04006958007812
2004-06-09,176.1550750732422
2004-06-10,177.86305236816406
2004-06-11,176.64407348632812
2004-06-14,170.79710388183594
2004-06-15,172.3040771484375
2004-06-16,170.98910522460938
2004-06-17,169.0131072998047
2004-06-18,169.64010620117188
2004-06-21,167.85311889648438
2004-06-22,167.52711486816406
2004-06-23,168.19911193847656
2004-06-24,168.88510131835938
2004-06-25,173.55108642578125
2004-06-28,177.10305786132812
2004-06-29,177.3540496826172
2004-06-30,179.675048828125
2004-07-01,182.9020233154297
2004-07-02,184.16302490234375
2004-07-05,185.54701232910156
2004-07-06,182.3750457763672
2004-07-07,182.9660186767578
2004-07-08,180.76803588867188
2004-07-09,183.27001953125
2004-07-12,183.6830291748047
2004-07-13,184.92901611328125
2004-07-14,186.35101318359375
2004-07-15,189.66099548339844
2004-07-16,191.5719757080078
2004-07-19,189.44898986816406
2004-07-20,188.81199645996094
2004-07-21,187.79701232910156
2004-07-22,186.2860107421875
2004-07-23,189.0419921875
2004-07-26,186.4530029296875
2004-07-27,187.74501037597656
2004-07-28,190.18499755859375
2004-07-29,191.1129913330078
2004-07-30,193.8079833984375
2004-08-02,196.97996520996094
2004-08-03,194.27296447753906
2004-08-04,190.48399353027344
2004-08-05,193.4419708251953
2004-08-06,191.87498474121094
2004-08-09,192.47998046875
2004-08-10,193.9249725341797
2004-08-11,189.08499145507812
2004-08-12,187.75401306152344
2004-08-13,188.25900268554688
2004-08-16,188.32101440429688
2004-08-17,194.59596252441406
2004-08-18,192.6799774169922
2004-08-19,191.87698364257812
2004-08-20,192.8619842529297
2004-08-23,193.63597106933594
2004-08-24,196.6349639892578
2004-08-25,195.57896423339844
2004-08-26,195.7219696044922
2004-08-27,198.55194091796875
2004-08-31,202.1829376220703
2004-09-01,205.12091064453125
2004-09-02,205.25791931152344
2004-09-03,207.7489013671875
2004-09-06,208.51490783691406
2004-09-07,211.19088745117188
2004-09-08,214.68185424804688
2004-09-09,213.97886657714844
2004-09-10,210.03988647460938
2004-09-13,210.60089111328125
2004-09-14,217.05184936523438
2004-09-15,216.16384887695312
2004-09-16,217.04685974121094
2004-09-17,208.33090209960938
2004-09-20,203.73291015625
2004-09-21,211.92787170410156
2004-09-22,214.91285705566406
2004-09-23,222.7658233642578
2004-09-24,223.07281494140625
2004-09-27,220.82882690429688
2004-09-28,222.9368133544922
2004-09-29,222.1978302001953
2004-09-30,219.53384399414062
2004-10-01,217.22384643554688
2004-10-04,219.87583923339844
2004-10-05,216.1238555908203
2004-10-06,222.8698272705078
2004-10-07,224.32081604003906
2004-10-08,229.51278686523438
2004-10-11,227.87179565429688
2004-10-12,222.8978271484375
2004-10-13,226.29879760742188
2004-10-14,223.18780517578125
2004-10-15,224.76980590820312
2004-10-18,223.34181213378906
2004-10-19,225.5078125
2004-10-20,222.20681762695312
2004-10-21,222.01382446289062
2004-10-22,222.43882751464844
2004-10-25,219.07684326171875
2004-10-26,221.423828125
2004-10-27,225.6568145751953
2004-10-28,228.99777221679688
2004-11-01,228.57778930664062
2004-11-02,232.15476989746094
2004-11-03,234.37677001953125
2004-11-04,230.06378173828125
2004-11-05,232.15476989746094
2004-11-08,226.15879821777344
2004-11-09,225.44180297851562
2004-11-10,226.1787872314453
2004-11-11,221.86782836914062
2004-11-12,221.0458221435547
2004-11-17,225.66281127929688
2004-11-18,231.3247833251953
2004-11-19,231.76576232910156
2004-11-22,229.31277465820312
2004-11-23,234.72274780273438
2004-11-24,235.1617431640625
2004-11-25,234.6437530517578
2004-11-26,232.93077087402344
2004-11-29,227.9907989501953
2004-11-30,224.86080932617188
2004-12-01,225.60780334472656
2004-12-02,231.49978637695312
2004-12-03,230.07977294921875
2004-12-06,230.4937744140625
2004-12-07,230.75477600097656
2004-12-08,226.25279235839844
2004-12-09,226.79779052734375
2004-12-10,229.43577575683594
2004-12-13,236.3467559814453
2004-12-14,234.17776489257812
2004-12-15,232.89576721191406
2004-12-16,239.35073852539062
2004-12-17,243.60470581054688
2004-12-20,243.41270446777344
2004-12-21,240.44471740722656
2004-12-22,245.251708984375
2004-12-23,244.30670166015625
2004-12-24,245.37570190429688
2004-12-27,245.90670776367188
2004-12-28,249.35667419433594
2004-12-29,249.71566772460938
2005-01-03,254.45065307617188
2005-01-04,250.41867065429688
2005-01-05,244.2277069091797
2005-01-06,245.61770629882812
2005-01-07,253.08164978027344
2005-01-10,256.0456237792969
2005-01-11,261.1006164550781
2005-01-12,262.71160888671875
2005-01-13,264.9285888671875
2005-01-14,263.6256103515625
2005-01-17,268.63055419921875
2005-01-18,268.12957763671875
2005-01-19,269.1795654296875
2005-01-24,264.6925964355469
2005-01-25,268.59857177734375
2005-01-26,270.5585632324219
2005-01-27,273.02557373046875
2005-01-28,270.73956298828125
2005-01-31,273.3025207519531
2005-02-01,278.49652099609375
2005-02-02,279.3634948730469
2005-02-03,275.5465393066406
2005-02-04,278.1305236816406
2005-02-07,282.0155029296875
2005-02-08,282.69549560546875
2005-02-09,275.279541015625
2005-02-10,273.0865783691406
2005-02-11,277.3615417480469
2005-02-14,280.0345153808594
2005-02-15,281.6394958496094
2005-02-16,276.6145324707031
2005-02-17,270.0025634765625
2005-02-18,272.9305725097656
2005-02-21,268.6415710449219
2005-02-22,266.5726013183594
2005-02-23,269.2115783691406
2005-02-24,273.5445251464844
2005-02-25,280.3135070800781
2005-02-28,283.96051025390625
2005-03-01,277.68353271484375
2005-03-02,272.2625732421875
2005-03-03,275.5875244140625
2005-03-04,276.6305236816406
2005-03-07,277.89752197265625
2005-03-08,276.9815368652344
2005-03-09,277.4625244140625
2005-03-10,275.196533203125
2005-03-11,275.7265319824219
2005-03-14,269.3665771484375
2005-03-15,265.4705810546875
2005-03-16,253.31565856933594
2005-03-17,244.75869750976562
2005-03-18,253.48365783691406
2005-03-21,246.36569213867188
2005-03-22,252.1806640625
2005-03-23,244.39170837402344
2005-03-24,250.6836700439453
2005-03-25,255.02464294433594
2005-03-28,248.42068481445312
2005-03-29,244.7957000732422
2005-03-30,246.0076904296875
2005-03-31,255.57664489746094
2005-04-01,257.4066162109375
2005-04-04,254.4496612548828
2005-04-05,256.8236389160156
2005-04-06,260.56463623046875
2005-04-07,258.3106384277344
2005-04-08,257.8636169433594
2005-04-11,253.70166015625
2005-04-12,250.77867126464844
2005-04-13,252.9306640625
2005-04-14,245.418701171875
2005-04-15,238.53173828125
2005-04-18,232.85775756835938
2005-04-19,241.43771362304688
2005-04-20,241.75772094726562
2005-04-21,244.1927032470703
2005-04-22,247.3066864013672
2005-04-25,247.9796905517578
2005-04-26,244.8386993408203
2005-04-27,240.69972229003906
2005-04-28,235.1947479248047
2005-04-29,235.9147491455078
2005-05-02,242.52871704101562
2005-05-03,241.37771606445312
2005-05-04,245.6007080078125
2005-05-05,250.99766540527344
2005-05-06,249.5066680908203
2005-05-09,247.02069091796875
2005-05-10,246.88168334960938
2005-05-11,246.627685546875
2005-05-12,251.14266967773438
2005-05-13,253.2556610107422
2005-05-16,249.211669921875
2005-05-17,248.45968627929688
2005-05-18,252.05364990234375
2005-05-20,254.64764404296875
2005-05-23,243.28970336914062
2005-05-24,241.40771484375
2005-05-25,241.19671630859375
2005-05-26,240.5397186279297
2005-05-27,244.5297088623047
2005-05-30,249.77667236328125
2005-05-31,252.36366271972656
2005-06-01,252.30665588378906
2005-06-02,257.9896240234375
2005-06-03,260.5146179199219
2005-06-06,255.3296356201172
2005-06-07,254.7786407470703
2005-06-08,257.796630859375
2005-06-09,254.99864196777344
2005-06-10,257.2506408691406
2005-06-13,256.0986328125
2005-06-14,259.2976379394531
2005-06-15,262.09259033203125
2005-06-16,265.79559326171875
2005-06-17,265.2915954589844
2005-06-20,267.0906066894531
2005-06-21,267.46258544921875
2005-06-22,267.79156494140625
2005-06-23,270.21356201171875
2005-06-24,270.33258056640625
2005-06-27,265.9765930175781
2005-06-28,268.1125793457031
2005-06-29,271.3575744628906
2005-06-30,269.5715637207031
2005-07-01,276.16754150390625
2005-07-04,277.02154541015625
2005-07-05,273.7745361328125
2005-07-06,277.8125305175781
2005-07-07,276.8935241699219
2005-07-08,278.42254638671875
2005-07-11,278.07952880859375
2005-07-12,276.8905334472656
2005-07-13,280.61749267578125
2005-07-14,285.0074768066406
2005-07-15,284.2715148925781
2005-07-18,284.0255126953125
2005-07-19,286.7524719238281
2005-07-20,287.13348388671875
2005-07-21,289.9194641113281
2005-07-22,291.87945556640625
2005-07-25,292.7314453125
2005-07-26,287.30548095703125
2005-07-27,291.6464538574219
2005-07-28,293.4284362792969
2005-07-29,296.1514587402344
2005-08-01,297.7654113769531
2005-08-02,295.4334411621094
2005-08-03,297.2694091796875
2005-08-04,301.2344055175781
2005-08-05,299.4524230957031
2005-08-08,299.24639892578125
2005-08-09,297.0084228515625
2005-08-10,296.8304138183594
2005-08-11,291.116455078125
2005-08-12,281.75750732421875
2005-08-15,280.74749755859375
2005-08-16,282.57550048828125
2005-08-17,279.0614929199219
2005-08-18,279.9985046386719
2005-08-19,284.5675048828125
2005-08-22,289.5124816894531
2005-08-23,291.9144287109375
2005-08-24,293.7204284667969
2005-08-25,298.1404113769531
2005-08-26,300.2024230957031
2005-08-29,300.1494140625
2005-08-31,309.0783386230469
2005-09-01,319.4783020019531
2005-09-02,317.0143127441406
2005-09-05,318.7933349609375
2005-09-06,318.3233337402344
2005-09-07,313.84832763671875
2005-09-08,314.8523254394531
2005-09-09,322.0252990722656
2005-09-12,327.1092529296875
2005-09-13,325.4092712402344
2005-09-14,326.322265625
2005-09-15,332.709228515625
2005-09-16,332.94122314453125
2005-09-19,332.2102355957031
2005-09-20,337.1911926269531
2005-09-21,338.6361999511719
2005-09-22,334.65423583984375
2005-09-23,332.50323486328125
2005-09-26,335.1582336425781
2005-09-27,333.1902160644531
2005-09-28,327.4482727050781
2005-09-29,333.9602355957031
2005-09-30,333.3302307128906
2005-10-03,343.0071716308594
2005-10-04,356.24609375
2005-10-05,347.7551574707031
2005-10-06,335.10223388671875
2005-10-07,334.13421630859375
2005-10-10,335.0582275390625
2005-10-11,340.40020751953125
2005-10-12,331.1822204589844
2005-10-13,320.5412902832031
2005-10-14,314.3983154296875
2005-10-17,318.50531005859375
2005-10-18,315.8663330078125
2005-10-19,307.6653747558594
2005-10-20,314.0373229980469
2005-10-21,314.2843322753906
2005-10-24,318.455322265625
2005-10-25,316.6983337402344
2005-10-26,314.7423095703125
2005-10-27,312.7313537597656
2005-10-28,310.38336181640625
2005-10-31,319.6383056640625
2005-11-01,327.91827392578125
2005-11-02,331.51922607421875
2005-11-07,338.2991943359375
2005-11-08,337.4921875
2005-11-09,338.481201171875
2005-11-10,347.09515380859375
2005-11-11,340.9612121582031
2005-11-14,341.71319580078125
2005-11-15,343.2381591796875
2005-11-16,348.66412353515625
2005-11-17,351.2711486816406
2005-11-18,353.1411437988281
2005-11-21,356.548095703125
2005-11-22,352.53912353515625
2005-11-23,361.79107666015625
2005-11-24,369.0760498046875
2005-11-25,367.5970458984375
2005-11-28,366.2130432128906
2005-11-29,374.95001220703125
2005-11-30,380.8849792480469
2005-12-01,382.9669494628906
2005-12-02,385.7349548339844
2005-12-05,391.304931640625
2005-12-06,389.1759338378906
2005-12-07,384.4139404296875
2005-12-08,385.8759460449219
2005-12-09,374.96002197265625
2005-12-12,382.0199890136719
2005-12-13,377.41497802734375
2005-12-14,378.7039794921875
2005-12-15,376.31402587890625
2005-12-16,377.16497802734375
2005-12-19,379.5989990234375
2005-12-20,377.2919921875
2005-12-21,382.0999755859375
2005-12-22,383.5289611816406
2005-12-23,389.19293212890625
2005-12-26,391.388916015625
2005-12-27,390.15692138671875
2005-12-28,392.1999206542969
2005-12-29,398.3708801269531
2005-12-30,397.77490234375
2006-01-02,397.9049072265625
2006-01-03,406.6518249511719
2006-01-04,413.622802734375
2006-01-05,417.2217712402344
2006-01-06,419.0517578125
2006-01-16,436.2856750488281
2006-01-17,440.76666259765625
2006-01-18,426.22674560546875
2006-01-19,436.4496765136719
2006-01-20,444.6546630859375
2006-01-23,438.5116882324219
2006-01-24,444.3426513671875
2006-01-25,457.4595642089844
2006-01-26,457.83856201171875
2006-01-27,453.14959716796875
2006-01-30,448.9106140136719
2006-01-31,445.8996276855469
2006-02-01,452.50457763671875
2006-02-02,448.4076232910156
2006-02-03,442.27764892578125
2006-02-06,448.5536193847656
2006-02-07,446.5276184082031
2006-02-08,438.4246826171875
2006-02-09,441.1726379394531
2006-02-10,447.72662353515625
2006-02-13,440.4606628417969
2006-02-14,435.07269287109375
2006-02-15,438.0376892089844
2006-02-16,453.610595703125
2006-02-17,462.4405517578125
2006-02-20,466.8875427246094
2006-02-21,467.1065368652344
2006-02-22,462.65155029296875
2006-02-23,465.5335388183594
2006-02-24,468.3785400390625
2006-02-27,477.282470703125
2006-02-28,470.156494140625
2006-03-01,474.9274597167969
2006-03-02,468.9054870605469
2006-03-03,463.6595153808594
2006-03-06,459.96856689453125
2006-03-07,438.89569091796875
2006-03-08,423.4017333984375
2006-03-09,428.6317138671875
2006-03-10,425.21673583984375
2006-03-13,443.4576416015625
2006-03-14,429.064697265625
2006-03-15,432.3647155761719
2006-03-16,440.5106506347656
2006-03-17,446.8786315917969
2006-03-20,444.2606506347656
2006-03-21,443.99163818359375
2006-03-22,443.28564453125
2006-03-23,445.3096618652344
2006-03-24,432.7367248535156
2006-03-27,427.1027526855469
2006-03-28,417.41876220703125
2006-03-29,425.0677490234375
2006-03-30,429.4147033691406
2006-03-31,429.1107177734375
2006-04-03,440.2816467285156
2006-04-04,440.7066650390625
2006-04-05,440.8836364746094
2006-04-06,437.1036682128906
2006-04-07,442.83966064453125
2006-04-10,430.99072265625
2006-04-11,428.9007263183594
2006-04-12,425.0477294921875
2006-04-13,419.1907653808594
2006-04-14,422.1177673339844
2006-04-17,418.6047668457031
2006-04-18,428.6466979980469
2006-04-19,437.32269287109375
2006-04-20,438.7256774902344
2006-04-21,450.7566223144531
2006-04-24,452.7815856933594
2006-04-25,453.5225830078125
2006-04-26,447.4526062011719
2006-04-27,437.5176696777344
2006-04-28,438.8016662597656
2006-05-01,440.3016357421875
2006-05-02,444.1336364746094
2006-05-03,446.4756164550781
2006-05-04,442.51165771484375
2006-05-05,442.1256408691406
2006-05-08,447.1266174316406
2006-05-09,445.6306457519531
2006-05-10,435.9876708984375
2006-05-11,437.1296691894531
2006-05-12,419.7057800292969
2006-05-15,402.68487548828125
2006-05-16,410.4388427734375
2006-05-17,404.3898620605469
2006-05-18,396.4349060058594
2006-05-22,363.5090637207031
2006-05-23,372.35302734375
2006-05-24,361.00506591796875
2006-05-25,367.300048828125
2006-05-26,385.9329528808594
2006-05-29,389.08392333984375
2006-05-30,378.6059875488281
2006-05-31,381.3199768066406
2006-06-01,383.949951171875
2006-06-02,392.8559265136719
2006-06-05,379.63800048828125
2006-06-06,374.64202880859375
2006-06-07,367.09405517578125
2006-06-08,353.3851318359375
2006-06-09,348.024169921875
2006-06-12,343.3011779785156
2006-06-13,323.84228515625
2006-06-14,328.9952697753906
2006-06-15,336.272216796875
2006-06-16,340.47821044921875
2006-06-19,348.07513427734375
2006-06-20,346.0121765136719
2006-06-21,337.6181945800781
2006-06-22,342.2882080078125
2006-06-23,331.32122802734375
2006-06-26,319.5043029785156
2006-06-27,324.7023010253906
2006-06-28,332.0692443847656
2006-06-29,340.3092041015625
2006-06-30,354.5310974121094
2006-07-03,354.5631103515625
2006-07-04,364.8100891113281
2006-07-05,353.8481140136719
2006-07-06,356.985107421875
2006-07-07,362.02008056640625
2006-07-10,361.4820861816406
2006-07-11,359.55609130859375
2006-07-12,358.1531066894531
2006-07-13,350.1031494140625
2006-07-14,338.315185546875
2006-07-17,327.0272521972656
2006-07-18,336.17822265625
2006-07-19,335.542236328125
2006-07-20,353.1081237792969
2006-07-21,349.8861389160156
2006-07-24,349.588134765625
2006-07-25,352.64215087890625
2006-07-26,359.84307861328125
2006-07-27,367.4710388183594
2006-07-28,361.01708984375
2006-07-31,360.67706298828125
2006-08-01,357.4261169433594
2006-08-02,357.214111328125
2006-08-03,352.62713623046875
2006-08-04,361.5940856933594
2006-08-07,359.6730651855469
2006-08-08,365.3560485839844
2006-08-09,375.6310119628906
2006-08-10,373.8910217285156
2006-08-11,374.17901611328125
2006-08-14,376.30902099609375
2006-08-15,378.06298828125
2006-08-16,384.33197021484375
2006-08-17,378.8509826660156
2006-08-18,373.84600830078125
2006-08-21,371.6470031738281
2006-08-22,371.3060302734375
2006-08-23,371.21600341796875
2006-08-24,366.5120544433594
2006-08-25,368.61505126953125
2006-08-28,366.86505126953125
2006-08-29,368.97003173828125
2006-08-31,372.8570251464844
2006-09-01,374.1470031738281
2006-09-04,381.38897705078125
2006-09-05,381.7979736328125
2006-09-06,376.8949890136719
2006-09-07,374.5680236816406
2006-09-08,373.718017578125
2006-09-11,371.7240295410156
2006-09-12,376.2430114746094
2006-09-13,377.7439880371094
2006-09-14,374.7850036621094
2006-09-15,381.4369812011719
2006-09-18,382.4570007324219
2006-09-19,383.4489440917969
2006-09-20,382.7479553222656
2006-09-21,377.9059753417969
2006-09-22,363.8980712890625
2006-09-25,360.840087890625
2006-09-26,364.32208251953125
2006-09-27,368.18505859375
2006-09-28,372.6800231933594
2006-09-29,369.2470397949219
2006-10-02,369.8370361328125
2006-10-03,368.3020324707031
2006-10-04,363.89508056640625
2006-10-05,369.17205810546875
2006-10-06,367.3740539550781
2006-10-09,368.8570556640625
2006-10-10,374.4900207519531
2006-10-11,376.6020202636719
2006-10-12,383.1669616699219
2006-10-13,384.85894775390625
2006-10-16,389.9779357910156
2006-10-17,384.5659484863281
2006-10-18,397.4358825683594
2006-10-19,398.2369079589844
2006-10-20,396.4358825683594
2006-10-26,405.9088439941406
2006-10-27,406.8308410644531
2006-10-30,400.8118591308594
2006-10-31,405.8208312988281
2006-11-01,406.01483154296875
2006-11-02,395.03887939453125
2006-11-03,393.0689392089844
2006-11-06,396.75689697265625
2006-11-07,401.6348571777344
2006-11-08,397.3648986816406
2006-11-09,398.9068908691406
2006-11-10,396.2698974609375
2006-11-13,390.3009338378906
2006-11-14,396.54888916015625
2006-11-15,396.53887939453125
2006-11-16,392.6789245605469
2006-11-17,384.3259582519531
2006-11-20,383.4639587402344
2006-11-21,385.0089416503906
2006-11-22,377.333984375
2006-11-23,380.76898193359375
2006-11-24,375.81903076171875
2006-11-27,382.38397216796875
2006-11-28,371.8360290527344
2006-11-29,380.6669921875
2006-11-30,381.6829833984375
2006-12-01,381.9629821777344
2006-12-04,376.5450134277344
2006-12-05,381.62799072265625
2006-12-06,381.8459777832031
2006-12-07,398.5758972167969
2006-12-08,393.2029113769531
2006-12-11,394.61688232421875
2006-12-12,392.1279296875
2006-12-13,388.7469177246094
2006-12-14,395.951904296875
2006-12-15,402.0458679199219
2006-12-18,398.3229064941406
2006-12-19,390.70892333984375
2006-12-20,389.9649353027344
2006-12-21,390.8279113769531
2006-12-22,391.7999267578125
2006-12-25,387.05194091796875
2006-12-26,387.6639404296875
2006-12-27,386.10394287109375
2006-12-28,391.3799133300781
2006-12-29,391.17291259765625
2007-01-05,384.3499450683594
2007-01-08,378.3190002441406
2007-01-09,370.82904052734375
2007-01-10,366.29705810546875
2007-01-11,376.4020080566406
2007-01-12,381.3799743652344
2007-01-15,390.42791748046875
2007-01-16,388.8829345703125
2007-01-17,392.1789245605469
2007-01-18,402.56085205078125
2007-01-19,402.00885009765625
2007-01-22,412.4678039550781
2007-01-23,412.4988098144531
2007-01-24,420.352783203125
2007-01-25,421.2247619628906
2007-01-26,418.4617614746094
2007-01-29,413.9718017578125
2007-01-31,411.82379150390625
2007-02-01,423.0177307128906
2007-02-02,431.1227111816406
2007-02-05,427.00274658203125
2007-02-06,425.0117492675781
2007-02-07,420.9877624511719
2007-02-08,416.4497985839844
2007-02-09,421.852783203125
2007-02-12,420.25677490234375
2007-02-13,425.51373291015625
2007-02-14,432.5606994628906
2007-02-15,438.1346740722656
2007-02-16,436.35968017578125
2007-02-19,442.5266418457031
2007-02-20,440.6126403808594
2007-02-21,428.8836975097656
2007-02-22,438.2886657714844
2007-02-23,435.9146728515625
2007-02-26,437.3656921386719
2007-02-27,417.7377624511719
2007-02-28,414.30780029296875
2007-03-01,395.8798828125
2007-03-02,405.5008544921875
2007-03-05,397.2919006347656
2007-03-06,402.3058776855469
2007-03-07,404.0628662109375
2007-03-08,414.0668029785156
2007-03-09,420.5607604980469
2007-03-12,419.78076171875
2007-03-13,416.6578063964844
2007-03-14,405.0168762207031
2007-03-15,411.9497985839844
2007-03-16,418.1957702636719
2007-03-19,419.2197570800781
2007-03-20,418.1747741699219
2007-03-21,424.1917419433594
2007-03-22,432.3957214355469
2007-03-23,434.084716796875
2007-03-26,432.6336975097656
2007-03-27,430.9687194824219
2007-03-28,430.792724609375
2007-03-29,436.65966796875
2007-03-30,436.6086730957031
2007-04-02,435.419677734375
2007-04-03,443.09063720703125
2007-04-04,446.6046142578125
2007-04-05,457.1385803222656
2007-04-06,458.4495544433594
2007-04-09,458.8895568847656
2007-04-10,453.3955993652344
2007-04-11,461.0555725097656
2007-04-12,455.6585998535156
2007-04-13,460.4395446777344
2007-04-16,466.9685363769531
2007-04-17,466.2125244140625
2007-04-18,456.33758544921875
2007-04-19,463.07855224609375
2007-04-20,473.5555114746094
2007-04-24,470.146484375
2007-04-25,480.324462890625
2007-04-26,478.2584533691406
2007-04-27,468.61053466796875
2007-04-30,449.8426208496094
2007-05-02,442.55865478515625
2007-05-03,450.7746276855469
2007-05-04,448.1786193847656
2007-05-07,446.8086242675781
2007-05-08,447.07061767578125
2007-05-09,451.0246276855469
2007-05-10,450.5536193847656
2007-05-11,448.20562744140625
2007-05-14,451.41961669921875
2007-05-15,448.974609375
2007-05-16,455.39459228515625
2007-05-17,458.5975646972656
2007-05-18,460.7305603027344
2007-05-21,462.08856201171875
2007-05-22,463.68951416015625
2007-05-23,464.2445373535156
2007-05-24,462.3685607910156
2007-05-25,461.9405517578125
2007-05-28,469.2755126953125
2007-05-29,470.0274963378906
2007-05-30,462.74456787109375
2007-05-31,470.8125
2007-06-01,464.8985290527344
2007-06-04,461.1085510253906
2007-06-05,464.5135192871094
2007-06-06,458.6075439453125
2007-06-07,448.4366149902344
2007-06-08,443.3216552734375
2007-06-11,448.93463134765625
2007-06-12,443.7176513671875
2007-06-13,446.2926330566406
2007-06-14,446.75262451171875
2007-06-15,459.7155456542969
2007-06-18,463.67352294921875
2007-06-19,462.3155517578125
2007-06-20,462.5095520019531
2007-06-21,459.52154541015625
2007-06-22,457.048583984375
2007-06-25,454.1685791015625
2007-06-26,460.09857177734375
2007-06-27,451.6156005859375
2007-06-28,461.8115539550781
2007-06-29,470.93450927734375
2007-07-02,477.3024597167969
2007-07-03,486.8004150390625
2007-07-04,494.7603759765625
2007-07-05,498.49835205078125
2007-07-06,498.9503479003906
2007-07-09,512.8162231445312
2007-07-10,505.57330322265625
2007-07-11,500.5523376464844
2007-07-12,520.0552368164062
2007-07-13,520.8642578125
2007-07-16,517.7412719726562
2007-07-17,516.4352416992188
2007-07-18,511.1172790527344
2007-07-19,533.2501831054688
2007-07-20,529.3551635742188
2007-07-23,556.2510986328125
2007-07-24,549.3040771484375
2007-07-25,548.3160400390625
2007-07-26,525.1212158203125
2007-07-27,515.6162719726562
2007-07-30,514.5892333984375
2007-07-31,528.2462158203125
2007-08-01,512.990234375
2007-08-02,513.9332275390625
2007-08-03,507.16131591796875
2007-08-06,504.29632568359375
2007-08-07,507.0793151855469
2007-08-08,520.7032470703125
2007-08-09,499.7453308105469
2007-08-10,491.8614196777344
2007-08-13,502.72235107421875
2007-08-14,498.80633544921875
2007-08-15,477.1384582519531
2007-08-16,444.73065185546875
2007-08-17,465.76654052734375
2007-08-20,461.4855651855469
2007-08-21,452.6475830078125
2007-08-22,468.8175354003906
2007-08-23,473.88348388671875
2007-08-24,468.2375183105469
2007-08-27,479.1414794921875
2007-08-28,477.50445556640625
2007-08-29,480.8194274902344
2007-08-31,501.98333740234375
2007-09-03,499.3663330078125
2007-09-04,500.3233337402344
2007-09-05,494.21136474609375
2007-09-06,496.0113830566406
2007-09-07,490.50140380859375
2007-09-10,485.4864501953125
2007-09-11,492.9593811035156
2007-09-12,492.328369140625
2007-09-13,496.8023681640625
2007-09-14,506.2063293457031
2007-09-17,505.3623046875
2007-09-18,505.0063171386719
2007-09-19,538.838134765625
2007-09-20,535.4281616210938
2007-09-21,538.818115234375
2007-09-24,535.8041381835938
2007-09-25,528.92919921875
2007-09-26,542.4551391601562
2007-09-27,543.8991088867188
2007-09-28,540.4391479492188
2007-10-01,541.9771118164062
2007-10-02,547.330078125
2007-10-03,541.6461181640625
2007-10-04,549.1560668945312
2007-10-05,567.927001953125
2007-10-08,562.7880249023438
2007-10-09,579.1029663085938
2007-10-10,574.1769409179688
2007-10-11,580.5309448242188
2007-10-17,579.31591796875
2007-10-18,562.6790161132812
2007-10-19,562.0919799804688
2007-10-22,539.6951293945312
2007-10-23,557.51904296875
2007-10-24,556.3860473632812
2007-10-25,557.2830810546875
2007-10-26,564.4630126953125
2007-10-30,567.739990234375
2007-10-31,576.1539306640625
2007-11-01,573.7099609375
2007-11-02,568.5480346679688
2007-11-05,560.6400146484375
2007-11-06,569.0570068359375
2007-11-07,560.760986328125
2007-11-08,551.6050415039062
2007-11-09,536.8881225585938
2007-11-12,540.837158203125
2007-11-13,547.1870727539062
2007-11-14,556.6460571289062
2007-11-15,547.4270629882812
2007-11-16,543.0421142578125
2007-11-19,532.626220703125
2007-11-20,535.775146484375
2007-11-21,526.1531982421875
2007-11-22,521.990234375
2007-11-23,523.3102416992188
2007-11-26,526.8222045898438
2007-11-27,514.520263671875
2007-11-28,532.0252075195312
2007-11-29,531.8092041015625
2007-11-30,542.1351318359375
2007-12-03,543.1971435546875
2007-12-04,540.130126953125
2007-12-05,555.2090454101562
2007-12-06,561.8660278320312
2007-12-07,564.9030151367188
2007-12-10,565.1829833984375
2007-12-11,562.7100219726562
2007-12-12,567.6589965820312
2007-12-13,552.3870849609375
2007-12-14,549.1140747070312
2007-12-17,536.0311279296875
2007-12-18,542.233154296875
2007-12-19,538.4711303710938
2007-12-24,555.10205078125
2007-12-25,553.8040771484375
2007-12-26,553.7290649414062
2007-12-27,552.3270874023438
2007-12-28,556.9810791015625
2007-12-31,555.3780517578125
2008-01-02,547.0810546875
2008-01-03,535.41015625
2008-01-04,525.2962036132812
2008-01-07,525.6921997070312
2008-01-08,532.356201171875
2008-01-09,527.30419921875
2008-01-10,523.5072021484375
2008-01-11,519.2032470703125
2008-01-14,514.8062744140625
2008-01-15,503.77032470703125
2008-01-16,490.9353942871094
2008-01-17,489.0254211425781
2008-01-18,486.5724182128906
2008-01-21,455.4385986328125
2008-01-22,445.93463134765625
2008-01-23,425.3927307128906
2008-01-24,450.1046142578125
2008-01-25,454.9695739746094
2008-01-28,437.0646667480469
2008-01-29,445.7246398925781
2008-01-30,443.0416564941406
2008-01-31,426.9737548828125
2008-02-01,444.5186462402344
2008-02-04,457.19659423828125
2008-02-05,443.5056457519531
2008-02-06,433.1726989746094
2008-02-07,418.6617736816406
2008-02-08,419.5767822265625
2008-02-11,413.4258117675781
2008-02-12,435.39666748046875
2008-02-13,447.5226135253906
2008-02-14,454.9346008300781
2008-02-15,443.0506591796875
2008-02-18,457.41455078125
2008-02-19,462.4905700683594
2008-02-20,458.7645568847656
2008-02-21,464.4635314941406
2008-02-22,455.9225769042969
2008-02-25,448.9476318359375
2008-02-26,455.2425842285156
2008-02-27,462.6005554199219
2008-02-28,458.2305603027344
2008-02-29,447.7666320800781
2008-03-03,433.4337158203125
2008-03-04,429.22772216796875
2008-03-05,434.67767333984375
2008-03-06,425.23675537109375
2008-03-07,415.36981201171875
2008-03-10,415.3468017578125
2008-03-11,433.1777038574219
2008-03-12,442.4796447753906
2008-03-13,424.21673583984375
2008-03-14,425.85675048828125
2008-03-17,394.0918884277344
2008-03-18,407.2008361816406
2008-03-19,409.0678405761719
2008-03-20,398.47589111328125
2008-03-21,397.18890380859375
2008-03-24,411.4338073730469
2008-03-25,409.9218444824219
2008-03-26,406.58282470703125
2008-03-27,406.3468322753906
2008-03-28,395.0098876953125
2008-03-31,390.15191650390625
2008-04-01,406.7398376464844
2008-04-02,409.8498229980469
2008-04-03,401.598876953125
2008-04-04,413.62481689453125
2008-04-07,422.769775390625
2008-04-08,421.69976806640625
2008-04-09,429.0027160644531
2008-04-10,420.9627685546875
2008-04-11,419.79876708984375
2008-04-14,417.47076416015625
2008-04-15,415.83880615234375
2008-04-16,415.55780029296875
2008-04-17,416.01580810546875
2008-04-18,426.40875244140625
2008-04-21,430.64971923828125
2008-04-22,428.2747497558594
2008-04-24,431.9007263183594
2008-04-25,435.9356689453125
2008-04-28,436.1376953125
2008-04-29,430.542724609375
2008-04-30,434.6786804199219
2008-05-01,426.6417541503906
2008-05-02,434.2567138671875
2008-05-05,434.5766906738281
2008-05-06,428.959716796875
2008-05-07,432.72271728515625
2008-05-08,423.10174560546875
2008-05-09,420.3447570800781
2008-05-12,416.3828125
2008-05-13,418.30877685546875
2008-05-14,425.2247314453125
2008-05-15,426.23974609375
2008-05-16,424.9857482910156
2008-05-20,412.9627990722656
2008-05-21,410.11083984375
2008-05-22,407.5228271484375
2008-05-23,399.6078796386719
2008-05-26,394.39190673828125
2008-05-27,401.890869140625
2008-05-28,393.846923828125
2008-05-29,390.8629150390625
2008-05-30,399.69390869140625
2008-06-02,401.2098693847656
2008-06-03,404.5148620605469
2008-06-04,398.31890869140625
2008-06-05,404.63787841796875
2008-06-06,396.452880859375
2008-06-09,390.61492919921875
2008-06-10,386.5489501953125
2008-06-11,382.3819885253906
2008-06-12,385.9339599609375
2008-06-13,382.9549560546875
2008-06-16,384.6539611816406
2008-06-17,387.23895263671875
2008-06-18,381.3659973144531
2008-06-19,380.0679931640625
2008-06-20,379.1269836425781
2008-06-23,375.83502197265625
2008-06-24,372.75701904296875
2008-06-25,375.7240295410156
2008-06-26,365.7880554199219
2008-06-27,358.2921142578125
2008-06-30,350.89312744140625
2008-07-01,332.0802307128906
2008-07-02,335.6622314453125
2008-07-03,339.1961975097656
2008-07-04,343.0021667480469
2008-07-07,350.09814453125
2008-07-08,348.94512939453125
2008-07-09,356.0310974121094
2008-07-10,355.7441101074219
2008-07-11,350.0631408691406
2008-07-14,358.2611083984375
2008-07-15,352.5481262207031
2008-07-16,363.7420654296875
2008-07-17,376.95098876953125
2008-07-18,379.4639892578125
2008-07-21,387.03594970703125
2008-07-22,376.1600036621094
2008-07-23,385.553955078125
2008-07-24,389.4419250488281
2008-07-25,375.5680236816406
2008-07-28,381.2070007324219
2008-07-29,391.534912109375
2008-07-30,413.4208068847656
2008-07-31,422.0057678222656
2008-08-01,429.8446960449219
2008-08-04,432.5917053222656
2008-08-05,422.3757629394531
2008-08-06,420.75677490234375
2008-08-07,416.2748107910156
2008-08-08,409.496826171875
2008-08-11,417.3307800292969
2008-08-12,414.6158142089844
2008-08-13,412.53680419921875
2008-08-14,417.102783203125
2008-08-15,421.9417724609375
2008-08-18,419.4667663574219
2008-08-19,404.8788757324219
2008-08-20,398.01190185546875
2008-08-21,395.69390869140625
2008-08-22,408.9408264160156
2008-08-25,406.912841796875
2008-08-26,400.9728698730469
2008-08-27,395.7579040527344
2008-08-28,401.49786376953125
2008-08-29,398.4429016113281
2008-09-01,394.5658874511719
2008-09-02,404.3688659667969
2008-09-03,403.2828674316406
2008-09-04,395.5618896484375
2008-09-05,391.1539306640625
2008-09-08,405.1688537597656
2008-09-09,401.2438659667969
2008-09-10,392.94793701171875
2008-09-11,373.8790283203125
2008-09-12,370.3370361328125
2008-09-15,350.8121337890625
2008-09-16,337.3622131347656
2008-09-17,327.2742614746094
2008-09-18,322.16229248046875
2008-09-19,363.7000732421875
2008-09-22,361.8340759277344
2008-09-23,354.54010009765625
2008-09-24,351.7691345214844
2008-09-25,363.6160888671875
2008-09-26,365.5640563964844
2008-09-29,360.5110778808594
2008-10-03,345.5281677246094
2008-10-06,315.7453308105469
2008-10-07,315.6173095703125
2008-10-08,307.7243957519531
2008-10-09,308.78533935546875
2008-10-10,284.9574890136719
2008-10-13,289.6174621582031
2008-10-14,305.3603820800781
2008-10-15,294.4354553222656
2008-10-16,276.0055236816406
2008-10-17,258.70062255859375
2008-10-20,267.6345520019531
2008-10-21,267.2315979003906
2008-10-22,256.24163818359375
2008-10-23,250.40667724609375
2008-10-24,241.76571655273438
2008-10-27,243.36570739746094
2008-10-28,248.95066833496094
2008-10-30,267.3335876464844
2008-10-31,278.3275451660156
2008-11-03,279.8755187988281
2008-11-04,293.43243408203125
2008-11-05,278.5575256347656
2008-11-06,273.73553466796875
2008-11-07,266.4805908203125
2008-11-10,267.9775695800781
2008-11-11,258.890625
2008-11-12,253.4236602783203
2008-11-13,250.99867248535156
2008-11-14,254.2516632080078
2008-11-17,240.46371459960938
2008-11-18,234.9497528076172
2008-11-19,219.29183959960938
2008-11-20,212.28187561035156
2008-11-21,219.65884399414062
2008-11-24,241.36871337890625
2008-11-25,244.2447052001953
2008-11-26,244.08470153808594
2008-11-27,253.83265686035156
2008-11-28,257.14862060546875
2008-12-01,243.3166961669922
2008-12-02,244.2537078857422
2008-12-03,239.36573791503906
2008-12-04,246.7086944580078
2008-12-05,240.34571838378906
2008-12-12,249.36767578125
2008-12-15,255.983642578125
2008-12-16,263.95660400390625
2008-12-17,267.6495666503906
2008-12-18,263.9535827636719
2008-12-19,262.0525817871094
2008-12-22,261.98858642578125
2008-12-23,262.9405822753906
2008-12-24,260.5486145019531
2008-12-25,260.5896301269531
2008-12-26,264.98858642578125
2008-12-29,264.2345886230469
2008-12-30,264.1095886230469
2008-12-31,268.6395568847656
2009-01-02,270.0545654296875
2009-01-05,279.885498046875
2009-01-06,287.09246826171875
2009-01-07,278.925537109375
2009-01-08,262.10260009765625
2009-01-09,264.6995849609375
2009-01-12,257.0846252441406
2009-01-13,261.08563232421875
2009-01-14,250.55567932128906
2009-01-15,250.7216796875
2009-01-16,256.3086242675781
2009-01-19,250.55767822265625
2009-01-20,247.14569091796875
2009-01-21,247.35968017578125
2009-01-22,246.41769409179688
2009-01-23,247.81668090820312
2009-01-26,259.6986389160156
2009-01-27,257.98162841796875
2009-01-28,267.0545959472656
2009-01-29,261.6286315917969
2009-01-30,259.3426208496094
2009-02-02,252.70664978027344
2009-02-03,256.5976257324219
2009-02-04,261.4096374511719
2009-02-05,257.7406311035156
2009-02-06,267.3505859375
2009-02-09,270.403564453125
2009-02-10,259.6596374511719
2009-02-11,253.98265075683594
2009-02-12,250.22967529296875
2009-02-13,251.99365234375
2009-02-16,249.11367797851562
2009-02-17,239.07473754882812
2009-02-18,238.44573974609375
2009-02-19,244.397705078125
2009-02-20,235.7937469482422
2009-02-23,239.9087371826172
2009-02-24,240.32371520996094
2009-02-25,241.52171325683594
2009-02-26,241.68472290039062
2009-02-27,240.2647247314453
2009-03-02,236.99774169921875
2009-03-03,237.51873779296875
2009-03-04,239.40573120117188
2009-03-05,230.35877990722656
2009-03-06,232.19876098632812
2009-03-09,230.5487823486328
2009-03-10,233.15277099609375
2009-03-11,232.82476806640625
2009-03-12,235.3937530517578
2009-03-13,236.15174865722656
2009-03-16,236.20175170898438
2009-03-17,234.52674865722656
2009-03-18,234.9707489013672
2009-03-19,239.68673706054688
2009-03-20,240.38772583007812
2009-03-23,249.19166564941406
2009-03-24,250.01467895507812
2009-03-25,255.36264038085938
2009-03-26,254.09666442871094
2009-03-27,256.97161865234375
2009-03-30,251.43467712402344
2009-03-31,257.6466369628906
2009-04-01,259.43463134765625
2009-04-02,267.7105712890625
2009-04-03,266.3096008300781
2009-04-06,266.5055847167969
2009-04-07,263.77459716796875
2009-04-08,276.5345458984375
2009-04-09,285.4634704589844
2009-04-10,288.3814697265625
2009-04-13,284.468505859375
2009-04-14,281.60650634765625
2009-04-15,283.24151611328125
2009-04-16,295.2304382324219
2009-04-17,294.45843505859375
2009-04-20,285.48248291015625
2009-04-21,286.78448486328125
2009-04-22,289.56646728515625
2009-04-24,296.7544250488281
2009-04-27,295.5214538574219
2009-04-28,291.8884582519531
2009-04-29,307.4623718261719
2009-04-30,316.5163269042969
2009-05-04,321.7052917480469
2009-05-05,330.1402587890625
2009-05-06,337.1672058105469
2009-05-07,328.42425537109375
2009-05-08,328.0552673339844
2009-05-11,322.029296875
2009-05-12,330.4312744140625
2009-05-13,328.2872619628906
2009-05-14,330.9472351074219
2009-05-15,334.8432312011719
2009-05-18,336.6592102050781
2009-05-20,351.3951416015625
2009-05-21,347.20416259765625
2009-05-22,350.14312744140625
2009-05-25,354.0751037597656
2009-05-26,348.6041259765625
2009-05-27,351.6851501464844
2009-05-28,350.2081298828125
2009-05-29,350.02813720703125
2009-06-01,360.01507568359375
2009-06-02,357.2200927734375
2009-06-03,349.32012939453125
2009-06-04,342.6871643066406
2009-06-05,347.50018310546875
2009-06-08,336.55419921875
2009-06-09,338.065185546875
2009-06-10,343.89117431640625
2009-06-11,347.2361755371094
2009-06-12,348.1651306152344
2009-06-15,346.9061584472656
2009-06-16,345.3681640625
2009-06-17,345.9521789550781
2009-06-18,357.15411376953125
2009-06-19,358.1971130371094
2009-06-22,354.0700988769531
2009-06-23,349.0891418457031
2009-06-24,357.5851135253906
2009-06-25,363.27508544921875
2009-06-26,367.5570373535156
2009-06-29,368.4090576171875
2009-06-30,369.49005126953125
2009-07-01,372.45703125
2009-07-02,370.3800354003906
2009-07-03,367.97406005859375
2009-07-06,367.5860595703125
2009-07-07,372.1230163574219
2009-07-08,371.5580139160156
2009-07-09,369.87506103515625
2009-07-10,367.80303955078125
2009-07-13,370.0440368652344
2009-07-14,367.0100402832031
2009-07-15,379.13800048828125
2009-07-16,381.56097412109375
2009-07-17,377.2649841308594
2009-07-20,382.5
2009-07-21,380.07598876953125
2009-07-22,381.88897705078125
2009-07-23,389.0179138183594
2009-07-24,393.9519348144531
2009-07-27,398.40289306640625
2009-07-28,400.0148620605469
2009-07-29,403.76385498046875
2009-07-30,421.81878662109375
2009-07-31,426.4107360839844
2009-08-03,446.1346130371094
2009-08-04,446.9626159667969
2009-08-05,438.9916687011719
2009-08-06,438.357666015625
2009-08-07,447.6736145019531
2009-08-10,446.8536071777344
2009-08-11,436.7876892089844
2009-08-12,438.89569091796875
2009-08-13,444.83966064453125
2009-08-14,443.0266418457031
2009-08-17,442.9066467285156
2009-08-18,442.3316650390625
2009-08-19,456.4476013183594
2009-08-20,465.5555419921875
2009-08-21,471.698486328125
2009-08-24,477.7164611816406
2009-08-25,480.7314453125
2009-08-26,469.5954895019531
2009-08-27,473.83551025390625
2009-08-28,475.5944519042969
2009-08-31,465.509521484375
2009-09-01,469.3534851074219
2009-09-02,457.6075439453125
2009-09-03,461.4575500488281
2009-09-04,451.60260009765625
2009-09-07,452.7375793457031
2009-09-08,448.4576110839844
2009-09-09,445.8486328125
2009-09-10,449.2386169433594
2009-09-11,465.83251953125
2009-09-14,464.904541015625
2009-09-15,459.112548828125
2009-09-16,466.8045349121094
2009-09-17,469.65350341796875
2009-09-18,471.6094970703125
2009-09-23,475.490478515625
2009-09-24,479.80047607421875
2009-09-25,476.2474670410156
2009-09-28,478.1564636230469
2009-09-29,483.64544677734375
2009-09-30,479.1004638671875
2009-10-01,478.0414733886719
2009-10-02,468.5665283203125
2009-10-05,479.4814758300781
2009-10-06,494.65838623046875
2009-10-07,490.3583984375
2009-10-08,498.7963562011719
2009-10-09,502.1723327636719
2009-10-12,510.02728271484375
2009-10-13,500.7133483886719
2009-10-14,510.2582702636719
2009-10-15,510.17626953125
2009-10-16,497.90435791015625
2009-10-19,502.8663330078125
2009-10-20,510.50628662109375
2009-10-21,512.9492797851562
2009-10-22,510.165283203125
2009-10-23,513.8042602539062
2009-10-26,512.2982788085938
2009-10-27,504.0033264160156
2009-10-28,489.0674133300781
2009-10-30,471.844482421875
2009-11-02,474.5585021972656
2009-11-03,463.3485412597656
2009-11-04,472.8114929199219
2009-11-05,472.9775085449219
2009-11-06,469.6965026855469
2009-11-09,477.7424621582031
2009-11-10,481.34844970703125
2009-11-11,488.6374206542969
2009-11-12,487.4573974609375
2009-11-13,484.41644287109375
2009-11-16,487.7503967285156
2009-11-17,472.42950439453125
2009-11-18,464.196533203125
2009-11-19,461.1435546875
2009-11-20,452.3075866699219
2009-11-23,458.0115661621094
2009-11-24,455.1325988769531
2009-11-25,455.38458251953125
2009-11-26,453.4996032714844
2009-12-01,460.8375549316406
2009-12-02,478.9794616699219
2009-12-03,496.7693786621094
2009-12-04,501.017333984375
2009-12-07,499.15533447265625
2009-12-08,495.911376953125
2009-12-09,491.847412109375
2009-12-10,495.9423828125
2009-12-11,493.86138916015625
2009-12-14,501.9813537597656
2009-12-15,504.4923095703125
2009-12-16,508.1703186035156
2009-12-17,499.62933349609375
2009-12-18,501.3823547363281
2009-12-21,512.8062744140625
2009-12-22,515.322265625
2009-12-23,511.6192932128906
2009-12-24,514.604248046875
2009-12-25,516.6102294921875
2009-12-28,516.1912231445312
2009-12-29,517.8572387695312
2009-12-30,516.6812744140625
2009-12-31,528.2471923828125
2010-01-04,533.67919921875
2010-01-05,541.1481323242188
2010-01-06,545.4711303710938
2010-01-07,549.72607421875
2010-01-08,547.97607421875
2010-01-11,539.2081298828125
2010-01-12,536.7611083984375
2010-01-13,546.2691040039062
2010-01-14,547.403076171875
2010-01-15,540.0541381835938
2010-01-18,545.505126953125
2010-01-19,551.5930786132812
2010-01-20,554.6890869140625
2010-01-21,553.0090942382812
2010-01-22,539.9721069335938
2010-01-25,542.80712890625
2010-01-26,543.172119140625
2010-01-27,540.7071533203125
2010-01-28,547.7020874023438
2010-01-29,546.5031127929688
2010-02-01,555.257080078125
2010-02-02,551.4730834960938
2010-02-03,550.68408203125
2010-02-04,534.6361694335938
2010-02-05,514.5462646484375
2010-02-08,499.33135986328125
2010-02-09,508.2613220214844
2010-02-10,505.67230224609375
2010-02-11,513.8072509765625
2010-02-12,510.6352844238281
2010-02-15,513.3412475585938
2010-02-16,517.4822387695312
2010-02-17,532.7301635742188
2010-02-18,524.4951782226562
2010-02-19,533.1871948242188
2010-02-22,525.9262084960938
2010-02-23,514.1632690429688
2010-02-24,496.5933837890625
2010-02-25,487.39141845703125
2010-02-26,497.0523681640625
2010-03-01,511.83428955078125
2010-03-02,514.7582397460938
2010-03-03,516.98828125
2010-03-04,514.4042358398438
2010-03-05,526.253173828125
2010-03-08,532.9622192382812
2010-03-09,529.59716796875
2010-03-10,527.5272216796875
2010-03-11,523.76318359375
2010-03-12,522.3272705078125
2010-03-15,519.7112426757812
2010-03-16,532.3302001953125
2010-03-17,543.0341186523438
2010-03-18,535.3411254882812
2010-03-19,534.3671875
2010-03-22,538.921142578125
2010-03-23,543.51416015625
2010-03-24,551.3630981445312
2010-03-25,570.4439697265625
2010-03-26,566.10400390625
2010-03-29,566.6790161132812
2010-03-30,567.541015625
2010-03-31,565.3809814453125
2010-04-01,577.0789184570312
2010-04-02,580.595947265625
2010-04-05,586.4468994140625
2010-04-06,584.0609130859375
2010-04-07,586.452880859375
2010-04-08,584.1178588867188
2010-04-09,591.8499145507812
2010-04-12,588.212890625
2010-04-13,580.7509765625
2010-04-14,593.2998046875
2010-04-15,590.5479125976562
2010-04-16,582.2318725585938
2010-04-19,581.5269165039062
2010-04-20,588.85791015625
2010-04-21,584.505859375
2010-04-22,583.380859375
2010-04-26,590.4288940429688
2010-04-27,582.1708984375
2010-04-28,579.3279418945312
2010-04-29,587.02490234375
2010-04-30,589.587890625
2010-05-03,583.9989013671875
2010-05-04,573.4069213867188
2010-05-05,564.4080200195312
2010-05-06,557.633056640625
2010-05-07,526.8671875
2010-05-10,564.4769897460938
2010-05-11,564.614013671875
2010-05-12,579.761962890625
2010-05-13,579.2939453125
2010-05-14,557.47607421875
2010-05-17,560.7080078125
2010-05-18,569.7799682617188
2010-05-20,544.4961547851562
2010-05-21,541.1131591796875
2010-05-24,545.5791015625
2010-05-25,522.5682373046875
2010-05-26,541.0321044921875
2010-05-27,544.9771118164062
2010-05-28,552.3340454101562
2010-05-31,543.8461303710938
2010-06-01,544.6011352539062
2010-06-02,552.1220703125
2010-06-03,554.069091796875
2010-06-04,546.1261596679688
2010-06-07,543.0631103515625
2010-06-08,536.64111328125
2010-06-09,543.046142578125
2010-06-10,548.6150512695312
2010-06-11,551.3130493164062
2010-06-14,556.8850708007812
2010-06-15,564.2100219726562
2010-06-16,564.0260009765625
2010-06-17,568.906982421875
2010-06-18,570.3419189453125
2010-06-21,572.7689208984375
2010-06-22,570.0669555664062
2010-06-23,559.06103515625
2010-06-24,559.1539916992188
2010-06-25,558.6390380859375
2010-06-28,564.3280029296875
2010-06-29,552.1500854492188
2010-06-30,548.39208984375
2010-07-01,545.3401489257812
2010-07-02,556.362060546875
2010-07-05,557.152099609375
2010-07-06,567.875
2010-07-07,567.9830322265625
2010-07-08,573.4529418945312
2010-07-09,571.5059204101562
2010-07-12,575.6949462890625
2010-07-13,582.7838745117188
2010-07-14,583.0098876953125
2010-07-15,576.8959350585938
2010-07-16,577.2909545898438
2010-07-19,581.140869140625
2010-07-20,582.27490234375
2010-07-21,594.94384765625
2010-07-22,599.1918334960938
2010-07-23,592.9918212890625
2010-07-26,595.0738525390625
2010-07-27,603.2858276367188
2010-07-28,604.0398559570312
2010-07-29,607.3697509765625
2010-07-30,598.6648559570312
2010-08-02,606.9287719726562
2010-08-03,600.7817993164062
2010-08-04,598.8038330078125
2010-08-05,596.02783203125
2010-08-06,597.52685546875
2010-08-09,598.8538208007812
2010-08-10,591.69287109375
2010-08-11,581.5438842773438
2010-08-12,583.8338623046875
2010-08-13,584.7958984375
2010-08-16,588.2249145507812
2010-08-17,594.6258544921875
2010-08-18,594.4308471679688
2010-08-19,588.4909057617188
2010-08-20,587.4959106445312
2010-08-23,588.9019165039062
2010-08-24,586.2288818359375
2010-08-25,582.8538818359375
2010-08-26,590.577880859375
2010-08-27,593.455810546875
2010-08-31,599.7228393554688
2010-09-01,606.8517456054688
2010-09-02,608.6537475585938
2010-09-03,609.9847412109375
2010-09-06,611.0067749023438
2010-09-07,607.4647827148438
2010-09-08,606.0777587890625
2010-09-13,622.5977172851562
2010-09-14,624.7866821289062
2010-09-15,633.9736328125
2010-09-16,637.3246459960938
2010-09-17,638.6165771484375
2010-09-20,642.892578125
2010-09-21,641.2435913085938
2010-09-22,644.78759765625
2010-09-23,641.922607421875
2010-09-24,642.4115600585938
2010-09-27,646.2695922851562
2010-09-28,655.8955078125
2010-09-29,655.510498046875
2010-09-30,657.7405395507812
2010-10-01,648.8236083984375
2010-10-04,654.1465454101562
2010-10-05,662.8284301757812
2010-10-06,668.79345703125
2010-10-07,667.5864868164062
2010-10-08,672.16845703125
2010-10-11,689.996337890625
2010-10-12,696.7472534179688
2010-10-13,701.665283203125
2010-10-14,692.2533569335938
2010-10-15,701.00830078125
2010-10-18,704.5762939453125
2010-10-19,698.38427734375
2010-10-20,693.641357421875
2010-10-21,704.499267578125
2010-10-22,710.064208984375
2010-10-25,709.2341918945312
2010-10-26,707.4632568359375
2010-10-27,685.88134765625
2010-10-28,687.601318359375
2010-11-01,690.7393188476562
2010-11-02,685.2183227539062
2010-11-03,686.0423583984375
2010-11-04,709.0502319335938
2010-11-05,707.7882080078125
2010-11-08,709.4072265625
2010-11-09,715.42919921875
2010-11-10,705.6062622070312
2010-11-11,700.8462524414062
2010-11-12,695.52734375
2010-11-15,699.977294921875
2010-11-22,679.2614135742188
2010-11-23,663.3504638671875
2010-11-24,672.303466796875
2010-11-25,671.4854736328125
2010-11-26,661.4735107421875
2010-11-29,640.7185668945312
2010-11-30,653.5054931640625
2010-12-01,661.5585327148438
2010-12-02,669.387451171875
2010-12-03,668.5984497070312
2010-12-06,677.1173706054688
2010-12-07,678.7313842773438
2010-12-08,677.0424194335938
2010-12-09,659.135498046875
2010-12-10,647.5866088867188
2010-12-13,663.8004760742188
2010-12-14,665.0934448242188
2010-12-15,654.988525390625
2010-12-16,644.2915649414062
2010-12-17,635.2386474609375
2010-12-20,635.0126342773438
2010-12-21,648.1925659179688
2010-12-22,654.3984985351562
2010-12-23,662.1864624023438
2010-12-24,662.66943359375
2010-12-27,663.5624389648438
2010-12-28,664.4154663085938
2010-12-29,667.1934814453125
2010-12-30,668.2174682617188
2010-12-31,660.04150390625
2011-01-03,676.0753784179688
2011-01-04,682.2153930664062
2011-01-05,688.2863159179688
2011-01-06,693.1083374023438
2011-01-07,687.6993408203125
2011-01-10,678.743408203125
2011-01-11,676.6864013671875
2011-01-12,679.2354125976562
2011-01-13,685.7513427734375
2011-01-14,678.7924194335938
2011-01-17,668.3104858398438
2011-01-18,664.2794799804688
2011-01-19,664.62548828125
2011-01-20,652.8765258789062
2011-01-21,659.26953125
2011-01-24,652.0135498046875
2011-01-25,651.5255126953125
2011-01-26,659.6065063476562
2011-01-27,650.3825073242188
2011-01-28,632.109619140625
2011-01-31,632.7776489257812
2011-02-01,648.2225952148438
2011-02-02,653.0675048828125
2011-02-03,637.2766723632812
2011-02-04,653.0865478515625
2011-02-07,649.0526123046875
2011-02-08,652.5375366210938
2011-02-09,655.6925048828125
2011-02-10,644.2116088867188
2011-02-11,647.3005981445312
2011-02-14,645.6856079101562
2011-02-15,648.017578125
2011-02-16,653.614501953125
2011-02-17,659.728515625
2011-02-18,659.8544921875
2011-02-21,651.2864990234375
2011-02-22,646.5845947265625
2011-02-23,631.3136596679688
2011-02-24,607.604736328125
2011-02-25,613.6697387695312
2011-02-28,612.8357543945312
2011-03-01,587.0899047851562
2011-03-02,586.638916015625
2011-03-03,603.8668212890625
2011-03-04,611.124755859375
2011-03-07,602.1728515625
2011-03-08,613.0137939453125
2011-03-09,624.834716796875
2011-03-10,631.6886596679688
2011-03-11,637.8136596679688
2011-03-14,645.297607421875
2011-03-15,642.1355590820312
2011-03-16,632.8006591796875
2011-03-17,634.8186645507812
2011-03-18,638.3896484375
2011-03-21,642.153564453125
2011-03-22,648.7425537109375
2011-03-23,637.192626953125
2011-03-24,643.5556030273438
2011-03-25,642.466552734375
2011-03-28,642.6095581054688
2011-03-29,637.6346435546875
2011-03-30,645.652587890625
2011-03-31,644.341552734375
2011-04-01,657.1405029296875
2011-04-04,675.81640625
2011-04-05,676.8914184570312
2011-04-06,686.4883422851562
2011-04-07,694.9013671875
2011-04-08,680.9293823242188
2011-04-11,681.9434204101562
2011-04-12,680.0653686523438
2011-04-13,682.0303955078125
2011-04-14,679.5913696289062
2011-04-15,684.5014038085938
2011-04-18,666.0724487304688
2011-04-19,677.4174194335938
2011-04-20,680.536376953125
2011-04-21,685.65234375
2011-04-22,686.9143676757812
2011-04-25,688.7033081054688
2011-04-26,685.2403564453125
2011-04-27,677.9234008789062
2011-04-28,684.3983764648438
2011-04-29,692.497314453125
2011-05-02,695.2203369140625
2011-05-03,700.7162475585938
2011-05-04,694.372314453125
2011-05-05,693.745361328125
2011-05-06,682.4053955078125
2011-05-09,679.5614013671875
2011-05-10,672.596435546875
2011-05-11,656.4295043945312
2011-05-12,665.3474731445312
2011-05-13,645.8485717773438
2011-05-16,654.175537109375
2011-05-17,653.8505249023438
2011-05-18,637.32861328125
2011-05-20,632.982666015625
2011-05-23,632.0956420898438
2011-05-24,645.610595703125
2011-05-25,636.0896606445312
2011-05-26,637.5506591796875
2011-05-27,624.0706787109375
2011-05-30,614.9137573242188
2011-05-31,630.4566650390625
2011-06-01,632.24365234375
2011-06-02,631.1226196289062
2011-06-03,628.0656127929688
2011-06-06,635.1646728515625
2011-06-07,644.6286010742188
2011-06-08,640.6676025390625
2011-06-09,636.6976318359375
2011-06-10,636.9996337890625
2011-06-13,635.2286376953125
2011-06-14,621.8516845703125
2011-06-15,609.3857421875
2011-06-16,611.1637573242188
2011-06-17,617.1636962890625
2011-06-20,610.0737915039062
2011-06-21,620.3286743164062
2011-06-22,612.1767578125
2011-06-23,615.8956909179688
2011-06-24,620.7227172851562
2011-06-27,619.5297241210938
2011-06-28,628.1876220703125
2011-06-29,630.025634765625
2011-06-30,632.6906127929688
2011-07-01,632.6416625976562
2011-07-04,641.8635864257812
2011-07-05,638.6596069335938
2011-07-06,632.3976440429688
2011-07-07,641.0045776367188
2011-07-08,635.9586181640625
2011-07-11,629.0916137695312
2011-07-12,626.8947143554688
2011-07-13,632.607666015625
2011-07-14,627.4346313476562
2011-07-15,626.3477172851562
2011-07-18,620.2467041015625
2011-07-19,618.397705078125
2011-07-20,616.3646850585938
2011-07-21,608.8197631835938
2011-07-22,598.0198364257812
2011-07-25,610.4737548828125
2011-07-26,613.8827514648438
2011-07-27,611.812744140625
2011-07-28,625.3057250976562
2011-07-29,622.9536743164062
2011-08-01,619.2626953125
2011-08-02,617.5827026367188
2011-08-03,613.1477661132812
2011-08-04,593.2568359375
2011-08-05,562.6520385742188
2011-08-08,522.832275390625
2011-08-09,529.6091918945312
2011-08-10,503.0733337402344
2011-08-11,520.167236328125
2011-08-12,521.88427734375
2011-08-15,534.8502197265625
2011-08-16,540.9711303710938
2011-08-17,542.1751098632812
2011-08-18,519.4562377929688
2011-08-19,530.6141967773438
2011-08-22,532.8671875
2011-08-23,524.1121826171875
2011-08-24,530.5482177734375
2011-08-25,529.6741943359375
2011-08-26,537.0731201171875
2011-08-29,539.4581298828125
2011-09-02,553.7500610351562
2011-09-05,540.5451049804688
2011-09-06,550.195068359375
2011-09-07,552.3790893554688
2011-09-08,566.9169921875
2011-09-09,559.0270385742188
2011-09-12,556.0450439453125
2011-09-13,566.5029907226562
2011-09-14,561.2160034179688
2011-09-15,571.1529541015625
2011-09-16,578.9619750976562
2011-09-19,579.3289184570312
2011-09-20,608.8877563476562
2011-09-21,608.2757568359375
2011-09-22,579.7959594726562
2011-09-23,563.2310180664062
2011-09-26,568.009033203125
2011-09-27,582.60986328125
2011-09-28,589.8818969726562
2011-09-29,597.5787963867188
2011-09-30,596.9308471679688
2011-10-03,594.5938110351562
2011-10-04,572.0889282226562
2011-10-05,573.1089477539062
2011-10-06,572.2819213867188
2011-10-07,573.3849487304688
2011-10-10,583.2728881835938
2011-10-11,586.6378784179688
2011-10-12,594.1998291015625
2011-10-13,585.430908203125
2011-10-14,592.9998168945312
2011-10-17,584.4208984375
2011-10-18,587.5028686523438
2011-10-19,577.9839477539062
2011-10-20,559.0419921875
2011-10-21,567.9199829101562
2011-10-24,562.5910034179688
2011-10-25,562.781005859375
2011-10-26,554.696044921875
2011-10-27,566.1650390625
2011-10-28,570.4209594726562
2011-10-31,560.6119995117188
2011-11-01,548.5120849609375
2011-11-02,557.2110595703125
2011-11-03,565.2250366210938
2011-11-04,561.7990112304688
2011-11-10,555.404052734375
2011-11-11,562.0120239257812
2011-11-14,558.7540283203125
2011-11-15,559.2219848632812
2011-11-16,559.2720336914062
2011-11-17,550.8950805664062
2011-11-18,544.7361450195312
2011-11-21,527.5191650390625
2011-11-22,519.8612670898438
2011-11-23,510.91229248046875
2011-11-24,496.2143859863281
2011-11-25,510.70928955078125
2011-11-28,522.833251953125
2011-11-29,520.9252319335938
2011-11-30,545.1751098632812
2011-12-01,538.0631103515625
2011-12-02,547.6900634765625
2011-12-05,551.955078125
2011-12-06,546.7880859375
2011-12-07,551.3860473632812
2011-12-08,534.9901733398438
2011-12-09,538.3461303710938
2011-12-12,524.4381713867188
2011-12-13,525.51220703125
2011-12-14,513.3872680664062
2011-12-15,518.8622436523438
2011-12-16,516.6552734375
2011-12-19,507.4183044433594
2011-12-20,521.2662353515625
2011-12-21,517.4712524414062
2011-12-22,515.9132690429688
2011-12-23,519.4832763671875
2011-12-26,525.170166015625
2011-12-27,525.6091918945312
2011-12-28,515.5292358398438
2011-12-29,520.5332641601562
2011-12-30,512.6632690429688
2012-01-02,513.4072265625
2012-01-03,528.5881958007812
2012-01-04,515.3232421875
2012-01-05,512.0432739257812
2012-01-06,501.8223571777344
2012-01-09,498.3673400878906
2012-01-10,507.8153076171875
2012-01-11,514.1012573242188
2012-01-12,521.540283203125
2012-01-13,515.6142578125
2012-01-16,527.9691772460938
2012-01-17,535.2901611328125
2012-01-18,543.8451538085938
2012-01-19,546.0761108398438
2012-01-20,548.883056640625
2012-01-23,551.8590698242188
2012-01-24,547.9050903320312
2012-01-25,549.18408203125
2012-01-26,569.5849609375
2012-01-27,573.56396484375
2012-01-30,578.1149291992188
2012-01-31,571.7099609375
2012-02-01,592.1538696289062
2012-02-02,600.5158081054688
2012-02-03,601.476806640625
2012-02-06,606.7457885742188
2012-02-07,605.4557495117188
2012-02-08,611.77978515625
2012-02-09,601.621826171875
2012-02-10,593.3178100585938
2012-02-13,605.57177734375
2012-02-14,596.6177978515625
2012-02-15,598.4728393554688
2012-02-16,600.2978515625
2012-02-17,611.1097412109375
2012-02-20,614.48779296875
2012-02-21,612.5247802734375
2012-02-22,608.560791015625
2012-02-23,596.662841796875
2012-02-24,597.371826171875
2012-02-27,588.2149047851562
2012-02-28,599.7817993164062
2012-02-29,607.208740234375
2012-03-01,607.2557373046875
2012-03-02,609.020751953125
2012-03-05,596.851806640625
2012-03-06,591.430908203125
2012-03-07,594.7938232421875
2012-03-08,596.7348022460938
2012-03-09,592.8008422851562
2012-03-12,590.0918579101562
2012-03-13,593.8868408203125
2012-03-14,608.353759765625
2012-03-15,612.789794921875
2012-03-16,623.3596801757812
2012-03-19,625.3696899414062
2012-03-20,621.6376953125
2012-03-21,620.646728515625
2012-03-22,617.8637084960938
2012-03-23,614.1707763671875
2012-03-26,625.6116943359375
2012-03-27,624.9066772460938
2012-03-28,618.147705078125
2012-03-29,615.4457397460938
2012-03-30,624.2266845703125
2012-04-02,629.6896362304688
2012-04-03,632.8416137695312
2012-04-04,624.63671875
2012-04-05,620.6237182617188
2012-04-06,609.3927612304688
2012-04-09,608.1297607421875
2012-04-10,599.8738403320312
2012-04-11,607.0947875976562
2012-04-12,608.8977661132812
2012-04-13,605.82275390625
2012-04-16,604.78173828125
2012-04-17,606.5227661132812
2012-04-18,601.3157958984375
2012-04-19,598.4818115234375
2012-04-20,601.225830078125
2012-04-24,597.0568237304688
2012-04-25,599.40185546875
2012-04-26,606.7747802734375
2012-04-27,605.9637451171875
2012-04-30,600.100830078125
2012-05-02,589.4338989257812
2012-05-03,592.8538208007812
2012-05-04,590.1538696289062
2012-05-07,588.0938720703125
2012-05-08,587.4898681640625
2012-05-09,580.9269409179688
2012-05-10,588.2048950195312
2012-05-11,588.722900390625
2012-05-14,578.5359497070312
2012-05-15,574.5279541015625
2012-05-16,581.0059204101562
2012-05-17,573.3089599609375
2012-05-18,569.35498046875
2012-05-21,565.3930053710938
2012-05-22,570.7919311523438
2012-05-23,557.340087890625
2012-05-24,549.1630859375
2012-05-25,548.0960693359375
2012-05-28,548.4360961914062
2012-05-29,554.4920654296875
2012-05-30,551.2500610351562
2012-05-31,550.9900512695312
2012-06-01,555.6810913085938
2012-06-04,557.4400634765625
2012-06-05,557.9950561523438
2012-06-06,562.4819946289062
2012-06-07,566.9539794921875
2012-06-08,572.9969482421875
2012-06-11,575.044921875
2012-06-12,582.0098876953125
2012-06-13,582.5018920898438
2012-06-14,583.6438598632812
2012-06-15,584.6748657226562
2012-06-18,583.2459106445312
2012-06-19,592.9938354492188
2012-06-20,594.0098266601562
2012-06-21,604.394775390625
2012-06-22,604.5107421875
2012-06-25,594.7908325195312
2012-06-26,601.2628173828125
2012-06-27,611.8397827148438
2012-06-28,608.2227783203125
2012-06-29,625.4317016601562
2012-07-02,619.5087280273438
2012-07-03,627.2096557617188
2012-07-04,629.857666015625
2012-07-05,619.7177124023438
2012-07-06,627.8026733398438
2012-07-09,626.0776977539062
2012-07-10,631.2366333007812
2012-07-11,630.484619140625
2012-07-12,623.24267578125
2012-07-13,626.6187133789062
2012-07-16,626.7496948242188
2012-07-17,624.7247314453125
2012-07-18,624.4456787109375
2012-07-19,623.4047241210938
2012-07-20,617.918701171875
2012-07-23,607.36474609375
2012-07-24,613.02978515625
2012-07-25,617.0717163085938
2012-07-26,638.4066162109375
2012-07-27,643.724609375
2012-07-30,650.3175048828125
2012-07-31,642.591552734375
2012-08-01,640.80859375
2012-08-02,637.775634765625
2012-08-03,653.0325317382812
2012-08-06,655.7645263671875
2012-08-07,649.3805541992188
2012-08-08,646.9826049804688
2012-08-09,645.007568359375
2012-08-10,651.2565307617188
2012-08-13,651.4855346679688
2012-08-14,641.6045532226562
2012-08-15,646.1145629882812
2012-08-16,649.1585693359375
2012-08-17,657.58154296875
2012-08-22,661.0845336914062
2012-08-23,660.79150390625
2012-08-24,656.53955078125
2012-08-27,659.4125366210938
2012-08-28,661.3895263671875
2012-08-29,661.5225219726562
2012-08-31,673.6763916015625
2012-09-03,672.0784301757812
2012-09-04,668.9774780273438
2012-09-05,675.5913696289062
2012-09-06,677.1444091796875
2012-09-07,679.3673706054688
2012-09-10,681.21240234375
2012-09-11,681.0474243164062
2012-09-12,681.83642578125
2012-09-13,672.9034423828125
2012-09-14,681.8013916015625
2012-09-17,680.9193725585938
2012-09-18,676.0004272460938
2012-09-19,671.1444702148438
2012-09-20,670.0134887695312
2012-09-21,678.911376953125
2012-09-24,672.0674438476562
2012-09-25,678.0924072265625
2012-09-26,666.7534790039062
2012-09-27,667.7024536132812
2012-09-28,663.9634399414062
2012-10-01,667.5454711914062
2012-10-02,674.9783935546875
2012-10-03,668.220458984375
2012-10-04,669.0904541015625
2012-10-05,673.8333740234375
2012-10-08,674.3504028320312
2012-10-09,680.6254272460938
2012-10-10,684.5723876953125
2012-10-11,695.7723388671875
2012-10-12,696.02734375
2012-10-15,697.6932983398438
2012-10-16,702.8132934570312
2012-10-17,706.8612670898438
2012-10-18,703.5542602539062
2012-10-19,707.7362060546875
2012-10-22,712.1912231445312
2012-10-23,707.6192016601562
2012-10-24,707.0802612304688
2012-10-30,717.1652221679688
2012-10-31,725.2861328125
2012-11-01,725.5211791992188
2012-11-02,714.2222290039062
2012-11-05,727.3671264648438
2012-11-06,720.3931274414062
2012-11-07,716.0452270507812
2012-11-08,726.494140625
2012-11-09,718.19921875
2012-11-12,713.5662231445312
2012-11-13,720.1481323242188
2012-11-14,713.252197265625
2012-11-15,715.9682006835938
2012-11-16,707.9012451171875
2012-11-19,706.0702514648438
2012-11-20,706.36328125
2012-11-21,704.604248046875
2012-11-22,699.2572631835938
2012-11-23,710.0392456054688
2012-11-26,718.6652221679688
2012-11-27,719.9931640625
2012-11-28,719.7411499023438
2012-11-29,724.4851684570312
2012-11-30,730.5811767578125
2012-12-03,742.9850463867188
2012-12-04,755.2229614257812
2012-12-05,760.3799438476562
2012-12-06,757.8519897460938
2012-12-07,762.41796875
2012-12-10,767.3399047851562
2012-12-11,768.1439208984375
2012-12-12,774.0399169921875
2012-12-13,769.62890625
2012-12-14,762.927978515625
2012-12-17,774.6649169921875
2012-12-18,772.9808959960938
2012-12-19,768.0989379882812
2012-12-20,768.139892578125
2012-12-21,766.8428955078125
2012-12-24,773.1409301757812
2012-12-25,775.9578857421875
2012-12-26,779.9068603515625
2012-12-27,784.537841796875
2012-12-28,785.786865234375
2012-12-31,782.079833984375
2013-01-02,796.4168090820312
2013-01-03,800.3287353515625
2013-01-04,795.6358032226562
2013-01-07,802.23974609375
2013-01-08,801.6127319335938
2013-01-09,811.4866943359375
2013-01-10,808.3707275390625
2013-01-11,810.3307495117188
2013-01-14,819.8956909179688
2013-01-15,824.0565795898438
2013-01-16,840.8175659179688
2013-01-17,848.5985107421875
2013-01-18,850.0444946289062
2013-01-21,852.8104858398438
2013-01-22,856.4644775390625
2013-01-23,863.4053955078125
2013-01-24,864.3744506835938
2013-01-25,847.5465087890625
2013-01-28,811.6536865234375
2013-01-29,821.7786865234375
2013-01-30,789.8247680664062
2013-01-31,787.8308715820312
2013-02-01,802.2127075195312
2013-02-04,807.2227172851562
2013-02-05,803.0947265625
2013-02-06,800.5397338867188
2013-02-07,781.4888305664062
2013-02-08,786.8358764648438
2013-02-11,772.5538940429688
2013-02-12,780.7838745117188
2013-02-13,779.4298706054688
2013-02-14,775.8009033203125
2013-02-15,780.8098754882812
2013-02-18,779.0708618164062
2013-02-19,782.744873046875
2013-02-20,788.9088134765625
2013-02-21,772.6879272460938
2013-02-22,758.9829711914062
2013-02-25,766.6989135742188
2013-02-26,775.138916015625
2013-02-27,781.6588745117188
2013-02-28,793.332763671875
2013-03-01,798.6707763671875
2013-03-04,806.1177368164062
2013-03-05,810.5077514648438
2013-03-06,821.7356567382812
2013-03-07,818.3426513671875
2013-03-08,835.4115600585938
2013-03-11,831.192626953125
2013-03-12,833.4705810546875
2013-03-13,826.1865844726562
2013-03-14,819.8116455078125
2013-03-15,831.150634765625
2013-03-18,833.7836303710938
2013-03-19,822.8585815429688
2013-03-20,821.6036376953125
2013-03-21,823.734619140625
2013-03-22,824.515625
2013-03-25,827.651611328125
2013-03-26,839.7045288085938
2013-03-27,841.9475708007812
2013-03-28,852.5354614257812
2013-03-29,858.9854125976562
2013-04-01,861.118408203125
2013-04-02,860.262451171875
2013-04-03,848.5964965820312
2013-04-04,832.43359375
2013-04-05,820.7086791992188
2013-04-08,833.4606323242188
2013-04-09,827.6995849609375
2013-04-10,824.0386352539062
2013-04-11,841.0215454101562
2013-04-12,845.8064575195312
2013-04-15,851.0684814453125
2013-04-16,847.051513671875
2013-04-17,843.9745483398438
2013-04-18,830.3786010742188
2013-04-19,832.8505859375
2013-04-22,840.2295532226562
2013-04-24,847.7994995117188
2013-04-25,849.4304809570312
2013-04-26,851.1184692382812
2013-04-29,851.5374755859375
2013-04-30,860.4554443359375
2013-05-02,886.6923217773438
2013-05-03,890.9323120117188
2013-05-06,897.1432495117188
2013-05-07,894.5902099609375
2013-05-08,908.5171508789062
2013-05-09,899.3072509765625
2013-05-10,895.6842651367188
2013-05-13,897.647216796875
2013-05-14,912.8661499023438
2013-05-15,921.1160888671875
2013-05-16,919.4620971679688
2013-05-17,919.2431030273438
2013-05-20,901.646240234375
2013-05-21,911.9031982421875
2013-05-22,931.7840576171875
2013-05-23,913.5091552734375
2013-05-24,910.158203125
2013-05-27,905.4631958007812
2013-05-28,899.1592407226562
2013-05-29,871.7403564453125
2013-05-30,871.6973876953125
2013-05-31,859.8954467773438
2013-06-03,769.8328857421875
2013-06-04,807.3287353515625
2013-06-05,796.36376953125
2013-06-06,758.948974609375
2013-06-07,783.3218383789062
2013-06-10,763.8579711914062
2013-06-11,750.406005859375
2013-06-12,768.8029174804688
2013-06-13,764.8819580078125
2013-06-14,800.1067504882812
2013-06-17,789.4608154296875
2013-06-18,777.391845703125
2013-06-19,788.341796875
2013-06-20,734.6151123046875
2013-06-21,731.0140991210938
2013-06-24,706.4013061523438
2013-06-25,712.1422119140625
2013-06-26,738.5111083984375
2013-06-27,757.6109619140625
2013-06-28,762.9409790039062
2013-07-01,767.3619384765625
2013-07-02,764.3839721679688
2013-07-03,737.18310546875
2013-07-04,754.0919799804688
2013-07-05,731.1140747070312
2013-07-08,716.8192138671875
2013-07-09,719.8121337890625
2013-07-10,710.7372436523438
2013-07-11,717.8952026367188
2013-07-12,739.216064453125
2013-07-15,762.2760009765625
2013-07-16,756.7769775390625
2013-07-17,770.7169189453125
2013-07-18,770.2239379882812
2013-07-19,758.7359619140625
2013-07-22,758.1559448242188
2013-07-23,753.677001953125
2013-07-24,740.1480712890625
2013-07-25,738.4931030273438
2013-07-26,725.546142578125
2013-07-29,729.3851318359375
2013-07-30,744.2040405273438
2013-07-31,733.7711181640625
2013-08-01,734.0140991210938
2013-08-02,740.3240966796875
2013-08-05,742.8970336914062
2013-08-06,740.3120727539062
2013-08-07,735.444091796875
2013-08-12,753.740966796875
2013-08-13,755.1380004882812
2013-08-14,755.85498046875
2013-08-15,739.778076171875
2013-08-16,742.7500610351562
2013-08-19,723.8231811523438
2013-08-20,722.0391845703125
2013-08-21,697.0912475585938
2013-08-22,682.9973754882812
2013-08-23,679.3193969726562
2013-08-26,687.746337890625
2013-08-27,655.1954956054688
2013-08-28,654.5205078125
2013-08-29,663.9404296875
2013-09-02,685.4503173828125
2013-09-03,669.7274780273438
2013-09-04,669.6544799804688
2013-09-05,667.1474609375
2013-09-06,672.3204345703125
2013-09-09,696.8883056640625
2013-09-10,717.876220703125
2013-09-11,717.7122192382812
2013-09-12,727.2191772460938
2013-09-13,716.34619140625
2013-09-16,742.58203125
2013-09-17,747.8300170898438
2013-09-18,746.6010131835938
2013-09-19,794.65576171875
2013-09-20,778.6248779296875
2013-09-23,768.0748901367188
2013-09-24,765.2929077148438
2013-09-25,762.3389892578125
2013-09-26,756.177978515625
2013-09-27,747.7190551757812
2013-09-30,744.862060546875
2013-10-01,764.6959838867188
2013-10-02,751.6240234375
2013-10-03,762.6949462890625
2013-10-04,762.0659790039062
2013-10-07,759.0079956054688
2013-10-08,750.635009765625
2013-10-09,744.8350219726562
2013-10-10,756.3939819335938
2013-10-11,761.7599487304688
2013-10-14,762.345947265625
2013-10-21,788.7658081054688
2013-10-22,792.7197875976562
2013-10-23,785.15185546875
2013-10-24,788.4537963867188
2013-10-25,792.7108154296875
2013-10-28,795.6477661132812
2013-10-30,789.1897583007812
2013-10-31,776.1998901367188
2013-11-01,765.0079956054688
2013-11-04,762.3379516601562
2013-11-05,747.4390258789062
2013-11-06,757.6819458007812
2013-11-07,758.1109619140625
2013-11-08,739.1790771484375
2013-11-11,721.3961791992188
2013-11-12,719.042236328125
2013-11-13,723.2661743164062
2013-11-14,739.7440795898438
2013-11-15,742.72802734375
2013-11-18,755.9729614257812
2013-11-19,746.1730346679688
2013-11-20,753.81298828125
2013-11-21,746.7890625
2013-11-22,756.376953125
2013-11-25,765.3099365234375
2013-11-26,755.6279907226562
2013-11-27,748.9560546875
2013-11-28,745.800048828125
2013-11-29,757.4789428710938
2013-12-02,749.508056640625
2013-12-03,730.87109375
2013-12-04,730.8831176757812
2013-12-05,719.9151611328125
2013-12-06,733.7800903320312
2013-12-09,742.3250122070312
2013-12-10,741.1760864257812
2013-12-11,739.6541137695312
2013-12-12,730.714111328125
2013-12-13,740.6461181640625
2013-12-16,748.4300537109375
2013-12-17,709.4572143554688
2013-12-18,714.169189453125
2013-12-19,690.996337890625
2013-12-20,695.724365234375
2013-12-23,680.857421875
2013-12-24,689.974365234375
2013-12-25,660.9625244140625
2013-12-26,645.548583984375
2013-12-27,638.8485717773438
2013-12-30,679.8533935546875
2013-12-31,678.013427734375
2014-01-02,669.8544311523438
2014-01-03,659.6675415039062
2014-01-06,680.2163696289062
2014-01-07,685.9823608398438
2014-01-08,673.3134155273438
2014-01-09,664.1324462890625
2014-01-10,679.1173706054688
2014-01-13,680.619384765625
2014-01-14,680.7213745117188
2014-01-15,681.3424072265625
2014-01-16,668.4324340820312
2014-01-17,656.3464965820312
2014-01-20,657.6325073242188
2014-01-21,663.1834716796875
2014-01-22,673.6693725585938
2014-01-23,654.28955078125
2014-01-24,644.2716064453125
2014-01-27,645.68359375
2014-01-28,635.4336547851562
2014-01-29,620.8837280273438
2014-01-30,627.0106811523438
2014-01-31,618.5786743164062
2014-02-03,616.7487182617188
2014-02-04,627.3236694335938
2014-02-05,624.4216918945312
2014-02-06,645.49560546875
2014-02-07,646.1395874023438
2014-02-10,640.4985961914062
2014-02-11,642.8035888671875
2014-02-12,645.1336059570312
2014-02-13,637.6466674804688
2014-02-14,648.8255615234375
2014-02-17,655.988525390625
2014-02-18,641.2536010742188
2014-02-19,633.817626953125
2014-02-20,636.806640625
2014-02-21,638.8526000976562
2014-02-24,641.8565673828125
2014-02-25,621.2346801757812
2014-02-26,615.0267944335938
2014-02-27,617.7886962890625
2014-02-28,625.5297241210938
2014-03-03,611.8887939453125
2014-03-04,630.3036499023438
2014-03-05,634.4436645507812
2014-03-06,640.03857421875
2014-03-07,630.9566650390625
2014-03-10,627.3116455078125
2014-03-11,630.6526489257812
2014-03-12,632.5826416015625
2014-03-13,633.4506225585938
2014-03-14,632.78564453125
2014-03-17,641.974609375
2014-03-18,655.7315063476562
2014-03-19,654.8674926757812
2014-03-20,652.6105346679688
2014-03-21,645.7905883789062
2014-03-24,637.1016235351562
2014-03-25,646.9616088867188
2014-03-26,677.3043823242188
2014-03-27,670.48046875
2014-03-28,691.1693115234375
2014-03-31,697.3592529296875
2014-04-01,708.5701904296875
2014-04-02,706.4762573242188
2014-04-03,715.4442138671875
2014-04-04,725.8251342773438
2014-04-07,724.8871459960938
2014-04-08,739.4611206054688
2014-04-09,724.2821655273438
2014-04-10,731.4981079101562
2014-04-11,727.359130859375
2014-04-14,737.7451171875
2014-04-15,724.3761596679688
2014-04-16,723.9901733398438
2014-04-17,735.6140747070312
2014-04-18,734.756103515625
2014-04-21,734.4630737304688
2014-04-22,731.6961059570312
2014-04-24,723.9091796875
2014-04-25,713.8832397460938
2014-04-28,723.9811401367188
2014-04-29,723.1461791992188
2014-04-30,738.7111206054688
2014-05-02,751.5870361328125
2014-05-05,747.60400390625
2014-05-06,751.8990478515625
2014-05-07,749.6680297851562
2014-05-08,757.81298828125
2014-05-09,755.6259765625
2014-05-12,759.3519897460938
2014-05-13,757.760986328125
2014-05-14,760.4739990234375
2014-05-15,752.280029296875
2014-05-16,750.0890502929688
2014-05-20,752.5490112304688
2014-05-21,764.5419921875
2014-05-22,780.4278564453125
2014-05-23,780.6018676757812
2014-05-26,786.02783203125
2014-05-27,775.327880859375
2014-05-28,779.9498291015625
2014-05-29,792.9957885742188
2014-05-30,792.893798828125
2014-06-02,786.4838256835938
2014-06-03,788.1787719726562
2014-06-04,783.8428344726562
2014-06-05,798.0258178710938
2014-06-06,803.9717407226562
2014-06-09,807.5337524414062
2014-06-10,816.7156372070312
2014-06-11,790.2017822265625
2014-06-12,798.3388061523438
2014-06-13,790.11181640625
2014-06-16,776.452880859375
2014-06-17,780.15283203125
2014-06-18,780.9248657226562
2014-06-19,790.5687866210938
2014-06-20,784.0028686523438
2014-06-23,793.2608032226562
2014-06-24,789.8568115234375
2014-06-25,789.9747924804688
2014-06-26,781.036865234375
2014-06-27,784.7198486328125
2014-06-30,784.8858642578125
2014-07-01,771.06591796875
2014-07-02,768.3139038085938
2014-07-03,775.2808837890625
2014-07-04,775.3439331054688
2014-07-07,789.5067749023438
2014-07-08,792.90380859375
2014-07-09,794.5838012695312
2014-07-10,785.5118408203125
2014-07-11,793.6397705078125
2014-07-14,806.2117309570312
2014-07-15,812.4466552734375
2014-07-16,822.7006225585938
2014-07-17,817.82763671875
2014-07-18,823.140625
2014-07-21,822.6986083984375
2014-07-22,825.3005981445312
2014-07-23,828.5416259765625
2014-07-24,838.2425537109375
2014-07-25,842.175537109375
2014-07-31,821.5646362304688
2014-08-01,820.9346923828125
2014-08-04,818.9286499023438
2014-08-05,806.4147338867188
2014-08-06,794.3187866210938
2014-08-07,788.4287719726562
2014-08-08,791.9898071289062
2014-08-11,772.7089233398438
2014-08-12,778.267822265625
2014-08-13,776.181884765625
2014-08-14,775.6948852539062
2014-08-15,766.9169311523438
2014-08-18,773.4169311523438
2014-08-19,792.7547607421875
2014-08-20,788.664794921875
2014-08-21,789.57080078125
2014-08-22,789.2918090820312
2014-08-25,792.6198120117188
2014-08-26,807.5387573242188
2014-08-27,804.6697387695312
2014-08-28,808.3727416992188
2014-08-29,803.124755859375
2014-09-01,808.2427368164062
2014-09-02,807.095703125
2014-09-03,812.919677734375
2014-09-04,822.2556762695312
2014-09-05,821.9266967773438
2014-09-08,821.9906616210938
2014-09-09,800.7977294921875
2014-09-10,795.5017700195312
2014-09-11,789.6597900390625
2014-09-12,778.203857421875
2014-09-15,779.1768798828125
2014-09-16,786.3418579101562
2014-09-17,789.6768188476562
2014-09-18,774.9598999023438
2014-09-19,769.2149047851562
2014-09-22,768.6948852539062
2014-09-23,766.6849365234375
2014-09-24,751.926025390625
2014-09-25,745.9030151367188
2014-09-26,746.3200073242188
2014-09-29,746.4530029296875
2014-09-30,749.3740234375
2014-10-01,741.5410766601562
2014-10-02,738.5761108398438
2014-10-03,743.8400268554688
2014-10-08,729.43115234375
2014-10-09,752.0760498046875
2014-10-10,734.9370727539062
2014-10-13,751.1530151367188
2014-10-14,746.862060546875
2014-10-15,748.5560302734375
2014-10-16,745.7550048828125
2014-10-17,755.3289794921875
2014-10-20,763.3099975585938
2014-10-21,776.451904296875
2014-10-22,780.8038330078125
2014-10-23,794.9428100585938
2014-10-24,794.1668090820312
2014-10-27,792.3497924804688
2014-10-28,795.8867797851562
2014-10-30,798.9818115234375
2014-10-31,805.792724609375
2014-11-03,800.2747192382812
2014-11-04,802.677734375
2014-11-05,789.5567626953125
2014-11-06,775.0989379882812
2014-11-07,779.5738525390625
2014-11-10,777.4298706054688
2014-11-11,784.0298461914062
2014-11-12,803.9447021484375
2014-11-13,808.7567138671875
2014-11-14,812.1116943359375
2014-11-17,804.9937133789062
2014-11-18,813.294677734375
2014-11-19,814.6116943359375
2014-11-20,825.1146240234375
2014-11-21,832.8135986328125
2014-11-24,832.515625
2014-11-25,835.300537109375
2014-11-26,842.4285278320312
2014-11-27,846.8804931640625
2014-11-28,861.6824340820312
2014-12-01,861.4684448242188
2014-12-02,849.1474609375
2014-12-03,849.146484375
2014-12-04,862.33642578125
2014-12-05,852.3944702148438
2014-12-08,848.1824951171875
2014-12-09,835.2685546875
2014-12-10,841.258544921875
2014-12-11,847.177490234375
2014-12-12,832.2595825195312
2014-12-15,828.0396118164062
2014-12-16,791.9077758789062
2014-12-17,808.2026977539062
2014-12-18,832.2576293945312
2014-12-19,835.7315673828125
2014-12-22,851.4334716796875
2014-12-23,844.8755493164062
2014-12-24,848.2124633789062
2014-12-25,848.240478515625
2014-12-26,849.468505859375
2014-12-29,841.0135498046875
2014-12-30,845.3665161132812
2014-12-31,857.2064208984375
2015-01-02,854.58447265625
2015-01-05,864.6213989257812
2015-01-06,869.0913696289062
2015-01-07,867.7614135742188
2015-01-08,876.891357421875
2015-01-09,876.4793701171875
2015-01-12,878.642333984375
2015-01-13,883.1303100585938
2015-01-14,875.63037109375
2015-01-15,877.42333984375
2015-01-16,874.1593627929688
2015-01-19,880.0603637695312
2015-01-20,892.000244140625
2015-01-21,903.1232299804688
2015-01-22,909.023193359375
2015-01-23,907.356201171875
2015-01-26,914.1242065429688
2015-01-27,911.4961547851562
2015-01-28,903.4111938476562
2015-01-29,885.5733032226562
2015-01-30,889.4533081054688
2015-02-02,897.1232299804688
2015-02-03,875.0803833007812
2015-02-04,859.096435546875
2015-02-05,857.888427734375
2015-02-06,849.8695068359375
2015-02-09,845.7384643554688
2015-02-10,831.1596069335938
2015-02-11,834.29052734375
2015-02-12,860.8214111328125
2015-02-13,858.0884399414062
2015-02-16,860.4004516601562
2015-02-17,844.2445678710938
2015-02-18,854.4124755859375
2015-02-19,864.138427734375
2015-02-20,854.8844604492188
2015-02-23,862.87841796875
2015-02-24,866.9074096679688
2015-02-25,867.3304443359375
2015-02-26,859.1494140625
2015-02-27,841.4705200195312
2015-03-02,839.4645385742188
2015-03-03,843.0345458984375
2015-03-04,820.6676635742188
2015-03-05,807.791748046875
2015-03-06,803.0977172851562
2015-03-09,806.44970703125
2015-03-10,779.7708740234375
2015-03-11,782.765869140625
2015-03-12,782.9278564453125
2015-03-13,766.4169311523438
2015-03-16,781.9528198242188
2015-03-17,800.302734375
2015-03-18,799.4187622070312
2015-03-19,819.2156372070312
2015-03-20,825.0596313476562
2015-03-23,837.41552734375
2015-03-24,820.3216552734375
2015-03-25,826.4876098632812
2015-03-26,814.8196411132812
2015-03-27,808.937744140625
2015-03-30,821.835693359375
2015-03-31,808.4557495117188
2015-04-01,812.0806884765625
2015-04-02,816.7596435546875
2015-04-03,829.9385986328125
2015-04-06,831.297607421875
2015-04-07,824.6546020507812
2015-04-08,827.9896240234375
2015-04-09,835.1315307617188
2015-04-10,826.45361328125
2015-04-13,819.3716430664062
2015-04-14,823.192626953125
2015-04-15,813.5706787109375
2015-04-16,824.3626098632812
2015-04-17,824.172607421875
2015-04-20,823.0216064453125
2015-04-21,842.7725219726562
2015-04-22,837.799560546875
2015-04-24,855.5084838867188
2015-04-27,864.014404296875
2015-04-28,862.0903930664062
2015-04-29,859.7794189453125
2015-04-30,839.4655151367188
2015-05-04,840.1845703125
2015-05-05,833.8026123046875
2015-05-06,824.4096069335938
2015-05-07,825.6976318359375
2015-05-08,840.5945434570312
2015-05-11,847.5234985351562
2015-05-12,853.6304931640625
2015-05-13,864.17041015625
2015-05-14,872.432373046875
2015-05-15,876.0443725585938
2015-05-18,886.5142822265625
2015-05-20,877.9063720703125
2015-05-21,865.6454467773438
2015-05-22,858.034423828125
2015-05-25,845.6654663085938
2015-05-26,836.4895629882812
2015-05-27,842.9165649414062
2015-05-28,835.6915283203125
2015-05-29,829.8076171875
2015-06-01,804.2867431640625
2015-06-02,814.1976928710938
2015-06-03,833.9315795898438
2015-06-04,824.985595703125
2015-06-05,819.4296875
2015-06-08,778.0498657226562
2015-06-09,781.4588623046875
2015-06-10,797.4747924804688
2015-06-11,808.44775390625
2015-06-12,805.3207397460938
2015-06-15,789.509765625
2015-06-16,801.833740234375
2015-06-17,807.1287231445312
2015-06-18,819.3206787109375
2015-06-19,824.5396118164062
2015-06-22,834.257568359375
2015-06-23,830.6806030273438
2015-06-24,841.4025268554688
2015-06-25,832.7666015625
2015-06-26,835.45654296875
2015-06-29,817.5576782226562
2015-06-30,822.4906616210938
2015-07-01,816.8126831054688
2015-07-02,818.795654296875
2015-07-03,812.1656494140625
2015-07-06,823.6546020507812
2015-07-07,815.7186889648438
2015-07-08,803.8617553710938
2015-07-09,822.8585815429688
2015-07-10,827.9146118164062
2015-07-13,833.8786010742188
2015-07-14,830.4066162109375
2015-07-15,827.2745971679688
2015-07-16,827.8936157226562
2015-07-20,813.1956787109375
2015-07-21,815.8316650390625
2015-07-22,812.2196655273438
2015-07-23,783.3618774414062
2015-07-24,787.1168212890625
2015-07-27,773.5159301757812
2015-07-28,780.23583984375
2015-07-29,780.7938232421875
2015-07-30,782.7108764648438
2015-07-31,799.0927734375
2015-08-03,781.6368408203125
2015-08-04,782.3448486328125
2015-08-05,781.3388671875
2015-08-06,788.02685546875
2015-08-07,784.266845703125
2015-08-10,774.9489135742188
2015-08-11,797.19580078125
2015-08-12,781.7438354492188
2015-08-13,770.8508911132812
2015-08-14,773.0859375
2015-08-17,769.2199096679688
2015-08-18,759.5969848632812
2015-08-19,752.9920043945312
2015-08-20,746.8140258789062
2015-08-21,737.97412109375
2015-08-24,713.4161987304688
2015-08-25,735.0930786132812
2015-08-26,736.1550903320312
2015-08-27,748.1310424804688
2015-08-28,746.4120483398438
2015-08-31,752.1000366210938
2015-09-01,735.693115234375
2015-09-02,736.5570678710938
2015-09-03,740.037109375
2015-09-04,729.4971313476562
2015-09-07,718.6542358398438
2015-09-08,720.51416015625
2015-09-09,720.0291748046875
2015-09-10,718.4612426757812
2015-09-11,713.5051879882812
2015-09-14,712.990234375
2015-09-15,731.7301025390625
2015-09-16,741.4910888671875
2015-09-17,749.8020629882812
2015-09-18,750.9860229492188
2015-09-21,758.6029663085938
2015-09-22,749.9330444335938
2015-09-23,746.0980224609375
2015-09-28,733.1461181640625
2015-09-29,742.5730590820312
2015-09-30,742.0510864257812
2015-10-01,745.3060302734375
2015-10-02,743.9630126953125
2015-10-05,769.0209350585938
2015-10-06,772.5819091796875
2015-10-07,786.9778442382812
2015-10-08,786.6058349609375
2015-10-09,792.144775390625
2015-10-12,792.9967651367188
2015-10-13,783.5818481445312
2015-10-14,793.7977905273438
2015-10-15,792.6287841796875
2015-10-16,784.8318481445312
2015-10-19,797.3407592773438
2015-10-20,804.9607543945312
2015-10-21,797.6488037109375
2015-10-22,802.5547485351562
2015-10-23,801.2437133789062
2015-10-26,792.6187744140625
2015-10-27,786.620849609375
2015-10-28,785.3588256835938
2015-10-30,794.0858154296875
2015-11-02,836.9315185546875
2015-11-03,829.1345825195312
2015-11-04,836.8365478515625
2015-11-05,829.5526123046875
2015-11-06,819.2976684570312
2015-11-09,820.4966430664062
2015-11-10,811.7366943359375
2015-11-11,817.1756591796875
2015-11-12,821.4296875
2015-11-13,818.78369140625
2015-11-16,810.459716796875
2015-11-17,811.524658203125
2015-11-18,805.1377563476562
2015-11-19,804.40771484375
2015-11-20,806.812744140625
2015-11-23,797.4437866210938
2015-11-24,762.4259643554688
2015-11-25,768.3609008789062
2015-11-26,749.9720458984375
2015-11-27,756.3799438476562
2015-11-30,752.3240356445312
2015-12-01,767.8508911132812
2015-12-02,763.9459838867188
2015-12-03,754.5239868164062
2015-12-04,742.6490478515625
2015-12-07,739.0850830078125
2015-12-08,731.0050659179688
2015-12-09,745.8330078125
2015-12-10,723.5381469726562
2015-12-11,702.7992553710938
2015-12-14,693.0833129882812
2015-12-15,721.5641479492188
2015-12-16,728.3141479492188
2015-12-17,737.1151123046875
2015-12-18,724.6001586914062
2015-12-21,733.278076171875
2015-12-22,731.01708984375
2015-12-23,740.445068359375
2015-12-24,740.5001220703125
2015-12-25,741.89111328125
2015-12-28,742.4280395507812
2015-12-29,739.1220703125
2015-12-30,732.0031127929688
2015-12-31,717.2662353515625
2016-01-04,705.1802978515625
2016-01-05,706.8772583007812
2016-01-06,711.9752197265625
2016-01-07,714.9552001953125
2016-01-08,706.1282958984375
2016-01-11,710.4862060546875
2016-01-12,717.4002075195312
2016-01-13,725.0831298828125
2016-01-14,719.4021606445312
2016-01-15,710.6162109375
2016-01-18,710.3931884765625
2016-01-19,710.7282104492188
2016-01-20,696.0363159179688
2016-01-21,685.6753540039062
2016-01-22,702.435302734375
2016-01-25,705.3862915039062
2016-01-26,718.085205078125
2016-01-27,720.525146484375
2016-01-28,724.2701416015625
2016-01-29,734.8070678710938
2016-02-01,734.4730834960938
2016-02-02,725.0581665039062
2016-02-03,732.6701049804688
2016-02-04,745.050048828125
2016-02-05,742.0310668945312
2016-02-08,720.0481567382812
2016-02-09,714.148193359375
2016-02-10,716.1382446289062
2016-02-11,709.4132080078125
2016-02-12,709.3702392578125
2016-02-15,710.0772094726562
2016-02-16,709.4882202148438
2016-02-17,728.0471801757812
2016-02-18,734.4611206054688
2016-02-19,730.150146484375
2016-02-22,748.93505859375
2016-02-23,754.9939575195312
2016-02-24,740.6680908203125
2016-02-25,752.0150146484375
2016-02-26,749.2860107421875
2016-02-29,758.1399536132812
2016-03-01,759.5499877929688
2016-03-02,767.8759155273438
2016-03-03,768.2789306640625
2016-03-04,771.9069213867188
2016-03-07,774.8348999023438
2016-03-08,776.8248291015625
2016-03-09,787.3778686523438
2016-03-10,790.2427978515625
2016-03-11,793.7977905273438
2016-03-14,801.104736328125
2016-03-15,790.3067626953125
2016-03-16,793.6878051757812
2016-03-17,813.7666625976562
2016-03-18,829.4296264648438
2016-03-21,834.0225830078125
2016-03-22,817.6566772460938
2016-03-23,803.8327026367188
2016-03-24,813.5796508789062
2016-03-25,813.5606689453125
2016-03-28,813.441650390625
2016-03-29,817.3316650390625
2016-03-30,829.173583984375
2016-03-31,832.6755981445312
2016-04-01,823.589599609375
2016-04-04,838.7245483398438
2016-04-05,829.6365966796875
2016-04-06,815.108642578125
2016-04-07,811.6426391601562
2016-04-08,825.0166015625
2016-04-11,839.8705444335938
2016-04-12,837.1935424804688
2016-04-13,856.9624633789062
2016-04-14,857.8453979492188
2016-04-15,855.7284545898438
2016-04-18,863.4324340820312
2016-04-19,862.5054321289062
2016-04-20,855.4974975585938
2016-04-21,856.7034912109375
2016-04-22,858.2824096679688
2016-04-25,851.0894775390625
2016-04-26,857.5594482421875
2016-04-27,853.7374877929688
2016-04-28,854.7734985351562
2016-04-29,853.2734985351562
2016-05-02,838.2945556640625
2016-05-03,810.6937255859375
2016-05-04,793.82177734375
2016-05-05,786.9838256835938
2016-05-06,783.6768798828125
2016-05-09,790.6167602539062
2016-05-10,788.0198364257812
2016-05-11,790.2738037109375
2016-05-12,783.037841796875
2016-05-13,778.079833984375
2016-05-16,769.992919921875
2016-05-17,772.7678833007812
2016-05-18,772.4349365234375
2016-05-20,763.572998046875
2016-05-23,767.6549072265625
2016-05-24,794.341796875
2016-05-25,786.0868530273438
2016-05-26,780.3518676757812
2016-05-27,780.2848510742188
2016-05-30,785.3478393554688
2016-05-31,778.0298461914062
2016-06-01,770.3449096679688
2016-06-02,762.7169799804688
2016-06-03,781.390869140625
2016-06-06,785.923828125
2016-06-07,781.5718383789062
2016-06-08,788.3228149414062
2016-06-09,777.1128540039062
2016-06-10,768.868896484375
2016-06-13,765.337890625
2016-06-14,757.5909423828125
2016-06-15,762.3699951171875
2016-06-16,746.7130126953125
2016-06-17,754.3009643554688
2016-06-20,775.2269287109375
2016-06-21,775.3099365234375
2016-06-22,772.6708984375
2016-06-23,779.8948364257812
2016-06-24,753.6559448242188
2016-06-27,751.6080322265625
2016-06-28,769.2889404296875
2016-06-29,767.1159057617188
2016-06-30,768.1679077148438
2016-07-01,779.516845703125
2016-07-04,783.8728637695312
2016-07-08,780.1908569335938
2016-07-11,792.3457641601562
2016-07-12,811.4116821289062
2016-07-13,813.212646484375
2016-07-14,825.8936157226562
2016-07-15,828.2496337890625
2016-07-18,769.5718994140625
2016-07-19,761.7739868164062
2016-07-20,749.0240478515625
2016-07-21,715.9462280273438
2016-07-22,717.3801879882812
2016-07-25,741.736083984375
2016-07-26,736.8900756835938
2016-07-27,750.7530517578125
2016-07-28,752.43701171875
2016-07-29,754.0509643554688
2016-08-01,767.1129150390625
2016-08-02,758.0349731445312
2016-08-03,745.5180053710938
2016-08-04,761.251953125
2016-08-05,760.6529541015625
2016-08-08,777.786865234375
2016-08-09,785.244873046875
2016-08-10,779.5528564453125
2016-08-11,790.331787109375
2016-08-12,782.2818603515625
2016-08-15,784.7218627929688
2016-08-16,777.0668334960938
2016-08-17,781.473876953125
2016-08-18,779.704833984375
2016-08-19,781.4518432617188
2016-08-22,779.5288696289062
2016-08-23,773.3319091796875
2016-08-24,761.1589965820312
2016-08-25,767.8948974609375
2016-08-26,771.1929321289062
2016-08-29,761.1839599609375
2016-08-31,759.6719970703125
2016-09-01,758.5239868164062
2016-09-02,768.8389282226562
2016-09-05,777.911865234375
2016-09-06,779.94384765625
2016-09-07,776.4279174804688
2016-09-08,778.4308471679688
2016-09-09,770.5308837890625
2016-09-16,760.198974609375
2016-09-19,776.703857421875
2016-09-20,773.1309204101562
2016-09-21,779.1548461914062
2016-09-22,797.9547729492188
2016-09-23,797.559814453125
2016-09-26,767.2529296875
2016-09-27,771.6029052734375
2016-09-28,776.7738647460938
2016-09-29,770.763916015625
2016-09-30,764.8799438476562
2016-10-03,772.2499389648438
2016-10-04,770.5739135742188
2016-10-05,778.5328369140625
2016-10-06,778.94287109375
2016-10-07,779.755859375
2016-10-10,778.348876953125
2016-10-11,776.431884765625
2016-10-12,774.60888671875
2016-10-13,768.0989379882812
2016-10-14,775.5379028320312
2016-10-17,774.3718872070312
2016-10-18,783.3998413085938
2016-10-19,792.0947875976562
2016-10-20,792.519775390625
2016-10-21,788.4328002929688
2016-10-24,799.32177734375
2016-10-25,794.3287963867188
2016-10-26,793.9747924804688
2016-10-27,787.3878784179688
2016-10-28,783.3248291015625
2016-10-31,785.3578491210938
2016-11-01,774.2819213867188
2016-11-02,771.7119140625
2016-11-03,766.8099365234375
2016-11-04,742.6680297851562
2016-11-07,756.8159790039062
2016-11-08,763.6739501953125
2016-11-09,762.0859985351562
2016-11-10,763.5999755859375
2016-11-11,751.738037109375
2016-11-14,744.18701171875
2016-11-15,751.5020141601562
2016-11-16,747.5870361328125
2016-11-17,751.3580322265625
2016-11-18,756.385986328125
2016-11-21,755.4319458007812
2016-11-22,758.115966796875
2016-11-23,750.3650512695312
2016-11-24,741.9271240234375
2016-11-25,743.6310424804688
2016-11-28,749.8980102539062
2016-11-29,742.0510864257812
2016-11-30,739.9481201171875
2016-12-01,725.1951293945312
2016-12-02,733.9050903320312
2016-12-05,735.9931030273438
2016-12-06,754.3289794921875
2016-12-07,760.303955078125
2016-12-08,759.2890014648438
2016-12-09,757.2689819335938
2016-12-12,762.3919677734375
2016-12-13,769.9489135742188
2016-12-14,768.804931640625
2016-12-15,776.7818603515625
2016-12-16,775.8928833007812
2016-12-19,771.5739135742188
2016-12-20,778.0748291015625
2016-12-21,776.19091796875
2016-12-22,774.0429077148438
2016-12-23,769.7178955078125
2016-12-26,770.2808837890625
2016-12-27,766.9899291992188
2016-12-28,775.472900390625
2016-12-29,778.3548583984375
2016-12-30,781.3828735351562
2017-01-02,777.5408325195312
2017-01-03,766.1779174804688
2017-01-04,761.4319458007812
2017-01-05,763.8589477539062
2017-01-06,771.0618896484375
2017-01-09,773.9398803710938
2017-01-10,773.9329223632812
2017-01-11,776.661865234375
2017-01-12,808.9057006835938
2017-01-13,815.2386474609375
2017-01-16,817.1126708984375
2017-01-17,823.6235961914062
2017-01-18,827.7886352539062
2017-01-19,822.9985961914062
2017-01-20,830.6676025390625
2017-01-23,830.4736328125
2017-01-24,842.0745239257812
2017-01-25,831.2786254882812
2017-01-26,838.2605590820312
2017-01-27,838.26953125
2017-01-30,862.3704223632812
2017-01-31,862.952392578125
2017-02-01,868.4754028320312
2017-02-02,873.9373779296875
2017-02-03,883.8903198242188
2017-02-06,873.5743408203125
2017-02-07,874.7623901367188
2017-02-08,882.486328125
2017-02-09,888.2973022460938
2017-02-10,874.7283325195312
2017-02-13,885.7783203125
2017-02-14,880.8173217773438
2017-02-15,878.8153686523438
2017-02-16,881.8643188476562
2017-02-17,888.29931640625
2017-02-20,885.872314453125
2017-02-21,889.6463012695312
2017-02-22,885.3082885742188
2017-02-23,891.3792724609375
2017-02-24,882.580322265625
2017-02-27,877.6493530273438
2017-02-28,874.7783813476562
2017-03-01,893.1982421875
2017-03-02,899.334228515625
2017-03-03,897.2162475585938
2017-03-06,910.4451904296875
2017-03-07,908.1311645507812
2017-03-08,894.84423828125
2017-03-09,890.0213012695312
2017-03-10,896.1092529296875
2017-03-13,894.292236328125
2017-03-14,891.3602905273438
2017-03-15,894.4512329101562
2017-03-16,902.67822265625
2017-03-17,904.9091796875
2017-03-20,909.0161743164062
2017-03-21,906.0601806640625
2017-03-22,898.0862426757812
2017-03-23,897.63623046875
2017-03-24,903.8222045898438
2017-03-27,896.9462280273438
2017-03-28,901.812255859375
2017-03-29,892.6922607421875
2017-03-30,892.8182373046875
2017-03-31,889.4692993164062
2017-04-03,886.6903076171875
2017-04-04,886.1212768554688
2017-04-05,890.3703002929688
2017-04-06,886.7852783203125
2017-04-07,884.9683227539062
2017-04-10,912.4002075195312
2017-04-11,909.0401611328125
2017-04-12,909.5171508789062
2017-04-13,898.7022094726562
2017-04-14,900.6322631835938
2017-04-17,906.533203125
2017-04-18,913.733154296875
2017-04-19,908.0361938476562
2017-04-20,920.3890991210938
2017-04-21,924.234130859375
2017-04-24,938.0230102539062
2017-04-25,946.343994140625
2017-04-26,945.218017578125
2017-04-27,942.8200073242188
2017-04-28,946.5479736328125
2017-05-02,943.5540161132812
2017-05-03,938.6220092773438
2017-05-04,930.3800659179688
2017-05-05,939.2789916992188
2017-05-08,938.322021484375
2017-05-09,953.2289428710938
2017-05-10,961.9368896484375
2017-05-11,951.1359252929688
2017-05-12,949.9589233398438
2017-05-15,955.8729248046875
2017-05-16,961.60986328125
2017-05-17,957.2449340820312
2017-05-18,951.4679565429688
2017-05-22,963.994873046875
2017-05-23,977.1697998046875
2017-05-24,983.1328125
2017-05-25,977.1238403320312
2017-05-26,975.3278198242188
2017-05-29,977.2548217773438
2017-05-30,973.4708251953125
2017-05-31,975.4108276367188
2017-06-01,973.65283203125
2017-06-02,988.6737670898438
2017-06-05,981.914794921875
2017-06-06,983.309814453125
2017-06-07,976.1597900390625
2017-06-08,979.7698364257812
2017-06-09,989.4237670898438
2017-06-12,994.415771484375
2017-06-13,992.9917602539062
2017-06-14,996.357666015625
2017-06-15,987.36474609375
2017-06-16,981.9208374023438
2017-06-19,993.3157348632812
2017-06-20,992.687744140625
2017-06-21,993.895751953125
2017-06-22,1000.7166748046875
2017-06-23,996.3817138671875
2017-06-28,1006.1716918945312
2017-06-29,1001.897705078125
2017-06-30,1004.398681640625
2017-07-03,1005.2177124023438
2017-07-04,1012.0726318359375
2017-07-05,1007.4396362304688
2017-07-06,1006.2647094726562
2017-07-07,1000.8386840820312
2017-07-10,1010.9666137695312
2017-07-11,1031.820556640625
2017-07-12,1038.092529296875
2017-07-13,1042.0965576171875
2017-07-14,1051.7513427734375
2017-07-17,1062.1644287109375
2017-07-18,1057.1773681640625
2017-07-19,1074.1693115234375
2017-07-20,1067.350341796875
2017-07-21,1068.42236328125
2017-07-24,1067.099365234375
2017-07-25,1070.4012451171875
2017-07-26,1072.0562744140625
2017-07-27,1083.9112548828125
2017-07-28,1076.9912109375
2017-07-31,1075.3082275390625
2017-08-01,1061.4683837890625
2017-08-02,1065.2484130859375
2017-08-03,1071.5322265625
2017-08-04,1085.447265625
2017-08-07,1097.80517578125
2017-08-08,1096.3851318359375
2017-08-09,1087.1402587890625
2017-08-10,1077.998291015625
2017-08-11,1069.6253662109375
2017-08-14,1095.3681640625
2017-08-15,1069.12744140625
2017-08-16,1068.6143798828125
2017-08-17,1068.2474365234375
2017-08-18,1072.018310546875
2017-08-21,1086.143310546875
2017-08-22,1085.939208984375
2017-08-23,1089.521240234375
2017-08-24,1091.533203125
2017-08-25,1097.545166015625
2017-08-28,1103.3941650390625
2017-08-29,1104.22509765625
2017-08-31,1100.09912109375
2017-09-05,1088.7242431640625
2017-09-06,1096.1121826171875
2017-09-07,1097.4241943359375
2017-09-08,1084.51123046875
2017-09-11,1094.5740966796875
2017-09-12,1091.291259765625
2017-09-13,1081.54931640625
2017-09-14,1082.436279296875
2017-09-15,1077.4112548828125
2017-09-18,1065.34033203125
2017-09-19,1049.17236328125
2017-09-20,1053.2314453125
2017-09-21,1040.0064697265625
2017-09-22,1041.2235107421875
2017-09-25,1022.6965942382812
2017-09-26,1039.2874755859375
2017-09-27,1012.1776123046875
2017-09-28,1026.5054931640625
2017-09-29,1029.071533203125
2017-10-02,1039.301513671875
2017-10-03,1039.070556640625
2017-10-04,1045.4735107421875
2017-10-05,1043.3375244140625
2017-10-06,1041.3695068359375
2017-10-09,1012.974609375
2017-10-10,1033.9344482421875
2017-10-11,1038.154541015625
2017-10-12,1059.3173828125
2017-10-13,1062.2513427734375
2017-10-16,1064.7393798828125
2017-10-17,1069.9034423828125
2017-10-18,1069.2584228515625
2017-10-19,1084.330322265625
2017-10-20,1084.8812255859375
2017-10-23,1073.0272216796875
2017-10-24,1072.0572509765625
2017-10-25,1083.542236328125
2017-10-26,1073.34228515625
2017-10-27,1078.834228515625
2017-10-30,1084.6622314453125
2017-10-31,1101.420166015625
2017-11-01,1130.237060546875
2017-11-02,1129.9429931640625
2017-11-03,1112.922119140625
2017-11-06,1141.65087890625
2017-11-07,1122.7130126953125
2017-11-08,1118.93896484375
2017-11-09,1102.4591064453125
2017-11-10,1089.48828125
2017-11-13,1088.5902099609375
2017-11-14,1101.4791259765625
2017-11-15,1077.1593017578125
2017-11-16,1069.7613525390625
2017-11-17,1062.389404296875
2017-11-20,1039.113525390625
2017-11-21,1052.67236328125
2017-11-22,1059.63037109375
2017-11-23,1050.25537109375
2017-11-24,1045.3885498046875
2017-11-27,1047.5914306640625
2017-11-28,1020.674560546875
2017-11-29,1023.41259765625
2017-11-30,1039.8385009765625
2017-12-01,1035.58447265625
2017-12-04,1052.1434326171875
2017-12-05,1062.5943603515625
2017-12-06,1053.0333251953125
2017-12-07,1064.4693603515625
2017-12-08,1079.207275390625
2017-12-11,1091.5592041015625
2017-12-12,1090.4892578125
2017-12-13,1081.5262451171875
2017-12-14,1096.6580810546875
2017-12-15,1093.296142578125
2017-12-18,1102.47314453125
2017-12-19,1101.76513671875
2017-12-20,1104.5411376953125
2017-12-21,1112.714111328125
2017-12-22,1110.9891357421875
2017-12-26,1120.06103515625
2017-12-27,1121.490966796875
2017-12-28,1144.7989501953125
2017-12-29,1153.3238525390625
2018-01-02,1175.2357177734375
2018-01-03,1160.515869140625
2018-01-04,1154.9058837890625
2018-01-05,1166.372802734375
2018-01-08,1163.038818359375
2018-01-09,1150.221923828125
2018-01-10,1135.8890380859375
2018-01-11,1147.181884765625
2018-01-12,1146.43994140625
2018-01-15,1121.5860595703125
2018-01-16,1144.1778564453125
2018-01-17,1165.9188232421875
2018-01-18,1168.5538330078125
2018-01-19,1151.46484375
2018-01-22,1172.3487548828125
2018-01-23,1183.9947509765625
2018-01-24,1196.4776611328125
2018-01-25,1186.03466796875
2018-01-26,1207.0126953125
2018-01-29,1208.446533203125
2018-01-30,1193.024658203125
2018-01-31,1195.2816162109375
2018-02-01,1190.4376220703125
2018-02-02,1181.187744140625
2018-02-05,1168.520751953125
2018-02-06,1154.56689453125
2018-02-07,1155.6959228515625
2018-02-08,1142.62890625
2018-02-09,1135.89697265625
2018-02-12,1148.2098388671875
2018-02-13,1144.9388427734375
2018-02-14,1134.5440673828125
2018-02-15,1162.249755859375
2018-02-16,1165.103759765625
2018-02-19,1158.8138427734375
2018-02-20,1134.322998046875
2018-02-21,1163.15380859375
2018-02-22,1168.40283203125
2018-02-23,1175.208740234375
2018-02-26,1187.91259765625
2018-02-27,1188.3096923828125
2018-02-28,1189.501708984375
2018-03-01,1176.3148193359375
2018-03-02,1168.5858154296875
2018-03-05,1169.455810546875
2018-03-06,1167.0927734375
2018-03-07,1168.417724609375
2018-03-08,1165.664794921875
2018-03-09,1169.1387939453125
2018-03-12,1184.1077880859375
2018-03-13,1182.6627197265625
2018-03-14,1175.9207763671875
2018-03-15,1172.0087890625
2018-03-16,1172.15673828125
2018-03-19,1154.4969482421875
2018-03-20,1164.311767578125
2018-03-21,1176.5067138671875
2018-03-22,1171.0968017578125
2018-03-23,1166.021728515625
2018-03-26,1164.19677734375
2018-03-27,1161.9588623046875
2018-03-28,1141.286865234375
2018-03-29,1148.43994140625
2018-03-30,1149.2958984375
2018-04-02,1144.4149169921875
2018-04-03,1145.9349365234375
2018-04-04,1139.7498779296875
2018-04-05,1149.4698486328125
2018-04-06,1147.368896484375
2018-04-09,1131.5550537109375
2018-04-10,1107.12109375
2018-04-11,1092.5262451171875
2018-04-12,1102.34814453125
2018-04-13,1096.0341796875
2018-04-16,1106.87109375
2018-04-17,1087.4422607421875
2018-04-18,1120.9840087890625
2018-04-19,1121.216064453125
2018-04-20,1109.319091796875
2018-04-24,1100.5802001953125
2018-04-25,1074.00830078125
2018-04-26,1070.145263671875
2018-04-27,1076.13720703125
2018-04-30,1042.822509765625
2018-05-02,1047.2513427734375
2018-05-03,1029.08544921875
2018-05-04,1025.9864501953125
2018-05-07,1008.6566162109375
2018-05-08,993.6327514648438
2018-05-09,1007.8006591796875
2018-05-10,1023.8015747070312
2018-05-11,1018.5195922851562
2018-05-14,1033.698486328125
2018-05-15,1015.3986206054688
2018-05-16,1021.5735473632812
2018-05-17,1018.6885375976562
2018-05-18,1024.0975341796875
2018-05-21,1022.5715942382812
2018-05-22,1033.271484375
2018-05-23,1018.9115600585938
2018-05-24,1011.3756103515625
2018-05-25,1031.9954833984375
2018-05-28,1065.2474365234375
2018-05-29,1051.12841796875
2018-05-30,1038.6844482421875
2018-05-31,1006.5177001953125
2018-06-01,991.7067260742188
2018-06-04,992.4927368164062
2018-06-05,978.226806640625
2018-06-06,966.5718994140625
2018-06-07,986.2317504882812
2018-06-08,958.751953125
2018-06-11,966.60888671875
2018-06-12,953.06494140625
2018-06-13,935.0430297851562
2018-06-14,945.4030151367188
2018-06-18,930.4280395507812
2018-06-19,944.364013671875
2018-06-20,945.5139770507812
2018-06-21,950.5669555664062
2018-06-22,958.5159301757812
2018-06-25,940.0780029296875
2018-06-26,944.0769653320312
2018-06-27,959.5429077148438
2018-06-28,962.264892578125
2018-06-29,965.1958618164062
2018-07-02,967.7298583984375
2018-07-03,965.8768920898438
2018-07-04,972.2958374023438
2018-07-05,990.9647216796875
2018-07-06,987.333740234375
2018-07-09,992.5227661132812
2018-07-10,962.7418823242188
2018-07-11,912.8901977539062
2018-07-12,895.708251953125
2018-07-13,898.9722290039062
2018-07-16,897.4352416992188
2018-07-17,916.2911376953125
2018-07-18,923.215087890625
2018-07-19,930.0240478515625
2018-07-20,940.8179931640625
2018-07-23,953.0469360351562
2018-07-24,921.3331298828125
2018-07-25,953.680908203125
2018-07-26,948.16796875
2018-07-27,955.8429565429688
2018-07-30,961.5718994140625
2018-07-31,969.516845703125
2018-08-01,972.1008911132812
2018-08-02,945.427978515625
2018-08-03,956.0999145507812
2018-08-06,941.7349853515625
2018-08-07,961.6048583984375
2018-08-08,969.73388671875
2018-08-09,971.8458862304688
2018-08-10,949.3909301757812
2018-08-13,926.841064453125
2018-08-14,934.1820678710938
2018-08-15,902.625244140625
2018-08-16,871.4273681640625
2018-08-17,887.3433227539062
2018-08-20,901.855224609375
2018-08-27,912.835205078125
2018-08-28,938.6640014648438
2018-08-29,932.8020629882812
2018-08-31,927.2290649414062
2018-09-03,939.1510009765625
2018-09-04,931.8880615234375
2018-09-05,927.905029296875
2018-09-06,927.6280517578125
2018-09-07,932.737060546875
2018-09-10,916.9780883789062
2018-09-11,923.8861083984375
2018-09-12,922.2691040039062
2018-09-13,944.18701171875
2018-09-14,947.5910034179688
2018-09-17,943.4719848632812
2018-09-18,948.864013671875
2018-09-19,966.0328979492188
2018-09-20,961.2058715820312
2018-09-21,979.8768310546875
2018-09-24,995.4686889648438
2018-09-25,992.9197387695312
2018-09-26,991.4837646484375
2018-09-27,1002.981689453125
2018-09-28,999.5636596679688
2018-10-01,985.3667602539062
2018-10-02,981.601806640625
2018-10-03,971.8739013671875
2018-10-04,944.9630126953125
2018-10-05,948.8300170898438
2018-10-08,960.8678588867188
2018-10-09,967.3128662109375
2018-10-10,944.4019775390625
2018-10-11,947.469970703125
2018-10-12,966.56884765625
2018-10-15,986.3077392578125
2018-10-16,984.6587524414062
2018-10-17,989.9047241210938
2018-10-18,974.5347900390625
2018-10-19,964.5408935546875
2018-10-22,946.81201171875
2018-10-23,934.68505859375
2018-10-24,926.9170532226562
2018-10-25,937.4720458984375
2018-10-26,905.41015625
2018-10-30,899.9942626953125
2018-10-31,902.0022583007812
2018-11-01,923.869140625
2018-11-02,941.2249755859375
2018-11-05,959.471923828125
2018-11-06,947.27197265625
2018-11-07,954.9279174804688
2018-11-08,935.0570678710938
2018-11-09,928.3870849609375
2018-11-12,914.4481811523438
2018-11-13,927.0810546875
2018-11-14,932.8670654296875
2018-11-15,932.9630737304688
2018-11-16,936.1600341796875
2018-11-19,945.7039794921875
2018-11-20,916.859130859375
2018-11-21,927.0750732421875
2018-11-22,926.2830810546875
2018-11-23,930.028076171875
2018-11-26,939.6190185546875
2018-11-27,935.1650390625
2018-11-28,940.7050170898438
2018-11-29,951.2509155273438
2018-11-30,954.1549072265625
2018-12-03,949.7399291992188
2018-12-04,938.7999877929688
2018-12-05,939.697021484375
2018-12-06,928.26806640625
2018-12-07,936.9900512695312
2018-12-10,922.2681274414062
2018-12-11,918.0040893554688
2018-12-12,900.5062255859375
2018-12-13,913.8601684570312
2018-12-14,905.2811889648438
2018-12-17,899.6142578125
2018-12-18,910.7362060546875
2018-12-19,925.5220947265625
2018-12-20,918.5361328125
2018-12-21,918.6030883789062
2018-12-24,915.2640991210938
2018-12-26,910.0171508789062
2018-12-27,909.7431640625
2018-12-28,904.3482055664062
2018-12-31,912.7001953125
2019-01-02,888.6453247070312
2019-01-03,873.9853515625
2019-01-04,888.3032836914062
2019-01-07,899.5062255859375
2019-01-08,906.9651489257812
2019-01-09,911.5641479492188
2019-01-10,911.9581909179688
2019-01-11,916.8651123046875
2019-01-14,920.5331420898438
2019-01-15,931.72802734375
2019-01-16,954.1099243164062
2019-01-17,968.1688842773438
2019-01-18,984.5437622070312
2019-01-21,979.5468139648438
2019-01-22,996.7656860351562
2019-01-23,1001.4046630859375
2019-01-24,1017.7376098632812
2019-01-25,1018.0086059570312
2019-01-28,1012.8926391601562
2019-01-29,1040.978515625
2019-01-30,1041.8895263671875
2019-01-31,1040.7364501953125
2019-02-01,1029.365478515625
2019-02-04,1022.5445556640625
2019-02-05,1024.478515625
2019-02-06,1025.8375244140625
2019-02-07,1027.83447265625
2019-02-08,1024.511474609375
2019-02-11,1043.9415283203125
2019-02-12,1037.6195068359375
2019-02-13,1016.45263671875
2019-02-14,1021.2945556640625
2019-02-15,1027.14453125
2019-02-18,1017.2796020507812
2019-02-19,1017.4156494140625
2019-02-20,1019.7075805664062
2019-02-21,1024.9344482421875
2019-02-22,1031.8515625
2019-02-25,1043.2955322265625
2019-02-26,1050.8173828125
2019-02-27,1041.404541015625
2019-02-28,1045.29345703125
2019-03-01,1032.6605224609375
2019-03-04,1041.927490234375
2019-03-05,1037.300537109375
2019-03-06,1034.5235595703125
2019-03-07,1022.8215942382812
2019-03-08,1015.3776245117188
2019-03-11,1008.4986572265625
2019-03-12,1017.2056274414062
2019-03-13,1021.9605712890625
2019-03-14,1024.3175048828125
2019-03-15,1033.0355224609375
2019-03-18,1045.9415283203125
2019-03-19,1048.6103515625
2019-03-20,1033.0965576171875
2019-03-21,1034.072509765625
2019-03-22,998.3477172851562
2019-03-25,993.2537231445312
2019-03-26,973.7808227539062
2019-03-27,918.546142578125
2019-03-28,921.1981201171875
2019-03-29,937.8369750976562
2019-04-01,941.0079956054688
2019-04-02,935.3260498046875
2019-04-03,944.406005859375
2019-04-04,983.3638305664062
2019-04-05,987.8287353515625
2019-04-08,969.7778930664062
2019-04-09,981.3478393554688
2019-04-10,970.1448974609375
2019-04-11,960.724853515625
2019-04-12,959.762939453125
2019-04-15,951.9119262695312
2019-04-16,968.0848999023438
2019-04-17,982.0267944335938
2019-04-18,968.85986328125
2019-04-19,968.60888671875
2019-04-22,959.52294921875
2019-04-24,961.4168701171875
2019-04-25,944.97998046875
2019-04-26,947.8259887695312
2019-04-29,945.3460083007812
2019-04-30,954.1509399414062
2019-05-02,941.7890014648438
2019-05-03,939.4559936523438
2019-05-06,929.8180541992188
2019-05-07,914.8201293945312
2019-05-08,902.7172241210938
2019-05-09,886.8543090820312
2019-05-10,885.3292846679688
2019-05-13,862.8204345703125
2019-05-14,880.2243041992188
2019-05-15,873.7993774414062
2019-05-16,872.0343627929688
2019-05-17,867.9564208984375
2019-05-20,867.71044921875
2019-05-21,853.0914916992188
2019-05-22,836.74853515625
2019-05-23,845.9574584960938
2019-05-24,860.7184448242188
2019-05-27,855.449462890625
2019-05-28,867.7714233398438
2019-05-29,871.8583374023438
2019-05-30,900.1112670898438
2019-05-31,905.8921508789062
2019-06-03,903.451171875
2019-06-07,938.0859985351562
2019-06-10,941.0260009765625
2019-06-11,928.2510375976562
2019-06-12,926.0531005859375
2019-06-13,905.0101928710938
2019-06-14,907.8651733398438
2019-06-17,922.4931030273438
2019-06-18,942.1820068359375
2019-06-19,942.4359741210938
2019-06-20,941.572021484375
2019-06-21,940.218017578125
2019-06-24,951.8199462890625
2019-06-25,954.2059326171875
2019-06-26,948.3070068359375
2019-06-27,955.7259521484375
2019-06-28,964.847900390625
2019-07-01,997.3516845703125
2019-07-02,1002.0046997070312
2019-07-03,993.6277465820312
2019-07-04,993.8167724609375
2019-07-05,996.3427124023438
2019-07-08,986.94873046875
2019-07-09,968.1068725585938
2019-07-10,985.8477783203125
2019-07-11,994.0587768554688
2019-07-12,970.9778442382812
2019-07-16,980.27978515625
2019-07-17,998.0567016601562
2019-07-18,1015.6576538085938
2019-07-19,1018.486572265625
2019-07-22,1010.8816528320312
2019-07-23,1025.5565185546875
2019-07-24,1034.5675048828125
2019-07-25,1020.444580078125
2019-07-26,1028.366455078125
2019-07-29,1033.7254638671875
2019-07-30,1026.85546875
2019-07-31,1020.819580078125
2019-08-01,1018.99755859375
2019-08-02,996.7886962890625
2019-08-05,986.7277221679688
2019-08-06,995.8327026367188
2019-08-07,980.559814453125
2019-08-08,992.0797729492188
2019-08-09,994.0447387695312
2019-08-15,965.7818603515625
2019-08-16,957.3369140625
2019-08-19,952.85693359375
2019-08-20,960.3129272460938
2019-08-21,955.2159423828125
2019-08-22,953.9369506835938
2019-08-23,971.48486328125
2019-08-26,971.0078735351562
2019-08-27,960.2999267578125
2019-08-28,959.0789184570312
2019-08-29,967.1798706054688
2019-09-02,983.423828125
2019-09-03,988.2557373046875
2019-09-04,1000.7697143554688
2019-09-05,1002.7786865234375
2019-09-06,989.8697509765625
2019-09-09,1006.044677734375
2019-09-10,1012.1236572265625
2019-09-11,1019.216552734375
2019-09-12,1024.467529296875
2019-09-13,1030.7125244140625
2019-09-16,1025.8914794921875
2019-09-17,1014.4686279296875
2019-09-18,1019.2955932617188
2019-09-19,1003.3826904296875
2019-09-20,1002.3616943359375
2019-09-23,1000.20166015625
2019-09-24,1018.4635620117188
2019-09-25,1026.178466796875
2019-09-26,1019.3975830078125
2019-09-27,1051.516357421875
2019-09-30,1050.3243408203125
2019-10-01,1038.760498046875
2019-10-02,1035.0865478515625
2019-10-03,1027.8375244140625
2019-10-04,1034.6295166015625
2019-10-07,1029.926513671875
2019-10-08,1018.5875854492188
2019-10-09,996.481689453125
2019-10-10,987.7987670898438
2019-10-11,990.2727661132812
2019-10-14,939.8090209960938
2019-10-15,952.5709228515625
2019-10-16,941.3670043945312
2019-10-17,948.9569702148438
2019-10-18,984.1477661132812
2019-10-21,973.2348022460938
2019-10-22,978.8588256835938
2019-10-23,997.8466796875
2019-10-24,1003.45068359375
2019-10-25,1002.1546630859375
2019-10-28,998.377685546875
2019-10-30,986.9147338867188
2019-10-31,984.6797485351562
2019-11-01,984.6217651367188
2019-11-04,1000.8726806640625
2019-11-05,1005.2476806640625
2019-11-06,1011.431640625
2019-11-07,1035.4384765625
2019-11-08,1031.5264892578125
2019-11-11,1031.1795654296875
2019-11-12,1039.718505859375
2019-11-13,1048.2763671875
2019-11-14,1037.800537109375
2019-11-15,1053.7913818359375
2019-11-18,1068.4564208984375
2019-11-19,1075.28125
2019-11-20,1067.8453369140625
2019-11-21,1068.04638671875
2019-11-22,1065.87841796875
2019-11-25,1053.8193359375
2019-11-26,1059.825439453125
2019-11-27,1058.4364013671875
2019-11-28,1071.2562255859375
2019-11-29,1069.0313720703125
2019-12-02,1080.0372314453125
2019-12-03,1067.8934326171875
2019-12-04,1077.0072021484375
2019-12-05,1086.584228515625
2019-12-06,1088.685302734375
2019-12-09,1087.855224609375
2019-12-10,1080.1092529296875
2019-12-11,1079.2113037109375
2019-12-12,1101.14111328125
2019-12-13,1104.7601318359375
2019-12-16,1111.2491455078125
2019-12-17,1110.731201171875
2019-12-18,1105.7410888671875
2019-12-19,1105.9881591796875
2019-12-20,1111.7620849609375
2019-12-23,1121.7459716796875
2019-12-24,1131.529052734375
2019-12-26,1136.5240478515625
2019-12-27,1136.830078125
2019-12-30,1147.533935546875
2019-12-31,1144.243896484375
2020-01-02,1159.31494140625
2020-01-03,1136.833984375
2020-01-06,1114.12109375
2020-01-07,1125.9930419921875
2020-01-08,1128.7550048828125
2020-01-09,1179.8988037109375
2020-01-10,1186.630615234375
2020-01-13,1202.483642578125
2020-01-14,1214.2265625
2020-01-15,1209.3814697265625
2020-01-16,1210.0025634765625
2020-01-17,1214.7415771484375
2020-01-20,1226.1915283203125
2020-01-21,1235.554443359375
2020-01-22,1227.4644775390625
2020-01-23,1225.3955078125
2020-01-24,1221.4114990234375
2020-01-27,1201.4906005859375
2020-01-28,1198.0096435546875
2020-01-29,1196.888671875
2020-01-30,1198.4906005859375
2020-01-31,1191.3946533203125
2020-02-03,1192.421630859375
2020-02-04,1221.3555908203125
2020-02-05,1223.2015380859375
2020-02-06,1222.83251953125
2020-02-07,1210.14453125
2020-02-10,1183.4088134765625
2020-02-11,1197.9716796875
2020-02-12,1200.480712890625
2020-02-13,1205.398681640625
2020-02-14,1201.5076904296875
2020-02-17,1207.91259765625
2020-02-18,1195.734619140625
2020-02-19,1191.9547119140625
2020-02-20,1156.4139404296875
2020-02-21,1168.2877197265625
2020-02-24,1147.8858642578125
2020-02-25,1143.638916015625
2020-02-26,1151.7069091796875
2020-02-27,1104.1781005859375
2020-02-28,1059.931396484375
2020-03-02,1073.09326171875
2020-03-03,1112.067138671875
2020-03-04,1107.84814453125
2020-03-05,1118.14501953125
2020-03-06,1095.9991455078125
2020-03-09,1035.2344970703125
2020-03-10,1010.61962890625
2020-03-11,1009.6576538085938
2020-03-12,936.3900756835938
2020-03-13,956.0469360351562
2020-03-16,878.8783569335938
2020-03-17,867.7723999023438
2020-03-18,855.761474609375
2020-03-19,851.949462890625
2020-03-20,857.9534301757812
2020-03-23,842.45751953125
2020-03-24,892.8572387695312
2020-03-25,890.6253051757812
2020-03-26,915.2711181640625
2020-03-27,881.2453002929688
2020-03-30,880.5902709960938
2020-03-31,896.4322509765625
2020-04-01,890.8463134765625
2020-04-02,895.104248046875
2020-04-03,895.521240234375
2020-04-06,920.7061157226562
2020-04-07,923.8131103515625
2020-04-08,932.2470703125
2020-04-09,958.3389282226562
2020-04-10,964.7048950195312
2020-04-13,963.9808959960938
2020-04-14,985.4927368164062
2020-04-15,958.5439453125
2020-04-16,962.4859008789062
2020-04-17,981.7927856445312
2020-04-20,989.4537353515625
2020-04-21,976.184814453125
2020-04-22,981.704833984375
2020-04-24,987.5847778320312
2020-04-27,1012.6686401367188
2020-04-28,1007.0696411132812
2020-04-29,1015.9476318359375
2020-04-30,1011.0956420898438
2020-05-04,988.416748046875
2020-05-05,987.3697509765625
2020-05-06,985.7097778320312
2020-05-07,983.9827270507812
2020-05-08,978.4468383789062
2020-05-11,977.9168090820312
2020-05-12,996.1536865234375
2020-05-13,1001.585693359375
2020-05-14,991.9247436523438
2020-05-15,997.6766967773438
2020-05-18,1019.8245849609375
2020-05-20,1021.569580078125
2020-05-21,1026.4835205078125
2020-05-22,1030.237548828125
2020-05-27,1049.5294189453125
2020-05-28,1053.5924072265625
2020-05-29,1055.1993408203125
2020-06-01,1072.65625
2020-06-02,1080.96728515625
2020-06-03,1091.1072998046875
2020-06-04,1095.3631591796875
2020-06-05,1100.212158203125
2020-06-08,1096.3651123046875
2020-06-09,1092.3592529296875
2020-06-10,1097.7830810546875
2020-06-11,1091.5482177734375
2020-06-12,1098.34912109375
2020-06-15,1095.55419921875
2020-06-16,1109.39111328125
2020-06-17,1109.3941650390625
2020-06-18,1124.9400634765625
2020-06-19,1136.113037109375
2020-06-22,1151.8948974609375
2020-06-23,1153.3829345703125
2020-06-24,1144.48291015625
2020-06-25,1141.3839111328125
2020-06-26,1146.6778564453125
2020-06-29,1158.4239501953125
2020-06-30,1165.2418212890625
2020-07-01,1153.1439208984375
2020-07-02,1169.07177734375
2020-07-03,1157.4788818359375
2020-07-06,1184.8458251953125
2020-07-07,1193.3826904296875
2020-07-08,1187.11865234375
2020-07-09,1157.929931640625
2020-07-10,1148.0799560546875
2020-07-13,1183.9808349609375
2020-07-14,1177.40478515625
2020-07-16,1188.068603515625
2020-07-17,1187.8546142578125
2020-07-20,1192.8026123046875
2020-07-21,1180.413818359375
2020-07-22,1180.792724609375
2020-07-23,1190.3056640625
2020-07-24,1192.0096435546875
2020-07-27,1195.693603515625
2020-07-28,1152.69384765625
2020-07-29,1135.593994140625
2020-07-30,1126.89404296875
2020-08-04,1087.1942138671875
2020-08-05,1091.7943115234375
2020-08-06,1034.39453125
2020-08-07,1060.5943603515625
2020-08-10,1075.4942626953125
2020-08-11,1110.0941162109375
2020-08-12,1114.194091796875
2020-08-13,1100.294189453125
2020-08-14,1083.7943115234375
2020-08-17,1086.1942138671875
2020-08-18,1092.4942626953125
2020-08-19,1124.6939697265625
2020-08-20,1126.7940673828125
2020-08-21,1109.8941650390625
2020-08-24,1108.3941650390625
2020-08-25,1092.1942138671875
2020-08-26,1098.994140625
2020-08-27,1108.8941650390625
2020-08-28,1100.5941162109375
2020-08-31,1078.59423828125
2020-09-01,1085.1942138671875
2020-09-02,1083.894287109375
2020-09-03,1076.2943115234375
2020-09-04,1086.2943115234375
2020-09-07,1096.794189453125
2020-09-08,1089.59423828125
2020-09-09,1099.694091796875
2020-09-10,1099.0941162109375
2020-09-11,1102.694091796875
2020-09-14,1107.294189453125
2020-09-15,1111.194091796875
2020-09-16,1107.0941162109375
2020-09-17,1110.694091796875
2020-09-18,1111.994140625
2020-09-21,1086.9942626953125
2020-09-22,1096.194091796875
2020-09-23,1102.694091796875
2020-09-24,1119.593994140625
2020-09-25,1124.1939697265625
2020-09-28,1121.1939697265625
2020-09-29,1123.2940673828125
2020-09-30,1145.19384765625
2020-10-01,1143.493896484375
2020-10-02,1144.993896484375
2020-10-05,1160.69384765625
2020-10-06,1153.69384765625
2020-10-07,1152.3939208984375
2020-10-08,1150.493896484375
2020-10-09,1165.6937255859375
2020-10-12,1178.393798828125
2020-10-13,1174.6937255859375
2020-10-14,1189.293701171875
2020-10-15,1180.393798828125
2020-10-16,1192.693603515625
2020-10-19,1205.3936767578125
2020-10-20,1210.3935546875
2020-10-21,1211.4935302734375
2020-10-22,1198.293701171875
2020-10-23,1190.5936279296875
2020-10-26,1144.493896484375
2020-10-27,1152.5938720703125
2020-10-28,1126.9940185546875
2020-10-30,1112.3941650390625
2020-11-02,1133.593994140625
2020-11-03,1150.69384765625
2020-11-04,1167.6937255859375
2020-11-05,1179.9937744140625
2020-11-06,1191.99365234375
2020-11-09,1231.493408203125
2020-11-10,1242.993408203125
2020-11-11,1279.193115234375
2020-11-12,1271.7933349609375
2020-11-13,1291.293212890625
2020-11-16,1292.9931640625
2020-11-17,1259.6932373046875
2020-11-18,1294.693115234375
2020-11-19,1312.9930419921875
2020-11-20,1323.992919921875
2020-11-23,1314.2930908203125
2020-11-24,1320.9930419921875
2020-11-25,1325.492919921875
2020-11-26,1342.492919921875
2020-11-27,1328.69287109375
2020-11-30,1283.5931396484375
2020-12-01,1325.29296875
2020-12-02,1325.492919921875
2020-12-03,1330.8929443359375
2020-12-04,1330.8929443359375
2020-12-07,1329.8929443359375
2020-12-08,1339.8929443359375
2020-12-09,1350.2928466796875
2020-12-10,1353.392822265625
2020-12-11,1370.692626953125
2020-12-14,1388.5926513671875
2020-12-15,1395.392578125
2020-12-16,1392.4925537109375
2020-12-17,1399.392578125
2020-12-18,1408.2926025390625
2020-12-21,1384.3927001953125
2020-12-22,1404.9925537109375
2020-12-23,1417.6923828125
2020-12-24,1425.992431640625
2020-12-28,1439.2923583984375
2020-12-29,1459.6922607421875
2020-12-30,1479.8922119140625
2020-12-31,1476.692138671875
2021-01-04,1495.39208984375
2021-01-05,1489.592041015625
2021-01-06,1505.39208984375
2021-01-07,1522.19189453125
2021-01-08,1540.591796875
2021-01-11,1536.1917724609375
2021-01-12,1549.4918212890625
2021-01-13,1559.291748046875
2021-01-14,1546.591796875
2021-01-15,1524.491943359375
2021-01-18,1556.791748046875
2021-01-19,1564.99169921875
2021-01-20,1569.3917236328125
2021-01-21,1551.591796875
2021-01-22,1542.4918212890625
2021-01-25,1540.1917724609375
2021-01-26,1536.091796875
2021-01-27,1466.9921875
2021-01-28,1498.2921142578125
2021-01-29,1473.4921875
2021-02-01,1492.4920654296875
2021-02-02,1511.3919677734375
2021-02-03,1533.591796875
2021-02-04,1534.891845703125
2021-02-05,1527.19189453125
2021-02-08,1534.891845703125
2021-02-09,1544.091796875
2021-02-10,1547.091796875
2021-02-11,1545.591796875
2021-02-12,1538.391845703125
2021-02-15,1562.49169921875
2021-02-16,1542.7918701171875
2021-02-17,1540.591796875
2021-02-18,1546.391845703125
2021-02-19,1560.291748046875
2021-02-22,1550.591796875
2021-02-23,1517.8919677734375
2021-02-24,1482.9921875
2021-02-25,1488.1920166015625
2021-02-26,1471.3922119140625
2021-03-01,1527.491943359375
2021-03-02,1528.7919921875
2021-03-03,1531.091796875
2021-03-04,1537.9918212890625
2021-03-05,1541.9918212890625
2021-03-08,1530.2918701171875
2021-03-09,1549.1917724609375
2021-03-10,1564.8917236328125
2021-03-11,1556.49169921875
2021-03-12,1557.3917236328125
2021-03-15,1555.49169921875
2021-03-16,1570.3917236328125
2021-03-17,1562.0916748046875
2021-03-18,1550.891845703125
2021-03-19,1528.991943359375
2021-03-22,1379.292724609375
2021-03-23,1377.3927001953125
2021-03-24,1413.892578125
2021-03-25,1394.392578125
2021-03-26,1382.192626953125
2021-03-29,1392.592529296875
2021-03-30,1395.7926025390625
2021-03-31,1391.692626953125
2021-04-01,1426.5924072265625
2021-04-05,1442.09228515625
2021-04-06,1420.5924072265625
2021-04-07,1417.8924560546875
2021-04-08,1416.5924072265625
2021-04-09,1393.1925048828125
2021-04-12,1375.8927001953125
2021-04-13,1378.3927001953125
2021-04-14,1409.1925048828125
2021-04-15,1407.7926025390625
2021-04-16,1408.092529296875
2021-04-19,1377.192626953125
2021-04-20,1365.2928466796875
2021-04-21,1330.492919921875
2021-04-22,1345.19287109375
2021-04-26,1373.99267578125
2021-04-27,1391.99267578125
2021-04-28,1385.8927001953125
2021-04-29,1401.4925537109375
2021-04-30,1397.7926025390625
2021-05-03,1421.1923828125
2021-05-04,1416.29248046875
2021-05-05,1419.992431640625
2021-05-06,1427.6923828125
2021-05-07,1441.2923583984375
2021-05-10,1460.892333984375
2021-05-11,1444.892333984375
2021-05-12,1441.2923583984375
2021-05-17,1454.2923583984375
2021-05-18,1459.59228515625
2021-05-20,1449.7923583984375
2021-05-21,1451.7923583984375
2021-05-24,1452.1922607421875
2021-05-25,1400.1925048828125
2021-05-26,1427.0924072265625
2021-05-27,1414.9925537109375
2021-05-28,1422.0924072265625
2021-05-31,1420.492431640625
2021-06-01,1431.992431640625
2021-06-02,1430.6923828125
2021-06-03,1428.0924072265625
2021-06-04,1432.8924560546875
2021-06-07,1447.09228515625
2021-06-08,1447.59228515625
2021-06-09,1449.1922607421875
2021-06-10,1456.6922607421875
2021-06-11,1460.892333984375
2021-06-14,1454.2923583984375
2021-06-15,1442.59228515625
2021-06-16,1431.29248046875
2021-06-17,1414.1925048828125
2021-06-18,1391.0926513671875
2021-06-21,1398.4925537109375
2021-06-22,1409.892578125
2021-06-23,1402.392578125
2021-06-24,1410.7926025390625
2021-06-25,1391.8927001953125
2021-06-28,1373.292724609375
2021-06-29,1371.692626953125
2021-06-30,1356.2928466796875
2021-07-01,1372.792724609375
2021-07-02,1376.692626953125
2021-07-05,1392.592529296875
2021-07-06,1382.5926513671875
2021-07-07,1390.5926513671875
2021-07-08,1372.99267578125
2021-07-09,1378.292724609375
2021-07-12,1356.9927978515625
2021-07-13,1346.7928466796875
2021-07-14,1367.2928466796875
2021-07-16,1363.2928466796875
2021-07-19,1351.5927734375
2021-07-26,1349.0927734375
2021-07-27,1359.5927734375
2021-07-28,1360.7928466796875
2021-07-29,1391.5926513671875
2021-07-30,1392.892578125
2021-08-02,1399.6925048828125
2021-08-03,1408.7926025390625
2021-08-04,1413.7926025390625
2021-08-05,1431.79248046875
2021-08-06,1434.79248046875
2021-08-09,1432.5924072265625
2021-08-10,1437.492431640625
2021-08-11,1410.892578125
2021-08-12,1444.4923095703125
2021-08-13,1447.59228515625
2021-08-16,1455.2923583984375
2021-08-17,1461.692138671875
2021-08-18,1449.59228515625
2021-08-19,1439.892333984375
2021-08-20,1444.59228515625
2021-08-23,1459.2923583984375
2021-08-24,1465.8922119140625
2021-08-25,1453.2923583984375
2021-08-26,1448.4923095703125
2021-08-27,1458.1922607421875
2021-08-31,1472.0921630859375
2021-09-01,1474.0921630859375
2021-09-02,1479.0921630859375
2021-09-03,1468.692138671875
2021-09-06,1474.692138671875
2021-09-07,1454.6922607421875
2021-09-08,1433.8924560546875
2021-09-09,1452.6922607421875
2021-09-10,1438.6922607421875
2021-09-13,1438.2923583984375
2021-09-14,1434.3924560546875
2021-09-15,1423.992431640625
2021-09-16,1417.992431640625
2021-09-17,1419.3924560546875
2021-09-20,1391.8927001953125
2021-09-21,1385.5926513671875
2021-09-22,1407.4925537109375
2021-09-23,1401.4925537109375
2021-09-24,1384.692626953125
2021-09-27,1391.692626953125
2021-09-28,1383.792724609375
2021-09-29,1391.8927001953125
2021-09-30,1406.392578125
2021-10-01,1401.4925537109375
2021-10-04,1394.392578125
2021-10-05,1391.692626953125
2021-10-06,1371.692626953125
2021-10-07,1396.892578125
2021-10-08,1397.9925537109375
2021-10-11,1416.29248046875
2021-10-12,1416.79248046875
2021-10-13,1413.4925537109375
2021-10-14,1411.7926025390625
2021-10-15,1409.592529296875
2021-10-18,1417.6923828125
2021-10-19,1429.8924560546875
2021-10-20,1432.79248046875
2021-10-21,1455.392333984375
2021-10-22,1479.8922119140625
2021-10-25,1492.89208984375
2021-10-26,1509.19189453125
2021-10-27,1519.2919921875
2021-10-28,1521.991943359375
2021-11-01,1536.2918701171875
2021-11-02,1533.091796875
2021-11-03,1546.9918212890625
2021-11-04,1575.691650390625
2021-11-05,1583.591552734375
2021-11-08,1608.491455078125
2021-11-09,1615.5914306640625
2021-11-10,1624.09130859375
2021-11-11,1625.09130859375
2021-11-12,1638.4913330078125
2021-11-15,1702.490966796875
2021-11-16,1685.591064453125
2021-11-17,1706.990966796875
2021-11-18,1736.890869140625
2021-11-19,1737.2908935546875
2021-11-22,1755.49072265625
2021-11-23,1784.5904541015625
2021-11-24,1812.2904052734375
2021-11-25,1819.1903076171875
2021-11-26,1776.390625
2021-11-29,1808.7904052734375
2021-11-30,1809.6903076171875
2021-12-01,1857.39013671875
2021-12-02,1880.0899658203125
2021-12-03,1910.389892578125
2021-12-06,1927.3897705078125
2021-12-07,1980.989501953125
2021-12-08,2004.58935546875
2021-12-09,2031.3892822265625
2021-12-10,2035.4892578125
2021-12-13,2101.48876953125
2021-12-14,2157.6884765625
2021-12-15,2162.28857421875
2021-12-16,2278.587890625
2021-12-17,2084.489013671875
2021-12-20,2056.388916015625
2021-12-21,1891.989990234375
2021-12-22,1804.1904296875
2021-12-23,1805.29052734375
2021-12-24,1891.2900390625
2021-12-27,1897.0899658203125
2021-12-28,1850.490234375
2021-12-29,1895.489990234375
2021-12-30,1863.6900634765625
2021-12-31,1857.6900634765625
2022-01-03,1926.689697265625
2022-01-04,1963.589599609375
2022-01-05,2005.2894287109375
2022-01-06,2007.58935546875
2022-01-07,2033.289306640625
2022-01-10,2045.1890869140625
2022-01-11,2045.9891357421875
2022-01-12,2064.18896484375
2022-01-13,2070.68896484375
2022-01-14,2072.888916015625
2022-01-17,2085.7890625
2022-01-18,1979.78955078125
2022-01-19,2042.089111328125
2022-01-20,2014.189208984375
2022-01-21,2011.1893310546875
2022-01-24,1910.2899169921875
2022-01-25,1945.089599609375
2022-01-26,1951.1895751953125
2022-01-27,1997.6893310546875
2022-01-28,1983.189453125
2022-01-31,2003.1893310546875
2022-02-01,2015.3892822265625
2022-02-02,2002.1893310546875
2022-02-03,1957.8896484375
2022-02-04,1943.789794921875
2022-02-07,1997.58935546875
2022-02-08,2007.08935546875
2022-02-09,2042.88916015625
2022-02-10,2038.6890869140625
2022-02-11,2051.089111328125
2022-02-14,2001.889404296875
2022-02-15,2038.1890869140625
2022-02-16,2041.38916015625
2022-02-17,2009.9893798828125
2022-02-18,2032.3892822265625
2022-02-21,2038.089111328125
2022-02-22,2017.4892578125
2022-02-23,2015.9892578125
2022-02-24,1851.3902587890625
2022-02-25,1952.3896484375
2022-02-28,1946.1895751953125
2022-03-01,1969.8895263671875
2022-03-02,1986.0894775390625
2022-03-03,2023.289306640625
2022-03-04,1990.7894287109375
2022-03-07,1997.2894287109375
2022-03-08,2011.389404296875
2022-03-09,2042.6890869140625
2022-03-10,2041.9891357421875
2022-03-11,2053.888916015625
2022-03-14,2088.489013671875
2022-03-15,2079.388916015625
2022-03-16,2088.7890625
2022-03-17,2133.5888671875
2022-03-18,2144.28857421875
2022-03-21,2174.988525390625
2022-03-22,2188.788330078125
2022-03-23,2183.088623046875
2022-03-24,2176.1884765625
2022-03-25,2175.488525390625
2022-03-28,2172.488525390625
2022-03-29,2206.48828125
2022-03-30,2230.188232421875
2022-03-31,2233.2880859375
2022-04-01,2251.68798828125
2022-04-04,2311.3876953125
2022-04-05,2326.28759765625
2022-04-06,2316.3876953125
2022-04-07,2345.1875
2022-04-08,2393.38720703125
2022-04-11,2449.087158203125
2022-04-12,2463.786865234375
2022-04-13,2460.386962890625
2022-04-14,2475.38671875
2022-04-15,2494.38671875
2022-04-18,2510.28662109375
2022-04-19,2519.1865234375
2022-04-20,2525.886474609375
2022-04-21,2556.786376953125
2022-04-22,2472.48681640625
2022-04-25,2482.5869140625
2022-04-26,2418.287109375
2022-04-27,2451.386962890625
2022-04-28,2428.386962890625
2022-04-29,2430.587158203125
2022-05-05,2466.286865234375
2022-05-06,2458.68701171875
2022-05-09,2465.686767578125
2022-05-10,2490.186767578125
2022-05-11,2453.886962890625
2022-05-12,2390.9873046875
2022-05-13,2419.18701171875
2022-05-16,2390.787353515625
2022-05-17,2394.787353515625
2022-05-18,2393.58740234375
2022-05-20,2372.38720703125
2022-05-23,2380.88720703125
2022-05-24,2374.9873046875
2022-05-25,2418.087158203125
2022-05-26,2450.787109375
2022-05-27,2438.787109375
2022-05-30,2527.1865234375
2022-05-31,2547.086669921875
2022-06-01,2568.786376953125
2022-06-02,2601.586181640625
2022-06-03,2601.2861328125
2022-06-06,2648.0859375
2022-06-07,2648.185791015625
2022-06-08,2540.386474609375
2022-06-09,2571.58642578125
2022-06-10,2543.086669921875
2022-06-13,2510.086669921875
2022-06-14,2508.886474609375
2022-06-15,2531.086669921875
2022-06-16,2485.38671875
2022-06-17,2533.28662109375
2022-06-20,2539.1865234375
2022-06-21,2575.88623046875
2022-06-22,2574.286376953125
2022-06-23,2543.1865234375
2022-06-24,2554.086669921875
2022-06-27,2529.28662109375
2022-06-28,2490.186767578125
2022-06-29,2401.9873046875
2022-06-30,2405.38720703125
2022-07-01,2443.787109375
2022-07-04,2405.9873046875
2022-07-05,2371.287353515625
2022-07-06,2408.187255859375
2022-07-07,2425.587158203125
2022-07-08,2433.987060546875
2022-07-13,2408.08740234375
2022-07-14,2382.38720703125
2022-07-18,2451.287109375
2022-07-19,2501.98681640625
2022-07-20,2525.1865234375
2022-07-21,2511.386474609375
2022-07-22,2516.586669921875
2022-07-25,2548.486572265625
2022-07-26,2537.086669921875
2022-07-27,2544.086669921875
2022-07-28,2543.28662109375
2022-07-29,2592.38623046875
2022-08-01,2656.285888671875
2022-08-02,2647.5859375
2022-08-03,2684.48583984375
2022-08-04,2723.685546875
2022-08-05,2750.4853515625
2022-08-08,2795.085205078125
2022-08-09,2785.18505859375
2022-08-10,2829.585205078125
2022-08-11,2868.384765625
2022-08-12,2864.284912109375
2022-08-15,2857.184814453125
2022-08-16,2913.28466796875
2022-08-17,2979.984130859375
2022-08-18,3019.98388671875
2022-08-19,3020.183837890625
2022-08-22,3062.483642578125
2022-08-23,3121.4833984375
2022-08-24,3060.283935546875
2022-08-25,3136.783447265625
2022-08-26,3146.08349609375
2022-08-29,3164.983154296875
2022-08-31,3171.18310546875
2022-09-01,3142.683349609375
2022-09-02,3222.682861328125
2022-09-05,3358.382080078125
2022-09-06,3391.3818359375
2022-09-07,3402.781982421875
2022-09-08,3437.381591796875
2022-09-09,3521.381103515625
2022-09-12,3649.1806640625
2022-09-13,3426.8818359375
2022-09-14,3446.981689453125
2022-09-15,3363.082275390625
2022-09-16,3377.2822265625
2022-09-19,3199.48291015625
2022-09-20,3277.482666015625
2022-09-21,3245.78271484375
2022-09-22,3295.282470703125
2022-09-23,3281.582763671875
2022-09-26,3260.1826171875
2022-09-27,3265.582763671875
2022-09-28,3198.18310546875
2022-09-29,3146.88330078125
2022-09-30,3179.983154296875
2022-10-03,3392.08203125
2022-10-04,3457.981689453125
2022-10-05,3484.38134765625
2022-10-06,3553.881103515625
2022-10-07,3567.5810546875
2022-10-10,3581.98095703125
2022-10-11,3571.5810546875
2022-10-12,3517.781494140625
2022-10-13,3553.381103515625
2022-10-14,3626.980712890625
2022-10-17,3847.57958984375
2022-10-18,3841.579833984375
2022-10-19,3880.279541015625
2022-10-20,3900.879150390625
2022-10-21,3934.579345703125
2022-10-24,3977.47900390625
2022-10-25,3974.97900390625
2022-10-26,3976.37890625
2022-10-27,3934.479248046875
2022-10-28,3878.9794921875
2022-10-31,3978.97900390625
2022-11-01,4054.678466796875
2022-11-02,4071.87841796875
2022-11-03,4105.47802734375
2022-11-04,4216.9775390625
2022-11-07,4331.67724609375
2022-11-08,4360.27685546875
2022-11-09,4360.97705078125
2022-11-10,4467.076171875
2022-11-11,4455.4765625
2022-11-14,4570.17578125
2022-11-15,4656.97509765625
2022-11-16,4668.47509765625
2022-11-17,4507.17626953125
2022-11-18,4526.67626953125
2022-11-21,4570.275390625
2022-11-22,4780.6748046875
2022-11-23,4854.17431640625
2022-11-24,4858.17431640625
2022-11-25,4874.27392578125
2022-11-28,4923.17431640625
2022-11-29,4962.4736328125
2022-11-30,4977.57373046875
2022-12-01,5046.17333984375
2022-12-02,4962.9736328125
2022-12-05,4957.7734375
2022-12-06,5000.07373046875
2022-12-07,4826.974609375
2022-12-08,4855.8740234375
2022-12-09,5005.2734375
2022-12-12,5193.2724609375
2022-12-13,5256.17236328125
2022-12-14,5066.47314453125
2022-12-15,5188.7724609375
2022-12-16,5214.27197265625
2022-12-19,5391.87109375
2022-12-20,5418.97119140625
2022-12-21,5429.0712890625
2022-12-22,5447.17138671875
2022-12-23,5454.77099609375
2022-12-26,5504.07080078125
2022-12-27,5434.47119140625
2022-12-28,5345.57177734375
2022-12-29,5476.87060546875
2022-12-30,5509.1708984375
2023-01-02,5661.06982421875
2023-01-03,5626.5703125
2023-01-04,5523.470703125
2023-01-05,5116.37255859375
2023-01-06,5341.9716796875
2023-01-09,5170.97265625
2023-01-10,4987.9736328125
2023-01-11,4728.875
2023-01-12,4970.673828125
2023-01-13,4984.87353515625
2023-01-16,5207.67236328125
2023-01-17,5314.9716796875
2023-01-18,5384.171875
2023-01-19,5422.37109375
2023-01-20,5490.2705078125
2023-01-23,5404.37109375
2023-01-24,5366.4716796875
2023-01-25,5297.771484375
2023-01-26,5230.97216796875
2023-01-27,5191.7724609375
2023-01-30,5096.27294921875
2023-01-31,4976.57373046875
2023-02-01,4713.375
2023-02-02,4752.1748046875
2023-02-03,4997.57373046875
2023-02-06,4930.173828125
2023-02-07,4505.27587890625
2023-02-08,4505.27587890625
2023-02-15,4950.4736328125
2023-02-16,5008.57373046875
2023-02-17,5026.77294921875
2023-02-20,5148.87255859375
2023-02-21,5149.37255859375
2023-02-22,5071.373046875
2023-02-23,5086.17333984375
2023-02-24,5058.77294921875
2023-02-27,5197.37255859375
2023-02-28,5237.27197265625
2023-03-01,5322.671875
2023-03-02,5261.3720703125
2023-03-03,5212.3720703125
2023-03-06,5392.27099609375
2023-03-07,5381.87158203125
2023-03-08,5438.37109375
2023-03-09,5446.17138671875
2023-03-10,5384.57177734375
2023-03-13,5323.171875
2023-03-14,5207.27197265625
2023-03-15,5121.57275390625
2023-03-16,5229.572265625
2023-03-17,5136.37255859375
2023-03-20,4975.4736328125
2023-03-21,4906.57421875
2023-03-22,5001.07373046875
2023-03-23,5061.97314453125
2023-03-24,5031.97314453125
2023-03-27,4997.7734375
2023-03-28,4811.474609375
2023-03-29,4943.173828125
2023-03-30,4896.07421875
2023-03-31,4812.87451171875
2023-04-03,4839.47412109375
2023-04-04,4984.07373046875
2023-04-05,4919.8740234375
2023-04-06,4912.77392578125
2023-04-07,4924.57373046875
2023-04-10,5092.27294921875
2023-04-11,5124.2724609375
2023-04-12,5146.07275390625
2023-04-13,5135.57275390625
2023-04-14,5092.873046875
2023-04-17,5059.373046875
2023-04-18,5018.67333984375
2023-04-19,5061.17333984375
2023-04-20,5012.2734375
2023-04-24,5022.77294921875
2023-04-25,4890.97412109375
2023-04-26,4783.474609375
2023-04-27,4789.57470703125
2023-04-28,4617.87548828125
2023-05-02,4506.17626953125
2023-05-03,4485.97607421875
2023-05-04,4484.3759765625
2023-05-05,4400.7763671875
2023-05-08,4561.87548828125
2023-05-09,4536.17626953125
2023-05-10,4494.47607421875
2023-05-11,4847.97412109375
2023-05-12,4795.57470703125
2023-05-15,4501.17626953125
2023-05-16,4589.67578125
2023-05-17,4661.67529296875
2023-05-18,4501.67626953125
2023-05-22,4466.17626953125
2023-05-23,4470.97607421875
2023-05-24,4424.87646484375
2023-05-25,4427.9765625
2023-05-26,4580.67578125
2023-05-29,4768.57470703125
2023-05-30,4951.37353515625
2023-05-31,4886.8740234375
2023-06-01,4959.7734375
2023-06-02,5114.97265625
2023-06-05,5372.671875
2023-06-06,5388.77099609375
2023-06-07,5561.1708984375
2023-06-08,5553.970703125
2023-06-09,5626.47021484375
2023-06-12,5588.97021484375
2023-06-13,5429.0712890625
2023-06-14,5360.771484375
2023-06-15,5495.470703125
2023-06-16,5475.47119140625
2023-06-19,5269.27197265625
2023-06-20,5251.572265625
2023-06-21,5186.7724609375
2023-06-22,5428.27099609375
2023-06-23,5582.77001953125
2023-06-26,5732.86962890625
2023-06-27,5759.0693359375
2023-07-03,6015.26806640625
2023-07-04,6003.8681640625
2023-07-05,6106.767578125
2023-07-06,6141.0673828125
2023-07-07,6187.0673828125
2023-07-10,6270.36669921875
2023-07-11,6362.8662109375
2023-07-12,6342.06640625
2023-07-13,6368.3662109375
2023-07-14,6437.666015625
2023-07-17,6600.46484375
2023-07-18,6364.96630859375
2023-07-19,6571.26513671875
2023-07-20,6682.064453125
2023-07-21,6687.76416015625
2023-07-24,6695.064453125
2023-07-25,6604.96484375
2023-07-26,6743.8642578125
2023-07-27,6856.06396484375
2023-07-28,7067.26220703125
2023-07-31,7216.9619140625
2023-08-01,7168.4619140625
2023-08-02,7258.46142578125
2023-08-03,7221.4619140625
2023-08-04,7400.56103515625
2023-08-07,7470.060546875
2023-08-08,7412.16064453125
2023-08-09,7600.65966796875
2023-08-10,7441.46044921875
2023-08-11,7714.35888671875
2023-08-14,7737.35888671875
2023-08-15,7690.7587890625
2023-08-16,7662.25927734375
2023-08-17,7764.458984375
2023-08-18,7513.259765625
2023-08-21,7796.65869140625
2023-08-22,7771.2587890625
2023-08-23,7602.15966796875
2023-08-24,7491.8603515625
2023-08-25,7716.6591796875
2023-08-28,7941.658203125
2023-08-29,7907.05810546875
2023-08-31,7917.85791015625
2023-09-01,8056.05712890625
2023-09-04,8141.2568359375
2023-09-05,8236.0556640625
2023-09-06,8181.65673828125
2023-09-07,8337.65625
2023-09-08,8325.255859375
2023-09-11,8146.45654296875
2023-09-12,8159.8564453125
2023-09-13,8013.857421875
2023-09-14,8118.7568359375
2023-09-15,7961.95751953125
2023-09-18,7680.359375
2023-09-19,7783.95849609375
2023-09-20,7719.7587890625
2023-09-21,8000.45751953125
2023-09-22,8039.15771484375
2023-09-25,8304.755859375
2023-09-26,8242.255859375
2023-09-27,8213.755859375
2023-09-28,8218.65625
2023-09-29,8334.8564453125
2023-10-02,8486.955078125
2023-10-03,8513.455078125
2023-10-04,8333.0556640625
2023-10-05,8487.955078125
2023-10-06,8464.85546875
2023-10-09,8193.3564453125
2023-10-10,8442.7548828125
2023-10-11,8330.5556640625
2023-10-12,8259.255859375
2023-10-13,8113.2568359375
2023-10-16,7934.55810546875
2023-10-17,8114.95703125
2023-10-18,7842.65869140625
2023-10-19,7768.958984375
2023-10-20,7510.66015625
2023-10-23,7750.35888671875
2023-10-24,7990.357421875
2023-10-25,7424.96044921875
2023-10-26,7662.0595703125
2023-10-27,7706.35888671875
2023-10-30,7712.85888671875
2023-10-31,7514.06005859375
2023-11-01,7528.56005859375
2023-11-02,7663.5595703125
2023-11-03,7705.958984375
2023-11-06,7867.95849609375
2023-11-07,7844.75830078125
2023-11-08,7860.8583984375
2023-11-09,7841.45849609375
2023-11-10,7771.2587890625
2023-11-13,7568.259765625
2023-11-14,7671.0595703125
2023-11-15,7665.859375
2023-11-16,7780.65869140625
2023-11-17,7853.3583984375
2023-11-20,7946.35791015625
2023-11-21,8046.5576171875
2023-11-22,7986.95751953125
2023-11-23,7898.55810546875
2023-11-24,7959.9580078125
2023-11-27,8107.1572265625
2023-11-28,8093.45703125
2023-11-29,8009.25732421875
2023-11-30,7948.55810546875
2023-12-01,8026.25732421875
2023-12-04,8087.1572265625
2023-12-05,8057.35693359375
2023-12-06,7855.05859375
2023-12-07,7978.75732421875
2023-12-08,7913.7578125
2023-12-11,7728.35888671875
2023-12-12,7748.85888671875
2023-12-13,7529.259765625
2023-12-14,7813.3583984375
2023-12-15,7993.857421875
2023-12-18,7790.3583984375
2023-12-19,7725.85888671875
2023-12-20,7662.859375
2023-12-21,7764.958984375
2023-12-22,7557.56005859375
2023-12-26,7299.26123046875
2023-12-27,7260.361328125
2023-12-28,7396.2607421875
2023-12-29,7470.16064453125
2024-01-02,7624.25927734375
2024-01-03,7411.96044921875
2024-01-04,7547.759765625
2024-01-05,7628.65966796875
2024-01-08,7818.8583984375
2024-01-09,7736.2587890625
2024-01-10,7874.158203125
2024-01-11,7895.9580078125
2024-01-12,7986.45751953125
2024-01-15,8043.95751953125
2024-01-16,8032.15771484375
2024-01-17,8024.357421875
2024-01-18,8016.0576171875
2024-01-19,7996.65771484375
2024-01-22,8010.0576171875
2024-01-23,7950.05810546875
2024-01-24,8090.85693359375
2024-01-25,8169.8564453125
2024-01-26,8346.255859375
2024-01-29,8471.6552734375
2024-01-30,8474.2548828125
2024-01-31,8496.6552734375
2024-02-01,8646.0537109375
2024-02-02,8665.654296875
2024-02-05,8776.6533203125
2024-02-06,8869.052734375
2024-02-07,8842.953125
2024-02-08,8949.751953125
2024-02-09,9045.9521484375
2024-02-12,9174.55078125
2024-02-13,8993.9521484375
2024-02-14,9072.0517578125
2024-02-15,9242.1513671875
2024-02-16,9250.3515625
2024-02-19,9196.3515625
2024-02-20,9344.9501953125
2024-02-21,9312.0498046875
2024-02-22,9347.150390625
2024-02-23,9374.150390625
2024-02-26,9334.0498046875
2024-02-27,9179.451171875
2024-02-28,9062.3525390625
2024-02-29,9193.6513671875
2024-03-01,9097.15234375
2024-03-04,8907.6533203125
2024-03-05,8860.453125
2024-03-06,8744.552734375
2024-03-07,9054.15234375
2024-03-08,9155.2509765625
2024-03-11,9131.7509765625
2024-03-12,9068.9521484375
2024-03-13,8910.1533203125
2024-03-14,8883.453125
2024-03-15,8828.6533203125
2024-03-18,8718.0537109375
2024-03-19,8929.8525390625
2024-03-20,8955.0517578125
2024-03-21,9140.6513671875
2024-03-22,9111.4521484375
2024-03-25,9029.3525390625
2024-03-26,8807.353515625
2024-03-27,8806.6533203125
2024-03-28,9079.9521484375
2024-03-29,9142.3515625
2024-04-01,9157.451171875
2024-04-02,9040.8525390625
2024-04-03,8945.751953125
2024-04-04,9128.951171875
2024-04-05,9618.7490234375
2024-04-08,9756.6484375
2024-04-09,9814.1484375
2024-04-15,9679.748046875
2024-04-16,9548.048828125
2024-04-17,9530.44921875
2024-04-18,9524.548828125
2024-04-19,9693.4482421875
2024-04-22,9644.94921875
2024-04-24,9722.0478515625
2024-04-25,9716.748046875
2024-04-26,9915.546875
2024-04-29,10082.74609375
2024-04-30,10045.646484375
2024-05-02,10208.646484375
2024-05-03,10276.845703125
2024-05-06,10267.044921875
2024-05-07,10336.4453125
2024-05-08,10247.7451171875
2024-05-09,10268.544921875
2024-05-10,10218.544921875
2024-05-13,10055.9462890625
2024-05-14,10173.3466796875
2024-05-15,10158.5458984375
2024-05-16,10319.9453125
2024-05-17,10643.54296875
2024-05-20,10739.54296875
2024-05-21,10895.2421875
2024-05-22,10899.2421875
2024-05-23,10792.4423828125
2024-05-24,10676.6435546875
2024-05-27,10656.943359375
2024-05-28,10677.443359375
2024-05-29,10479.14453125
2024-05-30,10481.244140625
2024-05-31,10400.4453125
2024-06-03,10556.744140625
2024-06-04,10364.544921875
2024-06-05,10350.9453125
2024-06-06,10279.6455078125
2024-06-07,10138.9462890625
2024-06-10,9997.84765625
2024-06-11,10051.3466796875
2024-06-12,10165.4462890625
2024-06-13,10391.845703125
2024-06-14,10471.244140625
2024-06-20,10739.84375
2024-06-21,10771.3427734375
2024-06-24,10767.84375
2024-06-25,10679.943359375
2024-06-26,10486.64453125
2024-06-27,10680.84375
2024-06-28,10647.84375
2024-07-01,10343.2451171875
2024-07-02,10446.14453125
2024-07-03,10682.1435546875
2024-07-04,10872.5419921875
2024-07-05,10851.7421875
2024-07-08,10864.0419921875
2024-07-09,10796.5419921875
2024-07-10,10743.2431640625
2024-07-11,11024.2412109375
2024-07-12,11064.841796875
2024-07-16,11139.240234375
2024-07-17,11134.041015625
2024-07-18,11139.4404296875
2024-07-19,11156.140625
2024-07-22,11172.740234375
2024-07-23,11089.44140625
2024-07-24,10991.541015625
2024-07-25,10871.4423828125
2024-07-26,10891.3427734375
2024-07-29,10733.7431640625
2024-07-30,10691.6435546875
2024-07-31,10638.54296875
2024-08-01,10798.0419921875
2024-08-02,10473.4443359375
2024-08-05,9893.34765625
2024-08-06,9881.1474609375
2024-08-07,10024.2470703125
2024-08-08,10098.4462890625
2024-08-09,9907.34765625
2024-08-12,9828.5478515625
2024-08-13,9920.546875
2024-08-14,9830.8486328125
2024-08-15,9982.947265625
2024-08-16,9821.9482421875
2024-08-19,10054.146484375
2024-08-20,9982.2470703125
2024-08-21,9904.7470703125
2024-08-22,9921.34765625
2024-08-23,9668.0478515625
2024-08-26,9565.7490234375
2024-08-27,9748.748046875
2024-08-28,9757.1484375
2024-08-29,9833.1484375
2024-09-02,10110.146484375
2024-09-03,10021.7470703125
2024-09-04,9984.84765625
2024-09-05,9936.7470703125
2024-09-06,9771.1484375
2024-09-09,9699.5478515625
2024-09-10,9623.94921875
2024-09-11,9419.650390625
2024-09-12,9520.94921875
2024-09-13,9685.4482421875
2024-09-16,9577.44921875
2024-09-17,9758.0478515625
2024-09-18,9774.4482421875
2024-09-19,9975.546875
2024-09-20,9900.2470703125
2024-09-23,9887.7470703125
2024-09-24,10029.6474609375
2024-09-25,9890.947265625
2024-09-26,9829.1484375
2024-09-27,9777.4482421875
2024-09-30,9665.748046875
2024-10-01,9351.150390625
2024-10-02,9012.8525390625
2024-10-03,8898.1533203125
2024-10-04,9109.251953125
2024-10-07,9031.5517578125
2024-10-08,9044.8525390625
2024-10-09,9132.2509765625
2024-10-10,8964.0517578125
2024-10-11,8876.1533203125
2024-10-14,8699.154296875
2024-10-15,8860.2529296875
2024-10-16,8955.9521484375
2024-10-17,9002.251953125
2024-10-18,8793.552734375
2024-10-21,8654.3544921875
2024-10-22,8838.552734375
2024-10-23,8714.654296875
2024-10-24,8872.853515625
2024-10-25,8908.453125
2024-10-28,8945.751953125
2024-10-30,9006.5517578125
2024-10-31,8863.853515625
2024-11-01,8884.953125
2024-11-04,8663.8544921875
2024-11-05,8618.5537109375
2024-11-06,8862.2529296875
2024-11-07,8946.0517578125
2024-11-08,9184.7509765625
2024-11-11,9276.7509765625
2024-11-12,9226.8515625
2024-11-13,9300.25
2024-11-14,9420.3505859375
2024-11-15,9389.5498046875
2024-11-18,9395.3505859375
2024-11-19,9232.8515625
2024-11-20,9031.751953125
2024-11-21,9367.75
2024-11-22,9549.849609375
2024-11-25,9659.94921875
2024-11-26,9636.048828125
2024-11-27,9639.7490234375
2024-11-28,9640.048828125
2024-11-29,9651.94921875
2024-12-02,9681.0478515625
2024-12-03,9827.1484375
2024-12-04,9886.046875
2024-12-05,9935.947265625
2024-12-06,10080.9462890625
2024-12-09,10257.345703125
2024-12-10,10098.9462890625
2024-12-11,10058.4462890625
2024-12-12,10058.5458984375
2024-12-13,10125.4462890625
2024-12-16,9997.6474609375
2024-12-17,10011.2470703125
2024-12-18,9915.7470703125
2024-12-19,9765.0478515625
2024-12-20,9724.4482421875
2024-12-23,9626.548828125
2024-12-24,9672.748046875
2024-12-26,9948.947265625
2024-12-27,10025.447265625
2024-12-30,9889.6474609375
2024-12-31,9830.5478515625
2025-01-02,9961.2470703125
2025-01-03,10075.146484375
2025-01-06,10085.4462890625
2025-01-07,9971.947265625
2025-01-08,9890.7470703125
2025-01-09,10000.6474609375
2025-01-10,9910.546875
2025-01-13,9733.1484375
2025-01-14,9715.8486328125
2025-01-15,9739.6484375
2025-01-16,9866.6474609375
2025-01-17,9977.84765625
2025-01-20,10029.2470703125
2025-01-21,9999.546875
2025-01-22,10105.3466796875
2025-01-23,10112.74609375
2025-01-24,10104.8466796875
2025-01-27,9997.84765625
2025-01-28,10121.74609375
2025-01-29,10076.9462890625
2025-01-30,10082.0458984375
2025-01-31,10004.34765625
2025-02-03,9774.3486328125
2025-02-04,9807.0478515625
2025-02-05,9719.748046875
2025-02-06,9842.1484375
2025-02-07,9951.6474609375
2025-02-10,9845.8486328125
2025-02-11,9882.7470703125
2025-02-12,9779.5478515625
2025-02-13,9914.6474609375
2025-02-14,9877.546875
2025-02-17,9836.4482421875
2025-02-18,9916.84765625
2025-02-19,9763.6484375
2025-02-20,9807.4482421875
2025-02-21,9602.1494140625
2025-02-24,9574.7490234375
2025-02-25,9451.5498046875
2025-02-26,9573.1494140625
2025-02-27,9741.0478515625
2025-02-28,9658.6494140625
2025-03-03,9911.046875
2025-03-04,9897.947265625
2025-03-05,10188.8466796875
2025-03-06,10459.0439453125
2025-03-07,10507.0439453125
2025-03-10,10422.14453125
2025-03-11,10438.244140625
2025-03-12,10580.244140625
2025-03-13,10727.54296875
2025-03-14,10840.5419921875
2025-03-17,10862.0419921875
2025-03-18,10802.142578125
2025-03-19,9860.2470703125
2025-03-20,9810.8486328125
2025-03-21,9044.5517578125
2025-03-24,9299.3505859375
2025-03-25,9715.5478515625
2025-03-26,9649.44921875
2025-03-27,9612.7490234375
2025-03-28,9659.44921875
2025-04-02,9523.2490234375
2025-04-03,9484.2490234375
2025-04-04,9379.75
2025-04-07,9407.150390625
2025-04-08,9477.0498046875
2025-04-09,9275.451171875
2025-04-10,9338.5498046875
2025-04-11,9380.9501953125
2025-04-14,9423.5498046875
2025-04-15,9393.75
2025-04-16,9266.05078125
2025-04-17,9395.9501953125
2025-04-18,9317.150390625
2025-04-21,9321.5498046875
2025-04-22,9312.0498046875
2025-04-24,9490.849609375
2025-04-25,9432.5498046875
2025-04-28,9306.9501953125
2025-04-29,9224.7509765625
2025-04-30,9078.3525390625
2025-05-02,9167.55078125
2025-05-05,9112.15234375
2025-05-06,9134.6513671875
2025-05-07,9074.5517578125
2025-05-08,9279.1513671875
2025-05-09,9390.4501953125
2025-05-12,9747.0478515625
2025-05-13,9700.1484375
2025-05-14,9701.5478515625
2025-05-15,9541.2490234375
2025-05-16,9668.3486328125
2025-05-20,9513.94921875
2025-05-21,9398.8505859375
2025-05-22,9475.150390625
2025-05-23,9355.9501953125
2025-05-26,9345.150390625
2025-05-27,9213.55078125
2025-05-28,9177.6513671875
2025-05-29,9170.55078125
2025-05-30,9019.5517578125
2025-06-02,9008.8525390625
2025-06-03,9276.951171875
2025-06-04,9474.9501953125
2025-06-05,9486.548828125
2025-06-10,9659.2490234375
2025-06-11,9686.0478515625
2025-06-12,9520.1494140625
2025-06-13,9311.8505859375
2025-06-16,9349.9501953125
2025-06-17,9339.5498046875
2025-06-18,9196.05078125
2025-06-19,9101.9521484375
2025-06-20,9203.3515625
2025-06-23,9141.2509765625
2025-06-24,9448.8505859375
2025-06-25,9418.4501953125
2025-06-26,9301.0498046875
2025-06-27,9404.8505859375
2025-06-30,9948.447265625
2025-07-01,10080.3466796875
2025-07-02,10188.9462890625
2025-07-03,10228.345703125
2025-07-04,10275.7451171875
2025-07-07,10107.646484375
2025-07-08,9998.1474609375
2025-07-09,10167.24609375
2025-07-10,10331.2451171875
2025-07-11,10358.4453125
2025-07-14,10225.4453125
2025-07-16,10121.4462890625
2025-07-17,10370.6455078125
2025-07-18,10366.1455078125
2025-07-21,10616.1435546875
2025-07-22,10616.04296875
2025-07-23,10591.943359375
2025-07-24,10689.04296875
2025-07-25,10642.54296875
2025-07-28,10542.0439453125
2025-07-29,10487.244140625
2025-07-30,10618.943359375
2025-07-31,10743.1435546875
2025-08-01,10746.943359375
2025-08-04,10853.4423828125
2025-08-05,10849.9423828125
2025-08-06,10900.9423828125
2025-08-07,10956.041015625
2025-08-08,10972.541015625
2025-08-11,11038.2412109375
2025-08-12,10954.44140625
2025-08-13,10949.9423828125
2025-08-14,10824.5419921875
2025-08-15,10870.5419921875
2025-08-18,10929.7421875
2025-08-19,10961.94140625
2025-08-20,11134.6416015625
2025-08-21,11313.8408203125
2025-08-22,11372.2998046875
2025-08-25,11477.7998046875
2025-08-26,11529.7998046875
2025-08-27,11359.0
2025-08-28,11368.7998046875
2025-08-29,11288.099609375
2025-09-01,11280.0
2025-09-02,10877.5
2025-09-03,10737.7001953125
2025-09-04,10828.900390625
2025-09-05,10729.5
2025-09-08,10449.400390625
2025-09-09,10486.099609375
2025-09-10,10586.2998046875
2025-09-11,10382.900390625
2025-09-12,10372.0
2025-09-15,11000.2998046875
2025-09-16,11183.0
2025-09-17,11165.900390625
2025-09-18,11048.099609375
2025-09-19,11294.5
2025-09-22,11468.099609375
2025-09-23,11331.7998046875
2025-09-24,11366.900390625
2025-09-25,11377.599609375
2025-09-26,11151.2001953125
2025-09-29,11048.099609375
2025-09-30,11012.099609375
2025-10-01,11220.2001953125
2025-10-02,11082.599609375
2025-10-03,10858.5
2025-10-06,10734.900390625
2025-10-07,10814.099609375
2025-10-08,10756.2998046875
2025-10-09,10727.0
2025-10-10,10720.400390625
2025-10-13,10556.2001953125
2025-10-14,10316.400390625
2025-10-15,10464.5
2025-10-16,10370.7998046875
2025-10-17,10208.7998046875
2025-10-20,10484.400390625
2025-10-21,10467.2001953125
2025-10-22,10551.2998046875
2025-10-23,10608.2998046875
2025-10-24,10941.7998046875
2025-10-27,10853.400390625
2025-10-28,10871.099609375
2025-10-30,10837.2998046875
2025-10-31,10971.5
2025-11-03,11060.400390625
2025-11-04,10914.099609375
2025-11-05,10970.400390625
2025-11-06,11073.2998046875
2025-11-07,10924.5
2025-11-10,10789.0
2025-11-11,10576.5
2025-11-12,10640.900390625
2025-11-13,10628.599609375
2025-11-14,10565.7001953125
2025-11-17,10698.099609375
2025-11-18,10728.599609375
2025-11-19,10903.900390625
2025-11-20,10979.7001953125
2025-11-21,10922.900390625
2025-11-24,10888.0
2025-11-25,10857.2001953125
2025-11-26,10914.7001953125
2025-11-27,10945.5
2025-11-28,10898.7001953125
2025-12-01,11116.5
2025-12-02,11123.5
2025-12-03,11036.7998046875
2025-12-04,10918.5
2025-12-05,11007.400390625
2025-12-08,11189.5
2025-12-09,11238.400390625
2025-12-10,11193.900390625
2025-12-11,11233.7001953125
2025-12-12,11311.2998046875
2025-12-15,11456.2998046875
2025-12-16,11348.7998046875
2025-12-17,11286.7998046875
2025-12-18,11335.099609375
2025-12-19,11341.900390625
2025-12-22,11311.099609375
2025-12-23,11290.400390625
2025-12-24,11340.099609375
2025-12-26,11294.400390625
2025-12-29,11150.900390625
2025-12-30,11220.2001953125
2025-12-31,11261.5
2026-01-02,11498.400390625
2026-01-05,11702.0
2026-01-06,12023.7998046875
2026-01-07,12028.7998046875
2026-01-08,12088.0
2026-01-09,12201.0
2026-01-12,12254.7998046875
2026-01-13,12385.599609375
2026-01-14,12369.900390625
2026-01-15,12456.7001953125
2026-01-16,12668.5
2026-01-19,12747.900390625
2026-01-20,12805.7998046875
2026-01-21,12728.2001953125
2026-01-22,12851.5
2026-01-23,12992.7001953125
2026-01-26,13177.2998046875
2026-01-27,13107.0
2026-01-28,13407.400390625
2026-01-29,13831.099609375
2026-01-30,13838.2998046875
2026-02-02,13621.0
2026-02-03,13875.2998046875
2026-02-04,13891.2001953125
2026-02-05,13589.099609375
2026-02-06,13522.0
2026-02-09,13838.400390625
2026-02-10,13797.0
2026-02-11,13787.7998046875
2026-02-12,14180.5
2026-02-13,14180.7001953125
2026-02-16,14339.2998046875
2026-02-17,14227.2998046875
2026-02-18,14259.900390625
2026-02-19,13804.2001953125
2026-02-20,13934.099609375
2026-02-23,14061.7001953125
2026-02-24,14050.7998046875
2026-02-25,13809.900390625
2026-02-26,13878.5
2026-02-27,13717.7998046875
2026-03-02,13346.400390625
2026-03-03,12933.400390625
2026-03-04,12943.2001953125
2026-03-05,13078.900390625
2026-03-06,12792.7998046875
2026-03-09,12702.0
2026-03-10,13175.7001953125
2026-03-11,13200.400390625
2026-03-12,13286.099609375
2026-03-13,13092.900390625
2026-03-16,12956.7001953125
2026-03-17,13217.599609375
2026-03-18,13115.099609375
2026-03-19,13047.7001953125
2026-03-23,13168.2001953125
2026-03-24,12930.2001953125
2026-03-25,12963.900390625
2026-03-26,12727.099609375
2026-03-27,12698.2001953125
2026-03-30,12626.400390625
2026-03-31,12791.0
2026-04-01,12937.900390625
2026-04-02,13051.7001953125
2026-04-03,12936.400390625
2026-04-06,13112.2998046875
2026-04-07,12921.599609375
2026-04-08,13536.7998046875
2026-04-09,13689.0
2026-04-10,14073.7998046875
2026-04-13,14058.5
2026-04-14,14202.2001953125
2026-04-15,14252.400390625
2026-04-16,14201.099609375
2026-04-17,14587.900390625
2026-04-20,14484.900390625
2026-04-21,14375.400390625
2026-04-22,14335.5
2026-04-24,14409.099609375
2026-04-27,14594.0
2026-04-28,14329.2998046875
2026-04-29,14311.2001953125
2026-04-30,14442.599609375
2026-05-04,14369.599609375
2026-05-05,14495.7998046875
2026-05-06,14917.400390625
2026-05-07,15040.2998046875
2026-05-08,15062.7001953125
2026-05-11,15133.5
2026-05-12,14779.900390625
2026-05-13,14598.5
2026-05-14,14644.7001953125
2026-05-15,14367.599609375
2026-05-18,14029.5
2026-05-20,14012.0
2026-05-21,13163.900390625
2026-05-22,13808.2001953125
2026-05-25,13890.900390625
2026-05-26,13662.7998046875
2026-06-01,13704.0
2026-06-02,14200.2001953125
2026-06-03,13965.7001953125
2026-06-04,13872.2998046875
2026-06-05,13694.2001953125
2026-06-08,13860.599609375
2026-06-09,13741.900390625
2026-06-10,13744.599609375
2026-06-11,13743.5
2026-06-12,13938.5
