date,price
1997-12-31,24402.0
1998-01-02,24914.0
1998-01-05,25734.0
1998-01-06,25734.0
1998-01-07,25961.0
1998-01-08,25675.0
1998-01-09,25773.0
1998-01-12,25731.0
1998-01-13,26066.0
1998-01-14,26219.0
1998-01-15,26300.0
1998-01-16,26683.0
1998-01-19,26381.0
1998-01-20,26803.0
1998-01-21,26483.0
1998-01-22,26703.0
1998-01-23,26368.0
1998-01-26,26500.0
1998-01-27,26754.0
1998-01-28,26966.0
1998-01-29,27191.0
1998-01-30,27549.0
1998-02-02,27737.0
1998-02-03,27525.0
1998-02-04,27920.0
1998-02-05,28206.0
1998-02-06,28389.0
1998-02-09,28267.0
1998-02-10,28708.0
1998-02-11,28923.0
1998-02-12,28464.0
1998-02-13,28477.0
1998-02-16,28613.0
1998-02-17,28945.0
1998-02-18,28701.0
1998-02-19,28247.0
1998-02-20,27847.0
1998-02-23,27759.0
1998-02-24,27774.0
1998-02-25,28564.0
1998-02-26,28591.0
1998-02-27,28543.0
1998-03-02,29299.0
1998-03-03,29431.0
1998-03-04,29262.0
1998-03-05,29414.0
1998-03-06,29846.0
1998-03-09,30282.0
1998-03-10,30426.0
1998-03-11,30424.0
1998-03-12,30285.0
1998-03-13,30739.0
1998-03-16,31283.0
1998-03-17,31378.0
1998-03-18,31510.0
1998-03-19,31602.0
1998-03-20,32205.0
1998-03-23,32554.0
1998-03-24,33625.0
1998-03-25,34006.0
1998-03-26,34118.0
1998-03-27,33782.0
1998-03-30,34213.0
1998-03-31,34545.0
1998-04-01,35582.0
1998-04-02,36261.0
1998-04-03,36073.0
1998-04-06,37437.0
1998-04-07,36407.0
1998-04-08,35104.0
1998-04-09,34516.0
1998-04-10,34960.0
1998-04-13,34960.0
1998-04-14,35697.0
1998-04-15,36483.0
1998-04-16,35690.0
1998-04-17,35829.0
1998-04-20,35729.0
1998-04-21,35948.0
1998-04-22,35812.0
1998-04-23,34504.0
1998-04-24,33181.0
1998-04-27,31136.0
1998-04-28,32632.0
1998-04-29,31463.0
1998-04-30,32764.0
1998-05-01,32764.0
1998-05-04,34218.0
1998-05-05,33840.0
1998-05-06,33825.0
1998-05-07,33496.0
1998-05-08,34296.0
1998-05-11,35260.0
1998-05-12,34760.0
1998-05-13,34335.0
1998-05-14,34167.0
1998-05-15,34145.0
1998-05-18,32984.0
1998-05-19,34099.0
1998-05-20,34011.0
1998-05-21,34592.0
1998-05-22,34838.0
1998-05-25,35651.0
1998-05-26,35839.0
1998-05-27,34665.0
1998-05-28,34487.0
1998-05-29,34396.0
1998-06-01,33852.0
1998-06-02,34372.0
1998-06-03,34675.0
1998-06-04,34567.0
1998-06-05,35046.0
1998-06-08,35451.0
1998-06-09,35026.0
1998-06-10,35185.0
1998-06-11,34355.0
1998-06-12,33450.0
1998-06-15,33067.0
1998-06-16,33333.0
1998-06-17,34294.0
1998-06-18,33740.0
1998-06-19,33106.0
1998-06-22,32596.0
1998-06-23,32984.0
1998-06-24,32676.0
1998-06-25,33535.0
1998-06-26,33096.0
1998-06-29,33613.0
1998-06-30,33354.0
1998-07-01,34331.0
1998-07-02,34611.0
1998-07-03,35006.0
1998-07-06,35626.0
1998-07-07,36002.0
1998-07-08,36451.0
1998-07-09,36397.0
1998-07-10,36368.0
1998-07-13,36641.0
1998-07-14,37293.0
1998-07-15,37405.0
1998-07-16,37486.0
1998-07-17,38281.0
1998-07-20,38767.0
1998-07-21,38508.0
1998-07-22,38069.0
1998-07-23,38010.0
1998-07-24,37632.0
1998-07-27,37112.0
1998-07-28,37122.0
1998-07-29,36514.0
1998-07-30,36966.0
1998-07-31,36636.0
1998-08-03,36185.0
1998-08-04,36102.0
1998-08-05,35387.0
1998-08-06,35231.0
1998-08-07,35678.0
1998-08-10,35080.0
1998-08-11,34101.0
1998-08-12,34601.0
1998-08-13,34597.0
1998-08-14,35292.0
1998-08-17,35670.0
1998-08-18,36544.0
1998-08-19,36107.0
1998-08-20,35853.0
1998-08-21,34379.0
1998-08-24,34484.0
1998-08-25,35441.0
1998-08-26,34565.0
1998-08-27,32984.0
1998-08-28,32093.0
1998-08-31,31534.0
1998-09-01,30612.0
1998-09-02,31405.0
1998-09-03,30395.0
1998-09-04,30207.0
1998-09-07,31041.0
1998-09-08,31834.0
1998-09-09,30802.0
1998-09-10,29128.0
1998-09-11,28345.0
1998-09-14,29748.0
1998-09-15,29555.0
1998-09-16,30138.0
1998-09-17,28447.0
1998-09-18,28381.0
1998-09-21,26847.0
1998-09-22,27950.0
1998-09-23,28438.0
1998-09-24,28101.0
1998-09-25,27515.0
1998-09-28,28906.0
1998-09-29,28779.0
1998-09-30,27879.0
1998-10-01,26610.0
1998-10-02,26517.0
1998-10-05,25441.0
1998-10-06,26749.0
1998-10-07,26210.0
1998-10-08,24987.0
1998-10-09,24860.0
1998-10-12,26661.0
1998-10-13,26822.0
1998-10-14,28120.0
1998-10-15,28030.0
1998-10-16,28904.0
1998-10-19,29067.0
1998-10-20,29904.0
1998-10-21,29126.0
1998-10-22,28823.0
1998-10-23,29372.0
1998-10-26,29819.0
1998-10-27,30192.0
1998-10-28,29189.0
1998-10-29,29111.0
1998-10-30,29670.0
1998-11-02,30312.0
1998-11-03,30165.0
1998-11-04,31049.0
1998-11-05,30617.0
1998-11-06,30795.0
1998-11-09,30302.0
1998-11-10,30107.0
1998-11-11,30575.0
1998-11-12,30807.0
1998-11-13,30826.0
1998-11-16,31429.0
1998-11-17,31234.0
1998-11-18,30961.0
1998-11-19,31590.0
1998-11-20,32166.0
1998-11-23,33062.0
1998-11-24,32622.0
1998-11-25,33047.0
1998-11-26,33862.0
1998-11-27,34108.0
1998-11-30,33257.0
1998-12-01,31876.0
1998-12-02,31700.0
1998-12-03,32276.0
1998-12-04,32630.0
1998-12-07,32691.0
1998-12-08,32691.0
1998-12-09,32588.0
1998-12-10,32566.0
1998-12-11,32078.0
1998-12-14,32264.0
1998-12-15,32498.0
1998-12-16,32618.0
1998-12-17,32779.0
1998-12-18,32581.0
1998-12-21,33891.0
1998-12-22,34006.0
1998-12-23,34482.0
1998-12-24,34482.0
1998-12-28,35460.0
1998-12-29,35407.0
1998-12-30,35426.0
1998-12-31,35426.0
1999-01-04,37703.0
1999-01-05,38179.0
1999-01-06,38179.0
1999-01-07,38323.0
1999-01-08,38130.0
1999-01-11,37220.0
1999-01-12,36341.0
1999-01-13,34816.0
1999-01-14,34826.0
1999-01-15,35797.0
1999-01-18,36610.0
1999-01-19,35934.0
1999-01-20,36249.0
1999-01-21,35465.0
1999-01-22,34621.0
1999-01-25,34528.0
1999-01-26,34811.0
1999-01-27,34826.0
1999-01-28,35490.0
1999-01-29,35687.0
1999-02-01,36234.0
1999-02-02,35824.0
1999-02-03,35368.0
1999-02-04,35290.0
1999-02-05,35224.0
1999-02-08,34582.0
1999-02-09,33450.0
1999-02-10,33965.0
1999-02-11,34604.0
1999-02-12,34955.0
1999-02-15,35336.0
1999-02-16,34833.0
1999-02-17,34719.0
1999-02-18,34982.0
1999-02-19,35658.0
1999-02-22,36822.0
1999-02-23,36658.0
1999-02-24,37320.0
1999-02-25,36339.0
1999-02-26,36339.0
1999-03-01,36141.0
1999-03-02,36066.0
1999-03-03,35485.0
1999-03-04,36449.0
1999-03-05,37615.0
1999-03-08,37024.0
1999-03-09,37627.0
1999-03-10,38198.0
1999-03-11,38298.0
1999-03-12,37757.0
1999-03-15,38242.0
1999-03-16,37981.0
1999-03-17,37905.0
1999-03-18,38240.0
1999-03-19,38489.0
1999-03-22,38054.0
1999-03-23,37408.0
1999-03-24,37076.0
1999-03-25,37683.0
1999-03-26,37349.0
1999-03-29,38054.0
1999-03-30,38191.0
1999-03-31,38601.0
1999-04-01,38130.0
1999-04-02,38130.0
1999-04-05,38130.0
1999-04-06,38535.0
1999-04-07,38447.0
1999-04-08,38594.0
1999-04-09,38142.0
1999-04-12,38328.0
1999-04-13,38642.0
1999-04-14,38398.0
1999-04-15,38164.0
1999-04-16,38254.0
1999-04-19,38471.0
1999-04-20,38162.0
1999-04-21,38406.0
1999-04-22,38306.0
1999-04-23,38310.0
1999-04-26,37949.0
1999-04-27,38750.0
1999-04-28,38450.0
1999-04-29,38279.0
1999-04-30,38679.0
1999-05-03,38735.0
1999-05-04,38696.0
1999-05-05,38447.0
1999-05-06,38237.0
1999-05-07,38049.0
1999-05-10,38018.0
1999-05-11,37637.0
1999-05-12,37234.0
1999-05-13,37549.0
1999-05-14,36727.0
1999-05-17,35929.0
1999-05-18,36541.0
1999-05-19,37432.0
1999-05-20,37464.0
1999-05-21,37737.0
1999-05-24,37295.0
1999-05-25,37234.0
1999-05-26,37444.0
1999-05-27,36883.0
1999-05-28,36873.0
1999-05-31,37088.0
1999-06-01,36729.0
1999-06-02,36580.0
1999-06-03,37098.0
1999-06-04,36973.0
1999-06-07,37122.0
1999-06-08,37251.0
1999-06-09,37227.0
1999-06-10,36871.0
1999-06-11,36878.0
1999-06-14,36402.0
1999-06-15,36493.0
1999-06-16,36927.0
1999-06-17,36978.0
1999-06-18,37312.0
1999-06-21,37330.0
1999-06-22,37146.0
1999-06-23,37168.0
1999-06-24,37110.0
1999-06-25,36754.0
1999-06-28,36751.0
1999-06-29,36827.0
1999-06-30,36717.0
1999-07-01,37103.0
1999-07-02,37137.0
1999-07-05,37830.0
1999-07-06,38101.0
1999-07-07,38084.0
1999-07-08,38240.0
1999-07-09,38318.0
1999-07-12,38130.0
1999-07-13,37500.0
1999-07-14,37666.0
1999-07-15,37859.0
1999-07-16,37635.0
1999-07-19,37444.0
1999-07-20,36668.0
1999-07-21,35873.0
1999-07-22,35729.0
1999-07-23,35216.0
1999-07-26,34475.0
1999-07-27,34579.0
1999-07-28,34209.0
1999-07-29,33281.0
1999-07-30,34040.0
1999-08-02,34404.0
1999-08-03,34252.0
1999-08-04,34008.0
1999-08-05,33284.0
1999-08-06,33045.0
1999-08-09,33584.0
1999-08-10,33074.0
1999-08-11,33228.0
1999-08-12,34096.0
1999-08-13,34487.0
1999-08-16,34562.0
1999-08-17,35024.0
1999-08-18,34714.0
1999-08-19,34421.0
1999-08-20,34770.0
1999-08-23,35333.0
1999-08-24,35619.0
1999-08-25,36048.0
1999-08-26,36239.0
1999-08-27,36192.0
1999-08-30,36002.0
1999-08-31,35199.0
1999-09-01,35470.0
1999-09-02,34789.0
1999-09-03,35617.0
1999-09-06,35856.0
1999-09-07,35538.0
1999-09-08,35763.0
1999-09-09,35821.0
1999-09-10,36124.0
1999-09-13,35926.0
1999-09-14,35680.0
1999-09-15,35751.0
1999-09-16,35751.0
1999-09-17,35843.0
1999-09-20,35924.0
1999-09-21,35814.0
1999-09-22,35831.0
1999-09-23,36097.0
1999-09-24,36000.0
1999-09-27,36014.0
1999-09-28,35836.0
1999-09-29,35351.0
1999-09-30,35270.0
1999-10-01,35255.0
1999-10-04,35480.0
1999-10-05,35421.0
1999-10-06,35514.0
1999-10-07,35541.0
1999-10-08,35338.0
1999-10-11,35194.0
1999-10-12,34548.0
1999-10-13,34216.0
1999-10-14,34011.0
1999-10-15,33362.0
1999-10-18,32874.0
1999-10-19,33503.0
1999-10-20,33333.0
1999-10-21,33203.0
1999-10-22,33779.0
1999-10-25,33335.0
1999-10-26,33415.0
1999-10-27,33396.0
1999-10-28,34084.0
1999-10-29,34228.0
1999-11-01,34228.0
1999-11-02,34060.0
1999-11-03,34074.0
1999-11-04,34514.0
1999-11-05,34333.0
1999-11-08,34272.0
1999-11-09,34655.0
1999-11-10,34841.0
1999-11-11,35075.0
1999-11-12,34853.0
1999-11-15,35148.0
1999-11-16,35304.0
1999-11-17,35031.0
1999-11-18,35431.0
1999-11-19,35575.0
1999-11-22,35419.0
1999-11-23,35382.0
1999-11-24,35646.0
1999-11-25,36207.0
1999-11-26,36190.0
1999-11-29,36595.0
1999-11-30,36334.0
1999-12-01,36834.0
1999-12-02,36773.0
1999-12-03,37403.0
1999-12-06,37600.0
1999-12-07,37940.0
1999-12-08,38579.0
1999-12-09,38550.0
1999-12-10,38432.0
1999-12-13,39164.0
1999-12-14,39531.0
1999-12-15,39055.0
1999-12-16,39452.0
1999-12-17,39738.0
1999-12-20,40446.0
1999-12-21,39613.0
1999-12-22,40592.0
1999-12-23,41297.0
1999-12-24,41297.0
1999-12-27,41817.0
1999-12-28,42351.0
1999-12-29,42473.0
1999-12-30,42605.0
1999-12-31,42605.0
2000-01-03,41226.0
2000-01-04,40314.0
2000-01-05,39452.0
2000-01-06,38835.0
2000-01-07,40194.0
2000-01-10,39711.0
2000-01-11,39870.0
2000-01-12,40289.0
2000-01-13,40499.0
2000-01-14,41588.0
2000-01-17,41546.0
2000-01-18,41109.0
2000-01-19,41436.0
2000-01-20,41690.0
2000-01-21,41702.0
2000-01-24,42012.0
2000-01-25,41165.0
2000-01-26,41361.0
2000-01-27,41939.0
2000-01-28,41854.0
2000-01-31,41463.0
2000-02-01,42403.0
2000-02-02,42993.0
2000-02-03,43889.0
2000-02-04,44091.0
2000-02-07,43730.0
2000-02-08,45150.0
2000-02-09,45101.0
2000-02-10,45785.0
2000-02-11,46878.0
2000-02-14,47395.0
2000-02-15,45726.0
2000-02-16,46446.0
2000-02-17,46807.0
2000-02-18,46602.0
2000-02-21,46014.0
2000-02-22,46034.0
2000-02-23,47134.0
2000-02-24,46907.0
2000-02-25,48235.0
2000-02-28,47747.0
2000-02-29,48479.0
2000-03-01,48676.0
2000-03-02,49464.0
2000-03-03,49169.0
2000-03-06,50109.0
2000-03-07,48925.0
2000-03-08,48810.0
2000-03-09,49233.0
2000-03-10,49355.0
2000-03-13,48208.0
2000-03-14,48181.0
2000-03-15,46692.0
2000-03-16,47485.0
2000-03-17,48125.0
2000-03-20,47354.0
2000-03-21,46756.0
2000-03-22,45921.0
2000-03-23,45938.0
2000-03-24,47258.0
2000-03-27,47051.0
2000-03-28,46827.0
2000-03-29,46839.0
2000-03-30,45616.0
2000-03-31,45392.0
2000-04-03,44218.0
2000-04-04,44987.0
2000-04-05,43815.0
2000-04-06,45060.0
2000-04-07,45275.0
2000-04-10,45206.0
2000-04-11,44123.0
2000-04-12,44511.0
2000-04-13,44616.0
2000-04-14,43449.0
2000-04-17,42651.0
2000-04-18,43003.0
2000-04-19,43061.0
2000-04-20,44077.0
2000-04-21,44077.0
2000-04-24,44077.0
2000-04-25,44621.0
2000-04-26,44606.0
2000-04-27,44206.0
2000-04-28,44801.0
2000-05-01,44801.0
2000-05-02,46168.0
2000-05-03,45226.0
2000-05-04,45968.0
2000-05-05,45980.0
2000-05-08,45672.0
2000-05-09,44967.0
2000-05-10,44879.0
2000-05-11,45292.0
2000-05-12,45707.0
2000-05-15,45689.0
2000-05-16,46568.0
2000-05-17,45492.0
2000-05-18,45941.0
2000-05-19,44325.0
2000-05-22,43100.0
2000-05-23,44172.0
2000-05-24,43635.0
2000-05-25,44594.0
2000-05-26,44633.0
2000-05-29,45062.0
2000-05-30,45589.0
2000-05-31,45214.0
2000-06-01,45999.0
2000-06-02,46365.0
2000-06-05,46077.0
2000-06-06,45675.0
2000-06-07,46275.0
2000-06-08,46024.0
2000-06-09,46260.0
2000-06-12,46055.0
2000-06-13,46258.0
2000-06-14,46756.0
2000-06-15,46773.0
2000-06-16,45904.0
2000-06-19,45841.0
2000-06-20,46038.0
2000-06-21,45704.0
2000-06-22,45372.0
2000-06-23,45909.0
2000-06-26,45985.0
2000-06-27,45802.0
2000-06-28,46368.0
2000-06-29,45699.0
2000-06-30,46448.0
2000-07-03,46729.0
2000-07-04,46551.0
2000-07-05,46607.0
2000-07-06,46922.0
2000-07-07,47656.0
2000-07-10,47583.0
2000-07-11,47922.0
2000-07-12,47842.0
2000-07-13,48056.0
2000-07-14,47832.0
2000-07-17,47871.0
2000-07-18,47637.0
2000-07-19,47715.0
2000-07-20,48215.0
2000-07-21,47803.0
2000-07-24,47488.0
2000-07-25,47549.0
2000-07-26,47063.0
2000-07-27,46256.0
2000-07-28,45780.0
2000-07-31,46309.0
2000-08-01,46185.0
2000-08-02,46246.0
2000-08-03,45607.0
2000-08-04,45790.0
2000-08-07,46861.0
2000-08-08,47202.0
2000-08-09,47498.0
2000-08-10,47627.0
2000-08-11,47354.0
2000-08-14,47671.0
2000-08-15,47671.0
2000-08-16,47976.0
2000-08-17,47537.0
2000-08-18,47322.0
2000-08-21,47437.0
2000-08-22,47383.0
2000-08-23,47695.0
2000-08-24,47273.0
2000-08-25,47625.0
2000-08-28,47722.0
2000-08-29,47493.0
2000-08-30,47617.0
2000-08-31,48135.0
2000-09-01,48322.0
2000-09-04,48564.0
2000-09-05,48322.0
2000-09-06,48357.0
2000-09-07,48635.0
2000-09-08,48059.0
2000-09-11,48257.0
2000-09-12,48071.0
2000-09-13,47551.0
2000-09-14,47793.0
2000-09-15,47258.0
2000-09-18,46722.0
2000-09-19,46641.0
2000-09-20,45699.0
2000-09-21,45143.0
2000-09-22,45572.0
2000-09-25,45921.0
2000-09-26,45621.0
2000-09-27,45780.0
2000-09-28,45594.0
2000-09-29,45419.0
2000-10-02,45941.0
2000-10-03,45958.0
2000-10-04,45663.0
2000-10-05,45699.0
2000-10-06,45031.0
2000-10-09,44333.0
2000-10-10,44608.0
2000-10-11,43657.0
2000-10-12,43452.0
2000-10-13,44291.0
2000-10-16,44367.0
2000-10-17,44150.0
2000-10-18,44030.0
2000-10-19,45114.0
2000-10-20,45394.0
2000-10-23,45719.0
2000-10-24,46297.0
2000-10-25,46151.0
2000-10-26,46077.0
2000-10-27,46805.0
2000-10-30,46953.0
2000-10-31,47459.0
2000-11-01,48047.0
2000-11-02,47876.0
2000-11-03,47937.0
2000-11-06,48220.0
2000-11-07,48335.0
2000-11-08,48056.0
2000-11-09,47988.0
2000-11-10,47263.0
2000-11-13,46539.0
2000-11-14,47854.0
2000-11-15,48437.0
2000-11-16,48012.0
2000-11-17,47817.0
2000-11-20,47071.0
2000-11-21,47366.0
2000-11-22,46402.0
2000-11-23,46880.0
2000-11-24,47654.0
2000-11-27,47625.0
2000-11-28,47219.0
2000-11-29,47564.0
2000-11-30,46290.0
2000-12-01,46426.0
2000-12-04,45155.0
2000-12-05,46102.0
2000-12-06,45707.0
2000-12-07,45358.0
2000-12-08,45548.0
2000-12-11,45794.0
2000-12-12,45731.0
2000-12-13,45272.0
2000-12-14,44467.0
2000-12-15,43603.0
2000-12-18,43391.0
2000-12-19,44291.0
2000-12-20,43222.0
2000-12-21,42942.0
2000-12-22,43347.0
2000-12-26,43347.0
2000-12-27,43967.0
2000-12-28,44213.0
2000-12-29,43662.0
2001-01-02,42759.0
2001-01-03,41746.0
2001-01-04,42676.0
2001-01-05,42795.0
2001-01-08,42651.0
2001-01-09,42627.0
2001-01-10,42747.0
2001-01-11,43403.0
2001-01-12,44037.0
2001-01-15,44047.0
2001-01-16,43576.0
2001-01-17,44735.0
2001-01-18,44630.0
2001-01-19,44418.0
2001-01-22,44499.0
2001-01-23,44201.0
2001-01-24,44779.0
2001-01-25,44818.0
2001-01-26,44635.0
2001-01-29,44484.0
2001-01-30,44784.0
2001-01-31,45067.0
2001-02-01,44579.0
2001-02-02,44101.0
2001-02-05,43715.0
2001-02-06,43740.0
2001-02-07,43140.0
2001-02-08,43183.0
2001-02-09,42549.0
2001-02-12,43198.0
2001-02-13,43057.0
2001-02-14,42449.0
2001-02-15,42776.0
2001-02-16,41856.0
2001-02-19,41919.0
2001-02-20,41270.0
2001-02-21,40938.0
2001-02-22,40563.0
2001-02-23,39884.0
2001-02-26,40287.0
2001-02-27,40089.0
2001-02-28,40036.0
2001-03-01,39338.0
2001-03-02,39030.0
2001-03-05,38994.0
2001-03-06,39787.0
2001-03-07,40014.0
2001-03-08,40019.0
2001-03-09,39277.0
2001-03-12,38174.0
2001-03-13,38179.0
2001-03-14,37808.0
2001-03-15,38103.0
2001-03-16,37439.0
2001-03-19,37466.0
2001-03-20,38003.0
2001-03-21,37576.0
2001-03-22,35919.0
2001-03-23,37000.0
2001-03-26,37952.0
2001-03-27,38930.0
2001-03-28,38381.0
2001-03-29,38952.0
2001-03-30,38996.0
2001-04-02,39069.0
2001-04-03,37940.0
2001-04-04,38376.0
2001-04-05,38986.0
2001-04-06,39064.0
2001-04-09,39460.0
2001-04-10,39889.0
2001-04-11,39718.0
2001-04-12,39926.0
2001-04-13,39926.0
2001-04-16,39926.0
2001-04-17,39987.0
2001-04-18,40824.0
2001-04-19,40614.0
2001-04-20,40292.0
2001-04-23,39574.0
2001-04-24,40060.0
2001-04-25,40133.0
2001-04-26,40036.0
2001-04-27,40470.0
2001-04-30,41122.0
2001-05-01,41122.0
2001-05-02,41124.0
2001-05-03,40104.0
2001-05-04,40228.0
2001-05-07,40377.0
2001-05-08,40160.0
2001-05-09,39682.0
2001-05-10,40136.0
2001-05-11,40163.0
2001-05-14,40294.0
2001-05-15,40050.0
2001-05-16,39958.0
2001-05-17,39899.0
2001-05-18,40043.0
2001-05-21,39765.0
2001-05-22,40355.0
2001-05-23,40150.0
2001-05-24,40531.0
2001-05-25,40119.0
2001-05-28,40287.0
2001-05-29,39855.0
2001-05-30,39101.0
2001-05-31,38996.0
2001-06-01,38747.0
2001-06-04,38552.0
2001-06-05,38986.0
2001-06-06,38547.0
2001-06-07,38867.0
2001-06-08,39184.0
2001-06-11,39096.0
2001-06-12,38425.0
2001-06-13,38554.0
2001-06-14,37852.0
2001-06-15,37469.0
2001-06-18,36900.0
2001-06-19,37061.0
2001-06-20,36683.0
2001-06-21,36402.0
2001-06-22,36629.0
2001-06-25,36993.0
2001-06-26,36568.0
2001-06-27,36700.0
2001-06-28,37159.0
2001-06-29,37315.0
2001-07-02,38130.0
2001-07-03,37842.0
2001-07-04,37703.0
2001-07-05,37625.0
2001-07-06,36802.0
2001-07-09,36846.0
2001-07-10,36629.0
2001-07-11,36180.0
2001-07-12,36205.0
2001-07-13,36336.0
2001-07-16,36253.0
2001-07-17,35641.0
2001-07-18,35153.0
2001-07-19,35646.0
2001-07-20,35475.0
2001-07-23,35707.0
2001-07-24,35617.0
2001-07-25,35355.0
2001-07-26,35575.0
2001-07-27,36070.0
2001-07-30,36400.0
2001-07-31,36507.0
2001-08-01,36744.0
2001-08-02,36527.0
2001-08-03,36458.0
2001-08-06,36788.0
2001-08-07,36861.0
2001-08-08,36593.0
2001-08-09,36275.0
2001-08-10,35739.0
2001-08-13,35904.0
2001-08-14,36202.0
2001-08-15,36202.0
2001-08-16,35800.0
2001-08-17,35092.0
2001-08-20,35050.0
2001-08-21,35109.0
2001-08-22,35243.0
2001-08-23,35377.0
2001-08-24,35990.0
2001-08-27,35875.0
2001-08-28,35538.0
2001-08-29,35643.0
2001-08-30,34906.0
2001-08-31,34643.0
2001-09-03,34304.0
2001-09-04,34287.0
2001-09-05,33176.0
2001-09-06,32047.0
2001-09-07,31805.0
2001-09-10,31512.0
2001-09-11,29128.0
2001-09-12,29253.0
2001-09-13,29643.0
2001-09-14,27681.0
2001-09-17,27698.0
2001-09-18,27135.0
2001-09-19,26515.0
2001-09-20,25146.0
2001-09-21,23896.0
2001-09-24,25790.0
2001-09-25,26542.0
2001-09-26,27091.0
2001-09-27,27645.0
2001-09-28,29001.0
2001-10-01,28250.0
2001-10-02,28596.0
2001-10-03,28904.0
2001-10-04,29828.0
2001-10-05,29070.0
2001-10-08,29570.0
2001-10-09,29265.0
2001-10-10,30270.0
2001-10-11,30939.0
2001-10-12,30341.0
2001-10-15,29763.0
2001-10-16,30282.0
2001-10-17,30939.0
2001-10-18,30646.0
2001-10-19,29987.0
2001-10-22,30729.0
2001-10-23,31676.0
2001-10-24,31678.0
2001-10-25,30900.0
2001-10-26,31790.0
2001-10-29,31295.0
2001-10-30,30063.0
2001-10-31,30595.0
2001-11-01,30658.0
2001-11-02,30543.0
2001-11-05,31224.0
2001-11-06,30765.0
2001-11-07,31107.0
2001-11-08,31759.0
2001-11-09,31471.0
2001-11-12,30580.0
2001-11-13,31556.0
2001-11-14,31527.0
2001-11-15,31766.0
2001-11-16,32220.0
2001-11-19,33030.0
2001-11-20,32442.0
2001-11-21,32410.0
2001-11-22,32640.0
2001-11-23,32737.0
2001-11-26,32486.0
2001-11-27,31883.0
2001-11-28,31788.0
2001-11-29,31912.0
2001-11-30,31886.0
2001-12-03,31593.0
2001-12-04,32003.0
2001-12-05,33225.0
2001-12-06,33364.0
2001-12-07,33171.0
2001-12-10,32364.0
2001-12-11,32408.0
2001-12-12,31939.0
2001-12-13,31144.0
2001-12-14,30997.0
2001-12-17,32003.0
2001-12-18,31759.0
2001-12-19,31437.0
2001-12-20,31002.0
2001-12-21,31729.0
2001-12-24,31729.0
2001-12-26,31729.0
2001-12-27,32271.0
2001-12-28,32317.0
2001-12-31,32317.0
2002-01-02,32044.0
2002-01-03,32764.0
2002-01-04,32625.0
2002-01-07,32330.0
2002-01-08,32493.0
2002-01-09,32661.0
2002-01-10,31966.0
2002-01-11,32176.0
2002-01-14,31351.0
2002-01-15,31795.0
2002-01-16,31307.0
2002-01-17,31693.0
2002-01-18,31798.0
2002-01-21,31402.0
2002-01-22,31639.0
2002-01-23,31734.0
2002-01-24,31993.0
2002-01-25,32142.0
2002-01-28,32476.0
2002-01-29,32266.0
2002-01-30,32049.0
2002-01-31,32171.0
2002-02-01,32117.0
2002-02-04,31593.0
2002-02-05,31036.0
2002-02-06,30524.0
2002-02-07,30707.0
2002-02-08,30812.0
2002-02-11,30753.0
2002-02-12,30517.0
2002-02-13,31007.0
2002-02-14,31344.0
2002-02-15,30968.0
2002-02-18,30817.0
2002-02-19,30153.0
2002-02-20,30033.0
2002-02-21,30351.0
2002-02-22,30119.0
2002-02-25,30524.0
2002-02-26,30707.0
2002-02-27,31754.0
2002-02-28,31820.0
2002-03-01,32069.0
2002-03-04,32886.0
2002-03-05,32766.0
2002-03-06,33047.0
2002-03-07,32949.0
2002-03-08,33289.0
2002-03-11,33049.0
2002-03-12,32752.0
2002-03-13,33001.0
2002-03-14,33174.0
2002-03-15,33301.0
2002-03-18,33176.0
2002-03-19,33530.0
2002-03-20,33240.0
2002-03-21,33320.0
2002-03-22,33442.0
2002-03-25,33067.0
2002-03-26,33279.0
2002-03-27,33118.0
2002-03-28,33679.0
2002-03-29,33679.0
2002-04-01,33679.0
2002-04-02,33520.0
2002-04-03,33616.0
2002-04-04,33215.0
2002-04-05,33225.0
2002-04-08,32483.0
2002-04-09,32666.0
2002-04-10,33062.0
2002-04-11,32527.0
2002-04-12,32683.0
2002-04-15,32769.0
2002-04-16,33706.0
2002-04-17,33594.0
2002-04-18,33406.0
2002-04-19,33557.0
2002-04-22,33220.0
2002-04-23,33213.0
2002-04-24,33215.0
2002-04-25,32730.0
2002-04-26,32579.0
2002-04-29,32544.0
2002-04-30,32474.0
2002-05-01,32474.0
2002-05-02,31881.0
2002-05-03,31534.0
2002-05-06,31566.0
2002-05-07,31332.0
2002-05-08,31961.0
2002-05-09,31544.0
2002-05-10,31129.0
2002-05-13,31588.0
2002-05-14,32122.0
2002-05-15,32130.0
2002-05-16,32110.0
2002-05-17,31942.0
2002-05-20,31280.0
2002-05-21,31312.0
2002-05-22,30992.0
2002-05-23,30909.0
2002-05-24,30768.0
2002-05-27,30856.0
2002-05-28,30836.0
2002-05-29,30726.0
2002-05-30,30251.0
2002-05-31,30143.0
2002-06-03,29736.0
2002-06-04,28989.0
2002-06-05,28994.0
2002-06-06,28789.0
2002-06-07,28525.0
2002-06-10,28782.0
2002-06-11,29516.0
2002-06-12,28957.0
2002-06-13,28384.0
2002-06-14,27854.0
2002-06-17,28872.0
2002-06-18,28894.0
2002-06-19,28594.0
2002-06-20,27879.0
2002-06-21,27791.0
2002-06-24,27039.0
2002-06-25,27442.0
2002-06-26,27117.0
2002-06-27,27244.0
2002-06-28,28091.0
2002-07-01,28250.0
2002-07-02,27405.0
2002-07-03,26827.0
2002-07-04,27034.0
2002-07-05,28186.0
2002-07-08,28091.0
2002-07-09,27984.0
2002-07-10,27371.0
2002-07-11,26532.0
2002-07-12,26307.0
2002-07-15,25170.0
2002-07-16,25256.0
2002-07-17,25763.0
2002-07-18,26195.0
2002-07-19,25114.0
2002-07-22,24072.0
2002-07-23,23752.0
2002-07-24,23496.0
2002-07-25,23833.0
2002-07-26,23918.0
2002-07-29,25073.0
2002-07-30,25126.0
2002-07-31,25295.0
2002-08-01,24511.0
2002-08-02,24338.0
2002-08-05,23823.0
2002-08-06,24763.0
2002-08-07,24494.0
2002-08-08,25224.0
2002-08-09,25592.0
2002-08-12,25136.0
2002-08-13,25429.0
2002-08-14,24626.0
2002-08-15,24626.0
2002-08-16,25524.0
2002-08-19,26388.0
2002-08-20,26168.0
2002-08-21,26400.0
2002-08-22,26769.0
2002-08-23,26434.0
2002-08-26,26310.0
2002-08-27,26947.0
2002-08-28,25980.0
2002-08-29,25378.0
2002-08-30,25553.0
2002-09-02,25151.0
2002-09-03,24221.0
2002-09-04,24502.0
2002-09-05,24265.0
2002-09-06,24904.0
2002-09-09,24363.0
2002-09-10,25099.0
2002-09-11,25551.0
2002-09-12,24680.0
2002-09-13,24262.0
2002-09-16,24238.0
2002-09-17,23994.0
2002-09-18,23260.0
2002-09-19,22852.0
2002-09-20,22510.0
2002-09-23,21410.0
2002-09-24,21386.0
2002-09-25,21693.0
2002-09-26,22406.0
2002-09-27,22274.0
2002-09-30,21278.0
2002-10-01,21459.0
2002-10-02,21915.0
2002-10-03,21810.0
2002-10-04,21144.0
2002-10-07,21059.0
2002-10-08,20602.0
2002-10-09,20424.0
2002-10-10,21105.0
2002-10-11,21861.0
2002-10-14,21608.0
2002-10-15,23038.0
2002-10-16,22708.0
2002-10-17,23264.0
2002-10-18,23140.0
2002-10-21,23384.0
2002-10-22,23181.0
2002-10-23,22720.0
2002-10-24,23286.0
2002-10-25,23140.0
2002-10-28,23360.0
2002-10-29,22530.0
2002-10-30,23311.0
2002-10-31,23557.0
2002-11-01,23267.0
2002-11-04,24341.0
2002-11-05,24494.0
2002-11-06,24219.0
2002-11-07,23504.0
2002-11-08,23277.0
2002-11-11,22937.0
2002-11-12,23343.0
2002-11-13,23260.0
2002-11-14,23948.0
2002-11-15,23914.0
2002-11-18,24304.0
2002-11-19,24299.0
2002-11-20,24406.0
2002-11-21,25156.0
2002-11-22,25221.0
2002-11-25,25317.0
2002-11-26,24877.0
2002-11-27,25707.0
2002-11-28,25927.0
2002-11-29,25919.0
2002-12-02,25892.0
2002-12-03,25153.0
2002-12-04,25182.0
2002-12-05,24655.0
2002-12-06,24543.0
2002-12-09,23896.0
2002-12-10,24241.0
2002-12-11,24455.0
2002-12-12,24133.0
2002-12-13,23794.0
2002-12-16,24448.0
2002-12-17,24255.0
2002-12-18,23699.0
2002-12-19,23460.0
2002-12-20,23884.0
2002-12-23,23904.0
2002-12-24,23904.0
2002-12-26,23904.0
2002-12-27,23352.0
2002-12-30,23508.0
2002-12-31,23508.0
2003-01-02,24450.0
2003-01-03,24541.0
2003-01-06,24804.0
2003-01-07,24487.0
2003-01-08,24199.0
2003-01-09,24521.0
2003-01-10,24414.0
2003-01-13,24485.0
2003-01-14,24531.0
2003-01-15,24282.0
2003-01-16,24338.0
2003-01-17,23521.0
2003-01-20,23194.0
2003-01-21,22845.0
2003-01-22,22496.0
2003-01-23,22425.0
2003-01-24,22181.0
2003-01-27,21764.0
2003-01-28,21752.0
2003-01-29,22000.0
2003-01-30,22425.0
2003-01-31,22532.0
2003-02-03,22754.0
2003-02-04,22079.0
2003-02-05,22506.0
2003-02-06,22215.0
2003-02-07,22235.0
2003-02-10,22061.0
2003-02-11,22723.0
2003-02-12,22486.0
2003-02-13,22452.0
2003-02-14,22806.0
2003-02-17,23125.0
2003-02-18,23457.0
2003-02-19,22937.0
2003-02-20,22859.0
2003-02-21,23264.0
2003-02-24,23325.0
2003-02-25,22735.0
2003-02-26,22647.0
2003-02-27,23150.0
2003-02-28,23279.0
2003-03-03,23086.0
2003-03-04,22711.0
2003-03-05,22440.0
2003-03-06,21830.0
2003-03-07,21488.0
2003-03-10,21020.0
2003-03-11,21022.0
2003-03-12,20324.0
2003-03-13,21132.0
2003-03-14,21920.0
2003-03-17,22452.0
2003-03-18,22208.0
2003-03-19,22542.0
2003-03-20,22237.0
2003-03-21,22930.0
2003-03-24,22205.0
2003-03-25,22589.0
2003-03-26,22574.0
2003-03-27,22196.0
2003-03-28,22301.0
2003-03-31,21605.0
2003-04-01,21803.0
2003-04-02,22476.0
2003-04-03,22728.0
2003-04-04,22767.0
2003-04-07,23365.0
2003-04-08,23360.0
2003-04-09,23245.0
2003-04-10,23045.0
2003-04-11,23177.0
2003-04-14,23255.0
2003-04-15,23479.0
2003-04-16,23289.0
2003-04-17,23569.0
2003-04-18,23569.0
2003-04-21,23569.0
2003-04-22,23711.0
2003-04-23,23953.0
2003-04-24,23787.0
2003-04-25,23355.0
2003-04-28,23914.0
2003-04-29,23884.0
2003-04-30,23887.0
2003-05-01,23887.0
2003-05-02,23918.0
2003-05-05,24106.0
2003-05-06,24411.0
2003-05-07,24343.0
2003-05-08,23984.0
2003-05-09,24023.0
2003-05-12,23987.0
2003-05-13,23955.0
2003-05-14,24023.0
2003-05-15,24287.0
2003-05-16,24316.0
2003-05-19,23491.0
2003-05-20,23516.0
2003-05-21,23323.0
2003-05-22,23731.0
2003-05-23,23843.0
2003-05-26,23843.0
2003-05-27,24184.0
2003-05-28,24572.0
2003-05-29,24729.0
2003-05-30,24946.0
2003-06-02,25197.0
2003-06-03,24909.0
2003-06-04,24982.0
2003-06-05,24897.0
2003-06-06,25148.0
2003-06-09,24863.0
2003-06-10,25031.0
2003-06-11,25234.0
2003-06-12,25348.0
2003-06-13,25160.0
2003-06-16,25531.0
2003-06-17,25634.0
2003-06-18,25853.0
2003-06-19,25583.0
2003-06-20,25753.0
2003-06-23,25082.0
2003-06-24,25224.0
2003-06-25,25334.0
2003-06-26,25143.0
2003-06-27,25124.0
2003-06-30,24677.0
2003-07-01,24197.0
2003-07-02,24404.0
2003-07-03,24311.0
2003-07-04,24416.0
2003-07-07,25019.0
2003-07-08,25060.0
2003-07-09,24885.0
2003-07-10,24716.0
2003-07-11,24960.0
2003-07-14,25219.0
2003-07-15,25192.0
2003-07-16,25097.0
2003-07-17,24958.0
2003-07-18,25060.0
2003-07-21,24809.0
2003-07-22,24885.0
2003-07-23,24804.0
2003-07-24,25053.0
2003-07-25,24827.0
2003-07-28,25080.0
2003-07-29,24819.0
2003-07-30,24880.0
2003-07-31,25132.0
2003-08-01,24918.0
2003-08-04,24758.0
2003-08-05,24841.0
2003-08-06,24581.0
2003-08-07,24599.0
2003-08-08,24766.0
2003-08-11,24951.0
2003-08-12,25098.0
2003-08-13,25133.0
2003-08-14,25447.0
2003-08-15,25447.0
2003-08-18,25630.0
2003-08-19,25651.0
2003-08-20,25493.0
2003-08-21,25481.0
2003-08-22,25592.0
2003-08-25,25344.0
2003-08-26,25152.0
2003-08-27,25307.0
2003-08-28,25411.0
2003-08-29,25247.0
2003-09-01,25473.0
2003-09-02,25529.0
2003-09-03,25853.0
2003-09-04,25828.0
2003-09-05,25800.0
2003-09-08,26121.0
2003-09-09,25843.0
2003-09-10,25579.0
2003-09-11,25605.0
2003-09-12,25509.0
2003-09-15,25511.0
2003-09-16,25756.0
2003-09-17,25796.0
2003-09-18,26105.0
2003-09-19,26092.0
2003-09-22,25465.0
2003-09-23,25413.0
2003-09-24,25443.0
2003-09-25,25232.0
2003-09-26,25030.0
2003-09-29,24994.0
2003-09-30,24615.0
2003-10-01,24956.0
2003-10-02,24921.0
2003-10-03,25422.0
2003-10-06,25251.0
2003-10-07,25197.0
2003-10-08,25218.0
2003-10-09,25563.0
2003-10-10,25429.0
2003-10-13,25703.0
2003-10-14,25692.0
2003-10-15,25990.0
2003-10-16,25955.0
2003-10-17,25825.0
2003-10-20,25831.0
2003-10-21,25889.0
2003-10-22,25507.0
2003-10-23,25269.0
2003-10-24,25287.0
2003-10-27,25452.0
2003-10-28,25632.0
2003-10-29,25752.0
2003-10-30,25923.0
2003-10-31,25973.0
2003-11-03,26337.0
2003-11-04,26360.0
2003-11-05,26216.0
2003-11-06,26355.0
2003-11-07,26670.0
2003-11-10,26586.0
2003-11-11,26361.0
2003-11-12,26498.0
2003-11-13,26672.0
2003-11-14,26782.0
2003-11-17,26357.0
2003-11-18,26505.0
2003-11-19,26447.0
2003-11-20,26368.0
2003-11-21,26367.0
2003-11-24,26869.0
2003-11-25,26927.0
2003-11-26,26939.0
2003-11-27,27089.0
2003-11-28,27156.0
2003-12-01,27478.0
2003-12-02,27453.0
2003-12-03,27650.0
2003-12-04,27807.0
2003-12-05,27620.0
2003-12-08,27488.0
2003-12-09,27489.0
2003-12-10,27282.0
2003-12-11,27501.0
2003-12-12,27368.0
2003-12-15,27537.0
2003-12-16,27459.0
2003-12-17,27486.0
2003-12-18,27632.0
2003-12-19,27378.0
2003-12-22,26884.0
2003-12-23,26856.0
2003-12-24,26856.0
2003-12-26,26856.0
2003-12-29,27020.0
2003-12-30,26887.0
2003-12-31,26887.0
2004-01-02,27384.0
2004-01-05,27530.0
2004-01-06,27652.0
2004-01-07,27187.0
2004-01-08,27503.0
2004-01-09,27441.0
2004-01-12,27471.0
2004-01-13,27393.0
2004-01-14,27631.0
2004-01-15,27742.0
2004-01-16,27861.0
2004-01-19,28133.0
2004-01-20,28040.0
2004-01-21,28137.0
2004-01-22,28095.0
2004-01-23,28130.0
2004-01-26,28114.0
2004-01-27,28240.0
2004-01-28,28308.0
2004-01-29,28033.0
2004-01-30,27774.0
2004-02-02,27840.0
2004-02-03,27655.0
2004-02-04,27677.0
2004-02-05,27525.0
2004-02-06,27587.0
2004-02-09,27897.0
2004-02-10,27906.0
2004-02-11,27902.0
2004-02-12,27880.0
2004-02-13,27579.0
2004-02-16,27672.0
2004-02-17,27849.0
2004-02-18,27836.0
2004-02-19,28013.0
2004-02-20,27807.0
2004-02-23,27932.0
2004-02-24,27750.0
2004-02-25,27806.0
2004-02-26,27881.0
2004-02-27,27957.0
2004-03-01,28188.0
2004-03-02,28290.0
2004-03-03,28209.0
2004-03-04,28323.0
2004-03-05,28359.0
2004-03-08,28443.0
2004-03-09,28341.0
2004-03-10,28350.0
2004-03-11,27695.0
2004-03-12,27548.0
2004-03-15,26881.0
2004-03-16,26952.0
2004-03-17,27209.0
2004-03-18,26837.0
2004-03-19,26858.0
2004-03-22,26470.0
2004-03-23,26472.0
2004-03-24,26479.0
2004-03-25,26834.0
2004-03-26,26869.0
2004-03-29,27250.0
2004-03-30,27181.0
2004-03-31,27148.0
2004-04-01,27400.0
2004-04-02,27877.0
2004-04-05,28072.0
2004-04-06,27997.0
2004-04-07,27888.0
2004-04-08,27985.0
2004-04-09,27985.0
2004-04-12,27985.0
2004-04-13,28430.0
2004-04-14,28232.0
2004-04-15,28200.0
2004-04-16,28350.0
2004-04-19,28262.0
2004-04-20,28437.0
2004-04-21,28257.0
2004-04-22,28416.0
2004-04-23,28489.0
2004-04-26,28550.0
2004-04-27,28542.0
2004-04-28,28294.0
2004-04-29,28111.0
2004-04-30,28020.0
2004-05-03,28232.0
2004-05-04,28158.0
2004-05-05,28318.0
2004-05-06,27734.0
2004-05-07,27687.0
2004-05-10,27069.0
2004-05-11,27405.0
2004-05-12,27111.0
2004-05-13,27395.0
2004-05-14,27289.0
2004-05-17,26959.0
2004-05-18,27080.0
2004-05-19,27526.0
2004-05-20,27435.0
2004-05-21,27373.0
2004-05-24,27101.0
2004-05-25,26989.0
2004-05-26,27267.0
2004-05-27,27378.0
2004-05-28,27344.0
2004-05-31,27355.0
2004-06-01,27231.0
2004-06-02,27329.0
2004-06-03,27315.0
2004-06-04,27532.0
2004-06-07,27781.0
2004-06-08,27841.0
2004-06-09,27783.0
2004-06-10,27955.0
2004-06-11,27933.0
2004-06-14,27729.0
2004-06-15,28053.0
2004-06-16,28162.0
2004-06-17,28242.0
2004-06-18,28297.0
2004-06-21,28054.0
2004-06-22,27892.0
2004-06-23,27996.0
2004-06-24,28149.0
2004-06-25,28194.0
2004-06-28,28310.0
2004-06-29,28234.0
2004-06-30,28092.0
2004-07-01,27940.0
2004-07-02,27909.0
2004-07-05,27941.0
2004-07-06,27795.0
2004-07-07,27751.0
2004-07-08,27844.0
2004-07-09,27929.0
2004-07-12,27728.0
2004-07-13,27772.0
2004-07-14,27645.0
2004-07-15,27434.0
2004-07-16,27436.0
2004-07-19,27329.0
2004-07-20,27381.0
2004-07-21,27499.0
2004-07-22,27136.0
2004-07-23,27128.0
2004-07-26,26886.0
2004-07-27,27078.0
2004-07-28,27061.0
2004-07-29,27397.0
2004-07-30,27538.0
2004-08-02,27429.0
2004-08-03,27507.0
2004-08-04,27250.0
2004-08-05,27126.0
2004-08-06,26652.0
2004-08-09,26419.0
2004-08-10,26581.0
2004-08-11,26310.0
2004-08-12,26249.0
2004-08-13,26198.0
2004-08-16,26450.0
2004-08-17,26447.0
2004-08-18,26482.0
2004-08-19,26508.0
2004-08-20,26421.0
2004-08-23,26718.0
2004-08-24,26730.0
2004-08-25,26805.0
2004-08-26,26923.0
2004-08-27,27084.0
2004-08-30,27009.0
2004-08-31,26913.0
2004-09-01,27171.0
2004-09-02,27377.0
2004-09-03,27666.0
2004-09-06,27659.0
2004-09-07,27627.0
2004-09-08,27610.0
2004-09-09,27466.0
2004-09-10,27590.0
2004-09-13,27835.0
2004-09-14,27767.0
2004-09-15,27717.0
2004-09-16,27745.0
2004-09-17,27934.0
2004-09-20,27904.0
2004-09-21,28093.0
2004-09-22,27984.0
2004-09-23,27918.0
2004-09-24,27983.0
2004-09-27,27824.0
2004-09-28,27959.0
2004-09-29,28019.0
2004-09-30,27794.0
2004-10-01,28324.0
2004-10-04,28515.0
2004-10-05,28621.0
2004-10-06,28579.0
2004-10-07,28659.0
2004-10-08,28588.0
2004-10-11,28579.0
2004-10-12,28388.0
2004-10-13,28457.0
2004-10-14,28366.0
2004-10-15,28338.0
2004-10-18,28281.0
2004-10-19,28487.0
2004-10-20,28320.0
2004-10-21,28460.0
2004-10-22,28520.0
2004-10-25,28193.0
2004-10-26,28233.0
2004-10-27,28562.0
2004-10-28,28754.0
2004-10-29,28681.0
2004-11-01,28971.0
2004-11-02,29061.0
2004-11-03,29115.0
2004-11-04,29214.0
2004-11-05,29330.0
2004-11-08,29442.0
2004-11-09,29377.0
2004-11-10,29393.0
2004-11-11,29690.0
2004-11-12,29724.0
2004-11-15,29642.0
2004-11-16,29418.0
2004-11-17,29831.0
2004-11-18,29862.0
2004-11-19,29718.0
2004-11-22,29631.0
2004-11-23,29589.0
2004-11-24,29673.0
2004-11-25,29841.0
2004-11-26,29771.0
2004-11-29,29680.0
2004-11-30,29615.0
2004-12-01,29917.0
2004-12-02,29969.0
2004-12-03,29908.0
2004-12-06,30003.0
2004-12-07,30173.0
2004-12-08,30272.0
2004-12-09,30071.0
2004-12-10,30253.0
2004-12-13,30343.0
2004-12-14,30408.0
2004-12-15,30356.0
2004-12-16,30399.0
2004-12-17,30273.0
2004-12-20,30468.0
2004-12-21,30548.0
2004-12-22,30771.0
2004-12-23,30867.0
2004-12-24,30867.0
2004-12-27,30824.0
2004-12-28,30904.0
2004-12-29,30888.0
2004-12-30,30903.0
2004-12-31,30903.0
2005-01-03,31005.0
2005-01-04,31094.0
2005-01-05,30976.0
2005-01-06,31073.0
2005-01-07,31128.0
2005-01-10,31134.0
2005-01-11,30740.0
2005-01-12,30645.0
2005-01-13,30863.0
2005-01-14,31056.0
2005-01-17,31126.0
2005-01-18,31094.0
2005-01-19,31221.0
2005-01-20,31132.0
2005-01-21,31190.0
2005-01-24,31042.0
2005-01-25,31221.0
2005-01-26,31164.0
2005-01-27,31129.0
2005-01-28,31008.0
2005-01-31,31334.0
2005-02-01,31515.0
2005-02-02,31563.0
2005-02-03,31537.0
2005-02-04,31896.0
2005-02-07,32039.0
2005-02-08,32176.0
2005-02-09,32101.0
2005-02-10,32134.0
2005-02-11,32328.0
2005-02-14,32307.0
2005-02-15,32371.0
2005-02-16,32142.0
2005-02-17,32161.0
2005-02-18,32008.0
2005-02-21,31675.0
2005-02-22,31507.0
2005-02-23,31400.0
2005-02-24,31403.0
2005-02-25,31744.0
2005-02-28,31850.0
2005-03-01,31949.0
2005-03-02,31933.0
2005-03-03,31902.0
2005-03-04,32160.0
2005-03-07,32236.0
2005-03-08,32048.0
2005-03-09,31963.0
2005-03-10,31702.0
2005-03-11,31680.0
2005-03-14,31717.0
2005-03-15,31966.0
2005-03-16,31577.0
2005-03-17,31639.0
2005-03-18,31868.0
2005-03-21,31929.0
2005-03-22,31965.0
2005-03-23,31905.0
2005-03-24,32115.0
2005-03-25,32115.0
2005-03-28,32115.0
2005-03-29,32181.0
2005-03-30,32206.0
2005-03-31,32302.0
2005-04-01,32481.0
2005-04-04,32355.0
2005-04-05,32385.0
2005-04-06,32508.0
2005-04-07,32856.0
2005-04-08,32812.0
2005-04-11,32852.0
2005-04-12,32669.0
2005-04-13,32698.0
2005-04-14,32587.0
2005-04-15,31816.0
2005-04-18,31052.0
2005-04-19,31087.0
2005-04-20,31025.0
2005-04-21,31161.0
2005-04-22,31325.0
2005-04-25,31364.0
2005-04-26,31322.0
2005-04-27,30946.0
2005-04-28,30841.0
2005-04-29,30911.0
2005-05-02,31150.0
2005-05-03,31224.0
2005-05-04,31266.0
2005-05-05,31435.0
2005-05-06,31412.0
2005-05-09,31345.0
2005-05-10,31036.0
2005-05-11,31116.0
2005-05-12,31337.0
2005-05-13,31373.0
2005-05-16,31333.0
2005-05-17,31060.0
2005-05-18,31567.0
2005-05-19,31635.0
2005-05-20,31676.0
2005-05-23,31583.0
2005-05-24,31532.0
2005-05-25,31564.0
2005-05-26,31765.0
2005-05-27,31703.0
2005-05-30,31878.0
2005-05-31,31739.0
2005-06-01,32111.0
2005-06-02,32139.0
2005-06-03,31958.0
2005-06-06,31859.0
2005-06-07,32153.0
2005-06-08,32192.0
2005-06-09,32278.0
2005-06-10,32378.0
2005-06-13,32603.0
2005-06-14,32663.0
2005-06-15,32622.0
2005-06-16,32732.0
2005-06-17,32758.0
2005-06-20,32281.0
2005-06-21,32419.0
2005-06-22,32385.0
2005-06-23,32390.0
2005-06-24,32057.0
2005-06-27,31734.0
2005-06-28,32038.0
2005-06-29,32185.0
2005-06-30,32343.0
2005-07-01,32532.0
2005-07-04,32650.0
2005-07-05,32553.0
2005-07-06,32731.0
2005-07-07,32185.0
2005-07-08,32769.0
2005-07-11,32985.0
2005-07-12,32843.0
2005-07-13,33124.0
2005-07-14,33316.0
2005-07-15,33164.0
2005-07-18,33228.0
2005-07-19,33601.0
2005-07-20,33465.0
2005-07-21,33474.0
2005-07-22,33540.0
2005-07-25,33614.0
2005-07-26,33630.0
2005-07-27,33658.0
2005-07-28,33774.0
2005-07-29,33693.0
2005-08-01,33617.0
2005-08-02,33931.0
2005-08-03,33896.0
2005-08-04,33501.0
2005-08-05,33335.0
2005-08-08,33547.0
2005-08-09,33753.0
2005-08-10,34027.0
2005-08-11,33922.0
2005-08-12,33783.0
2005-08-15,33783.0
2005-08-16,33600.0
2005-08-17,33495.0
2005-08-18,33234.0
2005-08-19,33724.0
2005-08-22,33733.0
2005-08-23,33428.0
2005-08-24,33647.0
2005-08-25,33396.0
2005-08-26,33073.0
2005-08-29,33207.0
2005-08-30,33144.0
2005-08-31,33520.0
2005-09-01,33684.0
2005-09-02,33667.0
2005-09-05,33805.0
2005-09-06,33987.0
2005-09-07,34092.0
2005-09-08,34166.0
2005-09-09,34233.0
2005-09-12,34288.0
2005-09-13,34074.0
2005-09-14,34320.0
2005-09-15,34286.0
2005-09-16,34538.0
2005-09-19,34527.0
2005-09-20,34555.0
2005-09-21,34419.0
2005-09-22,34179.0
2005-09-23,34238.0
2005-09-26,34692.0
2005-09-27,34600.0
2005-09-28,34871.0
2005-09-29,34773.0
2005-09-30,34775.0
2005-10-03,34874.0
2005-10-04,34654.0
2005-10-05,34136.0
2005-10-06,33867.0
2005-10-07,33620.0
2005-10-10,33635.0
2005-10-11,33602.0
2005-10-12,33403.0
2005-10-13,33066.0
2005-10-14,33214.0
2005-10-17,33219.0
2005-10-18,32859.0
2005-10-19,32279.0
2005-10-20,32336.0
2005-10-21,32454.0
2005-10-24,32778.0
2005-10-25,32664.0
2005-10-26,32827.0
2005-10-27,32114.0
2005-10-28,32183.0
2005-10-31,32782.0
2005-11-01,32742.0
2005-11-02,32937.0
2005-11-03,33366.0
2005-11-04,33337.0
2005-11-07,33454.0
2005-11-08,33334.0
2005-11-09,33429.0
2005-11-10,33352.0
2005-11-11,33740.0
2005-11-14,33690.0
2005-11-15,33739.0
2005-11-16,33684.0
2005-11-17,33888.0
2005-11-18,34030.0
2005-11-21,34150.0
2005-11-22,34203.0
2005-11-23,34411.0
2005-11-24,34360.0
2005-11-25,34436.0
2005-11-28,34256.0
2005-11-29,34307.0
2005-11-30,34090.0
2005-12-01,34585.0
2005-12-02,34745.0
2005-12-05,34650.0
2005-12-06,34806.0
2005-12-07,34790.0
2005-12-08,34868.0
2005-12-09,34811.0
2005-12-12,34886.0
2005-12-13,34972.0
2005-12-14,35002.0
2005-12-15,35021.0
2005-12-16,35286.0
2005-12-19,35347.0
2005-12-20,35538.0
2005-12-21,35803.0
2005-12-22,35836.0
2005-12-23,35740.0
2005-12-26,35740.0
2005-12-27,35845.0
2005-12-28,35866.0
2005-12-29,35957.0
2005-12-30,35704.0
2006-01-02,35962.0
2006-01-03,36093.0
2006-01-04,36336.0
2006-01-05,36085.0
2006-01-06,36365.0
2006-01-09,36227.0
2006-01-10,36147.0
2006-01-11,36548.0
2006-01-12,36661.0
2006-01-13,36265.0
2006-01-16,36626.0
2006-01-17,36352.0
2006-01-18,36024.0
2006-01-19,36086.0
2006-01-20,35681.0
2006-01-23,35787.0
2006-01-24,35652.0
2006-01-25,35929.0
2006-01-26,36487.0
2006-01-27,36701.0
2006-01-30,36666.0
2006-01-31,36654.0
2006-02-01,36967.0
2006-02-02,36472.0
2006-02-03,36408.0
2006-02-06,36862.0
2006-02-07,36711.0
2006-02-08,36650.0
2006-02-09,37071.0
2006-02-10,36718.0
2006-02-13,36964.0
2006-02-14,36866.0
2006-02-15,36933.0
2006-02-16,37234.0
2006-02-17,37401.0
2006-02-20,37594.0
2006-02-21,37688.0
2006-02-22,38076.0
2006-02-23,37972.0
2006-02-24,38121.0
2006-02-27,38322.0
2006-02-28,37650.0
2006-03-01,37809.0
2006-03-02,37330.0
2006-03-03,37390.0
2006-03-06,37721.0
2006-03-07,37515.0
2006-03-08,37358.0
2006-03-09,37657.0
2006-03-10,37927.0
2006-03-13,38195.0
2006-03-14,38343.0
2006-03-15,38491.0
2006-03-16,38534.0
2006-03-17,38364.0
2006-03-20,38489.0
2006-03-21,38602.0
2006-03-22,38519.0
2006-03-23,38242.0
2006-03-24,38178.0
2006-03-27,37711.0
2006-03-28,37445.0
2006-03-29,37700.0
2006-03-30,38206.0
2006-03-31,37928.0
2006-04-03,38280.0
2006-04-04,38039.0
2006-04-05,38440.0
2006-04-06,38405.0
2006-04-07,37989.0
2006-04-10,38496.0
2006-04-11,37657.0
2006-04-12,37740.0
2006-04-13,37677.0
2006-04-18,37511.0
2006-04-19,38047.0
2006-04-20,38350.0
2006-04-21,38495.0
2006-04-24,38037.0
2006-04-25,38078.0
2006-04-26,38341.0
2006-04-27,38131.0
2006-04-28,37773.0
2006-05-02,38173.0
2006-05-03,37910.0
2006-05-04,38136.0
2006-05-05,38399.0
2006-05-08,38552.0
2006-05-09,38765.0
2006-05-10,38642.0
2006-05-11,38523.0
2006-05-12,37939.0
2006-05-15,37472.0
2006-05-16,37540.0
2006-05-17,36471.0
2006-05-18,36436.0
2006-05-19,36643.0
2006-05-22,35264.0
2006-05-23,35906.0
2006-05-24,35672.0
2006-05-25,36191.0
2006-05-26,36617.0
2006-05-29,36592.0
2006-05-30,35796.0
2006-05-31,36450.0
2006-06-01,36593.0
2006-06-02,36529.0
2006-06-05,36462.0
2006-06-06,35788.0
2006-06-07,36121.0
2006-06-08,35306.0
2006-06-09,35826.0
2006-06-12,35423.0
2006-06-13,34928.0
2006-06-14,34850.0
2006-06-15,35521.0
2006-06-16,35228.0
2006-06-19,35152.0
2006-06-20,35356.0
2006-06-21,35500.0
2006-06-22,35615.0
2006-06-23,35737.0
2006-06-26,35588.0
2006-06-27,35393.0
2006-06-28,35515.0
2006-06-29,36042.0
2006-06-30,36444.0
2006-07-03,36666.0
2006-07-04,36738.0
2006-07-05,36207.0
2006-07-06,36534.0
2006-07-07,36434.0
2006-07-10,36588.0
2006-07-11,36210.0
2006-07-12,36298.0
2006-07-13,35774.0
2006-07-14,35445.0
2006-07-17,35286.0
2006-07-18,35183.0
2006-07-19,35980.0
2006-07-20,35887.0
2006-07-21,35592.0
2006-07-24,36154.0
2006-07-25,36035.0
2006-07-26,36206.0
2006-07-27,36499.0
2006-07-28,36720.0
2006-07-31,36606.0
2006-08-01,36292.0
2006-08-02,36738.0
2006-08-03,36474.0
2006-08-04,36896.0
2006-08-07,36508.0
2006-08-08,36633.0
2006-08-09,36851.0
2006-08-10,36651.0
2006-08-11,36644.0
2006-08-14,36880.0
2006-08-16,37335.0
2006-08-17,37501.0
2006-08-18,37549.0
2006-08-21,37439.0
2006-08-22,37581.0
2006-08-23,37283.0
2006-08-24,37671.0
2006-08-25,37718.0
2006-08-28,37807.0
2006-08-29,37800.0
2006-08-30,37993.0
2006-08-31,37938.0
2006-09-01,38159.0
2006-09-04,38218.0
2006-09-05,38135.0
2006-09-06,37829.0
2006-09-07,37622.0
2006-09-08,37815.0
2006-09-11,37684.0
2006-09-12,37920.0
2006-09-13,37981.0
2006-09-14,37929.0
2006-09-15,37892.0
2006-09-18,37927.0
2006-09-19,37679.0
2006-09-20,38088.0
2006-09-21,38243.0
2006-09-22,37855.0
2006-09-25,37880.0
2006-09-26,38216.0
2006-09-27,38329.0
2006-09-28,38428.0
2006-09-29,38475.0
2006-10-02,38444.0
2006-10-03,38399.0
2006-10-04,38707.0
2006-10-05,38958.0
2006-10-06,38955.0
2006-10-09,39082.0
2006-10-10,39323.0
2006-10-11,39489.0
2006-10-12,39604.0
2006-10-13,39580.0
2006-10-16,39650.0
2006-10-17,39139.0
2006-10-18,39479.0
2006-10-19,39439.0
2006-10-20,39469.0
2006-10-23,39381.0
2006-10-24,39298.0
2006-10-25,39407.0
2006-10-26,39302.0
2006-10-27,39333.0
2006-10-30,39382.0
2006-10-31,39558.0
2006-11-01,39753.0
2006-11-02,39582.0
2006-11-03,39811.0
2006-11-06,40209.0
2006-11-07,40331.0
2006-11-08,40408.0
2006-11-09,40300.0
2006-11-10,40480.0
2006-11-13,40590.0
2006-11-14,40503.0
2006-11-15,40813.0
2006-11-16,40817.0
2006-11-17,40649.0
2006-11-20,40721.0
2006-11-21,40765.0
2006-11-22,40861.0
2006-11-23,40862.0
2006-11-24,40614.0
2006-11-27,40022.0
2006-11-28,40100.0
2006-11-29,40538.0
2006-11-30,40270.0
2006-12-01,39949.0
2006-12-04,40155.0
2006-12-05,40408.0
2006-12-06,40482.0
2006-12-07,40675.0
2006-12-08,40660.0
2006-12-11,40894.0
2006-12-12,40865.0
2006-12-13,41103.0
2006-12-14,41102.0
2006-12-15,41419.0
2006-12-18,41350.0
2006-12-19,41224.0
2006-12-20,41315.0
2006-12-21,41272.0
2006-12-22,40841.0
2006-12-27,41347.0
2006-12-28,41401.0
2006-12-29,41434.0
2007-01-02,42017.0
2007-01-03,42062.0
2007-01-04,41842.0
2007-01-05,41597.0
2007-01-08,41527.0
2007-01-09,41566.0
2007-01-10,41360.0
2007-01-11,41942.0
2007-01-12,42111.0
2007-01-15,42307.0
2007-01-16,42115.0
2007-01-17,41749.0
2007-01-18,41711.0
2007-01-19,42123.0
2007-01-22,42002.0
2007-01-23,42106.0
2007-01-24,42566.0
2007-01-25,42457.0
2007-01-26,42184.0
2007-01-29,42259.0
2007-01-30,42290.0
2007-01-31,42197.0
2007-02-01,42461.0
2007-02-02,42596.0
2007-02-05,42696.0
2007-02-06,42617.0
2007-02-07,42868.0
2007-02-08,42487.0
2007-02-09,42744.0
2007-02-12,42451.0
2007-02-13,42650.0
2007-02-14,42898.0
2007-02-15,42876.0
2007-02-16,42879.0
2007-02-19,42993.0
2007-02-20,42647.0
2007-02-21,42303.0
2007-02-22,42493.0
2007-02-23,42500.0
2007-02-26,42849.0
2007-02-27,41616.0
2007-02-28,41155.0
2007-03-01,40686.0
2007-03-02,40574.0
2007-03-05,40157.0
2007-03-06,40374.0
2007-03-07,40370.0
2007-03-08,40897.0
2007-03-09,40882.0
2007-03-12,40697.0
2007-03-13,40277.0
2007-03-14,39290.0
2007-03-15,39916.0
2007-03-16,39868.0
2007-03-19,40480.0
2007-03-20,40519.0
2007-03-21,40719.0
2007-03-22,41547.0
2007-03-23,41816.0
2007-03-26,41343.0
2007-03-27,41337.0
2007-03-28,41201.0
2007-03-29,41766.0
2007-03-30,41771.0
2007-04-02,41990.0
2007-04-03,42398.0
2007-04-04,42412.0
2007-04-05,42463.0
2007-04-10,42892.0
2007-04-11,42805.0
2007-04-12,42756.0
2007-04-13,43016.0
2007-04-16,43440.0
2007-04-17,43476.0
2007-04-18,43286.0
2007-04-19,42974.0
2007-04-20,43549.0
2007-04-23,43466.0
2007-04-24,43303.0
2007-04-25,43755.0
2007-04-26,43844.0
2007-04-27,43642.0
2007-04-30,43755.0
2007-05-02,43836.0
2007-05-03,43685.0
2007-05-04,43973.0
2007-05-07,43948.0
2007-05-08,43630.0
2007-05-09,43855.0
2007-05-10,43433.0
2007-05-11,43590.0
2007-05-14,43629.0
2007-05-15,44022.0
2007-05-16,43802.0
2007-05-17,43964.0
2007-05-18,44364.0
2007-05-21,43495.0
2007-05-22,43328.0
2007-05-23,43567.0
2007-05-24,42940.0
2007-05-25,43019.0
2007-05-28,43166.0
2007-05-29,42966.0
2007-05-30,42964.0
2007-05-31,43079.0
2007-06-01,43010.0
2007-06-04,42726.0
2007-06-05,42931.0
2007-06-06,42307.0
2007-06-07,41926.0
2007-06-08,41712.0
2007-06-11,41874.0
2007-06-12,41683.0
2007-06-13,41930.0
2007-06-14,42597.0
2007-06-15,43099.0
2007-06-18,42719.0
2007-06-19,42845.0
2007-06-20,42769.0
2007-06-21,42407.0
2007-06-22,42154.0
2007-06-25,42114.0
2007-06-26,41624.0
2007-06-27,41439.0
2007-06-28,41704.0
2007-06-29,41954.0
2007-07-02,41987.0
2007-07-03,42372.0
2007-07-04,42408.0
2007-07-05,42043.0
2007-07-06,42279.0
2007-07-09,42545.0
2007-07-10,42039.0
2007-07-11,41795.0
2007-07-12,42140.0
2007-07-13,42293.0
2007-07-16,42367.0
2007-07-17,42106.0
2007-07-18,41755.0
2007-07-19,42121.0
2007-07-20,41473.0
2007-07-23,41757.0
2007-07-24,40966.0
2007-07-25,40503.0
2007-07-26,39671.0
2007-07-27,39581.0
2007-07-30,39539.0
2007-07-31,40221.0
2007-08-01,39401.0
2007-08-02,39710.0
2007-08-03,39375.0
2007-08-06,39116.0
2007-08-07,39862.0
2007-08-08,40645.0
2007-08-09,40056.0
2007-08-10,38994.0
2007-08-13,39573.0
2007-08-14,39247.0
2007-08-16,37921.0
2007-08-17,38712.0
2007-08-20,38909.0
2007-08-21,38953.0
2007-08-22,39590.0
2007-08-23,39709.0
2007-08-24,39954.0
2007-08-27,39936.0
2007-08-28,39158.0
2007-08-29,39492.0
2007-08-30,39842.0
2007-08-31,40187.0
2007-09-03,40281.0
2007-09-04,40324.0
2007-09-05,39347.0
2007-09-06,39435.0
2007-09-07,38494.0
2007-09-10,38407.0
2007-09-11,38854.0
2007-09-12,39004.0
2007-09-13,39370.0
2007-09-14,39058.0
2007-09-17,38684.0
2007-09-18,39381.0
2007-09-19,40294.0
2007-09-20,39980.0
2007-09-21,39970.0
2007-09-24,40019.0
2007-09-25,39731.0
2007-09-26,40071.0
2007-09-27,40059.0
2007-09-28,39889.0
2007-10-01,40417.0
2007-10-02,40441.0
2007-10-03,40423.0
2007-10-04,40577.0
2007-10-05,40800.0
2007-10-08,40681.0
2007-10-09,41074.0
2007-10-10,40913.0
2007-10-11,41024.0
2007-10-12,41106.0
2007-10-15,40547.0
2007-10-16,40414.0
2007-10-17,40259.0
2007-10-18,39903.0
2007-10-19,39888.0
2007-10-22,39242.0
2007-10-23,39423.0
2007-10-24,39280.0
2007-10-25,39775.0
2007-10-26,40020.0
2007-10-29,40165.0
2007-10-30,40163.0
2007-10-31,40512.0
2007-11-01,39712.0
2007-11-02,39706.0
2007-11-05,39455.0
2007-11-06,39426.0
2007-11-07,39281.0
2007-11-08,38546.0
2007-11-09,37845.0
2007-11-12,38187.0
2007-11-13,38410.0
2007-11-14,38586.0
2007-11-15,38448.0
2007-11-16,38535.0
2007-11-19,37612.0
2007-11-20,37938.0
2007-11-21,37358.0
2007-11-22,37365.0
2007-11-23,38012.0
2007-11-26,37736.0
2007-11-27,37712.0
2007-11-28,38487.0
2007-11-29,38599.0
2007-11-30,38975.0
2007-12-03,38820.0
2007-12-04,38489.0
2007-12-05,39125.0
2007-12-06,39170.0
2007-12-07,39388.0
2007-12-10,39571.0
2007-12-11,39425.0
2007-12-12,39464.0
2007-12-13,38818.0
2007-12-14,38870.0
2007-12-17,38246.0
2007-12-18,38248.0
2007-12-19,37992.0
2007-12-20,37866.0
2007-12-21,38182.0
2007-12-27,38343.0
2007-12-28,38554.0
2008-01-02,38035.0
2008-01-03,38063.0
2008-01-04,37450.0
2008-01-07,37601.0
2008-01-08,37571.0
2008-01-09,37321.0
2008-01-10,37293.0
2008-01-11,37364.0
2008-01-14,37547.0
2008-01-15,36682.0
2008-01-16,36632.0
2008-01-17,36238.0
2008-01-18,35753.0
2008-01-21,33903.0
2008-01-22,34302.0
2008-01-23,32940.0
2008-01-24,34237.0
2008-01-25,34197.0
2008-01-28,34234.0
2008-01-29,34565.0
2008-01-30,34274.0
2008-01-31,34230.0
2008-02-01,34615.0
2008-02-04,34767.0
2008-02-05,33675.0
2008-02-06,33856.0
2008-02-07,33227.0
2008-02-08,33053.0
2008-02-11,32764.0
2008-02-12,33778.0
2008-02-13,34014.0
2008-02-14,34123.0
2008-02-15,33568.0
2008-02-18,33960.0
2008-02-19,34120.0
2008-02-20,33816.0
2008-02-21,33877.0
2008-02-22,33428.0
2008-02-25,33931.0
2008-02-26,34433.0
2008-02-27,34532.0
2008-02-28,34082.0
2008-02-29,33587.0
2008-03-03,33173.0
2008-03-04,32648.0
2008-03-05,33443.0
2008-03-06,32819.0
2008-03-07,32179.0
2008-03-10,31811.0
2008-03-11,32475.0
2008-03-12,32518.0
2008-03-13,31977.0
2008-03-14,31659.0
2008-03-17,30586.0
2008-03-18,31437.0
2008-03-19,30873.0
2008-03-20,30371.0
2008-03-25,31453.0
2008-03-26,31281.0
2008-03-27,31669.0
2008-03-28,31696.0
2008-03-31,31616.0
2008-04-01,32513.0
2008-04-02,33140.0
2008-04-03,33103.0
2008-04-04,33346.0
2008-04-07,33617.0
2008-04-08,33672.0
2008-04-09,33640.0
2008-04-10,33522.0
2008-04-11,33178.0
2008-04-14,32803.0
2008-04-15,32735.0
2008-04-16,33256.0
2008-04-17,33162.0
2008-04-18,33881.0
2008-04-21,33663.0
2008-04-22,33491.0
2008-04-23,33427.0
2008-04-24,33589.0
2008-04-25,34013.0
2008-04-28,33948.0
2008-04-29,33841.0
2008-04-30,33954.0
2008-05-02,34527.0
2008-05-05,34495.0
2008-05-06,34298.0
2008-05-07,34547.0
2008-05-08,34082.0
2008-05-09,33722.0
2008-05-12,33744.0
2008-05-13,33805.0
2008-05-14,34270.0
2008-05-15,34233.0
2008-05-16,34384.0
2008-05-19,33652.0
2008-05-20,33118.0
2008-05-21,33061.0
2008-05-22,33278.0
2008-05-23,32870.0
2008-05-26,32764.0
2008-05-27,32743.0
2008-05-28,32758.0
2008-05-29,32769.0
2008-05-30,33225.0
2008-06-02,32717.0
2008-06-03,32813.0
2008-06-04,32508.0
2008-06-05,32542.0
2008-06-06,31754.0
2008-06-09,31721.0
2008-06-10,31343.0
2008-06-11,30728.0
2008-06-12,30890.0
2008-06-13,30942.0
2008-06-16,30817.0
2008-06-17,30971.0
2008-06-18,30464.0
2008-06-19,30368.0
2008-06-20,29854.0
2008-06-23,29727.0
2008-06-24,29579.0
2008-06-25,30009.0
2008-06-26,29373.0
2008-06-27,29198.0
2008-06-30,29346.0
2008-07-01,28786.0
2008-07-02,28974.0
2008-07-03,29094.0
2008-07-04,28541.0
2008-07-07,28892.0
2008-07-08,28306.0
2008-07-09,28771.0
2008-07-10,28437.0
2008-07-11,27676.0
2008-07-14,27748.0
2008-07-15,27044.0
2008-07-16,27194.0
2008-07-17,27668.0
2008-07-18,28100.0
2008-07-21,28220.0
2008-07-22,28230.0
2008-07-23,28841.0
2008-07-24,28665.0
2008-07-25,28661.0
2008-07-28,28369.0
2008-07-29,28278.0
2008-07-30,28415.0
2008-07-31,28331.0
2008-08-01,28130.0
2008-08-04,27826.0
2008-08-05,28753.0
2008-08-06,29014.0
2008-08-07,29154.0
2008-08-08,29089.0
2008-08-11,29557.0
2008-08-12,29380.0
2008-08-13,28758.0
2008-08-14,28778.0
2008-08-18,28867.0
2008-08-19,28257.0
2008-08-20,28148.0
2008-08-21,27758.0
2008-08-22,28090.0
2008-08-25,27900.0
2008-08-26,27977.0
2008-08-27,27958.0
2008-08-28,28625.0
2008-08-29,28789.0
2008-09-01,28775.0
2008-09-02,29208.0
2008-09-03,29061.0
2008-09-04,28233.0
2008-09-05,27567.0
2008-09-08,28429.0
2008-09-09,28263.0
2008-09-10,28064.0
2008-09-11,27942.0
2008-09-12,28372.0
2008-09-15,27333.0
2008-09-16,26589.0
2008-09-17,25920.0
2008-09-18,25664.0
2008-09-19,27877.0
2008-09-22,27438.0
2008-09-23,27067.0
2008-09-24,26929.0
2008-09-25,27573.0
2008-09-26,27154.0
2008-09-29,25803.0
2008-09-30,25530.0
2008-10-01,25681.0
2008-10-02,25258.0
2008-10-03,25911.0
2008-10-06,23776.0
2008-10-07,23622.0
2008-10-08,22280.0
2008-10-09,21871.0
2008-10-10,20309.0
2008-10-13,22642.0
2008-10-14,23471.0
2008-10-15,22221.0
2008-10-16,20714.0
2008-10-17,21645.0
2008-10-20,22182.0
2008-10-21,21873.0
2008-10-22,21093.0
2008-10-23,21061.0
2008-10-24,19879.0
2008-10-27,19092.0
2008-10-28,18628.0
2008-10-29,20466.0
2008-10-30,20768.0
2008-10-31,21367.0
2008-11-03,21624.0
2008-11-04,23090.0
2008-11-05,22758.0
2008-11-06,21607.0
2008-11-07,21911.0
2008-11-10,22077.0
2008-11-11,20709.0
2008-11-12,20227.0
2008-11-13,20414.0
2008-11-14,20831.0
2008-11-17,20081.0
2008-11-18,20119.0
2008-11-19,19535.0
2008-11-20,19124.0
2008-11-21,18533.0
2008-11-24,19899.0
2008-11-25,19778.0
2008-11-26,19901.0
2008-11-27,20152.0
2008-11-28,19985.0
2008-12-01,18736.0
2008-12-02,19102.0
2008-12-03,19129.0
2008-12-04,18911.0
2008-12-05,17968.0
2008-12-08,19314.0
2008-12-09,19620.0
2008-12-10,19830.0
2008-12-11,19678.0
2008-12-12,19174.0
2008-12-15,19057.0
2008-12-16,19301.0
2008-12-17,19352.0
2008-12-18,19557.0
2008-12-19,19683.0
2008-12-22,19222.0
2008-12-23,19142.0
2008-12-29,19167.0
2008-12-30,19460.0
2009-01-02,19953.0
2009-01-05,20262.0
2009-01-06,20729.0
2009-01-07,20606.0
2009-01-08,20630.0
2009-01-09,20093.0
2009-01-12,19911.0
2009-01-13,19455.0
2009-01-14,18763.0
2009-01-15,18402.0
2009-01-16,18703.0
2009-01-19,18367.0
2009-01-20,18024.0
2009-01-21,17684.0
2009-01-22,17369.0
2009-01-23,17283.0
2009-01-26,17797.0
2009-01-27,17739.0
2009-01-28,18341.0
2009-01-29,18092.0
2009-01-30,17934.0
2009-02-02,17467.0
2009-02-03,17669.0
2009-02-04,18015.0
2009-02-05,18013.0
2009-02-06,18434.0
2009-02-09,18663.0
2009-02-10,18252.0
2009-02-11,18074.0
2009-02-12,17669.0
2009-02-13,17731.0
2009-02-16,17410.0
2009-02-17,16726.0
2009-02-18,16580.0
2009-02-19,16501.0
2009-02-20,15530.0
2009-02-23,15391.0
2009-02-24,15436.0
2009-02-25,15218.0
2009-02-26,15664.0
2009-02-27,15282.0
2009-03-02,14362.0
2009-03-03,14017.0
2009-03-04,14363.0
2009-03-05,13523.0
2009-03-06,12895.0
2009-03-09,12621.0
2009-03-10,13503.0
2009-03-11,13568.0
2009-03-12,13921.0
2009-03-13,13804.0
2009-03-16,14158.0
2009-03-17,14082.0
2009-03-18,14473.0
2009-03-19,14749.0
2009-03-20,14948.0
2009-03-23,15811.0
2009-03-24,15837.0
2009-03-25,16263.0
2009-03-26,16483.0
2009-03-27,16343.0
2009-03-30,15269.0
2009-03-31,15875.0
2009-04-01,16047.0
2009-04-02,16811.0
2009-04-03,16900.0
2009-04-06,16690.0
2009-04-07,16561.0
2009-04-08,16939.0
2009-04-09,17408.0
2009-04-14,17816.0
2009-04-15,17811.0
2009-04-16,18154.0
2009-04-17,18510.0
2009-04-20,17731.0
2009-04-21,17688.0
2009-04-22,18086.0
2009-04-23,18145.0
2009-04-24,18651.0
2009-04-27,18823.0
2009-04-28,18498.0
2009-04-29,18904.0
2009-04-30,19177.0
2009-05-04,19792.0
2009-05-05,19685.0
2009-05-06,20104.0
2009-05-07,19814.0
2009-05-08,20509.0
2009-05-11,20200.0
2009-05-12,20337.0
2009-05-13,19381.0
2009-05-14,19271.0
2009-05-15,19548.0
2009-05-18,19953.0
2009-05-19,20172.0
2009-05-20,20525.0
2009-05-21,19883.0
2009-05-22,20007.0
2009-05-25,19967.0
2009-05-26,20297.0
2009-05-27,20312.0
2009-05-28,20150.0
2009-05-29,19884.0
2009-06-01,20512.0
2009-06-02,20524.0
2009-06-03,20118.0
2009-06-04,20129.0
2009-06-05,20170.0
2009-06-08,19890.0
2009-06-09,20071.0
2009-06-10,20299.0
2009-06-11,20585.0
2009-06-12,20384.0
2009-06-15,19771.0
2009-06-16,19590.0
2009-06-17,19023.0
2009-06-18,19234.0
2009-06-19,19348.0
2009-06-22,18541.0
2009-06-23,18464.0
2009-06-24,19041.0
2009-06-25,18941.0
2009-06-26,18832.0
2009-06-29,19096.0
2009-06-30,19063.0
2009-07-01,19443.0
2009-07-02,18929.0
2009-07-03,18942.0
2009-07-06,18558.0
2009-07-07,18321.0
2009-07-08,17947.0
2009-07-09,18159.0
2009-07-10,17837.0
2009-07-13,18217.0
2009-07-14,18451.0
2009-07-15,19130.0
2009-07-16,19233.0
2009-07-17,19283.0
2009-07-20,19517.0
2009-07-21,19830.0
2009-07-22,19926.0
2009-07-23,20242.0
2009-07-24,20161.0
2009-07-27,20346.0
2009-07-28,20012.0
2009-07-29,20282.0
2009-07-30,20819.0
2009-07-31,20576.0
2009-08-03,20914.0
2009-08-04,20967.0
2009-08-05,20963.0
2009-08-06,21129.0
2009-08-07,21402.0
2009-08-10,21577.0
2009-08-11,21269.0
2009-08-12,21546.0
2009-08-13,21827.0
2009-08-14,21552.0
2009-08-17,20962.0
2009-08-18,21248.0
2009-08-19,21132.0
2009-08-20,21394.0
2009-08-21,21897.0
2009-08-24,22355.0
2009-08-25,22474.0
2009-08-26,22555.0
2009-08-27,22475.0
2009-08-28,22673.0
2009-08-31,22420.0
2009-09-01,21966.0
2009-09-02,21774.0
2009-09-03,21937.0
2009-09-04,22215.0
2009-09-07,22563.0
2009-09-08,22543.0
2009-09-09,22802.0
2009-09-10,22850.0
2009-09-11,23039.0
2009-09-14,23029.0
2009-09-15,23108.0
2009-09-16,23466.0
2009-09-17,23583.0
2009-09-18,23484.0
2009-09-21,23048.0
2009-09-22,23067.0
2009-09-23,23239.0
2009-09-24,22953.0
2009-09-25,23103.0
2009-09-28,23478.0
2009-09-29,23566.0
2009-09-30,23473.0
2009-10-01,23054.0
2009-10-02,22653.0
2009-10-05,22831.0
2009-10-06,23460.0
2009-10-07,23414.0
2009-10-08,23664.0
2009-10-09,23771.0
2009-10-12,24141.0
2009-10-13,23929.0
2009-10-14,24348.0
2009-10-15,24340.0
2009-10-16,24152.0
2009-10-19,24426.0
2009-10-20,24228.0
2009-10-21,24176.0
2009-10-22,23813.0
2009-10-23,23421.0
2009-10-26,23002.0
2009-10-27,22830.0
2009-10-28,22316.0
2009-10-29,22773.0
2009-10-30,22060.0
2009-11-02,22298.0
2009-11-03,21947.0
2009-11-04,22386.0
2009-11-05,22582.0
2009-11-06,22550.0
2009-11-09,23066.0
2009-11-10,23014.0
2009-11-11,23267.0
2009-11-12,23209.0
2009-11-13,23284.0
2009-11-16,23620.0
2009-11-17,23381.0
2009-11-18,23335.0
2009-11-19,22823.0
2009-11-20,22512.0
2009-11-23,22956.0
2009-11-24,22708.0
2009-11-25,22742.0
2009-11-26,21922.0
2009-11-27,22205.0
2009-11-30,21928.0
2009-12-01,22556.0
2009-12-02,22573.0
2009-12-03,22616.0
2009-12-04,22926.0
2009-12-07,22789.0
2009-12-08,22404.0
2009-12-09,22236.0
2009-12-10,22386.0
2009-12-11,22412.0
2009-12-14,22652.0
2009-12-15,22617.0
2009-12-16,22890.0
2009-12-17,22678.0
2009-12-18,22472.0
2009-12-21,22739.0
2009-12-22,22983.0
2009-12-23,23109.0
2009-12-28,23303.0
2009-12-29,23376.0
2009-12-30,23248.0
2010-01-04,23545.0
2010-01-05,23556.0
2010-01-06,23622.0
2010-01-07,23709.0
2010-01-08,23811.0
2010-01-11,23775.0
2010-01-12,23583.0
2010-01-13,23658.0
2010-01-14,23806.0
2010-01-15,23472.0
2010-01-18,23510.0
2010-01-19,23706.0
2010-01-20,23126.0
2010-01-21,22876.0
2010-01-22,22568.0
2010-01-25,22373.0
2010-01-26,22408.0
2010-01-27,21998.0
2010-01-28,21603.0
2010-01-29,21896.0
2010-02-01,22012.0
2010-02-02,22414.0
2010-02-03,22169.0
2010-02-04,21405.0
2010-02-05,20816.0
2010-02-08,20938.0
2010-02-09,20819.0
2010-02-10,21242.0
2010-02-11,21076.0
2010-02-12,21036.0
2010-02-15,21122.0
2010-02-16,21289.0
2010-02-17,21651.0
2010-02-18,21686.0
2010-02-19,21772.0
2010-02-22,21705.0
2010-02-23,21224.0
2010-02-24,21346.0
2010-02-25,20843.0
2010-02-26,21068.0
2010-03-01,21321.0
2010-03-02,21431.0
2010-03-03,21745.0
2010-03-04,21845.0
2010-03-05,22278.0
2010-03-08,22398.0
2010-03-09,22356.0
2010-03-10,22639.0
2010-03-11,22541.0
2010-03-12,22565.0
2010-03-15,22373.0
2010-03-16,22620.0
2010-03-17,22903.0
2010-03-18,22785.0
2010-03-19,22687.0
2010-03-22,22623.0
2010-03-23,22766.0
2010-03-24,22799.0
2010-03-25,23034.0
2010-03-26,23064.0
2010-03-29,23105.0
2010-03-30,23003.0
2010-03-31,22848.0
2010-04-01,23207.0
2010-04-06,23347.0
2010-04-07,23151.0
2010-04-08,22820.0
2010-04-09,23104.0
2010-04-12,23292.0
2010-04-13,23196.0
2010-04-14,23480.0
2010-04-15,23539.0
2010-04-16,23007.0
2010-04-19,22786.0
2010-04-20,23272.0
2010-04-21,23045.0
2010-04-22,22617.0
2010-04-23,22726.0
2010-04-26,22783.0
2010-04-27,22036.0
2010-04-28,21501.0
2010-04-29,21696.0
2010-04-30,21563.0
2010-05-03,21629.0
2010-05-04,20613.0
2010-05-05,20352.0
2010-05-06,19484.0
2010-05-07,18846.0
2010-05-10,20971.0
2010-05-11,20875.0
2010-05-12,21030.0
2010-05-13,20879.0
2010-05-14,19781.0
2010-05-17,19827.0
2010-05-18,20314.0
2010-05-19,19613.0
2010-05-20,19282.0
2010-05-21,19536.0
2010-05-24,19031.0
2010-05-25,18383.0
2010-05-26,18778.0
2010-05-27,19632.0
2010-05-28,19476.0
2010-05-31,19544.0
2010-06-01,19279.0
2010-06-02,19183.0
2010-06-03,19473.0
2010-06-04,18735.0
2010-06-07,18631.0
2010-06-08,18543.0
2010-06-09,18913.0
2010-06-10,19391.0
2010-06-11,19660.0
2010-06-14,20189.0
2010-06-15,20583.0
2010-06-16,20563.0
2010-06-17,20569.0
2010-06-18,20752.0
2010-06-21,20810.0
2010-06-22,20609.0
2010-06-23,20359.0
2010-06-24,19942.0
2010-06-25,19962.0
2010-06-28,20131.0
2010-06-29,19236.0
2010-06-30,19312.0
2010-07-01,18944.0
2010-07-02,19074.0
2010-07-05,18849.0
2010-07-06,19357.0
2010-07-07,20013.0
2010-07-08,20244.0
2010-07-09,20479.0
2010-07-12,20518.0
2010-07-13,20852.0
2010-07-14,20804.0
2010-07-15,20480.0
2010-07-16,20161.0
2010-07-19,20118.0
2010-07-20,19985.0
2010-07-21,20138.0
2010-07-22,20694.0
2010-07-23,20604.0
2010-07-26,20820.0
2010-07-27,21158.0
2010-07-28,21082.0
2010-07-29,21097.0
2010-07-30,21022.0
2010-08-02,21548.0
2010-08-03,21498.0
2010-08-04,21466.0
2010-08-05,21303.0
2010-08-06,21084.0
2010-08-09,21342.0
2010-08-10,21260.0
2010-08-11,20579.0
2010-08-12,20539.0
2010-08-13,20473.0
2010-08-16,20409.0
2010-08-17,20669.0
2010-08-18,20537.0
2010-08-19,20116.0
2010-08-20,19870.0
2010-08-23,20010.0
2010-08-24,19695.0
2010-08-25,19465.0
2010-08-26,19735.0
2010-08-27,19817.0
2010-08-30,19700.0
2010-08-31,19735.0
2010-09-01,20370.0
2010-09-02,20412.0
2010-09-03,20640.0
2010-09-06,20661.0
2010-09-07,20395.0
2010-09-08,20580.0
2010-09-09,20858.0
2010-09-10,20833.0
2010-09-13,21002.0
2010-09-14,21004.0
2010-09-15,20873.0
2010-09-16,20684.0
2010-09-17,20518.0
2010-09-20,20754.0
2010-09-21,20741.0
2010-09-22,20365.0
2010-09-23,20263.0
2010-09-24,20608.0
2010-09-27,20594.0
2010-09-28,20542.0
2010-09-29,20372.0
2010-09-30,20505.0
2010-10-01,20391.0
2010-10-04,20091.0
2010-10-05,20510.0
2010-10-06,20568.0
2010-10-07,20692.0
2010-10-08,20751.0
2010-10-11,20838.0
2010-10-12,20750.0
2010-10-13,21145.0
2010-10-14,21095.0
2010-10-15,21062.0
2010-10-18,21259.0
2010-10-19,21234.0
2010-10-20,21426.0
2010-10-21,21616.0
2010-10-22,21536.0
2010-10-25,21435.0
2010-10-26,21364.0
2010-10-27,21251.0
2010-10-28,21510.0
2010-10-29,21451.0
2010-11-01,21185.0
2010-11-02,21398.0
2010-11-03,21181.0
2010-11-04,21469.0
2010-11-05,21195.0
2010-11-08,21229.0
2010-11-09,21579.0
2010-11-10,21058.0
2010-11-11,20856.0
2010-11-12,20830.0
2010-11-15,20993.0
2010-11-16,20563.0
2010-11-17,20639.0
2010-11-18,20880.0
2010-11-19,20773.0
2010-11-22,20372.0
2010-11-23,19951.0
2010-11-24,19941.0
2010-11-25,19946.0
2010-11-26,19844.0
2010-11-29,19314.0
2010-11-30,19106.0
2010-12-01,19566.0
2010-12-02,20054.0
2010-12-03,20121.0
2010-12-06,19930.0
2010-12-07,20112.0
2010-12-08,20394.0
2010-12-09,20534.0
2010-12-10,20487.0
2010-12-13,20635.0
2010-12-14,20709.0
2010-12-15,20410.0
2010-12-16,20367.0
2010-12-17,20069.0
2010-12-20,20374.0
2010-12-21,20737.0
2010-12-22,20733.0
2010-12-23,20774.0
2010-12-27,20514.0
2010-12-28,20449.0
2010-12-29,20471.0
2010-12-30,20173.0
2011-01-03,20436.0
2011-01-04,20547.0
2011-01-05,20552.0
2011-01-06,20637.0
2011-01-07,20542.0
2011-01-10,20058.0
2011-01-11,20339.0
2011-01-12,21116.0
2011-01-13,21308.0
2011-01-14,21460.0
2011-01-17,21344.0
2011-01-18,21591.0
2011-01-19,21712.0
2011-01-20,21792.0
2011-01-21,22094.0
2011-01-24,22157.0
2011-01-25,21940.0
2011-01-26,22007.0
2011-01-27,22312.0
2011-01-28,22025.0
2011-01-31,22050.0
2011-02-01,22526.0
2011-02-02,22654.0
2011-02-03,22444.0
2011-02-04,22618.0
2011-02-07,22793.0
2011-02-08,22734.0
2011-02-09,22683.0
2011-02-10,22597.0
2011-02-11,22695.0
2011-02-14,22637.0
2011-02-15,22824.0
2011-02-16,23168.0
2011-02-17,23178.0
2011-02-18,23059.0
2011-02-21,22230.0
2011-02-22,21994.0
2011-02-23,21930.0
2011-02-24,21949.0
2011-02-25,22350.0
2011-02-28,22467.0
2011-03-01,22227.0
2011-03-02,22239.0
2011-03-03,22154.0
2011-03-04,22138.0
2011-03-07,22146.0
2011-03-08,22353.0
2011-03-09,22441.0
2011-03-10,22084.0
2011-03-11,21863.0
2011-03-14,21804.0
2011-03-15,21365.0
2011-03-16,20837.0
2011-03-17,21141.0
2011-03-18,21197.0
2011-03-21,21527.0
2011-03-22,21557.0
2011-03-23,21698.0
2011-03-24,22024.0
2011-03-25,21985.0
2011-03-28,22010.0
2011-03-29,21781.0
2011-03-30,22001.0
2011-03-31,21727.0
2011-04-01,21968.0
2011-04-04,22008.0
2011-04-05,22059.0
2011-04-06,22327.0
2011-04-07,22244.0
2011-04-08,22389.0
2011-04-11,22366.0
2011-04-12,22019.0
2011-04-13,22097.0
2011-04-14,21834.0
2011-04-15,21821.0
2011-04-18,21185.0
2011-04-19,21250.0
2011-04-20,21502.0
2011-04-21,21811.0
2011-04-26,21933.0
2011-04-27,22238.0
2011-04-28,22380.0
2011-04-29,22418.0
2011-05-02,22398.0
2011-05-03,22316.0
2011-05-04,21915.0
2011-05-05,21741.0
2011-05-06,21954.0
2011-05-09,21666.0
2011-05-10,21984.0
2011-05-11,22031.0
2011-05-12,21788.0
2011-05-13,21764.0
2011-05-16,21685.0
2011-05-17,21409.0
2011-05-18,21444.0
2011-05-19,21560.0
2011-05-20,21237.0
2011-05-23,20533.0
2011-05-24,20582.0
2011-05-25,20816.0
2011-05-26,20668.0
2011-05-27,20831.0
2011-05-30,20792.0
2011-05-31,21110.0
2011-06-01,20866.0
2011-06-02,20701.0
2011-06-03,20810.0
2011-06-06,20525.0
2011-06-07,20575.0
2011-06-08,20277.0
2011-06-09,20390.0
2011-06-10,20118.0
2011-06-13,20081.0
2011-06-14,20359.0
2011-06-15,19919.0
2011-06-16,19852.0
2011-06-17,20097.0
2011-06-20,19693.0
2011-06-21,20102.0
2011-06-22,20014.0
2011-06-23,19468.0
2011-06-24,19154.0
2011-06-27,19297.0
2011-06-28,19455.0
2011-06-29,19865.0
2011-06-30,20187.0
2011-07-01,20517.0
2011-07-04,20476.0
2011-07-05,20278.0
2011-07-06,19783.0
2011-07-07,19736.0
2011-07-08,19050.0
2011-07-11,18295.0
2011-07-12,18511.0
2011-07-13,18843.0
2011-07-14,18640.0
2011-07-15,18450.0
2011-07-18,17886.0
2011-07-19,18229.0
2011-07-20,18784.0
2011-07-21,19491.0
2011-07-22,19461.0
2011-07-25,18979.0
2011-07-26,19030.0
2011-07-27,18494.0
2011-07-28,18558.0
2011-07-29,18434.0
2011-08-01,17720.0
2011-08-02,17273.0
2011-08-03,17006.0
2011-08-04,16128.0
2011-08-05,16016.0
2011-08-08,15640.0
2011-08-09,15721.0
2011-08-10,14676.0
2011-08-11,15277.0
2011-08-12,15889.0
2011-08-16,15751.0
2011-08-17,15951.0
2011-08-18,14970.0
2011-08-19,14602.0
2011-08-22,14862.0
2011-08-23,14707.0
2011-08-24,14981.0
2011-08-25,14945.0
2011-08-26,14800.0
2011-08-29,15141.0
2011-08-30,15106.0
2011-08-31,15563.0
2011-09-01,15671.0
2011-09-02,15061.0
2011-09-05,14334.0
2011-09-06,14050.0
2011-09-07,14646.0
2011-09-08,14748.0
2011-09-09,14020.0
2011-09-12,13474.0
2011-09-13,13769.0
2011-09-14,14140.0
2011-09-15,14643.0
2011-09-16,14547.0
2011-09-19,14087.0
2011-09-20,14356.0
2011-09-21,14120.0
2011-09-22,13482.0
2011-09-23,13665.0
2011-09-26,14119.0
2011-09-27,14811.0
2011-09-28,14741.0
2011-09-29,15046.0
2011-09-30,14836.0
2011-10-03,14643.0
2011-10-04,14244.0
2011-10-05,14806.0
2011-10-06,15332.0
2011-10-07,15529.0
2011-10-10,16098.0
2011-10-11,16036.0
2011-10-12,16506.0
2011-10-13,15894.0
2011-10-14,16290.0
2011-10-17,15915.0
2011-10-18,15970.0
2011-10-19,16293.0
2011-10-20,15678.0
2011-10-21,16117.0
2011-10-24,16232.0
2011-10-25,16061.0
2011-10-26,16072.0
2011-10-27,16955.0
2011-10-28,16654.0
2011-10-31,16018.0
2011-11-01,14928.0
2011-11-02,15273.0
2011-11-03,15766.0
2011-11-04,15347.0
2011-11-07,15549.0
2011-11-08,15664.0
2011-11-09,15072.0
2011-11-10,15218.0
2011-11-11,15779.0
2011-11-14,15464.0
2011-11-15,15298.0
2011-11-16,15419.0
2011-11-17,15198.0
2011-11-18,15233.0
2011-11-21,14510.0
2011-11-22,14286.0
2011-11-23,13916.0
2011-11-24,13921.0
2011-11-25,13937.0
2011-11-28,14578.0
2011-11-29,14627.0
2011-11-30,15269.0
2011-12-01,15245.0
2011-12-02,15476.0
2011-12-05,15926.0
2011-12-06,15848.0
2011-12-07,15651.0
2011-12-08,14979.0
2011-12-09,15484.0
2011-12-12,14897.0
2011-12-13,14851.0
2011-12-14,14430.0
2011-12-15,14628.0
2011-12-16,14572.0
2011-12-19,14548.0
2011-12-20,14965.0
2011-12-21,14820.0
2011-12-22,15027.0
2011-12-23,15074.0
2011-12-27,14924.0
2011-12-28,14797.0
2011-12-29,14909.0
2011-12-30,15090.0
2012-01-02,15455.0
2012-01-03,15646.0
2012-01-04,15327.0
2012-01-05,14767.0
2012-01-06,14646.0
2012-01-09,14402.0
2012-01-10,14845.0
2012-01-11,14882.0
2012-01-12,15193.0
2012-01-13,15011.0
2012-01-16,15221.0
2012-01-17,15326.0
2012-01-18,15278.0
2012-01-19,15652.0
2012-01-20,15632.0
2012-01-23,15908.0
2012-01-24,15929.0
2012-01-25,15840.0
2012-01-26,16111.0
2012-01-27,15947.0
2012-01-30,15753.0
2012-01-31,15828.0
2012-02-01,16265.0
2012-02-02,16277.0
2012-02-03,16440.0
2012-02-06,16390.0
2012-02-07,16492.0
2012-02-08,16669.0
2012-02-09,16654.0
2012-02-10,16361.0
2012-02-13,16369.0
2012-02-14,16446.0
2012-02-15,16513.0
2012-02-16,16370.0
2012-02-17,16547.0
2012-02-20,16724.0
2012-02-21,16711.0
2012-02-22,16558.0
2012-02-23,16312.0
2012-02-24,16488.0
2012-02-27,16309.0
2012-02-28,16345.0
2012-02-29,16351.0
2012-03-01,16831.0
2012-03-02,16903.0
2012-03-05,16787.0
2012-03-06,16218.0
2012-03-07,16399.0
2012-03-08,16664.0
2012-03-09,16479.0
2012-03-12,16457.0
2012-03-13,16799.0
2012-03-14,16850.0
2012-03-15,16993.0
2012-03-16,17082.0
2012-03-19,17133.0
2012-03-20,16954.0
2012-03-21,16735.0
2012-03-22,16451.0
2012-03-23,16485.0
2012-03-26,16619.0
2012-03-27,16499.0
2012-03-28,16452.0
2012-03-29,15909.0
2012-03-30,15980.0
2012-04-02,15949.0
2012-04-03,15624.0
2012-04-04,15246.0
2012-04-05,15216.0
2012-04-10,14459.0
2012-04-11,14690.0
2012-04-12,14870.0
2012-04-13,14360.0
2012-04-16,14411.0
2012-04-17,14942.0
2012-04-18,14580.0
2012-04-19,14287.0
2012-04-20,14402.0
2012-04-23,13850.0
2012-04-24,14193.0
2012-04-25,14606.0
2012-04-26,14510.0
2012-04-27,14779.0
2012-04-30,14592.0
2012-05-02,14213.0
2012-05-03,14118.0
2012-05-04,13919.0
2012-05-07,14275.0
2012-05-08,13937.0
2012-05-09,13772.0
2012-05-10,14005.0
2012-05-11,14045.0
2012-05-14,13661.0
2012-05-15,13311.0
2012-05-16,13284.0
2012-05-17,13089.0
2012-05-18,13049.0
2012-05-21,13012.0
2012-05-22,13456.0
2012-05-23,12961.0
2012-05-24,13108.0
2012-05-25,13155.0
2012-05-28,13057.0
2012-05-29,13107.0
2012-05-30,12873.0
2012-05-31,12874.0
2012-06-01,12740.0
2012-06-04,12892.0
2012-06-05,12974.0
2012-06-06,13427.0
2012-06-07,13545.0
2012-06-08,13445.0
2012-06-11,13071.0
2012-06-12,12980.0
2012-06-13,12895.0
2012-06-14,13085.0
2012-06-15,13391.0
2012-06-18,13010.0
2012-06-19,13445.0
2012-06-20,13732.0
2012-06-21,13752.0
2012-06-22,13663.0
2012-06-25,13114.0
2012-06-26,12968.0
2012-06-27,13303.0
2012-06-28,13391.0
2012-06-29,14274.0
2012-07-02,14309.0
2012-07-03,14494.0
2012-07-04,14381.0
2012-07-05,14089.0
2012-07-06,13732.0
2012-07-09,13813.0
2012-07-10,13868.0
2012-07-11,13861.0
2012-07-12,13584.0
2012-07-13,13715.0
2012-07-16,13665.0
2012-07-17,13537.0
2012-07-18,13594.0
2012-07-19,13667.0
2012-07-20,13067.0
2012-07-23,12706.0
2012-07-24,12363.0
2012-07-25,12507.0
2012-07-26,13210.0
2012-07-27,13597.0
2012-07-30,13978.0
2012-07-31,13891.0
2012-08-01,13929.0
2012-08-02,13283.0
2012-08-03,14125.0
2012-08-06,14342.0
2012-08-07,14656.0
2012-08-08,14665.0
2012-08-09,14654.0
2012-08-10,14549.0
2012-08-13,14533.0
2012-08-14,14657.0
2012-08-16,14930.0
2012-08-17,15125.0
2012-08-20,14972.0
2012-08-21,15330.0
2012-08-22,15161.0
2012-08-23,14954.0
2012-08-24,14881.0
2012-08-27,15013.0
2012-08-28,14993.0
2012-08-29,14944.0
2012-08-30,14781.0
2012-08-31,15101.0
2012-09-03,15267.0
2012-09-04,15223.0
2012-09-05,15128.0
2012-09-06,15780.0
2012-09-07,16110.0
2012-09-10,16092.0
2012-09-11,16227.0
2012-09-12,16420.0
2012-09-13,16244.0
2012-09-14,16624.0
2012-09-17,16470.0
2012-09-18,16076.0
2012-09-19,16100.0
2012-09-20,15830.0
2012-09-21,15991.0
2012-09-24,15867.0
2012-09-25,15933.0
2012-09-26,15408.0
2012-09-27,15450.0
2012-09-28,15096.0
2012-10-01,15523.0
2012-10-02,15496.0
2012-10-03,15535.0
2012-10-04,15511.0
2012-10-05,15876.0
2012-10-08,15562.0
2012-10-09,15505.0
2012-10-10,15441.0
2012-10-11,15634.0
2012-10-12,15512.0
2012-10-15,15591.0
2012-10-16,15985.0
2012-10-17,16234.0
2012-10-18,16185.0
2012-10-19,15862.0
2012-10-22,15867.0
2012-10-23,15579.0
2012-10-24,15707.0
2012-10-25,15528.0
2012-10-26,15585.0
2012-10-29,15349.0
2012-10-30,15522.0
2012-10-31,15540.0
2012-11-01,15807.0
2012-11-02,15769.0
2012-11-05,15544.0
2012-11-06,15684.0
2012-11-07,15292.0
2012-11-08,15194.0
2012-11-09,15181.0
2012-11-12,15122.0
2012-11-13,15333.0
2012-11-14,15253.0
2012-11-15,15163.0
2012-11-16,14856.0
2012-11-19,15309.0
2012-11-20,15270.0
2012-11-21,15395.0
2012-11-22,15554.0
2012-11-23,15636.0
2012-11-26,15520.0
2012-11-27,15480.0
2012-11-28,15453.0
2012-11-29,15888.0
2012-11-30,15808.0
2012-12-03,15876.0
2012-12-04,16042.0
2012-12-05,15954.0
2012-12-06,15835.0
2012-12-07,15699.0
2012-12-10,15354.0
2012-12-11,15586.0
2012-12-12,15765.0
2012-12-13,15866.0
2012-12-14,15908.0
2012-12-17,16005.0
2012-12-18,16155.0
2012-12-19,16333.0
2012-12-20,16399.0
2012-12-21,16334.0
2012-12-27,16408.0
2012-12-28,16273.0
2013-01-02,16893.0
2013-01-03,16910.0
2013-01-04,16960.0
2013-01-07,16896.0
2013-01-08,16951.0
2013-01-09,17326.0
2013-01-10,17451.0
2013-01-11,17502.0
2013-01-14,17391.0
2013-01-15,17468.0
2013-01-16,17340.0
2013-01-17,17587.0
2013-01-18,17554.0
2013-01-21,17632.0
2013-01-22,17716.0
2013-01-23,17579.0
2013-01-24,17757.0
2013-01-25,17727.0
2013-01-28,17897.0
2013-01-29,17892.0
2013-01-30,17290.0
2013-01-31,17439.0
2013-02-01,17319.0
2013-02-04,16539.0
2013-02-05,16712.0
2013-02-06,16603.0
2013-02-07,16401.0
2013-02-08,16631.0
2013-02-11,16530.0
2013-02-12,16644.0
2013-02-13,16712.0
2013-02-14,16545.0
2013-02-15,16490.0
2013-02-18,16406.0
2013-02-19,16664.0
2013-02-20,16528.0
2013-02-21,16010.0
2013-02-22,16233.0
2013-02-25,16352.0
2013-02-26,15552.0
2013-02-27,15827.0
2013-02-28,15921.0
2013-03-01,15675.0
2013-03-04,15542.0
2013-03-05,15974.0
2013-03-06,15900.0
2013-03-07,15947.0
2013-03-08,16204.0
2013-03-11,16092.0
2013-03-12,16024.0
2013-03-13,15745.0
2013-03-14,16131.0
2013-03-15,16061.0
2013-03-18,15924.0
2013-03-19,15671.0
2013-03-20,16016.0
2013-03-21,15936.0
2013-03-22,16046.0
2013-03-25,15644.0
2013-03-26,15496.0
2013-03-27,15354.0
2013-03-28,15339.0
2013-04-02,15555.0
2013-04-03,15200.0
2013-04-04,15154.0
2013-04-05,15250.0
2013-04-08,15243.0
2013-04-09,15436.0
2013-04-10,15929.0
2013-04-11,16021.0
2013-04-12,15780.0
2013-04-15,15629.0
2013-04-16,15533.0
2013-04-17,15384.0
2013-04-18,15481.0
2013-04-19,15761.0
2013-04-22,16022.0
2013-04-23,16491.0
2013-04-24,16563.0
2013-04-25,16650.0
2013-04-26,16565.0
2013-04-29,16930.0
2013-04-30,16768.0
2013-05-02,16748.0
2013-05-03,16922.0
2013-05-06,16863.0
2013-05-07,17122.0
2013-05-08,17256.0
2013-05-09,17091.0
2013-05-10,17284.0
2013-05-13,17172.0
2013-05-14,17315.0
2013-05-15,17493.0
2013-05-16,17544.0
2013-05-17,17605.0
2013-05-20,17507.0
2013-05-21,17427.0
2013-05-22,17545.0
2013-05-23,17008.0
2013-05-24,16897.0
2013-05-27,17159.0
2013-05-28,17520.0
2013-05-29,17237.0
2013-05-30,17351.0
2013-05-31,17214.0
2013-06-03,17058.0
2013-06-04,17136.0
2013-06-05,16971.0
2013-06-06,16525.0
2013-06-07,16691.0
2013-06-10,16556.0
2013-06-11,16287.0
2013-06-12,16024.0
2013-06-13,16116.0
2013-06-14,16153.0
2013-06-17,16194.0
2013-06-18,16198.0
2013-06-19,16046.0
2013-06-20,15549.0
2013-06-21,15255.0
2013-06-24,15112.0
2013-06-25,15057.0
2013-06-26,15363.0
2013-06-27,15430.0
2013-06-28,15239.0
2013-07-01,15460.0
2013-07-02,15366.0
2013-07-03,15283.0
2013-07-04,15808.0
2013-07-05,15534.0
2013-07-08,15800.0
2013-07-09,15791.0
2013-07-10,15677.0
2013-07-11,15677.0
2013-07-12,15431.0
2013-07-15,15597.0
2013-07-16,15530.0
2013-07-17,15695.0
2013-07-18,16054.0
2013-07-19,16124.0
2013-07-22,16234.0
2013-07-23,16239.0
2013-07-24,16443.0
2013-07-25,16432.0
2013-07-26,16422.0
2013-07-29,16276.0
2013-07-30,16543.0
2013-07-31,16482.0
2013-08-01,16819.0
2013-08-02,16779.0
2013-08-05,16757.0
2013-08-06,16683.0
2013-08-07,16838.0
2013-08-08,17147.0
2013-08-09,17187.0
2013-08-12,17263.0
2013-08-13,17380.0
2013-08-14,17463.0
2013-08-16,17678.0
2013-08-19,17243.0
2013-08-20,17000.0
2013-08-21,16878.0
2013-08-22,17310.0
2013-08-23,17342.0
2013-08-26,16978.0
2013-08-27,16580.0
2013-08-28,16743.0
2013-08-29,16905.0
2013-08-30,16682.0
2013-09-02,16989.0
2013-09-03,16941.0
2013-09-04,16712.0
2013-09-05,16843.0
2013-09-06,17047.0
2013-09-09,17245.0
2013-09-10,17332.0
2013-09-11,17563.0
2013-09-12,17523.0
2013-09-13,17548.0
2013-09-16,17732.0
2013-09-17,17752.0
2013-09-18,17805.0
2013-09-19,18059.0
2013-09-20,17970.0
2013-09-23,17913.0
2013-09-24,18065.0
2013-09-25,18089.0
2013-09-26,17873.0
2013-09-27,17646.0
2013-09-30,17435.0
2013-10-01,17977.0
2013-10-02,18098.0
2013-10-03,18018.0
2013-10-04,18304.0
2013-10-07,18426.0
2013-10-08,18373.0
2013-10-09,18552.0
2013-10-10,18837.0
2013-10-11,18883.0
2013-10-14,18918.0
2013-10-15,18999.0
2013-10-16,19275.0
2013-10-17,19198.0
2013-10-18,19271.0
2013-10-21,19263.0
2013-10-22,19372.0
2013-10-23,18911.0
2013-10-24,19153.0
2013-10-25,18875.0
2013-10-28,18829.0
2013-10-29,19257.0
2013-10-30,19167.0
2013-10-31,19352.0
2013-11-01,19164.0
2013-11-04,19311.0
2013-11-05,19092.0
2013-11-06,19263.0
2013-11-07,18863.0
2013-11-08,18962.0
2013-11-11,19108.0
2013-11-12,19005.0
2013-11-13,18733.0
2013-11-14,18761.0
2013-11-15,18687.0
2013-11-18,19105.0
2013-11-19,18767.0
2013-11-20,18728.0
2013-11-21,18842.0
2013-11-22,18822.0
2013-11-25,18784.0
2013-11-26,18774.0
2013-11-27,18925.0
2013-11-28,19099.0
2013-11-29,19022.0
2013-12-02,18733.0
2013-12-03,18367.0
2013-12-04,18313.0
2013-12-05,17993.0
2013-12-06,18124.0
2013-12-09,18286.0
2013-12-10,18237.0
2013-12-11,17974.0
2013-12-12,17805.0
2013-12-13,17806.0
2013-12-16,18222.0
2013-12-17,17925.0
2013-12-18,18132.0
2013-12-19,18454.0
2013-12-20,18566.0
2013-12-23,18697.0
2013-12-27,18957.0
2013-12-30,18968.0
2014-01-02,18930.0
2014-01-03,19113.0
2014-01-06,19234.0
2014-01-07,19469.0
2014-01-08,19436.0
2014-01-09,19503.0
2014-01-10,19569.0
2014-01-13,19697.0
2014-01-14,19730.0
2014-01-15,20046.0
2014-01-16,19876.0
2014-01-17,19969.0
2014-01-20,19973.0
2014-01-21,19996.0
2014-01-22,19958.0
2014-01-23,19815.0
2014-01-24,19359.0
2014-01-27,19274.0
2014-01-28,19448.0
2014-01-29,19337.0
2014-01-30,19412.0
2014-01-31,19418.0
2014-02-03,18907.0
2014-02-04,19020.0
2014-02-05,19070.0
2014-02-06,19504.0
2014-02-07,19692.0
2014-02-10,19683.0
2014-02-11,19887.0
2014-02-12,20145.0
2014-02-13,20110.0
2014-02-14,20436.0
2014-02-17,20459.0
2014-02-18,20478.0
2014-02-19,20438.0
2014-02-20,20452.0
2014-02-21,20391.0
2014-02-24,20477.0
2014-02-25,20473.0
2014-02-26,20398.0
2014-02-27,20320.0
2014-02-28,20442.0
2014-03-03,19759.0
2014-03-04,20475.0
2014-03-05,20756.0
2014-03-06,20838.0
2014-03-07,20634.0
2014-03-10,20753.0
2014-03-11,20833.0
2014-03-12,20781.0
2014-03-13,20591.0
2014-03-14,20346.0
2014-03-17,20858.0
2014-03-18,21038.0
2014-03-19,20976.0
2014-03-20,21094.0
2014-03-21,20972.0
2014-03-24,20626.0
2014-03-25,20823.0
2014-03-26,21108.0
2014-03-27,21173.0
2014-03-28,21498.0
2014-03-31,21691.0
2014-04-01,21915.0
2014-04-02,21692.0
2014-04-03,21992.0
2014-04-04,22175.0
2014-04-07,21988.0
2014-04-08,21667.0
2014-04-09,21717.0
2014-04-10,21429.0
2014-04-11,21198.0
2014-04-14,21314.0
2014-04-15,20817.0
2014-04-16,21534.0
2014-04-17,21613.0
2014-04-22,21935.0
2014-04-23,21675.0
2014-04-24,21819.0
2014-04-25,21441.0
2014-04-28,21513.0
2014-04-29,21976.0
2014-04-30,21783.0
2014-05-02,21782.0
2014-05-05,21639.0
2014-05-06,21521.0
2014-05-07,21240.0
2014-05-08,21729.0
2014-05-09,21390.0
2014-05-12,21493.0
2014-05-13,21255.0
2014-05-14,21184.0
2014-05-15,20419.0
2014-05-16,20648.0
2014-05-19,20318.0
2014-05-20,20379.0
2014-05-21,20597.0
2014-05-22,20372.0
2014-05-23,20745.0
2014-05-26,21493.0
2014-05-27,21403.0
2014-05-28,21586.0
2014-05-29,21511.0
2014-05-30,21629.0
2014-06-02,21796.0
2014-06-03,21656.0
2014-06-04,21622.0
2014-06-05,21951.0
2014-06-06,22290.0
2014-06-09,22472.0
2014-06-10,22518.0
2014-06-11,22223.0
2014-06-12,22163.0
2014-06-13,22165.0
2014-06-16,21976.0
2014-06-17,21996.0
2014-06-18,22030.0
2014-06-19,22216.0
2014-06-20,21988.0
2014-06-23,21694.0
2014-06-24,21641.0
2014-06-25,21469.0
2014-06-26,21384.0
2014-06-27,21319.0
2014-06-30,21283.0
2014-07-01,21563.0
2014-07-02,21678.0
2014-07-03,21884.0
2014-07-04,21559.0
2014-07-07,21273.0
2014-07-08,20700.0
2014-07-09,20885.0
2014-07-10,20488.0
2014-07-11,20614.0
2014-07-14,20697.0
2014-07-15,20422.0
2014-07-16,21069.0
2014-07-17,20603.0
2014-07-18,20737.0
2014-07-21,20431.0
2014-07-22,20873.0
2014-07-23,20831.0
2014-07-24,21255.0
2014-07-25,21063.0
2014-07-28,20939.0
2014-07-29,21085.0
2014-07-30,20887.0
2014-07-31,20570.0
2014-08-01,20362.0
2014-08-04,20381.0
2014-08-05,20052.0
2014-08-06,19509.0
2014-08-07,19130.0
2014-08-08,19193.0
2014-08-11,19460.0
2014-08-12,19416.0
2014-08-13,19537.0
2014-08-14,19480.0
2014-08-18,19639.0
2014-08-19,19644.0
2014-08-20,19605.0
2014-08-21,20010.0
2014-08-22,19917.0
2014-08-25,20375.0
2014-08-26,20645.0
2014-08-27,20763.0
2014-08-28,20341.0
2014-08-29,20450.0
2014-09-01,20345.0
2014-09-02,20446.0
2014-09-03,20831.0
2014-09-04,21419.0
2014-09-05,21395.0
2014-09-08,21294.0
2014-09-09,21149.0
2014-09-10,21140.0
2014-09-11,21092.0
2014-09-12,21071.0
2014-09-15,20851.0
2014-09-16,20788.0
2014-09-17,21111.0
2014-09-18,21128.0
2014-09-19,20972.0
2014-09-22,20673.0
2014-09-23,20351.0
2014-09-24,20691.0
2014-09-25,20411.0
2014-09-26,20795.0
2014-09-29,20526.0
2014-09-30,20892.0
2014-10-01,20706.0
2014-10-02,19894.0
2014-10-03,20200.0
2014-10-06,20119.0
2014-10-07,19771.0
2014-10-08,19645.0
2014-10-09,19382.0
2014-10-10,19200.0
2014-10-13,19139.0
2014-10-14,19155.0
2014-10-15,18304.0
2014-10-16,18083.0
2014-10-17,18700.0
2014-10-20,18540.0
2014-10-21,19057.0
2014-10-22,19266.0
2014-10-23,19434.0
2014-10-24,19495.0
2014-10-27,19028.0
2014-10-28,19476.0
2014-10-29,19157.0
2014-10-30,19194.0
2014-10-31,19783.0
2014-11-03,19369.0
2014-11-04,18934.0
2014-11-05,19427.0
2014-11-06,19285.0
2014-11-07,19095.0
2014-11-10,19258.0
2014-11-11,19255.0
2014-11-12,18702.0
2014-11-13,18782.0
2014-11-14,18965.0
2014-11-17,19216.0
2014-11-18,19352.0
2014-11-19,19379.0
2014-11-20,19209.0
2014-11-21,19954.0
2014-11-24,19925.0
2014-11-25,20009.0
2014-11-26,19938.0
2014-11-27,20100.0
2014-11-28,20014.0
2014-12-01,19686.0
2014-12-02,19780.0
2014-12-03,19978.0
2014-12-04,19424.0
2014-12-05,20087.0
2014-12-08,19951.0
2014-12-09,19390.0
2014-12-10,19218.0
2014-12-11,19201.0
2014-12-12,18601.0
2014-12-15,18079.0
2014-12-16,18670.0
2014-12-17,18569.0
2014-12-18,19061.0
2014-12-19,18984.0
2014-12-22,19074.0
2014-12-23,19352.0
2014-12-29,19130.0
2014-12-30,19012.0
2015-01-02,19130.0
2015-01-05,18188.0
2015-01-06,18143.0
2015-01-07,18123.0
2015-01-08,18792.0
2015-01-09,18177.0
2015-01-12,18349.0
2015-01-13,18709.0
2015-01-14,18410.0
2015-01-15,18845.0
2015-01-16,19255.0
2015-01-19,19481.0
2015-01-20,19659.0
2015-01-21,19981.0
2015-01-22,20470.0
2015-01-23,20520.0
2015-01-26,20757.0
2015-01-27,20646.0
2015-01-28,20478.0
2015-01-29,20594.0
2015-01-30,20503.0
2015-02-02,20486.0
2015-02-03,21012.0
2015-02-04,20942.0
2015-02-05,20819.0
2015-02-06,20761.0
2015-02-09,20367.0
2015-02-10,20726.0
2015-02-11,20566.0
2015-02-12,21003.0
2015-02-13,21204.0
2015-02-16,21166.0
2015-02-17,21266.0
2015-02-18,21659.0
2015-02-19,21790.0
2015-02-20,21843.0
2015-02-23,21964.0
2015-02-24,22150.0
2015-02-25,21937.0
2015-02-26,22165.0
2015-02-27,22338.0
2015-03-02,22298.0
2015-03-03,21987.0
2015-03-04,22131.0
2015-03-05,22400.0
2015-03-06,22436.0
2015-03-09,22564.0
2015-03-10,22346.0
2015-03-11,22833.0
2015-03-12,22809.0
2015-03-13,22714.0
2015-03-16,22931.0
2015-03-17,22723.0
2015-03-18,22565.0
2015-03-19,22805.0
2015-03-20,23177.0
2015-03-23,23057.0
2015-03-24,23333.0
2015-03-25,23145.0
2015-03-26,22900.0
2015-03-27,22984.0
2015-03-30,23261.0
2015-03-31,23157.0
2015-04-01,23359.0
2015-04-02,23309.0
2015-04-07,23706.0
2015-04-08,23579.0
2015-04-09,23804.0
2015-04-10,23877.0
2015-04-13,24009.0
2015-04-14,23753.0
2015-04-15,24031.0
2015-04-16,23611.0
2015-04-17,23044.0
2015-04-20,23333.0
2015-04-21,23240.0
2015-04-22,23315.0
2015-04-23,23199.0
2015-04-24,23427.0
2015-04-27,23806.0
2015-04-28,23532.0
2015-04-29,22996.0
2015-04-30,23046.0
2015-05-04,23217.0
2015-05-05,22576.0
2015-05-06,22660.0
2015-05-07,22842.0
2015-05-08,23312.0
2015-05-11,23322.0
2015-05-12,23105.0
2015-05-13,23211.0
2015-05-14,23549.0
2015-05-15,23473.0
2015-05-18,23198.0
2015-05-19,23713.0
2015-05-20,23773.0
2015-05-21,23740.0
2015-05-22,23782.0
2015-05-25,23285.0
2015-05-26,23327.0
2015-05-27,23861.0
2015-05-28,23744.0
2015-05-29,23496.0
2015-06-01,23436.0
2015-06-02,23576.0
2015-06-03,23609.0
2015-06-04,23337.0
2015-06-05,22847.0
2015-06-08,22642.0
2015-06-09,22527.0
2015-06-10,23091.0
2015-06-11,23172.0
2015-06-12,22878.0
2015-06-15,22328.0
2015-06-16,22383.0
2015-06-17,22225.0
2015-06-18,22460.0
2015-06-19,22699.0
2015-06-22,23486.0
2015-06-23,23567.0
2015-06-24,23443.0
2015-06-25,23643.0
2015-06-26,23800.0
2015-06-29,22570.0
2015-06-30,22461.0
2015-07-01,22944.0
2015-07-02,22617.0
2015-07-03,22508.0
2015-07-06,21601.0
2015-07-07,20958.0
2015-07-08,21512.0
2015-07-09,22269.0
2015-07-10,22937.0
2015-07-13,23167.0
2015-07-14,23098.0
2015-07-15,23393.0
2015-07-16,23783.0
2015-07-17,23765.0
2015-07-20,24031.0
2015-07-21,23713.0
2015-07-22,23681.0
2015-07-23,23633.0
2015-07-24,23508.0
2015-07-27,22809.0
2015-07-28,23328.0
2015-07-29,23249.0
2015-07-30,23396.0
2015-07-31,23538.0
2015-08-03,23714.0
2015-08-04,23473.0
2015-08-05,23912.0
2015-08-06,23811.0
2015-08-07,23705.0
2015-08-10,23966.0
2015-08-11,23698.0
2015-08-12,22998.0
2015-08-13,23356.0
2015-08-14,23249.0
2015-08-17,23408.0
2015-08-18,23390.0
2015-08-19,22975.0
2015-08-20,22379.0
2015-08-21,21746.0
2015-08-24,20450.0
2015-08-25,21650.0
2015-08-26,21474.0
2015-08-27,22201.0
2015-08-28,21994.0
2015-08-31,21942.0
2015-09-01,21451.0
2015-09-02,21612.0
2015-09-03,22177.0
2015-09-04,21473.0
2015-09-07,21622.0
2015-09-08,21941.0
2015-09-09,22127.0
2015-09-10,21901.0
2015-09-11,21763.0
2015-09-14,21554.0
2015-09-15,21904.0
2015-09-16,22059.0
2015-09-17,22100.0
2015-09-18,21515.0
2015-09-21,21755.0
2015-09-22,21032.0
2015-09-23,21069.0
2015-09-24,20582.0
2015-09-25,21339.0
2015-09-28,20759.0
2015-09-29,20727.0
2015-09-30,21295.0
2015-10-01,21143.0
2015-10-02,21395.0
2015-10-05,21980.0
2015-10-06,22183.0
2015-10-07,22007.0
2015-10-08,22157.0
2015-10-09,22258.0
2015-10-12,22091.0
2015-10-13,22048.0
2015-10-14,21838.0
2015-10-15,22218.0
2015-10-16,22338.0
2015-10-19,22420.0
2015-10-20,22270.0
2015-10-21,22173.0
2015-10-22,22617.0
2015-10-23,22737.0
2015-10-26,22630.0
2015-10-27,22370.0
2015-10-28,22686.0
2015-10-29,22443.0
2015-10-30,22443.0
2015-11-02,22482.0
2015-11-03,22459.0
2015-11-04,22313.0
2015-11-05,22224.0
2015-11-06,22530.0
2015-11-09,22107.0
2015-11-10,22444.0
2015-11-11,22385.0
2015-11-12,21859.0
2015-11-13,21843.0
2015-11-16,21811.0
2015-11-17,22309.0
2015-11-18,22092.0
2015-11-19,22192.0
2015-11-20,22140.0
2015-11-23,22295.0
2015-11-24,21948.0
2015-11-25,22359.0
2015-11-26,22592.0
2015-11-27,22575.0
2015-11-30,22718.0
2015-12-01,22581.0
2015-12-02,22552.0
2015-12-03,21996.0
2015-12-04,22021.0
2015-12-07,22037.0
2015-12-08,21538.0
2015-12-09,21501.0
2015-12-10,21410.0
2015-12-11,21015.0
2015-12-14,20507.0
2015-12-15,21273.0
2015-12-16,21210.0
2015-12-17,21523.0
2015-12-18,21242.0
2015-12-21,21099.0
2015-12-22,21060.0
2015-12-23,21456.0
2015-12-28,21369.0
2015-12-29,21661.0
2015-12-30,21418.0
2016-01-04,20734.0
2016-01-05,20983.0
2016-01-06,20422.0
2016-01-07,20189.0
2016-01-08,19869.0
2016-01-11,19756.0
2016-01-12,19970.0
2016-01-13,20140.0
2016-01-14,19803.0
2016-01-15,19196.0
2016-01-18,18687.0
2016-01-19,18881.0
2016-01-20,17968.0
2016-01-21,18723.0
2016-01-22,19028.0
2016-01-25,18641.0
2016-01-26,18924.0
2016-01-27,18848.0
2016-01-28,18190.0
2016-01-29,18657.0
2016-02-01,18486.0
2016-02-02,17922.0
2016-02-03,17412.0
2016-02-04,17626.0
2016-02-05,17250.0
2016-02-08,16441.0
2016-02-09,15913.0
2016-02-10,16714.0
2016-02-11,15773.0
2016-02-12,16515.0
2016-02-15,17042.0
2016-02-16,16958.0
2016-02-17,17378.0
2016-02-18,17112.0
2016-02-19,16910.0
2016-02-22,17505.0
2016-02-23,17163.0
2016-02-24,16719.0
2016-02-25,17105.0
2016-02-26,17484.0
2016-02-29,17623.0
2016-03-01,18012.0
2016-03-02,18206.0
2016-03-03,18349.0
2016-03-04,18279.0
2016-03-07,18059.0
2016-03-08,18018.0
2016-03-09,18209.0
2016-03-10,18118.0
2016-03-11,18988.0
2016-03-14,18982.0
2016-03-15,18765.0
2016-03-16,18732.0
2016-03-17,18608.0
2016-03-18,18611.0
2016-03-21,18697.0
2016-03-22,18699.0
2016-03-23,18463.0
2016-03-24,18166.0
2016-03-29,18172.0
2016-03-30,18375.0
2016-03-31,18117.0
2016-04-01,17777.0
2016-04-04,17639.0
2016-04-05,17109.0
2016-04-06,17241.0
2016-04-07,16818.0
2016-04-08,17505.0
2016-04-11,17723.0
2016-04-12,17445.0
2016-04-13,18166.0
2016-04-14,18329.0
2016-04-15,18257.0
2016-04-18,18358.0
2016-04-19,18448.0
2016-04-20,18658.0
2016-04-21,18733.0
2016-04-22,18687.0
2016-04-25,18403.0
2016-04-26,18670.0
2016-04-27,18751.0
2016-04-28,18977.0
2016-04-29,18601.0
2016-05-02,18420.0
2016-05-03,17967.0
2016-05-04,17936.0
2016-05-05,17924.0
2016-05-06,17843.0
2016-05-09,17686.0
2016-05-10,17935.0
2016-05-11,17698.0
2016-05-12,17651.0
2016-05-13,17729.0
2016-05-16,17737.0
2016-05-17,17499.0
2016-05-18,17714.0
2016-05-19,17546.0
2016-05-20,17812.0
2016-05-23,17325.0
2016-05-24,17904.0
2016-05-25,18201.0
2016-05-26,18217.0
2016-05-27,18186.0
2016-05-30,18291.0
2016-05-31,18025.0
2016-06-01,17811.0
2016-06-02,17767.0
2016-06-03,17495.0
2016-06-06,17625.0
2016-06-07,17975.0
2016-06-08,17910.0
2016-06-09,17764.0
2016-06-10,17120.0
2016-06-13,16622.0
2016-06-14,16271.0
2016-06-15,16514.0
2016-06-16,16352.0
2016-06-17,16923.0
2016-06-20,17353.0
2016-06-21,17431.0
2016-06-22,17323.0
2016-06-23,17966.0
2016-06-24,15724.0
2016-06-27,15104.0
2016-06-28,15602.0
2016-06-29,15947.0
2016-06-30,16198.0
2016-07-01,16296.0
2016-07-04,16012.0
2016-07-05,15780.0
2016-07-06,15424.0
2016-07-07,15436.0
2016-07-08,16066.0
2016-07-11,16261.0
2016-07-12,16721.0
2016-07-13,16528.0
2016-07-14,16798.0
2016-07-15,16749.0
2016-07-18,16763.0
2016-07-19,16674.0
2016-07-20,16764.0
2016-07-21,16805.0
2016-07-22,16779.0
2016-07-25,16692.0
2016-07-26,16697.0
2016-07-27,16863.0
2016-07-28,16523.0
2016-07-29,16847.0
2016-08-01,16555.0
2016-08-02,16098.0
2016-08-03,16130.0
2016-08-04,16236.0
2016-08-05,16626.0
2016-08-08,16744.0
2016-08-09,16796.0
2016-08-10,16792.0
2016-08-11,16970.0
2016-08-12,16998.0
2016-08-16,16793.0
2016-08-17,16528.0
2016-08-18,16674.0
2016-08-19,16310.0
2016-08-22,16369.0
2016-08-23,16778.0
2016-08-24,16892.0
2016-08-25,16711.0
2016-08-26,16844.0
2016-08-29,16655.0
2016-08-30,16891.0
2016-08-31,16943.0
2016-09-01,16923.0
2016-09-02,17184.0
2016-09-05,17190.0
2016-09-06,17053.0
2016-09-07,17293.0
2016-09-08,17376.0
2016-09-09,17156.0
2016-09-12,16840.0
2016-09-13,16548.0
2016-09-14,16540.0
2016-09-15,16595.0
2016-09-16,16192.0
2016-09-19,16399.0
2016-09-20,16207.0
2016-09-21,16350.0
2016-09-22,16638.0
2016-09-23,16453.0
2016-09-26,16192.0
2016-09-27,16135.0
2016-09-28,16222.0
2016-09-29,16339.0
2016-09-30,16401.0
2016-10-03,16274.0
2016-10-04,16308.0
2016-10-05,16477.0
2016-10-06,16492.0
2016-10-07,16405.0
2016-10-10,16632.0
2016-10-11,16474.0
2016-10-12,16470.0
2016-10-13,16269.0
2016-10-14,16591.0
2016-10-17,16630.0
2016-10-18,16967.0
2016-10-19,17044.0
2016-10-20,17141.0
2016-10-21,17167.0
2016-10-24,17306.0
2016-10-25,17230.0
2016-10-26,17281.0
2016-10-27,17426.0
2016-10-28,17324.0
2016-10-31,17125.0
2016-11-01,16898.0
2016-11-02,16475.0
2016-11-03,16420.0
2016-11-04,16319.0
2016-11-07,16737.0
2016-11-08,16817.0
2016-11-09,16800.0
2016-11-10,16805.0
2016-11-11,16812.0
2016-11-14,16686.0
2016-11-15,16682.0
2016-11-16,16560.0
2016-11-17,16555.0
2016-11-18,16266.0
2016-11-21,16297.0
2016-11-22,16520.0
2016-11-23,16532.0
2016-11-24,16501.0
2016-11-25,16515.0
2016-11-28,16217.0
2016-11-29,16562.0
2016-11-30,16930.0
2016-12-01,17098.0
2016-12-02,17087.0
2016-12-05,17050.0
2016-12-06,17758.0
2016-12-07,18131.0
2016-12-08,18428.0
2016-12-09,18293.0
2016-12-12,18370.0
2016-12-13,18828.0
2016-12-14,18606.0
2016-12-15,18995.0
2016-12-16,19015.0
2016-12-19,18969.0
2016-12-20,19247.0
2016-12-21,19216.0
2016-12-22,19121.0
2016-12-23,19345.0
2016-12-27,19391.0
2016-12-28,19239.0
2016-12-29,19204.0
2016-12-30,19235.0
2017-01-02,19567.0
2017-01-03,19573.0
2017-01-04,19627.0
2017-01-05,19643.0
2017-01-06,19688.0
2017-01-09,19360.0
2017-01-10,19424.0
2017-01-11,19487.0
2017-01-12,19157.0
2017-01-13,19515.0
2017-01-16,19247.0
2017-01-17,19296.0
2017-01-18,19358.0
2017-01-19,19491.0
2017-01-20,19479.0
2017-01-23,19328.0
2017-01-24,19500.0
2017-01-25,19582.0
2017-01-26,19440.0
2017-01-27,19329.0
2017-01-30,18759.0
2017-01-31,18591.0
2017-02-01,18741.0
2017-02-02,18889.0
2017-02-03,19116.0
2017-02-06,18694.0
2017-02-07,18663.0
2017-02-08,18772.0
2017-02-09,18947.0
2017-02-10,18862.0
2017-02-13,19065.0
2017-02-14,19188.0
2017-02-15,19056.0
2017-02-16,19088.0
2017-02-17,19006.0
2017-02-20,18979.0
2017-02-21,19044.0
2017-02-22,18885.0
2017-02-23,18819.0
2017-02-24,18597.0
2017-02-27,18914.0
2017-02-28,18913.0
2017-03-01,19364.0
2017-03-02,19441.0
2017-03-03,19664.0
2017-03-06,19450.0
2017-03-07,19455.0
2017-03-08,19482.0
2017-03-09,19571.0
2017-03-10,19658.0
2017-03-13,19707.0
2017-03-14,19537.0
2017-03-15,19774.0
2017-03-16,20110.0
2017-03-17,20074.0
2017-03-20,19969.0
2017-03-21,19919.0
2017-03-22,19953.0
2017-03-23,20167.0
2017-03-24,20188.0
2017-03-27,20124.0
2017-03-28,20330.0
2017-03-29,20277.0
2017-03-30,20368.0
2017-03-31,20493.0
2017-04-03,20243.0
2017-04-04,20257.0
2017-04-05,20253.0
2017-04-06,20297.0
2017-04-07,20300.0
2017-04-10,20202.0
2017-04-11,20109.0
2017-04-12,20005.0
2017-04-13,19774.0
2017-04-18,19443.0
2017-04-19,19825.0
2017-04-20,19849.0
2017-04-21,19742.0
2017-04-24,20684.0
2017-04-25,20806.0
2017-04-26,20837.0
2017-04-27,20597.0
2017-04-28,20609.0
2017-05-02,20733.0
2017-05-03,20759.0
2017-05-04,21170.0
2017-05-05,21484.0
2017-05-08,21428.0
2017-05-09,21487.0
2017-05-10,21553.0
2017-05-11,21483.0
2017-05-12,21575.0
2017-05-15,21704.0
2017-05-16,21788.0
2017-05-17,21284.0
2017-05-18,21299.0
2017-05-19,21568.0
2017-05-22,21319.0
2017-05-23,21416.0
2017-05-24,21370.0
2017-05-25,21292.0
2017-05-26,21211.0
2017-05-29,20784.0
2017-05-30,20814.0
2017-05-31,20732.0
2017-06-01,20936.0
2017-06-02,20928.0
2017-06-05,20721.0
2017-06-06,20760.0
2017-06-07,20740.0
2017-06-08,21042.0
2017-06-09,21122.0
2017-06-12,20910.0
2017-06-13,21089.0
2017-06-14,20961.0
2017-06-15,20848.0
2017-06-16,20941.0
2017-06-19,21014.0
2017-06-20,20810.0
2017-06-21,21072.0
2017-06-22,20930.0
2017-06-23,20834.0
2017-06-26,21002.0
2017-06-27,20791.0
2017-06-28,21048.0
2017-06-29,20705.0
2017-06-30,20584.0
2017-07-03,21013.0
2017-07-04,21031.0
2017-07-05,20939.0
2017-07-06,21084.0
2017-07-07,21015.0
2017-07-10,21191.0
2017-07-11,21112.0
2017-07-12,21433.0
2017-07-13,21522.0
2017-07-14,21492.0
2017-07-17,21485.0
2017-07-18,21358.0
2017-07-19,21479.0
2017-07-20,21439.0
2017-07-21,21202.0
2017-07-24,21327.0
2017-07-25,21457.0
2017-07-26,21578.0
2017-07-27,21635.0
2017-07-28,21430.0
2017-07-31,21487.0
2017-08-01,21613.0
2017-08-02,21574.0
2017-08-03,21794.0
2017-08-04,21936.0
2017-08-07,22031.0
2017-08-08,22048.0
2017-08-09,21848.0
2017-08-10,21682.0
2017-08-11,21354.0
2017-08-14,21722.0
2017-08-16,21985.0
2017-08-17,21789.0
2017-08-18,21815.0
2017-08-21,21753.0
2017-08-22,21729.0
2017-08-23,21620.0
2017-08-24,21730.0
2017-08-25,21747.0
2017-08-28,21726.0
2017-08-29,21409.0
2017-08-30,21503.0
2017-08-31,21670.0
2017-09-01,21859.0
2017-09-04,21791.0
2017-09-05,21738.0
2017-09-06,21815.0
2017-09-07,21723.0
2017-09-08,21777.0
2017-09-11,22134.0
2017-09-12,22233.0
2017-09-13,22233.0
2017-09-14,22281.0
2017-09-15,22229.0
2017-09-18,22365.0
2017-09-19,22425.0
2017-09-20,22356.0
2017-09-21,22492.0
2017-09-22,22531.0
2017-09-25,22390.0
2017-09-26,22431.0
2017-09-27,22622.0
2017-09-28,22588.0
2017-09-29,22696.0
2017-10-02,22811.0
2017-10-03,22785.0
2017-10-04,22456.0
2017-10-05,22566.0
2017-10-06,22392.0
2017-10-09,22477.0
2017-10-10,22336.0
2017-10-11,22552.0
2017-10-12,22399.0
2017-10-13,22414.0
2017-10-16,22428.0
2017-10-17,22338.0
2017-10-18,22355.0
2017-10-19,22133.0
2017-10-20,22347.0
2017-10-23,22379.0
2017-10-24,22630.0
2017-10-25,22446.0
2017-10-26,22807.0
2017-10-27,22665.0
2017-10-30,22753.0
2017-10-31,22794.0
2017-11-01,22992.0
2017-11-02,23046.0
2017-11-03,23014.0
2017-11-06,23003.0
2017-11-07,22963.0
2017-11-08,22831.0
2017-11-09,22641.0
2017-11-10,22561.0
2017-11-13,22438.0
2017-11-14,22297.0
2017-11-15,22159.0
2017-11-16,22207.0
2017-11-17,22093.0
2017-11-20,22189.0
2017-11-21,22326.0
2017-11-22,22315.0
2017-11-23,22398.0
2017-11-24,22416.0
2017-11-27,22177.0
2017-11-28,22292.0
2017-11-29,22326.0
2017-11-30,22368.0
2017-12-01,22106.0
2017-12-04,22362.0
2017-12-05,22416.0
2017-12-06,22307.0
2017-12-07,22460.0
2017-12-08,22774.0
2017-12-11,22691.0
2017-12-12,22727.0
2017-12-13,22400.0
2017-12-14,22192.0
2017-12-15,22094.0
2017-12-18,22391.0
2017-12-19,22275.0
2017-12-20,22110.0
2017-12-21,22240.0
2017-12-22,22209.0
2017-12-27,22201.0
2017-12-28,22121.0
2017-12-29,21853.0
2018-01-02,21845.0
2018-01-03,21905.0
2018-01-04,22512.0
2018-01-05,22762.0
2018-01-08,22846.0
2018-01-09,23005.0
2018-01-10,23157.0
2018-01-11,23305.0
2018-01-12,23430.0
2018-01-15,23544.0
2018-01-16,23495.0
2018-01-17,23515.0
2018-01-18,23631.0
2018-01-19,23749.0
2018-01-22,23890.0
2018-01-23,23837.0
2018-01-24,23623.0
2018-01-25,23720.0
2018-01-26,23857.0
2018-01-29,23802.0
2018-01-30,23481.0
2018-01-31,23507.0
2018-02-01,23541.0
2018-02-02,23203.0
2018-02-05,22822.0
2018-02-06,22347.0
2018-02-07,22986.0
2018-02-08,22467.0
2018-02-09,22167.0
2018-02-12,22337.0
2018-02-13,22034.0
2018-02-14,22434.0
2018-02-15,22496.0
2018-02-16,22798.0
2018-02-19,22569.0
2018-02-20,22674.0
2018-02-21,22653.0
2018-02-22,22464.0
2018-02-23,22672.0
2018-02-26,22706.0
2018-02-27,22724.0
2018-02-28,22608.0
2018-03-01,22448.0
2018-03-02,21912.0
2018-03-05,21820.0
2018-03-06,22203.0
2018-03-07,22473.0
2018-03-08,22731.0
2018-03-09,22746.0
2018-03-12,22765.0
2018-03-13,22691.0
2018-03-14,22452.0
2018-03-15,22713.0
2018-03-16,22858.0
2018-03-19,22633.0
2018-03-20,22798.0
2018-03-21,22820.0
2018-03-22,22398.0
2018-03-23,22289.0
2018-03-26,22012.0
2018-03-27,22210.0
2018-03-28,22331.0
2018-03-29,22411.0
2018-04-03,22510.0
2018-04-04,22443.0
2018-04-05,22970.0
2018-04-06,22930.0
2018-04-09,23054.0
2018-04-10,23174.0
2018-04-11,23013.0
2018-04-12,23305.0
2018-04-13,23330.0
2018-04-16,23329.0
2018-04-17,23649.0
2018-04-18,23760.0
2018-04-19,23792.0
2018-04-20,23829.0
2018-04-23,23983.0
2018-04-24,24035.0
2018-04-25,23801.0
2018-04-26,24040.0
2018-04-27,23928.0
2018-04-30,23979.0
2018-05-02,24266.0
2018-05-03,24064.0
2018-05-04,24335.0
2018-05-07,24544.0
2018-05-08,24143.0
2018-05-09,24267.0
2018-05-10,24034.0
2018-05-11,24159.0
2018-05-14,24221.0
2018-05-15,24297.0
2018-05-16,23734.0
2018-05-17,23802.0
2018-05-18,23450.0
2018-05-21,23092.0
2018-05-22,23217.0
2018-05-23,22912.0
2018-05-24,22749.0
2018-05-25,22398.0
2018-05-28,21933.0
2018-05-29,21351.0
2018-05-30,21798.0
2018-05-31,21784.0
2018-06-01,22110.0
2018-06-04,22010.0
2018-06-05,21750.0
2018-06-06,21808.0
2018-06-07,21768.0
2018-06-08,21356.0
2018-06-11,22086.0
2018-06-12,22120.0
2018-06-13,22216.0
2018-06-14,22486.0
2018-06-15,22190.0
2018-06-18,22099.0
2018-06-19,22084.0
2018-06-20,22121.0
2018-06-21,21673.0
2018-06-22,21888.0
2018-06-25,21355.0
2018-06-26,21419.0
2018-06-27,21558.0
2018-06-28,21432.0
2018-06-29,21626.0
2018-07-02,21427.0
2018-07-03,21764.0
2018-07-04,21687.0
2018-07-05,21914.0
2018-07-06,21926.0
2018-07-09,22033.0
2018-07-10,22057.0
2018-07-11,21708.0
2018-07-12,21790.0
2018-07-13,21892.0
2018-07-16,21823.0
2018-07-17,21978.0
2018-07-18,21972.0
2018-07-19,21885.0
2018-07-20,21795.0
2018-07-23,21605.0
2018-07-24,21875.0
2018-07-25,21561.0
2018-07-26,21863.0
2018-07-27,21955.0
2018-07-30,21941.0
2018-07-31,22216.0
2018-08-01,21791.0
2018-08-02,21415.0
2018-08-03,21587.0
2018-08-06,21580.0
2018-08-07,21854.0
2018-08-08,21790.0
2018-08-09,21634.0
2018-08-10,21091.0
2018-08-13,20969.0
2018-08-14,20906.0
2018-08-16,20524.0
2018-08-17,20415.0
2018-08-20,20471.0
2018-08-21,20784.0
2018-08-22,20700.0
2018-08-23,20609.0
2018-08-24,20742.0
2018-08-27,20798.0
2018-08-28,20620.0
2018-08-29,20760.0
2018-08-30,20495.0
2018-08-31,20269.0
2018-09-03,20396.0
2018-09-04,20601.0
2018-09-05,20582.0
2018-09-06,20527.0
2018-09-07,20448.0
2018-09-10,20919.0
2018-09-11,20854.0
2018-09-12,20963.0
2018-09-13,20846.0
2018-09-14,20885.0
2018-09-17,21111.0
2018-09-18,21228.0
2018-09-19,21281.0
2018-09-20,21388.0
2018-09-21,21537.0
2018-09-24,21340.0
2018-09-25,21669.0
2018-09-26,21646.0
2018-09-27,21511.0
2018-09-28,20712.0
2018-10-01,20610.0
2018-10-02,20562.0
2018-10-03,20736.0
2018-10-04,20613.0
2018-10-05,20346.0
2018-10-08,19851.0
2018-10-09,20062.0
2018-10-10,19719.0
2018-10-11,19357.0
2018-10-12,19256.0
2018-10-15,19288.0
2018-10-16,19718.0
2018-10-17,19455.0
2018-10-18,19088.0
2018-10-19,19080.0
2018-10-22,18966.0
2018-10-23,18802.0
2018-10-24,18485.0
2018-10-25,18815.0
2018-10-26,18683.0
2018-10-29,19040.0
2018-10-30,18999.0
2018-10-31,19050.0
2018-11-01,19185.0
2018-11-02,19390.0
2018-11-05,19281.0
2018-11-06,19268.0
2018-11-07,19541.0
2018-11-08,19429.0
2018-11-09,19258.0
2018-11-12,19056.0
2018-11-13,19227.0
2018-11-14,19077.0
2018-11-15,18905.0
2018-11-16,18878.0
2018-11-19,18823.0
2018-11-20,18471.0
2018-11-21,18732.0
2018-11-22,18603.0
2018-11-23,18715.0
2018-11-26,19233.0
2018-11-27,19150.0
2018-11-28,19115.0
2018-11-29,19160.0
2018-11-30,19189.0
2018-12-03,19622.0
2018-12-04,19353.0
2018-12-05,19329.0
2018-12-06,18644.0
2018-12-07,18742.0
2018-12-10,18410.0
2018-12-11,18591.0
2018-12-12,18946.0
2018-12-13,19049.0
2018-12-14,18911.0
2018-12-17,18693.0
2018-12-18,18645.0
2018-12-19,18942.0
2018-12-20,18577.0
2018-12-21,18397.0
2018-12-27,18065.0
2018-12-28,18324.0
2019-01-02,18331.0
2019-01-03,18218.0
2019-01-04,18832.0
2019-01-07,18953.0
2019-01-08,19000.0
2019-01-09,19179.0
2019-01-10,19301.0
2019-01-11,19290.0
2019-01-14,19171.0
2019-01-15,19165.0
2019-01-16,19478.0
2019-01-17,19470.0
2019-01-18,19708.0
2019-01-21,19639.0
2019-01-22,19437.0
2019-01-23,19400.0
2019-01-24,19564.0
2019-01-25,19811.0
2019-01-28,19608.0
2019-01-29,19702.0
2019-01-30,19772.0
2019-01-31,19731.0
2019-02-01,19577.0
2019-02-04,19606.0
2019-02-05,19833.0
2019-02-06,19996.0
2019-02-07,19478.0
2019-02-08,19352.0
2019-02-11,19587.0
2019-02-12,19805.0
2019-02-13,19990.0
2019-02-14,19835.0
2019-02-15,20212.0
2019-02-18,20330.0
2019-02-19,20228.0
2019-02-20,20304.0
2019-02-21,20210.0
2019-02-22,20263.0
2019-02-25,20437.0
2019-02-26,20460.0
2019-02-27,20499.0
2019-02-28,20659.0
2019-03-01,20695.0
2019-03-04,20718.0
2019-03-05,20716.0
2019-03-06,20852.0
2019-03-07,20698.0
2019-03-08,20484.0
2019-03-11,20638.0
2019-03-12,20631.0
2019-03-13,20749.0
2019-03-14,20877.0
2019-03-15,21045.0
2019-03-18,21235.0
2019-03-19,21430.0
2019-03-20,21330.0
2019-03-21,21373.0
2019-03-22,21079.0
2019-03-25,21060.0
2019-03-26,21139.0
2019-03-27,21194.0
2019-03-28,21081.0
2019-03-29,21286.0
2019-04-01,21520.0
2019-04-02,21523.0
2019-04-03,21756.0
2019-04-04,21706.0
2019-04-05,21759.0
2019-04-08,21772.0
2019-04-09,21672.0
2019-04-10,21672.0
2019-04-11,21685.0
2019-04-12,21858.0
2019-04-15,21892.0
2019-04-16,21919.0
2019-04-17,22001.0
2019-04-18,21957.0
2019-04-23,21897.0
2019-04-24,21724.0
2019-04-25,21720.0
2019-04-26,21738.0
2019-04-29,21789.0
2019-04-30,21881.0
2019-05-02,21710.0
2019-05-03,21763.0
2019-05-06,21409.0
2019-05-07,21219.0
2019-05-08,21204.0
2019-05-09,20817.0
2019-05-10,20875.0
2019-05-13,20594.0
2019-05-14,20893.0
2019-05-15,20863.0
2019-05-16,21152.0
2019-05-17,21105.0
2019-05-20,20540.0
2019-05-21,20699.0
2019-05-22,20573.0
2019-05-23,20136.0
2019-05-24,20376.0
2019-05-27,20363.0
2019-05-28,20261.0
2019-05-29,20000.0
2019-05-30,19948.0
2019-05-31,19802.0
2019-06-03,19874.0
2019-06-04,20229.0
2019-06-05,20156.0
2019-06-06,20178.0
2019-06-07,20361.0
2019-06-10,20485.0
2019-06-11,20610.0
2019-06-12,20463.0
2019-06-13,20631.0
2019-06-14,20612.0
2019-06-17,20626.0
2019-06-18,21134.0
2019-06-19,21221.0
2019-06-20,21361.0
2019-06-21,21389.0
2019-06-24,21284.0
2019-06-25,21128.0
2019-06-26,21057.0
2019-06-27,21111.0
2019-06-28,21235.0
2019-07-01,21254.0
2019-07-02,21393.0
2019-07-03,21905.0
2019-07-04,22121.0
2019-07-05,21986.0
2019-07-08,21976.0
2019-07-09,21886.0
2019-07-10,22045.0
2019-07-11,22169.0
2019-07-12,22183.0
2019-07-15,22178.0
2019-07-16,22204.0
2019-07-17,22079.0
2019-07-18,22091.0
2019-07-19,21641.0
2019-07-22,21736.0
2019-07-23,21955.0
2019-07-24,22080.0
2019-07-25,21903.0
2019-07-26,21838.0
2019-07-29,21709.0
2019-07-30,21278.0
2019-07-31,21398.0
2019-08-01,21567.0
2019-08-02,21047.0
2019-08-05,20773.0
2019-08-06,20632.0
2019-08-07,20539.0
2019-08-08,20841.0
2019-08-09,20324.0
2019-08-12,20264.0
2019-08-13,20539.0
2019-08-14,20020.0
2019-08-16,20323.0
2019-08-19,20715.0
2019-08-20,20485.0
2019-08-21,20847.0
2019-08-22,20817.0
2019-08-23,20474.0
2019-08-26,20677.0
2019-08-27,20991.0
2019-08-28,20991.0
2019-08-29,21398.0
2019-08-30,21323.0
2019-09-02,21452.0
2019-09-03,21399.0
2019-09-04,21738.0
2019-09-05,21955.0
2019-09-06,21947.0
2019-09-09,21990.0
2019-09-10,21869.0
2019-09-11,21892.0
2019-09-12,22083.0
2019-09-13,22181.0
2019-09-16,21969.0
2019-09-17,21802.0
2019-09-18,21948.0
2019-09-19,22128.0
2019-09-20,22123.0
2019-09-23,21900.0
2019-09-24,21901.0
2019-09-25,21788.0
2019-09-26,21948.0
2019-09-30,22108.0
2019-10-01,21928.0
2019-10-02,21298.0
2019-10-03,21312.0
2019-10-04,21470.0
2019-10-07,21652.0
2019-10-08,21406.0
2019-10-09,21534.0
2019-10-10,21756.0
2019-10-11,22165.0
2019-10-14,22098.0
2019-10-15,22365.0
2019-10-16,22428.0
2019-10-17,22376.0
2019-10-18,22322.0
2019-10-21,22478.0
2019-10-22,22487.0
2019-10-23,22351.0
2019-10-24,22527.0
2019-10-25,22609.0
2019-10-28,22696.0
2019-10-29,22681.0
2019-10-30,22646.0
2019-10-31,22694.0
2019-11-01,22934.0
2019-11-04,23311.0
2019-11-05,23365.0
2019-11-06,23373.0
2019-11-07,23503.0
2019-11-08,23534.0
2019-11-11,23490.0
2019-11-12,23782.0
2019-11-13,23578.0
2019-11-14,23481.0
2019-11-15,23589.0
2019-11-18,23464.0
2019-11-19,23329.0
2019-11-20,23352.0
2019-11-21,23280.0
2019-11-22,23260.0
2019-11-25,23455.0
2019-11-26,23547.0
2019-11-27,23485.0
2019-11-28,23342.0
2019-11-29,23259.0
2019-12-02,22729.0
2019-12-03,22737.0
2019-12-04,23034.0
2019-12-05,22969.0
2019-12-06,23183.0
2019-12-09,22957.0
2019-12-10,23123.0
2019-12-11,23156.0
2019-12-12,23391.0
2019-12-13,23329.0
2019-12-16,23525.0
2019-12-17,23631.0
2019-12-18,23629.0
2019-12-19,23709.0
2019-12-20,24004.0
2019-12-23,23898.0
2019-12-27,23758.0
2019-12-30,23506.0
2020-01-02,23836.0
2020-01-03,23702.0
2020-01-06,23581.0
2020-01-07,23723.0
2020-01-08,23832.0
2020-01-09,24017.0
2020-01-10,24021.0
2020-01-13,23897.0
2020-01-14,23928.0
2020-01-15,23764.0
2020-01-16,23940.0
2020-01-17,24141.0
2020-01-20,24002.0
2020-01-21,23845.0
2020-01-22,23706.0
2020-01-23,23707.0
2020-01-24,23969.0
2020-01-27,23416.0
2020-01-28,24028.0
2020-01-29,24165.0
2020-01-30,23781.0
2020-01-31,23237.0
2020-02-03,23460.0
2020-02-04,23845.0
2020-02-05,24237.0
2020-02-06,24490.0
2020-02-07,24478.0
2020-02-10,24508.0
2020-02-11,24689.0
2020-02-12,24861.0
2020-02-13,24892.0
2020-02-14,24867.0
2020-02-17,25121.0
2020-02-18,25224.0
2020-02-19,25478.0
2020-02-20,25080.0
2020-02-21,24773.0
2020-02-24,23427.0
2020-02-25,23090.0
2020-02-26,23423.0
2020-02-27,22799.0
2020-02-28,21984.0
2020-03-02,21655.0
2020-03-03,21748.0
2020-03-04,21946.0
2020-03-05,21555.0
2020-03-06,20800.0
2020-03-09,18476.0
2020-03-10,17870.0
2020-03-11,17929.0
2020-03-12,14894.0
2020-03-13,15954.0
2020-03-16,14980.0
2020-03-17,15315.0
2020-03-18,15120.0
2020-03-19,15467.0
2020-03-20,15732.0
2020-03-23,15560.0
2020-03-24,16949.0
2020-03-25,17244.0
2020-03-26,17369.0
2020-03-27,16823.0
2020-03-30,16872.0
2020-03-31,17051.0
2020-04-01,16545.0
2020-04-02,16834.0
2020-04-03,16384.0
2020-04-06,17039.0
2020-04-07,17412.0
2020-04-08,17381.0
2020-04-09,17622.0
2020-04-14,17558.0
2020-04-15,16719.0
2020-04-16,16768.0
2020-04-17,17055.0
2020-04-20,17064.0
2020-04-21,16451.0
2020-04-22,16765.0
2020-04-23,17011.0
2020-04-24,16859.0
2020-04-27,17380.0
2020-04-28,17677.0
2020-04-29,18067.0
2020-04-30,17690.0
2020-05-04,17036.0
2020-05-05,17387.0
2020-05-06,17159.0
2020-05-07,17245.0
2020-05-08,17439.0
2020-05-11,17381.0
2020-05-12,17559.0
2020-05-13,17183.0
2020-05-14,16868.0
2020-05-15,16852.0
2020-05-18,17401.0
2020-05-19,17035.0
2020-05-20,17213.0
2020-05-21,17087.0
2020-05-22,17316.0
2020-05-25,17596.0
2020-05-26,17860.0
2020-05-27,17910.0
2020-05-28,18351.0
2020-05-29,18198.0
2020-06-01,18524.0
2020-06-02,18971.0
2020-06-03,19642.0
2020-06-04,19634.0
2020-06-05,20188.0
2020-06-08,20231.0
2020-06-09,19930.0
2020-06-10,19758.0
2020-06-11,18807.0
2020-06-12,18888.0
2020-06-15,18969.0
2020-06-16,19626.0
2020-06-17,19586.0
2020-06-18,19486.0
2020-06-19,19619.0
2020-06-22,19479.0
2020-06-23,19842.0
2020-06-24,19163.0
2020-06-25,19235.0
2020-06-26,19124.0
2020-06-29,19447.0
2020-06-30,19376.0
2020-07-01,19331.0
2020-07-02,19887.0
2020-07-03,19727.0
2020-07-06,20032.0
2020-07-07,20013.0
2020-07-08,19900.0
2020-07-09,19506.0
2020-07-10,19768.0
2020-07-13,20003.0
2020-07-14,19880.0
2020-07-15,20281.0
2020-07-16,20356.0
2020-07-17,20419.0
2020-07-20,20621.0
2020-07-21,20723.0
2020-07-22,20599.0
2020-07-23,20454.0
2020-07-24,20075.0
2020-07-27,20020.0
2020-07-28,19903.0
2020-07-29,19881.0
2020-07-30,19228.0
2020-07-31,19092.0
2020-08-03,19380.0
2020-08-04,19614.0
2020-08-05,19740.0
2020-08-06,19475.0
2020-08-07,19516.0
2020-08-10,19652.0
2020-08-11,20209.0
2020-08-12,20437.0
2020-08-13,20257.0
2020-08-14,20028.0
2020-08-17,19950.0
2020-08-18,19846.0
2020-08-19,20055.0
2020-08-20,19767.0
2020-08-21,19695.0
2020-08-24,20113.0
2020-08-25,20030.0
2020-08-26,20137.0
2020-08-27,19847.0
2020-08-28,19841.0
2020-08-31,19634.0
2020-09-01,19595.0
2020-09-02,19858.0
2020-09-03,19551.0
2020-09-04,19391.0
2020-09-07,19738.0
2020-09-08,19380.0
2020-09-09,19771.0
2020-09-10,19820.0
2020-09-11,19821.0
2020-09-14,19794.0
2020-09-15,19957.0
2020-09-16,19964.0
2020-09-17,19740.0
2020-09-18,19525.0
2020-09-21,18793.0
2020-09-22,18896.0
2020-09-23,18930.0
2020-09-24,18907.0
2020-09-25,18698.0
2020-09-28,19160.0
2020-09-29,19061.0
2020-09-30,19015.0
2020-10-01,19062.0
2020-10-02,19064.0
2020-10-05,19266.0
2020-10-06,19430.0
2020-10-07,19435.0
2020-10-08,19582.0
2020-10-09,19595.0
2020-10-12,19719.0
2020-10-13,19559.0
2020-10-14,19608.0
2020-10-15,19065.0
2020-10-16,19390.0
2020-10-19,19374.0
2020-10-20,19482.0
2020-10-21,19086.0
2020-10-22,19077.0
2020-10-23,19285.0
2020-10-26,18945.0
2020-10-27,18655.0
2020-10-28,17898.0
2020-10-29,17872.0
2020-10-30,17943.0
2020-11-02,18400.0
2020-11-03,18986.0
2020-11-04,19358.0
2020-11-05,19731.0
2020-11-06,19682.0
2020-11-09,20750.0
2020-11-10,20852.0
2020-11-11,20993.0
2020-11-12,20818.0
2020-11-13,20904.0
2020-11-16,21317.0
2020-11-17,21435.0
2020-11-18,21623.0
2020-11-19,21536.0
2020-11-20,21707.0
2020-11-23,21702.0
2020-11-24,22145.0
2020-11-25,22304.0
2020-11-26,22201.0
2020-11-27,22352.0
2020-11-30,22061.0
2020-12-01,22100.0
2020-12-02,21972.0
2020-12-03,22007.0
2020-12-04,22179.0
2020-12-07,22107.0
2020-12-08,22053.0
2020-12-09,21970.0
2020-12-10,21916.0
2020-12-11,21702.0
2020-12-14,21760.0
2020-12-15,21935.0
2020-12-16,21987.0
2020-12-17,22012.0
2020-12-18,21976.0
2020-12-21,21411.0
2020-12-22,21844.0
2020-12-23,22130.0
2020-12-28,22289.0
2020-12-29,22259.0
2020-12-30,22233.0
2021-01-04,22316.0
2021-01-05,22201.0
2021-01-06,22734.0
2021-01-07,22746.0
2021-01-08,22794.0
2021-01-11,22722.0
2021-01-12,22646.0
2021-01-13,22744.0
2021-01-14,22638.0
2021-01-15,22381.0
2021-01-18,22499.0
2021-01-19,22442.0
2021-01-20,22651.0
2021-01-21,22429.0
2021-01-22,22088.0
2021-01-25,21736.0
2021-01-26,21987.0
2021-01-27,21663.0
2021-01-28,21917.0
2021-01-29,21573.0
2021-02-01,21826.0
2021-02-02,22067.0
2021-02-03,22528.0
2021-02-04,22901.0
2021-02-05,23083.0
2021-02-08,23426.0
2021-02-09,23300.0
2021-02-10,23265.0
2021-02-11,23307.0
2021-02-12,23411.0
2021-02-15,23604.0
2021-02-16,23441.0
2021-02-17,23179.0
2021-02-18,22922.0
2021-02-19,23136.0
2021-02-22,23009.0
2021-02-23,22939.0
2021-02-24,23098.0
2021-02-25,23064.0
2021-02-26,22849.0
2021-03-01,23265.0
2021-03-02,23084.0
2021-03-03,23047.0
2021-03-04,23093.0
2021-03-05,22966.0
2021-03-08,23682.0
2021-03-09,23817.0
2021-03-10,23926.0
2021-03-11,24121.0
2021-03-12,24113.0
2021-03-15,24139.0
2021-03-16,24261.0
2021-03-17,24281.0
2021-03-18,24360.0
2021-03-19,24199.0
2021-03-22,24263.0
2021-03-23,24114.0
2021-03-24,24209.0
2021-03-25,24219.0
2021-03-26,24393.0
2021-03-29,24421.0
2021-03-30,24636.0
2021-03-31,24649.0
2021-04-01,24710.0
2021-04-06,24761.0
2021-04-07,24741.0
2021-04-08,24577.0
2021-04-09,24429.0
2021-04-12,24457.0
2021-04-13,24600.0
2021-04-14,24575.0
2021-04-15,24529.0
2021-04-16,24744.0
2021-04-19,24691.0
2021-04-20,24089.0
2021-04-21,24161.0
2021-04-22,24398.0
2021-04-23,24386.0
2021-04-26,24514.0
2021-04-27,24473.0
2021-04-28,24460.0
2021-04-29,24278.0
2021-04-30,24141.0
2021-05-03,24420.0
2021-05-04,23978.0
2021-05-05,24464.0
2021-05-06,24495.0
2021-05-07,24612.0
2021-05-10,24803.0
2021-05-11,24396.0
2021-05-12,24453.0
2021-05-13,24486.0
2021-05-14,24766.0
2021-05-17,24863.0
2021-05-18,24880.0
2021-05-19,24487.0
2021-05-20,24702.0
2021-05-21,24975.0
2021-05-24,24891.0
2021-05-25,24893.0
2021-05-26,24778.0
2021-05-27,25056.0
2021-05-28,25169.0
2021-05-31,25171.0
2021-06-01,25322.0
2021-06-02,25380.0
2021-06-03,25452.0
2021-06-04,25570.0
2021-06-07,25825.0
2021-06-08,25809.0
2021-06-09,25742.0
2021-06-10,25638.0
2021-06-11,25717.0
2021-06-14,25758.0
2021-06-15,25737.0
2021-06-16,25768.0
2021-06-17,25714.0
2021-06-18,25218.0
2021-06-21,25398.0
2021-06-22,25316.0
2021-06-23,25077.0
2021-06-24,25422.0
2021-06-25,25511.0
2021-06-28,25227.0
2021-06-29,25357.0
2021-06-30,25102.0
2021-07-01,25286.0
2021-07-02,25282.0
2021-07-05,25441.0
2021-07-06,25228.0
2021-07-07,25285.0
2021-07-08,24641.0
2021-07-09,25052.0
2021-07-12,25283.0
2021-07-13,25157.0
2021-07-14,25194.0
2021-07-15,24876.0
2021-07-16,24793.0
2021-07-19,23966.0
2021-07-20,24107.0
2021-07-21,24676.0
2021-07-22,24805.0
2021-07-23,25125.0
2021-07-26,25296.0
2021-07-27,25087.0
2021-07-28,25262.0
2021-07-29,25516.0
2021-07-30,25363.0
2021-08-02,25352.0
2021-08-03,25356.0
2021-08-04,25490.0
2021-08-05,25666.0
2021-08-06,26000.0
2021-08-09,26139.0
2021-08-10,26201.0
2021-08-11,26457.0
2021-08-12,26558.0
2021-08-13,26653.0
2021-08-16,26449.0
2021-08-17,26225.0
2021-08-18,26357.0
2021-08-19,25929.0
2021-08-20,25918.0
2021-08-23,26046.0
2021-08-24,26028.0
2021-08-25,26060.0
2021-08-26,25862.0
2021-08-27,26007.0
2021-08-30,26024.0
2021-08-31,26009.0
2021-09-01,26182.0
2021-09-02,26233.0
2021-09-03,26065.0
2021-09-06,26263.0
2021-09-07,26074.0
2021-09-08,25877.0
2021-09-09,25910.0
2021-09-10,25686.0
2021-09-13,25926.0
2021-09-14,26027.0
2021-09-15,25762.0
2021-09-16,25964.0
2021-09-17,25710.0
2021-09-20,25048.0
2021-09-21,25353.0
2021-09-22,25717.0
2021-09-23,26081.0
2021-09-24,25969.0
2021-09-27,26132.0
2021-09-28,25573.0
2021-09-29,25737.0
2021-09-30,25684.0
2021-10-01,25615.0
2021-10-04,25461.0
2021-10-05,25956.0
2021-10-06,25606.0
2021-10-07,25992.0
2021-10-08,26051.0
2021-10-11,25930.0
2021-10-12,25990.0
2021-10-13,25959.0
2021-10-14,26278.0
2021-10-15,26489.0
2021-10-18,26269.0
2021-10-19,26333.0
2021-10-20,26582.0
2021-10-21,26525.0
2021-10-22,26572.0
2021-10-25,26816.0
2021-10-26,26971.0
2021-10-27,26806.0
2021-10-28,26890.0
2021-10-29,26876.0
2021-11-01,27206.0
2021-11-02,27190.0
2021-11-03,27378.0
2021-11-04,27522.0
2021-11-05,27796.0
2021-11-08,27711.0
2021-11-09,27441.0
2021-11-10,27561.0
2021-11-11,27633.0
2021-11-12,27732.0
2021-11-15,27868.0
2021-11-16,27805.0
2021-11-17,27825.0
2021-11-18,27662.0
2021-11-19,27337.0
2021-11-22,27383.0
2021-11-23,26939.0
2021-11-24,27109.0
2021-11-25,27099.0
2021-11-26,25853.0
2021-11-29,26042.0
2021-11-30,25814.0
2021-12-01,26372.0
2021-12-02,26005.0
2021-12-03,25939.0
2021-12-06,26498.0
2021-12-07,27138.0
2021-12-08,26752.0
2021-12-09,26817.0
2021-12-10,26722.0
2021-12-13,26551.0
2021-12-14,26557.0
2021-12-15,26666.0
2021-12-16,26782.0
2021-12-17,26611.0
2021-12-20,26178.0
2021-12-21,26653.0
2021-12-22,26828.0
2021-12-23,27016.0
2021-12-27,27231.0
2021-12-28,27445.0
2021-12-29,27344.0
2021-12-30,27347.0
2022-01-03,27730.0
2022-01-04,27955.0
2022-01-05,28163.0
2022-01-06,27656.0
2022-01-07,27618.0
2022-01-10,27354.0
2022-01-11,27535.0
2022-01-12,27714.0
2022-01-13,27844.0
2022-01-14,27544.0
2022-01-17,27689.0
2022-01-18,27483.0
2022-01-19,27371.0
2022-01-20,27570.0
2022-01-21,27061.0
2022-01-24,25973.0
2022-01-25,26029.0
2022-01-26,26619.0
2022-01-27,26882.0
2022-01-28,26565.0
2022-01-31,26814.0
2022-02-01,27225.0
2022-02-02,27389.0
2022-02-03,27089.0
2022-02-04,26604.0
2022-02-07,26329.0
2022-02-08,26412.0
2022-02-09,27129.0
2022-02-10,27190.0
2022-02-11,26966.0
2022-02-14,26415.0
2022-02-15,26968.0
2022-02-16,26969.0
2022-02-17,26669.0
2022-02-18,26507.0
2022-02-21,26050.0
2022-02-22,26044.0
2022-02-23,25955.0
2022-02-24,24878.0
2022-02-25,25773.0
2022-02-28,25416.0
2022-03-01,24364.0
2022-03-02,24534.0
2022-03-03,23959.0
2022-03-04,22465.0
2022-03-07,22160.0
2022-03-08,22336.0
2022-03-09,23889.0
2022-03-10,22887.0
2022-03-11,23041.0
2022-03-14,23427.0
2022-03-15,23500.0
2022-03-16,24285.0
2022-03-17,24124.0
2022-03-18,24222.0
2022-03-21,24295.0
2022-03-22,24534.0
2022-03-23,24299.0
2022-03-24,24401.0
2022-03-25,24559.0
2022-03-28,24713.0
2022-03-29,25308.0
2022-03-30,25300.0
2022-03-31,25021.0
2022-04-01,25163.0
2022-04-04,25176.0
2022-04-05,24960.0
2022-04-06,24447.0
2022-04-07,24303.0
2022-04-08,24819.0
2022-04-11,24749.0
2022-04-12,24667.0
2022-04-13,24722.0
2022-04-14,24862.0
2022-04-19,24624.0
2022-04-20,24878.0
2022-04-21,24806.0
2022-04-22,24280.0
2022-04-25,23909.0
2022-04-26,23682.0
2022-04-27,23830.0
2022-04-28,24056.0
2022-04-29,24252.0
2022-05-02,23857.0
2022-05-03,24242.0
2022-05-04,23902.0
2022-05-05,23760.0
2022-05-06,23476.0
2022-05-09,22833.0
2022-05-10,23070.0
2022-05-11,23724.0
2022-05-12,23566.0
2022-05-13,24048.0
2022-05-16,24033.0
2022-05-17,24302.0
2022-05-18,24086.0
2022-05-19,24065.0
2022-05-20,24095.0
2022-05-23,24137.0
2022-05-24,23876.0
2022-05-25,24250.0
2022-05-26,24547.0
2022-05-27,24636.0
2022-05-30,24809.0
2022-05-31,24505.0
2022-06-01,24284.0
2022-06-02,24427.0
2022-06-03,24167.0
2022-06-06,24566.0
2022-06-07,24366.0
2022-06-08,24237.0
2022-06-09,23777.0
2022-06-10,22547.0
2022-06-13,21918.0
2022-06-14,21847.0
2022-06-15,22474.0
2022-06-16,21727.0
2022-06-17,21789.0
2022-06-20,22004.0
2022-06-21,22089.0
2022-06-22,21789.0
2022-06-23,21615.0
2022-06-24,22119.0
2022-06-27,21929.0
2022-06-28,22101.0
2022-06-29,21834.0
2022-06-30,21294.0
2022-07-01,21355.0
2022-07-04,21344.0
2022-07-05,20705.0
2022-07-06,20921.0
2022-07-07,21558.0
2022-07-08,21774.0
2022-07-11,21568.0
2022-07-12,21486.0
2022-07-13,21286.0
2022-07-14,20554.0
2022-07-15,20933.0
2022-07-18,21169.0
2022-07-19,21696.0
2022-07-20,21348.0
2022-07-21,21197.0
2022-07-22,21212.0
2022-07-25,21383.0
2022-07-26,21160.0
2022-07-27,21481.0
2022-07-28,21932.0
2022-07-29,22405.0
2022-08-01,22429.0
2022-08-02,22351.0
2022-08-03,22575.0
2022-08-04,22646.0
2022-08-05,22587.0
2022-08-08,22728.0
2022-08-09,22488.0
2022-08-10,22702.0
2022-08-11,22858.0
2022-08-12,22971.0
2022-08-16,22998.0
2022-08-17,22758.0
2022-08-18,22986.0
2022-08-19,22535.0
2022-08-22,22166.0
2022-08-23,22380.0
2022-08-24,22431.0
2022-08-25,22454.0
2022-08-26,21895.0
2022-08-29,21842.0
2022-08-30,21825.0
2022-08-31,21559.0
2022-09-01,21302.0
2022-09-02,21921.0
2022-09-05,21480.0
2022-09-06,21481.0
2022-09-07,21489.0
2022-09-08,21678.0
2022-09-09,22095.0
2022-09-12,22610.0
2022-09-13,22304.0
2022-09-14,22413.0
2022-09-15,22366.0
2022-09-16,22111.0
2022-09-19,22141.0
2022-09-20,21774.0
2022-09-21,22036.0
2022-09-22,21799.0
2022-09-23,21067.0
2022-09-26,21207.0
2022-09-27,20961.0
2022-09-28,20853.0
2022-09-29,20353.0
2022-09-30,20649.0
2022-10-03,20973.0
2022-10-04,21691.0
2022-10-05,21361.0
2022-10-06,21141.0
2022-10-07,20902.0
2022-10-10,20913.0
2022-10-11,20731.0
2022-10-12,20467.0
2022-10-13,20786.0
2022-10-14,20931.0
2022-10-17,21320.0
2022-10-18,21519.0
2022-10-19,21472.0
2022-10-20,21702.0
2022-10-21,21568.0
2022-10-24,21983.0
2022-10-25,22290.0
2022-10-26,22390.0
2022-10-27,22590.0
2022-10-28,22529.0
2022-10-31,22652.0
2022-11-01,22796.0
2022-11-02,22803.0
2022-11-03,22706.0
2022-11-04,23282.0
2022-11-07,23493.0
2022-11-08,23694.0
2022-11-09,23780.0
2022-11-10,24394.0
2022-11-11,24456.0
2022-11-14,24597.0
2022-11-15,24700.0
2022-11-16,24531.0
2022-11-17,24340.0
2022-11-18,24675.0
2022-11-21,24356.0
2022-11-22,24591.0
2022-11-23,24581.0
2022-11-24,24731.0
2022-11-25,24719.0
2022-11-28,24441.0
2022-11-29,24466.0
2022-11-30,24610.0
2022-12-01,24686.0
2022-12-02,24622.0
2022-12-05,24548.0
2022-12-06,24265.0
2022-12-07,24241.0
2022-12-08,24207.0
2022-12-09,24277.0
2022-12-12,24304.0
2022-12-13,24637.0
2022-12-14,24574.0
2022-12-15,23726.0
2022-12-16,23688.0
2022-12-19,23684.0
2022-12-20,23718.0
2022-12-21,24112.0
2022-12-22,23813.0
2022-12-23,23878.0
2022-12-27,23856.0
2022-12-28,23770.0
2022-12-29,24057.0
2022-12-30,23707.0
2023-01-02,24158.0
2023-01-03,24436.0
2023-01-04,24861.0
2023-01-05,24833.0
2023-01-06,25180.0
2023-01-09,25385.0
2023-01-10,25365.0
2023-01-11,25547.0
2023-01-12,25734.0
2023-01-13,25783.0
2023-01-16,25901.0
2023-01-17,25981.0
2023-01-18,26052.0
2023-01-19,25596.0
2023-01-20,25776.0
2023-01-23,25821.0
2023-01-24,25884.0
2023-01-25,25875.0
2023-01-26,26218.0
2023-01-27,26436.0
2023-01-30,26336.0
2023-01-31,26600.0
2023-02-01,26704.0
2023-02-02,27101.0
2023-02-03,26951.0
2023-02-06,27022.0
2023-02-07,27119.0
2023-02-08,27161.0
2023-02-09,27504.0
2023-02-10,27268.0
2023-02-13,27439.0
2023-02-14,27498.0
2023-02-15,27534.0
2023-02-16,27854.0
2023-02-17,27751.0
2023-02-20,27597.0
2023-02-21,27409.0
2023-02-22,27102.0
2023-02-23,27278.0
2023-02-24,26986.0
2023-02-27,27444.0
2023-02-28,27478.0
2023-03-01,27315.0
2023-03-02,27398.0
2023-03-03,27825.0
2023-03-06,27949.0
2023-03-07,27762.0
2023-03-08,27912.0
2023-03-09,27711.0
2023-03-10,27282.0
2023-03-13,26184.0
2023-03-14,26801.0
2023-03-15,25566.0
2023-03-16,25919.0
2023-03-17,25495.0
2023-03-20,25900.0
2023-03-21,26554.0
2023-03-22,26523.0
2023-03-23,26482.0
2023-03-24,25892.0
2023-03-27,26207.0
2023-03-28,26329.0
2023-03-29,26739.0
2023-03-30,27021.0
2023-03-31,27114.0
2023-04-03,27179.0
2023-04-04,27027.0
2023-04-05,26867.0
2023-04-06,27214.0
2023-04-11,27526.0
2023-04-12,27629.0
2023-04-13,27627.0
2023-04-14,27872.0
2023-04-17,27700.0
2023-04-18,27891.0
2023-04-19,27934.0
2023-04-20,27627.0
2023-04-21,27746.0
2023-04-24,27537.0
2023-04-25,27253.0
2023-04-26,27108.0
2023-04-27,27158.0
2023-04-28,27077.0
2023-05-02,26630.0
2023-05-03,26835.0
2023-05-04,26670.0
2023-05-05,27349.0
2023-05-08,27426.0
2023-05-09,27384.0
2023-05-10,27265.0
2023-05-11,27099.0
2023-05-12,27347.0
2023-05-15,27245.0
2023-05-16,27199.0
2023-05-17,27196.0
2023-05-18,27236.0
2023-05-19,27520.0
2023-05-22,27311.0
2023-05-23,27175.0
2023-05-24,26525.0
2023-05-25,26408.0
2023-05-26,26713.0
2023-05-29,26617.0
2023-05-30,26576.0
2023-05-31,26051.0
2023-06-01,26576.0
2023-06-02,27068.0
2023-06-05,26857.0
2023-06-06,27037.0
2023-06-07,27056.0
2023-06-08,27275.0
2023-06-09,27162.0
2023-06-12,27410.0
2023-06-13,27566.0
2023-06-14,27809.0
2023-06-15,27732.0
2023-06-16,27862.0
2023-06-19,27754.0
2023-06-20,27576.0
2023-06-21,27609.0
2023-06-22,27410.0
2023-06-23,27210.0
2023-06-26,27243.0
2023-06-27,27401.0
2023-06-28,27637.0
2023-06-29,27928.0
2023-06-30,28231.0
2023-07-03,28447.0
2023-07-04,28387.0
2023-07-05,28220.0
2023-07-06,27507.0
2023-07-07,27778.0
2023-07-10,27872.0
2023-07-11,28062.0
2023-07-12,28552.0
2023-07-13,28775.0
2023-07-14,28663.0
2023-07-17,28609.0
2023-07-18,28707.0
2023-07-19,28712.0
2023-07-20,28816.0
2023-07-21,28855.0
2023-07-24,28908.0
2023-07-25,28966.0
2023-07-26,28980.0
2023-07-27,29598.0
2023-07-28,29500.0
2023-07-31,29645.0
2023-08-01,29356.0
2023-08-02,28975.0
2023-08-03,28703.0
2023-08-04,28586.0
2023-08-07,28548.0
2023-08-08,27942.0
2023-08-09,28308.0
2023-08-10,28575.0
2023-08-11,28275.0
2023-08-14,28435.0
2023-08-16,28170.0
2023-08-17,27879.0
2023-08-18,27762.0
2023-08-21,27987.0
2023-08-22,28165.0
2023-08-23,28234.0
2023-08-24,28072.0
2023-08-25,28208.0
2023-08-28,28545.0
2023-08-29,28890.0
2023-08-30,28917.0
2023-08-31,28832.0
2023-09-01,28650.0
2023-09-04,28647.0
2023-09-05,28652.0
2023-09-06,28211.0
2023-09-07,28156.0
2023-09-08,28233.0
2023-09-11,28525.0
2023-09-12,28585.0
2023-09-13,28482.0
2023-09-14,28873.0
2023-09-15,28895.0
2023-09-18,28586.0
2023-09-19,28758.0
2023-09-20,29229.0
2023-09-21,28709.0
2023-09-22,28576.0
2023-09-25,28382.0
2023-09-26,28099.0
2023-09-27,28012.0
2023-09-28,28163.0
2023-09-29,28243.0
2023-10-02,27850.0
2023-10-03,27482.0
2023-10-04,27436.0
2023-10-05,27491.0
2023-10-06,27811.0
2023-10-09,27682.0
2023-10-10,28318.0
2023-10-11,28419.0
2023-10-12,28493.0
2023-10-13,28237.0
2023-10-16,28392.0
2023-10-17,28367.0
2023-10-18,28136.0
2023-10-19,27747.0
2023-10-20,27357.0
2023-10-23,27559.0
2023-10-24,27573.0
2023-10-25,27429.0
2023-10-26,27508.0
2023-10-27,27287.0
2023-10-30,27340.0
2023-10-31,27742.0
2023-11-01,27985.0
2023-11-02,28479.0
2023-11-03,28675.0
2023-11-06,28593.0
2023-11-07,28396.0
2023-11-08,28433.0
2023-11-09,28644.0
2023-11-10,28504.0
2023-11-13,28925.0
2023-11-14,29344.0
2023-11-15,29467.0
2023-11-16,29258.0
2023-11-17,29498.0
2023-11-20,29542.0
2023-11-21,29153.0
2023-11-22,29155.0
2023-11-23,29236.0
2023-11-24,29432.0
2023-11-27,29342.0
2023-11-28,29377.0
2023-11-29,29688.0
2023-11-30,29737.0
2023-12-01,29928.0
2023-12-04,29914.0
2023-12-05,30083.0
2023-12-06,30326.0
2023-12-07,30122.0
2023-12-08,30404.0
2023-12-11,30427.0
2023-12-12,30342.0
2023-12-13,30296.0
2023-12-14,30359.0
2023-12-15,30374.0
2023-12-18,30241.0
2023-12-19,30364.0
2023-12-20,30361.0
2023-12-21,30274.0
2023-12-22,30353.0
2023-12-27,30422.0
2023-12-28,30331.0
2023-12-29,30352.0
2024-01-02,30525.0
2024-01-03,30101.0
2024-01-04,30404.0
2024-01-05,30441.0
2024-01-08,30570.0
2024-01-09,30409.0
2024-01-10,30451.0
2024-01-11,30249.0
2024-01-12,30471.0
2024-01-15,30328.0
2024-01-16,30338.0
2024-01-17,30099.0
2024-01-18,30351.0
2024-01-19,30284.0
2024-01-22,30182.0
2024-01-23,30077.0
2024-01-24,30338.0
2024-01-25,30158.0
2024-01-26,30379.0
2024-01-29,30234.0
2024-01-30,30623.0
2024-01-31,30744.0
2024-02-01,30689.0
2024-02-02,30718.0
2024-02-05,30953.0
2024-02-06,31117.0
2024-02-07,30976.0
2024-02-08,31064.0
2024-02-09,31156.0
2024-02-12,31457.0
2024-02-13,31134.0
2024-02-14,31329.0
2024-02-15,31694.0
2024-02-16,31732.0
2024-02-19,31676.0
2024-02-20,31701.0
2024-02-21,32018.0
2024-02-22,32356.0
2024-02-23,32701.0
2024-02-26,32558.0
2024-02-27,32706.0
2024-02-28,32618.0
2024-02-29,32581.0
2024-03-01,32934.0
2024-03-04,32912.0
2024-03-05,33146.0
2024-03-06,33364.0
2024-03-07,33419.0
2024-03-08,33404.0
2024-03-11,33315.0
2024-03-12,33753.0
2024-03-13,33885.0
2024-03-14,33786.0
2024-03-15,33940.0
2024-03-18,33941.0
2024-03-19,34262.0
2024-03-20,34293.0
2024-03-21,34328.0
2024-03-22,34344.0
2024-03-25,34639.0
2024-03-26,34688.0
2024-03-27,34760.0
2024-03-28,34750.0
2024-04-02,34325.0
2024-04-03,34481.0
2024-04-04,34455.0
2024-04-05,34011.0
2024-04-08,34316.0
2024-04-09,33946.0
2024-04-10,34040.0
2024-04-11,33714.0
2024-04-12,33764.0
2024-04-15,33954.0
2024-04-16,33394.0
2024-04-17,33633.0
2024-04-18,33882.0
2024-04-19,33922.0
2024-04-22,33725.0
2024-04-23,34364.0
2024-04-24,34271.0
2024-04-25,33940.0
2024-04-26,34250.0
2024-04-29,34296.0
2024-04-30,33747.0
2024-05-02,33736.0
2024-05-03,33629.0
2024-05-06,33987.0
2024-05-07,34242.0
2024-05-08,34151.0
2024-05-09,34339.0
2024-05-10,34657.0
2024-05-13,34816.0
2024-05-14,35151.0
2024-05-15,35366.0
2024-05-16,35410.0
2024-05-17,35399.0
2024-05-20,34825.0
2024-05-21,34604.0
2024-05-22,34461.0
2024-05-23,34468.0
2024-05-24,34491.0
2024-05-27,34762.0
2024-05-28,34660.0
2024-05-29,34151.0
2024-05-30,34448.0
2024-05-31,34492.0
2024-06-03,34670.0
2024-06-04,34276.0
2024-06-05,34508.0
2024-06-06,34834.0
2024-06-07,34660.0
2024-06-10,34542.0
2024-06-11,33874.0
2024-06-12,34359.0
2024-06-13,33610.0
2024-06-14,32665.0
2024-06-17,32908.0
2024-06-18,33316.0
2024-06-19,33220.0
2024-06-20,33675.0
2024-06-21,33309.0
2024-06-24,33835.0
2024-06-25,33707.0
2024-06-26,33542.0
2024-06-27,33187.0
2024-06-28,33154.0
2024-07-01,33717.0
2024-07-02,33481.0
2024-07-03,33845.0
2024-07-04,34106.0
2024-07-05,33988.0
2024-07-08,34047.0
2024-07-09,33864.0
2024-07-10,34306.0
2024-07-11,34318.0
2024-07-12,34581.0
2024-07-15,34376.0
2024-07-16,34369.0
2024-07-17,34380.0
2024-07-18,34529.0
2024-07-19,34216.0
2024-07-22,34615.0
2024-07-23,34638.0
2024-07-24,34472.0
2024-07-25,33771.0
2024-07-26,33812.0
2024-07-29,33641.0
2024-07-30,33908.0
2024-07-31,33764.0
2024-08-01,32857.0
2024-08-02,32019.0
2024-08-05,31294.0
2024-08-06,31107.0
2024-08-07,31832.0
2024-08-08,31742.0
2024-08-09,31782.0
2024-08-12,31928.0
2024-08-13,32006.0
2024-08-14,32328.0
2024-08-16,33041.0
2024-08-19,33266.0
2024-08-20,33076.0
2024-08-21,33312.0
2024-08-22,33311.0
2024-08-23,33650.0
2024-08-26,33605.0
2024-08-27,33779.0
2024-08-28,33880.0
2024-08-29,34192.0
2024-08-30,34373.0
2024-09-02,34321.0
2024-09-03,33863.0
2024-09-04,33682.0
2024-09-05,33685.0
2024-09-06,33291.0
2024-09-09,33590.0
2024-09-10,33213.0
2024-09-11,33174.0
2024-09-12,33454.0
2024-09-13,33568.0
2024-09-16,33570.0
2024-09-17,33780.0
2024-09-18,33655.0
2024-09-19,34045.0
2024-09-20,33762.0
2024-09-23,33680.0
2024-09-24,33881.0
2024-09-25,33841.0
2024-09-26,34409.0
2024-09-27,34727.0
2024-09-30,34125.0
2024-10-01,33771.0
2024-10-02,33675.0
2024-10-03,33170.0
2024-10-04,33594.0
2024-10-07,33815.0
2024-10-08,33734.0
2024-10-09,33933.0
2024-10-10,34077.0
2024-10-11,34308.0
2024-10-14,34681.0
2024-10-15,34578.0
2024-10-16,34660.0
2024-10-17,35039.0
2024-10-18,35204.0
2024-10-21,34956.0
2024-10-22,34734.0
2024-10-23,34697.0
2024-10-24,34699.0
2024-10-25,34776.0
2024-10-28,35016.0
2024-10-29,34926.0
2024-10-30,34503.0
2024-10-31,34281.0
2024-11-01,34676.0
2024-11-04,34541.0
2024-11-05,34472.0
2024-11-06,33941.0
2024-11-07,33981.0
2024-11-08,33817.0
2024-11-11,34344.0
2024-11-12,33607.0
2024-11-13,33708.0
2024-11-14,34358.0
2024-11-15,34192.0
2024-11-18,33758.0
2024-11-19,33325.0
2024-11-20,33228.0
2024-11-21,33295.0
2024-11-22,33495.0
2024-11-25,33428.0
2024-11-26,33168.0
2024-11-27,33090.0
2024-11-28,33260.0
2024-11-29,33415.0
2024-12-02,33483.0
2024-12-03,33829.0
2024-12-04,34084.0
2024-12-05,34626.0
2024-12-06,34750.0
2024-12-09,34560.0
2024-12-10,34525.0
2024-12-11,34731.0
2024-12-12,34857.0
2024-12-13,34889.0
2024-12-16,34740.0
2024-12-17,34315.0
2024-12-18,34401.0
2024-12-19,33787.0
2024-12-20,33766.0
2024-12-23,33740.0
2024-12-27,34161.0
2024-12-30,34186.0
2025-01-02,34375.0
2025-01-03,34128.0
2025-01-06,34781.0
2025-01-07,34939.0
2025-01-08,35109.0
2025-01-09,35316.0
2025-01-10,35090.0
2025-01-13,34799.0
2025-01-14,35125.0
2025-01-15,35647.0
2025-01-16,35820.0
2025-01-17,36268.0
2025-01-20,36144.0
2025-01-21,36059.0
2025-01-22,35854.0
2025-01-23,36113.0
2025-01-24,36201.0
2025-01-27,36191.0
2025-01-28,36147.0
2025-01-29,36372.0
2025-01-30,36430.0
2025-01-31,36472.0
2025-02-03,36219.0
2025-02-04,36719.0
2025-02-05,36581.0
2025-02-06,37122.0
2025-02-07,37056.0
2025-02-10,37242.0
2025-02-11,37582.0
2025-02-12,37531.0
2025-02-13,37908.0
2025-02-14,37978.0
2025-02-17,38328.0
2025-02-18,38554.0
2025-02-19,38348.0
2025-02-20,38249.0
2025-02-21,38421.0
2025-02-24,38473.0
2025-02-25,38715.0
2025-02-26,39225.0
2025-02-27,38623.0
2025-02-28,38655.0
2025-03-03,39069.0
2025-03-04,37736.0
2025-03-05,38519.0
2025-03-06,38780.0
2025-03-07,38593.0
2025-03-10,38226.0
2025-03-11,37698.0
2025-03-12,38307.0
2025-03-13,38000.0
2025-03-14,38655.0
2025-03-17,39022.0
2025-03-18,39534.0
2025-03-19,39713.0
2025-03-20,39188.0
2025-03-21,39036.0
2025-03-24,38973.0
2025-03-25,39385.0
2025-03-26,39058.0
2025-03-27,39099.0
2025-03-28,38739.0
2025-03-31,38052.0
2025-04-01,38557.0
2025-04-02,38454.0
2025-04-03,37071.0
2025-04-04,34649.0
2025-04-07,32854.0
2025-04-08,33657.0
2025-04-09,32731.0
2025-04-10,34277.0
2025-04-11,34028.0
2025-04-14,35007.0
2025-04-15,35844.0
2025-04-16,36068.0
2025-04-17,35980.0
2025-04-22,35948.0
2025-04-23,36458.0
2025-04-24,36809.0
2025-04-25,37348.0
2025-04-28,37466.0
2025-04-29,37875.0
2025-04-30,37605.0
2025-05-02,38328.0
2025-05-05,38476.0
2025-05-06,38560.0
2025-05-07,38320.0
2025-05-08,38974.0
2025-05-09,39370.0
2025-05-12,39922.0
2025-05-13,40077.0
2025-05-14,40357.0
2025-05-15,40419.0
2025-05-16,40656.0
2025-05-19,40167.0
2025-05-20,40522.0
2025-05-21,40551.0
2025-05-22,40257.0
2025-05-23,39475.0
2025-05-26,39988.0
2025-05-27,40125.0
2025-05-28,40128.0
2025-05-29,39983.0
2025-05-30,40087.0
2025-06-02,39984.0
2025-06-03,40074.0
2025-06-04,40081.0
2025-06-05,40379.0
2025-06-06,40602.0
2025-06-09,40462.0
2025-06-10,40208.0
2025-06-11,40180.0
2025-06-12,39948.0
2025-06-13,39439.0
2025-06-16,39929.0
2025-06-17,39387.0
2025-06-18,39419.0
2025-06-19,38942.0
2025-06-20,39231.0
2025-06-23,38841.0
2025-06-24,39474.0
2025-06-25,39319.0
2025-06-26,39351.0
2025-06-27,39742.0
2025-06-30,39792.0
2025-07-01,39561.0
2025-07-02,39785.0
2025-07-03,39943.0
2025-07-04,39622.0
2025-07-07,39914.0
2025-07-08,40183.0
2025-07-09,40821.0
2025-07-10,40528.0
2025-07-11,40078.0
2025-07-14,40186.0
2025-07-15,39921.0
2025-07-16,39763.0
2025-07-17,40129.0
2025-07-18,40312.0
2025-07-21,40167.0
2025-07-22,40165.0
2025-07-23,40697.0
2025-07-24,40600.0
2025-07-25,40726.0
2025-07-28,40732.0
2025-07-29,41234.0
2025-07-30,41638.0
2025-07-31,40988.0
2025-08-01,39943.0
2025-08-04,40697.0
2025-08-05,40744.0
2025-08-06,41010.0
2025-08-07,41393.0
2025-08-08,41624.0
2025-08-11,41584.0
2025-08-12,41935.0
2025-08-13,42186.0
2025-08-14,42654.0
2025-08-18,42642.0
2025-08-19,43021.0
2025-08-20,42865.0
2025-08-21,43013.0
2025-08-22,43310.0
2025-08-25,43228.0
2025-08-26,42655.0
2025-08-27,42349.0
2025-08-28,42447.0
2025-08-29,42196.0
2025-09-01,42410.0
2025-09-02,41728.0
2025-09-03,41785.0
2025-09-04,41990.0
2025-09-05,41608.0
2025-09-08,41724.0
2025-09-09,42008.0
2025-09-10,42060.0
2025-09-11,42432.0
2025-09-12,42566.0
2025-09-15,43054.0
2025-09-16,42505.0
2025-09-17,41955.0
2025-09-18,42308.0
2025-09-19,42312.0
2025-09-22,42423.0
2025-09-23,42478.0
2025-09-24,42423.0
2025-09-25,42242.0
2025-09-26,42646.0
2025-09-29,42554.0
2025-09-30,42725.0
2025-10-01,43080.0
2025-10-02,43078.0
2025-10-03,43258.0
2025-10-06,43146.0
2025-10-07,43071.0
2025-10-08,43484.0
2025-10-09,42792.0
2025-10-10,42048.0
2025-10-13,42168.0
2025-10-14,42076.0
2025-10-15,41907.0
2025-10-16,42374.0
2025-10-17,41758.0
2025-10-20,42392.0
2025-10-21,42648.0
2025-10-22,42210.0
2025-10-23,42382.0
2025-10-24,42487.0
2025-10-27,42912.0
2025-10-28,43129.0
2025-10-29,43243.0
2025-10-30,43202.0
2025-10-31,43175.0
2025-11-03,43223.0
2025-11-04,43262.0
2025-11-05,43438.0
2025-11-06,43069.0
2025-11-07,42918.0
2025-11-10,43896.0
2025-11-11,44439.0
2025-11-12,44793.0
2025-11-13,44755.0
2025-11-14,43995.0
2025-11-17,43767.0
2025-11-18,42839.0
2025-11-19,42651.0
2025-11-20,42918.0
2025-11-21,42662.0
2025-11-24,42298.0
2025-11-25,42699.0
2025-11-26,43130.0
2025-11-27,43220.0
2025-11-28,43357.0
2025-12-01,43259.0
2025-12-02,43355.0
2025-12-03,43381.0
2025-12-04,43519.0
2025-12-05,43433.0
2025-12-08,43433.0
2025-12-09,43575.0
2025-12-10,43465.0
2025-12-11,43702.0
2025-12-12,43514.0
2025-12-15,44117.0
2025-12-16,43990.0
2025-12-17,44099.0
2025-12-18,44463.0
2025-12-19,44758.0
2025-12-22,44594.0
2025-12-23,44607.0
2025-12-29,44436.0
2025-12-30,44945.0
2026-01-02,45374.0
2026-01-05,45847.0
2026-01-06,45753.0
2026-01-07,45559.0
2026-01-08,45672.0
2026-01-09,45719.0
2026-01-12,45732.0
2026-01-13,45525.0
2026-01-14,45647.0
2026-01-15,45850.0
2026-01-16,45800.0
2026-01-19,45196.0
2026-01-20,44713.0
2026-01-21,44488.0
2026-01-22,45091.0
2026-01-23,44832.0
2026-01-26,44950.0
2026-01-27,45440.0
2026-01-28,45139.0
2026-01-29,45076.0
2026-01-30,45527.0
2026-02-02,46005.0
2026-02-03,46421.0
2026-02-04,46636.0
2026-02-05,45820.0
2026-02-06,45877.0
2026-02-09,46823.0
2026-02-10,46803.0
2026-02-11,46511.0
2026-02-12,46223.0
2026-02-13,45431.0
2026-02-16,45419.0
2026-02-17,45764.0
2026-02-18,46361.0
2026-02-19,45794.0
2026-02-20,46473.0
2026-02-23,46699.0
2026-02-24,46652.0
2026-02-25,47170.0
2026-02-26,47426.0
2026-02-27,47210.0
2026-03-02,46280.0
2026-03-03,44468.0
2026-03-04,45337.0
2026-03-05,44609.0
2026-03-06,44152.0
2026-03-09,44025.0
2026-03-10,45202.0
2026-03-11,44773.0
2026-03-12,44456.0
2026-03-13,44317.0
2026-03-16,44348.0
2026-03-17,44888.0
2026-03-18,44741.0
2026-03-19,43701.0
2026-03-20,42841.0
2026-03-23,43190.0
2026-03-24,43370.0
2026-03-25,44013.0
2026-03-26,43702.0
2026-03-27,43379.0
2026-03-30,43823.0
2026-03-31,44310.0
2026-04-01,45715.0
2026-04-02,45625.0
2026-04-07,45412.0
2026-04-08,47092.0
2026-04-09,47328.0
2026-04-10,47609.0
2026-04-13,47527.0
2026-04-14,48176.0
2026-04-15,48156.0
2026-04-16,48027.0
2026-04-17,48869.0
2026-04-20,48207.0
2026-04-21,47903.0
2026-04-22,47785.0
2026-04-23,47907.0
2026-04-24,47656.0
2026-04-27,47674.0
2026-04-28,48040.0
2026-04-29,47796.0
2026-04-30,48246.0
2026-05-04,47478.0
2026-05-05,48558.0
2026-05-06,49697.0
2026-05-07,49291.0
2026-05-08,49290.0
2026-05-11,49665.0
2026-05-12,48991.0
2026-05-13,49481.0
2026-05-14,50050.0
2026-05-15,49116.0
2026-05-18,48669.0
2026-05-19,48355.0
2026-05-20,49182.0
2026-05-21,49169.0
2026-05-22,49511.0
2026-05-25,50220.0
2026-05-26,49899.0
2026-05-27,49579.0
2026-05-28,49825.0
2026-05-29,50037.0
2026-06-01,49775.0
2026-06-02,50579.0
2026-06-03,50038.0
2026-06-04,50174.0
2026-06-05,49893.0
2026-06-08,50208.0
2026-06-09,50263.0
2026-06-10,50029.0
2026-06-11,50760.41015625
