date,price
1993-07-12,2826.39697265625
1993-07-13,2843.39697265625
1993-07-14,2851.09716796875
1993-07-15,2843.697021484375
1993-07-16,2830.4970703125
1993-07-19,2822.197021484375
1993-07-20,2839.9970703125
1993-07-21,2830.4970703125
1993-07-22,2838.89697265625
1993-07-23,2855.89697265625
1993-07-26,2872.9970703125
1993-07-27,2876.59716796875
1993-07-28,2901.89697265625
1993-07-29,2963.197021484375
1993-07-30,2981.197021484375
1993-08-02,3019.69677734375
1993-08-03,2993.9970703125
1993-08-04,2985.797119140625
1993-08-05,2981.197021484375
1993-08-06,2993.797119140625
1993-08-09,2989.297119140625
1993-08-10,3002.89697265625
1993-08-11,3032.396728515625
1993-08-12,3086.996826171875
1993-08-13,3112.69677734375
1993-08-16,3113.896728515625
1993-08-17,3166.996826171875
1993-08-18,3206.69677734375
1993-08-19,3231.19677734375
1993-08-20,3229.896728515625
1993-08-23,3219.796875
1993-08-24,3250.896728515625
1993-08-25,3300.696533203125
1993-08-26,3330.99658203125
1993-08-27,3363.396484375
1993-08-30,3379.0966796875
1993-08-31,3360.196533203125
1993-09-01,3264.396484375
1993-09-02,3288.896484375
1993-09-03,3269.296630859375
1993-09-06,3253.0966796875
1993-09-07,3271.896484375
1993-09-08,3261.99658203125
1993-09-09,3232.096923828125
1993-09-10,3183.19677734375
1993-09-13,3137.896728515625
1993-09-14,3181.496826171875
1993-09-15,3117.69677734375
1993-09-16,3120.596923828125
1993-09-17,3139.19677734375
1993-09-20,3187.496826171875
1993-09-21,3170.096923828125
1993-09-22,3130.996826171875
1993-09-23,3112.19677734375
1993-09-24,3101.796875
1993-09-27,3147.396728515625
1993-09-28,3171.896728515625
1993-09-29,3171.496826171875
1993-09-30,3177.296875
1993-10-01,3180.296875
1993-10-04,3167.596923828125
1993-10-05,3210.396728515625
1993-10-06,3242.496826171875
1993-10-07,3237.69677734375
1993-10-08,3259.696533203125
1993-10-11,3285.196533203125
1993-10-13,3291.296630859375
1993-10-14,3316.896484375
1993-10-15,3339.196533203125
1993-10-18,3355.99658203125
1993-10-19,3352.396484375
1993-10-20,3382.796630859375
1993-10-21,3407.796630859375
1993-10-22,3478.0966796875
1993-10-25,3456.5966796875
1993-10-26,3436.696533203125
1993-10-27,3396.5966796875
1993-10-28,3429.296630859375
1993-10-29,3449.5966796875
1993-11-02,3436.796630859375
1993-11-03,3450.49658203125
1993-11-04,3427.99658203125
1993-11-05,3348.196533203125
1993-11-08,3341.796630859375
1993-11-09,3364.296630859375
1993-11-10,3358.196533203125
1993-11-11,3358.396484375
1993-11-12,3354.196533203125
1993-11-15,3371.696533203125
1993-11-16,3405.5966796875
1993-11-17,3445.49658203125
1993-11-18,3435.696533203125
1993-11-19,3415.796630859375
1993-11-22,3356.5966796875
1993-11-23,3327.0966796875
1993-11-24,3288.896484375
1993-11-25,3320.196533203125
1993-11-26,3334.796630859375
1993-11-29,3313.0966796875
1993-11-30,3280.0966796875
1993-12-01,3348.49658203125
1993-12-02,3380.896484375
1993-12-03,3417.196533203125
1993-12-07,3422.0966796875
1993-12-09,3460.696533203125
1993-12-10,3457.5966796875
1993-12-13,3460.0966796875
1993-12-14,3417.296630859375
1993-12-15,3416.99658203125
1993-12-16,3442.796630859375
1993-12-17,3453.49658203125
1993-12-20,3518.496337890625
1993-12-21,3547.596435546875
1993-12-22,3562.79638671875
1993-12-23,3616.396240234375
1993-12-27,3631.496337890625
1993-12-28,3574.29638671875
1993-12-29,3512.496337890625
1993-12-30,3567.596435546875
1993-12-31,3615.1962890625
1994-01-03,3654.496337890625
1994-01-04,3630.29638671875
1994-01-05,3621.1962890625
1994-01-07,3636.396240234375
1994-01-10,3660.596435546875
1994-01-11,3712.396240234375
1994-01-12,3680.096435546875
1994-01-13,3680.79638671875
1994-01-14,3736.39599609375
1994-01-17,3729.096435546875
1994-01-18,3756.99609375
1994-01-19,3811.296142578125
1994-01-20,3794.39599609375
1994-01-21,3790.49609375
1994-01-24,3762.59619140625
1994-01-25,3811.49609375
1994-01-26,3874.59619140625
1994-01-27,3875.89599609375
1994-01-28,3915.696044921875
1994-01-31,3980.495849609375
1994-02-01,3896.89599609375
1994-02-02,3946.99609375
1994-02-03,3924.59619140625
1994-02-04,3947.39599609375
1994-02-07,3868.796142578125
1994-02-08,3918.39599609375
1994-02-09,3910.49609375
1994-02-10,3887.99609375
1994-02-11,3849.296142578125
1994-02-14,3828.49609375
1994-02-15,3828.49609375
1994-02-16,3836.196044921875
1994-02-17,3850.49609375
1994-02-18,3808.196044921875
1994-02-21,3728.496337890625
1994-02-22,3744.296142578125
1994-02-23,3776.99609375
1994-02-24,3709.996337890625
1994-02-25,3704.1962890625
1994-02-28,3739.696044921875
1994-03-01,3656.79638671875
1994-03-02,3568.096435546875
1994-03-03,3625.496337890625
1994-03-04,3688.596435546875
1994-03-07,3757.39599609375
1994-03-08,3726.6962890625
1994-03-09,3699.29638671875
1994-03-10,3691.1962890625
1994-03-11,3665.1962890625
1994-03-14,3732.396240234375
1994-03-15,3783.296142578125
1994-03-16,3743.59619140625
1994-03-17,3739.99609375
1994-03-18,3705.096435546875
1994-03-21,3666.596435546875
1994-03-22,3669.996337890625
1994-03-23,3682.1962890625
1994-03-24,3624.896240234375
1994-03-25,3610.096435546875
1994-03-28,3592.79638671875
1994-03-29,3552.1962890625
1994-03-30,3489.0966796875
1994-03-31,3489.0966796875
1994-04-05,3483.396484375
1994-04-06,3521.096435546875
1994-04-07,3525.29638671875
1994-04-08,3556.396240234375
1994-04-11,3587.396240234375
1994-04-12,3589.496337890625
1994-04-13,3545.496337890625
1994-04-14,3498.596435546875
1994-04-15,3460.196533203125
1994-04-18,3361.696533203125
1994-04-19,3394.396484375
1994-04-20,3344.896484375
1994-04-21,3364.396484375
1994-04-22,3459.696533203125
1994-04-25,3459.696533203125
1994-04-26,3497.896240234375
1994-04-27,3534.996337890625
1994-04-28,3504.29638671875
1994-04-29,3520.6962890625
1994-05-03,3431.99658203125
1994-05-04,3363.5966796875
1994-05-05,3425.796630859375
1994-05-06,3447.0966796875
1994-05-09,3397.49658203125
1994-05-10,3476.99658203125
1994-05-11,3481.696533203125
1994-05-12,3547.496337890625
1994-05-13,3569.896240234375
1994-05-16,3622.596435546875
1994-05-17,3626.1962890625
1994-05-18,3645.996337890625
1994-05-19,3626.29638671875
1994-05-20,3663.896240234375
1994-05-23,3649.596435546875
1994-05-24,3631.496337890625
1994-05-25,3556.596435546875
1994-05-26,3578.096435546875
1994-05-27,3560.896240234375
1994-05-30,3561.896240234375
1994-05-31,3512.596435546875
1994-06-01,3439.696533203125
1994-06-02,3476.296630859375
1994-06-03,3507.396240234375
1994-06-06,3509.396240234375
1994-06-07,3465.99658203125
1994-06-08,3484.196533203125
1994-06-09,3465.896484375
1994-06-10,3495.6962890625
1994-06-13,3439.99658203125
1994-06-14,3455.296630859375
1994-06-15,3399.5966796875
1994-06-16,3329.796630859375
1994-06-17,3296.196533203125
1994-06-20,3237.896728515625
1994-06-21,3166.496826171875
1994-06-22,3215.296875
1994-06-23,3264.0966796875
1994-06-24,3188.996826171875
1994-06-27,3174.296875
1994-06-28,3228.896728515625
1994-06-29,3238.796875
1994-06-30,3200.69677734375
1994-07-01,3182.396728515625
1994-07-04,3204.096923828125
1994-07-05,3136.596923828125
1994-07-06,3093.896728515625
1994-07-07,3093.796875
1994-07-08,3118.596923828125
1994-07-11,3147.69677734375
1994-07-12,3183.596923828125
1994-07-13,3217.396728515625
1994-07-14,3235.69677734375
1994-07-15,3233.996826171875
1994-07-18,3263.896484375
1994-07-19,3273.196533203125
1994-07-20,3253.5966796875
1994-07-21,3254.796630859375
1994-07-22,3288.396484375
1994-07-25,3304.796630859375
1994-07-26,3353.99658203125
1994-07-27,3336.296630859375
1994-07-28,3313.896484375
1994-07-29,3364.196533203125
1994-08-01,3427.896484375
1994-08-02,3445.896484375
1994-08-03,3434.396484375
1994-08-04,3432.99658203125
1994-08-05,3454.296630859375
1994-08-08,3469.196533203125
1994-08-09,3438.396484375
1994-08-10,3440.196533203125
1994-08-11,3408.196533203125
1994-08-12,3342.896484375
1994-08-15,3342.896484375
1994-08-16,3320.0966796875
1994-08-17,3301.296630859375
1994-08-18,3273.0966796875
1994-08-19,3260.396484375
1994-08-22,3228.896728515625
1994-08-23,3246.796875
1994-08-24,3267.896484375
1994-08-25,3290.196533203125
1994-08-26,3322.896484375
1994-08-29,3366.696533203125
1994-08-30,3352.196533203125
1994-08-31,3336.99658203125
1994-09-01,3276.796630859375
1994-09-02,3239.69677734375
1994-09-05,3189.496826171875
1994-09-06,3135.19677734375
1994-09-07,3176.496826171875
1994-09-08,3262.49658203125
1994-09-09,3232.69677734375
1994-09-12,3184.69677734375
1994-09-13,3227.096923828125
1994-09-14,3208.496826171875
1994-09-15,3259.0966796875
1994-09-16,3218.596923828125
1994-09-19,3210.096923828125
1994-09-20,3166.096923828125
1994-09-21,3142.69677734375
1994-09-22,3140.896728515625
1994-09-23,3193.69677734375
1994-09-26,3175.596923828125
1994-09-27,3175.69677734375
1994-09-28,3234.896728515625
1994-09-29,3192.19677734375
1994-09-30,3176.596923828125
1994-10-03,3149.096923828125
1994-10-04,3165.19677734375
1994-10-05,3099.996826171875
1994-10-06,3105.296875
1994-10-07,3122.896728515625
1994-10-10,3159.296875
1994-10-11,3173.396728515625
1994-10-13,3277.99658203125
1994-10-14,3246.996826171875
1994-10-17,3242.796875
1994-10-18,3189.396728515625
1994-10-19,3188.19677734375
1994-10-20,3184.19677734375
1994-10-21,3149.19677734375
1994-10-24,3154.996826171875
1994-10-25,3107.996826171875
1994-10-26,3101.396728515625
1994-10-27,3131.096923828125
1994-10-28,3186.596923828125
1994-10-31,3194.496826171875
1994-11-02,3155.69677734375
1994-11-03,3185.496826171875
1994-11-04,3202.896728515625
1994-11-07,3172.69677734375
1994-11-08,3166.096923828125
1994-11-10,3232.296875
1994-11-11,3229.296875
1994-11-14,3259.49658203125
1994-11-15,3306.196533203125
1994-11-16,3278.196533203125
1994-11-17,3272.49658203125
1994-11-18,3286.696533203125
1994-11-21,3308.796630859375
1994-11-22,3286.296630859375
1994-11-23,3253.49658203125
1994-11-24,3275.99658203125
1994-11-25,3296.196533203125
1994-11-28,3298.396484375
1994-11-29,3262.49658203125
1994-11-30,3287.0966796875
1994-12-01,3272.696533203125
1994-12-02,3290.5966796875
1994-12-05,3323.296630859375
1994-12-07,3318.896484375
1994-12-09,3293.896484375
1994-12-12,3271.896484375
1994-12-13,3266.696533203125
1994-12-14,3261.796630859375
1994-12-15,3238.096923828125
1994-12-16,3250.496826171875
1994-12-19,3230.296875
1994-12-20,3193.496826171875
1994-12-21,3173.496826171875
1994-12-22,3168.69677734375
1994-12-23,3189.296875
1994-12-27,3088.096923828125
1994-12-28,3029.496826171875
1994-12-29,3036.096923828125
1994-12-30,3087.69677734375
1995-01-02,3092.19677734375
1995-01-03,3110.396728515625
1995-01-04,3107.19677734375
1995-01-05,3046.996826171875
1995-01-09,3003.59716796875
1995-01-10,2987.797119140625
1995-01-11,2957.697021484375
1995-01-12,2963.09716796875
1995-01-13,3004.697021484375
1995-01-16,3041.69677734375
1995-01-17,3036.396728515625
1995-01-18,3041.19677734375
1995-01-19,3053.096923828125
1995-01-20,3023.296875
1995-01-23,2962.89697265625
1995-01-24,2987.89697265625
1995-01-25,3008.09716796875
1995-01-26,3043.296875
1995-01-27,3048.69677734375
1995-01-30,3038.19677734375
1995-01-31,3040.096923828125
1995-02-01,3071.996826171875
1995-02-02,3082.496826171875
1995-02-03,3131.896728515625
1995-02-06,3153.896728515625
1995-02-07,3142.096923828125
1995-02-08,3124.896728515625
1995-02-09,3144.796875
1995-02-10,3151.996826171875
1995-02-13,3123.496826171875
1995-02-14,3150.69677734375
1995-02-15,3141.69677734375
1995-02-16,3107.896728515625
1995-02-17,3089.896728515625
1995-02-20,3055.796875
1995-02-21,3058.996826171875
1995-02-22,3045.596923828125
1995-02-23,3072.596923828125
1995-02-24,3051.496826171875
1995-02-27,3012.096923828125
1995-02-28,3024.496826171875
1995-03-01,3037.596923828125
1995-03-02,3091.896728515625
1995-03-03,3056.296875
1995-03-06,3054.396728515625
1995-03-07,2976.09716796875
1995-03-08,2914.89697265625
1995-03-09,2871.09716796875
1995-03-10,2893.697021484375
1995-03-13,2885.39697265625
1995-03-14,2921.4970703125
1995-03-15,2886.39697265625
1995-03-16,2917.4970703125
1995-03-17,2889.197021484375
1995-03-21,2896.89697265625
1995-03-22,2888.39697265625
1995-03-23,2865.09716796875
1995-03-24,2885.39697265625
1995-03-27,2911.59716796875
1995-03-28,2898.09716796875
1995-03-29,2883.59716796875
1995-03-30,2946.4970703125
1995-03-31,2931.697021484375
1995-04-03,2933.297119140625
1995-04-04,2985.4970703125
1995-04-05,3009.39697265625
1995-04-06,2989.797119140625
1995-04-07,3007.59716796875
1995-04-10,3016.69677734375
1995-04-11,3005.9970703125
1995-04-12,3011.197021484375
1995-04-17,3035.296875
1995-04-18,3011.39697265625
1995-04-19,2992.39697265625
1995-04-20,2987.797119140625
1995-04-21,3005.297119140625
1995-04-24,3008.697021484375
1995-04-25,3013.19677734375
1995-04-26,3027.796875
1995-04-27,3075.796875
1995-04-28,3091.896728515625
1995-05-03,3161.19677734375
1995-05-04,3193.19677734375
1995-05-05,3191.296875
1995-05-08,3251.996826171875
1995-05-09,3271.896484375
1995-05-10,3290.296630859375
1995-05-11,3282.49658203125
1995-05-12,3240.896728515625
1995-05-16,3233.896728515625
1995-05-17,3230.19677734375
1995-05-18,3225.396728515625
1995-05-19,3212.19677734375
1995-05-22,3267.896484375
1995-05-23,3297.296630859375
1995-05-24,3316.196533203125
1995-05-25,3253.796630859375
1995-05-26,3230.796875
1995-05-29,3210.19677734375
1995-05-30,3225.996826171875
1995-05-31,3226.496826171875
1995-06-01,3253.196533203125
1995-06-02,3260.396484375
1995-06-05,3269.0966796875
1995-06-06,3261.49658203125
1995-06-07,3249.996826171875
1995-06-08,3264.5966796875
1995-06-09,3242.796875
1995-06-12,3214.19677734375
1995-06-13,3235.296875
1995-06-14,3237.496826171875
1995-06-15,3230.796875
1995-06-16,3223.496826171875
1995-06-19,3235.69677734375
1995-06-20,3223.496826171875
1995-06-21,3217.496826171875
1995-06-22,3236.69677734375
1995-06-23,3260.0966796875
1995-06-26,3261.49658203125
1995-06-27,3259.99658203125
1995-06-28,3234.296875
1995-06-29,3223.496826171875
1995-06-30,3219.096923828125
1995-07-03,3219.596923828125
1995-07-04,3240.396728515625
1995-07-05,3245.596923828125
1995-07-06,3232.496826171875
1995-07-07,3316.99658203125
1995-07-10,3343.396484375
1995-07-11,3376.296630859375
1995-07-12,3367.99658203125
1995-07-13,3344.896484375
1995-07-14,3330.0966796875
1995-07-17,3355.696533203125
1995-07-18,3321.296630859375
1995-07-19,3312.796630859375
1995-07-20,3279.696533203125
1995-07-21,3288.896484375
1995-07-24,3330.99658203125
1995-07-25,3349.396484375
1995-07-26,3363.296630859375
1995-07-27,3377.99658203125
1995-07-28,3359.196533203125
1995-07-31,3373.396484375
1995-08-01,3389.696533203125
1995-08-02,3461.396484375
1995-08-03,3453.696533203125
1995-08-04,3474.296630859375
1995-08-07,3482.896484375
1995-08-08,3470.99658203125
1995-08-09,3459.196533203125
1995-08-10,3481.296630859375
1995-08-11,3510.896240234375
1995-08-14,3497.79638671875
1995-08-16,3526.896240234375
1995-08-17,3511.1962890625
1995-08-18,3513.6962890625
1995-08-21,3514.396240234375
1995-08-22,3493.996337890625
1995-08-23,3492.896484375
1995-08-24,3513.79638671875
1995-08-25,3516.79638671875
1995-08-28,3494.29638671875
1995-08-29,3474.396484375
1995-08-30,3472.396484375
1995-08-31,3432.796630859375
1995-09-01,3453.99658203125
1995-09-04,3455.99658203125
1995-09-05,3455.49658203125
1995-09-06,3479.99658203125
1995-09-07,3472.396484375
1995-09-08,3489.796630859375
1995-09-11,3513.496337890625
1995-09-12,3526.396240234375
1995-09-13,3541.6962890625
1995-09-14,3537.896240234375
1995-09-15,3521.396240234375
1995-09-18,3496.29638671875
1995-09-19,3513.79638671875
1995-09-20,3507.096435546875
1995-09-21,3496.29638671875
1995-09-22,3423.396484375
1995-09-25,3382.796630859375
1995-09-26,3401.796630859375
1995-09-27,3361.0966796875
1995-09-28,3343.396484375
1995-09-29,3376.796630859375
1995-10-02,3361.396484375
1995-10-03,3338.296630859375
1995-10-04,3340.5966796875
1995-10-05,3319.796630859375
1995-10-06,3275.696533203125
1995-10-09,3227.896728515625
1995-10-10,3244.796875
1995-10-11,3271.5966796875
1995-10-13,3334.896484375
1995-10-16,3318.296630859375
1995-10-17,3306.49658203125
1995-10-18,3327.99658203125
1995-10-19,3313.0966796875
1995-10-20,3263.99658203125
1995-10-23,3189.19677734375
1995-10-24,3200.996826171875
1995-10-25,3255.99658203125
1995-10-26,3231.496826171875
1995-10-27,3214.796875
1995-10-30,3252.19677734375
1995-10-31,3277.296630859375
1995-11-02,3287.396484375
1995-11-03,3277.99658203125
1995-11-06,3269.696533203125
1995-11-07,3305.796630859375
1995-11-08,3316.5966796875
1995-11-09,3316.796630859375
1995-11-10,3298.796630859375
1995-11-13,3305.696533203125
1995-11-14,3325.5966796875
1995-11-15,3319.696533203125
1995-11-16,3364.396484375
1995-11-17,3349.196533203125
1995-11-20,3384.296630859375
1995-11-21,3395.796630859375
1995-11-22,3454.796630859375
1995-11-23,3466.696533203125
1995-11-24,3510.29638671875
1995-11-27,3514.396240234375
1995-11-28,3491.49658203125
1995-11-29,3504.596435546875
1995-11-30,3510.096435546875
1995-12-01,3543.496337890625
1995-12-04,3530.896240234375
1995-12-05,3538.79638671875
1995-12-07,3528.396240234375
1995-12-11,3545.396240234375
1995-12-12,3546.496337890625
1995-12-13,3532.996337890625
1995-12-14,3554.29638671875
1995-12-15,3577.096435546875
1995-12-18,3566.396240234375
1995-12-19,3528.996337890625
1995-12-20,3601.496337890625
1995-12-21,3623.6962890625
1995-12-22,3633.79638671875
1995-12-26,3633.79638671875
1995-12-27,3537.396240234375
1995-12-28,3599.1962890625
1995-12-29,3630.79638671875
1996-01-02,3685.396240234375
1996-01-03,3717.6962890625
1996-01-04,3718.1962890625
1996-01-05,3693.496337890625
1996-01-08,3696.596435546875
1996-01-09,3689.6962890625
1996-01-10,3655.6962890625
1996-01-11,3651.29638671875
1996-01-12,3679.29638671875
1996-01-15,3680.096435546875
1996-01-16,3703.596435546875
1996-01-17,3718.29638671875
1996-01-18,3735.39599609375
1996-01-19,3742.09619140625
1996-01-22,3733.496337890625
1996-01-23,3710.79638671875
1996-01-24,3735.796142578125
1996-01-25,3752.99609375
1996-01-26,3720.6962890625
1996-01-29,3678.596435546875
1996-01-30,3707.096435546875
1996-01-31,3734.496337890625
1996-02-01,3750.89599609375
1996-02-02,3727.396240234375
1996-02-05,3680.79638671875
1996-02-06,3694.596435546875
1996-02-07,3697.896240234375
1996-02-08,3660.396240234375
1996-02-09,3685.396240234375
1996-02-12,3691.496337890625
1996-02-13,3731.996337890625
1996-02-14,3729.396240234375
1996-02-15,3786.09619140625
1996-02-16,3790.09619140625
1996-02-19,3781.99609375
1996-02-20,3780.196044921875
1996-02-21,3837.39599609375
1996-02-22,3863.59619140625
1996-02-23,3862.09619140625
1996-02-26,3847.49609375
1996-02-27,3858.196044921875
1996-02-28,3909.89599609375
1996-02-29,3915.49609375
1996-03-01,3918.196044921875
1996-03-04,3713.79638671875
1996-03-05,3652.79638671875
1996-03-06,3720.79638671875
1996-03-07,3755.196044921875
1996-03-08,3762.296142578125
1996-03-11,3703.496337890625
1996-03-12,3694.29638671875
1996-03-13,3688.6962890625
1996-03-14,3700.596435546875
1996-03-15,3685.79638671875
1996-03-18,3717.6962890625
1996-03-19,3746.99609375
1996-03-20,3746.99609375
1996-03-21,3810.09619140625
1996-03-22,3791.49609375
1996-03-25,3842.39599609375
1996-03-26,3823.696044921875
1996-03-27,3839.39599609375
1996-03-28,3830.196044921875
1996-03-29,3857.09619140625
1996-04-01,3862.696044921875
1996-04-02,3879.89599609375
1996-04-03,3894.796142578125
1996-04-08,3850.59619140625
1996-04-09,3886.196044921875
1996-04-10,3910.99609375
1996-04-11,3888.696044921875
1996-04-12,3918.09619140625
1996-04-15,3949.59619140625
1996-04-16,3954.196044921875
1996-04-17,3964.196044921875
1996-04-18,3984.595947265625
1996-04-19,4038.495849609375
1996-04-22,4070.2958984375
1996-04-23,4058.495849609375
1996-04-24,4070.595947265625
1996-04-25,4095.995849609375
1996-04-26,4124.29541015625
1996-04-29,4112.19580078125
1996-04-30,4082.895751953125
1996-05-03,4060.7958984375
1996-05-06,4062.895751953125
1996-05-07,4036.495849609375
1996-05-08,4004.095947265625
1996-05-09,4015.095947265625
1996-05-10,4057.895751953125
1996-05-13,4062.895751953125
1996-05-14,4068.995849609375
1996-05-16,4067.595947265625
1996-05-17,4109.69580078125
1996-05-20,4143.3955078125
1996-05-21,4155.19580078125
1996-05-22,4128.095703125
1996-05-23,4137.595703125
1996-05-24,4137.49560546875
1996-05-27,4150.69580078125
1996-05-28,4166.8955078125
1996-05-29,4155.29541015625
1996-05-30,4125.99560546875
1996-05-31,4111.69580078125
1996-06-03,4088.69580078125
1996-06-04,4116.49560546875
1996-06-05,4125.19580078125
1996-06-06,4168.3955078125
1996-06-07,4136.49560546875
1996-06-10,4173.19580078125
1996-06-11,4224.3955078125
1996-06-12,4255.595703125
1996-06-13,4241.99560546875
1996-06-14,4237.095703125
1996-06-17,4223.99560546875
1996-06-18,4250.99560546875
1996-06-19,4228.19580078125
1996-06-20,4211.49560546875
1996-06-21,4241.49560546875
1996-06-24,4264.3955078125
1996-06-25,4269.3955078125
1996-06-26,4257.99560546875
1996-06-27,4233.095703125
1996-06-28,4264.095703125
1996-07-01,4278.29541015625
1996-07-02,4255.8955078125
1996-07-03,4228.69580078125
1996-07-04,4249.69580078125
1996-07-05,4192.69580078125
1996-07-08,4192.99560546875
1996-07-09,4209.99560546875
1996-07-10,4209.99560546875
1996-07-11,4151.19580078125
1996-07-12,4114.69580078125
1996-07-15,4056.7958984375
1996-07-16,3985.495849609375
1996-07-17,4001.895751953125
1996-07-18,4037.095947265625
1996-07-19,4055.095947265625
1996-07-22,3995.495849609375
1996-07-23,4029.895751953125
1996-07-24,3976.495849609375
1996-07-25,4010.7958984375
1996-07-26,3964.296142578125
1996-07-29,3935.696044921875
1996-07-30,3932.39599609375
1996-07-31,3979.395751953125
1996-08-01,4039.995849609375
1996-08-02,4120.19580078125
1996-08-05,4120.19580078125
1996-08-06,4100.99560546875
1996-08-07,4072.395751953125
1996-08-08,4070.095947265625
1996-08-09,4030.495849609375
1996-08-12,4018.895751953125
1996-08-13,4030.595947265625
1996-08-14,4025.69580078125
1996-08-16,4051.995849609375
1996-08-19,4012.2958984375
1996-08-20,4022.19580078125
1996-08-21,3997.7958984375
1996-08-22,4060.19580078125
1996-08-23,4069.995849609375
1996-08-26,4040.995849609375
1996-08-27,4075.495849609375
1996-08-28,4084.495849609375
1996-08-29,4046.19580078125
1996-08-30,4025.495849609375
1996-09-02,4033.595947265625
1996-09-03,4003.995849609375
1996-09-04,3966.196044921875
1996-09-05,3953.296142578125
1996-09-06,3963.09619140625
1996-09-09,3987.895751953125
1996-09-10,4003.69580078125
1996-09-11,4001.2958984375
1996-09-12,4030.395751953125
1996-09-13,4079.2958984375
1996-09-16,4101.595703125
1996-09-17,4083.595947265625
1996-09-18,4069.7958984375
1996-09-19,4082.19580078125
1996-09-20,4093.595947265625
1996-09-23,4097.99560546875
1996-09-24,4135.69580078125
1996-09-25,4177.79541015625
1996-09-26,4213.8955078125
1996-09-27,4195.095703125
1996-09-30,4215.595703125
1996-10-01,4239.69580078125
1996-10-02,4262.3955078125
1996-10-03,4243.8955078125
1996-10-04,4266.29541015625
1996-10-07,4271.29541015625
1996-10-08,4277.095703125
1996-10-09,4257.79541015625
1996-10-10,4247.49560546875
1996-10-11,4243.095703125
1996-10-14,4266.095703125
1996-10-15,4328.3955078125
1996-10-16,4295.49560546875
1996-10-17,4322.29541015625
1996-10-18,4377.3955078125
1996-10-21,4402.595703125
1996-10-22,4403.3955078125
1996-10-23,4384.79541015625
1996-10-24,4406.69580078125
1996-10-25,4396.8955078125
1996-10-28,4383.595703125
1996-10-29,4352.19580078125
1996-10-30,4308.79541015625
1996-10-31,4306.69580078125
1996-11-04,4316.595703125
1996-11-05,4373.8955078125
1996-11-06,4427.29541015625
1996-11-07,4433.69580078125
1996-11-08,4428.095703125
1996-11-11,4421.3955078125
1996-11-12,4459.49560546875
1996-11-13,4469.8955078125
1996-11-14,4492.8955078125
1996-11-15,4489.8955078125
1996-11-18,4483.69580078125
1996-11-19,4506.8955078125
1996-11-20,4512.8955078125
1996-11-21,4511.595703125
1996-11-22,4544.29541015625
1996-11-25,4584.794921875
1996-11-26,4597.1953125
1996-11-27,4566.49560546875
1996-11-28,4616.6953125
1996-11-29,4667.794921875
1996-12-02,4683.4951171875
1996-12-03,4757.1953125
1996-12-04,4724.4951171875
1996-12-05,4713.9951171875
1996-12-09,4704.09521484375
1996-12-10,4753.1953125
1996-12-11,4677.794921875
1996-12-12,4663.89501953125
1996-12-13,4650.9951171875
1996-12-16,4750.39501953125
1996-12-17,4733.294921875
1996-12-18,4815.59521484375
1996-12-19,4908.89501953125
1996-12-20,4966.794921875
1996-12-23,4996.4951171875
1996-12-26,4815.59521484375
1996-12-27,5106.99462890625
1996-12-30,5144.99462890625
1996-12-31,5154.79443359375
1997-01-02,5018.59521484375
1997-01-03,5141.0947265625
1997-01-07,5161.5947265625
1997-01-08,5221.49462890625
1997-01-09,5231.39453125
1997-01-10,5258.69482421875
1997-01-13,5351.69482421875
1997-01-14,5350.19482421875
1997-01-15,5327.29443359375
1997-01-16,5384.79443359375
1997-01-17,5470.19482421875
1997-01-20,5470.19482421875
1997-01-21,5516.39453125
1997-01-22,5463.0947265625
1997-01-23,5450.69482421875
1997-01-24,5324.69482421875
1997-01-27,5253.89453125
1997-01-28,5353.79443359375
1997-01-29,5279.99462890625
1997-01-30,5256.69482421875
1997-01-31,5327.39453125
1997-02-03,5294.0947265625
1997-02-04,5297.5947265625
1997-02-05,5378.99462890625
1997-02-06,5415.5947265625
1997-02-07,5449.79443359375
1997-02-10,5447.29443359375
1997-02-11,5419.19482421875
1997-02-12,5435.39453125
1997-02-13,5458.19482421875
1997-02-14,5499.29443359375
1997-02-17,5509.0947265625
1997-02-18,5505.19482421875
1997-02-19,5481.39453125
1997-02-20,5434.79443359375
1997-02-21,5377.89453125
1997-02-24,5296.49462890625
1997-02-25,5333.89453125
1997-02-26,5311.39453125
1997-02-27,5357.49462890625
1997-02-28,5305.39453125
1997-03-03,5273.99462890625
1997-03-04,5336.69482421875
1997-03-05,5319.0947265625
1997-03-06,5402.69482421875
1997-03-07,5503.0947265625
1997-03-10,5620.6943359375
1997-03-11,5603.09423828125
1997-03-12,5537.5947265625
1997-03-13,5566.6943359375
1997-03-14,5568.09423828125
1997-03-17,5458.5947265625
1997-03-18,5414.79443359375
1997-03-19,5432.0947265625
1997-03-20,5355.49462890625
1997-03-21,5357.69482421875
1997-03-24,5349.29443359375
1997-03-25,5438.79443359375
1997-03-26,5520.69482421875
1997-03-31,5424.29443359375
1997-04-01,5326.49462890625
1997-04-02,5310.39453125
1997-04-03,5279.89453125
1997-04-04,5336.0947265625
1997-04-07,5461.0947265625
1997-04-08,5482.79443359375
1997-04-09,5527.19482421875
1997-04-10,5488.29443359375
1997-04-11,5441.39453125
1997-04-14,5452.5947265625
1997-04-15,5585.89404296875
1997-04-16,5587.994140625
1997-04-17,5629.2939453125
1997-04-18,5628.09423828125
1997-04-21,5670.89404296875
1997-04-22,5729.994140625
1997-04-23,5802.2939453125
1997-04-24,5772.6943359375
1997-04-25,5732.59423828125
1997-04-28,5757.2939453125
1997-04-29,5838.1943359375
1997-04-30,5909.2939453125
1997-05-05,6059.8935546875
1997-05-06,6043.19384765625
1997-05-07,6042.59375
1997-05-08,6064.8935546875
1997-05-09,6128.09375
1997-05-12,6283.69384765625
1997-05-13,6324.19384765625
1997-05-14,6304.3935546875
1997-05-16,6253.8935546875
1997-05-19,6228.69384765625
1997-05-20,6299.8935546875
1997-05-21,6448.99365234375
1997-05-22,6402.19384765625
1997-05-23,6432.29345703125
1997-05-26,6582.193359375
1997-05-27,6675.4931640625
1997-05-28,6522.29296875
1997-05-29,6416.49365234375
1997-05-30,6300.79345703125
1997-06-02,6298.09375
1997-06-03,6404.79345703125
1997-06-04,6411.3935546875
1997-06-05,6514.39306640625
1997-06-06,6616.193359375
1997-06-09,6511.4931640625
1997-06-10,6514.4931640625
1997-06-11,6565.693359375
1997-06-12,6673.09326171875
1997-06-13,6685.29296875
1997-06-16,6627.193359375
1997-06-17,6543.79296875
1997-06-18,6619.693359375
1997-06-19,6674.79296875
1997-06-20,6761.89306640625
1997-06-23,6801.9931640625
1997-06-24,6797.09326171875
1997-06-25,6913.193359375
1997-06-26,6934.4931640625
1997-06-27,6939.39306640625
1997-06-30,6884.59326171875
1997-07-01,6969.89306640625
1997-07-02,7094.99267578125
1997-07-03,7174.392578125
1997-07-04,7174.29248046875
1997-07-07,7204.49267578125
1997-07-08,7139.0927734375
1997-07-09,7164.69287109375
1997-07-10,7095.19287109375
1997-07-11,7112.49267578125
1997-07-14,7169.392578125
1997-07-15,7064.0927734375
1997-07-16,7136.0927734375
1997-07-17,7034.79248046875
1997-07-18,6846.193359375
1997-07-21,6768.29296875
1997-07-22,6963.193359375
1997-07-23,6958.89306640625
1997-07-24,6756.09326171875
1997-07-28,6817.693359375
1997-07-29,6697.09326171875
1997-07-30,6868.29296875
1997-07-31,6810.89306640625
1997-08-01,6730.4931640625
1997-08-04,6625.89306640625
1997-08-05,6664.39306640625
1997-08-06,6835.09326171875
1997-08-07,6864.09326171875
1997-08-08,6783.09326171875
1997-08-11,6782.193359375
1997-08-12,6817.89306640625
1997-08-13,6723.39306640625
1997-08-14,6708.4931640625
1997-08-18,6552.193359375
1997-08-19,6674.09326171875
1997-08-20,6779.29296875
1997-08-21,6716.193359375
1997-08-22,6630.39306640625
1997-08-25,6674.39306640625
1997-08-26,6600.9931640625
1997-08-27,6578.9931640625
1997-08-28,6556.693359375
1997-08-29,6532.29296875
1997-09-01,6599.09326171875
1997-09-02,6702.39306640625
1997-09-03,6692.29296875
1997-09-04,6694.39306640625
1997-09-05,6759.4931640625
1997-09-08,6796.09326171875
1997-09-09,6783.79296875
1997-09-10,6745.693359375
1997-09-11,6694.9931640625
1997-09-12,6671.4931640625
1997-09-15,6778.59326171875
1997-09-16,6879.89306640625
1997-09-17,6884.29296875
1997-09-18,6965.4931640625
1997-09-19,6975.59326171875
1997-09-22,7116.99267578125
1997-09-23,7102.892578125
1997-09-24,7198.69287109375
1997-09-25,7125.392578125
1997-09-26,7205.892578125
1997-09-29,7219.49267578125
1997-09-30,7269.69287109375
1997-10-01,7331.892578125
1997-10-02,7250.79248046875
1997-10-03,7239.0927734375
1997-10-06,7089.69287109375
1997-10-07,7120.892578125
1997-10-08,6986.39306640625
1997-10-09,6772.09326171875
1997-10-10,6826.193359375
1997-10-13,6863.09326171875
1997-10-14,6830.59326171875
1997-10-15,6754.89306640625
1997-10-16,6766.09326171875
1997-10-17,6664.193359375
1997-10-20,6678.79296875
1997-10-21,6854.193359375
1997-10-22,6826.693359375
1997-10-23,6656.9931640625
1997-10-24,6604.79296875
1997-10-27,6313.8935546875
1997-10-28,6049.8935546875
1997-10-29,6391.99365234375
1997-10-30,6463.3935546875
1997-10-31,6380.3935546875
1997-11-03,6445.29345703125
1997-11-04,6450.99365234375
1997-11-05,6515.09326171875
1997-11-06,6481.29345703125
1997-11-07,6317.49365234375
1997-11-10,6277.99365234375
1997-11-11,6220.99365234375
1997-11-12,6151.09375
1997-11-13,6239.29345703125
1997-11-14,6299.29345703125
1997-11-17,6512.4931640625
1997-11-18,6537.09326171875
1997-11-19,6557.79296875
1997-11-20,6766.39306640625
1997-11-21,6825.693359375
1997-11-24,6670.29296875
1997-11-25,6741.29296875
1997-11-26,6856.39306640625
1997-11-27,6919.59326171875
1997-11-28,6932.09326171875
1997-12-01,7135.99267578125
1997-12-02,7136.5927734375
1997-12-03,7092.49267578125
1997-12-04,7187.99267578125
1997-12-05,7196.99267578125
1997-12-09,7260.99267578125
1997-12-10,7158.49267578125
1997-12-11,7003.19287109375
1997-12-12,7059.69287109375
1997-12-15,7123.5927734375
1997-12-16,7250.892578125
1997-12-17,7243.392578125
1997-12-18,7224.29248046875
1997-12-19,7045.69287109375
1997-12-22,7062.5927734375
1997-12-23,7070.19287109375
1997-12-26,7049.79248046875
1997-12-29,7277.392578125
1997-12-30,7335.0927734375
1997-12-31,7255.392578125
1998-01-02,7451.392578125
1998-01-05,7591.7919921875
1998-01-07,7548.9921875
1998-01-08,7482.1923828125
1998-01-09,7455.29248046875
1998-01-12,7390.49267578125
1998-01-13,7492.1923828125
1998-01-14,7550.59228515625
1998-01-15,7578.2919921875
1998-01-16,7723.89208984375
1998-01-19,7732.39208984375
1998-01-20,7807.09228515625
1998-01-21,7812.09228515625
1998-01-22,7839.2919921875
1998-01-23,7749.09228515625
1998-01-26,7853.9921875
1998-01-27,7924.59228515625
1998-01-28,7953.591796875
1998-01-29,7940.39208984375
1998-01-30,7958.99169921875
1998-02-02,8096.69189453125
1998-02-03,8104.19189453125
1998-02-04,8166.49169921875
1998-02-05,8109.8916015625
1998-02-06,8182.49169921875
1998-02-09,8048.49169921875
1998-02-10,8084.8916015625
1998-02-11,8155.69189453125
1998-02-12,8062.591796875
1998-02-13,8113.3916015625
1998-02-16,8144.79150390625
1998-02-17,8283.69140625
1998-02-18,8324.69140625
1998-02-19,8357.9912109375
1998-02-20,8516.791015625
1998-02-23,8511.291015625
1998-02-24,8641.3916015625
1998-02-25,8818.4912109375
1998-02-26,8783.19140625
1998-02-27,8900.0908203125
1998-03-02,9112.5908203125
1998-03-03,9132.0908203125
1998-03-04,8929.8916015625
1998-03-05,8958.291015625
1998-03-06,9227.2900390625
1998-03-09,9269.490234375
1998-03-10,9261.7900390625
1998-03-11,9262.08984375
1998-03-12,9347.890625
1998-03-13,9450.490234375
1998-03-16,9448.7900390625
1998-03-17,9521.1904296875
1998-03-18,9502.990234375
1998-03-20,9797.08984375
1998-03-23,9940.58984375
1998-03-24,10093.890625
1998-03-25,10302.9892578125
1998-03-26,10170.9892578125
1998-03-27,10242.8896484375
1998-03-30,10225.689453125
1998-03-31,10209.0888671875
1998-04-01,10352.2890625
1998-04-02,10414.8896484375
1998-04-03,10572.2890625
1998-04-06,10814.0888671875
1998-04-07,10689.9892578125
1998-04-08,10534.689453125
1998-04-14,10509.5888671875
1998-04-15,10339.5888671875
1998-04-16,10323.5888671875
1998-04-17,10410.189453125
1998-04-20,10482.689453125
1998-04-21,10429.3896484375
1998-04-22,10291.7890625
1998-04-23,9966.58984375
1998-04-24,9888.2900390625
1998-04-27,9549.58984375
1998-04-28,9903.990234375
1998-04-29,9677.990234375
1998-04-30,10025.58984375
1998-05-04,10259.7890625
1998-05-05,10001.490234375
1998-05-06,9962.990234375
1998-05-07,9741.08984375
1998-05-08,9762.390625
1998-05-11,9993.58984375
1998-05-12,9839.2900390625
1998-05-13,9768.2900390625
1998-05-14,9854.890625
1998-05-15,9836.890625
1998-05-18,9795.1904296875
1998-05-19,9959.1904296875
1998-05-20,10100.390625
1998-05-21,10088.990234375
1998-05-22,10153.689453125
1998-05-25,10391.5888671875
1998-05-26,10377.9892578125
1998-05-27,9992.990234375
1998-05-28,10059.890625
1998-05-29,10005.6904296875
1998-06-02,10079.490234375
1998-06-03,10116.1904296875
1998-06-04,10098.7900390625
1998-06-05,10265.5888671875
1998-06-08,10280.2890625
1998-06-09,10051.490234375
1998-06-10,10120.8896484375
1998-06-11,9953.6904296875
1998-06-12,9748.08984375
1998-06-15,9593.2900390625
1998-06-16,9684.890625
1998-06-17,9900.7900390625
1998-06-18,9760.990234375
1998-06-19,9765.6904296875
1998-06-22,9722.390625
1998-06-23,9873.490234375
1998-06-24,9901.58984375
1998-06-25,10136.0888671875
1998-06-26,10109.490234375
1998-06-29,10242.689453125
1998-06-30,10146.3896484375
1998-07-01,10342.2890625
1998-07-02,10394.2890625
1998-07-03,10542.8896484375
1998-07-06,10642.0888671875
1998-07-07,10642.7890625
1998-07-08,10719.8896484375
1998-07-09,10635.2890625
1998-07-10,10636.689453125
1998-07-13,10729.3896484375
1998-07-14,10791.689453125
1998-07-15,10703.9892578125
1998-07-16,10765.7890625
1998-07-17,10952.4892578125
1998-07-20,10893.189453125
1998-07-21,10758.3896484375
1998-07-22,10560.7890625
1998-07-23,10614.8896484375
1998-07-24,10559.189453125
1998-07-27,10360.689453125
1998-07-28,10340.0888671875
1998-07-29,10410.2890625
1998-07-30,10568.7890625
1998-07-31,10493.689453125
1998-08-03,10410.9892578125
1998-08-04,10495.2890625
1998-08-05,10289.2890625
1998-08-06,10115.1904296875
1998-08-07,10217.9892578125
1998-08-10,10039.7900390625
1998-08-11,9708.6904296875
1998-08-12,9887.2900390625
1998-08-13,9847.6904296875
1998-08-14,9919.490234375
1998-08-17,9910.6904296875
1998-08-18,10112.890625
1998-08-19,10205.2890625
1998-08-20,9998.1904296875
1998-08-21,9417.1904296875
1998-08-24,9262.7900390625
1998-08-25,9453.2900390625
1998-08-26,9113.19140625
1998-08-27,8580.0908203125
1998-08-28,8382.9912109375
1998-08-31,8264.69140625
1998-09-01,8239.19140625
1998-09-02,8548.69140625
1998-09-03,8380.3916015625
1998-09-04,8337.291015625
1998-09-07,8452.9912109375
1998-09-08,8710.0908203125
1998-09-09,8504.8916015625
1998-09-10,7903.9921875
1998-09-11,7707.9921875
1998-09-14,7899.9921875
1998-09-15,7833.09228515625
1998-09-16,8034.19189453125
1998-09-17,7671.09228515625
1998-09-18,7628.6923828125
1998-09-21,7211.392578125
1998-09-22,7506.59228515625
1998-09-23,8008.19189453125
1998-09-24,7884.6923828125
1998-09-25,7969.29150390625
1998-09-28,8062.29150390625
1998-09-29,8066.091796875
1998-09-30,7676.4921875
1998-10-01,7676.4921875
1998-10-02,7156.892578125
1998-10-05,7145.79248046875
1998-10-06,7566.89208984375
1998-10-07,7405.29248046875
1998-10-08,7195.19287109375
1998-10-09,7381.19287109375
1998-10-13,7715.89208984375
1998-10-14,7956.091796875
1998-10-15,8060.29150390625
1998-10-16,8455.291015625
1998-10-19,8396.69140625
1998-10-20,8654.3916015625
1998-10-21,8493.4912109375
1998-10-22,8254.19140625
1998-10-23,8410.19140625
1998-10-26,8467.69140625
1998-10-27,8716.791015625
1998-10-28,8534.3916015625
1998-10-29,8541.0908203125
1998-10-30,8799.9912109375
1998-11-02,9015.4912109375
1998-11-03,8943.0908203125
1998-11-04,9131.19140625
1998-11-05,9109.0908203125
1998-11-06,9204.08984375
1998-11-09,9094.8916015625
1998-11-10,8934.291015625
1998-11-11,8940.69140625
1998-11-12,8992.4912109375
1998-11-13,8842.0908203125
1998-11-16,9056.791015625
1998-11-17,8984.291015625
1998-11-18,8972.3916015625
1998-11-19,9240.58984375
1998-11-20,9431.890625
1998-11-23,9441.890625
1998-11-24,9479.1904296875
1998-11-25,9514.990234375
1998-11-26,9758.990234375
1998-11-27,9877.2900390625
1998-11-30,9645.490234375
1998-12-01,9339.7900390625
1998-12-02,9230.490234375
1998-12-03,9329.6904296875
1998-12-04,9381.990234375
1998-12-07,9454.1904296875
1998-12-09,9596.390625
1998-12-10,9468.08984375
1998-12-11,9236.1904296875
1998-12-14,9260.490234375
1998-12-15,9271.7900390625
1998-12-16,9362.1904296875
1998-12-17,9322.58984375
1998-12-18,9351.890625
1998-12-21,9602.6904296875
1998-12-22,9679.890625
1998-12-23,9866.7900390625
1998-12-28,9953.58984375
1998-12-29,9940.6904296875
1998-12-30,9836.58984375
1999-01-04,10447.7890625
1999-01-05,10650.689453125
1999-01-07,10443.3896484375
1999-01-08,10412.2890625
1999-01-11,10248.5888671875
1999-01-12,10010.490234375
1999-01-13,9321.6904296875
1999-01-14,9304.1904296875
1999-01-15,9596.2900390625
1999-01-18,10071.490234375
1999-01-19,9971.6904296875
1999-01-20,10090.08984375
1999-01-21,9920.7900390625
1999-01-22,9611.990234375
1999-01-25,9665.58984375
1999-01-26,9589.58984375
1999-01-27,9609.490234375
1999-01-28,9832.1904296875
1999-01-29,9878.7900390625
1999-02-01,9998.1904296875
1999-02-02,9943.58984375
1999-02-03,9944.1904296875
1999-02-04,9855.390625
1999-02-05,9809.2900390625
1999-02-08,9648.7900390625
1999-02-09,9499.990234375
1999-02-10,9656.6904296875
1999-02-11,9690.490234375
1999-02-12,9739.390625
1999-02-15,9901.08984375
1999-02-16,9799.2900390625
1999-02-17,9797.890625
1999-02-18,9758.6904296875
1999-02-19,9840.890625
1999-02-22,9945.1904296875
1999-02-23,10133.7890625
1999-02-24,10224.5888671875
1999-02-25,10052.08984375
1999-02-26,9997.2900390625
1999-03-01,9838.890625
1999-03-02,9822.990234375
1999-03-03,9707.58984375
1999-03-04,9834.2900390625
1999-03-05,10004.990234375
1999-03-08,9861.390625
1999-03-09,9915.2900390625
1999-03-10,9940.08984375
1999-03-11,10191.5888671875
1999-03-12,10094.6904296875
1999-03-15,10120.9892578125
1999-03-16,10213.8896484375
1999-03-17,10119.08984375
1999-03-18,10039.6904296875
1999-03-19,10073.6904296875
1999-03-22,9955.08984375
1999-03-23,9728.390625
1999-03-24,9720.6904296875
1999-03-25,9868.2900390625
1999-03-26,9659.08984375
1999-03-29,9748.08984375
1999-03-30,9676.990234375
1999-03-31,9740.6904296875
1999-04-06,10011.2900390625
1999-04-07,10027.6904296875
1999-04-08,10100.58984375
1999-04-09,10101.890625
1999-04-12,10039.1904296875
1999-04-13,10120.7890625
1999-04-14,10080.390625
1999-04-15,9999.990234375
1999-04-16,9777.2900390625
1999-04-19,9851.6904296875
1999-04-20,9661.990234375
1999-04-21,9771.08984375
1999-04-22,9794.7900390625
1999-04-23,9901.58984375
1999-04-26,9907.1904296875
1999-04-27,10069.890625
1999-04-28,10010.390625
1999-04-29,10007.58984375
1999-04-30,9975.390625
1999-05-03,10090.7900390625
1999-05-04,10019.1904296875
1999-05-05,10012.08984375
1999-05-06,10072.990234375
1999-05-07,10154.9892578125
1999-05-10,10172.689453125
1999-05-11,10167.0888671875
1999-05-12,10184.689453125
1999-05-13,10274.9892578125
1999-05-14,10167.189453125
1999-05-17,9966.08984375
1999-05-18,9984.7900390625
1999-05-19,10174.3896484375
1999-05-20,10151.189453125
1999-05-21,10213.689453125
1999-05-24,10170.3896484375
1999-05-25,10140.9892578125
1999-05-26,10097.6904296875
1999-05-27,9990.890625
1999-05-28,10030.58984375
1999-05-31,10072.2900390625
1999-06-01,10056.890625
1999-06-02,10068.7900390625
1999-06-03,10221.4892578125
1999-06-04,10244.689453125
1999-06-07,10280.189453125
1999-06-08,10221.7890625
1999-06-09,10242.7890625
1999-06-10,10096.1904296875
1999-06-11,10195.2890625
1999-06-14,10099.990234375
1999-06-15,10179.689453125
1999-06-16,10190.7890625
1999-06-17,10194.9892578125
1999-06-18,10337.4892578125
1999-06-21,10382.689453125
1999-06-22,10387.689453125
1999-06-23,10380.689453125
1999-06-24,10333.5888671875
1999-06-25,10290.2890625
1999-06-28,10291.0888671875
1999-06-29,10299.5888671875
1999-06-30,10218.5888671875
1999-07-01,10370.4892578125
1999-07-02,10402.2890625
1999-07-05,10555.5888671875
1999-07-06,10474.3896484375
1999-07-07,10402.7890625
1999-07-08,10311.2890625
1999-07-09,10333.189453125
1999-07-12,10311.8896484375
1999-07-13,10118.990234375
1999-07-14,10009.2900390625
1999-07-15,10134.5888671875
1999-07-16,10119.1904296875
1999-07-19,10190.8896484375
1999-07-20,10057.890625
1999-07-21,9999.7900390625
1999-07-22,9896.08984375
1999-07-23,9771.58984375
1999-07-26,9684.890625
1999-07-27,9583.390625
1999-07-28,9571.490234375
1999-07-29,9292.58984375
1999-07-30,9391.890625
1999-08-02,9400.08984375
1999-08-03,9434.1904296875
1999-08-04,9436.1904296875
1999-08-05,9194.490234375
1999-08-06,9140.69140625
1999-08-09,9335.6904296875
1999-08-10,9230.1904296875
1999-08-11,9360.390625
1999-08-12,9407.890625
1999-08-13,9561.6904296875
1999-08-16,9474.490234375
1999-08-17,9613.490234375
1999-08-18,9570.890625
1999-08-19,9569.2900390625
1999-08-20,9738.2900390625
1999-08-23,9729.990234375
1999-08-24,9861.6904296875
1999-08-25,9941.390625
1999-08-26,9931.890625
1999-08-27,10058.390625
1999-08-30,10006.1904296875
1999-08-31,9806.08984375
1999-09-01,9903.58984375
1999-09-02,9693.990234375
1999-09-03,9943.08984375
1999-09-06,9975.390625
1999-09-07,9871.1904296875
1999-09-08,9891.58984375
1999-09-09,10027.990234375
1999-09-10,10026.58984375
1999-09-13,9918.990234375
1999-09-14,9779.1904296875
1999-09-15,9728.58984375
1999-09-16,9645.6904296875
1999-09-17,9728.1904296875
1999-09-20,9722.7900390625
1999-09-21,9621.7900390625
1999-09-22,9654.990234375
1999-09-23,9720.390625
1999-09-24,9617.6904296875
1999-09-27,9707.7900390625
1999-09-28,9639.890625
1999-09-29,9552.490234375
1999-09-30,9525.390625
1999-10-01,9482.7900390625
1999-10-04,9600.990234375
1999-10-05,9656.2900390625
1999-10-06,9624.6904296875
1999-10-07,9720.990234375
1999-10-08,9770.890625
1999-10-11,9808.1904296875
1999-10-13,9592.490234375
1999-10-14,9548.890625
1999-10-15,9376.6904296875
1999-10-18,9290.7900390625
1999-10-19,9413.390625
1999-10-20,9405.58984375
1999-10-21,9270.1904296875
1999-10-22,9389.390625
1999-10-25,9304.7900390625
1999-10-26,9443.2900390625
1999-10-27,9419.1904296875
1999-10-28,9610.2900390625
1999-10-29,9741.490234375
1999-11-02,9847.890625
1999-11-03,9936.890625
1999-11-04,10113.390625
1999-11-05,10231.2890625
1999-11-08,10336.7890625
1999-11-09,10260.0888671875
1999-11-10,10354.2890625
1999-11-11,10497.0888671875
1999-11-12,10469.8896484375
1999-11-15,10555.8896484375
1999-11-16,10619.689453125
1999-11-17,10639.689453125
1999-11-18,10725.8896484375
1999-11-19,10792.9892578125
1999-11-22,10613.5888671875
1999-11-23,10685.0888671875
1999-11-24,10720.189453125
1999-11-25,10945.189453125
1999-11-26,10971.2890625
1999-11-29,10892.4892578125
1999-11-30,10958.0888671875
1999-12-01,11084.2880859375
1999-12-02,11166.587890625
1999-12-03,11309.98828125
1999-12-07,11549.587890625
1999-12-09,11560.087890625
1999-12-10,11434.48828125
1999-12-13,11465.7880859375
1999-12-14,11480.087890625
1999-12-15,11372.48828125
1999-12-16,11427.087890625
1999-12-17,11613.087890625
1999-12-20,11673.087890625
1999-12-21,11572.7880859375
1999-12-22,11585.48828125
1999-12-23,11686.587890625
1999-12-27,11615.6884765625
1999-12-28,11517.587890625
1999-12-29,11581.388671875
1999-12-30,11641.388671875
2000-01-03,11609.98828125
2000-01-04,11206.587890625
2000-01-05,10863.0888671875
2000-01-07,11102.388671875
2000-01-10,11173.2880859375
2000-01-11,11012.3896484375
2000-01-12,10851.7890625
2000-01-13,10931.8896484375
2000-01-14,11183.98828125
2000-01-17,11285.587890625
2000-01-18,11066.2890625
2000-01-19,11120.6884765625
2000-01-20,11047.5888671875
2000-01-21,10969.2890625
2000-01-24,10954.9892578125
2000-01-25,10863.4892578125
2000-01-26,11031.3896484375
2000-01-27,11206.587890625
2000-01-28,11009.2890625
2000-01-31,10835.0888671875
2000-02-01,10969.9892578125
2000-02-02,11195.587890625
2000-02-03,11544.087890625
2000-02-04,11580.087890625
2000-02-07,11506.7880859375
2000-02-08,11834.7880859375
2000-02-09,11939.48828125
2000-02-10,12020.587890625
2000-02-11,12432.5869140625
2000-02-14,12458.5869140625
2000-02-15,12165.0869140625
2000-02-16,12235.0869140625
2000-02-17,12326.6875
2000-02-18,12367.9873046875
2000-02-21,12260.287109375
2000-02-22,12076.8876953125
2000-02-23,12312.287109375
2000-02-24,12352.287109375
2000-02-25,12690.8876953125
2000-02-28,12466.9873046875
2000-02-29,12585.787109375
2000-03-01,12538.6875
2000-03-02,12709.5869140625
2000-03-03,12744.9873046875
2000-03-06,12816.787109375
2000-03-07,12667.1875
2000-03-08,12668.287109375
2000-03-09,12563.1875
2000-03-10,12513.6875
2000-03-13,12359.6875
2000-03-14,12555.787109375
2000-03-15,12279.4873046875
2000-03-16,12260.8876953125
2000-03-17,12369.787109375
2000-03-20,12362.3876953125
2000-03-21,12308.287109375
2000-03-22,12172.1875
2000-03-23,12073.287109375
2000-03-24,12213.787109375
2000-03-27,12161.9873046875
2000-03-28,12211.0869140625
2000-03-29,12088.5869140625
2000-03-30,11833.388671875
2000-03-31,11934.98828125
2000-04-03,11686.388671875
2000-04-04,11584.1884765625
2000-04-05,11374.587890625
2000-04-06,11607.888671875
2000-04-07,11790.587890625
2000-04-10,11768.6884765625
2000-04-11,11515.2880859375
2000-04-12,11542.087890625
2000-04-13,11647.1884765625
2000-04-14,11363.888671875
2000-04-17,11217.2880859375
2000-04-18,11261.48828125
2000-04-19,11339.7880859375
2000-04-20,11501.98828125
2000-04-25,11425.48828125
2000-04-26,11481.48828125
2000-04-27,11272.98828125
2000-04-28,11467.888671875
2000-05-02,11867.1884765625
2000-05-03,11667.888671875
2000-05-04,11597.48828125
2000-05-05,11560.888671875
2000-05-08,11303.98828125
2000-05-09,11071.689453125
2000-05-10,10832.2890625
2000-05-11,11036.2890625
2000-05-12,11102.587890625
2000-05-15,11009.2890625
2000-05-16,11220.6884765625
2000-05-17,10905.2890625
2000-05-18,10889.5888671875
2000-05-19,10544.8896484375
2000-05-22,10326.2890625
2000-05-23,10380.0888671875
2000-05-24,10342.3896484375
2000-05-25,10560.5888671875
2000-05-26,10437.0888671875
2000-05-29,10558.8896484375
2000-05-30,10648.4892578125
2000-05-31,10688.4892578125
2000-06-01,10875.4892578125
2000-06-02,11141.48828125
2000-06-05,11004.189453125
2000-06-06,10782.4892578125
2000-06-07,10688.8896484375
2000-06-08,10799.5888671875
2000-06-09,10873.189453125
2000-06-12,10791.2890625
2000-06-13,10805.9892578125
2000-06-14,10880.689453125
2000-06-15,10875.9892578125
2000-06-16,10723.7890625
2000-06-19,10595.5888671875
2000-06-20,10563.3896484375
2000-06-21,10351.3896484375
2000-06-22,10490.4892578125
2000-06-23,10533.0888671875
2000-06-26,10488.8896484375
2000-06-27,10528.189453125
2000-06-28,10583.189453125
2000-06-29,10366.3896484375
2000-06-30,10581.2890625
2000-07-03,10676.689453125
2000-07-04,10848.8896484375
2000-07-05,10757.5888671875
2000-07-06,10739.5888671875
2000-07-07,10896.689453125
2000-07-10,10828.8896484375
2000-07-11,10874.7890625
2000-07-12,10878.689453125
2000-07-13,10848.189453125
2000-07-14,11002.5888671875
2000-07-17,10949.189453125
2000-07-18,10791.4892578125
2000-07-19,10850.689453125
2000-07-20,10986.0888671875
2000-07-21,10879.5888671875
2000-07-24,10831.4892578125
2000-07-25,10714.5888671875
2000-07-26,10743.7890625
2000-07-27,10725.9892578125
2000-07-28,10559.9892578125
2000-07-31,10531.5888671875
2000-08-01,10548.9892578125
2000-08-02,10644.4892578125
2000-08-03,10452.9892578125
2000-08-04,10583.3896484375
2000-08-07,10707.689453125
2000-08-08,10867.5888671875
2000-08-09,10951.8896484375
2000-08-10,11110.587890625
2000-08-11,11094.587890625
2000-08-14,11210.587890625
2000-08-15,11207.888671875
2000-08-16,11342.6884765625
2000-08-17,11155.48828125
2000-08-18,11065.4892578125
2000-08-21,11093.48828125
2000-08-22,10934.5888671875
2000-08-23,10798.0888671875
2000-08-24,10720.0888671875
2000-08-25,10818.2890625
2000-08-28,10907.4892578125
2000-08-29,10840.5888671875
2000-08-30,10869.5888671875
2000-08-31,10884.689453125
2000-09-01,11170.087890625
2000-09-04,11246.2880859375
2000-09-05,11188.1884765625
2000-09-06,11238.48828125
2000-09-07,11282.48828125
2000-09-08,11103.2880859375
2000-09-11,11229.7880859375
2000-09-12,11311.7880859375
2000-09-13,11212.48828125
2000-09-14,11451.587890625
2000-09-15,11463.087890625
2000-09-18,11188.087890625
2000-09-19,11065.4892578125
2000-09-20,10901.2890625
2000-09-21,10803.3896484375
2000-09-22,11029.3896484375
2000-09-25,11159.087890625
2000-09-26,10955.9892578125
2000-09-27,10957.5888671875
2000-09-28,11023.0888671875
2000-09-29,10949.9892578125
2000-10-02,11152.48828125
2000-10-03,11271.1884765625
2000-10-04,11159.2880859375
2000-10-05,11237.2880859375
2000-10-06,11149.98828125
2000-10-09,10838.7890625
2000-10-10,10950.689453125
2000-10-11,10618.689453125
2000-10-13,10385.3896484375
2000-10-16,10455.189453125
2000-10-17,10375.3896484375
2000-10-18,10056.08984375
2000-10-19,10367.2890625
2000-10-20,10443.5888671875
2000-10-23,10329.8896484375
2000-10-24,10666.8896484375
2000-10-25,10517.3896484375
2000-10-26,10324.689453125
2000-10-27,10395.689453125
2000-10-30,10307.2890625
2000-10-31,10363.0888671875
2000-11-02,10506.9892578125
2000-11-03,10542.689453125
2000-11-06,10610.4892578125
2000-11-07,10573.5888671875
2000-11-08,10488.3896484375
2000-11-09,10273.4892578125
2000-11-10,9985.990234375
2000-11-13,9897.2900390625
2000-11-14,10274.7890625
2000-11-15,10294.0888671875
2000-11-16,10135.2890625
2000-11-17,9845.890625
2000-11-20,9548.6904296875
2000-11-21,9593.990234375
2000-11-22,9252.490234375
2000-11-23,9334.7900390625
2000-11-24,9642.2900390625
2000-11-27,9541.890625
2000-11-28,9357.990234375
2000-11-29,9477.2900390625
2000-11-30,9214.490234375
2000-12-01,9339.390625
2000-12-04,9069.0908203125
2000-12-05,9461.08984375
2000-12-07,9497.2900390625
2000-12-11,9788.08984375
2000-12-12,9753.490234375
2000-12-13,9716.890625
2000-12-14,9518.2900390625
2000-12-15,9155.69140625
2000-12-18,9052.791015625
2000-12-19,9255.490234375
2000-12-20,8864.291015625
2000-12-21,8964.19140625
2000-12-22,9038.9912109375
2000-12-27,9078.4912109375
2000-12-28,9075.5908203125
2000-12-29,9109.791015625
2001-01-02,9080.19140625
2001-01-03,9200.890625
2001-01-04,9597.1904296875
2001-01-05,9601.390625
2001-01-08,9623.58984375
2001-01-09,9581.7900390625
2001-01-10,9585.7900390625
2001-01-11,9699.7900390625
2001-01-12,9890.1904296875
2001-01-15,9891.990234375
2001-01-16,9722.390625
2001-01-17,10020.08984375
2001-01-18,10070.7900390625
2001-01-19,9955.490234375
2001-01-22,10019.1904296875
2001-01-23,10100.390625
2001-01-24,10116.1904296875
2001-01-25,10131.9892578125
2001-01-26,10090.08984375
2001-01-29,9949.890625
2001-01-30,10036.1904296875
2001-01-31,10115.990234375
2001-02-01,10122.9892578125
2001-02-02,9848.490234375
2001-02-05,9846.6904296875
2001-02-06,9934.7900390625
2001-02-07,9880.6904296875
2001-02-08,10020.7900390625
2001-02-09,9936.2900390625
2001-02-12,10096.490234375
2001-02-13,10054.1904296875
2001-02-14,9759.6904296875
2001-02-15,9865.2900390625
2001-02-16,9789.490234375
2001-02-19,9861.2900390625
2001-02-20,9680.490234375
2001-02-21,9592.08984375
2001-02-22,9418.7900390625
2001-02-23,9344.7900390625
2001-02-26,9476.390625
2001-02-27,9554.08984375
2001-02-28,9551.390625
2001-03-01,9486.08984375
2001-03-02,9570.890625
2001-03-05,9688.08984375
2001-03-06,9892.08984375
2001-03-07,9923.2900390625
2001-03-08,9798.1904296875
2001-03-09,9726.58984375
2001-03-12,9494.7900390625
2001-03-13,9510.890625
2001-03-14,9392.990234375
2001-03-15,9476.2900390625
2001-03-16,9289.990234375
2001-03-19,9251.2900390625
2001-03-20,9216.6904296875
2001-03-21,8899.791015625
2001-03-22,8531.791015625
2001-03-23,8810.4912109375
2001-03-26,9063.3916015625
2001-03-27,9263.2900390625
2001-03-28,9163.390625
2001-03-29,9222.7900390625
2001-03-30,9308.2900390625
2001-04-02,9324.2900390625
2001-04-03,9011.791015625
2001-04-04,9172.390625
2001-04-05,9340.1904296875
2001-04-06,9328.390625
2001-04-09,9453.490234375
2001-04-10,9601.7900390625
2001-04-11,9613.890625
2001-04-12,9648.7900390625
2001-04-17,9526.490234375
2001-04-18,9797.7900390625
2001-04-19,9797.990234375
2001-04-20,9547.490234375
2001-04-23,9269.390625
2001-04-24,9418.890625
2001-04-25,9350.390625
2001-04-26,9523.890625
2001-04-27,9634.58984375
2001-04-30,9760.990234375
2001-05-02,9633.490234375
2001-05-03,9497.1904296875
2001-05-04,9542.6904296875
2001-05-07,9589.1904296875
2001-05-08,9657.990234375
2001-05-09,9654.2900390625
2001-05-10,9781.490234375
2001-05-11,9684.490234375
2001-05-14,9602.1904296875
2001-05-15,9667.58984375
2001-05-16,9588.08984375
2001-05-17,9661.490234375
2001-05-18,9728.390625
2001-05-21,9678.1904296875
2001-05-22,9626.890625
2001-05-23,9632.58984375
2001-05-24,9616.1904296875
2001-05-25,9468.390625
2001-05-28,9545.58984375
2001-05-29,9487.1904296875
2001-05-30,9439.890625
2001-05-31,9500.6904296875
2001-06-01,9399.390625
2001-06-04,9561.490234375
2001-06-05,9601.7900390625
2001-06-06,9530.6904296875
2001-06-07,9516.7900390625
2001-06-08,9607.2900390625
2001-06-11,9606.7900390625
2001-06-12,9443.990234375
2001-06-13,9522.490234375
2001-06-14,9476.58984375
2001-06-15,9363.2900390625
2001-06-18,9018.69140625
2001-06-19,9047.8916015625
2001-06-20,9021.4912109375
2001-06-21,8920.8916015625
2001-06-22,8925.19140625
2001-06-25,8964.291015625
2001-06-26,8792.69140625
2001-06-27,8787.5908203125
2001-06-28,8855.8916015625
2001-06-29,8878.3916015625
2001-07-02,9073.291015625
2001-07-03,9015.8916015625
2001-07-04,8884.9912109375
2001-07-05,8787.5908203125
2001-07-06,8501.8916015625
2001-07-09,8526.19140625
2001-07-10,8465.0908203125
2001-07-11,8266.0908203125
2001-07-12,8166.69189453125
2001-07-13,8303.8916015625
2001-07-16,8296.0908203125
2001-07-17,8372.69140625
2001-07-18,8210.0908203125
2001-07-19,8354.19140625
2001-07-20,8304.0908203125
2001-07-23,8378.8916015625
2001-07-24,8373.791015625
2001-07-25,8153.49169921875
2001-07-26,8230.9912109375
2001-07-27,8216.9912109375
2001-07-30,8417.8916015625
2001-07-31,8479.9912109375
2001-08-01,8557.291015625
2001-08-02,8608.69140625
2001-08-03,8564.69140625
2001-08-06,8636.19140625
2001-08-07,8567.69140625
2001-08-08,8439.19140625
2001-08-09,8291.9912109375
2001-08-10,8202.9912109375
2001-08-13,8337.69140625
2001-08-14,8449.9912109375
2001-08-16,8322.8916015625
2001-08-17,8200.0908203125
2001-08-20,8190.29150390625
2001-08-21,8195.9912109375
2001-08-22,8305.5908203125
2001-08-23,8401.291015625
2001-08-24,8540.5908203125
2001-08-27,8515.5908203125
2001-08-28,8372.8916015625
2001-08-29,8425.291015625
2001-08-30,8232.0908203125
2001-08-31,8321.0908203125
2001-09-03,8152.99169921875
2001-09-04,8291.19140625
2001-09-05,8117.29150390625
2001-09-06,7904.6923828125
2001-09-07,7727.1923828125
2001-09-10,7678.6923828125
2001-09-12,7336.69287109375
2001-09-13,7338.69287109375
2001-09-14,6911.79296875
2001-09-17,7094.79248046875
2001-09-18,7043.79248046875
2001-09-19,6933.59326171875
2001-09-20,6725.29296875
2001-09-21,6498.3935546875
2001-09-24,6885.693359375
2001-09-25,7000.49267578125
2001-09-26,7050.892578125
2001-09-27,7197.892578125
2001-09-28,7313.99267578125
2001-10-01,7193.0927734375
2001-10-02,7309.892578125
2001-10-03,7244.99267578125
2001-10-04,7466.29248046875
2001-10-05,7169.29248046875
2001-10-08,7199.99267578125
2001-10-09,7278.392578125
2001-10-10,7529.59228515625
2001-10-11,7553.09228515625
2001-10-15,7511.89208984375
2001-10-16,7643.6923828125
2001-10-17,7918.59228515625
2001-10-18,7802.2919921875
2001-10-19,7590.6923828125
2001-10-22,7780.39208984375
2001-10-23,7963.091796875
2001-10-24,8096.69189453125
2001-10-25,7879.2919921875
2001-10-26,7958.29150390625
2001-10-29,7792.6923828125
2001-10-30,7562.4921875
2001-10-31,7774.2919921875
2001-11-01,7754.7919921875
2001-11-02,7677.4921875
2001-11-05,7925.9921875
2001-11-06,8017.79150390625
2001-11-07,8118.3916015625
2001-11-08,8363.291015625
2001-11-09,8221.9912109375
2001-11-12,8059.79150390625
2001-11-13,8383.0908203125
2001-11-14,8463.5908203125
2001-11-15,8500.291015625
2001-11-16,8536.5908203125
2001-11-19,8691.0908203125
2001-11-20,8540.5908203125
2001-11-21,8425.3916015625
2001-11-22,8506.0908203125
2001-11-23,8531.69140625
2001-11-26,8563.0908203125
2001-11-27,8439.291015625
2001-11-28,8348.291015625
2001-11-29,8272.8916015625
2001-11-30,8364.69140625
2001-12-03,8302.8916015625
2001-12-04,8514.5908203125
2001-12-05,8825.4912109375
2001-12-07,8703.19140625
2001-12-10,8559.8916015625
2001-12-11,8636.69140625
2001-12-12,8532.4912109375
2001-12-13,8319.4912109375
2001-12-14,8281.5908203125
2001-12-17,8543.0908203125
2001-12-18,8474.0908203125
2001-12-19,8326.9912109375
2001-12-20,8232.791015625
2001-12-21,8284.8916015625
2001-12-27,8434.8916015625
2001-12-28,8397.5908203125
2002-01-02,8377.0908203125
2002-01-03,8554.69140625
2002-01-04,8463.0908203125
2002-01-07,8177.29150390625
2002-01-08,8186.591796875
2002-01-09,8066.091796875
2002-01-10,7935.39208984375
2002-01-11,7983.091796875
2002-01-14,7800.2919921875
2002-01-15,7948.6923828125
2002-01-16,7804.09228515625
2002-01-17,7977.49169921875
2002-01-18,8008.79150390625
2002-01-21,7902.4921875
2002-01-22,8033.091796875
2002-01-23,8078.29150390625
2002-01-24,8213.291015625
2002-01-25,8184.99169921875
2002-01-28,8273.0908203125
2002-01-29,8178.3916015625
2002-01-30,8019.69189453125
2002-01-31,8050.3916015625
2002-02-01,8171.091796875
2002-02-04,8014.29150390625
2002-02-05,7852.6923828125
2002-02-06,7708.09228515625
2002-02-07,7872.39208984375
2002-02-08,7829.7919921875
2002-02-11,7819.6923828125
2002-02-12,7787.7919921875
2002-02-13,7867.1923828125
2002-02-14,8021.3916015625
2002-02-15,7920.39208984375
2002-02-18,7832.39208984375
2002-02-19,7708.59228515625
2002-02-20,7716.39208984375
2002-02-21,7736.4921875
2002-02-22,7662.39208984375
2002-02-25,7775.09228515625
2002-02-26,7846.9921875
2002-02-27,8101.3916015625
2002-02-28,8135.49169921875
2002-03-01,8230.69140625
2002-03-04,8384.9912109375
2002-03-05,8307.19140625
2002-03-06,8320.4912109375
2002-03-07,8382.19140625
2002-03-08,8369.69140625
2002-03-11,8317.8916015625
2002-03-12,8225.8916015625
2002-03-13,8198.9912109375
2002-03-14,8253.291015625
2002-03-15,8318.791015625
2002-03-18,8394.69140625
2002-03-19,8471.291015625
2002-03-20,8390.0908203125
2002-03-21,8334.3916015625
2002-03-22,8345.9912109375
2002-03-25,8167.19189453125
2002-03-26,8123.19189453125
2002-03-27,8157.99169921875
2002-03-28,8249.69140625
2002-04-02,8202.0908203125
2002-04-03,8236.0908203125
2002-04-04,8164.69189453125
2002-04-05,8170.091796875
2002-04-08,7976.091796875
2002-04-09,8038.49169921875
2002-04-10,8098.19189453125
2002-04-11,7971.091796875
2002-04-12,8027.29150390625
2002-04-15,8116.8916015625
2002-04-16,8353.4912109375
2002-04-17,8393.791015625
2002-04-18,8348.0908203125
2002-04-19,8420.3916015625
2002-04-22,8363.4912109375
2002-04-23,8356.8916015625
2002-04-24,8324.9912109375
2002-04-25,8171.091796875
2002-04-26,8181.99169921875
2002-04-29,8146.29150390625
2002-04-30,8154.3916015625
2002-05-02,8047.99169921875
2002-05-03,8018.99169921875
2002-05-06,7945.89208984375
2002-05-07,7910.6923828125
2002-05-08,8087.8916015625
2002-05-09,8041.3916015625
2002-05-10,7897.09228515625
2002-05-13,7998.091796875
2002-05-14,8103.591796875
2002-05-15,8162.091796875
2002-05-16,8088.091796875
2002-05-17,8090.591796875
2002-05-20,7999.99169921875
2002-05-21,7949.9921875
2002-05-22,7857.09228515625
2002-05-23,7902.09228515625
2002-05-24,7950.1923828125
2002-05-27,7992.99169921875
2002-05-28,7925.09228515625
2002-05-29,7946.6923828125
2002-05-30,7854.7919921875
2002-05-31,7949.89208984375
2002-06-03,7899.6923828125
2002-06-04,7666.9921875
2002-06-05,7619.09228515625
2002-06-06,7577.4921875
2002-06-07,7480.59228515625
2002-06-10,7483.09228515625
2002-06-11,7553.89208984375
2002-06-12,7387.5927734375
2002-06-13,7296.49267578125
2002-06-14,7128.19287109375
2002-06-17,7332.99267578125
2002-06-18,7350.79248046875
2002-06-19,7212.69287109375
2002-06-20,7060.29248046875
2002-06-21,6925.4931640625
2002-06-24,6651.39306640625
2002-06-25,6773.59326171875
2002-06-26,6683.39306640625
2002-06-27,6695.79296875
2002-06-28,6912.9931640625
2002-07-01,6893.59326171875
2002-07-02,6713.39306640625
2002-07-03,6592.193359375
2002-07-04,6686.59326171875
2002-07-05,7078.392578125
2002-07-08,7133.79248046875
2002-07-09,6997.69287109375
2002-07-10,6858.29296875
2002-07-11,6637.693359375
2002-07-12,6724.59326171875
2002-07-15,6420.8935546875
2002-07-16,6421.19384765625
2002-07-17,6660.59326171875
2002-07-18,6751.59326171875
2002-07-19,6420.3935546875
2002-07-22,6251.8935546875
2002-07-23,6158.59375
2002-07-24,6004.494140625
2002-07-25,6310.09375
2002-07-26,6303.3935546875
2002-07-29,6659.79296875
2002-07-30,6322.29345703125
2002-07-31,6249.29345703125
2002-08-01,6074.8935546875
2002-08-02,6114.09375
2002-08-05,5963.1943359375
2002-08-06,6168.59375
2002-08-07,6091.69384765625
2002-08-08,6396.09375
2002-08-09,6400.29345703125
2002-08-12,6221.09375
2002-08-13,6271.3935546875
2002-08-14,6104.59375
2002-08-16,6326.59375
2002-08-19,6582.9931640625
2002-08-20,6466.29345703125
2002-08-21,6528.09326171875
2002-08-22,6678.79296875
2002-08-23,6590.09326171875
2002-08-26,6534.09326171875
2002-08-27,6703.09326171875
2002-08-28,6472.69384765625
2002-08-29,6370.8935546875
2002-08-30,6435.69384765625
2002-09-02,6341.29345703125
2002-09-03,6141.8935546875
2002-09-04,6165.09375
2002-09-05,6080.3935546875
2002-09-06,6261.59375
2002-09-09,6143.29345703125
2002-09-10,6295.69384765625
2002-09-11,6491.99365234375
2002-09-12,6251.09375
2002-09-13,6141.29345703125
2002-09-16,6086.99365234375
2002-09-17,6081.99365234375
2002-09-18,5905.494140625
2002-09-19,5818.994140625
2002-09-20,5761.09423828125
2002-09-23,5580.09423828125
2002-09-24,5390.89453125
2002-09-25,5447.39453125
2002-09-26,5682.39404296875
2002-09-27,5630.59423828125
2002-09-30,5431.69482421875
2002-10-01,5368.5947265625
2002-10-02,5614.39404296875
2002-10-03,5551.6943359375
2002-10-04,5499.19482421875
2002-10-07,5464.29443359375
2002-10-08,5454.0947265625
2002-10-09,5364.49462890625
2002-10-10,5447.5947265625
2002-10-11,5660.994140625
2002-10-14,5603.2939453125
2002-10-15,5889.39404296875
2002-10-16,5865.39404296875
2002-10-17,6023.494140625
2002-10-18,6010.7939453125
2002-10-21,6031.3935546875
2002-10-22,6040.79345703125
2002-10-23,5881.39404296875
2002-10-24,6054.19384765625
2002-10-25,6092.49365234375
2002-10-28,6164.59375
2002-10-29,6005.89404296875
2002-10-30,6038.09375
2002-10-31,6139.3935546875
2002-11-04,6366.19384765625
2002-11-05,6369.09375
2002-11-06,6319.09375
2002-11-07,6115.59375
2002-11-08,6074.19384765625
2002-11-11,6059.99365234375
2002-11-12,6141.8935546875
2002-11-13,6133.49365234375
2002-11-14,6271.69384765625
2002-11-15,6250.79345703125
2002-11-18,6356.29345703125
2002-11-19,6299.29345703125
2002-11-20,6264.29345703125
2002-11-21,6498.8935546875
2002-11-22,6539.193359375
2002-11-25,6580.693359375
2002-11-26,6471.49365234375
2002-11-27,6700.09326171875
2002-11-28,6704.09326171875
2002-11-29,6685.59326171875
2002-12-02,6736.29296875
2002-12-03,6582.39306640625
2002-12-04,6512.79296875
2002-12-05,6425.29345703125
2002-12-09,6290.99365234375
2002-12-10,6332.09375
2002-12-11,6371.49365234375
2002-12-12,6251.59375
2002-12-13,6120.59375
2002-12-16,6311.3935546875
2002-12-17,6266.59375
2002-12-18,6155.79345703125
2002-12-19,6168.29345703125
2002-12-20,6207.99365234375
2002-12-23,6240.19384765625
2002-12-27,6081.29345703125
2002-12-30,6036.8935546875
2003-01-02,6283.99365234375
2003-01-03,6237.29345703125
2003-01-07,6349.29345703125
2003-01-08,6377.19384765625
2003-01-09,6432.99365234375
2003-01-10,6438.8935546875
2003-01-13,6534.693359375
2003-01-14,6589.193359375
2003-01-15,6566.79296875
2003-01-16,6610.59326171875
2003-01-17,6458.19384765625
2003-01-20,6390.79345703125
2003-01-21,6346.29345703125
2003-01-22,6249.69384765625
2003-01-23,6310.19384765625
2003-01-24,6268.8935546875
2003-01-27,6022.39404296875
2003-01-28,5955.39404296875
2003-01-29,5940.994140625
2003-01-30,6019.59423828125
2003-01-31,5947.6943359375
2003-02-03,6017.1943359375
2003-02-04,5872.89404296875
2003-02-05,6002.59423828125
2003-02-06,5885.59423828125
2003-02-07,5809.2939453125
2003-02-10,5787.59423828125
2003-02-11,5923.2939453125
2003-02-12,5840.1943359375
2003-02-13,5817.59423828125
2003-02-14,5972.7939453125
2003-02-17,6082.8935546875
2003-02-18,6164.99365234375
2003-02-19,6036.79345703125
2003-02-20,5989.2939453125
2003-02-21,6043.19384765625
2003-02-24,5952.09423828125
2003-02-25,5803.1943359375
2003-02-26,5781.994140625
2003-02-27,5887.6943359375
2003-02-28,5999.39404296875
2003-03-03,5987.1943359375
2003-03-04,5861.7939453125
2003-03-05,5879.7939453125
2003-03-06,5816.89404296875
2003-03-07,5716.494140625
2003-03-10,5569.39404296875
2003-03-11,5606.39404296875
2003-03-12,5452.39453125
2003-03-13,5670.6943359375
2003-03-14,5904.89404296875
2003-03-17,6064.49365234375
2003-03-18,6089.59375
2003-03-19,6171.29345703125
2003-03-20,6102.09375
2003-03-21,6257.99365234375
2003-03-24,6004.994140625
2003-03-25,6123.79345703125
2003-03-26,6142.79345703125
2003-03-27,6022.39404296875
2003-03-28,6029.19384765625
2003-03-31,5870.494140625
2003-04-01,5953.1943359375
2003-04-02,6174.49365234375
2003-04-03,6237.99365234375
2003-04-04,6324.09375
2003-04-07,6454.19384765625
2003-04-08,6397.29345703125
2003-04-09,6468.49365234375
2003-04-10,6407.79345703125
2003-04-11,6442.29345703125
2003-04-14,6488.59375
2003-04-15,6560.79296875
2003-04-16,6503.09375
2003-04-17,6574.39306640625
2003-04-22,6577.59326171875
2003-04-23,6587.39306640625
2003-04-24,6526.89306640625
2003-04-25,6492.49365234375
2003-04-28,6607.79296875
2003-04-29,6557.193359375
2003-04-30,6489.49365234375
2003-05-02,6456.3935546875
2003-05-05,6491.29345703125
2003-05-06,6568.693359375
2003-05-07,6428.99365234375
2003-05-08,6300.49365234375
2003-05-09,6387.79345703125
2003-05-12,6394.99365234375
2003-05-13,6375.99365234375
2003-05-14,6363.3935546875
2003-05-15,6413.79345703125
2003-05-16,6481.49365234375
2003-05-19,6279.59375
2003-05-20,6298.09375
2003-05-21,6198.8935546875
2003-05-22,6317.8935546875
2003-05-23,6346.19384765625
2003-05-26,6338.19384765625
2003-05-27,6363.59375
2003-05-28,6472.8935546875
2003-05-29,6482.99365234375
2003-05-30,6508.4931640625
2003-06-02,6595.39306640625
2003-06-03,6562.89306640625
2003-06-04,6637.693359375
2003-06-05,6591.09326171875
2003-06-06,6717.693359375
2003-06-09,6670.09326171875
2003-06-10,6696.79296875
2003-06-11,6791.193359375
2003-06-12,6849.09326171875
2003-06-13,6857.193359375
2003-06-16,6960.89306640625
2003-06-17,6977.09326171875
2003-06-18,7015.79248046875
2003-06-19,6908.59326171875
2003-06-20,7081.5927734375
2003-06-23,6919.693359375
2003-06-24,6871.39306640625
2003-06-25,6941.29296875
2003-06-26,6944.59326171875
2003-06-27,6970.09326171875
2003-06-30,6861.9931640625
2003-07-01,6739.09326171875
2003-07-02,6830.89306640625
2003-07-03,6795.29296875
2003-07-04,6800.39306640625
2003-07-07,6944.59326171875
2003-07-08,6965.693359375
2003-07-09,6915.693359375
2003-07-10,6838.4931640625
2003-07-11,6968.59326171875
2003-07-14,7045.99267578125
2003-07-15,6999.99267578125
2003-07-16,6932.79296875
2003-07-17,6945.29296875
2003-07-18,6900.39306640625
2003-07-21,6825.193359375
2003-07-22,6862.39306640625
2003-07-23,6867.9931640625
2003-07-24,6981.09326171875
2003-07-25,6903.79296875
2003-07-28,6996.69287109375
2003-07-29,6923.9931640625
2003-07-30,6984.29296875
2003-07-31,7061.69287109375
2003-08-01,6995.392578125
2003-08-04,6944.9931640625
2003-08-05,6991.29248046875
2003-08-06,6924.29296875
2003-08-07,6900.29296875
2003-08-08,6930.79296875
2003-08-11,6965.39306640625
2003-08-12,7015.29248046875
2003-08-13,6998.19287109375
2003-08-14,7110.29248046875
2003-08-18,7170.69287109375
2003-08-19,7192.392578125
2003-08-20,7179.79248046875
2003-08-21,7214.892578125
2003-08-22,7205.892578125
2003-08-25,7166.392578125
2003-08-26,7129.99267578125
2003-08-27,7143.29248046875
2003-08-28,7175.0927734375
2003-08-29,7111.29248046875
2003-09-01,7194.392578125
2003-09-02,7203.892578125
2003-09-03,7291.69287109375
2003-09-04,7265.69287109375
2003-09-05,7230.5927734375
2003-09-08,7286.99267578125
2003-09-09,7219.99267578125
2003-09-10,7115.99267578125
2003-09-11,7113.392578125
2003-09-12,7022.892578125
2003-09-15,7057.5927734375
2003-09-16,7131.99267578125
2003-09-17,7146.69287109375
2003-09-18,7195.69287109375
2003-09-19,7102.69287109375
2003-09-22,6953.29296875
2003-09-23,6953.09326171875
2003-09-24,6908.9931640625
2003-09-25,6895.693359375
2003-09-26,6809.39306640625
2003-09-29,6771.9931640625
2003-09-30,6703.59326171875
2003-10-01,6750.9931640625
2003-10-02,6762.39306640625
2003-10-03,6922.29296875
2003-10-06,6894.193359375
2003-10-07,6894.09326171875
2003-10-08,6924.29296875
2003-10-09,7019.0927734375
2003-10-10,6974.693359375
2003-10-13,7063.0927734375
2003-10-14,7040.69287109375
2003-10-15,7043.49267578125
2003-10-16,7034.29248046875
2003-10-17,6993.5927734375
2003-10-20,6984.79296875
2003-10-21,7007.392578125
2003-10-22,6914.59326171875
2003-10-23,6879.89306640625
2003-10-24,6868.9931640625
2003-10-27,6950.9931640625
2003-10-28,7023.79248046875
2003-10-29,7030.392578125
2003-10-30,7119.0927734375
2003-10-31,7129.49267578125
2003-11-03,7215.29248046875
2003-11-04,7199.69287109375
2003-11-05,7196.0927734375
2003-11-06,7228.0927734375
2003-11-07,7267.79248046875
2003-11-10,7222.892578125
2003-11-11,7191.392578125
2003-11-12,7246.69287109375
2003-11-13,7258.79248046875
2003-11-14,7293.79248046875
2003-11-17,7133.99267578125
2003-11-18,7127.29248046875
2003-11-19,7131.49267578125
2003-11-20,7111.5927734375
2003-11-21,7144.99267578125
2003-11-24,7243.79248046875
2003-11-25,7251.892578125
2003-11-26,7227.392578125
2003-11-27,7249.892578125
2003-11-28,7252.49267578125
2003-12-01,7372.29248046875
2003-12-02,7348.69287109375
2003-12-03,7384.29248046875
2003-12-04,7367.0927734375
2003-12-05,7348.0927734375
2003-12-09,7390.99267578125
2003-12-10,7358.79248046875
2003-12-11,7432.19287109375
2003-12-12,7434.392578125
2003-12-15,7471.7919921875
2003-12-16,7486.9921875
2003-12-17,7506.2919921875
2003-12-18,7585.4921875
2003-12-19,7617.59228515625
2003-12-22,7619.09228515625
2003-12-23,7696.4921875
2003-12-29,7760.39208984375
2003-12-30,7737.1923828125
2004-01-02,7879.1923828125
2004-01-05,7911.39208984375
2004-01-07,7913.6923828125
2004-01-08,7943.39208984375
2004-01-09,7924.59228515625
2004-01-12,7934.59228515625
2004-01-13,7946.09228515625
2004-01-14,7978.091796875
2004-01-15,7957.29150390625
2004-01-16,7979.29150390625
2004-01-19,8016.29150390625
2004-01-20,7987.8916015625
2004-01-21,8051.8916015625
2004-01-22,8101.29150390625
2004-01-23,8114.49169921875
2004-01-26,8031.3916015625
2004-01-27,8061.091796875
2004-01-28,8116.3916015625
2004-01-29,8013.091796875
2004-01-30,7929.89208984375
2004-02-02,7958.591796875
2004-02-03,7960.29150390625
2004-02-04,7888.7919921875
2004-02-05,7949.09228515625
2004-02-06,8024.8916015625
2004-02-09,8135.19189453125
2004-02-10,8171.8916015625
2004-02-11,8197.19140625
2004-02-12,8242.291015625
2004-02-13,8199.5908203125
2004-02-16,8226.4912109375
2004-02-17,8258.8916015625
2004-02-18,8282.9912109375
2004-02-19,8340.5908203125
2004-02-20,8237.791015625
2004-02-23,8245.19140625
2004-02-24,8159.591796875
2004-02-25,8173.591796875
2004-02-26,8160.19189453125
2004-02-27,8249.3916015625
2004-03-01,8300.3916015625
2004-03-02,8353.9912109375
2004-03-03,8280.3916015625
2004-03-04,8337.8916015625
2004-03-05,8346.0908203125
2004-03-08,8369.69140625
2004-03-09,8286.69140625
2004-03-10,8292.8916015625
2004-03-11,8112.3916015625
2004-03-12,8032.591796875
2004-03-15,7699.09228515625
2004-03-16,7810.6923828125
2004-03-17,7948.09228515625
2004-03-18,7820.39208984375
2004-03-19,7879.09228515625
2004-03-22,7727.7919921875
2004-03-23,7768.2919921875
2004-03-24,7752.89208984375
2004-03-25,7914.7919921875
2004-03-26,7952.79150390625
2004-03-29,8021.091796875
2004-03-30,8004.19189453125
2004-03-31,8018.091796875
2004-04-01,8097.8916015625
2004-04-02,8269.69140625
2004-04-05,8285.8916015625
2004-04-06,8281.791015625
2004-04-07,8294.791015625
2004-04-08,8390.0908203125
2004-04-13,8444.291015625
2004-04-14,8351.9912109375
2004-04-15,8310.3916015625
2004-04-16,8387.8916015625
2004-04-19,8340.3916015625
2004-04-20,8375.19140625
2004-04-21,8282.0908203125
2004-04-22,8293.5908203125
2004-04-23,8331.69140625
2004-04-26,8362.8916015625
2004-04-27,8358.9912109375
2004-04-28,8232.69140625
2004-04-29,8159.3916015625
2004-04-30,8109.49169921875
2004-05-03,8170.591796875
2004-05-04,8151.591796875
2004-05-05,8235.791015625
2004-05-06,8119.29150390625
2004-05-07,8026.99169921875
2004-05-10,7815.09228515625
2004-05-11,7908.9921875
2004-05-12,7828.9921875
2004-05-13,7866.39208984375
2004-05-14,7779.6923828125
2004-05-17,7671.89208984375
2004-05-18,7724.89208984375
2004-05-19,7899.9921875
2004-05-20,7817.1923828125
2004-05-21,7806.4921875
2004-05-24,7883.89208984375
2004-05-25,7841.4921875
2004-05-26,7926.09228515625
2004-05-27,7965.3916015625
2004-05-28,7951.591796875
2004-05-31,7959.29150390625
2004-06-01,7848.39208984375
2004-06-02,7908.6923828125
2004-06-03,7901.89208984375
2004-06-04,8010.69189453125
2004-06-07,8108.99169921875
2004-06-08,8103.69189453125
2004-06-09,8075.19189453125
2004-06-10,8097.69189453125
2004-06-11,8062.29150390625
2004-06-14,7965.19189453125
2004-06-15,8028.591796875
2004-06-16,8069.29150390625
2004-06-17,8102.8916015625
2004-06-18,8109.19189453125
2004-06-21,8129.29150390625
2004-06-22,8056.49169921875
2004-06-23,8107.19189453125
2004-06-24,8162.591796875
2004-06-25,8120.49169921875
2004-06-28,8184.3916015625
2004-06-29,8131.19189453125
2004-06-30,8078.29150390625
2004-07-01,8085.29150390625
2004-07-02,8034.591796875
2004-07-05,8060.29150390625
2004-07-06,8022.79150390625
2004-07-07,8063.79150390625
2004-07-08,8084.99169921875
2004-07-09,8047.49169921875
2004-07-12,8053.591796875
2004-07-13,8076.49169921875
2004-07-14,8029.591796875
2004-07-15,7983.091796875
2004-07-16,8010.8916015625
2004-07-19,7981.3916015625
2004-07-20,7989.99169921875
2004-07-21,8031.3916015625
2004-07-22,7925.1923828125
2004-07-23,7848.7919921875
2004-07-26,7740.89208984375
2004-07-27,7842.2919921875
2004-07-28,7809.09228515625
2004-07-29,7872.7919921875
2004-07-30,7919.2919921875
2004-08-02,7868.9921875
2004-08-03,7894.1923828125
2004-08-04,7812.2919921875
2004-08-05,7836.4921875
2004-08-06,7680.9921875
2004-08-09,7633.59228515625
2004-08-10,7654.6923828125
2004-08-11,7607.6923828125
2004-08-12,7624.1923828125
2004-08-13,7578.2919921875
2004-08-17,7670.6923828125
2004-08-18,7709.09228515625
2004-08-19,7734.4921875
2004-08-20,7707.09228515625
2004-08-23,7788.89208984375
2004-08-24,7792.6923828125
2004-08-25,7784.09228515625
2004-08-26,7838.1923828125
2004-08-27,7882.2919921875
2004-08-30,7881.6923828125
2004-08-31,7869.4921875
2004-09-01,7938.89208984375
2004-09-02,7983.8916015625
2004-09-03,8061.091796875
2004-09-06,8107.591796875
2004-09-07,8112.091796875
2004-09-08,8096.3916015625
2004-09-09,8039.091796875
2004-09-10,8055.8916015625
2004-09-13,8120.091796875
2004-09-14,8091.79150390625
2004-09-15,8060.69189453125
2004-09-16,8078.79150390625
2004-09-17,8085.29150390625
2004-09-20,8053.49169921875
2004-09-21,8071.091796875
2004-09-22,8021.69189453125
2004-09-23,7990.8916015625
2004-09-24,7986.091796875
2004-09-27,7939.6923828125
2004-09-28,7988.29150390625
2004-09-29,8047.99169921875
2004-09-30,8029.19189453125
2004-10-01,8220.5908203125
2004-10-04,8304.8916015625
2004-10-05,8305.291015625
2004-10-06,8323.5908203125
2004-10-07,8332.69140625
2004-10-08,8323.19140625
2004-10-11,8301.69140625
2004-10-13,8296.3916015625
2004-10-14,8255.4912109375
2004-10-15,8261.0908203125
2004-10-18,8266.9912109375
2004-10-19,8347.69140625
2004-10-20,8288.5908203125
2004-10-21,8345.5908203125
2004-10-22,8372.3916015625
2004-10-25,8230.19140625
2004-10-26,8232.4912109375
2004-10-27,8338.3916015625
2004-10-28,8435.3916015625
2004-10-29,8418.291015625
2004-11-02,8506.0908203125
2004-11-03,8525.69140625
2004-11-04,8533.791015625
2004-11-05,8570.5908203125
2004-11-08,8578.0908203125
2004-11-09,8549.5908203125
2004-11-10,8527.8916015625
2004-11-11,8558.4912109375
2004-11-12,8549.9912109375
2004-11-15,8520.0908203125
2004-11-16,8458.19140625
2004-11-17,8623.9912109375
2004-11-18,8636.291015625
2004-11-19,8625.8916015625
2004-11-22,8603.3916015625
2004-11-23,8607.19140625
2004-11-24,8667.9912109375
2004-11-25,8755.3916015625
2004-11-26,8739.19140625
2004-11-29,8715.4912109375
2004-11-30,8692.9912109375
2004-12-01,8773.8916015625
2004-12-02,8811.3916015625
2004-12-03,8787.8916015625
2004-12-07,8818.3916015625
2004-12-09,8775.5908203125
2004-12-10,8827.19140625
2004-12-13,8887.8916015625
2004-12-14,8893.791015625
2004-12-15,8871.19140625
2004-12-16,8898.791015625
2004-12-17,8865.9912109375
2004-12-20,8894.4912109375
2004-12-21,8941.791015625
2004-12-22,9024.9912109375
2004-12-23,9054.19140625
2004-12-27,9050.69140625
2004-12-28,9077.0908203125
2004-12-29,9100.69140625
2004-12-30,9080.791015625
2005-01-03,9124.0908203125
2005-01-04,9119.9912109375
2005-01-05,9024.3916015625
2005-01-07,9041.0908203125
2005-01-10,9028.4912109375
2005-01-11,8966.3916015625
2005-01-12,8945.69140625
2005-01-13,9016.791015625
2005-01-14,9025.0908203125
2005-01-17,9094.3916015625
2005-01-18,9096.8916015625
2005-01-19,9087.5908203125
2005-01-20,9017.69140625
2005-01-21,8999.3916015625
2005-01-24,8967.0908203125
2005-01-25,9033.19140625
2005-01-26,9058.0908203125
2005-01-27,9125.291015625
2005-01-28,9139.3916015625
2005-01-31,9223.890625
2005-02-01,9256.990234375
2005-02-02,9306.990234375
2005-02-03,9310.390625
2005-02-04,9422.490234375
2005-02-07,9461.6904296875
2005-02-08,9479.1904296875
2005-02-09,9450.7900390625
2005-02-10,9451.1904296875
2005-02-11,9588.2900390625
2005-02-14,9584.990234375
2005-02-15,9634.2900390625
2005-02-16,9575.58984375
2005-02-17,9585.6904296875
2005-02-18,9570.08984375
2005-02-21,9464.58984375
2005-02-22,9350.2900390625
2005-02-23,9354.08984375
2005-02-24,9352.58984375
2005-02-25,9439.6904296875
2005-02-28,9390.990234375
2005-03-01,9472.2900390625
2005-03-02,9443.58984375
2005-03-03,9418.7900390625
2005-03-04,9537.990234375
2005-03-07,9545.890625
2005-03-08,9480.1904296875
2005-03-09,9410.2900390625
2005-03-10,9319.390625
2005-03-11,9330.1904296875
2005-03-14,9296.490234375
2005-03-15,9354.6904296875
2005-03-16,9201.1904296875
2005-03-17,9235.7900390625
2005-03-18,9263.890625
2005-03-21,9225.390625
2005-03-22,9299.1904296875
2005-03-23,9252.08984375
2005-03-24,9309.2900390625
2005-03-29,9324.08984375
2005-03-30,9280.08984375
2005-03-31,9258.7900390625
2005-04-01,9289.490234375
2005-04-04,9205.990234375
2005-04-05,9298.08984375
2005-04-06,9382.08984375
2005-04-07,9392.390625
2005-04-08,9385.7900390625
2005-04-11,9334.7900390625
2005-04-12,9303.08984375
2005-04-13,9373.890625
2005-04-14,9364.490234375
2005-04-15,9155.19140625
2005-04-18,9025.791015625
2005-04-19,9046.19140625
2005-04-20,9016.5908203125
2005-04-21,9018.69140625
2005-04-22,9096.3916015625
2005-04-25,9106.19140625
2005-04-26,9083.69140625
2005-04-27,8984.9912109375
2005-04-28,8985.3916015625
2005-04-29,9001.5908203125
2005-05-02,9119.8916015625
2005-05-03,9168.2900390625
2005-05-04,9195.6904296875
2005-05-05,9235.490234375
2005-05-06,9263.08984375
2005-05-09,9223.490234375
2005-05-10,9146.0908203125
2005-05-11,9149.8916015625
2005-05-12,9213.08984375
2005-05-13,9222.490234375
2005-05-16,9217.6904296875
2005-05-17,9213.2900390625
2005-05-18,9364.1904296875
2005-05-19,9400.08984375
2005-05-20,9368.490234375
2005-05-23,9396.990234375
2005-05-24,9372.390625
2005-05-25,9351.2900390625
2005-05-26,9417.890625
2005-05-27,9381.490234375
2005-05-30,9466.7900390625
2005-05-31,9427.08984375
2005-06-01,9550.7900390625
2005-06-02,9539.6904296875
2005-06-03,9497.6904296875
2005-06-06,9449.390625
2005-06-07,9535.490234375
2005-06-08,9487.6904296875
2005-06-09,9493.990234375
2005-06-10,9561.490234375
2005-06-13,9579.1904296875
2005-06-14,9614.390625
2005-06-15,9563.58984375
2005-06-16,9624.6904296875
2005-06-17,9682.2900390625
2005-06-20,9659.490234375
2005-06-21,9712.490234375
2005-06-22,9726.1904296875
2005-06-23,9769.58984375
2005-06-24,9677.390625
2005-06-27,9622.890625
2005-06-28,9682.490234375
2005-06-29,9769.1904296875
2005-06-30,9783.1904296875
2005-07-01,9829.08984375
2005-07-04,9814.990234375
2005-07-05,9807.390625
2005-07-06,9832.490234375
2005-07-07,9644.390625
2005-07-08,9793.1904296875
2005-07-11,9876.2900390625
2005-07-12,9873.390625
2005-07-13,9937.7900390625
2005-07-14,9965.1904296875
2005-07-15,9943.7900390625
2005-07-18,9960.990234375
2005-07-19,10044.990234375
2005-07-20,10006.990234375
2005-07-21,10021.490234375
2005-07-22,10018.7900390625
2005-07-25,10017.08984375
2005-07-26,10043.2900390625
2005-07-27,10088.6904296875
2005-07-28,10128.7890625
2005-07-29,10115.58984375
2005-08-01,10068.890625
2005-08-02,10113.890625
2005-08-03,10149.689453125
2005-08-04,10074.2900390625
2005-08-05,10045.390625
2005-08-08,10115.490234375
2005-08-09,10145.5888671875
2005-08-10,10229.189453125
2005-08-11,10222.0888671875
2005-08-12,10187.189453125
2005-08-15,10184.8896484375
2005-08-16,10139.7890625
2005-08-17,10094.08984375
2005-08-18,10037.890625
2005-08-19,10132.8896484375
2005-08-22,10174.7890625
2005-08-23,10104.08984375
2005-08-24,10078.890625
2005-08-25,9983.1904296875
2005-08-26,9904.7900390625
2005-08-29,9938.490234375
2005-08-30,9922.2900390625
2005-08-31,10008.890625
2005-09-01,10134.0888671875
2005-09-02,10144.9892578125
2005-09-05,10250.8896484375
2005-09-06,10373.189453125
2005-09-07,10407.9892578125
2005-09-08,10441.189453125
2005-09-09,10486.5888671875
2005-09-12,10494.689453125
2005-09-13,10429.7890625
2005-09-14,10459.0888671875
2005-09-15,10475.689453125
2005-09-16,10532.0888671875
2005-09-19,10535.9892578125
2005-09-20,10583.3896484375
2005-09-21,10500.2890625
2005-09-22,10536.5888671875
2005-09-23,10631.189453125
2005-09-26,10724.8896484375
2005-09-27,10678.4892578125
2005-09-28,10801.689453125
2005-09-29,10780.5888671875
2005-09-30,10813.8896484375
2005-10-03,10880.689453125
2005-10-04,10919.189453125
2005-10-05,10823.0888671875
2005-10-06,10750.8896484375
2005-10-07,10732.3896484375
2005-10-10,10800.5888671875
2005-10-11,10810.189453125
2005-10-12,10721.7890625
2005-10-13,10567.0888671875
2005-10-14,10629.2890625
2005-10-17,10629.4892578125
2005-10-18,10529.8896484375
2005-10-19,10402.4892578125
2005-10-20,10382.2890625
2005-10-21,10368.7890625
2005-10-24,10534.4892578125
2005-10-25,10476.5888671875
2005-10-26,10473.3896484375
2005-10-27,10328.5888671875
2005-10-28,10339.4892578125
2005-10-31,10493.7890625
2005-11-01,10427.189453125
2005-11-02,10424.4892578125
2005-11-03,10476.8896484375
2005-11-04,10412.2890625
2005-11-07,10420.8896484375
2005-11-08,10440.189453125
2005-11-09,10456.2890625
2005-11-10,10438.3896484375
2005-11-11,10510.2890625
2005-11-14,10504.5888671875
2005-11-15,10456.2890625
2005-11-16,10391.689453125
2005-11-17,10445.189453125
2005-11-18,10527.0888671875
2005-11-21,10535.0888671875
2005-11-22,10522.8896484375
2005-11-23,10626.689453125
2005-11-24,10634.189453125
2005-11-25,10656.2890625
2005-11-28,10618.7890625
2005-11-29,10620.0888671875
2005-11-30,10557.7890625
2005-12-01,10678.689453125
2005-12-02,10649.7890625
2005-12-05,10532.0888671875
2005-12-06,10539.2890625
2005-12-07,10506.5888671875
2005-12-08,10495.7890625
2005-12-09,10489.2890625
2005-12-12,10539.9892578125
2005-12-13,10533.5888671875
2005-12-14,10502.3896484375
2005-12-15,10483.4892578125
2005-12-16,10555.2890625
2005-12-19,10528.2890625
2005-12-20,10572.2890625
2005-12-21,10682.689453125
2005-12-22,10701.2890625
2005-12-23,10723.8896484375
2005-12-27,10772.689453125
2005-12-28,10769.4892578125
2005-12-29,10778.0888671875
2005-12-30,10733.8896484375
2006-01-02,10786.689453125
2006-01-03,10818.0888671875
2006-01-04,10895.7890625
2006-01-05,10913.5888671875
2006-01-06,10913.5888671875
2006-01-09,10962.4892578125
2006-01-10,10869.8896484375
2006-01-11,10966.189453125
2006-01-12,10955.7890625
2006-01-13,10850.689453125
2006-01-16,10898.3896484375
2006-01-17,10806.2890625
2006-01-18,10708.0888671875
2006-01-19,10821.4892578125
2006-01-20,10740.8896484375
2006-01-23,10712.189453125
2006-01-24,10665.5888671875
2006-01-25,10824.0888671875
2006-01-26,10890.189453125
2006-01-27,11023.189453125
2006-01-30,11037.9892578125
2006-01-31,11104.2880859375
2006-02-01,11221.087890625
2006-02-02,11135.98828125
2006-02-03,11175.7880859375
2006-02-06,11187.48828125
2006-02-07,11175.087890625
2006-02-08,11202.587890625
2006-02-09,11344.888671875
2006-02-10,11312.587890625
2006-02-13,11395.48828125
2006-02-14,11395.888671875
2006-02-15,11377.388671875
2006-02-16,11447.1884765625
2006-02-17,11491.2880859375
2006-02-20,11535.587890625
2006-02-21,11626.888671875
2006-02-22,11755.2880859375
2006-02-23,11738.98828125
2006-02-24,11786.888671875
2006-02-27,11832.7880859375
2006-02-28,11740.6884765625
2006-03-01,11902.1884765625
2006-03-02,11809.587890625
2006-03-03,11755.6884765625
2006-03-06,11759.087890625
2006-03-07,11701.2880859375
2006-03-08,11629.1884765625
2006-03-09,11699.587890625
2006-03-10,11771.7880859375
2006-03-13,11845.388671875
2006-03-14,11834.98828125
2006-03-15,11845.6884765625
2006-03-16,11862.48828125
2006-03-17,11872.888671875
2006-03-20,11921.98828125
2006-03-21,11933.388671875
2006-03-22,11951.587890625
2006-03-23,11906.1884765625
2006-03-24,11954.388671875
2006-03-27,11839.587890625
2006-03-28,11774.1884765625
2006-03-29,11817.2880859375
2006-03-30,11869.7880859375
2006-03-31,11854.2880859375
2006-04-03,11919.98828125
2006-04-04,11893.7880859375
2006-04-05,11916.388671875
2006-04-06,11908.1884765625
2006-04-07,11816.6884765625
2006-04-10,11817.48828125
2006-04-11,11674.587890625
2006-04-12,11601.6884765625
2006-04-13,11609.388671875
2006-04-18,11584.98828125
2006-04-19,11720.087890625
2006-04-20,11782.587890625
2006-04-21,11913.7880859375
2006-04-24,11901.2880859375
2006-04-25,11920.48828125
2006-04-26,11925.587890625
2006-04-27,11891.2880859375
2006-04-28,11892.48828125
2006-05-02,11929.2880859375
2006-05-03,11876.48828125
2006-05-04,11928.48828125
2006-05-05,12034.388671875
2006-05-08,12067.6875
2006-05-09,12083.287109375
2006-05-10,12064.787109375
2006-05-11,12008.388671875
2006-05-12,11710.1884765625
2006-05-15,11587.6884765625
2006-05-16,11595.888671875
2006-05-17,11248.1884765625
2006-05-18,11210.2880859375
2006-05-19,11270.7880859375
2006-05-22,10950.189453125
2006-05-23,11160.6884765625
2006-05-24,11047.189453125
2006-05-25,11208.1884765625
2006-05-26,11414.7880859375
2006-05-29,11371.388671875
2006-05-30,11165.587890625
2006-05-31,11340.48828125
2006-06-01,11346.388671875
2006-06-02,11360.6884765625
2006-06-05,11287.7880859375
2006-06-06,11111.98828125
2006-06-07,11224.6884765625
2006-06-08,10952.5888671875
2006-06-09,11098.1884765625
2006-06-12,11031.3896484375
2006-06-13,10797.4892578125
2006-06-14,10851.9892578125
2006-06-15,11036.2890625
2006-06-16,10962.7890625
2006-06-19,11056.7890625
2006-06-20,11103.48828125
2006-06-21,11155.388671875
2006-06-22,11246.2880859375
2006-06-23,11274.1884765625
2006-06-26,11276.587890625
2006-06-27,11214.48828125
2006-06-28,11188.7880859375
2006-06-29,11386.587890625
2006-06-30,11548.087890625
2006-07-03,11569.587890625
2006-07-04,11603.087890625
2006-07-05,11521.1884765625
2006-07-06,11636.7880859375
2006-07-07,11626.6884765625
2006-07-10,11649.48828125
2006-07-11,11535.1884765625
2006-07-12,11537.2880859375
2006-07-13,11374.98828125
2006-07-14,11240.1884765625
2006-07-17,11179.388671875
2006-07-18,11160.98828125
2006-07-19,11425.6884765625
2006-07-20,11446.388671875
2006-07-21,11333.888671875
2006-07-24,11561.587890625
2006-07-25,11611.888671875
2006-07-26,11635.1884765625
2006-07-27,11768.388671875
2006-07-28,11887.388671875
2006-07-31,11817.98828125
2006-08-01,11706.587890625
2006-08-02,11862.98828125
2006-08-03,11800.6884765625
2006-08-04,11934.087890625
2006-08-07,11790.48828125
2006-08-08,11833.98828125
2006-08-09,11911.587890625
2006-08-10,11810.388671875
2006-08-11,11777.2880859375
2006-08-14,11903.2880859375
2006-08-15,11991.2880859375
2006-08-16,12045.888671875
2006-08-17,12087.787109375
2006-08-18,12067.787109375
2006-08-21,12054.8876953125
2006-08-22,12080.787109375
2006-08-23,12012.6884765625
2006-08-24,12055.9873046875
2006-08-25,12042.888671875
2006-08-28,12116.5869140625
2006-08-29,12146.5869140625
2006-08-30,12171.8876953125
2006-08-31,12144.6875
2006-09-01,12192.9873046875
2006-09-04,12278.5869140625
2006-09-05,12212.3876953125
2006-09-06,12102.8876953125
2006-09-07,12014.48828125
2006-09-08,12081.6875
2006-09-11,12055.1875
2006-09-12,12164.8876953125
2006-09-13,12206.8876953125
2006-09-14,12214.4873046875
2006-09-15,12278.3876953125
2006-09-18,12287.787109375
2006-09-19,12240.8876953125
2006-09-20,12426.0869140625
2006-09-21,12476.8876953125
2006-09-22,12389.4873046875
2006-09-25,12393.287109375
2006-09-26,12617.3876953125
2006-09-27,12949.9873046875
2006-09-28,12930.1875
2006-09-29,12934.6875
2006-10-02,12915.8876953125
2006-10-03,12860.4873046875
2006-10-04,12982.5869140625
2006-10-05,13116.38671875
2006-10-06,13152.0859375
2006-10-09,13143.486328125
2006-10-10,13234.486328125
2006-10-11,13260.88671875
2006-10-12,13406.88671875
2006-10-13,13454.486328125
2006-10-16,13476.5859375
2006-10-17,13245.2861328125
2006-10-18,13398.1865234375
2006-10-19,13463.6865234375
2006-10-20,13557.986328125
2006-10-23,13620.6865234375
2006-10-24,13579.7861328125
2006-10-25,13636.2861328125
2006-10-26,13633.0859375
2006-10-27,13725.7861328125
2006-10-30,13713.1865234375
2006-10-31,13752.986328125
2006-11-01,13772.5859375
2006-11-02,13719.2861328125
2006-11-03,13794.6865234375
2006-11-06,13968.486328125
2006-11-07,14058.28515625
2006-11-08,14090.3857421875
2006-11-09,14111.3857421875
2006-11-10,14002.3857421875
2006-11-13,14091.8857421875
2006-11-14,14113.185546875
2006-11-15,14174.28515625
2006-11-16,14241.28515625
2006-11-17,14169.9853515625
2006-11-20,14255.9853515625
2006-11-21,14228.0849609375
2006-11-22,14294.5849609375
2006-11-23,14284.3857421875
2006-11-24,14088.0849609375
2006-11-27,13786.7861328125
2006-11-28,13732.0859375
2006-11-29,13977.9853515625
2006-11-30,13849.2861328125
2006-12-01,13660.5859375
2006-12-04,13846.38671875
2006-12-05,14032.4853515625
2006-12-06,14007.0849609375
2006-12-07,14062.78515625
2006-12-08,14076.5849609375
2006-12-11,14209.5849609375
2006-12-12,14200.185546875
2006-12-13,14327.4853515625
2006-12-14,14351.8857421875
2006-12-15,14387.5849609375
2006-12-18,14317.4853515625
2006-12-19,14176.78515625
2006-12-20,14201.685546875
2006-12-21,14150.3857421875
2006-12-22,14066.0849609375
2006-12-27,14199.3857421875
2006-12-28,14160.78515625
2006-12-29,14146.4853515625
2007-01-02,14364.3857421875
2007-01-03,14375.0849609375
2007-01-04,14382.3857421875
2007-01-05,14304.685546875
2007-01-08,14322.28515625
2007-01-09,14311.4853515625
2007-01-10,14116.0849609375
2007-01-11,14328.78515625
2007-01-12,14368.185546875
2007-01-15,14416.685546875
2007-01-16,14355.5849609375
2007-01-17,14294.9853515625
2007-01-18,14265.28515625
2007-01-19,14397.8857421875
2007-01-22,14359.685546875
2007-01-23,14368.5849609375
2007-01-24,14540.685546875
2007-01-25,14537.28515625
2007-01-26,14415.3857421875
2007-01-29,14506.9853515625
2007-01-30,14553.3857421875
2007-01-31,14553.185546875
2007-02-01,14571.4853515625
2007-02-02,14631.185546875
2007-02-05,14616.685546875
2007-02-06,14703.185546875
2007-02-07,14854.5849609375
2007-02-08,14825.9853515625
2007-02-09,14875.4853515625
2007-02-12,14768.9853515625
2007-02-13,14824.5849609375
2007-02-14,14905.685546875
2007-02-15,14876.8857421875
2007-02-16,14851.185546875
2007-02-19,14915.78515625
2007-02-20,14886.0849609375
2007-02-21,14788.78515625
2007-02-22,14791.28515625
2007-02-23,14767.0849609375
2007-02-26,14856.0849609375
2007-02-27,14408.28515625
2007-02-28,14248.3857421875
2007-03-01,14064.8857421875
2007-03-02,13962.1865234375
2007-03-05,13749.0859375
2007-03-06,13825.88671875
2007-03-07,13912.6865234375
2007-03-08,14193.9853515625
2007-03-09,14257.185546875
2007-03-12,14146.4853515625
2007-03-13,13982.8857421875
2007-03-14,13602.38671875
2007-03-15,13940.38671875
2007-03-16,13977.3857421875
2007-03-19,14250.185546875
2007-03-20,14323.185546875
2007-03-21,14310.4853515625
2007-03-22,14490.0849609375
2007-03-23,14545.685546875
2007-03-26,14469.5849609375
2007-03-27,14536.78515625
2007-03-28,14482.9853515625
2007-03-29,14605.28515625
2007-03-30,14641.685546875
2007-04-02,14730.78515625
2007-04-03,14953.1845703125
2007-04-04,14943.083984375
2007-04-05,14974.884765625
2007-04-10,15005.484375
2007-04-11,14997.583984375
2007-04-12,14882.9853515625
2007-04-13,14965.2841796875
2007-04-16,15020.7841796875
2007-04-17,14965.984375
2007-04-18,14870.3857421875
2007-04-19,14821.685546875
2007-04-20,15080.884765625
2007-04-23,14987.083984375
2007-04-24,14578.685546875
2007-04-25,14620.3857421875
2007-04-26,14610.9853515625
2007-04-27,14403.5849609375
2007-04-30,14374.5849609375
2007-05-02,14416.8857421875
2007-05-03,14395.5849609375
2007-05-04,14620.28515625
2007-05-07,14672.0849609375
2007-05-08,14556.685546875
2007-05-09,14609.3857421875
2007-05-10,14575.3857421875
2007-05-11,14736.28515625
2007-05-14,14685.9853515625
2007-05-15,14824.185546875
2007-05-16,14918.78515625
2007-05-17,14968.1845703125
2007-05-18,15068.384765625
2007-05-21,15055.484375
2007-05-22,15070.884765625
2007-05-23,15223.884765625
2007-05-24,15094.884765625
2007-05-25,15053.1845703125
2007-05-28,15124.583984375
2007-05-29,15188.583984375
2007-05-30,15137.2841796875
2007-05-31,15329.384765625
2007-06-01,15501.484375
2007-06-04,15414.2841796875
2007-06-05,15314.884765625
2007-06-06,14928.78515625
2007-06-07,14725.8857421875
2007-06-08,14816.4853515625
2007-06-11,14940.583984375
2007-06-12,14764.28515625
2007-06-13,14829.78515625
2007-06-14,15078.384765625
2007-06-15,15252.083984375
2007-06-18,15103.583984375
2007-06-19,15000.1845703125
2007-06-20,15035.6845703125
2007-06-21,14882.3857421875
2007-06-22,14784.8857421875
2007-06-25,14848.28515625
2007-06-26,14755.185546875
2007-06-27,14681.685546875
2007-06-28,14819.8857421875
2007-06-29,14891.9853515625
2007-07-02,14804.685546875
2007-07-03,14869.3857421875
2007-07-04,14989.6845703125
2007-07-05,14907.3857421875
2007-07-06,15058.2841796875
2007-07-09,14974.6845703125
2007-07-10,14823.8857421875
2007-07-11,14766.185546875
2007-07-12,14941.7841796875
2007-07-13,15023.484375
2007-07-16,15110.384765625
2007-07-17,15153.7841796875
2007-07-18,15058.583984375
2007-07-19,15207.2841796875
2007-07-20,14930.0849609375
2007-07-23,15056.6845703125
2007-07-24,14913.28515625
2007-07-25,14937.685546875
2007-07-26,14540.3857421875
2007-07-27,14587.4853515625
2007-07-30,14507.8857421875
2007-07-31,14802.3857421875
2007-08-01,14595.685546875
2007-08-02,14678.5849609375
2007-08-03,14534.28515625
2007-08-06,14432.0849609375
2007-08-07,14652.8857421875
2007-08-08,15004.1845703125
2007-08-09,14838.28515625
2007-08-10,14453.8857421875
2007-08-13,14731.78515625
2007-08-14,14553.0849609375
2007-08-15,14520.4853515625
2007-08-16,13979.685546875
2007-08-17,14237.4853515625
2007-08-20,14269.0849609375
2007-08-21,14239.78515625
2007-08-22,14359.185546875
2007-08-23,14292.4853515625
2007-08-24,14334.3857421875
2007-08-27,14305.4853515625
2007-08-28,14124.78515625
2007-08-29,14183.5849609375
2007-08-30,14313.3857421875
2007-08-31,14479.78515625
2007-09-03,14546.8857421875
2007-09-04,14590.0849609375
2007-09-05,14240.0849609375
2007-09-06,14198.3857421875
2007-09-07,13873.38671875
2007-09-10,13726.2861328125
2007-09-11,13965.486328125
2007-09-12,13980.3857421875
2007-09-13,14077.78515625
2007-09-14,13860.986328125
2007-09-17,13696.88671875
2007-09-18,14041.9853515625
2007-09-19,14494.78515625
2007-09-20,14427.0849609375
2007-09-21,14450.5849609375
2007-09-24,14494.685546875
2007-09-25,14311.8857421875
2007-09-26,14513.685546875
2007-09-27,14581.5849609375
2007-09-28,14576.4853515625
2007-10-01,14602.9853515625
2007-10-02,14789.9853515625
2007-10-03,14783.78515625
2007-10-04,14717.9853515625
2007-10-05,14892.0849609375
2007-10-08,14808.9853515625
2007-10-09,14862.685546875
2007-10-10,14863.78515625
2007-10-11,15099.984375
2007-10-12,15261.2841796875
2007-10-15,15187.484375
2007-10-16,15279.6845703125
2007-10-17,15430.484375
2007-10-18,15507.083984375
2007-10-19,15529.6845703125
2007-10-22,15327.7841796875
2007-10-23,15429.583984375
2007-10-24,15231.2841796875
2007-10-25,15385.984375
2007-10-26,15603.884765625
2007-10-29,15738.083984375
2007-10-30,15782.484375
2007-10-31,15890.484375
2007-11-01,15759.583984375
2007-11-02,15823.6845703125
2007-11-05,15825.884765625
2007-11-06,15895.384765625
2007-11-07,15841.884765625
2007-11-08,15945.68359375
2007-11-09,15731.1845703125
2007-11-12,15774.6845703125
2007-11-13,15814.7841796875
2007-11-14,15808.884765625
2007-11-15,15725.7841796875
2007-11-16,15768.984375
2007-11-19,15539.2841796875
2007-11-20,15699.984375
2007-11-21,15364.484375
2007-11-22,15317.083984375
2007-11-23,15392.1845703125
2007-11-26,15330.1845703125
2007-11-27,15315.583984375
2007-11-28,15566.484375
2007-11-29,15656.583984375
2007-11-30,15759.884765625
2007-12-03,15734.984375
2007-12-04,15708.1845703125
2007-12-05,15802.1845703125
2007-12-06,15695.884765625
2007-12-07,15819.583984375
2007-12-10,15832.6845703125
2007-12-11,15890.484375
2007-12-12,15859.984375
2007-12-13,15499.1845703125
2007-12-14,15575.6845703125
2007-12-17,15318.484375
2007-12-18,15282.083984375
2007-12-19,15177.083984375
2007-12-20,15140.1845703125
2007-12-21,15289.2841796875
2007-12-27,15256.1845703125
2007-12-28,15182.2841796875
2008-01-02,15002.484375
2008-01-03,14856.4853515625
2008-01-04,14602.28515625
2008-01-07,14666.9853515625
2008-01-08,14670.4853515625
2008-01-09,14603.4853515625
2008-01-10,14523.9853515625
2008-01-11,14457.9853515625
2008-01-14,14431.8857421875
2008-01-15,13945.1865234375
2008-01-16,13817.0859375
2008-01-17,13775.5859375
2008-01-18,13655.38671875
2008-01-21,12625.787109375
2008-01-22,12839.6875
2008-01-23,12254.5869140625
2008-01-24,13106.6865234375
2008-01-25,13141.0859375
2008-01-28,13026.6865234375
2008-01-29,13246.5859375
2008-01-30,13217.0859375
2008-01-31,13228.986328125
2008-02-01,13494.6865234375
2008-02-04,13515.6865234375
2008-02-05,12814.6875
2008-02-06,13037.2861328125
2008-02-07,12889.4873046875
2008-02-08,12934.787109375
2008-02-11,12818.787109375
2008-02-12,13254.6865234375
2008-02-13,13266.6865234375
2008-02-14,13313.1865234375
2008-02-15,13073.88671875
2008-02-18,13312.1865234375
2008-02-19,13269.6865234375
2008-02-20,13080.38671875
2008-02-21,13172.986328125
2008-02-22,13017.486328125
2008-02-25,13156.5859375
2008-02-26,13436.5859375
2008-02-27,13454.2861328125
2008-02-28,13272.0859375
2008-02-29,13170.38671875
2008-03-03,12862.4873046875
2008-03-04,12630.0869140625
2008-03-05,12948.0869140625
2008-03-06,12803.287109375
2008-03-07,12691.287109375
2008-03-10,12654.9873046875
2008-03-11,13056.0859375
2008-03-12,13131.2861328125
2008-03-13,13073.1865234375
2008-03-14,13021.38671875
2008-03-17,12655.9873046875
2008-03-18,13030.486328125
2008-03-19,12964.6875
2008-03-20,12964.1875
2008-03-25,13434.1865234375
2008-03-26,13402.986328125
2008-03-27,13537.88671875
2008-03-28,13442.38671875
2008-03-31,13268.986328125
2008-04-01,13699.0859375
2008-04-02,13838.6865234375
2008-04-03,13738.88671875
2008-04-04,13846.38671875
2008-04-07,13919.5859375
2008-04-08,13759.38671875
2008-04-09,13598.986328125
2008-04-10,13507.88671875
2008-04-11,13278.2861328125
2008-04-14,13160.2861328125
2008-04-15,13408.88671875
2008-04-16,13637.5859375
2008-04-17,13568.6865234375
2008-04-18,13924.88671875
2008-04-21,13728.88671875
2008-04-22,13593.38671875
2008-04-23,13662.986328125
2008-04-24,13669.1865234375
2008-04-25,13772.7861328125
2008-04-28,13877.7861328125
2008-04-29,13707.1865234375
2008-04-30,13798.2861328125
2008-05-02,14059.9853515625
2008-05-05,14073.9853515625
2008-05-06,14005.78515625
2008-05-07,14026.78515625
2008-05-08,14073.9853515625
2008-05-09,13945.0859375
2008-05-12,14053.8857421875
2008-05-13,14016.3857421875
2008-05-14,14187.185546875
2008-05-15,14186.3857421875
2008-05-16,14124.78515625
2008-05-19,14247.5849609375
2008-05-20,13992.0849609375
2008-05-21,13857.1865234375
2008-05-22,13851.986328125
2008-05-23,13577.5859375
2008-05-26,13583.6865234375
2008-05-27,13451.38671875
2008-05-28,13499.1865234375
2008-05-29,13539.486328125
2008-05-30,13600.88671875
2008-06-02,13299.986328125
2008-06-03,13431.6865234375
2008-06-04,13341.1865234375
2008-06-05,13239.2861328125
2008-06-06,12909.787109375
2008-06-09,12823.8876953125
2008-06-10,12755.1875
2008-06-11,12584.287109375
2008-06-12,12853.287109375
2008-06-13,12998.6875
2008-06-16,12826.5869140625
2008-06-17,12885.0869140625
2008-06-18,12631.4873046875
2008-06-19,12584.9873046875
2008-06-20,12412.4873046875
2008-06-23,12403.3876953125
2008-06-24,12205.5869140625
2008-06-25,12446.0869140625
2008-06-26,12077.6875
2008-06-27,12089.787109375
2008-06-30,12046.1884765625
2008-07-01,11770.888671875
2008-07-02,11856.888671875
2008-07-03,11980.087890625
2008-07-04,11765.888671875
2008-07-07,11982.1884765625
2008-07-08,11794.6884765625
2008-07-09,11999.7880859375
2008-07-10,11739.48828125
2008-07-11,11383.48828125
2008-07-14,11442.98828125
2008-07-15,11151.587890625
2008-07-16,11287.6884765625
2008-07-17,11642.087890625
2008-07-18,11895.2880859375
2008-07-21,11784.587890625
2008-07-22,11610.087890625
2008-07-23,11934.888671875
2008-07-24,11675.087890625
2008-07-25,11589.888671875
2008-07-28,11484.587890625
2008-07-29,11683.7880859375
2008-07-30,11817.888671875
2008-07-31,11881.2880859375
2008-08-01,11569.48828125
2008-08-04,11447.587890625
2008-08-05,11751.388671875
2008-08-06,11774.388671875
2008-08-07,11717.48828125
2008-08-08,11799.888671875
2008-08-11,12047.6875
2008-08-12,11996.087890625
2008-08-13,11695.388671875
2008-08-14,11606.7880859375
2008-08-15,11686.087890625
2008-08-18,11677.48828125
2008-08-19,11335.2880859375
2008-08-20,11379.888671875
2008-08-21,11217.388671875
2008-08-22,11497.2880859375
2008-08-25,11327.087890625
2008-08-26,11419.888671875
2008-08-27,11479.587890625
2008-08-28,11662.587890625
2008-08-29,11707.2880859375
2008-09-01,11693.7880859375
2008-09-02,11903.888671875
2008-09-03,11849.087890625
2008-09-04,11480.087890625
2008-09-05,11139.6884765625
2008-09-08,11554.1884765625
2008-09-09,11349.98828125
2008-09-10,11180.7880859375
2008-09-11,11136.48828125
2008-09-12,11411.98828125
2008-09-15,10898.9892578125
2008-09-16,10911.4892578125
2008-09-17,10661.3896484375
2008-09-18,10631.5888671875
2008-09-19,11557.888671875
2008-09-22,11328.48828125
2008-09-23,11176.48828125
2008-09-24,11112.888671875
2008-09-25,11438.587890625
2008-09-26,11387.888671875
2008-09-29,10945.689453125
2008-09-30,10987.4892578125
2008-10-01,11182.48828125
2008-10-02,11002.2890625
2008-10-03,11418.48828125
2008-10-06,10725.9892578125
2008-10-07,10861.9892578125
2008-10-08,10297.5888671875
2008-10-09,9902.890625
2008-10-10,8997.69140625
2008-10-13,9955.6904296875
2008-10-14,10224.4892578125
2008-10-15,9706.7900390625
2008-10-16,9308.1904296875
2008-10-17,9655.1904296875
2008-10-20,9944.2900390625
2008-10-21,9794.990234375
2008-10-22,8995.291015625
2008-10-23,8811.19140625
2008-10-24,8353.19140625
2008-10-27,8009.8916015625
2008-10-28,7905.39208984375
2008-10-29,8650.0908203125
2008-10-30,8822.8916015625
2008-10-31,9115.9912109375
2008-11-03,9231.7900390625
2008-11-04,9726.7900390625
2008-11-05,9744.6904296875
2008-11-06,9133.8916015625
2008-11-07,9343.490234375
2008-11-10,9293.7900390625
2008-11-11,8911.8916015625
2008-11-12,8646.791015625
2008-11-13,8740.5908203125
2008-11-14,8832.19140625
2008-11-17,8498.791015625
2008-11-18,8530.791015625
2008-11-19,8211.4912109375
2008-11-20,7988.3916015625
2008-11-21,7974.3916015625
2008-11-24,8622.5908203125
2008-11-25,8696.5908203125
2008-11-26,8654.0908203125
2008-11-27,8849.291015625
2008-11-28,8910.5908203125
2008-12-01,8510.4912109375
2008-12-02,8834.69140625
2008-12-03,8879.8916015625
2008-12-04,8836.0908203125
2008-12-05,8491.19140625
2008-12-08,9036.4912109375
2008-12-09,9063.0908203125
2008-12-10,9152.3916015625
2008-12-11,9182.58984375
2008-12-12,8975.4912109375
2008-12-15,9023.8916015625
2008-12-16,9167.6904296875
2008-12-17,9196.890625
2008-12-18,9257.7900390625
2008-12-19,9268.390625
2008-12-22,9098.8916015625
2008-12-23,9068.4912109375
2008-12-29,9017.69140625
2008-12-30,9195.7900390625
2009-01-02,9486.2900390625
2009-01-05,9644.08984375
2009-01-06,9723.990234375
2009-01-07,9569.990234375
2009-01-08,9469.490234375
2009-01-09,9378.490234375
2009-01-12,9199.890625
2009-01-13,9057.291015625
2009-01-14,8692.69140625
2009-01-15,8611.0908203125
2009-01-16,8620.0908203125
2009-01-19,8494.791015625
2009-01-20,8276.4912109375
2009-01-21,8230.69140625
2009-01-22,8159.29150390625
2009-01-23,8172.79150390625
2009-01-26,8375.19140625
2009-01-27,8349.4912109375
2009-01-28,8701.4912109375
2009-01-29,8477.3916015625
2009-01-30,8450.3916015625
2009-02-02,8233.3916015625
2009-02-03,8361.8916015625
2009-02-04,8495.3916015625
2009-02-05,8440.19140625
2009-02-06,8544.69140625
2009-02-09,8584.791015625
2009-02-10,8397.291015625
2009-02-11,8355.791015625
2009-02-12,8200.8916015625
2009-02-13,8265.4912109375
2009-02-16,8074.99169921875
2009-02-17,7843.1923828125
2009-02-18,7861.39208984375
2009-02-19,7875.89208984375
2009-02-20,7603.59228515625
2009-02-23,7540.39208984375
2009-02-24,7483.39208984375
2009-02-25,7512.09228515625
2009-02-26,7811.6923828125
2009-02-27,7620.89208984375
2009-03-02,7270.49267578125
2009-03-03,7219.392578125
2009-03-04,7357.49267578125
2009-03-05,7025.892578125
2009-03-06,6936.89306640625
2009-03-09,6817.39306640625
2009-03-10,7153.29248046875
2009-03-11,7204.69287109375
2009-03-12,7340.49267578125
2009-03-13,7427.79248046875
2009-03-16,7636.89208984375
2009-03-17,7645.2919921875
2009-03-18,7661.59228515625
2009-03-19,7701.59228515625
2009-03-20,7709.9921875
2009-03-23,7952.29150390625
2009-03-24,7989.49169921875
2009-03-25,8072.3916015625
2009-03-26,8076.19189453125
2009-03-27,7927.59228515625
2009-03-30,7601.09228515625
2009-03-31,7814.9921875
2009-04-01,7960.99169921875
2009-04-02,8334.69140625
2009-04-03,8319.8916015625
2009-04-06,8321.0908203125
2009-04-07,8345.9912109375
2009-04-08,8404.69140625
2009-04-09,8704.791015625
2009-04-14,8834.791015625
2009-04-15,8711.8916015625
2009-04-16,8874.4912109375
2009-04-17,9030.8916015625
2009-04-20,8718.19140625
2009-04-21,8615.791015625
2009-04-22,8834.0908203125
2009-04-23,8769.19140625
2009-04-24,8888.19140625
2009-04-27,8776.9912109375
2009-04-28,8656.291015625
2009-04-29,8891.291015625
2009-04-30,9037.9912109375
2009-05-04,9074.69140625
2009-05-05,9136.69140625
2009-05-06,9228.990234375
2009-05-07,9228.890625
2009-05-08,9408.08984375
2009-05-11,9316.7900390625
2009-05-12,9268.990234375
2009-05-13,9000.5908203125
2009-05-14,8984.19140625
2009-05-15,8978.5908203125
2009-05-18,9159.2900390625
2009-05-19,9341.58984375
2009-05-20,9389.390625
2009-05-21,9225.2900390625
2009-05-22,9308.58984375
2009-05-25,9347.390625
2009-05-26,9405.6904296875
2009-05-27,9510.7900390625
2009-05-28,9435.490234375
2009-05-29,9424.2900390625
2009-06-01,9630.890625
2009-06-02,9664.7900390625
2009-06-03,9464.7900390625
2009-06-04,9454.58984375
2009-06-05,9518.990234375
2009-06-08,9396.1904296875
2009-06-09,9497.6904296875
2009-06-10,9627.58984375
2009-06-11,9708.390625
2009-06-12,9714.390625
2009-06-15,9518.6904296875
2009-06-16,9497.890625
2009-06-17,9283.1904296875
2009-06-18,9383.990234375
2009-06-19,9580.890625
2009-06-22,9338.490234375
2009-06-23,9348.6904296875
2009-06-24,9617.58984375
2009-06-25,9667.1904296875
2009-06-26,9686.890625
2009-06-29,9845.6904296875
2009-06-30,9787.7900390625
2009-07-01,9903.6904296875
2009-07-02,9643.490234375
2009-07-03,9707.7900390625
2009-07-06,9568.990234375
2009-07-07,9519.990234375
2009-07-08,9360.58984375
2009-07-09,9443.08984375
2009-07-10,9344.890625
2009-07-13,9567.390625
2009-07-14,9633.990234375
2009-07-15,9905.2900390625
2009-07-16,9997.58984375
2009-07-17,10041.890625
2009-07-20,10142.7890625
2009-07-21,10122.189453125
2009-07-22,10153.3896484375
2009-07-23,10369.7890625
2009-07-24,10438.5888671875
2009-07-27,10591.689453125
2009-07-28,10663.9892578125
2009-07-29,10661.5888671875
2009-07-30,10874.3896484375
2009-07-31,10855.0888671875
2009-08-03,10900.9892578125
2009-08-04,10876.7890625
2009-08-05,10704.3896484375
2009-08-06,10775.9892578125
2009-08-07,10947.5888671875
2009-08-10,10922.9892578125
2009-08-11,10831.8896484375
2009-08-12,10933.7890625
2009-08-13,11046.7890625
2009-08-14,10901.8896484375
2009-08-17,10598.4892578125
2009-08-18,10708.2890625
2009-08-19,10695.4892578125
2009-08-20,10892.4892578125
2009-08-21,11160.98828125
2009-08-24,11303.7880859375
2009-08-25,11427.7880859375
2009-08-26,11376.388671875
2009-08-27,11356.888671875
2009-08-28,11442.6884765625
2009-08-31,11365.087890625
2009-09-01,11172.98828125
2009-09-02,10999.689453125
2009-09-03,11018.0888671875
2009-09-04,11222.6884765625
2009-09-07,11388.587890625
2009-09-08,11366.587890625
2009-09-09,11461.98828125
2009-09-10,11340.7880859375
2009-09-11,11452.587890625
2009-09-14,11492.587890625
2009-09-15,11593.2880859375
2009-09-16,11746.888671875
2009-09-17,11770.98828125
2009-09-18,11777.2880859375
2009-09-21,11727.388671875
2009-09-22,11816.6884765625
2009-09-23,11853.2880859375
2009-09-24,11695.888671875
2009-09-25,11643.7880859375
2009-09-28,11891.1884765625
2009-09-29,11853.6884765625
2009-09-30,11756.087890625
2009-10-01,11518.1884765625
2009-10-02,11326.6884765625
2009-10-05,11556.98828125
2009-10-06,11817.087890625
2009-10-07,11721.388671875
2009-10-08,11814.2880859375
2009-10-09,11743.1884765625
2009-10-12,11748.7880859375
2009-10-13,11608.2880859375
2009-10-14,11870.888671875
2009-10-15,11849.6884765625
2009-10-16,11676.388671875
2009-10-19,11885.2880859375
2009-10-20,11790.1884765625
2009-10-21,11875.1884765625
2009-10-22,11828.587890625
2009-10-23,11739.7880859375
2009-10-26,11622.587890625
2009-10-27,11633.98828125
2009-10-28,11429.7880859375
2009-10-29,11683.388671875
2009-10-30,11414.7880859375
2009-11-02,11465.7880859375
2009-11-03,11242.388671875
2009-11-04,11387.6884765625
2009-11-05,11548.888671875
2009-11-06,11580.587890625
2009-11-09,11816.7880859375
2009-11-10,11813.98828125
2009-11-11,11801.388671875
2009-11-12,11834.48828125
2009-11-13,11866.98828125
2009-11-16,11986.888671875
2009-11-17,11959.388671875
2009-11-18,12034.388671875
2009-11-19,11846.1884765625
2009-11-20,11719.2880859375
2009-11-23,11940.48828125
2009-11-24,11905.1884765625
2009-11-25,11965.7880859375
2009-11-26,11657.48828125
2009-11-27,11776.7880859375
2009-11-30,11644.6884765625
2009-12-01,11862.087890625
2009-12-02,11868.7880859375
2009-12-03,11905.2880859375
2009-12-04,12032.1884765625
2009-12-07,12011.7880859375
2009-12-08,11808.888671875
2009-12-09,11541.1884765625
2009-12-10,11594.6884765625
2009-12-11,11615.98828125
2009-12-14,11705.888671875
2009-12-15,11735.48828125
2009-12-16,11863.1884765625
2009-12-17,11696.888671875
2009-12-18,11644.98828125
2009-12-21,11830.7880859375
2009-12-22,11890.7880859375
2009-12-23,11967.48828125
2009-12-28,12023.1884765625
2009-12-29,12035.087890625
2009-12-30,11939.98828125
2010-01-04,12145.0869140625
2010-01-05,12204.3876953125
2010-01-06,12222.4873046875
2010-01-07,12166.287109375
2010-01-08,12162.9873046875
2010-01-11,12074.4873046875
2010-01-12,11966.087890625
2010-01-13,11958.2880859375
2010-01-14,11999.7880859375
2010-01-15,11844.98828125
2010-01-18,11870.6884765625
2010-01-19,12022.587890625
2010-01-20,11708.98828125
2010-01-21,11443.98828125
2010-01-22,11373.388671875
2010-01-25,11249.2880859375
2010-01-26,11347.2880859375
2010-01-27,11042.189453125
2010-01-28,10829.2890625
2010-01-29,10947.689453125
2010-02-01,10995.189453125
2010-02-02,11140.888671875
2010-02-03,10888.3896484375
2010-02-04,10241.689453125
2010-02-05,10103.2900390625
2010-02-08,10206.2890625
2010-02-09,10275.3896484375
2010-02-10,10454.9892578125
2010-02-11,10281.689453125
2010-02-12,10224.8896484375
2010-02-15,10293.5888671875
2010-02-16,10393.8896484375
2010-02-17,10498.5888671875
2010-02-18,10574.189453125
2010-02-19,10676.689453125
2010-02-22,10570.4892578125
2010-02-23,10312.8896484375
2010-02-24,10253.9892578125
2010-02-25,10126.189453125
2010-02-26,10333.5888671875
2010-03-01,10434.8896484375
2010-03-02,10521.4892578125
2010-03-03,10664.4892578125
2010-03-04,10745.2890625
2010-03-05,11019.7890625
2010-03-08,11078.2890625
2010-03-09,11002.7890625
2010-03-10,11120.98828125
2010-03-11,11045.3896484375
2010-03-12,11076.9892578125
2010-03-15,10957.7890625
2010-03-16,11059.2890625
2010-03-17,11166.7880859375
2010-03-18,11073.4892578125
2010-03-19,10990.7890625
2010-03-22,10861.8896484375
2010-03-23,10996.189453125
2010-03-24,10866.2890625
2010-03-25,11091.388671875
2010-03-26,11071.0888671875
2010-03-29,11090.98828125
2010-03-30,10980.689453125
2010-03-31,10871.2890625
2010-04-01,11067.8896484375
2010-04-06,11160.587890625
2010-04-07,11191.2880859375
2010-04-08,11076.2890625
2010-04-09,11394.1884765625
2010-04-12,11460.7880859375
2010-04-13,11460.98828125
2010-04-14,11503.6884765625
2010-04-15,11523.48828125
2010-04-16,11259.6884765625
2010-04-19,11199.48828125
2010-04-20,11305.587890625
2010-04-21,11064.689453125
2010-04-22,10821.8896484375
2010-04-23,10918.189453125
2010-04-26,10939.2890625
2010-04-27,10480.8896484375
2010-04-28,10166.9892578125
2010-04-29,10440.9892578125
2010-04-30,10492.189453125
2010-05-03,10422.7890625
2010-05-04,9859.08984375
2010-05-05,9635.1904296875
2010-05-06,9352.58984375
2010-05-07,9046.0908203125
2010-05-10,10351.8896484375
2010-05-11,10008.58984375
2010-05-12,10089.7900390625
2010-05-13,9977.490234375
2010-05-14,9314.6904296875
2010-05-17,9286.08984375
2010-05-18,9627.58984375
2010-05-19,9376.490234375
2010-05-20,9270.490234375
2010-05-21,9407.2900390625
2010-05-24,9287.890625
2010-05-25,9004.3916015625
2010-05-26,9042.5908203125
2010-05-27,9334.890625
2010-05-28,9425.490234375
2010-05-31,9359.390625
2010-06-01,9299.6904296875
2010-06-02,9267.990234375
2010-06-03,9276.1904296875
2010-06-04,8923.3916015625
2010-06-07,8795.291015625
2010-06-08,8669.791015625
2010-06-09,8868.69140625
2010-06-10,9198.1904296875
2010-06-11,9561.6904296875
2010-06-14,9583.990234375
2010-06-15,9741.990234375
2010-06-16,9683.2900390625
2010-06-17,9755.08984375
2010-06-18,9971.7900390625
2010-06-21,10071.890625
2010-06-22,10016.08984375
2010-06-23,9885.990234375
2010-06-24,9586.490234375
2010-06-25,9534.990234375
2010-06-28,9688.490234375
2010-06-29,9160.390625
2010-06-30,9263.390625
2010-07-01,9178.1904296875
2010-07-02,9250.7900390625
2010-07-05,9281.490234375
2010-07-06,9614.990234375
2010-07-07,9987.390625
2010-07-08,10080.490234375
2010-07-09,10127.2890625
2010-07-12,10058.1904296875
2010-07-13,10259.4892578125
2010-07-14,10278.4892578125
2010-07-15,10160.189453125
2010-07-16,9991.6904296875
2010-07-19,9929.7900390625
2010-07-20,10061.2900390625
2010-07-21,10040.7900390625
2010-07-22,10302.8896484375
2010-07-23,10388.189453125
2010-07-26,10506.689453125
2010-07-27,10644.9892578125
2010-07-28,10643.8896484375
2010-07-29,10659.4892578125
2010-07-30,10499.7890625
2010-08-02,10835.3896484375
2010-08-03,10871.3896484375
2010-08-04,10843.2890625
2010-08-05,10839.9892578125
2010-08-06,10651.0888671875
2010-08-09,10812.5888671875
2010-08-10,10718.4892578125
2010-08-11,10374.7890625
2010-08-12,10342.3896484375
2010-08-13,10275.7890625
2010-08-16,10258.2890625
2010-08-17,10369.4892578125
2010-08-18,10390.9892578125
2010-08-19,10237.9892578125
2010-08-20,10094.2900390625
2010-08-23,10221.189453125
2010-08-24,10052.2900390625
2010-08-25,9893.990234375
2010-08-26,10004.390625
2010-08-27,10148.189453125
2010-08-30,10135.9892578125
2010-08-31,10186.9892578125
2010-09-01,10544.7890625
2010-09-02,10537.5888671875
2010-09-03,10599.3896484375
2010-09-06,10622.689453125
2010-09-07,10479.0888671875
2010-09-08,10586.189453125
2010-09-09,10712.8896484375
2010-09-10,10689.5888671875
2010-09-13,10765.189453125
2010-09-14,10806.5888671875
2010-09-15,10751.7890625
2010-09-16,10716.7890625
2010-09-17,10588.5888671875
2010-09-20,10743.0888671875
2010-09-21,10762.4892578125
2010-09-22,10555.189453125
2010-09-23,10501.4892578125
2010-09-24,10727.5888671875
2010-09-27,10612.9892578125
2010-09-28,10590.689453125
2010-09-29,10486.7890625
2010-09-30,10514.4892578125
2010-10-01,10450.0888671875
2010-10-04,10382.9892578125
2010-10-05,10651.189453125
2010-10-06,10700.189453125
2010-10-07,10740.2890625
2010-10-08,10720.7890625
2010-10-11,10700.7890625
2010-10-12,10648.189453125
2010-10-13,10866.0888671875
2010-10-14,10849.689453125
2010-10-15,10868.189453125
2010-10-18,10897.689453125
2010-10-19,10895.2890625
2010-10-20,10896.8896484375
2010-10-21,10892.2890625
2010-10-22,10924.7890625
2010-10-25,10870.2890625
2010-10-26,10797.7890625
2010-10-27,10700.0888671875
2010-10-28,10753.4892578125
2010-10-29,10812.8896484375
2010-11-01,10649.4892578125
2010-11-02,10762.0888671875
2010-11-03,10569.4892578125
2010-11-04,10602.7890625
2010-11-05,10428.0888671875
2010-11-08,10291.7890625
2010-11-09,10409.7890625
2010-11-10,10235.3896484375
2010-11-11,10149.4892578125
2010-11-12,10226.7890625
2010-11-15,10349.689453125
2010-11-16,10095.390625
2010-11-17,10189.2890625
2010-11-18,10325.2890625
2010-11-19,10271.689453125
2010-11-22,9996.390625
2010-11-23,9691.7900390625
2010-11-24,9742.58984375
2010-11-25,9721.7900390625
2010-11-26,9547.1904296875
2010-11-29,9324.6904296875
2010-11-30,9267.1904296875
2010-12-01,9678.390625
2010-12-02,9947.58984375
2010-12-03,10014.7900390625
2010-12-06,9889.890625
2010-12-07,9924.6904296875
2010-12-08,10078.390625
2010-12-09,10185.4892578125
2010-12-10,10121.8896484375
2010-12-13,10151.189453125
2010-12-14,10162.689453125
2010-12-15,10009.7900390625
2010-12-16,10010.2900390625
2010-12-17,9898.08984375
2010-12-20,9996.08984375
2010-12-21,10203.3896484375
2010-12-22,10183.4892578125
2010-12-23,10106.890625
2010-12-27,9898.990234375
2010-12-28,9903.490234375
2010-12-29,9981.490234375
2010-12-30,9859.08984375
2011-01-03,9888.2900390625
2011-01-04,9888.390625
2011-01-05,9801.390625
2011-01-06,9702.6904296875
2011-01-07,9560.6904296875
2011-01-10,9437.7900390625
2011-01-11,9582.08984375
2011-01-12,10101.1904296875
2011-01-13,10370.7890625
2011-01-14,10385.0888671875
2011-01-17,10279.9892578125
2011-01-18,10583.3896484375
2011-01-19,10556.4892578125
2011-01-20,10636.8896484375
2011-01-21,10829.0888671875
2011-01-24,10815.3896484375
2011-01-25,10664.3896484375
2011-01-26,10670.689453125
2011-01-27,10828.689453125
2011-01-28,10746.9892578125
2011-01-31,10805.9892578125
2011-02-01,10967.8896484375
2011-02-02,11010.189453125
2011-02-03,10860.689453125
2011-02-04,10854.689453125
2011-02-07,10922.5888671875
2011-02-08,10965.0888671875
2011-02-09,10935.5888671875
2011-02-10,10791.8896484375
2011-02-11,10803.5888671875
2011-02-14,10774.689453125
2011-02-15,10826.189453125
2011-02-16,11047.7890625
2011-02-17,11112.98828125
2011-02-18,11068.0888671875
2011-02-21,10810.4892578125
2011-02-22,10701.8896484375
2011-02-23,10633.3896484375
2011-02-24,10647.5888671875
2011-02-25,10822.689453125
2011-02-28,10850.7890625
2011-03-01,10761.8896484375
2011-03-02,10643.7890625
2011-03-03,10566.8896484375
2011-03-04,10498.689453125
2011-03-07,10495.689453125
2011-03-08,10568.689453125
2011-03-09,10559.4892578125
2011-03-10,10435.5888671875
2011-03-11,10398.3896484375
2011-03-14,10415.8896484375
2011-03-15,10329.689453125
2011-03-16,10092.58984375
2011-03-17,10325.5888671875
2011-03-18,10328.3896484375
2011-03-21,10574.3896484375
2011-03-22,10576.0888671875
2011-03-23,10637.9892578125
2011-03-24,10755.5888671875
2011-03-25,10710.3896484375
2011-03-28,10750.9892578125
2011-03-29,10734.9892578125
2011-03-30,10732.2890625
2011-03-31,10576.4892578125
2011-04-01,10729.8896484375
2011-04-04,10756.0888671875
2011-04-05,10678.5888671875
2011-04-06,10845.0888671875
2011-04-07,10849.0888671875
2011-04-08,10913.189453125
2011-04-11,10878.2890625
2011-04-12,10784.4892578125
2011-04-13,10785.9892578125
2011-04-14,10622.689453125
2011-04-15,10558.5888671875
2011-04-18,10344.8896484375
2011-04-19,10376.4892578125
2011-04-20,10535.3896484375
2011-04-21,10584.0888671875
2011-04-26,10650.5888671875
2011-04-27,10740.8896484375
2011-04-28,10867.7890625
2011-04-29,10878.8896484375
2011-05-02,10877.2890625
2011-05-03,10825.5888671875
2011-05-04,10712.5888671875
2011-05-05,10627.2890625
2011-05-06,10610.4892578125
2011-05-09,10396.2890625
2011-05-10,10474.3896484375
2011-05-11,10531.4892578125
2011-05-12,10487.5888671875
2011-05-13,10356.4892578125
2011-05-16,10363.8896484375
2011-05-17,10306.3896484375
2011-05-18,10343.689453125
2011-05-19,10376.7890625
2011-05-20,10226.5888671875
2011-05-23,10082.6904296875
2011-05-24,10115.890625
2011-05-25,10217.3896484375
2011-05-26,10203.189453125
2011-05-27,10261.189453125
2011-05-30,10257.5888671875
2011-05-31,10475.9892578125
2011-06-01,10339.2890625
2011-06-02,10260.9892578125
2011-06-03,10285.689453125
2011-06-06,10157.689453125
2011-06-07,10168.0888671875
2011-06-08,10082.490234375
2011-06-09,10121.689453125
2011-06-10,9950.7900390625
2011-06-13,9946.1904296875
2011-06-14,10132.5888671875
2011-06-15,9933.08984375
2011-06-16,9918.490234375
2011-06-17,10135.189453125
2011-06-20,10038.08984375
2011-06-21,10231.8896484375
2011-06-22,10226.189453125
2011-06-23,9942.58984375
2011-06-24,9812.6904296875
2011-06-27,9872.1904296875
2011-06-28,9936.6904296875
2011-06-29,10143.5888671875
2011-06-30,10359.8896484375
2011-07-01,10491.9892578125
2011-07-04,10467.9892578125
2011-07-05,10330.0888671875
2011-07-06,10204.4892578125
2011-07-07,10196.189453125
2011-07-08,9938.1904296875
2011-07-11,9670.58984375
2011-07-12,9603.390625
2011-07-13,9666.890625
2011-07-14,9598.58984375
2011-07-15,9484.1904296875
2011-07-18,9347.7900390625
2011-07-19,9443.7900390625
2011-07-20,9732.7900390625
2011-07-21,10017.58984375
2011-07-22,10059.2900390625
2011-07-25,9866.1904296875
2011-07-26,9833.390625
2011-07-27,9643.2900390625
2011-07-28,9656.990234375
2011-07-29,9630.6904296875
2011-08-01,9318.1904296875
2011-08-02,9114.8916015625
2011-08-03,9037.69140625
2011-08-04,8686.4912109375
2011-08-05,8671.19140625
2011-08-08,8459.3916015625
2011-08-09,8428.8916015625
2011-08-10,7965.99169921875
2011-08-11,8249.3916015625
2011-08-12,8647.291015625
2011-08-15,8708.9912109375
2011-08-16,8674.291015625
2011-08-17,8728.19140625
2011-08-18,8317.69140625
2011-08-19,8141.8916015625
2011-08-22,8293.8916015625
2011-08-23,8279.791015625
2011-08-24,8369.0908203125
2011-08-25,8299.0908203125
2011-08-26,8185.49169921875
2011-08-29,8394.9912109375
2011-08-30,8444.791015625
2011-08-31,8718.5908203125
2011-09-01,8761.0908203125
2011-09-02,8463.4912109375
2011-09-05,8066.49169921875
2011-09-06,7936.39208984375
2011-09-07,8156.591796875
2011-09-08,8277.791015625
2011-09-09,7910.1923828125
2011-09-12,7640.6923828125
2011-09-13,7834.1923828125
2011-09-14,8045.69189453125
2011-09-15,8337.8916015625
2011-09-16,8388.3916015625
2011-09-19,8222.69140625
2011-09-20,8362.19140625
2011-09-21,8210.291015625
2011-09-22,7830.7919921875
2011-09-23,7996.8916015625
2011-09-26,8201.69140625
2011-09-27,8531.8916015625
2011-09-28,8480.19140625
2011-09-29,8592.4912109375
2011-09-30,8546.5908203125
2011-10-03,8353.791015625
2011-10-04,8225.3916015625
2011-10-05,8477.291015625
2011-10-06,8704.791015625
2011-10-07,8798.3916015625
2011-10-10,8892.3916015625
2011-10-11,8845.4912109375
2011-10-12,9026.4912109375
2011-10-13,8943.4912109375
2011-10-14,8975.4912109375
2011-10-17,8864.291015625
2011-10-18,8811.291015625
2011-10-19,8849.4912109375
2011-10-20,8608.19140625
2011-10-21,8852.9912109375
2011-10-24,8957.0908203125
2011-10-25,8879.5908203125
2011-10-26,8832.4912109375
2011-10-27,9270.490234375
2011-10-28,9224.390625
2011-10-31,8954.8916015625
2011-11-01,8579.5908203125
2011-11-02,8574.4912109375
2011-11-03,8712.5908203125
2011-11-04,8596.3916015625
2011-11-07,8476.3916015625
2011-11-08,8518.4912109375
2011-11-09,8340.5908203125
2011-11-10,8310.8916015625
2011-11-11,8556.0908203125
2011-11-14,8372.19140625
2011-11-15,8237.5908203125
2011-11-16,8304.0908203125
2011-11-17,8270.5908203125
2011-11-18,8310.0908203125
2011-11-21,8020.99169921875
2011-11-22,7904.89208984375
2011-11-23,7739.2919921875
2011-11-24,7721.7919921875
2011-11-25,7763.4921875
2011-11-28,8119.8916015625
2011-11-29,8127.99169921875
2011-11-30,8449.4912109375
2011-12-01,8420.9912109375
2011-12-02,8558.5908203125
2011-12-05,8705.791015625
2011-12-06,8712.791015625
2011-12-07,8644.291015625
2011-12-08,8461.19140625
2011-12-09,8649.69140625
2011-12-12,8380.9912109375
2011-12-13,8327.791015625
2011-12-14,8181.99169921875
2011-12-15,8250.3916015625
2011-12-16,8203.3916015625
2011-12-19,8252.9912109375
2011-12-20,8454.3916015625
2011-12-21,8378.3916015625
2011-12-22,8462.8916015625
2011-12-23,8542.69140625
2011-12-27,8529.5908203125
2011-12-28,8358.3916015625
2011-12-29,8487.8916015625
2011-12-30,8566.291015625
2012-01-03,8732.3916015625
2012-01-04,8581.791015625
2012-01-05,8329.5908203125
2012-01-06,8289.0908203125
2012-01-09,8278.8916015625
2012-01-10,8472.8916015625
2012-01-11,8426.791015625
2012-01-12,8426.9912109375
2012-01-13,8450.5908203125
2012-01-16,8449.5908203125
2012-01-17,8535.291015625
2012-01-18,8420.69140625
2012-01-19,8603.791015625
2012-01-20,8561.8916015625
2012-01-23,8619.5908203125
2012-01-24,8591.3916015625
2012-01-25,8555.3916015625
2012-01-26,8713.791015625
2012-01-27,8657.291015625
2012-01-30,8516.9912109375
2012-01-31,8509.19140625
2012-02-01,8696.5908203125
2012-02-02,8772.291015625
2012-02-03,8861.19140625
2012-02-06,8835.291015625
2012-02-07,8846.8916015625
2012-02-08,8849.291015625
2012-02-09,8902.0908203125
2012-02-10,8797.0908203125
2012-02-13,8788.291015625
2012-02-14,8771.8916015625
2012-02-15,8741.5908203125
2012-02-16,8558.0908203125
2012-02-17,8656.9912109375
2012-02-20,8818.0908203125
2012-02-21,8767.0908203125
2012-02-22,8656.9912109375
2012-02-23,8527.69140625
2012-02-24,8527.69140625
2012-02-27,8537.19140625
2012-02-28,8526.69140625
2012-02-29,8465.8916015625
2012-03-01,8547.69140625
2012-03-02,8563.3916015625
2012-03-05,8453.4912109375
2012-03-06,8166.591796875
2012-03-07,8161.79150390625
2012-03-08,8307.3916015625
2012-03-09,8282.69140625
2012-03-12,8180.19189453125
2012-03-13,8376.791015625
2012-03-14,8391.0908203125
2012-03-15,8426.69140625
2012-03-16,8486.291015625
2012-03-19,8591.791015625
2012-03-20,8567.4912109375
2012-03-21,8490.8916015625
2012-03-22,8353.5908203125
2012-03-23,8281.791015625
2012-03-26,8224.69140625
2012-03-27,8140.29150390625
2012-03-28,7980.79150390625
2012-03-29,7910.9921875
2012-03-30,8007.99169921875
2012-04-02,8042.79150390625
2012-04-03,7824.4921875
2012-04-04,7660.6923828125
2012-04-05,7660.4921875
2012-04-10,7433.5927734375
2012-04-11,7576.6923828125
2012-04-12,7519.9921875
2012-04-13,7250.5927734375
2012-04-16,7209.0927734375
2012-04-17,7373.29248046875
2012-04-18,7079.19287109375
2012-04-19,6908.09326171875
2012-04-20,7040.5927734375
2012-04-23,6846.59326171875
2012-04-24,6999.892578125
2012-04-25,7118.892578125
2012-04-26,7027.0927734375
2012-04-27,7145.79248046875
2012-04-30,7010.99267578125
2012-05-02,6831.89306640625
2012-05-03,6851.89306640625
2012-05-04,6875.9931640625
2012-05-07,7063.19287109375
2012-05-08,7006.892578125
2012-05-09,6812.693359375
2012-05-10,7045.69287109375
2012-05-11,6995.5927734375
2012-05-14,6809.39306640625
2012-05-15,6700.693359375
2012-05-16,6611.4931640625
2012-05-17,6537.89306640625
2012-05-18,6566.693359375
2012-05-21,6523.9931640625
2012-05-22,6661.29296875
2012-05-23,6440.49365234375
2012-05-24,6534.39306640625
2012-05-25,6542.9931640625
2012-05-28,6401.19384765625
2012-05-29,6251.69384765625
2012-05-30,6090.3935546875
2012-05-31,6089.79345703125
2012-06-01,6064.99365234375
2012-06-04,6239.49365234375
2012-06-05,6267.79345703125
2012-06-06,6418.8935546875
2012-06-07,6438.09375
2012-06-08,6551.9931640625
2012-06-11,6516.39306640625
2012-06-12,6522.4931640625
2012-06-13,6615.29296875
2012-06-14,6695.9931640625
2012-06-15,6718.9931640625
2012-06-18,6519.89306640625
2012-06-19,6693.89306640625
2012-06-20,6796.09326171875
2012-06-21,6773.4931640625
2012-06-22,6876.29296875
2012-06-25,6623.9931640625
2012-06-26,6528.39306640625
2012-06-27,6666.89306640625
2012-06-28,6721.693359375
2012-06-29,7102.19287109375
2012-07-02,7123.99267578125
2012-07-03,7219.49267578125
2012-07-04,7168.49267578125
2012-07-05,6954.193359375
2012-07-06,6738.89306640625
2012-07-09,6688.29296875
2012-07-10,6726.89306640625
2012-07-11,6805.89306640625
2012-07-12,6630.09326171875
2012-07-13,6664.59326171875
2012-07-16,6532.09326171875
2012-07-17,6558.193359375
2012-07-18,6591.193359375
2012-07-19,6632.59326171875
2012-07-20,6246.29345703125
2012-07-23,6177.3935546875
2012-07-24,5956.2939453125
2012-07-25,6004.89404296875
2012-07-26,6368.79345703125
2012-07-27,6617.59326171875
2012-07-30,6801.79296875
2012-07-31,6738.09326171875
2012-08-01,6719.9931640625
2012-08-02,6373.3935546875
2012-08-03,6755.693359375
2012-08-06,7053.5927734375
2012-08-07,7211.0927734375
2012-08-08,7150.19287109375
2012-08-09,7110.19287109375
2012-08-10,7047.69287109375
2012-08-13,7069.5927734375
2012-08-14,7124.79248046875
2012-08-15,7128.892578125
2012-08-16,7417.29248046875
2012-08-17,7560.9921875
2012-08-20,7469.59228515625
2012-08-21,7544.4921875
2012-08-22,7340.69287109375
2012-08-23,7282.892578125
2012-08-24,7310.29248046875
2012-08-27,7398.892578125
2012-08-28,7333.49267578125
2012-08-29,7305.99267578125
2012-08-30,7194.99267578125
2012-08-31,7420.49267578125
2012-09-03,7434.19287109375
2012-09-04,7488.1923828125
2012-09-05,7493.9921875
2012-09-06,7861.9921875
2012-09-07,7882.7919921875
2012-09-10,7857.6923828125
2012-09-11,7930.39208984375
2012-09-12,7992.091796875
2012-09-13,7935.89208984375
2012-09-14,8154.49169921875
2012-09-17,8147.99169921875
2012-09-18,8058.29150390625
2012-09-19,8098.79150390625
2012-09-20,8022.091796875
2012-09-21,8230.69140625
2012-09-24,8138.3916015625
2012-09-25,8174.99169921875
2012-09-26,7854.39208984375
2012-09-27,7842.2919921875
2012-09-28,7708.4921875
2012-10-01,7784.09228515625
2012-10-02,7867.09228515625
2012-10-03,7826.6923828125
2012-10-04,7812.7919921875
2012-10-05,7954.3916015625
2012-10-08,7890.9921875
2012-10-09,7745.39208984375
2012-10-10,7667.9921875
2012-10-11,7734.6923828125
2012-10-12,7652.39208984375
2012-10-15,7678.4921875
2012-10-16,7940.1923828125
2012-10-17,8128.19189453125
2012-10-18,8100.29150390625
2012-10-19,7913.39208984375
2012-10-22,7877.09228515625
2012-10-23,7747.6923828125
2012-10-24,7791.4921875
2012-10-25,7779.1923828125
2012-10-26,7775.59228515625
2012-10-29,7728.59228515625
2012-10-30,7833.89208984375
2012-10-31,7842.89208984375
2012-11-01,7886.39208984375
2012-11-02,7968.8916015625
2012-11-05,7818.59228515625
2012-11-06,7837.59228515625
2012-11-07,7660.6923828125
2012-11-08,7624.09228515625
2012-11-09,7636.59228515625
2012-11-12,7567.7919921875
2012-11-13,7693.39208984375
2012-11-14,7672.9921875
2012-11-15,7695.4921875
2012-11-16,7588.1923828125
2012-11-19,7763.7919921875
2012-11-20,7778.6923828125
2012-11-21,7805.39208984375
2012-11-22,7875.59228515625
2012-11-23,7909.59228515625
2012-11-26,7874.7919921875
2012-11-27,7863.6923828125
2012-11-28,7837.59228515625
2012-11-29,7973.69189453125
2012-11-30,7934.59228515625
2012-12-03,7889.1923828125
2012-12-04,7902.39208984375
2012-12-05,7883.1923828125
2012-12-06,7910.7919921875
2012-12-07,7848.4921875
2012-12-10,7804.39208984375
2012-12-11,7920.89208984375
2012-12-12,7986.79150390625
2012-12-13,8017.091796875
2012-12-14,8024.091796875
2012-12-17,8040.29150390625
2012-12-18,8168.79150390625
2012-12-19,8264.19140625
2012-12-20,8264.19140625
2012-12-21,8290.9912109375
2012-12-24,8299.4912109375
2012-12-27,8280.8916015625
2012-12-28,8130.99169921875
2012-12-31,8167.49169921875
2013-01-02,8447.5908203125
2013-01-03,8403.3916015625
2013-01-04,8435.791015625
2013-01-07,8418.9912109375
2013-01-08,8452.9912109375
2013-01-09,8606.3916015625
2013-01-10,8618.8916015625
2013-01-11,8664.69140625
2013-01-14,8632.0908203125
2013-01-15,8600.9912109375
2013-01-16,8581.0908203125
2013-01-17,8628.8916015625
2013-01-18,8603.9912109375
2013-01-21,8665.8916015625
2013-01-22,8632.0908203125
2013-01-23,8613.291015625
2013-01-24,8665.5908203125
2013-01-25,8724.5908203125
2013-01-28,8672.4912109375
2013-01-29,8642.9912109375
2013-01-30,8571.8916015625
2013-01-31,8362.291015625
2013-02-01,8229.69140625
2013-02-04,7919.59228515625
2013-02-05,8093.591796875
2013-02-06,8056.19189453125
2013-02-07,8014.591796875
2013-02-08,8174.8916015625
2013-02-11,8078.591796875
2013-02-12,8234.69140625
2013-02-13,8306.19140625
2013-02-14,8247.3916015625
2013-02-15,8150.19189453125
2013-02-18,8108.8916015625
2013-02-19,8225.291015625
2013-02-20,8162.99169921875
2013-02-21,8014.49169921875
2013-02-22,8178.99169921875
2013-02-25,8244.4912109375
2013-02-26,7980.69189453125
2013-02-27,8136.69189453125
2013-02-28,8230.291015625
2013-03-01,8187.091796875
2013-03-04,8246.291015625
2013-03-05,8423.291015625
2013-03-06,8358.8916015625
2013-03-07,8389.0908203125
2013-03-08,8628.0908203125
2013-03-11,8554.3916015625
2013-03-12,8532.291015625
2013-03-13,8498.291015625
2013-03-14,8657.8916015625
2013-03-15,8619.0908203125
2013-03-18,8507.791015625
2013-03-19,8320.9912109375
2013-03-20,8416.291015625
2013-03-21,8351.19140625
2013-03-22,8329.4912109375
2013-03-25,8140.591796875
2013-03-26,7990.49169921875
2013-03-27,7900.39208984375
2013-03-28,7919.9921875
2013-04-02,8050.3916015625
2013-04-03,7904.2919921875
2013-04-04,7847.89208984375
2013-04-05,7798.39208984375
2013-04-08,7787.09228515625
2013-04-09,7872.4921875
2013-04-10,8136.3916015625
2013-04-11,8159.49169921875
2013-04-12,8040.3916015625
2013-04-15,8014.091796875
2013-04-16,7948.6923828125
2013-04-17,7802.9921875
2013-04-18,7812.4921875
2013-04-19,7915.4921875
2013-04-22,8027.69189453125
2013-04-23,8289.291015625
2013-04-24,8389.291015625
2013-04-25,8365.0908203125
2013-04-26,8296.9912109375
2013-04-29,8450.8916015625
2013-04-30,8418.9912109375
2013-05-02,8406.3916015625
2013-05-03,8544.791015625
2013-05-06,8503.791015625
2013-05-07,8543.9912109375
2013-05-08,8596.9912109375
2013-05-09,8572.69140625
2013-05-10,8544.4912109375
2013-05-13,8457.791015625
2013-05-14,8474.5908203125
2013-05-15,8582.4912109375
2013-05-16,8542.291015625
2013-05-17,8582.3916015625
2013-05-20,8515.19140625
2013-05-21,8464.4912109375
2013-05-22,8462.3916015625
2013-05-23,8343.5908203125
2013-05-24,8264.5908203125
2013-05-27,8363.5908203125
2013-05-28,8511.291015625
2013-05-29,8441.69140625
2013-05-30,8433.4912109375
2013-05-31,8320.5908203125
2013-06-03,8284.3916015625
2013-06-04,8362.9912109375
2013-06-05,8290.69140625
2013-06-06,8216.69140625
2013-06-07,8266.5908203125
2013-06-10,8227.3916015625
2013-06-11,8089.29150390625
2013-06-12,8123.79150390625
2013-06-13,8071.69189453125
2013-06-14,8070.8916015625
2013-06-17,8136.29150390625
2013-06-18,8180.19189453125
2013-06-19,8098.29150390625
2013-06-20,7822.09228515625
2013-06-21,7700.1923828125
2013-06-24,7553.1923828125
2013-06-25,7607.6923828125
2013-06-26,7822.9921875
2013-06-27,7844.39208984375
2013-06-28,7762.6923828125
2013-07-01,7907.09228515625
2013-07-02,7886.59228515625
2013-07-03,7763.7919921875
2013-07-04,8001.99169921875
2013-07-05,7868.39208984375
2013-07-08,8017.591796875
2013-07-09,8014.79150390625
2013-07-10,7994.99169921875
2013-07-11,8030.69189453125
2013-07-12,7844.6923828125
2013-07-15,7855.09228515625
2013-07-16,7798.1923828125
2013-07-17,7812.6923828125
2013-07-18,7957.29150390625
2013-07-19,7943.1923828125
2013-07-22,7965.99169921875
2013-07-23,8073.69189453125
2013-07-24,8192.4912109375
2013-07-25,8282.0908203125
2013-07-26,8353.5908203125
2013-07-29,8376.0908203125
2013-07-30,8456.4912109375
2013-07-31,8433.3916015625
2013-08-01,8540.19140625
2013-08-02,8573.9912109375
2013-08-05,8560.791015625
2013-08-06,8529.4912109375
2013-08-07,8574.0908203125
2013-08-08,8671.791015625
2013-08-09,8735.4912109375
2013-08-12,8717.69140625
2013-08-13,8758.4912109375
2013-08-14,8789.291015625
2013-08-15,8737.5908203125
2013-08-16,8821.291015625
2013-08-19,8657.0908203125
2013-08-20,8502.3916015625
2013-08-21,8461.791015625
2013-08-22,8629.69140625
2013-08-23,8686.791015625
2013-08-26,8649.8916015625
2013-08-27,8393.9912109375
2013-08-28,8398.0908203125
2013-08-29,8432.0908203125
2013-08-30,8290.4912109375
2013-09-02,8429.5908203125
2013-09-03,8445.19140625
2013-09-04,8490.291015625
2013-09-05,8549.9912109375
2013-09-06,8654.9912109375
2013-09-09,8632.4912109375
2013-09-10,8801.5908203125
2013-09-11,8875.19140625
2013-09-12,8924.19140625
2013-09-13,8941.5908203125
2013-09-16,8999.4912109375
2013-09-17,8991.9912109375
2013-09-18,9062.4912109375
2013-09-19,9153.69140625
2013-09-20,9171.7900390625
2013-09-23,9109.4912109375
2013-09-24,9167.58984375
2013-09-25,9242.890625
2013-09-26,9272.390625
2013-09-27,9228.390625
2013-09-30,9186.08984375
2013-10-01,9341.490234375
2013-10-02,9349.990234375
2013-10-03,9295.6904296875
2013-10-04,9420.890625
2013-10-07,9381.890625
2013-10-08,9318.890625
2013-10-09,9438.990234375
2013-10-10,9660.490234375
2013-10-11,9668.490234375
2013-10-14,9695.990234375
2013-10-15,9805.2900390625
2013-10-16,9878.990234375
2013-10-17,9917.990234375
2013-10-18,10001.7900390625
2013-10-21,10037.7900390625
2013-10-22,10012.890625
2013-10-23,9828.2900390625
2013-10-24,9915.390625
2013-10-25,9815.490234375
2013-10-28,9736.1904296875
2013-10-29,9863.890625
2013-10-30,9778.6904296875
2013-10-31,9907.890625
2013-11-01,9838.2900390625
2013-11-04,9873.7900390625
2013-11-05,9795.6904296875
2013-11-06,9837.08984375
2013-11-07,9740.390625
2013-11-08,9747.1904296875
2013-11-11,9789.490234375
2013-11-12,9707.58984375
2013-11-13,9675.1904296875
2013-11-14,9708.6904296875
2013-11-15,9695.890625
2013-11-18,9783.08984375
2013-11-19,9629.7900390625
2013-11-20,9559.490234375
2013-11-21,9599.2900390625
2013-11-22,9677.390625
2013-11-25,9689.08984375
2013-11-26,9714.58984375
2013-11-27,9808.390625
2013-11-28,9859.7900390625
2013-11-29,9837.58984375
2013-12-02,9745.490234375
2013-12-03,9604.990234375
2013-12-04,9540.490234375
2013-12-05,9392.08984375
2013-12-06,9400.490234375
2013-12-09,9487.390625
2013-12-10,9438.2900390625
2013-12-11,9358.6904296875
2013-12-12,9272.08984375
2013-12-13,9272.6904296875
2013-12-16,9429.490234375
2013-12-17,9343.390625
2013-12-18,9443.58984375
2013-12-19,9617.08984375
2013-12-20,9689.890625
2013-12-23,9758.390625
2013-12-24,9819.490234375
2013-12-27,9900.08984375
2013-12-30,9901.890625
2013-12-31,9916.6904296875
2014-01-02,9760.2900390625
2014-01-03,9797.990234375
2014-01-06,9888.490234375
2014-01-07,10178.689453125
2014-01-08,10253.5888671875
2014-01-09,10234.189453125
2014-01-10,10290.5888671875
2014-01-13,10365.4892578125
2014-01-14,10381.9892578125
2014-01-15,10524.9892578125
2014-01-16,10455.4892578125
2014-01-17,10465.689453125
2014-01-20,10454.0888671875
2014-01-21,10357.3896484375
2014-01-22,10279.689453125
2014-01-23,10241.189453125
2014-01-24,9868.890625
2014-01-27,9758.390625
2014-01-28,9879.08984375
2014-01-29,9896.1904296875
2014-01-30,9964.490234375
2014-01-31,9920.1904296875
2014-02-03,9725.390625
2014-02-04,9754.2900390625
2014-02-05,9774.990234375
2014-02-06,9964.58984375
2014-02-07,10072.390625
2014-02-10,9982.6904296875
2014-02-11,10091.1904296875
2014-02-12,10080.7900390625
2014-02-13,10098.890625
2014-02-14,10132.7890625
2014-02-17,10118.58984375
2014-02-18,10042.6904296875
2014-02-19,10053.7900390625
2014-02-20,10062.1904296875
2014-02-21,10070.990234375
2014-02-24,10193.0888671875
2014-02-25,10242.4892578125
2014-02-26,10224.2890625
2014-02-27,10164.0888671875
2014-02-28,10114.1904296875
2014-03-03,9878.6904296875
2014-03-04,10126.689453125
2014-03-05,10215.189453125
2014-03-06,10303.9892578125
2014-03-07,10164.189453125
2014-03-10,10194.5888671875
2014-03-11,10163.2890625
2014-03-12,10070.390625
2014-03-13,9950.2900390625
2014-03-14,9811.990234375
2014-03-17,9974.990234375
2014-03-18,10051.390625
2014-03-19,10093.2900390625
2014-03-20,10079.890625
2014-03-21,10053.08984375
2014-03-24,9913.08984375
2014-03-25,9990.490234375
2014-03-26,10140.7890625
2014-03-27,10198.9892578125
2014-03-28,10328.8896484375
2014-03-31,10340.4892578125
2014-04-01,10463.0888671875
2014-04-02,10435.7890625
2014-04-03,10584.0888671875
2014-04-04,10677.189453125
2014-04-07,10606.189453125
2014-04-08,10480.4892578125
2014-04-09,10485.189453125
2014-04-10,10336.0888671875
2014-04-11,10205.3896484375
2014-04-14,10188.189453125
2014-04-15,10103.490234375
2014-04-16,10267.8896484375
2014-04-17,10292.3896484375
2014-04-22,10437.7890625
2014-04-23,10424.3896484375
2014-04-24,10461.9892578125
2014-04-25,10306.189453125
2014-04-28,10320.8896484375
2014-04-29,10460.9892578125
2014-04-30,10458.9892578125
2014-05-02,10474.4892578125
2014-05-05,10476.9892578125
2014-05-06,10481.3896484375
2014-05-07,10413.7890625
2014-05-08,10591.189453125
2014-05-09,10487.189453125
2014-05-12,10566.9892578125
2014-05-13,10587.189453125
2014-05-14,10613.8896484375
2014-05-15,10364.9892578125
2014-05-16,10478.689453125
2014-05-19,10425.4892578125
2014-05-20,10453.7890625
2014-05-21,10531.3896484375
2014-05-22,10520.5888671875
2014-05-23,10558.8896484375
2014-05-26,10687.4892578125
2014-05-27,10714.189453125
2014-05-28,10757.189453125
2014-05-29,10734.7890625
2014-05-30,10798.689453125
2014-06-02,10827.3896484375
2014-06-03,10776.689453125
2014-06-04,10755.5888671875
2014-06-05,10876.3896484375
2014-06-06,11064.2890625
2014-06-09,11164.087890625
2014-06-10,11153.48828125
2014-06-11,11074.8896484375
2014-06-12,11088.48828125
2014-06-13,11113.6884765625
2014-06-16,11008.189453125
2014-06-17,11058.4892578125
2014-06-18,11112.2880859375
2014-06-19,11187.7880859375
2014-06-20,11155.087890625
2014-06-23,11118.2880859375
2014-06-24,11105.888671875
2014-06-25,10966.689453125
2014-06-26,10988.9892578125
2014-06-27,10959.8896484375
2014-06-30,10923.4892578125
2014-07-01,11007.7890625
2014-07-02,11016.189453125
2014-07-03,11089.98828125
2014-07-04,11009.3896484375
2014-07-07,10888.4892578125
2014-07-08,10689.0888671875
2014-07-09,10746.8896484375
2014-07-10,10533.5888671875
2014-07-11,10538.7890625
2014-07-14,10606.2890625
2014-07-15,10475.8896484375
2014-07-16,10668.3896484375
2014-07-17,10543.2890625
2014-07-18,10526.9892578125
2014-07-21,10481.9892578125
2014-07-22,10648.8896484375
2014-07-23,10659.0888671875
2014-07-24,10860.689453125
2014-07-25,10888.0888671875
2014-07-28,10879.7890625
2014-07-29,10901.189453125
2014-07-30,10937.3896484375
2014-07-31,10707.189453125
2014-08-01,10513.9892578125
2014-08-04,10496.189453125
2014-08-05,10353.7890625
2014-08-06,10246.189453125
2014-08-07,10078.58984375
2014-08-08,10104.7900390625
2014-08-11,10193.4892578125
2014-08-12,10241.4892578125
2014-08-13,10303.9892578125
2014-08-14,10294.7890625
2014-08-15,10222.189453125
2014-08-18,10353.3896484375
2014-08-19,10386.4892578125
2014-08-20,10420.8896484375
2014-08-21,10556.3896484375
2014-08-22,10500.189453125
2014-08-25,10690.0888671875
2014-08-26,10826.8896484375
2014-08-27,10837.3896484375
2014-08-28,10722.189453125
2014-08-29,10728.7890625
2014-09-01,10746.4892578125
2014-09-02,10754.9892578125
2014-09-03,10886.7890625
2014-09-04,11100.087890625
2014-09-05,11148.888671875
2014-09-08,11102.587890625
2014-09-09,10951.5888671875
2014-09-10,10937.7890625
2014-09-11,10886.2890625
2014-09-12,10888.8896484375
2014-09-15,10841.2890625
2014-09-16,10798.689453125
2014-09-17,10907.3896484375
2014-09-18,10990.9892578125
2014-09-19,11001.8896484375
2014-09-22,10947.8896484375
2014-09-23,10801.7890625
2014-09-24,10856.8896484375
2014-09-25,10783.0888671875
2014-09-26,10851.3896484375
2014-09-29,10685.9892578125
2014-09-30,10825.4892578125
2014-10-01,10753.189453125
2014-10-02,10418.0888671875
2014-10-03,10567.5888671875
2014-10-06,10645.689453125
2014-10-07,10430.689453125
2014-10-08,10338.9892578125
2014-10-09,10273.689453125
2014-10-10,10150.4892578125
2014-10-13,10187.2890625
2014-10-14,10204.8896484375
2014-10-15,9838.490234375
2014-10-16,9669.6904296875
2014-10-17,9956.7900390625
2014-10-20,9915.1904296875
2014-10-21,10152.0888671875
2014-10-22,10249.8896484375
2014-10-23,10333.689453125
2014-10-24,10339.2890625
2014-10-27,10195.189453125
2014-10-28,10394.7890625
2014-10-29,10247.7890625
2014-10-30,10263.689453125
2014-10-31,10477.7890625
2014-11-03,10374.3896484375
2014-11-04,10154.3896484375
2014-11-05,10276.8896484375
2014-11-06,10261.7890625
2014-11-07,10126.2890625
2014-11-10,10272.9892578125
2014-11-11,10338.7890625
2014-11-12,10157.2890625
2014-11-13,10140.3896484375
2014-11-14,10147.9892578125
2014-11-17,10308.9892578125
2014-11-18,10432.8896484375
2014-11-19,10376.7890625
2014-11-20,10209.189453125
2014-11-21,10520.7890625
2014-11-24,10642.4892578125
2014-11-25,10699.5888671875
2014-11-26,10646.9892578125
2014-11-27,10727.5888671875
2014-11-28,10770.689453125
2014-12-01,10672.7890625
2014-12-02,10749.189453125
2014-12-03,10875.8896484375
2014-12-04,10619.8896484375
2014-12-05,10900.689453125
2014-12-08,10805.189453125
2014-12-09,10461.5888671875
2014-12-10,10396.8896484375
2014-12-11,10431.7890625
2014-12-12,10144.9892578125
2014-12-15,9903.890625
2014-12-16,10081.890625
2014-12-17,10049.490234375
2014-12-18,10391.2890625
2014-12-19,10363.5888671875
2014-12-22,10370.9892578125
2014-12-23,10477.689453125
2014-12-24,10481.7890625
2014-12-29,10394.189453125
2014-12-30,10279.189453125
2014-12-31,10279.4892578125
2015-01-02,10350.7890625
2015-01-05,9993.2900390625
2015-01-06,9871.08984375
2015-01-07,9891.390625
2015-01-08,10114.990234375
2015-01-09,9718.990234375
2015-01-12,9797.490234375
2015-01-13,9965.990234375
2015-01-14,9845.990234375
2015-01-15,9982.490234375
2015-01-16,10038.890625
2015-01-19,10157.4892578125
2015-01-20,10283.8896484375
2015-01-21,10335.2890625
2015-01-22,10510.5888671875
2015-01-23,10581.4892578125
2015-01-26,10696.0888671875
2015-01-27,10598.8896484375
2015-01-28,10456.8896484375
2015-01-29,10507.5888671875
2015-01-30,10403.2890625
2015-02-02,10328.0888671875
2015-02-03,10598.189453125
2015-02-04,10577.7890625
2015-02-05,10535.4892578125
2015-02-06,10573.0888671875
2015-02-09,10364.8896484375
2015-02-10,10500.0888671875
2015-02-11,10364.7890625
2015-02-12,10562.189453125
2015-02-13,10739.4892578125
2015-02-16,10689.4892578125
2015-02-17,10697.9892578125
2015-02-18,10805.2890625
2015-02-19,10910.3896484375
2015-02-20,10879.2890625
2015-02-23,10990.0888671875
2015-02-24,11064.4892578125
2015-02-25,11049.4892578125
2015-02-26,11139.48828125
2015-02-27,11178.2880859375
2015-03-02,11178.48828125
2015-03-03,11014.689453125
2015-03-04,11051.2890625
2015-03-05,11124.388671875
2015-03-06,11091.888671875
2015-03-09,11054.189453125
2015-03-10,10902.189453125
2015-03-11,11021.7890625
2015-03-12,11011.7890625
2015-03-13,11033.7890625
2015-03-16,11114.6884765625
2015-03-17,11028.0888671875
2015-03-18,11049.9892578125
2015-03-19,11090.98828125
2015-03-20,11419.587890625
2015-03-23,11452.7880859375
2015-03-24,11579.2880859375
2015-03-25,11464.6884765625
2015-03-26,11453.7880859375
2015-03-27,11427.388671875
2015-03-30,11529.087890625
2015-03-31,11521.087890625
2015-04-01,11569.7880859375
2015-04-02,11633.98828125
2015-04-07,11730.48828125
2015-04-08,11655.48828125
2015-04-09,11734.587890625
2015-04-10,11749.2880859375
2015-04-13,11866.388671875
2015-04-14,11704.6884765625
2015-04-15,11778.388671875
2015-04-16,11611.6884765625
2015-04-17,11359.388671875
2015-04-20,11384.587890625
2015-04-21,11422.2880859375
2015-04-22,11399.1884765625
2015-04-23,11425.7880859375
2015-04-24,11505.388671875
2015-04-27,11640.1884765625
2015-04-28,11607.6884765625
2015-04-29,11378.888671875
2015-04-30,11384.98828125
2015-05-04,11429.087890625
2015-05-05,11115.587890625
2015-05-06,11163.587890625
2015-05-07,11180.2880859375
2015-05-08,11424.6884765625
2015-05-11,11445.7880859375
2015-05-12,11322.587890625
2015-05-13,11324.587890625
2015-05-14,11398.6884765625
2015-05-15,11317.2880859375
2015-05-18,11344.98828125
2015-05-19,11497.6884765625
2015-05-20,11574.087890625
2015-05-21,11595.388671875
2015-05-22,11554.1884765625
2015-05-25,11322.2880859375
2015-05-26,11240.2880859375
2015-05-27,11431.087890625
2015-05-28,11382.7880859375
2015-05-29,11217.587890625
2015-06-01,11238.087890625
2015-06-02,11271.388671875
2015-06-03,11267.587890625
2015-06-04,11146.087890625
2015-06-05,11061.9892578125
2015-06-08,10917.2890625
2015-06-09,10938.0888671875
2015-06-10,11097.48828125
2015-06-11,11156.6884765625
2015-06-12,11030.4892578125
2015-06-15,10842.0888671875
2015-06-16,10871.3896484375
2015-06-17,10813.3896484375
2015-06-18,10871.8896484375
2015-06-19,10944.2890625
2015-06-22,11368.1884765625
2015-06-23,11402.48828125
2015-06-24,11321.888671875
2015-06-25,11308.388671875
2015-06-26,11372.2880859375
2015-06-29,10853.8896484375
2015-06-30,10769.4892578125
2015-07-01,10911.4892578125
2015-07-02,10846.3896484375
2015-07-03,10779.7890625
2015-07-06,10540.0888671875
2015-07-07,10345.9892578125
2015-07-08,10430.2890625
2015-07-09,10706.3896484375
2015-07-10,11036.0888671875
2015-07-13,11224.1884765625
2015-07-14,11258.2880859375
2015-07-15,11335.6884765625
2015-07-16,11510.587890625
2015-07-17,11480.6884765625
2015-07-20,11556.087890625
2015-07-21,11458.587890625
2015-07-22,11484.2880859375
2015-07-23,11441.888671875
2015-07-24,11309.2880859375
2015-07-27,11145.388671875
2015-07-28,11252.388671875
2015-07-29,11282.888671875
2015-07-30,11168.587890625
2015-07-31,11180.6884765625
2015-08-03,11265.888671875
2015-08-04,11150.48828125
2015-08-05,11279.48828125
2015-08-06,11253.587890625
2015-08-07,11178.1884765625
2015-08-10,11311.6884765625
2015-08-11,11152.2880859375
2015-08-12,10880.0888671875
2015-08-13,10947.8896484375
2015-08-14,10879.2890625
2015-08-17,10900.2890625
2015-08-18,10897.8896484375
2015-08-19,10782.3896484375
2015-08-20,10586.9892578125
2015-08-21,10271.689453125
2015-08-24,9756.58984375
2015-08-25,10115.390625
2015-08-26,9984.490234375
2015-08-27,10290.189453125
2015-08-28,10352.8896484375
2015-08-31,10258.9892578125
2015-09-01,9992.7900390625
2015-09-02,9938.2900390625
2015-09-03,10042.390625
2015-09-04,9821.7900390625
2015-09-07,9805.390625
2015-09-08,9866.1904296875
2015-09-09,10037.7900390625
2015-09-10,9858.990234375
2015-09-11,9737.890625
2015-09-14,9696.390625
2015-09-15,9782.490234375
2015-09-16,9976.7900390625
2015-09-17,10106.58984375
2015-09-18,9847.1904296875
2015-09-21,9856.7900390625
2015-09-22,9550.1904296875
2015-09-23,9474.58984375
2015-09-24,9291.390625
2015-09-25,9519.490234375
2015-09-28,9394.1904296875
2015-09-29,9393.890625
2015-09-30,9559.890625
2015-10-01,9567.2900390625
2015-10-02,9603.58984375
2015-10-05,9971.2900390625
2015-10-06,10103.2900390625
2015-10-07,10169.9892578125
2015-10-08,10181.189453125
2015-10-09,10309.5888671875
2015-10-12,10246.3896484375
2015-10-13,10115.2900390625
2015-10-14,10037.58984375
2015-10-15,10101.6904296875
2015-10-16,10231.4892578125
2015-10-19,10207.2890625
2015-10-20,10100.58984375
2015-10-21,10157.4892578125
2015-10-22,10365.3896484375
2015-10-23,10476.2890625
2015-10-26,10478.2890625
2015-10-27,10322.3896484375
2015-10-28,10421.8896484375
2015-10-29,10397.189453125
2015-10-30,10360.689453125
2015-11-02,10418.189453125
2015-11-03,10465.189453125
2015-11-04,10473.4892578125
2015-11-05,10431.189453125
2015-11-06,10453.189453125
2015-11-09,10325.189453125
2015-11-10,10336.7890625
2015-11-11,10377.189453125
2015-11-12,10143.9892578125
2015-11-13,10111.390625
2015-11-16,10124.4892578125
2015-11-17,10363.7890625
2015-11-18,10261.0888671875
2015-11-19,10354.689453125
2015-11-20,10290.2890625
2015-11-23,10277.3896484375
2015-11-24,10207.189453125
2015-11-25,10227.2890625
2015-11-26,10332.2890625
2015-11-27,10310.689453125
2015-11-30,10386.8896484375
2015-12-01,10379.189453125
2015-12-02,10341.9892578125
2015-12-03,10092.890625
2015-12-04,10078.6904296875
2015-12-07,10042.390625
2015-12-08,9837.08984375
2015-12-09,9835.490234375
2015-12-10,9778.6904296875
2015-12-11,9630.6904296875
2015-12-14,9428.490234375
2015-12-15,9711.58984375
2015-12-16,9710.990234375
2015-12-17,9878.490234375
2015-12-18,9717.08984375
2015-12-21,9365.7900390625
2015-12-22,9415.58984375
2015-12-23,9640.990234375
2015-12-24,9682.890625
2015-12-28,9552.490234375
2015-12-29,9670.390625
2015-12-30,9641.890625
2015-12-31,9544.1904296875
2016-01-04,9313.1904296875
2016-01-05,9335.1904296875
2016-01-06,9197.390625
2016-01-07,9059.291015625
2016-01-08,8909.19140625
2016-01-11,8886.0908203125
2016-01-12,8915.3916015625
2016-01-13,8934.4912109375
2016-01-14,8787.69140625
2016-01-15,8543.5908203125
2016-01-18,8469.291015625
2016-01-19,8554.8916015625
2016-01-20,8281.3916015625
2016-01-21,8444.19140625
2016-01-22,8722.8916015625
2016-01-25,8567.69140625
2016-01-26,8692.4912109375
2016-01-27,8740.9912109375
2016-01-28,8590.5908203125
2016-01-29,8815.791015625
2016-02-01,8788.4912109375
2016-02-02,8528.69140625
2016-02-03,8314.4912109375
2016-02-04,8468.0908203125
2016-02-05,8499.4912109375
2016-02-08,8122.091796875
2016-02-09,7927.59228515625
2016-02-10,8143.69189453125
2016-02-11,7746.2919921875
2016-02-12,7920.7919921875
2016-02-15,8179.19189453125
2016-02-16,8137.591796875
2016-02-17,8364.8916015625
2016-02-18,8295.3916015625
2016-02-19,8194.19140625
2016-02-22,8386.9912109375
2016-02-23,8267.5908203125
2016-02-24,8013.69189453125
2016-02-25,8215.5908203125
2016-02-26,8349.19140625
2016-02-29,8461.3916015625
2016-03-01,8610.9912109375
2016-03-02,8764.4912109375
2016-03-03,8766.9912109375
2016-03-04,8811.5908203125
2016-03-07,8786.791015625
2016-03-08,8740.291015625
2016-03-09,8761.0908203125
2016-03-10,8766.8916015625
2016-03-11,9090.5908203125
2016-03-14,9142.69140625
2016-03-15,8988.291015625
2016-03-16,8962.791015625
2016-03-17,8978.791015625
2016-03-18,9051.0908203125
2016-03-21,9020.9912109375
2016-03-22,8991.9912109375
2016-03-23,8927.0908203125
2016-03-24,8789.791015625
2016-03-29,8808.291015625
2016-03-30,8870.19140625
2016-03-31,8723.0908203125
2016-04-01,8602.291015625
2016-04-04,8597.4912109375
2016-04-05,8387.69140625
2016-04-06,8398.5908203125
2016-04-07,8292.8916015625
2016-04-08,8427.5908203125
2016-04-11,8497.5908203125
2016-04-12,8546.291015625
2016-04-13,8820.69140625
2016-04-14,8861.4912109375
2016-04-15,8850.8916015625
2016-04-18,8881.5908203125
2016-04-19,8971.291015625
2016-04-20,9147.19140625
2016-04-21,9197.1904296875
2016-04-22,9232.7900390625
2016-04-25,9139.9912109375
2016-04-26,9282.990234375
2016-04-27,9332.58984375
2016-04-28,9268.990234375
2016-04-29,9025.69140625
2016-05-02,9022.0908203125
2016-05-03,8764.8916015625
2016-05-04,8654.291015625
2016-05-05,8689.3916015625
2016-05-06,8702.0908203125
2016-05-09,8660.791015625
2016-05-10,8775.19140625
2016-05-11,8663.8916015625
2016-05-12,8663.0908203125
2016-05-13,8721.4912109375
2016-05-16,8682.0908203125
2016-05-17,8698.69140625
2016-05-18,8775.0908203125
2016-05-19,8674.69140625
2016-05-20,8771.19140625
2016-05-23,8713.9912109375
2016-05-24,8918.0908203125
2016-05-25,9124.9912109375
2016-05-26,9079.19140625
2016-05-27,9107.291015625
2016-05-30,9116.8916015625
2016-05-31,9033.9912109375
2016-06-01,8916.8916015625
2016-06-02,8957.8916015625
2016-06-03,8801.5908203125
2016-06-06,8823.4912109375
2016-06-07,8894.4912109375
2016-06-08,8831.3916015625
2016-06-09,8769.4912109375
2016-06-10,8490.4912109375
2016-06-13,8303.791015625
2016-06-14,8126.69189453125
2016-06-15,8250.791015625
2016-06-16,8199.8916015625
2016-06-17,8361.9912109375
2016-06-20,8647.0908203125
2016-06-21,8667.291015625
2016-06-22,8701.9912109375
2016-06-23,8885.291015625
2016-06-24,7787.7001953125
2016-06-27,7645.5
2016-06-28,7835.0
2016-06-29,8105.2998046875
2016-06-30,8163.2998046875
2016-07-01,8268.900390625
2016-07-04,8255.900390625
2016-07-05,8067.60009765625
2016-07-06,7926.2001953125
2016-07-07,8008.2001953125
2016-07-08,8185.89990234375
2016-07-11,8305.099609375
2016-07-12,8506.0
2016-07-13,8473.900390625
2016-07-14,8552.2998046875
2016-07-15,8531.0
2016-07-18,8524.400390625
2016-07-19,8485.2001953125
2016-07-20,8575.5
2016-07-21,8583.599609375
2016-07-22,8599.900390625
2016-07-25,8575.7001953125
2016-07-26,8560.2001953125
2016-07-27,8661.400390625
2016-07-28,8479.2001953125
2016-07-29,8587.2001953125
2016-08-01,8513.400390625
2016-08-02,8277.2998046875
2016-08-03,8263.5
2016-08-04,8385.5
2016-08-05,8539.400390625
2016-08-08,8562.5
2016-08-09,8665.400390625
2016-08-10,8658.900390625
2016-08-11,8719.5
2016-08-12,8716.400390625
2016-08-15,8720.599609375
2016-08-16,8621.7001953125
2016-08-17,8487.0
2016-08-18,8550.099609375
2016-08-19,8450.599609375
2016-08-22,8468.0
2016-08-23,8580.900390625
2016-08-24,8655.5
2016-08-25,8599.5
2016-08-26,8659.5
2016-08-29,8616.400390625
2016-08-30,8685.400390625
2016-08-31,8716.7998046875
2016-09-01,8762.7998046875
2016-09-02,8908.900390625
2016-09-05,8953.2998046875
2016-09-06,8899.5
2016-09-07,9015.2998046875
2016-09-08,9101.099609375
2016-09-09,9025.5
2016-09-12,8866.599609375
2016-09-13,8724.2001953125
2016-09-14,8702.400390625
2016-09-15,8720.5
2016-09-16,8633.400390625
2016-09-19,8715.5
2016-09-20,8686.099609375
2016-09-21,8758.5
2016-09-22,8934.900390625
2016-09-23,8823.599609375
2016-09-26,8711.400390625
2016-09-27,8688.2001953125
2016-09-28,8740.400390625
2016-09-29,8796.2998046875
2016-09-30,8779.400390625
2016-10-03,8751.599609375
2016-10-04,8769.0
2016-10-05,8778.2998046875
2016-10-06,8757.400390625
2016-10-07,8624.2998046875
2016-10-10,8701.5
2016-10-11,8693.2001953125
2016-10-12,8686.5
2016-10-13,8608.7001953125
2016-10-14,8767.900390625
2016-10-17,8740.7001953125
2016-10-18,8865.2998046875
2016-10-19,8950.099609375
2016-10-20,9061.2001953125
2016-10-21,9100.400390625
2016-10-24,9216.2001953125
2016-10-25,9139.7001953125
2016-10-26,9173.2998046875
2016-10-27,9197.2001953125
2016-10-28,9201.2998046875
2016-10-31,9143.2998046875
2016-11-01,9040.7001953125
2016-11-02,8873.400390625
2016-11-03,8879.900390625
2016-11-04,8791.599609375
2016-11-07,8918.7998046875
2016-11-08,8937.0
2016-11-09,8901.5
2016-11-10,8756.7998046875
2016-11-11,8639.2001953125
2016-11-14,8658.2001953125
2016-11-15,8687.099609375
2016-11-16,8638.5
2016-11-17,8718.0
2016-11-18,8622.900390625
2016-11-21,8614.599609375
2016-11-22,8651.5
2016-11-23,8627.5
2016-11-24,8657.2001953125
2016-11-25,8674.400390625
2016-11-28,8619.2998046875
2016-11-29,8667.0
2016-11-30,8688.2001953125
2016-12-01,8669.2001953125
2016-12-02,8607.099609375
2016-12-05,8664.7001953125
2016-12-06,8893.2998046875
2016-12-07,8960.400390625
2016-12-08,9145.400390625
2016-12-09,9169.599609375
2016-12-12,9186.400390625
2016-12-13,9331.2998046875
2016-12-14,9218.400390625
2016-12-15,9340.7998046875
2016-12-16,9412.7998046875
2016-12-19,9336.7001953125
2016-12-20,9407.900390625
2016-12-21,9371.7001953125
2016-12-22,9333.599609375
2016-12-23,9367.7001953125
2016-12-27,9376.599609375
2016-12-28,9344.900390625
2016-12-29,9327.099609375
2016-12-30,9352.099609375
2017-01-03,9494.7001953125
2017-01-04,9462.900390625
2017-01-05,9488.2001953125
2017-01-06,9515.900390625
2017-01-09,9492.7998046875
2017-01-10,9452.0
2017-01-11,9408.599609375
2017-01-12,9407.400390625
2017-01-13,9511.599609375
2017-01-16,9410.0
2017-01-17,9394.900390625
2017-01-18,9386.2001953125
2017-01-19,9379.099609375
2017-01-20,9380.099609375
2017-01-23,9304.7998046875
2017-01-24,9387.2001953125
2017-01-25,9549.2998046875
2017-01-26,9512.7998046875
2017-01-27,9504.099609375
2017-01-30,9361.2998046875
2017-01-31,9315.2001953125
2017-02-01,9330.7998046875
2017-02-02,9406.400390625
2017-02-03,9462.7001953125
2017-02-06,9357.2998046875
2017-02-07,9331.5
2017-02-08,9329.7001953125
2017-02-09,9438.400390625
2017-02-10,9378.099609375
2017-02-13,9484.099609375
2017-02-14,9510.2001953125
2017-02-15,9584.099609375
2017-02-16,9554.7001953125
2017-02-17,9500.2998046875
2017-02-20,9526.599609375
2017-02-21,9561.0
2017-02-22,9477.2001953125
2017-02-23,9493.400390625
2017-02-24,9453.5
2017-02-27,9464.2998046875
2017-02-28,9555.5
2017-03-01,9751.5
2017-03-02,9716.0
2017-03-03,9798.5
2017-03-06,9804.099609375
2017-03-07,9801.7001953125
2017-03-08,9850.5
2017-03-09,9998.400390625
2017-03-10,10006.400390625
2017-03-13,9995.900390625
2017-03-14,9905.099609375
2017-03-15,9983.2001953125
2017-03-16,10168.0
2017-03-17,10245.7998046875
2017-03-20,10214.0
2017-03-21,10211.900390625
2017-03-22,10229.2998046875
2017-03-23,10324.900390625
2017-03-24,10309.400390625
2017-03-27,10302.900390625
2017-03-28,10389.0
2017-03-29,10367.599609375
2017-03-30,10405.900390625
2017-03-31,10462.900390625
2017-04-03,10325.2998046875
2017-04-04,10361.2001953125
2017-04-05,10402.7001953125
2017-04-06,10518.900390625
2017-04-07,10529.0
2017-04-10,10437.7001953125
2017-04-11,10416.2998046875
2017-04-12,10360.5
2017-04-13,10326.099609375
2017-04-18,10264.5
2017-04-19,10370.2998046875
2017-04-20,10372.5
2017-04-21,10377.0
2017-04-24,10766.7998046875
2017-04-25,10783.099609375
2017-04-26,10763.400390625
2017-04-27,10683.900390625
2017-04-28,10715.7998046875
2017-05-02,10820.2998046875
2017-05-03,10837.0
2017-05-04,11012.900390625
2017-05-05,11135.400390625
2017-05-08,11096.2998046875
2017-05-09,11049.2001953125
2017-05-10,11034.7998046875
2017-05-11,10861.400390625
2017-05-12,10897.0
2017-05-15,10957.7998046875
2017-05-16,10982.400390625
2017-05-17,10786.099609375
2017-05-18,10684.900390625
2017-05-19,10835.400390625
2017-05-22,10793.400390625
2017-05-23,10916.2998046875
2017-05-24,10907.400390625
2017-05-25,10937.7001953125
2017-05-26,10904.2001953125
2017-05-29,10884.0
2017-05-30,10876.900390625
2017-05-31,10880.0
2017-06-01,10881.0
2017-06-02,10905.900390625
2017-06-05,10884.7001953125
2017-06-06,10879.7001953125
2017-06-07,10871.7001953125
2017-06-08,10953.099609375
2017-06-09,10978.2998046875
2017-06-12,10842.400390625
2017-06-13,10882.099609375
2017-06-14,10775.7998046875
2017-06-15,10699.599609375
2017-06-16,10759.400390625
2017-06-19,10848.900390625
2017-06-20,10746.099609375
2017-06-21,10740.7001953125
2017-06-22,10709.900390625
2017-06-23,10630.7998046875
2017-06-26,10696.599609375
2017-06-27,10647.900390625
2017-06-28,10702.7001953125
2017-06-29,10531.099609375
2017-06-30,10444.5
2017-07-03,10604.2001953125
2017-07-04,10566.7001953125
2017-07-05,10523.599609375
2017-07-06,10498.400390625
2017-07-07,10488.7998046875
2017-07-10,10509.5
2017-07-11,10449.099609375
2017-07-12,10560.400390625
2017-07-13,10658.2998046875
2017-07-14,10655.099609375
2017-07-17,10651.2001953125
2017-07-18,10524.5
2017-07-19,10588.099609375
2017-07-20,10564.7998046875
2017-07-21,10426.599609375
2017-07-24,10446.5
2017-07-25,10523.400390625
2017-07-26,10575.400390625
2017-07-27,10603.400390625
2017-07-28,10536.099609375
2017-07-31,10502.2001953125
2017-08-01,10586.7001953125
2017-08-02,10513.900390625
2017-08-03,10549.099609375
2017-08-04,10658.400390625
2017-08-07,10676.5
2017-08-08,10734.7001953125
2017-08-09,10596.0
2017-08-10,10450.0
2017-08-11,10282.900390625
2017-08-14,10461.2001953125
2017-08-15,10481.5
2017-08-16,10544.2998046875
2017-08-17,10443.7998046875
2017-08-18,10385.7001953125
2017-08-21,10360.2001953125
2017-08-22,10409.7998046875
2017-08-23,10338.099609375
2017-08-24,10357.400390625
2017-08-25,10345.2998046875
2017-08-28,10285.900390625
2017-08-29,10192.599609375
2017-08-30,10245.7998046875
2017-08-31,10299.5
2017-09-01,10325.5
2017-09-04,10243.2001953125
2017-09-05,10179.7998046875
2017-09-06,10131.0
2017-09-07,10124.900390625
2017-09-08,10129.599609375
2017-09-11,10322.599609375
2017-09-12,10336.2001953125
2017-09-13,10371.0
2017-09-14,10361.099609375
2017-09-15,10317.400390625
2017-09-18,10338.400390625
2017-09-19,10378.400390625
2017-09-20,10292.099609375
2017-09-21,10297.0
2017-09-22,10305.0
2017-09-25,10216.5
2017-09-26,10189.599609375
2017-09-27,10368.900390625
2017-09-28,10328.5
2017-09-29,10381.5
2017-10-02,10255.7001953125
2017-10-03,10257.5
2017-10-04,9964.900390625
2017-10-05,10214.7001953125
2017-10-06,10185.5
2017-10-09,10236.0
2017-10-10,10142.2998046875
2017-10-11,10278.400390625
2017-10-12,10275.900390625
2017-10-13,10258.0
2017-10-16,10181.400390625
2017-10-17,10216.7998046875
2017-10-18,10273.400390625
2017-10-19,10197.5
2017-10-20,10222.7001953125
2017-10-23,10161.400390625
2017-10-24,10205.7001953125
2017-10-25,10153.2998046875
2017-10-26,10347.7998046875
2017-10-27,10197.5
2017-10-30,10446.0
2017-10-31,10523.5
2017-11-01,10506.7001953125
2017-11-02,10457.7998046875
2017-11-03,10357.7998046875
2017-11-06,10316.5
2017-11-07,10230.7001953125
2017-11-08,10228.7001953125
2017-11-09,10141.099609375
2017-11-10,10092.7001953125
2017-11-13,10049.900390625
2017-11-14,9990.400390625
2017-11-15,10013.900390625
2017-11-16,10088.7001953125
2017-11-17,10010.400390625
2017-11-20,10025.5
2017-11-21,9993.400390625
2017-11-22,10013.900390625
2017-11-23,10032.7998046875
2017-11-24,10053.5
2017-11-27,10063.099609375
2017-11-28,10144.400390625
2017-11-29,10267.7001953125
2017-11-30,10211.0
2017-12-01,10085.0
2017-12-04,10208.599609375
2017-12-05,10211.2998046875
2017-12-06,10184.0
2017-12-07,10262.599609375
2017-12-08,10321.099609375
2017-12-11,10306.900390625
2017-12-12,10288.2998046875
2017-12-13,10260.5
2017-12-14,10176.5
2017-12-15,10150.400390625
2017-12-18,10244.099609375
2017-12-19,10234.2998046875
2017-12-20,10207.7001953125
2017-12-21,10304.599609375
2017-12-22,10182.0
2017-12-27,10165.2001953125
2017-12-28,10093.099609375
2017-12-29,10043.900390625
2018-01-02,10079.099609375
2018-01-03,10116.0
2018-01-04,10314.400390625
2018-01-05,10411.400390625
2018-01-08,10398.400390625
2018-01-09,10426.5
2018-01-10,10428.2998046875
2018-01-11,10435.2001953125
2018-01-12,10462.400390625
2018-01-15,10467.2001953125
2018-01-16,10520.400390625
2018-01-17,10474.599609375
2018-01-18,10432.7001953125
2018-01-19,10479.5
2018-01-22,10584.0
2018-01-23,10609.5
2018-01-24,10563.0
2018-01-25,10595.2998046875
2018-01-26,10595.400390625
2018-01-29,10555.599609375
2018-01-30,10428.2001953125
2018-01-31,10451.5
2018-02-01,10399.0
2018-02-02,10211.2001953125
2018-02-05,10064.5
2018-02-06,9810.0
2018-02-07,9976.900390625
2018-02-08,9756.2998046875
2018-02-09,9639.599609375
2018-02-12,9771.099609375
2018-02-13,9650.7001953125
2018-02-14,9686.2001953125
2018-02-15,9714.900390625
2018-02-16,9832.099609375
2018-02-19,9806.2001953125
2018-02-20,9895.2998046875
2018-02-21,9823.2998046875
2018-02-22,9876.5
2018-02-23,9822.400390625
2018-02-26,9902.400390625
2018-02-27,9900.2001953125
2018-02-28,9840.2998046875
2018-03-01,9738.599609375
2018-03-02,9531.099609375
2018-03-05,9590.7998046875
2018-03-06,9586.7998046875
2018-03-07,9599.2998046875
2018-03-08,9646.2001953125
2018-03-09,9686.099609375
2018-03-12,9727.5
2018-03-13,9691.7001953125
2018-03-14,9688.5
2018-03-15,9684.2001953125
2018-03-16,9761.0
2018-03-19,9664.099609375
2018-03-20,9681.599609375
2018-03-21,9630.900390625
2018-03-22,9487.400390625
2018-03-23,9393.099609375
2018-03-26,9381.0
2018-03-27,9473.599609375
2018-03-28,9555.0
2018-03-29,9600.400390625
2018-04-03,9549.599609375
2018-04-04,9513.2998046875
2018-04-05,9740.900390625
2018-04-06,9682.7998046875
2018-04-09,9742.7998046875
2018-04-10,9763.5
2018-04-11,9735.7998046875
2018-04-12,9747.0
2018-04-13,9767.2998046875
2018-04-16,9766.099609375
2018-04-17,9803.900390625
2018-04-18,9857.2998046875
2018-04-19,9868.0
2018-04-20,9884.2001953125
2018-04-23,9922.0
2018-04-24,9883.400390625
2018-04-25,9858.0
2018-04-26,9902.2998046875
2018-04-27,9925.400390625
2018-04-30,9980.599609375
2018-05-02,10088.900390625
2018-05-03,10038.7998046875
2018-05-04,10104.099609375
2018-05-07,10140.900390625
2018-05-08,10168.099609375
2018-05-09,10221.2001953125
2018-05-10,10246.599609375
2018-05-11,10271.400390625
2018-05-14,10257.7998046875
2018-05-15,10207.599609375
2018-05-16,10111.0
2018-05-17,10216.400390625
2018-05-18,10112.400390625
2018-05-21,10066.5
2018-05-22,10138.7998046875
2018-05-23,10025.0
2018-05-24,9996.0
2018-05-25,9826.5
2018-05-28,9764.400390625
2018-05-29,9521.2998046875
2018-05-30,9566.2001953125
2018-05-31,9465.5
2018-06-01,9632.400390625
2018-06-04,9750.2998046875
2018-06-05,9686.400390625
2018-06-06,9791.599609375
2018-06-07,9829.0
2018-06-08,9746.2998046875
2018-06-11,9898.2998046875
2018-06-12,9914.400390625
2018-06-13,9899.099609375
2018-06-14,9957.7001953125
2018-06-15,9851.0
2018-06-18,9769.400390625
2018-06-19,9755.400390625
2018-06-20,9788.900390625
2018-06-21,9702.099609375
2018-06-22,9792.099609375
2018-06-25,9617.900390625
2018-06-26,9637.400390625
2018-06-27,9658.599609375
2018-06-28,9589.0
2018-06-29,9622.7001953125
2018-07-02,9558.2998046875
2018-07-03,9660.900390625
2018-07-04,9757.5
2018-07-05,9866.2001953125
2018-07-06,9905.0
2018-07-09,9927.0
2018-07-10,9889.2998046875
2018-07-11,9733.599609375
2018-07-12,9767.400390625
2018-07-13,9734.7998046875
2018-07-16,9716.900390625
2018-07-17,9719.400390625
2018-07-18,9753.2001953125
2018-07-19,9721.099609375
2018-07-20,9724.7998046875
2018-07-23,9726.099609375
2018-07-24,9773.099609375
2018-07-25,9703.099609375
2018-07-26,9780.0
2018-07-27,9867.900390625
2018-07-30,9854.099609375
2018-07-31,9870.7001953125
2018-08-01,9799.2998046875
2018-08-02,9698.2001953125
2018-08-03,9739.7998046875
2018-08-06,9722.7001953125
2018-08-07,9772.7998046875
2018-08-08,9747.099609375
2018-08-09,9754.599609375
2018-08-10,9602.099609375
2018-08-13,9530.400390625
2018-08-14,9507.0
2018-08-15,9386.7998046875
2018-08-16,9427.400390625
2018-08-17,9417.2998046875
2018-08-20,9468.599609375
2018-08-21,9549.0
2018-08-22,9580.2001953125
2018-08-23,9567.2998046875
2018-08-24,9589.5
2018-08-27,9659.7998046875
2018-08-28,9606.5
2018-08-29,9569.5
2018-08-30,9467.599609375
2018-08-31,9399.099609375
2018-09-03,9376.099609375
2018-09-04,9376.2998046875
2018-09-05,9301.2998046875
2018-09-06,9208.7001953125
2018-09-07,9171.2001953125
2018-09-10,9270.7998046875
2018-09-11,9284.099609375
2018-09-12,9306.7998046875
2018-09-13,9329.2001953125
2018-09-14,9365.2998046875
2018-09-17,9404.599609375
2018-09-18,9447.5
2018-09-19,9486.2998046875
2018-09-20,9583.7001953125
2018-09-21,9590.400390625
2018-09-24,9512.7998046875
2018-09-25,9493.599609375
2018-09-26,9524.7998046875
2018-09-27,9527.5
2018-09-28,9389.2001953125
2018-10-01,9407.0
2018-10-02,9305.5
2018-10-03,9361.099609375
2018-10-04,9314.5
2018-10-05,9253.900390625
2018-10-08,9199.2001953125
2018-10-09,9260.5
2018-10-10,9162.900390625
2018-10-11,9007.900390625
2018-10-12,8902.0
2018-10-15,8923.7001953125
2018-10-16,9074.7001953125
2018-10-17,8997.2001953125
2018-10-18,8889.599609375
2018-10-19,8892.099609375
2018-10-22,8806.5
2018-10-23,8726.099609375
2018-10-24,8677.400390625
2018-10-25,8785.2001953125
2018-10-26,8730.400390625
2018-10-29,8821.2001953125
2018-10-30,8806.099609375
2018-10-31,8893.5
2018-11-01,8954.7998046875
2018-11-02,8993.0
2018-11-05,9010.7001953125
2018-11-06,8988.900390625
2018-11-07,9167.900390625
2018-11-08,9177.0
2018-11-09,9134.7998046875
2018-11-12,9076.2998046875
2018-11-13,9145.400390625
2018-11-14,9106.599609375
2018-11-15,9073.5
2018-11-16,9056.7998046875
2018-11-19,9006.2998046875
2018-11-20,8866.5
2018-11-21,8960.599609375
2018-11-22,8906.2001953125
2018-11-23,8916.7001953125
2018-11-26,9091.2001953125
2018-11-27,9085.599609375
2018-11-28,9102.7001953125
2018-11-29,9098.900390625
2018-11-30,9077.2001953125
2018-12-03,9179.599609375
2018-12-04,9061.7001953125
2018-12-05,9012.2001953125
2018-12-06,8764.5
2018-12-07,8815.5
2018-12-10,8660.0
2018-12-11,8735.5
2018-12-12,8853.400390625
2018-12-13,8926.2998046875
2018-12-14,8886.099609375
2018-12-17,8812.5
2018-12-18,8700.7998046875
2018-12-19,8769.099609375
2018-12-20,8596.5
2018-12-21,8556.7998046875
2018-12-24,8480.599609375
2018-12-27,8363.900390625
2018-12-28,8493.7001953125
2018-12-31,8539.900390625
2019-01-02,8550.0
2019-01-03,8523.2998046875
2019-01-04,8737.7998046875
2019-01-07,8776.2998046875
2019-01-08,8847.2998046875
2019-01-09,8823.599609375
2019-01-10,8856.7998046875
2019-01-11,8877.099609375
2019-01-14,8818.599609375
2019-01-15,8850.099609375
2019-01-16,8912.7001953125
2019-01-17,8908.599609375
2019-01-18,9069.099609375
2019-01-21,9053.7998046875
2019-01-22,9037.5
2019-01-23,9128.7998046875
2019-01-24,9150.0
2019-01-25,9185.2001953125
2019-01-28,9062.400390625
2019-01-29,9119.099609375
2019-01-30,9071.5
2019-01-31,9056.7001953125
2019-02-01,9019.400390625
2019-02-04,8975.2001953125
2019-02-05,9092.0
2019-02-06,9100.900390625
2019-02-07,8938.2998046875
2019-02-08,8856.7998046875
2019-02-11,8936.400390625
2019-02-12,8983.099609375
2019-02-13,8982.400390625
2019-02-14,8952.5
2019-02-15,9123.2001953125
2019-02-18,9155.5
2019-02-19,9136.400390625
2019-02-20,9181.099609375
2019-02-21,9191.2001953125
2019-02-22,9204.599609375
2019-02-25,9204.2998046875
2019-02-26,9227.2001953125
2019-02-27,9211.7001953125
2019-02-28,9277.7001953125
2019-03-01,9267.7001953125
2019-03-04,9259.7998046875
2019-03-05,9258.2001953125
2019-03-06,9296.7001953125
2019-03-07,9249.900390625
2019-03-08,9129.2998046875
2019-03-11,9171.900390625
2019-03-12,9161.7001953125
2019-03-13,9192.7001953125
2019-03-14,9209.7998046875
2019-03-15,9342.2001953125
2019-03-18,9409.099609375
2019-03-19,9492.2998046875
2019-03-20,9405.599609375
2019-03-21,9355.599609375
2019-03-22,9199.400390625
2019-03-25,9179.900390625
2019-03-26,9183.099609375
2019-03-27,9229.900390625
2019-03-28,9174.7001953125
2019-03-29,9240.2998046875
2019-04-01,9341.7001953125
2019-04-02,9363.5
2019-04-03,9487.7998046875
2019-04-04,9534.099609375
2019-04-05,9510.2998046875
2019-04-08,9437.7001953125
2019-04-09,9407.7998046875
2019-04-10,9406.5
2019-04-11,9445.400390625
2019-04-12,9468.5
2019-04-15,9497.099609375
2019-04-16,9497.2998046875
2019-04-17,9549.7998046875
2019-04-18,9581.900390625
2019-04-23,9527.2001953125
2019-04-24,9456.400390625
2019-04-25,9501.2001953125
2019-04-26,9506.0
2019-04-29,9517.2001953125
2019-04-30,9570.599609375
2019-05-02,9418.2001953125
2019-05-03,9409.599609375
2019-05-06,9331.0
2019-05-07,9235.099609375
2019-05-08,9227.0
2019-05-09,9095.2001953125
2019-05-10,9117.5
2019-05-13,9046.7998046875
2019-05-14,9127.599609375
2019-05-15,9177.099609375
2019-05-16,9304.2998046875
2019-05-17,9280.099609375
2019-05-20,9199.7001953125
2019-05-21,9239.099609375
2019-05-22,9232.2001953125
2019-05-23,9114.0
2019-05-24,9174.599609375
2019-05-27,9216.400390625
2019-05-28,9191.7998046875
2019-05-29,9080.5
2019-05-30,9157.7998046875
2019-05-31,9004.2001953125
2019-06-03,9022.7998046875
2019-06-04,9117.599609375
2019-06-05,9150.5
2019-06-06,9169.2001953125
2019-06-07,9236.099609375
2019-06-10,9294.099609375
2019-06-11,9282.099609375
2019-06-12,9238.5
2019-06-13,9247.099609375
2019-06-14,9194.2001953125
2019-06-17,9131.7001953125
2019-06-18,9240.7001953125
2019-06-19,9231.2001953125
2019-06-20,9208.5
2019-06-21,9227.2001953125
2019-06-24,9192.5
2019-06-25,9159.7998046875
2019-06-26,9157.400390625
2019-06-27,9147.7998046875
2019-06-28,9198.7998046875
2019-07-01,9264.599609375
2019-07-02,9281.5
2019-07-03,9394.400390625
2019-07-04,9401.0
2019-07-05,9335.0
2019-07-08,9284.7001953125
2019-07-09,9273.900390625
2019-07-10,9252.900390625
2019-07-11,9280.2998046875
2019-07-12,9293.2001953125
2019-07-15,9323.599609375
2019-07-16,9377.099609375
2019-07-17,9284.2001953125
2019-07-18,9225.7001953125
2019-07-19,9170.5
2019-07-22,9163.5
2019-07-23,9281.599609375
2019-07-24,9329.7001953125
2019-07-25,9289.900390625
2019-07-26,9225.5
2019-07-29,9215.400390625
2019-07-30,8986.599609375
2019-07-31,8971.0
2019-08-01,9038.2001953125
2019-08-02,8897.599609375
2019-08-05,8777.2001953125
2019-08-06,8699.400390625
2019-08-07,8746.099609375
2019-08-08,8869.0
2019-08-09,8757.7998046875
2019-08-12,8676.400390625
2019-08-13,8695.099609375
2019-08-14,8522.7001953125
2019-08-15,8519.0
2019-08-16,8670.400390625
2019-08-19,8733.2998046875
2019-08-20,8618.2998046875
2019-08-21,8701.5
2019-08-22,8716.400390625
2019-08-23,8649.5
2019-08-26,8679.2001953125
2019-08-27,8728.900390625
2019-08-28,8747.099609375
2019-08-29,8794.2998046875
2019-08-30,8812.900390625
2019-09-02,8815.5
2019-09-03,8809.2001953125
2019-09-04,8856.599609375
2019-09-05,8992.7001953125
2019-09-06,8990.099609375
2019-09-09,9010.599609375
2019-09-10,9078.2001953125
2019-09-11,9059.5
2019-09-12,9082.2998046875
2019-09-13,9137.900390625
2019-09-16,9052.0
2019-09-17,9004.2001953125
2019-09-18,9031.7001953125
2019-09-19,9136.0
2019-09-20,9179.0
2019-09-23,9093.599609375
2019-09-24,9118.2001953125
2019-09-25,9085.2998046875
2019-09-26,9129.7001953125
2019-09-27,9184.099609375
2019-09-30,9244.599609375
2019-10-01,9165.900390625
2019-10-02,8912.2001953125
2019-10-03,8902.2001953125
2019-10-04,8961.7998046875
2019-10-07,9044.099609375
2019-10-08,8940.099609375
2019-10-09,8991.900390625
2019-10-10,9104.400390625
2019-10-11,9273.7998046875
2019-10-14,9246.5
2019-10-15,9356.099609375
2019-10-16,9386.7001953125
2019-10-17,9340.0
2019-10-18,9329.7998046875
2019-10-21,9402.2998046875
2019-10-22,9380.2001953125
2019-10-23,9385.0
2019-10-24,9391.7998046875
2019-10-25,9430.2001953125
2019-10-28,9433.0
2019-10-29,9400.099609375
2019-10-30,9284.5
2019-10-31,9257.5
2019-11-01,9328.0
2019-11-04,9416.400390625
2019-11-05,9407.900390625
2019-11-06,9398.400390625
2019-11-07,9447.2998046875
2019-11-08,9393.7001953125
2019-11-11,9388.5
2019-11-12,9306.7001953125
2019-11-13,9194.5
2019-11-14,9173.2998046875
2019-11-15,9261.400390625
2019-11-18,9258.0
2019-11-19,9259.2001953125
2019-11-20,9225.400390625
2019-11-21,9214.0
2019-11-22,9254.7001953125
2019-11-25,9319.900390625
2019-11-26,9324.7998046875
2019-11-27,9362.7001953125
2019-11-28,9359.0
2019-11-29,9352.0
2019-12-02,9156.2998046875
2019-12-03,9135.7001953125
2019-12-04,9270.7998046875
2019-12-05,9243.400390625
2019-12-06,9382.7001953125
2019-12-09,9354.599609375
2019-12-10,9321.099609375
2019-12-11,9392.5
2019-12-12,9468.5
2019-12-13,9563.7001953125
2019-12-16,9680.599609375
2019-12-17,9615.900390625
2019-12-18,9621.7998046875
2019-12-19,9617.2001953125
2019-12-20,9675.5
2019-12-23,9659.599609375
2019-12-24,9661.7998046875
2019-12-27,9700.5
2019-12-30,9612.599609375
2019-12-31,9549.2001953125
2020-01-02,9691.2001953125
2020-01-03,9646.599609375
2020-01-06,9600.900390625
2020-01-07,9579.7998046875
2020-01-08,9591.400390625
2020-01-09,9581.7998046875
2020-01-10,9573.599609375
2020-01-13,9543.900390625
2020-01-14,9528.2998046875
2020-01-15,9511.7001953125
2020-01-16,9572.5
2020-01-17,9681.2998046875
2020-01-20,9658.7998046875
2020-01-21,9611.2998046875
2020-01-22,9573.7001953125
2020-01-23,9518.5
2020-01-24,9562.0
2020-01-27,9366.2998046875
2020-01-28,9484.2001953125
2020-01-29,9546.7001953125
2020-01-30,9477.900390625
2020-01-31,9367.900390625
2020-02-03,9404.7001953125
2020-02-04,9562.900390625
2020-02-05,9717.7998046875
2020-02-06,9811.2998046875
2020-02-07,9811.0
2020-02-10,9816.0
2020-02-11,9882.599609375
2020-02-12,9940.400390625
2020-02-13,9909.7998046875
2020-02-14,9956.7998046875
2020-02-17,10022.2001953125
2020-02-18,10005.7998046875
2020-02-19,10083.599609375
2020-02-20,9931.0
2020-02-21,9886.2001953125
2020-02-24,9483.5
2020-02-25,9250.7998046875
2020-02-26,9316.7998046875
2020-02-27,8985.900390625
2020-02-28,8723.2001953125
2020-03-02,8741.5
2020-03-03,8811.599609375
2020-03-04,8910.0
2020-03-05,8683.0
2020-03-06,8375.599609375
2020-03-09,7708.7001953125
2020-03-10,7461.5
2020-03-11,7436.39990234375
2020-03-12,6390.89990234375
2020-03-13,6629.60009765625
2020-03-16,6107.2001953125
2020-03-17,6498.5
2020-03-18,6274.7998046875
2020-03-19,6395.7998046875
2020-03-20,6443.2998046875
2020-03-23,6230.2001953125
2020-03-24,6717.2998046875
2020-03-25,6942.39990234375
2020-03-26,7033.2001953125
2020-03-27,6777.89990234375
2020-03-30,6659.89990234375
2020-03-31,6785.39990234375
2020-04-01,6579.39990234375
2020-04-02,6574.10009765625
2020-04-03,6581.60009765625
2020-04-06,6844.2998046875
2020-04-07,7002.0
2020-04-08,6951.7998046875
2020-04-09,7070.60009765625
2020-04-14,7108.60009765625
2020-04-15,6839.5
2020-04-16,6763.39990234375
2020-04-17,6875.7998046875
2020-04-20,6831.5
2020-04-21,6634.89990234375
2020-04-22,6719.7998046875
2020-04-23,6746.5
2020-04-24,6613.89990234375
2020-04-27,6731.7998046875
2020-04-28,6836.39990234375
2020-04-29,7055.7001953125
2020-04-30,6922.2998046875
2020-05-04,6673.2998046875
2020-05-05,6747.7001953125
2020-05-06,6671.7001953125
2020-05-07,6730.89990234375
2020-05-08,6783.10009765625
2020-05-11,6672.2001953125
2020-05-12,6762.7001953125
2020-05-13,6631.39990234375
2020-05-14,6545.60009765625
2020-05-15,6474.89990234375
2020-05-18,6779.2998046875
2020-05-19,6609.10009765625
2020-05-20,6683.60009765625
2020-05-21,6686.10009765625
2020-05-22,6697.5
2020-05-25,6856.7998046875
2020-05-26,7003.89990234375
2020-05-27,7174.5
2020-05-28,7224.10009765625
2020-05-29,7096.5
2020-06-01,7221.39990234375
2020-06-02,7408.10009765625
2020-06-03,7626.39990234375
2020-06-04,7566.7998046875
2020-06-05,7872.60009765625
2020-06-08,7896.10009765625
2020-06-09,7752.2998046875
2020-06-10,7663.89990234375
2020-06-11,7278.0
2020-06-12,7292.7001953125
2020-06-15,7259.2998046875
2020-06-16,7495.2998046875
2020-06-17,7478.7001953125
2020-06-18,7390.2001953125
2020-06-19,7414.2001953125
2020-06-22,7345.7001953125
2020-06-23,7438.39990234375
2020-06-24,7195.5
2020-06-25,7270.2998046875
2020-06-26,7178.39990234375
2020-06-29,7278.10009765625
2020-06-30,7231.39990234375
2020-07-01,7227.39990234375
2020-07-02,7498.60009765625
2020-07-03,7403.5
2020-07-06,7556.2001953125
2020-07-07,7447.39990234375
2020-07-08,7326.39990234375
2020-07-09,7236.89990234375
2020-07-10,7321.10009765625
2020-07-13,7426.89990234375
2020-07-14,7352.0
2020-07-15,7487.60009765625
2020-07-16,7474.7001953125
2020-07-17,7440.39990234375
2020-07-20,7478.0
2020-07-21,7494.5
2020-07-22,7390.10009765625
2020-07-23,7384.89990234375
2020-07-24,7294.7001953125
2020-07-27,7170.60009765625
2020-07-28,7246.39990234375
2020-07-29,7206.2001953125
2020-07-30,6996.60009765625
2020-07-31,6877.39990234375
2020-08-03,6975.0
2020-08-04,7021.60009765625
2020-08-05,7039.7001953125
2020-08-06,6957.89990234375
2020-08-07,6950.5
2020-08-10,7053.89990234375
2020-08-11,7263.5
2020-08-12,7296.0
2020-08-13,7250.5
2020-08-14,7154.2998046875
2020-08-17,7090.10009765625
2020-08-18,7043.5
2020-08-19,7094.2998046875
2020-08-20,6993.2998046875
2020-08-21,6982.10009765625
2020-08-24,7109.10009765625
2020-08-25,7108.39990234375
2020-08-26,7123.0
2020-08-27,7090.7001953125
2020-08-28,7133.0
2020-08-31,6969.5
2020-09-01,6956.89990234375
2020-09-02,6996.89990234375
2020-09-03,7006.0
2020-09-04,6989.7001953125
2020-09-07,7080.7001953125
2020-09-08,6955.0
2020-09-09,7020.89990234375
2020-09-10,6999.2001953125
2020-09-11,6943.2001953125
2020-09-14,6951.10009765625
2020-09-15,7036.0
2020-09-16,7110.7998046875
2020-09-17,7086.2001953125
2020-09-18,6929.7998046875
2020-09-21,6692.2998046875
2020-09-22,6648.60009765625
2020-09-23,6654.2001953125
2020-09-24,6643.39990234375
2020-09-25,6628.2998046875
2020-09-28,6791.5
2020-09-29,6713.60009765625
2020-09-30,6716.60009765625
2020-10-01,6730.7001953125
2020-10-02,6754.5
2020-10-05,6837.89990234375
2020-10-06,6936.2001953125
2020-10-07,6910.10009765625
2020-10-08,6992.7998046875
2020-10-09,6950.89990234375
2020-10-12,6951.0
2020-10-13,6875.2001953125
2020-10-14,6916.60009765625
2020-10-15,6816.7998046875
2020-10-16,6849.7001953125
2020-10-19,6860.2001953125
2020-10-20,6927.2998046875
2020-10-21,6811.5
2020-10-22,6796.60009765625
2020-10-23,6893.39990234375
2020-10-26,6796.89990234375
2020-10-27,6651.2998046875
2020-10-28,6474.39990234375
2020-10-29,6411.7998046875
2020-10-30,6452.2001953125
2020-11-02,6585.60009765625
2020-11-03,6751.60009765625
2020-11-04,6781.89990234375
2020-11-05,6924.2001953125
2020-11-06,6870.39990234375
2020-11-09,7459.39990234375
2020-11-10,7711.39990234375
2020-11-11,7793.7001953125
2020-11-12,7726.0
2020-11-13,7783.7001953125
2020-11-16,7986.2001953125
2020-11-17,7934.2998046875
2020-11-18,7981.5
2020-11-19,7930.2001953125
2020-11-20,7977.89990234375
2020-11-23,7981.2001953125
2020-11-24,8143.2001953125
2020-11-25,8164.7001953125
2020-11-26,8104.60009765625
2020-11-27,8190.7001953125
2020-11-30,8076.89990234375
2020-12-01,8140.7998046875
2020-12-02,8220.7998046875
2020-12-03,8200.7001953125
2020-12-04,8322.900390625
2020-12-07,8275.599609375
2020-12-08,8227.599609375
2020-12-09,8235.2998046875
2020-12-10,8182.2998046875
2020-12-11,8063.10009765625
2020-12-14,8140.7998046875
2020-12-15,8152.39990234375
2020-12-16,8139.5
2020-12-17,8153.39990234375
2020-12-18,8037.39990234375
2020-12-21,7789.7998046875
2020-12-22,7934.2001953125
2020-12-23,8073.60009765625
2020-12-24,8111.5
2020-12-28,8155.60009765625
2020-12-29,8174.7998046875
2020-12-30,8154.39990234375
2020-12-31,8073.7001953125
2021-01-04,8099.2001953125
2021-01-05,8091.5
2021-01-06,8350.2998046875
2021-01-07,8385.7998046875
2021-01-08,8407.7001953125
2021-01-11,8357.5
2021-01-12,8345.900390625
2021-01-13,8361.099609375
2021-01-14,8372.400390625
2021-01-15,8230.7001953125
2021-01-18,8254.5
2021-01-19,8199.0
2021-01-20,8204.099609375
2021-01-21,8122.10009765625
2021-01-22,8036.39990234375
2021-01-25,7897.2998046875
2021-01-26,7964.89990234375
2021-01-27,7852.7001953125
2021-01-28,7932.5
2021-01-29,7757.5
2021-02-01,7798.2001953125
2021-02-02,7950.89990234375
2021-02-03,8012.7998046875
2021-02-04,8122.60009765625
2021-02-05,8214.7001953125
2021-02-08,8219.0
2021-02-09,8101.0
2021-02-10,8065.39990234375
2021-02-11,8037.60009765625
2021-02-12,8055.0
2021-02-15,8203.5
2021-02-16,8153.7001953125
2021-02-17,8122.7001953125
2021-02-18,8058.10009765625
2021-02-19,8151.60009765625
2021-02-22,8112.2001953125
2021-02-23,8252.099609375
2021-02-24,8269.599609375
2021-02-25,8317.7998046875
2021-02-26,8225.0
2021-03-01,8378.099609375
2021-03-02,8355.7998046875
2021-03-03,8329.2998046875
2021-03-04,8354.0
2021-03-05,8286.7998046875
2021-03-08,8444.2001953125
2021-03-09,8496.400390625
2021-03-10,8525.2001953125
2021-03-11,8593.0
2021-03-12,8644.5
2021-03-15,8635.400390625
2021-03-16,8657.7001953125
2021-03-17,8599.5
2021-03-18,8624.599609375
2021-03-19,8493.0
2021-03-22,8343.5
2021-03-23,8390.2998046875
2021-03-24,8443.7001953125
2021-03-25,8409.5
2021-03-26,8498.2001953125
2021-03-29,8492.099609375
2021-03-30,8595.2001953125
2021-03-31,8580.0
2021-04-01,8577.599609375
2021-04-06,8634.599609375
2021-04-07,8597.400390625
2021-04-08,8637.7998046875
2021-04-09,8565.7998046875
2021-04-12,8532.599609375
2021-04-13,8525.099609375
2021-04-14,8588.400390625
2021-04-15,8571.599609375
2021-04-16,8613.5
2021-04-19,8711.400390625
2021-04-20,8459.400390625
2021-04-21,8519.7998046875
2021-04-22,8656.7998046875
2021-04-23,8618.599609375
2021-04-26,8701.900390625
2021-04-27,8756.7001953125
2021-04-28,8799.599609375
2021-04-29,8823.2001953125
2021-04-30,8815.0
2021-05-03,8893.7001953125
2021-05-04,8830.400390625
2021-05-05,8967.7998046875
2021-05-06,8982.2001953125
2021-05-07,9059.2001953125
2021-05-10,9144.2998046875
2021-05-11,8987.2001953125
2021-05-12,9007.7001953125
2021-05-13,8966.2001953125
2021-05-14,9145.599609375
2021-05-17,9155.599609375
2021-05-18,9183.900390625
2021-05-19,9070.7001953125
2021-05-20,9124.2998046875
2021-05-21,9204.0
2021-05-24,9205.5
2021-05-25,9208.7001953125
2021-05-26,9196.900390625
2021-05-27,9186.099609375
2021-05-28,9224.599609375
2021-05-31,9148.900390625
2021-06-01,9189.7001953125
2021-06-02,9180.7001953125
2021-06-03,9142.400390625
2021-06-04,9088.2998046875
2021-06-07,9163.599609375
2021-06-08,9153.599609375
2021-06-09,9156.099609375
2021-06-10,9133.7998046875
2021-06-11,9205.0
2021-06-14,9281.099609375
2021-06-15,9230.7001953125
2021-06-16,9202.2001953125
2021-06-17,9195.900390625
2021-06-18,9030.599609375
2021-06-21,9051.7001953125
2021-06-22,9053.2998046875
2021-06-23,8954.099609375
2021-06-24,9074.099609375
2021-06-25,9095.0
2021-06-28,8913.7001953125
2021-06-29,8915.099609375
2021-06-30,8821.2001953125
2021-07-01,8932.2998046875
2021-07-02,8907.599609375
2021-07-05,8946.400390625
2021-07-06,8860.7998046875
2021-07-07,8854.5
2021-07-08,8650.099609375
2021-07-09,8776.599609375
2021-07-12,8816.7001953125
2021-07-13,8694.7998046875
2021-07-14,8658.2998046875
2021-07-15,8527.0
2021-07-16,8506.2001953125
2021-07-19,8301.7001953125
2021-07-20,8358.0
2021-07-21,8567.0
2021-07-22,8621.7998046875
2021-07-23,8717.2001953125
2021-07-26,8775.2001953125
2021-07-27,8699.2001953125
2021-07-28,8733.7001953125
2021-07-29,8786.2998046875
2021-07-30,8675.7001953125
2021-08-02,8758.7001953125
2021-08-03,8772.7998046875
2021-08-04,8792.900390625
2021-08-05,8836.5
2021-08-06,8879.0
2021-08-09,8865.900390625
2021-08-10,8899.0
2021-08-11,8975.7998046875
2021-08-12,8979.400390625
2021-08-13,8999.7998046875
2021-08-16,8926.599609375
2021-08-17,8865.7001953125
2021-08-18,8970.2001953125
2021-08-19,8902.2001953125
2021-08-20,8915.2998046875
2021-08-23,8968.099609375
2021-08-24,8948.599609375
2021-08-25,8977.400390625
2021-08-26,8892.7001953125
2021-08-27,8922.2001953125
2021-08-30,8867.900390625
2021-08-31,8846.599609375
2021-09-01,8991.5
2021-09-02,8981.400390625
2021-09-03,8864.0
2021-09-06,8882.2998046875
2021-09-07,8894.5
2021-09-08,8838.7001953125
2021-09-09,8800.599609375
2021-09-10,8695.2998046875
2021-09-13,8816.099609375
2021-09-14,8780.0
2021-09-15,8635.400390625
2021-09-16,8733.7001953125
2021-09-17,8760.900390625
2021-09-20,8655.400390625
2021-09-21,8756.0
2021-09-22,8808.400390625
2021-09-23,8876.900390625
2021-09-24,8873.099609375
2021-09-27,9002.900390625
2021-09-28,8769.400390625
2021-09-29,8879.400390625
2021-09-30,8796.2998046875
2021-10-01,8799.5
2021-10-04,8791.7001953125
2021-10-05,8927.400390625
2021-10-06,8775.0
2021-10-07,8962.7998046875
2021-10-08,8955.0
2021-10-11,8899.0
2021-10-12,8935.900390625
2021-10-13,8881.400390625
2021-10-14,8925.0
2021-10-15,8997.0
2021-10-18,8936.0
2021-10-19,8996.2998046875
2021-10-20,9017.900390625
2021-10-21,8944.2998046875
2021-10-22,8906.400390625
2021-10-25,8920.900390625
2021-10-26,9001.599609375
2021-10-27,8972.2998046875
2021-10-28,9025.7998046875
2021-10-29,9057.7001953125
2021-11-01,9182.599609375
2021-11-02,9105.7001953125
2021-11-03,9030.7998046875
2021-11-04,9039.400390625
2021-11-05,9130.599609375
2021-11-08,9070.7998046875
2021-11-09,9074.900390625
2021-11-10,9141.7998046875
2021-11-11,9092.2001953125
2021-11-12,9080.7998046875
2021-11-15,9095.7001953125
2021-11-16,9040.2001953125
2021-11-17,8993.400390625
2021-11-18,8903.2001953125
2021-11-19,8753.2001953125
2021-11-22,8821.2998046875
2021-11-23,8815.099609375
2021-11-24,8792.0
2021-11-25,8840.900390625
2021-11-26,8402.7001953125
2021-11-29,8455.2001953125
2021-11-30,8305.099609375
2021-12-01,8452.599609375
2021-12-02,8300.7998046875
2021-12-03,8241.7001953125
2021-12-06,8439.7001953125
2021-12-07,8559.5
2021-12-08,8478.400390625
2021-12-09,8399.599609375
2021-12-10,8360.2001953125
2021-12-13,8322.7001953125
2021-12-14,8378.5
2021-12-15,8275.0
2021-12-16,8380.0
2021-12-17,8311.599609375
2021-12-20,8242.400390625
2021-12-21,8387.5
2021-12-22,8459.099609375
2021-12-23,8563.7001953125
2021-12-27,8622.099609375
2021-12-28,8688.900390625
2021-12-29,8673.7001953125
2021-12-30,8713.7998046875
2022-01-03,8761.2001953125
2022-01-04,8795.7998046875
2022-01-05,8790.7998046875
2022-01-06,8789.900390625
2022-01-07,8751.7998046875
2022-01-10,8706.900390625
2022-01-11,8755.900390625
2022-01-12,8770.2998046875
2022-01-13,8816.900390625
2022-01-14,8806.599609375
2022-01-17,8838.7001953125
2022-01-18,8781.599609375
2022-01-19,8774.900390625
2022-01-20,8814.599609375
2022-01-21,8694.7001953125
2022-01-24,8417.7998046875
2022-01-25,8479.5
2022-01-26,8620.2001953125
2022-01-27,8706.0
2022-01-28,8609.7998046875
2022-01-31,8612.7998046875
2022-02-01,8726.7001953125
2022-02-02,8713.2001953125
2022-02-03,8689.400390625
2022-02-04,8589.2998046875
2022-02-07,8558.400390625
2022-02-08,8674.599609375
2022-02-09,8846.400390625
2022-02-10,8886.2001953125
2022-02-11,8798.099609375
2022-02-14,8573.7998046875
2022-02-15,8718.0
2022-02-16,8737.2001953125
2022-02-17,8671.099609375
2022-02-18,8590.0
2022-02-21,8488.900390625
2022-02-22,8493.2001953125
2022-02-23,8440.099609375
2022-02-24,8198.5
2022-02-25,8486.599609375
2022-02-28,8479.2001953125
2022-03-01,8188.2001953125
2022-03-02,8321.0
2022-03-03,8011.39990234375
2022-03-04,7720.89990234375
2022-03-07,7644.60009765625
2022-03-08,7783.39990234375
2022-03-09,8163.10009765625
2022-03-10,8069.2998046875
2022-03-11,8142.10009765625
2022-03-14,8234.400390625
2022-03-15,8236.099609375
2022-03-16,8380.400390625
2022-03-17,8412.0
2022-03-18,8417.599609375
2022-03-21,8389.2001953125
2022-03-22,8487.2001953125
2022-03-23,8328.400390625
2022-03-24,8305.099609375
2022-03-25,8330.599609375
2022-03-28,8365.599609375
2022-03-29,8614.599609375
2022-03-30,8550.599609375
2022-03-31,8445.099609375
2022-04-01,8503.7001953125
2022-04-04,8520.7998046875
2022-04-05,8623.2998046875
2022-04-06,8482.099609375
2022-04-07,8467.400390625
2022-04-08,8606.400390625
2022-04-11,8585.0
2022-04-12,8578.0
2022-04-13,8617.7998046875
2022-04-14,8699.0
2022-04-19,8694.0
2022-04-20,8769.5
2022-04-21,8814.599609375
2022-04-22,8652.2998046875
2022-04-25,8574.599609375
2022-04-26,8439.2998046875
2022-04-27,8477.7001953125
2022-04-28,8512.2001953125
2022-04-29,8584.2001953125
2022-05-02,8436.0
2022-05-03,8590.2001953125
2022-05-04,8500.5
2022-05-05,8434.7001953125
2022-05-06,8322.0
2022-05-09,8139.2001953125
2022-05-10,8139.2001953125
2022-05-11,8312.599609375
2022-05-12,8200.400390625
2022-05-13,8338.099609375
2022-05-16,8353.7001953125
2022-05-17,8475.7001953125
2022-05-18,8476.400390625
2022-05-19,8406.0
2022-05-20,8484.5
2022-05-23,8625.7998046875
2022-05-24,8631.2001953125
2022-05-25,8760.2001953125
2022-05-26,8888.7998046875
2022-05-27,8933.599609375
2022-05-30,8930.7998046875
2022-05-31,8851.5
2022-06-01,8747.2001953125
2022-06-02,8744.099609375
2022-06-03,8724.7998046875
2022-06-06,8836.2998046875
2022-06-07,8841.599609375
2022-06-08,8842.7001953125
2022-06-09,8711.2001953125
2022-06-10,8390.599609375
2022-06-13,8183.2998046875
2022-06-14,8066.39990234375
2022-06-15,8174.7001953125
2022-06-16,8078.10009765625
2022-06-17,8145.89990234375
2022-06-20,8286.0
2022-06-21,8235.599609375
2022-06-22,8145.39990234375
2022-06-23,8106.39990234375
2022-06-24,8244.099609375
2022-06-27,8242.599609375
2022-06-28,8317.5
2022-06-29,8188.0
2022-06-30,8098.7001953125
2022-07-01,8176.10009765625
2022-07-04,8161.7998046875
2022-07-05,7959.39990234375
2022-07-06,7948.60009765625
2022-07-07,8122.5
2022-07-08,8100.2998046875
2022-07-11,8065.2001953125
2022-07-12,8014.7998046875
2022-07-13,7944.89990234375
2022-07-14,7804.2998046875
2022-07-15,7945.89990234375
2022-07-18,7963.10009765625
2022-07-19,8125.10009765625
2022-07-20,8028.89990234375
2022-07-21,8012.7001953125
2022-07-22,8051.60009765625
2022-07-25,8085.60009765625
2022-07-26,8069.60009765625
2022-07-27,8124.39990234375
2022-07-28,8084.89990234375
2022-07-29,8156.2001953125
2022-08-01,8085.10009765625
2022-08-02,8096.89990234375
2022-08-03,8142.10009765625
2022-08-04,8161.10009765625
2022-08-05,8168.0
2022-08-08,8272.5
2022-08-09,8311.900390625
2022-08-10,8352.7998046875
2022-08-11,8380.0
2022-08-12,8400.400390625
2022-08-15,8427.0
2022-08-16,8511.900390625
2022-08-17,8434.7998046875
2022-08-18,8430.2998046875
2022-08-19,8338.099609375
2022-08-22,8284.7998046875
2022-08-23,8226.2998046875
2022-08-24,8199.400390625
2022-08-25,8187.5
2022-08-26,8063.89990234375
2022-08-29,7989.60009765625
2022-08-30,7979.7998046875
2022-08-31,7886.10009765625
2022-09-01,7806.0
2022-09-02,7932.2001953125
2022-09-05,7862.7001953125
2022-09-06,7842.2001953125
2022-09-07,7855.89990234375
2022-09-08,7916.7998046875
2022-09-09,8033.10009765625
2022-09-12,8194.2998046875
2022-09-13,8064.0
2022-09-14,8055.60009765625
2022-09-15,8085.5
2022-09-16,7984.7001953125
2022-09-19,7993.2001953125
2022-09-20,7873.10009765625
2022-09-21,7872.2001953125
2022-09-22,7774.7001953125
2022-09-23,7583.5
2022-09-26,7508.5
2022-09-27,7445.7001953125
2022-09-28,7442.2001953125
2022-09-29,7300.10009765625
2022-09-30,7366.7998046875
2022-10-03,7462.0
2022-10-04,7696.60009765625
2022-10-05,7579.89990234375
2022-10-06,7511.10009765625
2022-10-07,7436.89990234375
2022-10-10,7413.5
2022-10-11,7355.89990234375
2022-10-12,7261.10009765625
2022-10-13,7348.7998046875
2022-10-14,7382.5
2022-10-17,7557.10009765625
2022-10-18,7611.2998046875
2022-10-19,7583.60009765625
2022-10-20,7644.39990234375
2022-10-21,7545.60009765625
2022-10-24,7680.5
2022-10-25,7794.89990234375
2022-10-26,7870.60009765625
2022-10-27,7921.10009765625
2022-10-28,7916.5
2022-10-31,7956.5
2022-11-01,7999.0
2022-11-02,7968.60009765625
2022-11-03,7868.89990234375
2022-11-04,7942.7001953125
2022-11-07,7962.2998046875
2022-11-08,7998.89990234375
2022-11-09,8040.39990234375
2022-11-10,8133.2001953125
2022-11-11,8133.2001953125
2022-11-14,8166.5
2022-11-15,8188.39990234375
2022-11-16,8101.39990234375
2022-11-17,8040.7001953125
2022-11-18,8127.7998046875
2022-11-21,8188.39990234375
2022-11-22,8325.0
2022-11-23,8331.2001953125
2022-11-24,8388.099609375
2022-11-25,8416.599609375
2022-11-28,8323.2001953125
2022-11-29,8322.099609375
2022-11-30,8363.2001953125
2022-12-01,8407.900390625
2022-12-02,8382.599609375
2022-12-05,8370.099609375
2022-12-06,8331.900390625
2022-12-07,8290.5
2022-12-08,8225.2001953125
2022-12-09,8289.2001953125
2022-12-12,8258.900390625
2022-12-13,8327.7001953125
2022-12-14,8360.599609375
2022-12-15,8218.7998046875
2022-12-16,8112.5
2022-12-19,8136.7998046875
2022-12-20,8185.2001953125
2022-12-21,8302.2998046875
2022-12-22,8272.099609375
2022-12-23,8269.099609375
2022-12-27,8270.099609375
2022-12-28,8258.5
2022-12-29,8318.2998046875
2022-12-30,8229.099609375
2023-01-02,8369.7001953125
2023-01-03,8397.400390625
2023-01-04,8559.7998046875
2023-01-05,8607.599609375
2023-01-06,8701.099609375
2023-01-09,8694.900390625
2023-01-10,8712.7001953125
2023-01-11,8726.2998046875
2023-01-12,8828.099609375
2023-01-13,8881.7001953125
2023-01-16,8871.099609375
2023-01-17,8890.400390625
2023-01-18,8933.2998046875
2023-01-19,8793.099609375
2023-01-20,8918.2001953125
2023-01-23,8944.099609375
2023-01-24,8967.099609375
2023-01-25,8957.5
2023-01-26,9035.599609375
2023-01-27,9060.2001953125
2023-01-30,9049.2998046875
2023-01-31,9034.0
2023-02-01,9098.099609375
2023-02-02,9229.7001953125
2023-02-03,9225.599609375
2023-02-06,9159.2001953125
2023-02-07,9172.400390625
2023-02-08,9227.2998046875
2023-02-09,9243.5
2023-02-10,9117.400390625
2023-02-13,9210.2998046875
2023-02-14,9263.2001953125
2023-02-15,9294.7998046875
2023-02-16,9327.2998046875
2023-02-17,9333.0
2023-02-20,9281.2998046875
2023-02-21,9252.099609375
2023-02-22,9172.7001953125
2023-02-23,9231.599609375
2023-02-24,9201.5
2023-02-27,9314.2998046875
2023-02-28,9394.599609375
2023-03-01,9322.900390625
2023-03-02,9327.2998046875
2023-03-03,9464.2001953125
2023-03-06,9511.0
2023-03-07,9411.099609375
2023-03-08,9466.099609375
2023-03-09,9423.2001953125
2023-03-10,9285.0
2023-03-13,8958.900390625
2023-03-14,9159.0
2023-03-15,8759.099609375
2023-03-16,8890.2001953125
2023-03-17,8719.2998046875
2023-03-20,8833.099609375
2023-03-21,9049.400390625
2023-03-22,9009.2998046875
2023-03-23,8970.0
2023-03-24,8792.5
2023-03-27,8906.099609375
2023-03-28,8944.2998046875
2023-03-29,9070.7001953125
2023-03-30,9207.099609375
2023-03-31,9232.5
2023-04-03,9157.400390625
2023-04-04,9183.2001953125
2023-04-05,9254.599609375
2023-04-06,9312.2998046875
2023-04-11,9237.7001953125
2023-04-12,9278.7001953125
2023-04-13,9310.0
2023-04-14,9362.900390625
2023-04-17,9378.5
2023-04-18,9421.900390625
2023-04-19,9494.7998046875
2023-04-20,9450.900390625
2023-04-21,9415.599609375
2023-04-24,9406.400390625
2023-04-25,9290.2998046875
2023-04-26,9293.7001953125
2023-04-27,9314.599609375
2023-04-28,9241.0
2023-05-02,9082.0
2023-05-03,9076.7001953125
2023-05-04,9043.599609375
2023-05-05,9147.2998046875
2023-05-08,9211.2998046875
2023-05-09,9183.2001953125
2023-05-10,9167.7001953125
2023-05-11,9182.7998046875
2023-05-12,9234.099609375
2023-05-15,9201.5
2023-05-16,9191.400390625
2023-05-17,9211.599609375
2023-05-18,9213.099609375
2023-05-19,9251.5
2023-05-22,9305.0
2023-05-23,9267.0
2023-05-24,9163.5
2023-05-25,9116.099609375
2023-05-26,9191.099609375
2023-05-29,9180.099609375
2023-05-30,9167.5
2023-05-31,9050.2001953125
2023-06-01,9167.5
2023-06-02,9317.2998046875
2023-06-05,9289.099609375
2023-06-06,9310.7998046875
2023-06-07,9359.7998046875
2023-06-08,9338.2998046875
2023-06-09,9309.7001953125
2023-06-12,9344.400390625
2023-06-13,9333.7001953125
2023-06-14,9432.7998046875
2023-06-15,9430.7998046875
2023-06-16,9495.0
2023-06-19,9431.900390625
2023-06-20,9439.7998046875
2023-06-21,9436.400390625
2023-06-22,9364.7001953125
2023-06-23,9265.7998046875
2023-06-26,9274.0
2023-06-27,9393.0
2023-06-28,9481.2998046875
2023-06-29,9510.599609375
2023-06-30,9593.0
2023-07-03,9644.7998046875
2023-07-04,9588.400390625
2023-07-05,9486.2998046875
2023-07-06,9285.0
2023-07-07,9248.7998046875
2023-07-10,9252.900390625
2023-07-11,9331.099609375
2023-07-12,9453.7001953125
2023-07-13,9478.7001953125
2023-07-14,9438.2998046875
2023-07-17,9438.0
2023-07-18,9455.7001953125
2023-07-19,9451.7998046875
2023-07-20,9519.599609375
2023-07-21,9571.5
2023-07-24,9543.5
2023-07-25,9519.2001953125
2023-07-26,9600.5
2023-07-27,9694.7001953125
2023-07-28,9685.099609375
2023-07-31,9641.5
2023-08-01,9502.900390625
2023-08-02,9328.7001953125
2023-08-03,9307.099609375
2023-08-04,9368.400390625
2023-08-07,9358.599609375
2023-08-08,9301.7998046875
2023-08-09,9354.400390625
2023-08-10,9502.2001953125
2023-08-11,9434.2998046875
2023-08-14,9429.599609375
2023-08-15,9347.5
2023-08-16,9350.5
2023-08-17,9278.0
2023-08-18,9267.7001953125
2023-08-21,9262.7998046875
2023-08-22,9314.0
2023-08-23,9315.599609375
2023-08-24,9324.7001953125
2023-08-25,9338.900390625
2023-08-28,9490.099609375
2023-08-29,9581.2001953125
2023-08-30,9551.099609375
2023-08-31,9505.900390625
2023-09-01,9449.599609375
2023-09-04,9416.2998046875
2023-09-05,9392.0
2023-09-06,9314.400390625
2023-09-07,9310.0
2023-09-08,9364.599609375
2023-09-11,9435.2001953125
2023-09-12,9455.400390625
2023-09-13,9424.099609375
2023-09-14,9549.0
2023-09-15,9549.7001953125
2023-09-18,9482.099609375
2023-09-19,9527.2001953125
2023-09-20,9645.7998046875
2023-09-21,9548.900390625
2023-09-22,9502.0
2023-09-25,9386.0
2023-09-26,9366.900390625
2023-09-27,9331.900390625
2023-09-28,9426.7998046875
2023-09-29,9428.0
2023-10-02,9319.0
2023-10-03,9165.5
2023-10-04,9102.900390625
2023-10-05,9157.7001953125
2023-10-06,9235.7998046875
2023-10-09,9151.2998046875
2023-10-10,9352.099609375
2023-10-11,9360.400390625
2023-10-12,9336.0
2023-10-13,9232.900390625
2023-10-16,9287.099609375
2023-10-17,9298.5
2023-10-18,9212.7001953125
2023-10-19,9146.7998046875
2023-10-20,9029.099609375
2023-10-23,8995.5
2023-10-24,8975.7998046875
2023-10-25,8984.7998046875
2023-10-26,8962.7998046875
2023-10-27,8918.2998046875
2023-10-30,9013.900390625
2023-10-31,9017.2998046875
2023-11-01,9075.0
2023-11-02,9260.400390625
2023-11-03,9293.900390625
2023-11-06,9241.5
2023-11-07,9235.900390625
2023-11-08,9283.7998046875
2023-11-09,9405.2001953125
2023-11-10,9371.7001953125
2023-11-13,9461.7001953125
2023-11-14,9623.2998046875
2023-11-15,9640.7001953125
2023-11-16,9667.400390625
2023-11-17,9761.400390625
2023-11-20,9839.0
2023-11-21,9827.5
2023-11-22,9887.400390625
2023-11-23,9905.5
2023-11-24,9939.0
2023-11-27,9936.099609375
2023-11-28,10003.400390625
2023-11-29,10062.599609375
2023-11-30,10058.2001953125
2023-12-01,10140.7998046875
2023-12-04,10178.2998046875
2023-12-05,10238.400390625
2023-12-06,10258.099609375
2023-12-07,10146.0
2023-12-08,10223.400390625
2023-12-11,10198.0
2023-12-12,10118.7001953125
2023-12-13,10096.099609375
2023-12-14,10171.7001953125
2023-12-15,10095.599609375
2023-12-18,10054.900390625
2023-12-19,10106.7001953125
2023-12-20,10101.0
2023-12-21,10104.2998046875
2023-12-22,10111.900390625
2023-12-27,10121.7998046875
2023-12-28,10086.2001953125
2023-12-29,10102.099609375
2024-01-02,10182.099609375
2024-01-03,10053.400390625
2024-01-04,10182.400390625
2024-01-05,10164.5
2024-01-08,10209.0
2024-01-09,10060.2998046875
2024-01-10,10067.099609375
2024-01-11,10004.900390625
2024-01-12,10094.7998046875
2024-01-15,10076.900390625
2024-01-16,9994.099609375
2024-01-17,9867.7998046875
2024-01-18,9880.2998046875
2024-01-19,9858.2998046875
2024-01-22,9968.099609375
2024-01-23,9859.2001953125
2024-01-24,9974.0
2024-01-25,9916.599609375
2024-01-26,9936.599609375
2024-01-29,9890.2998046875
2024-01-30,10039.2998046875
2024-01-31,10077.7001953125
2024-02-01,10014.0
2024-02-02,10062.5
2024-02-05,9941.2998046875
2024-02-06,10003.0
2024-02-07,9920.2001953125
2024-02-08,9905.400390625
2024-02-09,9896.599609375
2024-02-12,9984.7001953125
2024-02-13,9925.400390625
2024-02-14,9916.599609375
2024-02-15,9927.2998046875
2024-02-16,9886.400390625
2024-02-19,9944.7998046875
2024-02-20,10038.2001953125
2024-02-21,10107.2001953125
2024-02-22,10138.900390625
2024-02-23,10130.599609375
2024-02-26,10138.400390625
2024-02-27,10113.7998046875
2024-02-28,10068.599609375
2024-02-29,10001.2998046875
2024-03-01,10064.7001953125
2024-03-04,10069.7998046875
2024-03-05,10117.099609375
2024-03-06,10197.2001953125
2024-03-07,10319.599609375
2024-03-08,10305.7001953125
2024-03-11,10325.7001953125
2024-03-12,10388.900390625
2024-03-13,10560.5
2024-03-14,10490.5
2024-03-15,10597.900390625
2024-03-18,10596.7001953125
2024-03-19,10701.400390625
2024-03-20,10752.5
2024-03-21,10867.5
2024-03-22,10943.2001953125
2024-03-25,10952.2001953125
2024-03-26,10991.5
2024-03-27,11111.2998046875
2024-03-28,11074.599609375
2024-04-02,10975.599609375
2024-04-03,11032.2998046875
2024-04-04,11090.900390625
2024-04-05,10916.0
2024-04-08,10911.7998046875
2024-04-09,10816.0
2024-04-10,10775.0
2024-04-11,10649.7998046875
2024-04-12,10686.0
2024-04-15,10687.2001953125
2024-04-16,10526.900390625
2024-04-17,10633.900390625
2024-04-18,10765.0
2024-04-19,10729.5
2024-04-22,10890.2001953125
2024-04-23,11075.400390625
2024-04-24,11027.7998046875
2024-04-25,10983.7001953125
2024-04-26,11154.599609375
2024-04-29,11100.7998046875
2024-04-30,10854.400390625
2024-05-02,10872.0
2024-05-03,10854.7001953125
2024-05-06,10917.5
2024-05-07,11080.900390625
2024-05-08,11153.0
2024-05-09,11050.099609375
2024-05-10,11105.5
2024-05-13,11152.0
2024-05-14,11239.2998046875
2024-05-15,11362.7998046875
2024-05-16,11299.2998046875
2024-05-17,11327.7001953125
2024-05-20,11339.5
2024-05-21,11334.900390625
2024-05-22,11329.0
2024-05-23,11311.099609375
2024-05-24,11246.0
2024-05-27,11325.5
2024-05-28,11276.0
2024-05-29,11145.099609375
2024-05-30,11338.2001953125
2024-05-31,11322.0
2024-06-03,11397.2001953125
2024-06-04,11286.400390625
2024-06-05,11353.099609375
2024-06-06,11444.0
2024-06-07,11404.900390625
2024-06-10,11357.2001953125
2024-06-11,11175.5
2024-06-12,11245.400390625
2024-06-13,11066.099609375
2024-06-14,10992.2998046875
2024-06-17,10959.5
2024-06-18,11067.7001953125
2024-06-19,11056.400390625
2024-06-20,11160.5
2024-06-21,11032.2998046875
2024-06-24,11172.099609375
2024-06-25,11118.900390625
2024-06-26,11030.5
2024-06-27,10951.5
2024-06-28,10943.7001953125
2024-07-01,11057.0
2024-07-02,10912.7998046875
2024-07-03,11056.7998046875
2024-07-04,11066.2998046875
2024-07-05,11023.5
2024-07-08,11022.099609375
2024-07-09,10898.7998046875
2024-07-10,11071.599609375
2024-07-11,11170.0
2024-07-12,11250.599609375
2024-07-15,11143.0
2024-07-16,11090.5
2024-07-17,11105.2001953125
2024-07-18,11147.5
2024-07-19,11087.5
2024-07-22,11143.7998046875
2024-07-23,11212.7001953125
2024-07-24,11210.099609375
2024-07-25,11145.599609375
2024-07-26,11165.900390625
2024-07-29,11117.7998046875
2024-07-30,11202.599609375
2024-07-31,11065.0
2024-08-01,10854.2998046875
2024-08-02,10672.900390625
2024-08-05,10423.400390625
2024-08-06,10390.5
2024-08-07,10599.0
2024-08-08,10558.0
2024-08-09,10638.5
2024-08-12,10646.2001953125
2024-08-13,10723.7998046875
2024-08-14,10753.0
2024-08-15,10885.599609375
2024-08-16,10949.7001953125
2024-08-19,11102.5
2024-08-20,11087.7998046875
2024-08-21,11114.900390625
2024-08-22,11156.2998046875
2024-08-23,11278.099609375
2024-08-26,11265.5
2024-08-27,11326.900390625
2024-08-28,11332.0
2024-08-29,11358.599609375
2024-08-30,11401.900390625
2024-09-02,11395.2998046875
2024-09-03,11279.2001953125
2024-09-04,11213.900390625
2024-09-05,11273.5
2024-09-06,11173.0
2024-09-09,11272.7998046875
2024-09-10,11203.5
2024-09-11,11278.900390625
2024-09-12,11400.2001953125
2024-09-13,11540.2001953125
2024-09-16,11581.0
2024-09-17,11703.400390625
2024-09-18,11684.7001953125
2024-09-19,11778.099609375
2024-09-20,11753.2998046875
2024-09-23,11797.900390625
2024-09-24,11837.0
2024-09-25,11792.599609375
2024-09-26,11953.2001953125
2024-09-27,11967.900390625
2024-09-30,11877.2998046875
2024-10-01,11673.5
2024-10-02,11609.7998046875
2024-10-03,11618.0
2024-10-04,11659.2001953125
2024-10-07,11717.5
2024-10-08,11734.7001953125
2024-10-09,11741.5
2024-10-10,11656.7001953125
2024-10-11,11720.0
2024-10-14,11850.900390625
2024-10-15,11930.2001953125
2024-10-16,11996.7001953125
2024-10-17,11904.5
2024-10-18,11925.2001953125
2024-10-21,11841.099609375
2024-10-22,11832.7001953125
2024-10-23,11865.2001953125
2024-10-24,11839.7998046875
2024-10-25,11812.5
2024-10-28,11904.0
2024-10-29,11795.2998046875
2024-10-30,11715.0
2024-10-31,11672.599609375
2024-11-01,11843.0
2024-11-04,11805.099609375
2024-11-05,11839.2001953125
2024-11-06,11495.2998046875
2024-11-07,11570.099609375
2024-11-08,11551.599609375
2024-11-11,11597.2998046875
2024-11-12,11382.599609375
2024-11-13,11377.099609375
2024-11-14,11524.2998046875
2024-11-15,11635.900390625
2024-11-18,11674.7998046875
2024-11-19,11588.400390625
2024-11-20,11589.5
2024-11-21,11611.7001953125
2024-11-22,11656.599609375
2024-11-25,11711.7998046875
2024-11-26,11617.900390625
2024-11-27,11579.5
2024-11-28,11610.7998046875
2024-11-29,11641.2998046875
2024-12-02,11735.2998046875
2024-12-03,11873.599609375
2024-12-04,11931.599609375
2024-12-05,12118.7001953125
2024-12-06,12072.0
2024-12-09,12011.5
2024-12-10,11965.5
2024-12-11,11789.2998046875
2024-12-12,11764.7998046875
2024-12-13,11752.099609375
2024-12-16,11778.599609375
2024-12-17,11588.099609375
2024-12-18,11617.900390625
2024-12-19,11439.900390625
2024-12-20,11467.2998046875
2024-12-23,11435.7001953125
2024-12-24,11473.900390625
2024-12-27,11531.599609375
2024-12-30,11536.7998046875
2024-12-31,11595.0
2025-01-02,11676.900390625
2025-01-03,11651.599609375
2025-01-06,11808.2001953125
2025-01-07,11811.900390625
2025-01-08,11798.099609375
2025-01-09,11899.2998046875
2025-01-10,11720.900390625
2025-01-13,11688.2001953125
2025-01-14,11752.099609375
2025-01-15,11898.5
2025-01-16,11840.599609375
2025-01-17,11916.2998046875
2025-01-20,11943.599609375
2025-01-21,11927.400390625
2025-01-22,11882.7001953125
2025-01-23,11991.5
2025-01-24,11982.599609375
2025-01-27,11997.099609375
2025-01-28,12154.2001953125
2025-01-29,12286.5
2025-01-30,12419.599609375
2025-01-31,12368.900390625
2025-02-03,12205.7998046875
2025-02-04,12372.7998046875
2025-02-05,12536.7001953125
2025-02-06,12731.0
2025-02-07,12688.900390625
2025-02-10,12708.7998046875
2025-02-11,12774.7998046875
2025-02-12,12911.5
2025-02-13,12936.2998046875
2025-02-14,12956.0
2025-02-17,13016.900390625
2025-02-18,13143.900390625
2025-02-19,12929.400390625
2025-02-20,12967.099609375
2025-02-21,12952.0
2025-02-24,13012.900390625
2025-02-25,13116.7998046875
2025-02-26,13332.0
2025-02-27,13270.599609375
2025-02-28,13347.2998046875
2025-03-03,13373.099609375
2025-03-04,13031.7001953125
2025-03-05,13214.0
2025-03-06,13234.2001953125
2025-03-07,13257.099609375
2025-03-10,13082.7001953125
2025-03-11,12877.2998046875
2025-03-12,12804.0
2025-03-13,12821.2998046875
2025-03-14,13005.2001953125
2025-03-17,13147.2001953125
2025-03-18,13354.7001953125
2025-03-19,13408.099609375
2025-03-20,13306.2998046875
2025-03-21,13350.2001953125
2025-03-24,13323.2998046875
2025-03-25,13484.2998046875
2025-03-26,13432.2001953125
2025-03-27,13422.599609375
2025-03-28,13309.2998046875
2025-03-31,13135.400390625
2025-04-01,13297.0
2025-04-02,13350.2001953125
2025-04-03,13191.2001953125
2025-04-04,12422.0
2025-04-07,11785.7998046875
2025-04-08,12065.599609375
2025-04-09,11797.599609375
2025-04-10,12307.599609375
2025-04-11,12286.0
2025-04-14,12609.7998046875
2025-04-15,12879.2998046875
2025-04-16,12942.099609375
2025-04-17,12918.0
2025-04-22,13010.599609375
2025-04-23,13208.2998046875
2025-04-24,13179.7001953125
2025-04-25,13355.2998046875
2025-04-28,13456.099609375
2025-04-29,13366.900390625
2025-04-30,13287.7998046875
2025-05-02,13446.7001953125
2025-05-05,13518.0
2025-05-06,13530.2001953125
2025-05-07,13480.400390625
2025-05-08,13488.900390625
2025-05-09,13554.099609375
2025-05-12,13655.2998046875
2025-05-13,13769.099609375
2025-05-14,13840.2001953125
2025-05-15,13930.2001953125
2025-05-16,14064.5
2025-05-19,14099.0
2025-05-20,14323.400390625
2025-05-21,14307.599609375
2025-05-22,14272.5
2025-05-23,14104.099609375
2025-05-26,14221.599609375
2025-05-27,14239.900390625
2025-05-28,14100.599609375
2025-05-29,14116.599609375
2025-05-30,14152.2001953125
2025-06-02,14202.7998046875
2025-06-03,14128.400390625
2025-06-04,14101.2998046875
2025-06-05,14203.7001953125
2025-06-06,14247.599609375
2025-06-09,14251.2998046875
2025-06-10,14221.099609375
2025-06-11,14134.099609375
2025-06-12,14088.900390625
2025-06-13,13910.599609375
2025-06-16,14110.7998046875
2025-06-17,13911.7001953125
2025-06-18,13923.2001953125
2025-06-19,13744.900390625
2025-06-20,13850.2998046875
2025-06-23,13839.400390625
2025-06-24,14035.099609375
2025-06-25,13811.7998046875
2025-06-26,13815.5
2025-06-27,13969.0
2025-06-30,13991.900390625
2025-07-01,13987.400390625
2025-07-02,14044.599609375
2025-07-03,14182.900390625
2025-07-04,13973.0
2025-07-07,14074.7998046875
2025-07-08,14079.5
2025-07-09,14254.400390625
2025-07-10,14141.599609375
2025-07-11,14009.2001953125
2025-07-14,14036.0
2025-07-15,13874.7001953125
2025-07-16,13885.7001953125
2025-07-17,13994.5
2025-07-18,13989.0
2025-07-21,14031.5
2025-07-22,14041.5
2025-07-23,14067.900390625
2025-07-24,14256.5
2025-07-25,14237.2998046875
2025-07-28,14220.2001953125
2025-07-29,14347.7001953125
2025-07-30,14380.599609375
2025-07-31,14397.0
2025-08-01,14126.7001953125
2025-08-04,14386.099609375
2025-08-05,14407.5
2025-08-06,14536.599609375
2025-08-07,14690.900390625
2025-08-08,14824.900390625
2025-08-11,14855.900390625
2025-08-12,14859.0
2025-08-13,15019.900390625
2025-08-14,15206.400390625
2025-08-15,15277.2001953125
2025-08-18,15251.7001953125
2025-08-19,15303.7998046875
2025-08-20,15292.099609375
2025-08-21,15303.7998046875
2025-08-22,15396.7998046875
2025-08-25,15265.5
2025-08-26,15119.2998046875
2025-08-27,15020.900390625
2025-08-28,15071.400390625
2025-08-29,14935.7998046875
2025-09-01,14939.400390625
2025-09-02,14704.2001953125
2025-09-03,14789.400390625
2025-09-04,14918.2998046875
2025-09-05,14850.900390625
2025-09-08,15002.2001953125
2025-09-09,15023.900390625
2025-09-10,15217.5
2025-09-11,15321.2998046875
2025-09-12,15308.2001953125
2025-09-15,15395.099609375
2025-09-16,15163.2998046875
2025-09-17,15127.2001953125
2025-09-18,15175.400390625
2025-09-19,15260.7001953125
2025-09-22,15082.5
2025-09-23,15158.2001953125
2025-09-24,15194.599609375
2025-09-25,15153.7001953125
2025-09-26,15350.400390625
2025-09-29,15316.2998046875
2025-09-30,15475.0
2025-10-01,15538.7998046875
2025-10-02,15496.2001953125
2025-10-03,15585.099609375
2025-10-06,15556.7001953125
2025-10-07,15527.0
2025-10-08,15678.2998046875
2025-10-09,15584.7998046875
2025-10-10,15476.5
2025-10-13,15541.599609375
2025-10-14,15586.400390625
2025-10-15,15570.2998046875
2025-10-16,15645.7998046875
2025-10-17,15601.099609375
2025-10-20,15828.2998046875
2025-10-21,15767.099609375
2025-10-22,15781.599609375
2025-10-23,15792.2001953125
2025-10-24,15861.5
2025-10-27,16000.2001953125
2025-10-28,16087.0
2025-10-29,16150.099609375
2025-10-30,16040.2998046875
2025-10-31,16032.599609375
2025-11-03,16037.0
2025-11-04,16036.400390625
2025-11-05,16098.400390625
2025-11-06,16118.0
2025-11-07,15901.400390625
2025-11-10,16182.5
2025-11-11,16388.80078125
2025-11-12,16615.80078125
2025-11-13,16577.400390625
2025-11-14,16345.900390625
2025-11-17,16172.599609375
2025-11-18,15827.0
2025-11-19,15889.2998046875
2025-11-20,15988.900390625
2025-11-21,15821.900390625
2025-11-24,15967.7998046875
2025-11-25,16140.900390625
2025-11-26,16361.099609375
2025-11-27,16361.7998046875
2025-11-28,16371.599609375
2025-12-01,16389.0
2025-12-02,16473.099609375
2025-12-03,16585.69921875
2025-12-04,16746.599609375
2025-12-05,16688.5
2025-12-08,16712.19921875
2025-12-09,16734.5
2025-12-10,16762.5
2025-12-11,16883.0
2025-12-12,16854.400390625
2025-12-15,17041.400390625
2025-12-16,16921.900390625
2025-12-17,16938.19921875
2025-12-18,17132.599609375
2025-12-19,17169.80078125
2025-12-22,17158.0
2025-12-23,17182.80078125
2025-12-24,17172.900390625
2025-12-29,17195.80078125
2025-12-30,17354.900390625
2025-12-31,17307.80078125
2026-01-02,17492.400390625
2026-01-05,17614.400390625
2026-01-06,17647.099609375
2026-01-07,17596.400390625
2026-01-08,17654.69921875
2026-01-09,17649.0
2026-01-12,17673.80078125
2026-01-13,17687.099609375
2026-01-14,17695.69921875
2026-01-15,17642.69921875
2026-01-16,17710.900390625
2026-01-19,17665.30078125
2026-01-20,17429.099609375
2026-01-21,17439.5
2026-01-22,17663.400390625
2026-01-23,17544.400390625
2026-01-26,17680.5
2026-01-27,17804.099609375
2026-01-28,17607.599609375
2026-01-29,17589.69921875
2026-01-30,17880.900390625
2026-02-02,18115.19921875
2026-02-03,18119.19921875
2026-02-04,18102.5
2026-02-05,17746.30078125
2026-02-06,17943.30078125
2026-02-09,18195.099609375
2026-02-10,18122.099609375
2026-02-11,18044.5
2026-02-12,17896.900390625
2026-02-13,17672.400390625
2026-02-16,17848.0
2026-02-17,17955.400390625
2026-02-18,18197.900390625
2026-02-19,18017.5
2026-02-20,18186.0
2026-02-23,18288.69921875
2026-02-24,18189.5
2026-02-25,18461.0
2026-02-26,18496.599609375
2026-02-27,18360.80078125
2026-03-02,17878.900390625
2026-03-03,17062.400390625
2026-03-04,17487.0
2026-03-05,17245.19921875
2026-03-06,17074.400390625
2026-03-09,16928.19921875
2026-03-10,17445.0
2026-03-11,17351.900390625
2026-03-12,17139.900390625
2026-03-13,17059.30078125
2026-03-16,17089.400390625
2026-03-17,17248.69921875
2026-03-18,17299.099609375
2026-03-19,16905.900390625
2026-03-20,16714.0
2026-03-23,16888.19921875
2026-03-24,16910.19921875
2026-03-25,17169.900390625
2026-03-26,16962.900390625
2026-03-27,16802.5
2026-03-30,16969.19921875
2026-03-31,17049.599609375
2026-04-01,17580.400390625
2026-04-02,17555.900390625
2026-04-07,17444.30078125
2026-04-08,18132.30078125
2026-04-09,18104.900390625
2026-04-10,18204.30078125
2026-04-13,18023.80078125
2026-04-14,18286.099609375
2026-04-15,18185.80078125
2026-04-16,18089.5
2026-04-17,18484.5
2026-04-20,18260.900390625
2026-04-21,18142.599609375
2026-04-22,18006.400390625
2026-04-23,17885.900390625
2026-04-24,17691.30078125
2026-04-27,17692.900390625
2026-04-28,17774.900390625
2026-04-29,17642.80078125
2026-04-30,17781.0
2026-05-04,17356.099609375
2026-05-05,17667.69921875
2026-05-06,18104.30078125
2026-05-07,18060.80078125
2026-05-08,17889.400390625
2026-05-11,17852.5
2026-05-12,17573.599609375
2026-05-13,17654.900390625
2026-05-14,17809.19921875
2026-05-15,17622.69921875
2026-05-18,17755.099609375
2026-05-19,17670.099609375
2026-05-20,18051.69921875
2026-05-21,17975.19921875
2026-05-22,17985.30078125
2026-05-25,18387.400390625
2026-05-26,18290.900390625
2026-05-27,18380.900390625
2026-05-28,18300.599609375
