date,price
1991-11-08,1418.800048828125
1991-11-11,1416.9000244140625
1991-11-12,1445.4000244140625
1991-11-13,1453.4000244140625
1991-11-14,1459.300048828125
1991-11-15,1445.5999755859375
1991-11-18,1415.9000244140625
1991-11-19,1365.0999755859375
1991-11-21,1387.9000244140625
1991-11-22,1376.199951171875
1991-11-26,1365.199951171875
1991-11-27,1371.5999755859375
1991-11-28,1377.5999755859375
1991-11-29,1384.199951171875
1991-12-02,1375.4000244140625
1991-12-03,1371.199951171875
1991-12-04,1371.300048828125
1991-12-05,1361.199951171875
1991-12-06,1360.5999755859375
1991-12-09,1347.0999755859375
1991-12-10,1304.5
1991-12-11,1273.199951171875
1991-12-13,1325.699951171875
1991-12-16,1346.800048828125
1991-12-17,1347.4000244140625
1991-12-18,1338.4000244140625
1991-12-19,1332.9000244140625
1991-12-20,1337.300048828125
1991-12-23,1364.4000244140625
1991-12-30,1431.5
1992-01-02,1444.9000244140625
1992-01-03,1475.199951171875
1992-01-06,1472.5
1992-01-07,1485.4000244140625
1992-01-08,1515.699951171875
1992-01-09,1529.5999755859375
1992-01-10,1524.800048828125
1992-01-13,1535.0
1992-01-14,1564.300048828125
1992-01-15,1565.4000244140625
1992-01-16,1583.300048828125
1992-01-17,1576.0999755859375
1992-01-20,1574.800048828125
1992-01-21,1557.0999755859375
1992-01-22,1564.4000244140625
1992-01-23,1594.9000244140625
1992-01-24,1603.800048828125
1992-01-27,1591.0999755859375
1992-01-28,1603.0999755859375
1992-01-29,1611.9000244140625
1992-01-30,1623.5
1992-01-31,1623.5
1992-02-03,1624.5
1992-02-04,1616.0999755859375
1992-02-06,1649.199951171875
1992-02-07,1647.0999755859375
1992-02-10,1677.4000244140625
1992-02-11,1709.5
1992-02-12,1739.4000244140625
1992-02-13,1725.300048828125
1992-02-14,1761.199951171875
1992-02-18,1758.0
1992-02-19,1762.5
1992-02-20,1791.5
1992-02-21,1785.5999755859375
1992-02-24,1780.699951171875
1992-02-25,1777.0999755859375
1992-02-26,1825.5
1992-02-27,1838.199951171875
1992-02-28,1860.5999755859375
1992-03-02,1873.9000244140625
1992-03-03,1905.0
1992-03-04,1836.5999755859375
1992-03-05,1861.0999755859375
1992-03-06,1792.9000244140625
1992-03-09,1784.800048828125
1992-03-10,1809.199951171875
1992-03-11,1796.5
1992-03-12,1762.5999755859375
1992-03-13,1758.0
1992-03-16,1734.800048828125
1992-03-17,1767.9000244140625
1992-03-18,1770.0999755859375
1992-03-19,1795.5999755859375
1992-03-20,1838.9000244140625
1992-03-23,1888.4000244140625
1992-03-24,1880.0999755859375
1992-03-25,1900.5999755859375
1992-03-26,1907.300048828125
1992-03-27,1881.5999755859375
1992-03-30,1868.800048828125
1992-03-31,1875.699951171875
1992-04-01,1852.5
1992-04-02,1842.5
1992-04-03,1822.300048828125
1992-04-06,1783.4000244140625
1992-04-07,1741.4000244140625
1992-04-08,1743.699951171875
1992-04-09,1764.5
1992-04-10,1810.5
1992-04-13,1810.199951171875
1992-04-14,1838.199951171875
1992-04-15,1871.5999755859375
1992-04-21,1869.699951171875
1992-04-22,1897.0999755859375
1992-04-23,1891.699951171875
1992-04-24,1882.9000244140625
1992-04-27,1863.0
1992-04-28,1831.5999755859375
1992-04-29,1852.9000244140625
1992-04-30,1838.300048828125
1992-05-04,1827.5999755859375
1992-05-06,1872.0999755859375
1992-05-07,1852.5
1992-05-11,1845.300048828125
1992-05-12,1844.199951171875
1992-05-13,1840.9000244140625
1992-05-14,1826.9000244140625
1992-05-15,1810.199951171875
1992-05-18,1785.699951171875
1992-05-19,1811.0999755859375
1992-05-20,1815.300048828125
1992-05-21,1820.9000244140625
1992-05-22,1829.5999755859375
1992-05-26,1830.300048828125
1992-05-27,1833.800048828125
1992-05-28,1856.199951171875
1992-05-29,1892.300048828125
1992-06-01,1907.4000244140625
1992-06-02,1894.199951171875
1992-06-03,1886.9000244140625
1992-06-04,1895.9000244140625
1992-06-05,1887.300048828125
1992-06-08,1873.0999755859375
1992-06-09,1843.699951171875
1992-06-10,1796.300048828125
1992-06-11,1802.5999755859375
1992-06-12,1809.9000244140625
1992-06-15,1742.5
1992-06-16,1692.9000244140625
1992-06-17,1593.300048828125
1992-06-18,1634.199951171875
1992-06-19,1686.300048828125
1992-06-22,1624.300048828125
1992-06-24,1562.699951171875
1992-06-25,1599.9000244140625
1992-06-26,1601.0
1992-06-29,1603.4000244140625
1992-06-30,1599.300048828125
1992-07-01,1658.9000244140625
1992-07-02,1676.699951171875
1992-07-03,1683.0
1992-07-06,1672.9000244140625
1992-07-07,1614.199951171875
1992-07-08,1582.300048828125
1992-07-09,1590.300048828125
1992-07-10,1617.4000244140625
1992-07-13,1640.5
1992-07-14,1636.0
1992-07-15,1639.800048828125
1992-07-16,1689.199951171875
1992-07-17,1674.199951171875
1992-07-20,1647.9000244140625
1992-07-21,1657.199951171875
1992-07-22,1625.199951171875
1992-07-23,1584.0999755859375
1992-07-24,1522.9000244140625
1992-07-27,1466.5999755859375
1992-07-28,1537.699951171875
1992-07-29,1547.800048828125
1992-07-30,1551.199951171875
1992-07-31,1569.699951171875
1992-08-03,1557.0999755859375
1992-08-04,1536.699951171875
1992-08-05,1538.0
1992-08-06,1552.800048828125
1992-08-07,1560.4000244140625
1992-08-10,1538.300048828125
1992-08-11,1515.5
1992-08-12,1525.5999755859375
1992-08-13,1518.4000244140625
1992-08-14,1516.5999755859375
1992-08-17,1510.300048828125
1992-08-18,1498.699951171875
1992-08-19,1474.0999755859375
1992-08-20,1439.0
1992-08-21,1424.5999755859375
1992-08-24,1366.800048828125
1992-08-25,1353.0999755859375
1992-08-26,1376.800048828125
1992-08-27,1423.199951171875
1992-08-28,1409.0
1992-08-31,1400.4000244140625
1992-09-01,1384.0999755859375
1992-09-02,1383.4000244140625
1992-09-03,1395.300048828125
1992-09-04,1392.5999755859375
1992-09-07,1385.300048828125
1992-09-08,1369.9000244140625
1992-09-09,1326.0
1992-09-10,1285.800048828125
1992-09-11,1294.0999755859375
1992-09-14,1342.800048828125
1992-09-15,1328.199951171875
1992-09-17,1318.199951171875
1992-09-18,1307.699951171875
1992-09-21,1295.800048828125
1992-09-22,1272.0999755859375
1992-09-23,1264.4000244140625
1992-09-24,1257.4000244140625
1992-09-25,1252.0999755859375
1992-09-28,1257.9000244140625
1992-09-29,1289.0999755859375
1992-09-30,1327.0999755859375
1992-10-01,1359.0999755859375
1992-10-02,1389.699951171875
1992-10-05,1454.4000244140625
1992-10-07,1453.4000244140625
1992-10-08,1437.9000244140625
1992-10-09,1425.0
1992-10-13,1428.0
1992-10-14,1432.5999755859375
1992-10-15,1454.800048828125
1992-10-16,1491.699951171875
1992-10-19,1509.699951171875
1992-10-20,1555.199951171875
1992-10-21,1560.4000244140625
1992-10-22,1569.800048828125
1992-10-23,1565.4000244140625
1992-10-26,1557.5
1992-10-27,1537.0
1992-10-28,1549.199951171875
1992-10-29,1565.300048828125
1992-10-30,1597.300048828125
1992-11-03,1558.4000244140625
1992-11-04,1547.800048828125
1992-11-05,1568.5999755859375
1992-11-06,1609.5999755859375
1992-11-09,1642.800048828125
1992-11-10,1655.800048828125
1992-11-11,1651.9000244140625
1992-11-12,1631.5999755859375
1992-11-13,1608.0999755859375
1992-11-16,1585.699951171875
1992-11-17,1608.199951171875
1992-11-18,1627.199951171875
1992-11-19,1634.550048828125
1992-11-23,1679.300048828125
1992-11-24,1691.5
1992-11-25,1691.5999755859375
1992-11-26,1703.5
1992-11-27,1727.199951171875
1992-11-30,1716.0
1992-12-01,1689.0999755859375
1992-12-02,1688.0
1992-12-03,1699.0
1992-12-07,1723.800048828125
1992-12-08,1748.300048828125
1992-12-09,1742.5999755859375
1992-12-10,1731.0
1992-12-11,1727.4000244140625
1992-12-14,1724.0
1992-12-15,1724.0
1992-12-16,1713.800048828125
1992-12-17,1719.5999755859375
1992-12-18,1730.199951171875
1992-12-21,1731.699951171875
1992-12-22,1752.5
1992-12-23,1754.199951171875
1992-12-24,1761.0999755859375
1992-12-28,1754.9000244140625
1992-12-29,1758.0999755859375
1992-12-30,1759.4000244140625
1993-01-04,1776.699951171875
1993-01-05,1817.199951171875
1993-01-06,1836.0999755859375
1993-01-07,1822.9000244140625
1993-01-08,1806.4000244140625
1993-01-11,1795.199951171875
1993-01-12,1782.0999755859375
1993-01-13,1763.800048828125
1993-01-14,1763.699951171875
1993-01-15,1760.199951171875
1993-01-18,1749.0
1993-01-19,1764.5999755859375
1993-01-20,1771.0
1993-01-21,1777.4000244140625
1993-01-22,1797.9000244140625
1993-01-25,1804.699951171875
1993-01-26,1779.300048828125
1993-01-27,1740.699951171875
1993-01-28,1680.800048828125
1993-01-29,1653.199951171875
1993-02-01,1664.300048828125
1993-02-02,1624.199951171875
1993-02-03,1607.5999755859375
1993-02-04,1659.699951171875
1993-02-08,1640.4000244140625
1993-02-09,1625.699951171875
1993-02-11,1661.300048828125
1993-02-12,1638.800048828125
1993-02-15,1628.300048828125
1993-02-16,1595.0
1993-02-17,1572.9000244140625
1993-02-18,1556.699951171875
1993-02-19,1574.0999755859375
1993-02-22,1573.0
1993-02-23,1542.699951171875
1993-02-24,1515.699951171875
1993-02-25,1504.199951171875
1993-02-26,1546.699951171875
1993-03-01,1563.5999755859375
1993-03-02,1590.4000244140625
1993-03-03,1613.0
1993-03-04,1604.9000244140625
1993-03-05,1637.9000244140625
1993-03-08,1650.0
1993-03-09,1644.4000244140625
1993-03-10,1644.4000244140625
1993-03-11,1655.5
1993-03-12,1637.800048828125
1993-03-15,1642.5999755859375
1993-03-16,1663.5999755859375
1993-03-17,1658.0
1993-03-18,1666.800048828125
1993-03-19,1669.4000244140625
1993-03-22,1661.5
1993-03-23,1669.0
1993-03-24,1702.0999755859375
1993-03-25,1735.699951171875
1993-03-26,1732.4000244140625
1993-03-29,1767.800048828125
1993-03-30,1773.9000244140625
1993-03-31,1771.699951171875
1993-04-01,1757.5
1993-04-02,1741.699951171875
1993-04-05,1742.699951171875
1993-04-06,1764.5
1993-04-07,1783.4000244140625
1993-04-12,1789.800048828125
1993-04-13,1782.5999755859375
1993-04-14,1778.9000244140625
1993-04-15,1757.5
1993-04-16,1761.4000244140625
1993-04-19,1745.5
1993-04-20,1720.300048828125
1993-04-21,1736.4000244140625
1993-04-22,1742.5
1993-04-23,1700.9000244140625
1993-04-26,1679.300048828125
1993-04-27,1684.4000244140625
1993-04-28,1644.699951171875
1993-04-29,1628.300048828125
1993-04-30,1662.800048828125
1993-05-03,1638.0999755859375
1993-05-04,1641.0999755859375
1993-05-06,1670.5
1993-05-07,1660.9000244140625
1993-05-10,1653.5999755859375
1993-05-11,1634.300048828125
1993-05-12,1611.9000244140625
1993-05-13,1608.300048828125
1993-05-14,1610.199951171875
1993-05-17,1629.9000244140625
1993-05-18,1627.0999755859375
1993-05-19,1637.300048828125
1993-05-20,1638.5
1993-05-21,1627.9000244140625
1993-05-24,1624.9000244140625
1993-05-25,1628.5999755859375
1993-05-26,1621.199951171875
1993-05-27,1589.4000244140625
1993-05-28,1613.699951171875
1993-05-31,1613.0
1993-06-01,1605.300048828125
1993-06-02,1596.199951171875
1993-06-03,1580.199951171875
1993-06-04,1573.4000244140625
1993-06-07,1553.0
1993-06-08,1579.5999755859375
1993-06-09,1589.5
1993-06-10,1569.9000244140625
1993-06-11,1563.5999755859375
1993-06-14,1565.4000244140625
1993-06-15,1573.699951171875
1993-06-16,1591.699951171875
1993-06-17,1619.300048828125
1993-06-18,1640.300048828125
1993-06-21,1652.4000244140625
1993-06-22,1643.800048828125
1993-06-23,1649.4000244140625
1993-06-24,1646.9000244140625
1993-06-25,1649.4000244140625
1993-06-28,1668.800048828125
1993-06-29,1685.5
1993-06-30,1666.300048828125
1993-07-01,1662.4000244140625
1993-07-02,1662.0
1993-07-05,1660.4000244140625
1993-07-06,1647.199951171875
1993-07-07,1653.5
1993-07-08,1684.699951171875
1993-07-09,1703.5
1993-07-12,1718.4000244140625
1993-07-13,1727.699951171875
1993-07-14,1727.5
1993-07-15,1717.800048828125
1993-07-16,1717.5
1993-07-19,1717.0999755859375
1993-07-20,1704.800048828125
1993-07-21,1691.5
1993-07-22,1681.4000244140625
1993-07-23,1739.5999755859375
1993-07-26,1774.0
1993-07-27,1765.9000244140625
1993-07-28,1749.699951171875
1993-07-29,1762.5999755859375
1993-07-30,1773.0
1993-08-02,1787.199951171875
1993-08-03,1773.699951171875
1993-08-04,1800.5
1993-08-05,1807.0999755859375
1993-08-06,1805.4000244140625
1993-08-09,1802.0
1993-08-10,1789.199951171875
1993-08-11,1805.5
1993-08-12,1776.300048828125
1993-08-13,1831.0
1993-08-16,1841.699951171875
1993-08-17,1869.5
1993-08-18,1868.199951171875
1993-08-19,1876.0
1993-08-20,1895.699951171875
1993-08-23,1933.4000244140625
1993-08-24,1920.4000244140625
1993-08-25,1913.800048828125
1993-08-26,1933.4000244140625
1993-08-27,1939.800048828125
1993-08-30,1914.0999755859375
1993-08-31,1902.800048828125
1993-09-01,1916.699951171875
1993-09-02,1932.800048828125
1993-09-03,1932.199951171875
1993-09-06,1929.5999755859375
1993-09-07,1949.300048828125
1993-09-08,1937.800048828125
1993-09-09,1934.5999755859375
1993-09-10,1926.5
1993-09-13,1889.4000244140625
1993-09-14,1858.300048828125
1993-09-15,1847.0
1993-09-17,1827.800048828125
1993-09-20,1801.5
1993-09-21,1773.800048828125
1993-09-22,1796.300048828125
1993-09-23,1827.5
1993-09-24,1842.800048828125
1993-09-27,1839.699951171875
1993-09-28,1845.9000244140625
1993-09-29,1855.300048828125
1993-09-30,1834.4000244140625
1993-10-01,1826.4000244140625
1993-10-04,1844.300048828125
1993-10-05,1848.199951171875
1993-10-06,1849.0999755859375
1993-10-07,1849.9000244140625
1993-10-08,1861.199951171875
1993-10-11,1902.699951171875
1993-10-13,1942.0999755859375
1993-10-14,1952.5999755859375
1993-10-15,1967.9000244140625
1993-10-18,1986.5999755859375
1993-10-19,1959.5
1993-10-20,1977.4000244140625
1993-10-21,2005.199951171875
1993-10-22,2013.5
1993-10-25,2005.300048828125
1993-10-26,2031.199951171875
1993-10-27,2010.4000244140625
1993-10-28,1979.699951171875
1993-10-29,2016.4000244140625
1993-11-01,2020.300048828125
1993-11-03,2000.4000244140625
1993-11-04,2012.0
1993-11-05,1968.0999755859375
1993-11-08,1928.4000244140625
1993-11-09,1953.0999755859375
1993-11-10,2036.0999755859375
1993-11-11,2056.300048828125
1993-11-12,2109.199951171875
1993-11-15,2123.0
1993-11-16,2156.300048828125
1993-11-17,2148.39990234375
1993-11-18,2165.800048828125
1993-11-19,2185.699951171875
1993-11-22,2182.800048828125
1993-11-23,2168.199951171875
1993-11-24,2164.10009765625
1993-11-25,2230.800048828125
1993-11-26,2259.0
1993-11-29,2225.199951171875
1993-11-30,2212.800048828125
1993-12-01,2231.5
1993-12-02,2270.699951171875
1993-12-03,2323.89990234375
1993-12-06,2383.0
1993-12-07,2383.199951171875
1993-12-08,2433.199951171875
1993-12-09,2398.10009765625
1993-12-10,2409.39990234375
1993-12-13,2411.10009765625
1993-12-14,2366.60009765625
1993-12-15,2389.89990234375
1993-12-16,2422.89990234375
1993-12-17,2454.0
1993-12-20,2491.0
1993-12-21,2479.699951171875
1993-12-22,2505.60009765625
1993-12-23,2561.800048828125
1993-12-24,2562.5
1993-12-27,2593.199951171875
1993-12-28,2574.699951171875
1993-12-29,2596.699951171875
1993-12-30,2603.0
1994-01-03,2502.199951171875
1994-01-04,2550.300048828125
1994-01-05,2658.60009765625
1994-01-06,2684.39990234375
1994-01-07,2637.39990234375
1994-01-10,2457.800048828125
1994-01-11,2554.60009765625
1994-01-12,2566.199951171875
1994-01-13,2535.5
1994-01-14,2485.39990234375
1994-01-17,2506.199951171875
1994-01-18,2556.800048828125
1994-01-19,2601.5
1994-01-20,2656.800048828125
1994-01-21,2683.10009765625
1994-01-24,2693.699951171875
1994-01-25,2660.39990234375
1994-01-26,2659.300048828125
1994-01-27,2712.39990234375
1994-01-28,2743.300048828125
1994-01-31,2783.300048828125
1994-02-01,2787.199951171875
1994-02-02,2784.89990234375
1994-02-03,2816.5
1994-02-04,2826.0
1994-02-07,2824.60009765625
1994-02-08,2881.89990234375
1994-02-09,2858.89990234375
1994-02-10,2814.0
1994-02-11,2797.60009765625
1994-02-14,2778.300048828125
1994-02-15,2759.699951171875
1994-02-16,2780.5
1994-02-17,2775.199951171875
1994-02-18,2708.89990234375
1994-02-21,2684.10009765625
1994-02-22,2635.10009765625
1994-02-23,2572.39990234375
1994-02-24,2588.60009765625
1994-02-25,2588.60009765625
1994-02-28,2585.39990234375
1994-03-01,2514.199951171875
1994-03-02,2562.699951171875
1994-03-03,2561.89990234375
1994-03-04,2569.5
1994-03-07,2601.89990234375
1994-03-08,2571.39990234375
1994-03-09,2533.10009765625
1994-03-10,2506.10009765625
1994-03-11,2510.89990234375
1994-03-14,2429.89990234375
1994-03-15,2362.0
1994-03-16,2382.199951171875
1994-03-17,2396.699951171875
1994-03-18,2383.0
1994-03-22,2511.89990234375
1994-03-23,2543.10009765625
1994-03-25,2520.89990234375
1994-03-28,2446.199951171875
1994-03-29,2457.60009765625
1994-03-30,2410.39990234375
1994-04-04,2288.10009765625
1994-04-05,2231.10009765625
1994-04-06,2255.699951171875
1994-04-07,2267.300048828125
1994-04-08,2222.800048828125
1994-04-11,2201.60009765625
1994-04-12,2215.39990234375
1994-04-13,2196.300048828125
1994-04-14,2197.699951171875
1994-04-15,2195.89990234375
1994-04-18,2136.89990234375
1994-04-19,2070.60009765625
1994-04-20,1961.0999755859375
1994-04-21,2058.5
1994-04-22,2174.0
1994-04-25,2224.199951171875
1994-04-26,2266.800048828125
1994-04-27,2337.89990234375
1994-04-28,2311.300048828125
1994-04-29,2295.5
1994-05-02,2224.39990234375
1994-05-03,2227.699951171875
1994-05-04,2236.199951171875
1994-05-06,2173.60009765625
1994-05-09,2146.199951171875
1994-05-10,2215.199951171875
1994-05-11,2188.199951171875
1994-05-12,2222.199951171875
1994-05-13,2237.800048828125
1994-05-16,2241.5
1994-05-17,2276.89990234375
1994-05-18,2361.800048828125
1994-05-19,2402.60009765625
1994-05-20,2413.39990234375
1994-05-23,2430.300048828125
1994-05-24,2454.10009765625
1994-05-25,2474.199951171875
1994-05-26,2446.10009765625
1994-05-27,2483.699951171875
1994-05-30,2478.60009765625
1994-05-31,2477.699951171875
1994-06-01,2443.39990234375
1994-06-02,2441.300048828125
1994-06-03,2462.699951171875
1994-06-06,2490.699951171875
1994-06-07,2459.699951171875
1994-06-08,2398.199951171875
1994-06-09,2401.89990234375
1994-06-10,2387.10009765625
1994-06-13,2294.89990234375
1994-06-14,2293.0
1994-06-15,2298.800048828125
1994-06-16,2310.5
1994-06-17,2309.199951171875
1994-06-20,2281.800048828125
1994-06-21,2253.300048828125
1994-06-22,2257.60009765625
1994-06-23,2238.89990234375
1994-06-24,2231.10009765625
1994-06-27,2232.0
1994-06-28,2227.300048828125
1994-06-29,2265.0
1994-06-30,2258.199951171875
1994-07-01,2256.0
1994-07-04,2262.60009765625
1994-07-05,2269.300048828125
1994-07-06,2291.300048828125
1994-07-07,2334.60009765625
1994-07-08,2315.60009765625
1994-07-11,2292.199951171875
1994-07-12,2290.199951171875
1994-07-13,2266.5
1994-07-14,2277.199951171875
1994-07-15,2281.300048828125
1994-07-18,2274.300048828125
1994-07-19,2256.300048828125
1994-07-20,2215.39990234375
1994-07-21,2218.699951171875
1994-07-22,2281.199951171875
1994-07-25,2312.89990234375
1994-07-26,2390.199951171875
1994-07-27,2429.0
1994-07-28,2415.0
1994-07-29,2461.0
1994-08-01,2461.5
1994-08-02,2532.60009765625
1994-08-03,2558.0
1994-08-04,2571.800048828125
1994-08-05,2610.5
1994-08-08,2611.5
1994-08-09,2591.89990234375
1994-08-10,2578.39990234375
1994-08-11,2567.699951171875
1994-08-12,2638.39990234375
1994-08-15,2653.89990234375
1994-08-16,2668.89990234375
1994-08-17,2701.39990234375
1994-08-18,2696.800048828125
1994-08-19,2709.89990234375
1994-08-22,2767.10009765625
1994-08-23,2774.0
1994-08-24,2794.39990234375
1994-08-25,2782.39990234375
1994-08-26,2767.89990234375
1994-08-29,2746.0
1994-08-30,2743.199951171875
1994-08-31,2710.0
1994-09-01,2700.199951171875
1994-09-02,2670.199951171875
1994-09-05,2665.89990234375
1994-09-06,2696.300048828125
1994-09-07,2742.10009765625
1994-09-08,2753.800048828125
1994-09-09,2750.89990234375
1994-09-12,2710.60009765625
1994-09-13,2708.199951171875
1994-09-14,2746.699951171875
1994-09-15,2790.89990234375
1994-09-19,2804.699951171875
1994-09-20,2826.60009765625
1994-09-21,2787.699951171875
1994-09-22,2819.89990234375
1994-09-23,2851.300048828125
1994-09-26,2835.199951171875
1994-09-27,2816.60009765625
1994-09-28,2768.699951171875
1994-09-29,2714.39990234375
1994-09-30,2746.10009765625
1994-10-03,2676.39990234375
1994-10-04,2669.800048828125
1994-10-05,2629.800048828125
1994-10-06,2637.699951171875
1994-10-07,2674.60009765625
1994-10-10,2621.39990234375
1994-10-11,2661.300048828125
1994-10-12,2733.89990234375
1994-10-13,2760.300048828125
1994-10-14,2776.0
1994-10-17,2756.60009765625
1994-10-18,2726.699951171875
1994-10-19,2749.39990234375
1994-10-20,2731.39990234375
1994-10-21,2700.10009765625
1994-10-24,2621.800048828125
1994-10-25,2558.5
1994-10-26,2564.699951171875
1994-10-27,2601.300048828125
1994-10-28,2564.300048828125
1994-10-31,2552.10009765625
1994-11-03,2543.10009765625
1994-11-04,2581.60009765625
1994-11-07,2588.39990234375
1994-11-08,2611.89990234375
1994-11-09,2618.89990234375
1994-11-10,2492.300048828125
1994-11-11,2527.0
1994-11-14,2486.60009765625
1994-11-15,2459.199951171875
1994-11-16,2510.39990234375
1994-11-17,2465.199951171875
1994-11-18,2429.10009765625
1994-11-21,2428.199951171875
1994-11-22,2451.10009765625
1994-11-23,2416.699951171875
1994-11-24,2439.0
1994-11-25,2480.199951171875
1994-11-28,2562.800048828125
1994-11-29,2596.199951171875
1994-11-30,2591.300048828125
1994-12-02,2537.5
1994-12-05,2521.39990234375
1994-12-06,2514.39990234375
1994-12-07,2520.89990234375
1994-12-08,2499.89990234375
1994-12-09,2467.800048828125
1994-12-13,2408.0
1994-12-14,2401.60009765625
1994-12-15,2378.699951171875
1994-12-16,2327.60009765625
1994-12-19,2254.800048828125
1994-12-20,2231.10009765625
1994-12-21,2151.39990234375
1994-12-22,2328.10009765625
1994-12-23,2331.0
1994-12-27,2276.89990234375
1994-12-28,2337.699951171875
1994-12-29,2411.300048828125
1994-12-30,2373.0
1995-01-03,2319.5
1995-01-04,2241.0
1995-01-05,2276.800048828125
1995-01-06,2270.199951171875
1995-01-09,2112.800048828125
1995-01-10,1960.9000244140625
1995-01-11,2026.0
1995-01-12,2107.5
1995-01-13,2222.39990234375
1995-01-16,2242.10009765625
1995-01-17,2213.800048828125
1995-01-18,2160.800048828125
1995-01-19,2062.89990234375
1995-01-20,2052.699951171875
1995-01-23,2058.89990234375
1995-01-24,2094.5
1995-01-25,2065.89990234375
1995-01-26,2035.5
1995-01-27,1952.0
1995-01-30,1900.300048828125
1995-01-31,2067.60009765625
1995-02-01,2002.5999755859375
1995-02-02,1943.300048828125
1995-02-03,1963.699951171875
1995-02-06,1959.199951171875
1995-02-07,1973.699951171875
1995-02-08,1961.5
1995-02-09,1932.0
1995-02-10,1965.0999755859375
1995-02-13,1927.699951171875
1995-02-14,1916.5
1995-02-15,1798.9000244140625
1995-02-16,1790.800048828125
1995-02-17,1815.0
1995-02-20,1768.4000244140625
1995-02-21,1656.5
1995-02-22,1718.5
1995-02-23,1615.4000244140625
1995-02-24,1573.0
1995-02-27,1458.699951171875
1995-02-28,1533.199951171875
1995-03-01,1494.5999755859375
1995-03-02,1502.0999755859375
1995-03-03,1509.699951171875
1995-03-06,1525.9000244140625
1995-03-07,1522.5
1995-03-08,1507.0999755859375
1995-03-09,1506.5
1995-03-10,1603.300048828125
1995-03-13,1580.0999755859375
1995-03-14,1618.4000244140625
1995-03-15,1604.5
1995-03-16,1582.699951171875
1995-03-17,1594.199951171875
1995-03-20,1588.4000244140625
1995-03-22,1586.699951171875
1995-03-23,1612.699951171875
1995-03-24,1714.800048828125
1995-03-27,1818.0
1995-03-28,1832.5999755859375
1995-03-29,1810.300048828125
1995-03-30,1827.699951171875
1995-03-31,1826.4000244140625
1995-04-03,1895.199951171875
1995-04-04,1940.5999755859375
1995-04-05,1903.4000244140625
1995-04-06,1907.199951171875
1995-04-07,1944.699951171875
1995-04-10,1897.300048828125
1995-04-11,1867.300048828125
1995-04-12,1828.699951171875
1995-04-17,1834.5999755859375
1995-04-18,1787.0999755859375
1995-04-19,1789.300048828125
1995-04-20,1822.800048828125
1995-04-21,1915.9000244140625
1995-04-24,2017.199951171875
1995-04-25,2004.300048828125
1995-04-26,2014.199951171875
1995-04-27,1986.0
1995-04-28,1969.5
1995-05-02,1976.5
1995-05-03,2020.300048828125
1995-05-04,2006.4000244140625
1995-05-08,2014.9000244140625
1995-05-09,2038.9000244140625
1995-05-10,2026.300048828125
1995-05-11,2003.699951171875
1995-05-12,2026.0999755859375
1995-05-15,2045.9000244140625
1995-05-16,2070.800048828125
1995-05-17,2077.199951171875
1995-05-18,2011.699951171875
1995-05-19,2012.300048828125
1995-05-22,2075.60009765625
1995-05-23,2091.199951171875
1995-05-24,2046.300048828125
1995-05-25,2002.199951171875
1995-05-26,1955.5999755859375
1995-05-29,1969.0
1995-05-30,1944.0
1995-05-31,1934.5
1995-06-01,1999.699951171875
1995-06-02,2032.5
1995-06-05,2026.699951171875
1995-06-06,2001.0999755859375
1995-06-07,1988.0
1995-06-08,1981.199951171875
1995-06-09,1956.5999755859375
1995-06-12,1968.0
1995-06-13,1985.5999755859375
1995-06-14,1982.199951171875
1995-06-15,1994.5999755859375
1995-06-16,2035.699951171875
1995-06-19,2022.4000244140625
1995-06-20,2004.5999755859375
1995-06-21,2015.0
1995-06-22,2046.9000244140625
1995-06-23,2053.39990234375
1995-06-26,2072.5
1995-06-27,2108.699951171875
1995-06-28,2165.0
1995-06-29,2192.5
1995-06-30,2195.89990234375
1995-07-03,2189.699951171875
1995-07-04,2176.89990234375
1995-07-05,2290.60009765625
1995-07-06,2399.300048828125
1995-07-07,2438.5
1995-07-10,2544.800048828125
1995-07-11,2473.89990234375
1995-07-12,2524.800048828125
1995-07-13,2586.60009765625
1995-07-14,2538.5
1995-07-17,2520.89990234375
1995-07-18,2483.39990234375
1995-07-19,2429.60009765625
1995-07-20,2431.699951171875
1995-07-21,2480.10009765625
1995-07-24,2480.0
1995-07-25,2456.89990234375
1995-07-26,2390.699951171875
1995-07-27,2394.89990234375
1995-07-28,2400.89990234375
1995-07-31,2369.10009765625
1995-08-01,2378.300048828125
1995-08-02,2440.60009765625
1995-08-03,2492.199951171875
1995-08-04,2542.60009765625
1995-08-07,2568.800048828125
1995-08-08,2534.800048828125
1995-08-09,2548.300048828125
1995-08-10,2571.10009765625
1995-08-11,2526.60009765625
1995-08-14,2516.699951171875
1995-08-15,2523.39990234375
1995-08-16,2500.89990234375
1995-08-17,2491.89990234375
1995-08-18,2481.60009765625
1995-08-21,2484.699951171875
1995-08-22,2487.60009765625
1995-08-23,2471.699951171875
1995-08-24,2432.60009765625
1995-08-25,2456.60009765625
1995-08-28,2484.300048828125
1995-08-29,2486.60009765625
1995-08-30,2477.800048828125
1995-08-31,2505.199951171875
1995-09-04,2570.199951171875
1995-09-05,2598.5
1995-09-06,2596.39990234375
1995-09-07,2607.89990234375
1995-09-08,2618.5
1995-09-11,2611.10009765625
1995-09-12,2583.199951171875
1995-09-13,2566.5
1995-09-14,2580.10009765625
1995-09-15,2566.39990234375
1995-09-18,2539.0
1995-09-19,2561.10009765625
1995-09-20,2552.10009765625
1995-09-21,2545.199951171875
1995-09-22,2513.699951171875
1995-09-25,2457.10009765625
1995-09-26,2412.0
1995-09-27,2319.800048828125
1995-09-28,2377.199951171875
1995-09-29,2392.300048828125
1995-10-02,2292.0
1995-10-03,2275.199951171875
1995-10-04,2267.10009765625
1995-10-05,2347.699951171875
1995-10-06,2410.300048828125
1995-10-09,2341.0
1995-10-10,2336.10009765625
1995-10-11,2357.199951171875
1995-10-12,2326.89990234375
1995-10-13,2291.60009765625
1995-10-16,2331.89990234375
1995-10-17,2302.0
1995-10-18,2328.5
1995-10-19,2352.39990234375
1995-10-20,2333.5
1995-10-23,2291.60009765625
1995-10-24,2293.60009765625
1995-10-25,2202.89990234375
1995-10-26,2171.0
1995-10-27,2244.5
1995-10-30,2353.800048828125
1995-10-31,2308.10009765625
1995-11-01,2299.199951171875
1995-11-03,2300.0
1995-11-06,2282.39990234375
1995-11-07,2255.699951171875
1995-11-08,2219.199951171875
1995-11-09,2303.10009765625
1995-11-10,2315.89990234375
1995-11-13,2261.5
1995-11-14,2241.5
1995-11-15,2260.199951171875
1995-11-16,2262.5
1995-11-17,2349.5
1995-11-21,2448.39990234375
1995-11-22,2534.699951171875
1995-11-23,2571.39990234375
1995-11-24,2576.0
1995-11-27,2554.800048828125
1995-11-28,2615.5
1995-11-29,2724.5
1995-11-30,2689.0
1995-12-01,2703.39990234375
1995-12-04,2689.60009765625
1995-12-05,2666.800048828125
1995-12-06,2680.89990234375
1995-12-07,2667.199951171875
1995-12-08,2655.39990234375
1995-12-11,2607.800048828125
1995-12-13,2586.10009765625
1995-12-14,2575.39990234375
1995-12-15,2675.699951171875
1995-12-18,2656.699951171875
1995-12-19,2747.5
1995-12-20,2746.5
1995-12-21,2834.39990234375
1995-12-22,2826.699951171875
1995-12-26,2825.199951171875
1995-12-27,2806.60009765625
1995-12-28,2790.800048828125
1995-12-29,2778.5
1996-01-02,2929.39990234375
1996-01-03,3004.800048828125
1996-01-04,3002.60009765625
1996-01-05,3011.10009765625
1996-01-08,3002.10009765625
1996-01-09,2957.5
1996-01-10,2974.300048828125
1996-01-11,2997.300048828125
1996-01-12,2934.10009765625
1996-01-15,2908.199951171875
1996-01-16,2921.300048828125
1996-01-17,2919.0
1996-01-18,2983.300048828125
1996-01-19,3058.39990234375
1996-01-22,3087.5
1996-01-23,3074.0
1996-01-24,3054.60009765625
1996-01-25,3053.199951171875
1996-01-26,3079.10009765625
1996-01-29,3088.0
1996-01-30,3065.10009765625
1996-01-31,3034.699951171875
1996-02-01,3078.199951171875
1996-02-02,3101.89990234375
1996-02-06,3048.10009765625
1996-02-07,3010.800048828125
1996-02-08,3037.5
1996-02-09,2985.10009765625
1996-02-12,2950.60009765625
1996-02-13,2920.699951171875
1996-02-14,2971.300048828125
1996-02-15,2946.39990234375
1996-02-16,2971.300048828125
1996-02-19,2971.10009765625
1996-02-20,2904.39990234375
1996-02-21,2907.800048828125
1996-02-22,2981.0
1996-02-23,2981.39990234375
1996-02-26,2955.39990234375
1996-02-27,2939.0
1996-02-28,2862.60009765625
1996-02-29,2832.5
1996-03-01,2892.39990234375
1996-03-04,2879.699951171875
1996-03-05,2856.699951171875
1996-03-06,2820.39990234375
1996-03-07,2826.5
1996-03-08,2736.39990234375
1996-03-11,2778.0
1996-03-12,2819.89990234375
1996-03-13,2864.89990234375
1996-03-14,2853.5
1996-03-15,2844.10009765625
1996-03-18,2874.300048828125
1996-03-19,3003.800048828125
1996-03-20,3004.39990234375
1996-03-22,3046.800048828125
1996-03-25,3068.0
1996-03-26,3094.60009765625
1996-03-27,3061.800048828125
1996-03-28,3080.39990234375
1996-03-29,3072.39990234375
1996-04-01,3113.300048828125
1996-04-02,3077.5
1996-04-03,3086.39990234375
1996-04-08,3021.0
1996-04-09,3009.5
1996-04-10,3044.60009765625
1996-04-11,3044.0
1996-04-12,3174.89990234375
1996-04-15,3204.699951171875
1996-04-16,3200.89990234375
1996-04-17,3234.60009765625
1996-04-18,3273.5
1996-04-19,3284.5
1996-04-22,3251.199951171875
1996-04-23,3217.89990234375
1996-04-24,3252.300048828125
1996-04-25,3239.0
1996-04-26,3217.0
1996-04-29,3200.0
1996-04-30,3187.199951171875
1996-05-02,3162.5
1996-05-03,3146.0
1996-05-06,3152.699951171875
1996-05-07,3168.199951171875
1996-05-08,3194.39990234375
1996-05-09,3182.0
1996-05-10,3216.10009765625
1996-05-13,3250.800048828125
1996-05-14,3250.300048828125
1996-05-15,3232.10009765625
1996-05-16,3225.89990234375
1996-05-17,3259.39990234375
1996-05-20,3316.199951171875
1996-05-21,3342.699951171875
1996-05-22,3352.89990234375
1996-05-23,3316.0
1996-05-24,3313.199951171875
1996-05-27,3321.199951171875
1996-05-28,3314.300048828125
1996-05-29,3278.5
1996-05-30,3260.89990234375
1996-05-31,3205.5
1996-06-03,3191.800048828125
1996-06-04,3228.300048828125
1996-06-05,3257.199951171875
1996-06-06,3271.89990234375
1996-06-07,3262.0
1996-06-10,3242.300048828125
1996-06-11,3227.300048828125
1996-06-12,3216.300048828125
1996-06-13,3183.800048828125
1996-06-14,3174.89990234375
1996-06-17,3190.699951171875
1996-06-18,3202.199951171875
1996-06-19,3210.800048828125
1996-06-20,3181.0
1996-06-21,3136.10009765625
1996-06-24,3132.199951171875
1996-06-25,3160.0
1996-06-26,3177.89990234375
1996-06-27,3183.60009765625
1996-06-28,3210.800048828125
1996-07-01,3177.699951171875
1996-07-02,3198.89990234375
1996-07-03,3181.800048828125
1996-07-04,3174.89990234375
1996-07-05,3105.89990234375
1996-07-08,3034.89990234375
1996-07-09,3085.699951171875
1996-07-10,3087.5
1996-07-11,3056.300048828125
1996-07-12,3010.0
1996-07-15,2916.60009765625
1996-07-16,2944.39990234375
1996-07-17,2990.300048828125
1996-07-18,3064.199951171875
1996-07-19,3060.10009765625
1996-07-22,3014.89990234375
1996-07-23,3003.10009765625
1996-07-24,2943.0
1996-07-25,2938.0
1996-07-26,2990.89990234375
1996-07-29,2969.89990234375
1996-07-30,2986.89990234375
1996-07-31,3007.199951171875
1996-08-01,3118.39990234375
1996-08-02,3188.199951171875
1996-08-05,3177.89990234375
1996-08-06,3206.800048828125
1996-08-07,3189.0
1996-08-08,3185.39990234375
1996-08-09,3219.0
1996-08-12,3256.0
1996-08-13,3235.699951171875
1996-08-14,3265.199951171875
1996-08-15,3311.699951171875
1996-08-16,3361.39990234375
1996-08-19,3324.699951171875
1996-08-20,3401.800048828125
1996-08-21,3412.39990234375
1996-08-22,3389.300048828125
1996-08-23,3364.39990234375
1996-08-26,3357.199951171875
1996-08-27,3433.800048828125
1996-08-28,3410.800048828125
1996-08-29,3334.89990234375
1996-08-30,3305.5
1996-09-02,3309.60009765625
1996-09-03,3267.0
1996-09-04,3330.0
1996-09-05,3306.699951171875
1996-09-06,3340.89990234375
1996-09-09,3341.199951171875
1996-09-10,3309.300048828125
1996-09-11,3303.0
1996-09-12,3319.0
1996-09-13,3311.699951171875
1996-09-17,3353.800048828125
1996-09-18,3369.0
1996-09-19,3348.39990234375
1996-09-20,3318.199951171875
1996-09-23,3300.39990234375
1996-09-24,3293.60009765625
1996-09-25,3274.5
1996-09-26,3239.5
1996-09-27,3236.800048828125
1996-09-30,3236.300048828125
1996-10-01,3286.5
1996-10-02,3358.300048828125
1996-10-03,3373.39990234375
1996-10-04,3376.10009765625
1996-10-07,3345.5
1996-10-08,3340.10009765625
1996-10-09,3372.800048828125
1996-10-10,3365.39990234375
1996-10-11,3335.199951171875
1996-10-14,3287.39990234375
1996-10-15,3251.199951171875
1996-10-16,3263.0
1996-10-17,3288.5
1996-10-18,3319.60009765625
1996-10-21,3286.0
1996-10-22,3247.800048828125
1996-10-23,3264.5
1996-10-24,3279.199951171875
1996-10-25,3233.300048828125
1996-10-28,3216.5
1996-10-29,3199.10009765625
1996-10-30,3162.5
1996-10-31,3213.300048828125
1996-11-01,3255.800048828125
1996-11-04,3247.699951171875
1996-11-05,3286.0
1996-11-06,3290.39990234375
1996-11-07,3293.199951171875
1996-11-08,3347.699951171875
1996-11-11,3369.699951171875
1996-11-12,3374.39990234375
1996-11-13,3401.0
1996-11-14,3392.199951171875
1996-11-15,3385.10009765625
1996-11-18,3366.199951171875
1996-11-19,3358.199951171875
1996-11-21,3320.0
1996-11-22,3288.300048828125
1996-11-25,3246.699951171875
1996-11-26,3271.5
1996-11-27,3268.800048828125
1996-11-28,3273.10009765625
1996-11-29,3277.39990234375
1996-12-02,3311.10009765625
1996-12-03,3396.39990234375
1996-12-04,3390.5
1996-12-05,3376.60009765625
1996-12-06,3333.10009765625
1996-12-09,3335.10009765625
1996-12-10,3307.10009765625
1996-12-11,3241.800048828125
1996-12-13,3205.199951171875
1996-12-16,3175.10009765625
1996-12-17,3254.0
1996-12-18,3273.199951171875
1996-12-19,3330.10009765625
1996-12-20,3311.39990234375
1996-12-23,3299.199951171875
1996-12-24,3298.5
1996-12-26,3310.89990234375
1996-12-27,3327.199951171875
1996-12-30,3347.0
1996-12-31,3361.0
1997-01-02,3359.5
1997-01-03,3397.0
1997-01-06,3492.199951171875
1997-01-07,3516.10009765625
1997-01-08,3558.0
1997-01-09,3578.300048828125
1997-01-10,3596.10009765625
1997-01-13,3561.60009765625
1997-01-14,3631.39990234375
1997-01-15,3728.0
1997-01-16,3701.800048828125
1997-01-17,3733.199951171875
1997-01-20,3739.60009765625
1997-01-21,3717.300048828125
1997-01-22,3708.0
1997-01-23,3695.199951171875
1997-01-24,3680.60009765625
1997-01-27,3685.199951171875
1997-01-28,3676.800048828125
1997-01-29,3631.60009765625
1997-01-30,3672.89990234375
1997-01-31,3647.10009765625
1997-02-03,3636.5
1997-02-04,3653.0
1997-02-06,3654.699951171875
1997-02-07,3654.300048828125
1997-02-10,3679.10009765625
1997-02-11,3750.0
1997-02-12,3802.60009765625
1997-02-13,3778.5
1997-02-14,3826.800048828125
1997-02-17,3850.39990234375
1997-02-18,3842.699951171875
1997-02-19,3875.0
1997-02-20,3839.699951171875
1997-02-21,3880.0
1997-02-24,3889.800048828125
1997-02-25,3938.699951171875
1997-02-26,3890.199951171875
1997-02-27,3851.89990234375
1997-02-28,3841.0
1997-03-03,3795.89990234375
1997-03-04,3755.699951171875
1997-03-05,3762.5
1997-03-06,3807.0
1997-03-07,3809.800048828125
1997-03-10,3844.800048828125
1997-03-11,3804.10009765625
1997-03-12,3758.10009765625
1997-03-13,3745.39990234375
1997-03-14,3775.699951171875
1997-03-17,3760.60009765625
1997-03-18,3797.10009765625
1997-03-19,3867.199951171875
1997-03-20,3809.89990234375
1997-03-24,3828.0
1997-03-25,3837.5
1997-03-26,3842.89990234375
1997-03-31,3748.0
1997-04-01,3714.300048828125
1997-04-02,3716.199951171875
1997-04-03,3741.300048828125
1997-04-04,3752.5
1997-04-07,3792.800048828125
1997-04-08,3784.300048828125
1997-04-09,3797.300048828125
1997-04-10,3821.800048828125
1997-04-11,3764.5
1997-04-14,3798.699951171875
1997-04-15,3805.10009765625
1997-04-16,3834.60009765625
1997-04-17,3798.39990234375
1997-04-18,3788.39990234375
1997-04-21,3758.5
1997-04-22,3815.5
1997-04-23,3827.0
1997-04-24,3773.699951171875
1997-04-25,3782.60009765625
1997-04-28,3756.199951171875
1997-04-29,3757.300048828125
1997-04-30,3756.60009765625
1997-05-02,3764.89990234375
1997-05-06,3798.199951171875
1997-05-07,3774.0
1997-05-08,3821.89990234375
1997-05-09,3873.39990234375
1997-05-12,3930.10009765625
1997-05-13,3930.699951171875
1997-05-14,3894.199951171875
1997-05-15,3887.199951171875
1997-05-16,3890.39990234375
1997-05-19,3921.39990234375
1997-05-20,3952.60009765625
1997-05-21,3974.39990234375
1997-05-22,3999.5
1997-05-23,3988.300048828125
1997-05-26,3985.0
1997-05-27,3960.89990234375
1997-05-28,3906.300048828125
1997-05-29,3936.10009765625
1997-05-30,3968.800048828125
1997-06-02,4002.800048828125
1997-06-03,4060.10009765625
1997-06-04,4121.60009765625
1997-06-05,4119.5
1997-06-06,4160.89990234375
1997-06-09,4126.2998046875
1997-06-10,4142.89990234375
1997-06-11,4194.39990234375
1997-06-12,4240.0
1997-06-13,4244.60009765625
1997-06-16,4259.7998046875
1997-06-17,4276.7998046875
1997-06-18,4281.5
1997-06-19,4353.7001953125
1997-06-20,4439.10009765625
1997-06-23,4436.7998046875
1997-06-24,4403.5
1997-06-25,4397.7998046875
1997-06-26,4465.0
1997-06-27,4481.10009765625
1997-06-30,4458.0
1997-07-01,4508.7998046875
1997-07-02,4559.2001953125
1997-07-03,4591.60009765625
1997-07-04,4644.60009765625
1997-07-07,4741.2001953125
1997-07-08,4821.10009765625
1997-07-09,4836.5
1997-07-10,4862.39990234375
1997-07-11,4821.60009765625
1997-07-14,4777.10009765625
1997-07-15,4694.39990234375
1997-07-16,4787.39990234375
1997-07-17,4816.39990234375
1997-07-18,4720.5
1997-07-21,4590.2001953125
1997-07-22,4652.2001953125
1997-07-23,4742.10009765625
1997-07-24,4762.7001953125
1997-07-25,4722.39990234375
1997-07-28,4712.2001953125
1997-07-29,4797.5
1997-07-30,4974.2001953125
1997-07-31,5067.7998046875
1997-08-01,5067.0
1997-08-04,5135.2001953125
1997-08-05,5183.0
1997-08-06,5212.89990234375
1997-08-07,5195.2998046875
1997-08-08,5075.10009765625
1997-08-11,5043.7001953125
1997-08-12,5002.89990234375
1997-08-13,5016.60009765625
1997-08-14,5014.60009765625
1997-08-15,4956.60009765625
1997-08-18,4952.89990234375
1997-08-19,5041.5
1997-08-20,5124.2001953125
1997-08-21,5070.5
1997-08-22,5023.39990234375
1997-08-25,4996.2001953125
1997-08-26,4916.5
1997-08-27,4912.89990234375
1997-08-28,4789.39990234375
1997-08-29,4648.39990234375
1997-09-02,4780.2001953125
1997-09-03,4888.7998046875
1997-09-04,4891.5
1997-09-05,4927.39990234375
1997-09-08,4933.39990234375
1997-09-09,4938.0
1997-09-10,4822.10009765625
1997-09-11,4720.60009765625
1997-09-12,4848.5
1997-09-15,4833.10009765625
1997-09-17,5009.60009765625
1997-09-18,5074.89990234375
1997-09-19,5118.10009765625
1997-09-22,5278.7001953125
1997-09-23,5258.5
1997-09-24,5210.60009765625
1997-09-25,5228.7001953125
1997-09-26,5250.0
1997-09-29,5269.7001953125
1997-09-30,5321.5
1997-10-01,5354.39990234375
1997-10-02,5325.5
1997-10-03,5314.2001953125
1997-10-06,5316.0
1997-10-07,5360.7001953125
1997-10-08,5300.7998046875
1997-10-09,5257.2998046875
1997-10-10,5267.2998046875
1997-10-13,5252.10009765625
1997-10-14,5324.0
1997-10-15,5345.2001953125
1997-10-16,5341.7998046875
1997-10-17,5275.60009765625
1997-10-20,5312.60009765625
1997-10-21,5369.5
1997-10-22,5299.2001953125
1997-10-23,5058.7001953125
1997-10-24,4920.10009765625
1997-10-27,4263.89990234375
1997-10-28,4762.2998046875
1997-10-29,4795.0
1997-10-30,4629.5
1997-10-31,4647.7998046875
1997-11-03,4849.7001953125
1997-11-04,4853.5
1997-11-05,4823.7001953125
1997-11-06,4780.2001953125
1997-11-07,4664.5
1997-11-10,4545.5
1997-11-11,4527.10009765625
1997-11-12,4334.7998046875
1997-11-13,4448.7998046875
1997-11-14,4532.7001953125
1997-11-17,4588.10009765625
1997-11-18,4595.89990234375
1997-11-19,4679.2001953125
1997-11-21,4832.2001953125
1997-11-24,4720.89990234375
1997-11-25,4787.10009765625
1997-11-26,4897.0
1997-11-27,4957.10009765625
1997-11-28,4974.60009765625
1997-12-01,5118.2001953125
1997-12-02,5126.7001953125
1997-12-03,5127.89990234375
1997-12-04,5131.10009765625
1997-12-05,5110.2001953125
1997-12-08,5110.39990234375
1997-12-09,5111.89990234375
1997-12-10,5045.39990234375
1997-12-11,4953.0
1997-12-15,5008.10009765625
1997-12-16,5087.2998046875
1997-12-17,5112.0
1997-12-18,5040.89990234375
1997-12-19,4946.5
1997-12-22,4931.60009765625
1997-12-23,4925.89990234375
1997-12-24,4912.7001953125
1997-12-26,5034.0
1997-12-29,5120.60009765625
1997-12-30,5206.39990234375
1997-12-31,5229.39990234375
1998-01-02,5204.0
1998-01-05,5199.60009765625
1998-01-06,5033.39990234375
1998-01-07,4942.89990234375
1998-01-08,4837.2001953125
1998-01-09,4547.7001953125
1998-01-12,4686.89990234375
1998-01-13,4673.60009765625
1998-01-14,4650.10009765625
1998-01-15,4589.10009765625
1998-01-16,4671.2001953125
1998-01-19,4773.39990234375
1998-01-20,4691.7001953125
1998-01-21,4617.7001953125
1998-01-22,4549.89990234375
1998-01-23,4542.89990234375
1998-01-26,4526.60009765625
1998-01-27,4583.5
1998-01-28,4546.2998046875
1998-01-29,4477.60009765625
1998-01-30,4569.39990234375
1998-02-02,4673.10009765625
1998-02-03,4765.39990234375
1998-02-04,4787.39990234375
1998-02-06,4751.5
1998-02-09,4697.5
1998-02-10,4722.0
1998-02-11,4729.2998046875
1998-02-12,4682.60009765625
1998-02-13,4615.7998046875
1998-02-16,4588.0
1998-02-17,4513.89990234375
1998-02-18,4550.2001953125
1998-02-19,4606.60009765625
1998-02-20,4597.7001953125
1998-02-23,4561.0
1998-02-24,4599.0
1998-02-25,4740.2001953125
1998-02-26,4775.0
1998-02-27,4784.5
1998-03-02,4850.7001953125
1998-03-03,4841.2998046875
1998-03-04,4804.10009765625
1998-03-05,4757.0
1998-03-06,4855.7998046875
1998-03-09,4812.2001953125
1998-03-10,4710.2998046875
1998-03-11,4742.2998046875
1998-03-12,4758.39990234375
1998-03-13,4785.39990234375
1998-03-16,4723.7998046875
1998-03-17,4784.2998046875
1998-03-18,4844.39990234375
1998-03-19,4852.2998046875
1998-03-20,4917.10009765625
1998-03-23,5042.10009765625
1998-03-24,5004.60009765625
1998-03-25,4997.10009765625
1998-03-26,4986.2001953125
1998-03-27,5043.10009765625
1998-03-30,5038.5
1998-03-31,5016.2001953125
1998-04-01,4999.10009765625
1998-04-02,4984.10009765625
1998-04-03,4927.89990234375
1998-04-06,4924.60009765625
1998-04-07,4866.7001953125
1998-04-08,4921.2001953125
1998-04-13,4919.10009765625
1998-04-14,4961.2998046875
1998-04-15,4991.0
1998-04-16,5001.60009765625
1998-04-17,5083.7001953125
1998-04-20,5166.39990234375
1998-04-21,5185.5
1998-04-22,5164.7001953125
1998-04-23,5151.60009765625
1998-04-24,5086.2001953125
1998-04-27,4909.7998046875
1998-04-28,5035.18017578125
1998-04-29,5028.64990234375
1998-04-30,5098.52978515625
1998-05-04,5041.3798828125
1998-05-06,4927.93017578125
1998-05-07,4927.009765625
1998-05-08,4937.64990234375
1998-05-11,4843.5400390625
1998-05-12,4812.14013671875
1998-05-13,4756.60009765625
1998-05-14,4739.18017578125
1998-05-15,4786.18017578125
1998-05-18,4646.509765625
1998-05-19,4624.4501953125
1998-05-20,4607.33984375
1998-05-21,4660.43994140625
1998-05-22,4648.43017578125
1998-05-25,4612.2900390625
1998-05-26,4453.580078125
1998-05-27,4480.35986328125
1998-05-28,4468.22021484375
1998-05-29,4530.009765625
1998-06-01,4413.52001953125
1998-06-02,4480.009765625
1998-06-03,4455.240234375
1998-06-04,4592.009765625
1998-06-05,4601.259765625
1998-06-08,4598.08984375
1998-06-09,4559.4501953125
1998-06-10,4396.7998046875
1998-06-11,4289.31005859375
1998-06-12,4215.68017578125
1998-06-15,4048.989990234375
1998-06-16,4125.97021484375
1998-06-17,4340.97998046875
1998-06-18,4268.72998046875
1998-06-19,4353.740234375
1998-06-22,4320.35986328125
1998-06-23,4387.85986328125
1998-06-24,4378.259765625
1998-06-25,4233.919921875
1998-06-26,4157.81005859375
1998-06-29,4184.56005859375
1998-06-30,4282.6201171875
1998-07-01,4422.08984375
1998-07-02,4431.7998046875
1998-07-03,4483.75
1998-07-06,4411.8798828125
1998-07-07,4510.60986328125
1998-07-08,4573.27978515625
1998-07-09,4532.58984375
1998-07-10,4566.8798828125
1998-07-13,4625.3798828125
1998-07-14,4665.7900390625
1998-07-15,4593.77978515625
1998-07-16,4655.419921875
1998-07-17,4674.52978515625
1998-07-20,4602.68994140625
1998-07-21,4552.740234375
1998-07-22,4564.75
1998-07-23,4484.5
1998-07-24,4495.10009765625
1998-07-27,4473.0400390625
1998-07-28,4343.97998046875
1998-07-29,4340.33984375
1998-07-30,4351.3701171875
1998-07-31,4244.9599609375
1998-08-03,4174.33984375
1998-08-04,4071.949951171875
1998-08-05,4055.320068359375
1998-08-06,3981.72998046875
1998-08-07,3844.929931640625
1998-08-10,3731.489990234375
1998-08-11,3628.449951171875
1998-08-12,3561.5
1998-08-13,3580.550048828125
1998-08-14,3583.719970703125
1998-08-17,3533.139892578125
1998-08-18,3648.840087890625
1998-08-19,3604.360107421875
1998-08-20,3498.81005859375
1998-08-21,3413.14990234375
1998-08-24,3413.010009765625
1998-08-25,3368.7900390625
1998-08-26,3254.43994140625
1998-08-27,3055.7099609375
1998-08-28,3154.139892578125
1998-08-31,2991.929931640625
1998-09-02,3178.56005859375
1998-09-03,3102.389892578125
1998-09-04,3045.169921875
1998-09-07,3194.5400390625
1998-09-08,3237.239990234375
1998-09-09,3167.260009765625
1998-09-10,2856.10009765625
1998-09-11,2917.780029296875
1998-09-14,3023.89990234375
1998-09-15,3414.679931640625
1998-09-17,3395.47998046875
1998-09-18,3475.89990234375
1998-09-21,3494.39990234375
1998-09-22,3577.360107421875
1998-09-23,3902.18994140625
1998-09-24,3690.47998046875
1998-09-25,3703.68994140625
1998-09-28,3717.179931640625
1998-09-29,3679.909912109375
1998-09-30,3569.8798828125
1998-10-01,3390.22998046875
1998-10-02,3528.64990234375
1998-10-05,3427.97998046875
1998-10-06,3434.820068359375
1998-10-07,3375.43994140625
1998-10-08,3387.4599609375
1998-10-09,3444.06005859375
1998-10-12,3560.610107421875
1998-10-13,3577.239990234375
1998-10-14,3595.419921875
1998-10-15,3831.02001953125
1998-10-16,3831.330078125
1998-10-19,3812.9599609375
1998-10-20,3820.489990234375
1998-10-21,3850.449951171875
1998-10-22,4025.989990234375
1998-10-23,3993.22998046875
1998-10-26,3994.510009765625
1998-10-27,3917.4599609375
1998-10-28,3843.679931640625
1998-10-29,3907.72998046875
1998-10-30,4074.860107421875
1998-11-03,4127.85009765625
1998-11-04,4267.72998046875
1998-11-05,4260.97998046875
1998-11-06,4286.93994140625
1998-11-09,4201.240234375
1998-11-10,4142.77001953125
1998-11-11,4117.68994140625
1998-11-12,4028.699951171875
1998-11-13,4007.6201171875
1998-11-16,3971.5
1998-11-17,3954.199951171875
1998-11-18,4059.239990234375
1998-11-19,3995.6201171875
1998-11-23,4131.4501953125
1998-11-24,4032.179931640625
1998-11-25,4007.919921875
1998-11-26,4025.659912109375
1998-11-27,3992.300048828125
1998-11-30,3769.8798828125
1998-12-01,3749.3798828125
1998-12-02,3815.389892578125
1998-12-03,3700.18994140625
1998-12-04,3759.830078125
1998-12-07,3806.9599609375
1998-12-08,3779.530029296875
1998-12-09,3805.52001953125
1998-12-10,3798.8701171875
1998-12-11,3881.43994140625
1998-12-14,3828.320068359375
1998-12-15,3753.0400390625
1998-12-16,3741.25
1998-12-17,3790.85009765625
1998-12-18,3841.239990234375
1998-12-21,3909.570068359375
1998-12-22,3899.110107421875
1998-12-23,3930.2900390625
1998-12-24,4001.35009765625
1998-12-28,3942.669921875
1998-12-29,3916.800048828125
1998-12-30,3960.780029296875
1998-12-31,3959.659912109375
1999-01-04,3835.72998046875
1999-01-05,3759.8701171875
1999-01-06,3745.14990234375
1999-01-07,3665.25
1999-01-08,3638.550048828125
1999-01-11,3592.199951171875
1999-01-12,3459.639892578125
1999-01-13,3300.419921875
1999-01-14,3356.590087890625
1999-01-15,3617.77001953125
1999-01-18,3637.77001953125
1999-01-19,3603.429931640625
1999-01-20,3775.409912109375
1999-01-21,3734.199951171875
1999-01-22,3697.030029296875
1999-01-25,3707.800048828125
1999-01-26,3765.969970703125
1999-01-27,3815.35009765625
1999-01-28,3992.909912109375
1999-01-29,3957.929931640625
1999-02-01,4030.239990234375
1999-02-02,4014.580078125
1999-02-03,4060.56005859375
1999-02-04,4013.550048828125
1999-02-08,4016.800048828125
1999-02-09,3946.93994140625
1999-02-10,3941.489990234375
1999-02-11,4107.740234375
1999-02-12,4101.18017578125
1999-02-15,4103.60009765625
1999-02-16,4159.0400390625
1999-02-17,4076.340087890625
1999-02-18,4112.64990234375
1999-02-19,4200.1201171875
1999-02-22,4243.18017578125
1999-02-23,4231.669921875
1999-02-24,4269.1201171875
1999-02-25,4292.85986328125
1999-02-26,4260.7998046875
1999-03-01,4217.740234375
1999-03-02,4186.64990234375
1999-03-03,4127.3798828125
1999-03-04,4218.02001953125
1999-03-05,4327.7998046875
1999-03-08,4460.85009765625
1999-03-09,4568.10009765625
1999-03-10,4728.27001953125
1999-03-11,4679.7998046875
1999-03-12,4697.72998046875
1999-03-15,4769.89990234375
1999-03-16,4890.39013671875
1999-03-17,4855.169921875
1999-03-18,4864.7998046875
1999-03-19,4784.330078125
1999-03-22,4715.2998046875
1999-03-23,4632.06982421875
1999-03-24,4819.490234375
1999-03-25,4829.2001953125
1999-03-26,4736.580078125
1999-03-29,4845.43017578125
1999-03-30,4882.0
1999-03-31,4930.3701171875
1999-04-05,5101.93994140625
1999-04-06,5146.7900390625
1999-04-07,5123.1298828125
1999-04-08,5175.39013671875
1999-04-09,5204.8798828125
1999-04-12,5303.27978515625
1999-04-13,5296.31005859375
1999-04-14,5297.35009765625
1999-04-15,5490.6201171875
1999-04-16,5556.43994140625
1999-04-19,5464.169921875
1999-04-20,5337.64013671875
1999-04-21,5284.47021484375
1999-04-22,5475.669921875
1999-04-23,5481.77978515625
1999-04-26,5405.14990234375
1999-04-27,5382.39013671875
1999-04-28,5458.16015625
1999-04-29,5517.31005859375
1999-04-30,5414.4501953125
1999-05-03,5579.14013671875
1999-05-04,5560.6298828125
1999-05-06,5802.47021484375
1999-05-07,5964.3701171875
1999-05-10,6080.47021484375
1999-05-11,5981.08984375
1999-05-12,5877.27978515625
1999-05-13,6022.85986328125
1999-05-14,5913.2001953125
1999-05-17,5851.5
1999-05-18,5856.14990234375
1999-05-19,5731.2001953125
1999-05-20,5799.490234375
1999-05-21,5639.5
1999-05-24,5498.7900390625
1999-05-25,5441.06005859375
1999-05-26,5618.35009765625
1999-05-27,5498.85009765625
1999-05-28,5423.56982421875
1999-05-31,5477.64990234375
1999-06-01,5436.419921875
1999-06-02,5400.2001953125
1999-06-03,5363.6201171875
1999-06-04,5371.259765625
1999-06-07,5421.93994140625
1999-06-08,5428.8798828125
1999-06-09,5398.419921875
1999-06-10,5366.58984375
1999-06-11,5234.64990234375
1999-06-14,5117.85009765625
1999-06-15,5299.93017578125
1999-06-16,5628.52978515625
1999-06-17,5660.66015625
1999-06-18,5716.64990234375
1999-06-21,5823.7099609375
1999-06-22,5773.52978515625
1999-06-23,5637.35009765625
1999-06-24,5549.18017578125
1999-06-25,5515.240234375
1999-06-28,5574.5400390625
1999-06-29,5645.06982421875
1999-06-30,5829.509765625
1999-07-01,5854.60009765625
1999-07-02,5887.60986328125
1999-07-05,5955.52978515625
1999-07-06,5918.72021484375
1999-07-07,5931.240234375
1999-07-08,5890.47998046875
1999-07-09,5888.8701171875
1999-07-12,5769.3701171875
1999-07-13,5844.60009765625
1999-07-14,5834.89013671875
1999-07-15,5875.97021484375
1999-07-16,5886.41015625
1999-07-19,5912.2900390625
1999-07-20,5814.97021484375
1999-07-21,5857.6298828125
1999-07-22,5784.68994140625
1999-07-23,5613.18994140625
1999-07-26,5427.60986328125
1999-07-27,5406.64990234375
1999-07-28,5483.75
1999-07-29,5267.68017578125
1999-07-30,5260.35009765625
1999-08-02,5106.77001953125
1999-08-03,5178.08984375
1999-08-04,5142.91015625
1999-08-05,5150.7900390625
1999-08-06,5029.66015625
1999-08-09,5071.7001953125
1999-08-10,5058.31005859375
1999-08-11,5180.8798828125
1999-08-12,5217.52001953125
1999-08-13,5369.02001953125
1999-08-16,5300.4599609375
1999-08-17,5279.89013671875
1999-08-18,5167.72021484375
1999-08-19,5148.419921875
1999-08-20,5099.259765625
1999-08-23,5215.14990234375
1999-08-24,5244.10986328125
1999-08-25,5379.85009765625
1999-08-26,5349.93994140625
1999-08-27,5252.330078125
1999-08-30,5174.7998046875
1999-08-31,5086.8701171875
1999-09-02,5019.35009765625
1999-09-03,5026.56982421875
1999-09-06,5051.0
1999-09-07,4910.06005859375
1999-09-08,4854.27978515625
1999-09-09,4828.919921875
1999-09-10,4979.93017578125
1999-09-13,5016.1201171875
1999-09-14,4969.85009765625
1999-09-15,4970.240234375
1999-09-17,4951.68017578125
1999-09-20,4998.830078125
1999-09-21,4919.7900390625
1999-09-22,4991.759765625
1999-09-23,4973.93017578125
1999-09-24,4980.8798828125
1999-09-27,5055.759765625
1999-09-28,5091.68994140625
1999-09-29,5079.75
1999-09-30,5050.4599609375
1999-10-01,4985.2099609375
1999-10-04,5044.60986328125
1999-10-05,4989.66015625
1999-10-06,5116.25
1999-10-07,5183.68017578125
1999-10-08,5282.9599609375
1999-10-11,5331.02001953125
1999-10-12,5202.81982421875
1999-10-13,5076.14013671875
1999-10-14,5030.60986328125
1999-10-15,4825.0498046875
1999-10-18,4907.47021484375
1999-10-19,5050.47998046875
1999-10-20,5122.39013671875
1999-10-21,5105.27001953125
1999-10-22,5156.06005859375
1999-10-25,5131.580078125
1999-10-26,5134.9599609375
1999-10-27,5142.22021484375
1999-10-28,5328.52001953125
1999-10-29,5450.3701171875
1999-11-01,5479.7900390625
1999-11-03,5793.85009765625
1999-11-04,5817.0400390625
1999-11-05,5919.97021484375
1999-11-08,5943.9599609375
1999-11-09,5867.3798828125
1999-11-10,5863.83984375
1999-11-11,6086.2998046875
1999-11-12,6034.759765625
1999-11-15,6115.10009765625
1999-11-16,6101.85986328125
1999-11-17,6103.6201171875
1999-11-18,6195.02978515625
1999-11-19,6286.68017578125
1999-11-22,6092.259765625
1999-11-23,6110.75
1999-11-24,6182.0400390625
1999-11-25,6326.490234375
1999-11-26,6337.4501953125
1999-11-29,6303.10009765625
1999-11-30,6136.47021484375
1999-12-01,6201.14013671875
1999-12-02,6370.5
1999-12-03,6470.41015625
1999-12-06,6425.7001953125
1999-12-07,6397.83984375
1999-12-08,6665.02978515625
1999-12-09,6718.330078125
1999-12-10,6781.39013671875
1999-12-13,6725.5498046875
1999-12-14,6654.22021484375
1999-12-15,6772.14990234375
1999-12-16,6859.02978515625
1999-12-17,6959.35009765625
1999-12-20,6943.10009765625
1999-12-21,6976.75
1999-12-22,6835.27978515625
1999-12-23,6933.77978515625
1999-12-24,6937.14990234375
1999-12-27,6986.3798828125
1999-12-28,7007.75
1999-12-29,7121.7900390625
1999-12-30,7129.8798828125
2000-01-03,7077.7099609375
2000-01-04,6675.27001953125
2000-01-05,6764.31005859375
2000-01-06,6751.64990234375
2000-01-07,7047.08984375
2000-01-10,7333.7001953125
2000-01-11,7143.1298828125
2000-01-12,7174.10009765625
2000-01-13,7274.52001953125
2000-01-14,7381.490234375
2000-01-17,7447.1201171875
2000-01-18,7303.31982421875
2000-01-19,7171.2001953125
2000-01-20,7036.7900390625
2000-01-21,6890.77978515625
2000-01-24,6855.35009765625
2000-01-25,6885.8798828125
2000-01-26,6918.93994140625
2000-01-27,6854.39013671875
2000-01-28,6648.47998046875
2000-01-31,6585.669921875
2000-02-01,6740.52001953125
2000-02-02,6769.81005859375
2000-02-03,7043.10009765625
2000-02-04,7236.5400390625
2000-02-07,7592.56982421875
2000-02-08,7583.509765625
2000-02-09,7469.16015625
2000-02-10,7723.85986328125
2000-02-11,7623.47021484375
2000-02-14,7558.22998046875
2000-02-15,7574.64013671875
2000-02-16,7600.72021484375
2000-02-17,7538.18994140625
2000-02-18,7345.56982421875
2000-02-21,7314.97021484375
2000-02-22,7234.759765625
2000-02-23,7462.1201171875
2000-02-24,7410.81982421875
2000-02-25,7304.35009765625
2000-02-28,7336.64990234375
2000-02-29,7368.5498046875
2000-03-01,7614.830078125
2000-03-02,8007.759765625
2000-03-03,8131.27001953125
2000-03-06,7964.8701171875
2000-03-07,8005.9501953125
2000-03-08,8295.2001953125
2000-03-09,8319.669921875
2000-03-10,8177.419921875
2000-03-13,8003.72021484375
2000-03-14,7835.6298828125
2000-03-15,7987.85009765625
2000-03-16,7982.419921875
2000-03-17,7985.33984375
2000-03-20,7906.39013671875
2000-03-22,7782.60986328125
2000-03-23,7943.509765625
2000-03-24,8093.580078125
2000-03-27,8139.5
2000-03-28,7952.2001953125
2000-03-29,7885.22998046875
2000-03-30,7604.490234375
2000-03-31,7473.25
2000-04-03,7378.81982421875
2000-04-04,7194.830078125
2000-04-05,7272.83984375
2000-04-06,7462.93017578125
2000-04-07,7540.08984375
2000-04-10,7375.5400390625
2000-04-11,7234.7099609375
2000-04-12,7016.68994140625
2000-04-13,6860.259765625
2000-04-14,6315.91015625
2000-04-17,6308.259765625
2000-04-18,6684.0
2000-04-19,6446.669921875
2000-04-24,6444.1298828125
2000-04-25,6756.9501953125
2000-04-26,6751.06982421875
2000-04-27,6844.77978515625
2000-04-28,6640.68017578125
2000-05-02,6612.5
2000-05-03,6415.509765625
2000-05-04,6504.419921875
2000-05-08,6324.419921875
2000-05-09,6196.08984375
2000-05-10,6083.97998046875
2000-05-11,6104.830078125
2000-05-12,6255.35009765625
2000-05-15,6343.2900390625
2000-05-16,6366.68994140625
2000-05-17,6189.08984375
2000-05-18,6113.0498046875
2000-05-19,5863.68017578125
2000-05-22,5656.4501953125
2000-05-23,5593.580078125
2000-05-24,5800.02978515625
2000-05-25,5664.25
2000-05-26,5652.2900390625
2000-05-29,5728.0
2000-05-30,5998.47998046875
2000-05-31,5961.14013671875
2000-06-01,6178.06005859375
2000-06-02,6627.33984375
2000-06-05,6554.89013671875
2000-06-06,6250.68994140625
2000-06-07,6238.41015625
2000-06-08,6364.91015625
2000-06-09,6398.72998046875
2000-06-12,6405.0
2000-06-13,6539.2001953125
2000-06-14,6667.2001953125
2000-06-15,6563.60986328125
2000-06-16,6452.89990234375
2000-06-19,6551.25
2000-06-20,6521.22021484375
2000-06-21,6687.0
2000-06-22,6570.669921875
2000-06-23,6425.56982421875
2000-06-26,6599.33984375
2000-06-27,6747.31982421875
2000-06-28,6676.64013671875
2000-06-29,6834.080078125
2000-06-30,6948.330078125
2000-07-03,7373.3701171875
2000-07-04,7520.0400390625
2000-07-05,7372.58984375
2000-07-06,7306.14013671875
2000-07-07,7370.3798828125
2000-07-10,7398.7001953125
2000-07-11,7266.0
2000-07-12,7416.33984375
2000-07-13,7428.1298828125
2000-07-14,7435.990234375
2000-07-17,7291.740234375
2000-07-18,7216.580078125
2000-07-19,6863.27001953125
2000-07-20,6765.27978515625
2000-07-21,6718.72998046875
2000-07-24,6658.169921875
2000-07-25,6715.60009765625
2000-07-26,6748.47998046875
2000-07-27,6607.490234375
2000-07-28,6344.02978515625
2000-07-31,6514.2099609375
2000-08-01,6507.77001953125
2000-08-02,6543.93017578125
2000-08-03,6509.169921875
2000-08-04,6582.669921875
2000-08-07,6635.0
2000-08-08,6669.85009765625
2000-08-09,6519.0
2000-08-10,6474.81005859375
2000-08-11,6501.2998046875
2000-08-14,6506.31982421875
2000-08-15,6501.669921875
2000-08-16,6477.97998046875
2000-08-17,6536.8701171875
2000-08-18,6386.66015625
2000-08-21,6345.1298828125
2000-08-22,6341.2998046875
2000-08-23,6367.0
2000-08-24,6293.5498046875
2000-08-25,6181.14990234375
2000-08-28,6226.3701171875
2000-08-29,6331.27978515625
2000-08-30,6572.91015625
2000-08-31,6664.81982421875
2000-09-01,6722.41015625
2000-09-04,6775.97021484375
2000-09-05,6824.97021484375
2000-09-06,6789.72998046875
2000-09-07,6953.31005859375
2000-09-08,6903.47998046875
2000-09-11,6801.39990234375
2000-09-12,6702.259765625
2000-09-13,6833.0400390625
2000-09-14,6878.89013671875
2000-09-15,6835.43017578125
2000-09-18,6599.009765625
2000-09-19,6634.52978515625
2000-09-20,6752.47021484375
2000-09-21,6558.89990234375
2000-09-22,6549.6201171875
2000-09-25,6533.580078125
2000-09-26,6459.14990234375
2000-09-27,6368.5400390625
2000-09-28,6475.4599609375
2000-09-29,6334.56005859375
2000-10-02,6244.64990234375
2000-10-03,6230.89013671875
2000-10-04,6345.52978515625
2000-10-05,6368.669921875
2000-10-06,6166.8798828125
2000-10-09,6141.52978515625
2000-10-10,6095.490234375
2000-10-11,5946.93017578125
2000-10-12,5751.66015625
2000-10-13,5853.9501953125
2000-10-16,5789.02978515625
2000-10-17,5709.669921875
2000-10-18,5769.02001953125
2000-10-19,5991.25
2000-10-20,5943.330078125
2000-10-23,5908.2900390625
2000-10-24,6081.66015625
2000-10-25,6003.68017578125
2000-10-26,6123.509765625
2000-10-27,6206.3701171875
2000-10-30,6282.580078125
2000-10-31,6394.240234375
2000-11-01,6409.0400390625
2000-11-03,6319.580078125
2000-11-06,6359.91015625
2000-11-07,6478.64013671875
2000-11-08,6376.75
2000-11-09,6216.4599609375
2000-11-10,6107.75
2000-11-13,5914.83984375
2000-11-14,6075.2001953125
2000-11-15,6153.330078125
2000-11-16,6146.10009765625
2000-11-17,6303.47021484375
2000-11-21,6135.4501953125
2000-11-22,5923.919921875
2000-11-23,5998.14013671875
2000-11-24,6062.740234375
2000-11-27,6032.27001953125
2000-11-28,5934.93017578125
2000-11-29,5907.240234375
2000-11-30,5652.6298828125
2000-12-04,5532.64013671875
2000-12-05,5793.77001953125
2000-12-06,5787.35009765625
2000-12-07,5785.35986328125
2000-12-08,5795.08984375
2000-12-11,5828.1201171875
2000-12-13,5699.759765625
2000-12-14,5645.58984375
2000-12-15,5531.39013671875
2000-12-18,5547.169921875
2000-12-19,5506.5498046875
2000-12-20,5231.85009765625
2000-12-21,5342.31005859375
2000-12-22,5492.31005859375
2000-12-26,5499.39990234375
2000-12-27,5568.27001953125
2000-12-28,5591.990234375
2000-12-29,5652.18994140625
2001-01-02,5556.7099609375
2001-01-03,5857.4501953125
2001-01-04,6048.33984375
2001-01-05,5924.330078125
2001-01-08,5916.06005859375
2001-01-09,5909.52978515625
2001-01-10,5814.97998046875
2001-01-11,5966.7998046875
2001-01-12,5966.60009765625
2001-01-15,5998.02001953125
2001-01-16,6002.64990234375
2001-01-17,6078.25
2001-01-18,6194.2998046875
2001-01-19,6267.490234375
2001-01-22,6271.06982421875
2001-01-23,6377.93994140625
2001-01-24,6311.85009765625
2001-01-25,6281.0
2001-01-26,6418.64013671875
2001-01-29,6419.77978515625
2001-01-30,6518.580078125
2001-01-31,6496.89013671875
2001-02-01,6540.8798828125
2001-02-02,6522.22998046875
2001-02-06,6447.10009765625
2001-02-07,6350.35009765625
2001-02-08,6330.97021484375
2001-02-09,6344.16015625
2001-02-12,6430.72998046875
2001-02-13,6361.31982421875
2001-02-14,6360.08984375
2001-02-15,6395.18994140625
2001-02-16,6368.490234375
2001-02-19,6369.509765625
2001-02-20,6246.35986328125
2001-02-21,6007.669921875
2001-02-22,6030.759765625
2001-02-23,5998.68994140625
2001-02-26,6058.02001953125
2001-02-27,6065.14990234375
2001-02-28,6032.10009765625
2001-03-01,6080.64990234375
2001-03-02,6133.33984375
2001-03-05,6110.14013671875
2001-03-06,6252.9501953125
2001-03-07,6331.31982421875
2001-03-08,6361.06982421875
2001-03-09,6270.9599609375
2001-03-12,5963.3701171875
2001-03-13,5991.9501953125
2001-03-14,5813.83984375
2001-03-15,5792.7099609375
2001-03-16,5878.56982421875
2001-03-19,5935.22021484375
2001-03-20,5769.669921875
2001-03-22,5636.47998046875
2001-03-23,5618.669921875
2001-03-26,5647.18017578125
2001-03-27,5787.47998046875
2001-03-28,5700.3701171875
2001-03-29,5648.6201171875
2001-03-30,5727.89013671875
2001-04-02,5694.06982421875
2001-04-03,5575.0498046875
2001-04-04,5573.72021484375
2001-04-05,5699.33984375
2001-04-06,5695.259765625
2001-04-09,5756.35986328125
2001-04-10,5968.66015625
2001-04-11,6002.89990234375
2001-04-16,5951.7001953125
2001-04-17,6068.89990234375
2001-04-18,6143.85986328125
2001-04-19,6029.06005859375
2001-04-20,5950.7900390625
2001-04-23,5885.60009765625
2001-04-24,5887.0400390625
2001-04-25,5933.7099609375
2001-04-26,6007.10009765625
2001-04-27,6008.02978515625
2001-04-30,5987.25
2001-05-02,6109.2001953125
2001-05-03,6139.6201171875
2001-05-04,6129.509765625
2001-05-07,6065.580078125
2001-05-08,6010.52001953125
2001-05-09,6106.419921875
2001-05-10,6092.06982421875
2001-05-11,6110.35986328125
2001-05-14,6042.02978515625
2001-05-15,5987.0
2001-05-16,6033.97021484375
2001-05-17,6392.77001953125
2001-05-18,6527.60009765625
2001-05-21,6571.080078125
2001-05-22,6651.27001953125
2001-05-23,6782.509765625
2001-05-24,6714.47021484375
2001-05-25,6711.33984375
2001-05-28,6700.330078125
2001-05-29,6665.5400390625
2001-05-30,6586.93017578125
2001-05-31,6595.39013671875
2001-06-01,6619.66015625
2001-06-04,6631.75
2001-06-05,6672.35009765625
2001-06-06,6790.97998046875
2001-06-07,6840.6298828125
2001-06-08,6783.72021484375
2001-06-11,6731.2900390625
2001-06-12,6796.81982421875
2001-06-13,6802.3701171875
2001-06-14,6749.7998046875
2001-06-15,6670.72021484375
2001-06-18,6489.56005859375
2001-06-19,6359.06005859375
2001-06-20,6455.14990234375
2001-06-21,6543.39013671875
2001-06-22,6539.64990234375
2001-06-25,6562.66015625
2001-06-26,6582.169921875
2001-06-27,6587.68017578125
2001-06-28,6607.2001953125
2001-06-29,6666.169921875
2001-07-02,6797.10986328125
2001-07-03,6840.740234375
2001-07-04,6868.89013671875
2001-07-05,6814.6201171875
2001-07-06,6715.81005859375
2001-07-09,6709.1298828125
2001-07-10,6713.0400390625
2001-07-11,6564.14013671875
2001-07-12,6470.8798828125
2001-07-13,6452.1201171875
2001-07-16,6377.31005859375
2001-07-17,6395.43017578125
2001-07-18,6388.259765625
2001-07-19,6418.83984375
2001-07-20,6389.27001953125
2001-07-23,6422.7099609375
2001-07-24,6377.81005859375
2001-07-25,6411.52978515625
2001-07-26,6502.68994140625
2001-07-27,6522.2001953125
2001-07-30,6538.27978515625
2001-07-31,6474.39990234375
2001-08-01,6573.10009765625
2001-08-02,6707.91015625
2001-08-03,6702.93017578125
2001-08-06,6633.93994140625
2001-08-07,6638.83984375
2001-08-08,6651.43994140625
2001-08-09,6599.60986328125
2001-08-10,6628.490234375
2001-08-13,6655.10986328125
2001-08-14,6671.240234375
2001-08-15,6542.14990234375
2001-08-16,6445.14990234375
2001-08-17,6218.4599609375
2001-08-20,6245.419921875
2001-08-21,6276.08984375
2001-08-22,6333.14013671875
2001-08-23,6294.2900390625
2001-08-24,6416.77001953125
2001-08-27,6399.93017578125
2001-08-28,6302.68994140625
2001-08-29,6324.91015625
2001-08-30,6310.169921875
2001-08-31,6310.7001953125
2001-09-03,6233.2900390625
2001-09-04,6172.25
2001-09-05,6088.4501953125
2001-09-06,5875.85986328125
2001-09-07,5844.60009765625
2001-09-10,5856.18994140625
2001-09-13,5531.02001953125
2001-09-17,5316.77001953125
2001-09-18,5297.85986328125
2001-09-19,5256.0
2001-09-20,5081.919921875
2001-09-21,5087.93994140625
2001-09-24,5325.10986328125
2001-09-25,5304.3798828125
2001-09-26,5324.83984375
2001-09-27,5306.080078125
2001-09-28,5403.52978515625
2001-10-01,5385.5
2001-10-02,5361.7998046875
2001-10-03,5407.5400390625
2001-10-04,5499.31005859375
2001-10-05,5528.5498046875
2001-10-08,5527.10986328125
2001-10-09,5558.85986328125
2001-10-10,5684.89990234375
2001-10-11,5808.22021484375
2001-10-12,5671.10009765625
2001-10-15,5500.10009765625
2001-10-16,5542.60986328125
2001-10-17,5541.8798828125
2001-10-18,5529.75
2001-10-19,5588.22998046875
2001-10-22,5539.27978515625
2001-10-23,5571.27001953125
2001-10-24,5708.27978515625
2001-10-25,5729.1298828125
2001-10-26,5693.1201171875
2001-10-29,5599.1298828125
2001-10-30,5529.18017578125
2001-10-31,5537.0400390625
2001-11-01,5610.77001953125
2001-11-02,5632.759765625
2001-11-05,5681.06982421875
2001-11-06,5677.7900390625
2001-11-07,5638.0400390625
2001-11-08,5649.8701171875
2001-11-09,5596.3798828125
2001-11-12,5524.56982421875
2001-11-13,5663.35009765625
2001-11-14,5751.72021484375
2001-11-15,5778.64990234375
2001-11-16,5712.4599609375
2001-11-19,5699.18994140625
2001-11-21,5674.41015625
2001-11-22,5685.39013671875
2001-11-23,5734.89990234375
2001-11-26,5759.490234375
2001-11-27,5860.43994140625
2001-11-28,5848.2099609375
2001-11-29,5841.33984375
2001-11-30,5832.830078125
2001-12-03,5870.93017578125
2001-12-04,5931.43017578125
2001-12-05,6099.27978515625
2001-12-06,6101.72021484375
2001-12-07,6141.18994140625
2001-12-10,6126.3798828125
2001-12-11,6150.259765625
2001-12-13,6075.06005859375
2001-12-14,6139.06982421875
2001-12-17,6271.490234375
2001-12-18,6268.97021484375
2001-12-19,6250.740234375
2001-12-20,6263.2900390625
2001-12-21,6380.60009765625
2001-12-24,6374.490234375
2001-12-26,6371.83984375
2001-12-27,6419.18994140625
2001-12-28,6467.08984375
2001-12-31,6372.27978515625
2002-01-02,6410.0498046875
2002-01-03,6603.75
2002-01-04,6612.080078125
2002-01-07,6565.43994140625
2002-01-08,6641.14013671875
2002-01-09,6560.580078125
2002-01-10,6453.009765625
2002-01-11,6420.14990234375
2002-01-14,6388.27001953125
2002-01-15,6573.18994140625
2002-01-16,6579.35009765625
2002-01-17,6604.66015625
2002-01-18,6600.72998046875
2002-01-21,6607.7998046875
2002-01-22,6590.0400390625
2002-01-23,6782.77978515625
2002-01-24,6768.2998046875
2002-01-25,6831.43017578125
2002-01-28,6872.43994140625
2002-01-29,6793.3798828125
2002-01-30,6750.7998046875
2002-01-31,6927.8701171875
2002-02-01,6901.81005859375
2002-02-04,6865.1298828125
2002-02-06,6786.740234375
2002-02-07,6780.93994140625
2002-02-08,6681.4501953125
2002-02-11,6589.83984375
2002-02-12,6673.35986328125
2002-02-13,6715.5498046875
2002-02-14,6717.60986328125
2002-02-15,6697.669921875
2002-02-18,6679.7099609375
2002-02-19,6609.2998046875
2002-02-20,6583.990234375
2002-02-21,6533.64013671875
2002-02-22,6473.1201171875
2002-02-25,6562.93994140625
2002-02-26,6637.9599609375
2002-02-27,6795.89990234375
2002-02-28,6734.43994140625
2002-03-01,6898.0
2002-03-04,7029.60009765625
2002-03-05,7053.5400390625
2002-03-06,7154.14013671875
2002-03-07,7061.0
2002-03-08,7192.22021484375
2002-03-11,7161.39990234375
2002-03-12,7278.06005859375
2002-03-13,7218.509765625
2002-03-14,7188.77001953125
2002-03-15,7273.080078125
2002-03-18,7344.56982421875
2002-03-19,7427.919921875
2002-03-20,7384.1298828125
2002-03-22,7439.5
2002-03-25,7381.56982421875
2002-03-26,7351.18994140625
2002-03-27,7361.85986328125
2002-04-01,7371.89013671875
2002-04-02,7316.68994140625
2002-04-03,7191.93994140625
2002-04-04,7253.5
2002-04-05,7335.759765625
2002-04-08,7271.77001953125
2002-04-09,7271.22021484375
2002-04-10,7517.68017578125
2002-04-11,7441.52001953125
2002-04-12,7391.25
2002-04-15,7396.72021484375
2002-04-16,7535.06982421875
2002-04-17,7574.35009765625
2002-04-18,7532.14013671875
2002-04-19,7509.22021484375
2002-04-22,7435.1298828125
2002-04-23,7403.3798828125
2002-04-24,7504.72998046875
2002-04-25,7476.3701171875
2002-04-26,7491.77978515625
2002-04-29,7434.18994140625
2002-04-30,7480.740234375
2002-05-02,7486.85986328125
2002-05-03,7521.9501953125
2002-05-06,7542.47998046875
2002-05-07,7431.89013671875
2002-05-08,7517.83984375
2002-05-09,7351.080078125
2002-05-10,7303.56982421875
2002-05-13,7307.16015625
2002-05-14,7361.93994140625
2002-05-15,7402.7998046875
2002-05-16,7514.89990234375
2002-05-17,7537.81982421875
2002-05-20,7469.68017578125
2002-05-21,7385.919921875
2002-05-22,7385.14990234375
2002-05-23,7398.5
2002-05-24,7366.43017578125
2002-05-27,7357.240234375
2002-05-28,7303.56982421875
2002-05-29,7130.7099609375
2002-05-30,7061.39990234375
2002-05-31,7031.64013671875
2002-06-03,6997.0498046875
2002-06-04,7016.14013671875
2002-06-05,6974.919921875
2002-06-06,6791.91015625
2002-06-07,6857.419921875
2002-06-10,6835.0
2002-06-11,6862.89013671875
2002-06-12,6801.64990234375
2002-06-14,6720.3701171875
2002-06-17,6788.93994140625
2002-06-18,6765.18994140625
2002-06-19,6691.0400390625
2002-06-20,6580.81005859375
2002-06-21,6502.97021484375
2002-06-24,6331.31982421875
2002-06-25,6354.259765625
2002-06-26,6171.6298828125
2002-06-27,6400.89013671875
2002-06-28,6460.9501953125
2002-07-01,6363.0498046875
2002-07-02,6306.52001953125
2002-07-03,6326.490234375
2002-07-04,6352.89013671875
2002-07-05,6462.830078125
2002-07-08,6488.919921875
2002-07-09,6460.9501953125
2002-07-10,6371.27001953125
2002-07-11,6390.169921875
2002-07-12,6400.419921875
2002-07-15,6372.080078125
2002-07-16,6316.16015625
2002-07-17,6403.27978515625
2002-07-18,6433.830078125
2002-07-19,6336.9501953125
2002-07-22,6113.830078125
2002-07-23,5892.41015625
2002-07-24,6010.419921875
2002-07-25,5922.33984375
2002-07-26,5900.43994140625
2002-07-29,6103.8798828125
2002-07-30,6014.68017578125
2002-07-31,6021.83984375
2002-08-01,5755.990234375
2002-08-02,5644.7001953125
2002-08-05,5534.47021484375
2002-08-06,5747.43994140625
2002-08-07,5855.89990234375
2002-08-08,6029.77001953125
2002-08-09,5913.2099609375
2002-08-12,5901.830078125
2002-08-13,5841.89990234375
2002-08-14,6053.60009765625
2002-08-15,6146.10986328125
2002-08-16,6190.60009765625
2002-08-19,6200.8701171875
2002-08-20,6192.91015625
2002-08-21,6267.8798828125
2002-08-22,6239.490234375
2002-08-23,6148.89013671875
2002-08-26,6262.43994140625
2002-08-27,6157.419921875
2002-08-28,6115.56005859375
2002-08-29,6181.669921875
2002-08-30,6216.43017578125
2002-09-02,6165.93017578125
2002-09-03,6094.2900390625
2002-09-04,6114.35009765625
2002-09-05,6067.25
2002-09-06,6113.31982421875
2002-09-09,6159.89990234375
2002-09-10,6225.16015625
2002-09-11,6260.60986328125
2002-09-12,6219.93017578125
2002-09-13,6190.52001953125
2002-09-17,6079.9501953125
2002-09-18,5960.3798828125
2002-09-19,5645.0
2002-09-20,5788.77978515625
2002-09-23,5741.72998046875
2002-09-24,5705.669921875
2002-09-25,5808.43994140625
2002-09-26,5956.93017578125
2002-09-27,5801.1201171875
2002-09-30,5728.4599609375
2002-10-01,5926.66015625
2002-10-02,5827.7099609375
2002-10-03,5898.3798828125
2002-10-04,5869.22021484375
2002-10-07,5853.5498046875
2002-10-08,5849.419921875
2002-10-09,5762.39990234375
2002-10-10,5762.14990234375
2002-10-11,5845.330078125
2002-10-14,5865.18017578125
2002-10-15,6040.31982421875
2002-10-16,5924.93994140625
2002-10-17,5985.77001953125
2002-10-18,5973.2099609375
2002-10-21,6017.3701171875
2002-10-22,5979.56982421875
2002-10-23,6000.6201171875
2002-10-24,5908.06982421875
2002-10-25,5905.580078125
2002-10-28,5887.2900390625
2002-10-29,5893.759765625
2002-10-30,5963.830078125
2002-10-31,5967.72998046875
2002-11-01,6045.16015625
2002-11-04,6058.89990234375
2002-11-05,6040.169921875
2002-11-06,6064.0
2002-11-07,6009.93017578125
2002-11-08,5988.52978515625
2002-11-11,5891.7900390625
2002-11-12,5865.10986328125
2002-11-13,5813.35986328125
2002-11-14,5898.06005859375
2002-11-15,5819.08984375
2002-11-18,5726.0
2002-11-19,5641.740234375
2002-11-21,5859.0498046875
2002-11-22,5818.43017578125
2002-11-25,5861.81982421875
2002-11-26,5922.41015625
2002-11-27,6129.25
2002-11-28,6158.490234375
2002-11-29,6156.830078125
2002-12-02,6223.58984375
2002-12-03,6221.68017578125
2002-12-04,6187.669921875
2002-12-05,6152.009765625
2002-12-06,6126.22998046875
2002-12-09,6053.75
2002-12-10,6081.52001953125
2002-12-11,6135.39013671875
2002-12-13,6114.2001953125
2002-12-16,6185.9501953125
2002-12-17,6168.4599609375
2002-12-18,6089.66015625
2002-12-19,6120.4599609375
2002-12-20,6130.830078125
2002-12-23,6153.22021484375
2002-12-24,6151.47998046875
2002-12-26,6182.91015625
2002-12-27,6126.240234375
2002-12-30,6124.509765625
2002-12-31,6127.08984375
2003-01-02,6225.39990234375
2003-01-03,6253.33984375
2003-01-06,6333.4599609375
2003-01-07,6279.27978515625
2003-01-08,6266.47998046875
2003-01-09,6329.9599609375
2003-01-10,6353.02978515625
2003-01-13,6364.64013671875
2003-01-14,6407.0
2003-01-15,6398.89990234375
2003-01-16,6331.990234375
2003-01-17,6204.4599609375
2003-01-20,6161.1201171875
2003-01-21,6092.1298828125
2003-01-22,6024.08984375
2003-01-23,6054.43994140625
2003-01-24,6012.56005859375
2003-01-27,5923.330078125
2003-01-28,5919.7001953125
2003-01-29,5937.97021484375
2003-01-30,5870.509765625
2003-01-31,5954.35009765625
2003-02-03,6031.81005859375
2003-02-04,5968.4599609375
2003-02-06,5894.27001953125
2003-02-07,5866.02978515625
2003-02-10,5837.89013671875
2003-02-11,5779.4501953125
2003-02-12,5763.8701171875
2003-02-13,5791.39013671875
2003-02-14,5774.39013671875
2003-02-17,5829.8701171875
2003-02-18,5880.009765625
2003-02-19,5857.35009765625
2003-02-20,5880.89990234375
2003-02-21,5956.97021484375
2003-02-24,5913.68017578125
2003-02-25,5869.2099609375
2003-02-26,5869.7900390625
2003-02-27,5900.02001953125
2003-02-28,5927.06005859375
2003-03-03,5926.64990234375
2003-03-04,5911.240234375
2003-03-05,5914.41015625
2003-03-06,5913.919921875
2003-03-07,5907.93017578125
2003-03-10,5859.77001953125
2003-03-11,5821.10009765625
2003-03-12,5809.97021484375
2003-03-13,5931.9599609375
2003-03-14,5993.009765625
2003-03-17,6009.919921875
2003-03-18,6042.759765625
2003-03-19,6017.43017578125
2003-03-20,6048.41015625
2003-03-24,5924.33984375
2003-03-25,5937.990234375
2003-03-26,5952.3798828125
2003-03-27,5951.33984375
2003-03-28,5947.47998046875
2003-03-31,5914.02978515625
2003-04-01,5895.759765625
2003-04-02,6008.509765625
2003-04-03,6034.740234375
2003-04-04,6158.97021484375
2003-04-07,6257.1298828125
2003-04-08,6259.4599609375
2003-04-09,6212.14013671875
2003-04-10,6154.02001953125
2003-04-11,6175.22021484375
2003-04-14,6232.740234375
2003-04-15,6333.58984375
2003-04-16,6306.60009765625
2003-04-21,6326.64990234375
2003-04-22,6373.91015625
2003-04-23,6385.10986328125
2003-04-24,6379.43994140625
2003-04-25,6333.0
2003-04-28,6428.2001953125
2003-04-29,6499.68994140625
2003-04-30,6509.8798828125
2003-05-02,6590.919921875
2003-05-05,6608.18017578125
2003-05-06,6614.68017578125
2003-05-07,6575.2900390625
2003-05-08,6408.6201171875
2003-05-09,6488.490234375
2003-05-12,6496.43017578125
2003-05-13,6491.89013671875
2003-05-14,6549.7900390625
2003-05-15,6633.509765625
2003-05-16,6556.91015625
2003-05-19,6469.18017578125
2003-05-20,6388.490234375
2003-05-21,6410.81982421875
2003-05-22,6510.89013671875
2003-05-23,6586.919921875
2003-05-26,6545.77978515625
2003-05-27,6650.31005859375
2003-05-28,6667.35009765625
2003-05-29,6647.7099609375
2003-05-30,6699.18017578125
2003-06-02,6722.240234375
2003-06-03,6738.97021484375
2003-06-04,6889.759765625
2003-06-05,6873.39013671875
2003-06-06,6870.60009765625
2003-06-09,6801.58984375
2003-06-10,6924.990234375
2003-06-11,6979.68017578125
2003-06-12,7060.5
2003-06-13,6984.6298828125
2003-06-16,7019.490234375
2003-06-17,7130.22998046875
2003-06-18,7125.41015625
2003-06-19,7084.009765625
2003-06-20,7080.68994140625
2003-06-23,7015.080078125
2003-06-24,7114.39990234375
2003-06-25,7078.35986328125
2003-06-26,7118.47021484375
2003-06-27,7083.4501953125
2003-06-30,7054.990234375
2003-07-01,7123.5400390625
2003-07-02,7164.02001953125
2003-07-03,7127.419921875
2003-07-04,7142.85009765625
2003-07-07,7215.02978515625
2003-07-08,7234.93994140625
2003-07-09,7171.89013671875
2003-07-10,7096.0400390625
2003-07-11,7083.81982421875
2003-07-14,7167.5400390625
2003-07-15,7120.31005859375
2003-07-16,7023.93994140625
2003-07-17,6999.06982421875
2003-07-18,7030.759765625
2003-07-21,7024.72998046875
2003-07-22,7164.2900390625
2003-07-23,7280.64990234375
2003-07-24,7309.41015625
2003-07-25,7349.9599609375
2003-07-28,7314.22021484375
2003-07-29,7233.2001953125
2003-07-30,7260.2001953125
2003-07-31,7355.06982421875
2003-08-01,7320.41015625
2003-08-04,7344.43017578125
2003-08-05,7273.4501953125
2003-08-06,7230.06982421875
2003-08-07,7304.669921875
2003-08-08,7316.68994140625
2003-08-11,7356.6201171875
2003-08-12,7358.3701171875
2003-08-13,7368.919921875
2003-08-14,7421.740234375
2003-08-15,7418.43017578125
2003-08-18,7500.009765625
2003-08-19,7487.56982421875
2003-08-20,7460.14990234375
2003-08-21,7498.31005859375
2003-08-22,7493.72998046875
2003-08-25,7435.330078125
2003-08-26,7437.72021484375
2003-08-27,7502.080078125
2003-08-28,7563.490234375
2003-08-29,7591.419921875
2003-09-01,7631.81982421875
2003-09-02,7671.740234375
2003-09-03,7719.1201171875
2003-09-04,7719.47998046875
2003-09-05,7775.33984375
2003-09-08,7814.6298828125
2003-09-09,7732.89990234375
2003-09-10,7734.72021484375
2003-09-11,7741.8701171875
2003-09-12,7712.75
2003-09-15,7729.14013671875
2003-09-17,7746.5400390625
2003-09-18,7868.27978515625
2003-09-19,7891.669921875
2003-09-22,7815.47021484375
2003-09-23,7834.47021484375
2003-09-24,7788.080078125
2003-09-25,7771.93017578125
2003-09-26,7786.22021484375
2003-09-29,7836.35986328125
2003-09-30,7822.47998046875
2003-10-01,7937.18017578125
2003-10-02,7775.7998046875
2003-10-03,7838.77001953125
2003-10-06,7816.31005859375
2003-10-07,7825.009765625
2003-10-08,7812.06982421875
2003-10-09,7937.0
2003-10-10,7949.02978515625
2003-10-13,7960.419921875
2003-10-14,7886.72021484375
2003-10-15,7843.7001953125
2003-10-16,7838.14013671875
2003-10-17,7859.81982421875
2003-10-20,7875.77001953125
2003-10-21,7936.68017578125
2003-10-22,7914.14013671875
2003-10-23,7874.0498046875
2003-10-24,7842.85986328125
2003-10-27,7905.2099609375
2003-10-28,7928.72021484375
2003-10-29,7925.2001953125
2003-10-30,8022.93994140625
2003-10-31,8064.830078125
2003-11-03,8237.16015625
2003-11-04,8265.849609375
2003-11-05,8232.0595703125
2003-11-06,8342.6298828125
2003-11-07,8430.599609375
2003-11-10,8372.099609375
2003-11-11,8365.509765625
2003-11-12,8539.3095703125
2003-11-13,8643.9296875
2003-11-14,8606.0302734375
2003-11-17,8488.650390625
2003-11-18,8542.0
2003-11-19,8351.2900390625
2003-11-21,8335.1201171875
2003-11-24,8164.72998046875
2003-11-25,8288.8095703125
2003-11-26,8385.400390625
2003-11-27,8455.98046875
2003-11-28,8554.48046875
2003-12-01,8621.1103515625
2003-12-02,8635.4404296875
2003-12-03,8553.740234375
2003-12-04,8528.8095703125
2003-12-05,8489.5400390625
2003-12-08,8509.3798828125
2003-12-09,8429.0302734375
2003-12-10,8342.1103515625
2003-12-11,8441.08984375
2003-12-15,8337.9697265625
2003-12-16,8348.33984375
2003-12-17,8416.0703125
2003-12-18,8519.7001953125
2003-12-19,8564.900390625
2003-12-22,8564.900390625
2003-12-23,8607.9599609375
2003-12-24,8636.0498046875
2003-12-26,8632.1298828125
2003-12-29,8729.5302734375
2003-12-30,8771.4296875
2003-12-31,8795.2802734375
2004-01-02,8818.1904296875
2004-01-05,9054.1103515625
2004-01-06,9038.4599609375
2004-01-07,9098.2197265625
2004-01-08,9169.8095703125
2004-01-09,9102.8203125
2004-01-12,9129.0498046875
2004-01-13,9141.580078125
2004-01-14,9171.66015625
2004-01-15,9135.16015625
2004-01-16,9193.8095703125
2004-01-19,9242.5703125
2004-01-20,9322.8203125
2004-01-21,9427.7998046875
2004-01-22,9497.009765625
2004-01-23,9480.240234375
2004-01-26,9563.91015625
2004-01-27,9612.1396484375
2004-01-28,9551.1298828125
2004-01-29,9444.23046875
2004-01-30,9428.76953125
2004-02-02,9633.8603515625
2004-02-03,9702.849609375
2004-02-04,9674.1796875
2004-02-06,9810.76953125
2004-02-09,9882.349609375
2004-02-10,9804.9404296875
2004-02-11,9875.3203125
2004-02-12,9960.0498046875
2004-02-13,9982.8701171875
2004-02-16,10004.6904296875
2004-02-17,10100.0498046875
2004-02-18,10125.0400390625
2004-02-19,10072.23046875
2004-02-20,9888.73046875
2004-02-23,9764.3896484375
2004-02-24,9855.0302734375
2004-02-25,9926.669921875
2004-02-26,10003.5703125
2004-02-27,9991.7998046875
2004-03-01,10157.1298828125
2004-03-02,10106.4404296875
2004-03-03,10053.1796875
2004-03-04,10196.169921875
2004-03-05,10195.0302734375
2004-03-08,10095.8701171875
2004-03-09,10079.2001953125
2004-03-10,9978.7099609375
2004-03-11,9725.830078125
2004-03-12,9837.330078125
2004-03-15,9791.349609375
2004-03-16,9877.2900390625
2004-03-17,9959.41015625
2004-03-18,9952.009765625
2004-03-19,10039.6796875
2004-03-22,9928.3203125
2004-03-23,10053.8896484375
2004-03-24,10161.650390625
2004-03-25,10344.7900390625
2004-03-26,10432.0
2004-03-29,10455.509765625
2004-03-30,10468.75
2004-03-31,10517.5
2004-04-01,10611.8701171875
2004-04-02,10713.5400390625
2004-04-05,10749.23046875
2004-04-06,10714.2802734375
2004-04-07,10746.580078125
2004-04-12,10844.0302734375
2004-04-13,10686.58984375
2004-04-14,10609.919921875
2004-04-15,10610.419921875
2004-04-16,10677.1396484375
2004-04-19,10646.8095703125
2004-04-20,10663.4404296875
2004-04-21,10539.400390625
2004-04-22,10645.150390625
2004-04-23,10721.6201171875
2004-04-26,10648.76953125
2004-04-27,10606.6298828125
2004-04-28,10240.91015625
2004-04-29,9980.509765625
2004-04-30,9948.1298828125
2004-05-03,10191.51953125
2004-05-04,10333.169921875
2004-05-05,10114.490234375
2004-05-06,9852.41015625
2004-05-07,9790.990234375
2004-05-10,9440.5703125
2004-05-11,9648.099609375
2004-05-12,9690.669921875
2004-05-13,9784.08984375
2004-05-14,9786.3203125
2004-05-17,9605.6201171875
2004-05-18,9730.16015625
2004-05-19,9767.6298828125
2004-05-20,9810.7802734375
2004-05-21,9822.3896484375
2004-05-24,9891.490234375
2004-05-25,9991.2001953125
2004-05-26,10062.580078125
2004-05-27,10153.6103515625
2004-05-28,10028.419921875
2004-05-31,10036.2900390625
2004-06-01,10043.3203125
2004-06-02,9981.8896484375
2004-06-03,9907.58984375
2004-06-04,10057.58984375
2004-06-07,10368.6201171875
2004-06-08,10336.1201171875
2004-06-09,10219.0302734375
2004-06-10,10230.5
2004-06-11,10214.509765625
2004-06-14,10093.01953125
2004-06-15,10220.6904296875
2004-06-16,10151.599609375
2004-06-17,10175.330078125
2004-06-18,10224.3896484375
2004-06-21,10187.919921875
2004-06-22,10140.25
2004-06-23,10137.8798828125
2004-06-24,10182.5400390625
2004-06-25,10128.7900390625
2004-06-28,10137.0302734375
2004-06-29,10137.419921875
2004-06-30,10281.8203125
2004-07-01,10260.9599609375
2004-07-02,10240.83984375
2004-07-05,10222.4501953125
2004-07-06,10121.1201171875
2004-07-07,10042.01953125
2004-07-08,9975.1201171875
2004-07-09,10042.33984375
2004-07-12,10090.419921875
2004-07-13,10033.900390625
2004-07-14,9843.01953125
2004-07-15,9875.5703125
2004-07-16,9923.919921875
2004-07-19,9921.16015625
2004-07-20,10025.1298828125
2004-07-21,9987.0595703125
2004-07-22,9987.330078125
2004-07-23,9907.669921875
2004-07-26,9921.400390625
2004-07-27,10119.9599609375
2004-07-28,10090.5595703125
2004-07-29,10060.2900390625
2004-07-30,10116.3896484375
2004-08-02,10173.900390625
2004-08-03,10205.6103515625
2004-08-04,10075.7998046875
2004-08-05,10066.900390625
2004-08-06,9866.1298828125
2004-08-09,9814.0595703125
2004-08-10,9910.83984375
2004-08-11,9849.9296875
2004-08-12,9812.66015625
2004-08-13,9790.6201171875
2004-08-16,9899.51953125
2004-08-17,9997.0302734375
2004-08-18,10080.5498046875
2004-08-19,10099.6103515625
2004-08-20,10143.4296875
2004-08-23,10169.1904296875
2004-08-24,10222.6796875
2004-08-25,10237.8896484375
2004-08-26,10198.3798828125
2004-08-27,10225.0595703125
2004-08-30,10199.5400390625
2004-08-31,10264.3203125
2004-09-01,10329.75
2004-09-02,10422.6298828125
2004-09-03,10335.009765625
2004-09-06,10376.1103515625
2004-09-07,10486.7998046875
2004-09-08,10537.9599609375
2004-09-09,10553.41015625
2004-09-10,10661.5302734375
2004-09-13,10620.3798828125
2004-09-14,10701.0498046875
2004-09-15,10660.91015625
2004-09-17,10790.5302734375
2004-09-20,10803.6796875
2004-09-21,10850.3603515625
2004-09-22,10777.23046875
2004-09-23,10811.3603515625
2004-09-24,10856.4404296875
2004-09-27,10687.599609375
2004-09-28,10843.419921875
2004-09-29,10980.3203125
2004-09-30,10957.3701171875
2004-10-01,11078.259765625
2004-10-04,11181.6298828125
2004-10-05,11117.33984375
2004-10-06,11090.919921875
2004-10-07,11097.9599609375
2004-10-08,10920.9697265625
2004-10-11,10975.2900390625
2004-10-12,11023.16015625
2004-10-13,10942.3603515625
2004-10-14,10876.0
2004-10-15,10991.4296875
2004-10-18,11055.759765625
2004-10-19,11023.7900390625
2004-10-20,11076.849609375
2004-10-21,11166.8896484375
2004-10-22,11226.080078125
2004-10-25,11178.009765625
2004-10-26,11341.580078125
2004-10-27,11517.7099609375
2004-10-28,11442.4501953125
2004-10-29,11564.349609375
2004-11-01,11622.41015625
2004-11-02,11610.41015625
2004-11-03,11765.76953125
2004-11-04,11864.419921875
2004-11-05,11793.8701171875
2004-11-08,11760.0
2004-11-09,11786.91015625
2004-11-10,11794.01953125
2004-11-11,11971.9501953125
2004-11-12,11957.3203125
2004-11-15,11955.3896484375
2004-11-16,11951.16015625
2004-11-17,12020.3798828125
2004-11-18,12038.9404296875
2004-11-19,11839.2099609375
2004-11-22,11879.8203125
2004-11-23,11876.580078125
2004-11-24,11907.3203125
2004-11-25,11997.6396484375
2004-11-26,12076.080078125
2004-11-29,12196.3896484375
2004-11-30,12102.5498046875
2004-12-01,12233.91015625
2004-12-02,12116.1298828125
2004-12-03,12109.4697265625
2004-12-06,12190.259765625
2004-12-07,12118.3095703125
2004-12-08,12113.580078125
2004-12-09,12124.8203125
2004-12-10,12260.8603515625
2004-12-13,12290.16015625
2004-12-14,12430.8603515625
2004-12-15,12493.849609375
2004-12-16,12505.4501953125
2004-12-17,12519.7900390625
2004-12-20,12514.0703125
2004-12-21,12651.73046875
2004-12-22,12712.2001953125
2004-12-23,12748.4501953125
2004-12-24,12802.76953125
2004-12-27,12819.6103515625
2004-12-28,12912.6904296875
2004-12-29,13031.5703125
2004-12-30,12968.740234375
2004-12-31,12917.8798828125
2005-01-03,13022.8203125
2005-01-04,12777.1298828125
2005-01-05,12591.330078125
2005-01-06,12703.4697265625
2005-01-07,12453.330078125
2005-01-10,12446.099609375
2005-01-11,12216.7998046875
2005-01-12,12329.16015625
2005-01-13,12462.900390625
2005-01-14,12694.740234375
2005-01-17,12817.8896484375
2005-01-18,13029.7001953125
2005-01-19,13035.8095703125
2005-01-20,12769.990234375
2005-01-21,12673.6201171875
2005-01-24,12743.580078125
2005-01-25,12866.7802734375
2005-01-26,13045.0498046875
2005-01-27,12986.400390625
2005-01-28,13040.5302734375
2005-01-31,13097.1201171875
2005-02-01,13340.51953125
2005-02-02,13339.41015625
2005-02-03,13440.830078125
2005-02-04,13446.9501953125
2005-02-07,13476.76953125
2005-02-08,13508.5
2005-02-09,13662.3798828125
2005-02-10,13708.919921875
2005-02-11,13714.6298828125
2005-02-14,13564.9599609375
2005-02-15,13695.91015625
2005-02-16,13640.759765625
2005-02-17,13592.0302734375
2005-02-18,13580.259765625
2005-02-21,13600.4697265625
2005-02-22,13520.58984375
2005-02-23,13541.9599609375
2005-02-24,13684.5595703125
2005-02-25,13870.2001953125
2005-02-28,13789.4599609375
2005-03-01,13804.76953125
2005-03-02,13770.259765625
2005-03-03,13782.9501953125
2005-03-04,13862.759765625
2005-03-07,13877.6904296875
2005-03-08,13752.7998046875
2005-03-09,13671.400390625
2005-03-10,13421.3896484375
2005-03-11,13532.349609375
2005-03-14,13238.5400390625
2005-03-15,13184.26953125
2005-03-16,13096.5498046875
2005-03-17,13138.759765625
2005-03-18,13094.400390625
2005-03-22,13062.4501953125
2005-03-23,12852.8095703125
2005-03-28,12828.91015625
2005-03-29,12581.7998046875
2005-03-30,12653.419921875
2005-03-31,12676.900390625
2005-04-01,12714.1904296875
2005-04-04,12593.3798828125
2005-04-05,12300.7001953125
2005-04-06,12170.8701171875
2005-04-07,12471.009765625
2005-04-08,12531.6298828125
2005-04-11,12425.41015625
2005-04-12,12522.240234375
2005-04-13,12424.3701171875
2005-04-14,12233.2099609375
2005-04-15,11942.7001953125
2005-04-18,11739.990234375
2005-04-19,12011.5302734375
2005-04-20,11842.7197265625
2005-04-21,12063.6201171875
2005-04-22,11995.3203125
2005-04-25,12377.099609375
2005-04-26,12577.7197265625
2005-04-27,12454.6904296875
2005-04-28,12255.91015625
2005-04-29,12322.990234375
2005-05-02,12424.9501953125
2005-05-03,12357.8798828125
2005-05-04,12643.0400390625
2005-05-05,12619.91015625
2005-05-06,12615.830078125
2005-05-09,12563.01953125
2005-05-10,12497.4296875
2005-05-11,12464.83984375
2005-05-12,12448.73046875
2005-05-13,12347.7197265625
2005-05-16,12442.26953125
2005-05-17,12439.4599609375
2005-05-18,12727.740234375
2005-05-19,12795.330078125
2005-05-20,12883.4599609375
2005-05-23,13029.580078125
2005-05-24,13020.7197265625
2005-05-25,13057.83984375
2005-05-26,13152.6396484375
2005-05-27,13131.3896484375
2005-05-30,13161.7802734375
2005-05-31,12964.3896484375
2005-06-01,13143.6201171875
2005-06-02,13284.8896484375
2005-06-03,13204.3896484375
2005-06-06,13208.4296875
2005-06-07,13148.0302734375
2005-06-08,13102.66015625
2005-06-09,13225.2802734375
2005-06-10,13214.599609375
2005-06-13,13299.58984375
2005-06-14,13343.099609375
2005-06-15,13501.509765625
2005-06-16,13537.2802734375
2005-06-17,13645.9599609375
2005-06-20,13709.3603515625
2005-06-21,13547.990234375
2005-06-22,13441.650390625
2005-06-23,13389.66015625
2005-06-24,13299.2802734375
2005-06-27,13454.73046875
2005-06-28,13523.0703125
2005-06-29,13550.1396484375
2005-06-30,13486.1298828125
2005-07-01,13509.1298828125
2005-07-04,13500.830078125
2005-07-05,13648.4697265625
2005-07-06,13790.150390625
2005-07-07,13850.3603515625
2005-07-08,13871.259765625
2005-07-11,13807.2998046875
2005-07-12,13971.669921875
2005-07-13,14005.23046875
2005-07-14,14085.0595703125
2005-07-15,13952.599609375
2005-07-18,13972.6103515625
2005-07-19,14167.509765625
2005-07-20,14306.0595703125
2005-07-21,14271.8896484375
2005-07-22,14318.4697265625
2005-07-25,14135.240234375
2005-07-26,14067.73046875
2005-07-27,14173.3798828125
2005-07-28,14256.83984375
2005-07-29,14409.66015625
2005-08-01,14582.5
2005-08-02,14677.66015625
2005-08-03,14615.9599609375
2005-08-04,14612.2197265625
2005-08-05,14463.1396484375
2005-08-08,14596.76953125
2005-08-09,14673.33984375
2005-08-10,14702.580078125
2005-08-11,14768.9501953125
2005-08-12,14673.2197265625
2005-08-15,14842.7001953125
2005-08-16,14559.1904296875
2005-08-17,14560.330078125
2005-08-18,14619.98046875
2005-08-19,14678.16015625
2005-08-22,14770.26953125
2005-08-23,14717.91015625
2005-08-24,14603.0
2005-08-25,14604.6103515625
2005-08-26,14444.83984375
2005-08-29,14327.2001953125
2005-08-30,14008.2001953125
2005-08-31,14243.1904296875
2005-09-01,14486.58984375
2005-09-02,14772.7001953125
2005-09-05,14857.3095703125
2005-09-06,15030.6201171875
2005-09-07,15246.23046875
2005-09-08,15055.919921875
2005-09-09,15212.8798828125
2005-09-12,15190.169921875
2005-09-13,15087.2900390625
2005-09-14,15221.3896484375
2005-09-15,15428.7802734375
2005-09-19,15656.83984375
2005-09-20,15563.4697265625
2005-09-21,15734.41015625
2005-09-22,15661.1298828125
2005-09-23,15649.330078125
2005-09-26,15765.5302734375
2005-09-27,15801.8095703125
2005-09-28,15869.330078125
2005-09-29,15841.83984375
2005-09-30,16120.080078125
2005-10-03,16051.01953125
2005-10-04,15933.41015625
2005-10-05,15720.349609375
2005-10-06,15247.599609375
2005-10-07,15447.58984375
2005-10-10,15466.41015625
2005-10-11,15445.3701171875
2005-10-12,15103.16015625
2005-10-13,14924.73046875
2005-10-14,14892.8798828125
2005-10-17,15282.73046875
2005-10-18,15084.83984375
2005-10-19,15111.9501953125
2005-10-20,14821.099609375
2005-10-21,14903.3603515625
2005-10-24,15356.3203125
2005-10-25,15367.8701171875
2005-10-26,15666.2197265625
2005-10-27,15437.6298828125
2005-10-28,15579.6796875
2005-10-31,15759.73046875
2005-11-01,15922.51953125
2005-11-02,15896.48046875
2005-11-03,15798.0400390625
2005-11-04,15900.5302734375
2005-11-07,15944.150390625
2005-11-08,15930.7099609375
2005-11-09,15981.1796875
2005-11-10,16153.080078125
2005-11-11,16137.0703125
2005-11-14,16293.5302734375
2005-11-15,16193.580078125
2005-11-16,16310.6796875
2005-11-17,16455.390625
2005-11-18,16545.439453125
2005-11-21,16767.0703125
2005-11-22,16866.83984375
2005-11-23,16713.91015625
2005-11-24,16750.439453125
2005-11-25,16879.369140625
2005-11-28,16836.109375
2005-11-29,16694.94921875
2005-11-30,16830.9609375
2005-12-01,17133.830078125
2005-12-02,17150.990234375
2005-12-05,17271.060546875
2005-12-06,17424.4296875
2005-12-07,17244.189453125
2005-12-08,17211.01953125
2005-12-09,17554.48046875
2005-12-13,17819.6796875
2005-12-14,18054.029296875
2005-12-15,17922.470703125
2005-12-16,17737.58984375
2005-12-19,17666.41015625
2005-12-20,17680.94921875
2005-12-21,17781.509765625
2005-12-22,17768.900390625
2005-12-23,17802.279296875
2005-12-26,17776.880859375
2005-12-27,17832.640625
2005-12-28,17690.69921875
2005-12-29,17832.80078125
2005-12-30,17802.7109375
2006-01-02,17925.69921875
2006-01-03,18500.689453125
2006-01-04,18669.23046875
2006-01-05,18608.33984375
2006-01-06,18736.779296875
2006-01-09,18998.830078125
2006-01-10,18912.380859375
2006-01-11,19160.439453125
2006-01-12,18925.009765625
2006-01-13,18889.19921875
2006-01-16,18958.2890625
2006-01-17,18489.630859375
2006-01-18,18265.9609375
2006-01-19,18521.44921875
2006-01-20,18346.23046875
2006-01-23,18447.109375
2006-01-24,18875.41015625
2006-01-25,18866.369140625
2006-01-26,19216.75
2006-01-27,18956.5
2006-01-30,18849.240234375
2006-01-31,18907.099609375
2006-02-01,19162.380859375
2006-02-02,19060.380859375
2006-02-03,18862.1796875
2006-02-07,18665.060546875
2006-02-08,18410.240234375
2006-02-09,18518.330078125
2006-02-10,18298.580078125
2006-02-13,17883.630859375
2006-02-14,18023.009765625
2006-02-15,18169.16015625
2006-02-16,18457.240234375
2006-02-17,18480.779296875
2006-02-20,18542.580078125
2006-02-21,18497.380859375
2006-02-22,18780.4609375
2006-02-23,19117.720703125
2006-02-24,19100.890625
2006-02-27,18854.669921875
2006-02-28,18706.3203125
2006-03-01,19058.740234375
2006-03-02,19102.330078125
2006-03-03,19189.25
2006-03-06,18991.4609375
2006-03-07,18551.0703125
2006-03-08,18398.8203125
2006-03-09,18310.5703125
2006-03-10,18420.169921875
2006-03-13,18706.189453125
2006-03-14,18941.0390625
2006-03-15,18999.640625
2006-03-16,19166.4296875
2006-03-17,19345.80078125
2006-03-20,19581.119140625
2006-03-22,19598.109375
2006-03-23,19255.869140625
2006-03-24,19339.30078125
2006-03-27,19226.3203125
2006-03-28,18929.98046875
2006-03-29,19132.33984375
2006-03-30,19214.0
2006-03-31,19272.630859375
2006-04-03,19634.2109375
2006-04-04,19764.080078125
2006-04-05,19930.630859375
2006-04-06,19869.7109375
2006-04-07,19472.359375
2006-04-10,19548.349609375
2006-04-11,19465.150390625
2006-04-12,19322.619140625
2006-04-17,19632.33984375
2006-04-18,19820.0703125
2006-04-19,19933.08984375
2006-04-20,19979.5390625
2006-04-21,20174.640625
2006-04-24,20198.7109375
2006-04-25,20360.609375
2006-04-26,20566.91015625
2006-04-27,20390.619140625
2006-04-28,20646.189453125
2006-05-02,21079.869140625
2006-05-03,21159.16015625
2006-05-04,21293.66015625
2006-05-05,21237.44921875
2006-05-08,21608.669921875
2006-05-09,21822.9296875
2006-05-10,21781.0703125
2006-05-11,21435.26953125
2006-05-12,21154.900390625
2006-05-15,20722.130859375
2006-05-16,20851.060546875
2006-05-17,20261.859375
2006-05-18,20217.01953125
2006-05-19,20182.140625
2006-05-22,19369.2890625
2006-05-23,19084.830078125
2006-05-24,18805.5703125
2006-05-25,19405.7109375
2006-05-26,19585.2109375
2006-05-29,19500.5390625
2006-05-30,18841.33984375
2006-05-31,18677.919921875
2006-06-01,19128.630859375
2006-06-02,19421.73046875
2006-06-05,18954.919921875
2006-06-06,18798.279296875
2006-06-07,18413.439453125
2006-06-08,18257.640625
2006-06-09,17748.740234375
2006-06-12,16986.26953125
2006-06-13,16653.150390625
2006-06-14,16802.099609375
2006-06-15,17932.330078125
2006-06-16,18041.7890625
2006-06-19,17581.880859375
2006-06-20,17781.279296875
2006-06-21,18156.2109375
2006-06-22,18188.400390625
2006-06-23,18545.73046875
2006-06-26,18491.400390625
2006-06-27,18021.470703125
2006-06-28,18101.830078125
2006-06-29,18908.330078125
2006-06-30,19147.169921875
2006-07-03,20060.8203125
2006-07-04,20329.490234375
2006-07-05,19514.619140625
2006-07-06,20047.619140625
2006-07-07,19829.599609375
2006-07-10,19700.150390625
2006-07-11,19570.2109375
2006-07-12,19419.439453125
2006-07-13,18725.259765625
2006-07-14,18328.66015625
2006-07-17,18437.98046875
2006-07-18,18885.669921875
2006-07-19,19871.779296875
2006-07-20,19510.51953125
2006-07-21,19527.369140625
2006-07-24,19938.69921875
2006-07-25,20082.0
2006-07-26,19913.189453125
2006-07-27,20138.7890625
2006-07-28,20252.330078125
2006-07-31,20095.9296875
2006-08-01,19973.19921875
2006-08-02,20145.099609375
2006-08-03,20261.810546875
2006-08-04,20354.990234375
2006-08-07,20412.490234375
2006-08-08,20342.779296875
2006-08-09,20062.369140625
2006-08-10,20048.1796875
2006-08-11,20273.859375
2006-08-14,20290.490234375
2006-08-15,20544.439453125
2006-08-16,20900.0
2006-08-17,20971.779296875
2006-08-18,21046.630859375
2006-08-21,20861.560546875
2006-08-22,20986.890625
2006-08-23,20742.439453125
2006-08-24,20751.44921875
2006-08-25,20994.939453125
2006-08-28,21228.869140625
2006-08-29,21282.080078125
2006-08-30,21331.08984375
2006-08-31,21049.349609375
2006-09-01,21192.259765625
2006-09-04,21385.630859375
2006-09-05,21256.109375
2006-09-06,20965.240234375
2006-09-07,20833.23046875
2006-09-08,20795.8203125
2006-09-11,20612.890625
2006-09-12,21102.76953125
2006-09-13,21320.2109375
2006-09-14,21334.01953125
2006-09-15,21548.869140625
2006-09-18,21666.0703125
2006-09-19,21659.01953125
2006-09-20,21841.44921875
2006-09-21,21498.08984375
2006-09-22,21390.4296875
2006-09-25,21674.740234375
2006-09-26,21792.30078125
2006-09-27,21748.5703125
2006-09-28,21854.48046875
2006-09-29,21937.109375
2006-10-02,21619.9609375
2006-10-03,21631.0
2006-10-04,22105.970703125
2006-10-05,22326.859375
2006-10-06,22350.05078125
2006-10-09,22313.419921875
2006-10-10,22523.560546875
2006-10-11,22387.080078125
2006-10-12,22661.8203125
2006-10-13,22848.3203125
2006-10-16,22950.1796875
2006-10-17,22799.419921875
2006-10-18,23012.869140625
2006-10-19,23168.51953125
2006-10-20,23233.48046875
2006-10-23,23321.41015625
2006-10-24,23279.76953125
2006-10-25,23397.689453125
2006-10-26,23361.419921875
2006-10-27,22762.859375
2006-10-30,22370.08984375
2006-10-31,23046.94921875
2006-11-01,23042.279296875
2006-11-03,23169.869140625
2006-11-06,23733.0703125
2006-11-07,23585.140625
2006-11-08,23930.640625
2006-11-09,23941.80078125
2006-11-10,23951.630859375
2006-11-13,24188.58984375
2006-11-14,24288.060546875
2006-11-15,24315.599609375
2006-11-16,24266.029296875
2006-11-17,24196.05078125
2006-11-21,24585.6796875
2006-11-22,24674.75
2006-11-23,24730.009765625
2006-11-24,24792.890625
2006-11-27,24442.7890625
2006-11-28,24344.94921875
2006-11-29,24776.08984375
2006-11-30,24962.009765625
2006-12-04,25207.48046875
2006-12-05,25593.919921875
2006-12-06,25615.849609375
2006-12-07,25639.310546875
2006-12-08,25756.810546875
2006-12-11,25828.48046875
2006-12-13,25690.390625
2006-12-14,25863.390625
2006-12-15,25757.6796875
2006-12-18,25857.439453125
2006-12-19,25621.5
2006-12-20,25394.689453125
2006-12-21,25546.8203125
2006-12-22,25432.640625
2006-12-26,25705.0390625
2006-12-27,26196.66015625
2006-12-28,26295.2109375
2006-12-29,26448.3203125
2007-01-02,26664.44921875
2007-01-03,26619.369140625
2007-01-04,26566.279296875
2007-01-05,26135.599609375
2007-01-08,26281.640625
2007-01-09,25783.0390625
2007-01-10,25885.80078125
2007-01-11,26247.900390625
2007-01-12,26324.380859375
2007-01-15,26480.029296875
2007-01-16,26480.330078125
2007-01-17,26558.5
2007-01-18,26112.869140625
2007-01-19,26213.380859375
2007-01-22,26432.25
2007-01-23,26810.0
2007-01-24,27338.30078125
2007-01-25,26899.33984375
2007-01-26,27045.7109375
2007-01-29,26834.05078125
2007-01-30,27135.369140625
2007-01-31,27561.490234375
2007-02-01,27842.759765625
2007-02-02,27933.0703125
2007-02-07,28123.759765625
2007-02-08,28197.259765625
2007-02-09,27906.890625
2007-02-12,27972.23046875
2007-02-13,28262.650390625
2007-02-14,28539.689453125
2007-02-15,28498.75
2007-02-16,28491.0703125
2007-02-19,28590.169921875
2007-02-20,28589.66015625
2007-02-21,28715.9609375
2007-02-22,28676.48046875
2007-02-23,28505.720703125
2007-02-26,28046.16015625
2007-02-27,26418.8203125
2007-02-28,26638.94921875
2007-03-01,26647.650390625
2007-03-02,26321.119140625
2007-03-05,25788.369140625
2007-03-06,26355.640625
2007-03-07,26184.390625
2007-03-08,26773.7890625
2007-03-09,27106.529296875
2007-03-12,27261.169921875
2007-03-13,26589.19921875
2007-03-14,26719.3203125
2007-03-15,26883.529296875
2007-03-16,26901.419921875
2007-03-20,27407.4609375
2007-03-21,28219.55078125
2007-03-22,28258.80078125
2007-03-23,28272.029296875
2007-03-26,28158.970703125
2007-03-27,28124.330078125
2007-03-28,28098.279296875
2007-03-29,28704.240234375
2007-03-30,28747.689453125
2007-04-02,29171.51953125
2007-04-03,29348.08984375
2007-04-04,29370.939453125
2007-04-09,29632.19921875
2007-04-10,29515.640625
2007-04-11,29278.75
2007-04-12,29606.970703125
2007-04-13,29762.220703125
2007-04-16,29718.66015625
2007-04-17,29598.990234375
2007-04-18,29559.51953125
2007-04-19,29614.05078125
2007-04-20,29832.48046875
2007-04-23,29593.849609375
2007-04-24,29544.1796875
2007-04-25,29444.150390625
2007-04-26,29342.69921875
2007-04-27,29372.9296875
2007-04-30,28996.7109375
2007-05-02,29259.919921875
2007-05-03,29752.94921875
2007-05-04,30013.849609375
2007-05-07,29776.5703125
2007-05-08,29572.400390625
2007-05-09,29992.830078125
2007-05-10,29653.8203125
2007-05-11,30058.75
2007-05-14,29766.330078125
2007-05-15,29619.91015625
2007-05-16,30341.25
2007-05-17,30478.369140625
2007-05-18,30676.33984375
2007-05-21,30708.73046875
2007-05-22,30802.25
2007-05-23,30869.83984375
2007-05-24,30338.580078125
2007-05-25,30700.009765625
2007-05-28,30928.4296875
2007-05-29,30664.73046875
2007-05-30,31380.0
2007-05-31,31398.9609375
2007-06-01,31946.400390625
2007-06-04,32096.2109375
2007-06-05,32271.380859375
2007-06-06,31681.759765625
2007-06-07,31184.490234375
2007-06-08,31466.599609375
2007-06-11,31833.439453125
2007-06-12,31608.58984375
2007-06-13,31884.060546875
2007-06-14,32114.08984375
2007-06-15,32128.970703125
2007-06-18,32218.169921875
2007-06-19,32064.990234375
2007-06-20,31550.759765625
2007-06-21,31830.83984375
2007-06-22,31642.259765625
2007-06-25,31296.009765625
2007-06-26,30744.7109375
2007-06-27,30804.2109375
2007-06-28,31079.240234375
2007-06-29,31151.05078125
2007-07-02,31420.689453125
2007-07-03,32117.830078125
2007-07-04,32201.630859375
2007-07-05,32177.830078125
2007-07-06,32411.83984375
2007-07-09,32088.25
2007-07-10,31743.01953125
2007-07-11,31916.26953125
2007-07-12,32261.099609375
2007-07-13,32386.509765625
2007-07-16,32265.9296875
2007-07-17,31979.140625
2007-07-18,31886.740234375
2007-07-19,32150.650390625
2007-07-20,31922.619140625
2007-07-23,32168.4296875
2007-07-24,31462.150390625
2007-07-25,31103.529296875
2007-07-26,29996.599609375
2007-07-27,30235.169921875
2007-07-30,30900.6796875
2007-07-31,30659.66015625
2007-08-01,30048.369140625
2007-08-02,30394.810546875
2007-08-03,29671.76953125
2007-08-06,29721.630859375
2007-08-07,30239.919921875
2007-08-08,30661.869140625
2007-08-09,29883.9609375
2007-08-10,29420.470703125
2007-08-13,29607.19921875
2007-08-14,28895.73046875
2007-08-15,28140.73046875
2007-08-16,27793.16015625
2007-08-17,28510.66015625
2007-08-20,28453.55078125
2007-08-21,28568.4296875
2007-08-22,29269.33984375
2007-08-23,29459.8203125
2007-08-24,30041.5390625
2007-08-27,30275.83984375
2007-08-28,29326.759765625
2007-08-29,29710.779296875
2007-08-30,29744.0703125
2007-08-31,30347.859375
2007-09-03,30797.599609375
2007-09-04,30932.7109375
2007-09-05,30809.55078125
2007-09-06,30816.94921875
2007-09-07,30252.76953125
2007-09-10,29893.1796875
2007-09-11,30191.140625
2007-09-12,30076.330078125
2007-09-13,30302.23046875
2007-09-14,30096.029296875
2007-09-17,29794.490234375
2007-09-18,30603.419921875
2007-09-19,30512.640625
2007-09-20,30485.75
2007-09-21,30583.0703125
2007-09-24,30543.44921875
2007-09-25,30294.76953125
2007-09-26,30303.1796875
2007-09-27,30528.0
2007-09-28,30296.189453125
2007-10-01,30855.6796875
2007-10-02,31451.7890625
2007-10-03,31178.83984375
2007-10-04,31078.330078125
2007-10-05,31540.939453125
2007-10-08,31825.509765625
2007-10-09,31801.689453125
2007-10-10,32129.400390625
2007-10-11,31980.94921875
2007-10-12,32473.470703125
2007-10-15,32335.859375
2007-10-16,32230.8203125
2007-10-17,32721.8203125
2007-10-18,32836.12109375
2007-10-19,31823.400390625
2007-10-22,31969.48046875
2007-10-23,32229.439453125
2007-10-24,32048.1796875
2007-10-25,31886.099609375
2007-10-26,32136.759765625
2007-10-29,32100.759765625
2007-10-30,31783.619140625
2007-10-31,31458.669921875
2007-11-01,30806.30078125
2007-11-05,30157.689453125
2007-11-06,30430.5
2007-11-07,29582.2109375
2007-11-08,29289.720703125
2007-11-09,29158.859375
2007-11-12,28185.900390625
2007-11-13,29484.779296875
2007-11-14,29655.6796875
2007-11-15,29170.900390625
2007-11-16,29631.5703125
2007-11-21,28446.44921875
2007-11-22,28520.16015625
2007-11-23,28710.869140625
2007-11-26,27883.009765625
2007-11-27,28124.650390625
2007-11-28,29276.390625
2007-11-29,29399.919921875
2007-11-30,29770.51953125
2007-12-03,29968.529296875
2007-12-04,29998.7890625
2007-12-05,30761.640625
2007-12-06,31257.30078125
2007-12-07,31268.359375
2007-12-10,31182.75
2007-12-11,30327.359375
2007-12-13,30088.0390625
2007-12-14,29994.900390625
2007-12-17,28968.19921875
2007-12-18,29254.98046875
2007-12-19,29074.119140625
2007-12-20,29148.44921875
2007-12-21,29638.400390625
2007-12-24,29853.76953125
2007-12-26,30002.4609375
2007-12-27,29642.119140625
2007-12-28,29700.189453125
2007-12-31,29536.830078125
2008-01-02,28699.119140625
2008-01-03,28860.779296875
2008-01-04,28317.919921875
2008-01-07,28152.560546875
2008-01-08,28267.779296875
2008-01-09,28401.609375
2008-01-10,29069.560546875
2008-01-11,28723.8203125
2008-01-14,28607.44921875
2008-01-15,27961.849609375
2008-01-16,27343.5703125
2008-01-17,26698.66015625
2008-01-18,26713.830078125
2008-01-21,25284.880859375
2008-01-22,26892.740234375
2008-01-23,27620.330078125
2008-01-24,27905.130859375
2008-01-25,27379.919921875
2008-01-28,27758.9296875
2008-01-29,28263.94921875
2008-01-30,28296.80078125
2008-01-31,28793.640625
2008-02-01,29429.9296875
2008-02-05,28086.970703125
2008-02-06,27929.2890625
2008-02-07,28088.3203125
2008-02-08,28185.259765625
2008-02-11,28789.55078125
2008-02-12,28869.9609375
2008-02-13,29306.759765625
2008-02-14,29138.919921875
2008-02-15,28744.810546875
2008-02-18,29172.2109375
2008-02-19,28899.970703125
2008-02-20,29224.439453125
2008-02-21,29361.3203125
2008-02-22,29528.7890625
2008-02-25,29962.880859375
2008-02-26,30228.080078125
2008-02-27,30424.759765625
2008-02-28,30130.470703125
2008-02-29,28918.51953125
2008-03-03,29526.69921875
2008-03-04,29261.109375
2008-03-05,29277.349609375
2008-03-06,28717.0390625
2008-03-07,28612.75
2008-03-10,28207.2890625
2008-03-11,29466.169921875
2008-03-12,29283.400390625
2008-03-13,29703.08984375
2008-03-14,29048.509765625
2008-03-18,29515.55078125
2008-03-19,29071.33984375
2008-03-24,29634.16015625
2008-03-25,29981.080078125
2008-03-26,30057.259765625
2008-03-27,29987.05078125
2008-03-28,30089.900390625
2008-03-31,30912.990234375
2008-04-01,31787.6796875
2008-04-02,31467.869140625
2008-04-03,31689.609375
2008-04-04,31545.369140625
2008-04-07,31715.439453125
2008-04-08,31726.859375
2008-04-09,31417.830078125
2008-04-10,31649.05078125
2008-04-11,31302.5703125
2008-04-14,31192.48046875
2008-04-15,31375.94921875
2008-04-16,31910.2109375
2008-04-17,31785.990234375
2008-04-18,31795.6796875
2008-04-21,32095.0390625
2008-04-22,32039.720703125
2008-04-23,31847.98046875
2008-04-24,31746.23046875
2008-04-25,31009.01953125
2008-04-28,30623.390625
2008-04-29,30270.640625
2008-04-30,30281.41015625
2008-05-02,30551.470703125
2008-05-05,30958.890625
2008-05-06,31223.419921875
2008-05-07,30762.16015625
2008-05-08,30751.970703125
2008-05-09,30674.359375
2008-05-12,30637.359375
2008-05-13,30887.400390625
2008-05-14,31336.5703125
2008-05-15,31542.970703125
2008-05-16,31486.94921875
2008-05-19,31796.41015625
2008-05-20,31526.169921875
2008-05-21,31126.0703125
2008-05-22,31245.6796875
2008-05-23,31068.69921875
2008-05-26,31314.55078125
2008-05-27,31414.2109375
2008-05-28,31647.029296875
2008-05-29,31837.26953125
2008-05-30,31975.470703125
2008-06-02,31636.2109375
2008-06-03,31492.640625
2008-06-04,31448.109375
2008-06-05,31726.009765625
2008-06-06,31149.060546875
2008-06-09,30933.439453125
2008-06-10,30898.869140625
2008-06-11,30446.240234375
2008-06-12,30475.439453125
2008-06-13,30413.48046875
2008-06-16,30354.1796875
2008-06-17,29925.26953125
2008-06-18,29618.109375
2008-06-19,29847.849609375
2008-06-20,29533.439453125
2008-06-23,29464.5390625
2008-06-24,29291.609375
2008-06-25,29569.439453125
2008-06-26,29199.939453125
2008-06-27,29295.0
2008-06-30,29395.490234375
2008-07-01,29221.109375
2008-07-02,28680.830078125
2008-07-03,28465.55078125
2008-07-04,28338.119140625
2008-07-07,28383.529296875
2008-07-08,28551.25
2008-07-09,28095.7890625
2008-07-10,27877.330078125
2008-07-11,27614.5390625
2008-07-14,27517.109375
2008-07-15,27435.80078125
2008-07-16,27968.8203125
2008-07-17,28215.859375
2008-07-18,28169.76953125
2008-07-21,27988.470703125
2008-07-22,27592.240234375
2008-07-23,27644.75
2008-07-24,27644.75
2008-07-25,27084.76953125
2008-07-28,26732.83984375
2008-07-29,27318.640625
2008-07-30,27474.0390625
2008-07-31,27501.01953125
2008-08-01,26959.1796875
2008-08-04,26487.759765625
2008-08-05,26990.189453125
2008-08-06,27342.390625
2008-08-07,26986.98046875
2008-08-08,27132.7890625
2008-08-11,26943.689453125
2008-08-12,26636.55078125
2008-08-13,26877.0703125
2008-08-14,27247.44921875
2008-08-15,27340.830078125
2008-08-18,26777.48046875
2008-08-19,26732.109375
2008-08-20,26865.0390625
2008-08-21,26534.970703125
2008-08-22,26875.44921875
2008-08-25,26416.619140625
2008-08-26,26071.4609375
2008-08-27,26131.349609375
2008-08-28,26444.119140625
2008-08-29,26290.990234375
2008-09-01,26424.69921875
2008-09-02,26522.759765625
2008-09-03,26467.7890625
2008-09-04,26151.630859375
2008-09-05,25904.1796875
2008-09-08,26232.560546875
2008-09-09,25629.7890625
2008-09-10,25622.91015625
2008-09-11,25552.490234375
2008-09-12,25588.41015625
2008-09-15,24618.150390625
2008-09-17,23456.83984375
2008-09-18,24577.900390625
2008-09-19,25701.029296875
2008-09-22,25131.91015625
2008-09-23,24969.169921875
2008-09-24,24944.25
2008-09-25,25645.5
2008-09-26,25593.76953125
2008-09-29,23955.669921875
2008-09-30,24888.900390625
2008-10-01,25117.3203125
2008-10-02,24027.349609375
2008-10-03,22989.5
2008-10-06,21749.130859375
2008-10-07,20884.740234375
2008-10-08,20678.970703125
2008-10-09,20310.19921875
2008-10-10,19905.26953125
2008-10-13,22095.890625
2008-10-14,22244.609375
2008-10-15,21135.419921875
2008-10-16,20457.9296875
2008-10-17,20312.830078125
2008-10-20,20786.2109375
2008-10-21,20203.26953125
2008-10-22,18787.33984375
2008-10-23,17798.990234375
2008-10-24,16978.83984375
2008-10-27,16891.029296875
2008-10-28,18632.529296875
2008-10-29,19157.330078125
2008-10-30,20207.01953125
2008-10-31,20445.3203125
2008-11-03,20612.6796875
2008-11-04,21535.26953125
2008-11-05,20446.76953125
2008-11-06,19650.859375
2008-11-07,19865.220703125
2008-11-10,20020.529296875
2008-11-11,19795.25
2008-11-12,18804.94921875
2008-11-13,19710.099609375
2008-11-14,19562.140625
2008-11-18,19036.23046875
2008-11-19,18578.380859375
2008-11-20,18190.69921875
2008-11-21,18251.41015625
2008-11-24,19529.25
2008-11-25,19297.630859375
2008-11-26,20025.7890625
2008-11-27,20201.8203125
2008-11-28,20534.720703125
2008-12-01,19533.080078125
2008-12-02,19802.26953125
2008-12-03,20147.009765625
2008-12-04,19916.2109375
2008-12-05,20081.830078125
2008-12-08,21168.720703125
2008-12-09,21439.650390625
2008-12-10,21689.83984375
2008-12-11,21408.349609375
2008-12-15,21050.55078125
2008-12-16,22032.5390625
2008-12-17,22572.5
2008-12-18,22347.169921875
2008-12-19,22221.640625
2008-12-22,22059.1796875
2008-12-23,22174.259765625
2008-12-24,22340.69921875
2008-12-26,22515.33984375
2008-12-29,22392.380859375
2008-12-30,22420.009765625
2008-12-31,22380.3203125
2009-01-02,23250.9609375
2009-01-05,23238.859375
2009-01-06,23005.41015625
2009-01-07,22117.509765625
2009-01-08,21955.400390625
2009-01-09,21741.2890625
2009-01-12,21162.26953125
2009-01-13,21047.30078125
2009-01-14,20369.23046875
2009-01-15,20280.490234375
2009-01-16,20325.390625
2009-01-19,20393.41015625
2009-01-20,19213.01953125
2009-01-21,19497.099609375
2009-01-22,19306.73046875
2009-01-23,19348.810546875
2009-01-26,19583.080078125
2009-01-27,19616.150390625
2009-01-28,20145.220703125
2009-01-29,19537.05078125
2009-01-30,19565.140625
2009-02-03,19630.4609375
2009-02-04,19622.599609375
2009-02-05,19736.9609375
2009-02-06,20438.130859375
2009-02-09,20537.099609375
2009-02-10,19825.720703125
2009-02-11,19446.650390625
2009-02-12,19358.25
2009-02-13,19368.099609375
2009-02-16,19520.869140625
2009-02-17,18853.9296875
2009-02-18,18741.26953125
2009-02-19,18682.470703125
2009-02-20,18324.23046875
2009-02-23,17956.400390625
2009-02-24,18296.109375
2009-02-25,18200.69921875
2009-02-26,18047.16015625
2009-02-27,17752.1796875
2009-03-02,16929.80078125
2009-03-03,17093.25
2009-03-04,17824.9609375
2009-03-05,17365.01953125
2009-03-06,17043.439453125
2009-03-09,16964.359375
2009-03-10,17543.51953125
2009-03-11,17790.689453125
2009-03-12,18864.869140625
2009-03-13,19437.009765625
2009-03-17,19325.05078125
2009-03-18,19620.48046875
2009-03-19,19596.509765625
2009-03-20,19363.30078125
2009-03-23,20346.4296875
2009-03-24,20242.609375
2009-03-25,20272.76953125
2009-03-26,20542.25
2009-03-27,20315.169921875
2009-03-30,19530.150390625
2009-03-31,19626.75
2009-04-01,19880.369140625
2009-04-02,20562.58984375
2009-04-03,20933.779296875
2009-04-06,20807.2109375
2009-04-07,20623.419921875
2009-04-08,20530.630859375
2009-04-13,21838.9609375
2009-04-14,21918.599609375
2009-04-15,21861.359375
2009-04-16,22189.19921875
2009-04-17,22234.83984375
2009-04-20,21587.490234375
2009-04-21,21216.939453125
2009-04-22,21480.009765625
2009-04-23,21829.330078125
2009-04-24,22582.169921875
2009-04-27,21827.109375
2009-04-28,21662.529296875
2009-04-29,22079.33984375
2009-04-30,21898.849609375
2009-05-04,23014.05078125
2009-05-05,23430.240234375
2009-05-06,23906.130859375
2009-05-07,23589.400390625
2009-05-08,24085.580078125
2009-05-11,23943.01953125
2009-05-12,23696.490234375
2009-05-13,23155.009765625
2009-05-14,23405.9296875
2009-05-15,23341.720703125
2009-05-18,23935.490234375
2009-05-19,24344.619140625
2009-05-20,24399.599609375
2009-05-21,23821.259765625
2009-05-22,24093.240234375
2009-05-25,24198.9609375
2009-05-26,24640.080078125
2009-05-27,24507.810546875
2009-05-28,24659.240234375
2009-05-29,24331.7109375
2009-06-01,25105.630859375
2009-06-02,25183.830078125
2009-06-03,24651.3203125
2009-06-04,24748.029296875
2009-06-05,24913.009765625
2009-06-08,24932.880859375
2009-06-09,25107.4296875
2009-06-10,25183.720703125
2009-06-11,25372.849609375
2009-06-12,25460.01953125
2009-06-15,24899.689453125
2009-06-16,24224.830078125
2009-06-17,24150.939453125
2009-06-18,24340.650390625
2009-06-19,24274.720703125
2009-06-22,23314.6796875
2009-06-23,23496.390625
2009-06-24,23711.240234375
2009-06-25,24245.7109375
2009-06-26,24458.23046875
2009-06-29,24473.529296875
2009-06-30,24368.380859375
2009-07-01,24524.009765625
2009-07-02,24051.4609375
2009-07-03,24045.390625
2009-07-06,23742.490234375
2009-07-07,23359.939453125
2009-07-08,23468.98046875
2009-07-09,23634.26953125
2009-07-10,23656.259765625
2009-07-13,23951.9609375
2009-07-14,24340.650390625
2009-07-15,25336.330078125
2009-07-16,25735.560546875
2009-07-17,25741.9609375
2009-07-20,26284.060546875
2009-07-21,26004.01953125
2009-07-22,26288.2109375
2009-07-23,26805.419921875
2009-07-24,26646.369140625
2009-07-27,26815.30078125
2009-07-28,26850.75
2009-07-29,26516.5
2009-07-30,26810.26953125
2009-07-31,27043.5
2009-08-03,27692.48046875
2009-08-04,27869.919921875
2009-08-05,28082.630859375
2009-08-06,27802.41015625
2009-08-07,28179.55078125
2009-08-10,28305.3203125
2009-08-11,27800.80078125
2009-08-12,28096.01953125
2009-08-13,28155.490234375
2009-08-14,27855.4296875
2009-08-17,27299.580078125
2009-08-18,27544.3203125
2009-08-19,27598.369140625
2009-08-20,27944.240234375
2009-08-21,28308.9609375
2009-08-24,28004.26953125
2009-08-25,28005.4609375
2009-08-26,28212.849609375
2009-08-27,28437.259765625
2009-08-28,28599.919921875
2009-08-31,28129.94921875
2009-09-01,27749.16015625
2009-09-02,27953.33984375
2009-09-03,28150.08984375
2009-09-04,28309.55078125
2009-09-07,28585.25
2009-09-08,29190.8203125
2009-09-09,29100.05078125
2009-09-10,29318.419921875
2009-09-11,29448.7890625
2009-09-14,29383.189453125
2009-09-15,29625.01953125
2009-09-17,30017.720703125
2009-09-18,29942.0
2009-09-21,29607.16015625
2009-09-22,29513.6796875
2009-09-23,28959.669921875
2009-09-24,28465.109375
2009-09-25,28759.98046875
2009-09-28,29401.990234375
2009-09-29,29432.009765625
2009-09-30,29232.240234375
2009-10-01,28588.259765625
2009-10-02,28678.66015625
2009-10-05,29214.400390625
2009-10-06,29690.48046875
2009-10-07,29763.369140625
2009-10-08,29898.849609375
2009-10-09,30039.7109375
2009-10-12,30475.4296875
2009-10-13,30611.099609375
2009-10-14,30881.099609375
2009-10-15,31017.73046875
2009-10-16,30726.30078125
2009-10-19,30927.109375
2009-10-20,31000.939453125
2009-10-21,30889.05078125
2009-10-22,30761.759765625
2009-10-23,30617.6796875
2009-10-26,30280.080078125
2009-10-27,29312.83984375
2009-10-28,28670.900390625
2009-10-29,29247.830078125
2009-10-30,28646.029296875
2009-11-03,28886.529296875
2009-11-04,29430.509765625
2009-11-05,29735.33984375
2009-11-06,29868.619140625
2009-11-09,30646.240234375
2009-11-10,30788.19921875
2009-11-11,31097.640625
2009-11-12,30759.849609375
2009-11-13,31002.08984375
2009-11-17,31400.19921875
2009-11-18,31056.619140625
2009-11-19,30817.669921875
2009-11-20,30666.509765625
2009-11-23,31126.169921875
2009-11-24,30961.990234375
2009-11-25,31364.0390625
2009-11-26,30447.830078125
2009-11-27,30775.44921875
2009-11-30,30957.109375
2009-12-01,31750.580078125
2009-12-02,32111.7890625
2009-12-03,31967.4296875
2009-12-04,32105.390625
2009-12-07,32085.169921875
2009-12-08,31710.390625
2009-12-09,31670.2109375
2009-12-10,31916.599609375
2009-12-11,31901.689453125
2009-12-14,32009.880859375
2009-12-15,31902.599609375
2009-12-16,31956.25
2009-12-17,31948.41015625
2009-12-18,31834.0703125
2009-12-21,31799.23046875
2009-12-22,32240.3203125
2009-12-23,32450.23046875
2009-12-24,32548.529296875
2009-12-28,32610.509765625
2009-12-29,32626.2890625
2009-12-30,32448.740234375
2009-12-31,32120.470703125
2010-01-04,32758.529296875
2010-01-05,32732.759765625
2010-01-06,32830.16015625
2010-01-07,33064.5703125
2010-01-08,32892.0390625
2010-01-11,32935.37890625
2010-01-12,32792.66015625
2010-01-13,32836.078125
2010-01-14,32729.580078125
2010-01-15,32262.30078125
2010-01-18,32482.73046875
2010-01-19,32473.05078125
2010-01-20,32025.33984375
2010-01-21,31205.30078125
2010-01-22,30830.91015625
2010-01-25,30465.060546875
2010-01-26,30651.560546875
2010-01-27,30610.830078125
2010-01-28,30811.349609375
2010-01-29,30391.609375
2010-02-02,30876.650390625
2010-02-03,31287.0390625
2010-02-04,30603.7109375
2010-02-05,30630.73046875
2010-02-08,30649.439453125
2010-02-09,30818.48046875
2010-02-10,30746.05078125
2010-02-11,30845.630859375
2010-02-12,31005.740234375
2010-02-15,31038.3203125
2010-02-16,31644.76953125
2010-02-17,31892.119140625
2010-02-18,32170.7890625
2010-02-19,32172.109375
2010-02-22,32034.33984375
2010-02-23,31850.240234375
2010-02-24,31788.5390625
2010-02-25,31649.099609375
2010-02-26,31634.5390625
2010-03-01,31765.140625
2010-03-02,32055.0390625
2010-03-03,32353.5390625
2010-03-04,32202.0
2010-03-05,32436.529296875
2010-03-08,32520.26953125
2010-03-09,32514.169921875
2010-03-10,32505.759765625
2010-03-11,32602.939453125
2010-03-12,32578.05078125
2010-03-16,32723.900390625
2010-03-17,32798.30078125
2010-03-18,32969.828125
2010-03-19,33022.83984375
2010-03-22,33142.01953125
2010-03-23,33361.26953125
2010-03-24,33160.96875
2010-03-25,33164.328125
2010-03-26,33147.80859375
2010-03-29,33416.1015625
2010-03-30,33399.4609375
2010-03-31,33266.4296875
2010-04-05,33648.890625
2010-04-06,33801.2109375
2010-04-07,33632.3515625
2010-04-08,33567.3515625
2010-04-09,33840.8515625
2010-04-12,33852.390625
2010-04-13,33819.0390625
2010-04-14,34113.9296875
2010-04-15,34134.23046875
2010-04-16,33621.390625
2010-04-19,33439.76953125
2010-04-20,33813.16015625
2010-04-21,33517.1796875
2010-04-22,33658.37109375
2010-04-23,33853.69140625
2010-04-26,33771.55078125
2010-04-27,32679.359375
2010-04-28,32952.859375
2010-04-29,32861.0
2010-04-30,32687.3203125
2010-05-04,32120.650390625
2010-05-05,31995.279296875
2010-05-06,31398.970703125
2010-05-07,31488.8203125
2010-05-10,32276.919921875
2010-05-11,32119.109375
2010-05-12,32379.630859375
2010-05-13,32342.4296875
2010-05-14,31812.73046875
2010-05-17,31580.630859375
2010-05-18,31136.349609375
2010-05-19,30992.759765625
2010-05-20,30368.080078125
2010-05-21,30629.150390625
2010-05-24,30759.48046875
2010-05-25,30634.169921875
2010-05-26,31328.490234375
2010-05-27,32056.16015625
2010-05-28,31547.55078125
2010-05-31,32038.529296875
2010-06-01,31245.830078125
2010-06-02,31411.91015625
2010-06-03,31331.859375
2010-06-04,30992.650390625
2010-06-07,30739.009765625
2010-06-08,31059.830078125
2010-06-09,31209.330078125
2010-06-10,31910.220703125
2010-06-11,32124.279296875
2010-06-14,32238.41015625
2010-06-15,32685.400390625
2010-06-16,32805.62890625
2010-06-17,32775.33984375
2010-06-18,32814.62109375
2010-06-21,32882.0
2010-06-22,32470.69921875
2010-06-23,32663.2890625
2010-06-24,32312.759765625
2010-06-25,32607.130859375
2010-06-28,32568.189453125
2010-06-29,31473.19921875
2010-06-30,31156.970703125
2010-07-01,31197.0390625
2010-07-02,31379.669921875
2010-07-05,31391.44921875
2010-07-06,31533.580078125
2010-07-07,32035.189453125
2010-07-08,31960.640625
2010-07-09,32004.310546875
2010-07-12,31870.55078125
2010-07-13,32185.19921875
2010-07-14,32305.7109375
2010-07-15,32381.060546875
2010-07-16,31783.390625
2010-07-19,31845.880859375
2010-07-20,32024.26953125
2010-07-21,32108.990234375
2010-07-22,32720.759765625
2010-07-23,32806.03125
2010-07-26,32958.890625
2010-07-27,32695.310546875
2010-07-28,32665.560546875
2010-07-29,32463.720703125
2010-07-30,32308.740234375
2010-08-02,32816.51953125
2010-08-03,32768.078125
2010-08-04,32900.48046875
2010-08-05,32907.19140625
2010-08-06,32917.921875
2010-08-09,32837.5703125
2010-08-10,32685.51953125
2010-08-11,32058.5703125
2010-08-12,32041.130859375
2010-08-13,32099.75
2010-08-16,32119.880859375
2010-08-17,32286.080078125
2010-08-18,32408.30078125
2010-08-19,32153.630859375
2010-08-20,32291.669921875
2010-08-23,32142.669921875
2010-08-24,31364.890625
2010-08-25,31453.720703125
2010-08-26,31217.990234375
2010-08-27,31755.349609375
2010-08-30,31382.669921875
2010-08-31,31679.849609375
2010-09-01,32339.23046875
2010-09-02,32417.330078125
2010-09-03,32592.869140625
2010-09-06,32746.669921875
2010-09-07,32448.400390625
2010-09-08,32409.599609375
2010-09-09,32518.98046875
2010-09-10,32626.869140625
2010-09-13,32921.62890625
2010-09-14,33058.0
2010-09-15,33046.69140625
2010-09-20,33273.53125
2010-09-21,33296.69140625
2010-09-22,33207.2109375
2010-09-23,33091.12890625
2010-09-24,33280.75
2010-09-27,33122.44140625
2010-09-28,33258.53125
2010-09-29,33186.76171875
2010-09-30,33330.33984375
2010-10-01,33807.48046875
2010-10-04,34040.171875
2010-10-05,34257.3984375
2010-10-06,34370.640625
2010-10-07,34257.80859375
2010-10-08,34464.8203125
2010-10-11,34465.41015625
2010-10-12,34437.390625
2010-10-13,34798.6484375
2010-10-14,34836.5
2010-10-15,34741.5390625
2010-10-18,34919.30859375
2010-10-19,34452.2109375
2010-10-20,34880.46875
2010-10-21,34965.25
2010-10-22,35120.87890625
2010-10-25,35262.890625
2010-10-26,35373.390625
2010-10-27,35262.8984375
2010-10-28,35376.71875
2010-10-29,35568.21875
2010-11-01,35722.7109375
2010-11-03,35843.80859375
2010-11-04,36198.6015625
2010-11-05,36317.51171875
2010-11-08,36543.390625
2010-11-09,36198.03125
2010-11-10,36417.46875
2010-11-11,36304.5390625
2010-11-12,36057.390625
2010-11-16,35648.2109375
2010-11-17,35842.48046875
2010-11-18,36322.12109375
2010-11-19,36601.3984375
2010-11-22,36710.4609375
2010-11-23,36271.828125
2010-11-24,37079.28125
2010-11-25,36969.19921875
2010-11-26,36904.53125
2010-11-29,36890.609375
2010-11-30,36817.3203125
2010-12-01,37277.55859375
2010-12-02,37399.46875
2010-12-03,37385.91015625
2010-12-06,37737.12890625
2010-12-07,37880.12890625
2010-12-08,37617.76953125
2010-12-09,37567.390625
2010-12-10,37677.78125
2010-12-13,37894.33984375
2010-12-14,37901.0390625
2010-12-15,37676.55078125
2010-12-16,37832.859375
2010-12-17,37997.33984375
2010-12-20,37975.48046875
2010-12-21,38230.859375
2010-12-22,38172.91015625
2010-12-23,38131.46875
2010-12-27,38132.8515625
2010-12-28,38147.51171875
2010-12-29,38230.19921875
2010-12-30,38243.140625
2011-01-03,38605.80078125
2011-01-04,38542.16015625
2011-01-05,38696.23828125
2011-01-06,38589.671875
2011-01-07,38600.859375
2011-01-10,38378.16015625
2011-01-11,38028.80859375
2011-01-12,37963.30859375
2011-01-13,38070.19140625
2011-01-14,37994.71875
2011-01-17,38096.91015625
2011-01-18,38151.30078125
2011-01-19,37810.16015625
2011-01-20,37584.6796875
2011-01-21,37321.109375
2011-01-24,37667.8984375
2011-01-25,37470.76171875
2011-01-26,37585.3984375
2011-01-27,37447.69921875
2011-01-28,36839.71875
2011-01-31,36982.23828125
2011-02-01,37618.1015625
2011-02-02,37948.75
2011-02-03,37739.078125
2011-02-04,37451.83984375
2011-02-08,37565.6484375
2011-02-09,36986.94140625
2011-02-10,36652.12890625
2011-02-11,37011.48828125
2011-02-14,36998.9296875
2011-02-15,36951.25
2011-02-16,37074.9296875
2011-02-17,37226.4296875
2011-02-18,37522.30078125
2011-02-21,37242.05078125
2011-02-22,36781.55078125
2011-02-23,36464.0703125
2011-02-24,36446.55859375
2011-02-25,36880.19921875
2011-02-28,37019.69921875
2011-03-01,36768.08984375
2011-03-02,36863.53125
2011-03-03,37132.98046875
2011-03-04,36900.83984375
2011-03-07,36603.30078125
2011-03-08,36688.12109375
2011-03-09,36450.19140625
2011-03-10,35891.41015625
2011-03-11,36091.21875
2011-03-14,36205.76171875
2011-03-15,36012.171875
2011-03-16,35655.30859375
2011-03-17,35621.6796875
2011-03-18,35418.5
2011-03-22,35925.3515625
2011-03-23,36546.62109375
2011-03-24,36872.37890625
2011-03-25,36784.26953125
2011-03-28,36767.859375
2011-03-29,36795.890625
2011-03-30,37210.26953125
2011-03-31,37440.51171875
2011-04-01,37775.0703125
2011-04-04,37903.578125
2011-04-05,37832.9609375
2011-04-06,37861.80859375
2011-04-07,37471.5390625
2011-04-08,37471.71875
2011-04-11,37590.671875
2011-04-12,37321.80078125
2011-04-13,37347.69140625
2011-04-14,37069.9609375
2011-04-15,36988.37890625
2011-04-18,36332.1015625
2011-04-19,36440.21875
2011-04-20,36816.30859375
2011-04-25,36860.6796875
2011-04-26,36892.23828125
2011-04-27,36826.9296875
2011-04-28,36722.640625
2011-04-29,36962.62109375
2011-05-02,36592.609375
2011-05-03,35873.2109375
2011-05-04,35531.21875
2011-05-05,35325.08984375
2011-05-06,35212.23046875
2011-05-09,35467.01171875
2011-05-10,35678.921875
2011-05-11,35380.53125
2011-05-12,35161.26171875
2011-05-13,35045.140625
2011-05-16,35130.6015625
2011-05-17,34819.5703125
2011-05-18,35364.328125
2011-05-19,35276.46875
2011-05-20,35298.671875
2011-05-23,35215.01953125
2011-05-24,35382.55859375
2011-05-25,35498.421875
2011-05-26,35742.2109375
2011-05-27,35819.19921875
2011-05-30,35639.37890625
2011-05-31,35832.7890625
2011-06-01,35410.51171875
2011-06-02,35416.25
2011-06-03,35123.890625
2011-06-06,34673.48046875
2011-06-07,34895.828125
2011-06-08,34879.0703125
2011-06-09,35233.3984375
2011-06-10,34963.78125
2011-06-13,34997.96875
2011-06-14,35445.6484375
2011-06-15,35318.390625
2011-06-16,35220.98828125
2011-06-17,35025.73828125
2011-06-20,35109.96875
2011-06-21,35276.6015625
2011-06-22,35399.44140625
2011-06-23,35326.66015625
2011-06-24,35347.8515625
2011-06-27,35601.73046875
2011-06-28,36188.91015625
2011-06-29,36579.58984375
2011-06-30,36558.0703125
2011-07-01,36800.71875
2011-07-04,36847.1015625
2011-07-05,36640.9296875
2011-07-06,36468.01171875
2011-07-07,36583.2890625
2011-07-08,36499.8515625
2011-07-11,36359.48828125
2011-07-12,36178.58984375
2011-07-13,36254.69921875
2011-07-14,36164.609375
2011-07-15,36155.859375
2011-07-18,35781.4296875
2011-07-19,35752.01953125
2011-07-20,35341.671875
2011-07-21,35555.828125
2011-07-22,35755.48046875
2011-07-25,35479.671875
2011-07-26,35341.26953125
2011-07-27,35597.62890625
2011-07-28,35917.80078125
2011-07-29,35999.33984375
2011-08-01,35730.7109375
2011-08-02,34814.94140625
2011-08-03,34484.37109375
2011-08-04,33322.62890625
2011-08-05,33697.87109375
2011-08-08,31740.130859375
2011-08-09,32381.55078125
2011-08-10,32219.330078125
2011-08-11,33590.328125
2011-08-12,33361.5
2011-08-15,33901.078125
2011-08-16,33948.48046875
2011-08-17,34049.578125
2011-08-18,33246.62890625
2011-08-19,33136.890625
2011-08-22,33593.6484375
2011-08-23,34675.53125
2011-08-24,34644.921875
2011-08-25,33904.37890625
2011-08-26,34042.21875
2011-08-29,35016.0390625
2011-08-30,35148.91015625
2011-08-31,35721.1015625
2011-09-01,35637.859375
2011-09-02,35134.4296875
2011-09-05,33880.01953125
2011-09-06,34439.33984375
2011-09-07,35179.58984375
2011-09-08,34712.37890625
2011-09-09,33812.62109375
2011-09-12,33792.55859375
2011-09-13,33947.62109375
2011-09-14,34661.78125
2011-09-15,35181.44140625
2011-09-19,35076.9609375
2011-09-20,34337.96875
2011-09-21,34019.21875
2011-09-22,32381.060546875
2011-09-23,32588.4296875
2011-09-26,33385.94140625
2011-09-27,33783.6796875
2011-09-28,33438.16015625
2011-09-29,33686.16015625
2011-09-30,33503.28125
2011-10-03,33133.87890625
2011-10-04,32966.23046875
2011-10-05,33000.2890625
2011-10-06,33279.71875
2011-10-07,33005.08984375
2011-10-10,33547.23828125
2011-10-11,33681.80078125
2011-10-12,34470.359375
2011-10-13,34584.75
2011-10-14,34848.421875
2011-10-17,34125.69921875
2011-10-18,35011.7109375
2011-10-19,34523.26953125
2011-10-20,34395.5
2011-10-21,35020.73828125
2011-10-24,35265.55859375
2011-10-25,35290.1484375
2011-10-26,35818.578125
2011-10-27,36727.2109375
2011-10-28,36708.640625
2011-10-31,36159.98828125
2011-11-01,35742.5703125
2011-11-03,36579.0703125
2011-11-04,36689.37890625
2011-11-07,37024.609375
2011-11-08,37351.80859375
2011-11-09,36553.8515625
2011-11-10,36615.0703125
2011-11-11,37555.6484375
2011-11-14,37069.8984375
2011-11-15,37293.37890625
2011-11-16,36708.41015625
2011-11-17,36110.6796875
2011-11-18,36284.19921875
2011-11-22,35969.609375
2011-11-23,35375.609375
2011-11-24,35323.6015625
2011-11-25,34573.0390625
2011-11-28,35558.1796875
2011-11-29,35708.7109375
2011-11-30,36829.1484375
2011-12-01,36567.62890625
2011-12-02,36756.05859375
2011-12-05,37103.171875
2011-12-06,37071.171875
2011-12-07,37054.55859375
2011-12-08,36641.30859375
2011-12-09,37227.2109375
2011-12-13,36471.44140625
2011-12-14,36012.671875
2011-12-15,36006.8984375
2011-12-16,36054.62890625
2011-12-19,35587.78125
2011-12-20,36239.390625
2011-12-21,36628.05859375
2011-12-22,37066.76953125
2011-12-23,37041.421875
2011-12-27,37091.421875
2011-12-28,36644.859375
2011-12-29,37185.73046875
2011-12-30,37077.51953125
2012-01-03,37384.33984375
2012-01-04,37387.62890625
2012-01-05,37017.94921875
2012-01-09,36785.33984375
2012-01-10,37190.8984375
2012-01-11,37307.640625
2012-01-12,37320.96875
2012-01-13,36548.55859375
2012-01-16,36916.16015625
2012-01-17,36601.19921875
2012-01-18,37506.76171875
2012-01-19,37680.05859375
2012-01-20,37384.2109375
2012-01-23,37195.73046875
2012-01-24,36853.30078125
2012-01-25,37212.859375
2012-01-26,37240.78125
2012-01-27,37184.7109375
2012-01-30,37241.609375
2012-01-31,37422.6796875
2012-02-01,37709.6484375
2012-02-02,37711.16015625
2012-02-03,38092.80859375
2012-02-07,38062.421875
2012-02-08,38140.55078125
2012-02-09,38242.28125
2012-02-10,38149.21875
2012-02-13,38204.328125
2012-02-14,37831.87109375
2012-02-15,37864.55078125
2012-02-16,38212.23828125
2012-02-17,37914.69921875
2012-02-20,38296.6796875
2012-02-21,37859.48046875
2012-02-22,37912.55078125
2012-02-23,38027.83984375
2012-02-24,37945.21875
2012-02-27,37785.71875
2012-02-28,38021.421875
2012-02-29,37816.69140625
2012-03-01,38033.44921875
2012-03-02,38327.4296875
2012-03-05,38155.26953125
2012-03-06,37487.62890625
2012-03-07,37548.5390625
2012-03-08,37815.4296875
2012-03-09,37691.01171875
2012-03-12,37590.171875
2012-03-13,38019.76171875
2012-03-14,37971.44140625
2012-03-15,38134.5703125
2012-03-16,38258.44921875
2012-03-20,38055.26953125
2012-03-21,38434.51171875
2012-03-22,38323.51171875
2012-03-23,38334.8984375
2012-03-26,38863.1484375
2012-03-27,38956.3203125
2012-03-28,38910.6796875
2012-03-29,39125.3515625
2012-03-30,39521.23828125
2012-04-02,39908.5390625
2012-04-03,39924.9296875
2012-04-04,39398.87890625
2012-04-09,39432.1484375
2012-04-10,39035.171875
2012-04-11,39167.140625
2012-04-12,39357.80859375
2012-04-13,38444.01171875
2012-04-16,39054.83984375
2012-04-17,39355.171875
2012-04-18,39330.12109375
2012-04-19,39395.640625
2012-04-20,39354.859375
2012-04-23,38961.7890625
2012-04-24,38849.078125
2012-04-25,39066.01171875
2012-04-26,39212.16015625
2012-04-27,39324.140625
2012-04-30,39461.0
2012-05-02,39597.421875
2012-05-03,39580.05078125
2012-05-04,39408.609375
2012-05-07,40045.51171875
2012-05-08,39214.640625
2012-05-09,39122.8203125
2012-05-10,39170.8984375
2012-05-11,38888.7890625
2012-05-14,38352.109375
2012-05-15,37939.62890625
2012-05-16,37511.078125
2012-05-17,37261.23828125
2012-05-18,36875.328125
2012-05-21,37512.41015625
2012-05-22,37481.19140625
2012-05-23,37422.37890625
2012-05-24,37553.2109375
2012-05-25,37486.25
2012-05-28,37642.80078125
2012-05-29,38126.8515625
2012-05-30,38070.671875
2012-05-31,37872.94921875
2012-06-01,37182.37109375
2012-06-04,37059.78125
2012-06-05,37089.359375
2012-06-06,37274.7890625
2012-06-07,37247.33984375
2012-06-08,37323.91015625
2012-06-11,37035.75
2012-06-12,37271.0
2012-06-13,37142.1484375
2012-06-14,37440.48046875
2012-06-15,37738.578125
2012-06-18,38060.8203125
2012-06-19,38688.6484375
2012-06-20,38973.640625
2012-06-21,38515.94140625
2012-06-22,39071.5
2012-06-25,39157.51171875
2012-06-26,39339.1484375
2012-06-27,39490.6796875
2012-06-28,39637.66015625
2012-06-29,40199.55078125
2012-07-03,40434.7109375
2012-07-04,40353.4296875
2012-07-05,40040.69140625
2012-07-06,39831.6484375
2012-07-09,39963.26171875
2012-07-10,40049.58984375
2012-07-11,40221.80078125
2012-07-12,40268.41015625
2012-07-13,40498.46875
2012-07-16,40910.80078125
2012-07-17,41273.01953125
2012-07-18,40747.46875
2012-07-19,40752.53125
2012-07-20,40808.73046875
2012-07-23,40947.55078125
2012-07-24,40697.87109375
2012-07-25,40435.1015625
2012-07-26,40977.3203125
2012-07-27,41476.48046875
2012-07-30,41333.109375
2012-07-31,40704.28125
2012-08-01,40805.3984375
2012-08-02,40759.0
2012-08-03,40998.3984375
2012-08-06,41096.44140625
2012-08-07,41070.23828125
2012-08-08,40851.1796875
2012-08-09,40677.48046875
2012-08-10,40850.0
2012-08-13,40366.26953125
2012-08-14,40644.96875
2012-08-15,40792.58984375
2012-08-16,40714.87109375
2012-08-17,40547.48828125
2012-08-20,40350.0
2012-08-21,40096.640625
2012-08-22,40027.12890625
2012-08-23,39879.01171875
2012-08-24,40211.41015625
2012-08-27,39972.8515625
2012-08-28,39950.8984375
2012-08-29,39908.8984375
2012-08-30,39925.69140625
2012-08-31,39421.6484375
2012-09-03,39802.94140625
2012-09-04,39549.4296875
2012-09-05,39573.921875
2012-09-06,39987.05859375
2012-09-07,40043.87109375
2012-09-10,39991.19140625
2012-09-11,39998.96875
2012-09-12,40248.37890625
2012-09-14,40693.46875
2012-09-17,40621.4609375
2012-09-18,40590.9609375
2012-09-19,40941.30859375
2012-09-20,40500.3515625
2012-09-21,40338.69921875
2012-09-24,40561.21875
2012-09-25,40215.3515625
2012-09-26,40332.98046875
2012-09-27,40729.69921875
2012-09-28,40799.23828125
2012-10-01,41124.55859375
2012-10-02,41199.2890625
2012-10-03,41004.83984375
2012-10-04,41421.73828125
2012-10-05,41934.078125
2012-10-08,41756.9609375
2012-10-09,41755.16015625
2012-10-10,41470.05078125
2012-10-11,41745.390625
2012-10-12,41665.48046875
2012-10-15,42008.55078125
2012-10-16,42518.3515625
2012-10-17,42559.98046875
2012-10-18,42592.78125
2012-10-19,42386.828125
2012-10-22,42122.25
2012-10-23,42041.140625
2012-10-24,42095.16015625
2012-10-25,41877.26953125
2012-10-26,41836.921875
2012-10-29,41817.109375
2012-10-30,41599.0
2012-10-31,41619.9609375
2012-11-05,41722.140625
2012-11-06,41720.62109375
2012-11-07,41010.98046875
2012-11-08,40830.6484375
2012-11-09,40677.0703125
2012-11-12,40859.8984375
2012-11-13,41078.5
2012-11-14,40750.421875
2012-11-15,40573.66015625
2012-11-16,40830.6015625
2012-11-20,41184.0
2012-11-21,41668.05859375
2012-11-22,42032.3515625
2012-11-23,41919.55078125
2012-11-26,41878.26953125
2012-11-27,41769.37890625
2012-11-28,41912.94921875
2012-11-29,42090.69140625
2012-11-30,41833.51953125
2012-12-03,42323.83984375
2012-12-04,42337.8203125
2012-12-05,42416.2890625
2012-12-06,42589.6796875
2012-12-07,42797.671875
2012-12-10,43134.51171875
2012-12-11,43183.28125
2012-12-13,43006.30859375
2012-12-14,43050.921875
2012-12-17,43338.328125
2012-12-18,43825.96875
2012-12-19,43647.98828125
2012-12-20,43637.6796875
2012-12-21,43621.62109375
2012-12-24,43533.44921875
2012-12-26,43495.73828125
2012-12-27,43469.890625
2012-12-28,43721.9296875
2012-12-31,43705.828125
2013-01-02,44304.171875
2013-01-03,44370.640625
2013-01-04,44562.328125
2013-01-07,44625.9296875
2013-01-08,44571.19921875
2013-01-09,44862.5390625
2013-01-10,44859.80078125
2013-01-11,44888.12890625
2013-01-14,44862.921875
2013-01-15,44748.05859375
2013-01-16,44865.30078125
2013-01-17,44943.33984375
2013-01-18,45212.53125
2013-01-21,45223.8515625
2013-01-22,45320.30078125
2013-01-23,45442.98046875
2013-01-24,45428.69921875
2013-01-25,45575.859375
2013-01-28,45912.51171875
2013-01-29,45907.98046875
2013-01-30,45753.1796875
2013-01-31,45278.05859375
2013-02-01,45768.48828125
2013-02-05,45688.12109375
2013-02-06,45570.7109375
2013-02-07,45019.2109375
2013-02-08,45089.359375
2013-02-11,45063.87890625
2013-02-12,44873.44140625
2013-02-13,44096.26953125
2013-02-14,43878.28125
2013-02-15,44152.9609375
2013-02-18,44141.921875
2013-02-19,44639.76171875
2013-02-20,44299.55859375
2013-02-21,44136.6015625
2013-02-22,43875.73046875
2013-02-25,43497.19921875
2013-02-26,43489.19921875
2013-02-27,43772.890625
2013-02-28,44120.98828125
2013-03-01,43995.71875
2013-03-04,43871.30859375
2013-03-05,44017.12109375
2013-03-06,44159.6484375
2013-03-07,43968.6015625
2013-03-08,44322.51171875
2013-03-11,44013.30078125
2013-03-12,43965.41015625
2013-03-13,43278.109375
2013-03-14,43348.51953125
2013-03-15,42605.05078125
2013-03-19,42060.609375
2013-03-20,42497.96875
2013-03-21,42531.0703125
2013-03-22,42686.6796875
2013-03-25,42900.828125
2013-03-26,43664.73046875
2013-03-27,44077.08984375
2013-04-01,43932.51953125
2013-04-02,44113.5
2013-04-03,43717.5703125
2013-04-04,43566.69140625
2013-04-05,43244.25
2013-04-08,43430.98828125
2013-04-09,43973.1796875
2013-04-10,44380.828125
2013-04-11,44408.4296875
2013-04-12,44004.26953125
2013-04-15,42984.37890625
2013-04-16,43223.69140625
2013-04-17,42610.91015625
2013-04-18,42460.2109375
2013-04-19,42808.171875
2013-04-22,42914.19921875
2013-04-23,43113.609375
2013-04-24,42294.9296875
2013-04-25,42547.46875
2013-04-26,41897.0
2013-04-29,41910.53125
2013-04-30,42263.48046875
2013-05-02,42090.01171875
2013-05-03,42602.0703125
2013-05-06,42197.98828125
2013-05-07,42406.671875
2013-05-08,42102.140625
2013-05-09,41682.640625
2013-05-10,41741.5390625
2013-05-13,41766.91015625
2013-05-14,41925.140625
2013-05-15,41905.23046875
2013-05-16,41761.109375
2013-05-17,41806.73046875
2013-05-20,41080.4296875
2013-05-21,40548.44140625
2013-05-22,40119.01953125
2013-05-23,40505.26953125
2013-05-24,40521.26953125
2013-05-27,40144.6484375
2013-05-28,40764.0390625
2013-05-29,40638.96875
2013-05-30,40984.5
2013-05-31,41588.3203125
2013-06-03,41094.8203125
2013-06-04,40750.3984375
2013-06-05,40226.328125
2013-06-06,40579.078125
2013-06-07,40232.6796875
2013-06-10,40721.3515625
2013-06-11,39890.23828125
2013-06-12,39480.3515625
2013-06-13,39481.46875
2013-06-14,39269.30078125
2013-06-17,39549.4609375
2013-06-18,39459.98046875
2013-06-19,39044.94921875
2013-06-20,37517.23046875
2013-06-21,38036.4609375
2013-06-24,37517.359375
2013-06-25,37901.76953125
2013-06-26,38805.26953125
2013-06-27,39650.75
2013-06-28,40623.30078125
2013-07-01,41176.80078125
2013-07-02,40832.48046875
2013-07-03,40828.8515625
2013-07-04,41200.3984375
2013-07-05,40623.08984375
2013-07-08,40071.640625
2013-07-09,40221.0
2013-07-10,39999.01953125
2013-07-11,40479.828125
2013-07-12,40329.80859375
2013-07-15,40322.3203125
2013-07-16,39659.51171875
2013-07-17,40240.19140625
2013-07-18,40245.30859375
2013-07-19,39891.671875
2013-07-22,40117.671875
2013-07-23,40790.16015625
2013-07-24,40839.0390625
2013-07-25,40752.08984375
2013-07-26,41064.578125
2013-07-29,40341.859375
2013-07-30,40236.55078125
2013-07-31,40837.87890625
2013-08-01,41863.76171875
2013-08-02,42051.6015625
2013-08-05,41918.41015625
2013-08-06,41914.8203125
2013-08-07,42246.5
2013-08-08,42712.05078125
2013-08-09,42648.73828125
2013-08-12,42124.83984375
2013-08-13,42366.44921875
2013-08-14,42430.109375
2013-08-15,42155.33984375
2013-08-16,42049.69921875
2013-08-19,41484.25
2013-08-20,41825.3984375
2013-08-21,41458.16015625
2013-08-22,41007.4296875
2013-08-23,40925.12890625
2013-08-26,40419.9296875
2013-08-27,39656.0
2013-08-28,39248.0703125
2013-08-29,39162.48828125
2013-08-30,39492.37109375
2013-09-02,40129.0390625
2013-09-03,39541.51171875
2013-09-04,39773.53125
2013-09-05,39686.44921875
2013-09-06,39915.05859375
2013-09-09,40953.8515625
2013-09-10,41732.98046875
2013-09-11,41640.53125
2013-09-12,40785.6796875
2013-09-13,41122.46875
2013-09-17,41137.671875
2013-09-18,41902.19921875
2013-09-19,41752.26171875
2013-09-20,41225.98046875
2013-09-23,41314.6796875
2013-09-24,41209.94921875
2013-09-25,41724.03125
2013-09-26,41327.578125
2013-09-27,40903.6484375
2013-09-30,40185.23046875
2013-10-01,41335.26953125
2013-10-02,41300.66015625
2013-10-03,40841.12890625
2013-10-04,40909.5390625
2013-10-07,40451.16015625
2013-10-08,39916.83984375
2013-10-09,39866.171875
2013-10-10,40489.94921875
2013-10-11,40975.37109375
2013-10-14,40882.08984375
2013-10-15,40218.3203125
2013-10-16,40355.26953125
2013-10-17,40199.46875
2013-10-18,40412.69140625
2013-10-21,40345.78125
2013-10-22,40813.48046875
2013-10-23,40552.58984375
2013-10-24,40246.73046875
2013-10-25,40671.609375
2013-10-28,41125.01953125
2013-10-29,41284.37890625
2013-10-30,41050.08984375
2013-10-31,41038.6484375
2013-11-01,41079.609375
2013-11-04,41013.71875
2013-11-05,40304.44921875
2013-11-06,40280.08984375
2013-11-07,40009.8984375
2013-11-08,39864.16015625
2013-11-11,39686.828125
2013-11-12,39594.640625
2013-11-13,39765.921875
2013-11-14,40306.69921875
2013-11-15,41034.109375
2013-11-19,40643.25
2013-11-20,40795.55859375
2013-11-21,40998.37109375
2013-11-22,41199.01953125
2013-11-25,40948.359375
2013-11-26,41002.6796875
2013-11-27,41872.58984375
2013-11-28,42160.421875
2013-11-29,42499.12890625
2013-12-02,42138.55078125
2013-12-03,41876.859375
2013-12-04,42003.6484375
2013-12-05,41910.078125
2013-12-06,41925.5390625
2013-12-09,42289.23046875
2013-12-10,42490.1015625
2013-12-11,42304.55078125
2013-12-13,41884.828125
2013-12-16,42054.01953125
2013-12-17,41758.55078125
2013-12-18,42079.87109375
2013-12-19,42198.3203125
2013-12-20,42183.76953125
2013-12-23,42508.03125
2013-12-26,42540.3203125
2013-12-27,42753.21875
2013-12-30,42958.8203125
2014-01-02,42188.44921875
2014-01-03,42064.96875
2014-01-06,41525.94921875
2014-01-07,41778.6015625
2014-01-08,41515.48828125
2014-01-09,41585.5390625
2014-01-10,42458.51171875
2014-01-13,42158.62109375
2014-01-14,42439.7890625
2014-01-15,42511.25
2014-01-16,42172.73046875
2014-01-17,41911.30859375
2014-01-20,41976.37109375
2014-01-21,41838.62890625
2014-01-22,42062.8203125
2014-01-23,41531.80078125
2014-01-24,40979.80078125
2014-01-27,40863.41015625
2014-01-28,40660.9296875
2014-01-29,40689.8984375
2014-01-30,41008.30078125
2014-01-31,40879.75
2014-02-04,40085.51953125
2014-02-05,39880.87109375
2014-02-06,40288.78125
2014-02-07,40525.73828125
2014-02-10,40116.359375
2014-02-11,40759.62109375
2014-02-12,40690.05859375
2014-02-13,40308.9609375
2014-02-14,40710.890625
2014-02-17,40735.48046875
2014-02-18,40421.859375
2014-02-19,40006.421875
2014-02-20,39654.23046875
2014-02-21,39724.578125
2014-02-24,39792.7109375
2014-02-25,39023.6484375
2014-02-26,38605.62109375
2014-02-27,38912.9296875
2014-02-28,38782.890625
2014-03-03,38534.8203125
2014-03-04,39084.359375
2014-03-05,39021.0703125
2014-03-06,39176.30078125
2014-03-07,38913.0390625
2014-03-10,38671.01171875
2014-03-11,38689.5703125
2014-03-12,38634.828125
2014-03-13,38037.5
2014-03-14,37950.96875
2014-03-18,38814.69140625
2014-03-19,38811.94140625
2014-03-20,39616.19140625
2014-03-21,40021.73046875
2014-03-24,39821.7109375
2014-03-25,39793.01953125
2014-03-26,39761.30078125
2014-03-27,39911.01171875
2014-03-28,40048.19921875
2014-03-31,40461.6015625
2014-04-01,40470.01171875
2014-04-02,40900.53125
2014-04-03,40563.05859375
2014-04-04,40598.33984375
2014-04-07,40595.69921875
2014-04-08,40906.828125
2014-04-09,40937.76953125
2014-04-10,40447.9609375
2014-04-11,40380.7890625
2014-04-14,40530.69140625
2014-04-15,40481.80078125
2014-04-16,40890.53125
2014-04-21,40654.0703125
2014-04-22,40468.19921875
2014-04-23,40296.98046875
2014-04-24,40407.9296875
2014-04-25,40198.3984375
2014-04-28,40136.5703125
2014-04-29,40702.671875
2014-04-30,40711.55859375
2014-05-02,40967.94921875
2014-05-05,41047.87890625
2014-05-06,41470.8203125
2014-05-07,41803.12890625
2014-05-08,41659.91015625
2014-05-09,41641.109375
2014-05-12,42086.171875
2014-05-13,42236.828125
2014-05-14,42144.51171875
2014-05-15,41561.828125
2014-05-16,41898.83984375
2014-05-19,41840.05078125
2014-05-20,41805.1015625
2014-05-21,41828.98046875
2014-05-22,41943.9609375
2014-05-23,41917.921875
2014-05-26,42004.578125
2014-05-27,41958.96875
2014-05-28,41960.44921875
2014-05-29,42009.921875
2014-05-30,41362.51171875
2014-06-02,41936.7109375
2014-06-03,42126.08984375
2014-06-04,41953.30078125
2014-06-05,42173.03125
2014-06-06,42778.26171875
2014-06-09,43009.98828125
2014-06-10,43045.26953125
2014-06-11,42944.80859375
2014-06-12,42617.62109375
2014-06-13,42485.66015625
2014-06-16,42596.25
2014-06-17,42612.640625
2014-06-18,42802.6015625
2014-06-19,42957.359375
2014-06-20,42865.71875
2014-06-23,42916.73046875
2014-06-24,42884.76171875
2014-06-25,42854.19140625
2014-06-26,42613.80078125
2014-06-27,42493.859375
2014-06-30,42737.171875
2014-07-01,42872.83984375
2014-07-02,43279.48046875
2014-07-03,43660.69921875
2014-07-04,43518.05859375
2014-07-07,43452.55078125
2014-07-08,43403.4296875
2014-07-09,43686.75
2014-07-10,43474.2890625
2014-07-11,43481.828125
2014-07-14,43967.44140625
2014-07-15,43960.4296875
2014-07-16,44009.23046875
2014-07-17,43920.76171875
2014-07-18,44278.8984375
2014-07-21,44125.73046875
2014-07-22,44257.08984375
2014-07-23,44199.01171875
2014-07-24,44420.37890625
2014-07-25,44386.62109375
2014-07-28,44544.96875
2014-07-29,44481.2890625
2014-07-30,44311.05859375
2014-07-31,43817.69140625
2014-08-01,43986.109375
2014-08-04,44594.66015625
2014-08-05,44481.6796875
2014-08-06,44425.76953125
2014-08-07,44116.1484375
2014-08-08,44105.94921875
2014-08-11,44679.16015625
2014-08-12,44734.0390625
2014-08-13,44723.9609375
2014-08-14,44793.01953125
2014-08-15,44629.328125
2014-08-18,44854.80859375
2014-08-19,44962.87890625
2014-08-20,45248.05078125
2014-08-21,45410.359375
2014-08-22,45374.98828125
2014-08-25,45504.33984375
2014-08-26,45464.75
2014-08-27,45601.0
2014-08-28,45501.28125
2014-08-29,45628.08984375
2014-09-01,45438.0390625
2014-09-02,45825.05859375
2014-09-03,46049.328125
2014-09-04,46313.3984375
2014-09-05,46231.44140625
2014-09-08,46357.23828125
2014-09-09,45915.171875
2014-09-10,45894.05078125
2014-09-11,45672.6015625
2014-09-12,45799.69921875
2014-09-15,45861.83984375
2014-09-17,46043.62109375
2014-09-18,46168.640625
2014-09-19,45761.8984375
2014-09-22,45302.0
2014-09-23,45015.171875
2014-09-24,45116.94140625
2014-09-25,44781.12109375
2014-09-26,44884.328125
2014-09-29,44898.19140625
2014-09-30,44985.66015625
2014-10-01,44364.9609375
2014-10-02,44254.4296875
2014-10-03,44678.140625
2014-10-06,44820.8515625
2014-10-07,44536.62109375
2014-10-08,44487.96875
2014-10-09,44082.171875
2014-10-10,43435.73046875
2014-10-13,43088.671875
2014-10-14,43179.8515625
2014-10-15,42984.94921875
2014-10-16,42907.62109375
2014-10-17,43273.5
2014-10-20,43213.8984375
2014-10-21,43630.578125
2014-10-22,43450.75
2014-10-23,43691.05859375
2014-10-24,43665.5390625
2014-10-27,43810.51171875
2014-10-28,44039.640625
2014-10-29,44238.94140625
2014-10-30,44599.26953125
2014-10-31,45027.51953125
2014-11-03,45184.76171875
2014-11-04,44884.4296875
2014-11-05,45071.98046875
2014-11-06,44849.859375
2014-11-07,44614.66015625
2014-11-10,44523.0
2014-11-11,44300.828125
2014-11-12,43744.5703125
2014-11-13,43743.80078125
2014-11-14,43372.01171875
2014-11-18,43491.44921875
2014-11-19,44118.12890625
2014-11-20,44209.421875
2014-11-21,44633.28125
2014-11-24,44621.0703125
2014-11-25,44441.01953125
2014-11-26,44672.19921875
2014-11-27,44689.2109375
2014-11-28,44190.46875
2014-12-01,43392.0703125
2014-12-02,43008.0703125
2014-12-03,43112.2890625
2014-12-04,42816.1484375
2014-12-05,43230.33984375
2014-12-08,42941.828125
2014-12-09,42339.62890625
2014-12-10,41372.66015625
2014-12-11,41714.5703125
2014-12-15,40334.58984375
2014-12-16,40225.078125
2014-12-17,41004.44140625
2014-12-18,42475.671875
2014-12-19,42529.890625
2014-12-22,42873.01171875
2014-12-23,43122.73046875
2014-12-24,43002.87109375
2014-12-29,43187.640625
2014-12-30,43018.75
2014-12-31,43145.66015625
2015-01-02,42115.46875
2015-01-05,41099.37109375
2015-01-06,41329.41015625
2015-01-07,41813.9296875
2015-01-08,42402.30859375
2015-01-09,42382.41015625
2015-01-12,41780.78125
2015-01-13,41478.26171875
2015-01-14,40984.21875
2015-01-15,40998.76953125
2015-01-16,41402.01171875
2015-01-19,41285.578125
2015-01-20,41752.671875
2015-01-21,42488.73046875
2015-01-22,43121.28125
2015-01-23,42649.71875
2015-01-26,42737.8515625
2015-01-27,42627.8203125
2015-01-28,42158.0703125
2015-01-29,41862.328125
2015-01-30,40950.578125
2015-02-03,41572.23828125
2015-02-04,41710.8203125
2015-02-05,42453.640625
2015-02-06,42715.4296875
2015-02-09,42810.2890625
2015-02-10,42635.19140625
2015-02-11,41933.26171875
2015-02-12,43045.51171875
2015-02-13,43072.421875
2015-02-16,42959.55859375
2015-02-17,43251.7890625
2015-02-18,43053.6484375
2015-02-19,43231.421875
2015-02-20,43551.26171875
2015-02-23,43675.87109375
2015-02-24,43921.55078125
2015-02-25,43802.0703125
2015-02-26,44416.48828125
2015-02-27,44190.171875
2015-03-02,43882.7109375
2015-03-03,43600.37109375
2015-03-04,43296.55078125
2015-03-05,43517.7890625
2015-03-06,43280.80859375
2015-03-09,43251.3984375
2015-03-10,42972.1484375
2015-03-11,43227.19921875
2015-03-12,44055.890625
2015-03-13,44002.2890625
2015-03-17,43761.359375
2015-03-18,44360.87109375
2015-03-19,44118.171875
2015-03-20,43968.1484375
2015-03-23,43952.7109375
2015-03-24,44051.2109375
2015-03-25,43630.9609375
2015-03-26,43229.16015625
2015-03-27,43637.96875
2015-03-30,43922.828125
2015-03-31,43724.78125
2015-04-01,44202.94140625
2015-04-06,44850.05859375
2015-04-07,44987.87109375
2015-04-08,44980.55859375
2015-04-09,44913.26953125
2015-04-10,44882.01171875
2015-04-13,44994.55859375
2015-04-14,45004.51953125
2015-04-15,45262.94140625
2015-04-16,45480.23046875
2015-04-17,45012.37109375
2015-04-20,45077.80859375
2015-04-21,45296.91015625
2015-04-22,45232.0390625
2015-04-23,45418.828125
2015-04-24,45773.30859375
2015-04-27,45512.37890625
2015-04-28,45338.359375
2015-04-29,44942.23046875
2015-04-30,44582.390625
2015-05-04,45238.46875
2015-05-05,45091.328125
2015-05-06,44853.26171875
2015-05-07,44768.80078125
2015-05-08,45125.94921875
2015-05-11,45179.96875
2015-05-12,44950.48828125
2015-05-13,45038.140625
2015-05-14,45271.4609375
2015-05-15,45332.80078125
2015-05-18,45408.33984375
2015-05-19,45311.75
2015-05-20,45283.46875
2015-05-21,45097.390625
2015-05-22,44874.0390625
2015-05-25,44852.2890625
2015-05-26,44401.3984375
2015-05-27,44682.58984375
2015-05-28,44807.30859375
2015-05-29,44703.62109375
2015-06-01,44760.1015625
2015-06-02,44931.48046875
2015-06-03,44732.71875
2015-06-04,44561.109375
2015-06-05,44561.94140625
2015-06-08,44544.05078125
2015-06-09,44519.2109375
2015-06-10,44578.28125
2015-06-11,44624.73828125
2015-06-12,44692.5
2015-06-15,44395.76171875
2015-06-16,44722.28125
2015-06-17,44792.0390625
2015-06-18,45120.7890625
2015-06-19,44973.41015625
2015-06-22,45224.98046875
2015-06-23,45454.1484375
2015-06-24,45424.94140625
2015-06-25,45377.12109375
2015-06-26,45566.328125
2015-06-29,44710.3515625
2015-06-30,45053.69921875
2015-07-01,44928.51953125
2015-07-02,45175.578125
2015-07-03,45065.46875
2015-07-06,44794.01171875
2015-07-07,45017.75
2015-07-08,44497.73828125
2015-07-09,44564.3203125
2015-07-10,44915.98046875
2015-07-13,44990.390625
2015-07-14,45136.69140625
2015-07-15,45107.12890625
2015-07-16,45344.8984375
2015-07-17,45325.37890625
2015-07-20,45567.98828125
2015-07-21,45401.23046875
2015-07-22,44670.421875
2015-07-23,44836.328125
2015-07-24,44249.48828125
2015-07-27,43713.71875
2015-07-28,44222.96875
2015-07-29,44471.2890625
2015-07-30,44373.30859375
2015-07-31,44752.9296875
2015-08-03,44903.94921875
2015-08-04,45177.98046875
2015-08-05,44937.609375
2015-08-06,44921.21875
2015-08-07,44862.140625
2015-08-10,45320.69140625
2015-08-11,44379.7890625
2015-08-12,44032.37890625
2015-08-13,43870.53125
2015-08-14,43746.71875
2015-08-17,43953.48046875
2015-08-18,43872.12109375
2015-08-19,43473.73828125
2015-08-20,43036.58984375
2015-08-21,42163.8203125
2015-08-24,41471.46875
2015-08-25,42010.890625
2015-08-26,42323.0390625
2015-08-27,43452.359375
2015-08-28,43290.859375
2015-08-31,43721.9609375
2015-09-01,42911.51171875
2015-09-02,42969.9296875
2015-09-03,43283.46875
2015-09-04,42742.859375
2015-09-07,42756.26171875
2015-09-08,43083.94140625
2015-09-09,42754.6796875
2015-09-10,42888.51171875
2015-09-11,42780.73046875
2015-09-14,42827.3515625
2015-09-15,43269.62109375
2015-09-17,43790.9296875
2015-09-18,43565.05078125
2015-09-21,43618.140625
2015-09-22,43232.05859375
2015-09-23,43042.359375
2015-09-24,42596.55859375
2015-09-25,42435.23046875
2015-09-28,41893.51171875
2015-09-29,42121.51171875
2015-09-30,42632.5390625
2015-10-01,42695.73828125
2015-10-02,42735.1484375
2015-10-05,43566.3203125
2015-10-06,43561.421875
2015-10-07,43832.03125
2015-10-08,44076.94140625
2015-10-09,44375.62109375
2015-10-12,44314.25
2015-10-13,44318.19140625
2015-10-14,44064.4296875
2015-10-15,44087.58984375
2015-10-16,44364.16015625
2015-10-19,44523.01171875
2015-10-20,44653.859375
2015-10-21,44426.0703125
2015-10-22,44627.96875
2015-10-23,45010.23828125
2015-10-26,45036.51953125
2015-10-27,44698.01171875
2015-10-28,44741.6796875
2015-10-29,44634.80859375
2015-10-30,44542.76171875
2015-11-03,45354.58984375
2015-11-04,45373.171875
2015-11-05,45195.6484375
2015-11-06,45243.8515625
2015-11-09,44479.23046875
2015-11-10,44359.890625
2015-11-11,44347.91015625
2015-11-12,44120.51953125
2015-11-13,43617.73046875
2015-11-17,44184.6484375
2015-11-18,44505.58984375
2015-11-19,44620.6015625
2015-11-20,44895.01953125
2015-11-23,44779.140625
2015-11-24,44576.23046875
2015-11-25,44138.75
2015-11-26,44374.51953125
2015-11-27,44247.98046875
2015-11-30,43418.55078125
2015-12-01,43984.8984375
2015-12-02,43417.05078125
2015-12-03,43027.30078125
2015-12-04,42994.23046875
2015-12-07,42655.23828125
2015-12-08,42236.73828125
2015-12-09,42398.05859375
2015-12-10,42447.76953125
2015-12-11,42000.62890625
2015-12-14,41901.9609375
2015-12-15,42905.19921875
2015-12-16,43429.71875
2015-12-17,43503.51953125
2015-12-18,42936.62890625
2015-12-21,43160.609375
2015-12-22,43328.71875
2015-12-23,43579.671875
2015-12-24,43528.26953125
2015-12-28,43396.16015625
2015-12-29,43391.78125
2015-12-30,43012.37109375
2015-12-31,42977.5
2016-01-04,42113.69921875
2016-01-05,42041.6796875
2016-01-06,41691.19140625
2016-01-07,40661.5703125
2016-01-08,40265.37109375
2016-01-11,40706.890625
2016-01-12,41022.73828125
2016-01-13,41008.78125
2016-01-14,41352.75
2016-01-15,40847.69921875
2016-01-18,40604.7890625
2016-01-19,40809.25
2016-01-20,40844.41015625
2016-01-21,41166.87890625
2016-01-22,41621.30859375
2016-01-25,41476.3515625
2016-01-26,41932.390625
2016-01-27,42109.890625
2016-01-28,42393.01953125
2016-01-29,43630.76953125
2016-02-02,43092.48828125
2016-02-03,43257.5390625
2016-02-04,43751.9296875
2016-02-05,43229.671875
2016-02-08,42774.8515625
2016-02-09,42399.19140625
2016-02-10,42535.73828125
2016-02-11,42359.26171875
2016-02-12,42416.44140625
2016-02-15,43205.91015625
2016-02-16,43100.3203125
2016-02-17,43585.23046875
2016-02-18,43516.66015625
2016-02-19,43375.30859375
2016-02-22,43546.71875
2016-02-23,43216.578125
2016-02-24,42744.91015625
2016-02-25,43434.55078125
2016-02-26,43473.37109375
2016-02-29,43714.9296875
2016-03-01,44214.5
2016-03-02,44615.75
2016-03-03,44742.21875
2016-03-04,44849.01953125
2016-03-07,44967.16015625
2016-03-08,44504.2890625
2016-03-09,44492.5
2016-03-10,44337.0390625
2016-03-11,44617.73828125
2016-03-14,44691.80078125
2016-03-15,44210.44140625
2016-03-16,44751.3984375
2016-03-17,45435.08984375
2016-03-18,45482.390625
2016-03-22,45632.28125
2016-03-23,45647.5703125
2016-03-28,45623.48046875
2016-03-29,45897.6484375
2016-03-30,46191.51171875
2016-03-31,45881.078125
2016-04-01,46062.921875
2016-04-04,45678.1796875
2016-04-05,45186.01171875
2016-04-06,45281.96875
2016-04-07,45052.16015625
2016-04-08,44859.48828125
2016-04-11,44760.53125
2016-04-12,45090.671875
2016-04-13,45411.30078125
2016-04-14,45403.5390625
2016-04-15,45536.51953125
2016-04-18,45022.62890625
2016-04-19,45780.1796875
2016-04-20,45650.3515625
2016-04-21,45556.6484375
2016-04-22,45613.2109375
2016-04-25,45581.19921875
2016-04-26,45416.8984375
2016-04-27,45941.51953125
2016-04-28,45528.9296875
2016-04-29,45784.76953125
2016-05-02,45707.87109375
2016-05-03,45647.8203125
2016-05-04,45349.0
2016-05-05,45147.96875
2016-05-06,45209.8515625
2016-05-09,45250.33984375
2016-05-10,45676.41015625
2016-05-11,45506.87109375
2016-05-12,45685.8203125
2016-05-13,45402.46875
2016-05-16,45843.140625
2016-05-17,45872.1796875
2016-05-18,45551.19921875
2016-05-19,45051.26953125
2016-05-20,45155.91015625
2016-05-23,45236.16015625
2016-05-24,45497.4609375
2016-05-25,45710.94140625
2016-05-26,46039.69140625
2016-05-27,46124.1484375
2016-05-30,46017.2109375
2016-05-31,45459.44921875
2016-06-01,45557.609375
2016-06-02,45508.30859375
2016-06-03,45928.23046875
2016-06-06,45857.73046875
2016-06-07,46124.62890625
2016-06-08,46263.83984375
2016-06-09,45662.7109375
2016-06-10,45177.5
2016-06-13,44930.25
2016-06-14,44570.58984375
2016-06-15,45011.21875
2016-06-16,45225.3984375
2016-06-17,45306.21875
2016-06-20,45779.66015625
2016-06-21,45705.421875
2016-06-22,45806.16015625
2016-06-23,46145.921875
2016-06-24,44885.8203125
2016-06-27,44282.03125
2016-06-28,44714.5390625
2016-06-29,45466.37109375
2016-06-30,45966.48828125
2016-07-01,46213.26953125
2016-07-04,46201.328125
2016-07-05,45819.6015625
2016-07-06,45304.75
2016-07-07,45394.37109375
2016-07-08,45744.2890625
2016-07-11,46177.609375
2016-07-12,46432.69921875
2016-07-13,46271.96875
2016-07-14,46498.51171875
2016-07-15,46713.4296875
2016-07-18,46961.25
2016-07-19,47060.5703125
2016-07-20,47505.25
2016-07-21,47364.80859375
2016-07-22,47537.28125
2016-07-25,47130.41015625
2016-07-26,46927.0
2016-07-27,46812.0703125
2016-07-28,46833.87109375
2016-07-29,46660.671875
2016-08-01,46807.23828125
2016-08-02,46558.359375
2016-08-03,46844.53125
2016-08-04,46941.4609375
2016-08-05,47194.1484375
2016-08-08,47368.6484375
2016-08-09,47630.37109375
2016-08-10,47797.69921875
2016-08-11,48341.94921875
2016-08-12,48363.890625
2016-08-15,48694.8984375
2016-08-16,48351.9609375
2016-08-17,48258.9296875
2016-08-18,48437.1015625
2016-08-19,48297.4609375
2016-08-22,48293.4609375
2016-08-23,47666.01953125
2016-08-24,47743.609375
2016-08-25,47734.19921875
2016-08-26,47369.5703125
2016-08-29,47599.12109375
2016-08-30,47650.5703125
2016-08-31,47541.3203125
2016-09-01,47563.33984375
2016-09-02,47787.98828125
2016-09-05,47842.23046875
2016-09-06,47626.98046875
2016-09-07,47398.69921875
2016-09-08,47416.96875
2016-09-09,46459.171875
2016-09-12,46720.9609375
2016-09-13,46154.19921875
2016-09-14,45767.5703125
2016-09-15,45922.91015625
2016-09-19,45871.0390625
2016-09-20,46341.328125
2016-09-21,46929.19140625
2016-09-22,47975.05078125
2016-09-23,47778.48046875
2016-09-26,47252.5390625
2016-09-27,47731.83984375
2016-09-28,48046.55859375
2016-09-29,47672.0703125
2016-09-30,47245.80078125
2016-10-03,47601.9296875
2016-10-04,47909.26953125
2016-10-05,48141.421875
2016-10-06,47944.76953125
2016-10-07,47596.6015625
2016-10-10,48264.9609375
2016-10-11,48014.3984375
2016-10-12,47915.12109375
2016-10-13,47741.5390625
2016-10-14,47701.44921875
2016-10-17,47657.328125
2016-10-18,48106.12109375
2016-10-19,48492.609375
2016-10-20,48274.25
2016-10-21,48418.3984375
2016-10-24,48431.25
2016-10-25,48093.53125
2016-10-26,47805.44140625
2016-10-27,48114.671875
2016-10-28,48007.19921875
2016-10-31,48009.28125
2016-11-01,47303.30859375
2016-11-03,46683.80078125
2016-11-04,46694.80859375
2016-11-07,48050.25
2016-11-08,48470.98828125
2016-11-09,47390.66015625
2016-11-10,45224.37890625
2016-11-11,44978.25
2016-11-14,45306.48046875
2016-11-15,45023.6484375
2016-11-16,44901.5703125
2016-11-17,44919.69140625
2016-11-18,44364.171875
2016-11-22,44838.76171875
2016-11-23,45184.078125
2016-11-24,45265.8984375
2016-11-25,45357.8515625
2016-11-28,45470.609375
2016-11-29,45372.19140625
2016-11-30,45315.9609375
2016-12-01,44884.859375
2016-12-02,44555.26171875
2016-12-05,44937.30078125
2016-12-06,45103.21875
2016-12-07,45609.8984375
2016-12-08,46360.23046875
2016-12-09,46913.46875
2016-12-13,46870.23828125
2016-12-14,46220.5390625
2016-12-15,45871.9609375
2016-12-16,45121.390625
2016-12-19,44895.2890625
2016-12-20,44930.26953125
2016-12-21,44983.03125
2016-12-22,45008.078125
2016-12-23,45173.5390625
2016-12-26,44989.578125
2016-12-27,45299.671875
2016-12-28,45563.1796875
2016-12-29,45909.30859375
2016-12-30,45642.8984375
2017-01-02,45695.1015625
2017-01-03,46123.359375
2017-01-04,46587.73828125
2017-01-05,46719.98828125
2017-01-06,46071.5703125
2017-01-09,45553.51171875
2017-01-10,45886.26953125
2017-01-11,45933.6484375
2017-01-12,46060.98046875
2017-01-13,46182.4296875
2017-01-16,45740.37890625
2017-01-17,46002.55859375
2017-01-18,46360.62890625
2017-01-19,46265.26171875
2017-01-20,46331.6015625
2017-01-23,47116.23828125
2017-01-24,48149.609375
2017-01-25,48275.828125
2017-01-26,47611.44140625
2017-01-27,47421.12109375
2017-01-30,47091.8203125
2017-01-31,47001.05859375
2017-02-01,47009.51171875
2017-02-02,47095.0703125
2017-02-03,47225.1015625
2017-02-07,46728.94921875
2017-02-08,46921.7109375
2017-02-09,47232.171875
2017-02-10,47797.0390625
2017-02-13,47661.69140625
2017-02-14,47391.23828125
2017-02-15,47161.73828125
2017-02-16,47293.8515625
2017-02-17,47164.7109375
2017-02-20,47083.80859375
2017-02-21,47614.98828125
2017-02-22,47195.6796875
2017-02-23,47206.359375
2017-02-24,47047.671875
2017-02-27,47349.19921875
2017-02-28,46856.7890625
2017-03-01,47467.94921875
2017-03-02,47288.66015625
2017-03-03,47414.5703125
2017-03-06,47883.58984375
2017-03-07,47419.16015625
2017-03-08,47539.21875
2017-03-09,47263.921875
2017-03-10,47102.30859375
2017-03-13,47101.140625
2017-03-14,47087.96875
2017-03-15,47470.30859375
2017-03-16,48056.55859375
2017-03-17,48593.44140625
2017-03-21,48589.05078125
2017-03-22,48487.30078125
2017-03-23,48676.91015625
2017-03-24,49083.8515625
2017-03-27,49312.98828125
2017-03-28,49339.23828125
2017-03-29,49036.51953125
2017-03-30,48863.30078125
2017-03-31,48541.55859375
2017-04-03,48819.0703125
2017-04-04,49342.76953125
2017-04-05,49207.609375
2017-04-06,49012.421875
2017-04-07,49343.640625
2017-04-10,49540.26171875
2017-04-11,49637.9296875
2017-04-12,48955.8203125
2017-04-17,49011.55859375
2017-04-18,48762.53125
2017-04-19,48873.83984375
2017-04-20,49144.9609375
2017-04-21,48967.828125
2017-04-24,49413.26171875
2017-04-25,49808.05078125
2017-04-26,49565.16015625
2017-04-27,49440.9609375
2017-04-28,49261.328125
2017-05-02,49588.83984375
2017-05-03,49099.98046875
2017-05-04,48998.109375
2017-05-05,49485.671875
2017-05-08,49505.859375
2017-05-09,49939.46875
2017-05-10,49930.5390625
2017-05-11,49530.53125
2017-05-12,49426.078125
2017-05-15,49678.9609375
2017-05-16,49459.62109375
2017-05-17,48747.94921875
2017-05-18,48322.23828125
2017-05-19,49067.46875
2017-05-22,48943.4609375
2017-05-23,49042.51953125
2017-05-24,49494.3984375
2017-05-25,49410.921875
2017-05-26,49688.26953125
2017-05-29,49450.48046875
2017-05-30,49277.94921875
2017-05-31,48788.44140625
2017-06-01,49101.640625
2017-06-02,49317.37890625
2017-06-05,49592.48828125
2017-06-06,49218.62109375
2017-06-07,49274.96875
2017-06-08,49087.4609375
2017-06-09,49081.73046875
2017-06-12,49128.76171875
2017-06-13,49026.828125
2017-06-14,49291.03125
2017-06-15,49139.69921875
2017-06-16,49221.03125
2017-06-19,49169.5703125
2017-06-20,49033.05078125
2017-06-21,48983.44921875
2017-06-22,49017.4296875
2017-06-23,48980.78125
2017-06-26,49165.671875
2017-06-27,49087.73828125
2017-06-28,49340.109375
2017-06-29,49198.12109375
2017-06-30,49857.48828125
2017-07-03,50109.16015625
2017-07-04,50041.578125
2017-07-05,50300.80859375
2017-07-06,50015.671875
2017-07-07,50059.01953125
2017-07-10,50616.80859375
2017-07-11,50510.23046875
2017-07-12,50809.76953125
2017-07-13,50968.76171875
2017-07-14,51162.23046875
2017-07-17,51332.2890625
2017-07-18,51099.7109375
2017-07-19,51086.9296875
2017-07-20,51144.140625
2017-07-21,51564.62109375
2017-07-24,51665.6484375
2017-07-25,51713.37890625
2017-07-26,51600.26171875
2017-07-27,51257.359375
2017-07-28,51213.6015625
2017-07-31,51011.87109375
2017-08-01,51195.01171875
2017-08-02,51200.12890625
2017-08-03,51293.0703125
2017-08-04,51328.2890625
2017-08-07,51389.26953125
2017-08-08,51328.76171875
2017-08-09,51237.5
2017-08-10,50906.83984375
2017-08-11,50645.1015625
2017-08-14,51167.46875
2017-08-15,51339.2890625
2017-08-16,51156.671875
2017-08-17,50994.1796875
2017-08-18,51075.4609375
2017-08-21,51241.109375
2017-08-22,51332.98046875
2017-08-23,51280.171875
2017-08-24,51470.05859375
2017-08-25,51373.23046875
2017-08-28,51266.71875
2017-08-29,51313.66015625
2017-08-30,51193.51953125
2017-08-31,51210.48046875
2017-09-01,51080.8515625
2017-09-04,50825.76953125
2017-09-05,50301.390625
2017-09-06,50515.6015625
2017-09-07,50249.12109375
2017-09-08,50083.80078125
2017-09-11,50359.3203125
2017-09-12,50480.9609375
2017-09-13,50164.87890625
2017-09-14,50107.859375
2017-09-15,49921.83984375
2017-09-18,50258.421875
2017-09-19,50265.4609375
2017-09-20,50363.94921875
2017-09-21,50545.75
2017-09-22,50313.51171875
2017-09-25,50368.171875
2017-09-26,50359.46875
2017-09-27,50169.12890625
2017-09-28,50137.0
2017-09-29,50346.05859375
2017-10-02,50501.16015625
2017-10-03,50615.2890625
2017-10-04,50565.2890625
2017-10-05,50480.921875
2017-10-06,50302.9609375
2017-10-09,50071.94140625
2017-10-10,49982.94140625
2017-10-11,50139.6796875
2017-10-12,49962.7890625
2017-10-13,49981.94140625
2017-10-16,49721.01171875
2017-10-17,50140.51953125
2017-10-18,49938.98046875
2017-10-19,50000.25
2017-10-20,49988.7109375
2017-10-23,49548.12890625
2017-10-24,50157.21875
2017-10-25,48876.4609375
2017-10-26,48986.83984375
2017-10-27,49209.578125
2017-10-30,48855.26953125
2017-10-31,48625.53125
2017-11-01,48334.44921875
2017-11-03,48534.83984375
2017-11-06,48967.01171875
2017-11-07,49004.51953125
2017-11-08,48835.69140625
2017-11-09,48713.51171875
2017-11-10,48028.30078125
2017-11-13,48002.4296875
2017-11-14,47873.6484375
2017-11-15,47690.80078125
2017-11-16,47747.69140625
2017-11-17,47857.140625
2017-11-21,48185.7109375
2017-11-22,48196.890625
2017-11-23,48136.23828125
2017-11-24,47941.87890625
2017-11-27,47275.3203125
2017-11-28,47229.16015625
2017-11-29,47622.9296875
2017-11-30,47092.44140625
2017-12-01,47265.30859375
2017-12-04,47161.3203125
2017-12-05,47462.7890625
2017-12-06,46973.30078125
2017-12-07,46987.01171875
2017-12-08,47572.859375
2017-12-11,47699.0390625
2017-12-13,48276.71875
2017-12-14,48222.37890625
2017-12-15,48081.55078125
2017-12-18,48634.5390625
2017-12-19,48403.03125
2017-12-20,48390.390625
2017-12-21,48503.30859375
2017-12-22,48387.9296875
2017-12-26,48451.328125
2017-12-27,48652.55859375
2017-12-28,48861.94140625
2017-12-29,49354.421875
2018-01-02,50033.94921875
2018-01-03,49782.23046875
2018-01-04,49744.62109375
2018-01-05,49887.73828125
2018-01-08,49995.5703125
2018-01-09,49701.37109375
2018-01-10,48785.25
2018-01-11,48799.390625
2018-01-12,49135.91015625
2018-01-15,49387.28125
2018-01-16,49491.71875
2018-01-17,49732.30078125
2018-01-18,49911.96875
2018-01-19,49695.55859375
2018-01-22,49974.48046875
2018-01-23,50260.25
2018-01-24,50746.9296875
2018-01-25,50777.8984375
2018-01-26,51065.48828125
2018-01-29,50636.3203125
2018-01-30,50382.859375
2018-01-31,50456.171875
2018-02-01,50591.1484375
2018-02-02,50395.828125
2018-02-06,49304.94140625
2018-02-07,48976.44921875
2018-02-08,47862.1015625
2018-02-09,47799.08984375
2018-02-12,47830.48828125
2018-02-13,47926.73046875
2018-02-14,48400.75
2018-02-15,48808.390625
2018-02-16,48882.78125
2018-02-19,48928.48046875
2018-02-20,48685.19140625
2018-02-21,48535.58984375
2018-02-22,48969.640625
2018-02-23,48643.4296875
2018-02-26,48463.44140625
2018-02-27,47970.19140625
2018-02-28,47437.9296875
2018-03-01,47599.421875
2018-03-02,47548.1015625
2018-03-05,47720.91015625
2018-03-06,47884.62890625
2018-03-07,47662.12109375
2018-03-08,48240.0
2018-03-09,48556.44921875
2018-03-12,48671.2890625
2018-03-13,48557.01171875
2018-03-14,48156.44140625
2018-03-15,47817.05078125
2018-03-16,47477.578125
2018-03-20,47076.51171875
2018-03-21,47521.83984375
2018-03-22,47361.0390625
2018-03-23,46515.9296875
2018-03-26,46858.4609375
2018-03-27,46793.578125
2018-03-28,46124.8515625
2018-04-02,45826.640625
2018-04-03,46684.05859375
2018-04-04,47457.4609375
2018-04-05,47951.75
2018-04-06,47926.109375
2018-04-09,48058.9609375
2018-04-10,48331.51171875
2018-04-11,48532.140625
2018-04-12,48782.55859375
2018-04-13,48768.30078125
2018-04-16,48434.390625
2018-04-17,48933.609375
2018-04-18,49090.73828125
2018-04-19,48745.28125
2018-04-20,48431.578125
2018-04-23,48442.21875
2018-04-24,48046.80078125
2018-04-25,48058.2109375
2018-04-26,48297.7109375
2018-04-27,48284.609375
2018-04-30,48358.16015625
2018-05-02,47809.98046875
2018-05-03,47094.12890625
2018-05-04,46992.171875
2018-05-07,46474.69921875
2018-05-08,46719.51171875
2018-05-09,46294.4296875
2018-05-10,46551.55078125
2018-05-11,46728.921875
2018-05-14,46519.2890625
2018-05-15,46258.9609375
2018-05-16,46419.76953125
2018-05-17,45787.8984375
2018-05-18,45666.76953125
2018-05-21,45305.01953125
2018-05-22,45600.87109375
2018-05-23,45776.69140625
2018-05-24,45433.08984375
2018-05-25,45091.98828125
2018-05-28,44851.05078125
2018-05-29,44647.37109375
2018-05-30,44715.87890625
2018-05-31,44662.55078125
2018-06-01,45013.12109375
2018-06-04,45243.98046875
2018-06-05,45130.69921875
2018-06-06,45181.8203125
2018-06-07,45476.5703125
2018-06-08,45939.5390625
2018-06-11,46301.140625
2018-06-12,46660.75
2018-06-13,46760.578125
2018-06-14,47197.23828125
2018-06-15,46938.8203125
2018-06-18,46660.87109375
2018-06-19,46488.37890625
2018-06-20,46759.41015625
2018-06-21,46456.91015625
2018-06-22,46737.640625
2018-06-25,46747.8515625
2018-06-26,46908.94140625
2018-06-27,46874.4296875
2018-06-28,47031.26953125
2018-06-29,47663.19921875
2018-07-02,46653.51953125
2018-07-03,47053.890625
2018-07-04,47318.51953125
2018-07-05,48562.6484375
2018-07-06,48981.41015625
2018-07-09,49235.80859375
2018-07-10,48990.921875
2018-07-11,49025.1484375
2018-07-12,48696.30078125
2018-07-13,48406.01171875
2018-07-16,48454.2109375
2018-07-17,48704.62890625
2018-07-18,49002.76953125
2018-07-19,48747.7890625
2018-07-20,48908.23828125
2018-07-23,48850.9296875
2018-07-24,49462.76953125
2018-07-25,49603.6484375
2018-07-26,49438.23828125
2018-07-27,49643.94140625
2018-07-30,49705.28125
2018-07-31,49698.01171875
2018-08-01,49449.44140625
2018-08-02,49056.0390625
2018-08-03,49302.5703125
2018-08-06,49320.2109375
2018-08-07,49963.87109375
2018-08-08,49894.55859375
2018-08-09,49244.3984375
2018-08-10,48383.58984375
2018-08-13,48767.01953125
2018-08-14,49096.12890625
2018-08-15,48556.69140625
2018-08-16,48059.05859375
2018-08-17,48264.62890625
2018-08-20,48785.48046875
2018-08-21,49344.05078125
2018-08-22,49880.33984375
2018-08-23,49749.55859375
2018-08-24,49633.76953125
2018-08-27,50416.26953125
2018-08-28,50023.98046875
2018-08-29,50187.48046875
2018-08-30,49653.140625
2018-08-31,49547.6796875
2018-09-03,49488.48046875
2018-09-04,48884.171875
2018-09-05,48595.37109375
2018-09-06,48711.8515625
2018-09-07,48971.140625
2018-09-10,48848.73828125
2018-09-11,48895.80078125
2018-09-12,49254.98046875
2018-09-13,49693.2109375
2018-09-14,49611.9296875
2018-09-17,49398.5703125
2018-09-18,49661.828125
2018-09-19,49590.7890625
2018-09-20,49510.78125
2018-09-21,49344.2890625
2018-09-24,49417.21875
2018-09-25,49651.55078125
2018-09-26,49606.0703125
2018-09-27,49646.91015625
2018-09-28,49504.16015625
2018-10-01,49841.46875
2018-10-02,49376.5
2018-10-03,49005.3515625
2018-10-04,48683.26171875
2018-10-05,48052.8515625
2018-10-08,48093.1015625
2018-10-09,48505.21875
2018-10-10,48136.1796875
2018-10-11,47558.23046875
2018-10-12,47444.05078125
2018-10-15,47739.08984375
2018-10-16,48191.5703125
2018-10-17,47887.94921875
2018-10-18,47024.4609375
2018-10-19,47437.44921875
2018-10-22,46962.73828125
2018-10-23,46449.03125
2018-10-24,45959.0390625
2018-10-25,46275.7109375
2018-10-26,45803.328125
2018-10-29,43879.12890625
2018-10-30,43538.12109375
2018-10-31,43942.55078125
2018-11-01,45446.828125
2018-11-05,46817.359375
2018-11-06,46328.3515625
2018-11-07,46917.3984375
2018-11-08,44190.25
2018-11-09,44263.73828125
2018-11-12,43310.01171875
2018-11-13,42421.328125
2018-11-14,42343.9609375
2018-11-15,41450.6484375
2018-11-16,42319.26953125
2018-11-20,41797.37109375
2018-11-21,41499.9296875
2018-11-22,41271.12109375
2018-11-23,41144.328125
2018-11-26,39427.28125
2018-11-27,39807.28125
2018-11-28,40989.48046875
2018-11-29,41913.44921875
2018-11-30,41732.78125
2018-12-03,42081.78125
2018-12-04,41865.0703125
2018-12-05,41895.26953125
2018-12-06,41987.0
2018-12-07,41870.12890625
2018-12-10,41356.0390625
2018-12-11,40897.8515625
2018-12-13,41512.51171875
2018-12-14,41312.171875
2018-12-17,40340.51171875
2018-12-18,40917.5703125
2018-12-19,41388.28125
2018-12-20,41683.26953125
2018-12-21,41468.55859375
2018-12-24,41380.109375
2018-12-26,41573.609375
2018-12-27,41417.8515625
2018-12-28,41459.1484375
2018-12-31,41640.26953125
2019-01-02,42271.140625
2019-01-03,42044.3203125
2019-01-04,42455.12890625
2019-01-07,42834.19921875
2019-01-08,43542.87109375
2019-01-09,43648.0703125
2019-01-10,43668.94921875
2019-01-11,43556.109375
2019-01-14,43397.98046875
2019-01-15,43603.62109375
2019-01-16,43819.53125
2019-01-17,43932.078125
2019-01-18,44241.5390625
2019-01-21,44028.9609375
2019-01-22,43768.078125
2019-01-23,43679.671875
2019-01-24,43566.109375
2019-01-25,43638.62109375
2019-01-28,43626.1484375
2019-01-29,43700.1015625
2019-01-30,43631.359375
2019-01-31,43987.94140625
2019-02-01,43738.26953125
2019-02-05,44337.1015625
2019-02-06,43855.7890625
2019-02-07,43624.55078125
2019-02-08,43180.44921875
2019-02-11,43285.171875
2019-02-12,43113.7890625
2019-02-13,42284.05859375
2019-02-14,42725.21875
2019-02-15,42988.71875
2019-02-18,42981.30859375
2019-02-19,42949.5
2019-02-20,43178.0
2019-02-21,43577.640625
2019-02-22,43738.66015625
2019-02-25,43664.328125
2019-02-26,43623.328125
2019-02-27,43311.1796875
2019-02-28,42823.80859375
2019-03-01,42619.23046875
2019-03-04,42418.48828125
2019-03-05,42128.91015625
2019-03-06,41908.1484375
2019-03-07,41641.83984375
2019-03-08,41586.69921875
2019-03-11,41876.171875
2019-03-12,41740.62109375
2019-03-13,41932.55859375
2019-03-14,41777.80859375
2019-03-15,42210.4609375
2019-03-19,42378.609375
2019-03-20,43156.2109375
2019-03-21,43251.19140625
2019-03-22,42259.12109375
2019-03-25,42703.37890625
2019-03-26,42826.16015625
2019-03-27,42947.55078125
2019-03-28,42942.23046875
2019-03-29,43281.28125
2019-04-01,43672.05859375
2019-04-02,43324.58984375
2019-04-03,43339.75
2019-04-04,43937.390625
2019-04-05,44989.859375
2019-04-08,45436.28125
2019-04-09,45151.62890625
2019-04-10,44909.140625
2019-04-11,44580.05859375
2019-04-12,44686.05859375
2019-04-15,44625.78125
2019-04-16,45009.359375
2019-04-17,45525.2890625
2019-04-22,45381.21875
2019-04-23,45148.3203125
2019-04-24,45045.328125
2019-04-25,45026.6796875
2019-04-26,44974.96875
2019-04-29,44956.73046875
2019-04-30,44597.3203125
2019-05-02,44312.4296875
2019-05-03,44277.23828125
2019-05-06,44116.69921875
2019-05-07,43583.6015625
2019-05-08,43410.73828125
2019-05-09,43193.359375
2019-05-10,43382.3515625
2019-05-13,43142.4609375
2019-05-14,43431.53125
2019-05-15,43338.8203125
2019-05-16,43442.48828125
2019-05-17,43445.62109375
2019-05-20,43519.21875
2019-05-21,43190.1015625
2019-05-22,42942.23046875
2019-05-23,42812.5703125
2019-05-24,42617.6015625
2019-05-27,42491.4296875
2019-05-28,42207.7109375
2019-05-29,42854.75
2019-05-30,43345.8203125
2019-05-31,42749.16015625
2019-06-03,43108.421875
2019-06-04,43241.8203125
2019-06-05,43420.37890625
2019-06-06,43147.828125
2019-06-07,43291.328125
2019-06-10,43609.171875
2019-06-11,43713.66015625
2019-06-12,43800.16015625
2019-06-13,43483.19921875
2019-06-14,43130.6484375
2019-06-17,42964.7109375
2019-06-18,43161.05078125
2019-06-19,43375.671875
2019-06-20,43645.109375
2019-06-21,43526.73046875
2019-06-24,43743.71875
2019-06-25,43792.171875
2019-06-26,43792.078125
2019-06-27,43316.55859375
2019-06-28,43161.171875
2019-07-01,43438.23828125
2019-07-02,43441.80078125
2019-07-03,43483.23046875
2019-07-04,43461.48046875
2019-07-05,43405.3203125
2019-07-08,43589.078125
2019-07-09,42818.66015625
2019-07-10,42805.609375
2019-07-11,42882.01953125
2019-07-12,42647.30859375
2019-07-15,43063.94921875
2019-07-16,42984.96875
2019-07-17,42551.5390625
2019-07-18,41618.109375
2019-07-19,41606.5390625
2019-07-22,41209.3203125
2019-07-23,40935.33984375
2019-07-24,41167.73828125
2019-07-25,40933.4296875
2019-07-26,40673.78125
2019-07-29,41276.671875
2019-07-30,41159.26953125
2019-07-31,40863.08984375
2019-08-01,40346.80078125
2019-08-02,39977.51953125
2019-08-05,39496.359375
2019-08-06,39785.62890625
2019-08-07,40432.359375
2019-08-08,40439.421875
2019-08-09,40421.28125
2019-08-12,39851.2109375
2019-08-13,39476.5
2019-08-14,38650.08984375
2019-08-15,38574.1796875
2019-08-16,39339.55078125
2019-08-19,39556.3203125
2019-08-20,39700.05078125
2019-08-21,40076.0390625
2019-08-22,40144.23828125
2019-08-23,39862.0703125
2019-08-26,40081.71875
2019-08-27,40648.96875
2019-08-28,40941.9609375
2019-08-29,41831.30078125
2019-08-30,42622.5
2019-09-02,42108.23046875
2019-09-03,41826.55078125
2019-09-04,42324.46875
2019-09-05,42731.48046875
2019-09-06,42707.66015625
2019-09-09,42662.46875
2019-09-10,42588.1015625
2019-09-11,42749.171875
2019-09-12,42670.41015625
2019-09-13,42841.4609375
2019-09-17,43448.94140625
2019-09-18,43070.33984375
2019-09-19,43017.4609375
2019-09-20,43559.44921875
2019-09-23,43507.94921875
2019-09-24,43099.328125
2019-09-25,43014.078125
2019-09-26,42984.75
2019-09-27,42857.578125
2019-09-30,43011.26953125
2019-10-01,42937.16015625
2019-10-02,42222.8984375
2019-10-03,42443.30859375
2019-10-04,43416.8984375
2019-10-07,42952.2890625
2019-10-08,42535.140625
2019-10-09,42501.921875
2019-10-10,42929.76171875
2019-10-11,43214.6015625
2019-10-14,43299.53125
2019-10-15,43244.62890625
2019-10-16,43538.48828125
2019-10-17,43479.98046875
2019-10-18,43178.62890625
2019-10-21,43405.4296875
2019-10-22,43363.5390625
2019-10-23,43546.48046875
2019-10-24,43776.6015625
2019-10-25,43389.16015625
2019-10-28,43765.48828125
2019-10-29,43851.05859375
2019-10-30,43741.62109375
2019-10-31,43337.28125
2019-11-01,43814.55078125
2019-11-04,43815.76171875
2019-11-05,43611.83984375
2019-11-06,43818.51171875
2019-11-07,44119.8984375
2019-11-08,43702.23046875
2019-11-11,43595.6015625
2019-11-12,43100.76953125
2019-11-13,43098.66015625
2019-11-14,43188.69140625
2019-11-15,43392.359375
2019-11-19,43602.25
2019-11-20,43604.69921875
2019-11-21,43255.4296875
2019-11-22,43521.859375
2019-11-25,43535.109375
2019-11-26,42852.359375
2019-11-27,43036.16015625
2019-11-28,43100.12109375
2019-11-29,42820.1796875
2019-12-02,42544.140625
2019-12-03,42294.51953125
2019-12-04,42191.921875
2019-12-05,42216.03125
2019-12-06,41938.69140625
2019-12-09,41951.58984375
2019-12-10,42633.4296875
2019-12-11,43195.19140625
2019-12-13,44254.4296875
2019-12-16,44356.21875
2019-12-17,44401.16015625
2019-12-18,45106.2890625
2019-12-19,44649.4296875
2019-12-20,44505.640625
2019-12-23,44276.8515625
2019-12-24,44157.96875
2019-12-26,44300.171875
2019-12-27,44261.51171875
2019-12-30,43657.48046875
2019-12-31,43541.01953125
2020-01-02,44437.23046875
2020-01-03,44624.8515625
2020-01-06,44495.30078125
2020-01-07,44157.80859375
2020-01-08,44470.91015625
2020-01-09,44572.171875
2020-01-10,44660.328125
2020-01-13,44847.46875
2020-01-14,44773.23828125
2020-01-15,44453.328125
2020-01-16,45303.078125
2020-01-17,45817.76171875
2020-01-20,45902.6796875
2020-01-21,45637.3203125
2020-01-22,45604.44140625
2020-01-23,45476.4296875
2020-01-24,45141.62109375
2020-01-27,44134.390625
2020-01-28,44717.94140625
2020-01-29,45132.6015625
2020-01-30,44862.76171875
2020-01-31,44108.30859375
2020-02-04,45047.0703125
2020-02-05,44782.859375
2020-02-06,44493.1484375
2020-02-07,44399.328125
2020-02-10,44290.53125
2020-02-11,45027.41015625
2020-02-12,45338.37109375
2020-02-13,45005.12109375
2020-02-14,44999.6796875
2020-02-17,45016.9609375
2020-02-18,44974.109375
2020-02-19,44901.5
2020-02-20,44774.5390625
2020-02-21,44802.5390625
2020-02-24,43818.0703125
2020-02-25,43045.6796875
2020-02-26,42737.28125
2020-02-27,41607.421875
2020-02-28,41324.30859375
2020-03-02,42167.23828125
2020-03-03,42472.25
2020-03-04,43404.76171875
2020-03-05,42344.859375
2020-03-06,41388.78125
2020-03-09,38730.55859375
2020-03-10,39565.44140625
2020-03-11,38678.55078125
2020-03-12,36636.69921875
2020-03-13,38085.05078125
2020-03-17,36862.83984375
2020-03-18,35532.73828125
2020-03-19,35143.62890625
2020-03-20,34269.51171875
2020-03-23,32964.21875
2020-03-24,34371.53125
2020-03-25,35536.69921875
2020-03-26,35706.5703125
2020-03-27,33799.48828125
2020-03-30,34199.96875
2020-03-31,34554.53125
2020-04-01,33691.87890625
2020-04-02,33590.62109375
2020-04-03,33075.41015625
2020-04-06,34381.55859375
2020-04-07,34526.30859375
2020-04-08,34567.78125
2020-04-13,34613.671875
2020-04-14,34746.390625
2020-04-15,33855.23828125
2020-04-16,33759.75
2020-04-17,34743.1015625
2020-04-20,34477.05859375
2020-04-21,33892.28125
2020-04-22,34223.8515625
2020-04-23,34240.6015625
2020-04-24,34586.8203125
2020-04-27,34968.08984375
2020-04-28,35830.80859375
2020-04-29,36870.08984375
2020-04-30,36470.109375
2020-05-04,36370.4296875
2020-05-05,36616.05859375
2020-05-06,36986.19921875
2020-05-07,36792.41015625
2020-05-08,37623.6796875
2020-05-11,37631.890625
2020-05-12,37462.890625
2020-05-13,36394.58984375
2020-05-14,36094.140625
2020-05-15,35691.390625
2020-05-18,37112.4609375
2020-05-19,35862.0390625
2020-05-20,36026.98046875
2020-05-21,35560.76171875
2020-05-22,35784.421875
2020-05-25,35832.76953125
2020-05-26,36206.859375
2020-05-27,36889.9609375
2020-05-28,36508.140625
2020-05-29,36122.73046875
2020-06-01,36980.8515625
2020-06-02,37460.44140625
2020-06-03,38290.76953125
2020-06-04,37872.890625
2020-06-05,38948.078125
2020-06-08,39954.01171875
2020-06-09,39185.66015625
2020-06-10,38266.19140625
2020-06-11,36827.359375
2020-06-12,37679.23828125
2020-06-15,37416.73828125
2020-06-16,37894.05078125
2020-06-17,37897.23828125
2020-06-18,37632.890625
2020-06-19,38404.62890625
2020-06-22,38123.55859375
2020-06-23,38217.6796875
2020-06-24,37908.37890625
2020-06-25,37734.51953125
2020-06-26,37431.94921875
2020-06-29,37769.19140625
2020-06-30,37716.4296875
2020-07-01,37619.76953125
2020-07-02,37894.078125
2020-07-03,37950.0
2020-07-06,37884.76171875
2020-07-07,37837.390625
2020-07-08,37483.87890625
2020-07-09,36795.94921875
2020-07-10,36465.4609375
2020-07-13,36389.390625
2020-07-14,36190.91015625
2020-07-15,36590.26171875
2020-07-16,36465.671875
2020-07-17,36327.83984375
2020-07-20,36323.69140625
2020-07-21,36881.671875
2020-07-22,37447.1015625
2020-07-23,37433.30078125
2020-07-24,37357.4609375
2020-07-27,37742.140625
2020-07-28,37771.2109375
2020-07-29,37720.83984375
2020-07-30,37136.78125
2020-07-31,37019.6796875
2020-08-03,37546.71875
2020-08-04,37466.94921875
2020-08-05,37901.9609375
2020-08-06,37998.33984375
2020-08-07,38005.0
2020-08-10,38289.76171875
2020-08-11,38703.58984375
2020-08-12,38634.1015625
2020-08-13,38615.62109375
2020-08-14,38949.87890625
2020-08-17,39285.8515625
2020-08-18,39087.3515625
2020-08-19,39021.921875
2020-08-20,38707.23828125
2020-08-21,38095.87890625
2020-08-24,38029.62109375
2020-08-25,38249.8984375
2020-08-26,37753.0390625
2020-08-27,37647.19140625
2020-08-28,37794.25
2020-08-31,36840.73046875
2020-09-01,37487.98828125
2020-09-02,37053.76953125
2020-09-03,36429.66015625
2020-09-04,36448.5
2020-09-07,36637.44921875
2020-09-08,36071.4296875
2020-09-09,36157.9609375
2020-09-10,36180.73828125
2020-09-11,36334.890625
2020-09-14,36881.98828125
2020-09-15,36729.1484375
2020-09-17,36130.921875
2020-09-18,36017.3515625
2020-09-21,35517.76953125
2020-09-22,35853.578125
2020-09-23,35829.578125
2020-09-24,36217.48828125
2020-09-25,36583.7109375
2020-09-28,37231.5
2020-09-29,37134.921875
2020-09-30,37458.69140625
2020-10-01,36626.109375
2020-10-02,36642.37890625
2020-10-05,36740.328125
2020-10-06,36947.87109375
2020-10-07,37418.7890625
2020-10-08,38404.05078125
2020-10-09,38478.578125
2020-10-12,38342.08984375
2020-10-13,38131.78125
2020-10-14,38025.71875
2020-10-15,38059.23046875
2020-10-16,37876.48828125
2020-10-19,37685.73828125
2020-10-20,38201.80859375
2020-10-21,38669.25
2020-10-22,38652.19140625
2020-10-23,38707.71875
2020-10-26,38245.859375
2020-10-27,38001.30859375
2020-10-28,37393.7109375
2020-10-29,36801.37109375
2020-10-30,36987.859375
2020-11-03,37466.08984375
2020-11-04,37475.76171875
2020-11-05,38399.0703125
2020-11-06,38530.5
2020-11-09,39652.51953125
2020-11-10,40404.578125
2020-11-11,40858.94921875
2020-11-12,40335.94921875
2020-11-13,40791.80859375
2020-11-17,41948.7890625
2020-11-18,42252.609375
2020-11-19,41868.8203125
2020-11-20,41905.05859375
2020-11-23,42267.19921875
2020-11-24,42736.48046875
2020-11-25,42200.58984375
2020-11-26,42412.46875
2020-11-27,41674.30078125
2020-11-30,41778.87109375
2020-12-01,42895.62890625
2020-12-02,43674.828125
2020-12-03,43934.2109375
2020-12-04,43646.03125
2020-12-07,43255.25
2020-12-08,43098.640625
2020-12-09,42736.9609375
2020-12-10,43518.7109375
2020-12-11,43612.30859375
2020-12-14,43569.83984375
2020-12-15,43543.3515625
2020-12-16,43790.421875
2020-12-17,44326.05078125
2020-12-18,43873.80859375
2020-12-21,43246.23828125
2020-12-22,42601.7109375
2020-12-23,43597.30078125
2020-12-24,43372.19921875
2020-12-28,43883.41015625
2020-12-29,44693.98828125
2020-12-30,44693.9609375
2020-12-31,44066.87890625
2021-01-04,44703.0
2021-01-05,44908.12109375
2021-01-06,45587.16015625
2021-01-07,46188.66015625
2021-01-08,46729.30078125
2021-01-11,46395.3203125
2021-01-12,45951.76953125
2021-01-13,45740.1484375
2021-01-14,46070.91015625
2021-01-15,45892.28125
2021-01-18,46458.01953125
2021-01-19,45495.41015625
2021-01-20,45125.7109375
2021-01-21,44810.2109375
2021-01-22,44683.55078125
2021-01-25,45126.51171875
2021-01-26,45053.55859375
2021-01-27,44262.01171875
2021-01-28,44280.73046875
2021-01-29,42985.73046875
2021-02-02,43848.921875
2021-02-03,43957.0703125
2021-02-04,44167.578125
2021-02-05,44145.69921875
2021-02-08,44197.51171875
2021-02-09,45020.9609375
2021-02-10,44718.23046875
2021-02-11,44060.08984375
2021-02-12,44202.51953125
2021-02-15,44157.48828125
2021-02-16,44698.58984375
2021-02-17,45061.94921875
2021-02-18,44507.94921875
2021-02-19,44900.078125
2021-02-22,44946.6015625
2021-02-23,45268.328125
2021-02-24,45151.37890625
2021-02-25,44310.26953125
2021-02-26,44592.91015625
2021-03-01,44784.578125
2021-03-02,45682.19140625
2021-03-03,46377.46875
2021-03-04,46004.19140625
2021-03-05,46342.5390625
2021-03-08,47075.41015625
2021-03-09,47103.6015625
2021-03-10,47549.671875
2021-03-11,47673.8203125
2021-03-12,47769.87109375
2021-03-16,48203.94921875
2021-03-17,47679.48828125
2021-03-18,47572.390625
2021-03-19,47028.0390625
2021-03-22,47225.44140625
2021-03-23,46659.1796875
2021-03-24,46703.140625
2021-03-25,47012.37109375
2021-03-26,47379.19140625
2021-03-29,47747.359375
2021-03-30,47905.0
2021-03-31,47246.26171875
2021-04-05,48245.8515625
2021-04-06,47985.4296875
2021-04-07,47897.83984375
2021-04-08,48188.1484375
2021-04-09,47627.671875
2021-04-12,47352.1796875
2021-04-13,47503.7109375
2021-04-14,48329.83984375
2021-04-15,48514.1015625
2021-04-16,48726.98046875
2021-04-19,48072.62109375
2021-04-20,48528.96875
2021-04-21,48867.62109375
2021-04-22,49092.30859375
2021-04-23,49091.08984375
2021-04-26,48923.9296875
2021-04-27,48812.171875
2021-04-28,48487.94140625
2021-04-29,48897.7890625
2021-04-30,48009.71875
2021-05-03,48498.640625
2021-05-04,48328.19921875
2021-05-05,48399.80078125
2021-05-06,48934.91015625
2021-05-07,49249.01953125
2021-05-10,49867.1484375
2021-05-11,49655.2890625
2021-05-12,48748.41015625
2021-05-13,48829.30859375
2021-05-14,49219.26171875
2021-05-17,49371.98046875
2021-05-18,49789.30859375
2021-05-19,49382.25
2021-05-20,49907.359375
2021-05-21,49778.80859375
2021-05-24,49457.9296875
2021-05-25,48826.94921875
2021-05-26,49103.5
2021-05-27,49627.94921875
2021-05-28,50040.73828125
2021-05-31,50885.94921875
2021-06-01,50722.3515625
2021-06-02,50749.640625
2021-06-03,50628.76953125
2021-06-04,50484.3515625
2021-06-07,51427.640625
2021-06-08,50865.2109375
2021-06-09,50823.30078125
2021-06-10,50886.328125
2021-06-11,51286.4609375
2021-06-14,51029.5390625
2021-06-15,50908.1796875
2021-06-16,50579.1015625
2021-06-17,50202.80078125
2021-06-18,50319.5703125
2021-06-21,50315.69140625
2021-06-22,50129.87890625
2021-06-23,50170.78125
2021-06-24,50558.3203125
2021-06-25,50549.859375
2021-06-28,50351.2109375
2021-06-29,50337.359375
2021-06-30,50289.75
2021-07-01,50376.890625
2021-07-02,50223.01171875
2021-07-05,50552.80078125
2021-07-06,50048.890625
2021-07-07,50052.91015625
2021-07-08,49570.87109375
2021-07-09,49768.3515625
2021-07-12,49789.12109375
2021-07-13,49274.96875
2021-07-14,49435.87890625
2021-07-15,50274.8515625
2021-07-16,50148.12890625
2021-07-19,49096.46875
2021-07-20,49256.96875
2021-07-21,50035.171875
2021-07-22,50240.51171875
2021-07-23,50268.44921875
2021-07-26,50897.7890625
2021-07-27,50910.53125
2021-07-28,51344.109375
2021-07-29,51634.6015625
2021-07-30,50868.3203125
2021-08-02,50869.48046875
2021-08-03,51633.91015625
2021-08-04,51195.4296875
2021-08-05,51134.9296875
2021-08-06,51113.8515625
2021-08-09,50900.4609375
2021-08-10,51114.16015625
2021-08-11,51311.6015625
2021-08-12,51049.69140625
2021-08-13,51490.94140625
2021-08-16,51384.91015625
2021-08-17,51576.578125
2021-08-18,51986.078125
2021-08-19,51099.359375
2021-08-20,51414.3203125
2021-08-23,52054.640625
2021-08-24,51985.0
2021-08-25,52345.390625
2021-08-26,52290.69140625
2021-08-27,52425.640625
2021-08-30,52602.0703125
2021-08-31,53304.73828125
2021-09-01,52215.5390625
2021-09-02,52087.46875
2021-09-03,51835.08984375
2021-09-06,52283.109375
2021-09-07,51950.44921875
2021-09-08,51469.71875
2021-09-09,51395.05859375
2021-09-10,51521.80078125
2021-09-13,51496.7109375
2021-09-14,51815.171875
2021-09-15,52192.328125
2021-09-17,51307.7109375
2021-09-20,50557.6484375
2021-09-21,50828.12890625
2021-09-22,51338.33984375
2021-09-23,51464.26953125
2021-09-24,51105.7109375
2021-09-27,51598.53125
2021-09-28,50925.51953125
2021-09-29,51084.609375
2021-09-30,51385.55078125
2021-10-01,51060.05078125
2021-10-04,50862.94140625
2021-10-05,51056.94140625
2021-10-06,50974.48828125
2021-10-07,50876.98046875
2021-10-08,51136.62109375
2021-10-11,51646.75
2021-10-12,51835.87890625
2021-10-13,51812.87109375
2021-10-14,52140.23828125
2021-10-15,52798.37890625
2021-10-18,52686.03125
2021-10-19,52402.73046875
2021-10-20,52298.19921875
2021-10-21,52020.05078125
2021-10-22,51889.66015625
2021-10-25,51833.80078125
2021-10-26,52206.58984375
2021-10-27,51714.6015625
2021-10-28,51248.83984375
2021-10-29,51309.83984375
2021-11-01,51653.26171875
2021-11-03,51876.80859375
2021-11-04,51873.4609375
2021-11-05,51977.9609375
2021-11-08,52251.48828125
2021-11-09,52114.12109375
2021-11-10,51704.3984375
2021-11-11,51707.01171875
2021-11-12,51432.5390625
2021-11-16,51161.5
2021-11-17,51045.1015625
2021-11-18,50831.94921875
2021-11-19,50811.30078125
2021-11-22,50497.078125
2021-11-23,51116.3203125
2021-11-24,50848.03125
2021-11-25,50625.0
2021-11-26,49492.51953125
2021-11-29,49796.30078125
2021-11-30,49698.71875
2021-12-01,50007.16015625
2021-12-02,50927.37890625
2021-12-03,50597.2890625
2021-12-06,50605.55859375
2021-12-07,50918.28125
2021-12-08,51056.26953125
2021-12-09,51238.01953125
2021-12-10,51213.48046875
2021-12-13,50419.171875
2021-12-14,51241.46875
2021-12-15,51163.66015625
2021-12-16,51384.05859375
2021-12-17,52379.37109375
2021-12-20,51623.859375
2021-12-21,52085.28125
2021-12-22,52403.05078125
2021-12-23,52650.91015625
2021-12-24,52853.37890625
2021-12-27,53259.55859375
2021-12-28,53238.48046875
2021-12-29,52748.9296875
2021-12-30,53175.25
2021-12-31,53272.44140625
2022-01-03,52941.01171875
2022-01-04,53016.78125
2022-01-05,53024.1484375
2022-01-06,53055.30859375
2022-01-07,53202.109375
2022-01-10,52835.76171875
2022-01-11,53061.921875
2022-01-12,53951.140625
2022-01-13,53930.44921875
2022-01-14,53744.921875
2022-01-17,53973.26953125
2022-01-18,53232.19921875
2022-01-19,52823.23046875
2022-01-20,52508.3515625
2022-01-21,51599.37890625
2022-01-24,50890.58984375
2022-01-25,51104.390625
2022-01-26,51037.05078125
2022-01-27,50466.01953125
2022-01-28,50661.859375
2022-01-31,51330.8515625
2022-02-01,51782.671875
2022-02-02,52023.26953125
2022-02-03,51145.109375
2022-02-04,51255.30859375
2022-02-08,52294.578125
2022-02-09,52761.91015625
2022-02-10,52599.578125
2022-02-11,53229.26171875
2022-02-14,52334.73046875
2022-02-15,53210.94140625
2022-02-16,53680.859375
2022-02-17,52712.05859375
2022-02-18,52281.53125
2022-02-21,52025.1796875
2022-02-22,52600.44921875
2022-02-23,51362.94921875
2022-02-24,51454.05078125
2022-02-25,52555.6015625
2022-02-28,53400.609375
2022-03-01,53168.8203125
2022-03-02,53300.66015625
2022-03-03,53528.01171875
2022-03-04,53322.05078125
2022-03-07,52312.609375
2022-03-08,53288.23046875
2022-03-09,53911.76171875
2022-03-10,53387.62109375
2022-03-11,53300.69921875
2022-03-14,52807.62109375
2022-03-15,53010.01171875
2022-03-16,53411.87890625
2022-03-17,54364.51171875
2022-03-18,55467.05859375
2022-03-22,55722.48046875
2022-03-23,55154.6796875
2022-03-24,55829.859375
2022-03-25,55436.05078125
2022-03-28,55685.140625
2022-03-29,56111.2109375
2022-03-30,55814.98828125
2022-03-31,56536.6796875
2022-04-01,56609.5390625
2022-04-04,56313.2109375
2022-04-05,55547.2890625
2022-04-06,55438.73046875
2022-04-07,55280.58984375
2022-04-08,54687.25
2022-04-11,54463.828125
2022-04-12,53907.25
2022-04-13,54172.62109375
2022-04-18,54139.69140625
2022-04-19,54633.76171875
2022-04-20,53831.0390625
2022-04-21,53267.30859375
2022-04-22,53191.78125
2022-04-25,52640.828125
2022-04-26,52512.7109375
2022-04-27,52351.2109375
2022-04-28,52614.171875
2022-04-29,51417.96875
2022-05-02,51887.46875
2022-05-03,51066.55859375
2022-05-04,51432.62890625
2022-05-05,50529.94921875
2022-05-06,49541.80859375
2022-05-09,49057.4609375
2022-05-10,49115.859375
2022-05-11,49276.23046875
2022-05-12,49309.3203125
2022-05-13,49579.8984375
2022-05-16,50563.98046875
2022-05-17,51464.03125
2022-05-18,50394.03125
2022-05-19,51289.91015625
2022-05-20,51518.30078125
2022-05-23,51376.890625
2022-05-24,51304.0390625
2022-05-25,51717.0703125
2022-05-26,52143.0
2022-05-27,52463.55078125
2022-05-30,52162.078125
2022-05-31,51752.53125
2022-06-01,51506.1484375
2022-06-02,50971.37890625
2022-06-03,50689.05078125
2022-06-06,50060.53125
2022-06-07,50139.19921875
2022-06-08,49819.30078125
2022-06-09,49290.21875
2022-06-10,48471.51953125
2022-06-13,48445.30078125
2022-06-14,48164.46875
2022-06-15,48344.96875
2022-06-16,47558.51171875
2022-06-17,48016.23046875
2022-06-20,47780.71875
2022-06-21,48104.37890625
2022-06-22,47144.359375
2022-06-23,46657.87890625
2022-06-24,47741.5
2022-06-27,48294.828125
2022-06-28,48435.44921875
2022-06-29,48061.609375
2022-06-30,47524.44921875
2022-07-01,47743.1484375
2022-07-04,48036.37890625
2022-07-05,47503.21875
2022-07-06,47722.2890625
2022-07-07,47374.37890625
2022-07-08,47582.109375
2022-07-11,47369.890625
2022-07-12,47651.51953125
2022-07-13,47461.3515625
2022-07-14,46741.30859375
2022-07-15,47075.87109375
2022-07-18,46923.19921875
2022-07-19,47259.23046875
2022-07-20,47132.48828125
2022-07-21,47416.37109375
2022-07-22,47264.859375
2022-07-25,47202.640625
2022-07-26,46674.30078125
2022-07-27,46842.921875
2022-07-28,48112.26953125
2022-07-29,48144.328125
2022-08-01,47384.55859375
2022-08-02,46902.69140625
2022-08-03,46989.609375
2022-08-04,46916.171875
2022-08-05,46723.4296875
2022-08-08,47354.859375
2022-08-09,47241.80859375
2022-08-10,47808.2109375
2022-08-11,48460.55078125
2022-08-12,48853.37109375
2022-08-15,48638.359375
2022-08-16,48801.6796875
2022-08-17,48734.0390625
2022-08-18,48729.80078125
2022-08-19,48463.26171875
2022-08-22,48016.609375
2022-08-23,47974.03125
2022-08-24,47449.73046875
2022-08-25,47724.23828125
2022-08-26,47272.109375
2022-08-29,46322.1015625
2022-08-30,45922.05078125
2022-08-31,44919.21875
2022-09-01,45383.8515625
2022-09-02,45888.62890625
2022-09-05,46026.078125
2022-09-06,45902.890625
2022-09-07,46056.96875
2022-09-08,46283.33984375
2022-09-09,47042.94140625
2022-09-12,47860.48046875
2022-09-13,47039.73828125
2022-09-14,46745.1484375
2022-09-15,46769.78125
2022-09-19,46793.58984375
2022-09-20,47068.53125
2022-09-21,46992.51171875
2022-09-22,46324.921875
2022-09-23,45395.94140625
2022-09-26,44808.55859375
2022-09-27,45006.109375
2022-09-28,45442.2109375
2022-09-29,45102.55078125
2022-09-30,44626.80078125
2022-10-03,45429.75
2022-10-04,46046.578125
2022-10-05,45845.828125
2022-10-06,46326.6796875
2022-10-07,45728.87109375
2022-10-10,45457.12109375
2022-10-11,45792.98828125
2022-10-12,45679.83984375
2022-10-13,45766.94140625
2022-10-14,45443.3515625
2022-10-17,46220.71875
2022-10-18,46309.23046875
2022-10-19,46217.44140625
2022-10-20,46315.41015625
2022-10-21,47120.078125
2022-10-24,47765.23828125
2022-10-25,48641.26953125
2022-10-26,49327.109375
2022-10-27,48892.55859375
2022-10-28,49086.30078125
2022-10-31,49922.30078125
2022-11-01,50864.8515625
2022-11-03,50215.87109375
2022-11-04,51173.75
2022-11-07,50760.171875
2022-11-08,50888.46875
2022-11-09,50545.76171875
2022-11-10,51031.7109375
2022-11-11,51959.19921875
2022-11-14,51785.12890625
2022-11-15,51655.6796875
2022-11-16,51544.94140625
2022-11-17,51360.87109375
2022-11-18,51569.71875
2022-11-22,51760.5390625
2022-11-23,51993.94921875
2022-11-24,51979.01171875
2022-11-25,51668.640625
2022-11-28,51081.328125
2022-11-29,50174.05859375
2022-11-30,51684.859375
2022-12-01,51457.55078125
2022-12-02,51234.37109375
2022-12-05,50799.4609375
2022-12-06,51020.6484375
2022-12-07,50725.9609375
2022-12-08,51078.69921875
2022-12-09,50466.25
2022-12-13,50333.1015625
2022-12-14,50047.69921875
2022-12-15,49342.33984375
2022-12-16,49630.1484375
2022-12-19,49946.1015625
2022-12-20,50139.421875
2022-12-21,50426.26171875
2022-12-22,50097.21875
2022-12-23,50578.08984375
2022-12-26,50273.890625
2022-12-27,50440.01953125
2022-12-28,49648.2109375
2022-12-29,49517.859375
2022-12-30,48463.859375
2023-01-02,48993.23828125
2023-01-03,49050.4609375
2023-01-04,50161.26953125
2023-01-05,50805.2109375
2023-01-06,51730.5
2023-01-09,52280.05078125
2023-01-10,52344.01953125
2023-01-11,53209.0
2023-01-12,53593.859375
2023-01-13,53576.71875
2023-01-16,53631.890625
2023-01-17,53128.96875
2023-01-18,53218.828125
2023-01-19,53382.6484375
2023-01-20,53947.0390625
2023-01-23,54341.25
2023-01-24,54870.5
2023-01-25,54871.359375
2023-01-26,55164.01171875
2023-01-27,54774.91015625
2023-01-30,54521.4296875
2023-01-31,54564.26953125
2023-02-01,55018.91015625
2023-02-02,53874.91015625
2023-02-03,54049.05078125
2023-02-07,53335.51171875
2023-02-08,53125.01171875
2023-02-09,52801.4296875
2023-02-10,52482.01953125
2023-02-13,53050.828125
2023-02-14,52663.12109375
2023-02-15,53422.23828125
2023-02-16,54015.8203125
2023-02-17,53789.640625
2023-02-20,53908.55078125
2023-02-21,53239.94921875
2023-02-22,53180.98828125
2023-02-23,53085.7109375
2023-02-24,52686.23828125
2023-02-27,53013.62109375
2023-02-28,52758.05859375
2023-03-01,53473.4609375
2023-03-02,53329.53125
2023-03-03,54182.26953125
2023-03-06,53924.19140625
2023-03-07,53068.73046875
2023-03-08,53388.66015625
2023-03-09,53426.76953125
2023-03-10,52794.53125
2023-03-13,53012.25
2023-03-14,52691.66015625
2023-03-15,52085.6015625
2023-03-16,52505.69921875
2023-03-17,51925.609375
2023-03-21,52652.6484375
2023-03-22,52550.3984375
2023-03-23,52827.9296875
2023-03-24,52771.12109375
2023-03-27,52851.421875
2023-03-28,53209.1015625
2023-03-29,53882.94921875
2023-03-30,54198.94140625
2023-03-31,53904.0
2023-04-03,53896.3515625
2023-04-04,54176.01171875
2023-04-05,53498.390625
2023-04-10,54246.53125
2023-04-11,54604.62890625
2023-04-12,54333.12109375
2023-04-13,54695.78125
2023-04-14,54460.05859375
2023-04-17,54778.9296875
2023-04-18,54385.51953125
2023-04-19,54308.08984375
2023-04-20,54293.7109375
2023-04-21,54175.28125
2023-04-24,54713.69921875
2023-04-25,54371.08984375
2023-04-26,54023.3203125
2023-04-27,54442.171875
2023-04-28,55121.21875
2023-05-02,55179.4296875
2023-05-03,54947.01171875
2023-05-04,54667.2109375
2023-05-05,54937.390625
2023-05-08,55033.12109375
2023-05-09,55452.73046875
2023-05-10,55534.6796875
2023-05-11,55014.16015625
2023-05-12,54948.33984375
2023-05-15,55261.421875
2023-05-16,55180.96875
2023-05-17,55067.37109375
2023-05-18,55263.109375
2023-05-19,54296.05078125
2023-05-22,53466.3203125
2023-05-23,53123.21875
2023-05-24,53393.3984375
2023-05-25,53744.6796875
2023-05-26,54025.44921875
2023-05-29,54212.671875
2023-05-30,53341.8515625
2023-05-31,52736.26171875
2023-06-01,52724.03125
2023-06-02,53232.7109375
2023-06-05,53536.05078125
2023-06-06,54432.19140625
2023-06-07,54291.44140625
2023-06-08,54338.1796875
2023-06-09,54512.140625
2023-06-12,54278.12109375
2023-06-13,54574.75
2023-06-14,55145.4296875
2023-06-15,55344.25
2023-06-16,54842.51171875
2023-06-19,54931.05859375
2023-06-20,54365.6796875
2023-06-21,54063.91015625
2023-06-22,53563.30859375
2023-06-23,53341.91015625
2023-06-26,53335.73828125
2023-06-27,53926.91015625
2023-06-28,53460.05859375
2023-06-29,53585.21875
2023-06-30,53526.1015625
2023-07-03,54399.1015625
2023-07-04,53930.859375
2023-07-05,54039.66015625
2023-07-06,53407.69921875
2023-07-07,53904.2890625
2023-07-10,53655.3515625
2023-07-11,54138.140625
2023-07-12,53956.7109375
2023-07-13,54244.01171875
2023-07-14,53770.80078125
2023-07-17,53623.26953125
2023-07-18,54036.26953125
2023-07-19,53740.16015625
2023-07-20,53561.37109375
2023-07-21,53702.16015625
2023-07-24,53518.91015625
2023-07-25,54013.578125
2023-07-26,54502.08984375
2023-07-27,54753.390625
2023-07-28,54945.26953125
2023-07-31,54819.05078125
2023-08-01,54210.62109375
2023-08-02,53283.55859375
2023-08-03,53445.08984375
2023-08-04,53991.421875
2023-08-07,54032.828125
2023-08-08,53663.01953125
2023-08-09,54220.73828125
2023-08-10,53889.03125
2023-08-11,53242.16015625
2023-08-14,53291.44140625
2023-08-15,53585.0703125
2023-08-16,53827.7109375
2023-08-17,53201.44140625
2023-08-18,53194.390625
2023-08-21,53109.76171875
2023-08-22,53127.9296875
2023-08-23,53635.33984375
2023-08-24,53109.828125
2023-08-25,53191.53125
2023-08-28,53442.640625
2023-08-29,54261.328125
2023-08-30,54390.73828125
2023-08-31,53020.98046875
2023-09-01,53145.359375
2023-09-04,53030.51953125
2023-09-05,52932.5
2023-09-06,52971.19140625
2023-09-07,52482.96875
2023-09-08,52505.109375
2023-09-11,52267.48828125
2023-09-12,51860.44921875
2023-09-13,51522.1796875
2023-09-14,51755.6796875
2023-09-15,51351.6015625
2023-09-18,51685.30859375
2023-09-19,52219.76171875
2023-09-20,52507.23046875
2023-09-21,51954.01171875
2023-09-22,51677.48046875
2023-09-25,51367.4609375
2023-09-26,51107.80078125
2023-09-27,51427.26953125
2023-09-28,51554.94921875
2023-09-29,50874.98046875
2023-10-02,51260.37109375
2023-10-03,50366.390625
2023-10-04,50732.69140625
2023-10-05,49454.58984375
2023-10-06,49666.5
2023-10-09,49297.1484375
2023-10-10,50289.859375
2023-10-11,50344.73828125
2023-10-12,49745.16015625
2023-10-13,49379.578125
2023-10-16,49823.078125
2023-10-17,49666.01171875
2023-10-18,49274.78125
2023-10-19,48804.609375
2023-10-20,48275.91015625
2023-10-23,48197.87890625
2023-10-24,48278.80078125
2023-10-25,48766.328125
2023-10-26,49182.37109375
2023-10-27,48973.8515625
2023-10-30,49277.359375
2023-10-31,49061.87890625
2023-11-01,49787.83984375
2023-11-03,51266.73046875
2023-11-06,51633.62890625
2023-11-07,51209.8515625
2023-11-08,51016.30078125
2023-11-09,51071.03125
2023-11-10,51258.23828125
2023-11-13,51090.91015625
2023-11-14,52511.37109375
2023-11-15,52796.46875
2023-11-16,52469.359375
2023-11-17,52685.1015625
2023-11-21,52504.2890625
2023-11-22,52670.01171875
2023-11-23,53059.5390625
2023-11-24,52938.421875
2023-11-27,52220.48828125
2023-11-28,52359.0
2023-11-29,52792.80859375
2023-11-30,54060.01171875
2023-12-01,53901.4296875
2023-12-04,54053.62890625
2023-12-05,54120.91015625
2023-12-06,54100.37109375
2023-12-07,54456.78125
2023-12-08,54393.01171875
2023-12-11,54439.12109375
2023-12-13,55167.859375
2023-12-14,57036.421875
2023-12-15,57130.078125
2023-12-18,57732.80859375
2023-12-19,57694.33984375
2023-12-20,56909.37109375
2023-12-21,57487.69921875
2023-12-22,57313.46875
2023-12-26,57745.7890625
2023-12-27,57554.46875
2023-12-28,57464.421875
2023-12-29,57386.25
2024-01-02,56980.44140625
2024-01-03,55726.640625
2024-01-04,55406.9609375
2024-01-05,56192.78125
2024-01-08,56175.671875
2024-01-09,55105.578125
2024-01-10,55318.671875
2024-01-11,55438.75
2024-01-12,55607.0703125
2024-01-15,55501.109375
2024-01-16,55124.578125
2024-01-17,54711.69140625
2024-01-18,54707.890625
2024-01-19,55452.1015625
2024-01-22,54667.609375
2024-01-23,55502.8984375
2024-01-24,55419.55078125
2024-01-25,56160.0703125
2024-01-26,56855.87890625
2024-01-29,57175.73046875
2024-01-30,57537.140625
2024-01-31,57372.76171875
2024-02-01,57828.078125
2024-02-02,58226.76953125
2024-02-06,58645.421875
2024-02-07,58711.87109375
2024-02-08,57762.44140625
2024-02-09,57327.5
2024-02-12,57418.55078125
2024-02-13,56906.98828125
2024-02-14,57248.46875
2024-02-15,57251.890625
2024-02-16,57132.109375
2024-02-19,57490.05078125
2024-02-20,57227.671875
2024-02-21,57021.03125
2024-02-22,57148.73046875
2024-02-23,56659.80078125
2024-02-26,56194.71875
2024-02-27,56241.03125
2024-02-28,55350.609375
2024-02-29,55414.0
2024-03-01,55536.3203125
2024-03-04,55462.48828125
2024-03-05,55476.25
2024-03-06,55284.51171875
2024-03-07,55049.48828125
2024-03-08,54935.98828125
2024-03-11,55076.12109375
2024-03-12,54898.94921875
2024-03-13,55848.71875
2024-03-14,56059.26171875
2024-03-15,56228.3984375
2024-03-19,55548.0703125
2024-03-20,56618.01171875
2024-03-21,56657.44140625
2024-03-22,56610.5390625
2024-03-25,56552.5390625
2024-03-26,57209.69921875
2024-03-27,57369.01171875
2024-04-01,57653.23046875
2024-04-02,57581.80859375
2024-04-03,57503.390625
2024-04-04,57882.76171875
2024-04-05,58092.44140625
2024-04-08,57989.94140625
2024-04-09,57571.1484375
2024-04-10,56636.5390625
2024-04-11,56830.3203125
2024-04-12,56565.921875
2024-04-15,55984.0
2024-04-16,55797.25
2024-04-17,55415.69140625
2024-04-18,55739.4296875
2024-04-19,55862.8515625
2024-04-22,56551.8984375
2024-04-23,56633.75
2024-04-24,56463.98828125
2024-04-25,57071.78125
2024-04-26,57833.8515625
2024-04-29,57827.859375
2024-04-30,56727.98046875
2024-05-02,56677.05078125
2024-05-03,57135.26171875
2024-05-06,57282.94921875
2024-05-07,57108.3203125
2024-05-08,57081.0
2024-05-09,57846.078125
2024-05-10,57718.0390625
2024-05-13,57731.12109375
2024-05-14,57231.73828125
2024-05-15,57454.6484375
2024-05-16,57462.171875
2024-05-17,57583.078125
2024-05-20,57393.28125
2024-05-21,56760.71875
2024-05-22,56432.03125
2024-05-23,55918.37890625
2024-05-24,55413.12109375
2024-05-27,55452.87890625
2024-05-28,55184.94921875
2024-05-29,55212.640625
2024-05-30,55352.55859375
2024-05-31,55179.23828125
2024-06-03,51807.55078125
2024-06-04,53485.62109375
2024-06-05,54410.51171875
2024-06-06,54477.25
2024-06-07,52977.3203125
2024-06-10,53122.578125
2024-06-11,53134.05859375
2024-06-12,52975.890625
2024-06-13,52275.6484375
2024-06-14,52222.94140625
2024-06-17,52397.19921875
2024-06-18,53191.25
2024-06-19,53323.37109375
2024-06-20,53333.03125
2024-06-21,52788.5
2024-06-24,52512.91015625
2024-06-25,52604.05078125
2024-06-26,52468.01171875
2024-06-27,52310.9609375
2024-06-28,52440.01953125
2024-07-01,52883.96875
2024-07-02,51947.890625
2024-07-03,52796.26171875
2024-07-04,52654.8515625
2024-07-05,52333.16015625
2024-07-08,52907.69140625
2024-07-09,53331.80859375
2024-07-10,54279.87890625
2024-07-11,54422.58984375
2024-07-12,54953.109375
2024-07-15,54311.98828125
2024-07-16,54378.19140625
2024-07-17,53744.78125
2024-07-18,53043.0
2024-07-19,53678.51953125
2024-07-22,54006.921875
2024-07-23,53707.73828125
2024-07-24,53168.41015625
2024-07-25,52931.87109375
2024-07-26,52819.578125
2024-07-29,52515.78125
2024-07-30,52325.421875
2024-07-31,53136.83984375
2024-08-01,52417.48046875
2024-08-02,52242.37890625
2024-08-05,51776.48046875
2024-08-06,52399.62890625
2024-08-07,52680.8984375
2024-08-08,52876.55078125
2024-08-09,53051.5390625
2024-08-12,53040.3515625
2024-08-13,53674.19921875
2024-08-14,53718.94921875
2024-08-15,54264.921875
2024-08-16,54083.78125
2024-08-19,54104.6796875
2024-08-20,53991.05859375
2024-08-21,53864.73046875
2024-08-22,53316.19921875
2024-08-23,53490.921875
2024-08-26,53171.30859375
2024-08-27,52474.30859375
2024-08-28,52439.87109375
2024-08-29,53138.9609375
2024-08-30,52913.5
2024-09-02,52493.37890625
2024-09-03,51589.421875
2024-09-04,51811.37109375
2024-09-05,51661.48046875
2024-09-06,51083.44140625
2024-09-09,51136.05078125
2024-09-10,50973.109375
2024-09-11,51195.76171875
2024-09-12,51999.73046875
2024-09-13,52016.8515625
2024-09-17,52273.53125
2024-09-18,52582.890625
2024-09-19,52918.0390625
2024-09-20,52190.48046875
2024-09-23,52422.23828125
2024-09-24,53653.94921875
2024-09-25,53190.9296875
2024-09-26,53590.51953125
2024-09-27,52778.171875
2024-09-30,52477.30078125
2024-10-02,52199.66015625
2024-10-03,51674.5390625
2024-10-04,52609.87109375
2024-10-07,52039.87109375
2024-10-08,51764.640625
2024-10-09,51869.140625
2024-10-10,52391.2890625
2024-10-11,52395.66015625
2024-10-14,52000.58984375
2024-10-15,52377.78125
2024-10-16,52483.62109375
2024-10-17,52463.66015625
2024-10-18,53027.421875
2024-10-21,52814.8203125
2024-10-22,52368.69140625
2024-10-23,52142.12890625
2024-10-24,51795.55859375
2024-10-25,51784.328125
2024-10-28,51816.30078125
2024-10-29,51166.2890625
2024-10-30,50877.23828125
2024-10-31,50661.05078125
2024-11-01,50622.390625
2024-11-04,50882.5390625
2024-11-05,50831.51171875
2024-11-06,51732.4609375
2024-11-07,52311.078125
2024-11-08,51845.171875
2024-11-11,51449.4296875
2024-11-12,51096.640625
2024-11-13,50747.62890625
2024-11-14,50553.30859375
2024-11-15,50469.3984375
2024-11-19,50222.3984375
2024-11-20,50168.87890625
2024-11-21,50174.640625
2024-11-22,50430.01953125
2024-11-25,50207.1796875
2024-11-26,49721.8515625
2024-11-27,49787.8203125
2024-11-28,49941.26953125
2024-11-29,49812.640625
2024-12-02,50414.171875
2024-12-03,50828.05859375
2024-12-04,51249.80078125
2024-12-05,51756.83984375
2024-12-06,51348.80078125
2024-12-09,52190.6796875
2024-12-10,51377.28125
2024-12-11,51284.2109375
2024-12-13,51619.75
2024-12-16,50849.4296875
2024-12-17,50500.33984375
2024-12-18,49968.44140625
2024-12-19,49254.46875
2024-12-20,49586.2109375
2024-12-23,49450.890625
2024-12-24,49316.62109375
2024-12-26,49535.578125
2024-12-27,49290.578125
2024-12-30,48837.71875
2024-12-31,49513.26953125
2025-01-02,49765.19921875
2025-01-03,48957.23828125
2025-01-06,49493.55859375
2025-01-07,50085.5
2025-01-08,49634.26171875
2025-01-09,49807.9609375
2025-01-10,49596.69921875
2025-01-13,49829.96875
2025-01-14,49844.0
2025-01-15,50242.83984375
2025-01-16,49948.1484375
2025-01-17,49940.890625
2025-01-20,50201.3203125
2025-01-21,50450.26171875
2025-01-22,50944.578125
2025-01-23,51054.91015625
2025-01-24,51357.30859375
2025-01-27,51687.44921875
2025-01-28,51535.9609375
2025-01-29,51555.78125
2025-01-30,52050.25
2025-01-31,51209.53125
2025-02-04,51889.75
2025-02-05,51570.19140625
2025-02-06,52674.7890625
2025-02-07,52817.75
2025-02-10,52928.12109375
2025-02-11,53451.640625
2025-02-12,54065.71875
2025-02-13,54160.109375
2025-02-14,54077.94140625
2025-02-17,54291.640625
2025-02-18,54476.73828125
2025-02-19,54096.51171875
2025-02-20,54303.9296875
2025-02-21,53738.75
2025-02-24,53704.44921875
2025-02-25,53050.328125
2025-02-26,53296.7109375
2025-02-27,52607.609375
2025-02-28,52325.73046875
2025-03-03,52081.58984375
2025-03-04,52384.71875
2025-03-05,52709.3984375
2025-03-06,52816.4296875
2025-03-07,52839.62890625
2025-03-10,51726.87890625
2025-03-11,51510.6796875
2025-03-12,52041.01171875
2025-03-13,51877.12109375
2025-03-14,52484.28125
2025-03-18,52773.3203125
2025-03-19,53060.76171875
2025-03-20,53100.828125
2025-03-21,52672.421875
2025-03-24,52674.83984375
2025-03-25,53203.26171875
2025-03-26,52806.890625
2025-03-27,53477.73828125
2025-03-28,53172.96875
2025-03-31,52484.4296875
2025-04-01,53337.8984375
2025-04-02,53800.9296875
2025-04-03,54089.28125
2025-04-04,51452.73046875
2025-04-07,50458.3203125
2025-04-08,50316.58984375
2025-04-09,52527.671875
2025-04-10,51514.8203125
2025-04-11,51498.8984375
2025-04-14,52391.3515625
2025-04-15,52643.0390625
2025-04-16,53018.5703125
2025-04-21,53758.75
2025-04-22,54777.83984375
2025-04-23,55766.578125
2025-04-24,56382.0
2025-04-25,56720.12109375
2025-04-28,56980.12890625
2025-04-29,55613.4296875
2025-04-30,56259.28125
2025-05-02,55811.98828125
2025-05-05,55835.98828125
2025-05-06,57349.828125
2025-05-07,57954.390625
2025-05-08,56866.76171875
2025-05-09,56551.1796875
2025-05-12,56765.578125
2025-05-13,57357.5390625
2025-05-14,57644.94140625
2025-05-15,57959.71875
2025-05-16,57987.140625
2025-05-19,58493.390625
2025-05-20,58311.1484375
2025-05-21,58568.01171875
2025-05-22,57894.8203125
2025-05-23,58410.37109375
2025-05-26,58459.16015625
2025-05-27,58593.828125
2025-05-28,58735.859375
2025-05-29,58614.41015625
2025-05-30,57841.69140625
2025-06-02,57705.48046875
2025-06-03,57639.0703125
2025-06-04,57484.51953125
2025-06-05,57777.48828125
2025-06-06,58061.41015625
2025-06-09,57813.37890625
2025-06-10,58098.51171875
2025-06-11,57767.328125
2025-06-12,57829.73828125
2025-06-13,57438.5703125
2025-06-16,57046.8515625
2025-06-17,56676.8203125
2025-06-18,56729.5703125
2025-06-19,56068.16015625
2025-06-20,56264.69140625
2025-06-23,56080.05859375
2025-06-24,56743.28125
2025-06-25,56933.19140625
2025-06-26,57474.19140625
2025-06-27,57391.51171875
2025-06-30,57450.87890625
2025-07-01,57813.8203125
2025-07-02,58346.71875
2025-07-03,57890.98828125
2025-07-04,57977.76171875
2025-07-07,57423.3984375
2025-07-08,57183.3203125
2025-07-09,56687.5390625
2025-07-10,56739.8984375
2025-07-11,56593.6484375
2025-07-14,56362.671875
2025-07-15,56482.91015625
2025-07-16,56503.0390625
2025-07-17,56714.921875
2025-07-18,56273.44921875
2025-07-21,55841.30078125
2025-07-22,55517.80859375
2025-07-23,56478.8984375
2025-07-24,57035.8984375
2025-07-25,57323.140625
2025-07-28,57083.55859375
2025-07-29,57820.78125
2025-07-30,57395.8515625
2025-07-31,57397.9296875
2025-08-01,56900.0703125
2025-08-04,56650.26171875
2025-08-05,57071.55859375
2025-08-06,57154.21875
2025-08-07,58260.87890625
2025-08-08,58070.171875
2025-08-11,58342.87109375
2025-08-12,58675.0390625
2025-08-13,58477.5703125
2025-08-14,58167.26953125
2025-08-15,58320.48046875
2025-08-18,58319.69921875
2025-08-19,58462.7890625
2025-08-20,58221.46875
2025-08-21,58663.96875
2025-08-22,59225.48046875
2025-08-25,58492.12890625
2025-08-26,58132.3984375
2025-08-27,58647.51953125
2025-08-28,59151.6796875
2025-08-29,58708.859375
2025-09-01,58865.03125
2025-09-02,59747.87890625
2025-09-03,59651.5703125
2025-09-04,59867.62109375
2025-09-05,60479.76171875
2025-09-08,60649.76171875
2025-09-09,60679.53125
2025-09-10,60489.19140625
2025-09-11,61553.578125
2025-09-12,61798.94140625
2025-09-15,62102.12890625
2025-09-17,61596.23046875
2025-09-18,61323.94921875
2025-09-19,61200.26953125
2025-09-22,62004.109375
2025-09-23,62368.19140625
2025-09-24,61905.94921875
2025-09-25,61945.0390625
2025-09-26,62307.0703125
2025-09-29,62610.12109375
2025-09-30,62915.5703125
2025-10-01,61929.71875
2025-10-02,62220.30859375
2025-10-03,61984.4296875
2025-10-06,60404.19140625
2025-10-07,60215.75
2025-10-08,60888.55859375
2025-10-09,60819.30859375
2025-10-10,60568.9296875
2025-10-13,61045.08984375
2025-10-14,60785.62109375
2025-10-15,61637.5390625
2025-10-16,62544.55859375
2025-10-17,61743.921875
2025-10-20,61672.3515625
2025-10-21,60773.78125
2025-10-22,61308.19921875
2025-10-23,61511.94921875
2025-10-24,61145.48828125
2025-10-27,61860.30078125
2025-10-28,62795.23828125
2025-10-29,63352.8515625
2025-10-30,62889.859375
2025-10-31,62769.1796875
2025-11-03,62653.890625
2025-11-04,62390.73046875
2025-11-05,63378.51171875
2025-11-06,63093.12109375
2025-11-07,63376.12890625
2025-11-10,63094.01171875
2025-11-11,64321.26953125
2025-11-12,63190.66015625
2025-11-13,62529.44140625
2025-11-14,62328.62890625
2025-11-18,61984.44921875
2025-11-19,62080.578125
2025-11-20,61672.19140625
2025-11-21,61877.26953125
2025-11-24,62522.609375
2025-11-25,63214.55859375
2025-11-26,63242.7109375
2025-11-27,62694.73046875
2025-11-28,63596.78125
2025-12-01,63551.12890625
2025-12-02,63820.609375
2025-12-03,63597.44140625
2025-12-04,63714.859375
2025-12-05,63378.30078125
2025-12-08,63528.0
2025-12-09,63694.6796875
2025-12-10,63409.3984375
2025-12-11,64712.0703125
2025-12-15,64326.16015625
2025-12-16,63230.87109375
2025-12-17,62528.05859375
2025-12-18,63807.3203125
2025-12-19,63966.98046875
2025-12-22,64778.1796875
2025-12-23,65595.40625
2025-12-24,65616.4296875
2025-12-26,65636.359375
2025-12-29,65347.078125
2025-12-30,64366.69921875
2025-12-31,64308.2890625
2026-01-02,64141.359375
2026-01-05,65014.37109375
2026-01-06,65022.23828125
2026-01-07,64871.69921875
2026-01-08,65521.01171875
2026-01-09,66062.6171875
2026-01-12,66745.609375
2026-01-13,66337.421875
2026-01-14,67403.078125
2026-01-15,66649.28125
2026-01-16,67141.109375
2026-01-19,67467.8203125
2026-01-20,67683.3828125
2026-01-21,68036.1328125
2026-01-22,68347.9765625
2026-01-23,68195.1484375
2026-01-26,68706.03125
2026-01-27,68877.640625
2026-01-28,69959.7265625
2026-01-29,69492.4296875
2026-01-30,67598.953125
2026-02-03,69735.0625
2026-02-04,68730.6875
2026-02-05,68858.28125
2026-02-06,70809.5703125
2026-02-09,71509.453125
2026-02-10,71271.5625
2026-02-11,71601.3515625
2026-02-12,70888.0390625
2026-02-13,71478.8125
2026-02-16,71353.2890625
2026-02-17,71155.6875
2026-02-18,70885.21875
2026-02-19,70845.65625
2026-02-20,71436.546875
2026-02-23,70633.7734375
2026-02-24,70934.8203125
2026-02-25,71144.3515625
2026-02-26,71390.1015625
2026-02-27,71405.7734375
2026-03-02,70584.75
2026-03-03,68436.2578125
2026-03-04,70428.03125
2026-03-05,68379.421875
2026-03-06,67313.5
2026-03-09,66890.2734375
2026-03-10,67397.9375
2026-03-11,67559.78125
2026-03-12,66085.8125
2026-03-13,65648.90625
2026-03-17,66196.921875
2026-03-18,65779.2265625
2026-03-19,65199.3984375
2026-03-20,64134.8984375
2026-03-23,64370.94921875
2026-03-24,65775.140625
2026-03-25,68187.6015625
2026-03-26,67061.34375
2026-03-27,66685.7578125
2026-03-30,67087.640625
2026-03-31,68610.71875
2026-04-01,69702.0234375
2026-04-06,68986.6328125
2026-04-07,68529.21875
2026-04-08,70221.7578125
2026-04-09,70314.1875
2026-04-10,70023.390625
2026-04-13,69595.1328125
2026-04-14,68941.4609375
2026-04-15,69634.7109375
2026-04-16,69095.0234375
2026-04-17,69825.9375
2026-04-20,70083.7265625
2026-04-21,68809.171875
2026-04-22,68836.921875
2026-04-23,68631.15625
2026-04-24,69230.5625
2026-04-27,67992.359375
2026-04-28,67269.2890625
2026-04-29,67097.0625
2026-04-30,67858.09375
2026-05-04,67283.6015625
2026-05-05,68590.5703125
2026-05-06,69855.2265625
2026-05-07,70019.453125
2026-05-08,69855.578125
2026-05-11,70246.296875
2026-05-12,70036.65625
2026-05-13,70187.453125
2026-05-14,69206.8515625
2026-05-15,67976.5
2026-05-18,68405.203125
2026-05-19,68555.6328125
2026-05-20,68893.9296875
2026-05-21,68384.40625
2026-05-22,68333.46875
2026-05-25,68261.171875
2026-05-26,69197.5703125
2026-05-27,70021.3515625
