date,price
1997-07-10,3490.590087890625
1997-07-11,3514.43994140625
1997-07-14,3535.1298828125
1997-07-15,3527.06005859375
1997-07-16,3576.949951171875
1997-07-17,3610.35009765625
1997-07-18,3610.570068359375
1997-07-21,3546.18994140625
1997-07-22,3584.2900390625
1997-07-23,3629.610107421875
1997-07-24,3631.699951171875
1997-07-25,3640.7099609375
1997-07-28,3661.820068359375
1997-07-29,3612.530029296875
1997-07-30,3630.2900390625
1997-07-31,3687.0
1997-08-01,3676.5400390625
1997-08-05,3672.239990234375
1997-08-06,3694.22998046875
1997-08-07,3715.22998046875
1997-08-08,3725.989990234375
1997-08-11,3708.969970703125
1997-08-12,3722.159912109375
1997-08-13,3690.02001953125
1997-08-14,3705.989990234375
1997-08-15,3655.969970703125
1997-08-18,3614.639892578125
1997-08-19,3643.679931640625
1997-08-20,3644.320068359375
1997-08-21,3644.2099609375
1997-08-22,3585.929931640625
1997-08-25,3597.580078125
1997-08-26,3570.699951171875
1997-08-27,3590.8701171875
1997-08-28,3601.64990234375
1997-08-29,3571.64990234375
1997-09-01,3565.10009765625
1997-09-02,3601.330078125
1997-09-03,3613.969970703125
1997-09-04,3622.139892578125
1997-09-05,3627.7900390625
1997-09-08,3610.780029296875
1997-09-09,3599.2900390625
1997-09-10,3590.64990234375
1997-09-11,3572.52001953125
1997-09-12,3546.659912109375
1997-09-15,3533.090087890625
1997-09-16,3563.840087890625
1997-09-17,3581.1201171875
1997-09-18,3597.0
1997-09-19,3622.169921875
1997-09-22,3639.739990234375
1997-09-23,3658.820068359375
1997-09-24,3668.52001953125
1997-09-25,3696.239990234375
1997-09-26,3758.159912109375
1997-09-29,3765.14990234375
1997-09-30,3805.3701171875
1997-10-01,3838.35009765625
1997-10-02,3845.010009765625
1997-10-03,3905.590087890625
1997-10-06,3889.840087890625
1997-10-07,3885.77001953125
1997-10-08,3882.419921875
1997-10-09,3858.330078125
1997-10-10,3872.280029296875
1997-10-13,3901.18994140625
1997-10-14,3924.06005859375
1997-10-15,3906.510009765625
1997-10-16,3904.280029296875
1997-10-17,3885.39990234375
1997-10-20,3861.780029296875
1997-10-21,3870.830078125
1997-10-22,3857.3798828125
1997-10-23,3827.179931640625
1997-10-24,3821.10009765625
1997-10-28,3542.550048828125
1997-10-29,3717.75
1997-10-30,3656.989990234375
1997-10-31,3673.610107421875
1997-11-03,3700.75
1997-11-04,3691.419921875
1997-11-05,3705.2099609375
1997-11-06,3717.300048828125
1997-11-07,3673.4599609375
1997-11-10,3687.719970703125
1997-11-11,3689.6298828125
1997-11-12,3649.25
1997-11-13,3657.39990234375
1997-11-14,3666.840087890625
1997-11-17,3699.25
1997-11-18,3708.139892578125
1997-11-19,3697.60009765625
1997-11-20,3712.820068359375
1997-11-21,3741.280029296875
1997-11-24,3714.090087890625
1997-11-25,3725.320068359375
1997-11-26,3743.2900390625
1997-11-27,3757.389892578125
1997-11-28,3761.52001953125
1997-12-01,3806.25
1997-12-02,3813.489990234375
1997-12-03,3831.510009765625
1997-12-04,3952.1298828125
1997-12-05,3963.070068359375
1997-12-08,4009.02001953125
1997-12-09,4063.699951171875
1997-12-10,4028.050048828125
1997-12-11,3980.68994140625
1997-12-12,3987.6298828125
1997-12-15,3960.050048828125
1997-12-16,3952.60009765625
1997-12-17,3922.320068359375
1997-12-18,3921.820068359375
1997-12-19,3871.610107421875
1997-12-22,3881.159912109375
1997-12-23,3900.820068359375
1997-12-24,3898.22998046875
1997-12-30,3994.1298828125
1997-12-31,4053.800048828125
1998-01-02,4054.760009765625
1998-01-05,4190.58984375
1998-01-06,4259.43994140625
1998-01-07,4303.83984375
1998-01-08,4276.330078125
1998-01-09,4215.89013671875
1998-01-12,4145.43994140625
1998-01-13,4246.43017578125
1998-01-14,4275.66015625
1998-01-15,4312.2001953125
1998-01-16,4304.259765625
1998-01-19,4304.77001953125
1998-01-20,4328.06982421875
1998-01-21,4337.52978515625
1998-01-22,4289.85986328125
1998-01-23,4296.43017578125
1998-01-26,4310.2998046875
1998-01-27,4286.6201171875
1998-01-28,4300.02001953125
1998-01-29,4322.2099609375
1998-01-30,4375.3701171875
1998-02-02,4466.5
1998-02-03,4537.66015625
1998-02-04,4529.08984375
1998-02-05,4537.14990234375
1998-02-06,4527.740234375
1998-02-09,4545.0400390625
1998-02-10,4553.10009765625
1998-02-11,4554.68017578125
1998-02-12,4564.2900390625
1998-02-13,4590.14990234375
1998-02-16,4649.7099609375
1998-02-17,4682.33984375
1998-02-18,4730.2900390625
1998-02-19,4776.830078125
1998-02-20,4825.509765625
1998-02-23,4840.5498046875
1998-02-24,4846.1298828125
1998-02-25,4881.83984375
1998-02-26,4990.8798828125
1998-02-27,4997.81982421875
1998-03-02,5062.89990234375
1998-03-03,5064.9599609375
1998-03-04,5008.419921875
1998-03-05,4933.75
1998-03-06,5006.7998046875
1998-03-09,5013.08984375
1998-03-10,5037.56982421875
1998-03-11,5088.18994140625
1998-03-12,5093.89990234375
1998-03-13,5102.4599609375
1998-03-16,5117.56982421875
1998-03-18,5197.0
1998-03-19,5264.16015625
1998-03-20,5286.740234375
1998-03-23,5294.25
1998-03-24,5305.31982421875
1998-03-25,5326.259765625
1998-03-26,5280.33984375
1998-03-27,5307.9599609375
1998-03-30,5313.740234375
1998-03-31,5267.3798828125
1998-04-01,5333.89013671875
1998-04-02,5342.3701171875
1998-04-03,5330.56005859375
1998-04-06,5290.330078125
1998-04-07,5235.919921875
1998-04-08,5152.39013671875
1998-04-09,5209.7001953125
1998-04-14,5294.85009765625
1998-04-15,5368.25
1998-04-16,5404.5498046875
1998-04-17,5388.2998046875
1998-04-20,5431.509765625
1998-04-21,5471.60986328125
1998-04-22,5451.080078125
1998-04-23,5437.6201171875
1998-04-24,5413.60986328125
1998-04-27,5337.5498046875
1998-04-28,5322.18994140625
1998-04-29,5298.66015625
1998-04-30,5329.47021484375
1998-05-01,5405.7998046875
1998-05-05,5399.2001953125
1998-05-06,5396.8701171875
1998-05-07,5347.35009765625
1998-05-08,5318.06982421875
1998-05-11,5390.85986328125
1998-05-12,5317.16015625
1998-05-13,5359.1201171875
1998-05-14,5301.419921875
1998-05-15,5300.22998046875
1998-05-18,5251.25
1998-05-19,5253.93017578125
1998-05-20,5196.39013671875
1998-05-21,5190.81982421875
1998-05-22,5176.77978515625
1998-05-25,5172.0
1998-05-26,5153.0400390625
1998-05-27,5036.31005859375
1998-05-28,5038.990234375
1998-05-29,5078.27978515625
1998-06-02,5043.06982421875
1998-06-03,5025.7998046875
1998-06-04,4967.080078125
1998-06-05,5029.52001953125
1998-06-08,5090.1201171875
1998-06-09,5186.06005859375
1998-06-10,5139.0498046875
1998-06-11,5123.1201171875
1998-06-12,5093.3701171875
1998-06-15,5041.77001953125
1998-06-16,5003.9501953125
1998-06-17,5003.2001953125
1998-06-18,5030.10009765625
1998-06-19,5032.08984375
1998-06-22,5022.259765625
1998-06-23,5063.169921875
1998-06-24,5097.02978515625
1998-06-25,5131.9599609375
1998-06-26,5085.31982421875
1998-06-29,5176.89013671875
1998-06-30,5170.2998046875
1998-07-01,5234.35009765625
1998-07-02,5277.41015625
1998-07-03,5296.240234375
1998-07-06,5301.1201171875
1998-07-07,5339.31982421875
1998-07-08,5383.60009765625
1998-07-09,5440.35986328125
1998-07-10,5414.990234375
1998-07-13,5434.2900390625
1998-07-14,5406.60009765625
1998-07-15,5452.77001953125
1998-07-16,5390.5498046875
1998-07-17,5426.5400390625
1998-07-20,5445.47998046875
1998-07-21,5422.2099609375
1998-07-22,5260.7099609375
1998-07-23,5187.93994140625
1998-07-24,5162.4599609375
1998-07-27,5109.39013671875
1998-07-28,5078.18994140625
1998-07-29,5062.77001953125
1998-07-30,5080.97021484375
1998-07-31,5116.6201171875
1998-08-04,5115.31005859375
1998-08-05,5011.1298828125
1998-08-06,5000.64013671875
1998-08-07,5090.919921875
1998-08-10,5085.7099609375
1998-08-11,4952.35986328125
1998-08-12,4957.77001953125
1998-08-13,4845.08984375
1998-08-14,4843.22998046875
1998-08-17,4820.77978515625
1998-08-18,4863.60986328125
1998-08-19,4929.43994140625
1998-08-20,4892.169921875
1998-08-21,4754.27001953125
1998-08-24,4743.35009765625
1998-08-25,4774.0
1998-08-26,4718.43994140625
1998-08-27,4509.759765625
1998-08-28,4366.7001953125
1998-08-31,4275.93017578125
1998-09-01,4066.929931640625
1998-09-02,4117.3701171875
1998-09-03,4037.52001953125
1998-09-04,3944.469970703125
1998-09-07,3924.389892578125
1998-09-08,4072.679931640625
1998-09-09,4215.93994140625
1998-09-10,4096.68994140625
1998-09-11,4003.179931640625
1998-09-14,4074.330078125
1998-09-15,4080.31005859375
1998-09-16,4134.990234375
1998-09-17,4077.590087890625
1998-09-18,4094.949951171875
1998-09-21,4031.550048828125
1998-09-22,4051.219970703125
1998-09-23,4173.77978515625
1998-09-24,4297.7099609375
1998-09-25,4237.56982421875
1998-09-28,4338.77978515625
1998-09-29,4346.75
1998-09-30,4278.14013671875
1998-10-01,4111.31982421875
1998-10-02,3958.610107421875
1998-10-05,3855.909912109375
1998-10-06,3933.419921875
1998-10-07,3924.679931640625
1998-10-08,3745.110107421875
1998-10-09,3767.4599609375
1998-10-12,3993.820068359375
1998-10-13,3987.6298828125
1998-10-14,3990.5
1998-10-15,4078.840087890625
1998-10-16,4183.08984375
1998-10-19,4148.490234375
1998-10-20,4231.97998046875
1998-10-21,4254.419921875
1998-10-22,4277.8701171875
1998-10-23,4197.97021484375
1998-10-27,4355.56005859375
1998-10-28,4298.33984375
1998-10-29,4304.56005859375
1998-10-30,4391.9501953125
1998-11-02,4451.31005859375
1998-11-03,4460.81982421875
1998-11-04,4501.490234375
1998-11-05,4427.6298828125
1998-11-06,4434.509765625
1998-11-09,4422.64013671875
1998-11-10,4418.39990234375
1998-11-11,4444.0400390625
1998-11-12,4461.509765625
1998-11-13,4476.39990234375
1998-11-16,4516.97021484375
1998-11-17,4566.169921875
1998-11-18,4545.68994140625
1998-11-19,4586.39013671875
1998-11-20,4681.93017578125
1998-11-23,4788.759765625
1998-11-24,4757.7099609375
1998-11-25,4751.2001953125
1998-11-26,4736.259765625
1998-11-27,4776.5400390625
1998-11-30,4726.81982421875
1998-12-01,4575.759765625
1998-12-02,4635.72998046875
1998-12-03,4608.66015625
1998-12-04,4596.81982421875
1998-12-07,4597.52001953125
1998-12-08,4583.60986328125
1998-12-09,4590.7900390625
1998-12-10,4640.3798828125
1998-12-11,4616.009765625
1998-12-14,4553.330078125
1998-12-15,4578.9599609375
1998-12-16,4685.56982421875
1998-12-17,4734.97998046875
1998-12-18,4828.93994140625
1998-12-21,4909.47998046875
1998-12-22,4867.43017578125
1998-12-23,4880.22998046875
1998-12-24,4929.72998046875
1998-12-30,4995.81982421875
1999-01-04,5076.9501953125
1999-01-05,5181.259765625
1999-01-06,5392.6298828125
1999-01-07,5285.18994140625
1999-01-08,5285.8798828125
1999-01-11,5278.10986328125
1999-01-12,5233.8701171875
1999-01-13,5064.9501953125
1999-01-14,5103.1201171875
1999-01-15,5080.1201171875
1999-01-18,5150.1201171875
1999-01-19,5176.47021484375
1999-01-20,5262.89990234375
1999-01-21,5307.8798828125
1999-01-22,5233.58984375
1999-01-25,5254.7001953125
1999-01-26,5212.39013671875
1999-01-27,5199.93017578125
1999-01-28,5184.77978515625
1999-01-29,5166.22021484375
1999-02-01,5204.9599609375
1999-02-02,5294.5498046875
1999-02-03,5339.22998046875
1999-02-04,5287.72021484375
1999-02-05,5216.7099609375
1999-02-08,5200.5400390625
1999-02-09,5168.5498046875
1999-02-10,5158.6201171875
1999-02-11,5139.31982421875
1999-02-12,5251.330078125
1999-02-15,5235.759765625
1999-02-16,5310.4599609375
1999-02-17,5240.0400390625
1999-02-18,5190.97021484375
1999-02-19,5239.52978515625
1999-02-22,5219.16015625
1999-02-23,5268.60986328125
1999-02-24,5315.25
1999-02-25,5325.2900390625
1999-02-26,5335.85009765625
1999-03-01,5314.1201171875
1999-03-02,5293.47998046875
1999-03-03,5309.2001953125
1999-03-04,5303.580078125
1999-03-05,5389.06005859375
1999-03-08,5418.08984375
1999-03-09,5423.7001953125
1999-03-10,5368.39013671875
1999-03-11,5427.3701171875
1999-03-12,5404.2998046875
1999-03-15,5331.97998046875
1999-03-16,5297.60009765625
1999-03-18,5297.669921875
1999-03-19,5381.14990234375
1999-03-22,5430.419921875
1999-03-23,5373.490234375
1999-03-24,5296.4599609375
1999-03-25,5287.16015625
1999-03-26,5256.18994140625
1999-03-29,5252.9599609375
1999-03-30,5296.080078125
1999-03-31,5304.169921875
1999-04-01,5286.8798828125
1999-04-06,5362.740234375
1999-04-07,5375.97021484375
1999-04-08,5378.2900390625
1999-04-09,5356.91015625
1999-04-12,5351.2998046875
1999-04-13,5437.91015625
1999-04-14,5384.759765625
1999-04-15,5339.68017578125
1999-04-16,5308.85986328125
1999-04-19,5318.97021484375
1999-04-20,5250.0
1999-04-21,5282.35986328125
1999-04-22,5404.5400390625
1999-04-23,5327.91015625
1999-04-26,5298.4501953125
1999-04-27,5315.509765625
1999-04-28,5296.85986328125
1999-04-29,5255.259765625
1999-04-30,5226.14013671875
1999-05-04,5216.22021484375
1999-05-05,5252.47021484375
1999-05-06,5206.9599609375
1999-05-07,5180.68994140625
1999-05-10,5156.08984375
1999-05-11,5161.830078125
1999-05-12,5236.68994140625
1999-05-13,5199.81005859375
1999-05-14,5111.6298828125
1999-05-17,5057.16015625
1999-05-18,5074.080078125
1999-05-19,5039.52001953125
1999-05-20,5103.89013671875
1999-05-21,5101.35009765625
1999-05-24,5133.56005859375
1999-05-25,4976.47998046875
1999-05-26,4949.72021484375
1999-05-27,4939.68017578125
1999-05-28,4902.8798828125
1999-05-31,4905.580078125
1999-06-01,4876.89990234375
1999-06-02,4894.89990234375
1999-06-03,4939.60986328125
1999-06-04,4918.669921875
1999-06-08,5004.16015625
1999-06-09,5007.669921875
1999-06-10,4928.66015625
1999-06-11,4983.18017578125
1999-06-14,4928.64013671875
1999-06-15,4892.72998046875
1999-06-16,4903.52978515625
1999-06-17,4901.25
1999-06-18,4958.10009765625
1999-06-21,5045.97021484375
1999-06-22,5063.35986328125
1999-06-23,5052.10986328125
1999-06-24,5018.68994140625
1999-06-25,4860.72998046875
1999-06-28,4812.39990234375
1999-06-29,4765.39013671875
1999-06-30,4817.85986328125
1999-07-01,4928.490234375
1999-07-02,5014.0400390625
1999-07-05,5092.0
1999-07-06,5087.31005859375
1999-07-07,5062.27978515625
1999-07-08,5093.31005859375
1999-07-09,5108.56982421875
1999-07-12,5123.31982421875
1999-07-13,5050.740234375
1999-07-14,5112.9599609375
1999-07-15,5097.0498046875
1999-07-16,5088.81005859375
1999-07-19,5137.0498046875
1999-07-20,5042.81982421875
1999-07-21,4981.259765625
1999-07-22,4975.33984375
1999-07-23,4919.919921875
1999-07-26,4818.31982421875
1999-07-27,4854.64990234375
1999-07-28,4862.18994140625
1999-07-29,4857.60009765625
1999-07-30,4885.58984375
1999-08-03,4868.4501953125
1999-08-04,4807.009765625
1999-08-05,4761.9599609375
1999-08-06,4767.66015625
1999-08-09,4780.08984375
1999-08-10,4730.490234375
1999-08-11,4740.77001953125
1999-08-12,4846.56982421875
1999-08-13,4832.75
1999-08-16,4833.4599609375
1999-08-17,4816.72998046875
1999-08-18,4819.2099609375
1999-08-19,4797.97998046875
1999-08-20,4807.14013671875
1999-08-23,4870.259765625
1999-08-24,4864.22021484375
1999-08-25,4901.31982421875
1999-08-26,4907.669921875
1999-08-27,4923.509765625
1999-08-30,4934.66015625
1999-08-31,4938.669921875
1999-09-01,4981.0
1999-09-02,4948.5400390625
1999-09-03,4988.22021484375
1999-09-06,4954.6298828125
1999-09-07,4961.7001953125
1999-09-08,4963.33984375
1999-09-09,4924.81982421875
1999-09-10,4921.080078125
1999-09-13,4807.330078125
1999-09-14,4767.990234375
1999-09-15,4755.5498046875
1999-09-16,4669.56005859375
1999-09-17,4669.419921875
1999-09-20,4683.7900390625
1999-09-21,4712.7998046875
1999-09-22,4700.43994140625
1999-09-23,4760.31005859375
1999-09-24,4729.2099609375
1999-09-27,4715.240234375
1999-09-28,4698.490234375
1999-09-29,4687.41015625
1999-09-30,4721.6201171875
1999-10-01,4728.009765625
1999-10-04,4783.35986328125
1999-10-05,4773.91015625
1999-10-06,4768.419921875
1999-10-07,4802.02978515625
1999-10-08,4819.240234375
1999-10-11,4836.2099609375
1999-10-12,4803.75
1999-10-13,4747.240234375
1999-10-14,4776.83984375
1999-10-15,4705.60009765625
1999-10-18,4633.56005859375
1999-10-19,4621.72998046875
1999-10-20,4595.669921875
1999-10-21,4585.39990234375
1999-10-22,4627.35009765625
1999-10-25,4627.35009765625
1999-10-26,4565.8701171875
1999-10-27,4567.31005859375
1999-10-28,4471.2900390625
1999-10-29,4521.830078125
1999-11-01,4561.66015625
1999-11-02,4589.43994140625
1999-11-03,4644.14013671875
1999-11-04,4615.02001953125
1999-11-05,4609.14990234375
1999-11-08,4568.39013671875
1999-11-09,4603.39990234375
1999-11-10,4561.75
1999-11-11,4608.7998046875
1999-11-12,4633.7099609375
1999-11-15,4738.89013671875
1999-11-16,4821.4501953125
1999-11-17,4929.22998046875
1999-11-18,4916.35986328125
1999-11-19,4937.31982421875
1999-11-22,4901.919921875
1999-11-23,4886.009765625
1999-11-24,4890.330078125
1999-11-25,4954.7099609375
1999-11-26,4968.27001953125
1999-11-29,4966.5498046875
1999-11-30,4871.490234375
1999-12-01,4906.259765625
1999-12-02,4928.14013671875
1999-12-03,5019.2099609375
1999-12-06,4993.35009765625
1999-12-07,4919.2001953125
1999-12-08,4819.10986328125
1999-12-09,4805.77978515625
1999-12-10,4849.18017578125
1999-12-13,4901.66015625
1999-12-14,4888.2099609375
1999-12-15,4855.580078125
1999-12-16,4841.58984375
1999-12-17,4831.7900390625
1999-12-20,4895.14013671875
1999-12-21,4841.66015625
1999-12-22,4861.77001953125
1999-12-23,4875.5498046875
1999-12-24,4912.58984375
1999-12-29,4964.64990234375
1999-12-30,5017.5400390625
2000-01-04,4940.2099609375
2000-01-05,4893.009765625
2000-01-06,4893.7998046875
2000-01-07,4913.759765625
2000-01-10,5010.43994140625
2000-01-11,5048.08984375
2000-01-12,5072.3701171875
2000-01-13,5031.39990234375
2000-01-14,5063.81982421875
2000-01-17,5072.89990234375
2000-01-18,5094.5400390625
2000-01-19,4973.830078125
2000-01-20,4924.9501953125
2000-01-21,4902.97021484375
2000-01-24,4895.259765625
2000-01-25,4818.7099609375
2000-01-26,4780.97998046875
2000-01-27,4845.58984375
2000-01-28,4902.97021484375
2000-01-31,4903.0498046875
2000-02-01,4865.5
2000-02-02,4805.41015625
2000-02-03,4918.8798828125
2000-02-04,4929.2998046875
2000-02-07,4896.31005859375
2000-02-08,4969.91015625
2000-02-09,5076.39013671875
2000-02-10,5090.60986328125
2000-02-11,5073.66015625
2000-02-14,5046.10009765625
2000-02-15,5038.81982421875
2000-02-16,5021.43017578125
2000-02-17,5052.2001953125
2000-02-18,5044.58984375
2000-02-21,4956.990234375
2000-02-22,4982.52978515625
2000-02-23,5027.8798828125
2000-02-24,5054.66015625
2000-02-25,5045.27001953125
2000-02-28,5012.9501953125
2000-02-29,5116.419921875
2000-03-01,5268.3798828125
2000-03-02,5326.85986328125
2000-03-03,5312.830078125
2000-03-06,5301.91015625
2000-03-07,5309.240234375
2000-03-08,5272.7900390625
2000-03-09,5259.39013671875
2000-03-10,5292.669921875
2000-03-13,5255.4599609375
2000-03-14,5254.490234375
2000-03-15,5181.08984375
2000-03-16,5364.2001953125
2000-03-20,5496.06005859375
2000-03-21,5478.25
2000-03-22,5455.0
2000-03-23,5461.52978515625
2000-03-24,5512.5
2000-03-27,5466.68994140625
2000-03-28,5460.490234375
2000-03-29,5606.990234375
2000-03-30,5595.75
2000-03-31,5647.60009765625
2000-04-03,5648.5
2000-04-04,5646.5
2000-04-05,5510.97998046875
2000-04-06,5589.5400390625
2000-04-07,5505.89990234375
2000-04-10,5435.81982421875
2000-04-11,5372.02978515625
2000-04-12,5474.5498046875
2000-04-13,5474.56005859375
2000-04-14,5494.39013671875
2000-04-17,5313.8701171875
2000-04-18,5358.47021484375
2000-04-19,5436.0400390625
2000-04-20,5373.169921875
2000-04-25,5379.77978515625
2000-04-26,5442.6298828125
2000-04-27,5371.009765625
2000-04-28,5384.1201171875
2000-05-02,5411.93994140625
2000-05-03,5446.47998046875
2000-05-04,5469.77001953125
2000-05-05,5497.08984375
2000-05-08,5477.1201171875
2000-05-09,5407.14013671875
2000-05-10,5370.06982421875
2000-05-11,5282.259765625
2000-05-12,5312.14990234375
2000-05-15,5338.18017578125
2000-05-16,5429.919921875
2000-05-17,5384.47021484375
2000-05-18,5395.91015625
2000-05-19,5323.85009765625
2000-05-22,5127.5400390625
2000-05-23,5125.5400390625
2000-05-24,5045.2998046875
2000-05-25,5075.4599609375
2000-05-26,4938.77978515625
2000-05-29,4922.68994140625
2000-05-30,5017.68017578125
2000-05-31,4915.6201171875
2000-06-01,4924.759765625
2000-06-02,4969.9501953125
2000-06-06,4994.1201171875
2000-06-07,5001.259765625
2000-06-08,4932.68994140625
2000-06-09,4981.33984375
2000-06-12,5001.81005859375
2000-06-13,5012.580078125
2000-06-14,4953.43017578125
2000-06-15,4965.39013671875
2000-06-16,5011.52978515625
2000-06-19,4986.47998046875
2000-06-20,4994.5400390625
2000-06-21,4957.68994140625
2000-06-22,4891.2099609375
2000-06-23,4910.2001953125
2000-06-26,4845.830078125
2000-06-27,4829.47021484375
2000-06-28,4840.919921875
2000-06-29,4885.91015625
2000-06-30,4916.6201171875
2000-07-03,4942.43017578125
2000-07-04,4993.25
2000-07-05,4922.7900390625
2000-07-06,4930.3798828125
2000-07-07,4974.39013671875
2000-07-10,5022.6298828125
2000-07-11,5074.35009765625
2000-07-12,5115.4599609375
2000-07-13,5098.4501953125
2000-07-14,5105.77978515625
2000-07-17,5164.64013671875
2000-07-18,5132.66015625
2000-07-19,5138.509765625
2000-07-20,5133.68017578125
2000-07-21,5099.5498046875
2000-07-24,5119.06005859375
2000-07-25,5089.39013671875
2000-07-26,5108.85009765625
2000-07-27,5016.35009765625
2000-07-28,4994.47021484375
2000-07-31,4985.85009765625
2000-08-01,5119.89990234375
2000-08-02,5185.47998046875
2000-08-03,5212.2998046875
2000-08-04,5264.1298828125
2000-08-08,5184.93994140625
2000-08-09,5223.7001953125
2000-08-10,5237.669921875
2000-08-11,5231.7900390625
2000-08-14,5311.9501953125
2000-08-15,5224.97998046875
2000-08-16,5256.4599609375
2000-08-17,5321.39990234375
2000-08-18,5406.5
2000-08-21,5384.759765625
2000-08-22,5442.259765625
2000-08-23,5404.490234375
2000-08-24,5364.759765625
2000-08-25,5374.7001953125
2000-08-28,5350.10009765625
2000-08-29,5356.009765625
2000-08-30,5372.77978515625
2000-08-31,5403.43994140625
2000-09-01,5473.72021484375
2000-09-04,5455.8701171875
2000-09-05,5463.85986328125
2000-09-06,5467.60009765625
2000-09-07,5510.77001953125
2000-09-08,5450.7900390625
2000-09-11,5393.83984375
2000-09-12,5460.35986328125
2000-09-13,5478.919921875
2000-09-14,5467.509765625
2000-09-15,5476.93017578125
2000-09-18,5495.7099609375
2000-09-19,5396.16015625
2000-09-20,5502.169921875
2000-09-21,5499.58984375
2000-09-22,5439.580078125
2000-09-25,5553.080078125
2000-09-26,5540.43994140625
2000-09-27,5618.64013671875
2000-09-28,5689.31982421875
2000-09-29,5737.16015625
2000-10-02,5624.85009765625
2000-10-04,5676.22998046875
2000-10-05,5710.830078125
2000-10-06,5718.7998046875
2000-10-09,5680.1201171875
2000-10-10,5759.14990234375
2000-10-11,5680.580078125
2000-10-12,5657.18994140625
2000-10-13,5605.7998046875
2000-10-16,5671.2900390625
2000-10-17,5686.4501953125
2000-10-18,5544.490234375
2000-10-19,5570.66015625
2000-10-20,5659.27001953125
2000-10-23,5648.72021484375
2000-10-24,5726.68017578125
2000-10-25,5789.18017578125
2000-10-26,5816.39990234375
2000-10-27,5924.93994140625
2000-10-31,5862.66015625
2000-11-01,5884.75
2000-11-02,5872.0400390625
2000-11-03,5879.31005859375
2000-11-06,5885.0498046875
2000-11-07,5937.580078125
2000-11-08,5940.509765625
2000-11-09,5904.31005859375
2000-11-10,5898.75
2000-11-13,5744.06982421875
2000-11-14,5764.740234375
2000-11-15,5802.27001953125
2000-11-16,5867.77001953125
2000-11-17,5931.52001953125
2000-11-20,5878.60986328125
2000-11-21,5876.580078125
2000-11-22,5782.02001953125
2000-11-23,5753.60009765625
2000-11-24,5783.64013671875
2000-11-27,5830.93994140625
2000-11-28,5784.240234375
2000-11-29,5778.509765625
2000-11-30,5723.4599609375
2000-12-01,5786.27978515625
2000-12-04,5786.490234375
2000-12-05,5840.97021484375
2000-12-06,5881.39990234375
2000-12-07,5804.2900390625
2000-12-08,5811.9501953125
2000-12-11,5800.0400390625
2000-12-12,5844.08984375
2000-12-13,5834.08984375
2000-12-14,5815.2998046875
2000-12-15,5769.85009765625
2000-12-18,5752.27978515625
2000-12-19,5751.35009765625
2000-12-20,5605.35009765625
2000-12-21,5603.72021484375
2000-12-22,5603.06982421875
2000-12-27,5646.47998046875
2000-12-28,5640.27978515625
2000-12-29,5722.52978515625
2001-01-02,5744.8798828125
2001-01-03,5698.919921875
2001-01-04,5693.25
2001-01-05,5639.22998046875
2001-01-08,5573.77978515625
2001-01-09,5579.14990234375
2001-01-10,5511.72998046875
2001-01-11,5562.0498046875
2001-01-12,5555.5
2001-01-15,5581.85986328125
2001-01-16,5571.3701171875
2001-01-17,5597.6201171875
2001-01-18,5604.68017578125
2001-01-19,5633.85986328125
2001-01-22,5647.35009765625
2001-01-23,5651.25
2001-01-24,5809.31982421875
2001-01-25,5876.2001953125
2001-01-26,5878.81982421875
2001-01-29,5914.0
2001-01-30,5850.06982421875
2001-01-31,5891.259765625
2001-02-01,5825.9599609375
2001-02-02,5808.8798828125
2001-02-05,5817.27978515625
2001-02-06,5841.5498046875
2001-02-07,5912.06005859375
2001-02-08,5937.72021484375
2001-02-09,5880.77001953125
2001-02-12,5897.56005859375
2001-02-13,5925.18017578125
2001-02-14,5861.43994140625
2001-02-15,5872.22998046875
2001-02-16,5949.7099609375
2001-02-19,5914.52978515625
2001-02-20,5966.77001953125
2001-02-21,5929.759765625
2001-02-22,5955.759765625
2001-02-23,5978.169921875
2001-02-26,5897.18017578125
2001-02-27,5944.16015625
2001-02-28,5881.81982421875
2001-03-01,5883.759765625
2001-03-02,5787.240234375
2001-03-05,5822.3798828125
2001-03-06,5782.47998046875
2001-03-07,5787.2001953125
2001-03-08,5734.77001953125
2001-03-09,5683.080078125
2001-03-12,5612.6298828125
2001-03-13,5567.77978515625
2001-03-14,5499.35986328125
2001-03-15,5506.52978515625
2001-03-16,5440.06005859375
2001-03-19,5401.33984375
2001-03-20,5447.47998046875
2001-03-21,5318.66015625
2001-03-22,5055.2900390625
2001-03-23,5185.75
2001-03-26,5372.64013671875
2001-03-27,5550.47998046875
2001-03-28,5546.490234375
2001-03-29,5478.1201171875
2001-03-30,5541.35986328125
2001-04-09,5584.58984375
2001-04-10,5684.1298828125
2001-04-11,5699.9501953125
2001-04-12,5664.83984375
2001-04-17,5695.2001953125
2001-04-18,5725.56982421875
2001-04-19,5641.1298828125
2001-04-20,5629.35986328125
2001-04-23,5640.66015625
2001-04-24,5647.6298828125
2001-04-25,5640.58984375
2001-04-26,5657.31005859375
2001-04-27,5722.43017578125
2001-04-30,5833.669921875
2001-05-02,5838.89013671875
2001-05-03,5845.06005859375
2001-05-04,5869.68994140625
2001-05-08,5933.830078125
2001-05-09,5953.72021484375
2001-05-10,6026.85986328125
2001-05-11,6071.60986328125
2001-05-14,6132.43994140625
2001-05-15,6073.64013671875
2001-05-16,6050.64990234375
2001-05-17,6114.419921875
2001-05-18,6148.990234375
2001-05-21,6167.31005859375
2001-05-22,6293.3798828125
2001-05-23,6343.72998046875
2001-05-24,6240.9501953125
2001-05-25,6241.39990234375
2001-05-28,6226.47998046875
2001-05-29,6288.4501953125
2001-05-30,6259.10009765625
2001-05-31,6267.39990234375
2001-06-01,6330.85009765625
2001-06-05,6427.6298828125
2001-06-06,6408.77978515625
2001-06-07,6373.47998046875
2001-06-08,6357.52978515625
2001-06-11,6302.7001953125
2001-06-12,6234.330078125
2001-06-13,6255.3798828125
2001-06-14,6257.2998046875
2001-06-15,6339.9501953125
2001-06-18,6373.1298828125
2001-06-19,6403.43994140625
2001-06-20,6439.7998046875
2001-06-21,6447.22021484375
2001-06-22,6457.68994140625
2001-06-25,6395.97021484375
2001-06-26,6292.0
2001-06-27,6323.419921875
2001-06-28,6352.240234375
2001-06-29,6435.14990234375
2001-07-02,6428.0400390625
2001-07-03,6440.6201171875
2001-07-04,6389.419921875
2001-07-05,6357.72998046875
2001-07-06,6276.35009765625
2001-07-09,6342.8701171875
2001-07-10,6386.91015625
2001-07-11,6304.509765625
2001-07-12,6371.6201171875
2001-07-13,6388.2099609375
2001-07-16,6395.83984375
2001-07-17,6350.77001953125
2001-07-18,6377.7001953125
2001-07-19,6427.47998046875
2001-07-20,6338.02978515625
2001-07-23,6410.240234375
2001-07-24,6300.7001953125
2001-07-25,6120.5498046875
2001-07-26,6083.47021484375
2001-07-27,6135.22021484375
2001-07-30,6079.52978515625
2001-07-31,6060.64013671875
2001-08-01,6082.009765625
2001-08-02,6089.35986328125
2001-08-03,6075.2998046875
2001-08-06,6019.56005859375
2001-08-07,6040.56005859375
2001-08-08,6014.47021484375
2001-08-09,5877.02978515625
2001-08-10,5828.31005859375
2001-08-13,5880.240234375
2001-08-14,5931.41015625
2001-08-15,5871.93017578125
2001-08-16,5876.22021484375
2001-08-17,5851.64013671875
2001-08-20,5857.35009765625
2001-08-21,5912.75
2001-08-22,5846.81982421875
2001-08-23,5885.18994140625
2001-08-24,5913.58984375
2001-08-27,5901.0
2001-08-28,5909.41015625
2001-08-29,5878.85009765625
2001-08-30,5769.580078125
2001-08-31,5757.759765625
2001-09-03,5756.83984375
2001-09-04,5751.7099609375
2001-09-05,5774.89990234375
2001-09-06,5785.47998046875
2001-09-07,5678.7900390625
2001-09-10,5576.669921875
2001-09-13,5385.5400390625
2001-09-14,5289.85986328125
2001-09-17,5182.2099609375
2001-09-18,5158.0
2001-09-19,4953.60009765625
2001-09-20,4772.89990234375
2001-09-21,4650.35009765625
2001-09-24,4762.0498046875
2001-09-25,4729.39013671875
2001-09-26,4808.68017578125
2001-09-27,4887.35009765625
2001-09-28,5002.77001953125
2001-10-01,4932.169921875
2001-10-02,4934.7001953125
2001-10-03,4924.759765625
2001-10-04,5064.52001953125
2001-10-05,5131.22998046875
2001-10-08,5045.02978515625
2001-10-09,5013.18994140625
2001-10-10,5092.43017578125
2001-10-11,5189.0
2001-10-12,5225.919921875
2001-10-15,5216.75
2001-10-16,5348.2998046875
2001-10-17,5344.490234375
2001-10-18,5319.080078125
2001-10-19,5236.0
2001-10-22,5249.52001953125
2001-10-23,5357.75
2001-10-24,5349.6298828125
2001-10-25,5298.97998046875
2001-10-26,5325.52001953125
2001-10-29,5271.97998046875
2001-10-30,5178.31982421875
2001-10-31,5221.16015625
2001-11-01,5162.22998046875
2001-11-02,5167.0
2001-11-05,5238.83984375
2001-11-06,5285.0
2001-11-07,5194.60009765625
2001-11-08,5187.7099609375
2001-11-09,5183.2099609375
2001-11-12,5138.77978515625
2001-11-13,5181.85986328125
2001-11-14,5153.7001953125
2001-11-15,5249.7001953125
2001-11-16,5261.5498046875
2001-11-19,5307.08984375
2001-11-20,5408.330078125
2001-11-21,5424.7900390625
2001-11-22,5429.240234375
2001-11-23,5458.0498046875
2001-11-26,5511.06982421875
2001-11-27,5475.16015625
2001-11-28,5423.56005859375
2001-11-29,5406.4599609375
2001-11-30,5463.77001953125
2001-12-03,5459.2998046875
2001-12-04,5496.2998046875
2001-12-05,5597.5498046875
2001-12-06,5628.2099609375
2001-12-07,5624.330078125
2001-12-10,5620.52978515625
2001-12-11,5573.14013671875
2001-12-12,5475.31982421875
2001-12-13,5445.06982421875
2001-12-14,5323.10986328125
2001-12-17,5436.7099609375
2001-12-18,5460.89990234375
2001-12-19,5433.6201171875
2001-12-20,5490.7900390625
2001-12-21,5623.39013671875
2001-12-27,5627.41015625
2001-12-28,5673.22998046875
2002-01-02,5648.47998046875
2002-01-03,5623.6201171875
2002-01-04,5638.22998046875
2002-01-07,5665.18017578125
2002-01-08,5632.85986328125
2002-01-09,5596.669921875
2002-01-10,5525.1298828125
2002-01-11,5566.22021484375
2002-01-14,5550.7099609375
2002-01-15,5596.080078125
2002-01-16,5620.25
2002-01-17,5662.0498046875
2002-01-18,5532.35009765625
2002-01-21,5488.77978515625
2002-01-22,5512.2900390625
2002-01-23,5515.02978515625
2002-01-24,5568.4501953125
2002-01-25,5537.39990234375
2002-01-28,5521.89990234375
2002-01-29,5473.41015625
2002-01-30,5225.75
2002-01-31,5292.3701171875
2002-02-01,5380.14990234375
2002-02-04,5071.60009765625
2002-02-05,4899.330078125
2002-02-06,4775.47998046875
2002-02-07,4724.509765625
2002-02-08,4758.81982421875
2002-02-11,4740.93017578125
2002-02-12,4812.8798828125
2002-02-13,4865.6298828125
2002-02-14,4879.8701171875
2002-02-15,4873.580078125
2002-02-18,4833.85986328125
2002-02-19,4811.64990234375
2002-02-20,4793.77001953125
2002-02-21,4828.740234375
2002-02-22,4813.419921875
2002-02-25,4880.0400390625
2002-02-26,4947.4599609375
2002-02-27,4956.169921875
2002-02-28,4959.60986328125
2002-03-01,4961.8798828125
2002-03-04,5045.02001953125
2002-03-05,5046.0498046875
2002-03-06,4991.080078125
2002-03-07,4985.66015625
2002-03-08,4995.64013671875
2002-03-11,5027.77978515625
2002-03-12,5047.31982421875
2002-03-13,5074.56982421875
2002-03-14,5060.259765625
2002-03-15,5076.58984375
2002-03-18,5109.58984375
2002-03-19,5151.2099609375
2002-03-20,5134.259765625
2002-03-21,5134.419921875
2002-03-22,5192.919921875
2002-03-25,5211.31982421875
2002-03-26,5147.27001953125
2002-03-27,5162.52001953125
2002-03-28,5186.56982421875
2002-04-02,5251.14013671875
2002-04-03,5212.509765625
2002-04-04,5168.68994140625
2002-04-05,5163.02001953125
2002-04-08,5121.39013671875
2002-04-09,5077.9599609375
2002-04-10,5082.6201171875
2002-04-11,5071.7998046875
2002-04-12,5076.3701171875
2002-04-15,5109.60009765625
2002-04-16,5084.97998046875
2002-04-17,5090.52001953125
2002-04-18,5058.31005859375
2002-04-19,5098.4501953125
2002-04-22,5147.47021484375
2002-04-23,5137.240234375
2002-04-24,5142.72998046875
2002-04-25,5111.58984375
2002-04-26,5134.0
2002-04-29,5147.990234375
2002-04-30,5146.72021484375
2002-05-02,5178.1201171875
2002-05-03,5217.7900390625
2002-05-07,5160.669921875
2002-05-08,5199.9501953125
2002-05-09,5240.2900390625
2002-05-10,5243.83984375
2002-05-13,5265.8701171875
2002-05-14,5281.47998046875
2002-05-15,5300.9501953125
2002-05-16,5251.56982421875
2002-05-17,5260.5498046875
2002-05-20,5273.52978515625
2002-05-21,5237.490234375
2002-05-22,5226.97998046875
2002-05-23,5245.89990234375
2002-05-24,5210.64013671875
2002-05-27,5249.27978515625
2002-05-28,5224.9501953125
2002-05-29,5249.22998046875
2002-05-30,5221.60986328125
2002-05-31,5237.93994140625
2002-06-04,5207.14013671875
2002-06-05,5213.41015625
2002-06-06,5219.27978515625
2002-06-07,5146.22998046875
2002-06-10,5172.1201171875
2002-06-11,5178.91015625
2002-06-12,5101.47998046875
2002-06-13,5082.89013671875
2002-06-14,4960.6298828125
2002-06-17,4969.4599609375
2002-06-18,4964.35009765625
2002-06-19,4922.68994140625
2002-06-20,4835.60009765625
2002-06-21,4847.93017578125
2002-06-24,4818.5498046875
2002-06-25,4848.06005859375
2002-06-26,4697.31982421875
2002-06-27,4681.52978515625
2002-06-28,4743.4501953125
2002-07-01,4690.0
2002-07-02,4597.31982421875
2002-07-03,4406.81005859375
2002-07-04,4439.22021484375
2002-07-05,4515.06005859375
2002-07-08,4486.93994140625
2002-07-09,4529.39013671875
2002-07-10,4458.85986328125
2002-07-11,4336.91015625
2002-07-12,4427.85986328125
2002-07-15,4343.330078125
2002-07-16,4313.4501953125
2002-07-17,4375.72998046875
2002-07-18,4391.35009765625
2002-07-19,4348.60009765625
2002-07-22,4208.91015625
2002-07-23,4105.02978515625
2002-07-24,3953.47998046875
2002-07-25,4042.510009765625
2002-07-26,4081.10009765625
2002-07-29,4134.4501953125
2002-07-30,4113.43994140625
2002-07-31,4243.39013671875
2002-08-01,4204.97998046875
2002-08-02,4231.77978515625
2002-08-05,4186.7900390625
2002-08-06,4241.2998046875
2002-08-07,4257.919921875
2002-08-08,4278.72021484375
2002-08-09,4293.81005859375
2002-08-12,4303.419921875
2002-08-13,4404.81005859375
2002-08-14,4431.31005859375
2002-08-15,4511.56982421875
2002-08-16,4501.3798828125
2002-08-19,4488.080078125
2002-08-20,4447.14013671875
2002-08-21,4472.85986328125
2002-08-22,4499.35986328125
2002-08-23,4469.8798828125
2002-08-26,4486.14013671875
2002-08-27,4478.72021484375
2002-08-28,4423.39990234375
2002-08-29,4367.66015625
2002-08-30,4400.97998046875
2002-09-02,4359.7099609375
2002-09-03,4214.669921875
2002-09-04,4188.2998046875
2002-09-05,4150.60986328125
2002-09-06,4189.75
2002-09-09,4224.35986328125
2002-09-10,4288.18994140625
2002-09-11,4355.68017578125
2002-09-12,4269.35986328125
2002-09-13,4205.080078125
2002-09-16,4221.85009765625
2002-09-17,4289.830078125
2002-09-18,4156.68017578125
2002-09-19,4101.18994140625
2002-09-20,4105.419921875
2002-09-23,4010.0
2002-09-24,3923.969970703125
2002-09-25,3916.10009765625
2002-09-26,4014.320068359375
2002-09-27,3995.25
2002-09-30,3838.52001953125
2002-10-01,3863.10009765625
2002-10-02,3926.35009765625
2002-10-03,3875.9599609375
2002-10-04,3842.89990234375
2002-10-07,3748.659912109375
2002-10-08,3733.8798828125
2002-10-09,3620.0400390625
2002-10-10,3644.030029296875
2002-10-11,3822.260009765625
2002-10-14,3806.31005859375
2002-10-15,3942.81005859375
2002-10-16,3903.43994140625
2002-10-17,3980.47998046875
2002-10-18,4041.419921875
2002-10-21,4055.919921875
2002-10-22,4078.8798828125
2002-10-23,4055.340087890625
2002-10-24,4128.02978515625
2002-10-25,4095.489990234375
2002-10-28,4142.77978515625
2002-10-29,4076.739990234375
2002-10-30,4080.110107421875
2002-10-31,4219.27001953125
2002-11-01,4246.77001953125
2002-11-04,4417.009765625
2002-11-05,4342.02001953125
2002-11-06,4295.2998046875
2002-11-07,4277.58984375
2002-11-08,4243.52001953125
2002-11-11,4246.64990234375
2002-11-12,4310.7099609375
2002-11-13,4304.830078125
2002-11-14,4281.14990234375
2002-11-15,4302.43017578125
2002-11-18,4346.5498046875
2002-11-19,4332.85986328125
2002-11-20,4291.39013671875
2002-11-21,4346.10009765625
2002-11-22,4307.669921875
2002-11-25,4336.68994140625
2002-11-26,4312.4599609375
2002-11-27,4341.3701171875
2002-11-28,4376.39990234375
2002-11-29,4419.56005859375
2002-12-02,4431.60986328125
2002-12-03,4351.83984375
2002-12-04,4339.169921875
2002-12-05,4260.08984375
2002-12-06,4226.2900390625
2002-12-09,4166.64013671875
2002-12-10,4179.919921875
2002-12-11,4238.169921875
2002-12-12,4141.740234375
2002-12-13,4037.340087890625
2002-12-16,4059.64990234375
2002-12-17,4042.800048828125
2002-12-18,3983.139892578125
2002-12-19,4003.530029296875
2002-12-20,4029.31005859375
2002-12-23,4019.389892578125
2002-12-27,4006.1201171875
2002-12-30,4017.659912109375
2002-12-31,3995.030029296875
2003-01-02,4109.43017578125
2003-01-03,4165.9599609375
2003-01-06,4188.9599609375
2003-01-07,4183.22021484375
2003-01-08,4157.8701171875
2003-01-09,4162.7001953125
2003-01-10,4195.419921875
2003-01-13,4167.43994140625
2003-01-14,4159.47998046875
2003-01-15,4092.639892578125
2003-01-16,4082.139892578125
2003-01-17,4037.449951171875
2003-01-20,4053.85009765625
2003-01-21,4052.080078125
2003-01-22,4024.60009765625
2003-01-23,3985.949951171875
2003-01-24,3964.929931640625
2003-01-27,3862.93994140625
2003-01-28,3848.090087890625
2003-01-29,3813.1298828125
2003-01-30,3952.030029296875
2003-01-31,3970.56005859375
2003-02-03,4059.050048828125
2003-02-04,3933.179931640625
2003-02-05,3910.110107421875
2003-02-06,3860.0
2003-02-07,3820.8701171875
2003-02-10,3838.5400390625
2003-02-11,3879.5400390625
2003-02-12,3845.800048828125
2003-02-13,3870.219970703125
2003-02-14,3886.330078125
2003-02-17,3910.030029296875
2003-02-18,3948.139892578125
2003-02-19,3923.949951171875
2003-02-20,3954.590087890625
2003-02-21,3931.699951171875
2003-02-24,3893.800048828125
2003-02-25,3789.7900390625
2003-02-26,3751.179931640625
2003-02-27,3732.6201171875
2003-02-28,3789.97998046875
2003-03-03,3798.2900390625
2003-03-04,3813.929931640625
2003-03-05,3780.93994140625
2003-03-06,3797.3701171875
2003-03-07,3815.199951171875
2003-03-10,3829.169921875
2003-03-11,3788.929931640625
2003-03-12,3749.659912109375
2003-03-13,3830.360107421875
2003-03-14,3891.800048828125
2003-03-17,3896.550048828125
2003-03-18,3952.610107421875
2003-03-19,3978.320068359375
2003-03-20,3972.47998046875
2003-03-21,4078.360107421875
2003-03-24,4034.489990234375
2003-03-25,3993.3798828125
2003-03-26,4050.239990234375
2003-03-27,4021.8701171875
2003-03-28,3977.889892578125
2003-03-31,3928.719970703125
2003-04-01,3959.72998046875
2003-04-02,3957.75
2003-04-03,3983.18994140625
2003-04-04,4009.10009765625
2003-04-07,4056.0400390625
2003-04-08,4040.02001953125
2003-04-09,4061.679931640625
2003-04-10,4022.5
2003-04-11,4044.60009765625
2003-04-14,4065.570068359375
2003-04-15,4116.39990234375
2003-04-16,4170.6298828125
2003-04-17,4155.14990234375
2003-04-22,4150.740234375
2003-04-23,4219.91015625
2003-04-24,4199.6298828125
2003-04-25,4166.89990234375
2003-04-28,4198.43994140625
2003-04-29,4217.60986328125
2003-04-30,4204.64013671875
2003-05-01,4186.990234375
2003-05-02,4255.259765625
2003-05-06,4337.6201171875
2003-05-07,4332.52978515625
2003-05-08,4294.10986328125
2003-05-09,4282.39990234375
2003-05-12,4294.81982421875
2003-05-13,4274.27001953125
2003-05-14,4253.14013671875
2003-05-15,4298.72021484375
2003-05-16,4318.259765625
2003-05-19,4220.39013671875
2003-05-20,4223.2998046875
2003-05-21,4211.93994140625
2003-05-22,4264.7099609375
2003-05-23,4264.0
2003-05-26,4266.18994140625
2003-05-27,4244.72998046875
2003-05-28,4237.759765625
2003-05-29,4214.169921875
2003-05-30,4214.89013671875
2003-06-03,4324.740234375
2003-06-04,4344.10009765625
2003-06-05,4366.02978515625
2003-06-06,4371.06005859375
2003-06-09,4340.35009765625
2003-06-10,4275.81982421875
2003-06-11,4247.9501953125
2003-06-12,4291.77001953125
2003-06-13,4299.9599609375
2003-06-16,4333.60009765625
2003-06-17,4415.31982421875
2003-06-18,4379.2900390625
2003-06-19,4327.43994140625
2003-06-20,4350.43994140625
2003-06-23,4317.330078125
2003-06-24,4326.8701171875
2003-06-25,4352.93017578125
2003-06-26,4264.9599609375
2003-06-27,4257.10986328125
2003-06-30,4279.830078125
2003-07-01,4265.0
2003-07-02,4280.4599609375
2003-07-03,4270.240234375
2003-07-04,4280.16015625
2003-07-07,4327.58984375
2003-07-08,4307.10986328125
2003-07-09,4301.43017578125
2003-07-10,4350.43994140625
2003-07-11,4383.64013671875
2003-07-14,4427.97021484375
2003-07-15,4442.8701171875
2003-07-16,4401.43994140625
2003-07-17,4435.0
2003-07-18,4450.3798828125
2003-07-21,4413.75
2003-07-22,4414.27978515625
2003-07-23,4387.4501953125
2003-07-24,4356.27001953125
2003-07-25,4334.330078125
2003-07-28,4360.47021484375
2003-07-29,4340.509765625
2003-07-30,4388.580078125
2003-07-31,4412.8701171875
2003-08-01,4425.2001953125
2003-08-04,4408.25
2003-08-05,4371.2900390625
2003-08-06,4329.580078125
2003-08-07,4382.009765625
2003-08-08,4362.81982421875
2003-08-11,4383.02001953125
2003-08-12,4384.85009765625
2003-08-13,4399.39990234375
2003-08-14,4416.35009765625
2003-08-15,4419.06005859375
2003-08-18,4435.91015625
2003-08-19,4488.9501953125
2003-08-20,4481.0498046875
2003-08-21,4519.66015625
2003-08-22,4524.77001953125
2003-08-25,4552.7099609375
2003-08-26,4511.08984375
2003-08-27,4542.08984375
2003-08-28,4548.58984375
2003-08-29,4595.81982421875
2003-09-01,4613.64990234375
2003-09-02,4573.72021484375
2003-09-03,4610.259765625
2003-09-04,4590.10986328125
2003-09-05,4629.2001953125
2003-09-08,4659.2900390625
2003-09-09,4636.330078125
2003-09-10,4589.66015625
2003-09-11,4565.81005859375
2003-09-12,4566.7099609375
2003-09-15,4594.669921875
2003-09-16,4642.169921875
2003-09-17,4735.14013671875
2003-09-18,4735.2900390625
2003-09-19,4681.06005859375
2003-09-22,4695.35986328125
2003-09-23,4646.02978515625
2003-09-24,4632.72998046875
2003-09-25,4567.22021484375
2003-09-26,4563.31982421875
2003-09-29,4525.66015625
2003-09-30,4487.3798828125
2003-10-01,4499.02001953125
2003-10-02,4499.58984375
2003-10-03,4530.0498046875
2003-10-06,4556.52001953125
2003-10-07,4561.2001953125
2003-10-08,4572.1298828125
2003-10-09,4636.669921875
2003-10-10,4632.419921875
2003-10-13,4661.7900390625
2003-10-14,4689.490234375
2003-10-15,4732.9599609375
2003-10-16,4704.669921875
2003-10-17,4707.8798828125
2003-10-20,4698.5
2003-10-21,4716.8701171875
2003-10-22,4694.27001953125
2003-10-23,4654.509765625
2003-10-24,4655.39990234375
2003-10-27,4665.1201171875
2003-10-28,4703.75
2003-10-29,4755.66015625
2003-10-30,4774.240234375
2003-10-31,4764.990234375
2003-11-03,4770.64990234375
2003-11-04,4759.2099609375
2003-11-05,4720.64013671875
2003-11-06,4727.77001953125
2003-11-07,4771.39990234375
2003-11-10,4756.3701171875
2003-11-11,4764.41015625
2003-11-12,4753.22021484375
2003-11-13,4757.64990234375
2003-11-14,4763.47998046875
2003-11-17,4695.6201171875
2003-11-18,4679.1298828125
2003-11-19,4657.81982421875
2003-11-20,4623.2900390625
2003-11-21,4620.16015625
2003-11-24,4637.14013671875
2003-11-25,4677.22021484375
2003-11-26,4697.830078125
2003-11-27,4720.3798828125
2003-11-28,4716.009765625
2003-12-01,4771.580078125
2003-12-02,4772.60009765625
2003-12-03,4769.9501953125
2003-12-04,4777.64990234375
2003-12-05,4758.89013671875
2003-12-08,4784.0
2003-12-09,4801.3701171875
2003-12-10,4748.83984375
2003-12-11,4753.06005859375
2003-12-12,4769.490234375
2003-12-15,4802.97998046875
2003-12-16,4764.2001953125
2003-12-17,4789.419921875
2003-12-18,4824.669921875
2003-12-19,4851.97998046875
2003-12-22,4850.7001953125
2003-12-23,4867.990234375
2003-12-29,4895.68994140625
2003-12-30,4918.919921875
2003-12-31,4920.72998046875
2004-01-02,4972.66015625
2004-01-05,4997.740234375
2004-01-06,4993.31982421875
2004-01-07,5016.4501953125
2004-01-08,5075.16015625
2004-01-09,5089.9599609375
2004-01-12,5134.35986328125
2004-01-13,5143.9501953125
2004-01-14,5251.35009765625
2004-01-15,5278.68994140625
2004-01-16,5278.0400390625
2004-01-19,5297.08984375
2004-01-20,5273.60986328125
2004-01-21,5281.43017578125
2004-01-22,5323.8798828125
2004-01-23,5300.81982421875
2004-01-26,5284.31005859375
2004-01-27,5256.64990234375
2004-01-28,5106.06982421875
2004-01-29,5129.7001953125
2004-01-30,5103.47998046875
2004-02-02,5066.25
2004-02-03,5074.56982421875
2004-02-04,5088.06005859375
2004-02-05,5081.14013671875
2004-02-06,5100.4501953125
2004-02-09,5159.97998046875
2004-02-10,5112.2900390625
2004-02-11,5088.77978515625
2004-02-12,5053.2998046875
2004-02-13,5041.240234375
2004-02-16,5043.7998046875
2004-02-17,5046.91015625
2004-02-18,5123.18017578125
2004-02-19,5191.64990234375
2004-02-20,5125.990234375
2004-02-23,5187.33984375
2004-02-24,5060.580078125
2004-02-25,5071.18994140625
2004-02-26,5070.4501953125
2004-02-27,5092.02001953125
2004-03-01,5171.43994140625
2004-03-02,5219.89013671875
2004-03-03,5211.490234375
2004-03-04,5216.85986328125
2004-03-05,5208.509765625
2004-03-08,5229.25
2004-03-09,5228.33984375
2004-03-10,5179.6201171875
2004-03-11,5101.91015625
2004-03-12,5093.27978515625
2004-03-15,5067.080078125
2004-03-16,5056.60009765625
2004-03-17,5108.47998046875
2004-03-18,5126.18994140625
2004-03-19,5154.14013671875
2004-03-22,5073.35009765625
2004-03-23,5117.1298828125
2004-03-24,5099.7001953125
2004-03-25,5189.35009765625
2004-03-26,5181.330078125
2004-03-29,5174.7001953125
2004-03-30,5173.8701171875
2004-03-31,5177.18017578125
2004-04-01,5218.81005859375
2004-04-02,5327.47021484375
2004-04-05,5342.14013671875
2004-04-06,5383.5
2004-04-07,5401.27001953125
2004-04-08,5370.31982421875
2004-04-13,5404.830078125
2004-04-14,5375.06005859375
2004-04-15,5352.06982421875
2004-04-16,5329.06005859375
2004-04-19,5357.47998046875
2004-04-20,5407.1201171875
2004-04-21,5376.58984375
2004-04-22,5436.7998046875
2004-04-23,5506.89990234375
2004-04-26,5498.35986328125
2004-04-27,5491.0400390625
2004-04-28,5430.240234375
2004-04-29,5417.27001953125
2004-04-30,5321.85009765625
2004-05-04,5303.97021484375
2004-05-05,5245.9501953125
2004-05-06,5223.31982421875
2004-05-07,5263.990234375
2004-05-10,5106.3701171875
2004-05-11,5189.81005859375
2004-05-12,5123.27001953125
2004-05-13,5194.25
2004-05-14,5161.77001953125
2004-05-17,5132.509765625
2004-05-18,5179.580078125
2004-05-19,5232.419921875
2004-05-20,5167.490234375
2004-05-21,5181.77001953125
2004-05-24,5180.8701171875
2004-05-25,5155.89013671875
2004-05-26,5220.25
2004-05-27,5227.85986328125
2004-05-28,5192.64013671875
2004-05-31,5225.5498046875
2004-06-01,5222.3798828125
2004-06-02,5241.14990234375
2004-06-03,5273.31982421875
2004-06-04,5306.18994140625
2004-06-08,5326.31982421875
2004-06-09,5314.009765625
2004-06-10,5315.2900390625
2004-06-11,5328.7998046875
2004-06-14,5280.259765625
2004-06-15,5306.240234375
2004-06-16,5308.580078125
2004-06-17,5320.009765625
2004-06-18,5341.509765625
2004-06-21,5326.1298828125
2004-06-22,5353.10986328125
2004-06-23,5364.52978515625
2004-06-24,5372.759765625
2004-06-25,5376.08984375
2004-06-28,5449.4501953125
2004-06-29,5452.89013671875
2004-06-30,5466.18994140625
2004-07-01,5440.39013671875
2004-07-02,5445.669921875
2004-07-05,5421.8798828125
2004-07-06,5400.14990234375
2004-07-07,5418.1201171875
2004-07-08,5439.60986328125
2004-07-09,5446.58984375
2004-07-12,5436.02001953125
2004-07-13,5414.8701171875
2004-07-14,5415.31005859375
2004-07-15,5400.02978515625
2004-07-16,5407.52001953125
2004-07-19,5409.240234375
2004-07-20,5384.91015625
2004-07-21,5427.759765625
2004-07-22,5308.16015625
2004-07-23,5336.919921875
2004-07-26,5351.509765625
2004-07-27,5266.740234375
2004-07-28,5321.7099609375
2004-07-29,5337.4501953125
2004-07-30,5358.6298828125
2004-08-02,5368.669921875
2004-08-03,5375.93994140625
2004-08-04,5342.18017578125
2004-08-05,5349.2001953125
2004-08-06,5240.06982421875
2004-08-09,5202.22998046875
2004-08-10,5184.7099609375
2004-08-11,5260.60986328125
2004-08-12,5321.27978515625
2004-08-13,5302.60009765625
2004-08-16,5348.47998046875
2004-08-17,5386.39990234375
2004-08-18,5341.35009765625
2004-08-19,5367.39013671875
2004-08-20,5361.08984375
2004-08-23,5385.3798828125
2004-08-24,5396.240234375
2004-08-25,5397.47998046875
2004-08-26,5447.509765625
2004-08-27,5468.7099609375
2004-08-30,5461.27001953125
2004-08-31,5450.52001953125
2004-09-01,5540.6201171875
2004-09-02,5542.169921875
2004-09-03,5557.080078125
2004-09-06,5562.97998046875
2004-09-07,5598.47021484375
2004-09-08,5594.009765625
2004-09-09,5572.97998046875
2004-09-10,5562.830078125
2004-09-13,5580.509765625
2004-09-14,5615.580078125
2004-09-15,5630.27978515625
2004-09-16,5636.4599609375
2004-09-17,5659.080078125
2004-09-20,5661.52978515625
2004-09-21,5703.97021484375
2004-09-22,5686.72998046875
2004-09-23,5645.740234375
2004-09-24,5639.56982421875
2004-09-27,5632.47998046875
2004-09-28,5626.919921875
2004-09-29,5661.4599609375
2004-09-30,5610.330078125
2004-10-01,5640.60986328125
2004-10-04,5697.5
2004-10-05,5707.47998046875
2004-10-06,5677.7001953125
2004-10-07,5668.0
2004-10-08,5625.85009765625
2004-10-11,5646.43994140625
2004-10-12,5613.52978515625
2004-10-13,5617.18017578125
2004-10-14,5593.18994140625
2004-10-15,5586.0400390625
2004-10-18,5592.14013671875
2004-10-19,5635.18994140625
2004-10-20,5587.91015625
2004-10-21,5605.9599609375
2004-10-22,5660.14013671875
2004-10-25,5622.39990234375
2004-10-26,5634.97998046875
2004-10-27,5676.419921875
2004-10-28,5736.509765625
2004-10-29,5681.89013671875
2004-11-01,5723.85986328125
2004-11-02,5778.5
2004-11-03,5825.2001953125
2004-11-04,5807.509765625
2004-11-05,5886.31005859375
2004-11-08,5925.2001953125
2004-11-09,5941.18017578125
2004-11-10,5972.47998046875
2004-11-11,5977.02001953125
2004-11-12,6028.259765625
2004-11-15,6115.77978515625
2004-11-16,6045.9501953125
2004-11-17,6064.02001953125
2004-11-18,6063.1201171875
2004-11-19,6010.3701171875
2004-11-22,6008.43994140625
2004-11-23,6008.47021484375
2004-11-24,6016.89990234375
2004-11-25,6009.97021484375
2004-11-26,6007.35009765625
2004-11-29,6041.18017578125
2004-11-30,5973.85986328125
2004-12-01,6021.18017578125
2004-12-02,6081.919921875
2004-12-03,6108.0400390625
2004-12-06,6088.990234375
2004-12-07,6053.02001953125
2004-12-08,6070.0400390625
2004-12-09,6090.81005859375
2004-12-10,6111.5400390625
2004-12-13,6118.91015625
2004-12-14,6149.2001953125
2004-12-15,6173.52978515625
2004-12-16,6189.52978515625
2004-12-17,6174.490234375
2004-12-20,6160.5498046875
2004-12-21,6146.60986328125
2004-12-22,6172.77001953125
2004-12-23,6157.27978515625
2004-12-29,6204.5400390625
2004-12-30,6211.5
2004-12-31,6197.830078125
2005-01-04,6305.25
2005-01-05,6276.27001953125
2005-01-06,6312.509765625
2005-01-07,6373.0498046875
2005-01-10,6417.52978515625
2005-01-11,6397.68994140625
2005-01-12,6419.89013671875
2005-01-13,6444.259765625
2005-01-14,6427.43017578125
2005-01-17,6499.97021484375
2005-01-18,6498.52978515625
2005-01-19,6551.7998046875
2005-01-20,6531.080078125
2005-01-21,6497.72021484375
2005-01-24,6451.31982421875
2005-01-25,6485.85009765625
2005-01-26,6477.25
2005-01-27,6508.64013671875
2005-01-28,6460.2900390625
2005-01-31,6414.2900390625
2005-02-01,6499.58984375
2005-02-02,6514.9501953125
2005-02-03,6552.009765625
2005-02-04,6602.93017578125
2005-02-07,6618.919921875
2005-02-08,6597.3798828125
2005-02-09,6638.43017578125
2005-02-10,6661.89013671875
2005-02-11,6731.68994140625
2005-02-14,6755.77978515625
2005-02-15,6783.16015625
2005-02-16,6768.77001953125
2005-02-17,6798.2998046875
2005-02-18,6785.58984375
2005-02-21,6772.2099609375
2005-02-22,6758.22998046875
2005-02-23,6674.8701171875
2005-02-24,6643.89013671875
2005-02-25,6667.72998046875
2005-02-28,6271.6201171875
2005-03-01,6333.14990234375
2005-03-02,6278.27978515625
2005-03-03,6275.9501953125
2005-03-04,6264.83984375
2005-03-07,6223.7900390625
2005-03-08,6216.0
2005-03-09,6156.5
2005-03-10,6096.08984375
2005-03-11,6084.2998046875
2005-03-14,6061.52001953125
2005-03-15,6105.64990234375
2005-03-16,6043.77978515625
2005-03-17,6077.89013671875
2005-03-18,6096.93017578125
2005-03-21,6095.43017578125
2005-03-22,6096.08984375
2005-03-23,6103.72021484375
2005-03-24,6130.33984375
2005-03-29,6097.3798828125
2005-03-30,6046.08984375
2005-03-31,5984.8798828125
2005-04-01,6029.22998046875
2005-04-04,6030.93994140625
2005-04-05,6065.7900390625
2005-04-06,6121.81982421875
2005-04-07,6116.93017578125
2005-04-08,6149.60986328125
2005-04-11,6140.10986328125
2005-04-12,6126.9599609375
2005-04-13,6182.009765625
2005-04-14,6153.259765625
2005-04-15,6081.39013671875
2005-04-18,5977.740234375
2005-04-19,6008.22998046875
2005-04-20,6009.81005859375
2005-04-21,5991.41015625
2005-04-22,5972.06005859375
2005-04-25,5945.68017578125
2005-04-26,5929.47998046875
2005-04-27,5833.85986328125
2005-04-28,5798.490234375
2005-04-29,5831.43994140625
2005-05-03,5892.41015625
2005-05-04,5984.009765625
2005-05-05,6069.33984375
2005-05-06,6047.35986328125
2005-05-09,6028.47998046875
2005-05-10,6019.66015625
2005-05-11,5993.47021484375
2005-05-12,6035.7099609375
2005-05-13,6028.330078125
2005-05-16,6029.9501953125
2005-05-17,6056.60009765625
2005-05-18,6142.35986328125
2005-05-19,6159.5498046875
2005-05-20,6157.6201171875
2005-05-23,6218.27001953125
2005-05-24,6213.64990234375
2005-05-25,6207.580078125
2005-05-26,6226.35986328125
2005-05-27,6240.56982421875
2005-05-30,6263.27978515625
2005-05-31,6215.68017578125
2005-06-01,6296.33984375
2005-06-02,6276.66015625
2005-06-03,6294.06982421875
2005-06-07,6333.97021484375
2005-06-08,6304.60986328125
2005-06-09,6302.22998046875
2005-06-10,6334.56982421875
2005-06-13,6373.77978515625
2005-06-14,6388.22998046875
2005-06-15,6377.3701171875
2005-06-16,6383.93017578125
2005-06-17,6437.27001953125
2005-06-20,6402.830078125
2005-06-21,6415.990234375
2005-06-22,6439.009765625
2005-06-23,6476.1201171875
2005-06-24,6481.72021484375
2005-06-27,6461.6298828125
2005-06-28,6482.35986328125
2005-06-29,6506.5400390625
2005-06-30,6540.7998046875
2005-07-01,6556.759765625
2005-07-04,6555.06005859375
2005-07-05,6523.97021484375
2005-07-06,6544.7001953125
2005-07-07,6480.1201171875
2005-07-08,6524.89990234375
2005-07-11,6578.5400390625
2005-07-12,6572.43017578125
2005-07-13,6585.10009765625
2005-07-14,6597.330078125
2005-07-15,6598.0400390625
2005-07-18,6633.27978515625
2005-07-19,6729.259765625
2005-07-20,6707.9599609375
2005-07-21,6764.14013671875
2005-07-22,6797.93994140625
2005-07-25,6766.3798828125
2005-07-26,6777.56005859375
2005-07-27,6781.60009765625
2005-07-28,6769.39013671875
2005-07-29,6770.1201171875
2005-08-01,6810.93994140625
2005-08-02,6810.64013671875
2005-08-03,6781.47998046875
2005-08-04,6711.919921875
2005-08-05,6736.22021484375
2005-08-08,6740.830078125
2005-08-09,6755.759765625
2005-08-10,6784.93017578125
2005-08-11,6772.669921875
2005-08-12,6739.240234375
2005-08-15,6697.64013671875
2005-08-16,6717.5
2005-08-17,6691.91015625
2005-08-18,6668.43994140625
2005-08-19,6677.7001953125
2005-08-22,6685.22998046875
2005-08-23,6688.58984375
2005-08-24,6659.77978515625
2005-08-25,6639.89990234375
2005-08-26,6644.1298828125
2005-08-29,6666.68017578125
2005-08-30,6647.72998046875
2005-08-31,6677.27978515625
2005-09-01,6694.27001953125
2005-09-02,6743.3701171875
2005-09-05,6744.740234375
2005-09-06,6818.669921875
2005-09-07,6806.14990234375
2005-09-08,6822.490234375
2005-09-09,6808.91015625
2005-09-12,6780.43017578125
2005-09-13,6717.52001953125
2005-09-14,6721.919921875
2005-09-15,6708.97998046875
2005-09-16,6671.64990234375
2005-09-19,6686.35009765625
2005-09-20,6719.35009765625
2005-09-21,6654.97998046875
2005-09-22,6598.10009765625
2005-09-23,6658.990234375
2005-09-26,6725.27001953125
2005-09-27,6722.33984375
2005-09-28,6784.0
2005-09-29,6781.06982421875
2005-09-30,6839.08984375
2005-10-03,6840.93994140625
2005-10-04,6891.2900390625
2005-10-05,6889.60986328125
2005-10-06,6830.0498046875
2005-10-07,6823.2900390625
2005-10-10,6791.7099609375
2005-10-11,6785.97021484375
2005-10-12,6745.259765625
2005-10-13,6667.31982421875
2005-10-14,6643.2998046875
2005-10-17,6631.91015625
2005-10-18,6605.7099609375
2005-10-19,6473.7998046875
2005-10-20,6487.72998046875
2005-10-21,6388.22998046875
2005-10-24,6478.75
2005-10-25,6533.02001953125
2005-10-26,6549.06005859375
2005-10-27,6453.52978515625
2005-10-28,6464.759765625
2005-10-31,6576.22998046875
2005-11-01,6646.18017578125
2005-11-02,6686.5
2005-11-03,6730.97998046875
2005-11-04,6670.93017578125
2005-11-07,6702.169921875
2005-11-08,6720.5498046875
2005-11-09,6726.2001953125
2005-11-10,6743.7900390625
2005-11-11,6785.83984375
2005-11-14,6790.77001953125
2005-11-15,6790.2900390625
2005-11-16,6768.9599609375
2005-11-17,6749.89013671875
2005-11-18,6806.60009765625
2005-11-21,6811.39013671875
2005-11-22,6846.41015625
2005-11-23,6916.8798828125
2005-11-24,6883.85009765625
2005-11-25,6891.8798828125
2005-11-28,6894.06005859375
2005-11-29,6871.259765625
2005-11-30,6860.68017578125
2005-12-01,6940.77001953125
2005-12-02,7002.080078125
2005-12-05,7031.3701171875
2005-12-06,7066.27001953125
2005-12-07,7060.31005859375
2005-12-08,7104.919921875
2005-12-09,7150.7099609375
2005-12-12,7154.27001953125
2005-12-13,7152.72021484375
2005-12-14,7129.490234375
2005-12-15,7159.25
2005-12-16,7254.89013671875
2005-12-19,7214.330078125
2005-12-20,7177.27978515625
2005-12-21,7226.7900390625
2005-12-22,7206.97998046875
2005-12-23,7280.7900390625
2005-12-28,7312.81982421875
2005-12-29,7347.580078125
2005-12-30,7363.9599609375
2006-01-03,7430.080078125
2006-01-04,7482.43017578125
2006-01-05,7469.5400390625
2006-01-06,7486.22021484375
2006-01-09,7518.60986328125
2006-01-10,7422.9599609375
2006-01-11,7494.3701171875
2006-01-12,7522.0498046875
2006-01-13,7526.1298828125
2006-01-16,7545.25
2006-01-17,7533.56982421875
2006-01-18,7467.85009765625
2006-01-19,7459.2998046875
2006-01-20,7424.77978515625
2006-01-23,7405.1298828125
2006-01-24,7428.56982421875
2006-01-25,7443.7998046875
2006-01-26,7491.2099609375
2006-01-27,7586.5400390625
2006-01-30,7566.1298828125
2006-01-31,7562.3701171875
2006-02-01,7607.39990234375
2006-02-02,7610.72998046875
2006-02-03,7654.02001953125
2006-02-06,7639.85009765625
2006-02-07,7572.7099609375
2006-02-08,7518.740234375
2006-02-09,7596.2900390625
2006-02-10,7596.31005859375
2006-02-13,7616.0498046875
2006-02-14,7628.080078125
2006-02-15,7661.43994140625
2006-02-16,7729.68017578125
2006-02-17,7757.89990234375
2006-02-20,7786.93017578125
2006-02-21,7792.97998046875
2006-02-22,7861.9501953125
2006-02-23,7932.5
2006-02-24,7943.669921875
2006-02-27,7976.43994140625
2006-02-28,7928.2998046875
2006-03-01,7915.93994140625
2006-03-02,7887.31982421875
2006-03-03,7820.81005859375
2006-03-06,7870.85986328125
2006-03-07,7831.8798828125
2006-03-08,7772.83984375
2006-03-09,7862.93994140625
2006-03-10,7879.2099609375
2006-03-13,7950.830078125
2006-03-14,7899.81005859375
2006-03-15,7957.81982421875
2006-03-16,7922.35986328125
2006-03-17,7977.0
2006-03-20,8018.22021484375
2006-03-21,8003.39990234375
2006-03-22,7946.16015625
2006-03-23,7975.7998046875
2006-03-24,8044.5498046875
2006-03-27,8011.06982421875
2006-03-28,7933.64990234375
2006-03-29,7904.8701171875
2006-03-30,8006.7900390625
2006-03-31,8066.10009765625
2006-04-03,8060.58984375
2006-04-04,7996.8798828125
2006-04-05,7996.009765625
2006-04-06,7993.33984375
2006-04-07,7919.22021484375
2006-04-10,7927.14990234375
2006-04-11,7842.2001953125
2006-04-12,7820.64990234375
2006-04-13,7856.52978515625
2006-04-18,7811.10009765625
2006-04-19,7828.68017578125
2006-04-20,7832.830078125
2006-04-21,7896.77978515625
2006-04-24,7815.52001953125
2006-04-25,7887.39990234375
2006-04-26,7922.18017578125
2006-04-27,7889.2998046875
2006-04-28,7930.990234375
2006-05-02,7925.0
2006-05-03,7900.47021484375
2006-05-04,7893.27978515625
2006-05-05,7961.02001953125
2006-05-08,7996.919921875
2006-05-09,7987.75
2006-05-10,7958.85986328125
2006-05-11,7887.259765625
2006-05-12,7768.7900390625
2006-05-15,7682.35986328125
2006-05-16,7790.72998046875
2006-05-17,7667.330078125
2006-05-18,7577.2099609375
2006-05-19,7579.58984375
2006-05-22,7361.3701171875
2006-05-23,7510.7099609375
2006-05-24,7451.6298828125
2006-05-25,7510.509765625
2006-05-26,7651.81005859375
2006-05-29,7678.9501953125
2006-05-30,7594.77978515625
2006-05-31,7605.85986328125
2006-06-01,7641.14990234375
2006-06-02,7679.02001953125
2006-06-06,7303.14990234375
2006-06-07,7289.2900390625
2006-06-08,7189.419921875
2006-06-09,7305.81005859375
2006-06-12,7192.1201171875
2006-06-13,6954.02001953125
2006-06-14,7013.27001953125
2006-06-15,7310.52978515625
2006-06-16,7317.72998046875
2006-06-19,7417.14013671875
2006-06-20,7363.10986328125
2006-06-21,7343.009765625
2006-06-22,7332.56005859375
2006-06-23,7301.97021484375
2006-06-26,7371.2900390625
2006-06-27,7381.509765625
2006-06-28,7351.81005859375
2006-06-29,7394.080078125
2006-06-30,7516.27978515625
2006-07-03,7551.93017578125
2006-07-04,7559.35986328125
2006-07-05,7519.47021484375
2006-07-06,7581.77978515625
2006-07-07,7597.97021484375
2006-07-10,7649.89990234375
2006-07-11,7566.68994140625
2006-07-12,7591.240234375
2006-07-13,7463.64990234375
2006-07-14,7298.41015625
2006-07-17,7198.18994140625
2006-07-18,7185.35009765625
2006-07-19,7391.43994140625
2006-07-20,7470.830078125
2006-07-21,7380.85009765625
2006-07-24,7450.72021484375
2006-07-25,7390.1298828125
2006-07-26,7394.64013671875
2006-07-27,7479.89013671875
2006-07-28,7501.2900390625
2006-07-31,7507.18017578125
2006-08-01,7526.85986328125
2006-08-02,7646.81005859375
2006-08-03,7602.3798828125
2006-08-04,7719.0
2006-08-07,7621.259765625
2006-08-08,7669.5
2006-08-09,7726.97021484375
2006-08-10,7651.43017578125
2006-08-11,7595.56982421875
2006-08-14,7640.6201171875
2006-08-15,7717.22021484375
2006-08-16,7757.97021484375
2006-08-17,7792.02001953125
2006-08-18,7761.68994140625
2006-08-21,7781.830078125
2006-08-22,7798.14990234375
2006-08-23,7779.4599609375
2006-08-24,7807.9501953125
2006-08-25,7873.83984375
2006-08-28,7917.47021484375
2006-08-29,7994.2099609375
2006-08-30,8006.31982421875
2006-08-31,8045.0498046875
2006-09-01,8092.06982421875
2006-09-04,8132.43994140625
2006-09-05,8118.77978515625
2006-09-06,8086.31005859375
2006-09-07,8018.02001953125
2006-09-08,7966.580078125
2006-09-11,7923.6298828125
2006-09-12,7956.580078125
2006-09-13,7997.9599609375
2006-09-14,8023.080078125
2006-09-15,8071.97998046875
2006-09-18,8097.39990234375
2006-09-19,8081.81005859375
2006-09-20,8202.8701171875
2006-09-21,8197.4697265625
2006-09-22,8140.66015625
2006-09-25,8138.7900390625
2006-09-26,8170.85986328125
2006-09-27,8172.5
2006-09-28,8195.8203125
2006-09-29,8223.83984375
2006-10-02,8213.5302734375
2006-10-03,8165.419921875
2006-10-04,8254.259765625
2006-10-05,8298.400390625
2006-10-06,8275.240234375
2006-10-09,8348.5302734375
2006-10-10,8427.75
2006-10-11,8381.4296875
2006-10-12,8456.83984375
2006-10-13,8460.8701171875
2006-10-16,8527.8203125
2006-10-17,8505.3701171875
2006-10-18,8531.830078125
2006-10-19,8531.16015625
2006-10-20,8501.66015625
2006-10-23,8494.4697265625
2006-10-24,8536.0302734375
2006-10-25,8539.6904296875
2006-10-26,8575.080078125
2006-10-27,8587.0498046875
2006-10-30,8555.51953125
2006-10-31,8621.330078125
2006-11-01,8628.9697265625
2006-11-02,8568.080078125
2006-11-03,8544.150390625
2006-11-06,8630.8603515625
2006-11-07,8720.400390625
2006-11-08,8705.080078125
2006-11-09,8691.169921875
2006-11-10,8684.98046875
2006-11-13,8651.1298828125
2006-11-14,8647.2900390625
2006-11-15,8724.580078125
2006-11-16,8791.9599609375
2006-11-17,8808.759765625
2006-11-20,8805.8701171875
2006-11-21,8890.0703125
2006-11-22,8904.4296875
2006-11-23,8899.5
2006-11-24,8872.7001953125
2006-11-27,8746.330078125
2006-11-28,8625.900390625
2006-11-29,8737.4501953125
2006-11-30,8694.330078125
2006-12-01,8625.8095703125
2006-12-04,8691.9296875
2006-12-05,8737.7802734375
2006-12-06,8884.0302734375
2006-12-07,8926.91015625
2006-12-08,8917.150390625
2006-12-11,8938.1396484375
2006-12-12,8964.08984375
2006-12-13,8956.400390625
2006-12-14,9090.830078125
2006-12-15,9222.2998046875
2006-12-18,9217.7099609375
2006-12-19,9212.490234375
2006-12-20,9299.41015625
2006-12-21,9317.48046875
2006-12-22,9314.2197265625
2006-12-27,9364.48046875
2006-12-28,9444.8095703125
2006-12-29,9408.1201171875
2007-01-02,9537.76953125
2007-01-03,9426.0703125
2007-01-04,9394.48046875
2007-01-05,9432.83984375
2007-01-08,9338.330078125
2007-01-09,9381.5400390625
2007-01-10,9310.6201171875
2007-01-11,9316.7197265625
2007-01-12,9337.51953125
2007-01-15,9391.5498046875
2007-01-16,9289.16015625
2007-01-17,9271.3203125
2007-01-18,9265.0703125
2007-01-19,9382.419921875
2007-01-22,9332.8603515625
2007-01-23,9310.650390625
2007-01-24,9435.490234375
2007-01-25,9365.169921875
2007-01-26,9300.4296875
2007-01-29,9322.3798828125
2007-01-30,9288.0302734375
2007-01-31,9205.16015625
2007-02-01,9350.4296875
2007-02-02,9490.3896484375
2007-02-05,9567.7900390625
2007-02-06,9599.7197265625
2007-02-07,9589.650390625
2007-02-08,9611.830078125
2007-02-09,9718.75
2007-02-12,9679.73046875
2007-02-13,9710.599609375
2007-02-14,9834.8896484375
2007-02-15,9933.25
2007-02-16,9911.509765625
2007-02-19,9953.1796875
2007-02-20,9981.080078125
2007-02-21,9968.48046875
2007-02-22,9934.7099609375
2007-02-23,9910.3603515625
2007-02-26,9884.48046875
2007-02-27,9536.23046875
2007-02-28,9408.6796875
2007-03-01,9274.580078125
2007-03-02,9256.08984375
2007-03-05,9084.6201171875
2007-03-06,9185.2197265625
2007-03-07,9305.580078125
2007-03-08,9548.83984375
2007-03-09,9567.919921875
2007-03-12,9540.76953125
2007-03-13,9442.150390625
2007-03-14,9060.9404296875
2007-03-15,9164.8896484375
2007-03-16,9228.1103515625
2007-03-19,9322.6396484375
2007-03-20,9361.25
2007-03-21,9412.2802734375
2007-03-22,9544.599609375
2007-03-23,9512.8603515625
2007-03-26,9448.6396484375
2007-03-27,9378.6396484375
2007-03-28,9269.6396484375
2007-03-29,9410.6298828125
2007-03-30,9375.2998046875
2007-04-02,9340.5703125
2007-04-03,9400.98046875
2007-04-04,9357.4697265625
2007-04-05,9418.240234375
2007-04-10,9531.7197265625
2007-04-11,9557.8896484375
2007-04-12,9552.8798828125
2007-04-13,9600.8701171875
2007-04-16,9703.0400390625
2007-04-17,9699.5302734375
2007-04-18,9632.8095703125
2007-04-19,9601.76953125
2007-04-20,9703.6796875
2007-04-23,9701.490234375
2007-04-24,9573.3896484375
2007-04-25,9542.580078125
2007-04-26,9601.240234375
2007-04-27,9470.6201171875
2007-04-30,9470.48046875
2007-05-01,9489.0
2007-05-02,9681.73046875
2007-05-03,9821.6201171875
2007-05-04,9800.8603515625
2007-05-08,9678.98046875
2007-05-09,9578.900390625
2007-05-10,9511.9697265625
2007-05-11,9584.7197265625
2007-05-14,9574.1201171875
2007-05-15,9609.8701171875
2007-05-16,9564.4296875
2007-05-17,9578.009765625
2007-05-18,9667.919921875
2007-05-21,9778.509765625
2007-05-22,9836.33984375
2007-05-23,9956.2099609375
2007-05-24,9920.0302734375
2007-05-25,9914.41015625
2007-05-28,9927.58984375
2007-05-29,9919.8203125
2007-05-30,9848.0498046875
2007-05-31,9854.8603515625
2007-06-01,9963.4404296875
2007-06-05,9715.990234375
2007-06-06,9475.669921875
2007-06-07,9431.0703125
2007-06-08,9381.8203125
2007-06-11,9478.6103515625
2007-06-12,9409.0302734375
2007-06-13,9357.08984375
2007-06-14,9505.1103515625
2007-06-15,9659.6201171875
2007-06-18,9643.41015625
2007-06-19,9596.259765625
2007-06-20,9665.25
2007-06-21,9501.919921875
2007-06-22,9395.830078125
2007-06-25,9384.6103515625
2007-06-26,9384.2998046875
2007-06-27,9236.7998046875
2007-06-28,9304.75
2007-06-29,9306.25
2007-07-02,9331.5595703125
2007-07-03,9366.759765625
2007-07-04,9416.2998046875
2007-07-05,9354.7998046875
2007-07-06,9451.16015625
2007-07-09,9432.9697265625
2007-07-10,9284.169921875
2007-07-11,9173.330078125
2007-07-12,9149.91015625
2007-07-13,9134.75
2007-07-16,9189.8203125
2007-07-17,9152.76953125
2007-07-18,9107.919921875
2007-07-19,9168.23046875
2007-07-20,9027.3095703125
2007-07-23,9014.7802734375
2007-07-24,8829.669921875
2007-07-25,8721.01953125
2007-07-26,8477.2001953125
2007-07-27,8357.400390625
2007-07-30,8255.830078125
2007-07-31,8563.3896484375
2007-08-01,8482.1201171875
2007-08-02,8694.83984375
2007-08-03,8595.23046875
2007-08-06,8472.48046875
2007-08-07,8623.080078125
2007-08-08,8894.0
2007-08-09,8701.1298828125
2007-08-10,8346.7197265625
2007-08-13,8513.5
2007-08-14,8426.7900390625
2007-08-15,8376.0703125
2007-08-16,8056.97998046875
2007-08-17,8106.47021484375
2007-08-20,8150.0400390625
2007-08-21,8188.10986328125
2007-08-22,8310.5302734375
2007-08-23,8351.7099609375
2007-08-24,8327.3896484375
2007-08-27,8413.0595703125
2007-08-28,8195.58984375
2007-08-29,8277.5498046875
2007-08-30,8318.330078125
2007-08-31,8400.9296875
2007-09-03,8439.349609375
2007-09-04,8515.01953125
2007-09-05,8319.16015625
2007-09-06,8307.2802734375
2007-09-07,8188.27001953125
2007-09-10,8049.58984375
2007-09-11,8160.83984375
2007-09-12,8107.490234375
2007-09-13,8104.27978515625
2007-09-14,7821.31982421875
2007-09-17,7504.7001953125
2007-09-18,7611.68017578125
2007-09-19,7965.52978515625
2007-09-20,7794.7001953125
2007-09-21,7869.35009765625
2007-09-24,7785.31005859375
2007-09-25,7608.5400390625
2007-09-26,7615.830078125
2007-09-27,7792.97998046875
2007-09-28,7883.669921875
2007-10-01,7983.7900390625
2007-10-02,8245.0703125
2007-10-03,8367.75
2007-10-04,8411.4697265625
2007-10-05,8478.48046875
2007-10-08,8443.5498046875
2007-10-09,8390.48046875
2007-10-10,8314.7197265625
2007-10-11,8182.759765625
2007-10-12,8020.509765625
2007-10-15,7931.27001953125
2007-10-16,7888.81982421875
2007-10-17,7980.5
2007-10-18,7879.18994140625
2007-10-19,7791.85986328125
2007-10-22,7644.7998046875
2007-10-23,7767.6201171875
2007-10-24,7749.580078125
2007-10-25,7778.85009765625
2007-10-26,7862.14990234375
2007-10-29,7867.43017578125
2007-10-30,7835.08984375
2007-10-31,7911.1201171875
2007-11-01,7745.759765625
2007-11-02,7615.5400390625
2007-11-05,7458.97998046875
2007-11-06,7411.16015625
2007-11-07,7188.2998046875
2007-11-08,7047.91015625
2007-11-09,7128.68994140625
2007-11-12,7158.93017578125
2007-11-13,7197.56005859375
2007-11-14,7024.1298828125
2007-11-15,6981.97998046875
2007-11-16,6969.25
2007-11-19,6768.47021484375
2007-11-20,6652.009765625
2007-11-21,6397.0
2007-11-22,6342.580078125
2007-11-23,6624.08984375
2007-11-26,6595.58984375
2007-11-27,6643.3798828125
2007-11-28,6912.83984375
2007-11-29,6958.5
2007-11-30,7207.0498046875
2007-12-03,7045.8798828125
2007-12-04,6882.47998046875
2007-12-05,6970.68994140625
2007-12-06,7134.2998046875
2007-12-07,7241.1201171875
2007-12-10,7370.6201171875
2007-12-11,7313.5
2007-12-12,7301.0
2007-12-13,7021.18017578125
2007-12-14,7091.68017578125
2007-12-17,6901.919921875
2007-12-18,6831.89990234375
2007-12-19,6825.31005859375
2007-12-20,6800.10009765625
2007-12-21,6923.81982421875
2007-12-24,6985.419921875
2007-12-27,6899.240234375
2007-12-28,6950.919921875
2007-12-31,6934.35009765625
2008-01-02,6953.68017578125
2008-01-03,6981.759765625
2008-01-04,6977.1298828125
2008-01-07,6859.830078125
2008-01-08,6889.14013671875
2008-01-09,6683.330078125
2008-01-10,6625.02978515625
2008-01-11,6660.83984375
2008-01-14,6728.4599609375
2008-01-15,6478.81982421875
2008-01-16,6468.52978515625
2008-01-17,6487.52978515625
2008-01-18,6533.759765625
2008-01-21,6261.02978515625
2008-01-22,6496.8701171875
2008-01-23,6490.02978515625
2008-01-24,6813.7001953125
2008-01-25,6760.7099609375
2008-01-28,6641.64013671875
2008-01-29,6720.06982421875
2008-01-30,6755.8798828125
2008-01-31,6664.47998046875
2008-02-01,6839.919921875
2008-02-04,6909.14013671875
2008-02-05,6615.6298828125
2008-02-06,6574.06982421875
2008-02-07,6456.68994140625
2008-02-08,6537.91015625
2008-02-11,6489.27978515625
2008-02-12,6647.77001953125
2008-02-13,6596.02978515625
2008-02-14,6535.7001953125
2008-02-15,6477.919921875
2008-02-18,6530.669921875
2008-02-19,6543.56005859375
2008-02-20,6537.68017578125
2008-02-21,6498.52978515625
2008-02-22,6400.52001953125
2008-02-25,6543.22021484375
2008-02-26,6730.1298828125
2008-02-27,6675.31005859375
2008-02-28,6519.1201171875
2008-02-29,6415.1201171875
2008-03-03,6290.7998046875
2008-03-04,6202.97021484375
2008-03-05,6378.41015625
2008-03-06,6182.22021484375
2008-03-07,6159.93994140625
2008-03-10,6104.52001953125
2008-03-11,6155.58984375
2008-03-12,6260.2900390625
2008-03-13,6070.0400390625
2008-03-14,5999.75
2008-03-17,5721.669921875
2008-03-18,5898.10986328125
2008-03-19,5839.68017578125
2008-03-20,6158.81982421875
2008-03-25,6327.5498046875
2008-03-26,6223.97998046875
2008-03-27,6247.91015625
2008-03-28,6152.81005859375
2008-03-31,6177.0498046875
2008-04-01,6411.4599609375
2008-04-02,6553.3798828125
2008-04-03,6321.02001953125
2008-04-04,6351.9599609375
2008-04-07,6389.39990234375
2008-04-08,6329.97021484375
2008-04-09,6237.06005859375
2008-04-10,6205.31005859375
2008-04-11,6098.64990234375
2008-04-14,5989.27978515625
2008-04-15,5956.5498046875
2008-04-16,6114.31005859375
2008-04-17,6115.0400390625
2008-04-18,6259.509765625
2008-04-21,6235.5400390625
2008-04-22,6118.3701171875
2008-04-23,6143.990234375
2008-04-24,6091.8701171875
2008-04-25,6178.830078125
2008-04-28,6306.41015625
2008-04-29,6314.31982421875
2008-04-30,6338.52001953125
2008-05-02,6474.6201171875
2008-05-06,6390.08984375
2008-05-07,6462.919921875
2008-05-08,6482.66015625
2008-05-09,6431.3798828125
2008-05-12,6488.72021484375
2008-05-13,6375.0
2008-05-14,6392.5
2008-05-15,6424.169921875
2008-05-16,6429.22998046875
2008-05-19,6460.43994140625
2008-05-20,6325.06005859375
2008-05-21,6151.669921875
2008-05-22,6145.89013671875
2008-05-23,6065.64013671875
2008-05-26,6114.259765625
2008-05-27,6108.2001953125
2008-05-28,6120.56005859375
2008-05-29,6097.8798828125
2008-05-30,6105.8701171875
2008-06-03,5967.16015625
2008-06-04,5920.58984375
2008-06-05,5998.93017578125
2008-06-06,5806.83984375
2008-06-09,5638.580078125
2008-06-10,5640.06005859375
2008-06-11,5527.39013671875
2008-06-12,5578.1201171875
2008-06-13,5626.14990234375
2008-06-16,5571.2998046875
2008-06-17,5619.83984375
2008-06-18,5485.77001953125
2008-06-19,5489.3798828125
2008-06-20,5466.18017578125
2008-06-23,5394.56005859375
2008-06-24,5289.10986328125
2008-06-25,5416.06982421875
2008-06-26,5230.740234375
2008-06-27,5295.66015625
2008-06-30,5209.56982421875
2008-07-01,5075.35986328125
2008-07-02,4890.2998046875
2008-07-03,4932.56005859375
2008-07-04,4863.22998046875
2008-07-07,4858.77978515625
2008-07-08,4659.509765625
2008-07-09,4786.18017578125
2008-07-10,4686.60986328125
2008-07-11,4414.7998046875
2008-07-14,4499.10986328125
2008-07-15,4354.6201171875
2008-07-16,4446.31982421875
2008-07-17,4673.7900390625
2008-07-18,4894.47021484375
2008-07-21,5060.509765625
2008-07-22,4910.0498046875
2008-07-23,5159.72998046875
2008-07-24,4956.6298828125
2008-07-25,4876.14990234375
2008-07-28,4619.2001953125
2008-07-29,4585.0400390625
2008-07-30,4441.85986328125
2008-07-31,4371.6201171875
2008-08-01,4089.699951171875
2008-08-04,4089.56005859375
2008-08-05,4416.02978515625
2008-08-06,4500.2998046875
2008-08-07,4372.16015625
2008-08-08,4513.06005859375
2008-08-11,4689.8701171875
2008-08-12,4570.72021484375
2008-08-13,4401.009765625
2008-08-14,4499.9599609375
2008-08-15,4606.6298828125
2008-08-18,4544.669921875
2008-08-19,4333.52978515625
2008-08-20,4297.3701171875
2008-08-21,4203.6298828125
2008-08-22,4359.97998046875
2008-08-25,4321.22998046875
2008-08-26,4347.27001953125
2008-08-27,4380.2001953125
2008-08-28,4494.9501953125
2008-08-29,4494.919921875
2008-09-01,4477.2001953125
2008-09-02,4604.3701171875
2008-09-03,4521.89013671875
2008-09-04,4444.77978515625
2008-09-05,4282.31982421875
2008-09-08,4569.0498046875
2008-09-09,4558.85009765625
2008-09-10,4398.18017578125
2008-09-11,4309.75
2008-09-12,4345.0
2008-09-15,4205.669921875
2008-09-16,4050.18994140625
2008-09-17,3859.14990234375
2008-09-18,3752.699951171875
2008-09-19,4136.31982421875
2008-09-22,3976.010009765625
2008-09-23,3739.449951171875
2008-09-24,3774.929931640625
2008-09-25,3826.179931640625
2008-09-26,3784.77001953125
2008-09-29,3291.52001953125
2008-09-30,3550.6298828125
2008-10-01,3641.2900390625
2008-10-02,3822.93994140625
2008-10-03,3943.659912109375
2008-10-06,3552.89990234375
2008-10-07,3299.110107421875
2008-10-08,3054.389892578125
2008-10-09,3037.7900390625
2008-10-10,2871.25
2008-10-13,2942.469970703125
2008-10-14,3022.89990234375
2008-10-15,2830.1298828125
2008-10-16,2727.830078125
2008-10-17,2720.3798828125
2008-10-20,2781.02001953125
2008-10-21,2914.739990234375
2008-10-22,2726.64990234375
2008-10-23,2710.719970703125
2008-10-24,2650.2099609375
2008-10-27,2565.590087890625
2008-10-28,2520.030029296875
2008-10-29,2679.3701171875
2008-10-30,2770.169921875
2008-10-31,3029.4599609375
2008-11-03,3025.239990234375
2008-11-04,3074.97998046875
2008-11-05,3059.840087890625
2008-11-06,2803.590087890625
2008-11-07,2826.739990234375
2008-11-10,2853.449951171875
2008-11-11,2810.679931640625
2008-11-12,2730.610107421875
2008-11-13,2674.860107421875
2008-11-14,2673.820068359375
2008-11-17,2570.580078125
2008-11-18,2450.18994140625
2008-11-19,2416.219970703125
2008-11-20,2310.820068359375
2008-11-21,2320.7099609375
2008-11-24,2463.300048828125
2008-11-25,2465.14990234375
2008-11-26,2472.580078125
2008-11-27,2524.739990234375
2008-11-28,2538.489990234375
2008-12-01,2506.679931640625
2008-12-02,2515.989990234375
2008-12-03,2479.56005859375
2008-12-04,2502.47998046875
2008-12-05,2481.06005859375
2008-12-08,2625.949951171875
2008-12-09,2675.22998046875
2008-12-10,2661.760009765625
2008-12-11,2600.570068359375
2008-12-12,2505.02001953125
2008-12-15,2510.919921875
2008-12-16,2472.760009765625
2008-12-17,2521.35009765625
2008-12-18,2431.590087890625
2008-12-19,2369.43994140625
2008-12-22,2374.050048828125
2008-12-23,2347.889892578125
2008-12-24,2337.1201171875
2008-12-29,2346.330078125
2008-12-30,2350.610107421875
2008-12-31,2343.27001953125
2009-01-02,2419.5
2009-01-05,2501.8798828125
2009-01-06,2621.14990234375
2009-01-07,2621.56005859375
2009-01-08,2641.1201171875
2009-01-09,2686.139892578125
2009-01-12,2641.47998046875
2009-01-13,2639.860107421875
2009-01-14,2495.550048828125
2009-01-15,2479.719970703125
2009-01-16,2456.219970703125
2009-01-19,2273.840087890625
2009-01-20,2230.590087890625
2009-01-21,2192.1298828125
2009-01-22,2234.989990234375
2009-01-23,2278.030029296875
2009-01-26,2306.909912109375
2009-01-27,2333.9599609375
2009-01-28,2444.780029296875
2009-01-29,2327.64990234375
2009-01-30,2311.389892578125
2009-02-02,2323.72998046875
2009-02-03,2321.1201171875
2009-02-04,2395.219970703125
2009-02-05,2386.93994140625
2009-02-06,2462.68994140625
2009-02-09,2478.080078125
2009-02-10,2444.97998046875
2009-02-11,2407.820068359375
2009-02-12,2359.530029296875
2009-02-13,2344.469970703125
2009-02-16,2251.14990234375
2009-02-17,2189.969970703125
2009-02-18,2173.8798828125
2009-02-19,2170.080078125
2009-02-20,2076.550048828125
2009-02-23,2049.89990234375
2009-02-24,2034.43994140625
2009-02-25,2052.860107421875
2009-02-26,2050.10009765625
2009-02-27,2074.320068359375
2009-03-02,1981.1199951171875
2009-03-03,1964.3399658203125
2009-03-04,2048.360107421875
2009-03-05,2019.3900146484375
2009-03-06,1949.6300048828125
2009-03-09,1916.3800048828125
2009-03-10,1985.6300048828125
2009-03-11,1947.4100341796875
2009-03-12,1991.2900390625
2009-03-13,2015.77001953125
2009-03-16,2094.93994140625
2009-03-17,2084.7099609375
2009-03-18,2109.929931640625
2009-03-19,2098.679931640625
2009-03-20,2146.0400390625
2009-03-23,2163.409912109375
2009-03-24,2138.830078125
2009-03-25,2158.669921875
2009-03-26,2182.360107421875
2009-03-27,2166.81005859375
2009-03-30,2129.35009765625
2009-03-31,2193.949951171875
2009-04-01,2285.77001953125
2009-04-02,2364.179931640625
2009-04-03,2330.360107421875
2009-04-06,2300.97998046875
2009-04-07,2273.18994140625
2009-04-08,2310.530029296875
2009-04-09,2372.889892578125
2009-04-14,2413.8798828125
2009-04-15,2335.7900390625
2009-04-16,2421.60009765625
2009-04-17,2449.739990234375
2009-04-20,2377.64990234375
2009-04-21,2386.89990234375
2009-04-22,2446.43994140625
2009-04-23,2418.47998046875
2009-04-24,2420.989990234375
2009-04-27,2429.030029296875
2009-04-28,2398.330078125
2009-04-29,2500.35009765625
2009-04-30,2622.050048828125
2009-05-05,2703.159912109375
2009-05-06,2682.0
2009-05-07,2590.260009765625
2009-05-08,2676.3798828125
2009-05-11,2599.8798828125
2009-05-12,2610.739990234375
2009-05-13,2493.679931640625
2009-05-14,2558.47998046875
2009-05-15,2632.659912109375
2009-05-18,2643.860107421875
2009-05-19,2746.18994140625
2009-05-20,2758.31005859375
2009-05-21,2714.860107421875
2009-05-22,2697.97998046875
2009-05-25,2693.3701171875
2009-05-26,2697.780029296875
2009-05-27,2748.52001953125
2009-05-28,2691.2099609375
2009-05-29,2722.52001953125
2009-06-02,2818.030029296875
2009-06-03,2852.199951171875
2009-06-04,2881.72998046875
2009-06-05,2932.280029296875
2009-06-08,2866.77001953125
2009-06-09,2895.9599609375
2009-06-10,2929.60009765625
2009-06-11,2955.570068359375
2009-06-12,2970.14990234375
2009-06-15,2880.68994140625
2009-06-16,2887.699951171875
2009-06-17,2784.56005859375
2009-06-18,2772.360107421875
2009-06-19,2814.550048828125
2009-06-22,2703.139892578125
2009-06-23,2677.9599609375
2009-06-24,2755.340087890625
2009-06-25,2701.830078125
2009-06-26,2691.300048828125
2009-06-29,2723.860107421875
2009-06-30,2706.080078125
2009-07-01,2691.409912109375
2009-07-02,2665.68994140625
2009-07-03,2693.340087890625
2009-07-06,2598.179931640625
2009-07-07,2648.669921875
2009-07-08,2661.389892578125
2009-07-09,2636.35009765625
2009-07-10,2572.97998046875
2009-07-13,2606.0400390625
2009-07-14,2636.219970703125
2009-07-15,2675.929931640625
2009-07-16,2681.35009765625
2009-07-17,2700.929931640625
2009-07-20,2740.18994140625
2009-07-21,2748.719970703125
2009-07-22,2731.2099609375
2009-07-23,2827.8701171875
2009-07-24,2803.18994140625
2009-07-27,2770.669921875
2009-07-28,2758.050048828125
2009-07-29,2758.7099609375
2009-07-30,2798.909912109375
2009-07-31,2791.10009765625
2009-08-04,2881.070068359375
2009-08-05,2835.550048828125
2009-08-06,2864.110107421875
2009-08-07,2881.219970703125
2009-08-10,2866.60009765625
2009-08-11,2847.389892578125
2009-08-12,2892.2099609375
2009-08-13,2948.929931640625
2009-08-14,2951.050048828125
2009-08-17,2858.280029296875
2009-08-18,2865.14990234375
2009-08-19,2876.409912109375
2009-08-20,2944.570068359375
2009-08-21,2993.530029296875
2009-08-24,3006.550048828125
2009-08-25,3048.530029296875
2009-08-26,3017.0400390625
2009-08-27,3066.800048828125
2009-08-28,3115.199951171875
2009-08-31,3096.159912109375
2009-09-01,3036.68994140625
2009-09-02,2974.989990234375
2009-09-03,2977.929931640625
2009-09-04,3038.2099609375
2009-09-07,3066.610107421875
2009-09-08,3143.719970703125
2009-09-09,3176.0
2009-09-10,3188.89990234375
2009-09-11,3257.68994140625
2009-09-14,3273.6201171875
2009-09-15,3309.1298828125
2009-09-16,3364.47998046875
2009-09-17,3469.489990234375
2009-09-18,3454.780029296875
2009-09-21,3369.889892578125
2009-09-22,3385.669921875
2009-09-23,3404.360107421875
2009-09-24,3314.570068359375
2009-09-25,3310.010009765625
2009-09-28,3331.739990234375
2009-09-29,3340.169921875
2009-09-30,3347.330078125
2009-10-01,3304.280029296875
2009-10-02,3230.820068359375
2009-10-05,3233.030029296875
2009-10-06,3295.75
2009-10-07,3310.760009765625
2009-10-08,3361.8798828125
2009-10-09,3346.139892578125
2009-10-12,3367.5400390625
2009-10-13,3274.260009765625
2009-10-14,3322.469970703125
2009-10-15,3318.56005859375
2009-10-16,3266.510009765625
2009-10-19,3293.919921875
2009-10-20,3278.389892578125
2009-10-21,3252.800048828125
2009-10-22,3181.77001953125
2009-10-23,3145.719970703125
2009-10-27,3058.56005859375
2009-10-28,2859.050048828125
2009-10-29,2937.1201171875
2009-10-30,2866.68994140625
2009-11-02,2873.070068359375
2009-11-03,2811.72998046875
2009-11-04,2923.820068359375
2009-11-05,2965.2900390625
2009-11-06,2971.9599609375
2009-11-09,3014.0400390625
2009-11-10,2951.52001953125
2009-11-11,2959.360107421875
2009-11-12,2950.8798828125
2009-11-13,2987.179931640625
2009-11-16,2957.35009765625
2009-11-17,2899.81005859375
2009-11-18,2906.360107421875
2009-11-19,2867.830078125
2009-11-20,2875.919921875
2009-11-23,2916.4599609375
2009-11-24,2882.739990234375
2009-11-25,2873.199951171875
2009-11-26,2791.699951171875
2009-11-27,2845.659912109375
2009-11-30,2807.590087890625
2009-12-01,2849.6298828125
2009-12-02,2886.3701171875
2009-12-03,2918.22998046875
2009-12-04,2987.239990234375
2009-12-07,2963.580078125
2009-12-08,2872.3701171875
2009-12-09,2854.389892578125
2009-12-10,2875.320068359375
2009-12-11,2926.260009765625
2009-12-14,2929.219970703125
2009-12-15,2922.330078125
2009-12-16,2915.8798828125
2009-12-17,2899.320068359375
2009-12-18,2927.18994140625
2009-12-21,2955.780029296875
2009-12-22,3032.3798828125
2009-12-23,3027.97998046875
2009-12-24,2989.280029296875
2009-12-29,3058.830078125
2009-12-30,3011.949951171875
2009-12-31,2974.929931640625
2010-01-04,3097.760009765625
2010-01-05,3071.52001953125
2010-01-06,3087.929931640625
2010-01-07,3070.469970703125
2010-01-08,3080.75
2010-01-11,3099.679931640625
2010-01-12,3053.969970703125
2010-01-13,3087.85009765625
2010-01-14,3110.85009765625
2010-01-15,3098.0400390625
2010-01-18,3108.169921875
2010-01-19,3101.580078125
2010-01-20,3087.530029296875
2010-01-21,3044.8701171875
2010-01-22,3036.93994140625
2010-01-25,3016.030029296875
2010-01-26,3016.530029296875
2010-01-27,2951.06005859375
2010-01-28,2948.1298828125
2010-01-29,2976.25
2010-02-01,2981.469970703125
2010-02-02,3015.320068359375
2010-02-03,3025.25
2010-02-04,2951.300048828125
2010-02-05,2890.110107421875
2010-02-08,2908.2900390625
2010-02-09,2884.280029296875
2010-02-10,2922.22998046875
2010-02-11,2896.1298828125
2010-02-12,2902.080078125
2010-02-15,2862.7099609375
2010-02-16,2897.639892578125
2010-02-17,2952.570068359375
2010-02-18,2969.489990234375
2010-02-19,2967.419921875
2010-02-22,2973.97998046875
2010-02-23,2950.31005859375
2010-02-24,2917.580078125
2010-02-25,2873.199951171875
2010-02-26,2873.60009765625
2010-03-01,2898.179931640625
2010-03-02,2932.669921875
2010-03-03,2940.030029296875
2010-03-04,2965.39990234375
2010-03-05,3011.239990234375
2010-03-08,3015.840087890625
2010-03-09,3008.72998046875
2010-03-10,3008.699951171875
2010-03-11,3023.72998046875
2010-03-12,3057.300048828125
2010-03-15,3024.919921875
2010-03-16,3044.969970703125
2010-03-17,3122.679931640625
2010-03-18,3103.989990234375
2010-03-19,3123.489990234375
2010-03-22,3097.860107421875
2010-03-23,3158.830078125
2010-03-24,3147.510009765625
2010-03-25,3202.139892578125
2010-03-26,3212.179931640625
2010-03-29,3157.610107421875
2010-03-30,3149.5
2010-03-31,3177.77001953125
2010-04-01,3245.18994140625
2010-04-06,3292.18994140625
2010-04-07,3268.050048828125
2010-04-08,3275.510009765625
2010-04-09,3330.800048828125
2010-04-12,3332.97998046875
2010-04-13,3309.889892578125
2010-04-14,3355.68994140625
2010-04-15,3342.179931640625
2010-04-16,3337.68994140625
2010-04-19,3327.219970703125
2010-04-20,3370.3798828125
2010-04-21,3407.449951171875
2010-04-22,3364.93994140625
2010-04-23,3460.489990234375
2010-04-26,3497.169921875
2010-04-27,3340.570068359375
2010-04-28,3257.02001953125
2010-04-29,3371.909912109375
2010-04-30,3397.0
2010-05-04,3254.7099609375
2010-05-05,3187.530029296875
2010-05-06,3110.14990234375
2010-05-07,2982.7099609375
2010-05-10,3217.27001953125
2010-05-11,3175.820068359375
2010-05-12,3213.5400390625
2010-05-13,3218.719970703125
2010-05-14,3081.7900390625
2010-05-17,3055.1298828125
2010-05-18,3108.590087890625
2010-05-19,2978.93994140625
2010-05-20,2882.1201171875
2010-05-21,2887.830078125
2010-05-24,2886.139892578125
2010-05-25,2776.550048828125
2010-05-26,2879.199951171875
2010-05-27,2990.60009765625
2010-05-28,2938.780029296875
2010-05-31,2947.699951171875
2010-06-01,2982.43994140625
2010-06-02,2991.860107421875
2010-06-03,3034.72998046875
2010-06-04,2983.429931640625
2010-06-08,2925.169921875
2010-06-09,3017.169921875
2010-06-10,3070.7099609375
2010-06-11,3048.219970703125
2010-06-14,3056.56005859375
2010-06-15,3089.449951171875
2010-06-16,3099.7099609375
2010-06-17,3103.239990234375
2010-06-18,3118.7900390625
2010-06-21,3121.739990234375
2010-06-22,3076.780029296875
2010-06-23,3001.820068359375
2010-06-24,2977.239990234375
2010-06-25,2945.969970703125
2010-06-28,2990.820068359375
2010-06-29,2877.679931640625
2010-06-30,2878.669921875
2010-07-01,2796.550048828125
2010-07-02,2844.280029296875
2010-07-05,2827.989990234375
2010-07-06,2913.2900390625
2010-07-07,2848.10009765625
2010-07-08,2894.989990234375
2010-07-09,2884.22998046875
2010-07-12,2899.68994140625
2010-07-13,2948.449951171875
2010-07-14,2946.7900390625
2010-07-15,2891.030029296875
2010-07-16,2855.52001953125
2010-07-19,2820.679931640625
2010-07-20,2819.340087890625
2010-07-21,2873.110107421875
2010-07-22,2937.590087890625
2010-07-23,2918.080078125
2010-07-26,2947.25
2010-07-27,2943.830078125
2010-07-28,2911.52001953125
2010-07-29,2910.75
2010-07-30,2915.360107421875
2010-08-02,2962.550048828125
2010-08-03,2961.860107421875
2010-08-04,2963.340087890625
2010-08-05,2967.550048828125
2010-08-06,2933.929931640625
2010-08-09,2983.969970703125
2010-08-10,2959.25
2010-08-11,2878.669921875
2010-08-12,2864.360107421875
2010-08-13,2824.639892578125
2010-08-16,2813.570068359375
2010-08-17,2857.9599609375
2010-08-18,2854.830078125
2010-08-19,2802.6201171875
2010-08-20,2756.1201171875
2010-08-23,2780.8701171875
2010-08-24,2620.1201171875
2010-08-25,2635.929931640625
2010-08-26,2661.739990234375
2010-08-27,2669.699951171875
2010-08-30,2668.330078125
2010-08-31,2703.860107421875
2010-09-01,2760.72998046875
2010-09-02,2744.969970703125
2010-09-03,2799.89990234375
2010-09-06,2807.110107421875
2010-09-07,2782.639892578125
2010-09-08,2757.77001953125
2010-09-09,2780.60009765625
2010-09-10,2780.60009765625
2010-09-13,2815.47998046875
2010-09-14,2795.0400390625
2010-09-15,2796.9599609375
2010-09-16,2746.7900390625
2010-09-17,2706.64990234375
2010-09-20,2734.2099609375
2010-09-21,2750.10009765625
2010-09-22,2711.93994140625
2010-09-23,2685.489990234375
2010-09-24,2698.830078125
2010-09-27,2682.93994140625
2010-09-28,2661.159912109375
2010-09-29,2657.080078125
2010-09-30,2676.179931640625
2010-10-01,2662.030029296875
2010-10-04,2669.06005859375
2010-10-05,2710.669921875
2010-10-06,2739.719970703125
2010-10-07,2719.77001953125
2010-10-08,2713.7099609375
2010-10-11,2723.1298828125
2010-10-12,2709.449951171875
2010-10-13,2729.06005859375
2010-10-14,2695.0
2010-10-15,2682.360107421875
2010-10-18,2692.389892578125
2010-10-19,2675.72998046875
2010-10-20,2665.0400390625
2010-10-21,2748.300048828125
2010-10-22,2719.64990234375
2010-10-25,2713.080078125
2010-10-26,2694.77001953125
2010-10-27,2686.260009765625
2010-10-28,2683.39990234375
2010-10-29,2684.25
2010-11-01,2677.820068359375
2010-11-02,2694.239990234375
2010-11-03,2706.239990234375
2010-11-04,2756.409912109375
2010-11-05,2701.510009765625
2010-11-08,2721.320068359375
2010-11-09,2775.739990234375
2010-11-10,2715.6201171875
2010-11-11,2672.75
2010-11-12,2675.72998046875
2010-11-15,2697.050048828125
2010-11-16,2651.800048828125
2010-11-17,2691.889892578125
2010-11-18,2775.35009765625
2010-11-19,2798.469970703125
2010-11-22,2756.72998046875
2010-11-23,2663.89990234375
2010-11-24,2686.10009765625
2010-11-25,2654.679931640625
2010-11-26,2666.77001953125
2010-11-29,2655.300048828125
2010-11-30,2646.0
2010-12-01,2694.6201171875
2010-12-02,2751.9599609375
2010-12-03,2741.27001953125
2010-12-06,2752.5
2010-12-07,2799.969970703125
2010-12-08,2817.889892578125
2010-12-09,2845.429931640625
2010-12-10,2831.830078125
2010-12-13,2853.9599609375
2010-12-14,2838.47998046875
2010-12-15,2830.449951171875
2010-12-16,2839.320068359375
2010-12-17,2819.43994140625
2010-12-20,2834.72998046875
2010-12-21,2875.56005859375
2010-12-22,2885.43994140625
2010-12-23,2881.8701171875
2010-12-24,2876.699951171875
2010-12-29,2886.929931640625
2010-12-30,2878.159912109375
2010-12-31,2885.10009765625
2011-01-04,2885.919921875
2011-01-05,2869.840087890625
2011-01-06,2865.830078125
2011-01-07,2870.840087890625
2011-01-10,2864.389892578125
2011-01-11,2906.340087890625
2011-01-12,2934.22998046875
2011-01-13,2902.419921875
2011-01-14,2919.81005859375
2011-01-17,2913.429931640625
2011-01-18,2932.18994140625
2011-01-19,2893.570068359375
2011-01-20,2825.949951171875
2011-01-21,2845.550048828125
2011-01-24,2893.3701171875
2011-01-25,2909.93994140625
2011-01-26,2935.2099609375
2011-01-27,2912.699951171875
2011-01-28,2890.669921875
2011-01-31,2852.81005859375
2011-02-01,2927.610107421875
2011-02-02,2903.18994140625
2011-02-03,2937.77001953125
2011-02-04,2985.840087890625
2011-02-07,3011.81005859375
2011-02-08,2995.830078125
2011-02-09,2941.85009765625
2011-02-10,2937.1201171875
2011-02-11,2972.070068359375
2011-02-14,2977.5
2011-02-15,2979.219970703125
2011-02-16,2989.080078125
2011-02-17,2964.9599609375
2011-02-18,3005.389892578125
2011-02-21,2956.590087890625
2011-02-22,2923.469970703125
2011-02-23,2907.669921875
2011-02-24,2900.780029296875
2011-02-25,2943.35009765625
2011-02-28,2976.5400390625
2011-03-01,2959.159912109375
2011-03-02,2921.659912109375
2011-03-03,2930.429931640625
2011-03-04,2920.179931640625
2011-03-07,2925.949951171875
2011-03-08,2924.050048828125
2011-03-09,2894.8798828125
2011-03-10,2874.5
2011-03-11,2844.889892578125
2011-03-14,2820.719970703125
2011-03-15,2746.7099609375
2011-03-16,2713.0
2011-03-17,2792.610107421875
2011-03-18,2787.080078125
2011-03-21,2823.93994140625
2011-03-22,2807.860107421875
2011-03-23,2813.280029296875
2011-03-24,2867.169921875
2011-03-25,2881.669921875
2011-03-28,2906.429931640625
2011-03-29,2876.659912109375
2011-03-30,2886.639892578125
2011-03-31,2874.7099609375
2011-04-01,2942.0400390625
2011-04-04,2952.280029296875
2011-04-05,2948.25
2011-04-06,2981.419921875
2011-04-07,2964.85009765625
2011-04-08,2965.1201171875
2011-04-11,2930.72998046875
2011-04-12,2909.47998046875
2011-04-13,2939.0
2011-04-14,2939.68994140625
2011-04-15,2950.169921875
2011-04-18,2898.949951171875
2011-04-19,2923.06005859375
2011-04-20,2937.2900390625
2011-04-21,2956.419921875
2011-04-26,2976.239990234375
2011-04-27,2970.080078125
2011-04-28,2989.719970703125
2011-04-29,3005.169921875
2011-05-03,2976.2900390625
2011-05-04,2943.169921875
2011-05-05,2926.530029296875
2011-05-06,2992.590087890625
2011-05-09,2972.919921875
2011-05-10,3005.429931640625
2011-05-11,3025.81005859375
2011-05-12,3002.31005859375
2011-05-13,3005.0400390625
2011-05-16,2985.360107421875
2011-05-17,2974.8701171875
2011-05-18,2955.1201171875
2011-05-19,2980.5400390625
2011-05-20,2967.739990234375
2011-05-23,2909.260009765625
2011-05-24,2925.030029296875
2011-05-25,2934.0
2011-05-26,2926.449951171875
2011-05-27,2967.550048828125
2011-05-30,2956.280029296875
2011-05-31,2969.570068359375
2011-06-01,2971.300048828125
2011-06-02,2963.659912109375
2011-06-03,2940.5
2011-06-07,2924.760009765625
2011-06-08,2895.10009765625
2011-06-09,2933.780029296875
2011-06-10,2884.39990234375
2011-06-13,2906.669921875
2011-06-14,2921.550048828125
2011-06-15,2888.219970703125
2011-06-16,2864.889892578125
2011-06-17,2886.6298828125
2011-06-20,2872.919921875
2011-06-21,2907.419921875
2011-06-22,2907.60009765625
2011-06-23,2874.219970703125
2011-06-24,2882.570068359375
2011-06-27,2886.820068359375
2011-06-28,2912.050048828125
2011-06-29,2942.050048828125
2011-06-30,2953.2900390625
2011-07-01,2994.179931640625
2011-07-04,3015.5400390625
2011-07-05,3003.06005859375
2011-07-06,2959.7900390625
2011-07-07,2968.169921875
2011-07-08,2943.530029296875
2011-07-11,2900.25
2011-07-12,2887.139892578125
2011-07-13,2908.18994140625
2011-07-14,2890.35009765625
2011-07-15,2861.68994140625
2011-07-18,2825.75
2011-07-19,2840.419921875
2011-07-20,2868.830078125
2011-07-21,2886.510009765625
2011-07-22,2927.3798828125
2011-07-25,2914.9599609375
2011-07-26,2890.18994140625
2011-07-27,2852.39990234375
2011-07-28,2825.169921875
2011-07-29,2821.280029296875
2011-08-01,2756.840087890625
2011-08-02,2710.360107421875
2011-08-03,2639.14990234375
2011-08-04,2545.510009765625
2011-08-05,2506.47998046875
2011-08-08,2395.72998046875
2011-08-09,2466.35009765625
2011-08-10,2409.840087890625
2011-08-11,2449.239990234375
2011-08-12,2520.43994140625
2011-08-15,2549.239990234375
2011-08-16,2537.4599609375
2011-08-17,2566.219970703125
2011-08-18,2454.639892578125
2011-08-19,2419.77001953125
2011-08-22,2452.070068359375
2011-08-23,2438.06005859375
2011-08-24,2470.300048828125
2011-08-25,2450.0
2011-08-26,2429.93994140625
2011-08-29,2471.510009765625
2011-08-30,2485.64990234375
2011-08-31,2576.81005859375
2011-09-01,2602.010009765625
2011-09-02,2521.2900390625
2011-09-05,2434.080078125
2011-09-06,2447.929931640625
2011-09-07,2519.419921875
2011-09-08,2524.010009765625
2011-09-09,2444.02001953125
2011-09-12,2382.06005859375
2011-09-13,2417.699951171875
2011-09-14,2467.510009765625
2011-09-15,2463.8798828125
2011-09-16,2497.22998046875
2011-09-19,2456.5400390625
2011-09-20,2492.909912109375
2011-09-21,2444.52001953125
2011-09-22,2366.1298828125
2011-09-23,2404.739990234375
2011-09-26,2441.330078125
2011-09-27,2520.31005859375
2011-09-28,2501.7099609375
2011-09-29,2511.81005859375
2011-09-30,2503.18994140625
2011-10-03,2518.280029296875
2011-10-04,2430.1201171875
2011-10-05,2480.7900390625
2011-10-06,2549.909912109375
2011-10-07,2562.739990234375
2011-10-10,2590.8701171875
2011-10-11,2558.419921875
2011-10-12,2606.64990234375
2011-10-13,2571.639892578125
2011-10-14,2604.6201171875
2011-10-17,2588.2900390625
2011-10-18,2604.5400390625
2011-10-19,2620.280029296875
2011-10-20,2599.179931640625
2011-10-21,2629.56005859375
2011-10-24,2691.300048828125
2011-10-25,2654.780029296875
2011-10-26,2666.0400390625
2011-10-27,2766.3798828125
2011-10-28,2755.85009765625
2011-10-31,2724.659912109375
2011-11-01,2608.18994140625
2011-11-02,2609.989990234375
2011-11-03,2682.139892578125
2011-11-04,2664.5400390625
2011-11-07,2665.1298828125
2011-11-08,2687.260009765625
2011-11-09,2661.550048828125
2011-11-10,2661.8701171875
2011-11-11,2697.110107421875
2011-11-14,2694.679931640625
2011-11-15,2663.27001953125
2011-11-16,2679.360107421875
2011-11-17,2638.6201171875
2011-11-18,2607.110107421875
2011-11-21,2555.090087890625
2011-11-22,2543.360107421875
2011-11-23,2511.77001953125
2011-11-24,2512.659912109375
2011-11-25,2521.969970703125
2011-11-28,2611.510009765625
2011-11-29,2623.719970703125
2011-11-30,2749.050048828125
2011-12-01,2709.780029296875
2011-12-02,2720.590087890625
2011-12-05,2763.8798828125
2011-12-06,2745.889892578125
2011-12-07,2755.139892578125
2011-12-08,2720.949951171875
2011-12-09,2741.2900390625
2011-12-12,2711.139892578125
2011-12-13,2722.5400390625
2011-12-14,2681.2099609375
2011-12-15,2708.27001953125
2011-12-16,2726.39990234375
2011-12-19,2733.669921875
2011-12-20,2782.800048828125
2011-12-21,2810.18994140625
2011-12-22,2836.75
2011-12-23,2865.35009765625
2011-12-28,2843.669921875
2011-12-29,2845.260009765625
2011-12-30,2901.820068359375
2012-01-03,2960.52001953125
2012-01-04,2908.1201171875
2012-01-05,2892.52001953125
2012-01-06,2889.8701171875
2012-01-09,2932.510009765625
2012-01-10,2978.969970703125
2012-01-11,2947.18994140625
2012-01-12,2919.300048828125
2012-01-13,2929.43994140625
2012-01-16,2935.9599609375
2012-01-17,2944.02001953125
2012-01-18,2952.239990234375
2012-01-19,3037.070068359375
2012-01-20,3005.68994140625
2012-01-23,3009.679931640625
2012-01-24,2986.89990234375
2012-01-25,2982.639892578125
2012-01-26,3023.340087890625
2012-01-27,3007.5400390625
2012-01-30,2989.719970703125
2012-01-31,3007.7900390625
2012-02-01,3068.340087890625
2012-02-02,3065.820068359375
2012-02-03,3135.320068359375
2012-02-06,3139.260009765625
2012-02-07,3124.10009765625
2012-02-08,3106.85009765625
2012-02-09,3118.6201171875
2012-02-10,3101.840087890625
2012-02-13,3098.260009765625
2012-02-14,3093.43994140625
2012-02-15,3131.800048828125
2012-02-16,3131.93994140625
2012-02-17,3175.860107421875
2012-02-20,3207.260009765625
2012-02-21,3183.719970703125
2012-02-22,3166.840087890625
2012-02-23,3170.699951171875
2012-02-24,3200.25
2012-02-27,3191.31005859375
2012-02-28,3181.260009765625
2012-02-29,3208.320068359375
2012-03-01,3238.639892578125
2012-03-02,3265.81005859375
2012-03-05,3226.239990234375
2012-03-06,3132.570068359375
2012-03-07,3148.6298828125
2012-03-08,3237.510009765625
2012-03-09,3266.85009765625
2012-03-12,3210.030029296875
2012-03-13,3267.409912109375
2012-03-14,3279.929931640625
2012-03-15,3321.239990234375
2012-03-16,3359.340087890625
2012-03-19,3335.5
2012-03-20,3306.179931640625
2012-03-21,3299.25
2012-03-22,3262.760009765625
2012-03-23,3264.510009765625
2012-03-26,3275.43994140625
2012-03-27,3278.6298828125
2012-03-28,3286.199951171875
2012-03-29,3233.139892578125
2012-03-30,3254.81005859375
2012-04-02,3290.85009765625
2012-04-03,3267.760009765625
2012-04-04,3202.75
2012-04-05,3202.469970703125
2012-04-10,3141.68994140625
2012-04-11,3139.340087890625
2012-04-12,3195.830078125
2012-04-13,3180.219970703125
2012-04-16,3176.090087890625
2012-04-17,3222.639892578125
2012-04-18,3224.85009765625
2012-04-19,3210.530029296875
2012-04-20,3232.639892578125
2012-04-23,3162.43994140625
2012-04-24,3178.510009765625
2012-04-25,3217.949951171875
2012-04-26,3213.3798828125
2012-04-27,3242.590087890625
2012-04-30,3224.449951171875
2012-05-01,3261.550048828125
2012-05-02,3268.449951171875
2012-05-03,3252.530029296875
2012-05-04,3162.9599609375
2012-05-08,3106.43994140625
2012-05-09,3118.35009765625
2012-05-10,3135.97998046875
2012-05-11,3157.64990234375
2012-05-14,3088.31005859375
2012-05-15,3084.739990234375
2012-05-16,3084.47998046875
2012-05-17,3026.010009765625
2012-05-18,3014.260009765625
2012-05-21,3031.090087890625
2012-05-22,3087.81005859375
2012-05-23,3034.97998046875
2012-05-24,3054.780029296875
2012-05-25,3091.8701171875
2012-05-28,3103.719970703125
2012-05-29,3143.320068359375
2012-05-30,3103.56005859375
2012-05-31,3062.02001953125
2012-06-01,3013.949951171875
2012-06-05,2961.7900390625
2012-06-06,3034.719970703125
2012-06-07,3041.85009765625
2012-06-08,3048.169921875
2012-06-11,3042.8798828125
2012-06-12,3029.360107421875
2012-06-13,3023.179931640625
2012-06-14,3006.429931640625
2012-06-15,3069.580078125
2012-06-18,3072.139892578125
2012-06-19,3088.2900390625
2012-06-20,3083.580078125
2012-06-21,3061.6298828125
2012-06-22,3041.760009765625
2012-06-25,3017.669921875
2012-06-26,3026.159912109375
2012-06-27,3066.22998046875
2012-06-28,3072.800048828125
2012-06-29,3148.6201171875
2012-07-02,3161.3701171875
2012-07-03,3189.31005859375
2012-07-04,3218.389892578125
2012-07-05,3214.669921875
2012-07-06,3173.14990234375
2012-07-09,3174.47998046875
2012-07-10,3189.18994140625
2012-07-11,3193.330078125
2012-07-12,3156.0
2012-07-13,3183.969970703125
2012-07-16,3225.169921875
2012-07-17,3217.60009765625
2012-07-18,3216.9599609375
2012-07-19,3238.10009765625
2012-07-20,3206.0
2012-07-23,3132.320068359375
2012-07-24,3071.800048828125
2012-07-25,3062.919921875
2012-07-26,3120.669921875
2012-07-27,3145.889892578125
2012-07-30,3195.590087890625
2012-07-31,3169.25
2012-08-01,3143.47998046875
2012-08-02,3147.64990234375
2012-08-03,3177.06005859375
2012-08-06,3208.89990234375
2012-08-07,3184.469970703125
2012-08-08,3197.3798828125
2012-08-09,3227.60009765625
2012-08-10,3240.610107421875
2012-08-13,3224.409912109375
2012-08-14,3192.929931640625
2012-08-15,3171.85009765625
2012-08-16,3167.489990234375
2012-08-17,3201.239990234375
2012-08-20,3177.530029296875
2012-08-21,3212.5400390625
2012-08-22,3173.56005859375
2012-08-23,3162.989990234375
2012-08-24,3148.3701171875
2012-08-27,3164.080078125
2012-08-28,3154.06005859375
2012-08-29,3151.889892578125
2012-08-30,3130.64990234375
2012-08-31,3160.7900390625
2012-09-03,3170.590087890625
2012-09-04,3155.909912109375
2012-09-05,3173.89990234375
2012-09-06,3226.93994140625
2012-09-07,3261.89990234375
2012-09-10,3263.2900390625
2012-09-11,3249.5
2012-09-12,3250.43994140625
2012-09-13,3262.510009765625
2012-09-14,3303.1298828125
2012-09-17,3281.5400390625
2012-09-18,3267.8798828125
2012-09-19,3281.580078125
2012-09-20,3322.97998046875
2012-09-21,3343.550048828125
2012-09-24,3328.72998046875
2012-09-25,3310.800048828125
2012-09-26,3268.72998046875
2012-09-27,3272.340087890625
2012-09-28,3278.280029296875
2012-10-01,3279.320068359375
2012-10-02,3299.6201171875
2012-10-03,3311.14990234375
2012-10-04,3302.090087890625
2012-10-05,3339.31005859375
2012-10-08,3297.2900390625
2012-10-09,3267.159912109375
2012-10-10,3240.97998046875
2012-10-11,3232.110107421875
2012-10-12,3241.72998046875
2012-10-15,3244.72998046875
2012-10-16,3271.030029296875
2012-10-17,3273.159912109375
2012-10-18,3262.68994140625
2012-10-19,3240.239990234375
2012-10-22,3236.949951171875
2012-10-23,3191.830078125
2012-10-24,3211.409912109375
2012-10-25,3239.949951171875
2012-10-26,3241.840087890625
2012-10-29,3227.22998046875
2012-10-30,3256.489990234375
2012-10-31,3248.489990234375
2012-11-01,3282.199951171875
2012-11-02,3313.0400390625
2012-11-05,3353.760009765625
2012-11-06,3370.47998046875
2012-11-07,3321.820068359375
2012-11-08,3290.77001953125
2012-11-09,3294.570068359375
2012-11-12,3268.739990234375
2012-11-13,3291.830078125
2012-11-14,3233.320068359375
2012-11-15,3195.1201171875
2012-11-16,3178.070068359375
2012-11-19,3219.77001953125
2012-11-20,3238.77001953125
2012-11-21,3243.0
2012-11-22,3252.02001953125
2012-11-23,3263.75
2012-11-26,3250.760009765625
2012-11-27,3257.449951171875
2012-11-28,3268.93994140625
2012-11-29,3300.72998046875
2012-11-30,3290.27001953125
2012-12-03,3288.580078125
2012-12-04,3283.85009765625
2012-12-05,3299.989990234375
2012-12-06,3340.320068359375
2012-12-07,3347.77001953125
2012-12-10,3334.929931640625
2012-12-11,3355.800048828125
2012-12-12,3342.47998046875
2012-12-13,3328.780029296875
2012-12-14,3327.68994140625
2012-12-17,3312.969970703125
2012-12-18,3333.06005859375
2012-12-19,3387.610107421875
2012-12-20,3396.409912109375
2012-12-21,3388.389892578125
2012-12-24,3373.659912109375
2012-12-27,3376.340087890625
2012-12-28,3366.22998046875
2012-12-31,3396.669921875
2013-01-02,3456.199951171875
2013-01-03,3478.409912109375
2013-01-04,3497.429931640625
2013-01-07,3499.949951171875
2013-01-08,3514.330078125
2013-01-09,3504.22998046875
2013-01-10,3499.969970703125
2013-01-11,3481.47998046875
2013-01-14,3463.989990234375
2013-01-15,3452.0400390625
2013-01-16,3461.860107421875
2013-01-17,3487.510009765625
2013-01-18,3479.68994140625
2013-01-21,3477.719970703125
2013-01-22,3487.320068359375
2013-01-23,3479.0
2013-01-24,3529.89990234375
2013-01-25,3553.090087890625
2013-01-28,3554.5
2013-01-29,3556.010009765625
2013-01-30,3548.320068359375
2013-01-31,3546.330078125
2013-02-01,3572.85009765625
2013-02-04,3543.3701171875
2013-02-05,3530.0
2013-02-06,3516.719970703125
2013-02-07,3557.1298828125
2013-02-08,3606.239990234375
2013-02-11,3578.820068359375
2013-02-12,3626.449951171875
2013-02-13,3682.56005859375
2013-02-14,3680.639892578125
2013-02-15,3663.570068359375
2013-02-18,3665.85009765625
2013-02-19,3689.090087890625
2013-02-20,3680.06005859375
2013-02-21,3623.27001953125
2013-02-22,3694.469970703125
2013-02-25,3708.77001953125
2013-02-26,3732.7900390625
2013-02-27,3721.639892578125
2013-02-28,3756.77001953125
2013-03-01,3762.199951171875
2013-03-04,3810.35009765625
2013-03-05,3884.159912109375
2013-03-06,3826.030029296875
2013-03-07,3828.280029296875
2013-03-08,3825.39990234375
2013-03-11,3847.6201171875
2013-03-12,3865.68994140625
2013-03-13,3858.6298828125
2013-03-14,3912.070068359375
2013-03-15,3848.89990234375
2013-03-18,3906.030029296875
2013-03-19,3936.60009765625
2013-03-20,3971.6201171875
2013-03-21,3931.409912109375
2013-03-22,3925.5400390625
2013-03-25,3932.110107421875
2013-03-26,3923.52001953125
2013-03-27,3913.1201171875
2013-03-28,3958.27001953125
2013-04-02,4003.0400390625
2013-04-03,3958.10009765625
2013-04-04,3911.72998046875
2013-04-05,3808.570068359375
2013-04-08,3796.669921875
2013-04-09,3820.9599609375
2013-04-10,3893.409912109375
2013-04-11,3915.340087890625
2013-04-12,3879.820068359375
2013-04-15,3859.570068359375
2013-04-16,3844.97998046875
2013-04-17,3808.10009765625
2013-04-18,3795.889892578125
2013-04-19,3810.989990234375
2013-04-22,3829.8701171875
2013-04-23,3930.60009765625
2013-04-24,3909.6298828125
2013-04-25,3901.929931640625
2013-04-26,3861.35009765625
2013-04-29,3882.840087890625
2013-04-30,3858.219970703125
2013-05-01,3865.739990234375
2013-05-02,3890.260009765625
2013-05-03,3940.820068359375
2013-05-07,3980.080078125
2013-05-08,3961.580078125
2013-05-09,3947.550048828125
2013-05-10,3964.7900390625
2013-05-13,3968.760009765625
2013-05-14,3975.419921875
2013-05-15,4010.030029296875
2013-05-16,3997.300048828125
2013-05-17,4004.570068359375
2013-05-20,4063.389892578125
2013-05-21,4060.169921875
2013-05-22,4068.719970703125
2013-05-23,4040.77001953125
2013-05-24,4045.909912109375
2013-05-27,4079.3701171875
2013-05-28,4105.85986328125
2013-05-29,4035.1298828125
2013-05-30,4041.2900390625
2013-05-31,4012.89990234375
2013-06-04,4032.090087890625
2013-06-05,3989.239990234375
2013-06-06,3930.8798828125
2013-06-07,3981.840087890625
2013-06-10,3965.840087890625
2013-06-11,3907.10009765625
2013-06-12,3880.6201171875
2013-06-13,3873.56005859375
2013-06-14,3915.5400390625
2013-06-17,3917.919921875
2013-06-18,3930.8701171875
2013-06-19,3943.419921875
2013-06-20,3890.4599609375
2013-06-21,3884.010009765625
2013-06-24,3784.18994140625
2013-06-25,3860.300048828125
2013-06-26,3926.739990234375
2013-06-27,3957.889892578125
2013-06-28,3963.330078125
2013-07-01,4024.070068359375
2013-07-02,4021.469970703125
2013-07-03,3987.919921875
2013-07-04,4069.89990234375
2013-07-05,4001.02001953125
2013-07-08,4021.97998046875
2013-07-09,4051.050048828125
2013-07-10,4039.85009765625
2013-07-11,4038.169921875
2013-07-12,4054.7900390625
2013-07-15,4057.89990234375
2013-07-16,3998.02001953125
2013-07-17,4014.7099609375
2013-07-18,4097.5498046875
2013-07-19,4080.93994140625
2013-07-22,4072.3798828125
2013-07-23,4047.080078125
2013-07-24,4116.58984375
2013-07-25,4123.5400390625
2013-07-26,4079.659912109375
2013-07-29,4072.85009765625
2013-07-30,4079.31005859375
2013-07-31,4104.8701171875
2013-08-01,4171.81982421875
2013-08-02,4203.1201171875
2013-08-05,4209.56982421875
2013-08-06,4204.7900390625
2013-08-07,4186.27001953125
2013-08-08,4229.97998046875
2013-08-09,4266.47998046875
2013-08-12,4238.60009765625
2013-08-13,4257.14990234375
2013-08-14,4261.85009765625
2013-08-15,4196.77001953125
2013-08-16,4180.419921875
2013-08-19,4210.22998046875
2013-08-20,4179.56982421875
2013-08-21,4187.2099609375
2013-08-22,4218.77978515625
2013-08-23,4225.2900390625
2013-08-26,4224.85009765625
2013-08-27,4138.08984375
2013-08-28,4114.7900390625
2013-08-29,4194.81005859375
2013-08-30,4190.169921875
2013-09-02,4248.68994140625
2013-09-03,4229.7099609375
2013-09-04,4162.5498046875
2013-09-05,4215.93017578125
2013-09-06,4225.3798828125
2013-09-09,4223.77001953125
2013-09-10,4265.4599609375
2013-09-11,4253.43017578125
2013-09-12,4236.77978515625
2013-09-13,4209.41015625
2013-09-16,4277.35009765625
2013-09-17,4276.490234375
2013-09-18,4272.169921875
2013-09-19,4292.5400390625
2013-09-20,4266.259765625
2013-09-23,4254.66015625
2013-09-24,4273.1201171875
2013-09-25,4273.22998046875
2013-09-26,4258.7001953125
2013-09-27,4240.759765625
2013-09-30,4238.27978515625
2013-10-01,4282.89013671875
2013-10-02,4275.64990234375
2013-10-03,4260.759765625
2013-10-04,4278.35009765625
2013-10-07,4271.490234375
2013-10-08,4223.06005859375
2013-10-09,4195.8701171875
2013-10-10,4263.60009765625
2013-10-11,4253.68017578125
2013-10-14,4269.990234375
2013-10-15,4322.18017578125
2013-10-16,4356.22021484375
2013-10-17,4354.14013671875
2013-10-18,4392.39990234375
2013-10-21,4401.06005859375
2013-10-22,4391.89013671875
2013-10-23,4370.10986328125
2013-10-24,4354.39990234375
2013-10-25,4331.60986328125
2013-10-28,4325.9599609375
2013-10-29,4325.4599609375
2013-10-30,4356.58984375
2013-10-31,4405.89990234375
2013-11-01,4392.43017578125
2013-11-04,4365.31982421875
2013-11-05,4397.10009765625
2013-11-06,4428.39013671875
2013-11-07,4428.10009765625
2013-11-08,4437.08984375
2013-11-11,4472.3701171875
2013-11-12,4500.06005859375
2013-11-13,4469.68994140625
2013-11-14,4490.7998046875
2013-11-15,4479.5
2013-11-18,4457.10986328125
2013-11-19,4415.22021484375
2013-11-20,4436.39013671875
2013-11-21,4431.68017578125
2013-11-22,4441.9599609375
2013-11-25,4464.97021484375
2013-11-26,4459.93994140625
2013-11-27,4484.66015625
2013-11-28,4511.08984375
2013-11-29,4509.919921875
2013-12-02,4502.60009765625
2013-12-03,4405.97998046875
2013-12-04,4375.52001953125
2013-12-05,4349.52001953125
2013-12-06,4388.3701171875
2013-12-09,4407.47998046875
2013-12-10,4410.7900390625
2013-12-11,4380.1298828125
2013-12-12,4337.52001953125
2013-12-13,4335.60009765625
2013-12-16,4376.83984375
2013-12-17,4409.580078125
2013-12-18,4388.83984375
2013-12-19,4442.14013671875
2013-12-20,4492.89990234375
2013-12-23,4490.31982421875
2013-12-24,4474.2900390625
2013-12-27,4548.89990234375
2013-12-30,4512.18017578125
2013-12-31,4539.43017578125
2014-01-02,4554.85009765625
2014-01-03,4585.25
2014-01-06,4595.58984375
2014-01-07,4682.16015625
2014-01-08,4702.56982421875
2014-01-09,4745.43994140625
2014-01-10,4735.009765625
2014-01-13,4791.759765625
2014-01-14,4783.0400390625
2014-01-15,4817.419921875
2014-01-16,4806.64990234375
2014-01-17,4831.18017578125
2014-01-20,4826.25
2014-01-21,4839.22021484375
2014-01-22,4853.60986328125
2014-01-23,4815.080078125
2014-01-24,4716.72998046875
2014-01-27,4640.52001953125
2014-01-28,4721.47021484375
2014-01-29,4723.35009765625
2014-01-30,4684.64013671875
2014-01-31,4652.2998046875
2014-02-03,4662.990234375
2014-02-04,4666.93017578125
2014-02-05,4694.6201171875
2014-02-06,4764.580078125
2014-02-07,4829.77001953125
2014-02-10,4804.81982421875
2014-02-11,4852.1298828125
2014-02-12,4919.16015625
2014-02-13,4912.43017578125
2014-02-14,4929.8798828125
2014-02-17,4968.0498046875
2014-02-18,4959.52978515625
2014-02-19,4977.06005859375
2014-02-20,4986.27978515625
2014-02-21,5004.85009765625
2014-02-24,5054.18994140625
2014-02-25,5150.66015625
2014-02-26,5103.6201171875
2014-02-27,5135.9599609375
2014-02-28,5195.97021484375
2014-03-03,5069.6298828125
2014-03-04,5091.5400390625
2014-03-05,5106.64013671875
2014-03-06,5143.83984375
2014-03-07,5051.56005859375
2014-03-10,5028.5498046875
2014-03-11,5069.89990234375
2014-03-12,5001.27978515625
2014-03-13,4965.52001953125
2014-03-14,4875.3701171875
2014-03-17,4942.7099609375
2014-03-18,4961.91015625
2014-03-19,4899.9599609375
2014-03-20,4894.31005859375
2014-03-21,4914.8701171875
2014-03-24,4850.52978515625
2014-03-25,4924.02001953125
2014-03-26,4984.509765625
2014-03-27,4968.35009765625
2014-03-28,4990.990234375
2014-03-31,4995.39013671875
2014-04-01,5080.27001953125
2014-04-02,5080.97998046875
2014-04-03,5064.47998046875
2014-04-04,5116.330078125
2014-04-07,5051.7998046875
2014-04-08,4986.77978515625
2014-04-09,5015.1201171875
2014-04-10,5002.7001953125
2014-04-11,4939.3701171875
2014-04-14,4896.10986328125
2014-04-15,4847.490234375
2014-04-16,4922.93017578125
2014-04-17,4906.77978515625
2014-04-22,4989.0400390625
2014-04-23,4948.08984375
2014-04-24,4922.6298828125
2014-04-25,4876.64990234375
2014-04-28,4835.43017578125
2014-04-29,4880.0
2014-04-30,4897.02978515625
2014-05-01,4900.14990234375
2014-05-02,4927.330078125
2014-05-06,4904.3798828125
2014-05-07,4848.7998046875
2014-05-08,4925.25
2014-05-09,4877.56005859375
2014-05-12,4896.31982421875
2014-05-13,4862.990234375
2014-05-14,4815.10009765625
2014-05-15,4669.43994140625
2014-05-16,4654.08984375
2014-05-19,4776.60986328125
2014-05-20,4767.0400390625
2014-05-21,4816.2099609375
2014-05-22,4842.97998046875
2014-05-23,4836.3798828125
2014-05-26,4880.5400390625
2014-05-27,4896.39990234375
2014-05-28,4926.7998046875
2014-05-29,4911.6201171875
2014-05-30,4898.77001953125
2014-06-03,4895.5
2014-06-04,4935.85009765625
2014-06-05,4950.9599609375
2014-06-06,5012.39990234375
2014-06-09,5023.35009765625
2014-06-10,5015.14013671875
2014-06-11,4962.08984375
2014-06-12,4966.4501953125
2014-06-13,4897.14013671875
2014-06-16,4861.10986328125
2014-06-17,4848.919921875
2014-06-18,4798.580078125
2014-06-19,4872.47021484375
2014-06-20,4812.919921875
2014-06-23,4764.5400390625
2014-06-24,4741.7099609375
2014-06-25,4713.31005859375
2014-06-26,4722.93994140625
2014-06-27,4723.97021484375
2014-06-30,4699.93994140625
2014-07-01,4751.740234375
2014-07-02,4750.5498046875
2014-07-03,4829.990234375
2014-07-04,4806.41015625
2014-07-07,4751.68994140625
2014-07-08,4667.10009765625
2014-07-09,4682.27001953125
2014-07-10,4646.66015625
2014-07-11,4657.14013671875
2014-07-14,4702.16015625
2014-07-15,4707.72021484375
2014-07-16,4764.7099609375
2014-07-17,4734.10009765625
2014-07-18,4700.7099609375
2014-07-21,4677.2099609375
2014-07-22,4723.97998046875
2014-07-23,4742.490234375
2014-07-24,4740.77001953125
2014-07-25,4716.8701171875
2014-07-28,4719.3798828125
2014-07-29,4749.89013671875
2014-07-30,4717.330078125
2014-07-31,4647.7900390625
2014-08-01,4614.85009765625
2014-08-04,4602.39990234375
2014-08-05,4586.5400390625
2014-08-06,4558.39013671875
2014-08-07,4550.5400390625
2014-08-08,4530.97021484375
2014-08-11,4588.259765625
2014-08-12,4598.009765625
2014-08-13,4615.56005859375
2014-08-14,4659.39990234375
2014-08-15,4672.58984375
2014-08-18,4712.22021484375
2014-08-19,4695.22021484375
2014-08-20,4657.22021484375
2014-08-21,4697.22021484375
2014-08-22,4692.02001953125
2014-08-25,4722.52978515625
2014-08-26,4760.89990234375
2014-08-27,4789.669921875
2014-08-28,4804.16015625
2014-08-29,4783.1298828125
2014-09-01,4822.52001953125
2014-09-02,4827.35986328125
2014-09-03,4882.75
2014-09-04,4950.72998046875
2014-09-05,4954.240234375
2014-09-08,4898.97021484375
2014-09-09,4899.3701171875
2014-09-10,4877.2998046875
2014-09-11,4889.08984375
2014-09-12,4901.740234375
2014-09-15,4859.509765625
2014-09-16,4824.89990234375
2014-09-17,4838.580078125
2014-09-18,4914.919921875
2014-09-19,4865.990234375
2014-09-22,4860.56005859375
2014-09-23,4808.830078125
2014-09-24,4816.0498046875
2014-09-25,4825.77001953125
2014-09-26,4826.16015625
2014-09-29,4816.8798828125
2014-09-30,4874.68017578125
2014-10-01,4840.4501953125
2014-10-02,4728.39013671875
2014-10-03,4790.41015625
2014-10-06,4817.89990234375
2014-10-07,4691.68017578125
2014-10-08,4619.91015625
2014-10-09,4565.509765625
2014-10-10,4490.0400390625
2014-10-13,4462.64990234375
2014-10-14,4497.759765625
2014-10-15,4381.39013671875
2014-10-16,4347.72998046875
2014-10-17,4487.6201171875
2014-10-20,4514.2900390625
2014-10-21,4644.83984375
2014-10-22,4692.22021484375
2014-10-23,4695.97998046875
2014-10-24,4666.419921875
2014-10-27,4668.81005859375
2014-10-28,4689.25
2014-10-29,4661.02978515625
2014-10-30,4666.169921875
2014-10-31,4763.1298828125
2014-11-03,4824.990234375
2014-11-04,4812.7099609375
2014-11-05,4890.3701171875
2014-11-06,4899.740234375
2014-11-07,4827.66015625
2014-11-10,4831.3798828125
2014-11-11,4831.97021484375
2014-11-12,4785.759765625
2014-11-13,4777.97998046875
2014-11-14,4744.77978515625
2014-11-17,4779.41015625
2014-11-18,4809.18994140625
2014-11-19,4862.7900390625
2014-11-20,4886.419921875
2014-11-21,4970.47021484375
2014-11-24,5000.990234375
2014-11-25,5036.81005859375
2014-11-26,5000.0
2014-11-27,5078.35986328125
2014-11-28,5071.580078125
2014-12-01,5066.41015625
2014-12-02,5099.64013671875
2014-12-03,5156.56982421875
2014-12-04,5220.85986328125
2014-12-05,5325.14990234375
2014-12-08,5293.64013671875
2014-12-09,5167.830078125
2014-12-10,5147.9501953125
2014-12-11,5173.85009765625
2014-12-12,5074.31005859375
2014-12-15,4955.580078125
2014-12-16,5001.43994140625
2014-12-17,5039.31982421875
2014-12-18,5157.75
2014-12-19,5168.7998046875
2014-12-22,5177.68994140625
2014-12-23,5227.83984375
2014-12-24,5200.1298828125
2014-12-29,5232.490234375
2014-12-30,5212.6298828125
2014-12-31,5224.56005859375
2015-01-02,5228.68994140625
2015-01-05,5165.009765625
2015-01-06,5086.18994140625
2015-01-07,5080.10986328125
2015-01-08,5138.72021484375
2015-01-09,5125.39013671875
2015-01-12,5118.18017578125
2015-01-13,5232.009765625
2015-01-14,5180.60009765625
2015-01-15,5259.3798828125
2015-01-16,5284.10009765625
2015-01-19,5330.81982421875
2015-01-20,5332.06005859375
2015-01-21,5390.080078125
2015-01-22,5461.97021484375
2015-01-23,5577.81982421875
2015-01-26,5591.52001953125
2015-01-27,5541.60986328125
2015-01-28,5508.08984375
2015-01-29,5498.22998046875
2015-01-30,5471.52001953125
2015-02-02,5471.52001953125
2015-02-03,5570.509765625
2015-02-04,5602.8798828125
2015-02-05,5597.77978515625
2015-02-06,5613.3798828125
2015-02-09,5581.830078125
2015-02-10,5639.68994140625
2015-02-11,5687.31005859375
2015-02-12,5721.43017578125
2015-02-13,5710.759765625
2015-02-16,5691.7001953125
2015-02-17,5669.0400390625
2015-02-18,5768.2001953125
2015-02-19,5798.0400390625
2015-02-20,5768.39990234375
2015-02-23,5872.35009765625
2015-02-24,5868.919921875
2015-02-25,5879.080078125
2015-02-26,5898.06005859375
2015-02-27,5977.02978515625
2015-03-02,5957.6201171875
2015-03-03,5893.169921875
2015-03-04,5954.25
2015-03-05,6017.759765625
2015-03-06,6021.169921875
2015-03-09,5975.10009765625
2015-03-10,5935.14990234375
2015-03-11,6018.4501953125
2015-03-12,6172.77978515625
2015-03-13,6212.10986328125
2015-03-16,6114.419921875
2015-03-17,5995.7900390625
2015-03-18,6075.39990234375
2015-03-19,6076.7001953125
2015-03-20,6183.8798828125
2015-03-23,6149.22021484375
2015-03-24,6141.39013671875
2015-03-25,6092.64990234375
2015-03-26,5999.9599609375
2015-03-27,6006.47998046875
2015-03-30,6101.39013671875
2015-03-31,6019.490234375
2015-04-01,6018.02978515625
2015-04-02,6025.58984375
2015-04-07,6132.93017578125
2015-04-08,6156.919921875
2015-04-09,6237.580078125
2015-04-10,6232.2900390625
2015-04-13,6264.47998046875
2015-04-14,6263.22998046875
2015-04-15,6324.2001953125
2015-04-16,6341.509765625
2015-04-17,6249.31982421875
2015-04-20,6254.08984375
2015-04-21,6305.2099609375
2015-04-22,6274.669921875
2015-04-23,6264.990234375
2015-04-24,6298.35986328125
2015-04-27,6356.91015625
2015-04-28,6290.39013671875
2015-04-29,6084.27978515625
2015-04-30,6047.14990234375
2015-05-01,6067.080078125
2015-05-05,6103.47021484375
2015-05-06,6043.259765625
2015-05-07,6090.259765625
2015-05-08,6229.6201171875
2015-05-11,6176.35986328125
2015-05-12,6082.66015625
2015-05-13,6096.83984375
2015-05-14,6158.02978515625
2015-05-15,6185.97021484375
2015-05-18,6150.89990234375
2015-05-19,6259.5498046875
2015-05-20,6295.18017578125
2015-05-21,6267.60009765625
2015-05-22,6273.56005859375
2015-05-25,6262.7099609375
2015-05-26,6266.97998046875
2015-05-27,6369.43994140625
2015-05-28,6362.1298828125
2015-05-29,6274.60009765625
2015-06-02,6170.2900390625
2015-06-03,6185.330078125
2015-06-04,6142.77978515625
2015-06-05,6102.47998046875
2015-06-08,6081.8701171875
2015-06-09,6058.2998046875
2015-06-10,6153.9599609375
2015-06-11,6246.02001953125
2015-06-12,6210.080078125
2015-06-15,6168.25
2015-06-16,6172.81005859375
2015-06-17,6150.35986328125
2015-06-18,6187.22998046875
2015-06-19,6270.89990234375
2015-06-22,6333.669921875
2015-06-23,6385.740234375
2015-06-24,6355.16015625
2015-06-25,6348.14013671875
2015-06-26,6367.669921875
2015-06-29,6209.14013671875
2015-06-30,6165.0400390625
2015-07-01,6246.7998046875
2015-07-02,6245.7900390625
2015-07-03,6233.58984375
2015-07-06,6139.97021484375
2015-07-07,6084.1298828125
2015-07-08,6045.9501953125
2015-07-09,6166.27001953125
2015-07-10,6278.64990234375
2015-07-13,6381.75
2015-07-14,6429.43017578125
2015-07-15,6449.9501953125
2015-07-16,6491.759765625
2015-07-17,6480.8701171875
2015-07-20,6502.7900390625
2015-07-21,6465.39990234375
2015-07-22,6518.06982421875
2015-07-23,6511.64990234375
2015-07-24,6482.52978515625
2015-07-27,6318.6201171875
2015-07-28,6380.0498046875
2015-07-29,6427.75
2015-07-30,6449.56982421875
2015-07-31,6512.77001953125
2015-08-03,6632.009765625
2015-08-04,6631.35986328125
2015-08-05,6703.3798828125
2015-08-06,6608.14990234375
2015-08-07,6584.169921875
2015-08-10,6587.330078125
2015-08-11,6551.89013671875
2015-08-12,6376.35986328125
2015-08-13,6501.75
2015-08-14,6520.60986328125
2015-08-17,6537.7998046875
2015-08-18,6587.66015625
2015-08-19,6511.919921875
2015-08-20,6372.2001953125
2015-08-21,6173.990234375
2015-08-24,5861.990234375
2015-08-25,6094.72021484375
2015-08-26,6115.52978515625
2015-08-27,6332.14990234375
2015-08-28,6309.18017578125
2015-08-31,6405.97021484375
2015-09-01,6260.35009765625
2015-09-02,6272.66015625
2015-09-03,6388.919921875
2015-09-04,6314.56982421875
2015-09-07,6355.43994140625
2015-09-08,6406.56005859375
2015-09-09,6530.06005859375
2015-09-10,6494.759765625
2015-09-11,6447.56005859375
2015-09-14,6405.93994140625
2015-09-15,6470.3701171875
2015-09-16,6492.259765625
2015-09-17,6518.6298828125
2015-09-18,6467.169921875
2015-09-21,6503.93017578125
2015-09-22,6359.27978515625
2015-09-23,6380.68994140625
2015-09-24,6197.81005859375
2015-09-25,6304.27978515625
2015-09-28,6222.9599609375
2015-09-29,6055.9599609375
2015-09-30,6167.41015625
2015-10-01,6133.22998046875
2015-10-02,6091.259765625
2015-10-05,6266.2099609375
2015-10-06,6287.64013671875
2015-10-07,6180.7998046875
2015-10-08,6174.7900390625
2015-10-09,6136.490234375
2015-10-12,6133.0400390625
2015-10-13,6151.14013671875
2015-10-14,6136.2001953125
2015-10-15,6234.3798828125
2015-10-16,6287.259765625
2015-10-19,6287.14990234375
2015-10-20,6298.77001953125
2015-10-21,6356.68017578125
2015-10-22,6415.10009765625
2015-10-23,6523.81982421875
2015-10-26,6478.7900390625
2015-10-27,6388.77978515625
2015-10-28,6446.85986328125
2015-10-29,6400.5
2015-10-30,6428.5498046875
2015-11-02,6497.47998046875
2015-11-03,6504.5400390625
2015-11-04,6541.18994140625
2015-11-05,6531.4599609375
2015-11-06,6600.2900390625
2015-11-09,6528.330078125
2015-11-10,6533.7900390625
2015-11-11,6558.60986328125
2015-11-12,6494.06982421875
2015-11-13,6475.759765625
2015-11-16,6490.330078125
2015-11-17,6578.5400390625
2015-11-18,6554.64013671875
2015-11-19,6687.93017578125
2015-11-20,6714.3701171875
2015-11-23,6726.8798828125
2015-11-24,6646.1201171875
2015-11-25,6710.85009765625
2015-11-26,6811.7099609375
2015-11-27,6798.580078125
2015-11-30,6838.47998046875
2015-12-01,6851.009765625
2015-12-02,6886.56005859375
2015-12-03,6751.740234375
2015-12-04,6753.02001953125
2015-12-07,6847.7998046875
2015-12-08,6756.2001953125
2015-12-09,6713.9599609375
2015-12-10,6684.81005859375
2015-12-11,6628.14990234375
2015-12-14,6589.9599609375
2015-12-15,6656.31982421875
2015-12-16,6653.490234375
2015-12-17,6751.33984375
2015-12-18,6747.990234375
2015-12-21,6712.72998046875
2015-12-22,6696.18017578125
2015-12-23,6774.52978515625
2015-12-24,6746.72021484375
2015-12-29,6841.31005859375
2015-12-30,6856.60986328125
2015-12-31,6791.68017578125
2016-01-04,6704.91015625
2016-01-05,6736.10009765625
2016-01-06,6687.16015625
2016-01-07,6563.77978515625
2016-01-08,6566.4501953125
2016-01-11,6554.259765625
2016-01-12,6629.06982421875
2016-01-13,6612.97998046875
2016-01-14,6454.5498046875
2016-01-15,6322.2998046875
2016-01-18,6279.7099609375
2016-01-19,6366.330078125
2016-01-20,6159.830078125
2016-01-21,6255.35009765625
2016-01-22,6356.18017578125
2016-01-25,6327.06005859375
2016-01-26,6377.22998046875
2016-01-27,6341.9599609375
2016-01-28,6214.7900390625
2016-01-29,6343.240234375
2016-02-01,6448.240234375
2016-02-02,6355.83984375
2016-02-03,6228.60009765625
2016-02-04,6151.31982421875
2016-02-05,6075.7099609375
2016-02-08,5749.93994140625
2016-02-09,5722.33984375
2016-02-10,5894.7099609375
2016-02-11,5738.81005859375
2016-02-12,5793.41015625
2016-02-15,5954.68994140625
2016-02-16,5922.31005859375
2016-02-17,6111.5
2016-02-18,6130.0400390625
2016-02-19,6125.3701171875
2016-02-22,6162.2099609375
2016-02-23,6109.2001953125
2016-02-24,6062.330078125
2016-02-25,6147.89990234375
2016-02-26,6240.2900390625
2016-02-29,6344.10986328125
2016-03-01,6363.14013671875
2016-03-02,6378.77978515625
2016-03-03,6341.02001953125
2016-03-04,6363.83984375
2016-03-07,6308.56982421875
2016-03-08,6269.47021484375
2016-03-09,6283.18994140625
2016-03-10,6224.669921875
2016-03-11,6341.75
2016-03-14,6305.56005859375
2016-03-15,6191.3798828125
2016-03-16,6163.7900390625
2016-03-17,6141.85009765625
2016-03-18,6191.509765625
2016-03-21,6181.2099609375
2016-03-22,6178.9501953125
2016-03-23,6225.52001953125
2016-03-24,6224.81982421875
2016-03-29,6295.97998046875
2016-03-30,6339.93017578125
2016-03-31,6308.919921875
2016-04-01,6284.43017578125
2016-04-04,6287.08984375
2016-04-05,6222.52001953125
2016-04-06,6202.259765625
2016-04-07,6157.080078125
2016-04-08,6189.25
2016-04-11,6196.68994140625
2016-04-12,6173.16015625
2016-04-13,6284.06005859375
2016-04-14,6264.02001953125
2016-04-15,6211.35986328125
2016-04-18,6206.89013671875
2016-04-19,6253.81005859375
2016-04-20,6212.39990234375
2016-04-21,6150.43017578125
2016-04-22,6123.31982421875
2016-04-25,6148.10986328125
2016-04-26,6223.18994140625
2016-04-27,6274.669921875
2016-04-28,6238.080078125
2016-04-29,6161.41015625
2016-05-03,6042.16015625
2016-05-04,6018.35986328125
2016-05-05,6038.22998046875
2016-05-06,6038.89990234375
2016-05-09,6099.22021484375
2016-05-10,6166.85986328125
2016-05-11,6161.60009765625
2016-05-12,6141.89990234375
2016-05-13,6122.47021484375
2016-05-16,6158.8701171875
2016-05-17,6165.93994140625
2016-05-18,6190.3701171875
2016-05-19,6160.5400390625
2016-05-20,6229.14990234375
2016-05-23,6262.02978515625
2016-05-24,6388.080078125
2016-05-25,6472.85009765625
2016-05-26,6454.47998046875
2016-05-27,6503.740234375
2016-05-30,6502.27001953125
2016-05-31,6493.4599609375
2016-06-01,6435.740234375
2016-06-02,6435.5400390625
2016-06-03,6402.5498046875
2016-06-07,6475.06005859375
2016-06-08,6413.56005859375
2016-06-09,6358.14013671875
2016-06-10,6228.240234375
2016-06-13,6085.419921875
2016-06-14,5977.2099609375
2016-06-15,6003.93994140625
2016-06-16,5899.31982421875
2016-06-17,5991.509765625
2016-06-20,6263.93994140625
2016-06-21,6253.7998046875
2016-06-22,6290.580078125
2016-06-23,6371.02978515625
2016-06-24,5878.22998046875
2016-06-27,5296.740234375
2016-06-28,5446.4501953125
2016-06-29,5588.5400390625
2016-06-30,5642.490234375
2016-07-01,5749.9599609375
2016-07-04,5669.759765625
2016-07-05,5522.2900390625
2016-07-06,5425.580078125
2016-07-07,5495.06005859375
2016-07-08,5580.419921875
2016-07-11,5688.93017578125
2016-07-12,5753.080078125
2016-07-13,5781.759765625
2016-07-14,5844.93994140625
2016-07-15,5790.93994140625
2016-07-18,5817.56982421875
2016-07-19,5805.8701171875
2016-07-20,5876.5
2016-07-21,5814.64990234375
2016-07-22,5808.02001953125
2016-07-25,5839.3798828125
2016-07-26,5790.39013671875
2016-07-27,5817.97998046875
2016-07-28,5804.47021484375
2016-07-29,5867.64013671875
2016-08-01,5800.9501953125
2016-08-02,5722.68017578125
2016-08-03,5714.39013671875
2016-08-04,5756.259765625
2016-08-05,5857.89990234375
2016-08-08,5895.080078125
2016-08-09,5960.1298828125
2016-08-10,5909.330078125
2016-08-11,5989.75
2016-08-12,6052.58984375
2016-08-15,6045.830078125
2016-08-16,6035.0498046875
2016-08-17,6040.7998046875
2016-08-18,6069.490234375
2016-08-19,6042.89013671875
2016-08-22,6064.080078125
2016-08-23,6113.7001953125
2016-08-24,6128.9501953125
2016-08-25,6118.0
2016-08-26,6170.2001953125
2016-08-29,6214.35986328125
2016-08-30,6202.77001953125
2016-08-31,6170.419921875
2016-09-01,6189.990234375
2016-09-02,6299.31005859375
2016-09-05,6315.06005859375
2016-09-06,6265.52978515625
2016-09-07,6279.330078125
2016-09-08,6286.72998046875
2016-09-09,6182.6201171875
2016-09-12,6138.02001953125
2016-09-13,6111.06005859375
2016-09-14,6101.31005859375
2016-09-15,6128.81005859375
2016-09-16,6111.4501953125
2016-09-19,6109.16015625
2016-09-20,6076.89013671875
2016-09-21,6094.490234375
2016-09-22,6153.75
2016-09-23,6108.85986328125
2016-09-26,6014.93994140625
2016-09-27,5990.68994140625
2016-09-28,6039.39013671875
2016-09-29,5998.0498046875
2016-09-30,6034.830078125
2016-10-03,6032.7099609375
2016-10-04,6066.10986328125
2016-10-05,6019.240234375
2016-10-06,5983.64990234375
2016-10-07,5839.16015625
2016-10-10,5869.66015625
2016-10-11,5857.330078125
2016-10-12,5828.830078125
2016-10-13,5813.759765625
2016-10-14,5907.81005859375
2016-10-17,5894.56005859375
2016-10-18,6006.3798828125
2016-10-19,6000.14013671875
2016-10-20,6055.2998046875
2016-10-21,6035.81005859375
2016-10-24,6035.259765625
2016-10-25,5969.85009765625
2016-10-26,5962.43994140625
2016-10-27,5921.4599609375
2016-10-28,5932.18017578125
2016-10-31,5912.77001953125
2016-11-01,5866.33984375
2016-11-02,5909.39990234375
2016-11-03,5923.1201171875
2016-11-04,5919.0498046875
2016-11-07,6029.759765625
2016-11-08,6086.8798828125
2016-11-09,6231.52001953125
2016-11-10,6229.68994140625
2016-11-11,6215.77001953125
2016-11-14,6277.509765625
2016-11-15,6259.18994140625
2016-11-16,6179.16015625
2016-11-17,6276.43017578125
2016-11-18,6294.2099609375
2016-11-21,6258.7001953125
2016-11-22,6274.22021484375
2016-11-23,6252.18017578125
2016-11-24,6292.89013671875
2016-11-25,6279.68994140625
2016-11-28,6208.4501953125
2016-11-29,6224.18994140625
2016-11-30,6215.7998046875
2016-12-01,6188.1298828125
2016-12-02,6174.4599609375
2016-12-05,6232.2998046875
2016-12-06,6270.64013671875
2016-12-07,6295.9501953125
2016-12-08,6395.97998046875
2016-12-09,6440.0498046875
2016-12-12,6395.02001953125
2016-12-13,6412.9599609375
2016-12-14,6361.4599609375
2016-12-15,6471.52001953125
2016-12-16,6495.4599609375
2016-12-19,6494.85986328125
2016-12-20,6477.669921875
2016-12-21,6449.75
2016-12-22,6487.66015625
2016-12-23,6515.990234375
2016-12-28,6490.68994140625
2016-12-29,6509.4501953125
2016-12-30,6517.240234375
2017-01-03,6525.06982421875
2017-01-04,6580.22998046875
2017-01-05,6617.759765625
2017-01-06,6594.31982421875
2017-01-09,6574.490234375
2017-01-10,6601.56005859375
2017-01-11,6618.35009765625
2017-01-12,6605.18994140625
2017-01-13,6658.9501953125
2017-01-16,6578.259765625
2017-01-17,6570.47021484375
2017-01-18,6541.580078125
2017-01-19,6590.33984375
2017-01-20,6622.97021484375
2017-01-23,6596.419921875
2017-01-24,6511.7099609375
2017-01-25,6574.5400390625
2017-01-26,6531.39990234375
2017-01-27,6534.02978515625
2017-01-30,6441.43017578125
2017-01-31,6392.39013671875
2017-02-01,6455.9599609375
2017-02-02,6470.7998046875
2017-02-03,6510.669921875
2017-02-06,6448.47998046875
2017-02-07,6395.72998046875
2017-02-08,6410.85986328125
2017-02-09,6477.16015625
2017-02-10,6477.830078125
2017-02-13,6550.58984375
2017-02-14,6531.3701171875
2017-02-15,6556.4599609375
2017-02-16,6543.52978515625
2017-02-17,6540.22998046875
2017-02-20,6549.08984375
2017-02-21,6626.9501953125
2017-02-22,6606.68994140625
2017-02-23,6533.4501953125
2017-02-24,6484.39013671875
2017-02-27,6528.10986328125
2017-02-28,6546.56982421875
2017-03-01,6705.0498046875
2017-03-02,6674.43017578125
2017-03-03,6672.080078125
2017-03-06,6658.7001953125
2017-03-07,6600.85986328125
2017-03-08,6636.080078125
2017-03-09,6658.7099609375
2017-03-10,6678.47998046875
2017-03-13,6668.580078125
2017-03-14,6617.56982421875
2017-03-15,6644.14990234375
2017-03-16,6684.080078125
2017-03-17,6714.740234375
2017-03-20,6733.22021484375
2017-03-21,6660.31982421875
2017-03-22,6591.81005859375
2017-03-23,6641.64990234375
2017-03-24,6612.33984375
2017-03-27,6562.14990234375
2017-03-28,6586.509765625
2017-03-29,6577.02978515625
2017-03-30,6616.97998046875
2017-03-31,6658.580078125
2017-04-03,6611.27001953125
2017-04-04,6621.41015625
2017-04-05,6650.6298828125
2017-04-06,6679.52001953125
2017-04-07,6712.27978515625
2017-04-10,6750.77978515625
2017-04-11,6716.259765625
2017-04-12,6747.68017578125
2017-04-13,6692.27001953125
2017-04-18,6674.83984375
2017-04-19,6701.39990234375
2017-04-20,6717.56005859375
2017-04-21,6739.31005859375
2017-04-24,6946.5498046875
2017-04-25,6918.68994140625
2017-04-26,6921.02978515625
2017-04-27,6878.02001953125
2017-04-28,6860.77978515625
2017-05-02,6979.35986328125
2017-05-03,6989.14013671875
2017-05-04,7065.93994140625
2017-05-05,7146.759765625
2017-05-08,7105.85986328125
2017-05-09,7140.56005859375
2017-05-10,7112.60009765625
2017-05-11,7096.56005859375
2017-05-12,7034.1298828125
2017-05-15,7055.93017578125
2017-05-16,7015.52001953125
2017-05-17,6894.83984375
2017-05-18,6868.25
2017-05-19,6930.759765625
2017-05-22,6928.27978515625
2017-05-23,6949.2998046875
2017-05-24,6971.77978515625
2017-05-25,6971.759765625
2017-05-26,6973.830078125
2017-05-29,6972.2998046875
2017-05-30,6995.830078125
2017-05-31,6946.58984375
2017-06-01,7056.97998046875
2017-06-02,7044.83984375
2017-06-06,6971.89013671875
2017-06-07,6964.330078125
2017-06-08,6990.7099609375
2017-06-09,7003.22998046875
2017-06-12,6949.97021484375
2017-06-13,6993.85986328125
2017-06-14,7015.33984375
2017-06-15,6973.10986328125
2017-06-16,7016.5498046875
2017-06-19,7063.31982421875
2017-06-20,7095.31005859375
2017-06-21,7089.68994140625
2017-06-22,7088.31005859375
2017-06-23,6995.56982421875
2017-06-26,6998.4501953125
2017-06-27,6874.259765625
2017-06-28,6852.52978515625
2017-06-29,6820.9599609375
2017-06-30,6827.6201171875
2017-07-03,6875.5400390625
2017-07-04,6904.58984375
2017-07-05,6926.77001953125
2017-07-06,6851.0400390625
2017-07-07,6875.2099609375
2017-07-10,6922.240234375
2017-07-11,6842.0
2017-07-12,6895.83984375
2017-07-13,6902.56005859375
2017-07-14,6893.47021484375
2017-07-17,6911.18017578125
2017-07-18,6863.02978515625
2017-07-19,6876.2900390625
2017-07-20,6775.0498046875
2017-07-21,6705.490234375
2017-07-24,6647.41015625
2017-07-25,6698.64990234375
2017-07-26,6731.5
2017-07-27,6765.43994140625
2017-07-28,6663.490234375
2017-07-31,6649.39013671875
2017-08-01,6691.64013671875
2017-08-02,6633.56005859375
2017-08-03,6647.56982421875
2017-08-04,6724.39013671875
2017-08-07,6685.89990234375
2017-08-08,6675.4501953125
2017-08-09,6623.77001953125
2017-08-10,6618.64990234375
2017-08-11,6581.16015625
2017-08-14,6673.31005859375
2017-08-15,6783.2099609375
2017-08-16,6853.22998046875
2017-08-17,6785.91015625
2017-08-18,6705.259765625
2017-08-21,6674.14990234375
2017-08-22,6734.68017578125
2017-08-23,6659.52978515625
2017-08-24,6715.60986328125
2017-08-25,6643.52001953125
2017-08-28,6603.14013671875
2017-08-29,6514.64990234375
2017-08-30,6550.7099609375
2017-08-31,6621.18994140625
2017-09-01,6709.22998046875
2017-09-04,6676.3798828125
2017-09-05,6687.830078125
2017-09-06,6666.259765625
2017-09-07,6659.02978515625
2017-09-08,6681.81982421875
2017-09-11,6699.25
2017-09-12,6724.83984375
2017-09-13,6733.7998046875
2017-09-14,6697.31005859375
2017-09-15,6675.08984375
2017-09-18,6681.56005859375
2017-09-19,6683.27001953125
2017-09-20,6665.5
2017-09-21,6719.97998046875
2017-09-22,6700.169921875
2017-09-25,6711.68017578125
2017-09-26,6698.77978515625
2017-09-27,6794.330078125
2017-09-28,6826.35009765625
2017-09-29,6881.75
2017-10-02,6879.18994140625
2017-10-03,6912.580078125
2017-10-04,6942.1201171875
2017-10-05,6904.919921875
2017-10-06,6859.5
2017-10-09,6817.56982421875
2017-10-10,6810.27978515625
2017-10-11,6816.6298828125
2017-10-12,6820.31005859375
2017-10-13,6837.22021484375
2017-10-16,6813.52001953125
2017-10-17,6784.83984375
2017-10-18,6773.580078125
2017-10-19,6747.4599609375
2017-10-20,6789.77978515625
2017-10-23,6824.68017578125
2017-10-24,6779.5
2017-10-25,6721.3701171875
2017-10-26,6850.919921875
2017-10-27,6901.330078125
2017-10-30,6912.10986328125
2017-10-31,6972.72998046875
2017-11-01,7010.58984375
2017-11-02,6965.72021484375
2017-11-03,6984.2998046875
2017-11-06,6967.47021484375
2017-11-07,6904.85986328125
2017-11-08,6963.47998046875
2017-11-09,6921.39990234375
2017-11-10,6877.14013671875
2017-11-13,6789.10009765625
2017-11-14,6758.2099609375
2017-11-15,6724.27001953125
2017-11-16,6839.52978515625
2017-11-17,6896.27001953125
2017-11-20,6941.25
2017-11-21,6922.3798828125
2017-11-22,6879.919921875
2017-11-23,6855.14990234375
2017-11-24,6875.41015625
2017-11-27,6863.7998046875
2017-11-28,6874.93017578125
2017-11-29,6913.22998046875
2017-11-30,6867.669921875
2017-12-01,6862.18994140625
2017-12-04,6954.7998046875
2017-12-05,6957.0498046875
2017-12-06,6972.56982421875
2017-12-07,6994.64013671875
2017-12-08,7067.169921875
2017-12-11,7021.52001953125
2017-12-12,7020.83984375
2017-12-13,7014.27001953125
2017-12-14,6968.8798828125
2017-12-15,6912.759765625
2017-12-18,6955.52001953125
2017-12-19,6998.81982421875
2017-12-20,6980.89990234375
2017-12-21,7011.22021484375
2017-12-22,7016.240234375
2017-12-27,7027.81982421875
2017-12-28,7051.3798828125
2017-12-29,7038.27978515625
2018-01-02,7054.5498046875
2018-01-03,7071.22998046875
2018-01-04,7126.56982421875
2018-01-05,7174.14013671875
2018-01-08,7184.08984375
2018-01-09,7178.919921875
2018-01-10,7102.22998046875
2018-01-11,7041.0400390625
2018-01-12,7074.43994140625
2018-01-15,7092.669921875
2018-01-16,7066.9501953125
2018-01-17,7051.740234375
2018-01-18,7073.3701171875
2018-01-19,7157.1201171875
2018-01-22,7157.5
2018-01-23,7235.10986328125
2018-01-24,7156.39990234375
2018-01-25,7033.759765625
2018-01-26,7098.6298828125
2018-01-29,7059.27978515625
2018-01-30,6983.47021484375
2018-01-31,6961.64013671875
2018-02-01,6946.31982421875
2018-02-02,6885.22998046875
2018-02-05,6754.740234375
2018-02-06,6658.7099609375
2018-02-07,6753.18994140625
2018-02-08,6650.85986328125
2018-02-09,6599.669921875
2018-02-12,6677.91015625
2018-02-13,6700.009765625
2018-02-14,6722.75
2018-02-15,6778.1201171875
2018-02-16,6833.41015625
2018-02-19,6797.740234375
2018-02-20,6815.7099609375
2018-02-21,6791.33984375
2018-02-22,6772.759765625
2018-02-23,6722.27001953125
2018-02-26,6738.27001953125
2018-02-27,6730.580078125
2018-02-28,6683.39013671875
2018-03-01,6668.240234375
2018-03-05,6611.85986328125
2018-03-06,6701.02001953125
2018-03-07,6736.5498046875
2018-03-08,6753.490234375
2018-03-09,6744.93994140625
2018-03-12,6738.97021484375
2018-03-13,6676.25
2018-03-14,6677.25
2018-03-15,6707.759765625
2018-03-16,6693.93994140625
2018-03-19,6670.5498046875
2018-03-20,6625.77001953125
2018-03-21,6601.7001953125
2018-03-22,6517.18017578125
2018-03-23,6514.91015625
2018-03-26,6446.4501953125
2018-03-27,6517.02978515625
2018-03-28,6549.2099609375
2018-03-29,6593.64990234375
2018-04-03,6580.97021484375
2018-04-04,6545.75
2018-04-05,6673.2001953125
2018-04-06,6632.47998046875
2018-04-09,6635.77001953125
2018-04-10,6638.330078125
2018-04-11,6579.27001953125
2018-04-12,6641.22021484375
2018-04-13,6638.1298828125
2018-04-16,6709.89013671875
2018-04-17,6704.75
2018-04-18,6763.6298828125
2018-04-19,6782.81005859375
2018-04-20,6827.72021484375
2018-04-23,6841.259765625
2018-04-24,6774.4501953125
2018-04-25,6756.669921875
2018-04-26,6810.52978515625
2018-04-27,6798.3798828125
2018-04-30,6805.18994140625
2018-05-01,6797.3701171875
2018-05-02,6844.52978515625
2018-05-03,6795.8701171875
2018-05-04,6864.58984375
2018-05-08,6949.35009765625
2018-05-09,6983.52978515625
2018-05-10,6991.39013671875
2018-05-11,6961.58984375
2018-05-14,7010.47998046875
2018-05-15,6990.7001953125
2018-05-16,7007.35986328125
2018-05-17,7081.830078125
2018-05-18,7096.06005859375
2018-05-21,7181.25
2018-05-22,7196.68017578125
2018-05-23,7143.47998046875
2018-05-24,7143.080078125
2018-05-25,7171.31982421875
2018-05-28,7184.64990234375
2018-05-29,7126.77001953125
2018-05-30,7115.580078125
2018-05-31,7140.85986328125
2018-06-01,7182.419921875
2018-06-05,7161.97998046875
2018-06-06,7177.080078125
2018-06-07,7136.02978515625
2018-06-08,7127.60009765625
2018-06-11,7149.419921875
2018-06-12,7121.7001953125
2018-06-13,7128.68017578125
2018-06-14,7178.4599609375
2018-06-15,7128.43017578125
2018-06-18,7081.41015625
2018-06-19,7063.759765625
2018-06-20,7100.5
2018-06-21,7061.169921875
2018-06-22,7105.35986328125
2018-06-25,6977.35009765625
2018-06-26,6975.56005859375
2018-06-27,7018.740234375
2018-06-28,6953.14990234375
2018-06-29,6982.830078125
2018-07-02,6927.22021484375
2018-07-03,6943.0
2018-07-04,6975.16015625
2018-07-05,6969.08984375
2018-07-06,7001.490234375
2018-07-09,7013.1201171875
2018-07-10,6989.93017578125
2018-07-11,6945.3701171875
2018-07-12,7024.259765625
2018-07-13,7046.009765625
2018-07-16,7057.0
2018-07-17,7028.60986328125
2018-07-18,7029.18017578125
2018-07-19,6982.759765625
2018-07-20,6935.72998046875
2018-07-23,6864.64013671875
2018-07-24,6885.64013671875
2018-07-25,6882.93994140625
2018-07-26,6928.0
2018-07-27,6898.10986328125
2018-07-30,6839.240234375
2018-07-31,6831.97998046875
2018-08-01,6815.259765625
2018-08-02,6727.080078125
2018-08-03,6790.58984375
2018-08-06,6817.27978515625
2018-08-07,6813.60986328125
2018-08-08,6761.85009765625
2018-08-09,6745.64013671875
2018-08-10,6681.97021484375
2018-08-13,6686.68017578125
2018-08-14,6694.66015625
2018-08-15,6617.830078125
2018-08-16,6672.080078125
2018-08-17,6698.58984375
2018-08-20,6726.3701171875
2018-08-21,6735.5400390625
2018-08-22,6723.68994140625
2018-08-23,6719.8701171875
2018-08-24,6794.2099609375
2018-08-27,6796.2998046875
2018-08-28,6782.58984375
2018-08-29,6819.43994140625
2018-08-30,6805.22021484375
2018-08-31,6773.91015625
2018-09-03,6787.3798828125
2018-09-04,6757.5
2018-09-05,6697.58984375
2018-09-06,6693.580078125
2018-09-07,6646.33984375
2018-09-10,6634.4501953125
2018-09-11,6646.72021484375
2018-09-12,6612.27001953125
2018-09-13,6629.66015625
2018-09-14,6637.6298828125
2018-09-17,6671.419921875
2018-09-18,6707.89990234375
2018-09-19,6723.9599609375
2018-09-20,6709.2900390625
2018-09-21,6673.16015625
2018-09-24,6583.580078125
2018-09-25,6559.97998046875
2018-09-26,6575.6298828125
2018-09-27,6586.75
2018-09-28,6522.35986328125
2018-10-01,6494.64990234375
2018-10-02,6472.64013671875
2018-10-03,6540.18017578125
2018-10-04,6482.93994140625
2018-10-05,6450.72998046875
2018-10-08,6388.990234375
2018-10-09,6328.39990234375
2018-10-10,6153.81005859375
2018-10-11,6018.81005859375
2018-10-12,6098.39013671875
2018-10-15,6113.83984375
2018-10-16,6263.18994140625
2018-10-17,6188.02001953125
2018-10-18,6090.7900390625
2018-10-19,5997.4599609375
2018-10-22,6024.3798828125
2018-10-23,5930.35986328125
2018-10-24,5917.330078125
2018-10-25,5970.4599609375
2018-10-26,5978.1201171875
2018-10-29,6050.009765625
2018-10-30,6103.02978515625
2018-10-31,6147.60986328125
2018-11-01,6156.39013671875
2018-11-02,6224.06982421875
2018-11-05,6191.3701171875
2018-11-06,6136.330078125
2018-11-07,6254.77001953125
2018-11-08,6202.60009765625
2018-11-09,6172.1298828125
2018-11-12,6126.6201171875
2018-11-13,6138.0498046875
2018-11-14,6194.43994140625
2018-11-15,5957.169921875
2018-11-16,5983.4501953125
2018-11-19,5900.08984375
2018-11-20,5817.2998046875
2018-11-21,5892.33984375
2018-11-22,5858.009765625
2018-11-23,5928.2099609375
2018-11-26,5926.419921875
2018-11-27,5872.7900390625
2018-11-28,5836.06982421875
2018-11-29,5850.5498046875
2018-11-30,5818.64990234375
2018-12-03,5847.6201171875
2018-12-04,5701.7099609375
2018-12-05,5669.08984375
2018-12-06,5492.9501953125
2018-12-07,5548.81005859375
2018-12-10,5409.169921875
2018-12-11,5491.93994140625
2018-12-12,5523.3798828125
2018-12-13,5536.330078125
2018-12-14,5519.259765625
2018-12-17,5470.72021484375
2018-12-18,5422.759765625
2018-12-19,5443.7900390625
2018-12-20,5376.60986328125
2018-12-21,5391.419921875
2018-12-24,5398.22998046875
2018-12-27,5325.990234375
2018-12-28,5459.2001953125
2018-12-31,5479.81005859375
2019-01-02,5490.3701171875
2019-01-03,5481.16015625
2019-01-04,5656.4501953125
2019-01-07,5651.16015625
2019-01-08,5680.56982421875
2019-01-09,5734.830078125
2019-01-10,5743.2900390625
2019-01-11,5699.4501953125
2019-01-14,5670.85009765625
2019-01-15,5640.39990234375
2019-01-16,5699.0400390625
2019-01-17,5705.2998046875
2019-01-18,5799.60986328125
2019-01-21,5792.1298828125
2019-01-22,5817.1201171875
2019-01-23,5828.3798828125
2019-01-24,5775.0
2019-01-25,5849.56005859375
2019-01-28,5843.7900390625
2019-01-29,5848.8798828125
2019-01-30,5859.7900390625
2019-01-31,5767.68017578125
2019-02-01,5838.10009765625
2019-02-04,5831.0498046875
2019-02-05,5935.39013671875
2019-02-06,5970.0498046875
2019-02-07,5842.43994140625
2019-02-08,5832.58984375
2019-02-11,5903.85009765625
2019-02-12,5919.75
2019-02-13,5995.02978515625
2019-02-14,5949.75
2019-02-15,5969.27001953125
2019-02-18,5976.91015625
2019-02-19,5980.25
2019-02-20,6058.39990234375
2019-02-21,6046.169921875
2019-02-22,6034.419921875
2019-02-25,6021.14990234375
2019-02-26,6063.22998046875
2019-02-27,6070.18017578125
2019-02-28,6115.60009765625
2019-03-01,6195.6201171875
2019-03-04,6220.18994140625
2019-03-05,6241.669921875
2019-03-06,6206.02001953125
2019-03-07,6103.22998046875
2019-03-08,6082.5400390625
2019-03-11,6118.9599609375
2019-03-12,6134.3701171875
2019-03-13,6172.47998046875
2019-03-14,6177.27001953125
2019-03-15,6252.35986328125
2019-03-18,6252.68994140625
2019-03-19,6239.64013671875
2019-03-20,6204.66015625
2019-03-21,6125.990234375
2019-03-22,6035.39990234375
2019-03-25,6023.72998046875
2019-03-26,6037.990234375
2019-03-27,6050.419921875
2019-03-28,6048.85009765625
2019-03-29,6138.66015625
2019-04-01,6199.16015625
2019-04-02,6202.7099609375
2019-04-03,6313.1201171875
2019-04-04,6314.9599609375
2019-04-05,6383.89990234375
2019-04-08,6295.9599609375
2019-04-09,6247.91015625
2019-04-10,6241.85986328125
2019-04-11,6280.7001953125
2019-04-12,6335.7099609375
2019-04-15,6395.18017578125
2019-04-16,6433.97021484375
2019-04-17,6488.06982421875
2019-04-18,6540.14013671875
2019-04-23,6493.81005859375
2019-04-24,6448.64990234375
2019-04-25,6392.52978515625
2019-04-26,6399.740234375
2019-04-29,6453.89013671875
2019-04-30,6455.240234375
2019-05-02,6505.10986328125
2019-05-03,6498.740234375
2019-05-07,6390.47021484375
2019-05-08,6362.91015625
2019-05-09,6243.81982421875
2019-05-10,6242.8798828125
2019-05-13,6151.56982421875
2019-05-14,6230.72021484375
2019-05-15,6241.6298828125
2019-05-16,6309.77978515625
2019-05-17,6280.52978515625
2019-05-20,6223.3798828125
2019-05-21,6231.93017578125
2019-05-22,6237.7900390625
2019-05-23,6152.509765625
2019-05-24,6123.830078125
2019-05-27,6114.77978515625
2019-05-28,6152.6298828125
2019-05-29,6052.43994140625
2019-05-30,6129.31982421875
2019-05-31,6079.6298828125
2019-06-04,6157.509765625
2019-06-05,6179.93017578125
2019-06-06,6127.18994140625
2019-06-07,6178.39013671875
2019-06-10,6201.080078125
2019-06-11,6222.4501953125
2019-06-12,6131.580078125
2019-06-13,6192.6298828125
2019-06-14,6154.52978515625
2019-06-17,6120.58984375
2019-06-18,6162.41015625
2019-06-19,6164.58984375
2019-06-20,6202.7001953125
2019-06-21,6133.2001953125
2019-06-24,6068.66015625
2019-06-25,6107.97998046875
2019-06-26,6128.16015625
2019-06-27,6107.3701171875
2019-06-28,6152.6298828125
2019-07-01,6230.259765625
2019-07-02,6232.27001953125
2019-07-03,6347.27978515625
2019-07-04,6415.60009765625
2019-07-05,6338.4599609375
2019-07-08,6315.830078125
2019-07-09,6266.240234375
2019-07-10,6235.0498046875
2019-07-11,6276.1201171875
2019-07-12,6295.10986328125
2019-07-15,6322.06005859375
2019-07-16,6380.35986328125
2019-07-17,6313.43017578125
2019-07-18,6277.06982421875
2019-07-19,6267.35986328125
2019-07-22,6284.85009765625
2019-07-23,6322.89990234375
2019-07-24,6333.2900390625
2019-07-25,6356.06982421875
2019-07-26,6324.2900390625
2019-07-29,6267.58984375
2019-07-30,6129.10986328125
2019-07-31,6111.1298828125
2019-08-01,6075.25
2019-08-02,5978.14990234375
2019-08-05,5809.5498046875
2019-08-06,5781.64013671875
2019-08-07,5816.16015625
2019-08-08,5943.64990234375
2019-08-09,5862.2900390625
2019-08-12,5842.31982421875
2019-08-13,5851.080078125
2019-08-14,5748.1298828125
2019-08-15,5697.77001953125
2019-08-16,5773.27001953125
2019-08-19,5813.52001953125
2019-08-20,5693.3798828125
2019-08-21,5795.22021484375
2019-08-22,5768.330078125
2019-08-23,5749.4599609375
2019-08-26,5743.33984375
2019-08-27,5831.33984375
2019-08-28,5757.580078125
2019-08-29,5847.10009765625
2019-08-30,5879.419921875
2019-09-02,5909.56005859375
2019-09-03,5868.47998046875
2019-09-04,5962.18994140625
2019-09-05,6031.580078125
2019-09-06,6062.06982421875
2019-09-09,6044.72021484375
2019-09-10,6146.22998046875
2019-09-11,6231.60986328125
2019-09-12,6182.1201171875
2019-09-13,6282.27001953125
2019-09-16,6206.990234375
2019-09-17,6107.0498046875
2019-09-18,6071.8701171875
2019-09-19,6105.330078125
2019-09-20,6120.740234375
2019-09-23,6070.240234375
2019-09-24,6113.3798828125
2019-09-25,6066.56982421875
2019-09-26,6101.83984375
2019-09-27,6177.0
2019-09-30,6244.3701171875
2019-10-01,6227.93994140625
2019-10-02,6111.16015625
2019-10-03,6110.83984375
2019-10-04,6142.0498046875
2019-10-07,6198.740234375
2019-10-08,6114.6201171875
2019-10-09,6152.18017578125
2019-10-10,6216.47998046875
2019-10-11,6448.58984375
2019-10-14,6444.60009765625
2019-10-15,6613.9501953125
2019-10-16,6583.2099609375
2019-10-17,6527.1201171875
2019-10-18,6463.5498046875
2019-10-21,6572.509765625
2019-10-22,6499.85986328125
2019-10-23,6522.2001953125
2019-10-24,6516.06982421875
2019-10-25,6558.56982421875
2019-10-28,6565.43994140625
2019-10-29,6569.35009765625
2019-10-30,6594.18017578125
2019-10-31,6540.2998046875
2019-11-01,6636.7099609375
2019-11-04,6753.77978515625
2019-11-05,6781.080078125
2019-11-06,6775.47021484375
2019-11-07,6863.4599609375
2019-11-08,6812.5
2019-11-11,6839.81982421875
2019-11-12,6863.2001953125
2019-11-13,6861.8701171875
2019-11-14,6835.89013671875
2019-11-15,6921.830078125
2019-11-18,6888.39990234375
2019-11-19,6889.1201171875
2019-11-20,6805.60009765625
2019-11-21,6727.89990234375
2019-11-22,6824.669921875
2019-11-25,6893.7001953125
2019-11-26,7013.740234375
2019-11-27,7041.169921875
2019-11-28,7026.3798828125
2019-11-29,6998.06005859375
2019-12-02,6964.75
2019-12-03,6906.509765625
2019-12-04,6985.7900390625
2019-12-05,7032.56005859375
2019-12-06,7101.93994140625
2019-12-09,7082.35009765625
2019-12-10,7060.330078125
2019-12-11,7036.2998046875
2019-12-12,7075.64013671875
2019-12-13,7189.02978515625
2019-12-16,7213.990234375
2019-12-17,7122.60986328125
2019-12-18,7138.39013671875
2019-12-19,7149.89013671875
2019-12-20,7199.2900390625
2019-12-23,7188.39990234375
2019-12-24,7222.93994140625
2019-12-27,7259.8701171875
2019-12-30,7183.2099609375
2019-12-31,7183.41015625
2020-01-02,7314.93994140625
2020-01-03,7242.08984375
2020-01-06,7210.64013671875
2020-01-07,7246.52978515625
2020-01-08,7211.8701171875
2020-01-09,7249.6201171875
2020-01-10,7274.18994140625
2020-01-13,7242.2099609375
2020-01-14,7249.22021484375
2020-01-15,7169.8798828125
2020-01-16,7156.85986328125
2020-01-17,7194.5
2020-01-20,7184.64013671875
2020-01-21,7139.85009765625
2020-01-22,7170.4599609375
2020-01-23,7120.669921875
2020-01-24,7180.7998046875
2020-01-27,7056.02978515625
2020-01-28,7078.2998046875
2020-01-29,7169.25
2020-01-30,7078.77001953125
2020-01-31,6998.2001953125
2020-02-03,7097.509765625
2020-02-04,7134.419921875
2020-02-05,7199.2900390625
2020-02-06,7187.169921875
2020-02-07,7151.47021484375
2020-02-10,7065.52978515625
2020-02-11,7157.669921875
2020-02-12,7204.97021484375
2020-02-13,7165.7001953125
2020-02-14,7171.10009765625
2020-02-17,7157.2099609375
2020-02-18,7155.8798828125
2020-02-19,7255.14013671875
2020-02-20,7235.6298828125
2020-02-21,7240.18994140625
2020-02-24,6925.18994140625
2020-02-25,6827.31005859375
2020-02-26,6832.10986328125
2020-02-27,6569.60009765625
2020-02-28,6397.3701171875
2020-03-02,6387.52001953125
2020-03-03,6486.68994140625
2020-03-04,6538.60009765625
2020-03-05,6447.68017578125
2020-03-06,6266.52978515625
2020-03-09,5864.7001953125
2020-03-10,5826.64990234375
2020-03-11,5691.43994140625
2020-03-12,5125.93994140625
2020-03-13,5148.43017578125
2020-03-16,4740.39013671875
2020-03-17,4731.85009765625
2020-03-18,4366.52978515625
2020-03-19,4432.009765625
2020-03-20,4603.8701171875
2020-03-23,4470.97021484375
2020-03-24,4781.2900390625
2020-03-25,4970.2099609375
2020-03-26,5196.7099609375
2020-03-27,4916.39990234375
2020-03-30,4943.35986328125
2020-03-31,5153.64990234375
2020-04-01,4990.97998046875
2020-04-02,4880.10986328125
2020-04-03,4784.669921875
2020-04-06,5017.08984375
2020-04-07,5115.0
2020-04-08,5109.83984375
2020-04-09,5289.18017578125
2020-04-14,5183.33984375
2020-04-15,4970.39013671875
2020-04-16,5082.990234375
2020-04-17,5277.52001953125
2020-04-20,5235.490234375
2020-04-21,5120.60009765625
2020-04-22,5232.330078125
2020-04-23,5262.60986328125
2020-04-24,5294.9501953125
2020-04-27,5393.27001953125
2020-04-28,5481.10986328125
2020-04-29,5687.35986328125
2020-04-30,5603.0
2020-05-04,5386.490234375
2020-05-05,5379.68994140625
2020-05-06,5308.81005859375
2020-05-07,5423.77978515625
2020-05-08,5507.64990234375
2020-05-11,5412.080078125
2020-05-12,5391.56982421875
2020-05-13,5325.2001953125
2020-05-14,5277.97998046875
2020-05-15,5279.259765625
2020-05-18,5595.06005859375
2020-05-19,5582.580078125
2020-05-20,5652.14990234375
2020-05-21,5629.31005859375
2020-05-22,5652.830078125
2020-05-25,5722.56982421875
2020-05-26,5874.6298828125
2020-05-27,5902.25
2020-05-28,5933.64013671875
2020-05-29,5888.5498046875
2020-06-01,5993.85009765625
2020-06-02,6042.419921875
2020-06-03,6224.31982421875
2020-06-04,6239.509765625
2020-06-05,6358.89990234375
2020-06-08,6293.60009765625
2020-06-09,6132.89013671875
2020-06-10,6107.419921875
2020-06-11,5851.2001953125
2020-06-12,5885.35009765625
2020-06-15,5908.7099609375
2020-06-16,6077.31982421875
2020-06-17,6118.5498046875
2020-06-18,6175.759765625
2020-06-19,6174.68017578125
2020-06-22,6134.990234375
2020-06-23,6177.330078125
2020-06-24,5999.56005859375
2020-06-25,5976.33984375
2020-06-26,5969.75
2020-06-29,6030.3798828125
2020-06-30,5973.89990234375
2020-07-01,5991.58984375
2020-07-02,6097.25
2020-07-03,6030.06005859375
2020-07-06,6128.5498046875
2020-07-07,6141.68994140625
2020-07-08,6038.759765625
2020-07-09,5972.93994140625
2020-07-10,6053.419921875
2020-07-13,6094.72021484375
2020-07-14,6090.14013671875
2020-07-15,6264.18994140625
2020-07-16,6261.81005859375
2020-07-17,6221.25
2020-07-20,6265.72998046875
2020-07-21,6303.669921875
2020-07-22,6265.56005859375
2020-07-23,6273.2001953125
2020-07-24,6192.830078125
2020-07-27,6155.4501953125
2020-07-28,6225.7001953125
2020-07-29,6220.64013671875
2020-07-30,6139.0
2020-07-31,6099.58984375
2020-08-03,6220.97021484375
2020-08-04,6180.77978515625
2020-08-05,6262.66015625
2020-08-06,6233.5400390625
2020-08-07,6278.259765625
2020-08-10,6288.5498046875
2020-08-11,6433.39990234375
2020-08-12,6487.25
2020-08-13,6457.27001953125
2020-08-14,6380.31005859375
2020-08-17,6346.7998046875
2020-08-18,6350.080078125
2020-08-19,6379.02978515625
2020-08-20,6283.33984375
2020-08-21,6398.47998046875
2020-08-24,6460.8798828125
2020-08-25,6469.009765625
2020-08-26,6579.6201171875
2020-08-27,6536.85009765625
2020-08-28,6505.009765625
2020-08-31,6434.43994140625
2020-09-01,6402.39013671875
2020-09-02,6375.240234375
2020-09-03,6294.7099609375
2020-09-04,6292.39013671875
2020-09-07,6313.43994140625
2020-09-08,6283.580078125
2020-09-09,6354.259765625
2020-09-10,6342.56982421875
2020-09-11,6369.16015625
2020-09-14,6399.8798828125
2020-09-15,6533.9501953125
2020-09-16,6592.919921875
2020-09-17,6564.77001953125
2020-09-18,6486.27001953125
2020-09-21,6253.7998046875
2020-09-22,6228.72998046875
2020-09-23,6289.39990234375
2020-09-24,6239.0
2020-09-25,6309.22021484375
2020-09-28,6417.93017578125
2020-09-29,6380.77978515625
2020-09-30,6380.89990234375
2020-10-01,6398.8798828125
2020-10-02,6386.06982421875
2020-10-05,6431.10009765625
2020-10-06,6530.3701171875
2020-10-07,6621.919921875
2020-10-08,6683.580078125
2020-10-09,6688.06982421875
2020-10-12,6741.16015625
2020-10-13,6687.08984375
2020-10-14,6699.91015625
2020-10-15,6587.919921875
2020-10-16,6609.60986328125
2020-10-19,6597.66015625
2020-10-20,6601.39013671875
2020-10-21,6494.27001953125
2020-10-22,6523.64990234375
2020-10-23,6574.39990234375
2020-10-26,6464.68017578125
2020-10-27,6339.81982421875
2020-10-28,6168.240234375
2020-10-29,6359.58984375
2020-10-30,6427.75
2020-11-02,6516.81982421875
2020-11-03,6703.10009765625
2020-11-04,6749.2900390625
2020-11-05,6799.4501953125
2020-11-06,6814.5498046875
2020-11-09,6993.1201171875
2020-11-10,7104.39013671875
2020-11-11,7230.5400390625
2020-11-12,7165.3701171875
2020-11-13,7177.1201171875
2020-11-16,7234.85009765625
2020-11-17,7105.77978515625
2020-11-18,7187.509765625
2020-11-19,7087.9501953125
2020-11-20,7125.990234375
2020-11-23,7081.35009765625
2020-11-24,7147.72021484375
2020-11-25,7210.93017578125
2020-11-26,7218.47021484375
2020-11-27,7224.7001953125
2020-11-30,7184.75
2020-12-01,7229.7998046875
2020-12-02,7193.419921875
2020-12-03,7339.81005859375
2020-12-04,7513.10986328125
2020-12-07,7471.52978515625
2020-12-08,7476.4501953125
2020-12-09,7427.27978515625
2020-12-10,7399.419921875
2020-12-11,7314.7900390625
2020-12-14,7396.3798828125
2020-12-15,7398.2001953125
2020-12-16,7457.06982421875
2020-12-17,7423.89990234375
2020-12-18,7423.990234375
2020-12-21,7302.06005859375
2020-12-22,7347.56982421875
2020-12-23,7474.66015625
2020-12-24,7455.759765625
2020-12-29,7552.89990234375
2020-12-30,7531.52978515625
2020-12-31,7376.330078125
2021-01-04,7493.56982421875
2021-01-05,7384.14013671875
2021-01-06,7713.5400390625
2021-01-07,7760.06982421875
2021-01-08,7700.64990234375
2021-01-11,7646.68017578125
2021-01-12,7667.97998046875
2021-01-13,7565.68994140625
2021-01-14,7571.080078125
2021-01-15,7523.41015625
2021-01-18,7445.33984375
2021-01-19,7446.47998046875
2021-01-20,7456.89990234375
2021-01-21,7476.18017578125
2021-01-22,7354.25
2021-01-25,7206.58984375
2021-01-26,7247.4599609375
2021-01-27,7070.240234375
2021-01-28,7146.41015625
2021-01-29,7047.2998046875
2021-02-01,7125.509765625
2021-02-02,7301.4501953125
2021-02-03,7337.60986328125
2021-02-04,7358.02001953125
2021-02-05,7361.9599609375
2021-02-08,7360.7001953125
2021-02-09,7334.2998046875
2021-02-10,7259.89990234375
2021-02-11,7236.35986328125
2021-02-12,7278.7099609375
2021-02-15,7362.56005859375
2021-02-16,7339.18017578125
2021-02-17,7300.56982421875
2021-02-18,7244.8798828125
2021-02-19,7370.740234375
2021-02-22,7453.43994140625
2021-02-23,7412.89013671875
2021-02-24,7515.419921875
2021-02-25,7441.7099609375
2021-02-26,7341.47998046875
2021-03-01,7517.72021484375
2021-03-02,7537.990234375
2021-03-03,7751.56982421875
2021-03-04,7809.83984375
2021-03-05,7629.669921875
2021-03-08,7812.93017578125
2021-03-09,7871.330078125
2021-03-10,7869.97998046875
2021-03-11,7998.77978515625
2021-03-12,7976.35009765625
2021-03-15,8068.43994140625
2021-03-16,8079.89013671875
2021-03-17,8048.33984375
2021-03-18,8096.64013671875
2021-03-19,7998.72021484375
2021-03-22,7951.93017578125
2021-03-23,7934.490234375
2021-03-24,7965.56005859375
2021-03-25,7975.81005859375
2021-03-26,8083.66015625
2021-03-29,8038.85009765625
2021-03-30,8106.0
2021-03-31,8083.97998046875
2021-04-01,8103.31982421875
2021-04-06,8153.3701171875
2021-04-07,8131.3798828125
2021-04-08,8127.10986328125
2021-04-09,8117.1201171875
2021-04-12,8043.580078125
2021-04-13,8044.8701171875
2021-04-14,8039.0498046875
2021-04-15,8028.06982421875
2021-04-16,8153.3701171875
2021-04-19,8148.5400390625
2021-04-20,7967.39990234375
2021-04-21,7986.85986328125
2021-04-22,8020.25
2021-04-23,8072.18017578125
2021-04-26,8154.47998046875
2021-04-27,8165.8798828125
2021-04-28,8207.2001953125
2021-04-29,8172.31005859375
2021-04-30,8092.97021484375
2021-05-04,7999.75
2021-05-05,8290.0498046875
2021-05-06,8301.509765625
2021-05-07,8336.5498046875
2021-05-10,8322.66015625
2021-05-11,8124.2998046875
2021-05-12,8073.75
2021-05-13,7998.60009765625
2021-05-14,8101.8701171875
2021-05-17,8049.35009765625
2021-05-18,8050.72998046875
2021-05-19,7927.830078125
2021-05-20,8011.509765625
2021-05-21,8129.68994140625
2021-05-24,8157.919921875
2021-05-25,8197.3701171875
2021-05-26,8244.7998046875
2021-05-27,8310.2900390625
2021-05-28,8283.2998046875
2021-05-31,8231.76953125
2021-06-01,8285.669921875
2021-06-02,8307.7900390625
2021-06-03,8286.080078125
2021-06-04,8273.7001953125
2021-06-07,8293.5400390625
2021-06-08,8339.5400390625
2021-06-09,8309.9599609375
2021-06-10,8299.0703125
2021-06-11,8335.58984375
2021-06-14,8257.8603515625
2021-06-15,8176.72998046875
2021-06-16,8229.509765625
2021-06-17,8221.669921875
2021-06-18,8088.9501953125
2021-06-21,8162.77978515625
2021-06-22,8291.9404296875
2021-06-23,8264.8701171875
2021-06-24,8389.98046875
2021-06-25,8373.6201171875
2021-06-28,8189.56982421875
2021-06-29,8234.4697265625
2021-06-30,8174.4501953125
2021-07-01,8290.849609375
2021-07-02,8317.099609375
2021-07-05,8393.240234375
2021-07-06,8315.240234375
2021-07-07,8343.73046875
2021-07-08,8141.77978515625
2021-07-09,8236.26953125
2021-07-12,8193.150390625
2021-07-13,8153.7099609375
2021-07-14,8117.06005859375
2021-07-15,8078.6298828125
2021-07-16,8050.5498046875
2021-07-19,7793.14013671875
2021-07-20,7874.77978515625
2021-07-21,8047.7001953125
2021-07-22,8166.5
2021-07-23,8250.5400390625
2021-07-26,8272.740234375
2021-07-27,8289.7900390625
2021-07-28,8349.83984375
2021-07-29,8385.7197265625
2021-07-30,8324.650390625
2021-08-02,8354.3095703125
2021-08-03,8337.349609375
2021-08-04,8388.58984375
2021-08-05,8443.1201171875
2021-08-06,8497.150390625
2021-08-09,8492.900390625
2021-08-10,8690.080078125
2021-08-11,8791.7197265625
2021-08-12,8779.6396484375
2021-08-13,8783.2802734375
2021-08-16,8708.080078125
2021-08-17,8659.7001953125
2021-08-18,8710.5595703125
2021-08-19,8588.8896484375
2021-08-20,8661.3798828125
2021-08-23,8671.25
2021-08-24,8702.51953125
2021-08-25,8814.669921875
2021-08-26,8850.7998046875
2021-08-27,8841.2900390625
2021-08-30,8855.740234375
2021-08-31,8786.9296875
2021-09-01,8779.58984375
2021-09-02,8788.009765625
2021-09-03,8798.25
2021-09-06,8836.58984375
2021-09-07,8847.7900390625
2021-09-08,8708.900390625
2021-09-09,8726.330078125
2021-09-10,8651.9501953125
2021-09-13,8729.7197265625
2021-09-14,8690.33984375
2021-09-15,8624.08984375
2021-09-16,8807.599609375
2021-09-17,8785.3203125
2021-09-20,8598.8798828125
2021-09-21,8639.6396484375
2021-09-22,8814.150390625
2021-09-23,8800.5595703125
2021-09-24,8756.3798828125
2021-09-27,8655.73046875
2021-09-28,8491.669921875
2021-09-29,8475.6396484375
2021-09-30,8402.1298828125
2021-10-01,8448.7197265625
2021-10-04,8428.8095703125
2021-10-05,8474.8701171875
2021-10-06,8378.509765625
2021-10-07,8469.400390625
2021-10-08,8420.669921875
2021-10-11,8374.01953125
2021-10-12,8344.8203125
2021-10-13,8404.1201171875
2021-10-14,8465.3095703125
2021-10-15,8546.1904296875
2021-10-18,8447.5
2021-10-19,8444.240234375
2021-10-20,8488.990234375
2021-10-21,8392.650390625
2021-10-22,8454.1103515625
2021-10-25,8496.5302734375
2021-10-26,8571.8896484375
2021-10-27,8486.73046875
2021-10-28,8518.1103515625
2021-10-29,8551.2099609375
2021-11-01,8616.4697265625
2021-11-02,8540.73046875
2021-11-03,8610.08984375
2021-11-04,8547.7001953125
2021-11-05,8528.9296875
2021-11-08,8552.509765625
2021-11-09,8520.8701171875
2021-11-10,8509.4697265625
2021-11-11,8509.5703125
2021-11-12,8484.08984375
2021-11-15,8434.4404296875
2021-11-16,8400.759765625
2021-11-17,8319.2998046875
2021-11-18,8303.7099609375
2021-11-19,8282.9697265625
2021-11-22,8253.7900390625
2021-11-23,8242.990234375
2021-11-24,8190.009765625
2021-11-25,8202.3798828125
2021-11-26,7834.60986328125
2021-11-29,7889.2900390625
2021-11-30,7847.47998046875
2021-12-01,7953.16015625
2021-12-02,7935.25
2021-12-03,7859.89013671875
2021-12-06,8099.10009765625
2021-12-07,8267.2998046875
2021-12-08,8231.330078125
2021-12-09,8198.01953125
2021-12-10,8176.18994140625
2021-12-13,8048.1298828125
2021-12-14,8065.22998046875
2021-12-15,8054.509765625
2021-12-16,8122.43994140625
2021-12-17,8148.39013671875
2021-12-20,8004.52978515625
2021-12-21,8194.3095703125
2021-12-22,8245.9501953125
2021-12-23,8369.6904296875
2021-12-24,8372.349609375
2021-12-29,8444.9599609375
2021-12-30,8488.4404296875
2021-12-31,8444.51953125
2022-01-04,8661.8203125
2022-01-05,8706.8701171875
2022-01-06,8616.8203125
2022-01-07,8595.669921875
2022-01-10,8510.4404296875
2022-01-11,8557.8896484375
2022-01-12,8604.8896484375
2022-01-13,8635.7197265625
2022-01-14,8481.8603515625
2022-01-17,8475.099609375
2022-01-18,8337.9501953125
2022-01-19,8359.240234375
2022-01-20,8427.099609375
2022-01-21,8265.3798828125
2022-01-24,7910.759765625
2022-01-25,7915.77978515625
2022-01-26,8065.580078125
2022-01-27,8090.85009765625
2022-01-28,8162.0400390625
2022-01-31,8220.8203125
2022-02-01,8351.26953125
2022-02-02,8383.650390625
2022-02-03,8207.7998046875
2022-02-04,8128.1298828125
2022-02-07,8266.259765625
2022-02-08,8261.3896484375
2022-02-09,8419.25
2022-02-10,8513.669921875
2022-02-11,8504.080078125
2022-02-14,8319.009765625
2022-02-15,8397.5302734375
2022-02-16,8371.66015625
2022-02-17,8309.990234375
2022-02-18,8194.75
2022-02-21,8061.580078125
2022-02-22,8035.93017578125
2022-02-23,7953.16015625
2022-02-24,7589.6201171875
2022-02-25,7803.47021484375
2022-02-28,7860.27001953125
2022-03-01,7492.10986328125
2022-03-02,7450.72021484375
2022-03-03,7263.0498046875
2022-03-04,6861.18994140625
2022-03-07,6744.330078125
2022-03-08,6575.56005859375
2022-03-09,7001.419921875
2022-03-10,6900.43994140625
2022-03-11,7082.97021484375
2022-03-14,7192.64990234375
2022-03-15,7151.0400390625
2022-03-16,7426.52001953125
2022-03-17,7472.58984375
2022-03-18,7575.14013671875
2022-03-21,7510.56982421875
2022-03-22,7493.3798828125
2022-03-23,7325.919921875
2022-03-24,7242.47998046875
2022-03-25,7174.0400390625
2022-03-28,7228.490234375
2022-03-29,7477.580078125
2022-03-30,7213.9501953125
2022-03-31,7184.91015625
2022-04-01,7178.4599609375
2022-04-04,7289.08984375
2022-04-05,7194.85986328125
2022-04-06,6971.56982421875
2022-04-07,6975.47021484375
2022-04-08,7080.52978515625
2022-04-11,7155.1201171875
2022-04-12,7124.47998046875
2022-04-13,7115.669921875
2022-04-14,7245.3701171875
2022-04-19,7197.6201171875
2022-04-20,7337.56005859375
2022-04-21,7473.990234375
2022-04-22,7367.43994140625
2022-04-25,7251.43017578125
2022-04-26,7151.81005859375
2022-04-27,7188.52978515625
2022-04-28,7264.39990234375
2022-04-29,7327.27001953125
2022-05-03,7308.9599609375
2022-05-04,7274.3798828125
2022-05-05,7156.47021484375
2022-05-06,7049.97998046875
2022-05-09,6841.77001953125
2022-05-10,6846.89013671875
2022-05-11,6973.27978515625
2022-05-12,6912.740234375
2022-05-13,7107.259765625
2022-05-16,7068.9501953125
2022-05-17,7158.240234375
2022-05-18,7084.35009765625
2022-05-19,6954.0400390625
2022-05-20,7064.5400390625
2022-05-23,7153.97998046875
2022-05-24,7056.919921875
2022-05-25,7165.10986328125
2022-05-26,7246.52978515625
2022-05-27,7344.75
2022-05-30,7424.41015625
2022-05-31,7310.06005859375
2022-06-01,7131.330078125
2022-06-02,7180.4599609375
2022-06-03,7155.080078125
2022-06-06,7210.27001953125
2022-06-07,7159.68017578125
2022-06-08,7103.10986328125
2022-06-09,7060.16015625
2022-06-10,6806.27001953125
2022-06-13,6627.0
2022-06-14,6521.759765625
2022-06-15,6583.47021484375
2022-06-16,6454.72021484375
2022-06-17,6516.7099609375
2022-06-20,6466.0498046875
2022-06-21,6433.91015625
2022-06-22,6369.72998046875
2022-06-23,6324.3701171875
2022-06-24,6478.990234375
2022-06-27,6514.41015625
2022-06-28,6434.72021484375
2022-06-29,6335.68017578125
2022-06-30,6277.990234375
2022-07-01,6318.4501953125
2022-07-04,6340.2001953125
2022-07-05,6187.31005859375
2022-07-06,6281.919921875
2022-07-07,6386.77001953125
2022-07-08,6481.3701171875
2022-07-11,6363.52001953125
2022-07-12,6390.72021484375
2022-07-13,6264.6298828125
2022-07-14,6225.22998046875
2022-07-15,6299.0400390625
2022-07-18,6386.22998046875
2022-07-19,6502.31005859375
2022-07-20,6522.89990234375
2022-07-21,6561.47021484375
2022-07-22,6627.02001953125
2022-07-25,6570.35009765625
2022-07-26,6503.81005859375
2022-07-27,6598.009765625
2022-07-28,6687.740234375
2022-07-29,6808.75
2022-08-01,6831.56005859375
2022-08-02,6789.10986328125
2022-08-03,6908.490234375
2022-08-04,6961.56005859375
2022-08-05,6906.2998046875
2022-08-08,6975.6201171875
2022-08-09,6868.16015625
2022-08-10,7014.080078125
2022-08-11,7024.97021484375
2022-08-12,7215.14013671875
2022-08-15,7282.0
2022-08-16,7306.6201171875
2022-08-17,7213.89990234375
2022-08-18,7215.330078125
2022-08-19,7167.14013671875
2022-08-22,7050.419921875
2022-08-23,7058.259765625
2022-08-24,7070.43994140625
2022-08-25,7135.39990234375
2022-08-26,6989.39990234375
2022-08-29,6950.83984375
2022-08-30,6940.56982421875
2022-08-31,6977.77001953125
2022-09-01,6786.740234375
2022-09-02,6935.14990234375
2022-09-05,6785.7998046875
2022-09-06,6857.10009765625
2022-09-07,6880.25
2022-09-08,6909.52978515625
2022-09-09,7043.009765625
2022-09-12,7181.0400390625
2022-09-13,7018.830078125
2022-09-14,6886.509765625
2022-09-15,6933.9599609375
2022-09-16,6781.31005859375
2022-09-19,6836.419921875
2022-09-20,6726.39990234375
2022-09-21,6740.16015625
2022-09-22,6621.14013671875
2022-09-23,6443.77978515625
2022-09-26,6404.080078125
2022-09-27,6416.669921875
2022-09-28,6384.009765625
2022-09-29,6172.22021484375
2022-09-30,6311.47021484375
2022-10-03,6340.009765625
2022-10-04,6695.919921875
2022-10-05,6549.7998046875
2022-10-06,6533.9599609375
2022-10-07,6403.22998046875
2022-10-10,6467.9599609375
2022-10-11,6411.75
2022-10-12,6332.740234375
2022-10-13,6450.56982421875
2022-10-14,6559.330078125
2022-10-17,6720.33984375
2022-10-18,6751.52978515625
2022-10-19,6676.14990234375
2022-10-20,6729.85986328125
2022-10-21,6626.72998046875
2022-10-24,6731.16015625
2022-10-25,6920.27001953125
2022-10-26,6938.1201171875
2022-10-27,6884.330078125
2022-10-28,6927.1201171875
2022-10-31,6978.97998046875
2022-11-01,6989.47021484375
2022-11-02,6947.97998046875
2022-11-03,6885.830078125
2022-11-04,6983.3798828125
2022-11-07,7115.0498046875
2022-11-08,7114.4599609375
2022-11-09,7045.2001953125
2022-11-10,7286.8798828125
2022-11-11,7328.52001953125
2022-11-14,7235.89990234375
2022-11-15,7285.2099609375
2022-11-16,7162.2900390625
2022-11-17,7107.4599609375
2022-11-18,7225.18994140625
2022-11-21,7236.990234375
2022-11-22,7261.27978515625
2022-11-23,7338.68017578125
2022-11-24,7348.52001953125
2022-11-25,7313.2900390625
2022-11-28,7267.080078125
2022-11-29,7261.89013671875
2022-11-30,7268.509765625
2022-12-01,7294.77978515625
2022-12-02,7294.0498046875
2022-12-05,7272.35986328125
2022-12-06,7220.39990234375
2022-12-07,7200.68017578125
2022-12-08,7171.919921875
2022-12-09,7251.18994140625
2022-12-12,7191.27978515625
2022-12-13,7265.97998046875
2022-12-14,7263.990234375
2022-12-15,7082.3701171875
2022-12-16,7084.47998046875
2022-12-19,7135.39013671875
2022-12-20,7106.830078125
2022-12-21,7246.56982421875
2022-12-22,7184.1201171875
2022-12-23,7181.7001953125
2022-12-28,7165.0
2022-12-29,7177.64990234375
2022-12-30,7108.81982421875
2023-01-03,7293.4501953125
2023-01-04,7476.14990234375
2023-01-05,7525.89990234375
2023-01-06,7638.66015625
2023-01-09,7735.2001953125
2023-01-10,7714.8701171875
2023-01-11,7707.490234375
2023-01-12,7781.009765625
2023-01-13,7815.66015625
2023-01-16,7825.7900390625
2023-01-17,7835.2099609375
2023-01-18,7823.64990234375
2023-01-19,7764.4599609375
2023-01-20,7815.60986328125
2023-01-23,7849.72998046875
2023-01-24,7920.22021484375
2023-01-25,7930.7001953125
2023-01-26,7952.8798828125
2023-01-27,7984.16015625
2023-01-30,7929.41015625
2023-01-31,7907.509765625
2023-02-01,8001.31005859375
2023-02-02,8168.9599609375
2023-02-03,8154.60009765625
2023-02-06,8095.41015625
2023-02-07,8048.77978515625
2023-02-08,8010.47998046875
2023-02-09,8048.490234375
2023-02-10,7863.68994140625
2023-02-13,7960.33984375
2023-02-14,8013.75
2023-02-15,8130.72998046875
2023-02-16,8154.18994140625
2023-02-17,8221.099609375
2023-02-20,8247.5
2023-02-21,8232.3896484375
2023-02-22,8162.39013671875
2023-02-23,8156.89013671875
2023-02-24,8057.58984375
2023-02-27,8214.7900390625
2023-02-28,8214.900390625
2023-03-01,8220.0595703125
2023-03-02,8393.5302734375
2023-03-03,8447.400390625
2023-03-06,8562.099609375
2023-03-07,8582.740234375
2023-03-08,8565.41015625
2023-03-09,8491.1396484375
2023-03-10,8384.2197265625
2023-03-13,8103.06005859375
2023-03-14,8291.4296875
2023-03-15,7987.4501953125
2023-03-16,8167.6201171875
2023-03-17,8007.9501953125
2023-03-20,8167.5
2023-03-21,8374.5595703125
2023-03-22,8332.16015625
2023-03-23,8235.7802734375
2023-03-24,7999.60009765625
2023-03-27,8094.58984375
2023-03-28,8124.72998046875
2023-03-29,8223.4296875
2023-03-30,8328.7197265625
2023-03-31,8341.1904296875
2023-04-03,8253.23046875
2023-04-04,8216.599609375
2023-04-05,8043.06005859375
2023-04-06,8126.08984375
2023-04-11,8262.3603515625
2023-04-12,8231.5302734375
2023-04-13,8255.150390625
2023-04-14,8308.5595703125
2023-04-17,8378.66015625
2023-04-18,8480.6796875
2023-04-19,8543.0302734375
2023-04-20,8510.6796875
2023-04-21,8489.9501953125
2023-04-24,8495.1298828125
2023-04-25,8507.150390625
2023-04-26,8461.150390625
2023-04-27,8368.6298828125
2023-04-28,8432.1201171875
2023-05-02,8388.419921875
2023-05-03,8318.650390625
2023-05-04,8287.1298828125
2023-05-05,8396.669921875
2023-05-08,8511.9697265625
2023-05-09,8557.259765625
2023-05-10,8536.8603515625
2023-05-11,8544.009765625
2023-05-12,8545.400390625
2023-05-15,8629.330078125
2023-05-16,8632.3701171875
2023-05-17,8658.8798828125
2023-05-18,8675.7197265625
2023-05-19,8686.6103515625
2023-05-22,8724.3203125
2023-05-23,8725.58984375
2023-05-24,8517.259765625
2023-05-25,8551.080078125
2023-05-26,8609.1904296875
2023-05-29,8587.080078125
2023-05-30,8482.8203125
2023-05-31,8462.150390625
2023-06-01,8522.9599609375
2023-06-02,8657.1201171875
2023-06-05,8605.9296875
2023-06-06,8567.98046875
2023-06-07,8585.990234375
2023-06-08,8604.0400390625
2023-06-09,8503.4296875
2023-06-12,8532.6396484375
2023-06-13,8597.8798828125
2023-06-14,8678.2099609375
2023-06-15,8680.16015625
2023-06-16,8772.2099609375
2023-06-19,8689.5595703125
2023-06-20,8657.9296875
2023-06-21,8655.33984375
2023-06-22,8580.6298828125
2023-06-23,8476.26953125
2023-06-26,8427.0400390625
2023-06-27,8498.759765625
2023-06-28,8593.1904296875
2023-06-29,8603.83984375
2023-06-30,8723.1103515625
2023-07-03,8730.919921875
2023-07-04,8710.0595703125
2023-07-05,8682.1201171875
2023-07-06,8399.7001953125
2023-07-07,8471.9599609375
2023-07-10,8538.7001953125
2023-07-11,8720.7998046875
2023-07-12,8822.58984375
2023-07-13,8863.6201171875
2023-07-14,8891.830078125
2023-07-17,8830.3798828125
2023-07-18,8868.6396484375
2023-07-19,8936.490234375
2023-07-20,8899.7001953125
2023-07-21,8929.1796875
2023-07-24,8853.7001953125
2023-07-25,8904.9296875
2023-07-26,8906.1396484375
2023-07-27,9043.169921875
2023-07-28,9036.009765625
2023-07-31,9066.099609375
2023-08-01,9027.2802734375
2023-08-02,8956.33984375
2023-08-03,8950.58984375
2023-08-04,9093.009765625
2023-08-07,9114.3896484375
2023-08-08,9018.0302734375
2023-08-09,8904.6796875
2023-08-10,8958.4501953125
2023-08-11,8828.26953125
2023-08-14,8833.259765625
2023-08-15,8793.1796875
2023-08-16,8820.349609375
2023-08-17,8700.33984375
2023-08-18,8609.1904296875
2023-08-21,8574.1103515625
2023-08-22,8684.4404296875
2023-08-23,8755.349609375
2023-08-24,8738.23046875
2023-08-25,8778.650390625
2023-08-28,8884.6103515625
2023-08-29,8910.91015625
2023-08-30,8869.8896484375
2023-08-31,8945.9404296875
2023-09-01,8914.150390625
2023-09-04,8875.8203125
2023-09-05,8774.0400390625
2023-09-06,8682.51953125
2023-09-07,8606.08984375
2023-09-08,8627.080078125
2023-09-11,8655.8095703125
2023-09-12,8553.7099609375
2023-09-13,8498.2001953125
2023-09-14,8689.8203125
2023-09-15,8701.4296875
2023-09-18,8556.580078125
2023-09-19,8573.66015625
2023-09-20,8646.2802734375
2023-09-21,8551.0400390625
2023-09-22,8502.1904296875
2023-09-25,8368.4599609375
2023-09-26,8370.25
2023-09-27,8406.98046875
2023-09-28,8396.1298828125
2023-09-29,8416.580078125
2023-10-02,8279.580078125
2023-10-03,8227.349609375
2023-10-04,8222.41015625
2023-10-05,8262.400390625
2023-10-06,8293.4599609375
2023-10-09,8167.16015625
2023-10-10,8454.4296875
2023-10-11,8422.73046875
2023-10-12,8369.0498046875
2023-10-13,8207.73046875
2023-10-16,8270.7802734375
2023-10-17,8201.41015625
2023-10-18,8113.7998046875
2023-10-19,7982.81005859375
2023-10-20,7776.6201171875
2023-10-23,7896.2001953125
2023-10-24,7887.259765625
2023-10-25,7841.72998046875
2023-10-26,7774.22021484375
2023-10-27,7809.7998046875
2023-10-30,7823.759765625
2023-10-31,7834.7900390625
2023-11-01,7966.97021484375
2023-11-02,8059.10009765625
2023-11-03,8270.8095703125
2023-11-06,8206.669921875
2023-11-07,8223.0703125
2023-11-08,8256.169921875
2023-11-09,8098.60986328125
2023-11-10,8025.27001953125
2023-11-13,8078.2998046875
2023-11-14,8264.2802734375
2023-11-15,8255.9697265625
2023-11-16,8134.64990234375
2023-11-17,8222.76953125
2023-11-20,8238.0703125
2023-11-21,8187.5
2023-11-22,8287.240234375
2023-11-23,8283.599609375
2023-11-24,8265.83984375
2023-11-27,8180.14990234375
2023-11-28,8266.3095703125
2023-11-29,8278.2001953125
2023-11-30,8355.5302734375
2023-12-01,8465.900390625
2023-12-04,8431.0703125
2023-12-05,8465.5302734375
2023-12-06,8570.4599609375
2023-12-07,8498.349609375
2023-12-08,8506.740234375
2023-12-11,8518.9404296875
2023-12-12,8481.849609375
2023-12-13,8456.8095703125
2023-12-14,8562.599609375
2023-12-15,8621.7099609375
2023-12-18,8604.4697265625
2023-12-19,8718.48046875
2023-12-20,8786.0703125
2023-12-21,8754.98046875
2023-12-22,8798.3701171875
2023-12-27,8845.3896484375
2023-12-28,8762.150390625
2023-12-29,8760.3603515625
2024-01-02,8739.4697265625
2024-01-03,8646.2802734375
2024-01-04,8666.2900390625
2024-01-05,8661.4599609375
2024-01-08,8723.2197265625
2024-01-09,8633.169921875
2024-01-10,8470.8701171875
2024-01-11,8410.4501953125
2024-01-12,8417.5498046875
2024-01-15,8492.400390625
2024-01-16,8491.3701171875
2024-01-17,8469.849609375
2024-01-18,8796.599609375
2024-01-19,8845.0595703125
2024-01-22,8896.6298828125
2024-01-23,8910.5595703125
2024-01-24,8972.7099609375
2024-01-25,9033.0400390625
2024-01-26,9066.83984375
2024-01-29,9171.1904296875
2024-01-30,9214.5498046875
2024-01-31,9178.1201171875
2024-02-01,9121.740234375
2024-02-02,9111.48046875
2024-02-05,9038.490234375
2024-02-06,9060.9697265625
2024-02-07,9144.6396484375
2024-02-08,9290.349609375
2024-02-09,9251.0
2024-02-12,9311.830078125
2024-02-13,9284.7001953125
2024-02-14,9371.599609375
2024-02-15,9313.83984375
2024-02-16,9329.33984375
2024-02-19,9428.1396484375
2024-02-20,9437.5
2024-02-21,9513.580078125
2024-02-22,9562.76953125
2024-02-23,9660.8603515625
2024-02-26,9454.75
2024-02-27,9495.0595703125
2024-02-28,9530.009765625
2024-02-29,9489.669921875
2024-03-01,9521.490234375
2024-03-04,9535.5
2024-03-05,9509.9501953125
2024-03-06,9633.349609375
2024-03-07,9661.5
2024-03-08,9678.3203125
2024-03-11,9656.8798828125
2024-03-12,9706.3203125
2024-03-13,9658.9501953125
2024-03-14,9673.6396484375
2024-03-15,9834.650390625
2024-03-18,9841.2001953125
2024-03-19,9910.509765625
2024-03-20,9867.8798828125
2024-03-21,9902.6796875
2024-03-22,9866.900390625
2024-03-25,9808.599609375
2024-03-26,9895.7001953125
2024-03-27,9867.8203125
2024-03-28,9957.26953125
2024-04-02,9894.419921875
2024-04-03,10063.5498046875
2024-04-04,10020.33984375
2024-04-05,10050.5400390625
2024-04-08,10147.01953125
2024-04-09,10068.16015625
2024-04-10,10146.2099609375
2024-04-11,9983.669921875
2024-04-12,9891.509765625
2024-04-15,9898.349609375
2024-04-16,9778.51953125
2024-04-17,9828.8095703125
2024-04-18,9941.6904296875
2024-04-19,9931.0
2024-04-22,9962.419921875
2024-04-23,10066.6796875
2024-04-24,9963.9697265625
2024-04-25,9915.5703125
2024-04-26,9967.4501953125
2024-04-29,9954.0
2024-04-30,9917.33984375
2024-05-02,10069.33984375
2024-05-03,10082.2197265625
2024-05-07,10109.0498046875
2024-05-08,10163.240234375
2024-05-09,9959.7099609375
2024-05-10,10000.849609375
2024-05-13,9968.4697265625
2024-05-14,9992.83984375
2024-05-15,10012.1796875
2024-05-16,10024.8798828125
2024-05-17,10009.2197265625
2024-05-20,9984.7197265625
2024-05-21,9982.5400390625
2024-05-22,10053.16015625
2024-05-23,10121.9404296875
2024-05-24,10071.83984375
2024-05-27,10024.75
2024-05-28,9994.009765625
2024-05-29,9861.08984375
2024-05-30,9964.26953125
2024-05-31,9940.3203125
2024-06-03,10037.1904296875
2024-06-04,9941.8896484375
2024-06-05,9940.3603515625
2024-06-06,9867.9697265625
2024-06-07,9835.6796875
2024-06-10,9718.900390625
2024-06-11,9577.6396484375
2024-06-12,9681.2099609375
2024-06-13,9550.509765625
2024-06-14,9386.259765625
2024-06-17,9431.73046875
2024-06-18,9498.599609375
2024-06-19,9585.0703125
2024-06-20,9545.6396484375
2024-06-21,9414.8203125
2024-06-24,9441.349609375
2024-06-25,9516.1201171875
2024-06-26,9441.2802734375
2024-06-27,9364.8798828125
2024-06-28,9318.349609375
2024-07-01,9325.7197265625
2024-07-02,9311.900390625
2024-07-03,9425.7998046875
2024-07-04,9485.2001953125
2024-07-05,9510.650390625
2024-07-08,9655.7998046875
2024-07-09,9625.650390625
2024-07-10,9691.3095703125
2024-07-11,9772.599609375
2024-07-12,9769.0302734375
2024-07-15,9740.6796875
2024-07-16,9808.330078125
2024-07-17,9757.6201171875
2024-07-18,9771.3701171875
2024-07-19,9703.51953125
2024-07-22,9367.419921875
2024-07-23,9406.599609375
2024-07-24,9349.849609375
2024-07-25,9392.48046875
2024-07-26,9541.4599609375
2024-07-29,9536.0302734375
2024-07-30,9619.9697265625
2024-07-31,9674.0703125
2024-08-01,9497.16015625
2024-08-02,9263.3701171875
2024-08-05,9148.2099609375
2024-08-06,9153.83984375
2024-08-07,9277.75
2024-08-08,9279.1796875
2024-08-09,9388.9404296875
2024-08-12,9378.8203125
2024-08-13,9418.4501953125
2024-08-14,9381.33984375
2024-08-15,9525.7900390625
2024-08-16,9516.4404296875
2024-08-19,9551.4697265625
2024-08-20,9472.8701171875
2024-08-21,9506.1298828125
2024-08-22,9480.849609375
2024-08-23,9559.0
2024-08-26,9631.490234375
2024-08-27,9679.26953125
2024-08-28,9672.6796875
2024-08-29,9705.48046875
2024-08-30,9779.080078125
2024-09-02,9813.5498046875
2024-09-03,9716.8603515625
2024-09-04,9644.9599609375
2024-09-05,9674.0498046875
2024-09-06,9571.9599609375
2024-09-09,9654.8896484375
2024-09-10,9695.0595703125
2024-09-11,9607.23046875
2024-09-12,9616.330078125
2024-09-13,9670.509765625
2024-09-16,9661.6298828125
2024-09-17,9841.169921875
2024-09-18,9787.3603515625
2024-09-19,9998.6201171875
2024-09-20,9967.1796875
2024-09-23,9921.7001953125
2024-09-24,9969.330078125
2024-09-25,10066.0703125
2024-09-26,10224.169921875
2024-09-27,10107.150390625
2024-09-30,9897.16015625
2024-10-01,9642.419921875
2024-10-02,9588.3798828125
2024-10-03,9507.7900390625
2024-10-04,9607.7197265625
2024-10-07,9630.9501953125
2024-10-08,9687.349609375
2024-10-09,9787.3203125
2024-10-10,9702.3603515625
2024-10-11,9734.740234375
2024-10-14,9796.1796875
2024-10-15,9844.5
2024-10-16,9814.41015625
2024-10-17,9846.490234375
2024-10-18,9869.6298828125
2024-10-21,9827.900390625
2024-10-22,9835.01953125
2024-10-23,9784.26953125
2024-10-24,9784.25
2024-10-25,9763.6904296875
2024-10-28,9832.5498046875
2024-10-29,9755.16015625
2024-10-30,9678.8603515625
2024-10-31,9636.08984375
2024-11-01,9857.7900390625
2024-11-04,9809.16015625
2024-11-05,9938.5703125
2024-11-06,9783.23046875
2024-11-07,9879.0
2024-11-08,9800.5400390625
2024-11-11,9913.6796875
2024-11-12,9793.1396484375
2024-11-13,9691.8095703125
2024-11-14,9809.1201171875
2024-11-15,9713.240234375
2024-11-18,9709.6103515625
2024-11-19,9614.919921875
2024-11-20,9639.2802734375
2024-11-21,9596.66015625
2024-11-22,9613.9697265625
2024-11-25,9635.6298828125
2024-11-26,9606.3603515625
2024-11-27,9452.7998046875
2024-11-28,9505.740234375
2024-11-29,9608.75
2024-12-02,9618.76953125
2024-12-03,9714.41015625
2024-12-04,9740.0703125
2024-12-05,9799.0703125
2024-12-06,9662.3798828125
2024-12-09,9688.25
2024-12-10,9752.3701171875
2024-12-11,9780.7001953125
2024-12-12,9825.900390625
2024-12-13,9826.76953125
2024-12-16,9706.5498046875
2024-12-17,9689.7900390625
2024-12-18,9728.6103515625
2024-12-19,9703.4697265625
2024-12-20,9685.5400390625
2024-12-23,9668.3798828125
2024-12-24,9712.2998046875
2024-12-27,9700.419921875
2024-12-30,9718.400390625
2024-12-31,9757.26953125
2025-01-02,9745.1103515625
2025-01-03,9664.8203125
2025-01-06,9708.490234375
2025-01-07,9776.48046875
2025-01-08,9714.6396484375
2025-01-09,9705.48046875
2025-01-10,9616.169921875
2025-01-13,9522.6201171875
2025-01-14,9605.7998046875
2025-01-15,9627.580078125
2025-01-16,9592.6904296875
2025-01-17,9681.240234375
2025-01-20,9771.73046875
2025-01-21,9926.099609375
2025-01-22,9913.1201171875
2025-01-23,10065.58984375
2025-01-24,10106.669921875
2025-01-27,10174.66015625
2025-01-28,10256.25
2025-01-29,10231.419921875
2025-01-30,10312.66015625
2025-01-31,10205.8701171875
2025-02-03,10044.240234375
2025-02-04,10158.25
2025-02-05,10176.0302734375
2025-02-06,10309.6396484375
2025-02-07,10218.080078125
2025-02-10,10189.0
2025-02-11,10250.6298828125
2025-02-12,10328.099609375
2025-02-13,10385.8798828125
2025-02-14,10333.8701171875
2025-02-17,10410.7001953125
2025-02-18,10452.83984375
2025-02-19,10306.4697265625
2025-02-20,10302.650390625
2025-02-21,10615.5703125
2025-02-24,10718.01953125
2025-02-25,10773.5302734375
2025-02-26,10821.1201171875
2025-02-27,10865.1103515625
2025-02-28,10982.98046875
2025-03-03,10981.76953125
2025-03-04,10722.58984375
2025-03-05,11090.900390625
2025-03-06,11194.4404296875
2025-03-07,11118.75
2025-03-10,11058.7998046875
2025-03-11,10795.400390625
2025-03-12,10838.919921875
2025-03-13,10754.25
2025-03-14,10934.669921875
2025-03-17,10993.5595703125
2025-03-18,11037.08984375
2025-03-19,11026.4599609375
2025-03-20,10898.76953125
2025-03-21,10861.5595703125
2025-03-24,10720.23046875
2025-03-25,10733.5595703125
2025-03-26,10628.08984375
2025-03-27,10556.009765625
2025-03-28,10392.990234375
2025-03-31,10188.6796875
2025-04-01,10354.8203125
2025-04-02,10370.7197265625
2025-04-03,10182.2998046875
2025-04-04,9703.5302734375
2025-04-07,9308.08984375
2025-04-08,9654.1298828125
2025-04-09,9388.1103515625
2025-04-10,9574.25
2025-04-11,9649.599609375
2025-04-14,9943.0400390625
2025-04-15,10167.6796875
2025-04-16,10145.4404296875
2025-04-17,9967.91015625
2025-04-22,10014.2998046875
2025-04-23,10270.1796875
2025-04-24,10131.8095703125
2025-04-25,10151.16015625
2025-04-28,10212.01953125
2025-04-29,10377.75
2025-04-30,10373.4599609375
2025-05-02,10678.1201171875
2025-05-06,10676.01953125
2025-05-07,10801.9697265625
2025-05-08,10838.0302734375
2025-05-09,10883.6904296875
2025-05-12,11101.01953125
2025-05-13,11052.740234375
2025-05-14,11163.33984375
2025-05-15,11124.2099609375
2025-05-16,11075.490234375
2025-05-19,11202.259765625
2025-05-20,11374.169921875
2025-05-21,11399.48046875
2025-05-22,11326.580078125
2025-05-23,11269.7001953125
2025-05-26,11361.740234375
2025-05-27,11416.400390625
2025-05-28,11367.4599609375
2025-05-29,11475.169921875
2025-05-30,11411.7197265625
2025-06-02,11430.2998046875
2025-06-03,11449.3095703125
2025-06-04,11371.66015625
2025-06-05,11606.5
2025-06-06,11622.2099609375
2025-06-09,11651.990234375
2025-06-10,11718.7099609375
2025-06-11,11716.6396484375
2025-06-12,11638.9404296875
2025-06-13,11454.5302734375
2025-06-16,11553.509765625
2025-06-17,11339.7998046875
2025-06-18,11396.1298828125
2025-06-19,11172.8701171875
2025-06-20,11181.349609375
2025-06-23,11083.3798828125
2025-06-24,11293.8896484375
2025-06-25,11208.349609375
2025-06-26,11262.990234375
2025-06-27,11398.1904296875
2025-06-30,11421.7099609375
2025-07-01,11334.0
2025-07-02,11360.73046875
2025-07-03,11358.2802734375
2025-07-04,11320.5302734375
2025-07-07,11439.599609375
2025-07-08,11482.7099609375
2025-07-09,11480.169921875
2025-07-10,11482.2998046875
2025-07-11,11368.6904296875
2025-07-14,11255.580078125
2025-07-15,11262.2900390625
2025-07-16,11147.08984375
2025-07-17,11250.91015625
2025-07-18,11143.2802734375
2025-07-21,11291.6298828125
2025-07-22,11279.1796875
2025-07-23,11426.7099609375
2025-07-24,11580.98046875
2025-07-25,11584.580078125
2025-07-28,11622.759765625
2025-07-29,11626.8203125
2025-07-30,11485.240234375
2025-07-31,11410.26953125
2025-08-01,11097.33984375
2025-08-04,11246.259765625
2025-08-05,11274.5498046875
2025-08-06,11358.1298828125
2025-08-07,11466.16015625
2025-08-08,11482.76953125
2025-08-11,11411.73046875
2025-08-12,11497.6796875
2025-08-13,11601.08984375
2025-08-14,11720.9404296875
2025-08-15,11787.2802734375
2025-08-18,11733.5498046875
2025-08-19,11869.25
2025-08-20,11676.16015625
2025-08-21,11655.4599609375
2025-08-22,11718.8701171875
2025-08-25,11691.6298828125
2025-08-26,11573.08984375
2025-08-27,11332.759765625
2025-08-28,11378.1796875
2025-08-29,11281.2900390625
2025-09-01,11323.83984375
2025-09-02,11144.8203125
2025-09-03,11297.5
2025-09-04,11245.2802734375
2025-09-05,11306.3095703125
2025-09-08,11402.9501953125
2025-09-09,11419.849609375
2025-09-10,11447.3603515625
2025-09-11,11444.73046875
2025-09-12,11430.9697265625
2025-09-15,11456.009765625
2025-09-16,11272.73046875
2025-09-17,11275.9501953125
2025-09-18,11212.66015625
2025-09-19,11176.650390625
2025-09-22,11120.1201171875
2025-09-23,11369.169921875
2025-09-24,11411.9501953125
2025-09-25,11447.76953125
2025-09-26,11492.98046875
2025-09-29,11443.919921875
2025-09-30,11624.6796875
2025-10-01,11665.150390625
2025-10-02,11706.3798828125
2025-10-03,11733.01953125
2025-10-06,11679.2900390625
2025-10-07,11742.6103515625
2025-10-08,11848.91015625
2025-10-09,11744.6904296875
2025-10-10,11591.8203125
2025-10-13,11630.509765625
2025-10-14,11617.7802734375
2025-10-15,11582.3798828125
2025-10-16,11651.7001953125
2025-10-17,11438.2197265625
2025-10-20,11553.490234375
2025-10-21,11600.7900390625
2025-10-22,11661.51953125
2025-10-23,11603.8798828125
2025-10-24,11768.23046875
2025-10-27,11799.0400390625
2025-10-28,11794.33984375
2025-10-29,11836.4697265625
2025-10-30,11867.8203125
2025-10-31,11877.9501953125
2025-11-03,11997.8603515625
2025-11-04,12122.099609375
2025-11-05,12191.6103515625
2025-11-06,12126.73046875
2025-11-07,12012.4501953125
2025-11-10,12294.830078125
2025-11-11,12480.169921875
2025-11-12,12565.5595703125
2025-11-13,12534.599609375
2025-11-14,12365.3603515625
2025-11-17,12164.0302734375
2025-11-18,11874.9697265625
2025-11-19,12055.01953125
2025-11-20,12024.2998046875
2025-11-21,12180.5595703125
2025-11-24,12407.3095703125
2025-11-25,12624.0400390625
2025-11-26,12734.3896484375
2025-11-27,12781.3203125
2025-11-28,12836.2900390625
2025-12-01,12849.509765625
2025-12-02,12750.6796875
2025-12-03,12766.4599609375
2025-12-04,12746.240234375
2025-12-05,12741.6904296875
2025-12-08,12770.33984375
2025-12-09,12745.3203125
2025-12-10,12739.08984375
2025-12-11,12919.5595703125
2025-12-12,12863.0302734375
2025-12-15,12981.2001953125
2025-12-16,12998.51953125
2025-12-17,12989.1103515625
2025-12-18,13076.58984375
2025-12-19,13105.0302734375
2025-12-22,13088.8896484375
2025-12-23,13044.25
2025-12-24,13037.23046875
2025-12-29,13039.25
2025-12-30,13126.0703125
2025-12-31,13099.349609375
2026-01-02,13145.490234375
2026-01-05,13188.0595703125
2026-01-06,13081.3095703125
2026-01-07,12973.2998046875
2026-01-08,13046.3203125
2026-01-09,13080.0595703125
2026-01-12,13073.3203125
2026-01-13,12972.66015625
2026-01-14,12995.0400390625
2026-01-15,13067.1201171875
2026-01-16,13070.259765625
2026-01-19,12988.1298828125
2026-01-20,12872.650390625
2026-01-21,12922.2001953125
2026-01-22,13113.76953125
2026-01-23,12933.650390625
2026-01-26,12928.83984375
2026-01-27,13006.08984375
2026-01-28,13006.7998046875
2026-01-29,12964.3203125
2026-01-30,13147.759765625
2026-02-02,13379.1298828125
2026-02-03,13374.169921875
2026-02-04,13519.01953125
2026-02-05,13200.0595703125
2026-02-06,13295.099609375
2026-02-09,13438.0703125
2026-02-10,13210.2099609375
2026-02-11,13074.509765625
2026-02-12,13065.8095703125
2026-02-13,12788.76953125
2026-02-16,12874.900390625
2026-02-17,12785.3798828125
2026-02-18,12804.9296875
2026-02-19,12795.3603515625
2026-02-20,13007.4296875
2026-02-23,12931.91015625
2026-02-24,13015.2197265625
2026-02-25,12962.2001953125
2026-02-26,13163.0400390625
2026-02-27,13128.5400390625
2026-03-02,12884.830078125
2026-03-03,12550.76953125
2026-03-04,12677.7099609375
2026-03-05,12472.41015625
2026-03-06,12492.3095703125
2026-03-09,12405.8896484375
2026-03-10,12762.849609375
2026-03-11,12826.9599609375
2026-03-12,12467.169921875
2026-03-13,12393.7099609375
2026-03-16,12332.849609375
2026-03-17,12252.1796875
2026-03-18,12369.919921875
2026-03-19,12084.1201171875
2026-03-20,11881.240234375
2026-03-23,12089.5595703125
2026-03-24,12096.669921875
2026-03-25,12362.5498046875
2026-03-26,12026.58984375
2026-03-27,11975.330078125
2026-03-30,11931.26953125
2026-03-31,12056.0302734375
2026-04-01,12263.349609375
2026-04-02,12148.1103515625
2026-04-07,12090.9501953125
2026-04-08,12844.240234375
2026-04-09,12654.3095703125
2026-04-10,12757.7099609375
2026-04-13,12635.4697265625
2026-04-14,12847.8896484375
2026-04-15,12858.2998046875
2026-04-16,12591.900390625
2026-04-17,12994.08984375
2026-04-20,12844.6103515625
2026-04-21,12709.76953125
2026-04-22,12584.7197265625
2026-04-23,12366.98046875
2026-04-24,12270.169921875
2026-04-27,12222.4404296875
2026-04-28,12286.6904296875
2026-04-29,12426.0302734375
2026-04-30,12593.3603515625
2026-05-05,12409.080078125
2026-05-06,12937.599609375
2026-05-07,12943.75
2026-05-08,12721.669921875
2026-05-11,12633.8701171875
2026-05-12,12476.990234375
2026-05-13,12531.6396484375
2026-05-14,12585.150390625
2026-05-15,12397.73046875
2026-05-18,12604.5302734375
2026-05-19,12552.5498046875
2026-05-20,12747.3798828125
2026-05-21,12793.0703125
2026-05-22,13001.66015625
2026-05-25,13336.98046875
2026-05-26,13178.6298828125
2026-05-27,13242.1904296875
2026-05-28,13111.76953125
2026-05-29,13206.8095703125
2026-06-01,13001.8701171875
2026-06-02,13168.3203125
2026-06-03,13116.5
2026-06-04,13139.16015625
2026-06-05,13113.23046875
2026-06-08,13001.25
2026-06-09,13089.3798828125
2026-06-10,13081.9501953125
2026-06-11,13189.76953125
