date,price
1996-02-29,2622.889892578125
1996-03-01,2643.760009765625
1996-03-04,2641.389892578125
1996-03-05,2638.81005859375
1996-03-06,2619.360107421875
1996-03-07,2598.090087890625
1996-03-08,2572.7099609375
1996-03-11,2541.60009765625
1996-03-12,2551.89990234375
1996-03-13,2544.489990234375
1996-03-14,2542.300048828125
1996-03-15,2564.780029296875
1996-03-18,2577.89990234375
1996-03-19,2584.8701171875
1996-03-20,2584.260009765625
1996-03-21,2586.97998046875
1996-03-22,2594.3701171875
1996-03-25,2607.9599609375
1996-03-26,2586.47998046875
1996-03-27,2608.419921875
1996-03-28,2598.4599609375
1996-03-29,2605.320068359375
1996-04-01,2613.659912109375
1996-04-02,2616.489990234375
1996-04-03,2604.969970703125
1996-04-04,2602.909912109375
1996-04-09,2596.179931640625
1996-04-10,2616.75
1996-04-11,2600.8701171875
1996-04-12,2592.31005859375
1996-04-15,2611.610107421875
1996-04-16,2594.800048828125
1996-04-17,2587.449951171875
1996-04-18,2575.760009765625
1996-04-19,2575.580078125
1996-04-22,2572.669921875
1996-04-23,2564.300048828125
1996-04-24,2561.989990234375
1996-04-25,2571.030029296875
1996-04-26,2568.429931640625
1996-04-29,2551.389892578125
1996-04-30,2547.429931640625
1996-05-02,2569.830078125
1996-05-03,2557.510009765625
1996-05-06,2568.31005859375
1996-05-07,2582.199951171875
1996-05-08,2575.669921875
1996-05-09,2574.909912109375
1996-05-10,2570.81005859375
1996-05-13,2577.489990234375
1996-05-14,2593.909912109375
1996-05-15,2609.699951171875
1996-05-17,2616.639892578125
1996-05-20,2632.5400390625
1996-05-21,2655.530029296875
1996-05-22,2664.47998046875
1996-05-23,2685.050048828125
1996-05-24,2680.85009765625
1996-05-28,2684.699951171875
1996-05-29,2681.0400390625
1996-05-30,2659.89990234375
1996-05-31,2677.02001953125
1996-06-03,2678.06005859375
1996-06-04,2686.1201171875
1996-06-05,2732.510009765625
1996-06-06,2733.909912109375
1996-06-07,2737.699951171875
1996-06-10,2748.56005859375
1996-06-11,2747.25
1996-06-12,2760.780029296875
1996-06-13,2766.409912109375
1996-06-14,2748.0
1996-06-17,2748.25
1996-06-18,2760.919921875
1996-06-19,2765.35009765625
1996-06-20,2765.35009765625
1996-06-21,2797.1201171875
1996-06-24,2830.320068359375
1996-06-25,2838.080078125
1996-06-26,2849.7099609375
1996-06-27,2849.97998046875
1996-06-28,2876.1298828125
1996-07-01,2881.8701171875
1996-07-02,2881.820068359375
1996-07-03,2862.409912109375
1996-07-04,2855.699951171875
1996-07-05,2840.2900390625
1996-07-08,2838.169921875
1996-07-09,2849.919921875
1996-07-10,2855.52001953125
1996-07-11,2838.9599609375
1996-07-12,2823.610107421875
1996-07-15,2811.1201171875
1996-07-16,2732.199951171875
1996-07-17,2752.25
1996-07-18,2751.43994140625
1996-07-19,2774.280029296875
1996-07-22,2751.550048828125
1996-07-23,2748.889892578125
1996-07-24,2724.699951171875
1996-07-25,2732.330078125
1996-07-26,2740.93994140625
1996-07-29,2747.68994140625
1996-07-30,2736.889892578125
1996-07-31,2748.77001953125
1996-08-01,2767.330078125
1996-08-02,2768.929931640625
1996-08-05,2784.31005859375
1996-08-06,2818.419921875
1996-08-07,2837.780029296875
1996-08-08,2853.89990234375
1996-08-09,2857.4599609375
1996-08-12,2856.330078125
1996-08-13,2859.639892578125
1996-08-14,2841.260009765625
1996-08-15,2842.9599609375
1996-08-16,2840.669921875
1996-08-19,2834.669921875
1996-08-20,2834.590087890625
1996-08-21,2822.989990234375
1996-08-22,2828.56005859375
1996-08-23,2831.6201171875
1996-08-26,2833.110107421875
1996-08-27,2835.43994140625
1996-08-28,2833.8701171875
1996-08-29,2827.31005859375
1996-08-30,2804.75
1996-09-02,2803.610107421875
1996-09-03,2776.2099609375
1996-09-04,2794.699951171875
1996-09-05,2803.429931640625
1996-09-06,2805.5
1996-09-09,2828.969970703125
1996-09-10,2840.340087890625
1996-09-11,2844.239990234375
1996-09-12,2853.860107421875
1996-09-13,2870.300048828125
1996-09-16,2890.830078125
1996-09-17,2886.85009765625
1996-09-18,2883.110107421875
1996-09-19,2880.3701171875
1996-09-20,2874.68994140625
1996-09-23,2872.360107421875
1996-09-24,2885.550048828125
1996-09-25,2899.6298828125
1996-09-26,2911.739990234375
1996-09-27,2911.35009765625
1996-09-30,2921.219970703125
1996-10-01,2945.139892578125
1996-10-02,2962.4599609375
1996-10-04,2977.14990234375
1996-10-07,2980.25
1996-10-08,2990.989990234375
1996-10-09,2990.949951171875
1996-10-10,2989.570068359375
1996-10-11,2988.39990234375
1996-10-14,2987.56005859375
1996-10-15,2997.590087890625
1996-10-16,2998.2099609375
1996-10-17,2986.2099609375
1996-10-18,2988.219970703125
1996-10-21,2972.9599609375
1996-10-22,2965.3798828125
1996-10-23,2954.75
1996-10-24,2941.25
1996-10-25,2939.18994140625
1996-10-28,2947.800048828125
1996-10-29,2919.919921875
1996-10-30,2916.449951171875
1996-10-31,2902.72998046875
1996-11-01,2912.760009765625
1996-11-04,2902.919921875
1996-11-05,2907.97998046875
1996-11-06,2920.3701171875
1996-11-07,2918.8798828125
1996-11-08,2920.159912109375
1996-11-11,2918.169921875
1996-11-12,2924.159912109375
1996-11-13,2932.780029296875
1996-11-14,2921.97998046875
1996-11-15,2926.340087890625
1996-11-18,2916.929931640625
1996-11-19,2911.510009765625
1996-11-20,2910.0400390625
1996-11-21,2894.800048828125
1996-11-22,2907.14990234375
1996-11-25,2896.530029296875
1996-11-26,2875.6298828125
1996-11-27,2851.070068359375
1996-11-28,2865.260009765625
1996-11-29,2896.72998046875
1996-12-02,2915.830078125
1996-12-03,2935.64990234375
1996-12-04,2929.219970703125
1996-12-05,2951.070068359375
1996-12-06,2911.070068359375
1996-12-09,2934.760009765625
1996-12-10,2957.639892578125
1996-12-11,2933.300048828125
1996-12-12,2927.300048828125
1996-12-13,2914.909912109375
1996-12-16,2926.590087890625
1996-12-17,2921.639892578125
1996-12-18,2944.47998046875
1996-12-19,2944.469970703125
1996-12-20,2960.02001953125
1996-12-23,2964.719970703125
1996-12-27,2951.39990234375
1996-12-30,2961.659912109375
1997-01-02,2943.97998046875
1997-01-03,2968.0
1997-01-07,2988.06005859375
1997-01-08,3017.10009765625
1997-01-09,3031.25
1997-01-10,3032.820068359375
1997-01-13,3074.889892578125
1997-01-14,3083.889892578125
1997-01-15,3094.169921875
1997-01-16,3111.8701171875
1997-01-17,3132.139892578125
1997-01-20,3150.7900390625
1997-01-21,3138.0
1997-01-22,3162.64990234375
1997-01-23,3171.0400390625
1997-01-24,3153.239990234375
1997-01-27,3151.320068359375
1997-01-28,3161.77001953125
1997-01-29,3153.699951171875
1997-01-30,3175.219970703125
1997-01-31,3181.669921875
1997-02-03,3209.800048828125
1997-02-04,3217.489990234375
1997-02-05,3241.070068359375
1997-02-06,3245.2900390625
1997-02-07,3248.389892578125
1997-02-10,3259.409912109375
1997-02-11,3271.7099609375
1997-02-12,3305.699951171875
1997-02-13,3309.89990234375
1997-02-14,3298.72998046875
1997-02-17,3300.8798828125
1997-02-18,3304.72998046875
1997-02-19,3312.06005859375
1997-02-20,3304.590087890625
1997-02-21,3307.0400390625
1997-02-24,3302.72998046875
1997-02-25,3334.47998046875
1997-02-26,3328.760009765625
1997-02-27,3347.330078125
1997-02-28,3366.219970703125
1997-03-03,3385.489990234375
1997-03-04,3433.93994140625
1997-03-05,3442.590087890625
1997-03-06,3454.3701171875
1997-03-07,3480.169921875
1997-03-10,3515.35009765625
1997-03-11,3536.39990234375
1997-03-12,3533.89990234375
1997-03-13,3516.64990234375
1997-03-14,3546.830078125
1997-03-17,3520.7900390625
1997-03-18,3483.800048828125
1997-03-19,3486.169921875
1997-03-20,3485.760009765625
1997-03-21,3514.4599609375
1997-03-24,3516.179931640625
1997-03-25,3533.6201171875
1997-03-26,3541.050048828125
1997-03-27,3546.090087890625
1997-04-01,3504.1201171875
1997-04-02,3495.409912109375
1997-04-03,3483.989990234375
1997-04-04,3490.18994140625
1997-04-07,3513.659912109375
1997-04-08,3504.919921875
1997-04-09,3537.739990234375
1997-04-10,3553.1201171875
1997-04-11,3550.199951171875
1997-04-14,3559.070068359375
1997-04-15,3586.679931640625
1997-04-16,3582.27001953125
1997-04-17,3576.590087890625
1997-04-18,3578.969970703125
1997-04-21,3565.39990234375
1997-04-22,3545.010009765625
1997-04-23,3542.6298828125
1997-04-24,3566.070068359375
1997-04-25,3563.510009765625
1997-04-28,3556.5
1997-04-29,3560.409912109375
1997-04-30,3560.860107421875
1997-05-02,3579.3701171875
1997-05-05,3601.929931640625
1997-05-06,3605.5400390625
1997-05-07,3625.840087890625
1997-05-09,3630.31005859375
1997-05-12,3650.35009765625
1997-05-13,3660.239990234375
1997-05-14,3678.239990234375
1997-05-15,3694.389892578125
1997-05-16,3715.409912109375
1997-05-20,3706.659912109375
1997-05-21,3753.25
1997-05-22,3765.030029296875
1997-05-23,3796.820068359375
1997-05-26,3791.280029296875
1997-05-27,3800.1201171875
1997-05-28,3819.330078125
1997-05-29,3819.300048828125
1997-05-30,3768.7099609375
1997-06-02,3782.43994140625
1997-06-03,3789.159912109375
1997-06-04,3821.669921875
1997-06-05,3845.199951171875
1997-06-06,3858.43994140625
1997-06-09,3860.969970703125
1997-06-10,3869.929931640625
1997-06-11,3881.5400390625
1997-06-12,3894.7900390625
1997-06-13,3903.85009765625
1997-06-16,3916.800048828125
1997-06-17,3895.010009765625
1997-06-18,3906.3701171875
1997-06-19,3936.340087890625
1997-06-20,3940.820068359375
1997-06-23,3925.429931640625
1997-06-24,3922.199951171875
1997-06-25,3951.449951171875
1997-06-26,3946.860107421875
1997-06-27,3944.889892578125
1997-06-30,3934.18994140625
1997-07-01,3949.510009765625
1997-07-02,3957.72998046875
1997-07-03,3977.300048828125
1997-07-04,3984.929931640625
1997-07-07,4001.31005859375
1997-07-08,4018.1298828125
1997-07-09,4049.580078125
1997-07-10,4032.39990234375
1997-07-11,4050.6201171875
1997-07-14,4075.219970703125
1997-07-15,4057.18994140625
1997-07-16,4100.14990234375
1997-07-17,4094.719970703125
1997-07-18,4068.4599609375
1997-07-21,4013.429931640625
1997-07-22,4051.169921875
1997-07-23,4077.510009765625
1997-07-24,4055.3798828125
1997-07-25,4054.8701171875
1997-07-28,4086.68994140625
1997-07-29,4068.81005859375
1997-07-30,4095.860107421875
1997-07-31,4125.0400390625
1997-08-01,4117.330078125
1997-08-04,4091.06005859375
1997-08-05,4104.68017578125
1997-08-06,4121.2998046875
1997-08-07,4169.3798828125
1997-08-08,4155.64013671875
1997-08-11,4149.35986328125
1997-08-12,4197.419921875
1997-08-13,4147.22998046875
1997-08-14,4122.64013671875
1997-08-15,4084.260009765625
1997-08-18,4029.429931640625
1997-08-19,4104.580078125
1997-08-20,4144.66015625
1997-08-21,4131.85986328125
1997-08-22,4035.969970703125
1997-08-25,4027.5
1997-08-26,3958.3798828125
1997-08-27,3939.7099609375
1997-08-28,3861.889892578125
1997-08-29,3856.469970703125
1997-09-01,3886.489990234375
1997-09-02,3929.2900390625
1997-09-03,3902.010009765625
1997-09-04,3908.22998046875
1997-09-05,3932.389892578125
1997-09-08,3916.469970703125
1997-09-09,3917.22998046875
1997-09-10,3906.340087890625
1997-09-11,3861.429931640625
1997-09-12,3823.800048828125
1997-09-15,3807.929931640625
1997-09-16,3827.56005859375
1997-09-17,3840.179931640625
1997-09-18,3862.2900390625
1997-09-19,3870.699951171875
1997-09-22,3885.449951171875
1997-09-23,3905.3798828125
1997-09-24,3897.260009765625
1997-09-25,3903.35009765625
1997-09-26,3882.239990234375
1997-09-29,3879.280029296875
1997-09-30,3883.56005859375
1997-10-01,3920.27001953125
1997-10-02,3950.330078125
1997-10-06,3965.39990234375
1997-10-07,3977.06005859375
1997-10-08,3975.050048828125
1997-10-09,3950.969970703125
1997-10-10,3962.909912109375
1997-10-13,3982.429931640625
1997-10-14,3988.840087890625
1997-10-15,4003.60009765625
1997-10-16,3974.18994140625
1997-10-17,3915.580078125
1997-10-20,3929.27001953125
1997-10-21,3969.429931640625
1997-10-22,3987.330078125
1997-10-23,3914.219970703125
1997-10-24,3922.760009765625
1997-10-27,3868.60009765625
1997-10-28,3672.090087890625
1997-10-29,3771.97998046875
1997-10-30,3699.070068359375
1997-10-31,3699.260009765625
1997-11-03,3735.330078125
1997-11-04,3726.4599609375
1997-11-05,3757.320068359375
1997-11-06,3755.169921875
1997-11-07,3690.830078125
1997-11-10,3692.469970703125
1997-11-11,3676.1201171875
1997-11-12,3631.5
1997-11-13,3604.6298828125
1997-11-14,3583.97998046875
1997-11-17,3613.090087890625
1997-11-18,3668.300048828125
1997-11-19,3663.89990234375
1997-11-20,3675.14990234375
1997-11-21,3695.0400390625
1997-11-24,3646.27001953125
1997-11-25,3639.110107421875
1997-11-26,3643.5400390625
1997-11-27,3670.4599609375
1997-11-28,3683.0
1997-12-01,3733.330078125
1997-12-02,3717.699951171875
1997-12-03,3725.820068359375
1997-12-04,3768.14990234375
1997-12-05,3780.919921875
1997-12-08,3783.510009765625
1997-12-09,3775.989990234375
1997-12-10,3760.590087890625
1997-12-11,3711.31005859375
1997-12-12,3703.43994140625
1997-12-15,3654.6201171875
1997-12-16,3657.610107421875
1997-12-17,3687.5
1997-12-18,3685.7900390625
1997-12-19,3634.2099609375
1997-12-22,3653.6201171875
1997-12-23,3660.169921875
1997-12-29,3686.6298828125
1997-12-30,3684.179931640625
1998-01-02,3719.22998046875
1998-01-05,3750.1201171875
1998-01-06,3733.889892578125
1998-01-07,3751.739990234375
1998-01-08,3743.010009765625
1998-01-09,3708.9599609375
1998-01-12,3623.800048828125
1998-01-13,3656.360107421875
1998-01-14,3690.830078125
1998-01-15,3713.77001953125
1998-01-16,3744.60009765625
1998-01-19,3763.840087890625
1998-01-20,3749.0
1998-01-21,3747.18994140625
1998-01-22,3758.239990234375
1998-01-23,3772.5
1998-01-26,3783.800048828125
1998-01-27,3807.5
1998-01-28,3842.909912109375
1998-01-29,3861.550048828125
1998-01-30,3857.580078125
1998-02-02,3890.260009765625
1998-02-03,3899.080078125
1998-02-04,3902.93994140625
1998-02-05,3915.580078125
1998-02-06,3926.010009765625
1998-02-09,3944.300048828125
1998-02-10,3927.280029296875
1998-02-11,3928.489990234375
1998-02-12,3933.7099609375
1998-02-13,3938.719970703125
1998-02-16,3947.969970703125
1998-02-17,3983.550048828125
1998-02-18,3993.919921875
1998-02-19,3989.2900390625
1998-02-20,4037.530029296875
1998-02-23,4064.10009765625
1998-02-24,4036.179931640625
1998-02-25,4064.659912109375
1998-02-26,4068.2099609375
1998-02-27,4071.320068359375
1998-03-02,4096.35009765625
1998-03-03,4096.97998046875
1998-03-04,4095.06005859375
1998-03-05,4096.02001953125
1998-03-06,4140.72998046875
1998-03-09,4185.9599609375
1998-03-10,4203.3701171875
1998-03-11,4208.4501953125
1998-03-12,4220.0400390625
1998-03-13,4286.9599609375
1998-03-16,4284.6201171875
1998-03-17,4319.7998046875
1998-03-18,4309.58984375
1998-03-19,4320.1298828125
1998-03-20,4361.2099609375
1998-03-23,4334.52978515625
1998-03-24,4354.490234375
1998-03-25,4378.56982421875
1998-03-26,4338.9599609375
1998-03-27,4371.97021484375
1998-03-30,4372.2099609375
1998-03-31,4384.5400390625
1998-04-01,4417.830078125
1998-04-02,4444.490234375
1998-04-03,4465.5
1998-04-06,4516.4599609375
1998-04-07,4513.52978515625
1998-04-08,4506.7001953125
1998-04-09,4533.0400390625
1998-04-14,4566.41015625
1998-04-15,4542.35009765625
1998-04-16,4514.740234375
1998-04-17,4518.990234375
1998-04-20,4566.27001953125
1998-04-21,4585.009765625
1998-04-22,4588.27978515625
1998-04-23,4556.1298828125
1998-04-24,4484.0400390625
1998-04-27,4381.2099609375
1998-04-28,4427.02978515625
1998-04-29,4442.2998046875
1998-04-30,4492.8798828125
1998-05-04,4550.89990234375
1998-05-05,4518.43017578125
1998-05-06,4521.77001953125
1998-05-07,4485.4501953125
1998-05-08,4517.18994140625
1998-05-11,4568.47021484375
1998-05-12,4562.0400390625
1998-05-13,4576.27978515625
1998-05-14,4570.2998046875
1998-05-15,4595.47998046875
1998-05-18,4570.10009765625
1998-05-19,4617.35986328125
1998-05-20,4648.43994140625
1998-05-22,4645.06982421875
1998-05-25,4692.35009765625
1998-05-26,4686.83984375
1998-05-27,4631.490234375
1998-05-28,4644.66015625
1998-05-29,4671.27978515625
1998-06-02,4663.580078125
1998-06-03,4705.39013671875
1998-06-04,4718.47021484375
1998-06-05,4745.14990234375
1998-06-08,4749.419921875
1998-06-09,4737.77978515625
1998-06-10,4750.0400390625
1998-06-12,4681.68017578125
1998-06-15,4625.259765625
1998-06-16,4586.77978515625
1998-06-17,4629.41015625
1998-06-18,4602.64013671875
1998-06-19,4569.490234375
1998-06-22,4578.47021484375
1998-06-23,4597.68994140625
1998-06-24,4601.2998046875
1998-06-25,4606.72021484375
1998-06-26,4621.85986328125
1998-06-29,4636.93017578125
1998-06-30,4614.83984375
1998-07-01,4650.9599609375
1998-07-02,4690.60009765625
1998-07-03,4733.85986328125
1998-07-06,4715.47021484375
1998-07-07,4729.75
1998-07-08,4773.4599609375
1998-07-09,4817.1298828125
1998-07-10,4791.81982421875
1998-07-13,4807.2900390625
1998-07-14,4837.7001953125
1998-07-15,4841.3798828125
1998-07-16,4830.8798828125
1998-07-17,4872.0400390625
1998-07-20,4877.77978515625
1998-07-21,4851.419921875
1998-07-22,4820.02001953125
1998-07-23,4818.39013671875
1998-07-24,4785.97021484375
1998-07-27,4728.31005859375
1998-07-28,4718.14990234375
1998-07-29,4673.43994140625
1998-07-30,4652.5498046875
1998-07-31,4640.2998046875
1998-08-03,4611.5498046875
1998-08-04,4577.4501953125
1998-08-05,4501.68994140625
1998-08-06,4499.6201171875
1998-08-07,4517.0400390625
1998-08-10,4508.35009765625
1998-08-11,4380.259765625
1998-08-12,4384.97998046875
1998-08-13,4341.5
1998-08-14,4382.0400390625
1998-08-17,4409.18994140625
1998-08-18,4428.830078125
1998-08-19,4439.91015625
1998-08-20,4399.580078125
1998-08-21,4335.2099609375
1998-08-24,4284.06005859375
1998-08-25,4293.3798828125
1998-08-26,4239.85009765625
1998-08-27,4109.3701171875
1998-08-28,4040.639892578125
1998-08-31,4021.050048828125
1998-09-01,3970.169921875
1998-09-02,4007.169921875
1998-09-03,3976.8798828125
1998-09-04,3988.93994140625
1998-09-07,4028.3701171875
1998-09-08,4088.06005859375
1998-09-09,4097.27978515625
1998-09-10,4053.27001953125
1998-09-11,4008.659912109375
1998-09-14,4048.320068359375
1998-09-15,4010.81005859375
1998-09-16,3997.6201171875
1998-09-17,3878.070068359375
1998-09-18,3839.35009765625
1998-09-21,3760.159912109375
1998-09-22,3818.89990234375
1998-09-23,3812.389892578125
1998-09-24,3814.7900390625
1998-09-25,3773.8798828125
1998-09-28,3786.1201171875
1998-09-29,3787.429931640625
1998-09-30,3701.949951171875
1998-10-01,3565.080078125
1998-10-02,3460.969970703125
1998-10-05,3440.340087890625
1998-10-06,3493.760009765625
1998-10-07,3449.389892578125
1998-10-08,3324.530029296875
1998-10-09,3345.409912109375
1998-10-12,3440.6201171875
1998-10-13,3465.820068359375
1998-10-14,3528.389892578125
1998-10-15,3610.219970703125
1998-10-16,3636.070068359375
1998-10-19,3636.81005859375
1998-10-20,3660.860107421875
1998-10-21,3639.449951171875
1998-10-22,3649.260009765625
1998-10-23,3678.1298828125
1998-10-26,3700.590087890625
1998-10-27,3811.8798828125
1998-10-28,3737.409912109375
1998-10-29,3777.3798828125
1998-10-30,3825.39990234375
1998-11-02,3879.97998046875
1998-11-03,3884.85009765625
1998-11-04,3984.8701171875
1998-11-05,3942.320068359375
1998-11-06,3971.6298828125
1998-11-09,3973.590087890625
1998-11-10,3908.860107421875
1998-11-11,3939.860107421875
1998-11-12,3911.330078125
1998-11-13,3898.909912109375
1998-11-16,3901.25
1998-11-17,3882.0
1998-11-18,3891.7099609375
1998-11-19,3877.409912109375
1998-11-20,3913.64990234375
1998-11-23,3953.320068359375
1998-11-24,3939.22998046875
1998-11-25,3932.080078125
1998-11-26,3930.47998046875
1998-11-27,3935.159912109375
1998-11-30,3974.39990234375
1998-12-01,3909.090087890625
1998-12-02,3890.389892578125
1998-12-03,3877.590087890625
1998-12-04,3898.340087890625
1998-12-07,3903.31005859375
1998-12-08,3885.989990234375
1998-12-09,3845.9599609375
1998-12-10,3825.52001953125
1998-12-11,3813.39990234375
1998-12-14,3797.070068359375
1998-12-15,3823.669921875
1998-12-16,3877.85009765625
1998-12-17,3883.1201171875
1998-12-18,3886.25
1998-12-21,3895.260009765625
1998-12-22,3900.300048828125
1998-12-23,3890.260009765625
1998-12-28,3891.330078125
1998-12-29,3891.56005859375
1998-12-30,3905.449951171875
1999-01-04,3974.25
1999-01-05,3981.949951171875
1999-01-06,3998.969970703125
1999-01-07,3999.050048828125
1999-01-08,3961.929931640625
1999-01-11,3952.739990234375
1999-01-12,3945.31005859375
1999-01-13,3855.260009765625
1999-01-14,3867.090087890625
1999-01-15,3848.389892578125
1999-01-18,3832.5400390625
1999-01-19,3778.9599609375
1999-01-20,3822.010009765625
1999-01-21,3806.89990234375
1999-01-22,3749.320068359375
1999-01-25,3728.989990234375
1999-01-26,3746.590087890625
1999-01-27,3743.300048828125
1999-01-28,3721.969970703125
1999-01-29,3750.56005859375
1999-02-01,3721.090087890625
1999-02-02,3761.070068359375
1999-02-03,3733.699951171875
1999-02-04,3755.219970703125
1999-02-05,3800.93994140625
1999-02-08,3856.3798828125
1999-02-09,3837.800048828125
1999-02-10,3792.820068359375
1999-02-11,3823.85009765625
1999-02-12,3831.179931640625
1999-02-15,3837.889892578125
1999-02-16,3849.820068359375
1999-02-17,3836.02001953125
1999-02-18,3849.1201171875
1999-02-19,3846.409912109375
1999-02-22,3808.909912109375
1999-02-23,3828.25
1999-02-24,3828.93994140625
1999-02-25,3804.18994140625
1999-02-26,3799.070068359375
1999-03-01,3770.7099609375
1999-03-02,3749.77001953125
1999-03-03,3747.0400390625
1999-03-04,3723.159912109375
1999-03-05,3748.580078125
1999-03-08,3743.0400390625
1999-03-09,3755.139892578125
1999-03-10,3672.860107421875
1999-03-11,3690.590087890625
1999-03-12,3765.010009765625
1999-03-15,3802.8701171875
1999-03-16,3759.389892578125
1999-03-17,3769.0
1999-03-18,3792.469970703125
1999-03-19,3801.139892578125
1999-03-22,3787.429931640625
1999-03-23,3763.929931640625
1999-03-24,3714.3798828125
1999-03-25,3767.10009765625
1999-03-26,3760.22998046875
1999-03-29,3751.419921875
1999-03-30,3737.56005859375
1999-03-31,3764.719970703125
1999-04-01,3753.679931640625
1999-04-06,3761.31005859375
1999-04-07,3755.1298828125
1999-04-08,3781.929931640625
1999-04-09,3801.389892578125
1999-04-12,3783.43994140625
1999-04-13,3826.919921875
1999-04-14,3806.070068359375
1999-04-15,3844.489990234375
1999-04-16,3823.56005859375
1999-04-19,3848.97998046875
1999-04-20,3806.610107421875
1999-04-21,3804.159912109375
1999-04-22,3807.1201171875
1999-04-23,3809.2099609375
1999-04-26,3790.030029296875
1999-04-27,3817.1201171875
1999-04-28,3844.43994140625
1999-04-29,3864.280029296875
1999-04-30,3871.60009765625
1999-05-03,3905.780029296875
1999-05-04,3916.10009765625
1999-05-05,3927.31005859375
1999-05-06,3938.050048828125
1999-05-07,3935.800048828125
1999-05-10,3928.570068359375
1999-05-11,3939.3798828125
1999-05-12,3928.739990234375
1999-05-14,3921.409912109375
1999-05-17,3873.18994140625
1999-05-18,3885.469970703125
1999-05-19,3917.429931640625
1999-05-20,3933.110107421875
1999-05-21,3937.860107421875
1999-05-25,3910.8798828125
1999-05-26,3902.0400390625
1999-05-27,3849.169921875
1999-05-28,3859.35009765625
1999-05-31,3850.510009765625
1999-06-01,3843.949951171875
1999-06-02,3868.340087890625
1999-06-04,3877.85009765625
1999-06-07,3901.4599609375
1999-06-08,3903.2900390625
1999-06-09,3913.139892578125
1999-06-10,3919.159912109375
1999-06-11,3931.050048828125
1999-06-14,3888.139892578125
1999-06-15,3894.7900390625
1999-06-16,3893.68994140625
1999-06-17,3912.1201171875
1999-06-18,3911.919921875
1999-06-21,3950.989990234375
1999-06-22,3957.330078125
1999-06-23,3940.300048828125
1999-06-24,3925.780029296875
1999-06-25,3912.889892578125
1999-06-28,3927.3798828125
1999-06-29,3942.639892578125
1999-06-30,3991.97998046875
1999-07-01,4056.5
1999-07-02,4072.5
1999-07-05,4129.740234375
1999-07-06,4123.6201171875
1999-07-07,4141.919921875
1999-07-08,4148.60009765625
1999-07-09,4164.6201171875
1999-07-12,4190.35009765625
1999-07-13,4171.1201171875
1999-07-14,4188.7099609375
1999-07-15,4223.4599609375
1999-07-16,4241.509765625
1999-07-19,4281.0498046875
1999-07-20,4242.580078125
1999-07-21,4195.5498046875
1999-07-22,4149.81005859375
1999-07-23,4150.5
1999-07-26,4076.0400390625
1999-07-27,4105.93994140625
1999-07-28,4111.14013671875
1999-07-29,4055.77001953125
1999-07-30,4076.199951171875
1999-08-02,4030.72998046875
1999-08-03,4037.1201171875
1999-08-04,4037.949951171875
1999-08-05,3985.590087890625
1999-08-06,3991.739990234375
1999-08-09,4012.469970703125
1999-08-10,3983.669921875
1999-08-11,3999.030029296875
1999-08-12,4044.840087890625
1999-08-13,4084.10009765625
1999-08-16,4127.18017578125
1999-08-17,4120.259765625
1999-08-18,4109.2900390625
1999-08-19,4079.820068359375
1999-08-20,4077.139892578125
1999-08-23,4097.89013671875
1999-08-24,4119.830078125
1999-08-25,4149.6201171875
1999-08-26,4143.72998046875
1999-08-27,4163.39990234375
1999-08-30,4168.77978515625
1999-08-31,4103.81982421875
1999-09-01,4151.5498046875
1999-09-02,4113.22021484375
1999-09-03,4149.3701171875
1999-09-06,4178.75
1999-09-07,4214.490234375
1999-09-08,4226.18994140625
1999-09-09,4249.93017578125
1999-09-10,4255.81005859375
1999-09-13,4244.85986328125
1999-09-14,4228.5400390625
1999-09-15,4190.240234375
1999-09-16,4154.64990234375
1999-09-17,4166.08984375
1999-09-20,4151.740234375
1999-09-21,4124.7900390625
1999-09-22,4073.070068359375
1999-09-23,4069.010009765625
1999-09-24,4004.8798828125
1999-09-27,4002.989990234375
1999-09-28,4007.2900390625
1999-09-29,4024.110107421875
1999-09-30,4083.4599609375
1999-10-01,4076.31005859375
1999-10-04,4065.949951171875
1999-10-05,4064.3701171875
1999-10-06,4059.9599609375
1999-10-07,4076.219970703125
1999-10-08,4095.360107421875
1999-10-11,4083.85009765625
1999-10-12,4058.260009765625
1999-10-13,4039.219970703125
1999-10-14,4026.969970703125
1999-10-15,3990.3701171875
1999-10-18,3951.75
1999-10-19,3962.550048828125
1999-10-20,3960.14990234375
1999-10-21,3939.72998046875
1999-10-22,3973.56005859375
1999-10-25,3974.89990234375
1999-10-26,3980.4599609375
1999-10-27,3963.1201171875
1999-10-28,3976.93994140625
1999-10-29,4016.56005859375
1999-11-01,4023.489990234375
1999-11-02,4025.050048828125
1999-11-03,4041.989990234375
1999-11-04,4068.760009765625
1999-11-05,4079.22998046875
1999-11-08,4069.199951171875
1999-11-09,4064.679931640625
1999-11-10,4074.6201171875
1999-11-11,4070.469970703125
1999-11-12,4061.159912109375
1999-11-15,4079.919921875
1999-11-16,4089.239990234375
1999-11-17,4096.259765625
1999-11-18,4105.77978515625
1999-11-19,4088.77001953125
1999-11-22,4046.989990234375
1999-11-23,4019.639892578125
1999-11-24,4017.489990234375
1999-11-25,4061.530029296875
1999-11-26,4072.56005859375
1999-11-29,4064.340087890625
1999-11-30,4068.81005859375
1999-12-01,4035.199951171875
1999-12-02,4022.969970703125
1999-12-03,4048.030029296875
1999-12-06,3989.909912109375
1999-12-07,3981.2099609375
1999-12-08,3960.260009765625
1999-12-09,4005.469970703125
1999-12-10,4009.8701171875
1999-12-13,4001.56005859375
1999-12-14,4020.489990234375
1999-12-15,4023.6201171875
1999-12-16,4082.530029296875
1999-12-17,3982.489990234375
1999-12-20,4023.02001953125
1999-12-21,4051.0400390625
1999-12-22,4064.820068359375
1999-12-23,4119.8701171875
1999-12-27,4103.64013671875
1999-12-28,4093.010009765625
1999-12-29,4107.2900390625
1999-12-30,4103.81982421875
2000-01-03,4127.35009765625
2000-01-04,4048.81005859375
2000-01-05,3994.8701171875
2000-01-06,4016.14990234375
2000-01-07,4095.510009765625
2000-01-10,4147.58984375
2000-01-11,4145.52978515625
2000-01-12,4167.2001953125
2000-01-13,4196.18017578125
2000-01-14,4253.5498046875
2000-01-17,4266.5498046875
2000-01-18,4220.75
2000-01-19,4228.080078125
2000-01-20,4223.97998046875
2000-01-21,4261.419921875
2000-01-24,4231.93017578125
2000-01-25,4149.080078125
2000-01-26,4200.85009765625
2000-01-27,4218.22998046875
2000-01-28,4207.81982421875
2000-01-31,4141.7001953125
2000-02-01,4198.5498046875
2000-02-02,4202.25
2000-02-03,4235.2900390625
2000-02-04,4258.72021484375
2000-02-07,4210.81005859375
2000-02-08,4286.4599609375
2000-02-09,4240.6298828125
2000-02-10,4259.22998046875
2000-02-11,4235.1298828125
2000-02-14,4162.27001953125
2000-02-15,4157.9501953125
2000-02-16,4185.81005859375
2000-02-17,4194.2900390625
2000-02-18,4223.66015625
2000-02-21,4226.85986328125
2000-02-22,4215.64013671875
2000-02-23,4216.25
2000-02-24,4212.02001953125
2000-02-25,4181.08984375
2000-02-28,4179.43994140625
2000-02-29,4238.22998046875
2000-03-01,4274.93017578125
2000-03-02,4299.7900390625
2000-03-03,4271.240234375
2000-03-06,4268.47998046875
2000-03-07,4250.47021484375
2000-03-08,4250.7001953125
2000-03-09,4284.81005859375
2000-03-10,4299.85009765625
2000-03-13,4302.27978515625
2000-03-14,4369.580078125
2000-03-15,4347.990234375
2000-03-16,4417.64013671875
2000-03-17,4413.509765625
2000-03-20,4439.47021484375
2000-03-21,4459.52001953125
2000-03-22,4461.75
2000-03-23,4424.31982421875
2000-03-24,4443.39990234375
2000-03-27,4489.25
2000-03-28,4494.669921875
2000-03-29,4492.08984375
2000-03-30,4437.6298828125
2000-03-31,4468.06982421875
2000-04-03,4396.85986328125
2000-04-04,4338.72998046875
2000-04-05,4277.14013671875
2000-04-06,4374.740234375
2000-04-07,4423.2900390625
2000-04-10,4461.52001953125
2000-04-11,4375.39013671875
2000-04-12,4350.89990234375
2000-04-13,4316.77001953125
2000-04-14,4306.990234375
2000-04-17,4264.85986328125
2000-04-18,4258.0400390625
2000-04-19,4366.06005859375
2000-04-20,4353.97021484375
2000-04-25,4386.3701171875
2000-04-26,4420.1201171875
2000-04-27,4394.3701171875
2000-04-28,4461.85009765625
2000-05-02,4487.89990234375
2000-05-03,4539.31005859375
2000-05-04,4559.60986328125
2000-05-05,4562.490234375
2000-05-08,4550.27001953125
2000-05-09,4531.2001953125
2000-05-10,4471.77978515625
2000-05-11,4423.5400390625
2000-05-12,4460.740234375
2000-05-15,4498.759765625
2000-05-16,4541.91015625
2000-05-17,4504.3701171875
2000-05-18,4559.06982421875
2000-05-19,4498.3798828125
2000-05-22,4524.72021484375
2000-05-23,4525.81982421875
2000-05-24,4418.27001953125
2000-05-25,4448.06005859375
2000-05-26,4412.18017578125
2000-05-29,4427.97998046875
2000-05-30,4460.81005859375
2000-05-31,4463.68994140625
2000-06-01,4501.580078125
2000-06-02,4506.7998046875
2000-06-05,4566.10986328125
2000-06-06,4573.47021484375
2000-06-07,4550.740234375
2000-06-08,4575.64013671875
2000-06-09,4595.52978515625
2000-06-12,4607.2001953125
2000-06-13,4545.97021484375
2000-06-14,4528.60009765625
2000-06-15,4530.4599609375
2000-06-16,4569.43994140625
2000-06-19,4530.330078125
2000-06-20,4483.35009765625
2000-06-21,4525.60009765625
2000-06-22,4514.2001953125
2000-06-23,4527.240234375
2000-06-26,4513.7998046875
2000-06-27,4478.8798828125
2000-06-28,4448.1298828125
2000-06-29,4405.22998046875
2000-06-30,4423.27001953125
2000-07-03,4457.919921875
2000-07-04,4486.39990234375
2000-07-05,4454.759765625
2000-07-06,4504.8798828125
2000-07-07,4541.43994140625
2000-07-10,4575.8701171875
2000-07-11,4557.330078125
2000-07-12,4567.97021484375
2000-07-13,4567.669921875
2000-07-14,4576.2998046875
2000-07-17,4603.7900390625
2000-07-18,4632.919921875
2000-07-19,4612.31982421875
2000-07-20,4637.83984375
2000-07-21,4652.0
2000-07-24,4650.68994140625
2000-07-25,4658.14013671875
2000-07-26,4652.009765625
2000-07-27,4641.2099609375
2000-07-28,4666.47998046875
2000-07-31,4733.509765625
2000-08-01,4788.43994140625
2000-08-02,4813.72998046875
2000-08-03,4834.580078125
2000-08-04,4870.47021484375
2000-08-07,4899.16015625
2000-08-08,4854.64013671875
2000-08-09,4850.35986328125
2000-08-10,4876.25
2000-08-11,4856.5498046875
2000-08-14,4837.1298828125
2000-08-15,4873.25
2000-08-16,4852.68017578125
2000-08-17,4832.52001953125
2000-08-18,4827.93994140625
2000-08-21,4831.990234375
2000-08-22,4853.490234375
2000-08-23,4878.60009765625
2000-08-24,4874.830078125
2000-08-25,4886.7900390625
2000-08-28,4909.85986328125
2000-08-29,4882.419921875
2000-08-30,4890.9501953125
2000-08-31,4882.9599609375
2000-09-01,4881.490234375
2000-09-04,4917.2099609375
2000-09-05,4936.39013671875
2000-09-06,4983.169921875
2000-09-07,4946.2099609375
2000-09-08,4963.10986328125
2000-09-11,4914.52001953125
2000-09-12,4903.85986328125
2000-09-13,4883.10986328125
2000-09-14,4936.4501953125
2000-09-15,4823.47998046875
2000-09-18,4868.77978515625
2000-09-19,4872.93017578125
2000-09-20,4859.52001953125
2000-09-21,4743.669921875
2000-09-22,4712.9599609375
2000-09-25,4777.72021484375
2000-09-26,4813.39990234375
2000-09-27,4835.27978515625
2000-09-28,4872.490234375
2000-09-29,4941.6298828125
2000-10-02,4997.33984375
2000-10-04,4895.85986328125
2000-10-05,4912.7099609375
2000-10-06,4896.43017578125
2000-10-09,4850.22998046875
2000-10-10,4893.47021484375
2000-10-11,4774.35986328125
2000-10-12,4719.72998046875
2000-10-13,4767.330078125
2000-10-16,4753.6201171875
2000-10-17,4797.83984375
2000-10-18,4772.02978515625
2000-10-19,4787.0498046875
2000-10-20,4773.7099609375
2000-10-23,4796.89990234375
2000-10-24,4854.47998046875
2000-10-25,4853.10009765625
2000-10-26,4853.509765625
2000-10-27,4880.0400390625
2000-10-30,4920.27001953125
2000-10-31,4932.33984375
2000-11-01,4956.259765625
2000-11-02,5001.5400390625
2000-11-03,4992.35986328125
2000-11-06,5028.580078125
2000-11-07,4996.93017578125
2000-11-08,5069.81982421875
2000-11-09,5026.97021484375
2000-11-10,5003.259765625
2000-11-13,4916.08984375
2000-11-14,4925.06982421875
2000-11-15,4908.0400390625
2000-11-16,4906.990234375
2000-11-17,4891.14013671875
2000-11-20,4864.7001953125
2000-11-21,4783.97021484375
2000-11-22,4674.43994140625
2000-11-23,4697.68017578125
2000-11-24,4768.93994140625
2000-11-27,4779.52001953125
2000-11-28,4735.919921875
2000-11-29,4771.7998046875
2000-11-30,4686.080078125
2000-12-01,4643.68994140625
2000-12-04,4582.02001953125
2000-12-05,4666.7998046875
2000-12-06,4725.16015625
2000-12-07,4733.2900390625
2000-12-08,4750.52001953125
2000-12-11,4766.9599609375
2000-12-12,4742.669921875
2000-12-13,4753.990234375
2000-12-14,4741.68994140625
2000-12-15,4719.56005859375
2000-12-18,4718.7001953125
2000-12-19,4722.39013671875
2000-12-20,4644.58984375
2000-12-21,4559.2900390625
2000-12-22,4564.39013671875
2000-12-27,4557.2998046875
2000-12-28,4631.27001953125
2000-12-29,4675.33984375
2001-01-02,4709.02978515625
2001-01-03,4642.75
2001-01-04,4649.18994140625
2001-01-05,4652.18994140625
2001-01-08,4584.0498046875
2001-01-09,4493.0400390625
2001-01-10,4483.41015625
2001-01-11,4526.1201171875
2001-01-12,4560.89013671875
2001-01-15,4572.669921875
2001-01-16,4549.240234375
2001-01-17,4630.8701171875
2001-01-18,4624.0498046875
2001-01-19,4603.0400390625
2001-01-22,4643.5
2001-01-23,4644.39013671875
2001-01-24,4697.18994140625
2001-01-25,4752.490234375
2001-01-26,4721.0
2001-01-29,4773.89013671875
2001-01-30,4792.740234375
2001-01-31,4788.93994140625
2001-02-01,4798.72998046875
2001-02-02,4813.990234375
2001-02-05,4816.7900390625
2001-02-06,4850.39990234375
2001-02-07,4819.2099609375
2001-02-08,4827.68017578125
2001-02-09,4837.4501953125
2001-02-12,4837.56982421875
2001-02-13,4843.5400390625
2001-02-14,4847.75
2001-02-15,4836.89013671875
2001-02-16,4833.31982421875
2001-02-19,4812.080078125
2001-02-20,4800.3701171875
2001-02-21,4804.22021484375
2001-02-22,4805.14990234375
2001-02-23,4789.72021484375
2001-02-26,4829.06982421875
2001-02-27,4864.6298828125
2001-02-28,4844.4599609375
2001-03-01,4758.08984375
2001-03-02,4775.25
2001-03-05,4751.52978515625
2001-03-06,4792.35009765625
2001-03-07,4858.16015625
2001-03-08,4814.43017578125
2001-03-09,4772.259765625
2001-03-12,4692.97998046875
2001-03-13,4605.919921875
2001-03-14,4500.72998046875
2001-03-15,4569.080078125
2001-03-16,4450.43017578125
2001-03-19,4477.9599609375
2001-03-20,4529.02001953125
2001-03-21,4433.509765625
2001-03-22,4250.10986328125
2001-03-23,4365.56005859375
2001-03-26,4427.8798828125
2001-03-27,4491.25
2001-03-28,4471.7900390625
2001-03-29,4523.080078125
2001-03-30,4594.1201171875
2001-04-02,4576.93017578125
2001-04-03,4463.6201171875
2001-04-04,4426.39013671875
2001-04-05,4489.39990234375
2001-04-06,4492.3701171875
2001-04-09,4504.2900390625
2001-04-10,4509.02001953125
2001-04-11,4526.31005859375
2001-04-12,4552.72021484375
2001-04-17,4544.33984375
2001-04-18,4613.240234375
2001-04-19,4609.64013671875
2001-04-20,4597.5400390625
2001-04-23,4564.2900390625
2001-04-24,4574.41015625
2001-04-25,4551.490234375
2001-04-26,4566.0
2001-04-27,4592.06005859375
2001-04-30,4615.7099609375
2001-05-02,4622.31005859375
2001-05-03,4589.669921875
2001-05-04,4573.2099609375
2001-05-07,4586.31005859375
2001-05-08,4604.97021484375
2001-05-09,4594.8798828125
2001-05-10,4587.81005859375
2001-05-11,4606.22021484375
2001-05-14,4622.009765625
2001-05-15,4629.31005859375
2001-05-16,4644.75
2001-05-17,4668.60986328125
2001-05-18,4706.85986328125
2001-05-21,4739.2001953125
2001-05-22,4756.89990234375
2001-05-23,4746.27978515625
2001-05-24,4766.35986328125
2001-05-25,4756.580078125
2001-05-28,4748.97021484375
2001-05-29,4752.85009765625
2001-05-30,4710.0400390625
2001-05-31,4728.60009765625
2001-06-01,4759.43017578125
2001-06-04,4774.02001953125
2001-06-05,4760.2099609375
2001-06-06,4762.18017578125
2001-06-07,4768.52978515625
2001-06-08,4804.8798828125
2001-06-11,4776.56982421875
2001-06-12,4770.77001953125
2001-06-13,4792.4599609375
2001-06-14,4732.14013671875
2001-06-15,4702.02978515625
2001-06-18,4738.56005859375
2001-06-19,4788.97021484375
2001-06-20,4752.39990234375
2001-06-21,4773.10986328125
2001-06-22,4825.18994140625
2001-06-25,4783.2900390625
2001-06-26,4767.85009765625
2001-06-27,4745.990234375
2001-06-28,4781.22998046875
2001-06-29,4812.740234375
2001-07-02,4804.2900390625
2001-07-03,4808.25
2001-07-04,4794.8701171875
2001-07-05,4786.0400390625
2001-07-06,4720.47998046875
2001-07-09,4699.39013671875
2001-07-10,4696.919921875
2001-07-11,4650.39990234375
2001-07-12,4683.22021484375
2001-07-13,4712.0400390625
2001-07-16,4706.60986328125
2001-07-17,4673.740234375
2001-07-18,4625.39990234375
2001-07-19,4642.33984375
2001-07-20,4630.18994140625
2001-07-23,4646.06005859375
2001-07-24,4621.1298828125
2001-07-25,4588.830078125
2001-07-26,4604.509765625
2001-07-27,4703.35009765625
2001-07-30,4644.33984375
2001-07-31,4678.4501953125
2001-08-01,4683.35009765625
2001-08-02,4709.6298828125
2001-08-03,4704.68994140625
2001-08-06,4681.7998046875
2001-08-07,4683.2998046875
2001-08-08,4643.759765625
2001-08-09,4602.35009765625
2001-08-10,4627.580078125
2001-08-13,4684.5400390625
2001-08-14,4679.31005859375
2001-08-15,4668.18994140625
2001-08-16,4641.85009765625
2001-08-17,4631.9599609375
2001-08-20,4597.2998046875
2001-08-21,4607.5498046875
2001-08-22,4610.080078125
2001-08-23,4608.27978515625
2001-08-24,4624.72998046875
2001-08-27,4648.740234375
2001-08-28,4662.14013671875
2001-08-29,4610.830078125
2001-08-30,4531.75
2001-08-31,4503.0400390625
2001-09-03,4482.91015625
2001-09-04,4479.2900390625
2001-09-05,4439.830078125
2001-09-06,4371.52978515625
2001-09-07,4294.52978515625
2001-09-10,4220.7099609375
2001-09-11,4038.72998046875
2001-09-12,4081.64990234375
2001-09-13,4085.610107421875
2001-09-14,3965.679931640625
2001-09-17,3943.530029296875
2001-09-18,3910.68994140625
2001-09-19,3879.1201171875
2001-09-20,3698.2900390625
2001-09-21,3569.47998046875
2001-09-24,3729.2900390625
2001-09-25,3737.179931640625
2001-09-26,3833.929931640625
2001-09-27,3871.89990234375
2001-09-28,3971.7099609375
2001-10-01,3978.530029296875
2001-10-02,4018.949951171875
2001-10-03,4016.159912109375
2001-10-04,4072.75
2001-10-05,4096.919921875
2001-10-08,4064.68994140625
2001-10-09,4072.159912109375
2001-10-10,4091.840087890625
2001-10-11,4164.89013671875
2001-10-12,4179.02978515625
2001-10-15,4178.7001953125
2001-10-16,4215.08984375
2001-10-17,4200.6298828125
2001-10-18,4175.16015625
2001-10-19,4164.259765625
2001-10-22,4139.8798828125
2001-10-23,4194.25
2001-10-24,4205.1298828125
2001-10-25,4195.2099609375
2001-10-26,4231.72998046875
2001-10-29,4184.4501953125
2001-10-30,4110.18017578125
2001-10-31,4099.9501953125
2001-11-01,4099.52001953125
2001-11-02,4155.6298828125
2001-11-05,4183.3701171875
2001-11-06,4177.009765625
2001-11-07,4206.009765625
2001-11-08,4224.97998046875
2001-11-09,4216.97021484375
2001-11-12,4191.81982421875
2001-11-13,4239.490234375
2001-11-14,4234.47998046875
2001-11-15,4213.1201171875
2001-11-16,4236.31982421875
2001-11-19,4284.18994140625
2001-11-20,4278.1201171875
2001-11-21,4285.47021484375
2001-11-22,4299.64990234375
2001-11-23,4316.0498046875
2001-11-26,4271.22998046875
2001-11-27,4272.22998046875
2001-11-28,4231.0498046875
2001-11-29,4236.56005859375
2001-11-30,4272.4501953125
2001-12-03,4277.0400390625
2001-12-04,4321.14990234375
2001-12-05,4320.47998046875
2001-12-06,4286.3701171875
2001-12-07,4280.85986328125
2001-12-10,4224.919921875
2001-12-11,4225.64013671875
2001-12-12,4187.39990234375
2001-12-13,4158.33984375
2001-12-14,4110.81005859375
2001-12-17,4146.43994140625
2001-12-18,4191.97021484375
2001-12-19,4186.02978515625
2001-12-20,4189.89013671875
2001-12-21,4214.740234375
2001-12-27,4262.0498046875
2001-12-28,4326.1201171875
2002-01-02,4318.7001953125
2002-01-03,4372.31005859375
2002-01-04,4402.97021484375
2002-01-07,4395.97021484375
2002-01-08,4373.18017578125
2002-01-09,4370.8701171875
2002-01-10,4358.1298828125
2002-01-11,4363.43994140625
2002-01-14,4339.740234375
2002-01-15,4331.47998046875
2002-01-16,4291.509765625
2002-01-17,4340.77978515625
2002-01-18,4353.64013671875
2002-01-21,4393.990234375
2002-01-22,4406.14990234375
2002-01-23,4416.22998046875
2002-01-24,4396.68017578125
2002-01-25,4405.64990234375
2002-01-28,4404.330078125
2002-01-29,4403.5400390625
2002-01-30,4396.5
2002-01-31,4441.60009765625
2002-02-01,4435.56005859375
2002-02-04,4405.89990234375
2002-02-05,4390.60986328125
2002-02-06,4363.02001953125
2002-02-07,4336.2001953125
2002-02-08,4345.919921875
2002-02-11,4360.3701171875
2002-02-12,4345.080078125
2002-02-13,4348.39013671875
2002-02-14,4332.6201171875
2002-02-15,4336.56005859375
2002-02-18,4334.1298828125
2002-02-19,4290.41015625
2002-02-20,4322.27978515625
2002-02-21,4334.64013671875
2002-02-22,4308.60009765625
2002-02-25,4309.759765625
2002-02-26,4332.18994140625
2002-02-27,4363.5498046875
2002-02-28,4374.18017578125
2002-03-01,4403.830078125
2002-03-04,4417.25
2002-03-05,4395.81982421875
2002-03-06,4434.16015625
2002-03-07,4434.7998046875
2002-03-08,4445.31005859375
2002-03-11,4437.56005859375
2002-03-12,4424.97021484375
2002-03-13,4421.27978515625
2002-03-14,4409.72998046875
2002-03-15,4437.97021484375
2002-03-18,4447.77001953125
2002-03-19,4444.68017578125
2002-03-20,4457.93994140625
2002-03-21,4462.89013671875
2002-03-22,4467.7900390625
2002-03-25,4447.2900390625
2002-03-26,4447.759765625
2002-03-27,4431.66015625
2002-03-28,4476.85009765625
2002-04-02,4452.77978515625
2002-04-03,4429.990234375
2002-04-04,4439.97998046875
2002-04-05,4472.10986328125
2002-04-08,4444.08984375
2002-04-09,4460.6298828125
2002-04-10,4479.3798828125
2002-04-11,4469.85986328125
2002-04-12,4478.740234375
2002-04-15,4496.06982421875
2002-04-16,4521.0498046875
2002-04-17,4515.2900390625
2002-04-18,4509.2099609375
2002-04-19,4509.580078125
2002-04-22,4515.14990234375
2002-04-23,4538.31005859375
2002-04-24,4527.02978515625
2002-04-25,4505.4501953125
2002-04-26,4498.240234375
2002-04-29,4495.1201171875
2002-04-30,4506.509765625
2002-05-02,4499.33984375
2002-05-03,4497.33984375
2002-05-06,4497.2001953125
2002-05-07,4453.2001953125
2002-05-08,4456.22021484375
2002-05-09,4435.5498046875
2002-05-10,4446.60986328125
2002-05-13,4450.02001953125
2002-05-14,4469.7099609375
2002-05-15,4484.5498046875
2002-05-16,4472.02001953125
2002-05-17,4444.22021484375
2002-05-20,4476.6201171875
2002-05-21,4451.93994140625
2002-05-22,4412.259765625
2002-05-23,4399.83984375
2002-05-24,4400.08984375
2002-05-27,4403.2099609375
2002-05-28,4374.64990234375
2002-05-29,4364.31005859375
2002-05-30,4326.7001953125
2002-05-31,4320.8701171875
2002-06-03,4322.259765625
2002-06-04,4266.52978515625
2002-06-05,4258.2001953125
2002-06-06,4249.259765625
2002-06-07,4219.85986328125
2002-06-10,4217.3798828125
2002-06-11,4226.27001953125
2002-06-12,4169.52978515625
2002-06-13,4156.4599609375
2002-06-14,4077.56005859375
2002-06-17,4125.60986328125
2002-06-18,4083.85009765625
2002-06-19,4029.080078125
2002-06-20,3966.39990234375
2002-06-21,3913.840087890625
2002-06-24,3832.10009765625
2002-06-25,3864.669921875
2002-06-26,3787.1298828125
2002-06-27,3845.81005859375
2002-06-28,3942.60009765625
2002-07-01,3935.469970703125
2002-07-02,3877.659912109375
2002-07-03,3846.02001953125
2002-07-04,3835.590087890625
2002-07-05,3902.300048828125
2002-07-08,3911.68994140625
2002-07-09,3891.239990234375
2002-07-10,3819.280029296875
2002-07-11,3735.77001953125
2002-07-12,3748.60009765625
2002-07-15,3662.85009765625
2002-07-16,3602.14990234375
2002-07-17,3619.580078125
2002-07-18,3643.47998046875
2002-07-19,3594.090087890625
2002-07-22,3482.360107421875
2002-07-23,3361.169921875
2002-07-24,3320.409912109375
2002-07-25,3338.419921875
2002-07-26,3356.260009765625
2002-07-29,3475.159912109375
2002-07-30,3462.81005859375
2002-07-31,3432.43994140625
2002-08-01,3407.919921875
2002-08-02,3403.669921875
2002-08-05,3301.22998046875
2002-08-06,3314.10009765625
2002-08-07,3359.3701171875
2002-08-08,3402.989990234375
2002-08-09,3420.02001953125
2002-08-12,3389.06005859375
2002-08-13,3374.330078125
2002-08-14,3337.989990234375
2002-08-15,3382.22998046875
2002-08-16,3400.97998046875
2002-08-19,3449.5400390625
2002-08-20,3431.85009765625
2002-08-21,3447.22998046875
2002-08-22,3469.25
2002-08-23,3468.919921875
2002-08-26,3451.8701171875
2002-08-27,3470.010009765625
2002-08-28,3422.5
2002-08-29,3390.330078125
2002-08-30,3404.02001953125
2002-09-02,3391.93994140625
2002-09-03,3327.830078125
2002-09-04,3294.679931640625
2002-09-05,3223.179931640625
2002-09-06,3265.1201171875
2002-09-09,3244.22998046875
2002-09-10,3252.659912109375
2002-09-11,3280.360107421875
2002-09-12,3218.580078125
2002-09-13,3172.969970703125
2002-09-16,3110.97998046875
2002-09-17,3106.81005859375
2002-09-18,2992.260009765625
2002-09-19,2978.909912109375
2002-09-20,3017.8701171875
2002-09-23,2957.219970703125
2002-09-24,2874.3798828125
2002-09-25,2909.68994140625
2002-09-26,2980.1298828125
2002-09-27,2962.31005859375
2002-09-30,2854.10009765625
2002-10-01,2841.639892578125
2002-10-02,2894.35009765625
2002-10-03,2865.050048828125
2002-10-04,2842.93994140625
2002-10-07,2793.679931640625
2002-10-08,2772.659912109375
2002-10-09,2735.64990234375
2002-10-10,2760.6298828125
2002-10-11,2858.260009765625
2002-10-14,2881.679931640625
2002-10-15,3004.47998046875
2002-10-16,2979.389892578125
2002-10-17,3058.93994140625
2002-10-18,3067.199951171875
2002-10-21,3102.949951171875
2002-10-22,3069.39990234375
2002-10-23,2997.77001953125
2002-10-24,3045.97998046875
2002-10-25,3053.77001953125
2002-10-28,3082.139892578125
2002-10-29,3036.909912109375
2002-10-30,3076.31005859375
2002-10-31,3122.169921875
2002-11-01,3104.800048828125
2002-11-04,3146.52001953125
2002-11-05,3169.010009765625
2002-11-06,3162.090087890625
2002-11-07,3134.1298828125
2002-11-08,3139.550048828125
2002-11-11,3120.06005859375
2002-11-12,3120.679931640625
2002-11-13,3116.81005859375
2002-11-14,3112.429931640625
2002-11-15,3106.89990234375
2002-11-18,3106.050048828125
2002-11-19,3104.330078125
2002-11-20,3089.0
2002-11-21,3113.7099609375
2002-11-22,3115.530029296875
2002-11-25,3123.110107421875
2002-11-26,3122.780029296875
2002-11-27,3141.75
2002-11-28,3151.570068359375
2002-11-29,3190.260009765625
2002-12-02,3165.280029296875
2002-12-03,3157.550048828125
2002-12-04,3159.1201171875
2002-12-05,3158.7099609375
2002-12-06,3147.5
2002-12-09,3106.590087890625
2002-12-10,3121.669921875
2002-12-11,3160.9599609375
2002-12-12,3140.43994140625
2002-12-13,3080.97998046875
2002-12-16,3060.47998046875
2002-12-17,3047.8701171875
2002-12-18,3039.6201171875
2002-12-19,3007.669921875
2002-12-20,3046.419921875
2002-12-23,3020.610107421875
2002-12-27,2980.760009765625
2002-12-30,3024.820068359375
2003-01-02,3110.81005859375
2003-01-03,3122.97998046875
2003-01-06,3132.52001953125
2003-01-07,3118.3701171875
2003-01-08,3060.090087890625
2003-01-09,3074.510009765625
2003-01-10,3106.72998046875
2003-01-13,3124.93994140625
2003-01-14,3126.85009765625
2003-01-15,3116.919921875
2003-01-16,3125.300048828125
2003-01-17,3083.090087890625
2003-01-20,3081.56005859375
2003-01-21,3069.760009765625
2003-01-22,3023.820068359375
2003-01-23,3014.659912109375
2003-01-24,3002.97998046875
2003-01-27,2957.969970703125
2003-01-28,2927.7099609375
2003-01-29,2925.929931640625
2003-01-30,2929.080078125
2003-01-31,2963.929931640625
2003-02-03,3003.06005859375
2003-02-04,2963.85009765625
2003-02-05,2987.360107421875
2003-02-06,2958.02001953125
2003-02-07,2903.9599609375
2003-02-10,2902.93994140625
2003-02-11,2937.81005859375
2003-02-12,2891.35009765625
2003-02-13,2871.6201171875
2003-02-14,2903.8798828125
2003-02-17,2919.739990234375
2003-02-18,2917.10009765625
2003-02-19,2886.530029296875
2003-02-20,2878.3701171875
2003-02-21,2871.969970703125
2003-02-24,2858.239990234375
2003-02-25,2819.169921875
2003-02-26,2787.25
2003-02-27,2819.64990234375
2003-02-28,2843.39990234375
2003-03-03,2854.820068359375
2003-03-04,2818.340087890625
2003-03-05,2792.3798828125
2003-03-06,2770.919921875
2003-03-07,2758.8701171875
2003-03-10,2688.77001953125
2003-03-11,2686.989990234375
2003-03-12,2646.889892578125
2003-03-13,2710.27001953125
2003-03-14,2748.800048828125
2003-03-17,2801.010009765625
2003-03-18,2850.699951171875
2003-03-19,2886.030029296875
2003-03-20,2875.860107421875
2003-03-21,2910.830078125
2003-03-24,2823.1201171875
2003-03-25,2838.590087890625
2003-03-26,2843.590087890625
2003-03-27,2833.909912109375
2003-03-28,2801.419921875
2003-03-31,2770.159912109375
2003-04-01,2788.10009765625
2003-04-02,2832.169921875
2003-04-03,2863.389892578125
2003-04-04,2889.22998046875
2003-04-07,2987.81005859375
2003-04-08,2985.580078125
2003-04-09,2987.949951171875
2003-04-10,2972.699951171875
2003-04-11,2985.85009765625
2003-04-14,2989.159912109375
2003-04-15,3028.030029296875
2003-04-16,3045.56005859375
2003-04-17,3056.260009765625
2003-04-22,3081.2900390625
2003-04-23,3139.2099609375
2003-04-24,3137.909912109375
2003-04-25,3139.300048828125
2003-04-28,3176.739990234375
2003-04-29,3190.02001953125
2003-04-30,3214.070068359375
2003-05-02,3231.4599609375
2003-05-05,3255.5400390625
2003-05-06,3266.0
2003-05-07,3248.3701171875
2003-05-08,3212.340087890625
2003-05-09,3259.219970703125
2003-05-12,3256.699951171875
2003-05-13,3276.1298828125
2003-05-14,3300.6201171875
2003-05-15,3318.580078125
2003-05-16,3332.340087890625
2003-05-19,3277.85009765625
2003-05-20,3275.0400390625
2003-05-21,3249.35009765625
2003-05-22,3293.52001953125
2003-05-23,3286.389892578125
2003-05-26,3290.81005859375
2003-05-27,3304.010009765625
2003-05-28,3346.27001953125
2003-05-29,3371.27001953125
2003-05-30,3399.6298828125
2003-06-02,3426.3701171875
2003-06-03,3413.739990234375
2003-06-04,3441.179931640625
2003-06-05,3464.3701171875
2003-06-06,3505.989990234375
2003-06-09,3489.64990234375
2003-06-10,3481.510009765625
2003-06-11,3508.070068359375
2003-06-12,3536.469970703125
2003-06-13,3533.949951171875
2003-06-16,3561.159912109375
2003-06-17,3566.659912109375
2003-06-18,3565.27001953125
2003-06-19,3535.52001953125
2003-06-20,3526.800048828125
2003-06-23,3489.25
2003-06-24,3496.389892578125
2003-06-25,3474.280029296875
2003-06-26,3495.68994140625
2003-06-27,3502.419921875
2003-06-30,3531.989990234375
2003-07-01,3478.580078125
2003-07-02,3526.989990234375
2003-07-03,3541.570068359375
2003-07-04,3547.820068359375
2003-07-07,3590.64990234375
2003-07-08,3615.469970703125
2003-07-09,3588.530029296875
2003-07-10,3572.8798828125
2003-07-11,3609.14990234375
2003-07-14,3668.830078125
2003-07-15,3684.219970703125
2003-07-16,3700.639892578125
2003-07-17,3676.840087890625
2003-07-18,3716.919921875
2003-07-21,3684.7099609375
2003-07-22,3689.97998046875
2003-07-23,3666.510009765625
2003-07-24,3733.389892578125
2003-07-25,3728.56005859375
2003-07-28,3749.510009765625
2003-07-29,3766.02001953125
2003-07-30,3800.35009765625
2003-07-31,3838.6201171875
2003-08-01,3850.669921875
2003-08-04,3806.27001953125
2003-08-05,3797.77001953125
2003-08-06,3800.050048828125
2003-08-07,3809.699951171875
2003-08-08,3837.1298828125
2003-08-11,3838.050048828125
2003-08-12,3846.679931640625
2003-08-13,3898.159912109375
2003-08-14,3907.47998046875
2003-08-15,3934.18994140625
2003-08-18,3966.389892578125
2003-08-19,3969.179931640625
2003-08-20,3951.679931640625
2003-08-21,4006.530029296875
2003-08-22,4043.5400390625
2003-08-25,3997.659912109375
2003-08-26,3977.4599609375
2003-08-27,3983.47998046875
2003-08-28,4025.7900390625
2003-08-29,4059.820068359375
2003-09-01,4114.240234375
2003-09-02,4118.2099609375
2003-09-03,4168.39013671875
2003-09-04,4160.14990234375
2003-09-05,4171.68017578125
2003-09-08,4189.009765625
2003-09-09,4144.8798828125
2003-09-10,4082.4599609375
2003-09-11,4104.41015625
2003-09-12,4095.39990234375
2003-09-15,4127.43994140625
2003-09-16,4131.47998046875
2003-09-17,4158.97998046875
2003-09-18,4164.14990234375
2003-09-19,4200.18017578125
2003-09-22,4088.780029296875
2003-09-23,4041.02001953125
2003-09-24,4024.909912109375
2003-09-25,4004.199951171875
2003-09-26,3985.6201171875
2003-09-29,4015.6298828125
2003-09-30,3960.56005859375
2003-10-01,3986.3798828125
2003-10-02,3982.02001953125
2003-10-03,4044.5
2003-10-06,4058.4599609375
2003-10-07,4025.179931640625
2003-10-08,4054.530029296875
2003-10-09,4120.7001953125
2003-10-10,4111.35986328125
2003-10-13,4168.990234375
2003-10-14,4155.22021484375
2003-10-15,4226.919921875
2003-10-16,4242.89990234375
2003-10-17,4231.14990234375
2003-10-20,4263.759765625
2003-10-21,4289.6201171875
2003-10-22,4240.91015625
2003-10-23,4187.0498046875
2003-10-24,4185.14013671875
2003-10-27,4222.490234375
2003-10-28,4243.91015625
2003-10-29,4306.93017578125
2003-10-30,4342.60986328125
2003-10-31,4360.52978515625
2003-11-03,4434.27001953125
2003-11-04,4373.77978515625
2003-11-05,4332.41015625
2003-11-06,4341.47998046875
2003-11-07,4369.0498046875
2003-11-10,4360.7001953125
2003-11-11,4323.990234375
2003-11-12,4340.43994140625
2003-11-13,4340.740234375
2003-11-14,4344.64990234375
2003-11-17,4280.68017578125
2003-11-18,4264.64990234375
2003-11-19,4233.240234375
2003-11-20,4215.64990234375
2003-11-21,4233.14013671875
2003-11-24,4284.89990234375
2003-11-25,4343.27978515625
2003-11-26,4320.31982421875
2003-11-27,4357.60986328125
2003-11-28,4363.2099609375
2003-12-01,4423.41015625
2003-12-02,4414.93994140625
2003-12-03,4460.43994140625
2003-12-04,4489.58984375
2003-12-05,4444.89013671875
2003-12-08,4410.75
2003-12-09,4426.97021484375
2003-12-10,4402.47021484375
2003-12-11,4421.18994140625
2003-12-12,4450.91015625
2003-12-15,4452.4599609375
2003-12-16,4431.39990234375
2003-12-17,4412.72021484375
2003-12-18,4430.5400390625
2003-12-19,4418.2900390625
2003-12-22,4430.72021484375
2003-12-23,4438.7900390625
2003-12-29,4466.52001953125
2003-12-30,4469.22998046875
2004-01-02,4528.91015625
2004-01-05,4546.93017578125
2004-01-06,4540.39013671875
2004-01-07,4550.93994140625
2004-01-08,4563.990234375
2004-01-09,4584.4501953125
2004-01-12,4579.68017578125
2004-01-13,4583.02001953125
2004-01-14,4604.080078125
2004-01-15,4619.1201171875
2004-01-16,4682.64990234375
2004-01-19,4730.080078125
2004-01-20,4703.1201171875
2004-01-21,4700.33984375
2004-01-22,4762.2099609375
2004-01-23,4757.91015625
2004-01-26,4729.080078125
2004-01-27,4741.72998046875
2004-01-28,4745.4501953125
2004-01-29,4703.60009765625
2004-01-30,4719.580078125
2004-02-02,4762.39990234375
2004-02-03,4728.31982421875
2004-02-04,4704.56982421875
2004-02-05,4704.31005859375
2004-02-06,4743.490234375
2004-02-09,4805.7998046875
2004-02-10,4829.3798828125
2004-02-11,4826.43994140625
2004-02-12,4844.47021484375
2004-02-13,4847.330078125
2004-02-16,4889.64013671875
2004-02-17,4904.25
2004-02-18,4869.27978515625
2004-02-19,4898.64013671875
2004-02-20,4883.58984375
2004-02-23,4880.89013671875
2004-02-24,4812.4599609375
2004-02-25,4798.0498046875
2004-02-26,4829.68017578125
2004-02-27,4872.7900390625
2004-03-01,4937.5400390625
2004-03-02,4945.009765625
2004-03-03,4918.97021484375
2004-03-04,4929.64990234375
2004-03-05,4965.93017578125
2004-03-08,4980.47021484375
2004-03-09,4948.5
2004-03-10,4884.81005859375
2004-03-11,4755.06982421875
2004-03-12,4755.5498046875
2004-03-15,4669.39990234375
2004-03-16,4640.18994140625
2004-03-17,4712.97021484375
2004-03-18,4661.740234375
2004-03-19,4634.33984375
2004-03-22,4523.52978515625
2004-03-23,4551.330078125
2004-03-24,4566.56005859375
2004-03-25,4672.3701171875
2004-03-26,4684.47021484375
2004-03-29,4748.259765625
2004-03-30,4731.77001953125
2004-03-31,4750.080078125
2004-04-01,4818.06005859375
2004-04-02,4871.419921875
2004-04-05,4913.7998046875
2004-04-06,4882.91015625
2004-04-07,4916.169921875
2004-04-08,4928.5
2004-04-13,4960.9501953125
2004-04-14,4905.31005859375
2004-04-15,4910.43017578125
2004-04-16,4912.10009765625
2004-04-19,4927.4501953125
2004-04-20,4992.8798828125
2004-04-21,4970.81005859375
2004-04-22,4982.18994140625
2004-04-23,5039.52001953125
2004-04-26,5079.72998046875
2004-04-27,5083.7998046875
2004-04-28,5026.2001953125
2004-04-29,4962.6298828125
2004-04-30,4974.56005859375
2004-05-03,5012.81982421875
2004-05-04,4999.7900390625
2004-05-05,4965.4599609375
2004-05-06,4851.27978515625
2004-05-07,4848.6298828125
2004-05-10,4650.4501953125
2004-05-11,4709.419921875
2004-05-12,4660.14013671875
2004-05-13,4734.16015625
2004-05-14,4718.89013671875
2004-05-17,4589.02978515625
2004-05-18,4657.10009765625
2004-05-19,4794.43994140625
2004-05-20,4743.419921875
2004-05-21,4777.16015625
2004-05-24,4787.56982421875
2004-05-25,4769.97021484375
2004-05-26,4808.740234375
2004-05-27,4844.35986328125
2004-05-28,4864.89013671875
2004-05-31,4887.330078125
2004-06-01,4846.93994140625
2004-06-02,4871.25
2004-06-03,4899.97021484375
2004-06-04,4937.75
2004-06-07,4973.0400390625
2004-06-08,4981.39990234375
2004-06-09,4961.2998046875
2004-06-10,4956.60986328125
2004-06-11,4957.669921875
2004-06-14,4921.66015625
2004-06-15,4929.89013671875
2004-06-16,4962.14990234375
2004-06-17,4974.64013671875
2004-06-18,4968.91015625
2004-06-21,4989.18994140625
2004-06-22,4964.8798828125
2004-06-23,4992.2998046875
2004-06-24,5036.52978515625
2004-06-25,5033.33984375
2004-06-28,5086.77978515625
2004-06-29,5098.18994140625
2004-06-30,5110.93017578125
2004-07-01,5098.2998046875
2004-07-02,5048.2900390625
2004-07-05,5047.14990234375
2004-07-06,5008.66015625
2004-07-07,4996.7099609375
2004-07-08,4996.4501953125
2004-07-09,4996.39013671875
2004-07-12,4954.56005859375
2004-07-13,4948.6298828125
2004-07-14,4934.85986328125
2004-07-15,4914.9501953125
2004-07-16,4944.1298828125
2004-07-19,4924.759765625
2004-07-20,4945.0
2004-07-21,5006.330078125
2004-07-22,4941.35009765625
2004-07-23,4925.41015625
2004-07-26,4898.919921875
2004-07-27,4945.9599609375
2004-07-28,4973.56982421875
2004-07-29,4996.0400390625
2004-07-30,5014.2900390625
2004-08-02,4993.990234375
2004-08-03,4970.85986328125
2004-08-04,4888.0
2004-08-05,4928.9501953125
2004-08-06,4817.2001953125
2004-08-09,4734.990234375
2004-08-10,4788.27978515625
2004-08-11,4750.8701171875
2004-08-12,4753.64013671875
2004-08-13,4762.2900390625
2004-08-16,4795.25
2004-08-17,4842.56005859375
2004-08-18,4856.56982421875
2004-08-19,4854.89990234375
2004-08-20,4839.7001953125
2004-08-23,4850.9599609375
2004-08-24,4868.3798828125
2004-08-25,4876.52978515625
2004-08-26,4904.1201171875
2004-08-27,4924.27001953125
2004-08-30,4923.56982421875
2004-08-31,4874.52001953125
2004-09-01,4885.72998046875
2004-09-02,4889.52001953125
2004-09-03,4918.759765625
2004-09-06,4939.58984375
2004-09-07,4984.009765625
2004-09-08,4964.3701171875
2004-09-09,4948.8798828125
2004-09-10,4977.02001953125
2004-09-13,5033.89013671875
2004-09-14,5010.02978515625
2004-09-15,5013.47021484375
2004-09-16,5036.830078125
2004-09-17,5061.16015625
2004-09-20,5041.669921875
2004-09-21,5062.0498046875
2004-09-22,5059.27001953125
2004-09-23,5000.97998046875
2004-09-24,5012.8798828125
2004-09-27,4974.33984375
2004-09-28,4986.31982421875
2004-09-29,5022.9501953125
2004-09-30,5014.35986328125
2004-10-01,5065.8798828125
2004-10-04,5140.47021484375
2004-10-05,5156.2001953125
2004-10-06,5140.58984375
2004-10-07,5120.669921875
2004-10-08,5116.27978515625
2004-10-11,5131.509765625
2004-10-12,5086.64013671875
2004-10-13,5085.740234375
2004-10-14,5063.080078125
2004-10-15,5050.58984375
2004-10-18,5027.81005859375
2004-10-19,5057.6298828125
2004-10-20,5038.5400390625
2004-10-21,5058.31005859375
2004-10-22,5060.41015625
2004-10-25,4973.6298828125
2004-10-26,4983.22998046875
2004-10-27,5045.3798828125
2004-10-28,5064.89013671875
2004-10-29,5050.39013671875
2004-11-01,5085.0400390625
2004-11-02,5112.10986328125
2004-11-03,5112.9501953125
2004-11-04,5124.2001953125
2004-11-05,5152.2099609375
2004-11-08,5161.52978515625
2004-11-09,5157.85986328125
2004-11-10,5201.35009765625
2004-11-11,5232.27001953125
2004-11-12,5199.68994140625
2004-11-15,5206.490234375
2004-11-16,5189.0400390625
2004-11-17,5224.1298828125
2004-11-18,5241.41015625
2004-11-19,5254.18994140625
2004-11-22,5204.02978515625
2004-11-23,5220.3701171875
2004-11-24,5238.91015625
2004-11-25,5247.669921875
2004-11-26,5238.3798828125
2004-11-29,5264.2900390625
2004-11-30,5272.2099609375
2004-12-01,5301.93994140625
2004-12-02,5340.16015625
2004-12-03,5363.5
2004-12-06,5339.240234375
2004-12-07,5357.10009765625
2004-12-08,5332.5
2004-12-09,5292.169921875
2004-12-10,5301.22021484375
2004-12-13,5306.06005859375
2004-12-14,5299.2998046875
2004-12-15,5315.43017578125
2004-12-16,5313.5498046875
2004-12-17,5323.66015625
2004-12-20,5348.580078125
2004-12-21,5364.5
2004-12-22,5364.22998046875
2004-12-23,5368.0400390625
2004-12-27,5364.18994140625
2004-12-28,5365.93994140625
2004-12-29,5343.93017578125
2004-12-30,5375.740234375
2005-01-03,5423.2900390625
2005-01-04,5435.66015625
2005-01-05,5409.81005859375
2005-01-06,5436.68994140625
2005-01-07,5478.7998046875
2005-01-10,5490.6298828125
2005-01-11,5454.58984375
2005-01-12,5412.56982421875
2005-01-13,5447.39990234375
2005-01-14,5494.39990234375
2005-01-17,5541.56982421875
2005-01-18,5550.3701171875
2005-01-19,5541.41015625
2005-01-20,5511.18017578125
2005-01-21,5529.5400390625
2005-01-24,5533.35009765625
2005-01-25,5581.2099609375
2005-01-26,5587.02978515625
2005-01-27,5570.64990234375
2005-01-28,5573.1298828125
2005-01-31,5636.97021484375
2005-02-01,5657.75
2005-02-02,5715.0
2005-02-03,5703.93017578125
2005-02-04,5751.02978515625
2005-02-07,5760.10009765625
2005-02-08,5760.47998046875
2005-02-09,5748.259765625
2005-02-10,5700.08984375
2005-02-11,5748.580078125
2005-02-14,5732.4599609375
2005-02-15,5732.330078125
2005-02-16,5731.7998046875
2005-02-17,5768.89990234375
2005-02-18,5792.5400390625
2005-02-21,5788.93994140625
2005-02-22,5735.4599609375
2005-02-23,5684.47998046875
2005-02-24,5711.14990234375
2005-02-25,5749.22998046875
2005-02-28,5771.77978515625
2005-03-01,5776.77001953125
2005-03-02,5787.5400390625
2005-03-03,5776.240234375
2005-03-04,5783.2001953125
2005-03-07,5774.8701171875
2005-03-08,5759.990234375
2005-03-09,5732.919921875
2005-03-10,5705.16015625
2005-03-11,5707.18017578125
2005-03-14,5690.35009765625
2005-03-15,5709.06005859375
2005-03-16,5666.1201171875
2005-03-17,5645.14013671875
2005-03-18,5657.52978515625
2005-03-21,5639.85986328125
2005-03-22,5646.509765625
2005-03-23,5623.6201171875
2005-03-24,5646.18017578125
2005-03-29,5635.8701171875
2005-03-30,5659.4599609375
2005-03-31,5693.169921875
2005-04-01,5766.7998046875
2005-04-04,5717.1298828125
2005-04-05,5743.60986328125
2005-04-06,5789.5498046875
2005-04-07,5804.18017578125
2005-04-08,5854.2900390625
2005-04-11,5844.419921875
2005-04-12,5819.14990234375
2005-04-13,5850.72021484375
2005-04-14,5844.22021484375
2005-04-15,5731.5498046875
2005-04-18,5606.2001953125
2005-04-19,5651.60986328125
2005-04-20,5684.240234375
2005-04-21,5662.85009765625
2005-04-22,5675.18017578125
2005-04-25,5680.06982421875
2005-04-26,5623.2001953125
2005-04-27,5534.419921875
2005-04-28,5500.14990234375
2005-04-29,5488.27001953125
2005-05-02,5550.85986328125
2005-05-03,5560.43017578125
2005-05-04,5581.1201171875
2005-05-05,5611.97998046875
2005-05-06,5629.1201171875
2005-05-09,5666.5498046875
2005-05-10,5678.580078125
2005-05-11,5691.240234375
2005-05-12,5710.60009765625
2005-05-13,5700.60986328125
2005-05-16,5691.919921875
2005-05-17,5682.7001953125
2005-05-18,5761.81005859375
2005-05-19,5815.3701171875
2005-05-20,5833.18017578125
2005-05-23,5862.06005859375
2005-05-24,5860.77001953125
2005-05-25,5856.93994140625
2005-05-26,5907.60009765625
2005-05-27,5931.02001953125
2005-05-30,5973.7998046875
2005-05-31,5974.89990234375
2005-06-01,5993.06982421875
2005-06-02,5981.0400390625
2005-06-03,5993.75
2005-06-06,5975.22021484375
2005-06-07,6007.06005859375
2005-06-08,6012.4501953125
2005-06-09,6043.259765625
2005-06-10,6113.60986328125
2005-06-13,6203.490234375
2005-06-14,6200.6298828125
2005-06-15,6186.06005859375
2005-06-16,6246.18994140625
2005-06-17,6284.75
2005-06-20,6265.25
2005-06-21,6283.0498046875
2005-06-22,6284.5
2005-06-23,6314.85009765625
2005-06-24,6304.7900390625
2005-06-27,6231.64990234375
2005-06-28,6287.7998046875
2005-06-29,6327.35986328125
2005-06-30,6322.31982421875
2005-07-01,6354.10009765625
2005-07-04,6384.830078125
2005-07-05,6365.31005859375
2005-07-06,6409.2099609375
2005-07-07,6354.64013671875
2005-07-08,6447.5
2005-07-11,6501.2099609375
2005-07-12,6485.72021484375
2005-07-13,6506.02978515625
2005-07-14,6511.509765625
2005-07-15,6538.14990234375
2005-07-18,6525.56005859375
2005-07-19,6572.27978515625
2005-07-20,6588.47021484375
2005-07-21,6598.72021484375
2005-07-22,6601.43994140625
2005-07-25,6597.3701171875
2005-07-26,6619.9501953125
2005-07-27,6653.75
2005-07-28,6701.919921875
2005-07-29,6703.58984375
2005-08-01,6699.16015625
2005-08-02,6713.35986328125
2005-08-03,6735.8701171875
2005-08-04,6755.64990234375
2005-08-05,6716.89990234375
2005-08-08,6751.990234375
2005-08-09,6793.64013671875
2005-08-10,6862.89990234375
2005-08-11,6805.8701171875
2005-08-12,6780.7900390625
2005-08-15,6769.85986328125
2005-08-16,6779.60009765625
2005-08-17,6727.509765625
2005-08-18,6693.330078125
2005-08-19,6741.7099609375
2005-08-22,6806.08984375
2005-08-23,6756.64013671875
2005-08-24,6753.52978515625
2005-08-25,6708.990234375
2005-08-26,6723.830078125
2005-08-29,6693.60986328125
2005-08-30,6698.0400390625
2005-08-31,6754.6201171875
2005-09-01,6815.419921875
2005-09-02,6802.18017578125
2005-09-05,6838.7099609375
2005-09-06,6898.06982421875
2005-09-07,6926.330078125
2005-09-08,6925.85986328125
2005-09-09,6961.330078125
2005-09-12,6965.75
2005-09-13,6899.35986328125
2005-09-14,6895.4599609375
2005-09-15,6898.9599609375
2005-09-16,6934.02978515625
2005-09-19,6935.89013671875
2005-09-20,6982.2900390625
2005-09-21,6903.5400390625
2005-09-22,6873.22021484375
2005-09-23,6918.6201171875
2005-09-26,7031.72021484375
2005-09-27,6999.2099609375
2005-09-28,7068.9501953125
2005-09-29,7068.27978515625
2005-09-30,7105.4501953125
2005-10-03,7121.9501953125
2005-10-04,7165.2998046875
2005-10-05,7088.64013671875
2005-10-06,6969.68994140625
2005-10-07,6970.85986328125
2005-10-10,6991.93994140625
2005-10-11,7026.02978515625
2005-10-12,6938.7099609375
2005-10-13,6783.9599609375
2005-10-14,6789.240234375
2005-10-17,6812.240234375
2005-10-18,6805.89990234375
2005-10-19,6623.6298828125
2005-10-20,6643.31005859375
2005-10-21,6577.60986328125
2005-10-24,6697.5
2005-10-25,6680.52978515625
2005-10-26,6716.08984375
2005-10-27,6614.330078125
2005-10-28,6594.58984375
2005-10-31,6784.33984375
2005-11-01,6803.10009765625
2005-11-02,6829.669921875
2005-11-03,6936.14990234375
2005-11-04,6920.43017578125
2005-11-07,6952.52001953125
2005-11-08,6959.39013671875
2005-11-09,6922.5498046875
2005-11-10,6937.77978515625
2005-11-11,6992.740234375
2005-11-14,7016.75
2005-11-15,6998.169921875
2005-11-16,6976.490234375
2005-11-17,7017.97021484375
2005-11-18,7054.009765625
2005-11-21,7066.7099609375
2005-11-22,7070.2099609375
2005-11-23,7086.580078125
2005-11-24,7086.419921875
2005-11-25,7106.81982421875
2005-11-28,7060.1298828125
2005-11-29,7074.97998046875
2005-11-30,7087.89013671875
2005-12-01,7136.41015625
2005-12-02,7189.14013671875
2005-12-05,7203.60986328125
2005-12-06,7177.4599609375
2005-12-07,7165.16015625
2005-12-08,7150.52001953125
2005-12-09,7166.81982421875
2005-12-12,7177.6298828125
2005-12-13,7165.5400390625
2005-12-14,7171.18017578125
2005-12-15,7176.31982421875
2005-12-16,7209.18017578125
2005-12-19,7252.9599609375
2005-12-20,7287.47998046875
2005-12-21,7270.35009765625
2005-12-22,7278.7001953125
2005-12-23,7311.169921875
2005-12-27,7335.7099609375
2005-12-28,7306.14013671875
2005-12-29,7328.93017578125
2005-12-30,7311.52978515625
2006-01-02,7382.75
2006-01-03,7467.31982421875
2006-01-04,7529.4501953125
2006-01-05,7496.10986328125
2006-01-06,7541.27978515625
2006-01-09,7548.89013671875
2006-01-10,7521.43017578125
2006-01-11,7613.2001953125
2006-01-12,7666.72021484375
2006-01-13,7664.1201171875
2006-01-16,7698.7998046875
2006-01-17,7676.06005859375
2006-01-18,7596.43017578125
2006-01-19,7725.64990234375
2006-01-20,7668.35986328125
2006-01-23,7619.77978515625
2006-01-24,7652.47998046875
2006-01-25,7805.89990234375
2006-01-26,7914.06982421875
2006-01-27,8041.89013671875
2006-01-30,8049.22998046875
2006-01-31,8004.080078125
2006-02-01,8164.47998046875
2006-02-02,8069.39990234375
2006-02-03,8094.7900390625
2006-02-06,8110.77978515625
2006-02-07,8090.3701171875
2006-02-08,8060.60986328125
2006-02-09,8137.009765625
2006-02-10,8140.2900390625
2006-02-13,8154.0400390625
2006-02-14,8112.10986328125
2006-02-15,8131.43017578125
2006-02-16,8164.8701171875
2006-02-17,8229.6396484375
2006-02-20,8245.1201171875
2006-02-21,8246.4404296875
2006-02-22,8291.75
2006-02-23,8310.08984375
2006-02-24,8376.58984375
2006-02-27,8449.9697265625
2006-02-28,8357.0400390625
2006-03-01,8405.6796875
2006-03-02,8348.0595703125
2006-03-03,8354.349609375
2006-03-06,8399.6298828125
2006-03-07,8338.6904296875
2006-03-08,8199.48046875
2006-03-09,8288.4296875
2006-03-10,8350.9697265625
2006-03-13,8445.1298828125
2006-03-14,8435.98046875
2006-03-15,8499.490234375
2006-03-16,8534.6904296875
2006-03-17,8607.6396484375
2006-03-20,8643.0302734375
2006-03-21,8672.7900390625
2006-03-22,8659.0302734375
2006-03-23,8673.9404296875
2006-03-24,8702.490234375
2006-03-27,8656.830078125
2006-03-28,8603.4599609375
2006-03-29,8599.2001953125
2006-03-30,8667.759765625
2006-03-31,8669.990234375
2006-04-03,8699.349609375
2006-04-04,8697.259765625
2006-04-05,8710.9404296875
2006-04-06,8726.2802734375
2006-04-07,8667.8701171875
2006-04-10,8669.5400390625
2006-04-11,8615.6201171875
2006-04-12,8526.98046875
2006-04-13,8571.4599609375
2006-04-18,8556.669921875
2006-04-19,8670.73046875
2006-04-20,8751.3798828125
2006-04-21,8818.9599609375
2006-04-24,8780.009765625
2006-04-25,8810.650390625
2006-04-26,8828.169921875
2006-04-27,8784.6904296875
2006-04-28,8760.73046875
2006-05-02,8859.0302734375
2006-05-03,8828.580078125
2006-05-04,8865.8896484375
2006-05-05,9004.48046875
2006-05-08,9120.3701171875
2006-05-09,9155.349609375
2006-05-10,9100.169921875
2006-05-11,9064.7197265625
2006-05-12,8847.6396484375
2006-05-15,8601.0595703125
2006-05-16,8516.25
2006-05-17,8318.099609375
2006-05-18,8159.68994140625
2006-05-19,8182.25
2006-05-22,7723.080078125
2006-05-23,7976.16015625
2006-05-24,7844.22021484375
2006-05-25,8002.31005859375
2006-05-26,8276.0595703125
2006-05-29,8294.4697265625
2006-05-30,8061.990234375
2006-05-31,8135.2099609375
2006-06-01,8172.080078125
2006-06-02,8264.7998046875
2006-06-05,8161.75
2006-06-06,7866.580078125
2006-06-07,7865.89990234375
2006-06-08,7570.990234375
2006-06-09,7698.72021484375
2006-06-12,7549.9599609375
2006-06-13,7285.89013671875
2006-06-14,7152.18017578125
2006-06-15,7477.68017578125
2006-06-16,7397.7099609375
2006-06-19,7483.72021484375
2006-06-20,7573.22021484375
2006-06-21,7569.47998046875
2006-06-22,7647.93017578125
2006-06-23,7662.43994140625
2006-06-26,7697.0400390625
2006-06-27,7629.2099609375
2006-06-28,7552.0400390625
2006-06-29,7725.35986328125
2006-06-30,7887.02001953125
2006-07-03,7975.77001953125
2006-07-04,7994.419921875
2006-07-05,7818.35986328125
2006-07-06,7911.47998046875
2006-07-07,7859.1298828125
2006-07-10,7880.2998046875
2006-07-11,7797.93994140625
2006-07-12,7817.7900390625
2006-07-13,7670.580078125
2006-07-14,7496.89013671875
2006-07-17,7403.97021484375
2006-07-18,7403.8798828125
2006-07-19,7638.85986328125
2006-07-20,7681.52001953125
2006-07-21,7539.0
2006-07-24,7678.33984375
2006-07-25,7716.43017578125
2006-07-26,7721.740234375
2006-07-27,7827.669921875
2006-07-28,7849.2001953125
2006-07-31,7869.43017578125
2006-08-01,7858.81982421875
2006-08-02,7946.2998046875
2006-08-03,7884.759765625
2006-08-04,7981.68017578125
2006-08-07,7892.60009765625
2006-08-08,7940.97021484375
2006-08-09,7925.10009765625
2006-08-10,7842.02001953125
2006-08-11,7849.5498046875
2006-08-14,7899.39990234375
2006-08-15,7978.06982421875
2006-08-16,8098.18017578125
2006-08-17,8133.4599609375
2006-08-18,8130.85986328125
2006-08-21,8078.6298828125
2006-08-22,8075.919921875
2006-08-23,8030.60009765625
2006-08-24,8031.240234375
2006-08-25,8041.68017578125
2006-08-28,8074.6298828125
2006-08-29,8102.25
2006-08-30,8168.740234375
2006-08-31,8158.10009765625
2006-09-01,8203.259765625
2006-09-04,8264.2900390625
2006-09-05,8227.1396484375
2006-09-06,8191.759765625
2006-09-07,8072.39990234375
2006-09-08,8126.93994140625
2006-09-11,8086.27978515625
2006-09-12,8184.66015625
2006-09-13,8242.3095703125
2006-09-14,8266.4599609375
2006-09-15,8280.91015625
2006-09-18,8287.099609375
2006-09-19,8208.1904296875
2006-09-20,8290.9296875
2006-09-21,8322.7099609375
2006-09-22,8247.349609375
2006-09-25,8291.1201171875
2006-09-26,8401.66015625
2006-09-27,8442.33984375
2006-09-28,8504.099609375
2006-09-29,8546.8095703125
2006-10-02,8549.5595703125
2006-10-03,8499.9404296875
2006-10-04,8536.9599609375
2006-10-05,8585.849609375
2006-10-06,8544.7802734375
2006-10-09,8551.7900390625
2006-10-10,8627.6796875
2006-10-11,8633.4599609375
2006-10-12,8698.0703125
2006-10-13,8663.1396484375
2006-10-16,8669.5703125
2006-10-17,8523.099609375
2006-10-18,8614.83984375
2006-10-19,8623.740234375
2006-10-20,8650.2099609375
2006-10-23,8688.4501953125
2006-10-24,8713.490234375
2006-10-25,8749.83984375
2006-10-26,8754.400390625
2006-10-27,8693.4697265625
2006-10-30,8607.2001953125
2006-10-31,8659.919921875
2006-11-01,8696.16015625
2006-11-02,8674.2802734375
2006-11-03,8696.4404296875
2006-11-06,8801.25
2006-11-07,8815.419921875
2006-11-08,8831.0
2006-11-09,8822.26953125
2006-11-10,8841.5400390625
2006-11-13,8895.83984375
2006-11-14,8877.599609375
2006-11-15,8922.509765625
2006-11-16,8943.3095703125
2006-11-17,8881.919921875
2006-11-20,8844.1103515625
2006-11-21,8909.4404296875
2006-11-22,8989.3203125
2006-11-23,8955.01953125
2006-11-24,8891.259765625
2006-11-27,8731.9599609375
2006-11-28,8665.1796875
2006-11-29,8837.3798828125
2006-11-30,8780.16015625
2006-12-01,8808.330078125
2006-12-04,8838.4404296875
2006-12-05,8857.41015625
2006-12-06,8918.830078125
2006-12-07,8987.5400390625
2006-12-08,9009.240234375
2006-12-11,9074.08984375
2006-12-12,9089.3896484375
2006-12-13,9163.7900390625
2006-12-14,9209.740234375
2006-12-15,9280.01953125
2006-12-18,9311.41015625
2006-12-19,9206.6201171875
2006-12-20,9281.580078125
2006-12-21,9303.5498046875
2006-12-22,9268.1396484375
2006-12-27,9356.7099609375
2006-12-28,9377.1396484375
2006-12-29,9404.8896484375
2007-01-02,9527.7802734375
2007-01-03,9537.400390625
2007-01-04,9486.849609375
2007-01-05,9403.33984375
2007-01-08,9389.3095703125
2007-01-09,9438.490234375
2007-01-10,9337.759765625
2007-01-11,9491.5302734375
2007-01-12,9523.740234375
2007-01-15,9596.259765625
2007-01-16,9568.51953125
2007-01-17,9549.759765625
2007-01-18,9550.1103515625
2007-01-19,9653.990234375
2007-01-22,9634.58984375
2007-01-23,9613.5595703125
2007-01-24,9729.5703125
2007-01-25,9717.849609375
2007-01-26,9642.76953125
2007-01-29,9708.3701171875
2007-01-30,9761.7802734375
2007-01-31,9785.419921875
2007-02-01,9903.3203125
2007-02-02,9918.26953125
2007-02-05,9878.6396484375
2007-02-06,9926.75
2007-02-07,9976.259765625
2007-02-08,9957.990234375
2007-02-09,9998.4697265625
2007-02-12,9943.3798828125
2007-02-13,10026.4404296875
2007-02-14,10156.0302734375
2007-02-15,10173.2001953125
2007-02-16,10129.3798828125
2007-02-19,10215.919921875
2007-02-20,10200.4404296875
2007-02-21,10162.8798828125
2007-02-22,10172.8095703125
2007-02-23,10235.16015625
2007-02-26,10270.2998046875
2007-02-27,9784.669921875
2007-02-28,9694.990234375
2007-03-01,9564.2802734375
2007-03-02,9533.4599609375
2007-03-05,9377.599609375
2007-03-06,9478.2998046875
2007-03-07,9608.5703125
2007-03-08,9780.41015625
2007-03-09,9724.080078125
2007-03-12,9728.83984375
2007-03-13,9657.75
2007-03-14,9371.8603515625
2007-03-15,9577.919921875
2007-03-16,9651.3701171875
2007-03-19,9816.240234375
2007-03-20,9909.419921875
2007-03-21,9911.4599609375
2007-03-22,10065.1103515625
2007-03-23,10104.1396484375
2007-03-26,10038.7900390625
2007-03-27,10042.349609375
2007-03-28,9965.1796875
2007-03-29,10161.509765625
2007-03-30,10201.23046875
2007-04-02,10247.16015625
2007-04-03,10389.1298828125
2007-04-04,10438.6904296875
2007-04-05,10473.2001953125
2007-04-10,10628.1298828125
2007-04-11,10582.150390625
2007-04-12,10525.4404296875
2007-04-13,10596.4296875
2007-04-16,10722.7001953125
2007-04-17,10693.0
2007-04-18,10598.900390625
2007-04-19,10541.7197265625
2007-04-20,10656.8203125
2007-04-23,10699.5400390625
2007-04-24,10584.1201171875
2007-04-25,10680.91015625
2007-04-26,10739.900390625
2007-04-27,10707.91015625
2007-04-30,10740.990234375
2007-05-02,10797.0703125
2007-05-03,10702.8603515625
2007-05-04,10810.330078125
2007-05-07,10849.83984375
2007-05-08,10705.349609375
2007-05-09,10756.6396484375
2007-05-10,10714.4599609375
2007-05-11,10774.830078125
2007-05-14,10783.5
2007-05-15,10803.8701171875
2007-05-16,10812.76953125
2007-05-17,10872.3896484375
2007-05-18,10966.7197265625
2007-05-21,10940.169921875
2007-05-22,10974.599609375
2007-05-23,10997.4501953125
2007-05-24,10908.3603515625
2007-05-25,10909.9404296875
2007-05-29,10960.51953125
2007-05-30,10870.16015625
2007-05-31,11054.0595703125
2007-06-01,11182.650390625
2007-06-04,11161.48046875
2007-06-05,11158.3095703125
2007-06-06,10855.4404296875
2007-06-07,10665.650390625
2007-06-08,10656.2998046875
2007-06-11,10892.400390625
2007-06-12,10727.83984375
2007-06-13,10737.1396484375
2007-06-14,10951.7099609375
2007-06-15,11089.5498046875
2007-06-18,11126.3701171875
2007-06-19,11108.1396484375
2007-06-20,11153.330078125
2007-06-21,10965.8095703125
2007-06-22,11002.66015625
2007-06-25,10947.580078125
2007-06-26,10857.0
2007-06-27,10757.7197265625
2007-06-28,10962.58984375
2007-06-29,11023.9404296875
2007-07-02,11044.51953125
2007-07-03,11165.1201171875
2007-07-04,11247.6904296875
2007-07-05,11211.240234375
2007-07-06,11307.1904296875
2007-07-09,11377.9404296875
2007-07-10,11254.900390625
2007-07-11,11163.1103515625
2007-07-12,11359.1796875
2007-07-13,11356.4404296875
2007-07-16,11365.1904296875
2007-07-17,11276.2001953125
2007-07-18,11114.4296875
2007-07-19,11219.599609375
2007-07-20,11110.7802734375
2007-07-23,11147.5498046875
2007-07-24,10954.4697265625
2007-07-25,10845.4599609375
2007-07-26,10534.2001953125
2007-07-27,10552.3095703125
2007-07-30,10523.599609375
2007-07-31,10747.419921875
2007-08-01,10585.099609375
2007-08-02,10621.919921875
2007-08-03,10467.9404296875
2007-08-06,10352.8095703125
2007-08-07,10325.25
2007-08-08,10471.8701171875
2007-08-09,10202.1796875
2007-08-10,9931.9501953125
2007-08-13,10185.5595703125
2007-08-14,10103.2197265625
2007-08-15,9951.1201171875
2007-08-16,9508.1298828125
2007-08-17,9512.150390625
2007-08-20,9646.66015625
2007-08-21,9743.900390625
2007-08-22,10021.3203125
2007-08-23,10083.900390625
2007-08-24,10067.490234375
2007-08-27,10082.0498046875
2007-08-28,9898.150390625
2007-08-29,9950.650390625
2007-08-30,10128.419921875
2007-08-31,10286.0703125
2007-09-03,10358.33984375
2007-09-04,10462.9404296875
2007-09-05,10239.0703125
2007-09-06,10258.669921875
2007-09-07,10020.990234375
2007-09-10,9850.5498046875
2007-09-11,10029.2998046875
2007-09-12,10073.6201171875
2007-09-13,10066.1103515625
2007-09-14,9990.41015625
2007-09-17,9832.0
2007-09-18,10013.4697265625
2007-09-19,10343.4501953125
2007-09-20,10262.0302734375
2007-09-21,10395.5302734375
2007-09-24,10407.919921875
2007-09-25,10235.01953125
2007-09-26,10300.2802734375
2007-09-27,10398.150390625
2007-09-28,10334.740234375
2007-10-01,10329.0400390625
2007-10-02,10510.5595703125
2007-10-03,10570.2001953125
2007-10-04,10536.830078125
2007-10-05,10631.3701171875
2007-10-08,10636.419921875
2007-10-09,10631.5
2007-10-10,10656.5
2007-10-11,10756.5
2007-10-12,10755.08984375
2007-10-15,10698.400390625
2007-10-16,10534.98046875
2007-10-17,10664.41015625
2007-10-18,10529.080078125
2007-10-19,10451.150390625
2007-10-22,10296.4697265625
2007-10-23,10534.2099609375
2007-10-24,10423.7900390625
2007-10-25,10581.740234375
2007-10-26,10589.33984375
2007-10-29,10610.490234375
2007-10-30,10478.1904296875
2007-10-31,10640.009765625
2007-11-01,10477.849609375
2007-11-02,10419.51953125
2007-11-05,10259.5302734375
2007-11-06,10360.5498046875
2007-11-07,10250.6904296875
2007-11-08,10201.4296875
2007-11-09,10041.16015625
2007-11-12,9990.1396484375
2007-11-13,9887.2099609375
2007-11-14,10012.419921875
2007-11-15,9775.7197265625
2007-11-16,9671.8701171875
2007-11-19,9276.8203125
2007-11-20,9423.26953125
2007-11-21,9041.9501953125
2007-11-22,9086.48046875
2007-11-23,9286.7998046875
2007-11-26,9229.3798828125
2007-11-27,9295.330078125
2007-11-28,9589.400390625
2007-11-29,9716.240234375
2007-11-30,9865.490234375
2007-12-03,9812.490234375
2007-12-04,9682.23046875
2007-12-05,9879.8798828125
2007-12-06,9823.6796875
2007-12-07,9956.9697265625
2007-12-10,10050.2998046875
2007-12-11,10038.5400390625
2007-12-12,10047.2802734375
2007-12-13,9761.349609375
2007-12-14,9810.400390625
2007-12-17,9580.3603515625
2007-12-18,9623.2900390625
2007-12-19,9568.9404296875
2007-12-20,9623.259765625
2007-12-21,9741.1396484375
2007-12-27,9786.6796875
2007-12-28,9864.6201171875
2008-01-02,9708.259765625
2008-01-03,9563.2197265625
2008-01-04,9319.4404296875
2008-01-07,9068.3095703125
2008-01-08,9148.7099609375
2008-01-09,8892.5302734375
2008-01-10,8709.9296875
2008-01-11,8748.41015625
2008-01-14,8924.4697265625
2008-01-15,8657.599609375
2008-01-16,8530.48046875
2008-01-17,8455.08984375
2008-01-18,8429.48046875
2008-01-21,7940.509765625
2008-01-22,8248.8203125
2008-01-23,8063.93994140625
2008-01-24,8485.3095703125
2008-01-25,8644.9404296875
2008-01-28,8499.2099609375
2008-01-29,8781.91015625
2008-01-30,8711.1904296875
2008-01-31,8718.8095703125
2008-02-01,9003.3203125
2008-02-04,9103.099609375
2008-02-05,8685.330078125
2008-02-06,8787.2900390625
2008-02-07,8592.4296875
2008-02-08,8646.16015625
2008-02-11,8560.169921875
2008-02-12,8963.1103515625
2008-02-13,9051.5
2008-02-14,9082.16015625
2008-02-15,8945.3603515625
2008-02-18,9095.830078125
2008-02-19,9189.16015625
2008-02-20,9103.8095703125
2008-02-21,9221.099609375
2008-02-22,9179.4599609375
2008-02-25,9334.6904296875
2008-02-26,9493.7900390625
2008-02-27,9430.509765625
2008-02-28,9222.3203125
2008-02-29,9093.5400390625
2008-03-03,9034.650390625
2008-03-04,8855.8896484375
2008-03-05,9056.5595703125
2008-03-06,8982.9404296875
2008-03-07,8814.7001953125
2008-03-10,8528.4296875
2008-03-11,8687.0400390625
2008-03-12,8806.73046875
2008-03-13,8647.099609375
2008-03-14,8663.6103515625
2008-03-17,8193.0
2008-03-18,8447.9501953125
2008-03-19,8306.1103515625
2008-03-20,8223.5302734375
2008-03-25,8584.990234375
2008-03-26,8602.099609375
2008-03-27,8775.6396484375
2008-03-28,8761.0302734375
2008-03-31,8787.3798828125
2008-04-01,9048.8798828125
2008-04-02,9032.1201171875
2008-04-03,8982.1298828125
2008-04-04,9067.6796875
2008-04-07,9118.169921875
2008-04-08,8939.1904296875
2008-04-09,8871.8203125
2008-04-10,8863.23046875
2008-04-11,8809.6796875
2008-04-14,8796.1904296875
2008-04-15,8871.830078125
2008-04-16,9065.8798828125
2008-04-17,8973.5703125
2008-04-18,9181.41015625
2008-04-21,9144.2001953125
2008-04-22,9119.76953125
2008-04-23,9232.51953125
2008-04-24,9181.509765625
2008-04-25,9271.6201171875
2008-04-28,9380.509765625
2008-04-29,9213.4599609375
2008-04-30,9353.6103515625
2008-05-02,9555.1796875
2008-05-05,9556.33984375
2008-05-06,9498.0498046875
2008-05-07,9632.7900390625
2008-05-08,9666.5302734375
2008-05-09,9548.0
2008-05-12,9604.3701171875
2008-05-13,9638.3701171875
2008-05-14,9815.75
2008-05-15,9871.3095703125
2008-05-16,9900.4697265625
2008-05-19,10068.5595703125
2008-05-20,9752.2900390625
2008-05-21,9699.4501953125
2008-05-22,9789.73046875
2008-05-23,9550.4697265625
2008-05-26,9473.58984375
2008-05-27,9429.0498046875
2008-05-28,9555.8203125
2008-05-29,9601.3603515625
2008-05-30,9685.41015625
2008-06-02,9588.669921875
2008-06-03,9728.16015625
2008-06-04,9751.48046875
2008-06-05,9820.5400390625
2008-06-06,9677.83984375
2008-06-09,9568.490234375
2008-06-10,9499.2001953125
2008-06-11,9454.3798828125
2008-06-12,9525.580078125
2008-06-13,9573.849609375
2008-06-16,9637.4501953125
2008-06-17,9753.91015625
2008-06-18,9510.4599609375
2008-06-19,9510.1904296875
2008-06-20,9501.9296875
2008-06-23,9365.33984375
2008-06-24,9249.0498046875
2008-06-25,9346.6904296875
2008-06-26,9163.98046875
2008-06-27,9072.6103515625
2008-06-30,9035.08984375
2008-07-01,8790.080078125
2008-07-02,8563.919921875
2008-07-03,8497.9404296875
2008-07-04,8480.2197265625
2008-07-07,8590.330078125
2008-07-08,8408.580078125
2008-07-09,8661.3203125
2008-07-10,8588.8798828125
2008-07-11,8337.73046875
2008-07-14,8386.6201171875
2008-07-15,8145.60986328125
2008-07-16,8224.9404296875
2008-07-17,8466.8203125
2008-07-18,8440.58984375
2008-07-21,8544.58984375
2008-07-22,8474.009765625
2008-07-23,8566.2099609375
2008-07-24,8309.3896484375
2008-07-25,8256.400390625
2008-07-28,8111.47998046875
2008-07-29,8044.47021484375
2008-07-30,8225.76953125
2008-07-31,8280.1103515625
2008-08-01,8156.490234375
2008-08-04,8049.759765625
2008-08-05,8129.77978515625
2008-08-06,8316.419921875
2008-08-07,8303.5595703125
2008-08-08,8437.26953125
2008-08-11,8518.4599609375
2008-08-12,8482.51953125
2008-08-13,8346.4296875
2008-08-14,8363.3798828125
2008-08-15,8409.8095703125
2008-08-18,8397.48046875
2008-08-19,8242.26953125
2008-08-20,8320.8798828125
2008-08-21,8228.16015625
2008-08-22,8411.8203125
2008-08-25,8342.2802734375
2008-08-26,8420.83984375
2008-08-27,8463.2900390625
2008-08-28,8574.9501953125
2008-08-29,8681.8203125
2008-09-01,8641.2001953125
2008-09-02,8745.919921875
2008-09-03,8555.3896484375
2008-09-04,8281.3203125
2008-09-05,8025.47021484375
2008-09-08,8253.4697265625
2008-09-09,8068.08984375
2008-09-10,8028.25
2008-09-11,7963.85986328125
2008-09-12,8112.419921875
2008-09-15,7762.97021484375
2008-09-16,7699.14013671875
2008-09-17,7497.52001953125
2008-09-18,7419.7998046875
2008-09-19,7819.169921875
2008-09-22,7656.85986328125
2008-09-23,7425.2099609375
2008-09-24,7395.740234375
2008-09-25,7447.25
2008-09-26,7284.22998046875
2008-09-29,6820.419921875
2008-09-30,6956.77001953125
2008-10-01,6876.89990234375
2008-10-02,6745.10009765625
2008-10-03,6713.08984375
2008-10-06,6131.58984375
2008-10-07,5990.6298828125
2008-10-08,5704.9599609375
2008-10-09,5711.66015625
2008-10-10,5325.60009765625
2008-10-13,5962.490234375
2008-10-14,6052.0400390625
2008-10-15,5657.6298828125
2008-10-16,5337.7900390625
2008-10-17,5419.68994140625
2008-10-20,5568.47998046875
2008-10-21,5596.2900390625
2008-10-22,5353.68994140625
2008-10-23,5264.33984375
2008-10-24,5061.81982421875
2008-10-27,4810.5498046875
2008-10-28,4870.240234375
2008-10-29,5242.72998046875
2008-10-30,5407.97021484375
2008-10-31,5503.56982421875
2008-11-03,5725.66015625
2008-11-04,6092.580078125
2008-11-05,5905.9599609375
2008-11-06,5561.64990234375
2008-11-07,5639.68017578125
2008-11-10,5735.56005859375
2008-11-11,5498.419921875
2008-11-12,5345.22021484375
2008-11-13,5334.39990234375
2008-11-14,5372.72998046875
2008-11-17,5253.02001953125
2008-11-18,5182.919921875
2008-11-19,4926.60986328125
2008-11-20,4752.77978515625
2008-11-21,4735.2998046875
2008-11-24,5122.91015625
2008-11-25,5175.169921875
2008-11-26,5174.75
2008-11-27,5389.56982421875
2008-11-28,5355.58984375
2008-12-01,5092.60009765625
2008-12-02,5138.759765625
2008-12-03,5173.31005859375
2008-12-04,5192.7001953125
2008-12-05,4958.83984375
2008-12-08,5255.58984375
2008-12-09,5317.06982421875
2008-12-10,5395.10986328125
2008-12-11,5303.490234375
2008-12-12,5240.18017578125
2008-12-15,5267.1298828125
2008-12-16,5312.3701171875
2008-12-17,5313.60009765625
2008-12-18,5364.22021484375
2008-12-19,5295.169921875
2008-12-22,5295.16015625
2008-12-23,5337.39990234375
2008-12-29,5514.22021484375
2008-12-30,5601.91015625
2009-01-02,5755.759765625
2009-01-05,5845.72998046875
2009-01-06,5861.06982421875
2009-01-07,5780.33984375
2009-01-08,5590.93017578125
2009-01-09,5544.7099609375
2009-01-12,5426.080078125
2009-01-13,5350.85009765625
2009-01-14,5123.35986328125
2009-01-15,5068.3798828125
2009-01-16,5079.16015625
2009-01-19,4999.8798828125
2009-01-20,4913.0
2009-01-21,4935.4501953125
2009-01-22,4880.1298828125
2009-01-23,4764.2001953125
2009-01-26,4927.47021484375
2009-01-27,4899.31982421875
2009-01-28,5175.2001953125
2009-01-29,5065.759765625
2009-01-30,5098.08984375
2009-02-02,5046.25
2009-02-03,5101.02001953125
2009-02-04,5215.18017578125
2009-02-05,5245.97021484375
2009-02-06,5395.919921875
2009-02-09,5473.31005859375
2009-02-10,5267.759765625
2009-02-11,5242.02001953125
2009-02-12,5180.6201171875
2009-02-13,5252.5400390625
2009-02-16,5228.4501953125
2009-02-17,5008.10009765625
2009-02-18,4951.97021484375
2009-02-19,4960.2900390625
2009-02-20,4747.7099609375
2009-02-23,4657.85986328125
2009-02-24,4565.06005859375
2009-02-25,4546.85009765625
2009-02-26,4673.56005859375
2009-02-27,4607.60009765625
2009-03-02,4440.93994140625
2009-03-03,4357.9501953125
2009-03-04,4557.1201171875
2009-03-05,4309.31982421875
2009-03-06,4210.919921875
2009-03-09,4163.419921875
2009-03-10,4395.8798828125
2009-03-11,4369.009765625
2009-03-12,4409.0400390625
2009-03-13,4462.419921875
2009-03-16,4550.4599609375
2009-03-17,4479.740234375
2009-03-18,4410.83984375
2009-03-19,4408.22998046875
2009-03-20,4407.41015625
2009-03-23,4479.91015625
2009-03-24,4462.0400390625
2009-03-25,4537.60986328125
2009-03-26,4533.3701171875
2009-03-27,4506.02001953125
2009-03-30,4320.35009765625
2009-03-31,4426.3701171875
2009-04-01,4531.72021484375
2009-04-02,4800.259765625
2009-04-03,4871.97998046875
2009-04-06,4883.31982421875
2009-04-07,4745.08984375
2009-04-08,4797.259765625
2009-04-09,5008.64990234375
2009-04-14,5129.330078125
2009-04-15,5150.990234375
2009-04-16,5208.72998046875
2009-04-17,5375.43994140625
2009-04-20,5066.5498046875
2009-04-21,5103.16015625
2009-04-22,5220.18017578125
2009-04-23,5261.0498046875
2009-04-24,5453.5400390625
2009-04-27,5423.85009765625
2009-04-28,5303.1201171875
2009-04-29,5439.77978515625
2009-04-30,5565.27978515625
2009-05-04,5767.4501953125
2009-05-05,5794.080078125
2009-05-06,5908.31005859375
2009-05-07,5835.9501953125
2009-05-08,5908.06005859375
2009-05-11,5684.85009765625
2009-05-12,5611.35986328125
2009-05-13,5391.080078125
2009-05-14,5488.6201171875
2009-05-15,5598.33984375
2009-05-18,5767.169921875
2009-05-19,5856.85009765625
2009-05-20,5989.47998046875
2009-05-21,5841.18994140625
2009-05-22,5812.93994140625
2009-05-25,5785.10986328125
2009-05-26,5750.72021484375
2009-05-27,5875.16015625
2009-05-28,5767.2900390625
2009-05-29,5745.3798828125
2009-06-01,5969.75
2009-06-02,6052.169921875
2009-06-03,5936.64013671875
2009-06-04,5897.14013671875
2009-06-05,5922.009765625
2009-06-08,5819.18017578125
2009-06-09,5788.58984375
2009-06-10,5887.02001953125
2009-06-11,5962.47998046875
2009-06-12,5957.169921875
2009-06-15,5797.06005859375
2009-06-16,5758.16015625
2009-06-17,5600.75
2009-06-18,5628.72021484375
2009-06-19,5683.72021484375
2009-06-22,5485.2001953125
2009-06-23,5485.66015625
2009-06-24,5672.35009765625
2009-06-25,5621.91015625
2009-06-26,5675.81982421875
2009-06-29,5783.52001953125
2009-06-30,5754.009765625
2009-07-01,5878.27001953125
2009-07-02,5762.10986328125
2009-07-03,5701.97998046875
2009-07-06,5609.43017578125
2009-07-07,5559.8798828125
2009-07-08,5492.490234375
2009-07-09,5550.0
2009-07-10,5465.06005859375
2009-07-13,5577.31982421875
2009-07-14,5649.97998046875
2009-07-15,5833.3798828125
2009-07-16,5872.91015625
2009-07-17,5902.7998046875
2009-07-20,5997.66015625
2009-07-21,6090.39013671875
2009-07-22,6040.85986328125
2009-07-23,6116.27978515625
2009-07-24,6097.2001953125
2009-07-27,6099.02001953125
2009-07-28,5989.740234375
2009-07-29,6054.14990234375
2009-07-30,6177.93994140625
2009-07-31,6204.35986328125
2009-08-03,6361.43017578125
2009-08-04,6342.7099609375
2009-08-05,6394.06005859375
2009-08-06,6415.8798828125
2009-08-07,6467.25
2009-08-10,6455.66015625
2009-08-11,6315.080078125
2009-08-12,6380.85986328125
2009-08-13,6509.0400390625
2009-08-14,6529.81982421875
2009-08-17,6374.06005859375
2009-08-18,6435.18017578125
2009-08-19,6398.81005859375
2009-08-20,6576.93994140625
2009-08-21,6705.990234375
2009-08-24,6819.75
2009-08-25,6879.77978515625
2009-08-26,6807.22021484375
2009-08-27,6727.240234375
2009-08-28,6850.22998046875
2009-08-31,6722.830078125
2009-09-01,6601.02978515625
2009-09-02,6522.93017578125
2009-09-03,6650.33984375
2009-09-04,6769.72021484375
2009-09-07,6931.41015625
2009-09-08,7002.35986328125
2009-09-09,7058.22021484375
2009-09-10,7145.669921875
2009-09-11,7191.7998046875
2009-09-14,7130.14990234375
2009-09-15,7205.990234375
2009-09-16,7335.02001953125
2009-09-17,7433.7099609375
2009-09-18,7424.7099609375
2009-09-21,7274.5
2009-09-22,7377.490234375
2009-09-23,7360.75
2009-09-24,7205.8798828125
2009-09-25,7151.10986328125
2009-09-28,7351.419921875
2009-09-29,7332.22021484375
2009-09-30,7358.52978515625
2009-10-01,7197.4599609375
2009-10-02,6994.16015625
2009-10-05,7069.43017578125
2009-10-06,7300.18994140625
2009-10-07,7342.4599609375
2009-10-08,7473.35986328125
2009-10-09,7534.18017578125
2009-10-12,7609.5498046875
2009-10-13,7485.22998046875
2009-10-14,7630.259765625
2009-10-15,7596.02978515625
2009-10-16,7477.9501953125
2009-10-19,7588.240234375
2009-10-20,7509.22021484375
2009-10-21,7460.3798828125
2009-10-22,7305.47998046875
2009-10-23,7348.1298828125
2009-10-26,7136.0498046875
2009-10-27,7003.41015625
2009-10-28,6703.10009765625
2009-10-29,6892.27001953125
2009-10-30,6732.06982421875
2009-11-02,6767.1298828125
2009-11-03,6679.5400390625
2009-11-04,6950.9599609375
2009-11-05,7017.4599609375
2009-11-06,7084.740234375
2009-11-09,7227.0498046875
2009-11-10,7186.4501953125
2009-11-11,7282.47021484375
2009-11-12,7297.52978515625
2009-11-13,7311.22998046875
2009-11-16,7439.81005859375
2009-11-17,7360.68017578125
2009-11-18,7381.669921875
2009-11-19,7205.080078125
2009-11-20,7149.85009765625
2009-11-23,7370.56982421875
2009-11-24,7324.14990234375
2009-11-25,7334.3701171875
2009-11-26,7061.77001953125
2009-11-27,7188.02001953125
2009-11-30,7099.990234375
2009-12-01,7328.5498046875
2009-12-02,7326.72998046875
2009-12-03,7338.2900390625
2009-12-04,7418.39990234375
2009-12-07,7436.419921875
2009-12-08,7289.66015625
2009-12-09,7228.35986328125
2009-12-10,7227.419921875
2009-12-11,7301.4599609375
2009-12-14,7349.9501953125
2009-12-15,7365.35009765625
2009-12-16,7428.919921875
2009-12-17,7404.3798828125
2009-12-18,7393.75
2009-12-21,7454.259765625
2009-12-22,7484.31005859375
2009-12-23,7472.43017578125
2009-12-28,7483.0400390625
2009-12-29,7513.58984375
2009-12-30,7507.0400390625
2010-01-04,7676.64990234375
2010-01-05,7745.43017578125
2010-01-06,7784.41015625
2010-01-07,7839.06982421875
2010-01-08,7903.43994140625
2010-01-11,7919.97021484375
2010-01-12,7781.52001953125
2010-01-13,7856.009765625
2010-01-14,7945.22998046875
2010-01-15,7846.5400390625
2010-01-18,7899.2099609375
2010-01-19,7889.91015625
2010-01-20,7750.2998046875
2010-01-21,7647.5400390625
2010-01-22,7539.330078125
2010-01-25,7548.97998046875
2010-01-26,7557.0
2010-01-27,7479.509765625
2010-01-28,7406.0400390625
2010-01-29,7505.31982421875
2010-02-01,7578.58984375
2010-02-02,7710.93994140625
2010-02-03,7675.68017578125
2010-02-04,7458.3798828125
2010-02-05,7243.1298828125
2010-02-08,7246.14990234375
2010-02-09,7289.16015625
2010-02-10,7353.22998046875
2010-02-11,7344.66015625
2010-02-12,7293.14013671875
2010-02-15,7299.91015625
2010-02-16,7386.490234375
2010-02-17,7531.0
2010-02-18,7599.4599609375
2010-02-19,7597.39013671875
2010-02-22,7570.64013671875
2010-02-23,7480.1298828125
2010-02-24,7396.9501953125
2010-02-25,7246.81982421875
2010-02-26,7393.259765625
2010-03-01,7543.85009765625
2010-03-02,7651.830078125
2010-03-03,7708.5400390625
2010-03-04,7739.5498046875
2010-03-05,7853.08984375
2010-03-08,7844.8798828125
2010-03-09,7826.6298828125
2010-03-10,7926.490234375
2010-03-11,7903.33984375
2010-03-12,7926.2998046875
2010-03-15,7851.35986328125
2010-03-16,7930.830078125
2010-03-17,8016.02001953125
2010-03-18,7987.22021484375
2010-03-19,7961.4599609375
2010-03-22,7975.8701171875
2010-03-23,8034.2001953125
2010-03-24,8064.52001953125
2010-03-25,8171.22021484375
2010-03-26,8162.58984375
2010-03-29,8190.89013671875
2010-03-30,8140.75
2010-03-31,8143.4599609375
2010-04-01,8305.4296875
2010-04-06,8380.2001953125
2010-04-07,8367.009765625
2010-04-08,8255.330078125
2010-04-09,8400.83984375
2010-04-12,8374.3603515625
2010-04-13,8326.8798828125
2010-04-14,8457.51953125
2010-04-15,8495.0400390625
2010-04-16,8391.919921875
2010-04-19,8308.240234375
2010-04-20,8486.1201171875
2010-04-21,8480.419921875
2010-04-22,8332.7001953125
2010-04-23,8540.66015625
2010-04-26,8641.73046875
2010-04-27,8343.0595703125
2010-04-28,8218.73046875
2010-04-29,8420.5302734375
2010-04-30,8359.150390625
2010-05-03,8432.5595703125
2010-05-04,8148.490234375
2010-05-05,7985.080078125
2010-05-06,7890.85009765625
2010-05-07,7636.77001953125
2010-05-10,8169.77978515625
2010-05-11,8173.60009765625
2010-05-12,8459.7099609375
2010-05-13,8508.009765625
2010-05-14,8288.3203125
2010-05-17,8171.7001953125
2010-05-18,8320.75
2010-05-19,8025.27001953125
2010-05-20,7774.8798828125
2010-05-21,7785.5
2010-05-24,7763.31005859375
2010-05-25,7428.56982421875
2010-05-26,7664.56982421875
2010-05-27,7949.5498046875
2010-05-28,7959.75
2010-05-31,8023.60009765625
2010-06-01,7967.89990234375
2010-06-02,7993.5400390625
2010-06-03,8129.990234375
2010-06-04,7943.4501953125
2010-06-07,7864.919921875
2010-06-08,7744.4599609375
2010-06-09,7980.5400390625
2010-06-10,8208.08984375
2010-06-11,8238.3896484375
2010-06-14,8398.099609375
2010-06-15,8453.73046875
2010-06-16,8414.9697265625
2010-06-17,8448.419921875
2010-06-18,8464.2998046875
2010-06-21,8509.41015625
2010-06-22,8459.6796875
2010-06-23,8386.4697265625
2010-06-24,8233.16015625
2010-06-25,8163.97998046875
2010-06-28,8320.9296875
2010-06-29,8009.02001953125
2010-06-30,8008.669921875
2010-07-01,7810.81982421875
2010-07-02,7829.89990234375
2010-07-05,7839.1201171875
2010-07-06,8091.31982421875
2010-07-07,8104.08984375
2010-07-08,8159.2900390625
2010-07-09,8218.419921875
2010-07-12,8243.099609375
2010-07-13,8406.259765625
2010-07-14,8374.5595703125
2010-07-15,8283.3798828125
2010-07-16,8137.02978515625
2010-07-19,8108.60986328125
2010-07-20,8037.169921875
2010-07-21,8173.5498046875
2010-07-22,8414.3798828125
2010-07-23,8500.73046875
2010-07-26,8616.2998046875
2010-07-27,8555.650390625
2010-07-28,8495.099609375
2010-07-29,8405.41015625
2010-07-30,8366.580078125
2010-08-02,8578.3798828125
2010-08-03,8568.1904296875
2010-08-04,8599.8896484375
2010-08-05,8653.1298828125
2010-08-06,8582.2099609375
2010-08-09,8689.1201171875
2010-08-10,8553.5595703125
2010-08-11,8318.3896484375
2010-08-12,8241.7802734375
2010-08-13,8267.4697265625
2010-08-16,8283.01953125
2010-08-17,8438.2802734375
2010-08-18,8430.6201171875
2010-08-19,8345.5
2010-08-20,8189.52978515625
2010-08-23,8253.400390625
2010-08-24,8103.0
2010-08-25,8006.419921875
2010-08-26,8079.830078125
2010-08-27,8116.3798828125
2010-08-30,8108.52001953125
2010-08-31,8149.14990234375
2010-09-01,8392.2099609375
2010-09-02,8463.5703125
2010-09-03,8507.830078125
2010-09-06,8508.330078125
2010-09-07,8463.66015625
2010-09-08,8518.5595703125
2010-09-09,8659.9501953125
2010-09-10,8677.6904296875
2010-09-13,8740.0498046875
2010-09-14,8761.1904296875
2010-09-15,8732.2998046875
2010-09-16,8692.0302734375
2010-09-17,8722.009765625
2010-09-20,8803.23046875
2010-09-21,8827.58984375
2010-09-22,8714.3603515625
2010-09-23,8654.7998046875
2010-09-24,8808.08984375
2010-09-27,8794.919921875
2010-09-28,8820.0
2010-09-29,8785.849609375
2010-09-30,8768.0302734375
2010-10-01,8763.349609375
2010-10-04,8706.6904296875
2010-10-05,8811.3896484375
2010-10-06,8850.8095703125
2010-10-07,8847.9404296875
2010-10-08,8926.080078125
2010-10-11,8985.7998046875
2010-10-12,8997.9404296875
2010-10-13,9158.3798828125
2010-10-14,9161.3603515625
2010-10-15,9170.3896484375
2010-10-18,9180.0400390625
2010-10-19,9131.83984375
2010-10-20,9208.4296875
2010-10-21,9287.509765625
2010-10-22,9305.9296875
2010-10-25,9363.6201171875
2010-10-26,9323.919921875
2010-10-27,9254.259765625
2010-10-28,9255.9697265625
2010-10-29,9301.259765625
2010-11-01,9350.2099609375
2010-11-02,9397.1103515625
2010-11-03,9373.5703125
2010-11-04,9456.4697265625
2010-11-05,9450.8203125
2010-11-08,9452.5498046875
2010-11-09,9507.2197265625
2010-11-10,9429.41015625
2010-11-11,9363.990234375
2010-11-12,9349.6201171875
2010-11-15,9423.9697265625
2010-11-16,9170.7802734375
2010-11-17,9223.009765625
2010-11-18,9396.5302734375
2010-11-19,9412.5
2010-11-22,9383.1103515625
2010-11-23,9174.33984375
2010-11-24,9356.3896484375
2010-11-25,9484.01953125
2010-11-26,9458.5400390625
2010-11-29,9260.4501953125
2010-11-30,9289.9599609375
2010-12-01,9518.23046875
2010-12-02,9759.2998046875
2010-12-03,9783.5595703125
2010-12-06,9845.6904296875
2010-12-07,9921.16015625
2010-12-08,9890.16015625
2010-12-09,9806.01953125
2010-12-10,9846.76953125
2010-12-13,9919.6396484375
2010-12-14,9901.5498046875
2010-12-15,9921.2802734375
2010-12-16,9935.26953125
2010-12-17,9906.849609375
2010-12-20,9976.0
2010-12-21,10073.6298828125
2010-12-22,10139.1796875
2010-12-23,10145.2099609375
2010-12-27,10093.3701171875
2010-12-28,10080.6904296875
2010-12-29,10114.1904296875
2010-12-30,10128.1201171875
2011-01-03,10192.0703125
2011-01-04,10178.099609375
2011-01-05,10054.8203125
2011-01-06,10099.400390625
2011-01-07,10074.830078125
2011-01-10,9903.8701171875
2011-01-11,10119.8701171875
2011-01-12,10310.240234375
2011-01-13,10291.91015625
2011-01-14,10301.0498046875
2011-01-17,10275.6904296875
2011-01-18,10382.3203125
2011-01-19,10248.1298828125
2011-01-20,10075.599609375
2011-01-21,10091.580078125
2011-01-24,10064.8095703125
2011-01-25,10047.9501953125
2011-01-26,10213.7001953125
2011-01-27,10273.2900390625
2011-01-28,10234.83984375
2011-01-31,10139.8896484375
2011-02-01,10262.7197265625
2011-02-02,10241.4697265625
2011-02-03,10269.650390625
2011-02-04,10302.349609375
2011-02-07,10443.650390625
2011-02-08,10533.8095703125
2011-02-09,10525.2900390625
2011-02-10,10489.5302734375
2011-02-11,10552.150390625
2011-02-14,10610.740234375
2011-02-15,10588.8798828125
2011-02-16,10585.5302734375
2011-02-17,10518.0595703125
2011-02-18,10513.9599609375
2011-02-21,10338.5498046875
2011-02-22,10304.490234375
2011-02-23,10122.330078125
2011-02-24,10016.48046875
2011-02-25,10182.3798828125
2011-02-28,10293.830078125
2011-03-01,10304.8203125
2011-03-02,10182.1796875
2011-03-03,10182.0498046875
2011-03-04,10148.5302734375
2011-03-07,10163.8896484375
2011-03-08,10228.5703125
2011-03-09,10290.1796875
2011-03-10,10152.25
2011-03-11,10011.759765625
2011-03-14,9880.76953125
2011-03-15,9628.759765625
2011-03-16,9565.6103515625
2011-03-17,9741.08984375
2011-03-18,9854.01953125
2011-03-21,10012.1396484375
2011-03-22,9964.0498046875
2011-03-23,9994.7900390625
2011-03-24,10167.1103515625
2011-03-25,10192.419921875
2011-03-28,10200.7900390625
2011-03-29,10219.33984375
2011-03-30,10329.5302734375
2011-03-31,10310.080078125
2011-04-01,10490.419921875
2011-04-04,10562.7197265625
2011-04-05,10551.1796875
2011-04-06,10577.1904296875
2011-04-07,10488.400390625
2011-04-08,10539.599609375
2011-04-11,10452.580078125
2011-04-12,10308.66015625
2011-04-13,10348.3095703125
2011-04-14,10317.2001953125
2011-04-15,10370.2900390625
2011-04-18,10164.9599609375
2011-04-19,10238.830078125
2011-04-20,10450.1201171875
2011-04-21,10513.2802734375
2011-04-26,10626.080078125
2011-04-27,10684.1396484375
2011-04-28,10711.2998046875
2011-04-29,10740.4501953125
2011-05-02,10799.5302734375
2011-05-03,10752.0498046875
2011-05-04,10580.6201171875
2011-05-05,10541.150390625
2011-05-06,10694.3203125
2011-05-09,10713.509765625
2011-05-10,10830.8095703125
2011-05-11,10819.9599609375
2011-05-12,10759.2197265625
2011-05-13,10850.66015625
2011-05-16,10794.9404296875
2011-05-17,10661.5
2011-05-18,10662.5703125
2011-05-19,10766.900390625
2011-05-20,10778.0595703125
2011-05-23,10570.3896484375
2011-05-24,10642.8896484375
2011-05-25,10632.580078125
2011-05-26,10624.7197265625
2011-05-27,10694.08984375
2011-05-30,10730.4296875
2011-05-31,10884.0400390625
2011-06-01,10826.6904296875
2011-06-02,10680.3896484375
2011-06-03,10682.1796875
2011-06-06,10659.8701171875
2011-06-07,10656.0400390625
2011-06-08,10538.6796875
2011-06-09,10674.1796875
2011-06-10,10572.1904296875
2011-06-13,10570.41015625
2011-06-14,10693.26953125
2011-06-15,10634.5703125
2011-06-16,10557.83984375
2011-06-17,10530.4697265625
2011-06-20,10462.6103515625
2011-06-21,10651.58984375
2011-06-22,10661.51953125
2011-06-23,10515.0302734375
2011-06-24,10510.349609375
2011-06-27,10456.8798828125
2011-06-28,10539.099609375
2011-06-29,10748.0302734375
2011-06-30,10932.330078125
2011-07-01,10991.2900390625
2011-07-04,11087.4501953125
2011-07-05,11089.6298828125
2011-07-06,11073.9599609375
2011-07-07,11187.0400390625
2011-07-08,11068.919921875
2011-07-11,10813.150390625
2011-07-12,10744.98046875
2011-07-13,10930.6796875
2011-07-14,10796.1396484375
2011-07-15,10789.48046875
2011-07-18,10575.0400390625
2011-07-19,10628.6201171875
2011-07-20,10770.5302734375
2011-07-21,10828.4697265625
2011-07-22,10886.75
2011-07-25,10914.099609375
2011-07-26,10785.080078125
2011-07-27,10643.1201171875
2011-07-28,10488.7900390625
2011-07-29,10486.8798828125
2011-08-01,10338.080078125
2011-08-02,9957.0
2011-08-03,9719.1298828125
2011-08-04,9225.2900390625
2011-08-05,9135.2197265625
2011-08-08,8539.419921875
2011-08-09,8783.6103515625
2011-08-10,8532.7001953125
2011-08-11,8913.900390625
2011-08-12,9197.4697265625
2011-08-15,9318.1904296875
2011-08-16,9149.1201171875
2011-08-17,9084.0302734375
2011-08-18,8532.8896484375
2011-08-19,8404.2900390625
2011-08-22,8424.9296875
2011-08-23,8477.849609375
2011-08-24,8747.740234375
2011-08-25,8705.91015625
2011-08-26,8628.849609375
2011-08-29,8857.4404296875
2011-08-30,8898.009765625
2011-08-31,9177.08984375
2011-09-01,9170.66015625
2011-09-02,8837.5
2011-09-05,8402.919921875
2011-09-06,8334.9296875
2011-09-07,8714.9697265625
2011-09-08,8787.9501953125
2011-09-09,8535.7900390625
2011-09-12,8303.8701171875
2011-09-13,8403.1904296875
2011-09-14,8659.51953125
2011-09-15,8832.7197265625
2011-09-16,8910.8203125
2011-09-19,8720.8095703125
2011-09-20,8877.419921875
2011-09-21,8724.1904296875
2011-09-22,8230.490234375
2011-09-23,8146.009765625
2011-09-26,8215.6396484375
2011-09-27,8628.4697265625
2011-09-28,8548.1396484375
2011-09-29,8635.4501953125
2011-09-30,8341.080078125
2011-10-04,7783.14013671875
2011-10-05,8066.2900390625
2011-10-06,8398.509765625
2011-10-07,8450.66015625
2011-10-10,8678.8798828125
2011-10-11,8723.669921875
2011-10-12,8935.8603515625
2011-10-13,8901.5703125
2011-10-14,9026.8603515625
2011-10-17,8886.0
2011-10-18,8973.8603515625
2011-10-19,8934.169921875
2011-10-20,8705.58984375
2011-10-21,8956.169921875
2011-10-24,9148.0498046875
2011-10-25,9065.4599609375
2011-10-26,9035.6904296875
2011-10-27,9386.599609375
2011-10-28,9339.7900390625
2011-10-31,9076.240234375
2011-11-01,8730.349609375
2011-11-02,8855.4697265625
2011-11-03,9136.0498046875
2011-11-04,9076.5498046875
2011-11-07,9032.7802734375
2011-11-08,9064.76953125
2011-11-09,8871.3798828125
2011-11-10,8845.1201171875
2011-11-11,9153.849609375
2011-11-14,9029.5
2011-11-15,8897.75
2011-11-16,8860.509765625
2011-11-17,8720.509765625
2011-11-18,8626.150390625
2011-11-21,8301.9404296875
2011-11-22,8208.400390625
2011-11-23,8105.77978515625
2011-11-24,8222.7001953125
2011-11-25,8248.0595703125
2011-11-28,8590.6103515625
2011-11-29,8612.41015625
2011-11-30,9017.0498046875
2011-12-01,8904.5400390625
2011-12-02,8987.150390625
2011-12-05,9043.8701171875
2011-12-06,8944.4296875
2011-12-07,8849.48046875
2011-12-08,8668.490234375
2011-12-09,8768.1796875
2011-12-12,8558.9404296875
2011-12-13,8586.849609375
2011-12-14,8398.6396484375
2011-12-15,8518.66015625
2011-12-16,8531.099609375
2011-12-19,8490.8896484375
2011-12-20,8737.2802734375
2011-12-21,8717.6904296875
2011-12-22,8775.3896484375
2011-12-23,8834.6904296875
2011-12-27,8837.9404296875
2011-12-28,8752.8603515625
2011-12-29,8827.8095703125
2011-12-30,8897.8095703125
2012-01-03,9229.08984375
2012-01-04,9190.1201171875
2012-01-05,9170.4599609375
2012-01-06,9215.6796875
2012-01-09,9163.509765625
2012-01-10,9388.76953125
2012-01-11,9469.6396484375
2012-01-12,9535.5595703125
2012-01-13,9487.3203125
2012-01-16,9571.6201171875
2012-01-17,9721.83984375
2012-01-18,9752.740234375
2012-01-19,9838.48046875
2012-01-20,9797.349609375
2012-01-23,9852.7197265625
2012-01-24,9765.1298828125
2012-01-25,9825.2900390625
2012-01-26,9974.6103515625
2012-01-27,9940.4404296875
2012-01-30,9773.3203125
2012-01-31,9917.4296875
2012-02-01,10128.66015625
2012-02-02,10212.169921875
2012-02-03,10413.9697265625
2012-02-06,10374.9599609375
2012-02-07,10306.48046875
2012-02-08,10316.349609375
2012-02-09,10356.3203125
2012-02-10,10249.1298828125
2012-02-13,10289.9501953125
2012-02-14,10253.5595703125
2012-02-15,10352.9697265625
2012-02-16,10296.7099609375
2012-02-17,10441.4296875
2012-02-20,10584.75
2012-02-21,10468.48046875
2012-02-22,10380.16015625
2012-02-23,10368.6201171875
2012-02-24,10452.26953125
2012-02-27,10380.919921875
2012-02-28,10442.73046875
2012-02-29,10428.599609375
2012-03-01,10528.25
2012-03-02,10509.8701171875
2012-03-05,10384.7802734375
2012-03-06,9996.0302734375
2012-03-07,10107.6904296875
2012-03-08,10431.16015625
2012-03-09,10513.83984375
2012-03-12,10530.98046875
2012-03-13,10667.7001953125
2012-03-14,10665.7001953125
2012-03-15,10726.2001953125
2012-03-16,10749.3095703125
2012-03-19,10712.7099609375
2012-03-20,10575.1796875
2012-03-21,10630.650390625
2012-03-22,10573.0498046875
2012-03-23,10656.5498046875
2012-03-26,10807.73046875
2012-03-27,10821.150390625
2012-03-28,10677.2099609375
2012-03-29,10531.919921875
2012-03-30,10703.099609375
2012-04-02,10873.2197265625
2012-04-03,10853.009765625
2012-04-04,10515.4296875
2012-04-05,10600.66015625
2012-04-10,10332.73046875
2012-04-11,10439.1298828125
2012-04-12,10670.73046875
2012-04-13,10494.0
2012-04-16,10545.669921875
2012-04-17,10747.349609375
2012-04-18,10661.5498046875
2012-04-19,10601.98046875
2012-04-20,10649.5
2012-04-23,10270.48046875
2012-04-24,10372.599609375
2012-04-25,10629.6201171875
2012-04-26,10761.3095703125
2012-04-27,10910.1103515625
2012-04-30,10828.25
2012-05-02,10828.2197265625
2012-05-03,10850.1396484375
2012-05-04,10588.9501953125
2012-05-07,10625.7998046875
2012-05-08,10416.2998046875
2012-05-09,10446.58984375
2012-05-10,10489.48046875
2012-05-11,10554.990234375
2012-05-14,10363.9697265625
2012-05-15,10332.759765625
2012-05-16,10331.4296875
2012-05-17,10205.8896484375
2012-05-18,10043.669921875
2012-05-21,10169.5498046875
2012-05-22,10427.419921875
2012-05-23,10228.240234375
2012-05-24,10231.51953125
2012-05-25,10196.4404296875
2012-05-28,10262.3798828125
2012-05-29,10417.7998046875
2012-05-30,10208.5595703125
2012-05-31,10147.8203125
2012-06-01,9870.4599609375
2012-06-04,9715.51953125
2012-06-05,9733.419921875
2012-06-06,10036.099609375
2012-06-07,10228.4404296875
2012-06-08,10123.1201171875
2012-06-11,10103.349609375
2012-06-12,10044.900390625
2012-06-13,9981.8798828125
2012-06-14,9931.25
2012-06-15,10046.1103515625
2012-06-18,10089.150390625
2012-06-19,10297.4599609375
2012-06-20,10403.7099609375
2012-06-21,10372.5302734375
2012-06-22,10175.7197265625
2012-06-25,10024.6103515625
2012-06-26,9963.2099609375
2012-06-27,10014.33984375
2012-06-28,9941.26953125
2012-06-29,10343.7099609375
2012-07-02,10454.4599609375
2012-07-03,10644.7001953125
2012-07-04,10690.580078125
2012-07-05,10606.3798828125
2012-07-06,10448.740234375
2012-07-09,10423.759765625
2012-07-10,10565.23046875
2012-07-11,10446.169921875
2012-07-12,10388.2802734375
2012-07-13,10621.23046875
2012-07-16,10655.349609375
2012-07-17,10649.830078125
2012-07-18,10742.76953125
2012-07-19,10902.2998046875
2012-07-20,10807.0703125
2012-07-23,10426.5400390625
2012-07-24,10454.0
2012-07-25,10475.51953125
2012-07-26,10722.6904296875
2012-07-27,10854.740234375
2012-07-30,10935.8095703125
2012-07-31,10826.259765625
2012-08-01,10891.6796875
2012-08-02,10674.740234375
2012-08-03,10990.7197265625
2012-08-06,11125.7998046875
2012-08-07,11167.5
2012-08-08,11053.7900390625
2012-08-09,11064.240234375
2012-08-10,11054.5498046875
2012-08-13,10987.5498046875
2012-08-14,11049.5
2012-08-15,11026.2197265625
2012-08-16,11093.73046875
2012-08-17,11228.419921875
2012-08-20,11153.2197265625
2012-08-21,11255.3203125
2012-08-22,11138.009765625
2012-08-23,11071.919921875
2012-08-24,11014.23046875
2012-08-27,11061.2998046875
2012-08-28,11001.830078125
2012-08-29,11063.75
2012-08-30,10944.0498046875
2012-08-31,11016.98046875
2012-09-03,11051.2802734375
2012-09-04,10898.9501953125
2012-09-05,10887.26953125
2012-09-06,11115.150390625
2012-09-07,11177.51953125
2012-09-10,11153.8798828125
2012-09-11,11184.7900390625
2012-09-12,11183.26953125
2012-09-13,11017.9501953125
2012-09-14,11237.26953125
2012-09-17,11161.6103515625
2012-09-18,11085.3896484375
2012-09-19,11123.4599609375
2012-09-20,11127.08984375
2012-09-21,11213.51953125
2012-09-24,11103.900390625
2012-09-25,11165.4697265625
2012-09-26,10950.5302734375
2012-09-27,11012.5302734375
2012-09-28,10977.8798828125
2012-10-01,11129.4697265625
2012-10-02,11150.9296875
2012-10-04,11239.5400390625
2012-10-05,11349.6904296875
2012-10-08,11249.48046875
2012-10-09,11203.3701171875
2012-10-10,11244.259765625
2012-10-11,11328.419921875
2012-10-12,11231.349609375
2012-10-15,11315.330078125
2012-10-16,11471.41015625
2012-10-17,11555.6396484375
2012-10-18,11556.1103515625
2012-10-19,11476.009765625
2012-10-22,11470.0595703125
2012-10-23,11267.9501953125
2012-10-24,11330.0498046875
2012-10-25,11356.3603515625
2012-10-26,11413.5703125
2012-10-29,11398.0703125
2012-10-30,11504.349609375
2012-10-31,11492.01953125
2012-11-01,11607.4501953125
2012-11-02,11626.080078125
2012-11-05,11565.580078125
2012-11-06,11656.150390625
2012-11-07,11518.3095703125
2012-11-08,11382.5498046875
2012-11-09,11340.8701171875
2012-11-12,11317.9697265625
2012-11-13,11296.9697265625
2012-11-14,11246.849609375
2012-11-15,11071.48046875
2012-11-16,10957.5302734375
2012-11-19,11172.0302734375
2012-11-20,11242.669921875
2012-11-21,11274.41015625
2012-11-22,11381.73046875
2012-11-23,11408.080078125
2012-11-26,11371.4599609375
2012-11-27,11432.8095703125
2012-11-28,11444.150390625
2012-11-29,11568.6796875
2012-11-30,11612.919921875
2012-12-03,11625.8896484375
2012-12-04,11615.7099609375
2012-12-05,11682.1396484375
2012-12-06,11887.1396484375
2012-12-07,11896.73046875
2012-12-10,11898.6103515625
2012-12-11,11973.2802734375
2012-12-12,11952.1201171875
2012-12-13,11923.990234375
2012-12-14,11955.990234375
2012-12-17,11947.1201171875
2012-12-18,12008.5703125
2012-12-19,12086.1103515625
2012-12-20,12069.5703125
2012-12-21,11994.3203125
2012-12-27,11976.5400390625
2012-12-28,11914.3701171875
2013-01-02,12149.3701171875
2013-01-03,12186.8701171875
2013-01-04,12244.009765625
2013-01-07,12206.259765625
2013-01-08,12191.98046875
2013-01-09,12364.3798828125
2013-01-10,12348.400390625
2013-01-11,12335.400390625
2013-01-14,12312.4404296875
2013-01-15,12268.0
2013-01-16,12315.150390625
2013-01-17,12480.990234375
2013-01-18,12547.73046875
2013-01-21,12552.41015625
2013-01-22,12573.08984375
2013-01-23,12606.2001953125
2013-01-24,12675.4501953125
2013-01-25,12730.8603515625
2013-01-28,12759.4501953125
2013-01-29,12697.3896484375
2013-01-30,12618.7001953125
2013-01-31,12571.3798828125
2013-02-01,12757.0
2013-02-04,12560.8203125
2013-02-05,12641.1396484375
2013-02-06,12634.2900390625
2013-02-07,12655.6904296875
2013-02-08,12759.5595703125
2013-02-11,12738.2099609375
2013-02-12,12784.9697265625
2013-02-13,13003.1396484375
2013-02-14,12942.91015625
2013-02-15,12964.25
2013-02-18,12988.7001953125
2013-02-19,13154.3798828125
2013-02-20,13178.4404296875
2013-02-21,13014.41015625
2013-02-22,13119.7998046875
2013-02-25,13141.6396484375
2013-02-26,13002.8896484375
2013-02-27,13140.9697265625
2013-02-28,13301.3798828125
2013-03-01,13261.91015625
2013-03-04,13202.259765625
2013-03-05,13314.4697265625
2013-03-06,13319.9296875
2013-03-07,13363.48046875
2013-03-08,13352.5302734375
2013-03-11,13338.2998046875
2013-03-12,13369.83984375
2013-03-13,13400.3603515625
2013-03-14,13473.0498046875
2013-03-15,13486.3896484375
2013-03-18,13514.849609375
2013-03-19,13438.7802734375
2013-03-20,13408.7900390625
2013-03-21,13357.349609375
2013-03-22,13358.8603515625
2013-03-25,13339.6298828125
2013-03-26,13391.5
2013-03-27,13250.5400390625
2013-03-28,13322.259765625
2013-04-02,13522.0595703125
2013-04-03,13447.7001953125
2013-04-04,13208.759765625
2013-04-05,12922.900390625
2013-04-08,12988.990234375
2013-04-09,12977.41015625
2013-04-10,13268.0703125
2013-04-11,13393.259765625
2013-04-12,13307.8896484375
2013-04-15,13188.2001953125
2013-04-16,13103.2900390625
2013-04-17,12988.150390625
2013-04-18,12970.7197265625
2013-04-19,13019.08984375
2013-04-22,13093.23046875
2013-04-23,13345.1904296875
2013-04-24,13380.099609375
2013-04-25,13419.66015625
2013-04-26,13349.66015625
2013-04-29,13398.740234375
2013-04-30,13443.7099609375
2013-05-02,13508.400390625
2013-05-03,13643.330078125
2013-05-06,13695.509765625
2013-05-07,13788.2001953125
2013-05-08,13807.4404296875
2013-05-09,13830.3603515625
2013-05-10,13893.5
2013-05-13,13873.2998046875
2013-05-14,13971.0595703125
2013-05-15,14055.5302734375
2013-05-16,14051.4296875
2013-05-17,14070.6298828125
2013-05-21,14200.91015625
2013-05-22,14258.830078125
2013-05-23,13984.51953125
2013-05-24,13987.349609375
2013-05-27,14066.5498046875
2013-05-28,14303.830078125
2013-05-29,14111.580078125
2013-05-30,14135.9501953125
2013-05-31,14093.58984375
2013-06-03,13950.9697265625
2013-06-04,14006.2998046875
2013-06-05,13790.7001953125
2013-06-06,13706.83984375
2013-06-07,13846.7998046875
2013-06-10,13931.599609375
2013-06-11,13812.1796875
2013-06-12,13888.080078125
2013-06-13,13833.51953125
2013-06-14,13964.7900390625
2013-06-17,14048.0
2013-06-18,14123.7802734375
2013-06-19,14119.7197265625
2013-06-20,13775.9697265625
2013-06-21,13578.1396484375
2013-06-24,13263.3603515625
2013-06-25,13488.6796875
2013-06-26,13649.6298828125
2013-06-27,13805.1796875
2013-06-28,13706.4404296875
2013-07-01,13806.400390625
2013-07-02,13744.51953125
2013-07-03,13608.490234375
2013-07-04,13859.6103515625
2013-07-05,13716.080078125
2013-07-08,13848.849609375
2013-07-09,13970.2099609375
2013-07-10,13938.98046875
2013-07-11,14000.51953125
2013-07-12,14014.1396484375
2013-07-15,14044.4501953125
2013-07-16,13998.3095703125
2013-07-17,14005.580078125
2013-07-18,14205.2998046875
2013-07-19,14185.0400390625
2013-07-22,14143.3095703125
2013-07-23,14123.6796875
2013-07-24,14191.0703125
2013-07-25,14251.4697265625
2013-07-26,14208.0595703125
2013-07-29,14266.419921875
2013-07-30,14362.7900390625
2013-07-31,14352.4296875
2013-08-01,14573.2001953125
2013-08-02,14606.1103515625
2013-08-05,14654.1904296875
2013-08-06,14604.4296875
2013-08-07,14607.9404296875
2013-08-08,14682.6904296875
2013-08-09,14733.759765625
2013-08-12,14719.080078125
2013-08-13,14779.83984375
2013-08-14,14855.419921875
2013-08-15,14717.58984375
2013-08-16,14762.8701171875
2013-08-19,14728.599609375
2013-08-20,14617.9697265625
2013-08-21,14594.740234375
2013-08-22,14748.16015625
2013-08-23,14839.2001953125
2013-08-26,14809.3603515625
2013-08-27,14517.48046875
2013-08-28,14325.4697265625
2013-08-29,14448.3798828125
2013-08-30,14386.16015625
2013-09-02,14636.98046875
2013-09-03,14551.16015625
2013-09-04,14515.419921875
2013-09-05,14610.0302734375
2013-09-06,14588.0400390625
2013-09-09,14645.2099609375
2013-09-10,14833.51953125
2013-09-11,14877.9599609375
2013-09-12,14823.51953125
2013-09-13,14840.2998046875
2013-09-16,15004.1904296875
2013-09-17,14923.849609375
2013-09-18,15031.26953125
2013-09-19,15059.150390625
2013-09-20,15021.3603515625
2013-09-23,14966.2197265625
2013-09-24,14981.990234375
2013-09-25,15002.7197265625
2013-09-26,15042.1796875
2013-09-27,15077.8095703125
2013-09-30,15034.26953125
2013-10-01,15174.5400390625
2013-10-02,15126.0302734375
2013-10-04,15129.1796875
2013-10-07,15109.6298828125
2013-10-08,15089.759765625
2013-10-09,14966.9501953125
2013-10-10,15171.58984375
2013-10-11,15235.0400390625
2013-10-14,15252.3095703125
2013-10-15,15422.8701171875
2013-10-16,15449.23046875
2013-10-17,15479.1298828125
2013-10-18,15700.2900390625
2013-10-21,15800.0703125
2013-10-22,15810.509765625
2013-10-23,15764.26953125
2013-10-24,15846.2099609375
2013-10-25,15860.4404296875
2013-10-28,15819.4296875
2013-10-29,15868.08984375
2013-10-30,15939.919921875
2013-10-31,15989.76953125
2013-11-01,16006.9404296875
2013-11-04,16097.240234375
2013-11-05,16091.169921875
2013-11-06,16216.8896484375
2013-11-07,16122.1201171875
2013-11-08,16069.25
2013-11-11,16194.599609375
2013-11-12,16062.7197265625
2013-11-13,15916.7998046875
2013-11-14,16084.259765625
2013-11-15,16096.759765625
2013-11-18,16215.740234375
2013-11-19,16206.919921875
2013-11-20,16191.5703125
2013-11-21,16099.099609375
2013-11-22,16149.169921875
2013-11-25,16229.58984375
2013-11-26,16191.2900390625
2013-11-27,16245.830078125
2013-11-28,16281.2900390625
2013-11-29,16334.2802734375
2013-12-02,16396.0390625
2013-12-03,16075.51953125
2013-12-04,15965.740234375
2013-12-05,15864.9296875
2013-12-06,15955.48046875
2013-12-09,16046.8701171875
2013-12-10,15954.169921875
2013-12-11,16021.4599609375
2013-12-12,15901.240234375
2013-12-13,15898.8603515625
2013-12-16,16081.6103515625
2013-12-17,16073.759765625
2013-12-18,16151.8095703125
2013-12-19,16225.66015625
2013-12-20,16391.0
2013-12-23,16491.419921875
2013-12-27,16625.720703125
2013-12-30,16574.44921875
2014-01-02,16516.849609375
2014-01-03,16618.869140625
2014-01-06,16566.55078125
2014-01-07,16590.529296875
2014-01-08,16623.9609375
2014-01-09,16543.029296875
2014-01-10,16644.7890625
2014-01-13,16773.359375
2014-01-14,16707.859375
2014-01-15,16901.400390625
2014-01-16,16943.630859375
2014-01-17,16946.619140625
2014-01-20,16919.91015625
2014-01-21,16899.5390625
2014-01-22,16874.73046875
2014-01-23,16744.5703125
2014-01-24,16301.26953125
2014-01-27,16134.0498046875
2014-01-28,16417.109375
2014-01-29,16309.259765625
2014-01-30,16285.1103515625
2014-01-31,16205.8798828125
2014-02-03,16013.830078125
2014-02-04,16032.9404296875
2014-02-05,16066.91015625
2014-02-06,16329.23046875
2014-02-07,16400.98046875
2014-02-10,16391.2890625
2014-02-11,16557.919921875
2014-02-12,16644.509765625
2014-02-13,16633.58984375
2014-02-14,16754.69921875
2014-02-17,16882.76953125
2014-02-18,16849.150390625
2014-02-19,16855.779296875
2014-02-20,16774.830078125
2014-02-21,16826.759765625
2014-02-24,16933.400390625
2014-02-25,16917.240234375
2014-02-26,16853.55078125
2014-02-27,16826.880859375
2014-02-28,16891.73046875
2014-03-03,16449.279296875
2014-03-04,16825.669921875
2014-03-05,16840.869140625
2014-03-06,16876.08984375
2014-03-07,16655.9609375
2014-03-10,16494.470703125
2014-03-11,16475.0
2014-03-12,16247.349609375
2014-03-13,16066.5
2014-03-14,16009.7998046875
2014-03-17,16294.9599609375
2014-03-18,16421.640625
2014-03-19,16443.890625
2014-03-20,16361.48046875
2014-03-21,16337.4404296875
2014-03-24,16080.650390625
2014-03-25,16268.2802734375
2014-03-26,16407.0703125
2014-03-27,16334.75
2014-03-28,16444.490234375
2014-03-31,16461.6796875
2014-04-01,16606.7109375
2014-04-02,16614.580078125
2014-04-03,16628.83984375
2014-04-04,16714.25
2014-04-07,16482.830078125
2014-04-08,16253.5498046875
2014-04-09,16333.01953125
2014-04-10,16269.8095703125
2014-04-11,16029.23046875
2014-04-14,15874.900390625
2014-04-15,15661.849609375
2014-04-16,15970.990234375
2014-04-17,16142.900390625
2014-04-22,16372.5498046875
2014-04-23,16295.900390625
2014-04-24,16275.2001953125
2014-04-25,16056.6103515625
2014-04-28,16053.419921875
2014-04-29,16166.900390625
2014-04-30,16081.8798828125
2014-05-02,16126.6298828125
2014-05-05,16028.259765625
2014-05-06,16000.6103515625
2014-05-07,16041.7197265625
2014-05-08,16293.919921875
2014-05-09,16302.1904296875
2014-05-12,16511.9296875
2014-05-13,16596.41015625
2014-05-14,16530.580078125
2014-05-15,16349.9296875
2014-05-16,16185.740234375
2014-05-19,16313.830078125
2014-05-20,16245.3896484375
2014-05-21,16327.580078125
2014-05-22,16490.970703125
2014-05-23,16616.169921875
2014-05-26,16794.220703125
2014-05-27,16917.869140625
2014-05-28,16913.5390625
2014-05-29,16915.05078125
2014-05-30,16951.109375
2014-06-02,17015.48046875
2014-06-03,16873.380859375
2014-06-04,16865.01953125
2014-06-05,16942.0
2014-06-06,17129.669921875
2014-06-09,17146.919921875
2014-06-10,17167.919921875
2014-06-11,17026.01953125
2014-06-12,17058.9609375
2014-06-13,16908.19921875
2014-06-16,16837.55078125
2014-06-17,16932.41015625
2014-06-18,16943.6796875
2014-06-19,17007.880859375
2014-06-20,16988.51953125
2014-06-23,16846.970703125
2014-06-24,16837.25
2014-06-25,16710.810546875
2014-06-26,16705.83984375
2014-06-27,16807.890625
2014-06-30,16815.580078125
2014-07-01,16729.689453125
2014-07-02,16745.44921875
2014-07-03,16915.150390625
2014-07-04,16888.919921875
2014-07-07,16687.759765625
2014-07-08,16457.259765625
2014-07-09,16430.599609375
2014-07-10,16280.1396484375
2014-07-11,16308.6103515625
2014-07-14,16496.830078125
2014-07-15,16327.2099609375
2014-07-16,16472.619140625
2014-07-17,16452.099609375
2014-07-18,16392.390625
2014-07-21,16227.1103515625
2014-07-22,16369.75
2014-07-23,16422.830078125
2014-07-24,16510.80078125
2014-07-25,16303.0595703125
2014-07-28,16192.099609375
2014-07-29,16218.23046875
2014-07-30,16154.66015625
2014-07-31,15790.669921875
2014-08-01,15616.349609375
2014-08-04,15511.150390625
2014-08-05,15516.16015625
2014-08-06,15385.51953125
2014-08-07,15340.8701171875
2014-08-08,15297.48046875
2014-08-11,15668.66015625
2014-08-12,15532.740234375
2014-08-13,15649.990234375
2014-08-14,15746.6796875
2014-08-15,15674.919921875
2014-08-18,15847.8896484375
2014-08-19,15970.4501953125
2014-08-20,15906.9404296875
2014-08-21,15998.3603515625
2014-08-22,15999.2197265625
2014-08-25,16169.4404296875
2014-08-26,16270.58984375
2014-08-27,16273.169921875
2014-08-28,16095.8701171875
2014-08-29,16085.2900390625
2014-09-01,16100.7900390625
2014-09-02,16146.1396484375
2014-09-03,16241.2998046875
2014-09-04,16338.7099609375
2014-09-05,16343.75
2014-09-08,16340.759765625
2014-09-09,16278.490234375
2014-09-10,16166.6904296875
2014-09-11,16146.8798828125
2014-09-12,16164.76953125
2014-09-15,16122.6201171875
2014-09-16,16039.08984375
2014-09-17,16153.0595703125
2014-09-18,16249.509765625
2014-09-19,16290.16015625
2014-09-22,16215.1396484375
2014-09-23,15979.599609375
2014-09-24,15973.9501953125
2014-09-25,15927.150390625
2014-09-26,15947.900390625
2014-09-29,15885.5
2014-09-30,15994.9599609375
2014-10-01,15820.08984375
2014-10-02,15567.2099609375
2014-10-06,15757.1103515625
2014-10-07,15550.4296875
2014-10-08,15377.2197265625
2014-10-09,15201.8896484375
2014-10-10,14988.919921875
2014-10-13,14946.919921875
2014-10-14,15055.75
2014-10-15,14753.5
2014-10-16,14733.1904296875
2014-10-17,15177.830078125
2014-10-20,15065.1904296875
2014-10-21,15422.8603515625
2014-10-22,15583.3701171875
2014-10-23,15693.7900390625
2014-10-24,15624.8095703125
2014-10-27,15468.41015625
2014-10-28,15637.23046875
2014-10-29,15764.9296875
2014-10-30,15855.08984375
2014-10-31,16134.25
2014-11-03,16147.8095703125
2014-11-04,16023.4296875
2014-11-05,16175.8798828125
2014-11-06,16241.0498046875
2014-11-07,16209.98046875
2014-11-10,16325.6103515625
2014-11-11,16341.8701171875
2014-11-12,16157.1201171875
2014-11-13,16221.8203125
2014-11-14,16290.1201171875
2014-11-17,16345.8896484375
2014-11-18,16448.009765625
2014-11-19,16519.060546875
2014-11-20,16538.990234375
2014-11-21,16840.939453125
2014-11-24,16994.419921875
2014-11-25,17044.099609375
2014-11-26,17032.9296875
2014-11-27,17076.990234375
2014-11-28,16984.259765625
2014-12-01,17003.8203125
2014-12-02,17016.0703125
2014-12-03,17114.7890625
2014-12-04,16968.990234375
2014-12-05,17183.94921875
2014-12-08,17087.470703125
2014-12-09,16855.470703125
2014-12-10,16644.099609375
2014-12-11,16656.4609375
2014-12-12,16374.3603515625
2014-12-15,16158.4296875
2014-12-16,16362.9599609375
2014-12-17,16381.6201171875
2014-12-18,16735.150390625
2014-12-19,16769.44921875
2014-12-22,16877.6796875
2014-12-23,17022.349609375
2014-12-29,17030.029296875
2014-12-30,16934.849609375
2015-01-02,16952.130859375
2015-01-05,16714.349609375
2015-01-06,16700.0
2015-01-07,16841.359375
2015-01-08,17214.490234375
2015-01-09,17163.48046875
2015-01-12,17244.900390625
2015-01-13,17411.060546875
2015-01-14,17264.560546875
2015-01-15,17570.080078125
2015-01-16,17675.419921875
2015-01-19,17874.119140625
2015-01-20,17953.810546875
2015-01-21,18021.98046875
2015-01-22,18294.33984375
2015-01-23,18653.6796875
2015-01-26,18877.279296875
2015-01-27,18603.0390625
2015-01-28,18719.91015625
2015-01-29,18653.55078125
2015-01-30,18594.140625
2015-02-02,18689.94921875
2015-02-03,18800.830078125
2015-02-04,18921.689453125
2015-02-05,19104.880859375
2015-02-06,18991.58984375
2015-02-09,18726.169921875
2015-02-10,18908.08984375
2015-02-11,18866.759765625
2015-02-12,19213.310546875
2015-02-13,19288.16015625
2015-02-16,19282.9609375
2015-02-17,19256.26953125
2015-02-18,19499.419921875
2015-02-19,19649.75
2015-02-20,19657.0703125
2015-02-23,19851.73046875
2015-02-24,19827.3203125
2015-02-25,19752.73046875
2015-02-26,19920.119140625
2015-02-27,20092.009765625
2015-03-02,20143.140625
2015-03-03,19883.6796875
2015-03-04,19960.359375
2015-03-05,20243.599609375
2015-03-06,20284.080078125
2015-03-09,20200.029296875
2015-03-10,20172.9609375
2015-03-11,20601.060546875
2015-03-12,20682.490234375
2015-03-13,20857.58984375
2015-03-16,21113.55078125
2015-03-17,20714.470703125
2015-03-18,20681.640625
2015-03-19,20786.380859375
2015-03-20,20941.4296875
2015-03-23,20683.16015625
2015-03-24,20834.01953125
2015-03-25,20688.9609375
2015-03-26,20533.939453125
2015-03-27,20585.6796875
2015-03-30,20820.669921875
2015-03-31,20684.630859375
2015-04-01,20840.55078125
2015-04-02,20859.5390625
2015-04-07,21034.3203125
2015-04-08,21074.08984375
2015-04-09,21367.76953125
2015-04-10,21619.830078125
2015-04-13,21623.259765625
2015-04-14,21487.490234375
2015-04-15,21570.689453125
2015-04-16,21333.58984375
2015-04-17,20898.669921875
2015-04-20,21140.98046875
2015-04-21,21340.359375
2015-04-22,21214.560546875
2015-04-23,21010.640625
2015-04-24,21024.69921875
2015-04-27,21315.029296875
2015-04-28,20917.580078125
2015-04-29,20341.990234375
2015-04-30,20316.55078125
2015-05-04,20540.94921875
2015-05-05,20129.400390625
2015-05-06,20012.099609375
2015-05-07,20061.380859375
2015-05-08,20604.509765625
2015-05-11,20595.98046875
2015-05-12,20317.94921875
2015-05-13,20296.810546875
2015-05-14,20577.609375
2015-05-15,20602.5703125
2015-05-18,20654.75
2015-05-19,21035.359375
2015-05-20,20983.150390625
2015-05-21,20968.94921875
2015-05-22,20915.810546875
2015-05-26,20713.130859375
2015-05-27,20973.3203125
2015-05-28,20832.640625
2015-05-29,20449.599609375
2015-06-01,20625.259765625
2015-06-02,20481.869140625
2015-06-03,20438.1796875
2015-06-04,20278.630859375
2015-06-05,20005.51953125
2015-06-08,19782.310546875
2015-06-09,19749.119140625
2015-06-10,20060.759765625
2015-06-11,20243.44921875
2015-06-12,20010.189453125
2015-06-15,19627.759765625
2015-06-16,19723.470703125
2015-06-17,19520.130859375
2015-06-18,19522.580078125
2015-06-19,19573.16015625
2015-06-22,20027.69921875
2015-06-23,20304.51953125
2015-06-24,20234.169921875
2015-06-25,20295.349609375
2015-06-26,20350.2109375
2015-06-29,19806.990234375
2015-06-30,19622.470703125
2015-07-01,20033.01953125
2015-07-02,19880.48046875
2015-07-03,19874.490234375
2015-07-06,19673.560546875
2015-07-07,19415.30078125
2015-07-08,19398.380859375
2015-07-09,19812.609375
2015-07-10,20238.859375
2015-07-13,20584.099609375
2015-07-14,20579.029296875
2015-07-15,20654.029296875
2015-07-16,20971.5
2015-07-17,20996.76953125
2015-07-20,21117.5390625
2015-07-21,20928.66015625
2015-07-22,20826.19921875
2015-07-23,20749.109375
2015-07-24,20642.58984375
2015-07-27,20103.19921875
2015-07-28,20379.6796875
2015-07-29,20545.580078125
2015-07-30,20564.650390625
2015-07-31,20764.560546875
2015-08-03,21130.73046875
2015-08-04,21253.6796875
2015-08-05,21381.369140625
2015-08-06,21402.25
2015-08-07,21114.0
2015-08-10,21258.439453125
2015-08-11,20826.80078125
2015-08-12,20234.599609375
2015-08-13,20629.390625
2015-08-14,20709.98046875
2015-08-17,20697.869140625
2015-08-18,20721.66015625
2015-08-19,20395.8203125
2015-08-20,19882.7109375
2015-08-21,19341.98046875
2015-08-24,18618.490234375
2015-08-25,19299.900390625
2015-08-26,19137.609375
2015-08-27,19654.470703125
2015-08-28,19657.689453125
2015-08-31,19678.4609375
2015-09-01,19291.91015625
2015-09-02,19369.990234375
2015-09-03,19780.2109375
2015-09-04,19325.66015625
2015-09-07,19351.109375
2015-09-08,19588.5703125
2015-09-09,19818.390625
2015-09-10,19759.330078125
2015-09-11,19560.0
2015-09-14,19446.9609375
2015-09-15,19552.880859375
2015-09-16,19742.8203125
2015-09-17,19749.830078125
2015-09-18,19512.23046875
2015-09-21,19640.349609375
2015-09-22,19097.689453125
2015-09-23,19185.69921875
2015-09-24,18817.650390625
2015-09-25,19300.580078125
2015-09-28,18975.5
2015-09-29,18904.490234375
2015-09-30,19279.740234375
2015-10-01,19179.44921875
2015-10-02,19323.279296875
2015-10-05,19827.1796875
2015-10-06,19972.5390625
2015-10-07,19943.580078125
2015-10-08,20108.0703125
2015-10-09,20200.509765625
2015-10-12,20050.0390625
2015-10-13,19728.0703125
2015-10-14,19587.33984375
2015-10-15,19698.05078125
2015-10-16,19640.560546875
2015-10-19,19749.060546875
2015-10-20,19728.26953125
2015-10-21,19988.359375
2015-10-22,20389.470703125
2015-10-23,20918.1796875
2015-10-26,20929.169921875
2015-10-27,20680.66015625
2015-10-28,20954.48046875
2015-10-29,21116.259765625
2015-10-30,21174.529296875
2015-11-02,21291.689453125
2015-11-03,21215.0703125
2015-11-04,21188.41015625
2015-11-05,21171.080078125
2015-11-06,21292.939453125
2015-11-09,20979.0390625
2015-11-10,21019.939453125
2015-11-11,20963.48046875
2015-11-12,20661.759765625
2015-11-13,20519.6796875
2015-11-16,20685.44921875
2015-11-17,21172.810546875
2015-11-18,21138.859375
2015-11-19,21270.169921875
2015-11-20,21296.91015625
2015-11-23,21261.41015625
2015-11-24,20942.08984375
2015-11-25,21262.560546875
2015-11-26,21465.66015625
2015-11-27,21421.19921875
2015-11-30,21593.380859375
2015-12-01,21437.8203125
2015-12-02,21389.3203125
2015-12-03,20851.259765625
2015-12-04,20903.970703125
2015-12-07,21261.0703125
2015-12-08,20855.69921875
2015-12-09,20709.140625
2015-12-10,20669.810546875
2015-12-11,20196.80078125
2015-12-14,19962.310546875
2015-12-15,20484.650390625
2015-12-16,20664.23046875
2015-12-17,20879.619140625
2015-12-18,20648.529296875
2015-12-21,20377.150390625
2015-12-22,20402.369140625
2015-12-23,20708.8203125
2015-12-28,20590.05078125
2015-12-29,20939.939453125
2015-12-30,20774.619140625
2016-01-04,20256.140625
2016-01-05,20228.060546875
2016-01-06,19989.880859375
2016-01-07,19537.390625
2016-01-08,19321.9296875
2016-01-11,19219.4296875
2016-01-12,19627.759765625
2016-01-13,19587.689453125
2016-01-14,19296.48046875
2016-01-15,18789.759765625
2016-01-18,18662.689453125
2016-01-19,19029.23046875
2016-01-20,18322.990234375
2016-01-21,18611.73046875
2016-01-22,19216.73046875
2016-01-25,19280.099609375
2016-01-26,19369.689453125
2016-01-27,19318.640625
2016-01-28,19017.419921875
2016-01-29,19478.0390625
2016-02-01,19473.439453125
2016-02-02,19084.990234375
2016-02-03,18833.279296875
2016-02-04,18855.220703125
2016-02-05,18685.740234375
2016-02-08,17848.630859375
2016-02-09,17744.619140625
2016-02-10,18106.640625
2016-02-11,17594.6796875
2016-02-12,17924.029296875
2016-02-15,18517.19921875
2016-02-16,18431.0703125
2016-02-17,18959.80078125
2016-02-18,19124.189453125
2016-02-19,19009.380859375
2016-02-22,19326.01953125
2016-02-23,19055.830078125
2016-02-24,18610.640625
2016-02-25,19022.8203125
2016-02-26,19201.490234375
2016-02-29,19422.029296875
2016-03-01,19815.580078125
2016-03-02,19668.0
2016-03-03,19641.720703125
2016-03-04,19781.26953125
2016-03-07,19682.669921875
2016-03-08,19406.349609375
2016-03-09,19475.369140625
2016-03-10,19155.8203125
2016-03-11,19815.05078125
2016-03-14,20054.560546875
2016-03-15,19919.75
2016-03-16,20103.7890625
2016-03-17,20036.330078125
2016-03-18,20099.4296875
2016-03-21,20109.970703125
2016-03-22,20187.970703125
2016-03-23,20256.869140625
2016-03-24,19982.76953125
2016-03-29,20121.6796875
2016-03-30,20495.0
2016-03-31,20397.6796875
2016-04-01,20195.55078125
2016-04-04,20265.2109375
2016-04-05,19882.990234375
2016-04-06,20043.8203125
2016-04-07,19902.6796875
2016-04-08,20170.509765625
2016-04-11,20162.75
2016-04-12,20163.099609375
2016-04-13,20533.7890625
2016-04-14,20441.880859375
2016-04-15,20334.4609375
2016-04-18,20400.859375
2016-04-19,20669.529296875
2016-04-20,20649.58984375
2016-04-21,20481.30078125
2016-04-22,20382.380859375
2016-04-25,20351.41015625
2016-04-26,20379.7890625
2016-04-27,20459.720703125
2016-04-28,20418.380859375
2016-04-29,20100.7109375
2016-05-02,20269.849609375
2016-05-03,20046.189453125
2016-05-04,19921.2109375
2016-05-05,20057.98046875
2016-05-06,20042.419921875
2016-05-09,20039.529296875
2016-05-10,20228.44921875
2016-05-11,20224.73046875
2016-05-12,20047.16015625
2016-05-13,20152.259765625
2016-05-17,20064.140625
2016-05-18,20117.390625
2016-05-19,19984.849609375
2016-05-20,20268.5
2016-05-23,20272.150390625
2016-05-24,20526.259765625
2016-05-25,20638.619140625
2016-05-26,20743.900390625
2016-05-27,20811.140625
2016-05-30,20801.130859375
2016-05-31,20762.380859375
2016-06-01,20667.669921875
2016-06-02,20703.33984375
2016-06-03,20525.7109375
2016-06-06,20634.240234375
2016-06-07,20892.009765625
2016-06-08,20824.650390625
2016-06-09,20672.240234375
2016-06-10,20185.16015625
2016-06-13,19801.119140625
2016-06-14,19537.140625
2016-06-15,19674.359375
2016-06-16,19468.390625
2016-06-17,19690.109375
2016-06-20,20343.580078125
2016-06-21,20404.73046875
2016-06-22,20494.240234375
2016-06-23,20771.740234375
2016-06-24,19828.599609375
2016-06-27,18920.990234375
2016-06-28,19276.4609375
2016-06-29,19664.400390625
2016-06-30,19843.4296875
2016-07-01,20105.23046875
2016-07-04,19891.2890625
2016-07-05,19482.279296875
2016-07-06,19206.599609375
2016-07-07,19404.349609375
2016-07-08,19720.740234375
2016-07-11,20173.25
2016-07-12,20320.44921875
2016-07-13,20376.599609375
2016-07-14,20562.029296875
2016-07-15,20554.119140625
2016-07-18,20629.01953125
2016-07-19,20727.240234375
2016-07-20,20874.400390625
2016-07-21,20783.900390625
2016-07-22,20809.9296875
2016-07-25,20878.94921875
2016-07-26,21008.5390625
2016-07-27,21217.66015625
2016-07-28,21088.490234375
2016-07-29,21164.439453125
2016-08-01,21173.98046875
2016-08-02,20882.19921875
2016-08-03,20814.740234375
2016-08-04,20951.060546875
2016-08-05,21212.890625
2016-08-08,21282.41015625
2016-08-09,21576.41015625
2016-08-10,21630.1796875
2016-08-11,21838.1796875
2016-08-12,21837.609375
2016-08-15,21850.109375
2016-08-16,21677.55078125
2016-08-17,21469.98046875
2016-08-18,21687.640625
2016-08-19,21581.990234375
2016-08-22,21515.740234375
2016-08-23,21697.609375
2016-08-24,21653.2890625
2016-08-25,21480.3203125
2016-08-26,21560.140625
2016-08-29,21518.140625
2016-08-30,21599.80078125
2016-08-31,21396.9609375
2016-09-01,21452.80078125
2016-09-02,21733.310546875
2016-09-05,21772.2890625
2016-09-06,21775.48046875
2016-09-07,21787.619140625
2016-09-08,21674.7109375
2016-09-09,21315.419921875
2016-09-12,21164.69921875
2016-09-13,21060.76953125
2016-09-14,21077.25
2016-09-15,21106.310546875
2016-09-16,21027.759765625
2016-09-19,21193.349609375
2016-09-20,21232.529296875
2016-09-21,21247.099609375
2016-09-22,21671.970703125
2016-09-23,21549.48046875
2016-09-26,21334.08984375
2016-09-27,21319.759765625
2016-09-28,21549.380859375
2016-09-29,21493.560546875
2016-09-30,21583.98046875
2016-10-04,21700.25
2016-10-05,21570.169921875
2016-10-06,21559.080078125
2016-10-07,21275.369140625
2016-10-10,21474.6796875
2016-10-11,21316.2890625
2016-10-12,21247.900390625
2016-10-13,21087.7109375
2016-10-14,21320.939453125
2016-10-17,21235.4609375
2016-10-18,21448.4296875
2016-10-19,21552.849609375
2016-10-20,21400.380859375
2016-10-21,21341.390625
2016-10-24,21423.5390625
2016-10-25,21270.759765625
2016-10-26,21222.119140625
2016-10-27,21237.0390625
2016-10-28,21162.009765625
2016-10-31,21146.23046875
2016-11-01,20892.69921875
2016-11-02,20705.330078125
2016-11-03,20648.26953125
2016-11-04,20428.98046875
2016-11-07,20677.2109375
2016-11-08,20616.119140625
2016-11-09,20664.58984375
2016-11-10,20476.7890625
2016-11-11,20381.259765625
2016-11-14,20367.5
2016-11-15,20590.7890625
2016-11-16,20463.4296875
2016-11-17,20587.259765625
2016-11-18,20520.76953125
2016-11-21,20598.51953125
2016-11-22,20712.9296875
2016-11-23,20697.5
2016-11-24,20780.220703125
2016-11-25,20911.80078125
2016-11-28,20805.060546875
2016-11-29,20863.560546875
2016-11-30,20876.51953125
2016-12-01,20643.380859375
2016-12-02,20529.359375
2016-12-05,20688.2109375
2016-12-06,20892.5390625
2016-12-07,21202.400390625
2016-12-08,21443.05078125
2016-12-09,21662.2109375
2016-12-12,21600.939453125
2016-12-13,21769.5390625
2016-12-14,21634.029296875
2016-12-15,21696.990234375
2016-12-16,21816.240234375
2016-12-19,21889.009765625
2016-12-20,21954.220703125
2016-12-21,22066.150390625
2016-12-22,22048.51953125
2016-12-23,22088.740234375
2016-12-27,22141.369140625
2016-12-28,22154.859375
2016-12-29,22146.98046875
2016-12-30,22188.939453125
2017-01-03,22407.990234375
2017-01-04,22256.98046875
2017-01-05,22282.169921875
2017-01-06,22255.26953125
2017-01-09,22193.919921875
2017-01-10,22203.310546875
2017-01-11,22364.099609375
2017-01-12,22301.5
2017-01-13,22498.890625
2017-01-16,22528.75
2017-01-17,22476.560546875
2017-01-18,22631.05078125
2017-01-19,22634.83984375
2017-01-20,22645.259765625
2017-01-23,22568.48046875
2017-01-24,22711.009765625
2017-01-25,22845.240234375
2017-01-26,22861.9609375
2017-01-27,22881.119140625
2017-01-30,22595.419921875
2017-01-31,22465.859375
2017-02-01,22577.310546875
2017-02-02,22621.400390625
2017-02-03,22644.5
2017-02-06,22365.859375
2017-02-07,22571.19921875
2017-02-08,22709.310546875
2017-02-09,22856.310546875
2017-02-10,23032.19921875
2017-02-13,23250.380859375
2017-02-14,23285.689453125
2017-02-15,23319.109375
2017-02-16,23297.51953125
2017-02-17,23300.05078125
2017-02-20,23453.990234375
2017-02-21,23636.390625
2017-02-22,23612.890625
2017-02-23,23593.259765625
2017-02-24,23345.109375
2017-02-27,23362.630859375
2017-02-28,23365.51953125
2017-03-01,23603.91015625
2017-03-02,23580.30078125
2017-03-03,23437.25
2017-03-06,23381.859375
2017-03-07,23272.720703125
2017-03-08,23234.83984375
2017-03-09,23285.119140625
2017-03-10,23325.48046875
2017-03-13,23420.75
2017-03-14,23427.380859375
2017-03-15,23519.5390625
2017-03-16,23663.5703125
2017-03-17,23690.099609375
2017-03-20,23613.23046875
2017-03-21,23377.2890625
2017-03-22,23172.16015625
2017-03-23,23433.669921875
2017-03-24,23542.83984375
2017-03-27,23357.48046875
2017-03-28,23579.509765625
2017-03-29,23655.580078125
2017-03-30,23795.25
2017-03-31,23904.080078125
2017-04-03,23896.599609375
2017-04-04,23969.83984375
2017-04-05,24010.400390625
2017-04-06,24110.529296875
2017-04-07,24202.3203125
2017-04-10,24197.9296875
2017-04-11,24187.55078125
2017-04-12,24282.619140625
2017-04-13,24273.359375
2017-04-18,24038.2109375
2017-04-19,23992.390625
2017-04-20,24036.259765625
2017-04-21,23985.009765625
2017-04-24,24593.029296875
2017-04-25,24615.75
2017-04-26,24639.689453125
2017-04-27,24669.599609375
2017-04-28,24615.7890625
2017-05-02,24822.7890625
2017-05-03,24738.380859375
2017-05-04,25027.939453125
2017-05-05,25163.009765625
2017-05-08,25101.369140625
2017-05-09,25187.580078125
2017-05-10,25132.240234375
2017-05-11,24907.390625
2017-05-12,24946.80078125
2017-05-15,25053.609375
2017-05-16,25102.490234375
2017-05-17,24685.7109375
2017-05-18,24646.869140625
2017-05-19,25025.630859375
2017-05-22,24968.470703125
2017-05-23,25018.08984375
2017-05-24,25080.759765625
2017-05-25,25112.05078125
2017-05-26,25208.330078125
2017-05-29,25282.30078125
2017-05-30,25229.3203125
2017-05-31,25128.4609375
2017-06-01,25464.060546875
2017-06-02,25695.740234375
2017-06-06,25448.5703125
2017-06-07,25247.08984375
2017-06-08,25158.640625
2017-06-09,25410.5703125
2017-06-12,25147.919921875
2017-06-13,25287.240234375
2017-06-14,25305.01953125
2017-06-15,25017.939453125
2017-06-16,25229.4296875
2017-06-19,25531.890625
2017-06-20,25379.009765625
2017-06-21,25350.869140625
2017-06-22,25282.939453125
2017-06-23,25211.55078125
2017-06-26,25262.9609375
2017-06-27,24898.2890625
2017-06-28,24824.9609375
2017-06-29,24431.26953125
2017-06-30,24452.30078125
2017-07-03,24702.7109375
2017-07-04,24633.83984375
2017-07-05,24750.189453125
2017-07-06,24557.080078125
2017-07-07,24573.279296875
2017-07-10,24750.509765625
2017-07-11,24705.080078125
2017-07-12,24949.900390625
2017-07-13,25078.55078125
2017-07-14,25162.380859375
2017-07-17,25136.220703125
2017-07-18,24875.759765625
2017-07-19,25014.080078125
2017-07-20,24856.880859375
2017-07-21,24556.0703125
2017-07-24,24525.939453125
2017-07-25,24623.830078125
2017-07-26,24927.55078125
2017-07-27,24860.66015625
2017-07-28,24689.169921875
2017-07-31,24554.830078125
2017-08-01,24806.150390625
2017-08-02,24798.990234375
2017-08-03,24778.33984375
2017-08-04,25104.0390625
2017-08-07,25118.91015625
2017-08-08,25152.41015625
2017-08-09,24883.859375
2017-08-10,24623.19921875
2017-08-11,24491.330078125
2017-08-14,24792.830078125
2017-08-15,24791.669921875
2017-08-16,24965.189453125
2017-08-17,24899.779296875
2017-08-18,24827.650390625
2017-08-21,24701.490234375
2017-08-22,24945.5390625
2017-08-23,24918.869140625
2017-08-24,24741.75
2017-08-25,24762.630859375
2017-08-28,24642.5
2017-08-29,24324.26953125
2017-08-30,24532.369140625
2017-08-31,24674.109375
2017-09-01,24826.98046875
2017-09-05,24699.970703125
2017-09-06,24694.619140625
2017-09-07,24811.029296875
2017-09-08,24904.48046875
2017-09-11,25230.259765625
2017-09-12,25310.5703125
2017-09-13,25243.509765625
2017-09-14,25283.029296875
2017-09-15,25264.169921875
2017-09-18,25400.80078125
2017-09-19,25412.390625
2017-09-20,25461.240234375
2017-09-21,25582.58984375
2017-09-22,25619.060546875
2017-09-25,25633.619140625
2017-09-26,25681.380859375
2017-09-27,25716.0390625
2017-09-28,25817.640625
2017-09-29,25994.310546875
2017-10-02,26084.7890625
2017-10-04,26164.890625
2017-10-05,26105.66015625
2017-10-06,25981.359375
2017-10-09,25822.119140625
2017-10-10,25819.169921875
2017-10-11,25934.939453125
2017-10-12,26059.4609375
2017-10-13,26081.630859375
2017-10-16,26142.970703125
2017-10-17,26217.830078125
2017-10-18,26310.69921875
2017-10-19,26020.390625
2017-10-20,26053.330078125
2017-10-23,26049.810546875
2017-10-24,26137.44921875
2017-10-25,26009.990234375
2017-10-26,26512.970703125
2017-10-27,26710.0
2017-10-30,26651.51953125
2017-11-01,26860.48046875
2017-11-02,26830.890625
2017-11-03,26961.970703125
2017-11-06,26931.150390625
2017-11-07,26929.0703125
2017-11-08,26933.220703125
2017-11-09,26590.529296875
2017-11-10,26494.779296875
2017-11-13,26281.9609375
2017-11-14,26358.849609375
2017-11-15,26161.189453125
2017-11-16,26463.2890625
2017-11-17,26440.919921875
2017-11-20,26567.650390625
2017-11-21,26822.44921875
2017-11-22,26615.16015625
2017-11-23,26683.9296875
2017-11-24,26703.4296875
2017-11-27,26632.990234375
2017-11-28,26789.130859375
2017-11-29,26917.359375
2017-11-30,27026.849609375
2017-12-01,26703.939453125
2017-12-04,26935.5390625
2017-12-05,26979.0703125
2017-12-06,26378.279296875
2017-12-07,26132.91015625
2017-12-08,26178.44921875
2017-12-11,26114.400390625
2017-12-12,26283.470703125
2017-12-13,26182.939453125
2017-12-14,26071.01953125
2017-12-15,26043.16015625
2017-12-18,26444.26953125
2017-12-19,26366.75
2017-12-20,26164.580078125
2017-12-21,26193.740234375
2017-12-22,26144.240234375
2017-12-27,26298.310546875
2017-12-28,26212.19921875
2017-12-29,26200.76953125
2018-01-02,26120.2109375
2018-01-03,26392.900390625
2018-01-04,26748.830078125
2018-01-05,27018.380859375
2018-01-08,27014.630859375
2018-01-09,27125.609375
2018-01-10,26952.1796875
2018-01-11,26856.1796875
2018-01-12,26932.4296875
2018-01-15,26802.75
2018-01-16,27016.189453125
2018-01-17,27048.19921875
2018-01-18,27208.7890625
2018-01-19,27455.240234375
2018-01-22,27413.150390625
2018-01-23,27396.25
2018-01-24,27151.7109375
2018-01-25,26865.3203125
2018-01-26,27025.939453125
2018-01-29,26964.880859375
2018-01-30,26706.1796875
2018-01-31,26824.669921875
2018-02-01,26583.279296875
2018-02-02,26039.599609375
2018-02-05,25714.490234375
2018-02-06,25238.7890625
2018-02-07,25884.2890625
2018-02-08,25234.4609375
2018-02-09,25030.740234375
2018-02-12,25211.380859375
2018-02-13,25079.259765625
2018-02-14,25424.48046875
2018-02-15,25844.900390625
2018-02-16,26189.509765625
2018-02-19,26053.599609375
2018-02-20,26299.369140625
2018-02-21,26272.2890625
2018-02-22,26308.23046875
2018-02-23,26335.0390625
2018-02-26,26396.01953125
2018-02-27,26333.939453125
2018-02-28,26275.0390625
2018-03-01,25791.609375
2018-03-02,25224.5703125
2018-03-05,25586.2890625
2018-03-06,25735.109375
2018-03-07,25834.990234375
2018-03-08,26049.05078125
2018-03-09,26124.890625
2018-03-12,26123.75
2018-03-13,25866.880859375
2018-03-14,25682.599609375
2018-03-15,25823.490234375
2018-03-16,25626.990234375
2018-03-19,25577.9296875
2018-03-20,25831.189453125
2018-03-21,25786.1796875
2018-03-22,25383.099609375
2018-03-23,25203.759765625
2018-03-26,25134.7109375
2018-03-27,25489.5703125
2018-03-28,25349.369140625
2018-03-29,25591.51953125
2018-04-03,25337.990234375
2018-04-04,25133.05078125
2018-04-05,25679.259765625
2018-04-06,25646.490234375
2018-04-09,25698.849609375
2018-04-10,25815.80078125
2018-04-11,25611.0390625
2018-04-12,25644.869140625
2018-04-13,25630.1796875
2018-04-16,25538.26953125
2018-04-17,25895.529296875
2018-04-18,26041.599609375
2018-04-19,26020.669921875
2018-04-20,25983.349609375
2018-04-23,26051.48046875
2018-04-24,26007.609375
2018-04-25,25537.509765625
2018-04-26,25787.3203125
2018-04-27,25859.490234375
2018-04-30,25967.060546875
2018-05-02,26313.80078125
2018-05-03,26233.580078125
2018-05-04,26379.849609375
2018-05-07,26684.23046875
2018-05-08,26789.2109375
2018-05-09,26681.619140625
2018-05-10,26742.400390625
2018-05-11,26699.859375
2018-05-14,26644.5
2018-05-15,26570.330078125
2018-05-16,26616.640625
2018-05-17,26825.599609375
2018-05-18,26834.650390625
2018-05-22,26988.98046875
2018-05-23,26699.099609375
2018-05-24,26547.490234375
2018-05-25,26713.19921875
2018-05-28,26624.189453125
2018-05-29,26279.900390625
2018-05-30,26355.689453125
2018-05-31,26326.970703125
2018-06-01,26528.109375
2018-06-04,26641.130859375
2018-06-05,26688.98046875
2018-06-06,26807.779296875
2018-06-07,26698.66015625
2018-06-08,26662.349609375
2018-06-11,26711.939453125
2018-06-12,26779.73046875
2018-06-13,26848.83984375
2018-06-14,27170.720703125
2018-06-15,26951.130859375
2018-06-18,26746.0
2018-06-19,26446.55078125
2018-06-20,26531.66015625
2018-06-21,26257.359375
2018-06-22,26401.330078125
2018-06-25,25847.599609375
2018-06-26,25805.099609375
2018-06-27,25965.55078125
2018-06-28,25582.359375
2018-06-29,25854.380859375
2018-07-02,25661.6796875
2018-07-03,25877.19921875
2018-07-04,25664.0703125
2018-07-05,25811.75
2018-07-06,25957.6796875
2018-07-09,26100.16015625
2018-07-10,26368.6796875
2018-07-11,26139.75
2018-07-12,26317.150390625
2018-07-13,26413.5703125
2018-07-16,26481.630859375
2018-07-17,26681.470703125
2018-07-18,26893.23046875
2018-07-19,26731.810546875
2018-07-20,26573.19921875
2018-07-23,26526.919921875
2018-07-24,26734.33984375
2018-07-25,26687.4609375
2018-07-26,26942.9296875
2018-07-27,26975.279296875
2018-07-30,26885.69921875
2018-07-31,26907.380859375
2018-08-01,26897.359375
2018-08-02,26734.16015625
2018-08-03,26877.7890625
2018-08-06,26892.3203125
2018-08-07,26789.109375
2018-08-08,26793.830078125
2018-08-09,26984.330078125
2018-08-10,26671.69921875
2018-08-13,26699.98046875
2018-08-14,26591.810546875
2018-08-15,26200.939453125
2018-08-16,26430.240234375
2018-08-17,26377.369140625
2018-08-20,26502.640625
2018-08-21,26633.619140625
2018-08-22,26682.990234375
2018-08-23,26779.509765625
2018-08-24,26832.759765625
2018-08-27,27102.619140625
2018-08-28,27207.7890625
2018-08-29,27285.5390625
2018-08-30,27185.33984375
2018-08-31,26901.41015625
2018-09-03,26820.509765625
2018-09-04,26551.310546875
2018-09-05,26252.83984375
2018-09-06,26130.5390625
2018-09-07,26180.7109375
2018-09-10,26339.55078125
2018-09-11,26347.609375
2018-09-12,26418.349609375
2018-09-13,26259.619140625
2018-09-14,26337.080078125
2018-09-17,26279.98046875
2018-09-18,26249.169921875
2018-09-19,26248.939453125
2018-09-20,26325.509765625
2018-09-21,26344.150390625
2018-09-24,26106.25
2018-09-25,26095.220703125
2018-09-26,26179.08984375
2018-09-27,26148.2890625
2018-09-28,25997.859375
2018-10-01,26176.939453125
2018-10-02,25956.9296875
2018-10-04,25629.099609375
2018-10-05,25276.3203125
2018-10-08,24862.359375
2018-10-09,24785.26953125
2018-10-10,24133.439453125
2018-10-11,23787.23046875
2018-10-12,23870.990234375
2018-10-15,23749.939453125
2018-10-16,24443.51953125
2018-10-17,24413.66015625
2018-10-18,24354.05078125
2018-10-19,24148.599609375
2018-10-22,24038.279296875
2018-10-23,23410.66015625
2018-10-24,23278.150390625
2018-10-25,23664.560546875
2018-10-26,23478.220703125
2018-10-29,23713.400390625
2018-10-30,23687.4296875
2018-10-31,24180.16015625
2018-11-01,24337.619140625
2018-11-02,24473.9296875
2018-11-05,24250.560546875
2018-11-06,24203.2890625
2018-11-07,24421.25
2018-11-08,24334.470703125
2018-11-09,24178.740234375
2018-11-12,23842.76953125
2018-11-13,24096.939453125
2018-11-14,24034.349609375
2018-11-15,23757.69921875
2018-11-16,23700.890625
2018-11-19,23407.689453125
2018-11-20,23003.76953125
2018-11-21,23304.689453125
2018-11-22,23093.080078125
2018-11-23,23210.66015625
2018-11-26,23457.2109375
2018-11-27,23402.169921875
2018-11-28,23417.51953125
2018-11-29,23633.890625
2018-11-30,23453.529296875
2018-12-03,23768.2890625
2018-12-04,23392.140625
2018-12-05,23175.69921875
2018-12-06,22447.75
2018-12-07,22535.44921875
2018-12-10,22072.2109375
2018-12-11,22220.880859375
2018-12-12,22622.150390625
2018-12-13,22480.76953125
2018-12-14,22281.44921875
2018-12-17,21915.279296875
2018-12-18,21927.19921875
2018-12-19,21980.509765625
2018-12-20,21523.650390625
2018-12-21,21605.169921875
2018-12-27,21301.259765625
2018-12-28,21588.08984375
2019-01-02,21700.0390625
2019-01-03,21398.349609375
2019-01-04,22038.060546875
2019-01-07,22173.73046875
2019-01-08,22487.6796875
2019-01-09,22778.359375
2019-01-10,22709.51953125
2019-01-11,22669.26953125
2019-01-14,22572.400390625
2019-01-15,22637.990234375
2019-01-16,22780.08984375
2019-01-17,22735.419921875
2019-01-18,23175.109375
2019-01-21,23351.970703125
2019-01-22,23322.640625
2019-01-23,23418.5703125
2019-01-24,23573.359375
2019-01-25,23822.919921875
2019-01-28,23584.4296875
2019-01-29,23689.330078125
2019-01-30,23842.51953125
2019-01-31,23674.51953125
2019-02-01,23746.7109375
2019-02-04,23791.109375
2019-02-05,24102.4609375
2019-02-06,24115.05078125
2019-02-07,23489.619140625
2019-02-08,23205.779296875
2019-02-11,23476.4609375
2019-02-12,23701.330078125
2019-02-13,23846.80078125
2019-02-14,23929.419921875
2019-02-15,24324.400390625
2019-02-18,24463.48046875
2019-02-19,24375.669921875
2019-02-20,24401.0390625
2019-02-21,24301.560546875
2019-02-22,24362.509765625
2019-02-25,24359.419921875
2019-02-26,24377.4609375
2019-02-27,24251.01953125
2019-02-28,24385.720703125
2019-03-01,24657.689453125
2019-03-04,24727.849609375
2019-03-05,24724.41015625
2019-03-06,24691.470703125
2019-03-07,24440.48046875
2019-03-08,24300.16015625
2019-03-11,24561.220703125
2019-03-12,24651.109375
2019-03-13,24857.44921875
2019-03-14,25024.490234375
2019-03-15,25150.779296875
2019-03-18,25220.23046875
2019-03-19,25395.509765625
2019-03-20,25080.9296875
2019-03-21,25121.19921875
2019-03-22,24711.109375
2019-03-25,24618.0703125
2019-03-26,24829.83984375
2019-03-27,24713.48046875
2019-03-28,24550.75
2019-03-29,24722.01953125
2019-04-01,25064.44921875
2019-04-02,25155.470703125
2019-04-03,25561.80078125
2019-04-04,25473.25
2019-04-05,25544.720703125
2019-04-08,25438.369140625
2019-04-09,25156.640625
2019-04-10,25165.83984375
2019-04-11,25250.51953125
2019-04-12,25461.689453125
2019-04-15,25582.7890625
2019-04-16,25774.369140625
2019-04-17,25796.8203125
2019-04-18,25855.720703125
2019-04-23,26038.470703125
2019-04-24,26003.330078125
2019-04-25,25836.0
2019-04-26,25911.7109375
2019-04-29,26074.23046875
2019-04-30,26044.369140625
2019-05-02,25881.580078125
2019-05-03,25960.810546875
2019-05-06,25659.91015625
2019-05-07,25458.859375
2019-05-08,25644.0390625
2019-05-09,25224.0390625
2019-05-10,25488.529296875
2019-05-13,25037.1796875
2019-05-14,25417.16015625
2019-05-15,25560.599609375
2019-05-16,25982.580078125
2019-05-17,25791.990234375
2019-05-20,25482.140625
2019-05-21,25574.509765625
2019-05-22,25582.4609375
2019-05-23,25118.9296875
2019-05-24,25160.119140625
2019-05-27,25234.060546875
2019-05-28,25184.91015625
2019-05-29,24751.48046875
2019-05-30,24921.849609375
2019-05-31,24776.51953125
2019-06-03,24891.080078125
2019-06-04,25041.630859375
2019-06-05,25190.669921875
2019-06-06,24967.919921875
2019-06-07,25082.9609375
2019-06-11,25436.55078125
2019-06-12,25438.2109375
2019-06-13,25467.599609375
2019-06-14,25258.69921875
2019-06-17,25305.609375
2019-06-18,25606.130859375
2019-06-19,25504.33984375
2019-06-20,25612.19921875
2019-06-21,25500.859375
2019-06-24,25469.98046875
2019-06-25,25444.990234375
2019-06-26,25294.76953125
2019-06-27,25341.1796875
2019-06-28,25619.5703125
2019-07-01,25775.26953125
2019-07-02,25706.810546875
2019-07-03,26013.41015625
2019-07-04,26063.369140625
2019-07-05,25930.130859375
2019-07-08,25887.470703125
2019-07-09,25823.359375
2019-07-10,25821.189453125
2019-07-11,25757.9609375
2019-07-12,25813.630859375
2019-07-15,25993.58984375
2019-07-16,26059.73046875
2019-07-17,25929.509765625
2019-07-18,25736.98046875
2019-07-19,25845.119140625
2019-07-22,25855.69921875
2019-07-23,26154.580078125
2019-07-24,26290.720703125
2019-07-25,26099.140625
2019-07-26,26224.310546875
2019-07-29,26256.240234375
2019-07-30,25806.900390625
2019-07-31,25935.279296875
2019-08-01,26191.48046875
2019-08-02,25626.16015625
2019-08-05,25038.140625
2019-08-06,24943.7890625
2019-08-07,25125.859375
2019-08-08,25592.369140625
2019-08-09,25354.01953125
2019-08-12,25249.75
2019-08-13,25263.94921875
2019-08-14,24660.509765625
2019-08-15,24384.439453125
2019-08-16,24817.080078125
2019-08-19,25175.869140625
2019-08-20,24986.849609375
2019-08-21,25456.740234375
2019-08-22,25245.4609375
2019-08-23,25039.939453125
2019-08-26,24999.669921875
2019-08-27,25181.9296875
2019-08-28,25105.0703125
2019-08-29,25390.099609375
2019-08-30,25719.9609375
2019-09-02,25709.640625
2019-09-03,25558.390625
2019-09-04,25746.080078125
2019-09-05,25867.380859375
2019-09-06,26010.470703125
2019-09-09,26004.119140625
2019-09-10,25883.490234375
2019-09-11,26082.400390625
2019-09-12,26182.5390625
2019-09-13,26257.529296875
2019-09-16,25976.369140625
2019-09-17,25958.009765625
2019-09-18,25947.859375
2019-09-19,26092.419921875
2019-09-20,25897.30078125
2019-09-23,25592.390625
2019-09-24,25641.9296875
2019-09-25,25565.310546875
2019-09-26,25700.349609375
2019-09-27,25833.939453125
2019-09-30,25886.9296875
2019-10-01,25658.390625
2019-10-02,25117.529296875
2019-10-04,25533.5
2019-10-07,25615.9609375
2019-10-08,25175.419921875
2019-10-09,25295.900390625
2019-10-10,25319.2890625
2019-10-11,25627.560546875
2019-10-14,25638.470703125
2019-10-15,25917.990234375
2019-10-16,25950.490234375
2019-10-17,26103.869140625
2019-10-18,25999.859375
2019-10-21,26224.830078125
2019-10-22,26245.779296875
2019-10-23,26177.5703125
2019-10-24,26299.380859375
2019-10-25,26240.5703125
2019-10-28,26359.2890625
2019-10-29,26299.740234375
2019-10-30,26392.560546875
2019-10-31,26249.30078125
2019-11-01,26547.33984375
2019-11-04,26913.330078125
2019-11-05,26872.810546875
2019-11-06,26962.51953125
2019-11-07,27132.4296875
2019-11-08,26980.30078125
2019-11-11,26968.830078125
2019-11-12,27012.689453125
2019-11-13,27085.369140625
2019-11-14,27080.75
2019-11-15,27198.740234375
2019-11-18,27239.140625
2019-11-19,27294.279296875
2019-11-20,27215.30078125
2019-11-21,27027.009765625
2019-11-22,27091.470703125
2019-11-25,27282.98046875
2019-11-26,27542.830078125
2019-11-27,27531.4609375
2019-11-28,27505.330078125
2019-11-29,27461.609375
2019-12-02,27029.900390625
2019-12-03,26897.140625
2019-12-04,27241.080078125
2019-12-05,27151.509765625
2019-12-06,27343.83984375
2019-12-09,27378.4609375
2019-12-10,27276.359375
2019-12-11,27350.9609375
2019-12-12,27511.990234375
2019-12-13,27772.98046875
2019-12-16,28254.400390625
2019-12-17,28298.0703125
2019-12-18,28192.359375
2019-12-19,28316.1796875
2019-12-20,28440.98046875
2019-12-23,28545.2890625
2019-12-27,28537.470703125
2019-12-30,28312.80078125
2020-01-02,28608.30078125
2020-01-03,28451.330078125
2020-01-06,28193.26953125
2020-01-07,28287.080078125
2020-01-08,28377.80078125
2020-01-09,28554.009765625
2020-01-10,28470.890625
2020-01-13,28405.66015625
2020-01-14,28462.470703125
2020-01-15,28407.220703125
2020-01-16,28470.390625
2020-01-17,28669.650390625
2020-01-20,28811.240234375
2020-01-21,28767.9609375
2020-01-22,28754.119140625
2020-01-23,28480.529296875
2020-01-24,28802.240234375
2020-01-27,28133.890625
2020-01-28,28354.83984375
2020-01-29,28513.5
2020-01-30,28186.140625
2020-01-31,27984.3203125
2020-02-03,28046.05078125
2020-02-04,28441.900390625
2020-02-05,28780.26953125
2020-02-06,28908.75
2020-02-07,28671.900390625
2020-02-10,28781.240234375
2020-02-11,29195.33984375
2020-02-12,29238.359375
2020-02-13,29172.669921875
2020-02-14,29214.880859375
2020-02-17,29316.33984375
2020-02-18,29057.80078125
2020-02-19,29355.189453125
2020-02-20,29176.900390625
2020-02-21,28983.390625
2020-02-24,27884.91015625
2020-02-25,27315.419921875
2020-02-26,27126.890625
2020-02-27,26196.76953125
2020-02-28,25366.619140625
2020-03-02,25348.330078125
2020-03-03,25897.560546875
2020-03-04,26091.330078125
2020-03-05,25679.689453125
2020-03-06,24750.76953125
2020-03-09,23091.7109375
2020-03-10,22901.9609375
2020-03-11,22637.9296875
2020-03-12,20168.01953125
2020-03-13,20256.48046875
2020-03-16,19230.19921875
2020-03-17,18954.609375
2020-03-18,17909.400390625
2020-03-19,18559.779296875
2020-03-20,19521.150390625
2020-03-23,18837.029296875
2020-03-24,20181.98046875
2020-03-25,20762.0390625
2020-03-26,21426.130859375
2020-03-27,20618.220703125
2020-03-30,20651.220703125
2020-03-31,21040.7109375
2020-04-01,20432.30078125
2020-04-02,20488.220703125
2020-04-03,20345.740234375
2020-04-06,21101.099609375
2020-04-07,21538.130859375
2020-04-08,21704.439453125
2020-04-09,22100.169921875
2020-04-14,22374.19921875
2020-04-15,21722.08984375
2020-04-16,21792.669921875
2020-04-17,22356.359375
2020-04-20,22460.83984375
2020-04-21,21948.25
2020-04-22,22274.83984375
2020-04-23,22506.810546875
2020-04-24,22240.689453125
2020-04-27,22584.220703125
2020-04-28,22817.0703125
2020-04-29,23406.05078125
2020-04-30,23043.69921875
2020-05-04,22431.369140625
2020-05-05,23117.73046875
2020-05-06,23082.779296875
2020-05-07,23742.939453125
2020-05-08,23965.2109375
2020-05-11,23865.8203125
2020-05-12,23819.970703125
2020-05-13,23546.439453125
2020-05-14,22994.509765625
2020-05-15,23270.6796875
2020-05-18,24087.720703125
2020-05-19,24198.380859375
2020-05-20,24478.880859375
2020-05-21,24406.91015625
2020-05-22,24590.009765625
2020-05-25,25085.859375
2020-05-26,25446.599609375
2020-05-27,25152.029296875
2020-05-28,25633.6796875
2020-05-29,25396.0
2020-06-02,26080.630859375
2020-06-03,26677.4296875
2020-06-04,26760.419921875
2020-06-05,27199.759765625
2020-06-08,26991.099609375
2020-06-09,26523.55078125
2020-06-10,26393.33984375
2020-06-11,25514.7890625
2020-06-12,25477.060546875
2020-06-15,25434.5390625
2020-06-16,26056.51953125
2020-06-17,26205.73046875
2020-06-18,26201.349609375
2020-06-19,26246.0
2020-06-22,25973.9609375
2020-06-23,26168.830078125
2020-06-24,25523.98046875
2020-06-25,25879.25
2020-06-26,25620.349609375
2020-06-29,25668.740234375
2020-06-30,25840.30078125
2020-07-01,26080.66015625
2020-07-02,26627.4609375
2020-07-03,26600.490234375
2020-07-06,27060.390625
2020-07-07,26909.23046875
2020-07-08,26758.990234375
2020-07-09,26555.630859375
2020-07-10,26673.939453125
2020-07-13,26984.240234375
2020-07-14,26689.69921875
2020-07-15,27078.720703125
2020-07-16,27065.66015625
2020-07-17,26937.4296875
2020-07-20,27118.419921875
2020-07-21,27234.98046875
2020-07-22,27390.380859375
2020-07-23,27311.5390625
2020-07-24,26650.240234375
2020-07-27,26612.94921875
2020-07-28,26748.0390625
2020-07-29,26829.189453125
2020-07-30,26265.419921875
2020-07-31,26191.8203125
2020-08-03,26670.759765625
2020-08-04,26559.83984375
2020-08-05,26876.240234375
2020-08-06,26803.369140625
2020-08-07,27142.44921875
2020-08-10,27175.4296875
2020-08-11,27609.689453125
2020-08-12,27781.23046875
2020-08-13,27707.7109375
2020-08-14,27313.16015625
2020-08-17,27490.01953125
2020-08-18,27311.830078125
2020-08-19,27402.470703125
2020-08-20,27208.01953125
2020-08-21,27266.7890625
2020-08-24,27630.390625
2020-08-25,27601.80078125
2020-08-26,27861.669921875
2020-08-27,27673.740234375
2020-08-28,27527.33984375
2020-08-31,27453.169921875
2020-09-01,27521.69921875
2020-09-02,27893.91015625
2020-09-03,27222.640625
2020-09-04,26901.859375
2020-09-07,27567.08984375
2020-09-08,27210.33984375
2020-09-09,27534.83984375
2020-09-10,27481.91015625
2020-09-11,27346.16015625
2020-09-14,27574.5703125
2020-09-15,27498.890625
2020-09-16,27691.990234375
2020-09-17,27622.169921875
2020-09-18,27512.91015625
2020-09-21,26499.94921875
2020-09-22,26599.83984375
2020-09-23,26775.94921875
2020-09-24,26424.05078125
2020-09-25,26452.759765625
2020-09-28,26966.919921875
2020-09-29,26969.26953125
2020-09-30,27006.810546875
2020-10-01,27348.26953125
2020-10-02,27249.150390625
2020-10-05,27706.2890625
2020-10-06,27668.0
2020-10-07,27617.7109375
2020-10-08,27835.109375
2020-10-09,28003.130859375
2020-10-12,28158.279296875
2020-10-13,27876.0390625
2020-10-14,27888.650390625
2020-10-15,27462.630859375
2020-10-16,27765.19921875
2020-10-19,27815.349609375
2020-10-20,27692.890625
2020-10-21,27165.349609375
2020-10-22,27189.169921875
2020-10-23,27279.58984375
2020-10-26,26703.580078125
2020-10-27,26604.779296875
2020-10-28,25884.130859375
2020-10-29,25801.8203125
2020-10-30,25721.0
2020-11-02,26079.23046875
2020-11-03,26571.8203125
2020-11-04,27241.369140625
2020-11-05,27498.939453125
2020-11-06,27346.2890625
2020-11-09,27793.970703125
2020-11-10,27984.8203125
2020-11-11,28408.8203125
2020-11-12,28334.01953125
2020-11-13,28512.9609375
2020-11-16,28732.109375
2020-11-17,28650.689453125
2020-11-18,28799.05078125
2020-11-19,28745.5
2020-11-20,28998.470703125
2020-11-23,28998.580078125
2020-11-24,29029.419921875
2020-11-25,29029.48046875
2020-11-26,29146.109375
2020-11-27,29374.630859375
2020-11-30,29301.4609375
2020-12-01,29352.26953125
2020-12-02,29242.439453125
2020-12-03,29287.1796875
2020-12-04,29517.75
2020-12-07,29474.439453125
2020-12-08,29653.859375
2020-12-09,29620.94921875
2020-12-10,29689.130859375
2020-12-11,29608.5
2020-12-14,29727.58984375
2020-12-15,29743.890625
2020-12-16,29974.130859375
2020-12-17,30205.169921875
2020-12-18,30405.619140625
2020-12-21,29866.470703125
2020-12-22,30233.41015625
2020-12-23,30413.7890625
2020-12-28,30655.689453125
2020-12-29,30912.390625
2020-12-30,30796.259765625
2021-01-04,30950.599609375
2021-01-05,31059.880859375
2021-01-06,31121.009765625
2021-01-07,31224.279296875
2021-01-08,31356.650390625
2021-01-11,31102.19921875
2021-01-12,31188.349609375
2021-01-13,31308.30078125
2021-01-14,31572.080078125
2021-01-15,31035.919921875
2021-01-18,31206.48046875
2021-01-19,31290.4609375
2021-01-20,31577.890625
2021-01-21,31748.970703125
2021-01-22,31635.509765625
2021-01-25,31391.83984375
2021-01-26,31562.349609375
2021-01-27,31341.51953125
2021-01-28,31461.9609375
2021-01-29,31086.779296875
2021-02-01,31441.30078125
2021-02-02,32037.6796875
2021-02-03,32193.650390625
2021-02-04,32361.060546875
2021-02-05,32401.0390625
2021-02-08,32474.0703125
2021-02-09,32256.890625
2021-02-10,32132.8203125
2021-02-11,32546.560546875
2021-02-12,32595.23046875
2021-02-15,32905.80078125
2021-02-16,33042.328125
2021-02-17,32637.16015625
2021-02-18,32227.05078125
2021-02-19,32384.740234375
2021-02-22,32024.080078125
2021-02-23,31643.83984375
2021-02-24,31758.669921875
2021-02-25,31640.859375
2021-02-26,31270.859375
2021-03-01,31900.94921875
2021-03-02,31762.2109375
2021-03-03,31561.869140625
2021-03-04,31309.2109375
2021-03-05,30716.509765625
2021-03-08,31310.9296875
2021-03-09,31623.80078125
2021-03-10,31571.279296875
2021-03-11,31937.029296875
2021-03-12,31779.279296875
2021-03-15,31813.58984375
2021-03-16,32098.2890625
2021-03-17,31867.400390625
2021-03-18,31972.9609375
2021-03-19,31622.55078125
2021-03-22,31848.330078125
2021-03-23,31750.080078125
2021-03-24,31511.150390625
2021-03-25,31321.599609375
2021-03-26,31594.83984375
2021-03-29,31460.5
2021-03-30,31727.970703125
2021-03-31,31717.359375
2021-04-01,32289.810546875
2021-04-06,32465.470703125
2021-04-07,32484.98046875
2021-04-08,32632.029296875
2021-04-09,32737.55078125
2021-04-12,32472.5
2021-04-13,32666.140625
2021-04-14,32709.109375
2021-04-15,33007.26953125
2021-04-16,33263.2109375
2021-04-19,33098.4609375
2021-04-20,32540.150390625
2021-04-21,32545.759765625
2021-04-22,32872.94921875
2021-04-23,32772.4609375
2021-04-26,33038.0
2021-04-27,33057.41015625
2021-04-28,32971.859375
2021-04-29,32756.060546875
2021-04-30,32704.669921875
2021-05-03,32913.3203125
2021-05-04,32042.369140625
2021-05-05,32536.740234375
2021-05-06,32300.369140625
2021-05-07,32665.01953125
2021-05-10,32451.439453125
2021-05-11,31782.740234375
2021-05-12,31638.6796875
2021-05-13,31695.5703125
2021-05-14,32141.169921875
2021-05-17,32124.23046875
2021-05-18,32282.619140625
2021-05-19,31899.330078125
2021-05-20,32344.720703125
2021-05-21,32416.7109375
2021-05-25,32711.859375
2021-05-26,32780.359375
2021-05-27,33008.80859375
2021-05-28,33307.69921875
2021-05-31,33191.8515625
2021-06-01,33559.1484375
2021-06-02,33480.30859375
2021-06-03,33465.37890625
2021-06-04,33689.6484375
2021-06-07,33924.83984375
2021-06-08,33782.96875
2021-06-09,33804.48046875
2021-06-10,33771.26953125
2021-06-11,34017.58984375
2021-06-14,34176.62109375
2021-06-15,34134.01953125
2021-06-16,34232.73828125
2021-06-17,34222.69140625
2021-06-18,34022.51953125
2021-06-21,34198.7109375
2021-06-22,34234.58984375
2021-06-23,33899.80859375
2021-06-24,34343.83984375
2021-06-25,34470.05078125
2021-06-28,34276.26953125
2021-06-29,34295.8515625
2021-06-30,34049.859375
2021-07-01,34254.5
2021-07-02,34462.96875
2021-07-05,34534.421875
2021-07-06,34544.16015625
2021-07-07,34799.171875
2021-07-08,34352.33984375
2021-07-09,34777.58984375
2021-07-12,34957.21875
2021-07-13,34920.6015625
2021-07-14,34775.51171875
2021-07-15,34533.421875
2021-07-16,34450.2109375
2021-07-19,33875.23828125
2021-07-20,33950.8984375
2021-07-21,34503.48046875
2021-07-22,34843.96875
2021-07-23,35163.21875
2021-07-26,35088.55078125
2021-07-27,34931.25
2021-07-28,35200.69921875
2021-07-29,35272.921875
2021-07-30,35146.91015625
2021-08-02,35384.23828125
2021-08-03,35299.3984375
2021-08-04,35485.55078125
2021-08-05,35727.01953125
2021-08-06,35566.41015625
2021-08-09,35606.69140625
2021-08-10,35850.12890625
2021-08-11,35760.30859375
2021-08-12,35804.48828125
2021-08-13,35918.3984375
2021-08-16,35722.828125
2021-08-17,35732.9609375
2021-08-18,36010.94140625
2021-08-19,35608.8984375
2021-08-20,35662.3515625
2021-08-23,35947.5703125
2021-08-24,36139.8515625
2021-08-25,36115.58984375
2021-08-26,35954.62109375
2021-08-27,36127.19140625
2021-08-30,36268.87109375
2021-08-31,35952.73828125
2021-09-01,36183.03125
2021-09-02,36275.62109375
2021-09-03,36056.41015625
2021-09-06,36215.73046875
2021-09-07,36255.87109375
2021-09-08,35944.05078125
2021-09-09,36120.53125
2021-09-10,36092.12109375
2021-09-13,35798.6796875
2021-09-14,35871.75
2021-09-15,35449.1015625
2021-09-16,35557.87890625
2021-09-17,35292.98828125
2021-09-20,34799.58984375
2021-09-21,34985.2109375
2021-09-22,35206.4296875
2021-09-23,35483.48828125
2021-09-24,35282.5390625
2021-09-27,35274.140625
2021-09-28,34502.30859375
2021-09-29,34520.53125
2021-09-30,34369.69140625
2021-10-01,34154.1484375
2021-10-04,33830.171875
2021-10-05,34022.91015625
2021-10-06,33293.19140625
2021-10-07,33506.19921875
2021-10-08,33410.33984375
2021-10-11,33536.71875
2021-10-12,33624.671875
2021-10-13,33757.26171875
2021-10-14,34169.4609375
2021-10-15,34358.41015625
2021-10-18,34389.6484375
2021-10-19,34590.359375
2021-10-20,34540.48046875
2021-10-21,34717.359375
2021-10-22,34824.98828125
2021-10-25,34849.01953125
2021-10-26,35106.30078125
2021-10-27,35011.0390625
2021-10-28,35012.140625
2021-10-29,34851.1015625
2021-11-01,35117.26953125
2021-11-02,35164.078125
2021-11-03,35549.671875
2021-11-04,35881.87109375
2021-11-05,35823.44140625
2021-11-08,36123.21875
2021-11-09,36098.25
2021-11-10,35991.1796875
2021-11-11,35956.30859375
2021-11-12,35869.05078125
2021-11-15,36111.30078125
2021-11-16,36200.328125
2021-11-17,36110.171875
2021-11-18,35967.62890625
2021-11-19,35912.8203125
2021-11-22,35663.28125
2021-11-23,35053.33984375
2021-11-24,34826.4296875
2021-11-25,35012.01171875
2021-11-26,33849.94921875
2021-11-29,34052.0390625
2021-11-30,33890.75
2021-12-01,34329.53125
2021-12-02,33774.4296875
2021-12-03,33711.12109375
2021-12-06,33996.8515625
2021-12-07,34839.421875
2021-12-08,34704.37890625
2021-12-09,34595.48046875
2021-12-10,34397.140625
2021-12-13,34466.94921875
2021-12-14,34190.9296875
2021-12-15,34333.08984375
2021-12-16,34472.94140625
2021-12-17,34460.76953125
2021-12-20,34012.6015625
2021-12-21,34347.0390625
2021-12-22,34622.25
2021-12-23,34834.05078125
2021-12-27,35062.640625
2021-12-28,35301.01953125
2021-12-29,35147.6015625
2021-12-30,35123.25
2022-01-03,35488.23046875
2022-01-04,35526.2109375
2022-01-05,35631.109375
2022-01-06,35168.3203125
2022-01-07,34975.83984375
2022-01-10,34438.51953125
2022-01-11,34649.0703125
2022-01-12,34885.328125
2022-01-13,34793.21875
2022-01-14,34518.609375
2022-01-17,34587.2890625
2022-01-18,34155.359375
2022-01-19,34134.390625
2022-01-20,34340.37109375
2022-01-21,33642.359375
2022-01-24,32239.830078125
2022-01-25,32424.55078125
2022-01-26,33134.0390625
2022-01-27,33226.58984375
2022-01-28,33074.80859375
2022-01-31,33321.73046875
2022-02-01,33735.98828125
2022-02-02,34037.44140625
2022-02-03,33643.12890625
2022-02-04,33080.55859375
2022-02-07,33125.37109375
2022-02-08,33257.7109375
2022-02-09,33780.6796875
2022-02-10,33527.37890625
2022-02-11,33403.5390625
2022-02-14,32733.509765625
2022-02-15,33465.75
2022-02-16,33532.5390625
2022-02-17,33389.03125
2022-02-18,32972.66015625
2022-02-21,32331.240234375
2022-02-22,32191.640625
2022-02-23,31887.109375
2022-02-24,30663.580078125
2022-02-25,31800.310546875
2022-02-28,31873.349609375
2022-03-01,30984.630859375
2022-03-02,31100.359375
2022-03-03,30332.880859375
2022-03-04,28858.529296875
2022-03-07,28342.73046875
2022-03-08,28170.9609375
2022-03-09,30043.970703125
2022-03-10,29465.890625
2022-03-11,29960.189453125
2022-03-14,30526.310546875
2022-03-15,30354.01953125
2022-03-16,31368.05078125
2022-03-17,31472.5703125
2022-03-18,31605.7109375
2022-03-21,31681.669921875
2022-03-22,31914.5390625
2022-03-23,31541.849609375
2022-03-24,31346.830078125
2022-03-25,31171.509765625
2022-03-28,31236.33984375
2022-03-29,31862.16015625
2022-03-30,31519.150390625
2022-03-31,31011.7109375
2022-04-01,31192.630859375
2022-04-04,31544.580078125
2022-04-05,31553.880859375
2022-04-06,30619.220703125
2022-04-07,30394.560546875
2022-04-08,30830.640625
2022-04-11,30571.6796875
2022-04-12,30405.109375
2022-04-13,30405.740234375
2022-04-14,30669.349609375
2022-04-19,30724.080078125
2022-04-20,31103.30078125
2022-04-21,31443.359375
2022-04-22,30800.16015625
2022-04-25,30241.2109375
2022-04-26,29726.890625
2022-04-27,29816.3203125
2022-04-28,30077.240234375
2022-04-29,30093.060546875
2022-05-02,29521.41015625
2022-05-03,29932.76953125
2022-05-04,29696.369140625
2022-05-05,29374.369140625
2022-05-06,28765.55078125
2022-05-09,27815.439453125
2022-05-10,28026.9609375
2022-05-11,28613.419921875
2022-05-12,28180.30078125
2022-05-13,28820.8203125
2022-05-16,28931.900390625
2022-05-17,29370.5
2022-05-18,29101.48046875
2022-05-19,29034.109375
2022-05-20,29199.94921875
2022-05-23,29452.51953125
2022-05-24,28894.330078125
2022-05-25,29108.439453125
2022-05-26,29430.26953125
2022-05-27,29749.55078125
2022-05-30,30188.01953125
2022-05-31,29913.5
2022-06-01,29750.330078125
2022-06-02,30234.240234375
2022-06-03,30224.1796875
2022-06-06,30542.380859375
2022-06-07,30391.580078125
2022-06-08,30178.640625
2022-06-09,29649.890625
2022-06-10,28768.98046875
2022-06-13,27742.349609375
2022-06-14,27340.9609375
2022-06-15,27784.26953125
2022-06-16,26735.76953125
2022-06-17,27061.740234375
2022-06-20,27483.2109375
2022-06-21,27512.5390625
2022-06-22,27246.16015625
2022-06-23,26499.6796875
2022-06-24,26952.0390625
2022-06-27,27153.439453125
2022-06-28,27119.150390625
2022-06-29,26380.849609375
2022-06-30,25823.44921875
2022-07-01,25837.25
2022-07-04,25505.48046875
2022-07-05,24635.0
2022-07-06,24979.41015625
2022-07-07,25861.25
2022-07-08,26300.66015625
2022-07-11,25695.529296875
2022-07-12,25755.1796875
2022-07-13,25503.279296875
2022-07-14,25005.509765625
2022-07-15,25557.640625
2022-07-18,25921.23046875
2022-07-19,26515.529296875
2022-07-20,26696.419921875
2022-07-21,26656.25
2022-07-22,26776.390625
2022-07-25,26632.66015625
2022-07-26,26063.029296875
2022-07-27,26491.91015625
2022-07-28,26824.509765625
2022-07-29,27364.5703125
2022-08-01,27427.9296875
2022-08-02,27380.109375
2022-08-03,27806.119140625
2022-08-04,28162.23046875
2022-08-05,27772.580078125
2022-08-08,27851.669921875
2022-08-09,27270.8203125
2022-08-10,27818.279296875
2022-08-11,27896.16015625
2022-08-12,27907.48046875
2022-08-15,27908.140625
2022-08-16,28108.380859375
2022-08-17,27543.16015625
2022-08-18,27529.91015625
2022-08-19,26984.970703125
2022-08-22,26009.689453125
2022-08-23,25964.560546875
2022-08-24,26057.509765625
2022-08-25,26070.640625
2022-08-26,25523.689453125
2022-08-29,25470.5
2022-08-30,25393.830078125
2022-08-31,25219.130859375
2022-09-01,24415.91015625
2022-09-02,25162.05078125
2022-09-05,24669.2890625
2022-09-06,24885.30078125
2022-09-07,24996.30078125
2022-09-08,25126.080078125
2022-09-09,25700.939453125
2022-09-12,26186.80078125
2022-09-13,25317.439453125
2022-09-14,24798.19921875
2022-09-15,24455.08984375
2022-09-16,23944.009765625
2022-09-19,23970.330078125
2022-09-20,23759.509765625
2022-09-21,23908.0
2022-09-22,23267.310546875
2022-09-23,22541.580078125
2022-09-26,22450.369140625
2022-09-27,22342.599609375
2022-09-28,22326.580078125
2022-09-29,21791.029296875
2022-09-30,22370.01953125
2022-10-03,22670.640625
2022-10-04,23498.80078125
2022-10-05,22982.69921875
2022-10-06,23020.740234375
2022-10-07,22530.9609375
2022-10-10,22476.259765625
2022-10-11,22192.30078125
2022-10-12,21894.400390625
2022-10-13,22225.91015625
2022-10-14,22332.630859375
2022-10-17,22983.029296875
2022-10-18,23248.900390625
2022-10-19,22984.76953125
2022-10-20,23273.029296875
2022-10-21,22918.009765625
2022-10-24,23241.830078125
2022-10-25,23807.169921875
2022-10-26,24211.779296875
2022-10-27,23940.859375
2022-10-28,23651.169921875
2022-10-31,23678.05078125
2022-11-01,24019.05078125
2022-11-02,23751.119140625
2022-11-03,23247.650390625
2022-11-04,23811.5703125
2022-11-07,24084.259765625
2022-11-08,24479.599609375
2022-11-09,24279.490234375
2022-11-10,25270.810546875
2022-11-11,25975.0
2022-11-14,26304.830078125
2022-11-15,26181.16015625
2022-11-16,25610.9296875
2022-11-17,25509.560546875
2022-11-18,25746.01953125
2022-11-21,25547.44921875
2022-11-22,25619.359375
2022-11-23,25635.91015625
2022-11-24,26054.9296875
2022-11-25,25971.44921875
2022-11-28,25600.970703125
2022-11-29,25356.560546875
2022-11-30,25593.23046875
2022-12-01,25954.7109375
2022-12-02,26183.849609375
2022-12-05,25903.44921875
2022-12-06,25627.990234375
2022-12-07,25263.080078125
2022-12-08,25464.650390625
2022-12-09,25604.1796875
2022-12-12,25487.05078125
2022-12-13,26018.2890625
2022-12-14,25874.83984375
2022-12-15,25288.26953125
2022-12-16,24963.0
2022-12-19,25023.990234375
2022-12-20,24962.5
2022-12-21,25486.650390625
2022-12-22,25105.44921875
2022-12-23,25248.109375
2022-12-27,25285.55078125
2022-12-28,25200.859375
2022-12-29,25437.3203125
2022-12-30,25117.5703125
2023-01-02,25475.529296875
2023-01-03,25917.5703125
2023-01-04,26447.849609375
2023-01-05,26672.140625
2023-01-06,26970.099609375
2023-01-09,27560.890625
2023-01-10,27383.669921875
2023-01-11,27777.5390625
2023-01-12,28076.349609375
2023-01-13,28254.05078125
2023-01-16,28456.640625
2023-01-17,28635.939453125
2023-01-18,28819.2890625
2023-01-19,28100.0703125
2023-01-20,28476.560546875
2023-01-23,28692.689453125
2023-01-24,28567.0
2023-01-25,28429.44921875
2023-01-26,28790.400390625
2023-01-27,29075.859375
2023-01-30,28869.140625
2023-01-31,28813.25
2023-02-01,28849.880859375
2023-02-02,29808.919921875
2023-02-03,29778.58984375
2023-02-06,29321.7109375
2023-02-07,29179.029296875
2023-02-08,29218.640625
2023-02-09,29036.390625
2023-02-10,28394.759765625
2023-02-13,28509.099609375
2023-02-14,28331.359375
2023-02-15,28651.029296875
2023-02-16,29027.849609375
2023-02-17,28857.810546875
2023-02-20,28804.220703125
2023-02-21,28710.279296875
2023-02-22,28456.310546875
2023-02-23,28706.490234375
2023-02-24,28424.810546875
2023-02-27,28678.9296875
2023-02-28,28648.130859375
2023-03-01,28579.26953125
2023-03-02,28447.23046875
2023-03-03,28918.650390625
2023-03-06,29172.98046875
2023-03-07,28857.109375
2023-03-08,28811.740234375
2023-03-09,28440.859375
2023-03-10,27998.630859375
2023-03-13,27232.33984375
2023-03-14,27779.759765625
2023-03-15,26790.720703125
2023-03-16,27043.76953125
2023-03-17,26446.9296875
2023-03-20,26592.58984375
2023-03-21,27018.7109375
2023-03-22,26864.76953125
2023-03-23,27263.98046875
2023-03-24,26484.150390625
2023-03-27,26714.529296875
2023-03-28,26562.419921875
2023-03-29,26884.099609375
2023-03-30,27458.7890625
2023-03-31,27662.939453125
2023-04-03,27446.150390625
2023-04-04,27420.990234375
2023-04-05,26970.8203125
2023-04-06,27198.330078125
2023-04-11,27449.83984375
2023-04-12,27340.859375
2023-04-13,27561.5
2023-04-14,27788.48046875
2023-04-17,27837.58984375
2023-04-18,27972.75
2023-04-19,27892.990234375
2023-04-20,27747.970703125
2023-04-21,27742.3203125
2023-04-24,27728.76953125
2023-04-25,27546.689453125
2023-04-26,27464.849609375
2023-04-27,27608.189453125
2023-04-28,27855.080078125
2023-05-02,27456.060546875
2023-05-03,27434.779296875
2023-05-04,27314.08984375
2023-05-05,27619.30078125
2023-05-08,27543.169921875
2023-05-09,27315.080078125
2023-05-10,27365.609375
2023-05-11,27247.609375
2023-05-12,27335.3203125
2023-05-15,27386.779296875
2023-05-16,27319.69921875
2023-05-17,27405.779296875
2023-05-18,27616.470703125
2023-05-19,27639.029296875
2023-05-22,27584.26953125
2023-05-23,27388.16015625
2023-05-24,26778.330078125
2023-05-25,26786.369140625
2023-05-26,26991.279296875
2023-05-29,26923.470703125
2023-05-30,26795.41015625
2023-05-31,26537.41015625
2023-06-01,26746.720703125
2023-06-02,27264.890625
2023-06-05,27104.830078125
2023-06-06,27102.009765625
2023-06-07,27140.470703125
2023-06-08,27182.349609375
2023-06-09,27154.140625
2023-06-12,27305.830078125
2023-06-13,27473.140625
2023-06-14,27557.189453125
2023-06-15,27330.390625
2023-06-16,27480.8203125
2023-06-19,27183.080078125
2023-06-20,26719.169921875
2023-06-21,26582.44921875
2023-06-22,26898.25
2023-06-23,26789.759765625
2023-06-26,26832.80078125
2023-06-27,26894.23046875
2023-06-28,27220.44921875
2023-06-29,27194.330078125
2023-06-30,27610.5
2023-07-03,27692.900390625
2023-07-04,27822.0703125
2023-07-05,27432.69921875
2023-07-06,26708.439453125
2023-07-07,27015.189453125
2023-07-10,27036.30078125
2023-07-11,27317.66015625
2023-07-12,27951.8203125
2023-07-13,27996.279296875
2023-07-14,27860.2890625
2023-07-17,27724.759765625
2023-07-18,28067.939453125
2023-07-19,28380.830078125
2023-07-20,28231.009765625
2023-07-21,28253.08984375
2023-07-24,28198.9609375
2023-07-25,28297.169921875
2023-07-26,28275.169921875
2023-07-27,28780.0
2023-07-28,28706.19921875
2023-07-31,28837.05078125
2023-08-01,28571.23046875
2023-08-02,28044.80078125
2023-08-03,27936.099609375
2023-08-04,28087.880859375
2023-08-07,28027.25
2023-08-08,27911.390625
2023-08-09,28026.16015625
2023-08-10,28334.220703125
2023-08-11,28084.25
2023-08-14,28017.23046875
2023-08-15,27786.2890625
2023-08-16,27816.259765625
2023-08-17,27518.509765625
2023-08-18,27153.23046875
2023-08-21,27011.94921875
2023-08-22,27239.599609375
2023-08-23,27304.109375
2023-08-24,27105.060546875
2023-08-25,26999.470703125
2023-08-28,27287.4609375
2023-08-29,27664.9296875
2023-08-30,27520.30078125
2023-08-31,27818.98046875
2023-09-01,27812.9296875
2023-09-04,27852.349609375
2023-09-05,27666.58984375
2023-09-06,27437.259765625
2023-09-07,27160.830078125
2023-09-08,27060.640625
2023-09-11,27204.490234375
2023-09-12,27089.869140625
2023-09-13,27055.94921875
2023-09-14,27326.0
2023-09-15,27316.05078125
2023-09-18,26915.099609375
2023-09-19,26904.25
2023-09-20,27184.189453125
2023-09-21,26575.4296875
2023-09-22,26536.25
2023-09-25,26129.859375
2023-09-26,25676.1796875
2023-09-27,25628.75
2023-09-28,25718.4296875
2023-09-29,26075.109375
2023-10-02,25773.4296875
2023-10-03,25296.859375
2023-10-04,25281.130859375
2023-10-05,25172.94921875
2023-10-06,25403.140625
2023-10-09,25230.58984375
2023-10-10,25795.41015625
2023-10-11,25461.759765625
2023-10-12,25290.9609375
2023-10-13,24956.390625
2023-10-16,25019.400390625
2023-10-17,24976.80078125
2023-10-18,24702.330078125
2023-10-19,24437.240234375
2023-10-20,24065.650390625
2023-10-23,24079.619140625
2023-10-24,24423.490234375
2023-10-25,24023.310546875
2023-10-26,23796.75
2023-10-27,23772.01953125
2023-10-30,23844.33984375
2023-10-31,24040.189453125
2023-11-01,24059.0390625
2023-11-02,24729.990234375
2023-11-03,25136.98046875
2023-11-06,24908.6796875
2023-11-07,25107.609375
2023-11-08,25391.119140625
2023-11-09,25819.66015625
2023-11-10,25290.8203125
2023-11-13,25409.630859375
2023-11-14,26245.400390625
2023-11-15,26454.599609375
2023-11-16,25968.5
2023-11-17,26283.890625
2023-11-20,26394.859375
2023-11-21,25948.01953125
2023-11-22,26135.94921875
2023-11-23,26101.25
2023-11-24,26214.44921875
2023-11-27,26114.01953125
2023-11-28,26007.220703125
2023-11-29,26313.98046875
2023-11-30,26183.419921875
2023-12-01,26492.490234375
2023-12-04,26370.25
2023-12-05,26491.44921875
2023-12-06,26737.580078125
2023-12-07,26534.939453125
2023-12-08,26691.2890625
2023-12-11,26622.25
2023-12-12,26582.80078125
2023-12-13,26427.650390625
2023-12-14,27198.240234375
2023-12-15,27133.80078125
2023-12-18,26904.30078125
2023-12-19,27156.94921875
2023-12-20,27353.01953125
2023-12-21,27219.7109375
2023-12-22,26943.599609375
2023-12-27,27157.630859375
2023-12-28,27064.91015625
2023-12-29,27137.30078125
2024-01-02,26838.33984375
2024-01-03,26252.130859375
2024-01-04,26109.359375
2024-01-05,26057.6796875
2024-01-08,26316.349609375
2024-01-09,26323.900390625
2024-01-10,26247.689453125
2024-01-11,26069.94921875
2024-01-12,26296.91015625
2024-01-15,25987.689453125
2024-01-16,25698.01953125
2024-01-17,25250.060546875
2024-01-18,25552.880859375
2024-01-19,25432.05078125
2024-01-22,25748.16015625
2024-01-23,25839.05078125
2024-01-24,26141.2890625
2024-01-25,26075.580078125
2024-01-26,26174.5703125
2024-01-29,26101.779296875
2024-01-30,26012.330078125
2024-01-31,25959.0
2024-02-01,25902.900390625
2024-02-02,25651.30078125
2024-02-05,25588.30078125
2024-02-06,25820.640625
2024-02-07,25711.390625
2024-02-08,25785.98046875
2024-02-09,25728.83984375
2024-02-12,26095.33984375
2024-02-13,25724.509765625
2024-02-14,26050.0703125
2024-02-15,26057.189453125
2024-02-16,26148.080078125
2024-02-19,26014.169921875
2024-02-20,25758.310546875
2024-02-21,25714.19921875
2024-02-22,26099.759765625
2024-02-23,25999.48046875
2024-02-26,25785.7890625
2024-02-27,25964.8203125
2024-02-28,25885.75
2024-02-29,25824.650390625
2024-03-01,26120.640625
2024-03-04,25987.369140625
2024-03-05,25995.470703125
2024-03-06,26159.91015625
2024-03-07,26167.609375
2024-03-08,25983.6796875
2024-03-11,26036.33984375
2024-03-12,26408.2890625
2024-03-13,26352.470703125
2024-03-14,26261.599609375
2024-03-15,26064.140625
2024-03-18,26136.349609375
2024-03-19,26245.890625
2024-03-20,26264.30078125
2024-03-21,26473.05078125
2024-03-22,26622.830078125
2024-03-25,26666.9609375
2024-03-26,26871.419921875
2024-03-27,27091.94921875
2024-03-28,27043.0390625
2024-04-02,26776.41015625
2024-04-03,27057.48046875
2024-04-04,27267.7109375
2024-04-05,26915.130859375
2024-04-08,27136.6796875
2024-04-09,26992.470703125
2024-04-10,26939.9609375
2024-04-11,26703.1796875
2024-04-12,26576.830078125
2024-04-15,26447.140625
2024-04-16,25973.849609375
2024-04-17,25926.740234375
2024-04-18,26189.439453125
2024-04-19,25989.859375
2024-04-22,26289.73046875
2024-04-23,26625.01953125
2024-04-24,26346.0703125
2024-04-25,26043.1796875
2024-04-26,26175.48046875
2024-04-29,26344.5
2024-04-30,26264.390625
2024-05-02,26252.41015625
2024-05-03,26300.8203125
2024-05-06,26567.439453125
2024-05-07,26561.470703125
2024-05-08,26695.330078125
2024-05-09,26708.900390625
2024-05-10,26743.869140625
2024-05-13,26823.939453125
2024-05-14,27219.150390625
2024-05-15,27451.380859375
2024-05-16,27508.470703125
2024-05-17,27441.23046875
2024-05-20,27482.05078125
2024-05-21,27172.359375
2024-05-22,27146.099609375
2024-05-23,27193.849609375
2024-05-24,27124.240234375
2024-05-27,27281.48046875
2024-05-28,27134.66015625
2024-05-29,26589.150390625
2024-05-30,26805.4296875
2024-05-31,26716.80078125
2024-06-03,26963.490234375
2024-06-04,26779.990234375
2024-06-05,26965.720703125
2024-06-06,27027.80078125
2024-06-07,26861.0703125
2024-06-10,26741.0703125
2024-06-11,26457.330078125
2024-06-12,26772.919921875
2024-06-13,26075.109375
2024-06-14,25719.4296875
2024-06-17,25483.509765625
2024-06-18,25589.9296875
2024-06-19,25471.75
2024-06-20,25715.759765625
2024-06-21,25296.1796875
2024-06-24,25703.640625
2024-06-25,25467.359375
2024-06-26,25335.919921875
2024-06-27,25373.890625
2024-06-28,25176.060546875
2024-07-01,25244.650390625
2024-07-02,25125.83984375
2024-07-03,25395.26953125
2024-07-04,25538.5703125
2024-07-05,25728.130859375
2024-07-08,25545.970703125
2024-07-09,25252.1796875
2024-07-10,25613.880859375
2024-07-11,25748.189453125
2024-07-12,25904.220703125
2024-07-15,25688.25
2024-07-16,25576.740234375
2024-07-17,25531.970703125
2024-07-18,25587.439453125
2024-07-19,25343.4296875
2024-07-22,25418.279296875
2024-07-23,25298.470703125
2024-07-24,25059.419921875
2024-07-25,24951.140625
2024-07-26,25116.619140625
2024-07-29,25097.859375
2024-07-30,25306.83984375
2024-07-31,25373.119140625
2024-08-01,25001.779296875
2024-08-02,24464.060546875
2024-08-05,23964.390625
2024-08-06,24080.169921875
2024-08-07,24233.380859375
2024-08-08,24106.619140625
2024-08-09,24249.83984375
2024-08-12,24152.880859375
2024-08-13,24321.69921875
2024-08-14,24528.2890625
2024-08-15,24786.619140625
2024-08-16,24812.1796875
2024-08-19,24955.080078125
2024-08-20,24769.2109375
2024-08-21,24915.8203125
2024-08-22,24967.009765625
2024-08-23,25196.580078125
2024-08-26,25174.140625
2024-08-27,25281.220703125
2024-08-28,25213.80078125
2024-08-29,25508.740234375
2024-08-30,25703.439453125
2024-09-02,25642.2890625
2024-09-03,25405.4609375
2024-09-04,25296.830078125
2024-09-05,25357.970703125
2024-09-06,25046.51953125
2024-09-09,25201.259765625
2024-09-10,25199.0
2024-09-11,25105.73046875
2024-09-12,25233.2109375
2024-09-13,25550.66015625
2024-09-16,25412.150390625
2024-09-17,25781.189453125
2024-09-18,25790.130859375
2024-09-19,26265.939453125
2024-09-20,25843.26953125
2024-09-23,25996.060546875
2024-09-24,26083.75
2024-09-25,26317.30078125
2024-09-26,26797.029296875
2024-09-27,27210.140625
2024-09-30,26853.740234375
2024-10-01,26837.25
2024-10-02,26773.0390625
2024-10-03,26576.029296875
2024-10-04,26850.009765625
2024-10-07,26740.1796875
2024-10-08,26624.51953125
2024-10-09,26938.259765625
2024-10-10,26745.7890625
2024-10-11,26838.5
2024-10-14,26894.349609375
2024-10-15,26935.0
2024-10-16,27055.76953125
2024-10-17,27152.9296875
2024-10-18,27336.33984375
2024-10-21,27152.76953125
2024-10-22,27087.099609375
2024-10-23,27022.060546875
2024-10-24,27142.169921875
2024-10-25,27259.560546875
2024-10-28,27336.970703125
2024-10-29,27060.919921875
2024-10-30,26630.859375
2024-10-31,26326.83984375
2024-11-01,26514.01953125
2024-11-04,26417.990234375
2024-11-05,26566.720703125
2024-11-06,26338.009765625
2024-11-07,26529.400390625
2024-11-08,26590.849609375
2024-11-11,26997.19921875
2024-11-12,26450.619140625
2024-11-13,26239.669921875
2024-11-14,26474.41015625
2024-11-15,26411.0703125
2024-11-18,26195.1796875
2024-11-19,26098.7890625
2024-11-20,26002.5703125
2024-11-21,25868.26953125
2024-11-22,26180.19921875
2024-11-25,26469.470703125
2024-11-26,26210.759765625
2024-11-27,26186.91015625
2024-11-28,26225.8203125
2024-11-29,26320.470703125
2024-12-02,26302.939453125
2024-12-03,26450.55078125
2024-12-04,26821.5390625
2024-12-05,27132.80078125
2024-12-06,27310.859375
2024-12-09,27099.599609375
2024-12-10,26855.369140625
2024-12-11,26929.05078125
2024-12-12,26812.990234375
2024-12-13,26527.689453125
2024-12-16,26186.099609375
2024-12-17,25939.890625
2024-12-18,25847.509765625
2024-12-19,25428.359375
2024-12-20,25549.76953125
2024-12-23,25705.25
2024-12-27,25705.130859375
2024-12-30,25589.060546875
2025-01-02,25718.849609375
2025-01-03,25500.400390625
2025-01-06,25699.76953125
2025-01-07,25810.16015625
2025-01-08,25574.849609375
2025-01-09,25581.26953125
2025-01-10,25371.220703125
2025-01-13,25042.099609375
2025-01-14,25167.490234375
2025-01-15,25564.58984375
2025-01-16,25511.380859375
2025-01-17,25834.720703125
2025-01-20,26001.9609375
2025-01-21,25972.669921875
2025-01-22,26055.919921875
2025-01-23,25951.240234375
2025-01-24,26108.4609375
2025-01-27,26104.099609375
2025-01-28,26255.400390625
2025-01-29,26213.8203125
2025-01-30,26732.509765625
2025-01-31,26730.939453125
2025-02-03,26388.150390625
2025-02-04,26420.990234375
2025-02-05,26648.25
2025-02-06,27059.349609375
2025-02-07,26974.150390625
2025-02-10,27283.94921875
2025-02-11,27246.060546875
2025-02-12,27187.80078125
2025-02-13,27760.529296875
2025-02-14,27659.83984375
2025-02-17,28154.740234375
2025-02-18,28306.849609375
2025-02-19,27584.25
2025-02-20,27397.259765625
2025-02-21,27501.509765625
2025-02-24,27918.55078125
2025-02-25,28086.48046875
2025-02-26,28621.2890625
2025-02-27,28558.189453125
2025-02-28,28298.439453125
2025-03-03,28990.98046875
2025-03-04,28038.73046875
2025-03-05,29763.140625
2025-03-06,30289.609375
2025-03-07,29560.30078125
2025-03-10,29027.310546875
2025-03-11,28550.919921875
2025-03-12,28685.73046875
2025-03-13,28470.08984375
2025-03-14,29164.599609375
2025-03-17,29513.4296875
2025-03-18,29970.080078125
2025-03-19,29644.73046875
2025-03-20,29102.19921875
2025-03-21,28783.599609375
2025-03-24,28755.619140625
2025-03-25,28929.76953125
2025-03-26,28864.48046875
2025-03-27,28628.560546875
2025-03-28,27852.369140625
2025-03-31,27393.220703125
2025-04-01,27691.41015625
2025-04-02,27494.400390625
2025-04-03,26874.619140625
2025-04-04,25408.5390625
2025-04-07,24640.5390625
2025-04-08,25571.080078125
2025-04-09,24866.0
2025-04-10,25703.630859375
2025-04-11,25774.259765625
2025-04-14,26627.259765625
2025-04-15,27266.310546875
2025-04-16,27219.2890625
2025-04-17,27148.419921875
2025-04-22,27278.109375
2025-04-23,27663.220703125
2025-04-24,27907.7109375
2025-04-25,28294.650390625
2025-04-28,28308.009765625
2025-04-29,28432.189453125
2025-04-30,28737.650390625
2025-05-02,29327.130859375
2025-05-05,29618.150390625
2025-05-06,29350.23046875
2025-05-07,29171.5703125
2025-05-08,29554.240234375
2025-05-09,29730.130859375
2025-05-12,29785.720703125
2025-05-13,29755.939453125
2025-05-14,29497.140625
2025-05-15,29826.41015625
2025-05-16,29887.6796875
2025-05-19,30131.650390625
2025-05-20,30550.830078125
2025-05-21,30442.890625
2025-05-22,30053.5390625
2025-05-23,29894.720703125
2025-05-26,30390.05078125
2025-05-27,30632.05078125
2025-05-28,30648.8203125
2025-05-29,30697.55078125
2025-05-30,30594.390625
2025-06-02,30756.08984375
2025-06-03,30773.33984375
2025-06-04,31029.8203125
2025-06-05,31135.58984375
2025-06-06,30875.140625
2025-06-09,30871.7890625
2025-06-10,30548.8203125
2025-06-11,30631.69921875
2025-06-12,30201.69921875
2025-06-13,29742.08984375
2025-06-16,30006.05078125
2025-06-17,29720.25
2025-06-18,29684.3203125
2025-06-19,29120.0703125
2025-06-20,29365.169921875
2025-06-23,29283.919921875
2025-06-24,29957.560546875
2025-06-25,29925.98046875
2025-06-26,30100.759765625
2025-06-27,30357.939453125
2025-06-30,30483.5
2025-07-01,30247.390625
2025-07-02,30294.880859375
2025-07-03,30388.150390625
2025-07-04,30280.91015625
2025-07-07,30746.880859375
2025-07-08,31057.91015625
2025-07-09,31536.470703125
2025-07-10,31649.140625
2025-07-11,31354.150390625
2025-07-14,31211.23046875
2025-07-15,31086.25
2025-07-16,30721.240234375
2025-07-17,31014.830078125
2025-07-18,31098.369140625
2025-07-21,31339.689453125
2025-07-22,31127.859375
2025-07-23,31512.25
2025-07-24,31633.560546875
2025-07-25,31484.369140625
2025-07-28,31029.08984375
2025-07-29,31174.759765625
2025-07-30,30940.6796875
2025-07-31,31004.400390625
2025-08-01,30317.2890625
2025-08-04,30553.41015625
2025-08-05,30824.66015625
2025-08-06,30963.76953125
2025-08-07,31331.470703125
2025-08-08,31493.41015625
2025-08-11,31282.970703125
2025-08-12,31001.369140625
2025-08-13,30925.119140625
2025-08-14,31118.7890625
2025-08-15,30951.689453125
2025-08-18,30993.029296875
2025-08-19,30984.890625
2025-08-20,30877.869140625
2025-08-21,30677.609375
2025-08-22,30998.880859375
2025-08-25,31073.130859375
2025-08-26,30822.9296875
2025-08-27,30482.9296875
2025-08-28,30358.4609375
2025-08-29,30286.900390625
2025-09-01,30446.029296875
2025-09-02,29604.640625
2025-09-03,29731.3203125
2025-09-04,29792.439453125
2025-09-05,30011.98046875
2025-09-08,30454.689453125
2025-09-09,30326.529296875
2025-09-10,30148.880859375
2025-09-11,30146.41015625
2025-09-12,30175.16015625
2025-09-15,30469.9609375
2025-09-16,30100.16015625
2025-09-17,30217.380859375
2025-09-18,30470.7109375
2025-09-19,30195.880859375
2025-09-22,30153.7109375
2025-09-23,30265.4296875
2025-09-24,30309.83984375
2025-09-25,30034.58984375
2025-09-26,29986.849609375
2025-09-29,30117.5703125
2025-09-30,30267.490234375
2025-10-01,30459.58984375
2025-10-02,30733.4609375
2025-10-03,30936.490234375
2025-10-06,30878.029296875
2025-10-07,30836.16015625
2025-10-08,30848.8203125
2025-10-09,30921.060546875
2025-10-10,30250.029296875
2025-10-13,30447.58984375
2025-10-14,30074.66015625
2025-10-15,29786.810546875
2025-10-16,30036.6796875
2025-10-17,29512.76953125
2025-10-20,30209.220703125
2025-10-21,30140.609375
2025-10-22,30007.740234375
2025-10-23,30010.2890625
2025-10-24,30291.98046875
2025-10-27,30140.880859375
2025-10-28,30236.9609375
2025-10-29,29940.390625
2025-10-30,29884.310546875
2025-10-31,29751.619140625
2025-11-03,29835.060546875
2025-11-04,29427.529296875
2025-11-05,29374.55078125
2025-11-06,28959.630859375
2025-11-07,28793.939453125
2025-11-10,29141.19921875
2025-11-11,29204.44921875
2025-11-12,29573.630859375
2025-11-13,29610.5703125
2025-11-14,29412.359375
2025-11-17,29086.9296875
2025-11-18,28493.4296875
2025-11-19,28656.560546875
2025-11-20,28443.44921875
2025-11-21,28263.8203125
2025-11-24,28618.5390625
2025-11-25,29015.890625
2025-11-26,29220.0
2025-11-27,29531.25
2025-11-28,29937.150390625
2025-12-01,29475.8203125
2025-12-02,29523.669921875
2025-12-03,29326.189453125
2025-12-04,29597.01953125
2025-12-05,29696.44921875
2025-12-08,29665.080078125
2025-12-09,29729.05078125
2025-12-10,29732.650390625
2025-12-11,29920.080078125
2025-12-12,29959.189453125
2025-12-15,30214.609375
2025-12-16,30047.029296875
2025-12-17,29866.359375
2025-12-18,30281.1796875
2025-12-19,30361.4609375
2025-12-22,30437.2890625
2025-12-23,30302.779296875
2025-12-29,30452.529296875
2025-12-30,30617.669921875
2026-01-02,30979.740234375
2026-01-05,31454.3203125
2026-01-06,31670.419921875
2026-01-07,32064.640625
2026-01-08,32083.029296875
2026-01-09,32167.169921875
2026-01-12,32320.5
2026-01-13,32237.310546875
2026-01-14,31774.240234375
2026-01-15,31943.599609375
2026-01-16,31899.259765625
2026-01-19,31385.5703125
2026-01-20,30803.23046875
2026-01-21,30945.30078125
2026-01-22,31687.0390625
2026-01-23,31746.119140625
2026-01-26,31826.25
2026-01-27,31727.849609375
2026-01-28,31640.369140625
2026-01-29,31233.6796875
2026-01-30,31164.439453125
2026-02-02,31512.08984375
2026-02-03,31537.330078125
2026-02-04,31524.630859375
2026-02-05,31434.509765625
2026-02-06,31662.830078125
2026-02-09,31965.869140625
2026-02-10,31962.2109375
2026-02-11,31618.890625
2026-02-12,31113.69921875
2026-02-13,31299.0390625
2026-02-16,31364.560546875
2026-02-17,31444.330078125
2026-02-18,31742.220703125
2026-02-19,31479.009765625
2026-02-20,31823.390625
2026-02-23,31379.41015625
2026-02-24,31409.5
2026-02-25,31431.619140625
2026-02-26,31452.619140625
2026-02-27,31560.33984375
2026-03-02,30863.119140625
2026-03-03,29801.01953125
2026-03-04,30357.279296875
2026-03-05,29688.9609375
2026-03-06,29482.779296875
2026-03-09,28875.099609375
2026-03-10,29723.080078125
2026-03-11,29414.83984375
2026-03-12,29243.41015625
2026-03-13,28819.4609375
2026-03-16,28951.69921875
2026-03-17,29481.75
2026-03-18,29519.419921875
2026-03-19,28423.080078125
2026-03-20,27796.279296875
2026-03-23,28229.359375
2026-03-24,28125.109375
2026-03-25,28821.3203125
2026-03-26,28264.779296875
2026-03-27,27655.44921875
2026-03-30,27800.490234375
2026-03-31,28150.779296875
2026-04-01,29205.83984375
2026-04-02,28916.259765625
2026-04-07,28733.4609375
2026-04-08,30295.080078125
2026-04-09,30052.359375
2026-04-10,30382.279296875
2026-04-13,30251.91015625
2026-04-14,30534.939453125
2026-04-15,30887.080078125
2026-04-16,30938.349609375
2026-04-17,31952.099609375
2026-04-20,31505.3203125
2026-04-21,31347.9296875
2026-04-22,31176.640625
2026-04-23,30851.740234375
2026-04-24,30249.9296875
2026-04-27,30362.009765625
2026-04-28,30057.4609375
2026-04-29,30010.779296875
2026-04-30,30589.94921875
2026-05-04,30445.740234375
2026-05-05,31132.720703125
2026-05-06,31779.41015625
2026-05-07,31561.23046875
2026-05-08,31181.060546875
2026-05-11,31448.759765625
2026-05-12,31010.380859375
2026-05-13,31400.41015625
2026-05-14,31893.880859375
2026-05-15,31365.169921875
2026-05-18,31440.08984375
2026-05-19,31331.7109375
2026-05-20,31857.740234375
2026-05-21,31807.099609375
2026-05-22,32108.26953125
2026-05-25,32807.8984375
2026-05-26,32698.650390625
2026-05-27,33009.44921875
2026-05-28,33239.890625
2026-05-29,33352.828125
2026-06-01,32899.55078125
2026-06-02,32947.80078125
2026-06-03,32736.349609375
2026-06-04,32801.609375
2026-06-05,32466.599609375
2026-06-08,32125.470703125
2026-06-09,31642.5390625
2026-06-10,31292.7890625
2026-06-11,31456.130859375
2026-06-12,32083.099609375
2026-06-15,32582.630859375
