date,price
2003-01-03,1954.9599609375
2003-01-06,1981.0999755859375
2003-01-07,1992.4200439453125
2003-01-08,1987.989990234375
2003-01-09,1984.449951171875
2003-01-10,1998.9100341796875
2003-01-13,2006.1400146484375
2003-01-14,2003.550048828125
2003-01-15,2014.8299560546875
2003-01-16,2008.9300537109375
2003-01-17,2004.4100341796875
2003-01-20,1985.989990234375
2003-01-21,1979.780029296875
2003-01-22,1973.6099853515625
2003-01-23,1981.56005859375
2003-01-24,1989.27001953125
2003-01-27,1984.719970703125
2003-01-28,1973.510009765625
2003-01-29,1975.6700439453125
2003-01-30,1962.8199462890625
2003-01-31,1953.219970703125
2003-02-03,1958.449951171875
2003-02-04,1975.5799560546875
2003-02-05,1949.5699462890625
2003-02-07,1927.8800048828125
2003-02-10,1946.5999755859375
2003-02-11,1958.6199951171875
2003-02-12,1937.5400390625
2003-02-13,1923.050048828125
2003-02-14,1920.9300537109375
2003-02-17,1946.9200439453125
2003-02-18,1947.030029296875
2003-02-19,1952.27001953125
2003-02-20,1936.0899658203125
2003-02-21,1916.2900390625
2003-02-24,1902.8699951171875
2003-02-25,1869.719970703125
2003-02-26,1873.9300537109375
2003-02-27,1875.449951171875
2003-02-28,1880.8499755859375
2003-03-03,1886.1199951171875
2003-03-04,1901.3900146484375
2003-03-05,1910.3299560546875
2003-03-06,1909.9599609375
2003-03-07,1902.489990234375
2003-03-10,1907.52001953125
2003-03-11,1901.8599853515625
2003-03-12,1893.5799560546875
2003-03-13,1872.949951171875
2003-03-14,1898.449951171875
2003-03-17,1888.7900390625
2003-03-18,1912.02001953125
2003-03-19,1895.8599853515625
2003-03-20,1902.0699462890625
2003-03-21,1908.030029296875
2003-03-24,1916.43994140625
2003-03-25,1905.4100341796875
2003-03-26,1908.1600341796875
2003-03-27,1914.0799560546875
2003-03-28,1919.22998046875
2003-03-31,1931.6099853515625
2003-04-01,1924.77001953125
2003-04-02,1933.5999755859375
2003-04-03,1931.6099853515625
2003-04-04,1945.97998046875
2003-04-07,1975.5899658203125
2003-04-08,1972.06005859375
2003-04-09,1974.530029296875
2003-04-10,1947.300048828125
2003-04-11,1959.8299560546875
2003-04-14,1981.719970703125
2003-04-15,2006.1199951171875
2003-04-16,1981.4200439453125
2003-04-17,1970.3299560546875
2003-04-22,1964.43994140625
2003-04-23,1978.8900146484375
2003-04-24,1994.3599853515625
2003-04-28,1973.6300048828125
2003-04-29,1993.0400390625
2003-04-30,2013.31005859375
2003-05-01,1999.43994140625
2003-05-02,1955.449951171875
2003-05-05,1960.4200439453125
2003-05-06,1977.8699951171875
2003-05-07,1978.06005859375
2003-05-08,1977.8599853515625
2003-05-09,1979.4300537109375
2003-05-12,2000.4100341796875
2003-05-13,2009.77001953125
2003-05-14,2017.280029296875
2003-05-15,2019.010009765625
2003-05-16,2020.0999755859375
2003-05-19,2009.6300048828125
2003-05-20,2009.6099853515625
2003-05-21,2013.219970703125
2003-05-22,2033.1199951171875
2003-05-23,2044.77001953125
2003-05-26,2048.010009765625
2003-05-27,2058.659912109375
2003-05-28,2064.52001953125
2003-05-29,2084.760009765625
2003-05-30,2087.06005859375
2003-06-03,2089.6298828125
2003-06-04,2083.320068359375
2003-06-05,2101.77001953125
2003-06-06,2108.919921875
2003-06-09,2109.39990234375
2003-06-10,2112.080078125
2003-06-11,2105.8701171875
2003-06-12,2113.2900390625
2003-06-13,2121.489990234375
2003-06-16,2140.510009765625
2003-06-17,2167.14990234375
2003-06-18,2169.72998046875
2003-06-19,2180.3798828125
2003-06-20,2188.300048828125
2003-06-23,2184.89990234375
2003-06-24,2167.9599609375
2003-06-25,2169.840087890625
2003-06-26,2165.419921875
2003-06-27,2172.469970703125
2003-06-30,2212.52001953125
2003-07-01,2186.2099609375
2003-07-02,2196.070068359375
2003-07-03,2192.340087890625
2003-07-04,2181.530029296875
2003-07-07,2171.25
2003-07-08,2157.0400390625
2003-07-09,2131.81005859375
2003-07-10,2129.2099609375
2003-07-11,2131.669921875
2003-07-14,2135.2900390625
2003-07-15,2131.840087890625
2003-07-16,2104.280029296875
2003-07-17,2104.989990234375
2003-07-18,2110.3701171875
2003-07-21,2137.06005859375
2003-07-22,2130.39990234375
2003-07-23,2149.929931640625
2003-07-24,2163.25
2003-07-25,2169.47998046875
2003-07-28,2172.1201171875
2003-07-29,2157.860107421875
2003-07-30,2146.97998046875
2003-07-31,2146.35009765625
2003-08-01,2157.840087890625
2003-08-04,2159.409912109375
2003-08-05,2176.8798828125
2003-08-06,2180.590087890625
2003-08-07,2178.5
2003-08-08,2202.25
2003-08-11,2207.030029296875
2003-08-12,2203.39990234375
2003-08-13,2217.52001953125
2003-08-14,2204.72998046875
2003-08-15,2190.280029296875
2003-08-18,2208.929931640625
2003-08-19,2217.550048828125
2003-08-20,2196.64990234375
2003-08-21,2178.090087890625
2003-08-22,2174.6201171875
2003-08-25,2171.969970703125
2003-08-26,2184.179931640625
2003-08-27,2178.1201171875
2003-08-28,2188.320068359375
2003-08-29,2214.909912109375
2003-09-01,2208.409912109375
2003-09-02,2206.68994140625
2003-09-03,2216.760009765625
2003-09-04,2218.8798828125
2003-09-05,2223.360107421875
2003-09-08,2216.64990234375
2003-09-09,2218.25
2003-09-10,2213.739990234375
2003-09-11,2213.389892578125
2003-09-12,2210.239990234375
2003-09-15,2231.739990234375
2003-09-16,2221.4599609375
2003-09-17,2240.02001953125
2003-09-18,2239.97998046875
2003-09-19,2260.8701171875
2003-09-22,2267.60009765625
2003-09-23,2271.489990234375
2003-09-24,2275.56005859375
2003-09-25,2272.7900390625
2003-09-26,2274.2099609375
2003-09-29,2270.590087890625
2003-09-30,2280.830078125
2003-10-01,2272.52001953125
2003-10-02,2278.52001953125
2003-10-03,2293.169921875
2003-10-06,2302.2099609375
2003-10-07,2298.780029296875
2003-10-08,2297.590087890625
2003-10-09,2300.93994140625
2003-10-10,2293.35009765625
2003-10-13,2299.72998046875
2003-10-14,2281.550048828125
2003-10-15,2288.9599609375
2003-10-16,2294.820068359375
2003-10-17,2310.489990234375
2003-10-20,2310.9599609375
2003-10-21,2312.860107421875
2003-10-22,2309.0
2003-10-23,2293.449951171875
2003-10-24,2291.60009765625
2003-10-28,2298.080078125
2003-10-29,2318.2099609375
2003-10-30,2312.2900390625
2003-10-31,2306.919921875
2003-11-03,2315.179931640625
2003-11-04,2325.820068359375
2003-11-05,2321.60009765625
2003-11-06,2309.780029296875
2003-11-07,2317.93994140625
2003-11-10,2312.06005859375
2003-11-11,2333.60009765625
2003-11-12,2321.860107421875
2003-11-13,2324.530029296875
2003-11-14,2319.5400390625
2003-11-17,2323.81005859375
2003-11-18,2333.6298828125
2003-11-19,2339.8701171875
2003-11-20,2341.989990234375
2003-11-21,2327.570068359375
2003-11-24,2328.719970703125
2003-11-25,2333.1201171875
2003-11-26,2346.800048828125
2003-11-27,2339.340087890625
2003-11-28,2345.840087890625
2003-12-01,2369.14990234375
2003-12-02,2369.4599609375
2003-12-03,2362.0
2003-12-04,2366.56005859375
2003-12-05,2361.590087890625
2003-12-08,2366.219970703125
2003-12-09,2380.580078125
2003-12-10,2375.989990234375
2003-12-11,2374.320068359375
2003-12-12,2384.510009765625
2003-12-15,2406.93994140625
2003-12-16,2393.169921875
2003-12-17,2387.22998046875
2003-12-18,2396.6201171875
2003-12-19,2394.4599609375
2003-12-22,2406.81005859375
2003-12-23,2417.3701171875
2003-12-24,2434.139892578125
2003-12-29,2434.0
2003-12-30,2441.93994140625
2003-12-31,2450.340087890625
2004-01-05,2453.02001953125
2004-01-06,2472.8798828125
2004-01-07,2475.199951171875
2004-01-08,2456.989990234375
2004-01-09,2464.75
2004-01-12,2476.820068359375
2004-01-13,2462.72998046875
2004-01-14,2440.39990234375
2004-01-15,2468.8701171875
2004-01-16,2479.77001953125
2004-01-19,2496.300048828125
2004-01-20,2509.179931640625
2004-01-21,2501.64990234375
2004-01-22,2493.43994140625
2004-01-23,2503.25
2004-01-26,2503.139892578125
2004-01-27,2524.239990234375
2004-01-28,2519.919921875
2004-01-29,2485.8798828125
2004-01-30,2471.510009765625
2004-02-02,2456.1201171875
2004-02-03,2448.75
2004-02-04,2432.550048828125
2004-02-05,2431.3798828125
2004-02-09,2453.639892578125
2004-02-10,2457.72998046875
2004-02-11,2439.050048828125
2004-02-12,2429.070068359375
2004-02-13,2441.8798828125
2004-02-16,2431.050048828125
2004-02-17,2418.56005859375
2004-02-18,2434.7900390625
2004-02-19,2434.25
2004-02-20,2426.830078125
2004-02-23,2422.159912109375
2004-02-24,2420.929931640625
2004-02-25,2431.820068359375
2004-02-26,2436.530029296875
2004-02-27,2440.47998046875
2004-03-01,2441.75
2004-03-02,2450.659912109375
2004-03-03,2463.139892578125
2004-03-04,2473.179931640625
2004-03-05,2473.199951171875
2004-03-08,2478.1298828125
2004-03-09,2494.580078125
2004-03-10,2489.35009765625
2004-03-11,2512.1201171875
2004-03-12,2514.580078125
2004-03-15,2504.2099609375
2004-03-16,2502.31005859375
2004-03-17,2510.300048828125
2004-03-18,2508.5
2004-03-19,2507.5
2004-03-22,2517.47998046875
2004-03-23,2526.52001953125
2004-03-24,2533.050048828125
2004-03-25,2547.760009765625
2004-03-26,2575.6201171875
2004-03-29,2578.050048828125
2004-03-30,2590.889892578125
2004-03-31,2593.02001953125
2004-04-01,2591.070068359375
2004-04-02,2590.050048828125
2004-04-05,2593.43994140625
2004-04-06,2622.030029296875
2004-04-07,2614.68994140625
2004-04-08,2611.1298828125
2004-04-13,2604.81005859375
2004-04-14,2602.409912109375
2004-04-15,2610.510009765625
2004-04-16,2609.300048828125
2004-04-19,2624.030029296875
2004-04-20,2636.389892578125
2004-04-21,2648.77001953125
2004-04-22,2648.219970703125
2004-04-23,2654.840087890625
2004-04-26,2645.300048828125
2004-04-27,2648.360107421875
2004-04-28,2656.22998046875
2004-04-29,2640.25
2004-04-30,2631.14990234375
2004-05-03,2612.570068359375
2004-05-04,2622.1298828125
2004-05-05,2617.389892578125
2004-05-06,2610.139892578125
2004-05-07,2595.510009765625
2004-05-10,2576.969970703125
2004-05-11,2568.110107421875
2004-05-12,2566.580078125
2004-05-13,2568.81005859375
2004-05-14,2564.72998046875
2004-05-17,2588.9599609375
2004-05-18,2584.139892578125
2004-05-19,2612.419921875
2004-05-20,2605.110107421875
2004-05-21,2594.780029296875
2004-05-24,2599.110107421875
2004-05-25,2575.89990234375
2004-05-26,2579.080078125
2004-05-27,2587.60009765625
2004-05-28,2589.159912109375
2004-06-01,2597.75
2004-06-02,2597.9599609375
2004-06-03,2613.590087890625
2004-06-08,2620.830078125
2004-06-09,2611.2099609375
2004-06-10,2603.800048828125
2004-06-14,2624.02001953125
2004-06-15,2618.2900390625
2004-06-16,2622.1298828125
2004-06-17,2625.60009765625
2004-06-18,2640.18994140625
2004-06-21,2638.10009765625
2004-06-22,2656.260009765625
2004-06-23,2667.389892578125
2004-06-24,2660.7900390625
2004-06-25,2666.75
2004-06-28,2661.110107421875
2004-06-29,2669.639892578125
2004-06-30,2696.070068359375
2004-07-01,2692.2099609375
2004-07-02,2693.39990234375
2004-07-05,2692.639892578125
2004-07-06,2687.60009765625
2004-07-07,2700.7099609375
2004-07-08,2693.5400390625
2004-07-09,2691.010009765625
2004-07-12,2689.8798828125
2004-07-13,2681.659912109375
2004-07-14,2678.93994140625
2004-07-15,2693.469970703125
2004-07-16,2709.81005859375
2004-07-19,2707.159912109375
2004-07-20,2734.830078125
2004-07-21,2743.669921875
2004-07-22,2757.639892578125
2004-07-23,2741.550048828125
2004-07-26,2741.409912109375
2004-07-27,2755.93994140625
2004-07-28,2768.169921875
2004-07-29,2774.610107421875
2004-07-30,2788.010009765625
2004-08-02,2776.64990234375
2004-08-03,2786.25
2004-08-04,2785.2900390625
2004-08-05,2794.60009765625
2004-08-06,2764.219970703125
2004-08-09,2756.760009765625
2004-08-10,2755.050048828125
2004-08-11,2763.449951171875
2004-08-12,2767.85009765625
2004-08-13,2757.719970703125
2004-08-16,2747.489990234375
2004-08-17,2748.56005859375
2004-08-18,2733.85009765625
2004-08-19,2738.050048828125
2004-08-20,2734.39990234375
2004-08-23,2737.360107421875
2004-08-24,2737.31005859375
2004-08-25,2739.97998046875
2004-08-26,2740.590087890625
2004-08-27,2735.909912109375
2004-08-30,2747.340087890625
2004-08-31,2749.510009765625
2004-09-01,2747.050048828125
2004-09-06,2728.169921875
2004-09-07,2730.68994140625
2004-09-08,2740.75
2004-09-09,2751.1298828125
2004-09-10,2751.919921875
2004-09-13,2734.39990234375
2004-09-14,2736.8798828125
2004-09-15,2740.760009765625
2004-09-16,2758.22998046875
2004-09-17,2767.60009765625
2004-09-20,2780.2900390625
2004-09-21,2794.739990234375
2004-09-22,2799.75
2004-09-23,2788.8798828125
2004-09-24,2806.580078125
2004-09-27,2810.739990234375
2004-09-28,2826.820068359375
2004-09-29,2828.530029296875
2004-09-30,2834.39990234375
2004-10-01,2853.719970703125
2004-10-04,2858.110107421875
2004-10-05,2860.820068359375
2004-10-06,2856.800048828125
2004-10-07,2854.739990234375
2004-10-08,2854.969970703125
2004-10-11,2861.469970703125
2004-10-12,2859.760009765625
2004-10-13,2854.419921875
2004-10-14,2857.659912109375
2004-10-15,2837.25
2004-10-18,2836.75
2004-10-19,2815.389892578125
2004-10-20,2805.8701171875
2004-10-21,2802.81005859375
2004-10-22,2789.830078125
2004-10-26,2771.550048828125
2004-10-27,2778.530029296875
2004-10-28,2807.14990234375
2004-10-29,2812.340087890625
2004-11-01,2831.760009765625
2004-11-02,2853.429931640625
2004-11-03,2867.580078125
2004-11-04,2884.77001953125
2004-11-05,2873.0
2004-11-08,2880.580078125
2004-11-09,2889.2900390625
2004-11-10,2891.72998046875
2004-11-11,2910.2900390625
2004-11-12,2923.659912109375
2004-11-15,2920.989990234375
2004-11-16,2906.889892578125
2004-11-17,2900.6201171875
2004-11-18,2913.669921875
2004-11-19,2929.47998046875
2004-11-22,2927.679931640625
2004-11-23,2923.4599609375
2004-11-29,2988.300048828125
2004-11-30,2990.800048828125
2004-12-01,2998.8701171875
2004-12-02,3013.47998046875
2004-12-03,3009.469970703125
2004-12-06,3015.10009765625
2004-12-07,3010.89990234375
2004-12-08,2991.14990234375
2004-12-09,2977.5
2004-12-10,2981.889892578125
2004-12-13,2986.179931640625
2004-12-14,2977.010009765625
2004-12-15,2975.429931640625
2004-12-16,2978.89990234375
2004-12-17,2975.340087890625
2004-12-20,2958.429931640625
2004-12-21,2969.070068359375
2004-12-22,2991.4599609375
2004-12-24,3004.47998046875
2004-12-29,3027.080078125
2004-12-30,3046.909912109375
2004-12-31,3064.43994140625
2005-01-05,3087.389892578125
2005-01-06,3093.760009765625
2005-01-07,3086.89990234375
2005-01-10,3076.27001953125
2005-01-11,3083.7099609375
2005-01-12,3058.659912109375
2005-01-13,3072.929931640625
2005-01-18,3081.56005859375
2005-01-19,3078.639892578125
2005-01-20,3054.2099609375
2005-01-21,3055.4599609375
2005-01-24,3057.35009765625
2005-01-25,3076.530029296875
2005-01-26,3092.14990234375
2005-01-27,3076.2900390625
2005-01-28,3085.449951171875
2005-01-31,3075.580078125
2005-02-01,3092.820068359375
2005-02-02,3091.8701171875
2005-02-03,3097.320068359375
2005-02-04,3124.050048828125
2005-02-07,3144.3798828125
2005-02-08,3148.610107421875
2005-02-09,3175.320068359375
2005-02-10,3161.1298828125
2005-02-11,3163.39990234375
2005-02-14,3184.93994140625
2005-02-15,3167.169921875
2005-02-16,3158.2099609375
2005-02-17,3164.010009765625
2005-02-18,3157.14990234375
2005-02-21,3184.56005859375
2005-02-22,3162.389892578125
2005-02-23,3146.320068359375
2005-02-24,3145.389892578125
2005-02-25,3160.97998046875
2005-02-28,3208.419921875
2005-03-02,3199.199951171875
2005-03-03,3195.340087890625
2005-03-04,3200.090087890625
2005-03-07,3213.360107421875
2005-03-08,3231.110107421875
2005-03-09,3238.530029296875
2005-03-10,3195.219970703125
2005-03-11,3149.760009765625
2005-03-14,3156.030029296875
2005-03-15,3165.669921875
2005-03-18,3129.199951171875
2005-03-21,3140.840087890625
2005-03-22,3127.330078125
2005-03-23,3104.889892578125
2005-03-24,3074.969970703125
2005-03-29,3055.580078125
2005-03-30,3039.429931640625
2005-03-31,3039.080078125
2005-04-01,3039.909912109375
2005-04-04,3046.72998046875
2005-04-05,3048.6298828125
2005-04-06,3063.739990234375
2005-04-07,3055.419921875
2005-04-08,3057.6298828125
2005-04-11,3051.2900390625
2005-04-12,3048.02001953125
2005-04-13,3051.659912109375
2005-04-14,3040.840087890625
2005-04-15,3010.7900390625
2005-04-18,2952.77001953125
2005-04-19,2969.909912109375
2005-04-20,2958.489990234375
2005-04-21,2939.070068359375
2005-04-22,2948.39990234375
2005-04-26,2952.6298828125
2005-04-27,2958.570068359375
2005-04-28,2968.330078125
2005-04-29,2982.64990234375
2005-05-02,2999.239990234375
2005-05-03,2998.969970703125
2005-05-04,2991.860107421875
2005-05-05,2946.9599609375
2005-05-06,2922.3701171875
2005-05-09,2900.780029296875
2005-05-10,2901.639892578125
2005-05-11,2913.75
2005-05-12,2940.719970703125
2005-05-13,2942.639892578125
2005-05-16,2955.889892578125
2005-05-17,2966.8701171875
2005-05-18,2963.3798828125
2005-05-19,2982.68994140625
2005-05-20,3000.659912109375
2005-05-23,3038.639892578125
2005-05-24,3034.64990234375
2005-05-25,3037.969970703125
2005-05-26,3007.340087890625
2005-05-27,3027.219970703125
2005-05-30,3042.77001953125
2005-05-31,3034.35009765625
2005-06-01,2996.06005859375
2005-06-02,3035.030029296875
2005-06-03,3060.97998046875
2005-06-07,3068.3701171875
2005-06-08,3080.81005859375
2005-06-09,3091.219970703125
2005-06-10,3079.219970703125
2005-06-13,3089.22998046875
2005-06-14,3116.22998046875
2005-06-15,3139.199951171875
2005-06-16,3163.25
2005-06-17,3181.010009765625
2005-06-20,3168.050048828125
2005-06-21,3179.18994140625
2005-06-22,3177.679931640625
2005-06-23,3173.030029296875
2005-06-24,3137.669921875
2005-06-27,3163.989990234375
2005-06-28,3191.18994140625
2005-06-29,3212.800048828125
2005-06-30,3246.489990234375
2005-07-01,3235.35009765625
2005-07-05,3267.320068359375
2005-07-06,3276.75
2005-07-07,3262.280029296875
2005-07-08,3257.52001953125
2005-07-11,3292.0400390625
2005-07-12,3307.669921875
2005-07-13,3323.679931640625
2005-07-14,3321.22998046875
2005-07-15,3325.27001953125
2005-07-18,3334.10009765625
2005-07-19,3307.840087890625
2005-07-20,3319.739990234375
2005-07-21,3310.3798828125
2005-07-22,3316.22998046875
2005-07-25,3329.070068359375
2005-07-26,3348.22998046875
2005-07-27,3357.969970703125
2005-07-28,3356.919921875
2005-07-29,3359.280029296875
2005-08-01,3372.8798828125
2005-08-02,3358.659912109375
2005-08-03,3349.06005859375
2005-08-04,3354.050048828125
2005-08-05,3348.669921875
2005-08-08,3343.39990234375
2005-08-09,3339.699951171875
2005-08-10,3324.300048828125
2005-08-11,3330.419921875
2005-08-12,3340.0
2005-08-15,3338.050048828125
2005-08-16,3356.93994140625
2005-08-17,3378.139892578125
2005-08-18,3366.530029296875
2005-08-19,3356.580078125
2005-08-22,3384.699951171875
2005-08-23,3387.409912109375
2005-08-24,3376.260009765625
2005-08-25,3365.5400390625
2005-08-26,3332.969970703125
2005-08-29,3329.260009765625
2005-08-30,3351.6201171875
2005-08-31,3353.110107421875
2005-09-01,3367.77001953125
2005-09-02,3379.89990234375
2005-09-05,3373.719970703125
2005-09-06,3362.179931640625
2005-09-07,3366.909912109375
2005-09-08,3385.419921875
2005-09-09,3385.989990234375
2005-09-12,3367.1201171875
2005-09-13,3372.8701171875
2005-09-14,3405.639892578125
2005-09-15,3415.68994140625
2005-09-16,3434.8798828125
2005-09-19,3423.60009765625
2005-09-20,3407.760009765625
2005-09-21,3426.570068359375
2005-09-22,3405.1298828125
2005-09-23,3407.7900390625
2005-09-26,3412.570068359375
2005-09-27,3431.929931640625
2005-09-28,3449.409912109375
2005-09-29,3444.72998046875
2005-09-30,3452.7900390625
2005-10-03,3458.1298828125
2005-10-04,3468.239990234375
2005-10-05,3446.419921875
2005-10-06,3406.0
2005-10-07,3400.25
2005-10-10,3414.030029296875
2005-10-11,3404.85009765625
2005-10-12,3417.989990234375
2005-10-13,3362.9599609375
2005-10-14,3351.6201171875
2005-10-17,3358.610107421875
2005-10-18,3346.85009765625
2005-10-19,3301.47998046875
2005-10-20,3288.969970703125
2005-10-21,3240.889892578125
2005-10-25,3267.969970703125
2005-10-26,3294.320068359375
2005-10-27,3286.9599609375
2005-10-28,3270.75
2005-10-31,3293.159912109375
2005-11-01,3297.14990234375
2005-11-02,3285.580078125
2005-11-03,3323.43994140625
2005-11-04,3325.659912109375
2005-11-07,3316.449951171875
2005-11-08,3324.18994140625
2005-11-09,3302.0
2005-11-10,3281.56005859375
2005-11-11,3269.43994140625
2005-11-14,3284.43994140625
2005-11-15,3311.64990234375
2005-11-16,3334.760009765625
2005-11-17,3324.6201171875
2005-11-18,3326.02001953125
2005-11-21,3333.97998046875
2005-11-22,3327.35009765625
2005-11-23,3307.969970703125
2005-11-25,3324.22998046875
2005-11-28,3310.43994140625
2005-11-29,3302.429931640625
2005-11-30,3317.77001953125
2005-12-01,3292.25
2005-12-02,3297.239990234375
2005-12-05,3266.93994140625
2005-12-06,3225.14990234375
2005-12-07,3227.570068359375
2005-12-08,3229.97998046875
2005-12-09,3183.31005859375
2005-12-12,3185.280029296875
2005-12-13,3196.719970703125
2005-12-14,3207.949951171875
2005-12-15,3234.669921875
2005-12-16,3281.89990234375
2005-12-19,3317.0400390625
2005-12-20,3319.320068359375
2005-12-21,3318.52001953125
2005-12-22,3309.659912109375
2005-12-23,3316.110107421875
2005-12-28,3344.7900390625
2005-12-29,3357.429931640625
2005-12-30,3370.510009765625
2006-01-04,3374.4599609375
2006-01-05,3375.97998046875
2006-01-06,3364.969970703125
2006-01-09,3368.050048828125
2006-01-10,3381.050048828125
2006-01-11,3391.320068359375
2006-01-12,3383.409912109375
2006-01-13,3364.739990234375
2006-01-16,3351.570068359375
2006-01-17,3348.360107421875
2006-01-18,3328.659912109375
2006-01-19,3358.89990234375
2006-01-20,3341.969970703125
2006-01-23,3309.050048828125
2006-01-24,3318.929931640625
2006-01-25,3324.679931640625
2006-01-26,3328.18994140625
2006-01-27,3341.10009765625
2006-01-30,3341.679931640625
2006-01-31,3350.64990234375
2006-02-01,3364.929931640625
2006-02-02,3407.7099609375
2006-02-03,3378.6298828125
2006-02-07,3372.4599609375
2006-02-08,3348.4599609375
2006-02-09,3354.280029296875
2006-02-10,3347.889892578125
2006-02-13,3348.050048828125
2006-02-14,3340.429931640625
2006-02-15,3323.219970703125
2006-02-16,3303.260009765625
2006-02-17,3333.260009765625
2006-02-20,3369.9599609375
2006-02-21,3368.429931640625
2006-02-22,3410.030029296875
2006-02-23,3394.39990234375
2006-02-24,3377.840087890625
2006-02-27,3369.070068359375
2006-02-28,3404.929931640625
2006-03-01,3397.090087890625
2006-03-02,3407.330078125
2006-03-03,3407.550048828125
2006-03-06,3420.89990234375
2006-03-07,3458.679931640625
2006-03-08,3449.47998046875
2006-03-09,3462.669921875
2006-03-10,3487.719970703125
2006-03-13,3516.989990234375
2006-03-14,3579.159912109375
2006-03-15,3571.25
2006-03-16,3553.469970703125
2006-03-17,3552.449951171875
2006-03-20,3547.469970703125
2006-03-21,3530.550048828125
2006-03-22,3561.7099609375
2006-03-23,3571.22998046875
2006-03-24,3580.7900390625
2006-03-27,3640.43994140625
2006-03-28,3677.580078125
2006-03-29,3687.3701171875
2006-03-30,3695.1201171875
2006-03-31,3702.47998046875
2006-04-03,3705.070068359375
2006-04-04,3739.550048828125
2006-04-05,3762.949951171875
2006-04-06,3776.139892578125
2006-04-07,3800.969970703125
2006-04-10,3774.090087890625
2006-04-11,3759.699951171875
2006-04-12,3762.56005859375
2006-04-13,3734.679931640625
2006-04-18,3726.179931640625
2006-04-19,3704.570068359375
2006-04-20,3680.550048828125
2006-04-21,3699.8798828125
2006-04-24,3710.110107421875
2006-04-26,3760.409912109375
2006-04-27,3777.89990234375
2006-04-28,3795.169921875
2006-05-01,3779.760009765625
2006-05-02,3762.739990234375
2006-05-03,3766.659912109375
2006-05-04,3693.2099609375
2006-05-05,3655.8798828125
2006-05-08,3693.7099609375
2006-05-09,3716.02001953125
2006-05-10,3738.14990234375
2006-05-11,3720.820068359375
2006-05-12,3680.889892578125
2006-05-15,3633.080078125
2006-05-16,3623.64990234375
2006-05-17,3649.989990234375
2006-05-18,3639.679931640625
2006-05-19,3679.18994140625
2006-05-22,3653.530029296875
2006-05-23,3593.1298828125
2006-05-24,3618.550048828125
2006-05-25,3580.60009765625
2006-05-26,3599.429931640625
2006-05-29,3625.909912109375
2006-05-30,3617.030029296875
2006-05-31,3613.590087890625
2006-06-01,3607.840087890625
2006-06-02,3639.14990234375
2006-06-06,3600.580078125
2006-06-07,3653.68994140625
2006-06-08,3645.989990234375
2006-06-09,3618.0
2006-06-12,3613.030029296875
2006-06-13,3600.52001953125
2006-06-14,3563.25
2006-06-15,3529.199951171875
2006-06-16,3558.8701171875
2006-06-19,3564.510009765625
2006-06-20,3546.550048828125
2006-06-21,3541.3798828125
2006-06-22,3584.830078125
2006-06-23,3583.89990234375
2006-06-26,3587.860107421875
2006-06-27,3613.419921875
2006-06-28,3574.320068359375
2006-06-29,3581.85009765625
2006-06-30,3585.8701171875
2006-07-03,3598.14990234375
2006-07-04,3597.7900390625
2006-07-05,3604.739990234375
2006-07-06,3603.330078125
2006-07-07,3642.280029296875
2006-07-10,3651.239990234375
2006-07-11,3663.14990234375
2006-07-12,3669.780029296875
2006-07-13,3666.22998046875
2006-07-14,3619.43994140625
2006-07-17,3590.7099609375
2006-07-18,3558.9599609375
2006-07-19,3532.179931640625
2006-07-20,3541.659912109375
2006-07-21,3535.4599609375
2006-07-24,3525.919921875
2006-07-25,3548.550048828125
2006-07-26,3547.530029296875
2006-07-27,3559.8701171875
2006-07-28,3553.449951171875
2006-07-31,3580.56005859375
2006-08-01,3578.1298828125
2006-08-02,3563.510009765625
2006-08-03,3583.010009765625
2006-08-04,3570.3798828125
2006-08-07,3549.840087890625
2006-08-08,3565.3701171875
2006-08-09,3537.030029296875
2006-08-10,3514.0400390625
2006-08-11,3506.389892578125
2006-08-14,3486.909912109375
2006-08-15,3492.22998046875
2006-08-16,3495.35009765625
2006-08-17,3484.409912109375
2006-08-18,3468.260009765625
2006-08-21,3424.389892578125
2006-08-22,3426.780029296875
2006-08-23,3460.080078125
2006-08-24,3468.8701171875
2006-08-25,3484.419921875
2006-08-28,3470.60009765625
2006-08-29,3496.60009765625
2006-08-30,3497.840087890625
2006-08-31,3510.27001953125
2006-09-01,3514.4599609375
2006-09-04,3532.050048828125
2006-09-05,3551.8798828125
2006-09-06,3535.97998046875
2006-09-07,3535.760009765625
2006-09-08,3535.419921875
2006-09-11,3532.340087890625
2006-09-12,3521.080078125
2006-09-13,3525.300048828125
2006-09-14,3516.199951171875
2006-09-15,3537.93994140625
2006-09-18,3547.239990234375
2006-09-19,3550.0400390625
2006-09-20,3517.6298828125
2006-09-21,3532.610107421875
2006-09-22,3506.85009765625
2006-09-25,3496.919921875
2006-09-26,3515.739990234375
2006-09-27,3561.7099609375
2006-09-28,3574.22998046875
2006-09-29,3589.340087890625
2006-10-02,3603.699951171875
2006-10-03,3602.070068359375
2006-10-04,3593.389892578125
2006-10-05,3595.699951171875
2006-10-06,3592.489990234375
2006-10-09,3596.219970703125
2006-10-10,3596.10009765625
2006-10-11,3614.239990234375
2006-10-12,3622.989990234375
2006-10-13,3646.580078125
2006-10-16,3663.010009765625
2006-10-17,3675.4599609375
2006-10-18,3664.909912109375
2006-10-19,3673.22998046875
2006-10-20,3668.260009765625
2006-10-24,3662.02001953125
2006-10-25,3667.010009765625
2006-10-26,3705.43994140625
2006-10-27,3719.7099609375
2006-10-30,3754.830078125
2006-10-31,3784.5
2006-11-01,3795.75
2006-11-02,3758.010009765625
2006-11-03,3778.409912109375
2006-11-06,3789.31005859375
2006-11-07,3811.47998046875
2006-11-08,3818.25
2006-11-09,3823.010009765625
2006-11-10,3830.85009765625
2006-11-13,3818.469970703125
2006-11-14,3840.699951171875
2006-11-15,3834.43994140625
2006-11-16,3813.56005859375
2006-11-17,3816.22998046875
2006-11-20,3809.2099609375
2006-11-21,3821.18994140625
2006-11-22,3817.610107421875
2006-11-23,3857.0
2006-11-24,3849.35009765625
2006-11-27,3831.699951171875
2006-11-28,3832.550048828125
2006-11-29,3841.18994140625
2006-11-30,3863.7099609375
2006-12-01,3854.409912109375
2006-12-04,3835.0400390625
2006-12-05,3849.06005859375
2006-12-06,3855.02001953125
2006-12-07,3853.469970703125
2006-12-08,3888.719970703125
2006-12-11,3887.35009765625
2006-12-12,3928.110107421875
2006-12-13,3945.97998046875
2006-12-14,3967.840087890625
2006-12-15,3992.570068359375
2006-12-18,3991.889892578125
2006-12-19,3980.5
2006-12-20,4004.9599609375
2006-12-21,4028.68994140625
2006-12-22,4019.199951171875
2006-12-27,4032.070068359375
2006-12-28,4047.2900390625
2006-12-29,4055.469970703125
2007-01-03,4049.5
2007-01-04,4028.9599609375
2007-01-05,4035.260009765625
2007-01-08,4028.590087890625
2007-01-09,4052.64990234375
2007-01-10,4064.080078125
2007-01-11,4049.64990234375
2007-01-12,4051.840087890625
2007-01-15,4085.610107421875
2007-01-16,4067.139892578125
2007-01-17,4073.330078125
2007-01-18,4096.33984375
2007-01-19,4091.110107421875
2007-01-22,4121.08984375
2007-01-23,4131.1298828125
2007-01-24,4138.18994140625
2007-01-25,4135.56005859375
2007-01-26,4120.85986328125
2007-01-29,4136.33984375
2007-01-30,4128.02978515625
2007-01-31,4152.97998046875
2007-02-01,4144.2001953125
2007-02-02,4144.39990234375
2007-02-05,4148.580078125
2007-02-07,4211.60986328125
2007-02-08,4185.490234375
2007-02-09,4188.89013671875
2007-02-12,4179.56982421875
2007-02-13,4184.83984375
2007-02-14,4181.31005859375
2007-02-15,4192.669921875
2007-02-16,4179.89013671875
2007-02-19,4140.22021484375
2007-02-20,4110.47998046875
2007-02-21,4095.780029296875
2007-02-22,4089.77001953125
2007-02-23,4120.31005859375
2007-02-26,4110.60986328125
2007-02-27,4099.43017578125
2007-02-28,4037.1298828125
2007-03-01,4048.830078125
2007-03-02,4098.68994140625
2007-03-05,4035.330078125
2007-03-06,4033.360107421875
2007-03-07,4062.52001953125
2007-03-08,4069.409912109375
2007-03-09,4079.969970703125
2007-03-12,4088.1298828125
2007-03-13,4105.72021484375
2007-03-14,4053.409912109375
2007-03-15,4054.2099609375
2007-03-16,4037.590087890625
2007-03-19,4050.31005859375
2007-03-20,4041.610107421875
2007-03-21,4052.510009765625
2007-03-22,4076.030029296875
2007-03-23,4064.050048828125
2007-03-26,4105.14990234375
2007-03-27,4127.27978515625
2007-03-28,4109.8701171875
2007-03-29,4112.56005859375
2007-03-30,4107.14013671875
2007-04-02,4137.9501953125
2007-04-03,4175.2900390625
2007-04-04,4187.97998046875
2007-04-05,4184.7001953125
2007-04-10,4180.47021484375
2007-04-11,4147.35986328125
2007-04-12,4168.10009765625
2007-04-13,4164.2998046875
2007-04-16,4170.7099609375
2007-04-17,4177.009765625
2007-04-18,4193.56982421875
2007-04-19,4180.64013671875
2007-04-20,4182.89990234375
2007-04-23,4201.64013671875
2007-04-24,4163.10986328125
2007-04-26,4174.89990234375
2007-04-27,4181.4501953125
2007-04-30,4194.64013671875
2007-05-01,4191.66015625
2007-05-02,4186.990234375
2007-05-03,4202.669921875
2007-05-04,4206.31005859375
2007-05-07,4202.580078125
2007-05-08,4223.22998046875
2007-05-09,4232.330078125
2007-05-10,4251.39990234375
2007-05-11,4226.39013671875
2007-05-14,4238.93994140625
2007-05-15,4214.77978515625
2007-05-16,4227.4599609375
2007-05-17,4275.56982421875
2007-05-18,4280.43017578125
2007-05-21,4289.7099609375
2007-05-22,4289.58984375
2007-05-23,4312.580078125
2007-05-24,4333.240234375
2007-05-25,4305.25
2007-05-28,4304.41015625
2007-05-29,4308.990234375
2007-05-30,4279.6201171875
2007-05-31,4302.35009765625
2007-06-01,4296.43017578125
2007-06-05,4312.10986328125
2007-06-06,4294.2099609375
2007-06-07,4234.6298828125
2007-06-08,4183.4501953125
2007-06-11,4205.52001953125
2007-06-12,4227.56005859375
2007-06-13,4194.56982421875
2007-06-14,4193.669921875
2007-06-15,4212.4599609375
2007-06-18,4303.18017578125
2007-06-19,4310.1201171875
2007-06-20,4323.169921875
2007-06-21,4300.56982421875
2007-06-22,4285.14013671875
2007-06-25,4270.91015625
2007-06-26,4252.02978515625
2007-06-27,4203.27001953125
2007-06-28,4189.66015625
2007-06-29,4234.2900390625
2007-07-02,4228.009765625
2007-07-03,4233.740234375
2007-07-04,4240.259765625
2007-07-05,4236.7099609375
2007-07-06,4223.52978515625
2007-07-09,4238.64990234375
2007-07-10,4236.85009765625
2007-07-11,4229.68994140625
2007-07-12,4238.5400390625
2007-07-13,4243.66015625
2007-07-16,4240.35986328125
2007-07-17,4258.83984375
2007-07-18,4255.64013671875
2007-07-19,4294.259765625
2007-07-20,4320.27001953125
2007-07-23,4306.5400390625
2007-07-24,4321.2900390625
2007-07-25,4324.97021484375
2007-07-26,4325.77978515625
2007-07-27,4246.009765625
2007-07-30,4228.830078125
2007-07-31,4213.2998046875
2007-08-01,4158.39013671875
2007-08-02,4138.2001953125
2007-08-03,4122.41015625
2007-08-06,4075.18994140625
2007-08-07,4136.240234375
2007-08-08,4116.85009765625
2007-08-09,4160.43017578125
2007-08-10,4109.83984375
2007-08-13,4070.159912109375
2007-08-14,4065.679931640625
2007-08-15,4004.4599609375
2007-08-16,3957.93994140625
2007-08-17,3894.340087890625
2007-08-20,3982.3798828125
2007-08-21,4027.7900390625
2007-08-22,4033.27001953125
2007-08-23,4089.1201171875
2007-08-24,4052.449951171875
2007-08-27,4084.43994140625
2007-08-28,4101.06982421875
2007-08-29,4084.169921875
2007-08-30,4107.60009765625
2007-08-31,4118.97021484375
2007-09-03,4125.759765625
2007-09-04,4150.52978515625
2007-09-05,4155.0
2007-09-06,4140.08984375
2007-09-07,4151.97998046875
2007-09-10,4142.89013671875
2007-09-11,4160.16015625
2007-09-12,4143.02001953125
2007-09-13,4142.43017578125
2007-09-14,4162.669921875
2007-09-17,4168.72021484375
2007-09-18,4123.52001953125
2007-09-19,4177.64990234375
2007-09-20,4206.8798828125
2007-09-21,4231.16015625
2007-09-24,4232.669921875
2007-09-25,4241.669921875
2007-09-26,4275.97021484375
2007-09-27,4275.81005859375
2007-09-28,4268.89990234375
2007-10-01,4281.18994140625
2007-10-02,4332.2900390625
2007-10-03,4327.8701171875
2007-10-04,4299.97998046875
2007-10-05,4284.0498046875
2007-10-08,4295.240234375
2007-10-09,4280.240234375
2007-10-10,4279.7900390625
2007-10-11,4296.60986328125
2007-10-12,4305.6201171875
2007-10-15,4325.08984375
2007-10-16,4312.169921875
2007-10-17,4321.83984375
2007-10-18,4313.14990234375
2007-10-19,4316.31005859375
2007-10-23,4274.68994140625
2007-10-24,4291.0498046875
2007-10-25,4267.14013671875
2007-10-26,4226.7099609375
2007-10-29,4215.8798828125
2007-10-30,4219.77001953125
2007-10-31,4209.06982421875
2007-11-01,4207.8798828125
2007-11-02,4154.1298828125
2007-11-05,4141.2001953125
2007-11-06,4135.43017578125
2007-11-07,4205.580078125
2007-11-08,4185.419921875
2007-11-09,4134.77001953125
2007-11-12,4089.1298828125
2007-11-13,4107.14990234375
2007-11-14,4140.64990234375
2007-11-15,4113.0498046875
2007-11-16,4114.18017578125
2007-11-19,4114.669921875
2007-11-20,4067.300048828125
2007-11-21,4071.010009765625
2007-11-22,4054.219970703125
2007-11-23,4071.0
2007-11-26,4077.110107421875
2007-11-27,4104.06005859375
2007-11-28,4071.030029296875
2007-11-29,4066.5400390625
2007-11-30,4062.889892578125
2007-12-03,4060.010009765625
2007-12-04,4053.860107421875
2007-12-05,4034.550048828125
2007-12-06,4043.5
2007-12-07,4092.929931640625
2007-12-10,4057.489990234375
2007-12-11,4026.949951171875
2007-12-12,3999.550048828125
2007-12-13,4001.389892578125
2007-12-14,4008.659912109375
2007-12-17,3962.6201171875
2007-12-18,3926.1201171875
2007-12-19,3939.72998046875
2007-12-20,3947.56005859375
2007-12-21,3993.510009765625
2007-12-24,4058.7099609375
2007-12-27,4068.6298828125
2007-12-28,4036.0
2007-12-31,4041.3798828125
2008-01-03,4033.929931640625
2008-01-04,4010.820068359375
2008-01-07,3953.580078125
2008-01-08,3928.39990234375
2008-01-09,3912.169921875
2008-01-10,3899.8798828125
2008-01-11,3872.179931640625
2008-01-14,3824.2099609375
2008-01-15,3810.5
2008-01-16,3752.389892578125
2008-01-17,3729.9599609375
2008-01-18,3664.35009765625
2008-01-21,3646.909912109375
2008-01-22,3607.1298828125
2008-01-23,3615.300048828125
2008-01-24,3658.610107421875
2008-01-25,3729.14990234375
2008-01-28,3710.320068359375
2008-01-29,3704.169921875
2008-01-30,3697.010009765625
2008-01-31,3670.639892578125
2008-02-01,3708.1298828125
2008-02-04,3711.72998046875
2008-02-05,3690.010009765625
2008-02-07,3636.199951171875
2008-02-08,3612.409912109375
2008-02-11,3572.93994140625
2008-02-12,3574.840087890625
2008-02-13,3545.77001953125
2008-02-14,3550.409912109375
2008-02-15,3510.81005859375
2008-02-18,3601.780029296875
2008-02-19,3609.409912109375
2008-02-20,3595.909912109375
2008-02-22,3569.6201171875
2008-02-25,3570.75
2008-02-26,3543.25
2008-02-27,3562.3701171875
2008-02-28,3579.570068359375
2008-02-29,3582.719970703125
2008-03-03,3584.25
2008-03-04,3584.469970703125
2008-03-05,3619.469970703125
2008-03-06,3603.830078125
2008-03-07,3558.260009765625
2008-03-10,3547.75
2008-03-11,3520.4599609375
2008-03-12,3544.830078125
2008-03-13,3573.909912109375
2008-03-14,3500.909912109375
2008-03-17,3429.43994140625
2008-03-18,3418.6298828125
2008-03-19,3467.260009765625
2008-03-20,3425.7099609375
2008-03-25,3430.280029296875
2008-03-26,3425.449951171875
2008-03-27,3404.5400390625
2008-03-28,3447.5
2008-03-31,3470.429931640625
2008-04-01,3533.56005859375
2008-04-02,3592.7900390625
2008-04-03,3629.97998046875
2008-04-04,3631.22998046875
2008-04-07,3644.489990234375
2008-04-08,3605.679931640625
2008-04-09,3575.449951171875
2008-04-10,3540.010009765625
2008-04-11,3488.840087890625
2008-04-14,3470.9599609375
2008-04-15,3502.8798828125
2008-04-17,3568.93994140625
2008-04-18,3557.469970703125
2008-04-21,3592.5400390625
2008-04-22,3583.260009765625
2008-04-23,3608.469970703125
2008-04-24,3616.81005859375
2008-04-28,3642.6298828125
2008-04-29,3605.570068359375
2008-04-30,3624.800048828125
2008-05-01,3630.409912109375
2008-05-02,3661.330078125
2008-05-05,3680.52001953125
2008-05-06,3651.090087890625
2008-05-07,3596.820068359375
2008-05-08,3625.590087890625
2008-05-09,3601.169921875
2008-05-12,3637.830078125
2008-05-13,3653.31005859375
2008-05-14,3628.56005859375
2008-05-15,3614.22998046875
2008-05-16,3657.199951171875
2008-05-19,3658.949951171875
2008-05-20,3647.18994140625
2008-05-21,3611.719970703125
2008-05-22,3591.340087890625
2008-05-23,3589.469970703125
2008-05-26,3573.75
2008-05-27,3551.340087890625
2008-05-28,3547.010009765625
2008-05-29,3563.110107421875
2008-05-30,3624.22998046875
2008-06-03,3540.050048828125
2008-06-04,3557.68994140625
2008-06-05,3555.969970703125
2008-06-06,3548.080078125
2008-06-09,3496.5
2008-06-10,3505.89990234375
2008-06-11,3487.429931640625
2008-06-12,3439.219970703125
2008-06-13,3416.0
2008-06-16,3406.300048828125
2008-06-17,3404.570068359375
2008-06-18,3391.6298828125
2008-06-19,3340.10009765625
2008-06-20,3283.429931640625
2008-06-23,3287.56005859375
2008-06-24,3298.179931640625
2008-06-25,3281.2900390625
2008-06-26,3291.969970703125
2008-06-27,3226.909912109375
2008-06-30,3194.610107421875
2008-07-01,3175.27001953125
2008-07-02,3163.389892578125
2008-07-03,3094.419921875
2008-07-04,3157.919921875
2008-07-07,3121.449951171875
2008-07-08,3160.590087890625
2008-07-09,3177.4599609375
2008-07-10,3112.56005859375
2008-07-11,3121.5400390625
2008-07-14,3080.10009765625
2008-07-15,3040.449951171875
2008-07-16,3059.360107421875
2008-07-17,3091.3798828125
2008-07-18,3120.909912109375
2008-07-21,3148.320068359375
2008-07-22,3143.909912109375
2008-07-23,3201.64990234375
2008-07-24,3287.22998046875
2008-07-25,3254.159912109375
2008-07-28,3256.570068359375
2008-07-29,3235.5
2008-07-30,3287.760009765625
2008-07-31,3336.280029296875
2008-08-01,3303.159912109375
2008-08-04,3319.219970703125
2008-08-05,3295.679931640625
2008-08-06,3352.340087890625
2008-08-07,3378.889892578125
2008-08-08,3357.820068359375
2008-08-11,3370.18994140625
2008-08-12,3353.6298828125
2008-08-13,3345.239990234375
2008-08-14,3333.89990234375
2008-08-15,3351.1298828125
2008-08-18,3334.14990234375
2008-08-19,3319.1201171875
2008-08-20,3332.02001953125
2008-08-21,3332.050048828125
2008-08-22,3311.610107421875
2008-08-25,3326.919921875
2008-08-26,3321.0
2008-08-27,3318.52001953125
2008-08-28,3324.800048828125
2008-08-29,3353.239990234375
2008-09-01,3357.699951171875
2008-09-02,3367.25
2008-09-03,3373.449951171875
2008-09-04,3348.139892578125
2008-09-05,3336.179931640625
2008-09-08,3374.39990234375
2008-09-09,3376.389892578125
2008-09-10,3343.860107421875
2008-09-11,3333.5400390625
2008-09-12,3361.68994140625
2008-09-15,3319.89990234375
2008-09-16,3227.300048828125
2008-09-17,3269.929931640625
2008-09-18,3158.919921875
2008-09-19,3187.1298828125
2008-09-22,3255.719970703125
2008-09-23,3228.18994140625
2008-09-24,3259.679931640625
2008-09-25,3237.719970703125
2008-09-26,3187.580078125
2008-09-29,3188.5400390625
2008-09-30,3090.219970703125
2008-10-01,3187.9599609375
2008-10-02,3232.639892578125
2008-10-03,3151.5400390625
2008-10-06,3048.3798828125
2008-10-07,3004.18994140625
2008-10-08,2948.31005859375
2008-10-09,2944.39990234375
2008-10-10,2805.31005859375
2008-10-13,2782.389892578125
2008-10-14,2948.969970703125
2008-10-15,2904.639892578125
2008-10-16,2764.68994140625
2008-10-17,2808.760009765625
2008-10-20,2889.919921875
2008-10-21,2952.02001953125
2008-10-22,2899.39990234375
2008-10-23,2807.340087890625
2008-10-24,2778.550048828125
2008-10-28,2687.10009765625
2008-10-29,2745.60009765625
2008-10-30,2762.820068359375
2008-10-31,2820.860107421875
2008-11-03,2856.659912109375
2008-11-04,2844.31005859375
2008-11-05,2886.110107421875
2008-11-06,2840.1298828125
2008-11-07,2791.64990234375
2008-11-10,2837.85009765625
2008-11-11,2799.56005859375
2008-11-12,2772.18994140625
2008-11-13,2729.6201171875
2008-11-14,2767.669921875
2008-11-17,2741.919921875
2008-11-18,2714.590087890625
2008-11-19,2706.27001953125
2008-11-20,2644.669921875
2008-11-21,2578.10009765625
2008-11-24,2575.47998046875
2008-11-25,2634.8798828125
2008-11-26,2637.89990234375
2008-11-27,2668.739990234375
2008-11-28,2710.9599609375
2008-12-01,2682.929931640625
2008-12-02,2651.14990234375
2008-12-03,2706.7900390625
2008-12-04,2730.679931640625
2008-12-05,2706.719970703125
2008-12-08,2699.81005859375
2008-12-09,2724.7099609375
2008-12-10,2711.550048828125
2008-12-11,2726.7099609375
2008-12-12,2676.949951171875
2008-12-15,2676.429931640625
2008-12-16,2695.080078125
2008-12-17,2695.929931640625
2008-12-18,2707.590087890625
2008-12-19,2655.31005859375
2008-12-22,2679.75
2008-12-23,2661.739990234375
2008-12-24,2668.06005859375
2008-12-29,2677.639892578125
2008-12-30,2678.219970703125
2008-12-31,2715.7099609375
2009-01-05,2744.889892578125
2009-01-06,2783.3798828125
2009-01-07,2764.239990234375
2009-01-08,2756.64990234375
2009-01-09,2757.409912109375
2009-01-12,2768.27001953125
2009-01-13,2774.639892578125
2009-01-14,2786.780029296875
2009-01-15,2742.830078125
2009-01-16,2752.159912109375
2009-01-19,2747.97998046875
2009-01-20,2709.47998046875
2009-01-21,2705.0400390625
2009-01-22,2734.409912109375
2009-01-23,2705.090087890625
2009-01-26,2705.75
2009-01-27,2735.860107421875
2009-01-28,2747.89990234375
2009-01-29,2770.1201171875
2009-01-30,2774.139892578125
2009-02-02,2771.5
2009-02-03,2780.2900390625
2009-02-04,2768.6201171875
2009-02-05,2773.5
2009-02-09,2766.56005859375
2009-02-10,2750.050048828125
2009-02-11,2730.22998046875
2009-02-12,2750.14990234375
2009-02-13,2750.77001953125
2009-02-16,2680.18994140625
2009-02-17,2672.6201171875
2009-02-18,2621.0
2009-02-19,2616.929931640625
2009-02-20,2576.679931640625
2009-02-23,2538.2900390625
2009-02-24,2487.530029296875
2009-02-25,2499.820068359375
2009-02-26,2497.429931640625
2009-02-27,2522.320068359375
2009-03-02,2481.510009765625
2009-03-03,2417.949951171875
2009-03-04,2469.340087890625
2009-03-05,2491.39990234375
2009-03-06,2471.0400390625
2009-03-09,2469.169921875
2009-03-10,2462.7099609375
2009-03-11,2497.510009765625
2009-03-12,2491.6201171875
2009-03-13,2523.389892578125
2009-03-16,2544.330078125
2009-03-17,2564.719970703125
2009-03-18,2606.330078125
2009-03-19,2633.2099609375
2009-03-20,2599.030029296875
2009-03-23,2591.429931640625
2009-03-24,2635.330078125
2009-03-25,2630.330078125
2009-03-26,2616.25
2009-03-27,2653.47998046875
2009-03-30,2641.989990234375
2009-03-31,2590.389892578125
2009-04-01,2569.239990234375
2009-04-02,2585.800048828125
2009-04-03,2614.47998046875
2009-04-06,2633.43994140625
2009-04-07,2612.469970703125
2009-04-08,2568.909912109375
2009-04-09,2571.14990234375
2009-04-14,2599.820068359375
2009-04-15,2600.64990234375
2009-04-16,2663.139892578125
2009-04-17,2711.27001953125
2009-04-20,2698.800048828125
2009-04-21,2664.860107421875
2009-04-22,2662.93994140625
2009-04-23,2658.85009765625
2009-04-24,2656.389892578125
2009-04-27,2664.3701171875
2009-04-28,2686.43994140625
2009-04-29,2699.7099609375
2009-04-30,2740.580078125
2009-05-01,2719.919921875
2009-05-04,2766.27001953125
2009-05-05,2819.050048828125
2009-05-06,2831.360107421875
2009-05-07,2854.8701171875
2009-05-08,2873.139892578125
2009-05-11,2829.219970703125
2009-05-12,2812.699951171875
2009-05-13,2811.56005859375
2009-05-14,2776.1201171875
2009-05-15,2790.89990234375
2009-05-18,2777.860107421875
2009-05-19,2790.800048828125
2009-05-20,2801.080078125
2009-05-21,2776.31005859375
2009-05-22,2760.5400390625
2009-05-25,2740.199951171875
2009-05-26,2734.070068359375
2009-05-27,2769.780029296875
2009-05-28,2721.97998046875
2009-05-29,2764.169921875
2009-06-02,2807.199951171875
2009-06-03,2840.6298828125
2009-06-04,2815.7099609375
2009-06-05,2834.510009765625
2009-06-08,2816.6201171875
2009-06-09,2822.39990234375
2009-06-10,2827.969970703125
2009-06-11,2796.5400390625
2009-06-12,2809.820068359375
2009-06-15,2825.159912109375
2009-06-16,2786.14990234375
2009-06-17,2778.0400390625
2009-06-18,2798.239990234375
2009-06-19,2784.27001953125
2009-06-22,2794.909912109375
2009-06-23,2762.010009765625
2009-06-24,2739.81005859375
2009-06-25,2770.659912109375
2009-06-26,2770.6201171875
2009-06-29,2775.1201171875
2009-06-30,2796.110107421875
2009-07-01,2780.3701171875
2009-07-02,2768.18994140625
2009-07-03,2761.5
2009-07-06,2742.969970703125
2009-07-07,2746.239990234375
2009-07-08,2750.60009765625
2009-07-09,2741.679931640625
2009-07-10,2738.280029296875
2009-07-13,2736.889892578125
2009-07-14,2748.5
2009-07-15,2764.080078125
2009-07-16,2801.510009765625
2009-07-17,2808.219970703125
2009-07-20,2820.909912109375
2009-07-21,2873.18994140625
2009-07-22,2900.43994140625
2009-07-23,2918.6298828125
2009-07-24,2961.169921875
2009-07-27,2998.010009765625
2009-07-28,3018.469970703125
2009-07-29,2990.469970703125
2009-07-30,2994.0
2009-07-31,3016.199951171875
2009-08-03,3047.85009765625
2009-08-04,3092.800048828125
2009-08-05,3084.070068359375
2009-08-06,3056.14990234375
2009-08-07,3069.0
2009-08-10,3080.969970703125
2009-08-11,3055.469970703125
2009-08-12,3079.68994140625
2009-08-13,3128.85009765625
2009-08-14,3151.260009765625
2009-08-17,3086.080078125
2009-08-18,3071.580078125
2009-08-19,3081.050048828125
2009-08-20,3053.110107421875
2009-08-21,3034.949951171875
2009-08-24,3067.669921875
2009-08-25,3080.5
2009-08-26,3090.89990234375
2009-08-27,3076.419921875
2009-08-28,3109.340087890625
2009-08-31,3098.0
2009-09-01,3084.679931640625
2009-09-02,3074.64990234375
2009-09-03,3091.570068359375
2009-09-04,3098.320068359375
2009-09-07,3122.68994140625
2009-09-08,3121.550048828125
2009-09-09,3116.409912109375
2009-09-10,3126.679931640625
2009-09-11,3137.179931640625
2009-09-14,3128.669921875
2009-09-15,3099.6298828125
2009-09-16,3117.580078125
2009-09-17,3152.800048828125
2009-09-18,3156.4599609375
2009-09-21,3155.64990234375
2009-09-22,3142.860107421875
2009-09-23,3147.909912109375
2009-09-24,3130.419921875
2009-09-25,3111.25
2009-09-28,3131.179931640625
2009-09-29,3155.389892578125
2009-09-30,3161.06005859375
2009-10-01,3183.860107421875
2009-10-02,3148.860107421875
2009-10-05,3138.719970703125
2009-10-06,3151.550048828125
2009-10-07,3141.18994140625
2009-10-08,3168.93994140625
2009-10-09,3163.25
2009-10-12,3178.8798828125
2009-10-13,3169.4599609375
2009-10-14,3186.47998046875
2009-10-15,3191.2900390625
2009-10-16,3207.199951171875
2009-10-19,3220.919921875
2009-10-20,3252.56005859375
2009-10-21,3218.219970703125
2009-10-22,3201.699951171875
2009-10-23,3214.929931640625
2009-10-27,3192.469970703125
2009-10-28,3202.780029296875
2009-10-29,3195.6201171875
2009-10-30,3215.6201171875
2009-11-02,3183.739990234375
2009-11-03,3158.989990234375
2009-11-04,3166.7099609375
2009-11-05,3144.510009765625
2009-11-06,3160.159912109375
2009-11-09,3165.06005859375
2009-11-10,3167.409912109375
2009-11-11,3161.5400390625
2009-11-12,3172.080078125
2009-11-13,3158.139892578125
2009-11-16,3173.969970703125
2009-11-17,3131.510009765625
2009-11-18,3141.179931640625
2009-11-19,3141.179931640625
2009-11-20,3113.6298828125
2009-11-23,3112.97998046875
2009-11-24,3107.610107421875
2009-11-25,3115.389892578125
2009-11-26,3127.31005859375
2009-11-27,3094.43994140625
2009-11-30,3125.52001953125
2009-12-01,3146.60009765625
2009-12-02,3149.449951171875
2009-12-03,3153.929931640625
2009-12-04,3146.4599609375
2009-12-07,3138.580078125
2009-12-08,3137.300048828125
2009-12-09,3127.639892578125
2009-12-10,3132.280029296875
2009-12-11,3127.97998046875
2009-12-14,3098.800048828125
2009-12-15,3117.110107421875
2009-12-16,3132.300048828125
2009-12-17,3122.919921875
2009-12-18,3154.22998046875
2009-12-21,3149.800048828125
2009-12-22,3179.179931640625
2009-12-23,3209.56005859375
2009-12-24,3205.199951171875
2009-12-29,3225.1298828125
2009-12-30,3220.909912109375
2009-12-31,3230.14990234375
2010-01-05,3268.18994140625
2010-01-06,3271.570068359375
2010-01-07,3284.81005859375
2010-01-08,3310.22998046875
2010-01-11,3303.75
2010-01-12,3290.2900390625
2010-01-13,3276.199951171875
2010-01-14,3278.330078125
2010-01-15,3257.949951171875
2010-01-18,3247.10009765625
2010-01-19,3227.590087890625
2010-01-20,3227.25
2010-01-21,3225.2900390625
2010-01-22,3190.429931640625
2010-01-25,3188.659912109375
2010-01-26,3209.06005859375
2010-01-27,3193.570068359375
2010-01-28,3183.60009765625
2010-01-29,3164.64990234375
2010-02-01,3150.969970703125
2010-02-02,3147.3701171875
2010-02-03,3135.110107421875
2010-02-04,3148.93994140625
2010-02-05,3104.989990234375
2010-02-08,3093.449951171875
2010-02-09,3076.449951171875
2010-02-10,3085.510009765625
2010-02-11,3065.280029296875
2010-02-12,3080.469970703125
2010-02-15,3059.530029296875
2010-02-16,3087.610107421875
2010-02-17,3111.06005859375
2010-02-18,3101.77001953125
2010-02-19,3107.090087890625
2010-02-22,3129.75
2010-02-23,3126.3701171875
2010-02-24,3130.8798828125
2010-02-25,3151.68994140625
2010-02-26,3156.10009765625
2010-03-01,3164.14990234375
2010-03-02,3183.239990234375
2010-03-03,3198.52001953125
2010-03-04,3213.56005859375
2010-03-05,3214.639892578125
2010-03-08,3222.81005859375
2010-03-09,3213.2099609375
2010-03-10,3226.18994140625
2010-03-11,3223.449951171875
2010-03-12,3225.139892578125
2010-03-15,3231.14990234375
2010-03-16,3207.800048828125
2010-03-17,3200.9599609375
2010-03-18,3220.68994140625
2010-03-19,3230.39990234375
2010-03-22,3233.300048828125
2010-03-23,3228.3701171875
2010-03-24,3232.719970703125
2010-03-25,3237.550048828125
2010-03-26,3240.47998046875
2010-03-29,3251.10009765625
2010-03-30,3249.64990234375
2010-03-31,3267.989990234375
2010-04-01,3276.22998046875
2010-04-06,3308.909912109375
2010-04-07,3325.080078125
2010-04-08,3307.760009765625
2010-04-09,3310.25
2010-04-12,3314.139892578125
2010-04-13,3309.929931640625
2010-04-14,3335.510009765625
2010-04-15,3321.1201171875
2010-04-16,3311.31005859375
2010-04-19,3282.199951171875
2010-04-20,3293.110107421875
2010-04-21,3304.969970703125
2010-04-22,3287.4599609375
2010-04-23,3301.659912109375
2010-04-26,3306.25
2010-04-27,3291.909912109375
2010-04-28,3280.56005859375
2010-04-29,3282.27001953125
2010-04-30,3286.1298828125
2010-05-03,3280.35009765625
2010-05-04,3298.02001953125
2010-05-05,3248.820068359375
2010-05-06,3217.919921875
2010-05-07,3158.85009765625
2010-05-10,3170.6201171875
2010-05-11,3167.02001953125
2010-05-12,3156.080078125
2010-05-13,3195.800048828125
2010-05-14,3191.010009765625
2010-05-17,3170.739990234375
2010-05-18,3151.679931640625
2010-05-19,3121.8798828125
2010-05-20,3111.419921875
2010-05-21,3050.080078125
2010-05-24,3061.219970703125
2010-05-26,3011.18994140625
2010-05-27,3034.830078125
2010-05-28,3047.75
2010-05-31,3061.22998046875
2010-06-01,3054.760009765625
2010-06-02,3018.889892578125
2010-06-03,3024.10009765625
2010-06-04,3030.139892578125
2010-06-08,2988.97998046875
2010-06-09,3000.110107421875
2010-06-10,3002.330078125
2010-06-11,3041.260009765625
2010-06-14,3042.669921875
2010-06-15,3043.89990234375
2010-06-16,3066.580078125
2010-06-17,3045.719970703125
2010-06-18,3047.5
2010-06-21,3068.25
2010-06-22,3054.18994140625
2010-06-23,3054.2900390625
2010-06-24,3049.469970703125
2010-06-25,3034.110107421875
2010-06-28,3008.409912109375
2010-06-29,2991.070068359375
2010-06-30,2972.090087890625
2010-07-01,2933.820068359375
2010-07-02,2938.110107421875
2010-07-05,2947.340087890625
2010-07-06,2952.39990234375
2010-07-08,2983.929931640625
2010-07-09,3005.25
2010-07-12,3012.030029296875
2010-07-13,3008.89990234375
2010-07-14,3027.43994140625
2010-07-15,3002.320068359375
2010-07-16,2985.760009765625
2010-07-19,2964.60009765625
2010-07-20,2995.3701171875
2010-07-21,3003.409912109375
2010-07-22,2981.360107421875
2010-07-23,2994.89990234375
2010-07-26,3021.18994140625
2010-07-27,3008.429931640625
2010-07-28,3022.179931640625
2010-07-29,3033.02001953125
2010-07-30,3034.6201171875
2010-08-02,3044.169921875
2010-08-03,3050.389892578125
2010-08-04,3038.1298828125
2010-08-05,3044.669921875
2010-08-06,3044.6298828125
2010-08-09,3054.5
2010-08-10,3045.110107421875
2010-08-11,3036.010009765625
2010-08-12,3006.909912109375
2010-08-13,3015.1298828125
2010-08-16,3023.530029296875
2010-08-17,3006.550048828125
2010-08-18,3018.179931640625
2010-08-19,3029.7900390625
2010-08-20,3000.39990234375
2010-08-23,3016.780029296875
2010-08-24,3024.639892578125
2010-08-25,3006.050048828125
2010-08-26,3018.25
2010-08-27,3007.43994140625
2010-08-30,3036.81005859375
2010-08-31,3036.10009765625
2010-09-01,3077.10009765625
2010-09-02,3082.47998046875
2010-09-03,3107.429931640625
2010-09-06,3143.139892578125
2010-09-07,3174.139892578125
2010-09-08,3161.179931640625
2010-09-09,3151.77001953125
2010-09-10,3161.0
2010-09-13,3178.469970703125
2010-09-14,3197.52001953125
2010-09-15,3195.280029296875
2010-09-16,3195.6298828125
2010-09-17,3212.260009765625
2010-09-20,3216.93994140625
2010-09-21,3236.760009765625
2010-09-22,3236.360107421875
2010-09-23,3228.030029296875
2010-09-24,3211.159912109375
2010-09-27,3239.139892578125
2010-09-28,3230.22998046875
2010-09-29,3226.8798828125
2010-09-30,3178.090087890625
2010-10-01,3212.93994140625
2010-10-04,3228.919921875
2010-10-05,3218.320068359375
2010-10-06,3235.0400390625
2010-10-07,3236.080078125
2010-10-08,3232.659912109375
2010-10-11,3234.889892578125
2010-10-12,3230.830078125
2010-10-13,3231.820068359375
2010-10-14,3262.60009765625
2010-10-15,3255.85009765625
2010-10-18,3262.35009765625
2010-10-19,3257.93994140625
2010-10-20,3243.010009765625
2010-10-21,3264.919921875
2010-10-22,3289.75
2010-10-26,3285.43994140625
2010-10-27,3280.340087890625
2010-10-28,3290.0
2010-10-29,3304.889892578125
2010-11-01,3299.72998046875
2010-11-02,3324.760009765625
2010-11-03,3333.070068359375
2010-11-04,3326.25
2010-11-05,3319.159912109375
2010-11-08,3316.39990234375
2010-11-09,3321.77001953125
2010-11-10,3333.489990234375
2010-11-11,3331.5
2010-11-12,3310.580078125
2010-11-15,3328.22998046875
2010-11-16,3315.06005859375
2010-11-17,3289.31005859375
2010-11-18,3280.4599609375
2010-11-19,3268.14990234375
2010-11-22,3296.6298828125
2010-11-23,3258.77001953125
2010-11-24,3269.219970703125
2010-11-25,3264.669921875
2010-11-26,3264.25
2010-11-29,3270.3798828125
2010-11-30,3264.5
2010-12-01,3265.10009765625
2010-12-02,3285.489990234375
2010-12-03,3283.300048828125
2010-12-06,3293.179931640625
2010-12-07,3281.860107421875
2010-12-08,3294.340087890625
2010-12-09,3280.56005859375
2010-12-10,3272.919921875
2010-12-13,3291.2900390625
2010-12-14,3288.9599609375
2010-12-15,3297.919921875
2010-12-16,3293.780029296875
2010-12-17,3325.110107421875
2010-12-20,3299.9599609375
2010-12-21,3319.10009765625
2010-12-22,3322.3798828125
2010-12-23,3333.760009765625
2010-12-24,3329.2099609375
2010-12-29,3325.6201171875
2010-12-30,3334.27001953125
2010-12-31,3309.030029296875
2011-01-04,3309.030029296875
2011-01-05,3324.989990234375
2011-01-06,3326.7099609375
2011-01-07,3317.93994140625
2011-01-10,3324.070068359375
2011-01-11,3329.760009765625
2011-01-12,3334.580078125
2011-01-13,3373.7099609375
2011-01-14,3369.889892578125
2011-01-17,3354.300048828125
2011-01-18,3343.739990234375
2011-01-19,3346.02001953125
2011-01-20,3339.2900390625
2011-01-21,3352.719970703125
2011-01-24,3352.659912109375
2011-01-25,3359.070068359375
2011-01-26,3354.719970703125
2011-01-27,3350.929931640625
2011-01-28,3352.639892578125
2011-01-31,3338.739990234375
2011-02-01,3348.4599609375
2011-02-02,3352.300048828125
2011-02-03,3349.889892578125
2011-02-04,3367.820068359375
2011-02-07,3387.409912109375
2011-02-08,3383.169921875
2011-02-09,3386.47998046875
2011-02-10,3365.8701171875
2011-02-11,3367.43994140625
2011-02-14,3383.469970703125
2011-02-15,3390.090087890625
2011-02-16,3384.47998046875
2011-02-17,3395.699951171875
2011-02-18,3412.739990234375
2011-02-21,3381.929931640625
2011-02-22,3358.7099609375
2011-02-23,3372.070068359375
2011-02-24,3368.35009765625
2011-02-25,3363.909912109375
2011-02-28,3370.52001953125
2011-03-01,3384.389892578125
2011-03-02,3381.989990234375
2011-03-03,3397.31005859375
2011-03-04,3418.110107421875
2011-03-07,3430.050048828125
2011-03-08,3421.169921875
2011-03-09,3414.419921875
2011-03-10,3406.239990234375
2011-03-11,3382.840087890625
2011-03-14,3361.199951171875
2011-03-15,3314.139892578125
2011-03-16,3326.800048828125
2011-03-17,3329.590087890625
2011-03-18,3339.510009765625
2011-03-21,3348.360107421875
2011-03-22,3365.22998046875
2011-03-23,3375.7900390625
2011-03-24,3387.25
2011-03-25,3388.610107421875
2011-03-28,3408.050048828125
2011-03-29,3421.18994140625
2011-03-30,3433.159912109375
2011-03-31,3439.85009765625
2011-04-01,3452.139892578125
2011-04-04,3459.510009765625
2011-04-05,3469.3798828125
2011-04-06,3449.8798828125
2011-04-07,3450.360107421875
2011-04-08,3445.27001953125
2011-04-11,3461.320068359375
2011-04-12,3451.340087890625
2011-04-13,3457.6298828125
2011-04-14,3454.47998046875
2011-04-15,3452.68994140625
2011-04-18,3465.169921875
2011-04-19,3439.97998046875
2011-04-20,3472.800048828125
2011-04-21,3492.39990234375
2011-04-26,3486.47998046875
2011-04-27,3492.0400390625
2011-04-28,3503.760009765625
2011-04-29,3519.330078125
2011-05-02,3497.860107421875
2011-05-03,3495.110107421875
2011-05-04,3495.18994140625
2011-05-05,3498.989990234375
2011-05-06,3506.35009765625
2011-05-09,3518.97998046875
2011-05-10,3528.75
2011-05-11,3558.8701171875
2011-05-12,3540.31005859375
2011-05-13,3535.7900390625
2011-05-16,3543.8701171875
2011-05-17,3558.050048828125
2011-05-18,3559.550048828125
2011-05-19,3569.0
2011-05-20,3577.43994140625
2011-05-23,3554.139892578125
2011-05-24,3559.550048828125
2011-05-25,3554.360107421875
2011-05-26,3527.590087890625
2011-05-27,3527.9599609375
2011-05-30,3542.989990234375
2011-05-31,3547.639892578125
2011-06-01,3551.5400390625
2011-06-02,3525.820068359375
2011-06-03,3514.760009765625
2011-06-07,3505.610107421875
2011-06-08,3525.389892578125
2011-06-09,3488.75
2011-06-10,3490.6298828125
2011-06-13,3476.679931640625
2011-06-14,3488.85009765625
2011-06-15,3506.3701171875
2011-06-16,3481.610107421875
2011-06-17,3469.590087890625
2011-06-20,3467.489990234375
2011-06-21,3459.56005859375
2011-06-22,3457.4599609375
2011-06-23,3461.81005859375
2011-06-24,3455.60009765625
2011-06-27,3438.080078125
2011-06-28,3441.010009765625
2011-06-29,3414.919921875
2011-06-30,3448.35009765625
2011-07-01,3475.0
2011-07-04,3478.489990234375
2011-07-05,3473.590087890625
2011-07-06,3460.830078125
2011-07-07,3460.56005859375
2011-07-08,3456.139892578125
2011-07-11,3434.139892578125
2011-07-12,3430.3798828125
2011-07-13,3424.35009765625
2011-07-14,3409.550048828125
2011-07-15,3406.3798828125
2011-07-18,3385.889892578125
2011-07-19,3392.02001953125
2011-07-20,3408.3701171875
2011-07-21,3421.340087890625
2011-07-22,3449.219970703125
2011-07-25,3428.14990234375
2011-07-26,3416.6201171875
2011-07-27,3412.35009765625
2011-07-28,3396.7900390625
2011-07-29,3395.6298828125
2011-08-01,3413.830078125
2011-08-02,3397.0
2011-08-03,3369.820068359375
2011-08-04,3377.780029296875
2011-08-05,3276.510009765625
2011-08-08,3185.449951171875
2011-08-09,3097.780029296875
2011-08-10,3183.739990234375
2011-08-11,3208.6201171875
2011-08-12,3216.5
2011-08-15,3252.6298828125
2011-08-16,3273.75
2011-08-17,3290.10009765625
2011-08-18,3286.219970703125
2011-08-19,3267.840087890625
2011-08-22,3274.43994140625
2011-08-23,3269.590087890625
2011-08-24,3287.52001953125
2011-08-25,3301.580078125
2011-08-26,3295.6298828125
2011-08-29,3306.0
2011-08-30,3317.72998046875
2011-08-31,3323.070068359375
2011-09-01,3332.27001953125
2011-09-02,3303.219970703125
2011-09-05,3293.1298828125
2011-09-06,3270.56005859375
2011-09-07,3300.949951171875
2011-09-08,3308.050048828125
2011-09-09,3323.929931640625
2011-09-12,3263.81005859375
2011-09-13,3285.409912109375
2011-09-14,3264.110107421875
2011-09-15,3272.5
2011-09-16,3292.679931640625
2011-09-19,3288.31005859375
2011-09-20,3290.6201171875
2011-09-21,3308.830078125
2011-09-22,3312.280029296875
2011-09-23,3282.7099609375
2011-09-26,3255.3701171875
2011-09-27,3292.830078125
2011-09-28,3298.719970703125
2011-09-29,3300.169921875
2011-09-30,3343.35009765625
2011-10-03,3315.739990234375
2011-10-04,3320.389892578125
2011-10-05,3328.1201171875
2011-10-06,3346.2099609375
2011-10-07,3383.639892578125
2011-10-11,3396.14990234375
2011-10-12,3325.1201171875
2011-10-13,3306.679931640625
2011-10-14,3302.469970703125
2011-10-17,3316.9599609375
2011-10-18,3279.110107421875
2011-10-19,3300.030029296875
2011-10-20,3289.77001953125
2011-10-21,3281.159912109375
2011-10-25,3296.360107421875
2011-10-26,3296.97998046875
2011-10-27,3303.469970703125
2011-10-28,3325.60009765625
2011-10-31,3332.56005859375
2011-11-01,3332.77001953125
2011-11-02,3308.889892578125
2011-11-03,3311.510009765625
2011-11-04,3331.7900390625
2011-11-07,3342.18994140625
2011-11-08,3351.239990234375
2011-11-09,3353.56005859375
2011-11-10,3318.8701171875
2011-11-11,3322.010009765625
2011-11-14,3309.860107421875
2011-11-15,3317.330078125
2011-11-16,3281.419921875
2011-11-17,3280.739990234375
2011-11-18,3250.889892578125
2011-11-21,3256.56005859375
2011-11-22,3252.27001953125
2011-11-23,3268.669921875
2011-11-24,3241.10009765625
2011-11-25,3212.27001953125
2011-11-28,3218.43994140625
2011-11-29,3239.469970703125
2011-11-30,3270.2099609375
2011-12-01,3277.31005859375
2011-12-02,3282.389892578125
2011-12-05,3301.219970703125
2011-12-06,3291.489990234375
2011-12-07,3283.0400390625
2011-12-08,3269.949951171875
2011-12-09,3271.4599609375
2011-12-12,3299.510009765625
2011-12-13,3292.7900390625
2011-12-14,3284.139892578125
2011-12-15,3263.18994140625
2011-12-16,3245.340087890625
2011-12-19,3223.030029296875
2011-12-20,3202.02001953125
2011-12-21,3223.080078125
2011-12-22,3207.239990234375
2011-12-23,3215.5
2011-12-28,3236.89990234375
2011-12-29,3246.25
2011-12-30,3274.7099609375
2012-01-04,3288.110107421875
2012-01-05,3284.1201171875
2012-01-06,3253.429931640625
2012-01-09,3247.280029296875
2012-01-10,3228.010009765625
2012-01-11,3236.530029296875
2012-01-12,3219.830078125
2012-01-13,3227.4599609375
2012-01-17,3234.800048828125
2012-01-18,3247.5
2012-01-19,3264.739990234375
2012-01-20,3276.4599609375
2012-01-23,3295.02001953125
2012-01-24,3268.169921875
2012-01-25,3280.10009765625
2012-01-26,3281.679931640625
2012-01-27,3294.639892578125
2012-01-30,3307.219970703125
2012-01-31,3296.199951171875
2012-02-01,3301.7900390625
2012-02-02,3314.639892578125
2012-02-03,3312.22998046875
2012-02-07,3315.139892578125
2012-02-08,3324.669921875
2012-02-09,3326.739990234375
2012-02-10,3348.1298828125
2012-02-13,3340.02001953125
2012-02-14,3330.330078125
2012-02-15,3293.8701171875
2012-02-16,3286.449951171875
2012-02-17,3289.0
2012-02-20,3315.570068359375
2012-02-21,3337.320068359375
2012-02-22,3328.22998046875
2012-02-23,3323.159912109375
2012-02-24,3319.760009765625
2012-02-27,3303.449951171875
2012-02-28,3309.800048828125
2012-02-29,3322.530029296875
2012-03-01,3330.85009765625
2012-03-02,3375.81005859375
2012-03-05,3387.840087890625
2012-03-06,3401.830078125
2012-03-07,3403.050048828125
2012-03-08,3413.7900390625
2012-03-09,3433.820068359375
2012-03-12,3452.3701171875
2012-03-13,3470.81005859375
2012-03-14,3498.989990234375
2012-03-15,3533.72998046875
2012-03-16,3505.02001953125
2012-03-19,3485.969970703125
2012-03-20,3487.010009765625
2012-03-21,3481.9599609375
2012-03-22,3474.64990234375
2012-03-23,3449.300048828125
2012-03-26,3471.919921875
2012-03-27,3483.9599609375
2012-03-28,3486.510009765625
2012-03-29,3495.43994140625
2012-03-30,3509.550048828125
2012-04-02,3493.610107421875
2012-04-03,3473.090087890625
2012-04-04,3480.419921875
2012-04-05,3467.97998046875
2012-04-10,3475.10009765625
2012-04-11,3465.389892578125
2012-04-12,3487.090087890625
2012-04-13,3487.169921875
2012-04-16,3473.5
2012-04-17,3480.5400390625
2012-04-19,3525.18994140625
2012-04-20,3516.22998046875
2012-04-23,3513.449951171875
2012-04-24,3519.860107421875
2012-04-26,3520.820068359375
2012-04-27,3531.659912109375
2012-04-30,3555.8701171875
2012-05-01,3577.320068359375
2012-05-02,3614.969970703125
2012-05-03,3576.699951171875
2012-05-04,3549.780029296875
2012-05-07,3540.1298828125
2012-05-08,3552.06005859375
2012-05-09,3559.469970703125
2012-05-10,3569.050048828125
2012-05-11,3548.06005859375
2012-05-14,3555.360107421875
2012-05-15,3534.919921875
2012-05-16,3514.510009765625
2012-05-17,3521.510009765625
2012-05-18,3501.43994140625
2012-05-21,3493.389892578125
2012-05-22,3529.860107421875
2012-05-23,3510.199951171875
2012-05-24,3496.18994140625
2012-05-25,3486.22998046875
2012-05-28,3462.25
2012-05-29,3478.2900390625
2012-05-30,3481.340087890625
2012-05-31,3488.2900390625
2012-06-01,3452.0
2012-06-05,3420.7900390625
2012-06-06,3464.510009765625
2012-06-07,3473.9599609375
2012-06-08,3449.469970703125
2012-06-11,3454.239990234375
2012-06-12,3425.60009765625
2012-06-13,3381.72998046875
2012-06-14,3416.090087890625
2012-06-15,3447.070068359375
2012-06-18,3455.679931640625
2012-06-19,3480.3798828125
2012-06-20,3444.7900390625
2012-06-21,3409.389892578125
2012-06-22,3399.199951171875
2012-06-25,3401.1298828125
2012-06-26,3381.320068359375
2012-06-27,3387.780029296875
2012-06-28,3401.340087890625
2012-06-29,3399.830078125
2012-07-02,3440.159912109375
2012-07-03,3444.6298828125
2012-07-04,3483.1201171875
2012-07-05,3484.199951171875
2012-07-06,3478.699951171875
2012-07-09,3480.18994140625
2012-07-10,3464.719970703125
2012-07-11,3478.840087890625
2012-07-12,3501.39990234375
2012-07-13,3495.409912109375
2012-07-16,3467.340087890625
2012-07-17,3468.860107421875
2012-07-18,3474.050048828125
2012-07-19,3485.780029296875
2012-07-20,3463.699951171875
2012-07-23,3465.360107421875
2012-07-24,3460.699951171875
2012-07-25,3458.97998046875
2012-07-26,3485.739990234375
2012-07-27,3501.2900390625
2012-07-30,3518.889892578125
2012-07-31,3545.010009765625
2012-08-01,3530.64990234375
2012-08-02,3564.110107421875
2012-08-03,3548.0
2012-08-06,3563.199951171875
2012-08-07,3584.81005859375
2012-08-08,3581.7900390625
2012-08-09,3583.610107421875
2012-08-10,3577.800048828125
2012-08-13,3594.9599609375
2012-08-14,3608.8798828125
2012-08-15,3631.18994140625
2012-08-16,3616.199951171875
2012-08-17,3639.659912109375
2012-08-20,3661.090087890625
2012-08-21,3687.739990234375
2012-08-22,3658.3798828125
2012-08-23,3663.340087890625
2012-08-24,3622.590087890625
2012-08-27,3623.22998046875
2012-08-28,3629.050048828125
2012-08-29,3628.389892578125
2012-08-30,3629.56005859375
2012-08-31,3666.679931640625
2012-09-03,3669.030029296875
2012-09-04,3676.02001953125
2012-09-05,3669.64990234375
2012-09-06,3693.5400390625
2012-09-07,3722.179931640625
2012-09-10,3726.89990234375
2012-09-11,3744.9599609375
2012-09-12,3789.719970703125
2012-09-14,3792.340087890625
2012-09-17,3817.22998046875
2012-09-18,3804.47998046875
2012-09-19,3797.89990234375
2012-09-20,3819.280029296875
2012-09-21,3809.570068359375
2012-09-24,3809.14990234375
2012-09-25,3825.31005859375
2012-09-26,3809.320068359375
2012-09-27,3809.030029296875
2012-09-28,3834.14990234375
2012-10-02,3871.25
2012-10-03,3889.60009765625
2012-10-04,3881.989990234375
2012-10-05,3904.85009765625
2012-10-08,3923.909912109375
2012-10-10,3888.139892578125
2012-10-11,3883.300048828125
2012-10-12,3896.659912109375
2012-10-15,3916.360107421875
2012-10-17,3965.179931640625
2012-10-19,3988.159912109375
2012-10-24,4001.449951171875
2012-10-25,3990.489990234375
2012-10-26,3983.780029296875
2012-10-29,3951.300048828125
2012-10-31,3957.8798828125
2012-11-01,3931.8798828125
2012-11-02,3914.080078125
2012-11-05,3908.27001953125
2012-11-09,3957.919921875
2012-11-16,3947.840087890625
2012-11-23,4008.340087890625
2012-11-30,4050.090087890625
2012-12-07,4041.530029296875
2012-12-14,3979.169921875
2012-12-21,4054.739990234375
2012-12-24,4057.820068359375
2012-12-28,4080.89990234375
2012-12-31,4066.510009765625
2013-01-04,4075.0400390625
2013-01-11,4131.75
2013-01-18,4164.18017578125
2013-01-25,4199.81982421875
2013-02-01,4245.93017578125
2013-02-08,4225.72021484375
2013-02-15,4196.72998046875
2013-02-22,4214.60009765625
2013-03-01,4317.990234375
2013-03-04,4253.60009765625
2013-03-05,4269.16015625
2013-03-06,4297.97021484375
2013-03-07,4333.47998046875
2013-03-08,4354.02978515625
2013-03-11,4366.580078125
2013-03-12,4378.759765625
2013-03-13,4341.14990234375
2013-03-15,4387.06005859375
2013-03-18,4341.02001953125
2013-03-19,4345.0400390625
2013-03-21,4342.5
2013-03-22,4342.89013671875
2013-03-25,4340.72998046875
2013-03-26,4346.02978515625
2013-03-27,4412.06005859375
2013-03-28,4422.75
2013-04-05,4432.97021484375
2013-04-08,4397.2001953125
2013-04-10,4420.06005859375
2013-04-11,4409.5400390625
2013-04-12,4435.77001953125
2013-04-15,4454.7099609375
2013-04-16,4427.83984375
2013-04-17,4478.27001953125
2013-04-18,4442.10009765625
2013-04-19,4444.5
2013-04-22,4483.66015625
2013-04-23,4516.5
2013-04-24,4538.97998046875
2013-04-26,4548.7099609375
2013-04-29,4580.9599609375
2013-04-30,4614.3701171875
2013-05-01,4603.02001953125
2013-05-02,4574.4599609375
2013-05-03,4544.31982421875
2013-05-06,4596.22998046875
2013-05-07,4621.72998046875
2013-05-08,4640.27978515625
2013-05-09,4639.330078125
2013-05-10,4652.77978515625
2013-05-13,4671.64013671875
2013-05-14,4645.85009765625
2013-05-15,4646.330078125
2013-05-16,4636.02978515625
2013-05-17,4597.83984375
2013-05-20,4598.64990234375
2013-05-21,4590.83984375
2013-05-22,4610.18017578125
2013-05-23,4588.58984375
2013-05-24,4526.240234375
2013-05-27,4478.2001953125
2013-05-28,4478.25
2013-05-29,4488.259765625
2013-05-30,4470.509765625
2013-05-31,4511.35009765625
2013-06-05,4453.58984375
2013-06-06,4455.330078125
2013-06-07,4439.85986328125
2013-06-10,4473.3798828125
2013-06-11,4463.580078125
2013-06-12,4442.1201171875
2013-06-13,4401.91015625
2013-06-14,4420.97998046875
2013-06-17,4447.64013671875
2013-06-18,4462.10009765625
2013-06-19,4445.5498046875
2013-06-20,4398.52001953125
2013-06-21,4363.06982421875
2013-06-24,4364.0400390625
2013-06-25,4316.990234375
2013-06-26,4393.60986328125
2013-06-27,4416.9599609375
2013-06-28,4440.169921875
2013-07-01,4418.0498046875
2013-07-02,4458.25
2013-07-03,4450.759765625
2013-07-04,4458.9501953125
2013-07-05,4489.85986328125
2013-07-08,4493.2998046875
2013-07-09,4523.68994140625
2013-07-10,4556.77001953125
2013-07-11,4560.0498046875
2013-07-12,4568.330078125
2013-07-15,4606.240234375
2013-07-16,4576.5400390625
2013-07-17,4578.97021484375
2013-07-18,4563.3798828125
2013-07-19,4538.31005859375
2013-07-22,4554.0400390625
2013-07-23,4580.58984375
2013-07-24,4599.2001953125
2013-07-25,4576.7998046875
2013-07-26,4581.990234375
2013-07-29,4578.47998046875
2013-07-30,4550.580078125
2013-07-31,4537.97998046875
2013-08-01,4545.77001953125
2013-08-02,4582.89013671875
2013-08-05,4589.47998046875
2013-08-06,4575.5
2013-08-07,4548.2998046875
2013-08-08,4541.3798828125
2013-08-09,4533.64013671875
2013-08-12,4522.2998046875
2013-08-13,4525.81982421875
2013-08-14,4524.58984375
2013-08-15,4530.259765625
2013-08-16,4513.8798828125
2013-08-19,4503.22021484375
2013-08-20,4508.35986328125
2013-08-21,4551.509765625
2013-08-22,4529.85986328125
2013-08-23,4524.2099609375
2013-08-26,4545.669921875
2013-08-27,4542.02001953125
2013-08-28,4509.72021484375
2013-08-29,4520.5
2013-08-30,4540.97021484375
2013-09-02,4596.35986328125
2013-09-03,4606.7099609375
2013-09-04,4610.31005859375
2013-09-05,4604.35009765625
2013-09-06,4597.18017578125
2013-09-09,4614.02001953125
2013-09-10,4627.759765625
2013-09-11,4634.89990234375
2013-09-12,4641.5
2013-09-13,4650.93994140625
2013-09-16,4693.6201171875
2013-09-17,4698.02978515625
2013-09-18,4703.830078125
2013-09-19,4753.02978515625
2013-09-20,4730.3798828125
2013-09-23,4701.3701171875
2013-09-24,4710.58984375
2013-09-25,4764.72021484375
2013-09-26,4765.47021484375
2013-09-27,4782.68017578125
2013-10-01,4743.8701171875
2013-10-02,4768.8701171875
2013-10-03,4770.22021484375
2013-10-04,4759.3798828125
2013-10-07,4756.0400390625
2013-10-08,4738.68017578125
2013-10-09,4710.6298828125
2013-10-10,4717.3798828125
2013-10-11,4740.77001953125
2013-10-14,4734.169921875
2013-10-15,4747.93017578125
2013-10-16,4758.77001953125
2013-10-17,4776.0
2013-10-18,4758.58984375
2013-10-21,4802.56005859375
2013-10-23,4876.39990234375
2013-10-24,4834.93994140625
2013-10-25,4863.35009765625
2013-10-29,4852.58984375
2013-10-30,4868.080078125
2013-10-31,4909.72998046875
2013-11-01,4913.830078125
2013-11-04,4910.68017578125
2013-11-05,4938.7001953125
2013-11-06,4944.56982421875
2013-11-07,4922.68994140625
2013-11-08,4951.35986328125
2013-11-11,4922.169921875
2013-11-12,4915.669921875
2013-11-13,4918.66015625
2013-11-14,4927.18017578125
2013-11-15,4914.080078125
2013-11-18,4892.0400390625
2013-11-19,4862.509765625
2013-11-20,4840.35986328125
2013-11-21,4818.3701171875
2013-11-22,4818.0
2013-11-25,4813.8798828125
2013-11-26,4790.75
2013-11-27,4799.35009765625
2013-11-28,4809.4599609375
2013-11-29,4794.9501953125
2013-12-02,4792.330078125
2013-12-03,4783.85009765625
2013-12-04,4734.16015625
2013-12-05,4719.9501953125
2013-12-06,4713.52001953125
2013-12-09,4718.31005859375
2013-12-10,4706.509765625
2013-12-11,4704.2998046875
2013-12-12,4708.2001953125
2013-12-13,4717.06005859375
2013-12-16,4735.60986328125
2013-12-17,4728.02001953125
2013-12-18,4675.8798828125
2013-12-19,4707.06005859375
2013-12-20,4681.18994140625
2013-12-23,4722.64013671875
2013-12-24,4767.93994140625
2013-12-27,4767.35986328125
2013-12-30,4768.97998046875
2013-12-31,4737.009765625
2014-01-03,4769.0400390625
2014-01-06,4765.31982421875
2014-01-07,4759.6298828125
2014-01-08,4779.7998046875
2014-01-09,4814.8701171875
2014-01-10,4864.39013671875
2014-01-13,4899.39990234375
2014-01-14,4865.16015625
2014-01-15,4913.02978515625
2014-01-16,4921.2900390625
2014-01-17,4893.9501953125
2014-01-20,4890.5
2014-01-21,4921.669921875
2014-01-22,4950.33984375
2014-01-23,4911.080078125
2014-01-24,4873.7001953125
2014-01-27,4853.7998046875
2014-01-28,4848.43994140625
2014-01-29,4882.72021484375
2014-01-30,4849.83984375
2014-01-31,4874.580078125
2014-02-03,4849.5
2014-02-04,4802.6201171875
2014-02-05,4807.93994140625
2014-02-07,4840.7900390625
2014-02-10,4833.06005859375
2014-02-11,4848.8798828125
2014-02-12,4869.97021484375
2014-02-13,4873.52978515625
2014-02-14,4888.39990234375
2014-02-17,4894.990234375
2014-02-18,4895.10009765625
2014-02-19,4914.14013671875
2014-02-20,4909.830078125
2014-02-21,4927.64013671875
2014-02-24,4969.64990234375
2014-02-25,4967.509765625
2014-02-26,4973.2001953125
2014-02-27,4964.33984375
2014-02-28,4990.0400390625
2014-03-03,5007.39990234375
2014-03-04,5033.259765625
2014-03-05,5073.08984375
2014-03-06,5114.7900390625
2014-03-07,5125.64990234375
2014-03-10,5117.83984375
2014-03-11,5101.93994140625
2014-03-12,5096.52978515625
2014-03-13,5111.97998046875
2014-03-14,5079.31982421875
2014-03-17,5088.02978515625
2014-03-18,5135.66015625
2014-03-19,5154.72021484375
2014-03-20,5160.39013671875
2014-03-21,5124.990234375
2014-03-24,5118.6201171875
2014-03-25,5130.7001953125
2014-03-26,5124.89013671875
2014-03-27,5126.52978515625
2014-03-28,5142.89990234375
2014-03-31,5139.97998046875
2014-04-01,5122.52001953125
2014-04-02,5116.31005859375
2014-04-03,5122.3701171875
2014-04-04,5123.89990234375
2014-04-07,5075.83984375
2014-04-08,5031.56005859375
2014-04-09,5067.41015625
2014-04-10,5115.490234375
2014-04-11,5091.43017578125
2014-04-14,5063.5400390625
2014-04-15,5076.2900390625
2014-04-16,5090.5498046875
2014-04-17,5103.35009765625
2014-04-22,5104.93994140625
2014-04-23,5142.919921875
2014-04-24,5153.9599609375
2014-04-28,5115.7998046875
2014-04-29,5148.2900390625
2014-04-30,5232.68017578125
2014-05-01,5209.2099609375
2014-05-02,5232.91015625
2014-05-05,5200.25
2014-05-06,5174.89990234375
2014-05-07,5189.1298828125
2014-05-08,5161.41015625
2014-05-09,5152.669921875
2014-05-12,5162.419921875
2014-05-13,5199.33984375
2014-05-14,5213.35986328125
2014-05-15,5194.9599609375
2014-05-16,5186.18994140625
2014-05-19,5167.77978515625
2014-05-20,5134.89013671875
2014-05-21,5108.56982421875
2014-05-22,5128.83984375
2014-05-23,5151.3701171875
2014-05-26,5153.68017578125
2014-05-27,5145.85009765625
2014-05-28,5181.4599609375
2014-05-29,5183.16015625
2014-05-30,5178.43994140625
2014-06-03,5164.1201171875
2014-06-04,5159.35009765625
2014-06-05,5159.490234375
2014-06-06,5182.43994140625
2014-06-09,5186.43017578125
2014-06-10,5179.39990234375
2014-06-11,5179.14990234375
2014-06-12,5195.10986328125
2014-06-13,5170.509765625
2014-06-16,5178.7998046875
2014-06-17,5193.5
2014-06-18,5184.4599609375
2014-06-19,5192.14990234375
2014-06-20,5145.02978515625
2014-06-23,5126.16015625
2014-06-24,5121.2099609375
2014-06-25,5104.5400390625
2014-06-26,5130.14990234375
2014-06-27,5144.25
2014-06-30,5141.47998046875
2014-07-01,5146.259765625
2014-07-02,5149.39013671875
2014-07-03,5167.39013671875
2014-07-04,5188.91015625
2014-07-07,5186.35986328125
2014-07-08,5166.080078125
2014-07-09,5122.740234375
2014-07-10,5128.009765625
2014-07-11,5100.58984375
2014-07-14,5127.8701171875
2014-07-15,5115.39990234375
2014-07-16,5114.240234375
2014-07-17,5112.39013671875
2014-07-18,5108.93017578125
2014-07-21,5126.89990234375
2014-07-22,5133.8701171875
2014-07-23,5146.52978515625
2014-07-24,5174.7099609375
2014-07-25,5194.27001953125
2014-07-28,5187.14013671875
2014-07-29,5165.56005859375
2014-07-30,5158.5498046875
2014-07-31,5167.990234375
2014-08-01,5109.93017578125
2014-08-04,5090.68994140625
2014-08-05,5104.16015625
2014-08-06,5092.22998046875
2014-08-07,5097.509765625
2014-08-08,5055.2001953125
2014-08-11,5049.6298828125
2014-08-12,5055.81005859375
2014-08-13,5054.7001953125
2014-08-14,5062.41015625
2014-08-15,5078.080078125
2014-08-18,5071.1201171875
2014-08-19,5114.2099609375
2014-08-20,5140.33984375
2014-08-21,5152.919921875
2014-08-22,5167.0
2014-08-25,5182.740234375
2014-08-26,5195.6298828125
2014-08-27,5243.7001953125
2014-08-28,5237.509765625
2014-08-29,5223.2998046875
2014-09-01,5215.39990234375
2014-09-02,5221.77001953125
2014-09-03,5224.39990234375
2014-09-04,5228.5498046875
2014-09-05,5253.8701171875
2014-09-08,5261.75
2014-09-09,5243.7001953125
2014-09-10,5236.66015625
2014-09-11,5262.31982421875
2014-09-12,5223.97021484375
2014-09-15,5210.85986328125
2014-09-16,5189.7900390625
2014-09-17,5142.33984375
2014-09-18,5154.18017578125
2014-09-19,5181.35009765625
2014-09-22,5236.2900390625
2014-09-23,5241.43994140625
2014-09-24,5258.169921875
2014-09-25,5277.85986328125
2014-09-26,5253.490234375
2014-09-29,5259.509765625
2014-09-30,5255.0400390625
2014-10-01,5274.580078125
2014-10-02,5245.240234375
2014-10-03,5236.990234375
2014-10-06,5241.31005859375
2014-10-07,5235.7099609375
2014-10-08,5245.89990234375
2014-10-09,5266.0400390625
2014-10-10,5225.14013671875
2014-10-13,5170.0498046875
2014-10-14,5145.89013671875
2014-10-15,5162.8701171875
2014-10-16,5132.02001953125
2014-10-17,5146.93994140625
2014-10-20,5197.89013671875
2014-10-21,5233.1201171875
2014-10-22,5279.7001953125
2014-10-23,5292.830078125
2014-10-24,5333.830078125
2014-10-28,5338.330078125
2014-10-29,5355.8798828125
2014-10-30,5370.18017578125
2014-10-31,5387.830078125
2014-11-03,5418.22021484375
2014-11-04,5423.259765625
2014-11-05,5402.14990234375
2014-11-06,5403.60986328125
2014-11-07,5418.990234375
2014-11-10,5470.33984375
2014-11-11,5490.7900390625
2014-11-12,5487.89013671875
2014-11-13,5462.740234375
2014-11-14,5484.0
2014-11-17,5490.22998046875
2014-11-18,5505.02978515625
2014-11-19,5522.06005859375
2014-11-20,5526.9501953125
2014-11-21,5495.81005859375
2014-11-24,5471.68017578125
2014-11-25,5442.68017578125
2014-11-26,5457.39013671875
2014-11-27,5455.3798828125
2014-11-28,5424.4501953125
2014-12-01,5429.6201171875
2014-12-02,5430.0400390625
2014-12-03,5503.06982421875
2014-12-04,5522.68017578125
2014-12-05,5521.91015625
2014-12-08,5529.31982421875
2014-12-09,5542.93017578125
2014-12-10,5523.580078125
2014-12-11,5502.06982421875
2014-12-12,5514.9501953125
2014-12-15,5499.06982421875
2014-12-16,5495.75
2014-12-17,5496.58984375
2014-12-18,5518.47998046875
2014-12-19,5527.75
2014-12-22,5541.740234375
2014-12-23,5552.10009765625
2014-12-24,5557.419921875
2014-12-29,5592.330078125
2014-12-30,5577.2001953125
2014-12-31,5568.27978515625
2015-01-05,5602.60009765625
2015-01-06,5561.3798828125
2015-01-07,5558.06005859375
2015-01-08,5574.0498046875
2015-01-09,5584.83984375
2015-01-12,5609.7998046875
2015-01-13,5636.60986328125
2015-01-14,5648.6298828125
2015-01-15,5642.0498046875
2015-01-16,5616.72998046875
2015-01-19,5638.14013671875
2015-01-20,5633.22021484375
2015-01-21,5672.85009765625
2015-01-22,5647.14990234375
2015-01-23,5675.240234375
2015-01-26,5698.66015625
2015-01-27,5737.740234375
2015-01-28,5794.81982421875
2015-01-29,5759.81005859375
2015-01-30,5744.0
2015-02-02,5756.68994140625
2015-02-03,5781.9501953125
2015-02-04,5785.31982421875
2015-02-05,5797.58984375
2015-02-09,5769.56982421875
2015-02-10,5784.08984375
2015-02-11,5789.18017578125
2015-02-12,5749.31982421875
2015-02-13,5786.5400390625
2015-02-16,5758.25
2015-02-17,5750.2099609375
2015-02-18,5741.35986328125
2015-02-19,5726.22998046875
2015-02-20,5748.9501953125
2015-02-23,5754.35986328125
2015-02-24,5722.97021484375
2015-02-25,5842.2900390625
2015-02-26,5861.68017578125
2015-02-27,5878.47021484375
2015-03-02,5892.669921875
2015-03-03,5893.66015625
2015-03-04,5874.080078125
2015-03-05,5856.77001953125
2015-03-06,5903.06982421875
2015-03-09,5896.9599609375
2015-03-10,5887.75
2015-03-11,5861.97998046875
2015-03-12,5886.77978515625
2015-03-13,5908.58984375
2015-03-16,5911.39990234375
2015-03-17,5905.41015625
2015-03-18,5846.66015625
2015-03-19,5859.39990234375
2015-03-20,5871.3798828125
2015-03-23,5875.22998046875
2015-03-24,5870.5400390625
2015-03-25,5857.77978515625
2015-03-26,5833.169921875
2015-03-27,5854.25
2015-03-30,5821.2900390625
2015-03-31,5833.990234375
2015-04-01,5835.580078125
2015-04-02,5831.39990234375
2015-04-07,5855.43994140625
2015-04-08,5859.72021484375
2015-04-09,5847.169921875
2015-04-10,5847.35986328125
2015-04-13,5854.31982421875
2015-04-14,5882.10986328125
2015-04-15,5856.080078125
2015-04-16,5881.759765625
2015-04-17,5861.47998046875
2015-04-20,5824.27978515625
2015-04-21,5817.52001953125
2015-04-22,5793.60986328125
2015-04-23,5757.91015625
2015-04-24,5765.35986328125
2015-04-28,5769.64990234375
2015-04-29,5740.81982421875
2015-04-30,5791.33984375
2015-05-01,5797.39990234375
2015-05-04,5767.080078125
2015-05-05,5787.7900390625
2015-05-06,5765.27001953125
2015-05-07,5729.35009765625
2015-05-08,5735.35986328125
2015-05-11,5747.9501953125
2015-05-12,5746.22998046875
2015-05-13,5751.759765625
2015-05-14,5738.39990234375
2015-05-15,5760.3798828125
2015-05-18,5772.7099609375
2015-05-19,5757.16015625
2015-05-20,5755.7900390625
2015-05-21,5769.27001953125
2015-05-22,5776.02001953125
2015-05-25,5794.97998046875
2015-05-26,5795.85986328125
2015-05-27,5757.93994140625
2015-05-28,5777.64013671875
2015-05-29,5844.9501953125
2015-06-02,5863.740234375
2015-06-03,5858.7099609375
2015-06-04,5865.43994140625
2015-06-05,5867.89990234375
2015-06-08,5885.81005859375
2015-06-09,5862.10986328125
2015-06-10,5803.8701171875
2015-06-11,5858.41015625
2015-06-12,5846.97021484375
2015-06-15,5819.97021484375
2015-06-16,5813.93017578125
2015-06-17,5779.259765625
2015-06-18,5749.7099609375
2015-06-19,5781.759765625
2015-06-22,5772.0498046875
2015-06-23,5772.14013671875
2015-06-24,5775.490234375
2015-06-25,5733.2900390625
2015-06-26,5755.43994140625
2015-06-29,5705.81005859375
2015-06-30,5726.9599609375
2015-07-01,5794.35986328125
2015-07-02,5841.47021484375
2015-07-03,5840.89990234375
2015-07-06,5776.6201171875
2015-07-07,5803.18017578125
2015-07-08,5767.7001953125
2015-07-09,5737.43994140625
2015-07-10,5725.33984375
2015-07-13,5706.7001953125
2015-07-14,5750.8798828125
2015-07-15,5805.9599609375
2015-07-16,5824.14990234375
2015-07-17,5853.759765625
2015-07-20,5861.93017578125
2015-07-21,5876.91015625
2015-07-22,5927.75
2015-07-23,5901.2998046875
2015-07-24,5894.18017578125
2015-07-27,5872.06005859375
2015-07-28,5848.39013671875
2015-07-29,5870.77001953125
2015-07-30,5891.85009765625
2015-07-31,5920.9599609375
2015-08-03,5957.85009765625
2015-08-04,5933.75
2015-08-05,5938.509765625
2015-08-06,5928.68994140625
2015-08-07,5868.66015625
2015-08-10,5865.02001953125
2015-08-11,5822.35009765625
2015-08-12,5757.22021484375
2015-08-13,5737.68994140625
2015-08-14,5696.4501953125
2015-08-17,5727.419921875
2015-08-18,5710.759765625
2015-08-19,5750.02978515625
2015-08-20,5742.4599609375
2015-08-21,5751.18994140625
2015-08-24,5607.31005859375
2015-08-25,5613.2900390625
2015-08-26,5577.77978515625
2015-08-27,5634.93994140625
2015-08-28,5670.47998046875
2015-08-31,5656.240234375
2015-09-01,5654.990234375
2015-09-02,5590.2001953125
2015-09-03,5569.68017578125
2015-09-04,5546.8798828125
2015-09-07,5572.72998046875
2015-09-08,5610.31005859375
2015-09-09,5671.419921875
2015-09-10,5670.990234375
2015-09-11,5648.22998046875
2015-09-14,5665.8701171875
2015-09-15,5652.39013671875
2015-09-16,5667.97021484375
2015-09-17,5694.22998046875
2015-09-18,5712.0400390625
2015-09-21,5683.52001953125
2015-09-22,5696.7900390625
2015-09-23,5654.33984375
2015-09-24,5676.81005859375
2015-09-25,5687.35009765625
2015-09-28,5699.1298828125
2015-09-29,5612.419921875
2015-09-30,5593.35986328125
2015-10-01,5585.419921875
2015-10-02,5593.509765625
2015-10-05,5630.5400390625
2015-10-06,5668.10986328125
2015-10-07,5650.02978515625
2015-10-08,5625.77978515625
2015-10-09,5638.7900390625
2015-10-12,5689.830078125
2015-10-13,5702.81005859375
2015-10-14,5727.1298828125
2015-10-15,5775.7001953125
2015-10-16,5820.009765625
2015-10-19,5834.830078125
2015-10-20,5895.490234375
2015-10-21,5918.259765625
2015-10-22,5923.60009765625
2015-10-23,5970.669921875
2015-10-27,6001.02001953125
2015-10-28,5998.990234375
2015-10-29,6002.97021484375
2015-10-30,5986.3701171875
2015-11-02,5983.83984375
2015-11-03,6021.97021484375
2015-11-04,6071.2099609375
2015-11-05,6073.6298828125
2015-11-06,6069.740234375
2015-11-09,6047.89013671875
2015-11-10,6002.81005859375
2015-11-11,6013.52978515625
2015-11-12,6023.9599609375
2015-11-13,5989.02978515625
2015-11-16,5961.669921875
2015-11-17,5967.60986328125
2015-11-18,5979.81005859375
2015-11-19,5995.25
2015-11-20,6008.52001953125
2015-11-23,6077.6201171875
2015-11-24,6101.27001953125
2015-11-25,6069.14013671875
2015-11-26,6087.89990234375
2015-11-27,6101.02001953125
2015-11-30,6100.14990234375
2015-12-01,6150.68017578125
2015-12-02,6143.31982421875
2015-12-03,6125.669921875
2015-12-04,6094.81982421875
2015-12-07,6064.43017578125
2015-12-08,6035.0
2015-12-09,6053.5498046875
2015-12-10,6040.56005859375
2015-12-11,6069.9501953125
2015-12-14,6035.25
2015-12-15,6040.5498046875
2015-12-16,6070.93994140625
2015-12-17,6088.330078125
2015-12-18,6107.83984375
2015-12-21,6120.81982421875
2015-12-22,6147.97021484375
2015-12-23,6195.33984375
2015-12-24,6225.52978515625
2015-12-29,6292.43994140625
2015-12-30,6319.39013671875
2015-12-31,6324.259765625
2016-01-05,6278.10009765625
2016-01-06,6262.52001953125
2016-01-07,6213.39013671875
2016-01-08,6158.10009765625
2016-01-11,6102.830078125
2016-01-12,6112.35009765625
2016-01-13,6151.8701171875
2016-01-14,6109.2900390625
2016-01-15,6169.08984375
2016-01-18,6101.43994140625
2016-01-19,6124.2001953125
2016-01-20,6113.72021484375
2016-01-21,6080.89990234375
2016-01-22,6121.60986328125
2016-01-25,6175.25
2016-01-26,6142.16015625
2016-01-27,6141.93994140625
2016-01-28,6149.7001953125
2016-01-29,6170.22021484375
2016-02-01,6174.490234375
2016-02-02,6180.080078125
2016-02-03,6133.3798828125
2016-02-04,6137.7001953125
2016-02-05,6153.7998046875
2016-02-09,6071.31005859375
2016-02-10,6019.490234375
2016-02-11,5987.02001953125
2016-02-12,5933.9599609375
2016-02-15,6034.27978515625
2016-02-16,6075.3701171875
2016-02-17,6085.56005859375
2016-02-18,6111.08984375
2016-02-19,6141.7099609375
2016-02-22,6139.4599609375
2016-02-23,6175.669921875
2016-02-24,6230.3701171875
2016-02-25,6225.27978515625
2016-02-26,6224.97998046875
2016-02-29,6230.8701171875
2016-03-01,6280.89990234375
2016-03-02,6313.06982421875
2016-03-03,6380.85986328125
2016-03-04,6418.1298828125
2016-03-07,6418.93017578125
2016-03-08,6446.72021484375
2016-03-09,6457.259765625
2016-03-10,6508.27978515625
2016-03-11,6515.41015625
2016-03-14,6566.830078125
2016-03-15,6577.81982421875
2016-03-16,6562.9599609375
2016-03-17,6573.4501953125
2016-03-18,6623.5
2016-03-21,6641.93994140625
2016-03-22,6664.25
2016-03-23,6668.8701171875
2016-03-24,6662.5498046875
2016-03-29,6676.330078125
2016-03-30,6714.16015625
2016-03-31,6752.419921875
2016-04-01,6708.02001953125
2016-04-04,6743.60009765625
2016-04-05,6715.81005859375
2016-04-06,6734.27001953125
2016-04-07,6755.22998046875
2016-04-08,6730.27978515625
2016-04-11,6725.10009765625
2016-04-12,6726.02001953125
2016-04-13,6777.91015625
2016-04-14,6823.81005859375
2016-04-15,6844.740234375
2016-04-18,6851.2001953125
2016-04-19,6873.0400390625
2016-04-20,6901.259765625
2016-04-21,6906.10009765625
2016-04-22,6866.10986328125
2016-04-26,6795.72021484375
2016-04-27,6750.39990234375
2016-04-28,6789.97998046875
2016-04-29,6820.580078125
2016-05-02,6791.81982421875
2016-05-03,6843.009765625
2016-05-04,6824.5
2016-05-05,6876.47998046875
2016-05-06,6898.10986328125
2016-05-09,6885.0498046875
2016-05-10,6909.39990234375
2016-05-11,6944.33984375
2016-05-12,6923.169921875
2016-05-13,6916.56982421875
2016-05-16,6914.1298828125
2016-05-17,6974.8701171875
2016-05-18,6982.64013671875
2016-05-19,6903.6201171875
2016-05-20,6909.85986328125
2016-05-23,6907.77001953125
2016-05-24,6872.66015625
2016-05-25,6908.0400390625
2016-05-26,6947.89013671875
2016-05-27,6992.5400390625
2016-05-30,7019.64013671875
2016-05-31,7039.419921875
2016-06-01,7022.39990234375
2016-06-02,7003.1201171875
2016-06-03,7024.3798828125
2016-06-07,7037.31005859375
2016-06-08,6991.509765625
2016-06-09,6970.5498046875
2016-06-10,6971.77978515625
2016-06-13,6924.27001953125
2016-06-14,6834.9501953125
2016-06-15,6869.56005859375
2016-06-16,6888.56982421875
2016-06-17,6847.06005859375
2016-06-20,6869.5400390625
2016-06-21,6839.39990234375
2016-06-22,6781.72998046875
2016-06-23,6821.35009765625
2016-06-24,6667.77978515625
2016-06-27,6686.93017578125
2016-06-28,6716.580078125
2016-06-29,6804.2001953125
2016-06-30,6897.52978515625
2016-07-01,6926.22998046875
2016-07-04,6940.9501953125
2016-07-05,6970.990234375
2016-07-06,6977.22998046875
2016-07-07,7007.52001953125
2016-07-08,7000.10009765625
2016-07-11,7062.4501953125
2016-07-12,7079.4599609375
2016-07-13,7064.31982421875
2016-07-14,7080.330078125
2016-07-15,7072.8798828125
2016-07-18,7105.9501953125
2016-07-19,7154.830078125
2016-07-20,7172.669921875
2016-07-21,7214.0498046875
2016-07-22,7226.0498046875
2016-07-25,7317.31005859375
2016-07-26,7310.39013671875
2016-07-27,7301.89990234375
2016-07-28,7306.35009765625
2016-07-29,7348.1298828125
2016-08-01,7356.6298828125
2016-08-02,7329.2001953125
2016-08-03,7277.39990234375
2016-08-04,7298.080078125
2016-08-05,7308.419921875
2016-08-08,7348.2998046875
2016-08-09,7363.16015625
2016-08-10,7349.60986328125
2016-08-11,7353.81982421875
2016-08-12,7363.10009765625
2016-08-15,7388.35009765625
2016-08-16,7310.669921875
2016-08-17,7355.02001953125
2016-08-18,7385.1201171875
2016-08-19,7405.25
2016-08-22,7462.16015625
2016-08-23,7467.330078125
2016-08-24,7410.2998046875
2016-08-25,7427.27978515625
2016-08-26,7391.2998046875
2016-08-29,7367.259765625
2016-08-30,7387.9501953125
2016-08-31,7398.830078125
2016-09-01,7423.18994140625
2016-09-02,7426.10986328125
2016-09-05,7491.83984375
2016-09-06,7503.5400390625
2016-09-07,7571.10009765625
2016-09-08,7534.72998046875
2016-09-09,7468.58984375
2016-09-12,7279.759765625
2016-09-13,7249.22998046875
2016-09-14,7210.72021484375
2016-09-15,7196.240234375
2016-09-16,7250.509765625
2016-09-19,7278.1201171875
2016-09-20,7308.4501953125
2016-09-21,7281.169921875
2016-09-22,7311.7099609375
2016-09-23,7296.740234375
2016-09-26,7264.8701171875
2016-09-27,7252.919921875
2016-09-28,7290.4501953125
2016-09-29,7343.4501953125
2016-09-30,7361.08984375
2016-10-03,7372.490234375
2016-10-04,7352.4599609375
2016-10-05,7271.16015625
2016-10-06,7197.2900390625
2016-10-07,7167.81005859375
2016-10-10,7116.919921875
2016-10-11,7124.22998046875
2016-10-12,7107.4599609375
2016-10-13,7120.0498046875
2016-10-14,7133.259765625
2016-10-17,7066.3701171875
2016-10-18,6973.08984375
2016-10-19,6976.5400390625
2016-10-20,6973.77978515625
2016-10-21,6958.39990234375
2016-10-25,7002.8701171875
2016-10-26,6896.2001953125
2016-10-27,6941.9501953125
2016-10-28,6928.64013671875
2016-10-31,6960.68017578125
2016-11-01,6930.490234375
2016-11-02,6853.75
2016-11-03,6778.93994140625
2016-11-04,6708.47021484375
2016-11-07,6872.27001953125
2016-11-08,6894.35986328125
2016-11-09,6664.2099609375
2016-11-10,6733.72021484375
2016-11-11,6697.77978515625
2016-11-14,6737.759765625
2016-11-15,6770.43017578125
2016-11-16,6824.580078125
2016-11-17,6814.64990234375
2016-11-18,6857.83984375
2016-11-21,6848.9501953125
2016-11-22,6816.39013671875
2016-11-23,6851.4501953125
2016-11-24,6883.25
2016-11-25,6899.6201171875
2016-11-28,6902.9501953125
2016-11-29,6901.75
2016-11-30,6896.9501953125
2016-12-01,6932.740234375
2016-12-02,6904.85009765625
2016-12-05,6854.7099609375
2016-12-06,6910.35986328125
2016-12-07,6889.77001953125
2016-12-08,6916.009765625
2016-12-09,6893.2998046875
2016-12-12,6876.0400390625
2016-12-13,6850.2001953125
2016-12-14,6797.85986328125
2016-12-15,6748.6201171875
2016-12-16,6760.240234375
2016-12-19,6786.25
2016-12-20,6789.669921875
2016-12-21,6802.759765625
2016-12-22,6851.8701171875
2016-12-23,6876.990234375
2016-12-28,6875.77978515625
2016-12-29,6892.27978515625
2016-12-30,6881.22021484375
2017-01-04,6974.31005859375
2017-01-05,6975.60009765625
2017-01-06,6970.66015625
2017-01-09,7012.740234375
2017-01-10,7037.580078125
2017-01-11,7069.58984375
2017-01-12,7063.58984375
2017-01-13,7046.97021484375
2017-01-16,7074.93994140625
2017-01-17,7062.9599609375
2017-01-18,7059.27978515625
2017-01-19,7062.35986328125
2017-01-20,7048.47021484375
2017-01-23,7067.85009765625
2017-01-24,7064.16015625
2017-01-25,7090.91015625
2017-01-26,7113.31982421875
2017-01-27,7134.259765625
2017-01-30,7085.56005859375
2017-01-31,7050.75
2017-02-01,7055.509765625
2017-02-02,7053.5400390625
2017-02-03,7094.3798828125
2017-02-07,7067.0498046875
2017-02-08,7066.27001953125
2017-02-09,7121.6298828125
2017-02-10,7104.43994140625
2017-02-13,7135.5
2017-02-14,7150.89013671875
2017-02-15,7180.02978515625
2017-02-16,7099.97998046875
2017-02-17,7093.52001953125
2017-02-20,7099.490234375
2017-02-21,7115.68994140625
2017-02-22,7062.47998046875
2017-02-23,7089.52001953125
2017-02-24,7058.580078125
2017-02-27,7079.18017578125
2017-02-28,7167.4599609375
2017-03-01,7148.77978515625
2017-03-02,7175.830078125
2017-03-03,7160.8701171875
2017-03-06,7178.740234375
2017-03-07,7167.6298828125
2017-03-08,7178.22021484375
2017-03-09,7140.97998046875
2017-03-10,7177.58984375
2017-03-13,7194.7900390625
2017-03-14,7177.08984375
2017-03-15,7131.2998046875
2017-03-16,7151.990234375
2017-03-17,7158.14013671875
2017-03-20,7057.0498046875
2017-03-21,7085.5400390625
2017-03-22,7060.830078125
2017-03-23,7062.5498046875
2017-03-24,7073.830078125
2017-03-27,7062.7099609375
2017-03-28,7065.22998046875
2017-03-29,7133.56982421875
2017-03-30,7169.10986328125
2017-03-31,7196.77978515625
2017-04-03,7225.02001953125
2017-04-04,7244.5400390625
2017-04-05,7265.0498046875
2017-04-06,7289.52001953125
2017-04-07,7243.759765625
2017-04-10,7238.85986328125
2017-04-11,7254.3798828125
2017-04-12,7251.5400390625
2017-04-13,7229.7998046875
2017-04-18,7233.60986328125
2017-04-19,7218.509765625
2017-04-20,7188.0498046875
2017-04-21,7197.22021484375
2017-04-24,7222.93994140625
2017-04-26,7335.1298828125
2017-04-27,7354.60986328125
2017-04-28,7378.75
2017-05-01,7382.22021484375
2017-05-02,7422.490234375
2017-05-03,7405.83984375
2017-05-04,7378.419921875
2017-05-05,7365.5
2017-05-08,7426.4599609375
2017-05-09,7412.1201171875
2017-05-10,7424.2001953125
2017-05-11,7489.7099609375
2017-05-12,7452.3798828125
2017-05-15,7429.93994140625
2017-05-16,7407.60986328125
2017-05-17,7422.5
2017-05-18,7371.759765625
2017-05-19,7392.10986328125
2017-05-22,7409.5
2017-05-23,7384.7001953125
2017-05-24,7421.77978515625
2017-05-25,7434.47021484375
2017-05-26,7441.56982421875
2017-05-29,7412.740234375
2017-05-30,7411.9501953125
2017-05-31,7418.89990234375
2017-06-01,7450.89990234375
2017-06-02,7499.97021484375
2017-06-06,7494.97021484375
2017-06-07,7467.89990234375
2017-06-08,7458.66015625
2017-06-09,7436.10009765625
2017-06-12,7432.740234375
2017-06-13,7440.080078125
2017-06-14,7483.990234375
2017-06-15,7516.35009765625
2017-06-16,7552.75
2017-06-19,7592.02978515625
2017-06-20,7586.52978515625
2017-06-21,7527.10986328125
2017-06-22,7563.68994140625
2017-06-23,7553.64013671875
2017-06-26,7595.5
2017-06-27,7626.35009765625
2017-06-28,7624.490234375
2017-06-29,7685.4501953125
2017-06-30,7611.43994140625
2017-07-03,7588.43017578125
2017-07-04,7620.64013671875
2017-07-05,7595.669921875
2017-07-06,7629.60986328125
2017-07-07,7622.1298828125
2017-07-10,7583.9501953125
2017-07-11,7628.56982421875
2017-07-12,7586.02001953125
2017-07-13,7610.89013671875
2017-07-14,7649.77001953125
2017-07-17,7699.56982421875
2017-07-18,7707.330078125
2017-07-19,7732.75
2017-07-20,7672.43994140625
2017-07-21,7670.85986328125
2017-07-24,7682.2900390625
2017-07-25,7713.06005859375
2017-07-26,7710.58984375
2017-07-27,7711.72021484375
2017-07-28,7639.509765625
2017-07-31,7693.990234375
2017-08-01,7729.43994140625
2017-08-02,7748.31005859375
2017-08-03,7753.75
2017-08-04,7746.1201171875
2017-08-07,7771.56982421875
2017-08-08,7782.72021484375
2017-08-09,7799.64013671875
2017-08-10,7789.7099609375
2017-08-11,7719.10986328125
2017-08-14,7761.93994140625
2017-08-15,7813.740234375
2017-08-16,7853.33984375
2017-08-17,7870.06005859375
2017-08-18,7873.5498046875
2017-08-21,7867.77978515625
2017-08-22,7867.080078125
2017-08-23,7879.4599609375
2017-08-24,7868.41015625
2017-08-25,7857.81005859375
2017-08-28,7826.8701171875
2017-08-29,7738.33984375
2017-08-30,7775.2099609375
2017-08-31,7817.10009765625
2017-09-01,7821.97998046875
2017-09-04,7808.22021484375
2017-09-05,7777.39990234375
2017-09-06,7790.2099609375
2017-09-07,7804.259765625
2017-09-08,7851.52978515625
2017-09-11,7851.75
2017-09-12,7840.41015625
2017-09-13,7827.43017578125
2017-09-14,7819.22998046875
2017-09-15,7762.66015625
2017-09-18,7758.7099609375
2017-09-19,7764.52978515625
2017-09-20,7819.240234375
2017-09-21,7795.41015625
2017-09-22,7814.77978515625
2017-09-25,7869.77001953125
2017-09-26,7887.18017578125
2017-09-27,7913.77978515625
2017-09-28,7913.6201171875
2017-09-29,7930.39990234375
2017-10-02,7928.89013671875
2017-10-03,7933.419921875
2017-10-04,7949.68994140625
2017-10-05,7974.7001953125
2017-10-06,7977.33984375
2017-10-09,8010.27978515625
2017-10-10,8037.81005859375
2017-10-11,8060.97998046875
2017-10-12,8068.1201171875
2017-10-13,8089.31982421875
2017-10-16,8090.72998046875
2017-10-17,8112.0498046875
2017-10-18,8115.02001953125
2017-10-19,8124.06982421875
2017-10-20,8129.5498046875
2017-10-24,8130.10009765625
2017-10-25,8122.669921875
2017-10-26,8086.740234375
2017-10-27,8084.990234375
2017-10-30,8143.97998046875
2017-10-31,8146.33984375
2017-11-01,8053.81005859375
2017-11-02,8083.06005859375
2017-11-03,8065.1201171875
2017-11-06,8053.6298828125
2017-11-07,8049.669921875
2017-11-08,8040.419921875
2017-11-09,8021.08984375
2017-11-10,7974.43017578125
2017-11-13,7976.43017578125
2017-11-14,8008.0
2017-11-15,7999.93994140625
2017-11-16,8034.7001953125
2017-11-17,8061.97998046875
2017-11-20,8089.7998046875
2017-11-21,8088.47998046875
2017-11-22,8104.990234375
2017-11-23,8101.9501953125
2017-11-24,8130.2900390625
2017-11-27,8176.10009765625
2017-11-28,8141.490234375
2017-11-29,8141.9599609375
2017-11-30,8186.81982421875
2017-12-01,8188.830078125
2017-12-04,8184.8701171875
2017-12-05,8176.2099609375
2017-12-06,8130.85986328125
2017-12-07,8172.60009765625
2017-12-08,8235.08984375
2017-12-11,8277.509765625
2017-12-12,8280.8095703125
2017-12-13,8284.580078125
2017-12-14,8323.75
2017-12-15,8360.8603515625
2017-12-18,8344.150390625
2017-12-19,8401.2001953125
2017-12-20,8383.5595703125
2017-12-21,8364.4404296875
2017-12-22,8396.4296875
2017-12-27,8376.4296875
2017-12-28,8408.5302734375
2017-12-29,8398.080078125
2018-01-03,8424.91015625
2018-01-04,8443.5
2018-01-05,8455.5498046875
2018-01-08,8425.48046875
2018-01-09,8433.23046875
2018-01-10,8364.900390625
2018-01-11,8250.4404296875
2018-01-12,8242.349609375
2018-01-15,8211.3701171875
2018-01-16,8250.5400390625
2018-01-17,8297.669921875
2018-01-18,8272.669921875
2018-01-19,8289.9599609375
2018-01-22,8335.3603515625
2018-01-23,8307.6298828125
2018-01-24,8324.08984375
2018-01-25,8369.7802734375
2018-01-26,8311.419921875
2018-01-29,8327.58984375
2018-01-30,8298.580078125
2018-01-31,8442.009765625
2018-02-01,8383.8701171875
2018-02-02,8415.2900390625
2018-02-05,8241.830078125
2018-02-07,8194.73046875
2018-02-08,8177.14013671875
2018-02-09,8092.3701171875
2018-02-12,8059.06005859375
2018-02-13,8122.22021484375
2018-02-14,8058.7998046875
2018-02-15,8063.330078125
2018-02-16,8125.31005859375
2018-02-19,8115.25
2018-02-20,8098.27001953125
2018-02-21,8200.26953125
2018-02-22,8266.8798828125
2018-02-23,8301.7197265625
2018-02-26,8340.5302734375
2018-02-27,8360.3798828125
2018-02-28,8373.8203125
2018-03-01,8342.7099609375
2018-03-02,8288.419921875
2018-03-05,8279.830078125
2018-03-06,8327.66015625
2018-03-07,8284.33984375
2018-03-08,8358.7001953125
2018-03-09,8390.009765625
2018-03-12,8463.990234375
2018-03-13,8473.1396484375
2018-03-14,8432.6298828125
2018-03-15,8467.330078125
2018-03-16,8477.080078125
2018-03-19,8492.1201171875
2018-03-20,8487.150390625
2018-03-21,8608.2900390625
2018-03-22,8600.8095703125
2018-03-23,8515.3603515625
2018-03-26,8432.41015625
2018-03-27,8508.1201171875
2018-03-28,8388.080078125
2018-03-29,8319.0703125
2018-04-03,8329.9296875
2018-04-04,8398.080078125
2018-04-05,8363.990234375
2018-04-06,8393.26953125
2018-04-09,8454.1298828125
2018-04-10,8469.76953125
2018-04-11,8453.7197265625
2018-04-12,8404.2197265625
2018-04-13,8414.76953125
2018-04-16,8406.349609375
2018-04-17,8344.51953125
2018-04-18,8369.490234375
2018-04-19,8373.0302734375
2018-04-20,8323.2197265625
2018-04-23,8303.6201171875
2018-04-24,8288.6396484375
2018-04-26,8282.0498046875
2018-04-27,8370.3701171875
2018-04-30,8443.580078125
2018-05-01,8435.9697265625
2018-05-02,8494.240234375
2018-05-03,8546.8798828125
2018-05-04,8549.3701171875
2018-05-07,8587.9404296875
2018-05-08,8594.58984375
2018-05-09,8619.830078125
2018-05-10,8637.7197265625
2018-05-11,8676.6904296875
2018-05-14,8713.23046875
2018-05-15,8708.7802734375
2018-05-16,8555.509765625
2018-05-17,8603.3798828125
2018-05-18,8657.330078125
2018-05-21,8615.7197265625
2018-05-22,8613.3203125
2018-05-23,8553.23046875
2018-05-24,8590.76953125
2018-05-25,8638.400390625
2018-05-28,8645.2001953125
2018-05-29,8635.8603515625
2018-05-30,8647.8603515625
2018-05-31,8658.7900390625
2018-06-01,8636.16015625
2018-06-05,8757.0400390625
2018-06-06,8813.4501953125
2018-06-07,8899.51953125
2018-06-08,8938.4501953125
2018-06-11,8959.8095703125
2018-06-12,8958.8095703125
2018-06-13,8977.3095703125
2018-06-14,8978.1796875
2018-06-15,8975.75
2018-06-18,8974.23046875
2018-06-19,8863.240234375
2018-06-20,8905.7900390625
2018-06-21,8998.7802734375
2018-06-22,8999.3701171875
2018-06-25,8996.240234375
2018-06-26,8989.7998046875
2018-06-27,8996.51953125
2018-06-28,8998.7900390625
2018-06-29,8943.1298828125
2018-07-02,8942.4697265625
2018-07-03,9053.58984375
2018-07-04,9025.6396484375
2018-07-05,9062.849609375
2018-07-06,9084.0400390625
2018-07-09,9061.650390625
2018-07-10,9022.9296875
2018-07-11,9001.3896484375
2018-07-12,8985.4697265625
2018-07-13,9024.1904296875
2018-07-16,8980.3095703125
2018-07-17,8978.8896484375
2018-07-18,8946.099609375
2018-07-19,8917.58984375
2018-07-20,8955.5400390625
2018-07-23,8872.5595703125
2018-07-24,8901.3203125
2018-07-25,8933.8896484375
2018-07-26,8932.48046875
2018-07-27,8996.16015625
2018-07-30,8921.3798828125
2018-07-31,8922.08984375
2018-08-01,8859.919921875
2018-08-02,8849.16015625
2018-08-03,8864.51953125
2018-08-06,8903.1298828125
2018-08-07,8875.73046875
2018-08-08,8872.08984375
2018-08-09,8940.1904296875
2018-08-10,9010.6103515625
2018-08-13,8945.0400390625
2018-08-14,8971.9404296875
2018-08-15,8987.490234375
2018-08-16,8998.91015625
2018-08-17,9052.76953125
2018-08-20,9109.150390625
2018-08-21,9115.7802734375
2018-08-22,9162.6103515625
2018-08-23,9139.8701171875
2018-08-24,9159.6298828125
2018-08-27,9206.419921875
2018-08-28,9214.01953125
2018-08-29,9362.669921875
2018-08-30,9339.8798828125
2018-08-31,9313.2001953125
2018-09-03,9257.2900390625
2018-09-04,9292.150390625
2018-09-05,9228.0
2018-09-06,9101.599609375
2018-09-07,9095.3896484375
2018-09-10,9048.6298828125
2018-09-11,9225.5703125
2018-09-12,9195.5703125
2018-09-13,9248.990234375
2018-09-14,9270.759765625
2018-09-17,9271.5302734375
2018-09-18,9315.76953125
2018-09-19,9345.0595703125
2018-09-20,9360.8701171875
2018-09-21,9375.9697265625
2018-09-24,9337.509765625
2018-09-25,9345.9599609375
2018-09-26,9349.849609375
2018-09-27,9286.400390625
2018-09-28,9351.0595703125
2018-10-01,9327.26953125
2018-10-02,9326.58984375
2018-10-03,9293.9501953125
2018-10-04,9257.1796875
2018-10-05,9214.8701171875
2018-10-08,9147.099609375
2018-10-09,9069.98046875
2018-10-10,9050.8203125
2018-10-11,8721.2001953125
2018-10-12,8843.240234375
2018-10-15,8838.0703125
2018-10-16,8803.4501953125
2018-10-17,8911.7900390625
2018-10-18,8910.58984375
2018-10-19,8802.259765625
2018-10-23,8673.1796875
2018-10-24,8642.240234375
2018-10-25,8568.23046875
2018-10-26,8568.400390625
2018-10-29,8615.5400390625
2018-10-30,8648.3798828125
2018-10-31,8752.3095703125
2018-11-01,8843.830078125
2018-11-02,8835.599609375
2018-11-05,8778.7802734375
2018-11-06,8816.419921875
2018-11-07,8854.7900390625
2018-11-08,8896.009765625
2018-11-09,8931.400390625
2018-11-12,8956.849609375
2018-11-13,8861.51953125
2018-11-14,8827.740234375
2018-11-15,8825.8896484375
2018-11-16,8809.7001953125
2018-11-19,8792.9296875
2018-11-20,8720.2998046875
2018-11-21,8672.400390625
2018-11-22,8703.16015625
2018-11-23,8701.3798828125
2018-11-26,8662.3701171875
2018-11-27,8673.8203125
2018-11-28,8713.9599609375
2018-11-29,8794.8798828125
2018-11-30,8823.5400390625
2018-12-03,8876.08984375
2018-12-04,8865.759765625
2018-12-05,8781.5302734375
2018-12-06,8758.2197265625
2018-12-07,8767.3203125
2018-12-10,8660.01953125
2018-12-11,8670.9404296875
2018-12-12,8738.3603515625
2018-12-13,8793.169921875
2018-12-14,8722.509765625
2018-12-17,8745.58984375
2018-12-18,8688.3701171875
2018-12-19,8762.1904296875
2018-12-20,8772.1904296875
2018-12-21,8686.1904296875
2018-12-24,8714.509765625
2018-12-27,8774.51953125
2018-12-28,8783.490234375
2018-12-31,8811.26953125
2019-01-03,8732.3701171875
2019-01-04,8743.759765625
2019-01-07,8806.0400390625
2019-01-08,8821.150390625
2019-01-09,8947.2197265625
2019-01-10,8919.16015625
2019-01-11,8959.580078125
2019-01-14,8968.5498046875
2019-01-15,8964.580078125
2019-01-16,9027.4404296875
2019-01-17,9077.8095703125
2019-01-18,9097.7099609375
2019-01-21,9148.5703125
2019-01-22,9114.6298828125
2019-01-23,9106.0302734375
2019-01-24,9108.91015625
2019-01-25,9110.5498046875
2019-01-28,9114.51953125
2019-01-29,9006.3798828125
2019-01-30,8925.51953125
2019-01-31,8985.33984375
2019-02-01,8999.169921875
2019-02-04,8979.41015625
2019-02-05,9073.7197265625
2019-02-07,9133.509765625
2019-02-08,9176.6103515625
2019-02-11,9210.0
2019-02-12,9280.76953125
2019-02-13,9333.3798828125
2019-02-14,9284.919921875
2019-02-15,9245.650390625
2019-02-18,9245.4404296875
2019-02-19,9224.259765625
2019-02-20,9249.4404296875
2019-02-21,9300.8095703125
2019-02-22,9309.2099609375
2019-02-25,9344.6298828125
2019-02-26,9323.1298828125
2019-02-27,9281.4697265625
2019-02-28,9325.0302734375
2019-03-01,9351.6796875
2019-03-04,9413.490234375
2019-03-05,9399.6904296875
2019-03-06,9415.0
2019-03-07,9437.3603515625
2019-03-08,9440.26953125
2019-03-11,9390.849609375
2019-03-12,9397.25
2019-03-13,9387.6904296875
2019-03-14,9435.5
2019-03-15,9473.26953125
2019-03-18,9515.1201171875
2019-03-19,9497.26953125
2019-03-20,9435.7001953125
2019-03-21,9461.3095703125
2019-03-22,9550.990234375
2019-03-25,9519.3095703125
2019-03-26,9574.8203125
2019-03-27,9698.8896484375
2019-03-28,9766.1904296875
2019-03-29,9844.9501953125
2019-04-01,9853.91015625
2019-04-02,9958.349609375
2019-04-03,9939.259765625
2019-04-04,9892.599609375
2019-04-05,9857.0498046875
2019-04-08,9807.080078125
2019-04-09,9787.2998046875
2019-04-10,9707.9599609375
2019-04-11,9766.599609375
2019-04-12,9768.330078125
2019-04-15,9846.349609375
2019-04-16,9908.3896484375
2019-04-17,9982.240234375
2019-04-18,9959.6201171875
2019-04-23,10004.83984375
2019-04-24,10071.740234375
2019-04-26,9994.5703125
2019-04-29,10012.76953125
2019-04-30,10013.830078125
2019-05-01,9966.419921875
2019-05-02,10084.990234375
2019-05-03,10058.080078125
2019-05-06,9960.6201171875
2019-05-07,10027.3896484375
2019-05-08,10063.0498046875
2019-05-09,10104.349609375
2019-05-10,10099.3701171875
2019-05-13,10126.830078125
2019-05-14,10070.349609375
2019-05-15,10131.580078125
2019-05-16,10176.990234375
2019-05-17,10180.7998046875
2019-05-20,10234.150390625
2019-05-21,10216.08984375
2019-05-22,10237.48046875
2019-05-23,10263.41015625
2019-05-24,10222.3603515625
2019-05-27,10147.7099609375
2019-05-28,10123.3203125
2019-05-29,10096.4697265625
2019-05-30,10071.98046875
2019-05-31,10117.990234375
2019-06-04,9951.9296875
2019-06-05,9956.0595703125
2019-06-06,9987.0
2019-06-07,10047.8203125
2019-06-10,10027.6103515625
2019-06-11,10139.150390625
2019-06-12,10205.1396484375
2019-06-13,10223.8095703125
2019-06-14,10235.3701171875
2019-06-17,10170.259765625
2019-06-18,10191.330078125
2019-06-19,10304.830078125
2019-06-20,10290.759765625
2019-06-21,10327.2900390625
2019-06-24,10388.3095703125
2019-06-25,10418.2900390625
2019-06-26,10408.0498046875
2019-06-27,10431.2197265625
2019-06-28,10501.099609375
2019-07-01,10464.5302734375
2019-07-02,10531.9404296875
2019-07-03,10544.4296875
2019-07-04,10558.2802734375
2019-07-05,10615.4697265625
2019-07-08,10605.98046875
2019-07-09,10538.1103515625
2019-07-10,10650.1396484375
2019-07-11,10687.3203125
2019-07-12,10701.4296875
2019-07-15,10666.5595703125
2019-07-16,10651.2001953125
2019-07-17,10654.7998046875
2019-07-18,10741.08984375
2019-07-19,10753.150390625
2019-07-22,10824.6904296875
2019-07-23,10867.25
2019-07-24,10812.5400390625
2019-07-25,10898.2802734375
2019-07-26,10807.6103515625
2019-07-29,10851.3603515625
2019-07-30,10878.9501953125
2019-07-31,10857.75
2019-08-01,10860.8203125
2019-08-02,10863.8701171875
2019-08-05,10766.0302734375
2019-08-06,10587.169921875
2019-08-07,10786.259765625
2019-08-08,10874.2998046875
2019-08-09,10873.2099609375
2019-08-12,10872.740234375
2019-08-13,10854.76953125
2019-08-14,10849.759765625
2019-08-15,10704.1103515625
2019-08-16,10655.3603515625
2019-08-19,10702.48046875
2019-08-20,10803.83984375
2019-08-21,10709.3203125
2019-08-22,10725.2197265625
2019-08-23,10622.349609375
2019-08-26,10483.4697265625
2019-08-27,10513.16015625
2019-08-28,10626.169921875
2019-08-29,10580.0703125
2019-08-30,10757.2001953125
2019-09-02,10800.0
2019-09-03,10953.919921875
2019-09-04,11008.1298828125
2019-09-05,11106.669921875
2019-09-06,11218.990234375
2019-09-09,11202.9296875
2019-09-10,11142.580078125
2019-09-11,10924.8798828125
2019-09-12,10905.0595703125
2019-09-13,10863.41015625
2019-09-16,10831.75
2019-09-17,10868.0302734375
2019-09-18,10774.849609375
2019-09-19,10801.0498046875
2019-09-20,10829.3896484375
2019-09-23,10873.330078125
2019-09-24,10858.7099609375
2019-09-25,10861.4404296875
2019-09-26,10822.76953125
2019-09-27,10836.5
2019-09-30,10925.6201171875
2019-10-01,10996.990234375
2019-10-02,10951.6396484375
2019-10-03,10821.2099609375
2019-10-04,10892.8203125
2019-10-07,10975.6201171875
2019-10-08,11016.150390625
2019-10-09,10940.8603515625
2019-10-10,10886.73046875
2019-10-11,10923.7099609375
2019-10-14,11026.599609375
2019-10-15,11045.33984375
2019-10-16,11178.6396484375
2019-10-17,11141.8603515625
2019-10-18,11067.1201171875
2019-10-21,11062.75
2019-10-22,11090.3896484375
2019-10-23,10853.7900390625
2019-10-24,10831.51953125
2019-10-25,10788.6396484375
2019-10-29,10793.75
2019-10-30,10789.5400390625
2019-10-31,10787.8203125
2019-11-01,10761.6904296875
2019-11-04,10801.5498046875
2019-11-05,10841.5400390625
2019-11-06,10759.1796875
2019-11-07,10795.0595703125
2019-11-08,10876.98046875
2019-11-11,10919.7900390625
2019-11-12,10926.3095703125
2019-11-13,10835.4296875
2019-11-14,10899.25
2019-11-15,10894.7001953125
2019-11-18,10873.16015625
2019-11-19,10892.240234375
2019-11-20,10975.490234375
2019-11-21,10958.16015625
2019-11-22,10946.2998046875
2019-11-25,10953.669921875
2019-11-26,11044.5400390625
2019-11-27,11120.8095703125
2019-11-28,11207.2900390625
2019-11-29,11316.580078125
2019-12-02,11301.98046875
2019-12-03,11228.26953125
2019-12-04,11209.8701171875
2019-12-05,11257.7900390625
2019-12-06,11276.2001953125
2019-12-09,11229.58984375
2019-12-10,11284.2197265625
2019-12-11,11291.9599609375
2019-12-12,11307.98046875
2019-12-13,11241.58984375
2019-12-16,11226.830078125
2019-12-17,11260.83984375
2019-12-18,11329.5595703125
2019-12-19,11480.6103515625
2019-12-20,11482.2900390625
2019-12-23,11547.23046875
2019-12-24,11642.7802734375
2019-12-27,11602.1201171875
2019-12-30,11556.4501953125
2019-12-31,11491.900390625
2020-01-03,11593.1396484375
2020-01-06,11627.3203125
2020-01-07,11629.8603515625
2020-01-08,11556.98046875
2020-01-09,11537.6796875
2020-01-10,11551.7001953125
2020-01-13,11543.669921875
2020-01-14,11625.1298828125
2020-01-15,11676.669921875
2020-01-16,11737.8603515625
2020-01-17,11800.2099609375
2020-01-20,11746.9501953125
2020-01-21,11805.1396484375
2020-01-22,11889.6796875
2020-01-23,11901.1103515625
2020-01-24,11877.8095703125
2020-01-27,11807.1396484375
2020-01-28,11685.1103515625
2020-01-29,11676.509765625
2020-01-30,11665.650390625
2020-01-31,11717.4404296875
2020-02-03,11550.16015625
2020-02-04,11511.490234375
2020-02-05,11604.080078125
2020-02-07,11760.8798828125
2020-02-10,11702.58984375
2020-02-11,11834.5400390625
2020-02-12,11898.240234375
2020-02-13,11880.83984375
2020-02-14,11834.830078125
2020-02-17,11873.98046875
2020-02-18,11935.83984375
2020-02-19,11981.0302734375
2020-02-20,12064.8603515625
2020-02-21,12073.33984375
2020-02-24,11857.1201171875
2020-02-25,11719.23046875
2020-02-26,11533.8603515625
2020-02-27,11437.169921875
2020-02-28,11261.16015625
2020-03-02,11103.4296875
2020-03-03,11346.3095703125
2020-03-04,11417.7802734375
2020-03-05,11640.8896484375
2020-03-06,11425.900390625
2020-03-09,11091.8095703125
2020-03-10,10897.4697265625
2020-03-11,10873.599609375
2020-03-12,10333.26953125
2020-03-13,9826.8603515625
2020-03-16,9476.9404296875
2020-03-17,9434.740234375
2020-03-18,9454.8896484375
2020-03-19,9114.5302734375
2020-03-20,9201.6396484375
2020-03-23,8498.7001953125
2020-03-24,9109.150390625
2020-03-25,9264.3798828125
2020-03-26,9632.4697265625
2020-03-27,9556.73046875
2020-03-30,9661.1904296875
2020-03-31,9796.75
2020-04-01,9926.080078125
2020-04-02,9870.5595703125
2020-04-03,9935.1796875
2020-04-06,9763.8203125
2020-04-07,9809.849609375
2020-04-08,10031.66015625
2020-04-09,9963.900390625
2020-04-14,10159.01953125
2020-04-15,10409.9404296875
2020-04-16,10473.1904296875
2020-04-17,10778.7197265625
2020-04-20,10762.669921875
2020-04-21,10535.8701171875
2020-04-22,10417.669921875
2020-04-23,10446.1103515625
2020-04-24,10419.48046875
2020-04-28,10759.5595703125
2020-04-29,10666.1904296875
2020-04-30,10532.0703125
2020-05-01,10449.009765625
2020-05-04,10475.98046875
2020-05-05,10490.73046875
2020-05-06,10572.83984375
2020-05-07,10649.23046875
2020-05-08,10695.58984375
2020-05-11,10760.2900390625
2020-05-12,10818.669921875
2020-05-13,10788.0302734375
2020-05-14,10745.16015625
2020-05-15,10730.6796875
2020-05-18,10757.9404296875
2020-05-19,10790.1396484375
2020-05-20,10788.0595703125
2020-05-21,10731.5498046875
2020-05-22,10662.6298828125
2020-05-25,10775.7998046875
2020-05-26,10914.740234375
2020-05-27,11049.1904296875
2020-05-28,10856.6904296875
2020-05-29,10882.41015625
2020-06-02,11034.169921875
2020-06-03,11118.26953125
2020-06-04,11222.7998046875
2020-06-05,11171.66015625
2020-06-08,11524.16015625
2020-06-09,11298.6904296875
2020-06-10,11260.51953125
2020-06-11,11154.9296875
2020-06-12,10905.9404296875
2020-06-15,10864.1201171875
2020-06-16,10953.849609375
2020-06-17,11334.3095703125
2020-06-18,11225.2802734375
2020-06-19,11254.740234375
2020-06-22,11158.4599609375
2020-06-23,11132.580078125
2020-06-24,11259.41015625
2020-06-25,11124.3603515625
2020-06-26,11129.23046875
2020-06-29,11252.5400390625
2020-06-30,11451.0498046875
2020-07-01,11350.26953125
2020-07-02,11502.51953125
2020-07-03,11558.7001953125
2020-07-06,11656.2099609375
2020-07-07,11743.73046875
2020-07-08,11707.26953125
2020-07-09,11440.8798828125
2020-07-10,11394.8603515625
2020-07-13,11434.7900390625
2020-07-14,11494.1396484375
2020-07-15,11610.51953125
2020-07-16,11505.0595703125
2020-07-17,11584.0498046875
2020-07-20,11553.16015625
2020-07-21,11736.73046875
2020-07-22,11722.9697265625
2020-07-23,11693.41015625
2020-07-24,11636.259765625
2020-07-27,11585.6201171875
2020-07-28,11578.26953125
2020-07-29,11599.4404296875
2020-07-30,11692.01953125
2020-07-31,11727.6298828125
2020-08-03,11666.08984375
2020-08-04,11771.7197265625
2020-08-05,11757.7197265625
2020-08-06,11764.58984375
2020-08-07,11646.6796875
2020-08-10,11683.4404296875
2020-08-11,11645.3203125
2020-08-12,11491.91015625
2020-08-13,11500.8203125
2020-08-14,11452.1396484375
2020-08-17,11672.9501953125
2020-08-18,11849.1298828125
2020-08-19,11751.2900390625
2020-08-20,11662.16015625
2020-08-21,11835.9404296875
2020-08-24,11921.0703125
2020-08-25,11993.1796875
2020-08-26,12031.509765625
2020-08-27,12053.4296875
2020-08-28,12093.51953125
2020-08-31,11937.5595703125
2020-09-01,11793.16015625
2020-09-02,11902.98046875
2020-09-03,12055.0498046875
2020-09-04,11824.3095703125
2020-09-07,11859.4501953125
2020-09-08,11895.6298828125
2020-09-09,11739.1103515625
2020-09-10,11811.7802734375
2020-09-11,11748.0302734375
2020-09-14,11790.5400390625
2020-09-15,11770.75
2020-09-16,11814.7099609375
2020-09-17,11777.1298828125
2020-09-18,11633.51953125
2020-09-21,11539.099609375
2020-09-22,11609.2197265625
2020-09-23,11704.6201171875
2020-09-24,11689.8896484375
2020-09-25,11797.080078125
2020-09-28,11802.2900390625
2020-09-29,11742.08984375
2020-09-30,11747.2802734375
2020-10-01,11812.73046875
2020-10-02,11822.83984375
2020-10-05,11898.259765625
2020-10-06,11975.01953125
2020-10-07,12016.150390625
2020-10-08,12235.919921875
2020-10-09,12280.5400390625
2020-10-12,12356.8896484375
2020-10-13,12453.849609375
2020-10-14,12543.6103515625
2020-10-15,12486.73046875
2020-10-16,12433.16015625
2020-10-19,12385.25
2020-10-20,12462.0498046875
2020-10-21,12432.6103515625
2020-10-22,12407.2900390625
2020-10-23,12470.33984375
2020-10-27,12251.91015625
2020-10-28,12264.51953125
2020-10-29,12201.7998046875
2020-10-30,12084.4697265625
2020-11-02,12070.830078125
2020-11-03,12130.3095703125
2020-11-04,12199.9296875
2020-11-05,12249.98046875
2020-11-06,12337.01953125
2020-11-09,12562.2001953125
2020-11-10,12612.3896484375
2020-11-11,12665.6298828125
2020-11-12,12670.6201171875
2020-11-13,12700.169921875
2020-11-16,12744.919921875
2020-11-17,12765.0302734375
2020-11-18,12605.9599609375
2020-11-19,12557.1298828125
2020-11-20,12441.8095703125
2020-11-23,12514.9501953125
2020-11-24,12677.58984375
2020-11-25,12678.759765625
2020-11-26,12602.01953125
2020-11-27,12639.830078125
2020-11-30,12768.51953125
2020-12-01,12729.91015625
2020-12-02,12728.6904296875
2020-12-03,12648.91015625
2020-12-04,12631.3798828125
2020-12-07,12656.01953125
2020-12-08,12719.58984375
2020-12-09,12889.400390625
2020-12-10,12860.3701171875
2020-12-11,12919.25
2020-12-14,12835.1201171875
2020-12-15,12767.169921875
2020-12-16,12828.990234375
2020-12-17,12888.76953125
2020-12-18,12682.0
2020-12-21,12607.740234375
2020-12-22,12842.6904296875
2020-12-23,13020.2099609375
2020-12-29,13246.76953125
2020-12-30,13217.1396484375
2020-12-31,13091.6396484375
2021-01-05,13367.650390625
2021-01-06,13333.9296875
2021-01-07,13485.669921875
2021-01-08,13558.1904296875
2021-01-11,13290.08984375
2021-01-12,13183.6904296875
2021-01-13,13120.2802734375
2021-01-14,13115.8701171875
2021-01-15,13024.6904296875
2021-01-18,12838.3603515625
2021-01-19,12881.3095703125
2021-01-20,13026.4501953125
2021-01-21,13112.1904296875
2021-01-22,13333.4296875
2021-01-25,13399.099609375
2021-01-26,13323.4599609375
2021-01-27,13374.0
2021-01-28,13238.7197265625
2021-01-29,13127.2900390625
2021-02-01,13097.25
2021-02-02,13044.5
2021-02-03,13091.2099609375
2021-02-04,12992.1396484375
2021-02-05,13053.8701171875
2021-02-09,12949.8203125
2021-02-10,12830.0302734375
2021-02-11,12761.1298828125
2021-02-12,12589.6396484375
2021-02-15,12510.5595703125
2021-02-16,12610.7197265625
2021-02-17,12673.9697265625
2021-02-18,12633.599609375
2021-02-19,12548.6298828125
2021-02-22,12426.240234375
2021-02-23,12388.83984375
2021-02-24,12282.419921875
2021-02-25,12140.66015625
2021-02-26,12227.2900390625
2021-03-01,12301.8095703125
2021-03-02,12344.490234375
2021-03-03,12359.259765625
2021-03-04,12224.5
2021-03-05,12180.25
2021-03-08,12085.1796875
2021-03-09,12145.150390625
2021-03-10,12251.900390625
2021-03-11,12272.48046875
2021-03-12,12426.76953125
2021-03-15,12592.259765625
2021-03-16,12689.0498046875
2021-03-17,12622.2099609375
2021-03-18,12496.1396484375
2021-03-19,12515.2197265625
2021-03-22,12329.08984375
2021-03-23,12394.33984375
2021-03-24,12358.8798828125
2021-03-25,12388.0595703125
2021-03-26,12348.830078125
2021-03-29,12368.1298828125
2021-03-30,12446.759765625
2021-03-31,12560.7001953125
2021-04-01,12488.3095703125
2021-04-06,12400.48046875
2021-04-07,12487.58984375
2021-04-08,12632.599609375
2021-04-09,12574.349609375
2021-04-12,12518.7099609375
2021-04-13,12656.419921875
2021-04-14,12751.3798828125
2021-04-15,12636.5498046875
2021-04-16,12684.73046875
2021-04-19,12767.830078125
2021-04-20,12678.5498046875
2021-04-21,12535.33984375
2021-04-22,12577.48046875
2021-04-23,12650.6396484375
2021-04-27,12620.51953125
2021-04-28,12646.1396484375
2021-04-29,12715.2001953125
2021-04-30,12731.1298828125
2021-05-03,12768.83984375
2021-05-04,12912.1904296875
2021-05-05,12848.3095703125
2021-05-06,12751.669921875
2021-05-07,12729.919921875
2021-05-10,12659.009765625
2021-05-11,12639.1904296875
2021-05-12,12564.2099609375
2021-05-13,12428.1201171875
2021-05-14,12367.8603515625
2021-05-17,12410.4697265625
2021-05-18,12428.6201171875
2021-05-19,12281.5
2021-05-20,12437.169921875
2021-05-21,12459.6103515625
2021-05-24,12449.0
2021-05-25,12341.1904296875
2021-05-26,12347.4404296875
2021-05-27,12243.33984375
2021-05-28,12182.25
2021-05-31,12320.7197265625
2021-06-01,12462.4697265625
2021-06-02,12440.0498046875
2021-06-03,12429.98046875
2021-06-04,12496.26953125
2021-06-08,12517.650390625
2021-06-09,12566.5
2021-06-10,12518.009765625
2021-06-11,12550.3896484375
2021-06-14,12562.169921875
2021-06-15,12696.3896484375
2021-06-16,12581.599609375
2021-06-17,12541.2001953125
2021-06-18,12551.9296875
2021-06-21,12499.3603515625
2021-06-22,12534.7998046875
2021-06-23,12586.490234375
2021-06-24,12586.8896484375
2021-06-25,12626.08984375
2021-06-28,12603.75
2021-06-29,12639.8203125
2021-06-30,12654.599609375
2021-07-01,12683.6298828125
2021-07-02,12711.83984375
2021-07-05,12812.3203125
2021-07-06,12758.9296875
2021-07-07,12747.7998046875
2021-07-08,12752.509765625
2021-07-09,12690.349609375
2021-07-12,12763.400390625
2021-07-13,12784.9404296875
2021-07-14,12719.6796875
2021-07-15,12671.16015625
2021-07-16,12673.150390625
2021-07-19,12652.08984375
2021-07-20,12650.83984375
2021-07-21,12709.1396484375
2021-07-22,12720.83984375
2021-07-23,12736.3203125
2021-07-26,12673.23046875
2021-07-27,12590.3095703125
2021-07-28,12595.3203125
2021-07-29,12728.849609375
2021-07-30,12594.51953125
2021-08-02,12702.9697265625
2021-08-03,12700.5
2021-08-04,12797.2900390625
2021-08-05,12753.759765625
2021-08-06,12770.0
2021-08-09,12700.830078125
2021-08-10,12764.23046875
2021-08-11,12748.0703125
2021-08-12,12681.8095703125
2021-08-13,12764.0595703125
2021-08-16,12720.150390625
2021-08-17,12635.3203125
2021-08-18,12718.8798828125
2021-08-19,12956.9697265625
2021-08-20,12940.490234375
2021-08-23,13064.0703125
2021-08-24,13071.8603515625
2021-08-25,13173.48046875
2021-08-26,13051.6201171875
2021-08-27,13059.7900390625
2021-08-30,13180.580078125
2021-08-31,13218.830078125
2021-09-01,13243.490234375
2021-09-02,13280.4697265625
2021-09-03,13288.8701171875
2021-09-06,13300.0302734375
2021-09-07,13321.990234375
2021-09-08,13193.009765625
2021-09-09,13095.76953125
2021-09-10,13064.3896484375
2021-09-13,13170.8896484375
2021-09-14,13108.6103515625
2021-09-15,13099.2998046875
2021-09-16,13079.509765625
2021-09-17,13234.5498046875
2021-09-20,13178.580078125
2021-09-21,13176.9404296875
2021-09-22,13215.7998046875
2021-09-23,13305.919921875
2021-09-24,13259.5498046875
2021-09-27,13227.7001953125
2021-09-28,13174.3798828125
2021-09-29,13119.7900390625
2021-09-30,13275.759765625
2021-10-01,13279.150390625
2021-10-04,13337.26953125
2021-10-05,13199.990234375
2021-10-06,13166.4404296875
2021-10-07,13104.6103515625
2021-10-08,13086.599609375
2021-10-11,13019.3701171875
2021-10-12,12996.259765625
2021-10-13,13025.1796875
2021-10-14,13048.490234375
2021-10-15,13012.1904296875
2021-10-18,12998.509765625
2021-10-19,13065.919921875
2021-10-20,13114.240234375
2021-10-21,13125.98046875
2021-10-22,13093.240234375
2021-10-26,13075.41015625
2021-10-27,13020.259765625
2021-10-28,12970.990234375
2021-10-29,13099.8203125
2021-11-01,13030.3095703125
2021-11-02,12992.5
2021-11-03,12993.830078125
2021-11-04,12943.9404296875
2021-11-05,13074.6103515625
2021-11-08,13032.0302734375
2021-11-09,13025.5703125
2021-11-10,13052.599609375
2021-11-11,12975.7197265625
2021-11-12,12908.150390625
2021-11-15,12957.4599609375
2021-11-16,12903.080078125
2021-11-17,12783.66015625
2021-11-18,12758.98046875
2021-11-19,12740.1201171875
2021-11-22,12650.4599609375
2021-11-23,12699.330078125
2021-11-24,12849.9697265625
2021-11-25,12743.8603515625
2021-11-26,12628.8896484375
2021-11-29,12627.900390625
2021-11-30,12699.5400390625
2021-12-01,12700.2197265625
2021-12-02,12752.7802734375
2021-12-03,12676.5
2021-12-06,12623.1201171875
2021-12-07,12741.849609375
2021-12-08,12819.7998046875
2021-12-09,12797.490234375
2021-12-10,12849.6796875
2021-12-13,12994.1904296875
2021-12-14,12870.73046875
2021-12-15,12907.7802734375
2021-12-16,12773.509765625
2021-12-17,12717.9404296875
2021-12-20,12723.580078125
2021-12-21,12826.599609375
2021-12-22,12901.7998046875
2021-12-23,12905.419921875
2021-12-24,12888.41015625
2021-12-29,12997.599609375
2021-12-30,13043.7998046875
2021-12-31,13033.76953125
2022-01-05,13150.3798828125
2022-01-06,12983.009765625
2022-01-07,12970.650390625
2022-01-10,12849.5
2022-01-11,12848.0498046875
2022-01-12,12804.48046875
2022-01-13,12826.990234375
2022-01-14,12790.16015625
2022-01-17,12806.900390625
2022-01-18,12814.4599609375
2022-01-19,12612.3095703125
2022-01-20,12497.099609375
2022-01-21,12348.0
2022-01-24,12200.740234375
2022-01-25,12154.6103515625
2022-01-26,12185.650390625
2022-01-27,12067.9296875
2022-01-28,11852.150390625
2022-01-31,11995.3701171875
2022-02-01,12204.9501953125
2022-02-02,12289.6396484375
2022-02-03,12335.3203125
2022-02-04,12279.5595703125
2022-02-08,12316.4404296875
2022-02-09,12467.0498046875
2022-02-10,12413.0498046875
2022-02-11,12173.7802734375
2022-02-14,11950.1396484375
2022-02-15,11938.3203125
2022-02-16,12187.1396484375
2022-02-17,12256.8203125
2022-02-18,12141.8896484375
2022-02-21,12156.33984375
2022-02-22,12114.6298828125
2022-02-23,12134.419921875
2022-02-24,11967.01953125
2022-02-25,11923.3798828125
2022-02-28,12096.6796875
2022-03-01,12155.5302734375
2022-03-02,12246.6103515625
2022-03-03,12205.6201171875
2022-03-04,12141.76953125
2022-03-07,11769.8701171875
2022-03-08,11795.9599609375
2022-03-09,11785.1298828125
2022-03-10,11899.91015625
2022-03-11,11821.3798828125
2022-03-14,11805.1103515625
2022-03-15,11801.73046875
2022-03-16,11874.1103515625
2022-03-17,12030.0703125
2022-03-18,12175.849609375
2022-03-21,12177.75
2022-03-22,12204.6904296875
2022-03-23,12061.0
2022-03-24,12017.6103515625
2022-03-25,12055.0
2022-03-28,11909.7197265625
2022-03-29,11919.669921875
2022-03-30,12098.7998046875
2022-03-31,12110.259765625
2022-04-01,12089.4296875
2022-04-04,12053.1904296875
2022-04-05,12121.3896484375
2022-04-06,12079.2998046875
2022-04-07,12075.91015625
2022-04-08,12066.26953125
2022-04-11,11932.0302734375
2022-04-12,11889.169921875
2022-04-13,11875.0
2022-04-14,11891.580078125
2022-04-19,11835.8798828125
2022-04-20,11966.1904296875
2022-04-21,11954.0
2022-04-22,11908.400390625
2022-04-26,11813.1796875
2022-04-27,11726.3896484375
2022-04-28,11875.9599609375
2022-04-29,11884.2998046875
2022-05-02,11784.3603515625
2022-05-03,11675.919921875
2022-05-04,11675.2099609375
2022-05-05,11747.5703125
2022-05-06,11609.3798828125
2022-05-09,11381.7001953125
2022-05-10,11229.4501953125
2022-05-11,11233.169921875
2022-05-12,11177.3603515625
2022-05-13,11168.1796875
2022-05-16,11157.66015625
2022-05-17,11137.8798828125
2022-05-18,11258.2802734375
2022-05-19,11206.9296875
2022-05-20,11267.3896484375
2022-05-23,11316.4599609375
2022-05-24,11237.1201171875
2022-05-25,11173.3701171875
2022-05-26,11102.83984375
2022-05-27,11065.150390625
2022-05-30,11145.5
2022-05-31,11308.33984375
2022-06-01,11373.240234375
2022-06-02,11349.5400390625
2022-06-03,11417.33984375
2022-06-07,11265.7001953125
2022-06-08,11266.240234375
2022-06-09,11211.3095703125
2022-06-10,11136.2802734375
2022-06-13,10924.740234375
2022-06-14,10641.3603515625
2022-06-15,10635.919921875
2022-06-16,10646.580078125
2022-06-17,10589.1904296875
2022-06-20,10588.2001953125
2022-06-21,10701.58984375
2022-06-22,10678.669921875
2022-06-23,10813.919921875
2022-06-27,10997.919921875
2022-06-28,11018.6201171875
2022-06-29,10958.8095703125
2022-06-30,10868.7001953125
2022-07-01,10753.16015625
2022-07-04,10862.33984375
2022-07-05,10965.169921875
2022-07-06,11134.3896484375
2022-07-07,11112.16015625
2022-07-08,11169.240234375
2022-07-11,11106.1396484375
2022-07-12,11103.3896484375
2022-07-13,11110.330078125
2022-07-14,11187.9697265625
2022-07-15,11122.6103515625
2022-07-18,11163.6298828125
2022-07-19,11238.26953125
2022-07-20,11199.009765625
2022-07-21,11269.759765625
2022-07-22,11263.1904296875
2022-07-25,11198.6796875
2022-07-26,11166.5595703125
2022-07-27,11135.0302734375
2022-07-28,11328.1904296875
2022-07-29,11492.650390625
2022-08-01,11525.8701171875
2022-08-02,11532.4599609375
2022-08-03,11705.0302734375
2022-08-04,11735.4697265625
2022-08-05,11728.4697265625
2022-08-08,11702.8095703125
2022-08-09,11753.48046875
2022-08-10,11752.08984375
2022-08-11,11760.009765625
2022-08-12,11730.51953125
2022-08-15,11789.0302734375
2022-08-16,11847.150390625
2022-08-17,11852.9296875
2022-08-18,11814.33984375
2022-08-19,11684.8095703125
2022-08-22,11763.9501953125
2022-08-23,11643.2099609375
2022-08-24,11655.330078125
2022-08-25,11627.1396484375
2022-08-26,11608.2900390625
2022-08-29,11506.9404296875
2022-08-30,11648.650390625
2022-08-31,11601.099609375
2022-09-01,11609.8203125
2022-09-02,11628.25
2022-09-05,11619.0400390625
2022-09-06,11599.23046875
2022-09-07,11548.2998046875
2022-09-08,11677.9296875
2022-09-09,11757.76953125
2022-09-12,11813.2099609375
2022-09-13,11762.150390625
2022-09-14,11658.0400390625
2022-09-15,11658.9404296875
2022-09-16,11580.4599609375
2022-09-19,11531.990234375
2022-09-20,11570.4296875
2022-09-21,11498.9501953125
2022-09-22,11518.3203125
2022-09-23,11434.8203125
2022-09-27,11239.7197265625
2022-09-28,11119.5703125
2022-09-29,11200.0400390625
2022-09-30,11065.7099609375
2022-10-03,10959.4501953125
2022-10-04,11090.0302734375
2022-10-05,11180.009765625
2022-10-06,11125.240234375
2022-10-07,11103.7900390625
2022-10-10,10918.48046875
2022-10-11,10956.7099609375
2022-10-12,10873.23046875
2022-10-13,10817.48046875
2022-10-14,10868.08984375
2022-10-17,10785.919921875
2022-10-18,10847.33984375
2022-10-19,10916.650390625
2022-10-20,10868.2998046875
2022-10-21,10782.3603515625
2022-10-25,10902.3095703125
2022-10-26,11046.5
2022-10-27,11100.51953125
2022-10-28,11129.5302734375
2022-10-31,11338.4296875
2022-11-01,11316.6396484375
2022-11-02,11282.7802734375
2022-11-03,11184.2998046875
2022-11-04,11230.75
2022-11-07,11263.490234375
2022-11-08,11208.4404296875
2022-11-09,11110.73046875
2022-11-10,11288.9404296875
2022-11-11,11311.759765625
2022-11-14,11270.33984375
2022-11-15,11250.0302734375
2022-11-16,11250.7802734375
2022-11-17,11257.76953125
2022-11-18,11380.6103515625
2022-11-21,11397.9599609375
2022-11-22,11384.650390625
2022-11-23,11271.91015625
2022-11-24,11310.7998046875
2022-11-25,11382.5595703125
2022-11-28,11418.2001953125
2022-11-29,11411.3896484375
2022-11-30,11552.0400390625
2022-12-01,11654.5595703125
2022-12-02,11641.849609375
2022-12-05,11613.1201171875
2022-12-06,11570.150390625
2022-12-07,11641.599609375
2022-12-08,11604.51953125
2022-12-09,11596.0302734375
2022-12-12,11522.2802734375
2022-12-13,11575.4404296875
2022-12-14,11541.6103515625
2022-12-15,11529.83984375
2022-12-16,11603.66015625
2022-12-19,11507.51953125
2022-12-20,11444.509765625
2022-12-21,11492.3896484375
2022-12-22,11451.669921875
2022-12-23,11494.9599609375
2022-12-28,11567.6904296875
2022-12-29,11591.9296875
2022-12-30,11473.240234375
2023-01-04,11632.400390625
2023-01-05,11677.2001953125
2023-01-06,11625.9697265625
2023-01-09,11650.41015625
2023-01-10,11656.4501953125
2023-01-11,11646.8095703125
2023-01-12,11727.599609375
2023-01-13,11754.4404296875
2023-01-16,11845.150390625
2023-01-17,11881.669921875
2023-01-18,11885.08984375
2023-01-19,11954.2099609375
2023-01-20,11977.48046875
2023-01-23,11971.2197265625
2023-01-24,11942.41015625
2023-01-25,11993.33984375
2023-01-26,12041.9296875
2023-01-27,12036.0498046875
2023-01-30,12004.2802734375
2023-01-31,12022.900390625
2023-02-01,12074.0400390625
2023-02-02,12153.490234375
2023-02-03,12197.150390625
2023-02-07,12164.919921875
2023-02-08,12145.23046875
2023-02-09,12123.2099609375
2023-02-10,12178.759765625
2023-02-13,12094.1396484375
2023-02-14,12038.580078125
2023-02-15,12060.26953125
2023-02-16,12139.900390625
2023-02-17,12144.66015625
2023-02-20,11899.2802734375
2023-02-21,11723.919921875
2023-02-22,11812.2802734375
2023-02-23,11872.099609375
2023-02-24,11905.75
2023-02-27,11813.5595703125
2023-02-28,11875.33984375
2023-03-01,11878.16015625
2023-03-02,11864.0498046875
2023-03-03,11868.7900390625
2023-03-06,11909.150390625
2023-03-07,11856.66015625
2023-03-08,11839.91015625
2023-03-09,11728.26953125
2023-03-10,11727.0400390625
2023-03-13,11672.900390625
2023-03-14,11609.3701171875
2023-03-15,11617.26953125
2023-03-16,11699.01953125
2023-03-17,11725.6201171875
2023-03-20,11564.75
2023-03-21,11531.2998046875
2023-03-22,11586.9296875
2023-03-23,11594.9404296875
2023-03-24,11580.8095703125
2023-03-27,11612.8603515625
2023-03-28,11771.26953125
2023-03-29,11736.75
2023-03-30,11933.169921875
2023-03-31,11884.5
2023-04-03,11838.7900390625
2023-04-04,11898.5595703125
2023-04-05,11866.830078125
2023-04-06,11870.080078125
2023-04-11,11873.580078125
2023-04-12,11917.5
2023-04-13,11930.8603515625
2023-04-14,11880.5595703125
2023-04-17,11936.150390625
2023-04-18,11884.099609375
2023-04-19,11917.8203125
2023-04-20,11879.6796875
2023-04-21,11927.5
2023-04-24,12026.3896484375
2023-04-26,11934.98046875
2023-04-27,11918.2197265625
2023-04-28,12019.83984375
2023-05-01,12002.9697265625
2023-05-02,12037.8095703125
2023-05-03,11907.990234375
2023-05-04,11968.5498046875
2023-05-05,11889.009765625
2023-05-08,11942.490234375
2023-05-09,11889.6103515625
2023-05-10,11987.2998046875
2023-05-11,11887.759765625
2023-05-12,11938.83984375
2023-05-15,11937.599609375
2023-05-16,11945.8701171875
2023-05-17,11951.66015625
2023-05-18,11974.169921875
2023-05-19,12099.740234375
2023-05-22,11993.0
2023-05-23,11944.2001953125
2023-05-24,11971.830078125
2023-05-25,11959.849609375
2023-05-26,11830.0302734375
2023-05-29,11935.650390625
2023-05-30,11878.7099609375
2023-05-31,11813.009765625
2023-06-01,11916.1298828125
2023-06-02,11880.900390625
2023-06-06,11864.1201171875
2023-06-07,11759.150390625
2023-06-08,11715.740234375
2023-06-09,11690.33984375
2023-06-12,11615.5498046875
2023-06-13,11585.1103515625
2023-06-14,11678.6201171875
2023-06-15,11687.4501953125
2023-06-16,11800.0400390625
2023-06-19,11750.75
2023-06-20,11789.3701171875
2023-06-21,11776.25
2023-06-22,11739.0498046875
2023-06-23,11737.5498046875
2023-06-26,11638.6796875
2023-06-27,11649.2001953125
2023-06-28,11733.4599609375
2023-06-29,11808.1201171875
2023-06-30,11916.4697265625
2023-07-03,11916.8701171875
2023-07-04,11980.330078125
2023-07-05,12002.4599609375
2023-07-06,11959.330078125
2023-07-07,11980.1201171875
2023-07-10,11912.73046875
2023-07-11,11909.8095703125
2023-07-12,11908.26953125
2023-07-13,12013.4296875
2023-07-17,11938.919921875
2023-07-18,11932.8095703125
2023-07-19,11944.5400390625
2023-07-20,11932.099609375
2023-07-21,11940.4404296875
2023-07-24,12018.23046875
2023-07-25,11933.8603515625
2023-07-26,11954.73046875
2023-07-27,11954.1103515625
2023-07-28,11946.740234375
2023-07-31,12056.150390625
2023-08-01,11980.41015625
2023-08-02,11962.0400390625
2023-08-03,11936.6201171875
2023-08-04,11943.2001953125
2023-08-07,11934.240234375
2023-08-08,11868.75
2023-08-09,11838.259765625
2023-08-10,11811.76953125
2023-08-11,11836.7099609375
2023-08-14,11777.400390625
2023-08-15,11820.740234375
2023-08-16,11763.1103515625
2023-08-17,11651.580078125
2023-08-18,11611.1904296875
2023-08-21,11458.6904296875
2023-08-22,11485.259765625
2023-08-23,11571.9296875
2023-08-24,11502.1298828125
2023-08-25,11467.66015625
2023-08-28,11479.009765625
2023-08-29,11528.1201171875
2023-08-30,11521.1201171875
2023-08-31,11554.48046875
2023-09-01,11528.73046875
2023-09-04,11513.0400390625
2023-09-05,11437.25
2023-09-06,11427.66015625
2023-09-07,11426.83984375
2023-09-08,11344.1103515625
2023-09-11,11302.41015625
2023-09-12,11298.7001953125
2023-09-13,11357.1201171875
2023-09-14,11313.5302734375
2023-09-15,11347.73046875
2023-09-18,11397.0
2023-09-19,11344.51953125
2023-09-20,11324.8203125
2023-09-21,11318.740234375
2023-09-22,11372.6201171875
2023-09-25,11385.4501953125
2023-09-26,11342.8701171875
2023-09-27,11316.8095703125
2023-09-28,11178.0302734375
2023-09-29,11296.4296875
2023-10-02,11212.1396484375
2023-10-03,11235.7197265625
2023-10-04,11235.0498046875
2023-10-05,11309.099609375
2023-10-06,11287.0302734375
2023-10-09,11205.0595703125
2023-10-10,11293.3798828125
2023-10-11,11306.4404296875
2023-10-12,11292.580078125
2023-10-13,11265.7197265625
2023-10-16,11185.080078125
2023-10-17,11214.3701171875
2023-10-18,11221.48046875
2023-10-19,11135.580078125
2023-10-20,10994.080078125
2023-10-24,10960.6201171875
2023-10-25,10884.0400390625
2023-10-26,10829.2001953125
2023-10-27,10766.8203125
2023-10-30,10741.5703125
2023-10-31,10757.6904296875
2023-11-01,10850.919921875
2023-11-02,11044.4404296875
2023-11-03,11118.919921875
2023-11-06,11178.8798828125
2023-11-07,11185.48046875
2023-11-08,11118.4599609375
2023-11-09,11156.2998046875
2023-11-10,11140.400390625
2023-11-13,11094.8701171875
2023-11-14,11266.2001953125
2023-11-15,11347.3701171875
2023-11-16,11174.4697265625
2023-11-17,11176.9697265625
2023-11-20,11182.33984375
2023-11-21,11132.7802734375
2023-11-22,11164.740234375
2023-11-23,11184.9404296875
2023-11-24,11211.2197265625
2023-11-27,11158.169921875
2023-11-28,11279.6201171875
2023-11-29,11198.16015625
2023-11-30,11331.5595703125
2023-12-01,11367.509765625
2023-12-04,11323.0
2023-12-05,11343.849609375
2023-12-06,11437.259765625
2023-12-07,11445.4697265625
2023-12-08,11495.6396484375
2023-12-11,11409.9697265625
2023-12-12,11435.8095703125
2023-12-13,11496.8203125
2023-12-14,11548.400390625
2023-12-15,11550.2001953125
2023-12-18,11508.5595703125
2023-12-19,11604.2900390625
2023-12-20,11571.0302734375
2023-12-21,11601.259765625
2023-12-22,11634.4296875
2023-12-27,11687.9697265625
2023-12-28,11761.259765625
2023-12-29,11770.490234375
2024-01-03,11672.490234375
2024-01-04,11724.169921875
2024-01-05,11748.48046875
2024-01-08,11760.5
2024-01-09,11810.599609375
2024-01-10,11759.98046875
2024-01-11,11786.8603515625
2024-01-12,11858.3095703125
2024-01-15,11775.490234375
2024-01-16,11746.330078125
2024-01-17,11727.349609375
2024-01-18,11723.7099609375
2024-01-19,11666.0703125
2024-01-22,11680.2099609375
2024-01-23,11746.8896484375
2024-01-24,11862.6396484375
2024-01-25,11836.7998046875
2024-01-26,11875.0302734375
2024-01-29,11878.0498046875
2024-01-30,11844.5
2024-01-31,11843.650390625
2024-02-01,11940.490234375
2024-02-02,11931.23046875
2024-02-05,11928.7001953125
2024-02-07,11925.1298828125
2024-02-08,11808.5
2024-02-09,11862.9501953125
2024-02-12,11727.4697265625
2024-02-13,11657.4697265625
2024-02-14,11654.2197265625
2024-02-15,11655.2900390625
2024-02-16,11724.48046875
2024-02-19,11653.26953125
2024-02-20,11550.349609375
2024-02-21,11635.51953125
2024-02-22,11720.6904296875
2024-02-23,11719.8203125
2024-02-26,11664.400390625
2024-02-27,11662.7197265625
2024-02-28,11698.0498046875
2024-02-29,11696.4296875
2024-03-01,11744.3896484375
2024-03-04,11712.2001953125
2024-03-05,11685.2099609375
2024-03-06,11825.83984375
2024-03-07,11814.7998046875
2024-03-08,11923.7197265625
2024-03-11,11873.669921875
2024-03-12,11829.1796875
2024-03-13,11809.01953125
2024-03-14,11808.330078125
2024-03-15,11766.98046875
2024-03-18,11728.009765625
2024-03-19,11817.91015625
2024-03-20,11832.7099609375
2024-03-21,11915.7099609375
2024-03-22,11978.6201171875
2024-03-25,12014.1201171875
2024-03-26,12031.8095703125
2024-03-27,12010.66015625
2024-03-28,12105.2900390625
2024-04-02,12095.849609375
2024-04-03,12040.490234375
2024-04-04,12035.259765625
2024-04-05,12012.240234375
2024-04-08,11973.58984375
2024-04-09,11883.5400390625
2024-04-10,11971.919921875
2024-04-11,11934.3095703125
2024-04-12,11931.3203125
2024-04-15,11916.7802734375
2024-04-16,11804.83984375
2024-04-17,11875.349609375
2024-04-18,11836.0400390625
2024-04-19,11796.2099609375
2024-04-22,11852.7998046875
2024-04-23,11803.2802734375
2024-04-24,11946.4296875
2024-04-26,11805.08984375
2024-04-29,11916.240234375
2024-04-30,11957.5
2024-05-01,11867.580078125
2024-05-02,11874.0400390625
2024-05-03,11938.080078125
2024-05-06,11820.7802734375
2024-05-07,11800.7802734375
2024-05-08,11782.8896484375
2024-05-09,11746.580078125
2024-05-10,11755.169921875
2024-05-13,11652.16015625
2024-05-14,11618.08984375
2024-05-15,11525.8798828125
2024-05-16,11728.0595703125
2024-05-17,11699.7900390625
2024-05-20,11735.7099609375
2024-05-21,11675.990234375
2024-05-22,11732.2802734375
2024-05-23,11809.48046875
2024-05-24,11783.3896484375
2024-05-27,11756.0
2024-05-28,11682.509765625
2024-05-29,11678.6796875
2024-05-30,11630.9404296875
2024-05-31,11867.2900390625
2024-06-04,11880.5400390625
2024-06-05,11996.7099609375
2024-06-06,11973.009765625
2024-06-07,11856.5595703125
2024-06-10,11787.5703125
2024-06-11,11785.48046875
2024-06-12,11741.8798828125
2024-06-13,11872.6396484375
2024-06-14,11864.8896484375
2024-06-17,11698.509765625
2024-06-18,11767.400390625
2024-06-19,11671.1904296875
2024-06-20,11771.8095703125
2024-06-21,11682.3896484375
2024-06-24,11627.8603515625
2024-06-25,11716.4404296875
2024-06-26,11835.01953125
2024-06-27,11717.4296875
2024-07-01,11789.3896484375
2024-07-02,11776.73046875
2024-07-03,11790.919921875
2024-07-04,11735.6298828125
2024-07-05,11794.8095703125
2024-07-08,11745.5302734375
2024-07-09,11848.1298828125
2024-07-10,11943.330078125
2024-07-11,12058.2900390625
2024-07-12,12134.9697265625
2024-07-15,12123.1396484375
2024-07-16,12184.490234375
2024-07-17,12256.3603515625
2024-07-18,12329.4404296875
2024-07-19,12325.599609375
2024-07-22,12309.91015625
2024-07-23,12425.580078125
2024-07-24,12530.990234375
2024-07-25,12396.26953125
2024-07-26,12349.4697265625
2024-07-29,12313.6201171875
2024-07-30,12391.0498046875
2024-07-31,12405.26953125
2024-08-01,12487.9404296875
2024-08-02,12453.0400390625
2024-08-05,12264.490234375
2024-08-06,12245.759765625
2024-08-07,12278.2099609375
2024-08-08,12257.2802734375
2024-08-09,12243.4599609375
2024-08-12,12281.25
2024-08-13,12319.0595703125
2024-08-14,12572.5302734375
2024-08-15,12710.5703125
2024-08-16,12727.75
2024-08-19,12662.1103515625
2024-08-20,12558.080078125
2024-08-21,12502.9697265625
2024-08-22,12469.349609375
2024-08-23,12529.990234375
2024-08-26,12589.830078125
2024-08-27,12451.1103515625
2024-08-28,12470.599609375
2024-08-29,12353.6103515625
2024-08-30,12447.6796875
2024-09-02,12555.51953125
2024-09-03,12534.509765625
2024-09-04,12553.349609375
2024-09-05,12678.66015625
2024-09-06,12615.509765625
2024-09-09,12621.6201171875
2024-09-10,12632.8203125
2024-09-11,12632.349609375
2024-09-12,12820.2802734375
2024-09-13,12832.5498046875
2024-09-16,12704.3896484375
2024-09-17,12671.9501953125
2024-09-18,12586.98046875
2024-09-19,12665.0
2024-09-20,12478.5
2024-09-23,12404.169921875
2024-09-24,12303.990234375
2024-09-25,12224.5302734375
2024-09-26,12491.580078125
2024-09-27,12457.41015625
2024-09-30,12423.8203125
2024-10-01,12466.6904296875
2024-10-02,12451.6904296875
2024-10-03,12572.66015625
2024-10-04,12619.9404296875
2024-10-07,12596.8701171875
2024-10-08,12555.990234375
2024-10-09,12776.1298828125
2024-10-10,12754.580078125
2024-10-11,12845.6396484375
2024-10-14,12766.75
2024-10-15,12840.76953125
2024-10-16,12641.3203125
2024-10-17,12712.8203125
2024-10-18,12823.8896484375
2024-10-21,12923.2197265625
2024-10-22,12813.150390625
2024-10-23,12787.599609375
2024-10-24,12814.0703125
2024-10-25,12771.6103515625
2024-10-29,12783.3603515625
2024-10-30,12694.83984375
2024-10-31,12638.900390625
2024-11-01,12559.2802734375
2024-11-04,12557.490234375
2024-11-05,12606.33984375
2024-11-06,12630.41015625
2024-11-07,12611.4501953125
2024-11-08,12770.330078125
2024-11-11,12640.7197265625
2024-11-12,12660.2197265625
2024-11-13,12614.6396484375
2024-11-14,12701.259765625
2024-11-15,12684.8798828125
2024-11-18,12786.08984375
2024-11-19,12791.5302734375
2024-11-20,12708.23046875
2024-11-21,12810.7802734375
2024-11-22,13041.900390625
2024-11-25,13112.849609375
2024-11-26,13083.5498046875
2024-11-27,13089.080078125
2024-11-28,13033.76953125
2024-11-29,13066.919921875
2024-12-02,13084.580078125
2024-12-03,12977.599609375
2024-12-04,12914.580078125
2024-12-05,12886.169921875
2024-12-06,12809.58984375
2024-12-09,12812.26953125
2024-12-10,12716.3603515625
2024-12-11,12754.990234375
2024-12-12,12697.76953125
2024-12-13,12754.259765625
2024-12-16,12754.2998046875
2024-12-17,12874.16015625
2024-12-18,12723.9697265625
2024-12-19,12704.41015625
2024-12-20,12904.1103515625
2024-12-23,12984.4697265625
2024-12-24,13074.740234375
2024-12-27,13205.099609375
2024-12-30,13202.349609375
2024-12-31,13110.740234375
2025-01-03,13067.830078125
2025-01-06,13047.23046875
2025-01-07,13013.51953125
2025-01-08,13011.91015625
2025-01-09,12940.3095703125
2025-01-10,12895.98046875
2025-01-13,12808.830078125
2025-01-14,12884.3798828125
2025-01-15,12941.75
2025-01-16,13004.2197265625
2025-01-17,13130.4296875
2025-01-20,13025.2900390625
2025-01-21,13066.650390625
2025-01-22,13050.400390625
2025-01-23,13038.759765625
2025-01-24,13024.7001953125
2025-01-27,12922.3203125
2025-01-28,12966.3095703125
2025-01-29,12974.419921875
2025-01-30,12918.5703125
2025-01-31,12995.009765625
2025-02-03,12826.0595703125
2025-02-04,12847.8701171875
2025-02-05,12844.58984375
2025-02-07,12902.1904296875
2025-02-10,12876.3701171875
2025-02-11,12903.25
2025-02-12,12893.6796875
2025-02-13,12917.33984375
2025-02-14,12989.1796875
2025-02-17,13077.2099609375
2025-02-18,13074.3798828125
2025-02-19,12999.400390625
2025-02-20,12780.8798828125
2025-02-21,12752.580078125
2025-02-24,12484.740234375
2025-02-25,12450.5
2025-02-26,12484.650390625
2025-02-27,12553.0
2025-02-28,12601.419921875
2025-03-03,12386.580078125
2025-03-04,12435.2001953125
2025-03-05,12385.349609375
2025-03-06,12387.2197265625
2025-03-07,12399.7802734375
2025-03-10,12515.9697265625
2025-03-11,12410.9697265625
2025-03-12,12249.5498046875
2025-03-13,12209.0498046875
2025-03-14,12266.25
2025-03-17,12166.1396484375
2025-03-18,12076.849609375
2025-03-19,12045.9296875
2025-03-20,12054.7197265625
2025-03-21,12113.5400390625
2025-03-24,12128.2099609375
2025-03-25,12184.509765625
2025-03-26,12334.1796875
2025-03-27,12312.6904296875
2025-03-28,12287.4599609375
2025-03-31,12245.5
2025-04-01,12312.599609375
2025-04-02,12320.1904296875
2025-04-03,12338.5703125
2025-04-04,12225.2802734375
2025-04-07,11775.8798828125
2025-04-08,11891.4404296875
2025-04-09,11806.5498046875
2025-04-10,12201.4296875
2025-04-11,12019.1298828125
2025-04-14,12107.5400390625
2025-04-15,12011.33984375
2025-04-16,12067.919921875
2025-04-17,12118.990234375
2025-04-22,11836.6904296875
2025-04-23,11956.4697265625
2025-04-24,12017.83984375
2025-04-28,12098.8896484375
2025-04-29,12025.4501953125
2025-04-30,11903.3095703125
2025-05-01,12191.150390625
2025-05-02,12327.8896484375
2025-05-05,12421.25
2025-05-06,12421.08984375
2025-05-07,12496.8896484375
2025-05-08,12467.0302734375
2025-05-09,12605.0703125
2025-05-12,12676.75
2025-05-13,12786.740234375
2025-05-14,12779.259765625
2025-05-15,12880.8203125
2025-05-16,12786.7900390625
2025-05-19,12629.0703125
2025-05-20,12644.23046875
2025-05-21,12703.099609375
2025-05-22,12662.25
2025-05-23,12596.5
2025-05-26,12547.2197265625
2025-05-27,12582.330078125
2025-05-28,12362.259765625
2025-05-29,12281.3095703125
2025-05-30,12418.8896484375
2025-06-03,12327.23046875
2025-06-04,12494.7099609375
2025-06-05,12577.150390625
2025-06-06,12563.48046875
2025-06-09,12539.259765625
2025-06-10,12564.419921875
2025-06-11,12605.9296875
2025-06-12,12649.099609375
2025-06-13,12552.8701171875
2025-06-16,12690.1298828125
2025-06-17,12639.349609375
2025-06-18,12627.3203125
2025-06-19,12569.0498046875
2025-06-23,12532.650390625
2025-06-24,12467.48046875
2025-06-25,12460.9599609375
2025-06-26,12480.0498046875
2025-06-27,12583.58984375
2025-06-30,12602.8203125
2025-07-01,12745.2900390625
2025-07-02,12784.2900390625
2025-07-03,12704.48046875
2025-07-04,12766.599609375
2025-07-07,12764.9501953125
2025-07-08,12859.01953125
2025-07-09,12768.6103515625
2025-07-10,12760.2001953125
2025-07-11,12686.6796875
2025-07-14,12678.6904296875
2025-07-15,12689.6298828125
2025-07-16,12754.58984375
2025-07-17,12905.41015625
2025-07-18,12880.400390625
2025-07-21,12961.509765625
2025-07-22,12833.740234375
2025-07-23,12794.0595703125
2025-07-24,12805.1298828125
2025-07-25,12853.4599609375
2025-07-28,12910.740234375
2025-07-29,12936.41015625
2025-07-30,12855.9697265625
2025-07-31,12823.740234375
2025-08-01,12729.400390625
2025-08-04,12684.0400390625
2025-08-05,12877.0400390625
2025-08-06,12880.16015625
2025-08-07,12887.099609375
2025-08-08,12844.6298828125
2025-08-11,12911.8603515625
2025-08-12,12759.6796875
2025-08-13,12766.5400390625
2025-08-14,12834.080078125
2025-08-15,12889.3798828125
2025-08-18,12970.6396484375
2025-08-19,12928.6796875
2025-08-20,13071.2998046875
2025-08-21,13194.0703125
2025-08-22,13042.759765625
2025-08-25,13079.5
2025-08-26,12957.98046875
2025-08-27,12861.83984375
2025-08-28,12903.080078125
2025-08-29,12930.73046875
2025-09-01,13070.4501953125
2025-09-02,13110.8203125
2025-09-03,13074.8095703125
2025-09-04,13133.2001953125
2025-09-05,13223.5302734375
2025-09-08,13281.1396484375
2025-09-09,13253.73046875
2025-09-10,13276.240234375
2025-09-11,13229.150390625
2025-09-12,13227.900390625
2025-09-15,13208.3095703125
2025-09-16,13234.8896484375
2025-09-17,13228.3798828125
2025-09-18,13120.0302734375
2025-09-19,13231.66015625
2025-09-22,13141.5400390625
2025-09-23,13136.5400390625
2025-09-24,13181.3095703125
2025-09-25,13153.7900390625
2025-09-26,13111.73046875
2025-09-29,13132.5595703125
2025-09-30,13292.3603515625
2025-10-01,13433.990234375
2025-10-02,13451.759765625
2025-10-03,13514.08984375
2025-10-06,13500.150390625
2025-10-07,13531.2900390625
2025-10-08,13568.48046875
2025-10-09,13570.8603515625
2025-10-10,13467.259765625
2025-10-13,13351.919921875
2025-10-14,13276.990234375
2025-10-15,13286.0
2025-10-16,13389.099609375
2025-10-17,13289.2099609375
2025-10-20,13344.9599609375
2025-10-21,13291.8095703125
2025-10-22,13306.4404296875
2025-10-23,13377.099609375
2025-10-24,13391.58984375
2025-10-28,13413.98046875
2025-10-29,13409.2099609375
2025-10-30,13459.2900390625
2025-10-31,13548.3203125
2025-11-03,13562.2900390625
2025-11-04,13569.4697265625
2025-11-05,13625.1396484375
2025-11-06,13576.8095703125
2025-11-07,13599.2099609375
2025-11-10,13569.01953125
2025-11-11,13570.08984375
2025-11-12,13681.5498046875
2025-11-13,13540.080078125
2025-11-14,13464.4599609375
2025-11-17,13463.76953125
2025-11-18,13355.26953125
2025-11-19,13377.6298828125
2025-11-20,13296.0498046875
2025-11-21,13419.400390625
2025-11-24,13518.6201171875
2025-11-25,13572.01953125
2025-11-26,13576.759765625
2025-11-27,13434.5
2025-11-28,13489.150390625
2025-12-01,13462.1298828125
2025-12-02,13482.4404296875
2025-12-03,13553.66015625
2025-12-04,13462.1796875
2025-12-05,13483.990234375
2025-12-08,13508.080078125
2025-12-09,13424.6201171875
2025-12-10,13415.7900390625
2025-12-11,13437.4697265625
2025-12-12,13406.91015625
2025-12-15,13401.91015625
2025-12-16,13396.3095703125
2025-12-17,13290.0595703125
2025-12-18,13359.0703125
2025-12-19,13333.400390625
2025-12-22,13536.7900390625
2025-12-23,13543.6904296875
2025-12-24,13529.0595703125
2025-12-29,13540.91015625
2025-12-30,13548.9697265625
2025-12-31,13548.419921875
2026-01-05,13570.150390625
2026-01-06,13662.51953125
2026-01-07,13668.9599609375
2026-01-08,13732.48046875
2026-01-09,13696.25
2026-01-12,13691.2099609375
2026-01-13,13597.759765625
2026-01-14,13722.1298828125
2026-01-15,13715.9296875
2026-01-16,13718.099609375
2026-01-19,13580.7001953125
2026-01-20,13479.7900390625
2026-01-21,13466.5
2026-01-22,13511.23046875
2026-01-23,13448.240234375
2026-01-26,13428.8203125
2026-01-27,13499.099609375
2026-01-28,13414.1796875
2026-01-29,13339.76953125
2026-01-30,13423.1796875
2026-02-02,13451.2998046875
2026-02-03,13306.1796875
2026-02-04,13425.0
2026-02-05,13444.01953125
2026-02-09,13433.1298828125
2026-02-10,13460.7802734375
2026-02-11,13534.8896484375
2026-02-12,13463.6103515625
2026-02-13,13198.1796875
2026-02-16,13091.6201171875
2026-02-17,13094.5
2026-02-18,13277.0302734375
2026-02-19,13404.759765625
2026-02-20,13308.51953125
2026-02-23,13382.7099609375
2026-02-24,13556.849609375
2026-02-25,13517.48046875
2026-02-26,13646.7802734375
2026-02-27,13722.9697265625
2026-03-02,13599.25
2026-03-03,13513.48046875
2026-03-04,13579.830078125
2026-03-05,13543.3701171875
2026-03-06,13519.349609375
2026-03-09,13098.830078125
2026-03-10,13094.3701171875
2026-03-11,13293.1298828125
2026-03-12,13199.2900390625
2026-03-13,13187.33984375
2026-03-16,13164.580078125
2026-03-17,13182.23046875
2026-03-18,13315.599609375
2026-03-19,13051.6103515625
2026-03-20,12989.990234375
2026-03-23,12899.7197265625
2026-03-24,12701.75
2026-03-25,12929.2998046875
2026-03-26,12976.990234375
2026-03-27,12935.3896484375
2026-03-30,12748.919921875
2026-03-31,12912.1103515625
2026-04-01,12825.8701171875
2026-04-02,12902.150390625
2026-04-07,13069.66015625
2026-04-08,13253.9404296875
2026-04-09,13273.8095703125
2026-04-10,13181.4404296875
2026-04-13,13020.1796875
2026-04-14,13017.259765625
2026-04-15,13076.580078125
2026-04-16,13066.0595703125
2026-04-17,12905.669921875
2026-04-20,12915.4501953125
2026-04-21,12932.330078125
2026-04-22,12945.599609375
2026-04-23,12884.9296875
2026-04-24,12874.9404296875
2026-04-28,12764.400390625
2026-04-29,12770.2998046875
2026-04-30,12903.3095703125
2026-05-01,13039.2001953125
2026-05-04,13024.25
2026-05-05,13035.7001953125
2026-05-06,13145.1904296875
2026-05-07,13270.6103515625
2026-05-08,13175.1298828125
2026-05-11,13210.48046875
2026-05-12,13080.330078125
2026-05-13,13063.0595703125
2026-05-14,13025.0703125
2026-05-15,12965.009765625
2026-05-18,12762.919921875
2026-05-19,12974.3203125
2026-05-20,12761.0302734375
2026-05-21,12878.0703125
2026-05-22,12991.3095703125
2026-05-25,12970.2802734375
2026-05-26,13069.740234375
2026-05-27,13227.8095703125
2026-05-28,13206.1103515625
2026-05-29,13244.5498046875
2026-06-02,13170.7099609375
2026-06-03,13115.080078125
2026-06-04,13101.6103515625
2026-06-05,13161.9697265625
2026-06-08,13038.240234375
2026-06-09,13204.080078125
2026-06-10,13253.650390625
2026-06-11,13202.16015625
2026-06-12,13393.8701171875
