date,price
1987-12-28,824.4000244140625
1987-12-29,810.9000244140625
1987-12-30,823.2000122070312
1988-01-04,833.5999755859375
1988-01-05,879.2999877929688
1988-01-06,906.0
1988-01-07,911.5
1988-01-08,895.2999877929688
1988-01-11,849.0999755859375
1988-01-12,870.5
1988-01-13,853.9000244140625
1988-01-14,861.5999755859375
1988-01-15,869.7999877929688
1988-01-18,917.5999755859375
1988-01-19,912.2000122070312
1988-01-20,924.0999755859375
1988-01-21,909.5999755859375
1988-01-22,904.2000122070312
1988-01-25,908.9000244140625
1988-01-26,907.4000244140625
1988-01-27,897.4000244140625
1988-01-28,903.7000122070312
1988-01-29,908.9000244140625
1988-02-01,892.0
1988-02-02,888.2000122070312
1988-02-03,895.5
1988-02-04,882.0999755859375
1988-02-05,869.9000244140625
1988-02-08,859.2000122070312
1988-02-09,851.7999877929688
1988-02-10,857.7000122070312
1988-02-11,866.7000122070312
1988-02-12,873.2000122070312
1988-02-15,882.0999755859375
1988-02-16,886.5999755859375
1988-02-19,890.0
1988-02-22,901.7000122070312
1988-02-23,894.2000122070312
1988-02-24,892.4000244140625
1988-02-25,889.2000122070312
1988-02-26,888.2000122070312
1988-02-29,888.7999877929688
1988-03-01,890.2999877929688
1988-03-02,892.2999877929688
1988-03-03,912.4000244140625
1988-03-04,920.5999755859375
1988-03-07,915.7000122070312
1988-03-08,917.5999755859375
1988-03-09,932.2999877929688
1988-03-10,938.4000244140625
1988-03-11,940.5999755859375
1988-03-14,948.0
1988-03-15,944.0999755859375
1988-03-16,946.5
1988-03-17,958.7000122070312
1988-03-18,959.7999877929688
1988-03-21,969.5
1988-03-22,957.9000244140625
1988-03-23,961.5
1988-03-24,958.5
1988-03-25,945.5999755859375
1988-03-28,925.2000122070312
1988-03-29,919.4000244140625
1988-03-30,930.0999755859375
1988-03-31,925.7999877929688
1988-04-05,926.7999877929688
1988-04-06,935.0
1988-04-07,946.0
1988-04-08,943.0
1988-04-11,946.5
1988-04-12,946.0999755859375
1988-04-13,955.4000244140625
1988-04-14,957.0999755859375
1988-04-15,933.4000244140625
1988-04-18,930.7000122070312
1988-04-19,930.9000244140625
1988-04-20,938.5
1988-04-21,944.5
1988-04-22,955.7999877929688
1988-04-25,959.5999755859375
1988-04-26,956.4000244140625
1988-04-27,957.0
1988-04-28,961.5
1988-04-29,965.4000244140625
1988-05-03,968.9000244140625
1988-05-04,972.7000122070312
1988-05-05,975.7999877929688
1988-05-06,976.0999755859375
1988-05-09,971.9000244140625
1988-05-10,966.7999877929688
1988-05-11,966.2999877929688
1988-05-12,964.5
1988-05-13,970.2000122070312
1988-05-16,970.7000122070312
1988-05-18,975.0
1988-05-19,964.2999877929688
1988-05-20,965.2999877929688
1988-05-23,956.0
1988-05-24,957.0
1988-05-25,969.4000244140625
1988-05-26,977.0999755859375
1988-05-27,983.4000244140625
1988-05-31,999.2999877929688
1988-06-01,1006.4000244140625
1988-06-02,1020.9000244140625
1988-06-03,1023.9000244140625
1988-06-06,1035.0999755859375
1988-06-07,1031.199951171875
1988-06-08,1040.5
1988-06-09,1042.5999755859375
1988-06-10,1046.4000244140625
1988-06-15,1066.5
1988-06-16,1069.4000244140625
1988-06-20,1072.300048828125
1988-06-21,1058.0999755859375
1988-06-22,1072.0
1988-06-23,1083.4000244140625
1988-06-24,1082.699951171875
1988-06-27,1078.0
1988-06-28,1079.5999755859375
1988-06-29,1085.4000244140625
1988-06-30,1093.199951171875
1988-07-01,1105.4000244140625
1988-07-04,1094.5
1988-07-05,1095.699951171875
1988-07-06,1091.9000244140625
1988-07-07,1079.4000244140625
1988-07-11,1095.9000244140625
1988-07-12,1107.0999755859375
1988-07-13,1109.199951171875
1988-07-14,1118.4000244140625
1988-07-15,1131.0
1988-07-18,1146.5999755859375
1988-07-19,1136.199951171875
1988-07-20,1145.5
1988-07-21,1152.5
1988-07-22,1142.800048828125
1988-07-26,1132.5
1988-07-27,1136.300048828125
1988-07-28,1136.5999755859375
1988-07-29,1143.4000244140625
1988-08-01,1162.5999755859375
1988-08-02,1160.800048828125
1988-08-03,1170.199951171875
1988-08-04,1165.5999755859375
1988-08-05,1172.0999755859375
1988-08-08,1177.9000244140625
1988-08-11,1135.300048828125
1988-08-12,1132.0999755859375
1988-08-15,1122.800048828125
1988-08-16,1120.9000244140625
1988-08-17,1120.300048828125
1988-08-18,1096.4000244140625
1988-08-19,1081.5
1988-08-22,1075.699951171875
1988-08-23,1067.0
1988-08-24,1065.0
1988-08-25,1070.9000244140625
1988-08-26,1044.800048828125
1988-08-29,1020.2999877929688
1988-08-30,1020.2000122070312
1988-08-31,1036.5999755859375
1988-09-01,1031.800048828125
1988-09-02,1049.300048828125
1988-09-05,1067.0
1988-09-06,1062.300048828125
1988-09-07,1063.199951171875
1988-09-08,1066.5999755859375
1988-09-09,1063.5
1988-09-12,1065.5
1988-09-13,1062.9000244140625
1988-09-14,1067.5
1988-09-15,1070.0
1988-09-16,1064.9000244140625
1988-09-19,1062.5
1988-09-20,1040.0
1988-09-21,1046.5
1988-09-22,1045.9000244140625
1988-09-23,1033.699951171875
1988-09-26,1023.0999755859375
1988-09-27,1022.2999877929688
1988-09-28,1030.300048828125
1988-09-29,1030.699951171875
1988-09-30,1035.0
1988-10-03,1023.0999755859375
1988-10-04,1005.2999877929688
1988-10-05,993.2000122070312
1988-10-06,997.7000122070312
1988-10-07,1003.2999877929688
1988-10-10,1015.9000244140625
1988-10-11,1018.5
1988-10-12,1004.2000122070312
1988-10-13,997.2000122070312
1988-10-14,994.5999755859375
1988-10-17,1003.0999755859375
1988-10-18,1016.4000244140625
1988-10-19,1019.2000122070312
1988-10-20,1022.2999877929688
1988-10-21,1038.4000244140625
1988-10-24,1044.5
1988-10-25,1036.699951171875
1988-10-26,1043.199951171875
1988-10-27,1040.0999755859375
1988-10-28,1035.0
1988-10-31,1039.300048828125
1988-11-01,1032.699951171875
1988-11-02,1030.0999755859375
1988-11-03,1030.199951171875
1988-11-04,1028.5
1988-11-07,1023.2999877929688
1988-11-09,1026.5
1988-11-10,1014.0999755859375
1988-11-11,1015.0
1988-11-14,1002.7000122070312
1988-11-15,997.7999877929688
1988-11-16,998.5999755859375
1988-11-17,991.2000122070312
1988-11-18,991.4000244140625
1988-11-21,992.7999877929688
1988-11-22,999.5
1988-11-23,1008.2000122070312
1988-11-24,1012.2000122070312
1988-11-25,1011.2999877929688
1988-11-28,1002.5999755859375
1988-11-29,1003.4000244140625
1988-11-30,1005.5
1988-12-01,1003.5
1988-12-02,999.4000244140625
1988-12-05,993.2000122070312
1988-12-06,996.0999755859375
1988-12-07,999.0
1988-12-08,1002.7999877929688
1988-12-09,1002.2999877929688
1988-12-12,1001.2000122070312
1988-12-13,1002.5
1988-12-14,1001.2999877929688
1988-12-15,1003.2999877929688
1988-12-16,1002.5999755859375
1988-12-19,1007.9000244140625
1988-12-20,1014.7999877929688
1988-12-21,1014.4000244140625
1988-12-22,1016.0999755859375
1988-12-23,1024.800048828125
1988-12-27,1036.5
1988-12-28,1042.800048828125
1988-12-29,1044.199951171875
1988-12-30,1038.5999755859375
1989-01-03,1034.199951171875
1989-01-04,1030.699951171875
1989-01-05,1034.0999755859375
1989-01-06,1043.300048828125
1989-01-09,1072.0
1989-01-10,1083.5
1989-01-11,1085.5999755859375
1989-01-12,1095.300048828125
1989-01-13,1099.199951171875
1989-01-16,1107.9000244140625
1989-01-17,1104.800048828125
1989-01-18,1094.4000244140625
1989-01-19,1099.699951171875
1989-01-20,1095.300048828125
1989-01-23,1096.0
1989-01-24,1087.699951171875
1989-01-25,1101.4000244140625
1989-01-26,1108.699951171875
1989-01-27,1115.5
1989-01-30,1134.800048828125
1989-01-31,1133.300048828125
1989-02-01,1137.0
1989-02-02,1128.300048828125
1989-02-03,1143.4000244140625
1989-02-08,1151.199951171875
1989-02-09,1156.4000244140625
1989-02-10,1156.0
1989-02-13,1139.699951171875
1989-02-14,1120.199951171875
1989-02-15,1122.5999755859375
1989-02-16,1129.800048828125
1989-02-17,1129.9000244140625
1989-02-20,1132.800048828125
1989-02-21,1131.5
1989-02-22,1138.800048828125
1989-02-23,1134.5
1989-02-24,1135.199951171875
1989-02-27,1120.199951171875
1989-02-28,1108.300048828125
1989-03-01,1105.800048828125
1989-03-02,1105.5
1989-03-03,1118.4000244140625
1989-03-06,1119.9000244140625
1989-03-07,1132.4000244140625
1989-03-08,1137.0
1989-03-09,1150.800048828125
1989-03-10,1154.9000244140625
1989-03-13,1160.4000244140625
1989-03-14,1167.0
1989-03-15,1179.9000244140625
1989-03-16,1185.800048828125
1989-03-17,1187.5
1989-03-20,1169.0999755859375
1989-03-21,1175.5
1989-03-22,1183.4000244140625
1989-03-23,1180.699951171875
1989-03-27,1183.9000244140625
1989-03-28,1188.5
1989-03-29,1194.5999755859375
1989-03-30,1188.800048828125
1989-03-31,1189.800048828125
1989-04-03,1187.300048828125
1989-04-04,1193.300048828125
1989-04-05,1191.300048828125
1989-04-06,1192.5
1989-04-07,1186.699951171875
1989-04-10,1192.0
1989-04-11,1201.4000244140625
1989-04-12,1219.0
1989-04-13,1241.300048828125
1989-04-14,1244.300048828125
1989-04-17,1258.300048828125
1989-04-18,1257.5999755859375
1989-04-19,1256.9000244140625
1989-04-20,1250.0
1989-04-21,1244.300048828125
1989-04-24,1247.199951171875
1989-04-25,1246.0999755859375
1989-04-26,1250.300048828125
1989-04-27,1253.199951171875
1989-04-28,1259.4000244140625
1989-05-02,1266.0
1989-05-03,1284.9000244140625
1989-05-04,1283.5
1989-05-05,1282.5
1989-05-09,1280.5999755859375
1989-05-10,1280.699951171875
1989-05-11,1287.300048828125
1989-05-12,1285.0999755859375
1989-05-15,1295.4000244140625
1989-05-16,1303.5
1989-05-17,1310.0
1989-05-18,1309.699951171875
1989-05-22,1292.699951171875
1989-05-23,1291.9000244140625
1989-05-24,1280.5999755859375
1989-05-25,1257.699951171875
1989-05-26,1269.5999755859375
1989-05-29,1265.5
1989-05-30,1278.199951171875
1989-05-31,1279.199951171875
1989-06-01,1279.199951171875
1989-06-02,1305.199951171875
1989-06-05,1271.4000244140625
1989-06-06,1233.0999755859375
1989-06-07,1226.699951171875
1989-06-08,1207.0999755859375
1989-06-09,1241.199951171875
1989-06-12,1208.699951171875
1989-06-13,1283.800048828125
1989-06-14,1298.5
1989-06-15,1288.300048828125
1989-06-16,1296.5
1989-06-19,1304.4000244140625
1989-06-20,1303.0999755859375
1989-06-21,1302.300048828125
1989-06-22,1294.4000244140625
1989-06-23,1290.300048828125
1989-06-26,1287.5999755859375
1989-06-27,1291.5999755859375
1989-06-28,1308.4000244140625
1989-06-29,1315.300048828125
1989-06-30,1307.699951171875
1989-07-03,1298.0999755859375
1989-07-04,1303.800048828125
1989-07-05,1305.0
1989-07-06,1318.5999755859375
1989-07-07,1335.699951171875
1989-07-10,1345.4000244140625
1989-07-11,1346.199951171875
1989-07-12,1353.699951171875
1989-07-14,1363.5
1989-07-17,1359.0
1989-07-18,1361.5999755859375
1989-07-19,1369.0
1989-07-20,1365.4000244140625
1989-07-21,1361.9000244140625
1989-07-24,1358.9000244140625
1989-07-25,1371.4000244140625
1989-07-26,1370.4000244140625
1989-07-27,1366.4000244140625
1989-07-28,1370.0999755859375
1989-07-31,1372.300048828125
1989-08-01,1367.0999755859375
1989-08-02,1362.300048828125
1989-08-03,1359.699951171875
1989-08-04,1349.199951171875
1989-08-07,1351.699951171875
1989-08-08,1361.800048828125
1989-08-10,1379.9000244140625
1989-08-11,1377.4000244140625
1989-08-14,1380.0
1989-08-15,1371.5999755859375
1989-08-16,1377.300048828125
1989-08-17,1375.5999755859375
1989-08-18,1381.5
1989-08-21,1387.0
1989-08-22,1370.9000244140625
1989-08-23,1376.699951171875
1989-08-24,1357.300048828125
1989-08-25,1355.199951171875
1989-08-28,1346.0
1989-08-29,1342.5
1989-08-30,1350.199951171875
1989-08-31,1356.0
1989-09-01,1363.699951171875
1989-09-04,1382.300048828125
1989-09-05,1388.0999755859375
1989-09-06,1396.699951171875
1989-09-07,1406.5999755859375
1989-09-08,1419.699951171875
1989-09-11,1414.300048828125
1989-09-12,1413.4000244140625
1989-09-13,1420.5
1989-09-14,1411.300048828125
1989-09-15,1411.800048828125
1989-09-18,1404.5
1989-09-19,1399.300048828125
1989-09-20,1395.0
1989-09-21,1397.4000244140625
1989-09-22,1392.800048828125
1989-09-25,1385.5
1989-09-26,1387.5999755859375
1989-09-27,1379.0
1989-09-28,1371.4000244140625
1989-09-29,1375.300048828125
1989-10-02,1375.300048828125
1989-10-03,1388.300048828125
1989-10-04,1408.300048828125
1989-10-05,1405.0
1989-10-06,1420.5999755859375
1989-10-09,1420.199951171875
1989-10-10,1420.9000244140625
1989-10-11,1429.0
1989-10-12,1431.9000244140625
1989-10-13,1427.9000244140625
1989-10-16,1285.0
1989-10-17,1341.800048828125
1989-10-18,1310.199951171875
1989-10-19,1337.0999755859375
1989-10-20,1345.5999755859375
1989-10-23,1365.0
1989-10-24,1358.4000244140625
1989-10-25,1333.300048828125
1989-10-26,1330.4000244140625
1989-10-27,1319.300048828125
1989-10-30,1302.800048828125
1989-10-31,1332.4000244140625
1989-11-01,1335.199951171875
1989-11-02,1336.199951171875
1989-11-03,1330.800048828125
1989-11-06,1322.800048828125
1989-11-07,1320.800048828125
1989-11-08,1321.300048828125
1989-11-09,1325.199951171875
1989-11-10,1332.0
1989-11-13,1336.4000244140625
1989-11-14,1333.300048828125
1989-11-15,1333.699951171875
1989-11-16,1335.5999755859375
1989-11-17,1337.699951171875
1989-11-20,1345.300048828125
1989-11-21,1349.4000244140625
1989-11-22,1361.699951171875
1989-11-23,1378.0999755859375
1989-11-24,1385.300048828125
1989-11-27,1393.699951171875
1989-11-28,1404.0999755859375
1989-11-29,1410.0999755859375
1989-11-30,1411.300048828125
1989-12-01,1408.5
1989-12-04,1426.0999755859375
1989-12-05,1431.4000244140625
1989-12-06,1443.300048828125
1989-12-07,1445.5
1989-12-08,1445.0
1989-12-11,1448.5
1989-12-12,1454.800048828125
1989-12-13,1464.300048828125
1989-12-14,1468.0
1989-12-15,1468.5999755859375
1989-12-18,1460.0
1989-12-19,1452.199951171875
1989-12-20,1459.9000244140625
1989-12-21,1472.4000244140625
1989-12-22,1484.5999755859375
1989-12-26,1484.5999755859375
1989-12-27,1483.4000244140625
1989-12-28,1484.5
1989-12-29,1481.300048828125
1990-01-02,1499.5
1990-01-03,1522.0
1990-01-04,1534.199951171875
1990-01-05,1531.5
1990-01-08,1547.199951171875
1990-01-09,1556.5
1990-01-10,1569.5
1990-01-11,1566.0999755859375
1990-01-12,1559.199951171875
1990-01-15,1525.5
1990-01-16,1512.5
1990-01-17,1533.0
1990-01-18,1532.800048828125
1990-01-19,1527.199951171875
1990-01-22,1535.4000244140625
1990-01-23,1520.699951171875
1990-01-24,1495.300048828125
1990-01-25,1496.5999755859375
1990-01-26,1489.5
1990-01-30,1518.0999755859375
1990-01-31,1515.0
1990-02-01,1528.800048828125
1990-02-02,1549.0999755859375
1990-02-05,1576.199951171875
1990-02-06,1582.699951171875
1990-02-07,1584.5999755859375
1990-02-08,1588.800048828125
1990-02-09,1581.5
1990-02-12,1593.800048828125
1990-02-13,1575.9000244140625
1990-02-14,1564.699951171875
1990-02-15,1579.4000244140625
1990-02-16,1584.800048828125
1990-02-19,1593.199951171875
1990-02-20,1595.4000244140625
1990-02-21,1544.4000244140625
1990-02-22,1562.5
1990-02-23,1549.0
1990-02-26,1506.5999755859375
1990-02-27,1535.0999755859375
1990-02-28,1550.0999755859375
1990-03-01,1546.0999755859375
1990-03-02,1551.5
1990-03-05,1552.5
1990-03-06,1552.5999755859375
1990-03-07,1568.9000244140625
1990-03-08,1576.0
1990-03-09,1586.199951171875
1990-03-12,1582.0999755859375
1990-03-13,1565.699951171875
1990-03-14,1564.800048828125
1990-03-15,1569.0
1990-03-16,1571.0
1990-03-19,1562.9000244140625
1990-03-20,1564.0999755859375
1990-03-21,1572.199951171875
1990-03-22,1569.9000244140625
1990-03-23,1585.4000244140625
1990-03-26,1604.0999755859375
1990-03-27,1607.0999755859375
1990-03-28,1605.199951171875
1990-03-29,1594.199951171875
1990-03-30,1581.0999755859375
1990-04-02,1549.199951171875
1990-04-03,1555.9000244140625
1990-04-04,1543.0
1990-04-05,1528.4000244140625
1990-04-06,1508.300048828125
1990-04-09,1505.800048828125
1990-04-10,1509.5999755859375
1990-04-11,1522.5
1990-04-12,1525.199951171875
1990-04-16,1531.0
1990-04-17,1526.5999755859375
1990-04-18,1534.0999755859375
1990-04-19,1529.0
1990-04-20,1520.5999755859375
1990-04-23,1504.5999755859375
1990-04-24,1479.0
1990-04-25,1467.800048828125
1990-04-27,1470.4000244140625
1990-04-30,1458.4000244140625
1990-05-02,1458.800048828125
1990-05-03,1465.9000244140625
1990-05-04,1479.9000244140625
1990-05-07,1514.5
1990-05-08,1516.4000244140625
1990-05-10,1523.300048828125
1990-05-11,1532.300048828125
1990-05-14,1536.0999755859375
1990-05-15,1530.9000244140625
1990-05-16,1524.4000244140625
1990-05-17,1528.9000244140625
1990-05-18,1552.9000244140625
1990-05-21,1571.0
1990-05-22,1578.5999755859375
1990-05-23,1573.0
1990-05-24,1568.300048828125
1990-05-25,1565.4000244140625
1990-05-28,1557.300048828125
1990-05-29,1558.199951171875
1990-05-30,1557.4000244140625
1990-05-31,1553.5999755859375
1990-06-01,1555.800048828125
1990-06-04,1552.5
1990-06-05,1550.699951171875
1990-06-06,1550.9000244140625
1990-06-07,1553.0999755859375
1990-06-08,1568.0999755859375
1990-06-11,1556.9000244140625
1990-06-12,1540.800048828125
1990-06-13,1535.0999755859375
1990-06-14,1531.0999755859375
1990-06-15,1531.300048828125
1990-06-18,1545.699951171875
1990-06-19,1534.9000244140625
1990-06-20,1535.9000244140625
1990-06-21,1533.5999755859375
1990-06-22,1532.9000244140625
1990-06-25,1522.5999755859375
1990-06-26,1523.5999755859375
1990-06-27,1533.300048828125
1990-06-28,1531.699951171875
1990-06-29,1527.0
1990-07-02,1524.4000244140625
1990-07-03,1524.4000244140625
1990-07-04,1528.300048828125
1990-07-05,1533.5
1990-07-06,1536.0
1990-07-09,1532.5
1990-07-10,1523.5
1990-07-11,1523.699951171875
1990-07-12,1532.9000244140625
1990-07-13,1564.4000244140625
1990-07-16,1575.9000244140625
1990-07-17,1571.0
1990-07-18,1565.9000244140625
1990-07-19,1567.5999755859375
1990-07-20,1562.5999755859375
1990-07-23,1566.4000244140625
1990-07-24,1554.0999755859375
1990-07-25,1561.199951171875
1990-07-26,1558.0999755859375
1990-07-27,1565.5
1990-07-30,1557.0999755859375
1990-07-31,1554.800048828125
1990-08-01,1557.800048828125
1990-08-02,1532.5
1990-08-03,1511.0999755859375
1990-08-06,1415.0
1990-08-07,1360.5
1990-08-08,1375.699951171875
1990-08-10,1343.699951171875
1990-08-13,1288.9000244140625
1990-08-14,1294.699951171875
1990-08-15,1330.4000244140625
1990-08-16,1329.4000244140625
1990-08-17,1314.0999755859375
1990-08-20,1280.699951171875
1990-08-21,1248.9000244140625
1990-08-22,1182.0
1990-08-23,1127.9000244140625
1990-08-24,1158.0999755859375
1990-08-27,1198.199951171875
1990-08-28,1217.0999755859375
1990-08-29,1214.5999755859375
1990-08-30,1259.5999755859375
1990-08-31,1277.9000244140625
1990-09-03,1265.5999755859375
1990-09-04,1252.800048828125
1990-09-05,1258.0
1990-09-06,1246.5999755859375
1990-09-07,1238.300048828125
1990-09-10,1246.5
1990-09-11,1243.199951171875
1990-09-12,1248.699951171875
1990-09-13,1241.800048828125
1990-09-14,1226.800048828125
1990-09-17,1196.699951171875
1990-09-18,1179.0
1990-09-19,1172.5
1990-09-20,1166.300048828125
1990-09-21,1148.4000244140625
1990-09-24,1132.699951171875
1990-09-25,1113.199951171875
1990-09-26,1104.199951171875
1990-09-27,1107.0999755859375
1990-09-28,1098.699951171875
1990-10-01,1103.4000244140625
1990-10-02,1137.199951171875
1990-10-03,1119.300048828125
1990-10-04,1117.5999755859375
1990-10-05,1113.9000244140625
1990-10-08,1110.0
1990-10-09,1105.300048828125
1990-10-10,1090.0999755859375
1990-10-11,1079.5
1990-10-12,1094.4000244140625
1990-10-15,1098.4000244140625
1990-10-16,1101.800048828125
1990-10-18,1111.5
1990-10-19,1139.9000244140625
1990-10-22,1173.199951171875
1990-10-23,1209.9000244140625
1990-10-24,1211.0
1990-10-25,1209.5
1990-10-26,1175.0
1990-10-29,1177.0999755859375
1990-10-30,1164.800048828125
1990-10-31,1154.0
1990-11-01,1133.699951171875
1990-11-02,1131.0999755859375
1990-11-05,1132.9000244140625
1990-11-06,1120.300048828125
1990-11-07,1108.5
1990-11-08,1095.5999755859375
1990-11-09,1088.5
1990-11-12,1102.9000244140625
1990-11-13,1116.699951171875
1990-11-14,1114.800048828125
1990-11-15,1116.4000244140625
1990-11-16,1118.4000244140625
1990-11-19,1122.800048828125
1990-11-20,1127.0
1990-11-21,1127.0
1990-11-22,1127.5999755859375
1990-11-23,1128.800048828125
1990-11-26,1121.199951171875
1990-11-27,1118.300048828125
1990-11-28,1115.800048828125
1990-11-29,1109.4000244140625
1990-11-30,1106.5999755859375
1990-12-03,1125.5999755859375
1990-12-04,1121.300048828125
1990-12-05,1124.199951171875
1990-12-06,1153.0
1990-12-07,1197.5999755859375
1990-12-10,1179.9000244140625
1990-12-11,1176.699951171875
1990-12-12,1184.699951171875
1990-12-13,1195.199951171875
1990-12-14,1188.300048828125
1990-12-17,1171.5999755859375
1990-12-18,1174.4000244140625
1990-12-19,1173.5999755859375
1990-12-20,1177.5999755859375
1990-12-21,1172.0
1990-12-27,1160.5
1990-12-28,1154.800048828125
1991-01-02,1153.5
1991-01-03,1164.9000244140625
1991-01-04,1180.5
1991-01-07,1174.699951171875
1991-01-08,1160.5999755859375
1991-01-09,1167.300048828125
1991-01-10,1166.300048828125
1991-01-11,1175.300048828125
1991-01-14,1177.5
1991-01-15,1160.5
1991-01-16,1149.0999755859375
1991-01-17,1211.5
1991-01-18,1213.5999755859375
1991-01-21,1205.4000244140625
1991-01-22,1209.800048828125
1991-01-23,1200.300048828125
1991-01-24,1209.300048828125
1991-01-25,1238.800048828125
1991-01-28,1260.800048828125
1991-01-29,1250.5
1991-01-30,1248.4000244140625
1991-01-31,1267.300048828125
1991-02-01,1267.699951171875
1991-02-04,1273.699951171875
1991-02-05,1287.0
1991-02-06,1286.199951171875
1991-02-07,1291.800048828125
1991-02-11,1302.0
1991-02-12,1318.800048828125
1991-02-13,1323.300048828125
1991-02-14,1338.699951171875
1991-02-15,1338.699951171875
1991-02-18,1378.0999755859375
1991-02-20,1397.4000244140625
1991-02-21,1387.300048828125
1991-02-25,1417.300048828125
1991-02-26,1432.5
1991-02-27,1443.4000244140625
1991-02-28,1459.5999755859375
1991-03-01,1463.0
1991-03-04,1472.9000244140625
1991-03-05,1484.699951171875
1991-03-06,1510.5999755859375
1991-03-07,1512.9000244140625
1991-03-08,1506.199951171875
1991-03-11,1488.5
1991-03-12,1477.5999755859375
1991-03-13,1485.199951171875
1991-03-14,1484.0
1991-03-15,1492.699951171875
1991-03-18,1486.0999755859375
1991-03-19,1484.800048828125
1991-03-20,1459.699951171875
1991-03-21,1463.9000244140625
1991-03-22,1477.4000244140625
1991-03-25,1479.0999755859375
1991-03-26,1465.9000244140625
1991-03-27,1472.5
1991-03-28,1490.800048828125
1991-04-02,1480.5
1991-04-03,1488.0
1991-04-04,1498.699951171875
1991-04-05,1502.4000244140625
1991-04-08,1492.199951171875
1991-04-09,1469.4000244140625
1991-04-10,1460.199951171875
1991-04-11,1471.0
1991-04-12,1481.699951171875
1991-04-15,1485.9000244140625
1991-04-17,1513.5
1991-04-18,1525.9000244140625
1991-04-19,1530.0999755859375
1991-04-22,1532.0999755859375
1991-04-23,1526.0999755859375
1991-04-24,1536.699951171875
1991-04-25,1553.9000244140625
1991-04-26,1558.4000244140625
1991-04-29,1558.5999755859375
1991-04-30,1553.9000244140625
1991-05-02,1557.199951171875
1991-05-03,1546.0
1991-05-06,1518.800048828125
1991-05-07,1525.0
1991-05-08,1523.199951171875
1991-05-09,1525.699951171875
1991-05-10,1532.300048828125
1991-05-13,1517.4000244140625
1991-05-14,1525.199951171875
1991-05-15,1513.4000244140625
1991-05-16,1503.0999755859375
1991-05-17,1513.800048828125
1991-05-20,1522.199951171875
1991-05-21,1518.0
1991-05-22,1525.0
1991-05-23,1532.4000244140625
1991-05-24,1547.5999755859375
1991-05-27,1541.5
1991-05-29,1549.5999755859375
1991-05-30,1546.300048828125
1991-05-31,1554.199951171875
1991-06-03,1565.5999755859375
1991-06-04,1557.800048828125
1991-06-05,1558.0999755859375
1991-06-06,1552.5
1991-06-07,1550.199951171875
1991-06-10,1529.5999755859375
1991-06-11,1538.300048828125
1991-06-13,1536.699951171875
1991-06-14,1527.5
1991-06-17,1534.0999755859375
1991-06-18,1523.300048828125
1991-06-19,1514.199951171875
1991-06-20,1502.5
1991-06-21,1499.0999755859375
1991-06-25,1491.9000244140625
1991-06-26,1502.5999755859375
1991-06-27,1494.0999755859375
1991-06-28,1489.9000244140625
1991-07-01,1498.300048828125
1991-07-02,1511.699951171875
1991-07-03,1470.0999755859375
1991-07-05,1476.699951171875
1991-07-08,1453.699951171875
1991-07-09,1463.9000244140625
1991-07-10,1476.199951171875
1991-07-11,1471.5
1991-07-12,1468.800048828125
1991-07-15,1463.800048828125
1991-07-16,1465.4000244140625
1991-07-17,1455.0
1991-07-18,1447.4000244140625
1991-07-19,1455.9000244140625
1991-07-22,1491.4000244140625
1991-07-23,1499.0999755859375
1991-07-24,1501.300048828125
1991-07-25,1500.800048828125
1991-07-26,1504.9000244140625
1991-07-29,1494.800048828125
1991-07-30,1486.300048828125
1991-07-31,1482.9000244140625
1991-08-01,1482.5999755859375
1991-08-02,1477.5999755859375
1991-08-05,1465.0
1991-08-06,1464.0
1991-08-07,1465.5999755859375
1991-08-08,1462.5999755859375
1991-08-12,1440.0999755859375
1991-08-13,1424.199951171875
1991-08-14,1434.0999755859375
1991-08-15,1417.800048828125
1991-08-16,1393.699951171875
1991-08-19,1309.199951171875
1991-08-20,1346.0999755859375
1991-08-21,1345.4000244140625
1991-08-22,1412.0
1991-08-23,1388.9000244140625
1991-08-26,1387.0
1991-08-27,1383.0999755859375
1991-08-28,1390.199951171875
1991-08-29,1407.5
1991-08-30,1432.199951171875
1991-09-02,1429.0
1991-09-03,1425.0
1991-09-04,1426.4000244140625
1991-09-05,1421.5
1991-09-06,1420.4000244140625
1991-09-09,1421.0
1991-09-10,1419.5
1991-09-11,1417.9000244140625
1991-09-12,1417.9000244140625
1991-09-13,1415.699951171875
1991-09-16,1404.699951171875
1991-09-17,1394.9000244140625
1991-09-18,1385.300048828125
1991-09-19,1384.800048828125
1991-09-20,1378.5999755859375
1991-09-23,1390.800048828125
1991-09-24,1381.199951171875
1991-09-25,1377.5
1991-09-27,1373.0999755859375
1991-09-30,1360.5999755859375
1991-10-02,1357.0
1991-10-03,1359.4000244140625
1991-10-04,1352.300048828125
1991-10-07,1345.300048828125
1991-10-08,1339.0999755859375
1991-10-09,1339.0
1991-10-10,1336.0
1991-10-11,1352.4000244140625
1991-10-14,1375.0
1991-10-16,1370.199951171875
1991-10-17,1376.4000244140625
1991-10-18,1378.0
1991-10-21,1387.800048828125
1991-10-22,1414.800048828125
1991-10-23,1424.5999755859375
1991-10-24,1419.4000244140625
1991-10-25,1408.4000244140625
1991-10-28,1402.5999755859375
1991-10-29,1405.800048828125
1991-10-30,1402.5
1991-10-31,1407.0999755859375
1991-11-01,1416.5
1991-11-04,1418.800048828125
1991-11-06,1443.800048828125
1991-11-07,1448.4000244140625
1991-11-08,1474.5
1991-11-11,1491.4000244140625
1991-11-12,1482.199951171875
1991-11-13,1472.4000244140625
1991-11-14,1475.300048828125
1991-11-15,1464.5
1991-11-18,1420.199951171875
1991-11-19,1440.0
1991-11-20,1443.199951171875
1991-11-21,1450.0999755859375
1991-11-22,1455.0
1991-11-26,1449.4000244140625
1991-11-27,1456.4000244140625
1991-11-28,1449.199951171875
1991-11-29,1453.199951171875
1991-12-02,1439.0999755859375
1991-12-03,1440.4000244140625
1991-12-04,1438.4000244140625
1991-12-05,1437.4000244140625
1991-12-06,1430.5999755859375
1991-12-09,1430.699951171875
1991-12-10,1430.699951171875
1991-12-11,1422.699951171875
1991-12-12,1424.9000244140625
1991-12-13,1441.300048828125
1991-12-16,1459.4000244140625
1991-12-17,1453.5
1991-12-18,1438.199951171875
1991-12-19,1431.5999755859375
1991-12-20,1426.800048828125
1991-12-23,1430.5999755859375
1991-12-30,1477.0
1992-01-02,1479.4000244140625
1992-01-03,1480.9000244140625
1992-01-06,1500.5
1992-01-07,1501.0999755859375
1992-01-08,1494.5999755859375
1992-01-09,1490.5
1992-01-10,1488.0999755859375
1992-01-13,1483.300048828125
1992-01-14,1488.5999755859375
1992-01-15,1509.300048828125
1992-01-16,1529.0999755859375
1992-01-17,1532.5
1992-01-20,1525.4000244140625
1992-01-21,1535.9000244140625
1992-01-22,1541.300048828125
1992-01-23,1545.699951171875
1992-01-24,1542.300048828125
1992-01-27,1545.9000244140625
1992-01-28,1538.300048828125
1992-01-29,1532.800048828125
1992-01-30,1526.0
1992-01-31,1529.699951171875
1992-02-03,1526.0
1992-02-06,1530.9000244140625
1992-02-07,1526.300048828125
1992-02-10,1526.4000244140625
1992-02-11,1524.0
1992-02-12,1521.0999755859375
1992-02-13,1512.0999755859375
1992-02-14,1494.800048828125
1992-02-18,1501.800048828125
1992-02-19,1511.199951171875
1992-02-20,1513.300048828125
1992-02-21,1519.0999755859375
1992-02-24,1515.0
1992-02-25,1493.300048828125
1992-02-26,1484.4000244140625
1992-02-27,1471.9000244140625
1992-02-28,1477.4000244140625
1992-03-02,1460.5
1992-03-03,1452.5999755859375
1992-03-04,1459.9000244140625
1992-03-05,1456.800048828125
1992-03-06,1445.800048828125
1992-03-09,1429.699951171875
1992-03-10,1432.699951171875
1992-03-11,1447.699951171875
1992-03-12,1461.0
1992-03-13,1466.0999755859375
1992-03-16,1449.699951171875
1992-03-17,1445.4000244140625
1992-03-18,1441.800048828125
1992-03-19,1436.4000244140625
1992-03-20,1435.800048828125
1992-03-23,1435.699951171875
1992-03-24,1439.800048828125
1992-03-25,1449.699951171875
1992-03-26,1439.699951171875
1992-03-27,1438.800048828125
1992-03-30,1425.699951171875
1992-03-31,1414.300048828125
1992-04-01,1394.0999755859375
1992-04-02,1398.699951171875
1992-04-03,1387.0999755859375
1992-04-07,1385.699951171875
1992-04-08,1364.4000244140625
1992-04-09,1352.800048828125
1992-04-10,1380.0
1992-04-13,1373.9000244140625
1992-04-14,1490.699951171875
1992-04-15,1394.300048828125
1992-04-16,1410.5999755859375
1992-04-20,1412.800048828125
1992-04-21,1402.699951171875
1992-04-22,1403.0999755859375
1992-04-23,1402.300048828125
1992-04-24,1408.4000244140625
1992-04-27,1413.0999755859375
1992-04-28,1426.5999755859375
1992-04-29,1437.0
1992-04-30,1466.0
1992-05-04,1499.0
1992-05-05,1488.699951171875
1992-05-06,1473.300048828125
1992-05-07,1474.9000244140625
1992-05-08,1473.800048828125
1992-05-11,1459.0999755859375
1992-05-12,1458.5999755859375
1992-05-13,1461.5
1992-05-14,1472.800048828125
1992-05-15,1466.699951171875
1992-05-19,1469.800048828125
1992-05-20,1472.9000244140625
1992-05-21,1467.800048828125
1992-05-22,1471.0
1992-05-26,1494.300048828125
1992-05-27,1506.5
1992-05-28,1528.199951171875
1992-05-29,1524.699951171875
1992-06-01,1510.5
1992-06-02,1513.300048828125
1992-06-03,1513.699951171875
1992-06-04,1507.4000244140625
1992-06-05,1503.699951171875
1992-06-08,1500.5999755859375
1992-06-09,1492.0999755859375
1992-06-10,1511.4000244140625
1992-06-12,1516.9000244140625
1992-06-15,1519.9000244140625
1992-06-16,1519.9000244140625
1992-06-17,1517.4000244140625
1992-06-18,1506.0
1992-06-19,1499.0
1992-06-22,1488.800048828125
1992-06-23,1490.5999755859375
1992-06-24,1488.699951171875
1992-06-25,1501.4000244140625
1992-06-26,1492.699951171875
1992-06-29,1481.699951171875
1992-06-30,1481.0999755859375
1992-07-01,1491.199951171875
1992-07-02,1491.699951171875
1992-07-03,1484.0999755859375
1992-07-06,1480.5
1992-07-07,1480.9000244140625
1992-07-08,1473.5
1992-07-09,1481.0
1992-07-10,1487.0999755859375
1992-07-13,1482.9000244140625
1992-07-14,1483.800048828125
1992-07-15,1481.199951171875
1992-07-16,1462.5999755859375
1992-07-17,1451.0999755859375
1992-07-20,1445.800048828125
1992-07-21,1434.5
1992-07-22,1436.9000244140625
1992-07-23,1424.699951171875
1992-07-24,1401.300048828125
1992-07-27,1401.300048828125
1992-07-28,1412.5
1992-07-29,1429.5999755859375
1992-07-30,1449.0
1992-07-31,1451.800048828125
1992-08-03,1445.0
1992-08-04,1455.800048828125
1992-08-05,1442.0
1992-08-06,1416.800048828125
1992-08-07,1424.5999755859375
1992-08-11,1392.9000244140625
1992-08-12,1366.199951171875
1992-08-13,1374.800048828125
1992-08-14,1338.0
1992-08-17,1334.4000244140625
1992-08-18,1311.0
1992-08-19,1312.0999755859375
1992-08-20,1323.5999755859375
1992-08-21,1347.300048828125
1992-08-24,1330.800048828125
1992-08-25,1338.9000244140625
1992-08-26,1370.5
1992-08-27,1360.800048828125
1992-08-28,1359.300048828125
1992-08-31,1378.5
1992-09-01,1375.5
1992-09-02,1365.0999755859375
1992-09-03,1367.699951171875
1992-09-04,1364.9000244140625
1992-09-07,1365.5999755859375
1992-09-08,1377.199951171875
1992-09-09,1368.5
1992-09-10,1372.0999755859375
1992-09-11,1369.199951171875
1992-09-14,1380.4000244140625
1992-09-15,1383.4000244140625
1992-09-16,1367.800048828125
1992-09-17,1351.800048828125
1992-09-18,1341.9000244140625
1992-09-21,1337.5999755859375
1992-09-22,1329.800048828125
1992-09-23,1330.0999755859375
1992-09-24,1325.300048828125
1992-09-25,1339.800048828125
1992-09-28,1349.800048828125
1992-09-29,1353.800048828125
1992-09-30,1351.0
1992-10-01,1352.300048828125
1992-10-02,1344.5999755859375
1992-10-05,1339.5999755859375
1992-10-06,1332.5999755859375
1992-10-07,1331.699951171875
1992-10-08,1332.5
1992-10-09,1333.199951171875
1992-10-12,1326.5999755859375
1992-10-13,1332.9000244140625
1992-10-14,1333.9000244140625
1992-10-15,1337.5999755859375
1992-10-16,1334.0999755859375
1992-10-19,1328.4000244140625
1992-10-20,1332.4000244140625
1992-10-21,1332.699951171875
1992-10-22,1331.5
1992-10-23,1366.5
1992-10-27,1390.9000244140625
1992-10-28,1391.9000244140625
1992-10-29,1383.0
1992-10-30,1387.0
1992-11-02,1417.5
1992-11-03,1405.9000244140625
1992-11-04,1421.5
1992-11-05,1416.699951171875
1992-11-06,1413.0999755859375
1992-11-09,1415.9000244140625
1992-11-10,1438.0999755859375
1992-11-11,1441.9000244140625
1992-11-12,1441.0
1992-11-13,1446.800048828125
1992-11-16,1414.300048828125
1992-11-17,1433.699951171875
1992-11-18,1422.9000244140625
1992-11-19,1418.4000244140625
1992-11-20,1413.800048828125
1992-11-23,1419.199951171875
1992-11-24,1419.300048828125
1992-11-25,1419.800048828125
1992-11-26,1437.0
1992-11-27,1448.0
1992-11-30,1469.0999755859375
1992-12-01,1464.0999755859375
1992-12-02,1459.9000244140625
1992-12-03,1448.300048828125
1992-12-07,1440.0999755859375
1992-12-08,1434.0
1992-12-09,1446.699951171875
1992-12-10,1442.4000244140625
1992-12-11,1447.5999755859375
1992-12-14,1445.5
1992-12-15,1442.0999755859375
1992-12-16,1456.5999755859375
1992-12-17,1468.300048828125
1992-12-18,1491.800048828125
1992-12-21,1511.5
1992-12-22,1489.199951171875
1992-12-23,1486.0999755859375
1992-12-24,1488.9000244140625
1992-12-28,1503.699951171875
1992-12-29,1506.0
1992-12-30,1512.5
1992-12-31,1524.4000244140625
1993-01-04,1531.0999755859375
1993-01-05,1562.4000244140625
1993-01-06,1558.199951171875
1993-01-07,1555.699951171875
1993-01-08,1556.199951171875
1993-01-11,1544.0
1993-01-12,1545.0
1993-01-13,1532.9000244140625
1993-01-14,1558.4000244140625
1993-01-15,1572.4000244140625
1993-01-18,1577.0
1993-01-19,1573.0
1993-01-20,1578.199951171875
1993-01-21,1593.9000244140625
1993-01-22,1596.800048828125
1993-01-25,1596.800048828125
1993-01-26,1605.300048828125
1993-01-27,1603.0999755859375
1993-01-28,1598.199951171875
1993-01-29,1620.199951171875
1993-02-01,1644.4000244140625
1993-02-02,1645.699951171875
1993-02-03,1637.5999755859375
1993-02-04,1627.0999755859375
1993-02-05,1618.5999755859375
1993-02-08,1615.699951171875
1993-02-09,1624.5
1993-02-10,1625.9000244140625
1993-02-11,1621.5
1993-02-12,1613.5
1993-02-15,1618.5999755859375
1993-02-16,1629.4000244140625
1993-02-17,1616.5999755859375
1993-02-18,1632.0999755859375
1993-02-19,1639.0
1993-02-22,1639.9000244140625
1993-02-23,1661.300048828125
1993-02-24,1677.5999755859375
1993-02-25,1681.0
1993-02-26,1664.5
1993-03-01,1658.9000244140625
1993-03-02,1652.800048828125
1993-03-03,1652.0999755859375
1993-03-04,1658.5999755859375
1993-03-05,1657.4000244140625
1993-03-08,1661.0
1993-03-09,1657.699951171875
1993-03-10,1668.0
1993-03-11,1666.4000244140625
1993-03-12,1652.9000244140625
1993-03-15,1630.800048828125
1993-03-16,1649.4000244140625
1993-03-17,1662.5999755859375
1993-03-18,1668.800048828125
1993-03-19,1664.800048828125
1993-03-22,1652.300048828125
1993-03-23,1655.0
1993-03-24,1652.0999755859375
1993-03-26,1660.800048828125
1993-03-29,1670.699951171875
1993-03-30,1669.800048828125
1993-03-31,1668.300048828125
1993-04-01,1669.0999755859375
1993-04-02,1688.199951171875
1993-04-05,1700.800048828125
1993-04-06,1710.800048828125
1993-04-07,1721.199951171875
1993-04-08,1718.4000244140625
1993-04-12,1707.800048828125
1993-04-13,1693.5
1993-04-14,1708.5999755859375
1993-04-15,1731.4000244140625
1993-04-16,1763.4000244140625
1993-04-19,1772.0
1993-04-20,1763.0999755859375
1993-04-21,1770.0999755859375
1993-04-22,1773.199951171875
1993-04-23,1773.0999755859375
1993-04-26,1797.300048828125
1993-04-27,1786.5999755859375
1993-04-28,1779.9000244140625
1993-04-29,1779.199951171875
1993-04-30,1783.5999755859375
1993-05-03,1790.9000244140625
1993-05-04,1776.5999755859375
1993-05-05,1780.199951171875
1993-05-07,1774.800048828125
1993-05-10,1772.0
1993-05-11,1794.0
1993-05-12,1828.5999755859375
1993-05-13,1858.699951171875
1993-05-14,1863.4000244140625
1993-05-17,1846.300048828125
1993-05-18,1878.0
1993-05-19,1876.5999755859375
1993-05-20,1876.4000244140625
1993-05-21,1861.9000244140625
1993-05-24,1855.199951171875
1993-05-25,1860.699951171875
1993-05-26,1868.5999755859375
1993-05-27,1885.9000244140625
1993-05-28,1905.300048828125
1993-05-31,1894.4000244140625
1993-06-02,1890.300048828125
1993-06-03,1869.5
1993-06-04,1870.9000244140625
1993-06-07,1856.0999755859375
1993-06-08,1870.699951171875
1993-06-09,1864.5
1993-06-10,1864.699951171875
1993-06-11,1853.0999755859375
1993-06-14,1842.5999755859375
1993-06-15,1819.5999755859375
1993-06-16,1811.699951171875
1993-06-17,1813.0
1993-06-18,1826.199951171875
1993-06-21,1819.5
1993-06-22,1787.699951171875
1993-06-23,1791.0999755859375
1993-06-24,1770.9000244140625
1993-06-25,1771.699951171875
1993-06-28,1783.0999755859375
1993-06-29,1808.5
1993-06-30,1802.800048828125
1993-07-01,1798.9000244140625
1993-07-02,1818.199951171875
1993-07-05,1825.9000244140625
1993-07-06,1819.0
1993-07-07,1802.5
1993-07-08,1802.300048828125
1993-07-09,1797.5999755859375
1993-07-12,1777.199951171875
1993-07-13,1777.5
1993-07-14,1775.0999755859375
1993-07-15,1763.0
1993-07-16,1777.699951171875
1993-07-19,1778.5999755859375
1993-07-20,1774.300048828125
1993-07-21,1805.699951171875
1993-07-22,1818.4000244140625
1993-07-23,1823.0999755859375
1993-07-26,1811.5999755859375
1993-07-27,1805.5
1993-07-28,1794.199951171875
1993-07-29,1807.0
1993-07-30,1809.0
1993-08-02,1813.199951171875
1993-08-03,1844.5999755859375
1993-08-04,1859.0999755859375
1993-08-05,1861.5999755859375
1993-08-06,1871.300048828125
1993-08-10,1898.800048828125
1993-08-11,1901.0999755859375
1993-08-12,1902.800048828125
1993-08-13,1917.9000244140625
1993-08-16,1922.9000244140625
1993-08-17,1928.300048828125
1993-08-18,1951.4000244140625
1993-08-19,1948.800048828125
1993-08-20,1972.300048828125
1993-08-23,1964.5
1993-08-24,1954.9000244140625
1993-08-25,1976.0999755859375
1993-08-26,2010.199951171875
1993-08-27,2007.9000244140625
1993-08-30,1995.0999755859375
1993-08-31,2008.699951171875
1993-09-01,2012.800048828125
1993-09-02,2021.9000244140625
1993-09-03,2041.699951171875
1993-09-06,2045.4000244140625
1993-09-07,2036.699951171875
1993-09-08,2029.0
1993-09-09,2020.699951171875
1993-09-10,1998.800048828125
1993-09-13,2009.5
1993-09-14,2012.5
1993-09-15,2001.4000244140625
1993-09-16,2000.699951171875
1993-09-17,2008.4000244140625
1993-09-20,1998.4000244140625
1993-09-21,1995.699951171875
1993-09-22,1970.0
1993-09-23,1995.0
1993-09-24,1983.300048828125
1993-09-27,1989.4000244140625
1993-09-28,1989.0999755859375
1993-09-29,1989.300048828125
1993-09-30,2009.0
1993-10-01,2018.0999755859375
1993-10-04,2023.0999755859375
1993-10-05,2033.5
1993-10-06,2039.0999755859375
1993-10-07,2037.4000244140625
1993-10-08,2031.5
1993-10-11,2046.5999755859375
1993-10-12,2051.5
1993-10-13,2053.89990234375
1993-10-14,2078.0
1993-10-15,2113.0
1993-10-18,2116.10009765625
1993-10-19,2108.300048828125
1993-10-20,2095.800048828125
1993-10-21,2104.300048828125
1993-10-22,2090.10009765625
1993-10-25,2102.60009765625
1993-10-26,2094.10009765625
1993-10-27,2107.39990234375
1993-10-28,2101.699951171875
1993-10-29,2102.5
1993-11-01,2105.699951171875
1993-11-02,2123.89990234375
1993-11-03,2127.39990234375
1993-11-04,2123.89990234375
1993-11-05,2068.699951171875
1993-11-08,2068.800048828125
1993-11-09,2053.300048828125
1993-11-10,2081.0
1993-11-11,2109.10009765625
1993-11-12,2112.0
1993-11-15,2095.60009765625
1993-11-16,2078.10009765625
1993-11-17,2096.5
1993-11-18,2086.199951171875
1993-11-19,2092.60009765625
1993-11-22,2096.699951171875
1993-11-23,2076.699951171875
1993-11-24,2080.800048828125
1993-11-25,2091.199951171875
1993-11-26,2108.0
1993-11-29,2098.89990234375
1993-11-30,2096.10009765625
1993-12-01,2106.0
1993-12-02,2131.300048828125
1993-12-03,2151.5
1993-12-06,2147.5
1993-12-07,2163.5
1993-12-08,2159.199951171875
1993-12-09,2166.300048828125
1993-12-10,2220.39990234375
1993-12-13,2245.300048828125
1993-12-14,2252.300048828125
1993-12-15,2271.199951171875
1993-12-16,2286.0
1993-12-17,2280.300048828125
1993-12-20,2277.5
1993-12-21,2276.89990234375
1993-12-22,2274.0
1993-12-23,2298.60009765625
1993-12-24,2326.800048828125
1993-12-27,2378.39990234375
1993-12-28,2392.39990234375
1993-12-29,2426.89990234375
1993-12-30,2390.60009765625
1993-12-31,2425.699951171875
1994-01-03,2441.5
1994-01-04,2471.89990234375
1994-01-05,2432.0
1994-01-06,2388.300048828125
1994-01-07,2366.39990234375
1994-01-10,2424.39990234375
1994-01-11,2348.199951171875
1994-01-12,2260.300048828125
1994-01-13,2194.89990234375
1994-01-14,2302.89990234375
1994-01-17,2277.0
1994-01-18,2280.39990234375
1994-01-19,2303.300048828125
1994-01-20,2259.300048828125
1994-01-21,2281.699951171875
1994-01-24,2318.300048828125
1994-01-25,2256.10009765625
1994-01-26,2255.5
1994-01-27,2286.300048828125
1994-01-28,2300.10009765625
1994-01-31,2339.10009765625
1994-02-01,2349.10009765625
1994-02-02,2338.10009765625
1994-02-03,2360.5
1994-02-04,2361.0
1994-02-07,2314.5
1994-02-08,2321.60009765625
1994-02-09,2341.60009765625
1994-02-14,2342.0
1994-02-15,2329.5
1994-02-16,2341.39990234375
1994-02-17,2343.0
1994-02-18,2334.300048828125
1994-02-21,2350.89990234375
1994-02-22,2400.39990234375
1994-02-23,2423.89990234375
1994-02-24,2385.199951171875
1994-02-25,2357.39990234375
1994-02-28,2342.699951171875
1994-03-01,2313.699951171875
1994-03-02,2284.5
1994-03-03,2242.60009765625
1994-03-04,2248.60009765625
1994-03-07,2243.699951171875
1994-03-08,2240.199951171875
1994-03-09,2222.89990234375
1994-03-10,2194.10009765625
1994-03-11,2190.10009765625
1994-03-15,2190.0
1994-03-16,2185.800048828125
1994-03-17,2153.699951171875
1994-03-18,2104.0
1994-03-21,2036.300048828125
1994-03-22,2045.0
1994-03-23,2111.300048828125
1994-03-24,2109.699951171875
1994-03-25,2083.39990234375
1994-03-28,2059.89990234375
1994-03-29,2093.699951171875
1994-03-30,2128.39990234375
1994-03-31,2080.89990234375
1994-04-04,2039.0999755859375
1994-04-05,2061.5
1994-04-06,2115.60009765625
1994-04-07,2106.5
1994-04-08,2120.199951171875
1994-04-11,2183.39990234375
1994-04-12,2233.699951171875
1994-04-13,2231.699951171875
1994-04-14,2237.39990234375
1994-04-15,2212.199951171875
1994-04-18,2239.10009765625
1994-04-19,2221.0
1994-04-20,2229.699951171875
1994-04-21,2231.300048828125
1994-04-22,2265.60009765625
1994-04-25,2307.800048828125
1994-04-26,2314.300048828125
1994-04-27,2290.699951171875
1994-04-28,2304.60009765625
1994-04-29,2296.199951171875
1994-05-03,2310.60009765625
1994-05-04,2301.10009765625
1994-05-05,2277.699951171875
1994-05-06,2256.199951171875
1994-05-09,2222.39990234375
1994-05-10,2234.699951171875
1994-05-11,2261.199951171875
1994-05-12,2250.39990234375
1994-05-13,2286.10009765625
1994-05-16,2290.39990234375
1994-05-17,2304.5
1994-05-18,2323.199951171875
1994-05-19,2329.60009765625
1994-05-20,2337.0
1994-05-23,2339.300048828125
1994-05-24,2302.89990234375
1994-05-26,2315.199951171875
1994-05-27,2324.0
1994-05-30,2305.89990234375
1994-05-31,2281.699951171875
1994-06-01,2267.89990234375
1994-06-02,2252.39990234375
1994-06-03,2268.699951171875
1994-06-06,2271.89990234375
1994-06-07,2267.199951171875
1994-06-08,2265.699951171875
1994-06-09,2282.300048828125
1994-06-10,2284.10009765625
1994-06-13,2295.89990234375
1994-06-14,2278.300048828125
1994-06-15,2286.5
1994-06-16,2287.300048828125
1994-06-17,2306.199951171875
1994-06-20,2284.5
1994-06-21,2261.89990234375
1994-06-22,2255.300048828125
1994-06-23,2250.5
1994-06-24,2245.800048828125
1994-06-27,2208.699951171875
1994-06-28,2227.60009765625
1994-06-29,2218.39990234375
1994-06-30,2224.89990234375
1994-07-01,2210.699951171875
1994-07-04,2191.199951171875
1994-07-05,2188.0
1994-07-06,2162.89990234375
1994-07-07,2146.0
1994-07-08,2162.89990234375
1994-07-11,2151.300048828125
1994-07-12,2159.39990234375
1994-07-13,2183.89990234375
1994-07-14,2189.800048828125
1994-07-15,2198.300048828125
1994-07-18,2199.199951171875
1994-07-19,2204.89990234375
1994-07-20,2231.39990234375
1994-07-21,2208.5
1994-07-22,2199.199951171875
1994-07-25,2212.300048828125
1994-07-26,2206.0
1994-07-27,2201.39990234375
1994-07-28,2201.199951171875
1994-07-29,2206.39990234375
1994-08-01,2243.89990234375
1994-08-02,2263.300048828125
1994-08-03,2267.10009765625
1994-08-04,2271.199951171875
1994-08-05,2273.10009765625
1994-08-08,2267.699951171875
1994-08-10,2276.5
1994-08-11,2300.0
1994-08-12,2317.800048828125
1994-08-15,2301.800048828125
1994-08-16,2308.60009765625
1994-08-17,2344.39990234375
1994-08-18,2358.0
1994-08-19,2347.199951171875
1994-08-22,2320.89990234375
1994-08-23,2302.800048828125
1994-08-24,2278.800048828125
1994-08-25,2287.199951171875
1994-08-26,2293.5
1994-08-29,2305.800048828125
1994-08-30,2299.5
1994-08-31,2312.699951171875
1994-09-01,2336.800048828125
1994-09-02,2330.60009765625
1994-09-05,2328.10009765625
1994-09-06,2338.60009765625
1994-09-07,2327.0
1994-09-08,2304.199951171875
1994-09-09,2300.0
1994-09-12,2280.39990234375
1994-09-13,2299.699951171875
1994-09-14,2298.300048828125
1994-09-15,2280.800048828125
1994-09-16,2297.199951171875
1994-09-19,2271.89990234375
1994-09-20,2296.199951171875
1994-09-21,2289.699951171875
1994-09-22,2286.10009765625
1994-09-23,2302.10009765625
1994-09-26,2299.800048828125
1994-09-27,2289.800048828125
1994-09-28,2330.699951171875
1994-09-29,2348.89990234375
1994-09-30,2332.60009765625
1994-10-03,2348.5
1994-10-04,2370.60009765625
1994-10-05,2380.800048828125
1994-10-06,2333.300048828125
1994-10-07,2330.10009765625
1994-10-10,2302.300048828125
1994-10-11,2345.199951171875
1994-10-12,2368.300048828125
1994-10-13,2357.800048828125
1994-10-14,2377.300048828125
1994-10-17,2387.60009765625
1994-10-18,2384.0
1994-10-19,2364.10009765625
1994-10-20,2382.300048828125
1994-10-21,2377.5
1994-10-24,2376.89990234375
1994-10-25,2362.5
1994-10-26,2357.300048828125
1994-10-27,2356.699951171875
1994-10-28,2362.5
1994-10-31,2379.0
1994-11-01,2364.199951171875
1994-11-03,2352.199951171875
1994-11-04,2352.5
1994-11-07,2331.699951171875
1994-11-08,2327.0
1994-11-09,2344.39990234375
1994-11-10,2329.89990234375
1994-11-11,2322.60009765625
1994-11-14,2326.89990234375
1994-11-15,2341.199951171875
1994-11-16,2346.5
1994-11-17,2358.0
1994-11-18,2354.699951171875
1994-11-21,2322.0
1994-11-22,2270.10009765625
1994-11-23,2217.800048828125
1994-11-24,2236.39990234375
1994-11-25,2237.800048828125
1994-11-28,2238.0
1994-11-29,2232.800048828125
1994-11-30,2242.10009765625
1994-12-01,2229.39990234375
1994-12-02,2189.0
1994-12-05,2185.60009765625
1994-12-06,2187.10009765625
1994-12-07,2180.39990234375
1994-12-08,2139.699951171875
1994-12-09,2102.300048828125
1994-12-12,2091.699951171875
1994-12-13,2089.10009765625
1994-12-14,2114.0
1994-12-15,2180.199951171875
1994-12-16,2169.699951171875
1994-12-19,2185.199951171875
1994-12-20,2183.5
1994-12-21,2217.5
1994-12-22,2219.60009765625
1994-12-23,2219.300048828125
1994-12-27,2227.300048828125
1994-12-28,2234.199951171875
1994-12-29,2243.0
1994-12-30,2239.60009765625
1995-01-03,2246.300048828125
1995-01-04,2244.10009765625
1995-01-05,2231.699951171875
1995-01-06,2209.39990234375
1995-01-09,2181.699951171875
1995-01-10,2137.199951171875
1995-01-11,2145.699951171875
1995-01-12,2102.39990234375
1995-01-13,2080.699951171875
1995-01-16,2107.39990234375
1995-01-17,2106.0
1995-01-18,2103.60009765625
1995-01-19,2081.300048828125
1995-01-20,2028.5999755859375
1995-01-23,1916.9000244140625
1995-01-24,1919.0999755859375
1995-01-25,1962.699951171875
1995-01-26,2000.9000244140625
1995-01-27,2035.0
1995-01-30,2083.39990234375
1995-02-02,2100.89990234375
1995-02-03,2110.199951171875
1995-02-06,2124.89990234375
1995-02-07,2118.800048828125
1995-02-08,2091.60009765625
1995-02-09,2085.0
1995-02-10,2074.10009765625
1995-02-13,2093.10009765625
1995-02-14,2089.10009765625
1995-02-15,2107.699951171875
1995-02-16,2133.10009765625
1995-02-17,2137.10009765625
1995-02-20,2116.800048828125
1995-02-21,2105.10009765625
1995-02-22,2053.300048828125
1995-02-23,2085.800048828125
1995-02-24,2114.5
1995-02-27,2094.10009765625
1995-02-28,2126.699951171875
1995-03-01,2128.39990234375
1995-03-02,2133.0
1995-03-06,2127.0
1995-03-07,2098.5
1995-03-08,2063.39990234375
1995-03-09,2070.699951171875
1995-03-10,2061.300048828125
1995-03-13,2063.5
1995-03-14,2060.39990234375
1995-03-15,2076.5
1995-03-16,2075.89990234375
1995-03-17,2101.800048828125
1995-03-20,2091.5
1995-03-21,2089.10009765625
1995-03-22,2081.0
1995-03-23,2078.60009765625
1995-03-24,2056.60009765625
1995-03-27,2090.60009765625
1995-03-28,2104.199951171875
1995-03-29,2122.39990234375
1995-03-30,2101.800048828125
1995-03-31,2093.10009765625
1995-04-03,2074.699951171875
1995-04-04,2074.10009765625
1995-04-05,2101.199951171875
1995-04-06,2095.10009765625
1995-04-07,2073.800048828125
1995-04-10,2064.699951171875
1995-04-11,2054.60009765625
1995-04-12,2062.5
1995-04-13,2071.39990234375
1995-04-17,2053.699951171875
1995-04-18,2051.10009765625
1995-04-19,2035.699951171875
1995-04-20,2039.300048828125
1995-04-21,2079.5
1995-04-24,2085.60009765625
1995-04-25,2074.699951171875
1995-04-26,2063.60009765625
1995-04-27,2056.0
1995-04-28,2071.300048828125
1995-05-02,2070.5
1995-05-03,2066.39990234375
1995-05-04,2070.0
1995-05-05,2058.800048828125
1995-05-08,2075.89990234375
1995-05-09,2091.89990234375
1995-05-11,2164.60009765625
1995-05-12,2179.89990234375
1995-05-16,2193.800048828125
1995-05-17,2160.300048828125
1995-05-18,2163.5
1995-05-19,2158.89990234375
1995-05-22,2150.39990234375
1995-05-23,2181.10009765625
1995-05-24,2172.699951171875
1995-05-25,2172.10009765625
1995-05-26,2163.199951171875
1995-05-29,2154.39990234375
1995-05-30,2162.5
1995-05-31,2178.39990234375
1995-06-01,2205.0
1995-06-02,2208.5
1995-06-05,2218.0
1995-06-06,2191.0
1995-06-07,2179.10009765625
1995-06-08,2175.5
1995-06-09,2160.39990234375
1995-06-12,2140.699951171875
1995-06-13,2138.199951171875
1995-06-14,2138.199951171875
1995-06-15,2153.800048828125
1995-06-16,2133.300048828125
1995-06-19,2128.10009765625
1995-06-20,2116.5
1995-06-21,2120.5
1995-06-22,2102.39990234375
1995-06-23,2102.800048828125
1995-06-26,2092.89990234375
1995-06-27,2098.699951171875
1995-06-28,2088.5
1995-06-29,2082.0
1995-06-30,2093.199951171875
1995-07-03,2094.10009765625
1995-07-04,2121.5
1995-07-05,2128.300048828125
1995-07-06,2133.699951171875
1995-07-07,2156.0
1995-07-10,2186.0
1995-07-11,2171.800048828125
1995-07-12,2176.39990234375
1995-07-13,2179.800048828125
1995-07-14,2188.300048828125
1995-07-17,2172.39990234375
1995-07-18,2163.800048828125
1995-07-19,2145.89990234375
1995-07-20,2152.0
1995-07-21,2150.10009765625
1995-07-24,2139.699951171875
1995-07-25,2153.10009765625
1995-07-26,2153.300048828125
1995-07-27,2162.39990234375
1995-07-28,2185.89990234375
1995-07-31,2156.39990234375
1995-08-01,2140.800048828125
1995-08-02,2153.0
1995-08-03,2132.199951171875
1995-08-04,2110.5
1995-08-07,2096.39990234375
1995-08-08,2090.300048828125
1995-08-10,2099.39990234375
1995-08-11,2077.800048828125
1995-08-14,2064.10009765625
1995-08-15,2062.60009765625
1995-08-16,2053.199951171875
1995-08-17,2075.60009765625
1995-08-18,2104.39990234375
1995-08-21,2106.39990234375
1995-08-22,2105.699951171875
1995-08-23,2106.5
1995-08-24,2086.89990234375
1995-08-25,2125.10009765625
1995-08-28,2138.199951171875
1995-08-29,2130.10009765625
1995-08-30,2127.300048828125
1995-08-31,2146.60009765625
1995-09-01,2132.5
1995-09-04,2117.800048828125
1995-09-05,2115.0
1995-09-06,2125.5
1995-09-07,2122.89990234375
1995-09-08,2129.39990234375
1995-09-11,2127.699951171875
1995-09-12,2122.300048828125
1995-09-13,2126.39990234375
1995-09-14,2129.89990234375
1995-09-15,2139.699951171875
1995-09-18,2115.89990234375
1995-09-19,2110.39990234375
1995-09-20,2109.699951171875
1995-09-21,2106.39990234375
1995-09-22,2108.39990234375
1995-09-25,2114.300048828125
1995-09-26,2120.300048828125
1995-09-27,2112.5
1995-09-28,2107.300048828125
1995-09-29,2120.0
1995-10-02,2120.199951171875
1995-10-03,2110.39990234375
1995-10-04,2127.699951171875
1995-10-05,2143.60009765625
1995-10-06,2142.0
1995-10-09,2138.60009765625
1995-10-10,2114.800048828125
1995-10-11,2129.0
1995-10-12,2136.0
1995-10-13,2129.0
1995-10-16,2111.800048828125
1995-10-17,2099.39990234375
1995-10-18,2104.89990234375
1995-10-19,2088.699951171875
1995-10-20,2107.89990234375
1995-10-24,2089.39990234375
1995-10-25,2104.60009765625
1995-10-26,2100.5
1995-10-27,2105.39990234375
1995-10-30,2100.199951171875
1995-10-31,2107.39990234375
1995-11-01,2100.5
1995-11-02,2099.39990234375
1995-11-03,2097.300048828125
1995-11-06,2095.800048828125
1995-11-07,2089.60009765625
1995-11-08,2101.5
1995-11-09,2089.89990234375
1995-11-10,2071.699951171875
1995-11-13,2063.89990234375
1995-11-14,2067.0
1995-11-15,2067.199951171875
1995-11-16,2089.300048828125
1995-11-17,2077.39990234375
1995-11-20,2086.89990234375
1995-11-21,2102.60009765625
1995-11-22,2107.199951171875
1995-11-23,2102.60009765625
1995-11-24,2100.0
1995-11-27,2107.5
1995-11-28,2113.39990234375
1995-11-29,2110.199951171875
1995-11-30,2128.10009765625
1995-12-01,2130.5
1995-12-04,2164.60009765625
1995-12-05,2168.5
1995-12-06,2154.39990234375
1995-12-07,2156.5
1995-12-08,2148.10009765625
1995-12-11,2145.89990234375
1995-12-12,2154.300048828125
1995-12-13,2172.10009765625
1995-12-14,2204.699951171875
1995-12-15,2203.10009765625
1995-12-18,2200.5
1995-12-19,2187.300048828125
1995-12-20,2227.199951171875
1995-12-21,2256.89990234375
1995-12-22,2287.39990234375
1995-12-26,2276.89990234375
1995-12-27,2271.39990234375
1995-12-28,2254.199951171875
1995-12-29,2266.5
1996-01-02,2258.10009765625
1996-01-03,2306.199951171875
1996-01-04,2365.10009765625
1996-01-05,2365.5
1996-01-08,2385.89990234375
1996-01-09,2373.60009765625
1996-01-10,2362.10009765625
1996-01-11,2369.5
1996-01-12,2402.0
1996-01-15,2413.60009765625
1996-01-16,2397.800048828125
1996-01-17,2390.10009765625
1996-01-18,2396.300048828125
1996-01-19,2403.199951171875
1996-01-22,2448.5
1996-01-23,2433.0
1996-01-24,2410.300048828125
1996-01-25,2433.0
1996-01-26,2437.300048828125
1996-01-29,2424.10009765625
1996-01-30,2423.699951171875
1996-01-31,2449.199951171875
1996-02-01,2452.300048828125
1996-02-02,2468.199951171875
1996-02-05,2484.0
1996-02-06,2493.699951171875
1996-02-07,2491.89990234375
1996-02-08,2477.199951171875
1996-02-09,2456.39990234375
1996-02-12,2413.60009765625
1996-02-13,2422.699951171875
1996-02-14,2401.800048828125
1996-02-15,2439.199951171875
1996-02-16,2453.89990234375
1996-02-20,2453.89990234375
1996-02-22,2454.800048828125
1996-02-23,2466.0
1996-02-26,2471.199951171875
1996-02-27,2445.60009765625
1996-02-28,2438.60009765625
1996-02-29,2438.5
1996-03-01,2421.39990234375
1996-03-04,2422.300048828125
1996-03-05,2432.39990234375
1996-03-06,2429.699951171875
1996-03-07,2402.39990234375
1996-03-08,2400.800048828125
1996-03-11,2316.39990234375
1996-03-12,2353.89990234375
1996-03-13,2300.699951171875
1996-03-14,2329.60009765625
1996-03-15,2367.300048828125
1996-03-18,2361.5
1996-03-19,2385.300048828125
1996-03-20,2378.300048828125
1996-03-21,2422.800048828125
1996-03-22,2398.89990234375
1996-03-25,2406.5
1996-03-26,2414.800048828125
1996-03-27,2399.699951171875
1996-03-28,2391.89990234375
1996-03-29,2387.300048828125
1996-04-01,2376.0
1996-04-02,2365.800048828125
1996-04-03,2381.10009765625
1996-04-04,2396.5
1996-04-08,2365.199951171875
1996-04-09,2382.10009765625
1996-04-10,2390.0
1996-04-11,2384.800048828125
1996-04-12,2384.0
1996-04-15,2384.39990234375
1996-04-16,2401.39990234375
1996-04-17,2403.89990234375
1996-04-18,2387.89990234375
1996-04-19,2399.300048828125
1996-04-22,2379.0
1996-04-23,2378.699951171875
1996-04-24,2381.199951171875
1996-04-25,2384.800048828125
1996-04-26,2401.60009765625
1996-04-30,2415.699951171875
1996-05-02,2408.300048828125
1996-05-03,2413.300048828125
1996-05-06,2400.699951171875
1996-05-07,2396.199951171875
1996-05-08,2371.800048828125
1996-05-09,2374.60009765625
1996-05-10,2370.199951171875
1996-05-13,2385.5
1996-05-14,2365.199951171875
1996-05-15,2321.5
1996-05-16,2347.89990234375
1996-05-17,2341.800048828125
1996-05-20,2322.89990234375
1996-05-21,2310.199951171875
1996-05-22,2313.0
1996-05-23,2335.89990234375
1996-05-24,2351.10009765625
1996-05-27,2350.39990234375
1996-05-28,2356.89990234375
1996-05-29,2334.39990234375
1996-05-30,2332.89990234375
1996-06-03,2323.60009765625
1996-06-04,2318.699951171875
1996-06-05,2326.800048828125
1996-06-06,2334.300048828125
1996-06-07,2338.300048828125
1996-06-10,2333.89990234375
1996-06-11,2309.300048828125
1996-06-12,2289.199951171875
1996-06-13,2277.0
1996-06-14,2270.89990234375
1996-06-17,2272.300048828125
1996-06-18,2267.60009765625
1996-06-19,2291.89990234375
1996-06-20,2299.199951171875
1996-06-21,2303.300048828125
1996-06-24,2307.199951171875
1996-06-25,2299.10009765625
1996-06-26,2285.0
1996-06-28,2296.199951171875
1996-07-01,2291.5
1996-07-02,2273.5
1996-07-03,2271.60009765625
1996-07-04,2268.300048828125
1996-07-05,2259.0
1996-07-08,2221.300048828125
1996-07-09,2215.39990234375
1996-07-10,2230.39990234375
1996-07-11,2223.10009765625
1996-07-12,2209.39990234375
1996-07-15,2180.800048828125
1996-07-16,2179.5
1996-07-17,2204.0
1996-07-18,2191.0
1996-07-19,2202.800048828125
1996-07-22,2174.10009765625
1996-07-23,2169.5
1996-07-24,2137.10009765625
1996-07-25,2127.39990234375
1996-07-26,2130.0
1996-07-29,2098.60009765625
1996-07-30,2083.199951171875
1996-07-31,2111.800048828125
1996-08-01,2119.60009765625
1996-08-02,2136.5
1996-08-05,2146.699951171875
1996-08-06,2129.39990234375
1996-08-07,2134.5
1996-08-08,2129.0
1996-08-12,2115.699951171875
1996-08-13,2102.10009765625
1996-08-14,2097.5
1996-08-15,2099.89990234375
1996-08-16,2100.39990234375
1996-08-19,2105.699951171875
1996-08-20,2123.800048828125
1996-08-21,2155.60009765625
1996-08-22,2162.699951171875
1996-08-23,2181.5
1996-08-26,2160.0
1996-08-27,2171.5
1996-08-28,2159.89990234375
1996-08-29,2162.699951171875
1996-08-30,2153.5
1996-09-02,2128.800048828125
1996-09-03,2105.300048828125
1996-09-04,2094.5
1996-09-05,2110.300048828125
1996-09-06,2096.699951171875
1996-09-09,2098.5
1996-09-10,2111.699951171875
1996-09-11,2103.0
1996-09-12,2116.39990234375
1996-09-13,2126.300048828125
1996-09-16,2154.5
1996-09-17,2189.10009765625
1996-09-18,2182.300048828125
1996-09-19,2206.10009765625
1996-09-20,2187.89990234375
1996-09-23,2156.800048828125
1996-09-24,2160.300048828125
1996-09-25,2165.199951171875
1996-09-26,2172.5
1996-09-27,2171.800048828125
1996-09-30,2177.199951171875
1996-10-01,2171.699951171875
1996-10-02,2162.89990234375
1996-10-03,2150.800048828125
1996-10-04,2148.89990234375
1996-10-07,2126.699951171875
1996-10-08,2116.0
1996-10-09,2135.5
1996-10-10,2110.60009765625
1996-10-11,2076.699951171875
1996-10-14,2045.5999755859375
1996-10-15,2060.5
1996-10-16,2071.300048828125
1996-10-17,2068.699951171875
1996-10-18,2064.5
1996-10-21,2044.199951171875
1996-10-22,2038.800048828125
1996-10-23,2046.5
1996-10-24,2059.60009765625
1996-10-25,2077.199951171875
1996-10-28,2067.89990234375
1996-10-29,2062.0
1996-10-30,2084.0
1996-10-31,2083.199951171875
1996-11-01,2068.199951171875
1996-11-04,2075.800048828125
1996-11-05,2070.199951171875
1996-11-06,2080.5
1996-11-07,2102.699951171875
1996-11-08,2117.199951171875
1996-11-12,2128.199951171875
1996-11-13,2146.5
1996-11-14,2189.800048828125
1996-11-15,2193.60009765625
1996-11-18,2178.0
1996-11-19,2170.199951171875
1996-11-20,2194.300048828125
1996-11-21,2197.699951171875
1996-11-22,2194.800048828125
1996-11-25,2205.699951171875
1996-11-26,2219.89990234375
1996-11-27,2220.39990234375
1996-11-28,2199.699951171875
1996-11-29,2188.10009765625
1996-12-02,2193.39990234375
1996-12-03,2185.699951171875
1996-12-04,2194.39990234375
1996-12-05,2214.199951171875
1996-12-06,2190.39990234375
1996-12-09,2197.10009765625
1996-12-10,2209.5
1996-12-11,2192.5
1996-12-12,2182.60009765625
1996-12-13,2179.10009765625
1996-12-16,2183.300048828125
1996-12-17,2176.5
1996-12-18,2195.800048828125
1996-12-19,2199.39990234375
1996-12-20,2196.800048828125
1996-12-23,2195.89990234375
1996-12-24,2187.199951171875
1996-12-26,2197.699951171875
1996-12-27,2202.60009765625
1996-12-30,2218.5
1996-12-31,2216.800048828125
1997-01-03,2224.10009765625
1997-01-06,2245.699951171875
1997-01-07,2246.60009765625
1997-01-08,2243.300048828125
1997-01-09,2253.699951171875
1997-01-10,2242.300048828125
1997-01-13,2232.39990234375
1997-01-14,2215.5
1997-01-15,2221.199951171875
1997-01-16,2220.39990234375
1997-01-17,2244.199951171875
1997-01-20,2271.89990234375
1997-01-21,2250.800048828125
1997-01-22,2240.0
1997-01-23,2248.300048828125
1997-01-24,2242.699951171875
1997-01-27,2225.39990234375
1997-01-28,2226.300048828125
1997-01-29,2220.10009765625
1997-01-30,2216.699951171875
1997-01-31,2216.5
1997-02-03,2218.10009765625
1997-02-04,2192.199951171875
1997-02-05,2195.800048828125
1997-02-06,2203.39990234375
1997-02-11,2197.10009765625
1997-02-12,2224.60009765625
1997-02-13,2254.699951171875
1997-02-14,2252.5
1997-02-17,2256.10009765625
1997-02-18,2229.800048828125
1997-02-19,2247.0
1997-02-20,2252.0
1997-02-21,2241.300048828125
1997-02-24,2234.0
1997-02-25,2202.0
1997-02-26,2216.10009765625
1997-02-27,2190.60009765625
1997-02-28,2195.699951171875
1997-03-03,2196.300048828125
1997-03-04,2189.39990234375
1997-03-05,2192.5
1997-03-06,2179.89990234375
1997-03-07,2178.300048828125
1997-03-10,2172.5
1997-03-11,2194.800048828125
1997-03-12,2177.39990234375
1997-03-13,2154.300048828125
1997-03-14,2135.5
1997-03-17,2135.199951171875
1997-03-18,2124.300048828125
1997-03-19,2120.60009765625
1997-03-20,2095.39990234375
1997-03-21,2068.5
1997-03-24,2094.39990234375
1997-03-25,2100.0
1997-03-26,2111.60009765625
1997-03-27,2098.89990234375
1997-03-31,2073.0
1997-04-01,2074.699951171875
1997-04-02,2089.800048828125
1997-04-03,2078.10009765625
1997-04-04,2075.800048828125
1997-04-07,2088.10009765625
1997-04-08,2104.699951171875
1997-04-09,2103.199951171875
1997-04-10,2087.300048828125
1997-04-11,2068.5
1997-04-14,2034.5999755859375
1997-04-15,2033.0
1997-04-16,2040.199951171875
1997-04-17,2043.199951171875
1997-04-21,2037.9000244140625
1997-04-22,2047.5999755859375
1997-04-23,2034.800048828125
1997-04-24,2020.199951171875
1997-04-25,2019.5999755859375
1997-04-28,1996.800048828125
1997-04-29,1990.199951171875
1997-04-30,2004.300048828125
1997-05-02,2016.199951171875
1997-05-05,2028.5999755859375
1997-05-06,2055.699951171875
1997-05-07,2068.10009765625
1997-05-08,2059.39990234375
1997-05-09,2066.199951171875
1997-05-12,2101.5
1997-05-13,2113.0
1997-05-14,2098.300048828125
1997-05-15,2069.699951171875
1997-05-16,2060.5
1997-05-19,2050.89990234375
1997-05-20,2054.0
1997-05-22,2061.699951171875
1997-05-23,2055.39990234375
1997-05-26,2056.300048828125
1997-05-27,2076.0
1997-05-28,2064.39990234375
1997-05-29,2067.199951171875
1997-05-30,2065.5
1997-06-02,2060.89990234375
1997-06-03,2061.199951171875
1997-06-04,2047.9000244140625
1997-06-05,2043.699951171875
1997-06-06,2032.300048828125
1997-06-09,2030.199951171875
1997-06-10,2014.800048828125
1997-06-11,1993.5
1997-06-12,1990.699951171875
1997-06-13,1990.0999755859375
1997-06-16,1991.0999755859375
1997-06-17,2004.300048828125
1997-06-18,1985.0999755859375
1997-06-19,2003.0
1997-06-20,2008.4000244140625
1997-06-23,2034.800048828125
1997-06-24,2041.4000244140625
1997-06-25,2023.9000244140625
1997-06-26,1989.800048828125
1997-06-27,1974.4000244140625
1997-06-30,1988.0
1997-07-01,1981.300048828125
1997-07-02,1968.9000244140625
1997-07-03,1962.4000244140625
1997-07-04,1985.9000244140625
1997-07-07,1998.0
1997-07-08,2007.199951171875
1997-07-09,1983.0
1997-07-10,1968.300048828125
1997-07-11,1967.0999755859375
1997-07-14,1954.5999755859375
1997-07-15,1937.0999755859375
1997-07-16,1917.9000244140625
1997-07-17,1920.5
1997-07-18,1924.199951171875
1997-07-21,1950.800048828125
1997-07-22,1950.5
1997-07-23,1974.699951171875
1997-07-24,1981.300048828125
1997-07-25,1981.0
1997-07-28,1975.0
1997-07-29,1977.0999755859375
1997-07-30,1966.4000244140625
1997-07-31,1967.0999755859375
1997-08-01,1955.300048828125
1997-08-04,1963.5999755859375
1997-08-05,1951.699951171875
1997-08-06,1958.5999755859375
1997-08-07,1953.199951171875
1997-08-08,1943.9000244140625
1997-08-11,1893.9000244140625
1997-08-12,1893.5
1997-08-13,1875.4000244140625
1997-08-14,1891.800048828125
1997-08-15,1953.800048828125
1997-08-18,1918.9000244140625
1997-08-19,1918.5
1997-08-20,1943.9000244140625
1997-08-21,1946.5999755859375
1997-08-22,1945.4000244140625
1997-08-25,1913.5999755859375
1997-08-26,1925.199951171875
1997-08-27,1916.0
1997-08-28,1846.5999755859375
1997-08-29,1805.5999755859375
1997-09-01,1786.4000244140625
1997-09-02,1796.199951171875
1997-09-03,1820.199951171875
1997-09-04,1826.5999755859375
1997-09-05,1884.0999755859375
1997-09-08,1891.9000244140625
1997-09-09,1919.9000244140625
1997-09-10,1944.5999755859375
1997-09-11,1927.699951171875
1997-09-12,1936.0
1997-09-15,1932.0999755859375
1997-09-16,1920.5999755859375
1997-09-17,1910.199951171875
1997-09-18,1896.0999755859375
1997-09-19,1894.699951171875
1997-09-22,1908.199951171875
1997-09-23,1916.0999755859375
1997-09-24,1900.5
1997-09-25,1921.0999755859375
1997-09-26,1922.9000244140625
1997-09-29,1934.800048828125
1997-09-30,1954.699951171875
1997-10-01,1941.699951171875
1997-10-02,1927.5999755859375
1997-10-03,1902.0
1997-10-06,1880.5999755859375
1997-10-07,1880.300048828125
1997-10-08,1882.0
1997-10-09,1861.5
1997-10-10,1901.199951171875
1997-10-13,1877.699951171875
1997-10-14,1878.300048828125
1997-10-15,1855.0
1997-10-16,1804.199951171875
1997-10-17,1827.4000244140625
1997-10-20,1794.9000244140625
1997-10-21,1771.199951171875
1997-10-22,1731.699951171875
1997-10-23,1649.9000244140625
1997-10-24,1617.800048828125
1997-10-27,1619.9000244140625
1997-10-28,1497.0
1997-10-29,1541.4000244140625
1997-10-31,1586.0999755859375
1997-11-03,1704.0
1997-11-04,1713.800048828125
1997-11-05,1700.0
1997-11-06,1690.5
1997-11-07,1671.300048828125
1997-11-10,1663.699951171875
1997-11-11,1684.0999755859375
1997-11-12,1685.800048828125
1997-11-13,1690.699951171875
1997-11-14,1700.300048828125
1997-11-17,1698.699951171875
1997-11-18,1689.0
1997-11-19,1681.0
1997-11-20,1641.0
1997-11-21,1642.4000244140625
1997-11-24,1681.9000244140625
1997-11-25,1646.4000244140625
1997-11-26,1653.5999755859375
1997-11-28,1660.5999755859375
1997-12-01,1694.199951171875
1997-12-02,1697.300048828125
1997-12-03,1696.300048828125
1997-12-04,1700.199951171875
1997-12-05,1713.800048828125
1997-12-08,1753.5999755859375
1997-12-09,1734.199951171875
1997-12-10,1703.5
1997-12-11,1664.300048828125
1997-12-12,1633.0
1997-12-15,1600.5999755859375
1997-12-16,1561.800048828125
1997-12-17,1569.5
1997-12-18,1591.4000244140625
1997-12-19,1572.5999755859375
1997-12-22,1541.699951171875
1997-12-23,1536.300048828125
1997-12-24,1573.0
1997-12-26,1552.5
1997-12-29,1517.9000244140625
1997-12-30,1514.800048828125
1997-12-31,1529.800048828125
1998-01-02,1518.199951171875
1998-01-05,1496.0
1998-01-06,1439.0999755859375
1998-01-07,1368.0999755859375
1998-01-08,1270.699951171875
1998-01-09,1176.4000244140625
1998-01-12,1073.5
1998-01-13,1156.5
1998-01-14,1243.300048828125
1998-01-15,1233.4000244140625
1998-01-16,1245.300048828125
1998-01-19,1327.199951171875
1998-01-20,1296.9000244140625
1998-01-21,1311.4000244140625
1998-01-22,1269.5
1998-01-23,1259.800048828125
1998-01-26,1256.300048828125
1998-01-27,1259.9000244140625
1998-02-02,1433.0
1998-02-03,1417.9000244140625
1998-02-04,1425.199951171875
1998-02-05,1492.199951171875
1998-02-06,1536.9000244140625
1998-02-09,1543.699951171875
1998-02-10,1603.0
1998-02-11,1621.300048828125
1998-02-12,1600.300048828125
1998-02-13,1552.699951171875
1998-02-16,1481.5999755859375
1998-02-17,1496.9000244140625
1998-02-18,1539.0
1998-02-19,1553.5
1998-02-20,1545.800048828125
1998-02-23,1551.9000244140625
1998-02-24,1561.800048828125
1998-02-25,1583.199951171875
1998-02-26,1595.0
1998-02-27,1615.4000244140625
1998-03-02,1610.5999755859375
1998-03-03,1592.9000244140625
1998-03-04,1571.5
1998-03-05,1579.699951171875
1998-03-06,1571.199951171875
1998-03-09,1538.699951171875
1998-03-10,1546.0999755859375
1998-03-11,1577.800048828125
1998-03-12,1580.800048828125
1998-03-13,1598.5999755859375
1998-03-16,1604.800048828125
1998-03-17,1621.300048828125
1998-03-18,1645.300048828125
1998-03-19,1698.800048828125
1998-03-20,1679.0999755859375
1998-03-23,1660.4000244140625
1998-03-24,1640.5
1998-03-25,1667.199951171875
1998-03-26,1651.5999755859375
1998-03-27,1653.9000244140625
1998-03-30,1648.5999755859375
1998-03-31,1629.199951171875
1998-04-01,1600.0999755859375
1998-04-02,1568.5999755859375
1998-04-03,1551.5
1998-04-06,1549.9000244140625
1998-04-08,1573.0999755859375
1998-04-09,1594.0999755859375
1998-04-13,1586.9000244140625
1998-04-14,1561.5999755859375
1998-04-15,1543.9000244140625
1998-04-16,1515.199951171875
1998-04-17,1515.199951171875
1998-04-20,1510.4000244140625
1998-04-21,1492.300048828125
1998-04-22,1475.5
1998-04-23,1495.9000244140625
1998-04-24,1491.300048828125
1998-04-27,1471.5
1998-04-28,1481.77001953125
1998-04-29,1502.1099853515625
1998-04-30,1493.4000244140625
1998-05-04,1476.4000244140625
1998-05-05,1469.27001953125
1998-05-06,1448.4000244140625
1998-05-07,1428.5
1998-05-08,1420.75
1998-05-12,1400.050048828125
1998-05-13,1331.97998046875
1998-05-14,1301.780029296875
1998-05-15,1322.030029296875
1998-05-18,1291.739990234375
1998-05-19,1278.6199951171875
1998-05-20,1273.780029296875
1998-05-21,1319.6500244140625
1998-05-22,1313.6700439453125
1998-05-25,1314.6400146484375
1998-05-26,1312.7900390625
1998-05-27,1295.530029296875
1998-05-28,1261.6199951171875
1998-05-29,1254.9300537109375
1998-06-01,1234.5899658203125
1998-06-02,1207.1199951171875
1998-06-03,1219.800048828125
1998-06-04,1187.739990234375
1998-06-05,1168.4599609375
1998-06-08,1128.5699462890625
1998-06-09,1117.2099609375
1998-06-10,1067.81005859375
1998-06-11,1086.8299560546875
1998-06-12,1091.489990234375
1998-06-15,1052.8399658203125
1998-06-16,1048.9599609375
1998-06-17,1107.699951171875
1998-06-18,1133.4100341796875
1998-06-19,1122.9300537109375
1998-06-22,1098.449951171875
1998-06-23,1082.25
1998-06-24,1074.8499755859375
1998-06-25,1069.8299560546875
1998-06-26,1085.5899658203125
1998-06-29,1085.1500244140625
1998-06-30,1066.6600341796875
1998-07-01,1095.0999755859375
1998-07-02,1124.8699951171875
1998-07-03,1122.6700439453125
1998-07-06,1127.510009765625
1998-07-07,1115.1800537109375
1998-07-08,1107.780029296875
1998-07-09,1103.6500244140625
1998-07-10,1090.3499755859375
1998-07-13,1053.18994140625
1998-07-14,1042.43994140625
1998-07-15,1056.010009765625
1998-07-16,1073.969970703125
1998-07-17,1095.0999755859375
1998-07-20,1102.3199462890625
1998-07-21,1062.52001953125
1998-07-22,1052.6600341796875
1998-07-23,1062.260009765625
1998-07-24,1070.3599853515625
1998-07-27,1067.81005859375
1998-07-28,1060.1400146484375
1998-07-29,1053.97998046875
1998-07-30,1059.530029296875
1998-07-31,1064.199951171875
1998-08-03,1074.760009765625
1998-08-04,1064.989990234375
1998-08-05,1052.1300048828125
1998-08-06,1065.780029296875
1998-08-07,1039.27001953125
1998-08-11,1007.9299926757812
1998-08-12,995.77001953125
1998-08-13,965.739990234375
1998-08-14,974.1099853515625
1998-08-17,945.489990234375
1998-08-18,927.6199951171875
1998-08-19,923.0399780273438
1998-08-20,922.8599853515625
1998-08-21,933.1599731445312
1998-08-24,917.3099975585938
1998-08-25,911.3200073242188
1998-08-26,925.8499755859375
1998-08-27,910.8800048828125
1998-08-28,885.260009765625
1998-08-31,856.4299926757812
1998-09-01,813.9500122070312
1998-09-02,827.8499755859375
1998-09-03,812.7000122070312
1998-09-04,805.0399780273438
1998-09-07,862.0999755859375
1998-09-08,868.6799926757812
1998-09-09,885.4600219726562
1998-09-10,865.0
1998-09-11,853.1900024414062
1998-09-14,877.8300170898438
1998-09-15,902.280029296875
1998-09-16,946.75
1998-09-17,941.4199829101562
1998-09-18,912.739990234375
1998-09-21,882.5900268554688
1998-09-22,896.3200073242188
1998-09-23,900.989990234375
1998-09-24,931.97998046875
1998-09-25,923.9199829101562
1998-09-28,930.530029296875
1998-09-29,938.510009765625
1998-09-30,939.6500244140625
1998-10-01,916.02001953125
1998-10-02,899.989990234375
1998-10-05,883.8599853515625
1998-10-06,891.47998046875
1998-10-07,921.5700073242188
1998-10-08,950.9600219726562
1998-10-09,976.6500244140625
1998-10-12,1016.5999755859375
1998-10-13,1015.6400146484375
1998-10-14,985.780029296875
1998-10-15,1024.75
1998-10-16,1119.5999755859375
1998-10-20,1108.75
1998-10-21,1140.9100341796875
1998-10-22,1117.5
1998-10-23,1113.5899658203125
1998-10-26,1113.5
1998-10-27,1153.5999755859375
1998-10-28,1180.219970703125
1998-10-29,1185.6500244140625
1998-10-30,1204.6199951171875
1998-11-02,1263.1400146484375
1998-11-03,1263.469970703125
1998-11-04,1301.050048828125
1998-11-05,1299.52001953125
1998-11-06,1283.760009765625
1998-11-09,1219.280029296875
1998-11-10,1172.06005859375
1998-11-11,1236.8199462890625
1998-11-12,1197.18994140625
1998-11-13,1206.9100341796875
1998-11-16,1241.739990234375
1998-11-17,1235.760009765625
1998-11-18,1271.699951171875
1998-11-19,1316.550048828125
1998-11-20,1347.9000244140625
1998-11-23,1376.93994140625
1998-11-24,1412.9000244140625
1998-11-25,1390.510009765625
1998-11-26,1390.699951171875
1998-11-27,1394.760009765625
1998-11-30,1416.550048828125
1998-12-01,1368.699951171875
1998-12-02,1383.5899658203125
1998-12-03,1343.4300537109375
1998-12-04,1357.1300048828125
1998-12-07,1376.8199462890625
1998-12-08,1393.6099853515625
1998-12-09,1424.5899658203125
1998-12-10,1439.8800048828125
1998-12-11,1411.27001953125
1998-12-14,1379.5
1998-12-15,1368.2900390625
1998-12-16,1359.0999755859375
1998-12-17,1366.18994140625
1998-12-18,1405.9599609375
1998-12-21,1397.72998046875
1998-12-22,1412.4000244140625
1998-12-23,1384.530029296875
1998-12-24,1392.75
1998-12-28,1381.27001953125
1998-12-29,1378.449951171875
1998-12-30,1394.699951171875
1998-12-31,1392.72998046875
1999-01-04,1400.1099853515625
1999-01-05,1386.239990234375
1999-01-06,1464.969970703125
1999-01-07,1517.8800048828125
1999-01-08,1545.1800537109375
1999-01-11,1543.0799560546875
1999-01-12,1536.97998046875
1999-01-13,1506.06005859375
1999-01-14,1476.3900146484375
1999-01-15,1499.81005859375
1999-01-18,1547.0999755859375
1999-01-20,1548.27001953125
1999-01-21,1504.06005859375
1999-01-22,1478.75
1999-01-25,1398.02001953125
1999-01-26,1417.1400146484375
1999-01-27,1457.43994140625
1999-01-28,1426.02001953125
1999-01-29,1428.1400146484375
1999-02-01,1406.8699951171875
1999-02-02,1386.5899658203125
1999-02-03,1366.7900390625
1999-02-04,1378.9000244140625
1999-02-05,1360.1800537109375
1999-02-08,1336.8800048828125
1999-02-09,1306.3699951171875
1999-02-10,1286.56005859375
1999-02-11,1357.1700439453125
1999-02-12,1354.8499755859375
1999-02-15,1361.1500244140625
1999-02-18,1335.010009765625
1999-02-19,1374.31005859375
1999-02-22,1400.1800537109375
1999-02-23,1400.4300537109375
1999-02-24,1410.97998046875
1999-02-25,1410.219970703125
1999-02-26,1411.9100341796875
1999-03-01,1422.8499755859375
1999-03-02,1418.6099853515625
1999-03-03,1415.81005859375
1999-03-04,1433.4100341796875
1999-03-05,1449.6600341796875
1999-03-08,1451.8399658203125
1999-03-09,1440.52001953125
1999-03-10,1469.530029296875
1999-03-11,1471.72998046875
1999-03-12,1485.739990234375
1999-03-15,1494.18994140625
1999-03-16,1489.5400390625
1999-03-17,1470.1600341796875
1999-03-18,1466.0699462890625
1999-03-19,1472.989990234375
1999-03-22,1497.6800537109375
1999-03-23,1492.8699951171875
1999-03-24,1482.3599853515625
1999-03-25,1500.3699951171875
1999-03-26,1497.5
1999-03-30,1518.0799560546875
1999-03-31,1518.31005859375
1999-04-01,1545.18994140625
1999-04-05,1581.5999755859375
1999-04-06,1606.1500244140625
1999-04-07,1622.3199462890625
1999-04-08,1641.6099853515625
1999-04-09,1665.260009765625
1999-04-12,1661.280029296875
1999-04-13,1679.8800048828125
1999-04-14,1702.72998046875
1999-04-15,1706.1300048828125
1999-04-16,1769.9200439453125
1999-04-19,1842.31005859375
1999-04-20,1809.47998046875
1999-04-21,1842.3299560546875
1999-04-22,1862.3900146484375
1999-04-23,1865.280029296875
1999-04-26,1869.6199951171875
1999-04-27,1876.3900146484375
1999-04-28,1837.1600341796875
1999-04-29,1818.489990234375
1999-04-30,1886.18994140625
1999-05-03,1898.239990234375
1999-05-04,1931.9000244140625
1999-05-05,1965.1800537109375
1999-05-06,1974.6400146484375
1999-05-07,1899.449951171875
1999-05-10,1862.3800048828125
1999-05-11,1888.8800048828125
1999-05-12,1889.02001953125
1999-05-13,1868.8299560546875
1999-05-14,1883.280029296875
1999-05-17,1880.449951171875
1999-05-18,1917.8199462890625
1999-05-19,1911.5
1999-05-20,1926.8900146484375
1999-05-21,1953.300048828125
1999-05-24,1932.800048828125
1999-05-25,1896.2099609375
1999-05-26,1893.72998046875
1999-05-27,1915.77001953125
1999-05-28,1903.6800537109375
1999-05-31,1903.8599853515625
1999-06-01,1908.8800048828125
1999-06-02,1927.3599853515625
1999-06-03,1942.0999755859375
1999-06-04,1928.3699951171875
1999-06-07,1955.4100341796875
1999-06-08,1996.43994140625
1999-06-09,2006.5400390625
1999-06-10,2030.0
1999-06-11,2067.169921875
1999-06-14,2058.3798828125
1999-06-15,2046.8299560546875
1999-06-16,2043.800048828125
1999-06-17,2057.340087890625
1999-06-18,2070.6298828125
1999-06-21,2120.3798828125
1999-06-22,2123.22998046875
1999-06-23,2167.469970703125
1999-06-24,2191.72998046875
1999-06-25,2178.639892578125
1999-06-28,2163.659912109375
1999-06-29,2181.080078125
1999-06-30,2167.699951171875
1999-07-01,2214.75
1999-07-02,2222.449951171875
1999-07-05,2211.43994140625
1999-07-06,2175.510009765625
1999-07-07,2144.530029296875
1999-07-08,2159.860107421875
1999-07-09,2181.6298828125
1999-07-12,2198.780029296875
1999-07-13,2178.489990234375
1999-07-14,2178.6298828125
1999-07-15,2157.719970703125
1999-07-16,2134.219970703125
1999-07-19,2121.340087890625
1999-07-20,2137.909912109375
1999-07-21,2097.340087890625
1999-07-22,2067.889892578125
1999-07-23,1990.1500244140625
1999-07-26,1939.969970703125
1999-07-27,1999.4200439453125
1999-07-28,2077.64990234375
1999-07-29,2146.699951171875
1999-07-30,2145.77001953125
1999-08-02,2128.64990234375
1999-08-03,2143.3701171875
1999-08-04,2144.0
1999-08-05,2082.1298828125
1999-08-06,2069.219970703125
1999-08-10,2022.56005859375
1999-08-11,1987.530029296875
1999-08-12,2012.81005859375
1999-08-13,1968.6800537109375
1999-08-16,1998.5899658203125
1999-08-17,1983.52001953125
1999-08-18,2048.8798828125
1999-08-19,2070.02001953125
1999-08-20,2087.419921875
1999-08-23,2123.969970703125
1999-08-24,2120.02001953125
1999-08-25,2136.360107421875
1999-08-26,2162.5400390625
1999-08-27,2154.6298828125
1999-08-30,2151.3798828125
1999-08-31,2117.169921875
1999-09-01,2122.340087890625
1999-09-02,2118.2099609375
1999-09-03,2093.179931640625
1999-09-06,2099.780029296875
1999-09-07,2105.419921875
1999-09-08,2097.39990234375
1999-09-09,2127.419921875
1999-09-10,2133.070068359375
1999-09-13,2139.22998046875
1999-09-14,2142.5
1999-09-15,2120.580078125
1999-09-16,2089.840087890625
1999-09-17,2131.93994140625
1999-09-20,2122.929931640625
1999-09-21,2109.0400390625
1999-09-22,2067.659912109375
1999-09-23,2068.39990234375
1999-09-24,2019.010009765625
1999-09-27,1990.3800048828125
1999-09-28,2024.43994140625
1999-09-29,2017.5699462890625
1999-09-30,2021.9300537109375
1999-10-01,2051.260009765625
1999-10-04,2037.8699951171875
1999-10-05,2064.719970703125
1999-10-06,2100.7099609375
1999-10-07,2119.969970703125
1999-10-08,2114.489990234375
1999-10-11,2122.22998046875
1999-10-12,2118.27001953125
1999-10-13,2095.60009765625
1999-10-14,2112.5400390625
1999-10-15,2061.25
1999-10-18,1993.449951171875
1999-10-19,1983.2099609375
1999-10-20,2025.47998046875
1999-10-21,2017.5
1999-10-22,2017.3800048828125
1999-10-25,2022.3599853515625
1999-10-26,2013.530029296875
1999-10-27,1988.97998046875
1999-10-28,2003.25
1999-10-29,2047.1500244140625
1999-11-01,2073.0400390625
1999-11-02,2057.219970703125
1999-11-03,2087.989990234375
1999-11-04,2109.93994140625
1999-11-05,2111.550048828125
1999-11-09,2118.080078125
1999-11-10,2138.860107421875
1999-11-11,2153.669921875
1999-11-12,2185.820068359375
1999-11-15,2225.909912109375
1999-11-16,2238.860107421875
1999-11-17,2228.860107421875
1999-11-18,2203.659912109375
1999-11-19,2221.0400390625
1999-11-22,2214.840087890625
1999-11-23,2210.9599609375
1999-11-24,2190.719970703125
1999-11-25,2201.830078125
1999-11-26,2235.820068359375
1999-11-29,2222.429931640625
1999-11-30,2237.1298828125
1999-12-01,2208.6298828125
1999-12-02,2227.300048828125
1999-12-03,2227.81005859375
1999-12-06,2243.840087890625
1999-12-07,2299.8701171875
1999-12-08,2351.330078125
1999-12-09,2372.110107421875
1999-12-10,2395.43994140625
1999-12-13,2386.320068359375
1999-12-14,2369.25
1999-12-15,2329.419921875
1999-12-16,2314.85009765625
1999-12-17,2372.469970703125
1999-12-20,2369.659912109375
1999-12-21,2362.580078125
1999-12-22,2383.659912109375
1999-12-23,2424.14990234375
1999-12-24,2446.570068359375
1999-12-27,2460.419921875
1999-12-28,2446.969970703125
1999-12-29,2472.68994140625
1999-12-30,2479.580078125
2000-01-03,2582.93994140625
2000-01-04,2530.14990234375
2000-01-05,2391.030029296875
2000-01-06,2359.2099609375
2000-01-07,2406.0400390625
2000-01-10,2433.679931640625
2000-01-11,2409.699951171875
2000-01-12,2427.56005859375
2000-01-13,2394.320068359375
2000-01-14,2392.530029296875
2000-01-17,2342.0400390625
2000-01-18,2319.77001953125
2000-01-19,2254.8701171875
2000-01-20,2315.530029296875
2000-01-21,2278.47998046875
2000-01-24,2264.639892578125
2000-01-25,2238.830078125
2000-01-26,2259.5
2000-01-27,2305.719970703125
2000-01-28,2284.909912109375
2000-01-31,2230.280029296875
2000-02-01,2230.389892578125
2000-02-02,2271.39990234375
2000-02-03,2249.330078125
2000-02-04,2258.909912109375
2000-02-08,2245.800048828125
2000-02-09,2227.320068359375
2000-02-10,2225.300048828125
2000-02-11,2234.919921875
2000-02-14,2236.159912109375
2000-02-15,2199.360107421875
2000-02-16,2212.320068359375
2000-02-17,2230.050048828125
2000-02-18,2177.360107421875
2000-02-21,2115.85009765625
2000-02-22,2106.6201171875
2000-02-23,2137.699951171875
2000-02-24,2123.669921875
2000-02-25,2140.39990234375
2000-02-28,2118.64990234375
2000-02-29,2120.5
2000-03-01,2114.050048828125
2000-03-02,2110.169921875
2000-03-03,2117.030029296875
2000-03-06,2119.969970703125
2000-03-07,2091.31005859375
2000-03-08,2072.580078125
2000-03-09,2082.2900390625
2000-03-10,2096.239990234375
2000-03-13,2042.6600341796875
2000-03-14,2053.469970703125
2000-03-15,2022.1099853515625
2000-03-17,2094.469970703125
2000-03-20,2077.10009765625
2000-03-21,2118.5400390625
2000-03-22,2133.639892578125
2000-03-23,2126.85009765625
2000-03-24,2146.199951171875
2000-03-27,2217.070068359375
2000-03-28,2207.6298828125
2000-03-29,2181.4599609375
2000-03-30,2116.81005859375
2000-03-31,2132.590087890625
2000-04-03,2071.679931640625
2000-04-04,2058.5400390625
2000-04-05,2055.300048828125
2000-04-06,2111.510009765625
2000-04-07,2150.510009765625
2000-04-10,2126.929931640625
2000-04-11,2131.3798828125
2000-04-12,2135.389892578125
2000-04-13,2163.89990234375
2000-04-14,2189.760009765625
2000-04-17,1999.3900146484375
2000-04-18,2007.1700439453125
2000-04-19,2058.909912109375
2000-04-20,2080.27001953125
2000-04-24,2049.780029296875
2000-04-25,2066.9599609375
2000-04-26,2108.800048828125
2000-04-27,2151.719970703125
2000-04-28,2164.110107421875
2000-05-02,2166.85009765625
2000-05-03,2145.22998046875
2000-05-04,2120.800048828125
2000-05-05,2118.360107421875
2000-05-08,2079.3798828125
2000-05-09,2089.47998046875
2000-05-10,2057.219970703125
2000-05-11,2003.719970703125
2000-05-12,2026.6500244140625
2000-05-15,2011.4599609375
2000-05-16,2054.64990234375
2000-05-17,2011.8299560546875
2000-05-19,1992.4200439453125
2000-05-22,1929.8800048828125
2000-05-23,1905.780029296875
2000-05-24,1871.93994140625
2000-05-25,1850.239990234375
2000-05-26,1820.6300048828125
2000-05-29,1833.6099853515625
2000-05-30,1799.22998046875
2000-05-31,1795.1300048828125
2000-06-01,1837.260009765625
2000-06-02,1910.4000244140625
2000-06-05,1982.4300537109375
2000-06-06,2001.719970703125
2000-06-07,2034.8699951171875
2000-06-08,2060.27001953125
2000-06-09,2042.6099853515625
2000-06-12,2042.06005859375
2000-06-13,2018.6300048828125
2000-06-14,2036.1800537109375
2000-06-15,2035.6700439453125
2000-06-16,2012.199951171875
2000-06-19,1996.1800537109375
2000-06-20,2010.0799560546875
2000-06-21,2029.3399658203125
2000-06-22,2028.6199951171875
2000-06-23,2034.31005859375
2000-06-26,2027.1199951171875
2000-06-27,2036.43994140625
2000-06-28,2061.159912109375
2000-06-29,2049.7099609375
2000-06-30,2037.969970703125
2000-07-03,2070.81005859375
2000-07-04,2072.419921875
2000-07-05,2080.330078125
2000-07-06,2064.75
2000-07-07,2092.6298828125
2000-07-10,2098.110107421875
2000-07-11,2107.080078125
2000-07-12,2113.3701171875
2000-07-13,2085.010009765625
2000-07-14,2079.889892578125
2000-07-17,2107.93994140625
2000-07-18,2106.469970703125
2000-07-19,2137.2099609375
2000-07-20,2133.25
2000-07-21,2126.699951171875
2000-07-24,2098.9599609375
2000-07-25,2098.300048828125
2000-07-26,2079.169921875
2000-07-27,2057.02001953125
2000-07-28,2039.02001953125
2000-07-31,2051.2099609375
2000-08-01,2074.080078125
2000-08-02,2065.919921875
2000-08-03,2045.030029296875
2000-08-04,2052.72998046875
2000-08-07,2059.320068359375
2000-08-08,2045.02001953125
2000-08-10,2084.330078125
2000-08-11,2101.0
2000-08-14,2127.139892578125
2000-08-15,2153.43994140625
2000-08-16,2185.8701171875
2000-08-17,2207.050048828125
2000-08-18,2185.52001953125
2000-08-21,2200.68994140625
2000-08-22,2210.510009765625
2000-08-23,2190.449951171875
2000-08-24,2173.9599609375
2000-08-25,2166.2900390625
2000-08-28,2176.110107421875
2000-08-29,2166.679931640625
2000-08-30,2165.340087890625
2000-08-31,2147.77001953125
2000-09-01,2160.699951171875
2000-09-04,2190.06005859375
2000-09-05,2177.89990234375
2000-09-06,2163.389892578125
2000-09-07,2141.489990234375
2000-09-08,2135.050048828125
2000-09-11,2119.610107421875
2000-09-12,2086.06005859375
2000-09-13,2082.090087890625
2000-09-14,2077.02001953125
2000-09-15,2053.68994140625
2000-09-18,2016.260009765625
2000-09-19,2014.4200439453125
2000-09-20,2006.5899658203125
2000-09-21,1988.81005859375
2000-09-22,1932.989990234375
2000-09-25,1977.5999755859375
2000-09-26,1989.47998046875
2000-09-27,1970.2900390625
2000-09-28,1964.93994140625
2000-09-29,1997.030029296875
2000-10-02,1972.949951171875
2000-10-03,1978.1400146484375
2000-10-04,1976.68994140625
2000-10-05,1995.010009765625
2000-10-06,1962.969970703125
2000-10-09,1887.1800537109375
2000-10-10,1913.81005859375
2000-10-11,1846.56005859375
2000-10-12,1865.8499755859375
2000-10-13,1860.4000244140625
2000-10-16,1883.3699951171875
2000-10-17,1818.449951171875
2000-10-18,1828.56005859375
2000-10-19,1884.050048828125
2000-10-20,1923.6700439453125
2000-10-23,1914.489990234375
2000-10-24,1915.68994140625
2000-10-25,1922.280029296875
2000-10-27,1961.0400390625
2000-10-30,1957.75
2000-10-31,1976.5400390625
2000-11-01,2040.010009765625
2000-11-02,2040.4300537109375
2000-11-03,2061.5
2000-11-06,2006.8399658203125
2000-11-07,2021.300048828125
2000-11-08,2016.52001953125
2000-11-09,2003.7900390625
2000-11-10,1986.199951171875
2000-11-13,1937.969970703125
2000-11-14,1980.550048828125
2000-11-15,1957.6800537109375
2000-11-16,1982.3399658203125
2000-11-17,1953.5400390625
2000-11-20,1934.18994140625
2000-11-21,1924.3800048828125
2000-11-22,1911.0699462890625
2000-11-23,1940.27001953125
2000-11-24,1984.3599853515625
2000-11-27,1979.52001953125
2000-11-28,1966.260009765625
2000-11-29,1960.7099609375
2000-11-30,1952.22998046875
2000-12-01,1955.0
2000-12-04,1930.969970703125
2000-12-05,1953.6099853515625
2000-12-06,1974.8299560546875
2000-12-07,1958.72998046875
2000-12-08,1960.1600341796875
2000-12-11,2004.2900390625
2000-12-12,1983.7099609375
2000-12-13,2013.6600341796875
2000-12-14,1980.5400390625
2000-12-15,1948.1800537109375
2000-12-18,1969.72998046875
2000-12-19,1960.8599853515625
2000-12-20,1929.3199462890625
2000-12-21,1898.8399658203125
2000-12-22,1902.8599853515625
2000-12-26,1892.5999755859375
2000-12-28,1900.530029296875
2000-12-29,1926.8299560546875
2001-01-02,1896.280029296875
2001-01-03,1861.52001953125
2001-01-04,1920.75
2001-01-05,1974.8199462890625
2001-01-08,1951.199951171875
2001-01-09,1968.0699462890625
2001-01-10,1969.9100341796875
2001-01-11,1915.02001953125
2001-01-12,1919.8199462890625
2001-01-15,1929.43994140625
2001-01-16,1916.02001953125
2001-01-17,1907.1800537109375
2001-01-18,1887.5899658203125
2001-01-19,1906.8900146484375
2001-01-22,1910.97998046875
2001-01-23,1914.199951171875
2001-01-26,1905.8900146484375
2001-01-29,1932.050048828125
2001-01-30,1961.52001953125
2001-01-31,1991.2900390625
2001-02-01,1982.3800048828125
2001-02-02,1976.5999755859375
2001-02-05,1953.3900146484375
2001-02-06,1947.77001953125
2001-02-07,1942.6500244140625
2001-02-08,1982.3399658203125
2001-02-09,1973.3699951171875
2001-02-12,1990.1800537109375
2001-02-13,1988.7900390625
2001-02-14,1966.0999755859375
2001-02-15,1975.550048828125
2001-02-16,1971.56005859375
2001-02-19,1948.010009765625
2001-02-20,1976.1300048828125
2001-02-21,1961.219970703125
2001-02-22,1944.6199951171875
2001-02-23,1946.8599853515625
2001-02-26,1960.31005859375
2001-02-27,1937.1400146484375
2001-02-28,1947.4000244140625
2001-03-01,1911.77001953125
2001-03-02,1907.239990234375
2001-03-05,1900.06005859375
2001-03-07,1910.739990234375
2001-03-08,1905.1700439453125
2001-03-09,1898.3199462890625
2001-03-12,1849.8399658203125
2001-03-13,1797.969970703125
2001-03-14,1792.1800537109375
2001-03-15,1793.8399658203125
2001-03-16,1772.0999755859375
2001-03-19,1722.1500244140625
2001-03-20,1731.699951171875
2001-03-21,1728.0
2001-03-22,1683.52001953125
2001-03-23,1715.31005859375
2001-03-26,1718.18994140625
2001-03-27,1679.3900146484375
2001-03-28,1654.3199462890625
2001-03-29,1628.030029296875
2001-03-30,1674.18994140625
2001-04-02,1648.9000244140625
2001-04-03,1644.1099853515625
2001-04-04,1621.989990234375
2001-04-05,1676.8800048828125
2001-04-06,1670.1800537109375
2001-04-09,1594.949951171875
2001-04-10,1605.1199951171875
2001-04-11,1616.199951171875
2001-04-12,1592.5799560546875
2001-04-16,1593.8699951171875
2001-04-17,1566.72998046875
2001-04-18,1605.97998046875
2001-04-19,1645.93994140625
2001-04-20,1656.18994140625
2001-04-23,1684.9000244140625
2001-04-24,1686.1400146484375
2001-04-25,1670.8299560546875
2001-04-26,1670.0699462890625
2001-04-27,1686.449951171875
2001-04-30,1722.719970703125
2001-05-02,1737.6600341796875
2001-05-03,1734.22998046875
2001-05-04,1714.8399658203125
2001-05-08,1701.97998046875
2001-05-09,1682.3399658203125
2001-05-10,1688.9000244140625
2001-05-11,1703.3499755859375
2001-05-14,1680.0699462890625
2001-05-15,1690.6300048828125
2001-05-16,1656.72998046875
2001-05-17,1681.969970703125
2001-05-18,1662.6400146484375
2001-05-21,1666.68994140625
2001-05-22,1682.300048828125
2001-05-23,1686.9599609375
2001-05-24,1692.3800048828125
2001-05-25,1687.75
2001-05-28,1676.550048828125
2001-05-29,1682.25
2001-05-30,1662.739990234375
2001-05-31,1657.050048828125
2001-06-01,1649.780029296875
2001-06-04,1666.1199951171875
2001-06-05,1674.6199951171875
2001-06-06,1679.1300048828125
2001-06-07,1683.77001953125
2001-06-08,1707.4599609375
2001-06-11,1685.97998046875
2001-06-12,1678.3800048828125
2001-06-13,1696.0
2001-06-14,1689.5
2001-06-15,1706.0999755859375
2001-06-18,1713.719970703125
2001-06-19,1701.6099853515625
2001-06-20,1684.800048828125
2001-06-21,1685.9300537109375
2001-06-22,1716.8800048828125
2001-06-25,1707.5699462890625
2001-06-26,1710.0699462890625
2001-06-27,1703.3800048828125
2001-06-28,1707.6400146484375
2001-06-29,1726.5
2001-07-02,1706.6199951171875
2001-07-03,1703.27001953125
2001-07-04,1693.7099609375
2001-07-05,1688.02001953125
2001-07-06,1660.760009765625
2001-07-09,1654.5799560546875
2001-07-10,1680.3399658203125
2001-07-11,1661.3900146484375
2001-07-12,1672.81005859375
2001-07-13,1656.93994140625
2001-07-16,1660.56005859375
2001-07-17,1638.780029296875
2001-07-18,1627.8199462890625
2001-07-19,1626.8399658203125
2001-07-20,1638.0799560546875
2001-07-23,1627.3900146484375
2001-07-24,1630.8499755859375
2001-07-25,1632.510009765625
2001-07-26,1639.3599853515625
2001-07-27,1640.4000244140625
2001-07-30,1657.56005859375
2001-07-31,1666.030029296875
2001-08-01,1684.8299560546875
2001-08-02,1670.0799560546875
2001-08-03,1649.3599853515625
2001-08-06,1658.2099609375
2001-08-07,1657.1099853515625
2001-08-08,1641.9100341796875
2001-08-10,1641.4300537109375
2001-08-13,1626.1400146484375
2001-08-14,1647.449951171875
2001-08-15,1644.68994140625
2001-08-16,1634.0999755859375
2001-08-17,1636.18994140625
2001-08-20,1626.9200439453125
2001-08-21,1631.6400146484375
2001-08-22,1632.4000244140625
2001-08-23,1635.3900146484375
2001-08-24,1624.6099853515625
2001-08-27,1644.949951171875
2001-08-28,1640.6500244140625
2001-08-29,1634.8299560546875
2001-08-30,1615.739990234375
2001-08-31,1619.1199951171875
2001-09-03,1615.510009765625
2001-09-04,1620.550048828125
2001-09-05,1622.52001953125
2001-09-06,1608.0
2001-09-07,1576.949951171875
2001-09-10,1558.449951171875
2001-09-11,1566.760009765625
2001-09-12,1450.449951171875
2001-09-13,1438.6700439453125
2001-09-14,1400.300048828125
2001-09-17,1334.449951171875
2001-09-18,1324.300048828125
2001-09-19,1342.1600341796875
2001-09-20,1313.469970703125
2001-09-21,1241.2900390625
2001-09-24,1284.6800537109375
2001-09-25,1281.52001953125
2001-09-26,1277.7099609375
2001-09-27,1310.8699951171875
2001-09-28,1319.530029296875
2001-10-01,1332.2900390625
2001-10-02,1350.3199462890625
2001-10-03,1335.260009765625
2001-10-04,1377.739990234375
2001-10-05,1385.449951171875
2001-10-08,1349.010009765625
2001-10-09,1382.56005859375
2001-10-10,1365.56005859375
2001-10-11,1395.739990234375
2001-10-12,1416.239990234375
2001-10-15,1420.780029296875
2001-10-16,1428.6500244140625
2001-10-17,1442.0699462890625
2001-10-18,1406.739990234375
2001-10-19,1388.77001953125
2001-10-22,1387.97998046875
2001-10-23,1405.489990234375
2001-10-24,1417.199951171875
2001-10-25,1409.1800537109375
2001-10-26,1411.25
2001-10-29,1393.739990234375
2001-10-30,1383.3599853515625
2001-10-31,1367.8399658203125
2001-11-01,1347.510009765625
2001-11-02,1341.5699462890625
2001-11-05,1340.489990234375
2001-11-06,1335.010009765625
2001-11-07,1328.5
2001-11-08,1332.9100341796875
2001-11-09,1362.77001953125
2001-11-12,1370.3199462890625
2001-11-13,1366.3299560546875
2001-11-15,1432.1700439453125
2001-11-16,1422.1700439453125
2001-11-19,1452.199951171875
2001-11-20,1446.8199462890625
2001-11-21,1465.199951171875
2001-11-22,1451.1300048828125
2001-11-23,1458.199951171875
2001-11-26,1475.550048828125
2001-11-27,1502.0999755859375
2001-11-28,1476.530029296875
2001-11-29,1454.4000244140625
2001-11-30,1478.5400390625
2001-12-03,1494.280029296875
2001-12-04,1538.030029296875
2001-12-05,1593.18994140625
2001-12-06,1618.1199951171875
2001-12-07,1628.800048828125
2001-12-10,1616.3599853515625
2001-12-11,1602.8199462890625
2001-12-12,1594.5899658203125
2001-12-13,1569.72998046875
2001-12-14,1558.449951171875
2001-12-18,1583.5999755859375
2001-12-19,1595.43994140625
2001-12-20,1593.27001953125
2001-12-21,1577.0699462890625
2001-12-24,1581.3299560546875
2001-12-26,1586.969970703125
2001-12-27,1612.010009765625
2001-12-28,1625.97998046875
2001-12-31,1623.5999755859375
2002-01-02,1625.68994140625
2002-01-03,1653.7099609375
2002-01-04,1678.6700439453125
2002-01-07,1695.949951171875
2002-01-08,1704.02001953125
2002-01-09,1686.199951171875
2002-01-10,1706.6400146484375
2002-01-11,1704.0699462890625
2002-01-14,1731.52001953125
2002-01-15,1694.47998046875
2002-01-16,1674.5400390625
2002-01-17,1660.510009765625
2002-01-18,1661.75
2002-01-21,1671.510009765625
2002-01-22,1663.1800537109375
2002-01-23,1666.3599853515625
2002-01-24,1662.97998046875
2002-01-25,1730.8299560546875
2002-01-28,1772.9000244140625
2002-01-29,1771.239990234375
2002-01-30,1755.6099853515625
2002-01-31,1786.8900146484375
2002-02-01,1781.4200439453125
2002-02-04,1758.1500244140625
2002-02-05,1727.6300048828125
2002-02-06,1748.6099853515625
2002-02-07,1717.1099853515625
2002-02-08,1736.4200439453125
2002-02-11,1740.6099853515625
2002-02-14,1774.6300048828125
2002-02-15,1768.27001953125
2002-02-18,1760.739990234375
2002-02-19,1742.72998046875
2002-02-20,1729.3499755859375
2002-02-21,1731.8299560546875
2002-02-22,1690.1600341796875
2002-02-25,1667.6700439453125
2002-02-26,1682.4000244140625
2002-02-27,1702.3699951171875
2002-02-28,1715.5799560546875
2002-03-01,1721.52001953125
2002-03-04,1808.0699462890625
2002-03-05,1806.2900390625
2002-03-06,1799.5899658203125
2002-03-07,1794.31005859375
2002-03-08,1798.989990234375
2002-03-11,1805.0999755859375
2002-03-12,1783.3199462890625
2002-03-13,1785.6700439453125
2002-03-14,1777.77001953125
2002-03-15,1778.0799560546875
2002-03-18,1786.300048828125
2002-03-19,1808.4100341796875
2002-03-20,1801.8800048828125
2002-03-21,1793.8699951171875
2002-03-22,1800.199951171875
2002-03-25,1798.5899658203125
2002-03-26,1794.1099853515625
2002-03-27,1795.1600341796875
2002-03-28,1803.219970703125
2002-04-01,1789.0899658203125
2002-04-02,1797.280029296875
2002-04-03,1782.989990234375
2002-04-04,1778.1800537109375
2002-04-05,1779.969970703125
2002-04-08,1765.6600341796875
2002-04-09,1754.260009765625
2002-04-10,1715.3499755859375
2002-04-11,1740.5799560546875
2002-04-12,1751.75
2002-04-15,1757.5400390625
2002-04-16,1770.050048828125
2002-04-17,1771.3399658203125
2002-04-18,1747.5400390625
2002-04-19,1730.8199462890625
2002-04-22,1727.6600341796875
2002-04-23,1740.449951171875
2002-04-24,1734.719970703125
2002-04-25,1727.4200439453125
2002-04-26,1728.3199462890625
2002-04-29,1712.260009765625
2002-04-30,1725.3699951171875
2002-05-02,1740.3499755859375
2002-05-03,1741.010009765625
2002-05-06,1722.050048828125
2002-05-07,1720.97998046875
2002-05-08,1735.4300537109375
2002-05-09,1733.6099853515625
2002-05-10,1735.949951171875
2002-05-13,1732.7900390625
2002-05-14,1742.25
2002-05-15,1747.3199462890625
2002-05-16,1733.47998046875
2002-05-17,1733.6099853515625
2002-05-20,1724.5699462890625
2002-05-21,1730.47998046875
2002-05-22,1737.5
2002-05-23,1717.780029296875
2002-05-24,1722.31005859375
2002-05-28,1708.6300048828125
2002-05-29,1684.4200439453125
2002-05-30,1683.4300537109375
2002-05-31,1671.8399658203125
2002-06-03,1673.18994140625
2002-06-04,1647.760009765625
2002-06-05,1654.0
2002-06-06,1652.4599609375
2002-06-07,1652.449951171875
2002-06-10,1664.43994140625
2002-06-11,1656.56005859375
2002-06-12,1645.989990234375
2002-06-13,1639.93994140625
2002-06-14,1607.77001953125
2002-06-17,1597.7900390625
2002-06-18,1600.5999755859375
2002-06-19,1564.550048828125
2002-06-20,1574.300048828125
2002-06-21,1546.25
2002-06-24,1537.8800048828125
2002-06-25,1565.800048828125
2002-06-26,1532.1500244140625
2002-06-27,1531.5899658203125
2002-06-28,1552.97998046875
2002-07-01,1550.3599853515625
2002-07-02,1552.72998046875
2002-07-03,1583.1400146484375
2002-07-04,1598.75
2002-07-05,1641.530029296875
2002-07-08,1621.280029296875
2002-07-09,1645.260009765625
2002-07-10,1631.93994140625
2002-07-11,1608.18994140625
2002-07-12,1614.0899658203125
2002-07-15,1609.760009765625
2002-07-16,1585.8499755859375
2002-07-17,1583.300048828125
2002-07-18,1579.9000244140625
2002-07-19,1560.1800537109375
2002-07-22,1536.1400146484375
2002-07-23,1565.719970703125
2002-07-24,1522.800048828125
2002-07-25,1516.4100341796875
2002-07-26,1494.6800537109375
2002-07-29,1506.3599853515625
2002-07-30,1516.719970703125
2002-07-31,1508.3599853515625
2002-08-01,1517.010009765625
2002-08-02,1509.8900146484375
2002-08-05,1482.3399658203125
2002-08-06,1466.75
2002-08-07,1494.68994140625
2002-08-08,1486.81005859375
2002-08-12,1486.43994140625
2002-08-13,1529.030029296875
2002-08-14,1527.030029296875
2002-08-15,1531.8399658203125
2002-08-16,1522.5999755859375
2002-08-19,1533.4100341796875
2002-08-20,1533.6099853515625
2002-08-21,1533.469970703125
2002-08-22,1542.02001953125
2002-08-23,1531.9000244140625
2002-08-26,1516.0400390625
2002-08-27,1509.47998046875
2002-08-28,1504.9000244140625
2002-08-29,1490.3499755859375
2002-08-30,1488.5
2002-09-02,1460.6800537109375
2002-09-03,1454.9200439453125
2002-09-04,1457.47998046875
2002-09-05,1447.77001953125
2002-09-06,1442.5799560546875
2002-09-09,1423.8900146484375
2002-09-10,1447.8800048828125
2002-09-11,1448.47998046875
2002-09-12,1433.4300537109375
2002-09-13,1432.0
2002-09-16,1442.6099853515625
2002-09-17,1458.469970703125
2002-09-18,1431.25
2002-09-19,1439.1099853515625
2002-09-20,1421.030029296875
2002-09-23,1415.8199462890625
2002-09-24,1377.0699462890625
2002-09-25,1342.6199951171875
2002-09-26,1356.2900390625
2002-09-27,1373.8900146484375
2002-09-30,1352.300048828125
2002-10-01,1355.469970703125
2002-10-02,1355.4300537109375
2002-10-03,1351.97998046875
2002-10-04,1367.5699462890625
2002-10-07,1378.6099853515625
2002-10-08,1396.510009765625
2002-10-09,1376.5799560546875
2002-10-10,1357.3499755859375
2002-10-11,1373.68994140625
2002-10-14,1378.43994140625
2002-10-15,1429.6800537109375
2002-10-16,1439.050048828125
2002-10-17,1466.02001953125
2002-10-18,1461.3900146484375
2002-10-21,1457.7099609375
2002-10-22,1456.699951171875
2002-10-23,1463.3299560546875
2002-10-24,1456.9000244140625
2002-10-25,1472.1300048828125
2002-10-28,1477.989990234375
2002-10-29,1449.9300537109375
2002-10-30,1458.9599609375
2002-10-31,1463.3699951171875
2002-11-01,1427.5999755859375
2002-11-05,1434.0400390625
2002-11-06,1447.739990234375
2002-11-07,1426.3599853515625
2002-11-08,1425.9100341796875
2002-11-11,1404.3900146484375
2002-11-12,1405.989990234375
2002-11-13,1394.75
2002-11-14,1391.1600341796875
2002-11-15,1414.8499755859375
2002-11-18,1397.199951171875
2002-11-19,1393.77001953125
2002-11-20,1383.31005859375
2002-11-21,1398.9000244140625
2002-11-22,1423.6099853515625
2002-11-25,1423.52001953125
2002-11-26,1405.27001953125
2002-11-27,1394.93994140625
2002-11-28,1404.0400390625
2002-11-29,1391.530029296875
2002-12-02,1396.81005859375
2002-12-03,1381.8699951171875
2002-12-04,1366.0
2002-12-05,1365.5400390625
2002-12-09,1347.9200439453125
2002-12-10,1367.0999755859375
2002-12-11,1374.3800048828125
2002-12-12,1381.72998046875
2002-12-13,1367.47998046875
2002-12-16,1360.8299560546875
2002-12-17,1343.010009765625
2002-12-18,1334.6600341796875
2002-12-19,1354.6300048828125
2002-12-20,1337.449951171875
2002-12-23,1335.0899658203125
2002-12-24,1337.18994140625
2002-12-26,1331.449951171875
2002-12-27,1341.5799560546875
2002-12-30,1331.949951171875
2002-12-31,1341.030029296875
2003-01-02,1335.97998046875
2003-01-03,1339.9300537109375
2003-01-06,1331.6199951171875
2003-01-07,1318.739990234375
2003-01-08,1332.3199462890625
2003-01-09,1335.0899658203125
2003-01-10,1347.1700439453125
2003-01-13,1386.050048828125
2003-01-14,1401.3699951171875
2003-01-15,1386.6199951171875
2003-01-16,1379.52001953125
2003-01-17,1366.8299560546875
2003-01-20,1363.18994140625
2003-01-21,1365.3199462890625
2003-01-22,1369.1300048828125
2003-01-23,1364.4100341796875
2003-01-24,1358.0400390625
2003-01-27,1331.25
2003-01-28,1339.68994140625
2003-01-29,1302.8499755859375
2003-01-30,1295.8900146484375
2003-01-31,1291.43994140625
2003-02-04,1296.5899658203125
2003-02-05,1291.8900146484375
2003-02-06,1287.6300048828125
2003-02-07,1285.4100341796875
2003-02-10,1282.72998046875
2003-02-11,1295.969970703125
2003-02-13,1268.3299560546875
2003-02-14,1273.47998046875
2003-02-17,1301.18994140625
2003-02-18,1293.81005859375
2003-02-19,1315.530029296875
2003-02-20,1312.4100341796875
2003-02-21,1315.030029296875
2003-02-24,1306.7900390625
2003-02-25,1290.43994140625
2003-02-26,1287.1400146484375
2003-02-27,1271.25
2003-02-28,1273.8499755859375
2003-03-03,1279.199951171875
2003-03-04,1268.9599609375
2003-03-05,1265.5
2003-03-06,1243.8199462890625
2003-03-07,1226.1500244140625
2003-03-10,1213.8199462890625
2003-03-11,1216.1099853515625
2003-03-12,1233.6800537109375
2003-03-13,1231.77001953125
2003-03-14,1250.8800048828125
2003-03-17,1234.4200439453125
2003-03-18,1274.1199951171875
2003-03-19,1285.010009765625
2003-03-20,1308.1700439453125
2003-03-21,1326.1500244140625
2003-03-24,1299.56005859375
2003-03-25,1311.3199462890625
2003-03-26,1325.0
2003-03-27,1313.6500244140625
2003-03-28,1318.4300537109375
2003-03-31,1267.8199462890625
2003-04-01,1282.5799560546875
2003-04-02,1299.77001953125
2003-04-03,1302.5400390625
2003-04-04,1313.72998046875
2003-04-07,1338.8299560546875
2003-04-08,1318.1199951171875
2003-04-09,1292.8499755859375
2003-04-10,1295.9100341796875
2003-04-11,1301.02001953125
2003-04-14,1282.8699951171875
2003-04-15,1291.8299560546875
2003-04-16,1292.3499755859375
2003-04-17,1282.510009765625
2003-04-21,1271.2900390625
2003-04-22,1274.3699951171875
2003-04-23,1266.0799560546875
2003-04-24,1243.010009765625
2003-04-25,1229.1400146484375
2003-04-28,1241.0400390625
2003-04-29,1284.6099853515625
2003-04-30,1281.3299560546875
2003-05-02,1299.219970703125
2003-05-05,1325.18994140625
2003-05-06,1315.6099853515625
2003-05-07,1307.52001953125
2003-05-08,1317.9100341796875
2003-05-09,1309.5999755859375
2003-05-12,1327.4200439453125
2003-05-13,1323.1600341796875
2003-05-14,1311.0
2003-05-16,1304.9100341796875
2003-05-19,1292.8900146484375
2003-05-20,1299.22998046875
2003-05-21,1290.72998046875
2003-05-22,1305.699951171875
2003-05-23,1318.1400146484375
2003-05-26,1335.3399658203125
2003-05-27,1325.300048828125
2003-05-28,1338.5999755859375
2003-05-29,1344.300048828125
2003-05-30,1349.0
2003-06-02,1380.719970703125
2003-06-03,1378.3900146484375
2003-06-04,1401.199951171875
2003-06-05,1427.6099853515625
2003-06-06,1439.25
2003-06-09,1443.72998046875
2003-06-10,1440.9200439453125
2003-06-11,1448.7900390625
2003-06-12,1479.4100341796875
2003-06-13,1479.300048828125
2003-06-16,1465.1600341796875
2003-06-17,1493.68994140625
2003-06-18,1486.699951171875
2003-06-19,1521.1500244140625
2003-06-20,1519.1600341796875
2003-06-23,1491.7900390625
2003-06-24,1464.2099609375
2003-06-25,1462.5699462890625
2003-06-26,1458.02001953125
2003-06-27,1477.72998046875
2003-06-30,1447.8900146484375
2003-07-01,1457.1800537109375
2003-07-02,1477.1700439453125
2003-07-03,1482.9300537109375
2003-07-04,1486.239990234375
2003-07-07,1516.0899658203125
2003-07-08,1518.949951171875
2003-07-09,1523.1500244140625
2003-07-10,1519.760009765625
2003-07-11,1544.8399658203125
2003-07-14,1574.4599609375
2003-07-15,1588.6700439453125
2003-07-16,1595.9200439453125
2003-07-17,1585.9200439453125
2003-07-18,1580.9599609375
2003-07-21,1570.7900390625
2003-07-22,1550.510009765625
2003-07-23,1556.8199462890625
2003-07-24,1549.25
2003-07-25,1566.9300537109375
2003-07-28,1587.1600341796875
2003-07-29,1580.8800048828125
2003-07-30,1578.18994140625
2003-07-31,1558.8699951171875
2003-08-01,1557.0799560546875
2003-08-04,1537.280029296875
2003-08-05,1508.68994140625
2003-08-06,1510.1800537109375
2003-08-07,1533.6099853515625
2003-08-08,1534.5400390625
2003-08-11,1553.5899658203125
2003-08-12,1563.6300048828125
2003-08-13,1591.47998046875
2003-08-14,1598.969970703125
2003-08-15,1594.3199462890625
2003-08-18,1622.239990234375
2003-08-19,1615.280029296875
2003-08-20,1611.969970703125
2003-08-21,1635.3399658203125
2003-08-22,1640.18994140625
2003-08-25,1630.3900146484375
2003-08-26,1600.02001953125
2003-08-27,1594.52001953125
2003-08-28,1593.5799560546875
2003-08-29,1599.25
2003-09-01,1605.5999755859375
2003-09-02,1596.3599853515625
2003-09-03,1605.0
2003-09-04,1610.22998046875
2003-09-05,1617.8399658203125
2003-09-08,1622.280029296875
2003-09-09,1580.1400146484375
2003-09-10,1566.7099609375
2003-09-11,1593.25
2003-09-12,1584.27001953125
2003-09-15,1579.8299560546875
2003-09-16,1584.47998046875
2003-09-17,1602.75
2003-09-18,1601.22998046875
2003-09-19,1589.8599853515625
2003-09-22,1586.6300048828125
2003-09-23,1588.3599853515625
2003-09-24,1634.030029296875
2003-09-25,1629.8199462890625
2003-09-26,1627.5400390625
2003-09-29,1628.7099609375
2003-09-30,1630.800048828125
2003-10-01,1630.719970703125
2003-10-02,1644.010009765625
2003-10-03,1670.300048828125
2003-10-06,1717.8900146484375
2003-10-07,1722.0999755859375
2003-10-08,1733.9100341796875
2003-10-09,1738.1199951171875
2003-10-10,1746.0400390625
2003-10-13,1750.780029296875
2003-10-14,1730.72998046875
2003-10-15,1748.9599609375
2003-10-16,1754.18994140625
2003-10-17,1772.1800537109375
2003-10-20,1780.239990234375
2003-10-21,1792.8599853515625
2003-10-22,1771.260009765625
2003-10-23,1732.9599609375
2003-10-27,1712.6199951171875
2003-10-28,1736.0999755859375
2003-10-29,1722.2900390625
2003-10-30,1715.300048828125
2003-10-31,1723.7099609375
2003-11-03,1760.81005859375
2003-11-04,1793.510009765625
2003-11-05,1777.25
2003-11-06,1763.1300048828125
2003-11-07,1769.0899658203125
2003-11-10,1742.3299560546875
2003-11-11,1698.949951171875
2003-11-12,1717.3599853515625
2003-11-13,1746.739990234375
2003-11-14,1736.719970703125
2003-11-17,1698.1199951171875
2003-11-18,1708.3800048828125
2003-11-19,1677.3499755859375
2003-11-20,1662.4300537109375
2003-11-21,1657.25
2003-11-24,1666.9300537109375
2003-11-26,1688.4100341796875
2003-11-27,1696.43994140625
2003-11-28,1714.0
2003-12-01,1737.75
2003-12-02,1728.9599609375
2003-12-03,1737.4599609375
2003-12-04,1732.010009765625
2003-12-05,1733.0
2003-12-08,1719.3299560546875
2003-12-09,1711.3599853515625
2003-12-10,1711.1500244140625
2003-12-11,1720.18994140625
2003-12-12,1727.72998046875
2003-12-15,1743.1700439453125
2003-12-16,1729.0400390625
2003-12-17,1723.5699462890625
2003-12-18,1715.6300048828125
2003-12-19,1710.81005859375
2003-12-22,1722.489990234375
2003-12-23,1720.9200439453125
2003-12-24,1725.8699951171875
2003-12-26,1730.22998046875
2003-12-29,1741.010009765625
2003-12-30,1763.8699951171875
2003-12-31,1764.52001953125
2004-01-02,1791.3499755859375
2004-01-05,1828.6600341796875
2004-01-06,1828.719970703125
2004-01-07,1835.9599609375
2004-01-08,1841.6800537109375
2004-01-09,1852.530029296875
2004-01-12,1842.489990234375
2004-01-13,1861.56005859375
2004-01-14,1860.530029296875
2004-01-15,1829.97998046875
2004-01-16,1836.8699951171875
2004-01-19,1849.2099609375
2004-01-20,1865.43994140625
2004-01-21,1889.56005859375
2004-01-26,1899.97998046875
2004-01-27,1904.550048828125
2004-01-28,1862.8399658203125
2004-01-29,1842.3199462890625
2004-01-30,1848.3599853515625
2004-02-03,1845.1300048828125
2004-02-04,1834.6400146484375
2004-02-05,1828.6600341796875
2004-02-06,1854.4100341796875
2004-02-09,1888.199951171875
2004-02-10,1872.6800537109375
2004-02-11,1868.510009765625
2004-02-12,1862.93994140625
2004-02-13,1864.0699462890625
2004-02-16,1861.3900146484375
2004-02-17,1893.469970703125
2004-02-18,1888.510009765625
2004-02-19,1889.9599609375
2004-02-20,1891.780029296875
2004-02-23,1884.530029296875
2004-02-24,1878.4100341796875
2004-02-25,1868.280029296875
2004-02-26,1888.699951171875
2004-02-27,1888.6300048828125
2004-03-01,1891.72998046875
2004-03-02,1892.9300537109375
2004-03-03,1880.5799560546875
2004-03-04,1893.010009765625
2004-03-05,1891.5400390625
2004-03-08,1888.3499755859375
2004-03-09,1885.199951171875
2004-03-10,1875.02001953125
2004-03-11,1847.780029296875
2004-03-12,1835.0799560546875
2004-03-15,1838.22998046875
2004-03-16,1826.3199462890625
2004-03-17,1833.5699462890625
2004-03-18,1835.1800537109375
2004-03-19,1839.1199951171875
2004-03-22,1812.1600341796875
2004-03-23,1818.4100341796875
2004-03-24,1835.2900390625
2004-03-25,1830.4000244140625
2004-03-26,1827.1099853515625
2004-03-29,1835.5400390625
2004-03-30,1844.5400390625
2004-03-31,1858.9200439453125
2004-04-01,1870.699951171875
2004-04-02,1880.449951171875
2004-04-05,1890.199951171875
2004-04-06,1881.6700439453125
2004-04-07,1884.4300537109375
2004-04-08,1901.9200439453125
2004-04-12,1898.27001953125
2004-04-13,1895.510009765625
2004-04-14,1869.6700439453125
2004-04-15,1844.3800048828125
2004-04-16,1853.989990234375
2004-04-19,1844.7099609375
2004-04-20,1850.4200439453125
2004-04-21,1848.4100341796875
2004-04-22,1863.7099609375
2004-04-23,1867.6400146484375
2004-04-26,1849.3800048828125
2004-04-27,1853.5799560546875
2004-04-28,1847.760009765625
2004-04-29,1812.1300048828125
2004-04-30,1842.030029296875
2004-05-03,1839.22998046875
2004-05-04,1865.3499755859375
2004-05-05,1879.43994140625
2004-05-06,1866.6099853515625
2004-05-07,1843.719970703125
2004-05-10,1791.780029296875
2004-05-11,1803.3900146484375
2004-05-12,1802.1700439453125
2004-05-13,1778.5899658203125
2004-05-14,1754.9599609375
2004-05-17,1700.3299560546875
2004-05-18,1722.800048828125
2004-05-19,1765.260009765625
2004-05-20,1741.5699462890625
2004-05-21,1767.22998046875
2004-05-24,1779.7900390625
2004-05-25,1766.4200439453125
2004-05-26,1776.699951171875
2004-05-27,1778.550048828125
2004-05-28,1787.1800537109375
2004-05-31,1788.6600341796875
2004-06-01,1791.969970703125
2004-06-03,1780.8800048828125
2004-06-04,1791.699951171875
2004-06-07,1818.0
2004-06-08,1820.1400146484375
2004-06-09,1820.1199951171875
2004-06-10,1828.7900390625
2004-06-11,1823.1400146484375
2004-06-14,1814.06005859375
2004-06-15,1820.5
2004-06-16,1831.31005859375
2004-06-17,1814.1500244140625
2004-06-18,1791.6199951171875
2004-06-21,1787.1500244140625
2004-06-22,1785.9300537109375
2004-06-23,1794.6500244140625
2004-06-24,1799.47998046875
2004-06-25,1805.5400390625
2004-06-28,1816.4200439453125
2004-06-29,1830.239990234375
2004-06-30,1838.0
2004-07-01,1844.1800537109375
2004-07-02,1839.3299560546875
2004-07-05,1862.75
2004-07-06,1874.5699462890625
2004-07-07,1873.75
2004-07-08,1860.5
2004-07-09,1862.030029296875
2004-07-12,1870.8900146484375
2004-07-13,1878.1500244140625
2004-07-14,1870.9000244140625
2004-07-15,1867.56005859375
2004-07-16,1871.469970703125
2004-07-19,1881.77001953125
2004-07-20,1865.260009765625
2004-07-21,1873.1700439453125
2004-07-22,1862.969970703125
2004-07-23,1850.260009765625
2004-07-26,1855.97998046875
2004-07-27,1869.0799560546875
2004-07-28,1875.25
2004-07-29,1892.1099853515625
2004-07-30,1891.7099609375
2004-08-02,1887.4100341796875
2004-08-03,1911.800048828125
2004-08-04,1903.8499755859375
2004-08-05,1935.699951171875
2004-08-06,1922.75
2004-08-09,1922.75
2004-08-10,1901.4100341796875
2004-08-11,1896.18994140625
2004-08-12,1888.1800537109375
2004-08-13,1872.8800048828125
2004-08-16,1877.5999755859375
2004-08-17,1880.52001953125
2004-08-18,1890.6800537109375
2004-08-19,1907.050048828125
2004-08-20,1894.9300537109375
2004-08-23,1901.22998046875
2004-08-24,1905.4000244140625
2004-08-25,1917.0899658203125
2004-08-26,1919.0999755859375
2004-08-27,1915.9000244140625
2004-08-30,1905.449951171875
2004-08-31,1918.3399658203125
2004-09-01,1929.47998046875
2004-09-02,1940.8599853515625
2004-09-03,1936.550048828125
2004-09-06,1937.4300537109375
2004-09-07,1961.469970703125
2004-09-08,1959.1300048828125
2004-09-09,1965.280029296875
2004-09-10,1967.699951171875
2004-09-13,1985.7900390625
2004-09-14,1994.1300048828125
2004-09-15,2003.989990234375
2004-09-16,1997.1199951171875
2004-09-17,2003.56005859375
2004-09-20,1988.1099853515625
2004-09-21,2001.8699951171875
2004-09-22,1993.550048828125
2004-09-23,1988.6400146484375
2004-09-24,1973.4599609375
2004-09-27,1983.3900146484375
2004-09-28,1979.0999755859375
2004-09-29,1974.3499755859375
2004-09-30,1984.739990234375
2004-10-01,1981.1400146484375
2004-10-04,2013.8900146484375
2004-10-05,2011.739990234375
2004-10-06,2016.0400390625
2004-10-07,2006.18994140625
2004-10-08,2004.300048828125
2004-10-11,1991.989990234375
2004-10-12,1971.0400390625
2004-10-13,1971.1500244140625
2004-10-14,1951.469970703125
2004-10-15,1962.5400390625
2004-10-18,1950.550048828125
2004-10-19,1970.22998046875
2004-10-20,1953.0
2004-10-21,1969.1800537109375
2004-10-22,1967.0699462890625
2004-10-25,1953.43994140625
2004-10-26,1957.4100341796875
2004-10-27,1959.050048828125
2004-10-28,1988.050048828125
2004-10-29,1980.68994140625
2004-11-01,1978.7900390625
2004-11-02,1995.3800048828125
2004-11-03,2017.4300537109375
2004-11-04,2010.6500244140625
2004-11-05,2015.77001953125
2004-11-08,2009.9599609375
2004-11-09,2011.510009765625
2004-11-10,2022.989990234375
2004-11-12,2038.4599609375
2004-11-16,2036.4200439453125
2004-11-17,2046.4000244140625
2004-11-18,2032.6199951171875
2004-11-19,2038.2099609375
2004-11-22,2020.1400146484375
2004-11-23,2029.8599853515625
2004-11-24,2040.18994140625
2004-11-25,2034.8800048828125
2004-11-26,2028.4300537109375
2004-11-29,2038.719970703125
2004-11-30,2027.6600341796875
2004-12-01,2038.8399658203125
2004-12-02,2062.760009765625
2004-12-03,2061.580078125
2004-12-06,2032.3800048828125
2004-12-07,2016.260009765625
2004-12-08,2020.6600341796875
2004-12-09,1999.1400146484375
2004-12-10,2016.3299560546875
2004-12-13,2017.2900390625
2004-12-14,2031.2900390625
2004-12-15,2048.7900390625
2004-12-16,2034.300048828125
2004-12-17,2057.97998046875
2004-12-20,2056.239990234375
2004-12-21,2063.590087890625
2004-12-22,2055.77001953125
2004-12-23,2055.47998046875
2004-12-24,2055.56005859375
2004-12-27,2050.989990234375
2004-12-28,2058.1201171875
2004-12-29,2057.820068359375
2004-12-30,2061.56005859375
2004-12-31,2066.139892578125
2005-01-03,2070.14990234375
2005-01-04,2068.489990234375
2005-01-05,2071.0400390625
2005-01-06,2089.820068359375
2005-01-07,2085.580078125
2005-01-10,2089.679931640625
2005-01-11,2092.2099609375
2005-01-12,2079.800048828125
2005-01-13,2082.340087890625
2005-01-14,2076.1298828125
2005-01-17,2087.1201171875
2005-01-18,2084.18994140625
2005-01-19,2097.389892578125
2005-01-20,2085.389892578125
2005-01-24,2074.239990234375
2005-01-25,2065.7099609375
2005-01-26,2086.929931640625
2005-01-27,2073.1201171875
2005-01-28,2089.510009765625
2005-01-31,2096.320068359375
2005-02-01,2094.64990234375
2005-02-02,2108.68994140625
2005-02-03,2108.159912109375
2005-02-04,2113.580078125
2005-02-07,2118.10009765625
2005-02-08,2140.159912109375
2005-02-11,2149.60009765625
2005-02-14,2164.929931640625
2005-02-15,2163.389892578125
2005-02-16,2155.10009765625
2005-02-17,2164.199951171875
2005-02-18,2168.860107421875
2005-02-21,2166.3798828125
2005-02-22,2146.72998046875
2005-02-23,2136.419921875
2005-02-24,2152.590087890625
2005-02-25,2135.080078125
2005-02-28,2119.39990234375
2005-03-01,2125.110107421875
2005-03-02,2144.360107421875
2005-03-03,2147.530029296875
2005-03-04,2154.550048828125
2005-03-07,2166.1201171875
2005-03-08,2160.6298828125
2005-03-09,2184.2900390625
2005-03-10,2170.199951171875
2005-03-11,2169.409912109375
2005-03-14,2168.969970703125
2005-03-15,2163.929931640625
2005-03-16,2169.639892578125
2005-03-17,2159.889892578125
2005-03-18,2174.489990234375
2005-03-21,2177.52001953125
2005-03-22,2176.409912109375
2005-03-23,2145.10009765625
2005-03-24,2151.449951171875
2005-03-28,2144.360107421875
2005-03-29,2127.7099609375
2005-03-30,2123.159912109375
2005-03-31,2141.429931640625
2005-04-01,2143.75
2005-04-04,2157.800048828125
2005-04-05,2157.81005859375
2005-04-06,2165.780029296875
2005-04-07,2176.389892578125
2005-04-08,2181.93994140625
2005-04-11,2181.580078125
2005-04-12,2173.56005859375
2005-04-13,2174.090087890625
2005-04-14,2168.590087890625
2005-04-15,2150.22998046875
2005-04-18,2107.669921875
2005-04-19,2128.7099609375
2005-04-20,2129.25
2005-04-21,2137.72998046875
2005-04-22,2136.909912109375
2005-04-25,2137.389892578125
2005-04-26,2149.639892578125
2005-04-27,2145.340087890625
2005-04-28,2140.239990234375
2005-04-29,2125.25
2005-05-03,2137.169921875
2005-05-04,2149.3798828125
2005-05-05,2148.10009765625
2005-05-06,2161.219970703125
2005-05-09,2166.2900390625
2005-05-10,2165.85009765625
2005-05-11,2173.139892578125
2005-05-12,2181.18994140625
2005-05-13,2171.669921875
2005-05-16,2165.47998046875
2005-05-17,2154.3701171875
2005-05-18,2153.64990234375
2005-05-19,2167.27001953125
2005-05-20,2173.77001953125
2005-05-24,2175.199951171875
2005-05-25,2160.469970703125
2005-05-26,2152.56005859375
2005-05-27,2154.699951171875
2005-05-30,2171.919921875
2005-05-31,2161.77001953125
2005-06-01,2176.929931640625
2005-06-02,2191.550048828125
2005-06-03,2192.669921875
2005-06-06,2201.3798828125
2005-06-07,2206.840087890625
2005-06-08,2198.2900390625
2005-06-09,2198.56005859375
2005-06-10,2220.429931640625
2005-06-13,2218.860107421875
2005-06-14,2202.18994140625
2005-06-15,2201.909912109375
2005-06-16,2202.739990234375
2005-06-17,2209.14990234375
2005-06-20,2197.3798828125
2005-06-21,2196.639892578125
2005-06-22,2206.340087890625
2005-06-23,2223.449951171875
2005-06-24,2223.719970703125
2005-06-27,2206.7099609375
2005-06-28,2197.610107421875
2005-06-29,2202.27001953125
2005-06-30,2212.659912109375
2005-07-01,2209.949951171875
2005-07-04,2221.159912109375
2005-07-05,2222.610107421875
2005-07-06,2234.1298828125
2005-07-07,2212.340087890625
2005-07-08,2215.989990234375
2005-07-11,2241.18994140625
2005-07-12,2235.590087890625
2005-07-13,2239.010009765625
2005-07-14,2250.159912109375
2005-07-15,2250.2900390625
2005-07-18,2248.139892578125
2005-07-19,2292.919921875
2005-07-20,2309.260009765625
2005-07-21,2311.139892578125
2005-07-22,2319.340087890625
2005-07-25,2309.610107421875
2005-07-26,2321.77001953125
2005-07-27,2333.6201171875
2005-07-28,2346.18994140625
2005-07-29,2352.56005859375
2005-08-01,2365.719970703125
2005-08-02,2377.1298828125
2005-08-03,2365.18994140625
2005-08-04,2362.389892578125
2005-08-05,2338.8701171875
2005-08-08,2348.2099609375
2005-08-10,2338.489990234375
2005-08-11,2305.969970703125
2005-08-12,2303.199951171875
2005-08-15,2279.760009765625
2005-08-16,2305.300048828125
2005-08-17,2280.22998046875
2005-08-18,2282.699951171875
2005-08-19,2286.360107421875
2005-08-22,2300.949951171875
2005-08-23,2289.659912109375
2005-08-24,2278.35009765625
2005-08-25,2284.39990234375
2005-08-26,2286.550048828125
2005-08-29,2272.0
2005-08-30,2268.489990234375
2005-08-31,2275.429931640625
2005-09-01,2295.5400390625
2005-09-02,2300.889892578125
2005-09-05,2293.969970703125
2005-09-06,2289.3701171875
2005-09-07,2296.89990234375
2005-09-08,2297.89990234375
2005-09-09,2301.280029296875
2005-09-12,2325.110107421875
2005-09-13,2310.35009765625
2005-09-14,2313.35009765625
2005-09-15,2317.669921875
2005-09-16,2306.3798828125
2005-09-19,2298.5
2005-09-20,2307.419921875
2005-09-21,2298.64990234375
2005-09-22,2290.679931640625
2005-09-23,2293.0400390625
2005-09-26,2317.580078125
2005-09-27,2306.5
2005-09-28,2301.840087890625
2005-09-29,2299.2900390625
2005-09-30,2305.139892578125
2005-10-03,2301.489990234375
2005-10-04,2323.77001953125
2005-10-05,2325.889892578125
2005-10-06,2289.469970703125
2005-10-07,2305.239990234375
2005-10-10,2343.389892578125
2005-10-11,2355.02001953125
2005-10-12,2320.530029296875
2005-10-13,2320.699951171875
2005-10-14,2303.239990234375
2005-10-17,2288.5400390625
2005-10-18,2284.159912109375
2005-10-19,2218.1298828125
2005-10-20,2226.8798828125
2005-10-21,2239.360107421875
2005-10-24,2222.830078125
2005-10-25,2226.4599609375
2005-10-26,2228.7900390625
2005-10-27,2201.89990234375
2005-10-28,2192.409912109375
2005-10-31,2216.77001953125
2005-11-02,2255.5400390625
2005-11-04,2266.52001953125
2005-11-07,2257.080078125
2005-11-08,2271.989990234375
2005-11-09,2270.330078125
2005-11-10,2258.25
2005-11-11,2266.030029296875
2005-11-14,2254.14990234375
2005-11-15,2240.489990234375
2005-11-16,2254.4599609375
2005-11-17,2261.489990234375
2005-11-18,2293.199951171875
2005-11-21,2282.5
2005-11-22,2278.0400390625
2005-11-23,2296.52001953125
2005-11-24,2306.31005859375
2005-11-25,2295.72998046875
2005-11-28,2308.5400390625
2005-11-29,2302.8798828125
2005-11-30,2300.25
2005-12-01,2310.989990234375
2005-12-02,2332.52001953125
2005-12-05,2332.610107421875
2005-12-06,2308.35009765625
2005-12-07,2311.81005859375
2005-12-08,2305.7099609375
2005-12-09,2321.10009765625
2005-12-12,2331.39990234375
2005-12-13,2323.969970703125
2005-12-14,2324.3798828125
2005-12-15,2325.72998046875
2005-12-16,2325.530029296875
2005-12-19,2326.550048828125
2005-12-20,2328.719970703125
2005-12-21,2332.669921875
2005-12-22,2323.659912109375
2005-12-23,2328.2900390625
2005-12-27,2334.93994140625
2005-12-28,2337.889892578125
2005-12-29,2345.3798828125
2005-12-30,2347.340087890625
2006-01-03,2369.3701171875
2006-01-04,2384.139892578125
2006-01-05,2403.75
2006-01-06,2420.739990234375
2006-01-09,2425.989990234375
2006-01-11,2418.64990234375
2006-01-12,2407.3798828125
2006-01-13,2405.860107421875
2006-01-16,2401.199951171875
2006-01-17,2376.9599609375
2006-01-18,2359.300048828125
2006-01-19,2378.52001953125
2006-01-20,2388.909912109375
2006-01-23,2364.969970703125
2006-01-24,2368.320068359375
2006-01-25,2378.639892578125
2006-01-26,2388.219970703125
2006-01-27,2412.080078125
2006-01-30,2412.080078125
2006-01-31,2412.080078125
2006-02-01,2431.739990234375
2006-02-02,2441.389892578125
2006-02-03,2431.719970703125
2006-02-06,2441.080078125
2006-02-07,2448.72998046875
2006-02-08,2428.25
2006-02-09,2431.6201171875
2006-02-10,2423.590087890625
2006-02-13,2429.5
2006-02-14,2440.97998046875
2006-02-15,2424.169921875
2006-02-16,2434.659912109375
2006-02-17,2431.340087890625
2006-02-20,2431.77001953125
2006-02-21,2443.56005859375
2006-02-22,2427.889892578125
2006-02-23,2435.580078125
2006-02-24,2453.669921875
2006-02-27,2477.3701171875
2006-02-28,2481.9599609375
2006-03-01,2482.669921875
2006-03-02,2480.300048828125
2006-03-03,2493.429931640625
2006-03-06,2512.8798828125
2006-03-07,2489.14990234375
2006-03-08,2502.60009765625
2006-03-09,2504.25
2006-03-10,2496.72998046875
2006-03-13,2512.139892578125
2006-03-14,2506.699951171875
2006-03-15,2498.02001953125
2006-03-16,2498.929931640625
2006-03-17,2494.409912109375
2006-03-20,2512.60009765625
2006-03-21,2497.169921875
2006-03-22,2489.27001953125
2006-03-23,2491.639892578125
2006-03-24,2497.31005859375
2006-03-27,2504.22998046875
2006-03-28,2513.570068359375
2006-03-29,2520.75
2006-03-30,2521.0400390625
2006-03-31,2533.39990234375
2006-04-03,2548.679931640625
2006-04-04,2532.590087890625
2006-04-05,2544.889892578125
2006-04-06,2542.639892578125
2006-04-07,2552.050048828125
2006-04-10,2545.919921875
2006-04-11,2554.659912109375
2006-04-12,2546.25
2006-04-13,2544.3798828125
2006-04-17,2550.340087890625
2006-04-18,2559.25
2006-04-19,2585.840087890625
2006-04-20,2583.72998046875
2006-04-21,2603.449951171875
2006-04-24,2592.5
2006-04-25,2583.610107421875
2006-04-26,2596.64990234375
2006-04-27,2601.06005859375
2006-04-28,2610.7099609375
2006-05-02,2632.800048828125
2006-05-03,2659.64990234375
2006-05-04,2644.699951171875
2006-05-05,2632.419921875
2006-05-08,2657.780029296875
2006-05-09,2629.679931640625
2006-05-10,2642.889892578125
2006-05-11,2620.580078125
2006-05-15,2534.830078125
2006-05-16,2513.699951171875
2006-05-17,2548.68994140625
2006-05-18,2502.179931640625
2006-05-19,2493.97998046875
2006-05-22,2416.68994140625
2006-05-23,2429.550048828125
2006-05-24,2436.550048828125
2006-05-25,2404.449951171875
2006-05-26,2445.02001953125
2006-05-29,2439.909912109375
2006-05-30,2441.5400390625
2006-05-31,2383.8701171875
2006-06-01,2386.699951171875
2006-06-02,2419.419921875
2006-06-05,2407.25
2006-06-06,2390.010009765625
2006-06-07,2355.429931640625
2006-06-08,2297.110107421875
2006-06-09,2337.43994140625
2006-06-12,2338.530029296875
2006-06-13,2293.35009765625
2006-06-14,2280.669921875
2006-06-15,2302.429931640625
2006-06-16,2373.909912109375
2006-06-19,2367.89990234375
2006-06-20,2327.110107421875
2006-06-21,2329.60009765625
2006-06-22,2359.550048828125
2006-06-23,2343.030029296875
2006-06-26,2367.93994140625
2006-06-27,2357.580078125
2006-06-28,2350.800048828125
2006-06-29,2386.77001953125
2006-06-30,2435.389892578125
2006-07-03,2438.260009765625
2006-07-04,2448.72998046875
2006-07-05,2424.110107421875
2006-07-06,2448.070068359375
2006-07-07,2445.1298828125
2006-07-10,2438.449951171875
2006-07-11,2415.909912109375
2006-07-12,2422.760009765625
2006-07-13,2396.639892578125
2006-07-14,2363.550048828125
2006-07-17,2320.199951171875
2006-07-18,2333.81005859375
2006-07-19,2341.7900390625
2006-07-20,2383.5400390625
2006-07-21,2371.3701171875
2006-07-24,2375.0400390625
2006-07-25,2407.56005859375
2006-07-26,2406.31005859375
2006-07-27,2444.659912109375
2006-07-28,2429.43994140625
2006-07-31,2445.429931640625
2006-08-01,2445.0400390625
2006-08-02,2453.989990234375
2006-08-03,2457.090087890625
2006-08-04,2462.919921875
2006-08-07,2460.25
2006-08-08,2465.0400390625
2006-08-10,2444.6298828125
2006-08-11,2450.6298828125
2006-08-14,2450.5
2006-08-15,2440.6201171875
2006-08-16,2453.429931640625
2006-08-17,2470.64990234375
2006-08-18,2483.530029296875
2006-08-21,2467.300048828125
2006-08-22,2480.989990234375
2006-08-23,2472.260009765625
2006-08-24,2446.110107421875
2006-08-25,2453.2099609375
2006-08-28,2427.050048828125
2006-08-29,2455.330078125
2006-08-30,2471.39990234375
2006-08-31,2482.389892578125
2006-09-01,2491.489990234375
2006-09-04,2520.449951171875
2006-09-05,2519.719970703125
2006-09-06,2526.530029296875
2006-09-07,2505.389892578125
2006-09-08,2510.139892578125
2006-09-11,2488.510009765625
2006-09-12,2487.199951171875
2006-09-13,2508.030029296875
2006-09-14,2518.969970703125
2006-09-15,2521.909912109375
2006-09-18,2552.02001953125
2006-09-19,2538.239990234375
2006-09-20,2531.419921875
2006-09-21,2538.260009765625
2006-09-22,2520.5
2006-09-25,2523.889892578125
2006-09-26,2526.0
2006-09-27,2557.89990234375
2006-09-28,2567.969970703125
2006-09-29,2568.860107421875
2006-10-02,2600.06005859375
2006-10-03,2593.27001953125
2006-10-04,2602.919921875
2006-10-05,2641.47998046875
2006-10-06,2649.300048828125
2006-10-09,2621.510009765625
2006-10-10,2647.659912109375
2006-10-11,2641.610107421875
2006-10-12,2640.639892578125
2006-10-13,2666.679931640625
2006-10-16,2669.550048828125
2006-10-17,2637.699951171875
2006-10-18,2642.419921875
2006-10-19,2667.580078125
2006-10-20,2686.429931640625
2006-10-23,2691.610107421875
2006-10-25,2714.659912109375
2006-10-26,2741.68994140625
2006-10-27,2729.97998046875
2006-10-30,2691.60009765625
2006-10-31,2701.75
2006-11-01,2737.780029296875
2006-11-02,2730.97998046875
2006-11-03,2722.31005859375
2006-11-06,2729.1298828125
2006-11-07,2749.219970703125
2006-11-08,2735.300048828125
2006-11-09,2745.590087890625
2006-11-10,2745.31005859375
2006-11-13,2747.239990234375
2006-11-14,2759.8798828125
2006-11-15,2777.6201171875
2006-11-16,2798.449951171875
2006-11-17,2813.179931640625
2006-11-20,2771.409912109375
2006-11-21,2802.8798828125
2006-11-22,2830.02001953125
2006-11-23,2838.47998046875
2006-11-24,2814.81005859375
2006-11-27,2840.93994140625
2006-11-28,2787.81005859375
2006-11-29,2826.360107421875
2006-11-30,2838.530029296875
2006-12-01,2836.0400390625
2006-12-04,2850.719970703125
2006-12-05,2901.989990234375
2006-12-06,2895.02001953125
2006-12-07,2901.800048828125
2006-12-08,2865.139892578125
2006-12-11,2887.22998046875
2006-12-12,2893.81005859375
2006-12-13,2884.14990234375
2006-12-14,2916.280029296875
2006-12-15,2931.2900390625
2006-12-18,2963.43994140625
2006-12-19,2897.300048828125
2006-12-20,2920.830078125
2006-12-21,2920.840087890625
2006-12-22,2942.389892578125
2006-12-26,2942.530029296875
2006-12-27,2961.25
2006-12-28,2963.489990234375
2006-12-29,2985.830078125
2007-01-03,3037.739990234375
2007-01-04,3023.800048828125
2007-01-05,3029.0400390625
2007-01-08,3000.0
2007-01-09,3008.35009765625
2007-01-10,2961.14990234375
2007-01-11,2969.68994140625
2007-01-12,3009.090087890625
2007-01-15,3035.580078125
2007-01-16,3038.2099609375
2007-01-17,3037.659912109375
2007-01-18,3061.64990234375
2007-01-19,3072.8798828125
2007-01-22,3145.199951171875
2007-01-23,3132.89990234375
2007-01-24,3150.239990234375
2007-01-25,3108.6298828125
2007-01-26,3087.739990234375
2007-01-29,3128.909912109375
2007-01-30,3130.260009765625
2007-01-31,3125.56005859375
2007-02-01,3168.10009765625
2007-02-02,3217.679931640625
2007-02-05,3223.320068359375
2007-02-06,3223.25
2007-02-07,3236.60009765625
2007-02-08,3217.760009765625
2007-02-09,3220.889892578125
2007-02-12,3170.4599609375
2007-02-13,3149.159912109375
2007-02-14,3182.2099609375
2007-02-15,3252.489990234375
2007-02-16,3236.929931640625
2007-02-21,3293.610107421875
2007-02-22,3288.85009765625
2007-02-23,3310.43994140625
2007-02-26,3307.919921875
2007-02-27,3232.02001953125
2007-02-28,3104.14990234375
2007-03-01,3092.580078125
2007-03-02,3078.739990234375
2007-03-05,2982.2900390625
2007-03-06,3036.52001953125
2007-03-07,3059.14990234375
2007-03-08,3122.489990234375
2007-03-09,3143.7099609375
2007-03-12,3182.679931640625
2007-03-13,3158.89990234375
2007-03-14,3053.2099609375
2007-03-15,3094.60009765625
2007-03-16,3068.75
2007-03-19,3113.389892578125
2007-03-20,3116.8798828125
2007-03-21,3155.68994140625
2007-03-22,3219.510009765625
2007-03-23,3205.820068359375
2007-03-26,3204.550048828125
2007-03-27,3234.110107421875
2007-03-28,3201.75
2007-03-29,3228.8798828125
2007-03-30,3231.239990234375
2007-04-02,3246.31005859375
2007-04-03,3288.360107421875
2007-04-04,3332.919921875
2007-04-05,3345.860107421875
2007-04-09,3400.0
2007-04-10,3422.6201171875
2007-04-11,3420.6201171875
2007-04-12,3372.68994140625
2007-04-13,3373.590087890625
2007-04-16,3414.14990234375
2007-04-17,3415.320068359375
2007-04-18,3400.409912109375
2007-04-19,3291.280029296875
2007-04-20,3360.669921875
2007-04-23,3388.47998046875
2007-04-24,3374.52001953125
2007-04-25,3362.679931640625
2007-04-26,3406.889892578125
2007-04-27,3398.60009765625
2007-04-30,3361.2900390625
2007-05-02,3417.81005859375
2007-05-03,3450.639892578125
2007-05-04,3485.760009765625
2007-05-07,3477.590087890625
2007-05-08,3439.2099609375
2007-05-09,3452.719970703125
2007-05-10,3469.260009765625
2007-05-11,3446.919921875
2007-05-14,3501.10009765625
2007-05-15,3475.080078125
2007-05-16,3501.169921875
2007-05-17,3525.510009765625
2007-05-18,3512.39990234375
2007-05-21,3514.489990234375
2007-05-22,3539.820068359375
2007-05-23,3559.010009765625
2007-05-24,3530.260009765625
2007-05-25,3486.6298828125
2007-05-28,3513.3701171875
2007-05-29,3527.080078125
2007-05-30,3511.1298828125
2007-06-01,3548.320068359375
2007-06-04,3579.35009765625
2007-06-05,3572.89990234375
2007-06-06,3563.75
2007-06-07,3546.330078125
2007-06-08,3491.590087890625
2007-06-11,3545.4599609375
2007-06-12,3561.5400390625
2007-06-13,3551.219970703125
2007-06-14,3573.429931640625
2007-06-15,3581.159912109375
2007-06-18,3623.7900390625
2007-06-19,3629.550048828125
2007-06-20,3628.669921875
2007-06-21,3639.489990234375
2007-06-22,3615.3798828125
2007-06-25,3580.330078125
2007-06-26,3525.10009765625
2007-06-27,3505.5
2007-06-28,3538.22998046875
2007-06-29,3548.199951171875
2007-07-02,3550.340087890625
2007-07-03,3569.429931640625
2007-07-04,3554.85009765625
2007-07-05,3551.679931640625
2007-07-06,3561.9599609375
2007-07-09,3626.719970703125
2007-07-10,3620.320068359375
2007-07-11,3594.93994140625
2007-07-12,3624.56005859375
2007-07-13,3654.610107421875
2007-07-16,3653.22998046875
2007-07-17,3651.050048828125
2007-07-18,3583.969970703125
2007-07-19,3604.6201171875
2007-07-20,3651.3798828125
2007-07-23,3635.35009765625
2007-07-24,3665.1298828125
2007-07-25,3633.5400390625
2007-07-26,3579.72998046875
2007-07-27,3492.699951171875
2007-07-30,3526.2900390625
2007-07-31,3547.659912109375
2007-08-01,3431.7099609375
2007-08-02,3435.4599609375
2007-08-03,3436.0400390625
2007-08-06,3308.989990234375
2007-08-07,3302.010009765625
2007-08-08,3413.169921875
2007-08-10,3359.179931640625
2007-08-13,3380.610107421875
2007-08-14,3386.590087890625
2007-08-15,3273.25
2007-08-16,3152.159912109375
2007-08-17,3130.7099609375
2007-08-20,3322.3798828125
2007-08-21,3228.659912109375
2007-08-22,3321.5
2007-08-23,3370.909912109375
2007-08-24,3369.449951171875
2007-08-27,3388.43994140625
2007-08-28,3343.0
2007-08-29,3334.659912109375
2007-08-30,3321.14990234375
2007-08-31,3392.909912109375
2007-09-03,3386.219970703125
2007-09-04,3376.06005859375
2007-09-05,3445.080078125
2007-09-06,3466.06005859375
2007-09-07,3488.969970703125
2007-09-10,3441.8701171875
2007-09-11,3494.570068359375
2007-09-12,3506.090087890625
2007-09-13,3504.39990234375
2007-09-14,3536.39990234375
2007-09-17,3476.31005859375
2007-09-18,3477.75
2007-09-19,3594.360107421875
2007-09-20,3552.4599609375
2007-09-21,3542.219970703125
2007-09-24,3639.02001953125
2007-09-25,3624.820068359375
2007-09-26,3650.090087890625
2007-09-27,3714.77001953125
2007-09-28,3706.22998046875
2007-10-01,3755.219970703125
2007-10-02,3793.830078125
2007-10-03,3754.6201171875
2007-10-04,3783.81005859375
2007-10-05,3822.6201171875
2007-10-08,3820.31005859375
2007-10-09,3865.75
2007-10-10,3814.449951171875
2007-10-11,3875.77001953125
2007-10-12,3857.25
2007-10-15,3862.02001953125
2007-10-16,3810.719970703125
2007-10-17,3839.72998046875
2007-10-18,3809.68994140625
2007-10-19,3747.97998046875
2007-10-22,3642.639892578125
2007-10-23,3695.300048828125
2007-10-24,3649.1201171875
2007-10-25,3707.139892578125
2007-10-26,3771.550048828125
2007-10-29,3819.780029296875
2007-10-30,3798.449951171875
2007-10-31,3805.699951171875
2007-11-01,3803.56005859375
2007-11-02,3715.320068359375
2007-11-05,3670.179931640625
2007-11-06,3683.10009765625
2007-11-07,3673.010009765625
2007-11-09,3599.669921875
2007-11-12,3511.1201171875
2007-11-13,3475.469970703125
2007-11-14,3524.909912109375
2007-11-15,3477.590087890625
2007-11-16,3440.9599609375
2007-11-19,3411.719970703125
2007-11-20,3438.27001953125
2007-11-21,3347.199951171875
2007-11-22,3312.8798828125
2007-11-23,3325.889892578125
2007-11-26,3418.580078125
2007-11-27,3372.639892578125
2007-11-28,3369.719970703125
2007-11-29,3478.219970703125
2007-11-30,3521.27001953125
2007-12-03,3521.56005859375
2007-12-04,3527.8701171875
2007-12-05,3560.050048828125
2007-12-06,3552.550048828125
2007-12-07,3557.949951171875
2007-12-10,3553.080078125
2007-12-11,3589.030029296875
2007-12-12,3549.25
2007-12-13,3479.31005859375
2007-12-14,3466.3798828125
2007-12-17,3353.56005859375
2007-12-18,3369.31005859375
2007-12-19,3357.340087890625
2007-12-21,3398.10009765625
2007-12-24,3434.530029296875
2007-12-26,3473.2099609375
2007-12-27,3477.199951171875
2007-12-28,3445.820068359375
2007-12-31,3482.300048828125
2008-01-02,3461.219970703125
2008-01-03,3397.06005859375
2008-01-04,3437.7900390625
2008-01-07,3353.06005859375
2008-01-08,3338.27001953125
2008-01-09,3344.530029296875
2008-01-10,3311.070068359375
2008-01-11,3287.340087890625
2008-01-14,3218.139892578125
2008-01-15,3154.580078125
2008-01-16,3058.489990234375
2008-01-17,3139.8798828125
2008-01-18,3104.25
2008-01-21,2917.14990234375
2008-01-22,2866.550048828125
2008-01-23,2983.6201171875
2008-01-24,3050.090087890625
2008-01-25,3159.47998046875
2008-01-28,3041.06005859375
2008-01-29,3049.89990234375
2008-01-30,3000.030029296875
2008-01-31,2981.75
2008-02-01,3007.800048828125
2008-02-04,3077.080078125
2008-02-05,3038.419921875
2008-02-06,2931.969970703125
2008-02-11,2868.2900390625
2008-02-12,2926.22998046875
2008-02-13,2949.5400390625
2008-02-14,3045.590087890625
2008-02-15,3088.679931640625
2008-02-19,3098.06005859375
2008-02-20,3026.830078125
2008-02-21,3054.81005859375
2008-02-22,3048.639892578125
2008-02-25,3064.949951171875
2008-02-26,3077.830078125
2008-02-27,3094.449951171875
2008-02-28,3074.14990234375
2008-02-29,3026.449951171875
2008-03-03,2926.550048828125
2008-03-04,2919.679931640625
2008-03-05,2910.77001953125
2008-03-06,2917.919921875
2008-03-07,2866.280029296875
2008-03-10,2836.590087890625
2008-03-11,2860.85009765625
2008-03-12,2917.93994140625
2008-03-13,2805.550048828125
2008-03-14,2839.010009765625
2008-03-17,2792.75
2008-03-18,2833.580078125
2008-03-19,2833.2099609375
2008-03-20,2824.909912109375
2008-03-24,2927.7900390625
2008-03-25,3000.18994140625
2008-03-26,2995.219970703125
2008-03-27,3025.199951171875
2008-03-28,3031.89990234375
2008-03-31,3007.360107421875
2008-04-01,3046.5400390625
2008-04-02,3124.610107421875
2008-04-03,3171.550048828125
2008-04-04,3155.56005859375
2008-04-07,3181.919921875
2008-04-08,3130.419921875
2008-04-09,3089.719970703125
2008-04-10,3064.60009765625
2008-04-11,3126.8701171875
2008-04-14,3042.9599609375
2008-04-15,3056.489990234375
2008-04-16,3087.489990234375
2008-04-17,3126.300048828125
2008-04-18,3124.8701171875
2008-04-21,3171.090087890625
2008-04-22,3187.22998046875
2008-04-23,3193.840087890625
2008-04-24,3177.550048828125
2008-04-25,3189.199951171875
2008-04-28,3201.6298828125
2008-04-29,3172.360107421875
2008-04-30,3147.7900390625
2008-05-02,3236.10009765625
2008-05-05,3248.0400390625
2008-05-06,3248.75
2008-05-07,3228.949951171875
2008-05-08,3171.8798828125
2008-05-09,3162.030029296875
2008-05-12,3180.159912109375
2008-05-13,3203.419921875
2008-05-14,3198.510009765625
2008-05-15,3207.429931640625
2008-05-16,3241.489990234375
2008-05-20,3199.8798828125
2008-05-21,3196.89990234375
2008-05-22,3160.860107421875
2008-05-23,3122.14990234375
2008-05-26,3103.300048828125
2008-05-27,3115.35009765625
2008-05-28,3132.780029296875
2008-05-29,3160.780029296875
2008-05-30,3192.6201171875
2008-06-02,3188.050048828125
2008-06-03,3153.93994140625
2008-06-04,3134.800048828125
2008-06-05,3143.889892578125
2008-06-06,3146.72998046875
2008-06-09,3084.02001953125
2008-06-10,3033.050048828125
2008-06-11,3046.77001953125
2008-06-12,3020.14990234375
2008-06-13,2979.56005859375
2008-06-16,3036.919921875
2008-06-17,3028.239990234375
2008-06-18,3040.090087890625
2008-06-19,2992.659912109375
2008-06-20,3001.81005859375
2008-06-23,2979.14990234375
2008-06-24,2962.159912109375
2008-06-25,2986.6201171875
2008-06-26,2980.949951171875
2008-06-27,2955.909912109375
2008-06-30,2947.5400390625
2008-07-01,2906.7900390625
2008-07-02,2906.22998046875
2008-07-03,2880.449951171875
2008-07-07,2934.1201171875
2008-07-08,2886.6201171875
2008-07-09,2917.6201171875
2008-07-10,2901.580078125
2008-07-11,2926.840087890625
2008-07-14,2904.1201171875
2008-07-15,2830.75
2008-07-16,2835.320068359375
2008-07-17,2864.10009765625
2008-07-18,2847.72998046875
2008-07-21,2919.2099609375
2008-07-22,2890.659912109375
2008-07-23,2978.97998046875
2008-07-24,2977.909912109375
2008-07-25,2922.909912109375
2008-07-28,2910.360107421875
2008-07-29,2886.56005859375
2008-07-30,2925.5
2008-07-31,2929.64990234375
2008-08-01,2906.070068359375
2008-08-04,2876.080078125
2008-08-05,2860.510009765625
2008-08-06,2886.780029296875
2008-08-07,2834.7099609375
2008-08-08,2807.5400390625
2008-08-11,2825.389892578125
2008-08-12,2816.820068359375
2008-08-13,2811.7900390625
2008-08-14,2816.659912109375
2008-08-15,2797.5
2008-08-18,2776.97998046875
2008-08-19,2728.389892578125
2008-08-20,2751.75
2008-08-21,2713.469970703125
2008-08-22,2723.300048828125
2008-08-25,2733.449951171875
2008-08-26,2707.18994140625
2008-08-27,2705.090087890625
2008-08-28,2691.0
2008-08-29,2739.949951171875
2008-09-01,2713.7900390625
2008-09-02,2758.93994140625
2008-09-03,2706.530029296875
2008-09-04,2626.050048828125
2008-09-05,2574.2099609375
2008-09-08,2694.489990234375
2008-09-09,2673.2099609375
2008-09-10,2622.409912109375
2008-09-11,2541.14990234375
2008-09-12,2570.669921875
2008-09-15,2486.550048828125
2008-09-16,2461.429931640625
2008-09-17,2419.2900390625
2008-09-18,2419.2099609375
2008-09-19,2559.070068359375
2008-09-22,2544.1298828125
2008-09-23,2476.510009765625
2008-09-24,2477.60009765625
2008-09-25,2444.239990234375
2008-09-26,2411.4599609375
2008-09-29,2361.340087890625
2008-09-30,2358.909912109375
2008-10-02,2363.60009765625
2008-10-03,2297.1201171875
2008-10-06,2168.320068359375
2008-10-07,2177.550048828125
2008-10-08,2033.6099853515625
2008-10-09,2102.7099609375
2008-10-10,1948.3299560546875
2008-10-13,2076.35009765625
2008-10-14,2128.31005859375
2008-10-15,2059.389892578125
2008-10-16,1951.199951171875
2008-10-17,1878.510009765625
2008-10-20,1939.219970703125
2008-10-21,1920.7900390625
2008-10-22,1821.1300048828125
2008-10-23,1745.6700439453125
2008-10-24,1600.280029296875
2008-10-27,1600.280029296875
2008-10-29,1671.199951171875
2008-10-30,1801.9100341796875
2008-10-31,1794.199951171875
2008-11-03,1883.75
2008-11-04,1829.68994140625
2008-11-05,1868.8199462890625
2008-11-06,1819.199951171875
2008-11-07,1863.489990234375
2008-11-10,1885.02001953125
2008-11-11,1806.9599609375
2008-11-12,1784.010009765625
2008-11-13,1755.469970703125
2008-11-14,1759.1400146484375
2008-11-17,1749.6700439453125
2008-11-18,1692.550048828125
2008-11-19,1665.5899658203125
2008-11-20,1613.949951171875
2008-11-21,1662.0999755859375
2008-11-24,1620.2900390625
2008-11-25,1653.25
2008-11-26,1711.1300048828125
2008-11-27,1710.52001953125
2008-11-28,1732.5699462890625
2008-12-01,1690.22998046875
2008-12-02,1639.1800537109375
2008-12-03,1640.5699462890625
2008-12-04,1643.6800537109375
2008-12-05,1659.1700439453125
2008-12-09,1754.5799560546875
2008-12-10,1821.699951171875
2008-12-11,1794.1600341796875
2008-12-12,1740.3399658203125
2008-12-16,1782.0899658203125
2008-12-17,1779.2900390625
2008-12-18,1798.949951171875
2008-12-19,1795.469970703125
2008-12-22,1745.6300048828125
2008-12-23,1724.5400390625
2008-12-24,1736.989990234375
2008-12-26,1725.6099853515625
2008-12-29,1780.5699462890625
2008-12-30,1770.6500244140625
2008-12-31,1761.56005859375
2009-01-02,1829.7099609375
2009-01-05,1924.8699951171875
2009-01-06,1913.6600341796875
2009-01-07,1880.5799560546875
2009-01-08,1827.6099853515625
2009-01-09,1806.02001953125
2009-01-12,1776.25
2009-01-13,1761.8199462890625
2009-01-14,1764.719970703125
2009-01-15,1704.06005859375
2009-01-16,1730.449951171875
2009-01-19,1746.989990234375
2009-01-20,1723.3699951171875
2009-01-21,1704.52001953125
2009-01-22,1708.77001953125
2009-01-23,1685.22998046875
2009-01-28,1766.0799560546875
2009-01-29,1766.719970703125
2009-01-30,1746.469970703125
2009-02-02,1705.2900390625
2009-02-03,1711.9200439453125
2009-02-04,1707.3900146484375
2009-02-05,1704.5999755859375
2009-02-06,1715.3499755859375
2009-02-09,1682.3399658203125
2009-02-10,1703.2900390625
2009-02-11,1721.969970703125
2009-02-12,1684.9599609375
2009-02-13,1705.6400146484375
2009-02-17,1637.9200439453125
2009-02-18,1651.06005859375
2009-02-19,1629.3499755859375
2009-02-20,1594.93994140625
2009-02-23,1630.68994140625
2009-02-24,1614.43994140625
2009-02-25,1616.7900390625
2009-02-26,1617.43994140625
2009-02-27,1594.8699951171875
2009-03-02,1533.4000244140625
2009-03-03,1528.510009765625
2009-03-04,1544.3399658203125
2009-03-05,1518.6400146484375
2009-03-06,1513.1199951171875
2009-03-09,1456.949951171875
2009-03-10,1485.75
2009-03-11,1505.510009765625
2009-03-12,1493.530029296875
2009-03-13,1577.52001953125
2009-03-16,1586.3199462890625
2009-03-17,1559.030029296875
2009-03-18,1575.93994140625
2009-03-19,1584.8599853515625
2009-03-20,1596.9200439453125
2009-03-23,1664.0799560546875
2009-03-24,1706.3399658203125
2009-03-25,1691.6800537109375
2009-03-26,1758.7900390625
2009-03-27,1745.6600341796875
2009-03-30,1673.1400146484375
2009-03-31,1699.989990234375
2009-04-01,1702.260009765625
2009-04-02,1803.3399658203125
2009-04-03,1820.8699951171875
2009-04-06,1847.97998046875
2009-04-07,1802.3900146484375
2009-04-08,1783.9599609375
2009-04-09,1828.510009765625
2009-04-13,1876.77001953125
2009-04-14,1897.02001953125
2009-04-15,1905.989990234375
2009-04-16,1891.75
2009-04-17,1896.56005859375
2009-04-20,1874.8499755859375
2009-04-21,1887.25
2009-04-22,1843.4100341796875
2009-04-23,1859.97998046875
2009-04-24,1852.8499755859375
2009-04-27,1818.6099853515625
2009-04-28,1808.4100341796875
2009-04-29,1849.5699462890625
2009-04-30,1920.280029296875
2009-05-01,1920.280029296875
2009-05-04,2028.7099609375
2009-05-05,2074.35009765625
2009-05-06,2179.030029296875
2009-05-07,2241.60009765625
2009-05-08,2238.2099609375
2009-05-11,2166.10009765625
2009-05-12,2178.1298828125
2009-05-13,2185.2900390625
2009-05-14,2122.110107421875
2009-05-15,2139.780029296875
2009-05-18,2176.97998046875
2009-05-19,2260.360107421875
2009-05-20,2269.239990234375
2009-05-21,2210.969970703125
2009-05-22,2245.27001953125
2009-05-25,2267.4599609375
2009-05-26,2238.7900390625
2009-05-27,2306.080078125
2009-05-28,2292.969970703125
2009-05-29,2329.080078125
2009-06-01,2380.070068359375
2009-06-02,2375.820068359375
2009-06-03,2383.820068359375
2009-06-04,2362.739990234375
2009-06-05,2396.35009765625
2009-06-08,2333.699951171875
2009-06-09,2349.8701171875
2009-06-10,2391.219970703125
2009-06-11,2381.81005859375
2009-06-12,2377.070068359375
2009-06-15,2316.56005859375
2009-06-16,2288.159912109375
2009-06-17,2271.449951171875
2009-06-18,2237.199951171875
2009-06-19,2273.179931640625
2009-06-22,2266.919921875
2009-06-23,2226.10009765625
2009-06-24,2278.9599609375
2009-06-25,2302.4599609375
2009-06-26,2317.949951171875
2009-06-29,2317.169921875
2009-06-30,2333.139892578125
2009-07-01,2352.550048828125
2009-07-02,2320.820068359375
2009-07-03,2299.75
2009-07-06,2266.090087890625
2009-07-07,2272.260009765625
2009-07-08,2259.77001953125
2009-07-09,2307.610107421875
2009-07-10,2307.97998046875
2009-07-13,2266.639892578125
2009-07-14,2310.550048828125
2009-07-15,2389.419921875
2009-07-16,2401.02001953125
2009-07-17,2430.9599609375
2009-07-20,2456.14990234375
2009-07-21,2454.330078125
2009-07-22,2450.830078125
2009-07-23,2484.89990234375
2009-07-24,2533.429931640625
2009-07-27,2576.659912109375
2009-07-28,2624.0400390625
2009-07-29,2604.06005859375
2009-07-30,2636.18994140625
2009-07-31,2659.199951171875
2009-08-03,2681.639892578125
2009-08-04,2648.760009765625
2009-08-05,2606.830078125
2009-08-06,2601.5
2009-08-07,2549.35009765625
2009-08-11,2597.300048828125
2009-08-12,2571.31005859375
2009-08-13,2614.179931640625
2009-08-14,2631.510009765625
2009-08-17,2545.97998046875
2009-08-18,2567.719970703125
2009-08-19,2522.780029296875
2009-08-20,2559.570068359375
2009-08-21,2544.860107421875
2009-08-24,2612.330078125
2009-08-25,2618.760009765625
2009-08-26,2628.429931640625
2009-08-27,2642.22998046875
2009-08-28,2642.800048828125
2009-08-31,2592.89990234375
2009-09-01,2596.389892578125
2009-09-02,2569.929931640625
2009-09-03,2598.360107421875
2009-09-04,2622.68994140625
2009-09-08,2660.909912109375
2009-09-09,2650.47998046875
2009-09-10,2682.02001953125
2009-09-11,2681.030029296875
2009-09-14,2639.739990234375
2009-09-15,2638.39990234375
2009-09-16,2674.419921875
2009-09-17,2672.60009765625
2009-09-18,2647.909912109375
2009-09-21,2647.909912109375
2009-09-22,2685.6298828125
2009-09-23,2685.93994140625
2009-09-24,2667.429931640625
2009-09-25,2662.820068359375
2009-09-28,2629.25
2009-09-29,2663.31005859375
2009-09-30,2672.570068359375
2009-10-01,2657.43994140625
2009-10-02,2604.530029296875
2009-10-05,2583.72998046875
2009-10-06,2611.889892578125
2009-10-07,2634.6298828125
2009-10-08,2650.949951171875
2009-10-09,2652.510009765625
2009-10-12,2680.469970703125
2009-10-13,2668.39990234375
2009-10-14,2708.47998046875
2009-10-15,2712.14990234375
2009-10-16,2708.1201171875
2009-10-19,2711.699951171875
2009-10-20,2711.090087890625
2009-10-21,2692.550048828125
2009-10-22,2681.969970703125
2009-10-23,2715.340087890625
2009-10-26,2716.6201171875
2009-10-27,2694.5
2009-10-28,2648.97998046875
2009-10-29,2632.31005859375
2009-10-30,2651.1298828125
2009-11-02,2645.429931640625
2009-11-03,2621.550048828125
2009-11-04,2648.639892578125
2009-11-05,2629.35009765625
2009-11-06,2658.2099609375
2009-11-09,2693.3798828125
2009-11-10,2707.60009765625
2009-11-11,2740.429931640625
2009-11-12,2726.239990234375
2009-11-13,2727.22998046875
2009-11-17,2764.949951171875
2009-11-18,2745.0400390625
2009-11-19,2758.7900390625
2009-11-20,2761.5400390625
2009-11-23,2797.8798828125
2009-11-24,2779.97998046875
2009-11-25,2792.840087890625
2009-11-26,2762.219970703125
2009-11-30,2732.1201171875
2009-12-01,2770.949951171875
2009-12-02,2796.340087890625
2009-12-03,2808.179931640625
2009-12-04,2791.010009765625
2009-12-07,2796.97998046875
2009-12-08,2805.5
2009-12-09,2797.2099609375
2009-12-10,2781.860107421875
2009-12-11,2800.75
2009-12-14,2799.5400390625
2009-12-15,2798.699951171875
2009-12-16,2813.929931640625
2009-12-17,2813.27001953125
2009-12-18,2802.590087890625
2009-12-21,2786.81005859375
2009-12-22,2823.820068359375
2009-12-23,2841.56005859375
2009-12-28,2855.679931640625
2009-12-29,2869.760009765625
2009-12-30,2879.760009765625
2010-01-04,2894.550048828125
2010-01-05,2920.280029296875
2010-01-06,2930.489990234375
2010-01-07,2913.25
2010-01-08,2922.760009765625
2010-01-11,2933.530029296875
2010-01-12,2916.110107421875
2010-01-13,2888.3798828125
2010-01-14,2909.52001953125
2010-01-15,2908.419921875
2010-01-18,2912.02001953125
2010-01-19,2912.919921875
2010-01-20,2893.1298828125
2010-01-21,2850.97998046875
2010-01-22,2819.7099609375
2010-01-25,2811.7099609375
2010-01-26,2740.330078125
2010-01-27,2706.260009765625
2010-01-28,2757.679931640625
2010-01-29,2745.35009765625
2010-02-01,2736.169921875
2010-02-02,2720.8701171875
2010-02-03,2764.840087890625
2010-02-04,2744.97998046875
2010-02-05,2683.56005859375
2010-02-08,2693.6201171875
2010-02-09,2745.02001953125
2010-02-10,2734.389892578125
2010-02-11,2753.6298828125
2010-02-12,2758.89990234375
2010-02-17,2794.06005859375
2010-02-18,2769.18994140625
2010-02-19,2757.139892578125
2010-02-22,2757.4599609375
2010-02-23,2782.550048828125
2010-02-24,2762.139892578125
2010-02-25,2749.14990234375
2010-02-26,2750.860107421875
2010-03-01,2774.06005859375
2010-03-02,2772.199951171875
2010-03-03,2782.7900390625
2010-03-04,2768.699951171875
2010-03-05,2790.2900390625
2010-03-08,2834.570068359375
2010-03-09,2839.5400390625
2010-03-10,2862.2900390625
2010-03-11,2873.909912109375
2010-03-12,2881.360107421875
2010-03-15,2874.330078125
2010-03-16,2896.429931640625
2010-03-17,2919.300048828125
2010-03-18,2913.93994140625
2010-03-19,2915.699951171875
2010-03-22,2889.179931640625
2010-03-23,2905.659912109375
2010-03-24,2886.360107421875
2010-03-25,2888.3701171875
2010-03-26,2906.280029296875
2010-03-29,2929.139892578125
2010-03-30,2933.389892578125
2010-03-31,2887.4599609375
2010-04-01,2943.02001953125
2010-04-05,2968.3798828125
2010-04-06,2975.510009765625
2010-04-07,2988.10009765625
2010-04-08,2963.18994140625
2010-04-09,2971.969970703125
2010-04-12,2977.169921875
2010-04-13,2971.60009765625
2010-04-14,3019.739990234375
2010-04-15,3016.93994140625
2010-04-16,3007.18994140625
2010-04-19,2960.929931640625
2010-04-20,2981.3701171875
2010-04-21,2967.64990234375
2010-04-22,2980.68994140625
2010-04-23,2988.489990234375
2010-04-26,3002.6201171875
2010-04-27,2991.679931640625
2010-04-28,2932.0400390625
2010-04-29,2959.010009765625
2010-04-30,2974.610107421875
2010-05-03,2944.219970703125
2010-05-04,2901.179931640625
2010-05-05,2860.31005859375
2010-05-06,2839.64990234375
2010-05-07,2821.110107421875
2010-05-10,2880.47998046875
2010-05-11,2857.669921875
2010-05-12,2880.330078125
2010-05-13,2867.919921875
2010-05-14,2855.2099609375
2010-05-17,2833.68994140625
2010-05-18,2844.35009765625
2010-05-19,2774.5400390625
2010-05-20,2753.510009765625
2010-05-21,2701.199951171875
2010-05-24,2723.8701171875
2010-05-25,2650.610107421875
2010-05-26,2696.02001953125
2010-05-27,2739.699951171875
2010-05-31,2752.60009765625
2010-06-01,2715.43994140625
2010-06-02,2727.570068359375
2010-06-03,2793.469970703125
2010-06-04,2806.510009765625
2010-06-07,2751.8798828125
2010-06-08,2746.610107421875
2010-06-09,2745.800048828125
2010-06-10,2779.580078125
2010-06-11,2796.2900390625
2010-06-14,2818.070068359375
2010-06-15,2818.2099609375
2010-06-16,2846.93994140625
2010-06-17,2843.949951171875
2010-06-18,2833.39990234375
2010-06-21,2885.639892578125
2010-06-22,2872.300048828125
2010-06-23,2871.050048828125
2010-06-24,2847.610107421875
2010-06-25,2851.639892578125
2010-06-28,2869.989990234375
2010-06-29,2830.340087890625
2010-06-30,2835.510009765625
2010-07-01,2820.35009765625
2010-07-02,2844.18994140625
2010-07-05,2844.02001953125
2010-07-06,2868.02001953125
2010-07-07,2861.030029296875
2010-07-08,2897.14990234375
2010-07-09,2917.169921875
2010-07-12,2925.320068359375
2010-07-13,2928.699951171875
2010-07-14,2952.81005859375
2010-07-15,2943.550048828125
2010-07-16,2957.719970703125
2010-07-19,2945.419921875
2010-07-20,2948.610107421875
2010-07-21,2926.090087890625
2010-07-22,2955.669921875
2010-07-23,2973.469970703125
2010-07-26,2966.989990234375
2010-07-27,2979.3798828125
2010-07-28,2985.3798828125
2010-07-29,2997.64990234375
2010-07-30,2987.699951171875
2010-08-03,3014.77001953125
2010-08-04,3001.8701171875
2010-08-05,3006.760009765625
2010-08-06,2995.06005859375
2010-08-10,2984.2900390625
2010-08-11,2949.260009765625
2010-08-12,2927.0400390625
2010-08-13,2939.969970703125
2010-08-16,2933.510009765625
2010-08-17,2923.360107421875
2010-08-18,2919.3701171875
2010-08-19,2946.77001953125
2010-08-20,2936.47998046875
2010-08-23,2925.989990234375
2010-08-24,2922.85009765625
2010-08-25,2926.550048828125
2010-08-26,2925.8701171875
2010-08-27,2938.739990234375
2010-08-30,2957.06005859375
2010-08-31,2950.330078125
2010-09-01,2982.830078125
2010-09-02,2986.659912109375
2010-09-03,3002.56005859375
2010-09-06,3034.580078125
2010-09-07,3036.090087890625
2010-09-08,3011.419921875
2010-09-09,3022.280029296875
2010-09-13,3066.81005859375
2010-09-14,3048.64990234375
2010-09-15,3071.030029296875
2010-09-16,3067.110107421875
2010-09-17,3076.3701171875
2010-09-20,3080.97998046875
2010-09-21,3095.389892578125
2010-09-22,3096.10009765625
2010-09-23,3083.1298828125
2010-09-24,3092.679931640625
2010-09-27,3113.4599609375
2010-09-28,3097.35009765625
2010-09-29,3106.030029296875
2010-09-30,3097.6298828125
2010-10-01,3130.89990234375
2010-10-04,3168.989990234375
2010-10-05,3162.360107421875
2010-10-06,3190.070068359375
2010-10-07,3166.64990234375
2010-10-08,3153.340087890625
2010-10-11,3163.409912109375
2010-10-12,3149.360107421875
2010-10-13,3202.159912109375
2010-10-14,3195.02001953125
2010-10-15,3204.27001953125
2010-10-18,3181.27001953125
2010-10-19,3192.2900390625
2010-10-20,3179.14990234375
2010-10-21,3163.530029296875
2010-10-22,3173.570068359375
2010-10-25,3182.080078125
2010-10-26,3162.510009765625
2010-10-27,3124.3798828125
2010-10-28,3129.5
2010-10-29,3142.6201171875
2010-11-01,3192.179931640625
2010-11-02,3205.280029296875
2010-11-03,3224.969970703125
2010-11-04,3240.31005859375
2010-11-08,3300.39990234375
2010-11-09,3313.610107421875
2010-11-10,3289.239990234375
2010-11-11,3293.389892578125
2010-11-12,3252.0
2010-11-15,3236.800048828125
2010-11-16,3212.10009765625
2010-11-18,3215.219970703125
2010-11-19,3197.3701171875
2010-11-22,3190.919921875
2010-11-23,3126.300048828125
2010-11-24,3137.010009765625
2010-11-25,3159.22998046875
2010-11-26,3158.080078125
2010-11-29,3158.2099609375
2010-11-30,3144.699951171875
2010-12-01,3181.93994140625
2010-12-02,3197.9599609375
2010-12-03,3172.43994140625
2010-12-06,3181.409912109375
2010-12-07,3191.8798828125
2010-12-08,3202.800048828125
2010-12-09,3210.199951171875
2010-12-10,3185.419921875
2010-12-13,3182.320068359375
2010-12-14,3176.909912109375
2010-12-15,3147.199951171875
2010-12-16,3147.669921875
2010-12-17,3153.010009765625
2010-12-20,3132.9599609375
2010-12-21,3139.85009765625
2010-12-22,3144.31005859375
2010-12-23,3137.780029296875
2010-12-24,3143.800048828125
2010-12-27,3159.360107421875
2010-12-28,3183.699951171875
2010-12-29,3207.909912109375
2010-12-30,3212.4599609375
2010-12-31,3190.0400390625
2011-01-03,3235.77001953125
2011-01-04,3250.2900390625
2011-01-05,3254.25
2011-01-06,3279.699951171875
2011-01-07,3261.35009765625
2011-01-10,3229.27001953125
2011-01-11,3241.489990234375
2011-01-12,3244.93994140625
2011-01-13,3255.8701171875
2011-01-14,3245.9599609375
2011-01-17,3238.6298828125
2011-01-18,3249.580078125
2011-01-19,3241.9599609375
2011-01-20,3205.47998046875
2011-01-21,3184.60009765625
2011-01-24,3185.760009765625
2011-01-25,3181.14990234375
2011-01-26,3220.780029296875
2011-01-27,3219.830078125
2011-01-28,3229.68994140625
2011-01-31,3179.719970703125
2011-02-01,3184.739990234375
2011-02-02,3211.1201171875
2011-02-07,3192.179931640625
2011-02-08,3185.360107421875
2011-02-09,3150.56005859375
2011-02-10,3103.389892578125
2011-02-11,3077.27001953125
2011-02-14,3104.419921875
2011-02-15,3080.659912109375
2011-02-16,3094.719970703125
2011-02-17,3082.830078125
2011-02-18,3086.919921875
2011-02-22,3019.1201171875
2011-02-23,3001.85009765625
2011-02-24,2973.080078125
2011-02-25,3025.159912109375
2011-02-28,3010.510009765625
2011-03-01,3067.60009765625
2011-03-02,3027.510009765625
2011-03-03,3037.35009765625
2011-03-04,3061.31005859375
2011-03-07,3066.52001953125
2011-03-08,3103.840087890625
2011-03-09,3092.89990234375
2011-03-10,3075.43994140625
2011-03-11,3043.489990234375
2011-03-14,3030.860107421875
2011-03-15,2946.080078125
2011-03-16,2971.0
2011-03-17,2942.8798828125
2011-03-18,2935.780029296875
2011-03-21,2983.510009765625
2011-03-22,3002.75
2011-03-23,3022.18994140625
2011-03-24,3043.030029296875
2011-03-25,3070.840087890625
2011-03-28,3057.3798828125
2011-03-29,3056.949951171875
2011-03-30,3095.320068359375
2011-03-31,3105.85009765625
2011-04-01,3120.469970703125
2011-04-04,3140.6201171875
2011-04-05,3146.75
2011-04-06,3170.330078125
2011-04-07,3171.64990234375
2011-04-08,3187.31005859375
2011-04-11,3160.43994140625
2011-04-12,3138.0
2011-04-13,3172.080078125
2011-04-14,3158.919921875
2011-04-15,3153.300048828125
2011-04-18,3144.3798828125
2011-04-19,3125.3701171875
2011-04-20,3165.800048828125
2011-04-21,3194.72998046875
2011-04-25,3187.719970703125
2011-04-26,3171.830078125
2011-04-27,3182.679931640625
2011-04-28,3184.989990234375
2011-04-29,3172.72998046875
2011-05-03,3153.570068359375
2011-05-04,3110.6201171875
2011-05-05,3109.85009765625
2011-05-06,3099.52001953125
2011-05-09,3136.93994140625
2011-05-10,3156.260009765625
2011-05-11,3177.179931640625
2011-05-12,3130.449951171875
2011-05-13,3163.679931640625
2011-05-16,3136.47998046875
2011-05-18,3141.2099609375
2011-05-19,3168.81005859375
2011-05-20,3168.5400390625
2011-05-23,3110.47998046875
2011-05-24,3113.090087890625
2011-05-25,3118.64990234375
2011-05-26,3123.699951171875
2011-05-27,3135.52001953125
2011-05-31,3159.929931640625
2011-06-01,3172.8701171875
2011-06-02,3160.60009765625
2011-06-03,3145.669921875
2011-06-06,3113.72998046875
2011-06-07,3115.949951171875
2011-06-08,3102.97998046875
2011-06-09,3097.570068359375
2011-06-10,3078.35009765625
2011-06-13,3059.0400390625
2011-06-14,3057.389892578125
2011-06-15,3054.820068359375
2011-06-16,3020.1298828125
2011-06-17,3005.280029296875
2011-06-20,3013.60009765625
2011-06-21,3053.510009765625
2011-06-22,3042.830078125
2011-06-23,3044.719970703125
2011-06-24,3066.85009765625
2011-06-27,3048.280029296875
2011-06-28,3050.7900390625
2011-06-29,3079.739990234375
2011-06-30,3120.43994140625
2011-07-01,3139.010009765625
2011-07-05,3129.68994140625
2011-07-06,3114.7099609375
2011-07-07,3125.8701171875
2011-07-08,3151.280029296875
2011-07-11,3117.3701171875
2011-07-12,3075.449951171875
2011-07-13,3088.419921875
2011-07-14,3088.699951171875
2011-07-15,3084.239990234375
2011-07-18,3078.949951171875
2011-07-19,3096.1201171875
2011-07-20,3126.530029296875
2011-07-21,3138.510009765625
2011-07-22,3182.949951171875
2011-07-25,3171.550048828125
2011-07-26,3186.570068359375
2011-07-27,3193.5400390625
2011-07-28,3189.85009765625
2011-07-29,3189.260009765625
2011-08-01,3215.27001953125
2011-08-02,3177.090087890625
2011-08-03,3130.340087890625
2011-08-04,3107.010009765625
2011-08-05,2994.780029296875
2011-08-08,2884.0
2011-08-10,2821.090087890625
2011-08-11,2796.219970703125
2011-08-12,2850.590087890625
2011-08-15,2874.39990234375
2011-08-16,2832.72998046875
2011-08-17,2828.530029296875
2011-08-18,2824.9599609375
2011-08-19,2733.6298828125
2011-08-22,2731.81005859375
2011-08-23,2765.14990234375
2011-08-24,2721.81005859375
2011-08-25,2765.739990234375
2011-08-26,2748.179931640625
2011-08-29,2791.889892578125
2011-08-31,2885.260009765625
2011-09-01,2867.179931640625
2011-09-02,2843.090087890625
2011-09-05,2773.169921875
2011-09-06,2775.090087890625
2011-09-07,2832.1298828125
2011-09-08,2856.89990234375
2011-09-09,2825.389892578125
2011-09-12,2743.580078125
2011-09-13,2729.3701171875
2011-09-14,2739.35009765625
2011-09-15,2765.949951171875
2011-09-16,2789.0400390625
2011-09-19,2757.22998046875
2011-09-20,2780.840087890625
2011-09-21,2791.7900390625
2011-09-22,2717.659912109375
2011-09-23,2698.800048828125
2011-09-26,2654.31005859375
2011-09-27,2725.909912109375
2011-09-28,2701.169921875
2011-09-29,2708.1298828125
2011-09-30,2675.159912109375
2011-10-03,2621.39990234375
2011-10-04,2531.02001953125
2011-10-05,2528.7099609375
2011-10-06,2603.1201171875
2011-10-07,2640.300048828125
2011-10-10,2668.300048828125
2011-10-11,2693.050048828125
2011-10-12,2737.75
2011-10-13,2733.969970703125
2011-10-14,2744.169921875
2011-10-17,2778.969970703125
2011-10-18,2724.68994140625
2011-10-19,2720.2099609375
2011-10-20,2694.010009765625
2011-10-21,2712.409912109375
2011-10-24,2760.949951171875
2011-10-25,2769.93994140625
2011-10-27,2847.570068359375
2011-10-28,2905.719970703125
2011-10-31,2855.77001953125
2011-11-01,2789.35009765625
2011-11-02,2834.75
2011-11-03,2810.0400390625
2011-11-04,2848.239990234375
2011-11-08,2866.52001953125
2011-11-09,2858.659912109375
2011-11-10,2786.89990234375
2011-11-11,2790.93994140625
2011-11-14,2830.330078125
2011-11-15,2811.580078125
2011-11-16,2807.43994140625
2011-11-17,2778.25
2011-11-18,2730.340087890625
2011-11-21,2697.97998046875
2011-11-22,2717.199951171875
2011-11-23,2676.570068359375
2011-11-25,2643.929931640625
2011-11-28,2694.429931640625
2011-11-29,2688.10009765625
2011-11-30,2702.4599609375
2011-12-01,2761.8798828125
2011-12-02,2773.360107421875
2011-12-05,2766.4599609375
2011-12-06,2749.239990234375
2011-12-07,2782.550048828125
2011-12-08,2728.31005859375
2011-12-09,2694.60009765625
2011-12-12,2701.719970703125
2011-12-13,2685.739990234375
2011-12-14,2672.389892578125
2011-12-15,2635.25
2011-12-16,2659.219970703125
2011-12-19,2618.090087890625
2011-12-20,2614.449951171875
2011-12-21,2673.320068359375
2011-12-22,2664.800048828125
2011-12-23,2676.469970703125
2011-12-27,2673.6201171875
2011-12-28,2666.25
2011-12-29,2672.780029296875
2011-12-30,2646.35009765625
2012-01-03,2688.360107421875
2012-01-04,2711.02001953125
2012-01-05,2713.02001953125
2012-01-06,2715.590087890625
2012-01-09,2691.280029296875
2012-01-10,2719.830078125
2012-01-11,2747.1298828125
2012-01-12,2743.659912109375
2012-01-13,2791.5400390625
2012-01-16,2756.489990234375
2012-01-17,2815.85009765625
2012-01-18,2795.39990234375
2012-01-19,2811.199951171875
2012-01-20,2849.3798828125
2012-01-25,2891.639892578125
2012-01-26,2894.429931640625
2012-01-27,2916.260009765625
2012-01-30,2888.2900390625
2012-01-31,2906.68994140625
2012-02-01,2904.760009765625
2012-02-02,2901.0400390625
2012-02-03,2917.949951171875
2012-02-06,2940.10009765625
2012-02-07,2957.780029296875
2012-02-08,2982.199951171875
2012-02-09,2981.169921875
2012-02-10,2960.0
2012-02-13,2976.340087890625
2012-02-14,2987.409912109375
2012-02-15,3011.679931640625
2012-02-16,2977.199951171875
2012-02-17,3000.590087890625
2012-02-21,3025.070068359375
2012-02-22,2995.590087890625
2012-02-23,2968.340087890625
2012-02-24,2978.080078125
2012-02-27,2946.780029296875
2012-02-28,2969.72998046875
2012-02-29,2994.06005859375
2012-03-01,2978.840087890625
2012-03-02,2993.489990234375
2012-03-05,2991.800048828125
2012-03-06,2932.010009765625
2012-03-07,2913.159912109375
2012-03-08,2970.3798828125
2012-03-09,2963.14990234375
2012-03-12,2966.110107421875
2012-03-13,2989.070068359375
2012-03-14,3026.39990234375
2012-03-15,3025.840087890625
2012-03-16,3010.679931640625
2012-03-19,2990.090087890625
2012-03-20,3002.72998046875
2012-03-21,3005.6298828125
2012-03-22,2979.25
2012-03-23,2990.080078125
2012-03-26,2974.5
2012-03-27,3018.909912109375
2012-03-28,3010.489990234375
2012-03-29,2994.090087890625
2012-03-30,3010.4599609375
2012-04-02,3016.070068359375
2012-04-03,3014.97998046875
2012-04-04,2985.0400390625
2012-04-05,2986.199951171875
2012-04-09,2960.10009765625
2012-04-10,2982.43994140625
2012-04-11,2949.25
2012-04-12,2978.139892578125
2012-04-13,2987.820068359375
2012-04-16,2992.1201171875
2012-04-17,2986.590087890625
2012-04-18,3000.580078125
2012-04-19,3008.2099609375
2012-04-20,2994.47998046875
2012-04-23,2962.35009765625
2012-04-24,2974.3701171875
2012-04-25,2979.780029296875
2012-04-26,2981.469970703125
2012-04-27,2981.580078125
2012-04-30,2978.570068359375
2012-05-02,3006.139892578125
2012-05-03,3000.93994140625
2012-05-04,2990.590087890625
2012-05-07,2924.949951171875
2012-05-08,2931.97998046875
2012-05-09,2900.909912109375
2012-05-10,2903.60009765625
2012-05-11,2887.340087890625
2012-05-14,2864.1201171875
2012-05-15,2876.699951171875
2012-05-16,2831.14990234375
2012-05-17,2822.610107421875
2012-05-18,2779.10009765625
2012-05-22,2823.75
2012-05-23,2780.419921875
2012-05-24,2779.530029296875
2012-05-25,2772.75
2012-05-28,2787.219970703125
2012-05-29,2801.85009765625
2012-05-30,2783.949951171875
2012-05-31,2772.5400390625
2012-06-01,2745.7099609375
2012-06-06,2760.830078125
2012-06-07,2759.260009765625
2012-06-08,2737.889892578125
2012-06-11,2787.81005859375
2012-06-12,2797.080078125
2012-06-13,2786.8798828125
2012-06-14,2773.81005859375
2012-06-15,2811.0
2012-06-18,2824.219970703125
2012-06-19,2842.409912109375
2012-06-20,2855.679931640625
2012-06-21,2830.14990234375
2012-06-22,2828.090087890625
2012-06-25,2815.260009765625
2012-06-26,2805.6298828125
2012-06-27,2841.60009765625
2012-06-28,2846.820068359375
2012-06-29,2878.449951171875
2012-07-02,2910.590087890625
2012-07-03,2945.330078125
2012-07-05,2971.469970703125
2012-07-06,2978.550048828125
2012-07-09,2929.080078125
2012-07-10,2964.6201171875
2012-07-11,2989.31005859375
2012-07-12,2972.0400390625
2012-07-13,2995.56005859375
2012-07-16,2998.75
2012-07-17,3014.800048828125
2012-07-18,3017.2099609375
2012-07-19,3028.9599609375
2012-07-20,3015.530029296875
2012-07-23,2982.489990234375
2012-07-24,3002.010009765625
2012-07-25,2990.919921875
2012-07-26,3004.570068359375
2012-07-27,2998.489990234375
2012-07-30,3032.800048828125
2012-07-31,3036.39990234375
2012-08-01,3051.080078125
2012-08-02,3036.18994140625
2012-08-03,3051.330078125
2012-08-06,3071.820068359375
2012-08-07,3067.739990234375
2012-08-08,3052.25
2012-08-10,3054.199951171875
2012-08-13,3064.81005859375
2012-08-14,3087.840087890625
2012-08-15,3062.110107421875
2012-08-16,3062.889892578125
2012-08-17,3062.110107421875
2012-08-21,3065.77001953125
2012-08-22,3049.469970703125
2012-08-23,3056.3701171875
2012-08-24,3050.489990234375
2012-08-27,3044.489990234375
2012-08-28,3040.070068359375
2012-08-29,3041.570068359375
2012-08-30,3011.820068359375
2012-08-31,3025.4599609375
2012-09-03,3017.219970703125
2012-09-04,3011.550048828125
2012-09-05,2995.89990234375
2012-09-06,2989.260009765625
2012-09-07,3011.699951171875
2012-09-10,3008.719970703125
2012-09-11,3016.39990234375
2012-09-12,3029.659912109375
2012-09-13,3030.139892578125
2012-09-14,3070.419921875
2012-09-17,3078.719970703125
2012-09-18,3067.97998046875
2012-09-19,3075.6298828125
2012-09-20,3062.610107421875
2012-09-21,3078.22998046875
2012-09-24,3067.929931640625
2012-09-25,3067.1298828125
2012-09-26,3046.679931640625
2012-09-27,3059.429931640625
2012-09-28,3060.340087890625
2012-10-01,3057.860107421875
2012-10-02,3079.139892578125
2012-10-03,3077.139892578125
2012-10-04,3086.639892578125
2012-10-05,3107.8701171875
2012-10-08,3076.64990234375
2012-10-09,3065.909912109375
2012-10-10,3033.81005859375
2012-10-11,3032.659912109375
2012-10-12,3041.75
2012-10-15,3043.050048828125
2012-10-16,3046.81005859375
2012-10-17,3045.669921875
2012-10-18,3060.360107421875
2012-10-19,3048.919921875
2012-10-22,3045.669921875
2012-10-23,3050.929931640625
2012-10-24,3044.72998046875
2012-10-25,3057.510009765625
2012-10-29,3029.610107421875
2012-10-30,3038.72998046875
2012-10-31,3038.3701171875
2012-11-01,3026.610107421875
2012-11-02,3040.75
2012-11-05,3031.68994140625
2012-11-06,3019.330078125
2012-11-07,3043.27001953125
2012-11-08,3012.25
2012-11-09,3009.56005859375
2012-11-12,3007.570068359375
2012-11-14,2978.030029296875
2012-11-15,2945.919921875
2012-11-16,2945.6298828125
2012-11-19,2950.929931640625
2012-11-20,2958.820068359375
2012-11-21,2960.300048828125
2012-11-22,2986.6298828125
2012-11-23,2989.280029296875
2012-11-26,3004.5
2012-11-27,3011.909912109375
2012-11-28,3011.77001953125
2012-11-29,3045.89990234375
2012-11-30,3069.949951171875
2012-12-03,3065.739990234375
2012-12-04,3062.1201171875
2012-12-05,3075.919921875
2012-12-06,3078.199951171875
2012-12-07,3107.110107421875
2012-12-10,3114.340087890625
2012-12-11,3118.330078125
2012-12-12,3141.570068359375
2012-12-13,3156.550048828125
2012-12-14,3168.429931640625
2012-12-17,3158.699951171875
2012-12-18,3156.7900390625
2012-12-19,3158.570068359375
2012-12-20,3175.52001953125
2012-12-21,3163.56005859375
2012-12-24,3168.570068359375
2012-12-26,3180.81005859375
2012-12-27,3183.929931640625
2012-12-28,3191.800048828125
2012-12-31,3167.080078125
2013-01-02,3201.739990234375
2013-01-03,3224.800048828125
2013-01-04,3225.219970703125
2013-01-07,3218.260009765625
2013-01-08,3205.52001953125
2013-01-09,3220.409912109375
2013-01-10,3226.25
2013-01-11,3216.5
2013-01-14,3206.590087890625
2013-01-15,3196.070068359375
2013-01-16,3208.5
2013-01-17,3195.10009765625
2013-01-18,3211.219970703125
2013-01-21,3221.320068359375
2013-01-22,3219.860107421875
2013-01-23,3231.22998046875
2013-01-24,3248.389892578125
2013-01-25,3269.31005859375
2013-01-28,3273.909912109375
2013-01-29,3259.75
2013-01-30,3285.89990234375
2013-01-31,3282.659912109375
2013-02-01,3291.139892578125
2013-02-04,3297.3701171875
2013-02-05,3272.659912109375
2013-02-06,3276.530029296875
2013-02-07,3261.77001953125
2013-02-08,3270.300048828125
2013-02-13,3301.0400390625
2013-02-14,3290.469970703125
2013-02-15,3283.070068359375
2013-02-18,3288.139892578125
2013-02-19,3295.77001953125
2013-02-20,3308.889892578125
2013-02-21,3287.60009765625
2013-02-22,3288.1298828125
2013-02-25,3288.760009765625
2013-02-26,3254.260009765625
2013-02-27,3261.1201171875
2013-02-28,3269.949951171875
2013-03-01,3269.5
2013-03-04,3239.949951171875
2013-03-05,3248.260009765625
2013-03-06,3291.81005859375
2013-03-07,3298.5400390625
2013-03-08,3289.530029296875
2013-03-11,3292.969970703125
2013-03-12,3303.02001953125
2013-03-13,3288.52001953125
2013-03-14,3279.5
2013-03-15,3286.050048828125
2013-03-18,3256.469970703125
2013-03-19,3269.1298828125
2013-03-20,3248.39990234375
2013-03-21,3267.64990234375
2013-03-22,3258.570068359375
2013-03-25,3267.47998046875
2013-03-26,3288.530029296875
2013-03-27,3313.030029296875
2013-03-28,3308.10009765625
2013-04-01,3307.580078125
2013-04-02,3317.590087890625
2013-04-03,3321.77001953125
2013-04-04,3307.800048828125
2013-04-05,3299.780029296875
2013-04-08,3284.610107421875
2013-04-09,3296.570068359375
2013-04-10,3293.25
2013-04-11,3308.800048828125
2013-04-12,3294.18994140625
2013-04-15,3284.3701171875
2013-04-16,3291.580078125
2013-04-17,3291.4599609375
2013-04-18,3296.3701171875
2013-04-19,3294.050048828125
2013-04-22,3308.919921875
2013-04-23,3284.35009765625
2013-04-24,3322.7099609375
2013-04-25,3337.7099609375
2013-04-26,3348.8701171875
2013-04-29,3361.919921875
2013-04-30,3368.179931640625
2013-05-02,3402.389892578125
2013-05-03,3369.89990234375
2013-05-06,3382.2900390625
2013-05-07,3383.159912109375
2013-05-08,3413.02001953125
2013-05-09,3432.780029296875
2013-05-10,3443.77001953125
2013-05-13,3428.9599609375
2013-05-14,3432.760009765625
2013-05-15,3441.530029296875
2013-05-16,3452.280029296875
2013-05-17,3449.300048828125
2013-05-20,3454.22998046875
2013-05-21,3443.89990234375
2013-05-22,3454.3701171875
2013-05-23,3393.169921875
2013-05-27,3391.300048828125
2013-05-28,3406.080078125
2013-05-29,3367.469970703125
2013-05-30,3336.010009765625
2013-05-31,3311.3701171875
2013-06-03,3291.080078125
2013-06-04,3291.35009765625
2013-06-05,3243.429931640625
2013-06-06,3193.510009765625
2013-06-07,3184.719970703125
2013-06-10,3200.510009765625
2013-06-11,3170.3798828125
2013-06-12,3153.47998046875
2013-06-13,3130.68994140625
2013-06-14,3161.429931640625
2013-06-17,3183.43994140625
2013-06-18,3229.550048828125
2013-06-19,3213.7900390625
2013-06-20,3133.260009765625
2013-06-21,3124.449951171875
2013-06-24,3074.31005859375
2013-06-25,3089.929931640625
2013-06-26,3104.39990234375
2013-06-27,3118.030029296875
2013-06-28,3150.43994140625
2013-07-01,3140.929931640625
2013-07-02,3173.320068359375
2013-07-03,3129.489990234375
2013-07-04,3147.1201171875
2013-07-05,3169.72998046875
2013-07-08,3155.469970703125
2013-07-09,3178.6298828125
2013-07-10,3188.0400390625
2013-07-11,3248.919921875
2013-07-12,3236.06005859375
2013-07-15,3236.820068359375
2013-07-16,3224.9599609375
2013-07-17,3208.330078125
2013-07-18,3218.199951171875
2013-07-19,3213.260009765625
2013-07-22,3234.35009765625
2013-07-23,3253.760009765625
2013-07-24,3274.760009765625
2013-07-25,3235.679931640625
2013-07-26,3236.10009765625
2013-07-29,3236.969970703125
2013-07-30,3245.449951171875
2013-07-31,3221.929931640625
2013-08-01,3243.2900390625
2013-08-02,3254.1298828125
2013-08-05,3241.7900390625
2013-08-06,3224.889892578125
2013-08-07,3229.909912109375
2013-08-12,3232.239990234375
2013-08-13,3244.1201171875
2013-08-14,3248.659912109375
2013-08-15,3220.919921875
2013-08-16,3197.530029296875
2013-08-19,3173.330078125
2013-08-20,3128.75
2013-08-21,3108.989990234375
2013-08-22,3089.39990234375
2013-08-23,3088.85009765625
2013-08-26,3084.409912109375
2013-08-27,3034.02001953125
2013-08-28,3004.179931640625
2013-08-29,3038.030029296875
2013-08-30,3028.93994140625
2013-09-02,3055.719970703125
2013-09-03,3054.780029296875
2013-09-04,3015.419921875
2013-09-05,3039.449951171875
2013-09-06,3048.35009765625
2013-09-09,3088.199951171875
2013-09-10,3123.889892578125
2013-09-11,3108.18994140625
2013-09-12,3121.080078125
2013-09-13,3120.300048828125
2013-09-16,3179.47998046875
2013-09-17,3180.919921875
2013-09-18,3193.85009765625
2013-09-19,3251.780029296875
2013-09-20,3237.530029296875
2013-09-23,3214.25
2013-09-24,3211.75
2013-09-25,3208.580078125
2013-09-26,3194.31005859375
2013-09-27,3210.179931640625
2013-09-30,3167.8701171875
2013-10-01,3181.5
2013-10-02,3152.580078125
2013-10-03,3144.7900390625
2013-10-04,3138.080078125
2013-10-07,3136.590087890625
2013-10-08,3146.5
2013-10-09,3154.840087890625
2013-10-10,3169.909912109375
2013-10-11,3179.7099609375
2013-10-14,3165.25
2013-10-16,3174.030029296875
2013-10-17,3186.6201171875
2013-10-18,3192.89990234375
2013-10-21,3195.760009765625
2013-10-22,3210.2099609375
2013-10-23,3204.800048828125
2013-10-24,3217.949951171875
2013-10-25,3205.239990234375
2013-10-28,3207.85009765625
2013-10-29,3208.820068359375
2013-10-30,3230.43994140625
2013-10-31,3210.669921875
2013-11-01,3201.199951171875
2013-11-05,3205.5400390625
2013-11-06,3205.2900390625
2013-11-07,3202.10009765625
2013-11-08,3177.25
2013-11-11,3186.719970703125
2013-11-12,3180.25
2013-11-13,3166.739990234375
2013-11-14,3191.080078125
2013-11-15,3201.27001953125
2013-11-18,3203.030029296875
2013-11-19,3192.080078125
2013-11-20,3184.22998046875
2013-11-21,3172.3798828125
2013-11-22,3172.85009765625
2013-11-25,3180.64990234375
2013-11-26,3173.510009765625
2013-11-27,3172.06005859375
2013-11-28,3186.3701171875
2013-11-29,3176.35009765625
2013-12-02,3188.760009765625
2013-12-03,3187.669921875
2013-12-04,3160.699951171875
2013-12-05,3124.3798828125
2013-12-06,3114.169921875
2013-12-09,3113.639892578125
2013-12-10,3081.719970703125
2013-12-11,3060.739990234375
2013-12-12,3059.0400390625
2013-12-13,3066.02001953125
2013-12-16,3053.77001953125
2013-12-17,3067.570068359375
2013-12-18,3061.780029296875
2013-12-19,3070.22998046875
2013-12-20,3094.47998046875
2013-12-23,3116.219970703125
2013-12-24,3127.2900390625
2013-12-26,3134.360107421875
2013-12-27,3149.760009765625
2013-12-30,3153.2900390625
2013-12-31,3167.429931640625
2014-01-02,3174.64990234375
2014-01-03,3131.469970703125
2014-01-06,3123.820068359375
2014-01-07,3120.8798828125
2014-01-08,3150.64990234375
2014-01-09,3145.409912109375
2014-01-10,3143.8701171875
2014-01-13,3135.489990234375
2014-01-14,3123.75
2014-01-15,3143.25
2014-01-16,3140.43994140625
2014-01-17,3147.330078125
2014-01-20,3128.7900390625
2014-01-21,3133.760009765625
2014-01-22,3133.739990234375
2014-01-23,3100.239990234375
2014-01-24,3075.989990234375
2014-01-27,3042.429931640625
2014-01-28,3062.409912109375
2014-01-29,3047.929931640625
2014-01-30,3027.219970703125
2014-02-03,2990.949951171875
2014-02-04,2965.800048828125
2014-02-05,2960.090087890625
2014-02-06,2988.27001953125
2014-02-07,3013.139892578125
2014-02-10,3017.199951171875
2014-02-11,3029.10009765625
2014-02-12,3035.449951171875
2014-02-13,3039.89990234375
2014-02-14,3038.7099609375
2014-02-17,3069.280029296875
2014-02-18,3070.780029296875
2014-02-19,3088.7900390625
2014-02-20,3086.639892578125
2014-02-21,3099.929931640625
2014-02-24,3105.840087890625
2014-02-25,3103.6201171875
2014-02-26,3088.25
2014-02-27,3096.739990234375
2014-02-28,3110.780029296875
2014-03-03,3087.469970703125
2014-03-04,3104.7099609375
2014-03-05,3116.639892578125
2014-03-06,3129.169921875
2014-03-07,3136.260009765625
2014-03-10,3126.6298828125
2014-03-11,3129.39990234375
2014-03-12,3097.429931640625
2014-03-13,3081.389892578125
2014-03-14,3073.719970703125
2014-03-17,3092.139892578125
2014-03-18,3093.840087890625
2014-03-19,3080.75
2014-03-20,3057.199951171875
2014-03-21,3073.389892578125
2014-03-24,3111.830078125
2014-03-25,3104.169921875
2014-03-26,3143.320068359375
2014-03-27,3162.4599609375
2014-03-28,3172.169921875
2014-03-31,3188.6201171875
2014-04-01,3198.52001953125
2014-04-02,3192.780029296875
2014-04-03,3220.06005859375
2014-04-04,3212.719970703125
2014-04-07,3193.590087890625
2014-04-08,3204.090087890625
2014-04-09,3209.919921875
2014-04-10,3203.580078125
2014-04-11,3198.219970703125
2014-04-14,3214.830078125
2014-04-15,3246.320068359375
2014-04-16,3253.199951171875
2014-04-17,3253.800048828125
2014-04-21,3255.830078125
2014-04-22,3277.530029296875
2014-04-23,3258.010009765625
2014-04-24,3283.929931640625
2014-04-25,3267.570068359375
2014-04-28,3242.7099609375
2014-04-29,3237.739990234375
2014-04-30,3264.7099609375
2014-05-02,3252.550048828125
2014-05-05,3241.60009765625
2014-05-06,3245.56005859375
2014-05-07,3236.429931640625
2014-05-08,3247.68994140625
2014-05-09,3252.1298828125
2014-05-12,3222.429931640625
2014-05-14,3259.090087890625
2014-05-15,3272.489990234375
2014-05-16,3262.590087890625
2014-05-19,3262.429931640625
2014-05-20,3265.469970703125
2014-05-21,3261.780029296875
2014-05-22,3265.659912109375
2014-05-23,3278.02001953125
2014-05-26,3282.8798828125
2014-05-27,3274.06005859375
2014-05-28,3271.840087890625
2014-05-29,3300.7099609375
2014-05-30,3295.85009765625
2014-06-02,3302.239990234375
2014-06-03,3296.669921875
2014-06-04,3280.169921875
2014-06-05,3279.639892578125
2014-06-06,3299.429931640625
2014-06-09,3305.199951171875
2014-06-10,3293.820068359375
2014-06-11,3290.0400390625
2014-06-12,3293.010009765625
2014-06-13,3293.25
2014-06-16,3290.260009765625
2014-06-17,3274.43994140625
2014-06-18,3276.800048828125
2014-06-19,3269.02001953125
2014-06-20,3258.800048828125
2014-06-23,3257.39990234375
2014-06-24,3262.030029296875
2014-06-25,3261.5400390625
2014-06-26,3278.570068359375
2014-06-27,3271.050048828125
2014-06-30,3255.669921875
2014-07-01,3242.639892578125
2014-07-02,3263.909912109375
2014-07-03,3273.14990234375
2014-07-04,3272.25
2014-07-07,3291.570068359375
2014-07-08,3283.340087890625
2014-07-09,3275.4599609375
2014-07-10,3269.5
2014-07-11,3293.72998046875
2014-07-14,3290.97998046875
2014-07-15,3291.419921875
2014-07-16,3304.429931640625
2014-07-17,3306.889892578125
2014-07-18,3310.530029296875
2014-07-21,3314.27001953125
2014-07-22,3316.909912109375
2014-07-23,3340.699951171875
2014-07-24,3353.889892578125
2014-07-25,3350.169921875
2014-07-29,3356.080078125
2014-07-30,3353.64990234375
2014-07-31,3374.06005859375
2014-08-01,3344.419921875
2014-08-04,3318.39990234375
2014-08-05,3327.669921875
2014-08-06,3320.22998046875
2014-08-07,3314.219970703125
2014-08-08,3288.889892578125
2014-08-11,3306.449951171875
2014-08-12,3303.389892578125
2014-08-13,3301.409912109375
2014-08-14,3294.830078125
2014-08-15,3314.77001953125
2014-08-18,3312.780029296875
2014-08-19,3316.429931640625
2014-08-20,3323.64990234375
2014-08-21,3324.090087890625
2014-08-22,3325.5
2014-08-25,3330.280029296875
2014-08-26,3323.02001953125
2014-08-27,3341.4599609375
2014-08-28,3330.219970703125
2014-08-29,3327.090087890625
2014-09-01,3314.1298828125
2014-09-02,3328.300048828125
2014-09-03,3348.77001953125
2014-09-04,3346.340087890625
2014-09-05,3341.72998046875
2014-09-08,3335.18994140625
2014-09-09,3342.9599609375
2014-09-10,3338.6298828125
2014-09-11,3347.280029296875
2014-09-12,3345.550048828125
2014-09-15,3312.469970703125
2014-09-16,3272.6201171875
2014-09-17,3296.47998046875
2014-09-18,3297.2900390625
2014-09-19,3305.050048828125
2014-09-22,3296.570068359375
2014-09-23,3298.090087890625
2014-09-24,3292.81005859375
2014-09-25,3290.989990234375
2014-09-26,3292.2099609375
2014-09-29,3289.719970703125
2014-09-30,3276.739990234375
2014-10-01,3264.090087890625
2014-10-02,3228.7099609375
2014-10-03,3253.239990234375
2014-10-07,3243.989990234375
2014-10-08,3226.7099609375
2014-10-09,3259.25
2014-10-10,3223.8701171875
2014-10-13,3202.14990234375
2014-10-14,3194.39990234375
2014-10-15,3198.719970703125
2014-10-16,3154.2099609375
2014-10-17,3167.72998046875
2014-10-20,3181.050048828125
2014-10-21,3202.739990234375
2014-10-24,3222.550048828125
2014-10-27,3226.110107421875
2014-10-28,3211.64990234375
2014-10-29,3224.030029296875
2014-10-30,3234.31005859375
2014-10-31,3274.25
2014-11-03,3290.840087890625
2014-11-04,3281.570068359375
2014-11-05,3287.5400390625
2014-11-06,3290.9599609375
2014-11-07,3286.389892578125
2014-11-10,3301.0
2014-11-11,3292.14990234375
2014-11-12,3283.7099609375
2014-11-13,3304.929931640625
2014-11-14,3315.669921875
2014-11-17,3288.669921875
2014-11-18,3313.72998046875
2014-11-19,3334.56005859375
2014-11-20,3315.60009765625
2014-11-21,3345.320068359375
2014-11-24,3340.530029296875
2014-11-25,3344.989990234375
2014-11-26,3349.659912109375
2014-11-27,3340.9599609375
2014-11-28,3350.5
2014-12-01,3305.639892578125
2014-12-02,3322.320068359375
2014-12-03,3303.389892578125
2014-12-04,3304.820068359375
2014-12-05,3324.389892578125
2014-12-08,3297.840087890625
2014-12-09,3319.840087890625
2014-12-10,3325.81005859375
2014-12-11,3318.699951171875
2014-12-12,3324.1298828125
2014-12-15,3294.139892578125
2014-12-16,3215.090087890625
2014-12-17,3227.22998046875
2014-12-18,3243.64990234375
2014-12-19,3279.530029296875
2014-12-22,3330.9599609375
2014-12-23,3332.510009765625
2014-12-29,3367.68994140625
2014-12-30,3366.110107421875
2014-12-31,3365.14990234375
2015-01-02,3370.590087890625
2015-01-05,3328.280029296875
2015-01-06,3281.949951171875
2015-01-07,3298.360107421875
2015-01-08,3345.110107421875
2015-01-09,3338.43994140625
2015-01-12,3344.889892578125
2015-01-13,3341.070068359375
2015-01-14,3326.159912109375
2015-01-15,3338.840087890625
2015-01-16,3300.679931640625
2015-01-19,3307.699951171875
2015-01-20,3334.02001953125
2015-01-21,3354.4599609375
2015-01-22,3370.2900390625
2015-01-23,3411.5
2015-01-26,3398.52001953125
2015-01-27,3412.199951171875
2015-01-28,3419.14990234375
2015-01-29,3419.050048828125
2015-01-30,3391.199951171875
2015-02-02,3423.35009765625
2015-02-03,3408.02001953125
2015-02-04,3417.570068359375
2015-02-05,3406.580078125
2015-02-06,3431.360107421875
2015-02-09,3418.02001953125
2015-02-10,3434.239990234375
2015-02-11,3444.570068359375
2015-02-12,3419.169921875
2015-02-13,3426.219970703125
2015-02-16,3427.159912109375
2015-02-17,3415.909912109375
2015-02-18,3435.659912109375
2015-02-23,3421.300048828125
2015-02-24,3437.610107421875
2015-02-25,3440.830078125
2015-02-26,3426.179931640625
2015-02-27,3402.860107421875
2015-03-02,3403.889892578125
2015-03-03,3422.110107421875
2015-03-04,3415.530029296875
2015-03-05,3395.27001953125
2015-03-06,3417.510009765625
2015-03-09,3404.570068359375
2015-03-10,3398.260009765625
2015-03-11,3378.590087890625
2015-03-12,3373.60009765625
2015-03-13,3362.77001953125
2015-03-16,3376.0400390625
2015-03-17,3369.949951171875
2015-03-18,3361.75
2015-03-19,3386.159912109375
2015-03-20,3412.43994140625
2015-03-23,3410.1298828125
2015-03-24,3413.260009765625
2015-03-25,3419.02001953125
2015-03-26,3431.590087890625
2015-03-27,3450.10009765625
2015-03-30,3454.260009765625
2015-03-31,3447.010009765625
2015-04-01,3447.02001953125
2015-04-02,3453.75
2015-04-06,3452.909912109375
2015-04-07,3465.6201171875
2015-04-08,3460.679931640625
2015-04-09,3460.300048828125
2015-04-10,3472.3798828125
2015-04-13,3484.389892578125
2015-04-14,3521.080078125
2015-04-15,3539.949951171875
2015-04-16,3531.610107421875
2015-04-17,3525.18994140625
2015-04-20,3503.25
2015-04-21,3508.610107421875
2015-04-22,3496.239990234375
2015-04-23,3502.75
2015-04-24,3513.0
2015-04-27,3515.85009765625
2015-04-28,3495.090087890625
2015-04-29,3487.14990234375
2015-04-30,3487.389892578125
2015-05-04,3482.699951171875
2015-05-05,3471.18994140625
2015-05-06,3459.7900390625
2015-05-07,3432.780029296875
2015-05-08,3452.010009765625
2015-05-11,3470.800048828125
2015-05-12,3442.330078125
2015-05-13,3453.169921875
2015-05-14,3455.780029296875
2015-05-15,3463.10009765625
2015-05-18,3459.570068359375
2015-05-19,3454.0400390625
2015-05-20,3439.679931640625
2015-05-21,3439.860107421875
2015-05-22,3450.179931640625
2015-05-25,3460.85009765625
2015-05-26,3459.97998046875
2015-05-27,3424.93994140625
2015-05-28,3417.77001953125
2015-05-29,3392.110107421875
2015-06-02,3340.75
2015-06-03,3349.840087890625
2015-06-04,3345.0
2015-06-05,3333.669921875
2015-06-08,3320.330078125
2015-06-09,3295.1298828125
2015-06-10,3325.77001953125
2015-06-11,3347.669921875
2015-06-12,3353.85009765625
2015-06-15,3323.1298828125
2015-06-16,3298.090087890625
2015-06-17,3325.909912109375
2015-06-18,3300.419921875
2015-06-19,3300.9599609375
2015-06-22,3315.1298828125
2015-06-23,3339.780029296875
2015-06-24,3351.330078125
2015-06-25,3349.8701171875
2015-06-26,3320.89990234375
2015-06-29,3280.179931640625
2015-06-30,3317.330078125
2015-07-01,3331.139892578125
2015-07-02,3327.840087890625
2015-07-03,3342.72998046875
2015-07-06,3332.93994140625
2015-07-07,3340.929931640625
2015-07-08,3284.989990234375
2015-07-09,3267.39990234375
2015-07-10,3279.8798828125
2015-07-13,3311.219970703125
2015-07-14,3316.5
2015-07-15,3338.860107421875
2015-07-16,3353.449951171875
2015-07-20,3373.47998046875
2015-07-21,3371.409912109375
2015-07-22,3359.169921875
2015-07-23,3356.3701171875
2015-07-24,3352.64990234375
2015-07-27,3313.419921875
2015-07-28,3281.090087890625
2015-07-29,3284.0
2015-07-30,3249.52001953125
2015-07-31,3202.5
2015-08-03,3192.7900390625
2015-08-04,3191.0400390625
2015-08-05,3191.389892578125
2015-08-06,3196.659912109375
2015-08-11,3153.06005859375
2015-08-12,3061.489990234375
2015-08-13,3091.780029296875
2015-08-14,3114.25
2015-08-17,3067.35009765625
2015-08-18,3049.64990234375
2015-08-19,3041.25
2015-08-20,3009.780029296875
2015-08-21,2971.010009765625
2015-08-24,2843.389892578125
2015-08-25,2886.2900390625
2015-08-26,2873.0
2015-08-27,2945.429931640625
2015-08-28,2955.93994140625
2015-08-31,2921.43994140625
2015-09-01,2882.77001953125
2015-09-02,2878.1298828125
2015-09-03,2906.429931640625
2015-09-04,2863.81005859375
2015-09-07,2852.409912109375
2015-09-08,2885.320068359375
2015-09-09,2928.179931640625
2015-09-10,2888.030029296875
2015-09-14,2871.469970703125
2015-09-15,2841.93994140625
2015-09-16,2868.739990234375
2015-09-17,2895.81005859375
2015-09-18,2879.590087890625
2015-09-21,2882.27001953125
2015-09-22,2868.469970703125
2015-09-23,2845.739990234375
2015-09-25,2832.639892578125
2015-09-28,2791.919921875
2015-09-29,2787.93994140625
2015-09-30,2790.889892578125
2015-10-01,2801.85009765625
2015-10-02,2793.14990234375
2015-10-05,2851.25
2015-10-06,2897.409912109375
2015-10-07,2961.81005859375
2015-10-08,2947.030029296875
2015-10-09,2998.5
2015-10-12,3032.110107421875
2015-10-13,2984.8798828125
2015-10-14,2983.919921875
2015-10-15,3015.139892578125
2015-10-16,3030.610107421875
2015-10-19,3024.5
2015-10-20,3019.030029296875
2015-10-21,3025.699951171875
2015-10-22,3038.110107421875
2015-10-23,3068.4599609375
2015-10-26,3083.070068359375
2015-10-27,3052.530029296875
2015-10-28,3040.510009765625
2015-10-29,3001.510009765625
2015-10-30,2998.35009765625
2015-11-02,2974.409912109375
2015-11-03,2999.56005859375
2015-11-04,3040.47998046875
2015-11-05,3023.64990234375
2015-11-06,3010.469970703125
2015-11-09,2997.719970703125
2015-11-11,2981.590087890625
2015-11-12,2959.010009765625
2015-11-13,2925.679931640625
2015-11-16,2915.72998046875
2015-11-17,2916.780029296875
2015-11-18,2886.080078125
2015-11-19,2919.830078125
2015-11-20,2917.909912109375
2015-11-23,2903.489990234375
2015-11-24,2923.489990234375
2015-11-25,2891.580078125
2015-11-26,2884.68994140625
2015-11-27,2859.1201171875
2015-11-30,2855.93994140625
2015-12-01,2870.260009765625
2015-12-02,2883.639892578125
2015-12-03,2883.889892578125
2015-12-04,2879.050048828125
2015-12-07,2900.919921875
2015-12-08,2876.030029296875
2015-12-09,2861.18994140625
2015-12-10,2848.4599609375
2015-12-11,2834.6298828125
2015-12-14,2815.0400390625
2015-12-15,2815.52001953125
2015-12-16,2840.919921875
2015-12-17,2861.179931640625
2015-12-18,2852.840087890625
2015-12-21,2845.550048828125
2015-12-22,2852.969970703125
2015-12-23,2863.64990234375
2015-12-24,2877.6201171875
2015-12-28,2875.320068359375
2015-12-29,2888.219970703125
2015-12-30,2885.510009765625
2015-12-31,2882.72998046875
2016-01-04,2835.969970703125
2016-01-05,2834.22998046875
2016-01-06,2804.27001953125
2016-01-07,2729.909912109375
2016-01-08,2751.22998046875
2016-01-11,2708.85009765625
2016-01-12,2691.780029296875
2016-01-13,2696.5
2016-01-14,2644.570068359375
2016-01-15,2630.760009765625
2016-01-18,2593.0
2016-01-19,2638.469970703125
2016-01-20,2559.77001953125
2016-01-21,2532.699951171875
2016-01-22,2577.090087890625
2016-01-25,2582.639892578125
2016-01-26,2545.610107421875
2016-01-27,2546.179931640625
2016-01-28,2562.449951171875
2016-01-29,2629.110107421875
2016-02-01,2602.409912109375
2016-02-02,2579.22998046875
2016-02-03,2550.739990234375
2016-02-04,2558.489990234375
2016-02-05,2623.2099609375
2016-02-10,2582.10009765625
2016-02-11,2538.280029296875
2016-02-12,2539.949951171875
2016-02-15,2607.89990234375
2016-02-16,2644.580078125
2016-02-17,2613.7900390625
2016-02-18,2657.570068359375
2016-02-19,2656.8701171875
2016-02-22,2660.64990234375
2016-02-23,2672.070068359375
2016-02-24,2619.9599609375
2016-02-25,2603.39990234375
2016-02-26,2649.3798828125
2016-02-29,2666.510009765625
2016-03-01,2682.389892578125
2016-03-02,2726.9599609375
2016-03-03,2787.6201171875
2016-03-04,2837.0
2016-03-07,2823.510009765625
2016-03-08,2778.77001953125
2016-03-09,2810.429931640625
2016-03-10,2809.1201171875
2016-03-11,2828.860107421875
2016-03-14,2847.06005859375
2016-03-15,2839.43994140625
2016-03-16,2844.2099609375
2016-03-17,2880.169921875
2016-03-18,2906.800048828125
2016-03-21,2880.68994140625
2016-03-22,2880.64990234375
2016-03-23,2881.97998046875
2016-03-24,2847.389892578125
2016-03-28,2830.2900390625
2016-03-29,2819.080078125
2016-03-30,2872.780029296875
2016-03-31,2840.89990234375
2016-04-01,2818.489990234375
2016-04-04,2835.35009765625
2016-04-05,2800.919921875
2016-04-06,2811.25
2016-04-07,2813.590087890625
2016-04-08,2808.320068359375
2016-04-11,2809.239990234375
2016-04-12,2814.64990234375
2016-04-13,2890.409912109375
2016-04-14,2913.929931640625
2016-04-15,2923.93994140625
2016-04-18,2917.75
2016-04-19,2951.81005859375
2016-04-20,2949.949951171875
2016-04-21,2960.780029296875
2016-04-22,2940.429931640625
2016-04-25,2900.280029296875
2016-04-26,2894.659912109375
2016-04-27,2874.719970703125
2016-04-28,2862.300048828125
2016-04-29,2838.52001953125
2016-05-03,2811.199951171875
2016-05-04,2773.070068359375
2016-05-05,2767.81005859375
2016-05-06,2730.800048828125
2016-05-09,2766.06005859375
2016-05-10,2741.14990234375
2016-05-11,2732.8701171875
2016-05-12,2745.389892578125
2016-05-13,2734.909912109375
2016-05-16,2736.06005859375
2016-05-17,2781.110107421875
2016-05-18,2777.110107421875
2016-05-19,2740.110107421875
2016-05-20,2763.820068359375
2016-05-23,2766.929931640625
2016-05-24,2750.22998046875
2016-05-25,2766.659912109375
2016-05-26,2773.31005859375
2016-05-27,2802.510009765625
2016-05-30,2796.75
2016-05-31,2791.06005859375
2016-06-01,2790.5400390625
2016-06-02,2795.090087890625
2016-06-03,2809.22998046875
2016-06-06,2831.280029296875
2016-06-07,2848.090087890625
2016-06-08,2862.3798828125
2016-06-09,2843.800048828125
2016-06-10,2822.969970703125
2016-06-13,2785.429931640625
2016-06-14,2768.330078125
2016-06-15,2774.25
2016-06-16,2751.56005859375
2016-06-17,2763.419921875
2016-06-20,2800.8701171875
2016-06-21,2789.449951171875
2016-06-22,2786.1298828125
2016-06-23,2793.85009765625
2016-06-24,2735.389892578125
2016-06-27,2729.85009765625
2016-06-28,2756.530029296875
2016-06-29,2792.72998046875
2016-06-30,2840.929931640625
2016-07-01,2846.3701171875
2016-07-04,2870.56005859375
2016-07-05,2864.669921875
2016-07-07,2862.169921875
2016-07-08,2847.0400390625
2016-07-11,2876.139892578125
2016-07-12,2901.820068359375
2016-07-13,2910.64990234375
2016-07-14,2906.919921875
2016-07-15,2925.35009765625
2016-07-18,2928.760009765625
2016-07-19,2919.5400390625
2016-07-20,2945.739990234375
2016-07-21,2940.47998046875
2016-07-22,2945.35009765625
2016-07-25,2929.85009765625
2016-07-26,2933.43994140625
2016-07-27,2941.489990234375
2016-07-28,2918.6201171875
2016-07-29,2868.68994140625
2016-08-01,2892.52001953125
2016-08-02,2856.669921875
2016-08-03,2827.580078125
2016-08-04,2831.9599609375
2016-08-05,2828.169921875
2016-08-08,2870.780029296875
2016-08-10,2875.570068359375
2016-08-11,2869.820068359375
2016-08-12,2867.39990234375
2016-08-15,2867.2099609375
2016-08-16,2858.800048828125
2016-08-17,2843.35009765625
2016-08-18,2836.97998046875
2016-08-19,2844.02001953125
2016-08-22,2841.18994140625
2016-08-23,2850.429931640625
2016-08-24,2869.570068359375
2016-08-25,2876.929931640625
2016-08-26,2857.64990234375
2016-08-29,2829.429931640625
2016-08-30,2828.389892578125
2016-08-31,2820.590087890625
2016-09-01,2816.469970703125
2016-09-02,2803.919921875
2016-09-05,2851.739990234375
2016-09-06,2896.550048828125
2016-09-07,2893.64990234375
2016-09-08,2894.47998046875
2016-09-09,2873.330078125
2016-09-13,2818.3798828125
2016-09-14,2809.35009765625
2016-09-15,2805.52001953125
2016-09-16,2827.449951171875
2016-09-19,2852.139892578125
2016-09-20,2854.68994140625
2016-09-21,2850.739990234375
2016-09-22,2846.06005859375
2016-09-23,2856.949951171875
2016-09-26,2849.93994140625
2016-09-27,2860.22998046875
2016-09-28,2858.010009765625
2016-09-29,2885.7099609375
2016-09-30,2869.469970703125
2016-10-03,2870.840087890625
2016-10-04,2884.639892578125
2016-10-05,2881.7900390625
2016-10-06,2885.219970703125
2016-10-07,2875.239990234375
2016-10-10,2870.239990234375
2016-10-11,2856.1298828125
2016-10-12,2813.7099609375
2016-10-13,2805.47998046875
2016-10-14,2815.239990234375
2016-10-17,2817.070068359375
2016-10-18,2830.6298828125
2016-10-19,2844.6201171875
2016-10-20,2842.6201171875
2016-10-21,2831.06005859375
2016-10-24,2856.679931640625
2016-10-25,2854.050048828125
2016-10-26,2828.570068359375
2016-10-27,2828.93994140625
2016-10-28,2816.260009765625
2016-10-31,2813.8701171875
2016-11-01,2813.68994140625
2016-11-02,2807.139892578125
2016-11-03,2802.080078125
2016-11-04,2788.800048828125
2016-11-07,2800.949951171875
2016-11-08,2820.239990234375
2016-11-09,2789.8798828125
2016-11-10,2834.090087890625
2016-11-11,2814.60009765625
2016-11-14,2787.27001953125
2016-11-15,2797.550048828125
2016-11-16,2793.989990234375
2016-11-17,2813.47998046875
2016-11-18,2838.64990234375
2016-11-21,2816.669921875
2016-11-22,2822.199951171875
2016-11-23,2839.68994140625
2016-11-24,2843.719970703125
2016-11-25,2859.330078125
2016-11-28,2874.64990234375
2016-11-29,2879.139892578125
2016-11-30,2905.169921875
2016-12-01,2928.580078125
2016-12-02,2919.3701171875
2016-12-05,2943.050048828125
2016-12-06,2949.1201171875
2016-12-07,2959.840087890625
2016-12-08,2958.860107421875
2016-12-09,2956.1298828125
2016-12-12,2952.18994140625
2016-12-13,2955.22998046875
2016-12-14,2954.06005859375
2016-12-15,2930.77001953125
2016-12-16,2937.860107421875
2016-12-19,2913.080078125
2016-12-20,2911.31005859375
2016-12-21,2901.699951171875
2016-12-22,2882.0400390625
2016-12-23,2871.050048828125
2016-12-27,2885.760009765625
2016-12-28,2898.300048828125
2016-12-29,2889.14990234375
2016-12-30,2880.760009765625
2017-01-03,2898.969970703125
2017-01-04,2921.31005859375
2017-01-05,2954.139892578125
2017-01-06,2962.6298828125
2017-01-09,2981.5400390625
2017-01-10,3006.02001953125
2017-01-11,3000.93994140625
2017-01-12,2993.0
2017-01-13,3025.070068359375
2017-01-16,3013.1201171875
2017-01-17,3012.77001953125
2017-01-18,3000.219970703125
2017-01-19,3008.219970703125
2017-01-20,3011.080078125
2017-01-23,3025.47998046875
2017-01-24,3041.949951171875
2017-01-25,3039.93994140625
2017-01-26,3051.780029296875
2017-01-27,3064.85009765625
2017-01-31,3046.800048828125
2017-02-01,3067.489990234375
2017-02-02,3044.080078125
2017-02-03,3041.93994140625
2017-02-06,3056.909912109375
2017-02-07,3071.639892578125
2017-02-08,3066.530029296875
2017-02-09,3079.9599609375
2017-02-10,3100.389892578125
2017-02-13,3111.6298828125
2017-02-14,3072.469970703125
2017-02-15,3088.47998046875
2017-02-16,3096.68994140625
2017-02-17,3107.64990234375
2017-02-20,3096.68994140625
2017-02-21,3094.18994140625
2017-02-22,3122.199951171875
2017-02-23,3137.570068359375
2017-02-24,3117.030029296875
2017-02-27,3108.6201171875
2017-02-28,3096.610107421875
2017-03-01,3122.77001953125
2017-03-02,3136.47998046875
2017-03-03,3122.340087890625
2017-03-06,3121.510009765625
2017-03-07,3130.43994140625
2017-03-08,3145.2900390625
2017-03-09,3118.840087890625
2017-03-10,3133.35009765625
2017-03-13,3147.14990234375
2017-03-14,3143.39990234375
2017-03-15,3137.429931640625
2017-03-16,3163.52001953125
2017-03-17,3169.3798828125
2017-03-20,3165.699951171875
2017-03-21,3158.570068359375
2017-03-22,3118.18994140625
2017-03-23,3126.929931640625
2017-03-24,3142.89990234375
2017-03-27,3126.8798828125
2017-03-28,3157.820068359375
2017-03-29,3184.570068359375
2017-03-30,3173.239990234375
2017-03-31,3175.110107421875
2017-04-03,3187.510009765625
2017-04-04,3179.06005859375
2017-04-05,3176.550048828125
2017-04-06,3175.590087890625
2017-04-07,3177.27001953125
2017-04-10,3181.449951171875
2017-04-11,3174.75
2017-04-12,3186.010009765625
2017-04-13,3169.239990234375
2017-04-17,3138.300048828125
2017-04-18,3137.5400390625
2017-04-19,3126.280029296875
2017-04-20,3137.8798828125
2017-04-21,3139.830078125
2017-04-24,3144.030029296875
2017-04-25,3163.929931640625
2017-04-26,3173.760009765625
2017-04-27,3171.360107421875
2017-04-28,3175.43994140625
2017-05-02,3211.110107421875
2017-05-03,3237.81005859375
2017-05-04,3228.6201171875
2017-05-05,3229.72998046875
2017-05-08,3236.97998046875
2017-05-09,3249.969970703125
2017-05-11,3271.110107421875
2017-05-12,3255.2900390625
2017-05-15,3264.2099609375
2017-05-16,3227.7099609375
2017-05-17,3224.10009765625
2017-05-18,3221.659912109375
2017-05-19,3216.919921875
2017-05-22,3213.570068359375
2017-05-23,3222.68994140625
2017-05-24,3231.239990234375
2017-05-25,3234.3701171875
2017-05-26,3219.419921875
2017-05-29,3214.550048828125
2017-05-30,3204.7900390625
2017-05-31,3210.820068359375
2017-06-01,3235.9599609375
2017-06-02,3240.010009765625
2017-06-05,3238.31005859375
2017-06-06,3235.75
2017-06-07,3230.489990234375
2017-06-08,3237.050048828125
2017-06-09,3254.18994140625
2017-06-12,3248.340087890625
2017-06-13,3257.52001953125
2017-06-14,3253.429931640625
2017-06-15,3232.090087890625
2017-06-16,3231.43994140625
2017-06-19,3247.179931640625
2017-06-20,3230.419921875
2017-06-21,3201.77001953125
2017-06-22,3215.550048828125
2017-06-23,3209.469970703125
2017-06-27,3219.530029296875
2017-06-28,3215.699951171875
2017-06-29,3258.64990234375
2017-06-30,3226.47998046875
2017-07-03,3223.4599609375
2017-07-04,3211.169921875
2017-07-05,3248.7099609375
2017-07-06,3226.340087890625
2017-07-07,3229.010009765625
2017-07-10,3246.35009765625
2017-07-11,3218.800048828125
2017-07-12,3208.909912109375
2017-07-13,3235.669921875
2017-07-14,3287.429931640625
2017-07-17,3298.239990234375
2017-07-18,3306.080078125
2017-07-19,3325.070068359375
2017-07-20,3293.1298828125
2017-07-21,3314.1201171875
2017-07-24,3310.800048828125
2017-07-25,3327.830078125
2017-07-26,3336.719970703125
2017-07-27,3354.7099609375
2017-07-28,3330.75
2017-07-31,3329.52001953125
2017-08-01,3338.199951171875
2017-08-02,3348.800048828125
2017-08-03,3342.919921875
2017-08-04,3326.52001953125
2017-08-07,3320.669921875
2017-08-08,3318.080078125
2017-08-10,3323.239990234375
2017-08-11,3279.719970703125
2017-08-14,3308.68994140625
2017-08-15,3294.929931640625
2017-08-16,3278.949951171875
2017-08-17,3268.8798828125
2017-08-18,3251.989990234375
2017-08-21,3246.989990234375
2017-08-22,3263.7900390625
2017-08-23,3260.050048828125
2017-08-24,3272.159912109375
2017-08-25,3259.570068359375
2017-08-28,3267.6201171875
2017-08-29,3249.340087890625
2017-08-30,3265.260009765625
2017-08-31,3277.260009765625
2017-09-04,3230.969970703125
2017-09-05,3251.260009765625
2017-09-06,3232.469970703125
2017-09-07,3228.06005859375
2017-09-08,3228.56005859375
2017-09-11,3228.510009765625
2017-09-12,3235.68994140625
2017-09-13,3230.360107421875
2017-09-14,3220.949951171875
2017-09-15,3209.56005859375
2017-09-18,3241.85009765625
2017-09-19,3225.949951171875
2017-09-20,3218.070068359375
2017-09-21,3213.820068359375
2017-09-22,3220.25
2017-09-25,3215.909912109375
2017-09-26,3212.0400390625
2017-09-27,3236.14990234375
2017-09-28,3227.139892578125
2017-09-29,3219.909912109375
2017-10-02,3262.10009765625
2017-10-03,3246.080078125
2017-10-04,3236.64990234375
2017-10-05,3261.840087890625
2017-10-06,3291.2900390625
2017-10-09,3291.56005859375
2017-10-10,3288.949951171875
2017-10-11,3280.280029296875
2017-10-12,3303.090087890625
2017-10-13,3319.110107421875
2017-10-16,3323.06005859375
2017-10-17,3329.030029296875
2017-10-19,3334.909912109375
2017-10-20,3340.72998046875
2017-10-23,3349.800048828125
2017-10-24,3334.669921875
2017-10-25,3343.8798828125
2017-10-26,3356.25
2017-10-27,3386.43994140625
2017-10-30,3375.969970703125
2017-10-31,3374.080078125
2017-11-01,3391.610107421875
2017-11-02,3380.5
2017-11-03,3382.31005859375
2017-11-06,3381.85009765625
2017-11-07,3413.10009765625
2017-11-08,3421.25
2017-11-09,3423.909912109375
2017-11-10,3420.10009765625
2017-11-13,3419.1298828125
2017-11-14,3399.090087890625
2017-11-15,3368.699951171875
2017-11-16,3341.300048828125
2017-11-17,3382.3798828125
2017-11-20,3386.590087890625
2017-11-21,3423.3798828125
2017-11-22,3430.02001953125
2017-11-23,3423.169921875
2017-11-24,3442.14990234375
2017-11-27,3436.360107421875
2017-11-28,3442.35009765625
2017-11-29,3438.989990234375
2017-11-30,3433.5400390625
2017-12-01,3449.5400390625
2017-12-04,3438.469970703125
2017-12-05,3438.06005859375
2017-12-06,3397.2099609375
2017-12-07,3388.139892578125
2017-12-08,3424.639892578125
2017-12-11,3460.449951171875
2017-12-12,3465.5400390625
2017-12-13,3468.77001953125
2017-12-14,3435.780029296875
2017-12-15,3416.93994140625
2017-12-18,3414.820068359375
2017-12-19,3404.469970703125
2017-12-20,3394.8701171875
2017-12-21,3382.530029296875
2017-12-22,3385.7099609375
2017-12-26,3378.159912109375
2017-12-27,3391.669921875
2017-12-28,3399.10009765625
2017-12-29,3402.919921875
2018-01-02,3430.300048828125
2018-01-03,3464.280029296875
2018-01-04,3501.159912109375
2018-01-05,3489.449951171875
2018-01-08,3512.179931640625
2018-01-09,3524.64990234375
2018-01-10,3520.449951171875
2018-01-11,3512.679931640625
2018-01-12,3520.56005859375
2018-01-15,3536.409912109375
2018-01-16,3550.2099609375
2018-01-17,3541.909912109375
2018-01-18,3521.31005859375
2018-01-19,3550.360107421875
2018-01-22,3569.429931640625
2018-01-23,3592.080078125
2018-01-24,3609.239990234375
2018-01-25,3572.6201171875
2018-01-26,3567.139892578125
2018-01-29,3577.070068359375
2018-01-30,3548.739990234375
2018-01-31,3533.989990234375
2018-02-01,3547.22998046875
2018-02-02,3529.820068359375
2018-02-05,3482.929931640625
2018-02-06,3406.3798828125
2018-02-07,3383.77001953125
2018-02-08,3415.89990234375
2018-02-09,3377.239990234375
2018-02-12,3384.97998046875
2018-02-13,3415.070068359375
2018-02-14,3402.860107421875
2018-02-15,3443.510009765625
2018-02-19,3487.8798828125
2018-02-20,3476.530029296875
2018-02-21,3516.22998046875
2018-02-22,3488.4599609375
2018-02-23,3533.219970703125
2018-02-26,3555.85009765625
2018-02-27,3540.389892578125
2018-02-28,3517.93994140625
2018-03-01,3513.85009765625
2018-03-02,3479.199951171875
2018-03-05,3438.610107421875
2018-03-06,3491.919921875
2018-03-07,3450.68994140625
2018-03-08,3480.43994140625
2018-03-09,3485.570068359375
2018-03-12,3540.18994140625
2018-03-13,3553.72998046875
2018-03-14,3539.409912109375
2018-03-15,3517.72998046875
2018-03-16,3512.139892578125
2018-03-19,3498.2900390625
2018-03-20,3513.31005859375
2018-03-21,3511.1298828125
2018-03-22,3491.3701171875
2018-03-23,3421.389892578125
2018-03-26,3412.4599609375
2018-03-27,3439.35009765625
2018-03-28,3382.780029296875
2018-03-29,3427.969970703125
2018-04-02,3430.760009765625
2018-04-03,3412.14990234375
2018-04-04,3339.699951171875
2018-04-05,3405.64990234375
2018-04-06,3442.5
2018-04-09,3449.9599609375
2018-04-10,3466.3798828125
2018-04-11,3479.760009765625
2018-04-12,3468.610107421875
2018-04-13,3501.300048828125
2018-04-16,3497.18994140625
2018-04-17,3498.199951171875
2018-04-18,3557.820068359375
2018-04-19,3598.72998046875
2018-04-20,3573.3798828125
2018-04-23,3579.5400390625
2018-04-24,3584.56005859375
2018-04-25,3568.010009765625
2018-04-26,3570.02001953125
2018-04-27,3577.2099609375
2018-04-30,3613.929931640625
2018-05-02,3615.280029296875
2018-05-03,3575.679931640625
2018-05-04,3545.3798828125
2018-05-07,3532.860107421875
2018-05-08,3543.169921875
2018-05-09,3548.5400390625
2018-05-10,3537.590087890625
2018-05-11,3570.169921875
2018-05-14,3562.4599609375
2018-05-15,3540.22998046875
2018-05-16,3533.050048828125
2018-05-17,3536.760009765625
2018-05-18,3529.27001953125
2018-05-21,3548.22998046875
2018-05-22,3543.179931640625
2018-05-23,3496.27001953125
2018-05-24,3528.919921875
2018-05-25,3513.22998046875
2018-05-28,3518.47998046875
2018-05-30,3443.949951171875
2018-05-31,3428.179931640625
2018-06-01,3427.510009765625
2018-06-04,3467.47998046875
2018-06-05,3483.159912109375
2018-06-06,3467.81005859375
2018-06-07,3473.080078125
2018-06-08,3436.3701171875
2018-06-11,3441.68994140625
2018-06-12,3430.68994140625
2018-06-13,3392.510009765625
2018-06-14,3356.72998046875
2018-06-18,3324.0400390625
2018-06-19,3301.35009765625
2018-06-20,3315.89990234375
2018-06-21,3300.0
2018-06-22,3287.39990234375
2018-06-25,3260.840087890625
2018-06-26,3280.8701171875
2018-06-27,3254.77001953125
2018-06-28,3257.570068359375
2018-06-29,3268.699951171875
2018-07-02,3238.93994140625
2018-07-03,3235.89990234375
2018-07-04,3244.889892578125
2018-07-05,3256.7099609375
2018-07-06,3191.820068359375
2018-07-09,3228.820068359375
2018-07-10,3274.830078125
2018-07-11,3249.080078125
2018-07-12,3253.010009765625
2018-07-13,3260.35009765625
2018-07-16,3232.7900390625
2018-07-17,3239.639892578125
2018-07-18,3240.5
2018-07-19,3277.580078125
2018-07-20,3297.830078125
2018-07-23,3293.7099609375
2018-07-24,3292.64990234375
2018-07-25,3326.830078125
2018-07-26,3328.60009765625
2018-07-27,3324.97998046875
2018-07-30,3307.14990234375
2018-07-31,3319.85009765625
2018-08-01,3328.949951171875
2018-08-02,3286.320068359375
2018-08-03,3265.72998046875
2018-08-06,3285.340087890625
2018-08-07,3340.0
2018-08-08,3326.739990234375
2018-08-10,3284.780029296875
2018-08-13,3245.340087890625
2018-08-14,3242.8701171875
2018-08-15,3234.1201171875
2018-08-16,3211.929931640625
2018-08-17,3209.43994140625
2018-08-20,3204.7099609375
2018-08-21,3199.889892578125
2018-08-23,3249.889892578125
2018-08-24,3213.0
2018-08-27,3225.6201171875
2018-08-28,3247.550048828125
2018-08-29,3243.919921875
2018-08-30,3225.719970703125
2018-08-31,3213.47998046875
2018-09-03,3207.199951171875
2018-09-04,3210.510009765625
2018-09-05,3156.280029296875
2018-09-06,3147.68994140625
2018-09-07,3134.389892578125
2018-09-10,3120.919921875
2018-09-11,3109.909912109375
2018-09-12,3124.64990234375
2018-09-13,3131.77001953125
2018-09-14,3161.419921875
2018-09-17,3141.39990234375
2018-09-18,3139.340087890625
2018-09-19,3176.570068359375
2018-09-20,3180.429931640625
2018-09-21,3217.679931640625
2018-09-24,3219.159912109375
2018-09-25,3236.080078125
2018-09-26,3239.10009765625
2018-09-27,3236.260009765625
2018-09-28,3257.050048828125
2018-10-01,3255.4599609375
2018-10-02,3242.64990234375
2018-10-03,3267.39990234375
2018-10-04,3231.590087890625
2018-10-05,3209.7900390625
2018-10-08,3181.449951171875
2018-10-09,3166.60009765625
2018-10-10,3131.47998046875
2018-10-11,3047.389892578125
2018-10-12,3069.169921875
2018-10-15,3045.969970703125
2018-10-16,3034.31005859375
2018-10-17,3071.10009765625
2018-10-18,3069.669921875
2018-10-19,3062.510009765625
2018-10-22,3078.06005859375
2018-10-23,3031.389892578125
2018-10-24,3032.080078125
2018-10-25,3012.840087890625
2018-10-26,2972.02001953125
2018-10-29,2981.5400390625
2018-10-30,2966.449951171875
2018-10-31,3018.800048828125
2018-11-01,3060.85009765625
2018-11-02,3116.389892578125
2018-11-05,3060.6201171875
2018-11-07,3065.360107421875
2018-11-08,3093.239990234375
2018-11-09,3077.969970703125
2018-11-12,3068.14990234375
2018-11-13,3053.60009765625
2018-11-14,3043.18994140625
2018-11-15,3054.530029296875
2018-11-16,3083.60009765625
2018-11-19,3065.070068359375
2018-11-20,3026.989990234375
2018-11-21,3038.64990234375
2018-11-22,3041.3798828125
2018-11-23,3052.489990234375
2018-11-26,3093.3798828125
2018-11-27,3090.39990234375
2018-11-28,3094.47998046875
2018-11-29,3109.43994140625
2018-11-30,3117.610107421875
2018-12-03,3190.6201171875
2018-12-04,3167.7900390625
2018-12-05,3155.919921875
2018-12-06,3115.52001953125
2018-12-07,3111.1201171875
2018-12-10,3072.43994140625
2018-12-11,3059.280029296875
2018-12-12,3099.989990234375
2018-12-13,3111.080078125
2018-12-14,3077.090087890625
2018-12-17,3114.25
2018-12-18,3045.5400390625
2018-12-19,3058.64990234375
2018-12-20,3050.6201171875
2018-12-21,3046.0400390625
2018-12-24,3051.06005859375
2018-12-26,3011.14990234375
2018-12-27,3044.739990234375
2018-12-28,3053.429931640625
2018-12-31,3068.760009765625
2019-01-02,3038.889892578125
2019-01-03,3012.8798828125
2019-01-04,3059.22998046875
2019-01-07,3102.800048828125
2019-01-08,3122.93994140625
2019-01-09,3158.070068359375
2019-01-10,3183.510009765625
2019-01-11,3198.64990234375
2019-01-14,3173.4599609375
2019-01-15,3212.300048828125
2019-01-16,3229.110107421875
2019-01-17,3214.43994140625
2019-01-18,3224.340087890625
2019-01-21,3220.56005859375
2019-01-22,3192.7099609375
2019-01-23,3171.110107421875
2019-01-24,3190.72998046875
2019-01-25,3202.25
2019-01-28,3199.5
2019-01-29,3187.68994140625
2019-01-30,3174.3798828125
2019-01-31,3190.169921875
2019-02-01,3188.679931640625
2019-02-04,3184.56005859375
2019-02-07,3200.639892578125
2019-02-08,3202.0400390625
2019-02-11,3206.27001953125
2019-02-12,3201.14990234375
2019-02-13,3244.77001953125
2019-02-14,3253.159912109375
2019-02-15,3239.739990234375
2019-02-18,3265.969970703125
2019-02-19,3259.800048828125
2019-02-20,3278.3798828125
2019-02-21,3277.909912109375
2019-02-22,3269.89990234375
2019-02-25,3272.35009765625
2019-02-26,3261.659912109375
2019-02-27,3250.02001953125
2019-02-28,3212.68994140625
2019-03-01,3220.39990234375
2019-03-04,3251.080078125
2019-03-05,3234.070068359375
2019-03-06,3222.840087890625
2019-03-07,3229.47998046875
2019-03-08,3195.8701171875
2019-03-11,3191.419921875
2019-03-12,3212.25
2019-03-13,3195.590087890625
2019-03-14,3197.919921875
2019-03-15,3200.179931640625
2019-03-18,3212.9599609375
2019-03-19,3220.919921875
2019-03-20,3207.659912109375
2019-03-21,3213.64990234375
2019-03-22,3212.10009765625
2019-03-25,3182.919921875
2019-03-26,3200.280029296875
2019-03-27,3198.389892578125
2019-03-28,3203.580078125
2019-03-29,3212.8798828125
2019-04-01,3250.510009765625
2019-04-02,3279.780029296875
2019-04-03,3311.27001953125
2019-04-04,3316.2099609375
2019-04-05,3322.639892578125
2019-04-08,3315.419921875
2019-04-09,3325.60009765625
2019-04-10,3327.64990234375
2019-04-11,3330.820068359375
2019-04-12,3331.97998046875
2019-04-15,3325.860107421875
2019-04-16,3332.0400390625
2019-04-17,3348.639892578125
2019-04-18,3347.580078125
2019-04-22,3357.699951171875
2019-04-23,3353.469970703125
2019-04-24,3362.429931640625
2019-04-25,3350.280029296875
2019-04-26,3356.949951171875
2019-04-29,3407.02001953125
2019-04-30,3400.199951171875
2019-05-02,3393.330078125
2019-05-03,3392.2900390625
2019-05-06,3290.6201171875
2019-05-07,3312.52001953125
2019-05-08,3283.840087890625
2019-05-09,3269.699951171875
2019-05-10,3273.5
2019-05-13,3234.280029296875
2019-05-14,3223.7099609375
2019-05-15,3218.77001953125
2019-05-16,3230.260009765625
2019-05-17,3205.4599609375
2019-05-21,3183.260009765625
2019-05-22,3183.139892578125
2019-05-23,3160.719970703125
2019-05-24,3169.889892578125
2019-05-27,3170.77001953125
2019-05-28,3165.320068359375
2019-05-29,3163.280029296875
2019-05-30,3143.0
2019-05-31,3117.760009765625
2019-06-03,3123.4599609375
2019-06-04,3142.3701171875
2019-06-06,3146.179931640625
2019-06-07,3166.2900390625
2019-06-10,3188.110107421875
2019-06-11,3209.580078125
2019-06-12,3207.739990234375
2019-06-13,3220.659912109375
2019-06-14,3222.6298828125
2019-06-17,3207.989990234375
2019-06-18,3238.72998046875
2019-06-19,3288.169921875
2019-06-20,3314.510009765625
2019-06-21,3321.39990234375
2019-06-24,3311.530029296875
2019-06-25,3304.27001953125
2019-06-26,3301.25
2019-06-27,3328.60009765625
2019-06-28,3321.610107421875
2019-07-01,3372.260009765625
2019-07-02,3370.800048828125
2019-07-03,3367.800048828125
2019-07-04,3372.25
2019-07-05,3366.81005859375
2019-07-08,3334.22998046875
2019-07-09,3329.4599609375
2019-07-10,3340.419921875
2019-07-11,3350.449951171875
2019-07-12,3357.340087890625
2019-07-15,3347.949951171875
2019-07-16,3360.030029296875
2019-07-17,3364.8701171875
2019-07-18,3361.050048828125
2019-07-19,3377.9599609375
2019-07-22,3357.219970703125
2019-07-23,3373.1298828125
2019-07-24,3368.43994140625
2019-07-25,3381.260009765625
2019-07-26,3363.760009765625
2019-07-29,3346.389892578125
2019-07-30,3350.5400390625
2019-07-31,3300.75
2019-08-01,3291.75
2019-08-02,3261.110107421875
2019-08-05,3194.510009765625
2019-08-06,3170.469970703125
2019-08-07,3184.68994140625
2019-08-08,3168.93994140625
2019-08-13,3146.72998046875
2019-08-14,3147.60009765625
2019-08-15,3126.090087890625
2019-08-16,3115.030029296875
2019-08-19,3128.449951171875
2019-08-20,3135.949951171875
2019-08-21,3122.570068359375
2019-08-22,3127.739990234375
2019-08-23,3110.35009765625
2019-08-26,3065.330078125
2019-08-27,3067.52001953125
2019-08-28,3056.469970703125
2019-08-29,3081.830078125
2019-08-30,3106.52001953125
2019-09-02,3082.9599609375
2019-09-03,3090.6298828125
2019-09-04,3130.570068359375
2019-09-05,3147.06005859375
2019-09-06,3144.47998046875
2019-09-09,3146.330078125
2019-09-10,3155.7099609375
2019-09-11,3204.52001953125
2019-09-12,3194.9599609375
2019-09-13,3211.489990234375
2019-09-16,3203.929931640625
2019-09-17,3183.0
2019-09-18,3166.840087890625
2019-09-19,3158.800048828125
2019-09-20,3159.679931640625
2019-09-23,3143.239990234375
2019-09-24,3155.4599609375
2019-09-25,3125.820068359375
2019-09-26,3125.81005859375
2019-09-27,3125.6298828125
2019-09-30,3119.989990234375
2019-10-01,3146.030029296875
2019-10-02,3103.449951171875
2019-10-03,3087.969970703125
2019-10-04,3078.360107421875
2019-10-07,3099.47998046875
2019-10-08,3110.85009765625
2019-10-09,3089.89990234375
2019-10-10,3089.47998046875
2019-10-11,3113.969970703125
2019-10-14,3124.449951171875
2019-10-15,3116.169921875
2019-10-16,3134.7099609375
2019-10-17,3126.139892578125
2019-10-18,3114.159912109375
2019-10-21,3139.14990234375
2019-10-22,3160.669921875
2019-10-23,3144.280029296875
2019-10-24,3168.8701171875
2019-10-25,3185.530029296875
2019-10-29,3197.0400390625
2019-10-30,3207.919921875
2019-10-31,3229.8798828125
2019-11-01,3229.429931640625
2019-11-04,3236.39990234375
2019-11-05,3248.6298828125
2019-11-06,3262.68994140625
2019-11-07,3285.719970703125
2019-11-08,3264.300048828125
2019-11-11,3240.64990234375
2019-11-12,3267.800048828125
2019-11-13,3239.219970703125
2019-11-14,3231.85009765625
2019-11-15,3238.860107421875
2019-11-18,3258.659912109375
2019-11-19,3238.8701171875
2019-11-20,3229.780029296875
2019-11-21,3192.2099609375
2019-11-22,3225.64990234375
2019-11-25,3220.6298828125
2019-11-26,3207.85009765625
2019-11-27,3215.530029296875
2019-11-28,3200.610107421875
2019-11-29,3193.919921875
2019-12-02,3187.969970703125
2019-12-03,3173.080078125
2019-12-04,3159.7900390625
2019-12-05,3174.18994140625
2019-12-06,3194.7099609375
2019-12-09,3179.820068359375
2019-12-10,3162.889892578125
2019-12-11,3172.89990234375
2019-12-12,3194.669921875
2019-12-13,3214.050048828125
2019-12-16,3206.090087890625
2019-12-17,3200.800048828125
2019-12-18,3209.5400390625
2019-12-19,3207.419921875
2019-12-20,3212.389892578125
2019-12-23,3214.0
2019-12-24,3221.669921875
2019-12-26,3222.989990234375
2019-12-27,3226.530029296875
2019-12-30,3222.43994140625
2019-12-31,3222.830078125
2020-01-02,3252.0
2020-01-03,3238.820068359375
2020-01-06,3218.860107421875
2020-01-07,3247.860107421875
2020-01-08,3245.889892578125
2020-01-09,3247.47998046875
2020-01-10,3255.949951171875
2020-01-13,3251.070068359375
2020-01-14,3270.5400390625
2020-01-15,3256.97998046875
2020-01-16,3278.0
2020-01-17,3281.030029296875
2020-01-20,3280.090087890625
2020-01-21,3247.169921875
2020-01-22,3253.929931640625
2020-01-23,3234.56005859375
2020-01-24,3240.02001953125
2020-01-28,3181.25
2020-01-29,3182.570068359375
2020-01-30,3170.679931640625
2020-01-31,3153.72998046875
2020-02-03,3116.31005859375
2020-02-04,3156.570068359375
2020-02-05,3200.1298828125
2020-02-06,3231.550048828125
2020-02-07,3181.47998046875
2020-02-10,3163.14990234375
2020-02-11,3175.570068359375
2020-02-12,3223.3701171875
2020-02-13,3220.090087890625
2020-02-14,3220.030029296875
2020-02-17,3213.0
2020-02-18,3196.6298828125
2020-02-19,3213.7099609375
2020-02-20,3198.679931640625
2020-02-21,3181.030029296875
2020-02-24,3142.199951171875
2020-02-25,3158.239990234375
2020-02-26,3117.52001953125
2020-02-27,3111.699951171875
2020-02-28,3011.080078125
2020-03-02,3007.719970703125
2020-03-03,3019.56005859375
2020-03-04,3025.030029296875
2020-03-05,3018.27001953125
2020-03-06,2960.97998046875
2020-03-09,2782.3701171875
2020-03-10,2832.5400390625
2020-03-11,2783.719970703125
2020-03-12,2678.639892578125
2020-03-13,2634.0
2020-03-16,2495.77001953125
2020-03-17,2454.530029296875
2020-03-18,2425.6201171875
2020-03-19,2311.0
2020-03-20,2410.739990234375
2020-03-23,2233.47998046875
2020-03-24,2362.050048828125
2020-03-25,2505.469970703125
2020-03-26,2487.56005859375
2020-03-27,2528.760009765625
2020-03-30,2416.239990234375
2020-03-31,2481.22998046875
2020-04-01,2440.27001953125
2020-04-02,2453.030029296875
2020-04-03,2389.2900390625
2020-04-06,2470.590087890625
2020-04-07,2571.889892578125
2020-04-08,2539.43994140625
2020-04-09,2571.320068359375
2020-04-13,2567.25
2020-04-14,2634.570068359375
2020-04-15,2605.56005859375
2020-04-16,2612.25
2020-04-17,2614.60009765625
2020-04-20,2597.85009765625
2020-04-21,2551.919921875
2020-04-22,2550.0400390625
2020-04-23,2542.3701171875
2020-04-24,2518.159912109375
2020-04-27,2549.39990234375
2020-04-28,2562.949951171875
2020-04-29,2574.72998046875
2020-04-30,2624.22998046875
2020-05-04,2563.68994140625
2020-05-05,2572.360107421875
2020-05-06,2591.60009765625
2020-05-08,2591.8798828125
2020-05-11,2611.31005859375
2020-05-12,2587.81005859375
2020-05-13,2572.010009765625
2020-05-14,2522.31005859375
2020-05-15,2523.550048828125
2020-05-18,2539.280029296875
2020-05-19,2581.330078125
2020-05-20,2561.93994140625
2020-05-21,2555.340087890625
2020-05-22,2499.830078125
2020-05-26,2530.300048828125
2020-05-27,2519.47998046875
2020-05-28,2515.239990234375
2020-05-29,2510.75
2020-06-01,2550.860107421875
2020-06-02,2611.6298828125
2020-06-03,2700.389892578125
2020-06-04,2707.199951171875
2020-06-05,2751.5
2020-06-08,2796.969970703125
2020-06-09,2794.169921875
2020-06-10,2800.570068359375
2020-06-11,2704.2099609375
2020-06-12,2684.6298828125
2020-06-15,2613.8798828125
2020-06-16,2666.85009765625
2020-06-17,2669.6201171875
2020-06-18,2665.659912109375
2020-06-19,2634.830078125
2020-06-22,2629.68994140625
2020-06-23,2634.919921875
2020-06-24,2628.6201171875
2020-06-25,2590.14990234375
2020-06-26,2604.510009765625
2020-06-29,2574.10009765625
2020-06-30,2589.909912109375
2020-07-01,2610.169921875
2020-07-02,2636.68994140625
2020-07-03,2652.93994140625
2020-07-06,2689.610107421875
2020-07-07,2661.419921875
2020-07-08,2669.489990234375
2020-07-09,2652.64990234375
2020-07-13,2631.080078125
2020-07-14,2620.18994140625
2020-07-15,2648.89990234375
2020-07-16,2623.669921875
2020-07-17,2618.47998046875
2020-07-20,2616.300048828125
2020-07-21,2629.449951171875
2020-07-22,2594.530029296875
2020-07-23,2612.35009765625
2020-07-24,2579.510009765625
2020-07-27,2575.7900390625
2020-07-28,2582.969970703125
2020-07-29,2573.449951171875
2020-07-30,2529.820068359375
2020-08-03,2484.909912109375
2020-08-04,2515.699951171875
2020-08-05,2532.68994140625
2020-08-06,2559.10009765625
2020-08-07,2545.510009765625
2020-08-11,2544.14990234375
2020-08-12,2563.199951171875
2020-08-13,2595.969970703125
2020-08-14,2581.320068359375
2020-08-17,2571.550048828125
2020-08-18,2563.090087890625
2020-08-19,2561.0400390625
2020-08-20,2527.919921875
2020-08-21,2528.5400390625
2020-08-24,2538.610107421875
2020-08-25,2559.030029296875
2020-08-26,2542.080078125
2020-08-27,2519.81005859375
2020-08-28,2539.6298828125
2020-08-31,2532.510009765625
2020-09-01,2538.550048828125
2020-09-02,2539.93994140625
2020-09-03,2531.7900390625
2020-09-04,2509.639892578125
2020-09-07,2511.2099609375
2020-09-08,2504.760009765625
2020-09-09,2499.330078125
2020-09-10,2492.090087890625
2020-09-11,2490.090087890625
2020-09-14,2482.550048828125
2020-09-15,2485.830078125
2020-09-16,2505.14990234375
2020-09-17,2500.780029296875
2020-09-18,2497.7099609375
2020-09-21,2485.7099609375
2020-09-22,2463.2900390625
2020-09-23,2481.139892578125
2020-09-24,2450.820068359375
2020-09-25,2472.280029296875
2020-09-28,2483.010009765625
2020-09-29,2471.610107421875
2020-09-30,2466.6201171875
2020-10-01,2500.739990234375
2020-10-02,2496.110107421875
2020-10-05,2517.22998046875
2020-10-06,2529.260009765625
2020-10-07,2538.360107421875
2020-10-08,2543.110107421875
2020-10-09,2532.9599609375
2020-10-12,2552.419921875
2020-10-13,2567.64990234375
2020-10-14,2555.590087890625
2020-10-15,2523.6201171875
2020-10-16,2533.02001953125
2020-10-19,2543.570068359375
2020-10-20,2528.639892578125
2020-10-21,2525.610107421875
2020-10-22,2528.409912109375
2020-10-23,2537.389892578125
2020-10-26,2523.31005859375
2020-10-27,2512.8701171875
2020-10-28,2483.47998046875
2020-10-29,2450.679931640625
2020-10-30,2423.840087890625
2020-11-02,2443.1298828125
2020-11-03,2497.219970703125
2020-11-04,2515.97998046875
2020-11-05,2588.6201171875
2020-11-06,2578.679931640625
2020-11-09,2609.360107421875
2020-11-10,2705.0
2020-11-11,2713.280029296875
2020-11-12,2711.89990234375
2020-11-13,2711.389892578125
2020-11-16,2748.0
2020-11-17,2778.550048828125
2020-11-18,2788.590087890625
2020-11-19,2777.0
2020-11-20,2813.010009765625
2020-11-23,2848.780029296875
2020-11-24,2891.6298828125
2020-11-25,2869.550048828125
2020-11-26,2857.47998046875
2020-11-27,2855.820068359375
2020-11-30,2805.949951171875
2020-12-01,2814.1201171875
2020-12-02,2810.949951171875
2020-12-03,2822.340087890625
2020-12-04,2839.889892578125
2020-12-07,2825.510009765625
2020-12-08,2825.6298828125
2020-12-09,2843.070068359375
2020-12-10,2824.9599609375
2020-12-11,2821.699951171875
2020-12-14,2858.139892578125
2020-12-15,2856.719970703125
2020-12-16,2872.800048828125
2020-12-17,2858.02001953125
2020-12-18,2848.97998046875
2020-12-21,2846.52001953125
2020-12-22,2827.320068359375
2020-12-23,2833.39990234375
2020-12-24,2842.0400390625
2020-12-28,2840.139892578125
2020-12-29,2848.139892578125
2020-12-30,2869.219970703125
2020-12-31,2843.81005859375
2021-01-04,2858.89990234375
2021-01-05,2859.679931640625
2021-01-06,2863.010009765625
2021-01-07,2906.969970703125
2021-01-08,2993.18994140625
2021-01-11,2983.89990234375
2021-01-12,2977.169921875
2021-01-13,2977.510009765625
2021-01-14,3000.0
2021-01-15,3004.8701171875
2021-01-18,2990.39990234375
2021-01-19,2995.919921875
2021-01-20,2998.77001953125
2021-01-21,3017.14990234375
2021-01-22,2991.530029296875
2021-01-25,2973.64990234375
2021-01-26,2945.52001953125
2021-01-27,2958.6298828125
2021-01-28,2920.300048828125
2021-01-29,2902.52001953125
2021-02-01,2896.320068359375
2021-02-02,2917.2900390625
2021-02-03,2927.469970703125
2021-02-04,2905.580078125
2021-02-05,2907.110107421875
2021-02-08,2931.39990234375
2021-02-09,2935.27001953125
2021-02-10,2925.840087890625
2021-02-11,2925.47998046875
2021-02-15,2931.52001953125
2021-02-16,2935.340087890625
2021-02-17,2920.429931640625
2021-02-18,2908.85009765625
2021-02-19,2880.639892578125
2021-02-22,2881.2099609375
2021-02-23,2890.699951171875
2021-02-24,2924.580078125
2021-02-25,2973.5400390625
2021-02-26,2949.0400390625
2021-03-01,2973.0
2021-03-02,2973.8701171875
2021-03-03,3000.3701171875
2021-03-04,3014.780029296875
2021-03-05,3013.85009765625
2021-03-08,3071.159912109375
2021-03-09,3108.530029296875
2021-03-10,3079.719970703125
2021-03-11,3106.010009765625
2021-03-12,3095.219970703125
2021-03-15,3106.0
2021-03-16,3105.510009765625
2021-03-17,3109.64990234375
2021-03-18,3137.659912109375
2021-03-19,3134.5400390625
2021-03-22,3128.080078125
2021-03-23,3131.739990234375
2021-03-24,3133.31005859375
2021-03-25,3141.7099609375
2021-03-26,3157.949951171875
2021-03-29,3175.570068359375
2021-03-30,3190.889892578125
2021-03-31,3165.340087890625
2021-04-01,3181.679931640625
2021-04-05,3209.739990234375
2021-04-06,3207.6298828125
2021-04-07,3195.760009765625
2021-04-08,3186.39990234375
2021-04-09,3184.5400390625
2021-04-12,3173.929931640625
2021-04-13,3187.89990234375
2021-04-14,3179.389892578125
2021-04-15,3184.77001953125
2021-04-16,3201.760009765625
2021-04-19,3209.719970703125
2021-04-20,3192.169921875
2021-04-21,3155.06005859375
2021-04-22,3187.780029296875
2021-04-23,3194.0400390625
2021-04-26,3204.89990234375
2021-04-27,3214.429931640625
2021-04-28,3219.56005859375
2021-04-29,3221.580078125
2021-04-30,3218.27001953125
2021-05-03,3184.760009765625
2021-05-04,3179.1298828125
2021-05-05,3153.590087890625
2021-05-06,3173.0
2021-05-07,3200.260009765625
2021-05-10,3182.409912109375
2021-05-11,3144.27001953125
2021-05-12,3123.260009765625
2021-05-14,3055.02001953125
2021-05-17,3079.68994140625
2021-05-18,3142.6298828125
2021-05-19,3104.2099609375
2021-05-20,3109.81005859375
2021-05-21,3117.889892578125
2021-05-24,3123.610107421875
2021-05-25,3146.090087890625
2021-05-27,3164.820068359375
2021-05-28,3178.550048828125
2021-05-31,3164.280029296875
2021-06-01,3187.22998046875
2021-06-02,3161.0400390625
2021-06-03,3165.0
2021-06-04,3151.0400390625
2021-06-07,3175.81005859375
2021-06-08,3167.139892578125
2021-06-09,3153.469970703125
2021-06-10,3162.5
2021-06-11,3157.969970703125
2021-06-14,3153.139892578125
2021-06-15,3174.8701171875
2021-06-16,3139.570068359375
2021-06-17,3138.31005859375
2021-06-18,3144.159912109375
2021-06-21,3117.8701171875
2021-06-22,3109.199951171875
2021-06-23,3118.6201171875
2021-06-24,3119.6201171875
2021-06-25,3121.60009765625
2021-06-28,3126.8798828125
2021-06-29,3089.489990234375
2021-06-30,3130.4599609375
2021-07-01,3124.18994140625
2021-07-02,3128.949951171875
2021-07-05,3141.02001953125
2021-07-06,3190.590087890625
2021-07-07,3141.60009765625
2021-07-08,3107.590087890625
2021-07-09,3131.39990234375
2021-07-12,3147.139892578125
2021-07-13,3166.81005859375
2021-07-14,3153.14990234375
2021-07-15,3139.97998046875
2021-07-16,3152.300048828125
2021-07-19,3111.199951171875
2021-07-21,3119.0
2021-07-22,3159.260009765625
2021-07-23,3157.050048828125
2021-07-26,3138.969970703125
2021-07-27,3138.81005859375
2021-07-28,3141.75
2021-07-29,3180.610107421875
2021-07-30,3166.93994140625
2021-08-02,3161.219970703125
2021-08-03,3149.25
2021-08-04,3182.89990234375
2021-08-05,3175.10009765625
2021-08-06,3177.179931640625
2021-08-10,3207.360107421875
2021-08-11,3180.0
2021-08-12,3182.800048828125
2021-08-13,3165.489990234375
2021-08-16,3145.52001953125
2021-08-17,3118.510009765625
2021-08-18,3131.43994140625
2021-08-19,3086.969970703125
2021-08-20,3102.75
2021-08-23,3087.56005859375
2021-08-24,3107.6201171875
2021-08-25,3107.489990234375
2021-08-26,3109.419921875
2021-08-27,3080.77001953125
2021-08-30,3102.110107421875
2021-08-31,3055.050048828125
2021-09-01,3087.840087890625
2021-09-02,3088.840087890625
2021-09-03,3083.85009765625
2021-09-06,3101.080078125
2021-09-07,3108.530029296875
2021-09-08,3068.93994140625
2021-09-09,3071.699951171875
2021-09-10,3098.800048828125
2021-09-13,3074.31005859375
2021-09-14,3080.3701171875
2021-09-15,3058.610107421875
2021-09-16,3064.5400390625
2021-09-17,3071.22998046875
2021-09-20,3041.72998046875
2021-09-21,3063.199951171875
2021-09-22,3048.050048828125
2021-09-23,3076.43994140625
2021-09-24,3061.35009765625
2021-09-27,3100.300048828125
2021-09-28,3077.68994140625
2021-09-29,3074.31005859375
2021-09-30,3086.699951171875
2021-10-01,3051.110107421875
2021-10-04,3089.64990234375
2021-10-05,3068.1201171875
2021-10-06,3083.8798828125
2021-10-07,3101.14990234375
2021-10-08,3112.81005859375
2021-10-11,3113.489990234375
2021-10-12,3112.050048828125
2021-10-13,3156.419921875
2021-10-14,3164.860107421875
2021-10-15,3173.909912109375
2021-10-18,3173.820068359375
2021-10-19,3199.010009765625
2021-10-20,3198.080078125
2021-10-21,3188.5
2021-10-22,3205.139892578125
2021-10-25,3201.860107421875
2021-10-26,3204.570068359375
2021-10-27,3218.169921875
2021-10-28,3203.820068359375
2021-10-29,3198.169921875
2021-11-01,3219.050048828125
2021-11-02,3232.3701171875
2021-11-03,3219.68994140625
2021-11-05,3242.340087890625
2021-11-08,3263.89990234375
2021-11-09,3243.419921875
2021-11-10,3231.320068359375
2021-11-11,3238.070068359375
2021-11-12,3228.449951171875
2021-11-15,3240.580078125
2021-11-16,3238.800048828125
2021-11-17,3232.679931640625
2021-11-18,3237.02001953125
2021-11-19,3232.340087890625
2021-11-22,3237.080078125
2021-11-23,3227.530029296875
2021-11-24,3227.14990234375
2021-11-25,3221.52001953125
2021-11-26,3166.27001953125
2021-11-29,3120.580078125
2021-11-30,3041.2900390625
2021-12-01,3098.25
2021-12-02,3092.110107421875
2021-12-03,3101.929931640625
2021-12-06,3116.320068359375
2021-12-07,3134.659912109375
2021-12-08,3129.77001953125
2021-12-09,3142.449951171875
2021-12-10,3135.610107421875
2021-12-13,3119.949951171875
2021-12-14,3121.090087890625
2021-12-15,3114.8798828125
2021-12-16,3128.800048828125
2021-12-17,3111.6298828125
2021-12-20,3072.969970703125
2021-12-21,3085.080078125
2021-12-22,3087.510009765625
2021-12-23,3096.81005859375
2021-12-24,3108.280029296875
2021-12-27,3104.239990234375
2021-12-28,3128.409912109375
2021-12-29,3138.02001953125
2021-12-30,3126.639892578125
2021-12-31,3123.679931640625
2022-01-03,3134.25
2022-01-04,3181.1298828125
2022-01-05,3163.43994140625
2022-01-06,3184.300048828125
2022-01-07,3205.260009765625
2022-01-10,3227.050048828125
2022-01-11,3246.3701171875
2022-01-12,3254.97998046875
2022-01-13,3257.300048828125
2022-01-14,3281.969970703125
2022-01-17,3287.949951171875
2022-01-18,3280.0400390625
2022-01-19,3283.93994140625
2022-01-20,3294.820068359375
2022-01-21,3294.860107421875
2022-01-24,3283.35009765625
2022-01-25,3247.760009765625
2022-01-26,3271.570068359375
2022-01-27,3260.030029296875
2022-01-28,3246.330078125
2022-01-31,3249.590087890625
2022-02-03,3315.989990234375
2022-02-04,3331.409912109375
2022-02-07,3366.47998046875
2022-02-08,3401.739990234375
2022-02-09,3420.0400390625
2022-02-10,3428.0
2022-02-11,3428.949951171875
2022-02-14,3421.199951171875
2022-02-15,3421.3798828125
2022-02-16,3439.300048828125
2022-02-17,3441.570068359375
2022-02-18,3428.89990234375
2022-02-21,3436.360107421875
2022-02-22,3400.580078125
2022-02-23,3393.0
2022-02-24,3276.06005859375
2022-02-25,3294.469970703125
2022-02-28,3242.239990234375
2022-03-01,3278.6298828125
2022-03-02,3244.39990234375
2022-03-03,3253.64990234375
2022-03-04,3226.780029296875
2022-03-07,3187.820068359375
2022-03-08,3148.860107421875
2022-03-09,3195.3798828125
2022-03-10,3240.72998046875
2022-03-11,3249.659912109375
2022-03-14,3232.030029296875
2022-03-15,3236.0400390625
2022-03-16,3290.89990234375
2022-03-17,3322.7099609375
2022-03-18,3330.6298828125
2022-03-21,3355.510009765625
2022-03-22,3350.169921875
2022-03-23,3364.260009765625
2022-03-24,3399.699951171875
2022-03-25,3413.68994140625
2022-03-28,3431.989990234375
2022-03-29,3433.89990234375
2022-03-30,3442.610107421875
2022-03-31,3408.52001953125
2022-04-01,3419.110107421875
2022-04-04,3416.969970703125
2022-04-05,3445.010009765625
2022-04-06,3422.949951171875
2022-04-07,3404.22998046875
2022-04-08,3383.280029296875
2022-04-11,3363.56005859375
2022-04-12,3330.25
2022-04-13,3342.219970703125
2022-04-14,3335.85009765625
2022-04-18,3303.070068359375
2022-04-19,3307.1298828125
2022-04-20,3335.320068359375
2022-04-21,3348.4599609375
2022-04-22,3361.110107421875
2022-04-25,3339.590087890625
2022-04-26,3322.050048828125
2022-04-27,3320.669921875
2022-04-28,3335.090087890625
2022-04-29,3356.89990234375
2022-05-04,3349.27001953125
2022-05-05,3343.570068359375
2022-05-06,3291.889892578125
2022-05-09,3275.070068359375
2022-05-10,3234.18994140625
2022-05-11,3226.070068359375
2022-05-12,3165.179931640625
2022-05-13,3191.159912109375
2022-05-17,3201.889892578125
2022-05-18,3225.35009765625
2022-05-19,3190.7099609375
2022-05-20,3240.580078125
2022-05-23,3213.64990234375
2022-05-24,3195.0400390625
2022-05-25,3179.580078125
2022-05-26,3209.179931640625
2022-05-27,3230.550048828125
2022-05-30,3238.919921875
2022-05-31,3232.489990234375
2022-06-01,3244.0
2022-06-02,3226.719970703125
2022-06-03,3231.969970703125
2022-06-06,3226.6298828125
2022-06-07,3231.5400390625
2022-06-08,3225.800048828125
2022-06-09,3209.6201171875
2022-06-10,3181.72998046875
2022-06-13,3139.35009765625
2022-06-14,3108.889892578125
2022-06-15,3105.85009765625
2022-06-16,3097.429931640625
2022-06-17,3098.090087890625
2022-06-20,3096.39990234375
2022-06-21,3117.47998046875
2022-06-22,3093.31005859375
2022-06-23,3092.800048828125
2022-06-24,3111.64990234375
2022-06-27,3137.5400390625
2022-06-28,3140.2099609375
2022-06-29,3134.8701171875
2022-06-30,3102.2099609375
2022-07-01,3095.590087890625
2022-07-04,3120.239990234375
2022-07-05,3104.110107421875
2022-07-06,3103.659912109375
2022-07-07,3129.39990234375
2022-07-08,3131.260009765625
2022-07-12,3145.77001953125
2022-07-13,3128.68994140625
2022-07-14,3090.6298828125
2022-07-15,3099.14990234375
2022-07-18,3121.760009765625
2022-07-19,3117.7900390625
2022-07-20,3170.2900390625
2022-07-21,3152.300048828125
2022-07-22,3181.340087890625
2022-07-25,3180.469970703125
2022-07-26,3192.1201171875
2022-07-27,3205.139892578125
2022-07-28,3220.64990234375
2022-07-29,3211.56005859375
2022-08-01,3238.75
2022-08-02,3239.14990234375
2022-08-03,3252.06005859375
2022-08-04,3269.860107421875
2022-08-05,3282.8798828125
2022-08-08,3270.97998046875
2022-08-10,3286.330078125
2022-08-11,3301.9599609375
2022-08-12,3269.27001953125
2022-08-15,3256.820068359375
2022-08-16,3253.7900390625
2022-08-17,3262.760009765625
2022-08-18,3273.47998046875
2022-08-19,3246.510009765625
2022-08-22,3262.570068359375
2022-08-23,3246.2099609375
2022-08-24,3233.47998046875
2022-08-25,3247.800048828125
2022-08-26,3249.530029296875
2022-08-29,3222.260009765625
2022-08-30,3239.330078125
2022-08-31,3221.669921875
2022-09-01,3224.080078125
2022-09-02,3205.68994140625
2022-09-05,3215.47998046875
2022-09-06,3224.179931640625
2022-09-07,3210.830078125
2022-09-08,3233.610107421875
2022-09-09,3262.949951171875
2022-09-12,3274.719970703125
2022-09-13,3290.080078125
2022-09-14,3258.02001953125
2022-09-15,3267.97998046875
2022-09-16,3268.2900390625
2022-09-19,3256.31005859375
2022-09-20,3266.93994140625
2022-09-21,3261.7900390625
2022-09-22,3263.070068359375
2022-09-23,3227.10009765625
2022-09-26,3181.969970703125
2022-09-27,3165.5
2022-09-28,3116.31005859375
2022-09-29,3115.080078125
2022-09-30,3130.239990234375
2022-10-03,3107.090087890625
2022-10-04,3138.89990234375
2022-10-05,3153.22998046875
2022-10-06,3151.56005859375
2022-10-07,3145.81005859375
2022-10-10,3107.469970703125
2022-10-11,3105.0
2022-10-12,3083.18994140625
2022-10-13,3040.449951171875
2022-10-14,3039.610107421875
2022-10-17,3015.75
2022-10-18,3025.8798828125
2022-10-19,3022.800048828125
2022-10-20,3022.699951171875
2022-10-21,2969.949951171875
2022-10-25,2984.14990234375
2022-10-26,3008.3798828125
2022-10-27,3015.239990234375
2022-10-28,3059.18994140625
2022-10-31,3093.110107421875
2022-11-01,3130.5
2022-11-02,3141.1298828125
2022-11-03,3102.510009765625
2022-11-04,3130.110107421875
2022-11-07,3141.31005859375
2022-11-08,3145.830078125
2022-11-09,3165.5
2022-11-10,3173.179931640625
2022-11-11,3228.330078125
2022-11-14,3260.800048828125
2022-11-15,3275.280029296875
2022-11-16,3266.169921875
2022-11-17,3286.0400390625
2022-11-18,3272.22998046875
2022-11-21,3250.6201171875
2022-11-22,3259.56005859375
2022-11-23,3255.989990234375
2022-11-24,3252.8798828125
2022-11-25,3244.550048828125
2022-11-28,3240.06005859375
2022-11-29,3276.360107421875
2022-11-30,3290.489990234375
2022-12-01,3292.72998046875
2022-12-02,3259.139892578125
2022-12-05,3267.5400390625
2022-12-06,3252.3701171875
2022-12-07,3225.449951171875
2022-12-08,3236.080078125
2022-12-09,3245.969970703125
2022-12-12,3239.659912109375
2022-12-13,3271.280029296875
2022-12-14,3278.570068359375
2022-12-15,3273.75
2022-12-16,3240.81005859375
2022-12-19,3256.610107421875
2022-12-20,3253.969970703125
2022-12-21,3256.18994140625
2022-12-22,3269.530029296875
2022-12-23,3257.699951171875
2022-12-27,3266.3798828125
2022-12-28,3266.969970703125
2022-12-29,3249.239990234375
2022-12-30,3251.320068359375
2023-01-03,3245.800048828125
2023-01-04,3242.4599609375
2023-01-05,3292.659912109375
2023-01-06,3276.719970703125
2023-01-09,3305.669921875
2023-01-10,3262.909912109375
2023-01-11,3271.510009765625
2023-01-12,3267.780029296875
2023-01-13,3293.75
2023-01-16,3283.60009765625
2023-01-17,3280.510009765625
2023-01-18,3289.550048828125
2023-01-19,3276.179931640625
2023-01-20,3293.7099609375
2023-01-25,3352.77001953125
2023-01-26,3377.18994140625
2023-01-27,3394.2099609375
2023-01-30,3378.2900390625
2023-01-31,3365.669921875
2023-02-01,3377.64990234375
2023-02-02,3363.679931640625
2023-02-03,3384.2900390625
2023-02-06,3385.929931640625
2023-02-07,3380.840087890625
2023-02-08,3388.52001953125
2023-02-09,3359.47998046875
2023-02-10,3360.68994140625
2023-02-13,3324.699951171875
2023-02-14,3318.199951171875
2023-02-15,3280.820068359375
2023-02-16,3311.22998046875
2023-02-17,3328.3701171875
2023-02-20,3308.75
2023-02-21,3306.860107421875
2023-02-22,3300.0400390625
2023-02-23,3264.929931640625
2023-02-24,3282.300048828125
2023-02-27,3263.239990234375
2023-02-28,3262.6298828125
2023-03-01,3255.080078125
2023-03-02,3234.89990234375
2023-03-03,3232.02001953125
2023-03-06,3239.31005859375
2023-03-07,3245.27001953125
2023-03-08,3226.860107421875
2023-03-09,3214.510009765625
2023-03-10,3177.429931640625
2023-03-13,3132.3701171875
2023-03-14,3129.75
2023-03-15,3172.919921875
2023-03-16,3155.5400390625
2023-03-17,3183.280029296875
2023-03-20,3139.760009765625
2023-03-21,3173.929931640625
2023-03-22,3220.97998046875
2023-03-23,3219.0
2023-03-24,3212.639892578125
2023-03-27,3239.030029296875
2023-03-28,3255.5400390625
2023-03-29,3262.5400390625
2023-03-30,3257.179931640625
2023-03-31,3258.89990234375
2023-04-03,3281.080078125
2023-04-04,3311.1201171875
2023-04-05,3318.8701171875
2023-04-06,3300.47998046875
2023-04-10,3294.429931640625
2023-04-11,3297.830078125
2023-04-12,3286.1201171875
2023-04-13,3294.5400390625
2023-04-14,3302.659912109375
2023-04-17,3319.260009765625
2023-04-18,3309.56005859375
2023-04-19,3324.050048828125
2023-04-20,3313.409912109375
2023-04-21,3321.820068359375
2023-04-24,3324.550048828125
2023-04-25,3296.56005859375
2023-04-26,3293.909912109375
2023-04-27,3282.030029296875
2023-04-28,3270.510009765625
2023-05-02,3281.989990234375
2023-05-03,3262.010009765625
2023-05-04,3269.179931640625
2023-05-05,3266.6298828125
2023-05-08,3257.659912109375
2023-05-09,3242.949951171875
2023-05-10,3242.2900390625
2023-05-11,3229.550048828125
2023-05-12,3208.550048828125
2023-05-15,3214.719970703125
2023-05-16,3214.0400390625
2023-05-17,3173.840087890625
2023-05-18,3182.550048828125
2023-05-19,3202.590087890625
2023-05-22,3211.090087890625
2023-05-23,3218.080078125
2023-05-24,3214.2099609375
2023-05-25,3207.719970703125
2023-05-26,3207.389892578125
2023-05-29,3195.219970703125
2023-05-30,3187.56005859375
2023-05-31,3158.800048828125
2023-06-01,3166.300048828125
2023-06-05,3189.010009765625
2023-06-06,3190.110107421875
2023-06-07,3179.580078125
2023-06-08,3186.610107421875
2023-06-09,3186.969970703125
2023-06-12,3196.070068359375
2023-06-13,3189.39990234375
2023-06-14,3218.139892578125
2023-06-15,3242.85009765625
2023-06-16,3260.030029296875
2023-06-19,3241.169921875
2023-06-20,3220.22998046875
2023-06-21,3223.659912109375
2023-06-22,3222.429931640625
2023-06-23,3191.60009765625
2023-06-26,3189.679931640625
2023-06-27,3205.35009765625
2023-06-28,3207.280029296875
2023-06-30,3205.909912109375
2023-07-03,3207.10009765625
2023-07-04,3203.77001953125
2023-07-05,3185.3798828125
2023-07-06,3150.429931640625
2023-07-07,3139.469970703125
2023-07-10,3149.320068359375
2023-07-11,3163.840087890625
2023-07-12,3175.360107421875
2023-07-13,3238.4599609375
2023-07-14,3248.6298828125
2023-07-17,3254.429931640625
2023-07-18,3254.260009765625
2023-07-19,3275.239990234375
2023-07-20,3274.3798828125
2023-07-21,3278.300048828125
2023-07-24,3265.139892578125
2023-07-25,3286.159912109375
2023-07-26,3304.9599609375
2023-07-27,3337.419921875
2023-07-28,3371.169921875
2023-07-31,3373.97998046875
2023-08-01,3373.7900390625
2023-08-02,3325.02001953125
2023-08-03,3304.06005859375
2023-08-04,3292.389892578125
2023-08-07,3309.8701171875
2023-08-08,3313.7900390625
2023-08-10,3322.929931640625
2023-08-11,3294.280029296875
2023-08-14,3247.699951171875
2023-08-15,3232.739990234375
2023-08-16,3213.580078125
2023-08-17,3196.75
2023-08-18,3173.929931640625
2023-08-21,3154.030029296875
2023-08-22,3159.8798828125
2023-08-23,3174.179931640625
2023-08-24,3180.719970703125
2023-08-25,3189.8798828125
2023-08-28,3213.679931640625
2023-08-29,3223.090087890625
2023-08-30,3220.219970703125
2023-08-31,3233.300048828125
2023-09-04,3238.969970703125
2023-09-05,3226.830078125
2023-09-06,3222.8798828125
2023-09-07,3226.590087890625
2023-09-08,3207.75
2023-09-11,3218.280029296875
2023-09-12,3214.4599609375
2023-09-13,3218.929931640625
2023-09-14,3249.510009765625
2023-09-15,3280.68994140625
2023-09-18,3263.389892578125
2023-09-19,3240.75
2023-09-20,3242.0
2023-09-21,3202.81005859375
2023-09-22,3204.820068359375
2023-09-25,3215.39990234375
2023-09-26,3215.070068359375
2023-09-27,3200.030029296875
2023-09-28,3206.989990234375
2023-09-29,3217.409912109375
2023-10-02,3208.860107421875
2023-10-03,3192.35009765625
2023-10-04,3147.389892578125
2023-10-05,3155.10009765625
2023-10-06,3174.389892578125
2023-10-09,3166.510009765625
2023-10-10,3199.070068359375
2023-10-11,3192.8701171875
2023-10-12,3218.68994140625
2023-10-13,3185.7900390625
2023-10-16,3163.889892578125
2023-10-17,3171.830078125
2023-10-18,3136.6201171875
2023-10-19,3099.60009765625
2023-10-20,3076.68994140625
2023-10-23,3053.360107421875
2023-10-24,3083.8798828125
2023-10-25,3078.780029296875
2023-10-26,3071.31005859375
2023-10-27,3061.85009765625
2023-10-30,3064.2900390625
2023-10-31,3067.739990234375
2023-11-01,3076.77001953125
2023-11-02,3082.489990234375
2023-11-03,3143.659912109375
2023-11-06,3180.530029296875
2023-11-07,3173.81005859375
2023-11-08,3129.719970703125
2023-11-09,3135.320068359375
2023-11-10,3106.679931640625
2023-11-14,3104.659912109375
2023-11-15,3132.1201171875
2023-11-16,3133.050048828125
2023-11-17,3124.669921875
2023-11-20,3111.580078125
2023-11-21,3096.340087890625
2023-11-22,3114.919921875
2023-11-23,3111.75
2023-11-24,3094.81005859375
2023-11-27,3086.419921875
2023-11-28,3065.93994140625
2023-11-29,3084.699951171875
2023-11-30,3072.989990234375
2023-12-01,3090.31005859375
2023-12-04,3084.080078125
2023-12-05,3077.159912109375
2023-12-06,3087.239990234375
2023-12-07,3074.260009765625
2023-12-08,3110.72998046875
2023-12-11,3090.199951171875
2023-12-12,3102.31005859375
2023-12-13,3104.260009765625
2023-12-14,3122.949951171875
2023-12-15,3116.510009765625
2023-12-18,3113.22998046875
2023-12-19,3116.6201171875
2023-12-20,3108.030029296875
2023-12-21,3112.5
2023-12-22,3140.320068359375
2023-12-26,3139.97998046875
2023-12-27,3170.760009765625
2023-12-28,3214.39990234375
2023-12-29,3240.27001953125
2024-01-02,3229.949951171875
2024-01-03,3199.43994140625
2024-01-04,3174.010009765625
2024-01-05,3184.300048828125
2024-01-08,3187.02001953125
2024-01-09,3197.9599609375
2024-01-10,3179.9599609375
2024-01-11,3201.409912109375
2024-01-12,3191.719970703125
2024-01-15,3199.419921875
2024-01-16,3184.989990234375
2024-01-17,3142.219970703125
2024-01-18,3139.780029296875
2024-01-19,3152.2900390625
2024-01-22,3149.1201171875
2024-01-23,3135.25
2024-01-24,3153.330078125
2024-01-25,3147.639892578125
2024-01-26,3159.530029296875
2024-01-29,3140.31005859375
2024-01-30,3150.0400390625
2024-01-31,3153.010009765625
2024-02-01,3143.06005859375
2024-02-02,3179.77001953125
2024-02-05,3134.2900390625
2024-02-06,3125.679931640625
2024-02-07,3156.14990234375
2024-02-08,3142.909912109375
2024-02-09,3138.300048828125
2024-02-13,3141.8701171875
2024-02-14,3139.070068359375
2024-02-15,3176.68994140625
2024-02-16,3221.93994140625
2024-02-19,3225.909912109375
2024-02-20,3244.06005859375
2024-02-21,3217.110107421875
2024-02-22,3222.93994140625
2024-02-23,3184.909912109375
2024-02-26,3171.1201171875
2024-02-27,3157.320068359375
2024-02-28,3138.929931640625
2024-02-29,3141.85009765625
2024-03-01,3135.760009765625
2024-03-04,3122.2099609375
2024-03-05,3107.10009765625
2024-03-06,3136.139892578125
2024-03-07,3133.780029296875
2024-03-08,3147.090087890625
2024-03-11,3138.419921875
2024-03-12,3141.469970703125
2024-03-13,3160.719970703125
2024-03-14,3186.39990234375
2024-03-15,3172.9599609375
2024-03-18,3171.929931640625
2024-03-19,3173.550048828125
2024-03-20,3177.47998046875
2024-03-21,3220.3701171875
2024-03-22,3217.969970703125
2024-03-25,3198.10009765625
2024-03-26,3233.330078125
2024-03-27,3251.7099609375
2024-03-28,3224.010009765625
2024-04-01,3234.889892578125
2024-04-02,3247.719970703125
2024-04-03,3222.659912109375
2024-04-04,3235.010009765625
2024-04-05,3218.260009765625
2024-04-08,3215.989990234375
2024-04-09,3237.52001953125
2024-04-11,3227.610107421875
2024-04-12,3216.909912109375
2024-04-15,3183.610107421875
2024-04-16,3144.760009765625
2024-04-17,3154.68994140625
2024-04-18,3187.659912109375
2024-04-19,3176.510009765625
2024-04-22,3225.169921875
2024-04-23,3272.719970703125
2024-04-24,3293.1298828125
2024-04-25,3287.75
2024-04-26,3280.10009765625
2024-04-29,3282.050048828125
2024-04-30,3292.68994140625
2024-05-02,3296.889892578125
2024-05-03,3292.929931640625
2024-05-06,3303.18994140625
2024-05-07,3300.0400390625
2024-05-08,3264.530029296875
2024-05-09,3265.949951171875
2024-05-10,3290.699951171875
2024-05-13,3303.659912109375
2024-05-14,3313.35009765625
2024-05-15,3289.419921875
2024-05-16,3304.989990234375
2024-05-17,3313.47998046875
2024-05-20,3314.050048828125
2024-05-21,3307.89990234375
2024-05-23,3322.6201171875
2024-05-24,3316.56005859375
2024-05-27,3318.449951171875
2024-05-28,3330.090087890625
2024-05-29,3323.199951171875
2024-05-30,3323.3798828125
2024-05-31,3336.590087890625
2024-06-03,3348.8701171875
2024-06-04,3338.93994140625
2024-06-05,3330.010009765625
2024-06-06,3330.81005859375
2024-06-07,3330.77001953125
2024-06-10,3322.080078125
2024-06-11,3309.2099609375
2024-06-12,3307.43994140625
2024-06-13,3324.530029296875
2024-06-14,3297.550048828125
2024-06-18,3301.780029296875
2024-06-19,3304.0
2024-06-20,3300.0
2024-06-21,3306.02001953125
2024-06-24,3314.139892578125
2024-06-25,3326.280029296875
2024-06-26,3331.699951171875
2024-06-27,3343.35009765625
2024-06-28,3332.800048828125
2024-07-01,3338.570068359375
2024-07-02,3367.89990234375
2024-07-03,3415.510009765625
2024-07-04,3439.8798828125
2024-07-05,3410.81005859375
2024-07-08,3404.469970703125
2024-07-09,3426.090087890625
2024-07-10,3459.929931640625
2024-07-11,3475.06005859375
2024-07-12,3497.780029296875
2024-07-15,3499.889892578125
2024-07-16,3487.909912109375
2024-07-17,3489.570068359375
2024-07-18,3471.159912109375
2024-07-19,3447.56005859375
2024-07-22,3437.260009765625
2024-07-23,3461.159912109375
2024-07-24,3460.820068359375
2024-07-25,3430.449951171875
2024-07-26,3426.469970703125
2024-07-29,3444.179931640625
2024-07-30,3441.77001953125
2024-07-31,3455.93994140625
2024-08-01,3419.840087890625
2024-08-02,3381.449951171875
2024-08-05,3243.669921875
2024-08-06,3198.43994140625
2024-08-07,3249.719970703125
2024-08-08,3261.830078125
2024-08-12,3235.3798828125
2024-08-13,3258.570068359375
2024-08-14,3286.280029296875
2024-08-15,3315.72998046875
2024-08-16,3352.889892578125
2024-08-19,3355.56005859375
2024-08-20,3370.31005859375
2024-08-21,3373.760009765625
2024-08-22,3373.580078125
2024-08-23,3387.989990234375
2024-08-26,3396.030029296875
2024-08-27,3398.469970703125
2024-08-28,3391.030029296875
2024-08-29,3404.469970703125
2024-08-30,3442.929931640625
2024-09-02,3463.080078125
2024-09-03,3480.340087890625
2024-09-04,3441.3798828125
2024-09-05,3458.659912109375
2024-09-06,3454.469970703125
2024-09-09,3496.530029296875
2024-09-10,3512.669921875
2024-09-11,3531.169921875
2024-09-12,3556.530029296875
2024-09-13,3562.64990234375
2024-09-16,3570.429931640625
2024-09-17,3593.419921875
2024-09-18,3592.419921875
2024-09-19,3633.179931640625
2024-09-20,3624.760009765625
2024-09-23,3638.5400390625
2024-09-24,3622.739990234375
2024-09-25,3583.27001953125
2024-09-26,3582.22998046875
2024-09-27,3573.360107421875
2024-09-30,3585.2900390625
2024-10-01,3580.9599609375
2024-10-02,3584.669921875
2024-10-03,3577.429931640625
2024-10-04,3589.1298828125
2024-10-07,3599.18994140625
2024-10-08,3575.68994140625
2024-10-09,3595.659912109375
2024-10-10,3585.2900390625
2024-10-11,3573.760009765625
2024-10-14,3595.909912109375
2024-10-15,3595.469970703125
2024-10-16,3590.6201171875
2024-10-17,3625.25
2024-10-18,3640.18994140625
2024-10-21,3614.580078125
2024-10-22,3587.409912109375
2024-10-23,3600.780029296875
2024-10-24,3604.949951171875
2024-10-25,3593.409912109375
2024-10-28,3584.080078125
2024-10-29,3590.360107421875
2024-10-30,3558.8798828125
2024-11-01,3555.429931640625
2024-11-04,3572.0400390625
2024-11-05,3581.610107421875
2024-11-06,3602.989990234375
2024-11-07,3673.489990234375
2024-11-08,3724.3701171875
2024-11-11,3739.469970703125
2024-11-12,3711.47998046875
2024-11-13,3720.340087890625
2024-11-14,3738.159912109375
2024-11-15,3744.699951171875
2024-11-18,3732.550048828125
2024-11-19,3757.969970703125
2024-11-20,3743.639892578125
2024-11-21,3739.219970703125
2024-11-22,3746.02001953125
2024-11-25,3731.389892578125
2024-11-26,3712.389892578125
2024-11-27,3708.090087890625
2024-11-28,3737.25
2024-11-29,3739.2900390625
2024-12-02,3751.35009765625
2024-12-03,3786.1298828125
2024-12-04,3799.93994140625
2024-12-05,3822.679931640625
2024-12-06,3796.159912109375
2024-12-09,3794.919921875
2024-12-10,3813.550048828125
2024-12-11,3792.820068359375
2024-12-12,3809.27001953125
2024-12-13,3810.35009765625
2024-12-16,3821.030029296875
2024-12-17,3799.929931640625
2024-12-18,3779.6201171875
2024-12-19,3762.8798828125
2024-12-20,3719.929931640625
2024-12-23,3752.330078125
2024-12-24,3769.550048828125
2024-12-26,3761.449951171875
2024-12-27,3771.6298828125
2024-12-30,3795.72998046875
2024-12-31,3787.60009765625
2025-01-02,3800.81005859375
2025-01-03,3801.830078125
2025-01-06,3821.840087890625
2025-01-07,3828.169921875
2025-01-08,3886.97998046875
2025-01-09,3862.60009765625
2025-01-10,3801.56005859375
2025-01-13,3791.699951171875
2025-01-14,3788.77001953125
2025-01-15,3772.580078125
2025-01-16,3801.1298828125
2025-01-17,3810.780029296875
2025-01-20,3807.969970703125
2025-01-21,3795.3701171875
2025-01-22,3781.2099609375
2025-01-23,3806.570068359375
2025-01-24,3804.260009765625
2025-01-27,3796.7099609375
2025-01-28,3801.070068359375
2025-01-31,3855.820068359375
2025-02-03,3826.469970703125
2025-02-04,3823.010009765625
2025-02-05,3815.3701171875
2025-02-06,3830.419921875
2025-02-07,3861.419921875
2025-02-10,3875.1298828125
2025-02-11,3860.760009765625
2025-02-12,3874.6201171875
2025-02-13,3882.580078125
2025-02-14,3877.5
2025-02-17,3904.85009765625
2025-02-18,3925.56005859375
2025-02-19,3934.0400390625
2025-02-20,3927.510009765625
2025-02-21,3929.93994140625
2025-02-24,3927.75
2025-02-25,3915.8701171875
2025-02-26,3908.050048828125
2025-02-27,3921.18994140625
2025-02-28,3895.699951171875
2025-03-03,3908.919921875
2025-03-04,3890.760009765625
2025-03-05,3898.39990234375
2025-03-06,3917.06005859375
2025-03-07,3914.47998046875
2025-03-10,3899.070068359375
2025-03-11,3825.830078125
2025-03-12,3833.070068359375
2025-03-13,3837.52001953125
2025-03-14,3836.02001953125
2025-03-17,3859.360107421875
2025-03-18,3894.969970703125
2025-03-19,3908.31005859375
2025-03-20,3930.489990234375
2025-03-21,3926.449951171875
2025-03-24,3936.330078125
2025-03-25,3954.530029296875
2025-03-26,3963.7099609375
2025-03-27,3981.570068359375
2025-03-28,3972.429931640625
2025-04-01,3968.85009765625
2025-04-02,3954.2099609375
2025-04-03,3942.22998046875
2025-04-04,3825.860107421875
2025-04-07,3540.5
2025-04-08,3469.469970703125
2025-04-09,3393.68994140625
2025-04-10,3577.830078125
2025-04-11,3512.530029296875
2025-04-14,3548.909912109375
2025-04-15,3624.719970703125
2025-04-16,3662.449951171875
2025-04-17,3720.330078125
2025-04-21,3759.219970703125
2025-04-22,3795.409912109375
2025-04-23,3832.320068359375
2025-04-24,3831.919921875
2025-04-25,3823.780029296875
2025-04-28,3811.800048828125
2025-04-29,3805.179931640625
2025-04-30,3832.510009765625
2025-05-02,3845.139892578125
2025-05-05,3853.070068359375
2025-05-06,3860.409912109375
2025-05-07,3865.3701171875
2025-05-08,3848.219970703125
2025-05-09,3876.159912109375
2025-05-13,3881.050048828125
2025-05-14,3871.050048828125
2025-05-15,3891.93994140625
2025-05-16,3897.8701171875
2025-05-19,3876.199951171875
2025-05-20,3882.5
2025-05-21,3882.550048828125
2025-05-22,3880.090087890625
2025-05-23,3882.419921875
2025-05-26,3875.60009765625
2025-05-27,3896.090087890625
2025-05-28,3911.919921875
2025-05-29,3916.840087890625
2025-05-30,3894.610107421875
2025-06-02,3890.590087890625
2025-06-03,3894.3798828125
2025-06-04,3903.8798828125
2025-06-05,3917.68994140625
2025-06-06,3934.2900390625
2025-06-09,3936.320068359375
2025-06-10,3933.800048828125
2025-06-11,3919.050048828125
2025-06-12,3922.199951171875
2025-06-13,3911.419921875
2025-06-16,3908.4599609375
2025-06-17,3930.639892578125
2025-06-18,3920.81005859375
2025-06-19,3894.179931640625
2025-06-20,3883.429931640625
2025-06-23,3879.260009765625
2025-06-24,3904.300048828125
2025-06-25,3925.97998046875
2025-06-26,3938.4599609375
2025-06-27,3966.199951171875
2025-06-30,3964.2900390625
2025-07-01,3989.760009765625
2025-07-02,4010.77001953125
2025-07-03,4019.570068359375
2025-07-04,4013.6201171875
2025-07-07,4031.860107421875
2025-07-08,4047.860107421875
2025-07-09,4057.820068359375
2025-07-10,4075.699951171875
2025-07-11,4087.81005859375
2025-07-14,4109.2099609375
2025-07-15,4119.81982421875
2025-07-16,4132.25
2025-07-17,4161.43017578125
2025-07-18,4189.5
2025-07-21,4207.1298828125
2025-07-22,4208.259765625
2025-07-23,4231.27978515625
2025-07-24,4273.0498046875
2025-07-25,4261.06005859375
2025-07-28,4241.14013671875
2025-07-29,4229.41015625
2025-07-30,4219.41015625
2025-07-31,4173.77001953125
2025-08-01,4153.830078125
2025-08-04,4197.22998046875
2025-08-05,4208.580078125
2025-08-06,4227.7001953125
2025-08-07,4258.14990234375
2025-08-08,4239.830078125
2025-08-11,4232.77978515625
2025-08-12,4220.72021484375
2025-08-13,4272.759765625
2025-08-14,4256.52001953125
2025-08-15,4230.52978515625
2025-08-18,4187.3798828125
2025-08-19,4216.18994140625
2025-08-20,4219.5400390625
2025-08-21,4230.89990234375
2025-08-22,4253.02001953125
2025-08-25,4256.490234375
2025-08-26,4243.7099609375
2025-08-27,4245.56982421875
2025-08-28,4253.77978515625
2025-08-29,4269.7001953125
2025-09-01,4276.06982421875
2025-09-02,4298.509765625
2025-09-03,4289.330078125
2025-09-04,4296.830078125
2025-09-05,4307.080078125
2025-09-08,4308.52001953125
2025-09-09,4297.56982421875
2025-09-10,4346.4599609375
2025-09-11,4355.81982421875
2025-09-12,4344.240234375
2025-09-15,4338.419921875
2025-09-16,4337.740234375
2025-09-17,4323.77978515625
2025-09-18,4312.6201171875
2025-09-19,4302.7099609375
2025-09-22,4297.3701171875
2025-09-23,4302.669921875
2025-09-24,4290.39990234375
2025-09-25,4273.85986328125
2025-09-26,4265.97998046875
2025-09-29,4269.97998046875
2025-09-30,4300.16015625
2025-10-01,4323.1201171875
2025-10-02,4395.2099609375
2025-10-03,4411.9501953125
2025-10-06,4421.7099609375
2025-10-07,4472.259765625
2025-10-08,4456.2998046875
2025-10-09,4440.5
2025-10-10,4427.06005859375
2025-10-13,4389.83984375
2025-10-14,4354.52001953125
2025-10-15,4368.419921875
2025-10-16,4356.2001953125
2025-10-17,4328.93017578125
2025-10-21,4381.0498046875
2025-10-22,4393.919921875
2025-10-23,4416.27001953125
2025-10-24,4422.2099609375
2025-10-27,4440.2998046875
2025-10-28,4450.35986328125
2025-10-29,4440.2099609375
2025-10-30,4437.43994140625
2025-10-31,4428.6201171875
2025-11-03,4444.330078125
2025-11-04,4422.72021484375
2025-11-05,4417.1201171875
2025-11-06,4484.990234375
2025-11-07,4492.240234375
2025-11-10,4488.1298828125
2025-11-11,4542.2001953125
2025-11-12,4568.91015625
2025-11-13,4575.91015625
2025-11-14,4546.06982421875
2025-11-17,4543.58984375
2025-11-18,4504.669921875
2025-11-19,4505.22021484375
2025-11-20,4511.8701171875
2025-11-21,4469.14013671875
2025-11-24,4496.6298828125
2025-11-25,4485.6298828125
2025-11-26,4501.56005859375
2025-11-27,4509.33984375
2025-11-28,4523.9599609375
2025-12-01,4526.22021484375
2025-12-02,4537.9599609375
2025-12-03,4554.52001953125
2025-12-04,4535.14013671875
2025-12-05,4531.35986328125
2025-12-08,4507.080078125
2025-12-09,4513.240234375
2025-12-10,4511.89990234375
2025-12-11,4520.830078125
2025-12-12,4586.4501953125
2025-12-15,4589.169921875
2025-12-16,4579.72998046875
2025-12-17,4575.47998046875
2025-12-18,4570.60986328125
2025-12-19,4569.77978515625
2025-12-22,4610.2900390625
2025-12-23,4638.97021484375
2025-12-24,4636.33984375
2025-12-26,4636.14990234375
2025-12-29,4633.64013671875
2025-12-30,4655.3798828125
2025-12-31,4646.2099609375
2026-01-02,4656.1201171875
2026-01-05,4680.5
2026-01-06,4739.97021484375
2026-01-07,4747.6201171875
2026-01-08,4739.06982421875
2026-01-09,4744.66015625
2026-01-12,4766.77978515625
2026-01-13,4807.1298828125
2026-01-14,4812.509765625
2026-01-15,4833.33984375
2026-01-16,4849.10009765625
2026-01-19,4834.8798828125
2026-01-20,4828.0
2026-01-21,4809.8798828125
2026-01-22,4828.31982421875
2026-01-23,4891.4501953125
2026-01-26,4860.93017578125
2026-01-27,4923.02001953125
2026-01-28,4909.33984375
2026-01-29,4930.02978515625
2026-01-30,4905.1298828125
2026-02-02,4892.27001953125
2026-02-03,4944.08984375
2026-02-04,4965.5
2026-02-05,4975.8701171875
2026-02-06,4934.41015625
2026-02-09,4960.830078125
2026-02-10,4964.25
2026-02-11,4984.580078125
2026-02-12,5016.759765625
2026-02-13,4937.77978515625
2026-02-16,4938.580078125
2026-02-19,5001.56005859375
2026-02-20,5017.60009765625
2026-02-23,5041.330078125
2026-02-24,5020.7900390625
2026-02-25,5007.72998046875
2026-02-26,4964.3798828125
2026-02-27,4995.06982421875
2026-03-02,4890.85986328125
2026-03-03,4916.64990234375
2026-03-04,4812.75
2026-03-05,4846.56005859375
2026-03-06,4848.25
2026-03-09,4756.60986328125
2026-03-10,4860.64013671875
2026-03-11,4863.81005859375
2026-03-12,4855.330078125
2026-03-13,4842.27001953125
2026-03-16,4868.68994140625
2026-03-17,4935.97021484375
2026-03-18,5002.169921875
2026-03-19,4967.60986328125
2026-03-20,4948.8701171875
2026-03-23,4841.2998046875
2026-03-24,4862.43017578125
2026-03-25,4904.5400390625
2026-03-26,4887.759765625
2026-03-27,4898.18017578125
2026-03-30,4897.259765625
2026-03-31,4885.4501953125
2026-04-01,4975.830078125
2026-04-02,4947.5
2026-04-06,4972.39990234375
2026-04-07,4958.009765625
2026-04-08,4996.0498046875
2026-04-09,4977.080078125
2026-04-10,4989.41015625
2026-04-13,4984.169921875
2026-04-14,5007.56982421875
2026-04-15,5021.2001953125
2026-04-16,5007.830078125
2026-04-17,4997.93017578125
2026-04-20,5004.06982421875
2026-04-21,5014.9599609375
2026-04-22,5002.72021484375
2026-04-23,4944.10986328125
2026-04-24,4922.85986328125
2026-04-27,4892.72998046875
2026-04-28,4887.68994140625
2026-04-29,4860.97021484375
2026-04-30,4912.68994140625
2026-05-04,4924.31005859375
2026-05-05,4920.60986328125
2026-05-06,4927.3798828125
2026-05-07,4941.9599609375
2026-05-08,4921.89990234375
2026-05-11,4942.77001953125
2026-05-12,4946.0
2026-05-13,5003.9599609375
2026-05-14,4995.93994140625
2026-05-15,4989.080078125
2026-05-18,4996.75
2026-05-19,5072.33984375
2026-05-20,5044.91015625
2026-05-21,5045.7099609375
2026-05-22,5068.14990234375
2026-05-25,5070.5498046875
2026-05-26,5028.7998046875
2026-05-28,4989.18994140625
