date,price
1992-10-08 00:00:00,178.0399932861328
1992-10-20 00:00:00,180.89999389648438
1992-10-21 00:00:00,182.9499969482422
1992-10-22 00:00:00,183.8000030517578
1992-10-23 00:00:00,183.8000030517578
1992-10-26 00:00:00,187.60000610351562
1992-10-27 00:00:00,187.88999938964844
1992-10-28 00:00:00,188.47999572753906
1992-10-29 00:00:00,190.77000427246094
1992-10-30 00:00:00,190.77000427246094
1992-11-02 00:00:00,194.88999938964844
1992-11-03 00:00:00,195.58999633789062
1992-11-04 00:00:00,187.82000732421875
1992-11-05 00:00:00,188.69000244140625
1992-11-09 00:00:00,180.5500030517578
1992-11-10 00:00:00,180.75
1992-11-11 00:00:00,184.9499969482422
1992-11-12 00:00:00,187.99000549316406
1992-11-16 00:00:00,184.05999755859375
1992-11-17 00:00:00,183.19000244140625
1992-11-18 00:00:00,185.89999389648438
1992-11-19 00:00:00,187.3800048828125
1992-11-20 00:00:00,187.3800048828125
1992-11-23 00:00:00,193.0500030517578
1992-11-24 00:00:00,192.52999877929688
1992-11-25 00:00:00,191.8800048828125
1992-11-26 00:00:00,194.80999755859375
1992-11-27 00:00:00,194.80999755859375
1992-11-30 00:00:00,193.33999633789062
1992-12-01 00:00:00,194.0
1992-12-02 00:00:00,191.47000122070312
1992-12-03 00:00:00,188.19000244140625
1992-12-04 00:00:00,188.19000244140625
1992-12-07 00:00:00,193.74000549316406
1992-12-08 00:00:00,192.52999877929688
1992-12-09 00:00:00,195.08999633789062
1992-12-10 00:00:00,194.89999389648438
1992-12-14 00:00:00,194.6199951171875
1992-12-15 00:00:00,192.7100067138672
1992-12-16 00:00:00,192.58999633789062
1992-12-17 00:00:00,193.27999877929688
1992-12-18 00:00:00,193.27999877929688
1992-12-21 00:00:00,199.27999877929688
1992-12-22 00:00:00,200.52999877929688
1992-12-23 00:00:00,202.64999389648438
1992-12-24 00:00:00,201.86000061035156
1992-12-25 00:00:00,201.86000061035156
1992-12-28 00:00:00,201.55999755859375
1992-12-29 00:00:00,202.86000061035156
1992-12-30 00:00:00,202.58999633789062
1992-12-31 00:00:00,204.77999877929688
1993-01-04 00:00:00,212.1199951171875
1993-01-05 00:00:00,211.52999877929688
1993-01-06 00:00:00,214.33999633789062
1993-01-07 00:00:00,216.41000366210938
1993-01-11 00:00:00,215.5800018310547
1993-01-12 00:00:00,214.3699951171875
1993-01-13 00:00:00,211.92999267578125
1993-01-14 00:00:00,216.52000427246094
1993-01-15 00:00:00,216.52000427246094
1993-01-18 00:00:00,218.6199951171875
1993-01-19 00:00:00,223.61000061035156
1993-01-20 00:00:00,222.3699951171875
1993-01-21 00:00:00,218.6199951171875
1993-01-22 00:00:00,218.6199951171875
1993-01-25 00:00:00,218.8800048828125
1993-01-26 00:00:00,216.44000244140625
1993-01-27 00:00:00,213.5
1993-01-28 00:00:00,209.83999633789062
1993-01-29 00:00:00,209.83999633789062
1993-02-01 00:00:00,218.16000366210938
1993-02-02 00:00:00,220.3000030517578
1993-02-03 00:00:00,222.52999877929688
1993-02-04 00:00:00,222.7100067138672
1993-02-08 00:00:00,225.02999877929688
1993-02-09 00:00:00,219.3000030517578
1993-02-10 00:00:00,220.6199951171875
1993-02-11 00:00:00,211.74000549316406
1993-02-12 00:00:00,211.74000549316406
1993-02-15 00:00:00,208.0500030517578
1993-02-16 00:00:00,213.55999755859375
1993-02-17 00:00:00,207.30999755859375
1993-02-18 00:00:00,199.8699951171875
1993-02-19 00:00:00,199.8699951171875
1993-02-22 00:00:00,199.74000549316406
1993-02-23 00:00:00,190.92999267578125
1993-02-24 00:00:00,193.42999267578125
1993-02-25 00:00:00,199.24000549316406
1993-02-26 00:00:00,199.24000549316406
1993-03-01 00:00:00,201.3699951171875
1993-03-02 00:00:00,199.8699951171875
1993-03-03 00:00:00,201.5800018310547
1993-03-04 00:00:00,200.42999267578125
1993-03-05 00:00:00,200.42999267578125
1993-03-08 00:00:00,204.75
1993-03-09 00:00:00,205.0
1993-03-10 00:00:00,209.8699951171875
1993-03-11 00:00:00,212.92999267578125
1993-03-12 00:00:00,212.92999267578125
1993-03-15 00:00:00,213.3300018310547
1993-03-16 00:00:00,213.92999267578125
1993-03-17 00:00:00,216.6300048828125
1993-03-18 00:00:00,215.58999633789062
1993-03-19 00:00:00,215.58999633789062
1993-03-22 00:00:00,212.27999877929688
1993-03-23 00:00:00,212.0500030517578
1993-03-24 00:00:00,213.1199951171875
1993-03-25 00:00:00,212.8300018310547
1993-03-26 00:00:00,212.8300018310547
1993-03-29 00:00:00,213.80999755859375
1993-03-30 00:00:00,211.25
1993-03-31 00:00:00,211.30999755859375
1993-04-01 00:00:00,213.1300048828125
1993-04-02 01:00:00,213.1300048828125
1993-04-05 00:00:00,211.64999389648438
1993-04-07 00:00:00,210.27000427246094
1993-04-08 00:00:00,214.17999267578125
1993-04-09 00:00:00,214.17999267578125
1993-04-13 00:00:00,219.3000030517578
1993-04-14 00:00:00,218.92999267578125
1993-04-15 00:00:00,219.97000122070312
1993-04-16 00:00:00,219.97000122070312
1993-04-19 00:00:00,212.77000427246094
1993-04-20 00:00:00,214.74000549316406
1993-04-21 00:00:00,217.83999633789062
1993-04-22 00:00:00,216.33999633789062
1993-04-23 00:00:00,216.33999633789062
1993-04-27 00:00:00,212.75
1993-04-28 00:00:00,208.55999755859375
1993-04-29 00:00:00,206.89999389648438
1993-04-30 00:00:00,206.89999389648438
1993-05-05 00:00:00,211.33999633789062
1993-05-06 00:00:00,210.0
1993-05-07 00:00:00,210.0
1993-05-10 00:00:00,216.5
1993-05-11 00:00:00,216.6300048828125
1993-05-12 00:00:00,215.4600067138672
1993-05-13 00:00:00,212.0
1993-05-14 00:00:00,212.0
1993-05-17 00:00:00,208.75
1993-05-18 00:00:00,208.05999755859375
1993-05-19 00:00:00,205.80999755859375
1993-05-20 00:00:00,206.3699951171875
1993-05-21 00:00:00,206.3699951171875
1993-05-24 00:00:00,200.64999389648438
1993-05-27 00:00:00,205.1199951171875
1993-05-31 00:00:00,203.24000549316406
1993-06-01 00:00:00,203.17999267578125
1993-06-02 00:00:00,200.55999755859375
1993-06-03 00:00:00,200.7100067138672
1993-06-04 00:00:00,200.7100067138672
1993-06-07 00:00:00,204.30999755859375
1993-06-08 00:00:00,202.8699951171875
1993-06-09 00:00:00,200.67999267578125
1993-06-10 00:00:00,202.6300048828125
1993-06-11 00:00:00,202.6300048828125
1993-06-14 00:00:00,194.7100067138672
1993-06-15 00:00:00,200.14999389648438
1993-06-16 00:00:00,201.0
1993-06-17 00:00:00,197.25
1993-06-18 00:00:00,197.25
1993-06-21 00:00:00,200.77000427246094
1993-06-22 00:00:00,199.16000366210938
1993-06-23 00:00:00,195.72000122070312
1993-06-24 00:00:00,193.30999755859375
1993-06-25 00:00:00,193.30999755859375
1993-06-28 00:00:00,185.17999267578125
1993-06-29 00:00:00,196.5800018310547
1993-06-30 00:00:00,194.0500030517578
1993-07-01 00:00:00,192.83999633789062
1993-07-02 00:00:00,192.83999633789062
1993-07-05 00:00:00,192.99000549316406
1993-07-06 00:00:00,190.11000061035156
1993-07-07 00:00:00,186.67999267578125
1993-07-08 00:00:00,185.1300048828125
1993-07-09 00:00:00,185.1300048828125
1993-07-12 00:00:00,182.52999877929688
1993-07-13 00:00:00,187.6300048828125
1993-07-14 00:00:00,188.11000061035156
1993-07-15 00:00:00,192.64999389648438
1993-07-16 00:00:00,192.64999389648438
1993-07-19 00:00:00,184.97000122070312
1993-08-09 00:00:00,194.55999755859375
1993-08-10 00:00:00,196.07000732421875
1993-08-11 00:00:00,194.72000122070312
1993-08-12 00:00:00,193.4199981689453
1993-08-13 00:00:00,193.4199981689453
1993-08-16 00:00:00,191.55999755859375
1993-08-17 00:00:00,187.97000122070312
1993-08-18 00:00:00,190.9499969482422
1993-08-19 00:00:00,188.6999969482422
1993-08-20 00:00:00,188.6999969482422
1993-08-23 00:00:00,194.05999755859375
1993-08-24 00:00:00,197.00999450683594
1993-08-25 00:00:00,197.6999969482422
1993-08-26 00:00:00,199.22999572753906
1993-08-27 00:00:00,199.22999572753906
1993-08-30 00:00:00,200.89999389648438
1993-08-31 00:00:00,206.4499969482422
1993-09-01 00:00:00,212.10000610351562
1993-09-02 00:00:00,215.27000427246094
1993-09-03 00:00:00,215.27000427246094
1993-09-06 00:00:00,232.38999938964844
1993-09-07 00:00:00,223.1300048828125
1993-09-08 00:00:00,229.10000610351562
1993-09-09 00:00:00,228.8300018310547
1993-09-10 00:00:00,228.8300018310547
1993-09-13 00:00:00,223.33999633789062
1993-09-14 00:00:00,228.83999633789062
1993-09-20 00:00:00,233.89999389648438
1993-09-21 00:00:00,230.0399932861328
1993-09-22 00:00:00,228.41000366210938
1993-09-23 00:00:00,233.10000610351562
1993-09-27 00:00:00,231.19000244140625
1993-09-28 00:00:00,228.10000610351562
1993-10-04 00:00:00,226.22999572753906
1993-10-05 00:00:00,229.94000244140625
1993-10-08 00:00:00,229.9600067138672
1993-10-11 00:00:00,236.0500030517578
1993-10-12 00:00:00,237.1199951171875
1993-10-13 00:00:00,238.05999755859375
1993-10-14 00:00:00,232.97999572753906
1993-10-15 00:00:00,232.97999572753906
1993-10-18 00:00:00,232.19000244140625
1993-10-19 00:00:00,233.75999450683594
1993-10-20 00:00:00,232.3300018310547
1993-10-21 00:00:00,228.6300048828125
1993-10-22 00:00:00,228.6300048828125
1993-10-25 00:00:00,227.66000366210938
1993-10-26 00:00:00,225.99000549316406
1993-10-27 00:00:00,229.57000732421875
1993-10-28 00:00:00,233.5800018310547
1993-10-29 00:00:00,233.5800018310547
1993-11-01 00:00:00,235.82000732421875
1993-11-03 00:00:00,240.60000610351562
1993-11-04 00:00:00,248.22999572753906
1993-11-08 00:00:00,253.74000549316406
1993-11-09 00:00:00,254.1300048828125
1993-11-10 00:00:00,257.7200012207031
1993-11-11 00:00:00,254.52999877929688
1993-11-15 00:00:00,253.0399932861328
1993-11-16 00:00:00,253.3699951171875
1993-11-17 00:00:00,251.41000366210938
1993-11-18 00:00:00,249.82000732421875
1993-11-22 00:00:00,252.17999267578125
1993-11-23 00:00:00,248.47999572753906
1993-11-24 00:00:00,249.30999755859375
1993-11-25 00:00:00,246.8000030517578
1993-11-29 00:00:00,238.97000122070312
1993-11-30 00:00:00,240.63999938964844
1993-12-01 00:00:00,236.1199951171875
1993-12-02 00:00:00,237.52000427246094
1993-12-06 00:00:00,243.08999633789062
1993-12-07 00:00:00,240.77000427246094
1993-12-08 00:00:00,240.6199951171875
1993-12-09 00:00:00,244.07000732421875
1993-12-13 00:00:00,241.63999938964844
1993-12-14 00:00:00,244.27999877929688
1993-12-15 00:00:00,242.63999938964844
1993-12-16 00:00:00,244.97999572753906
1993-12-20 00:00:00,242.5500030517578
1993-12-21 00:00:00,245.6999969482422
1993-12-22 00:00:00,248.08999633789062
1993-12-23 00:00:00,249.0800018310547
1993-12-27 00:00:00,250.8000030517578
1993-12-28 00:00:00,244.5399932861328
1993-12-29 00:00:00,246.14999389648438
1993-12-30 00:00:00,245.00999450683594
1994-01-03 00:00:00,249.7100067138672
1994-01-04 00:00:00,248.32000732421875
1994-01-05 00:00:00,249.2899932861328
1994-01-06 00:00:00,245.60000610351562
1994-01-10 00:00:00,244.52000427246094
1994-01-11 00:00:00,247.5
1994-01-12 00:00:00,248.7899932861328
1994-01-13 00:00:00,248.4600067138672
1994-01-17 00:00:00,246.9600067138672
1994-01-18 00:00:00,244.4499969482422
1994-01-19 00:00:00,244.38999938964844
1994-01-20 00:00:00,238.80999755859375
1994-01-24 00:00:00,234.91000366210938
1994-01-25 00:00:00,239.50999450683594
1994-01-26 00:00:00,244.1300048828125
1994-01-27 00:00:00,247.7899932861328
1994-01-31 00:00:00,246.86000061035156
1994-02-01 00:00:00,244.77999877929688
1994-02-02 00:00:00,243.05999755859375
1994-02-03 00:00:00,246.07000732421875
1994-02-07 00:00:00,237.2899932861328
1994-02-08 00:00:00,238.64999389648438
1994-02-09 00:00:00,230.88999938964844
1994-02-10 00:00:00,235.8000030517578
1994-02-14 00:00:00,231.25
1994-02-15 00:00:00,236.33999633789062
1994-02-16 00:00:00,238.8000030517578
1994-02-17 00:00:00,226.1300048828125
1994-02-21 00:00:00,215.82000732421875
1994-02-22 00:00:00,227.9499969482422
1994-02-23 00:00:00,227.3800048828125
1994-02-24 00:00:00,230.8800048828125
1994-02-28 00:00:00,221.42999267578125
1994-03-01 00:00:00,227.30999755859375
1994-03-02 00:00:00,223.16000366210938
1994-03-03 00:00:00,224.16000366210938
1994-03-07 00:00:00,219.25
1994-03-08 00:00:00,219.49000549316406
1994-03-09 00:00:00,209.25999450683594
1994-03-10 00:00:00,201.8300018310547
1994-03-14 00:00:00,195.55999755859375
1994-03-15 00:00:00,208.49000549316406
1994-03-16 00:00:00,212.6199951171875
1994-03-17 00:00:00,209.1999969482422
1994-03-21 00:00:00,207.6999969482422
1994-03-22 00:00:00,200.75999450683594
1994-03-23 00:00:00,199.67999267578125
1994-03-24 00:00:00,198.38999938964844
1994-03-28 00:00:00,211.91000366210938
1994-03-29 00:00:00,212.2100067138672
1994-03-30 00:00:00,209.27000427246094
1994-03-31 00:00:00,205.99000549316406
1994-04-04 00:00:00,205.91000366210938
1994-04-05 00:00:00,210.4199981689453
1994-04-06 00:00:00,210.02000427246094
1994-04-07 00:00:00,214.5500030517578
1994-04-11 00:00:00,215.2899932861328
1994-04-12 00:00:00,216.52000427246094
1994-04-18 00:00:00,212.36000061035156
1994-04-19 00:00:00,213.08999633789062
1994-04-20 00:00:00,210.33999633789062
1994-04-21 00:00:00,210.6999969482422
1994-04-25 00:00:00,209.60000610351562
1994-04-26 00:00:00,209.61000061035156
1994-04-27 00:00:00,213.35000610351562
1994-04-28 00:00:00,216.75999450683594
1994-05-02 00:00:00,226.02999877929688
1994-05-03 00:00:00,224.24000549316406
1994-05-04 00:00:00,222.0399932861328
1994-05-05 00:00:00,219.75999450683594
1994-05-09 00:00:00,215.99000549316406
1994-05-10 00:00:00,214.3699951171875
1994-05-11 00:00:00,214.10000610351562
1994-05-12 00:00:00,211.7100067138672
1994-05-17 00:00:00,206.6699981689453
1994-05-18 00:00:00,201.8300018310547
1994-05-19 00:00:00,204.17999267578125
1994-05-23 00:00:00,194.1699981689453
1994-05-24 00:00:00,188.52999877929688
1994-05-25 00:00:00,186.7100067138672
1994-05-26 00:00:00,192.66000366210938
1994-05-30 00:00:00,194.69000244140625
1994-05-31 00:00:00,188.08999633789062
1994-06-01 00:00:00,183.16000366210938
1994-06-02 00:00:00,177.22000122070312
1994-06-06 00:00:00,173.72000122070312
1994-06-07 00:00:00,174.85000610351562
1994-06-08 00:00:00,180.3000030517578
1994-06-09 00:00:00,187.08999633789062
1994-06-13 00:00:00,187.47000122070312
1994-06-14 00:00:00,178.9199981689453
1994-06-15 00:00:00,183.57000732421875
1994-06-16 00:00:00,181.77000427246094
1994-06-20 00:00:00,172.2100067138672
1994-06-21 00:00:00,170.9199981689453
1994-06-22 00:00:00,171.64999389648438
1994-06-23 00:00:00,176.61000061035156
1994-06-27 00:00:00,170.25999450683594
1994-06-28 00:00:00,171.52000427246094
1994-06-29 00:00:00,168.4499969482422
1994-06-30 00:00:00,163.99000549316406
1994-07-04 00:00:00,153.3000030517578
1994-07-05 00:00:00,159.5
1994-07-06 00:00:00,167.60000610351562
1994-07-07 00:00:00,170.3000030517578
1994-07-11 00:00:00,171.99000549316406
1994-07-12 00:00:00,175.52999877929688
1994-07-13 00:00:00,169.8000030517578
1994-07-14 00:00:00,176.80999755859375
1994-07-18 00:00:00,172.50999450683594
1994-07-19 00:00:00,178.52999877929688
1994-07-20 00:00:00,181.3699951171875
1994-07-21 00:00:00,181.8300018310547
1994-07-25 00:00:00,180.77000427246094
1994-07-26 00:00:00,181.0500030517578
1994-07-27 00:00:00,180.41000366210938
1994-07-28 00:00:00,179.36000061035156
1994-08-01 00:00:00,186.49000549316406
1994-08-02 00:00:00,184.94000244140625
1994-08-03 00:00:00,188.19000244140625
1994-08-04 00:00:00,191.0500030517578
1994-08-08 00:00:00,190.14999389648438
1994-08-09 00:00:00,193.39999389648438
1994-08-10 00:00:00,196.3300018310547
1994-08-11 00:00:00,193.05999755859375
1994-08-15 00:00:00,187.77000427246094
1994-08-16 00:00:00,183.60000610351562
1994-08-22 00:00:00,169.07000732421875
1994-08-23 00:00:00,173.1300048828125
1994-08-24 00:00:00,173.02000427246094
1994-08-25 00:00:00,172.77999877929688
1994-08-29 00:00:00,180.0500030517578
1994-08-30 00:00:00,181.92999267578125
1994-08-31 00:00:00,182.25
1994-09-01 00:00:00,184.9600067138672
1994-09-08 00:00:00,196.5500030517578
1994-09-12 00:00:00,194.02999877929688
1994-09-13 00:00:00,195.0399932861328
1994-09-21 00:00:00,199.05999755859375
1994-09-22 00:00:00,197.61000061035156
1994-09-28 00:00:00,187.39999389648438
1994-09-29 00:00:00,189.57000732421875
1994-10-03 00:00:00,192.02000427246094
1994-10-04 00:00:00,186.77999877929688
1994-10-05 00:00:00,186.25
1994-10-06 00:00:00,188.1300048828125
1994-10-10 00:00:00,182.5500030517578
1994-10-11 00:00:00,181.16000366210938
1994-10-12 00:00:00,182.0800018310547
1994-10-13 00:00:00,185.97999572753906
1994-10-17 00:00:00,195.38999938964844
1994-10-18 00:00:00,195.3000030517578
1994-10-19 00:00:00,193.1300048828125
1994-10-20 00:00:00,198.58999633789062
1994-10-24 00:00:00,196.17999267578125
1994-10-25 00:00:00,194.0800018310547
1994-10-26 00:00:00,194.6699981689453
1994-10-27 00:00:00,198.02999877929688
1994-10-31 00:00:00,195.27999877929688
1994-11-01 00:00:00,194.8300018310547
1994-11-02 00:00:00,191.58999633789062
1994-11-03 00:00:00,189.91000366210938
1994-11-07 00:00:00,191.08999633789062
1994-11-08 00:00:00,191.8000030517578
1994-11-09 00:00:00,189.0800018310547
1994-11-10 00:00:00,188.27999877929688
1994-11-14 00:00:00,183.19000244140625
1994-11-15 00:00:00,185.00999450683594
1994-11-16 00:00:00,181.11000061035156
1994-11-17 00:00:00,174.6699981689453
1994-11-21 00:00:00,177.66000366210938
1994-11-22 00:00:00,172.58999633789062
1994-11-23 00:00:00,169.2100067138672
1994-11-24 00:00:00,169.99000549316406
1994-11-28 00:00:00,174.1699981689453
1994-11-29 00:00:00,172.44000244140625
1994-11-30 00:00:00,172.75
1994-12-01 00:00:00,169.75
1994-12-05 00:00:00,163.44000244140625
1994-12-06 00:00:00,164.58999633789062
1994-12-07 00:00:00,163.25999450683594
1994-12-08 00:00:00,167.63999938964844
1994-12-12 00:00:00,171.89999389648438
1994-12-13 00:00:00,174.61000061035156
1994-12-14 00:00:00,176.08999633789062
1994-12-15 00:00:00,174.6300048828125
1994-12-19 00:00:00,171.4499969482422
1994-12-20 00:00:00,176.4600067138672
1994-12-21 00:00:00,177.30999755859375
1994-12-22 00:00:00,178.22999572753906
1994-12-26 00:00:00,172.77999877929688
1994-12-27 00:00:00,171.69000244140625
1994-12-28 00:00:00,175.32000732421875
1994-12-29 00:00:00,175.47999572753906
1995-01-02 00:00:00,172.0800018310547
1995-01-03 00:00:00,172.5
1995-01-04 00:00:00,172.35000610351562
1995-01-05 00:00:00,170.52000427246094
1995-01-09 00:00:00,167.6199951171875
1995-01-10 00:00:00,166.97999572753906
1995-01-11 00:00:00,166.77999877929688
1995-01-12 00:00:00,167.24000549316406
1995-01-16 00:00:00,164.9600067138672
1995-01-17 00:00:00,167.5
1995-01-18 00:00:00,162.39999389648438
1995-01-19 00:00:00,161.2100067138672
1995-01-23 00:00:00,157.8800048828125
1995-01-24 00:00:00,153.8000030517578
1995-01-25 00:00:00,156.4600067138672
1995-01-26 00:00:00,154.19000244140625
1995-01-30 00:00:00,161.6999969482422
1995-01-31 00:00:00,173.6199951171875
1995-02-01 00:00:00,173.61000061035156
1995-02-02 00:00:00,171.27999877929688
1995-02-06 00:00:00,165.33999633789062
1995-02-07 00:00:00,163.69000244140625
1995-02-08 00:00:00,164.3800048828125
1995-02-09 00:00:00,164.02999877929688
1995-02-13 00:00:00,167.36000061035156
1995-02-14 00:00:00,167.4499969482422
1995-02-15 00:00:00,168.6999969482422
1995-02-16 00:00:00,163.4199981689453
1995-02-20 00:00:00,157.99000549316406
1995-02-21 00:00:00,156.0399932861328
1995-02-22 00:00:00,150.72000122070312
1995-02-23 00:00:00,148.66000366210938
1995-02-27 00:00:00,146.88999938964844
1995-02-28 00:00:00,145.72999572753906
1995-03-01 00:00:00,145.83999633789062
1995-03-02 00:00:00,151.5800018310547
1995-03-06 00:00:00,151.0800018310547
1995-03-07 00:00:00,153.05999755859375
1995-03-08 00:00:00,155.3800048828125
1995-03-09 00:00:00,159.4199981689453
1995-03-13 00:00:00,159.8300018310547
1995-03-14 00:00:00,162.0399932861328
1995-03-15 00:00:00,161.82000732421875
1995-03-20 00:00:00,168.0500030517578
1995-03-21 00:00:00,165.4199981689453
1995-03-22 00:00:00,163.11000061035156
1995-03-23 00:00:00,163.7899932861328
1995-03-27 00:00:00,162.47999572753906
1995-03-28 00:00:00,164.80999755859375
1995-03-29 00:00:00,166.3699951171875
1995-03-30 00:00:00,167.83999633789062
1995-04-03 00:00:00,159.49000549316406
1995-04-04 00:00:00,160.3800048828125
1995-04-05 00:00:00,160.75
1995-04-06 00:00:00,160.97999572753906
1995-04-10 00:00:00,161.3699951171875
1995-04-11 00:00:00,164.2100067138672
1995-04-12 00:00:00,164.69000244140625
1995-04-13 00:00:00,165.4199981689453
1995-04-17 00:00:00,167.49000549316406
1995-04-18 00:00:00,167.1300048828125
1995-04-19 00:00:00,167.85000610351562
1995-04-24 00:00:00,169.64999389648438
1995-04-25 00:00:00,171.6300048828125
1995-04-26 00:00:00,173.05999755859375
1995-04-27 00:00:00,175.36000061035156
1995-05-01 00:00:00,177.75
1995-05-02 00:00:00,177.3800048828125
1995-05-08 00:00:00,173.7100067138672
1995-05-09 00:00:00,176.1999969482422
1995-05-10 00:00:00,179.25
1995-05-11 00:00:00,181.27000427246094
1995-05-15 00:00:00,181.94000244140625
1995-05-16 00:00:00,182.49000549316406
1995-05-17 00:00:00,181.33999633789062
1995-05-18 00:00:00,177.17999267578125
1995-05-22 00:00:00,178.4600067138672
1995-05-23 00:00:00,179.66000366210938
1995-05-24 00:00:00,182.1300048828125
1995-05-25 00:00:00,184.91000366210938
1995-05-29 00:00:00,183.41000366210938
1995-05-30 00:00:00,184.33999633789062
1995-05-31 00:00:00,183.22000122070312
1995-06-01 00:00:00,184.4499969482422
1995-06-05 00:00:00,183.57000732421875
1995-06-06 00:00:00,185.8000030517578
1995-06-07 00:00:00,188.3300018310547
1995-06-08 00:00:00,188.75
1995-06-12 00:00:00,186.80999755859375
1995-06-13 00:00:00,188.16000366210938
1995-06-14 00:00:00,192.25999450683594
1995-06-15 00:00:00,192.67999267578125
1995-06-19 00:00:00,191.50999450683594
1995-06-20 00:00:00,193.1199951171875
1995-06-21 00:00:00,195.24000549316406
1995-06-22 00:00:00,194.72000122070312
1995-06-26 00:00:00,190.97000122070312
1995-06-27 00:00:00,190.91000366210938
1995-06-28 00:00:00,191.07000732421875
1995-06-29 00:00:00,188.94000244140625
1995-07-03 00:00:00,188.75999450683594
1995-07-04 00:00:00,188.91000366210938
1995-07-05 00:00:00,189.3699951171875
1995-07-06 00:00:00,190.57000732421875
1995-07-10 00:00:00,191.8800048828125
1995-07-11 00:00:00,193.38999938964844
1995-07-12 00:00:00,193.58999633789062
1995-07-13 00:00:00,194.4600067138672
1995-07-17 00:00:00,193.63999938964844
1995-07-18 00:00:00,193.6300048828125
1995-07-19 00:00:00,190.89999389648438
1995-07-20 00:00:00,190.08999633789062
1995-07-24 00:00:00,190.3000030517578
1995-07-25 00:00:00,191.97999572753906
1995-07-26 00:00:00,192.75
1995-07-27 00:00:00,192.22000122070312
1995-07-31 00:00:00,193.13999938964844
1995-08-01 00:00:00,194.44000244140625
1995-08-02 00:00:00,195.35000610351562
1995-08-03 00:00:00,196.99000549316406
1995-08-07 00:00:00,196.60000610351562
1995-08-08 00:00:00,198.2100067138672
1995-08-09 00:00:00,198.74000549316406
1995-08-10 00:00:00,199.1199951171875
1995-08-14 00:00:00,202.97999572753906
1995-08-15 00:00:00,203.35000610351562
1995-08-16 00:00:00,205.02999877929688
1995-08-17 00:00:00,206.2899932861328
1995-08-21 00:00:00,211.27000427246094
1995-08-22 00:00:00,208.85000610351562
1995-08-23 00:00:00,211.52000427246094
1995-08-24 00:00:00,208.57000732421875
1995-08-28 00:00:00,205.77000427246094
1995-08-29 00:00:00,208.57000732421875
1995-08-30 00:00:00,208.05999755859375
1995-08-31 00:00:00,207.24000549316406
1995-09-04 00:00:00,211.0
1995-09-05 00:00:00,211.50999450683594
1995-09-06 00:00:00,211.75999450683594
1995-09-07 00:00:00,212.77000427246094
1995-09-11 00:00:00,212.69000244140625
1995-09-12 00:00:00,210.8800048828125
1995-09-13 00:00:00,206.74000549316406
1995-09-14 00:00:00,207.24000549316406
1995-09-18 00:00:00,209.25
1995-09-19 00:00:00,209.63999938964844
1995-09-20 00:00:00,209.3699951171875
1995-09-21 00:00:00,208.9499969482422
1995-09-27 00:00:00,207.75
1995-09-28 00:00:00,205.67999267578125
1995-10-02 00:00:00,204.8699951171875
1995-10-05 00:00:00,202.94000244140625
1995-10-10 00:00:00,198.42999267578125
1995-10-11 00:00:00,199.1699981689453
1995-10-12 00:00:00,200.99000549316406
1995-10-17 00:00:00,201.30999755859375
1995-10-18 00:00:00,199.3000030517578
1995-10-19 00:00:00,197.4199981689453
1995-10-23 00:00:00,195.35000610351562
1995-10-24 00:00:00,193.74000549316406
1995-10-25 00:00:00,195.9199981689453
1995-10-26 00:00:00,196.55999755859375
1995-10-30 00:00:00,196.22999572753906
1995-10-31 00:00:00,198.9600067138672
1995-11-01 00:00:00,196.6699981689453
1995-11-02 00:00:00,194.97000122070312
1995-11-06 00:00:00,191.7899932861328
1995-11-07 00:00:00,194.00999450683594
1995-11-08 00:00:00,192.25999450683594
1995-11-09 00:00:00,191.82000732421875
1995-11-13 00:00:00,190.02000427246094
1995-11-14 00:00:00,189.0399932861328
1995-11-15 00:00:00,189.0500030517578
1995-11-16 00:00:00,191.32000732421875
1995-11-20 00:00:00,198.4600067138672
1995-11-21 00:00:00,196.5399932861328
1995-11-22 00:00:00,197.02000427246094
1995-11-23 00:00:00,199.61000061035156
1995-11-27 00:00:00,202.49000549316406
1995-11-28 00:00:00,203.0399932861328
1995-11-29 00:00:00,201.80999755859375
1995-11-30 00:00:00,201.67999267578125
1995-12-04 00:00:00,202.6999969482422
1995-12-05 00:00:00,204.9600067138672
1995-12-06 00:00:00,205.72999572753906
1995-12-07 00:00:00,204.6699981689453
1995-12-11 00:00:00,208.47999572753906
1995-12-12 00:00:00,209.38999938964844
1995-12-13 00:00:00,210.16000366210938
1995-12-14 00:00:00,211.8000030517578
1995-12-18 00:00:00,211.0399932861328
1995-12-19 00:00:00,209.3800048828125
1995-12-20 00:00:00,213.67999267578125
1995-12-21 00:00:00,215.00999450683594
1995-12-25 00:00:00,215.75999450683594
1995-12-26 00:00:00,217.0
1995-12-27 00:00:00,217.27999877929688
1995-12-28 00:00:00,215.25999450683594
1996-01-01 00:00:00,217.1300048828125
1996-01-02 00:00:00,220.5500030517578
1996-01-03 00:00:00,221.8300018310547
1996-01-04 00:00:00,222.89999389648438
1996-01-08 00:00:00,219.6699981689453
1996-01-09 00:00:00,218.8800048828125
1996-01-10 00:00:00,217.0
1996-01-11 00:00:00,216.1199951171875
1996-01-15 00:00:00,215.55999755859375
1996-01-16 00:00:00,214.0
1996-01-17 00:00:00,215.7899932861328
1996-01-18 00:00:00,215.74000549316406
1996-01-22 00:00:00,220.41000366210938
1996-01-23 00:00:00,219.69000244140625
1996-01-24 00:00:00,219.5399932861328
1996-01-25 00:00:00,220.91000366210938
1996-01-29 00:00:00,219.77000427246094
1996-01-30 00:00:00,218.52999877929688
1996-01-31 00:00:00,219.17999267578125
1996-02-01 00:00:00,220.77000427246094
1996-02-05 00:00:00,219.14999389648438
1996-02-06 00:00:00,217.0
1996-02-07 00:00:00,217.19000244140625
1996-02-08 00:00:00,214.8300018310547
1996-02-12 00:00:00,214.5399932861328
1996-02-13 00:00:00,212.5500030517578
1996-02-14 00:00:00,210.0800018310547
1996-02-15 00:00:00,212.02000427246094
1996-02-19 00:00:00,208.77999877929688
1996-02-20 00:00:00,211.49000549316406
1996-02-21 00:00:00,211.97999572753906
1996-02-22 00:00:00,216.74000549316406
1996-02-26 00:00:00,218.5399932861328
1996-02-27 00:00:00,218.3300018310547
1996-02-28 00:00:00,220.3300018310547
1996-02-29 00:00:00,219.6300048828125
1996-03-04 00:00:00,218.44000244140625
1996-03-06 00:00:00,216.47000122070312
1996-03-07 00:00:00,215.8000030517578
1996-03-11 00:00:00,212.41000366210938
1996-03-12 00:00:00,214.85000610351562
1996-03-13 00:00:00,213.72000122070312
1996-03-14 00:00:00,213.55999755859375
1996-03-18 00:00:00,208.55999755859375
1996-03-19 00:00:00,209.72000122070312
1996-03-20 00:00:00,207.5399932861328
1996-03-21 00:00:00,205.52999877929688
1996-03-25 00:00:00,204.9600067138672
1996-03-26 00:00:00,203.94000244140625
1996-03-27 00:00:00,205.27000427246094
1996-03-28 00:00:00,205.10000610351562
1996-04-01 00:00:00,202.1699981689453
1996-04-02 00:00:00,204.3800048828125
1996-04-04 00:00:00,204.89999389648438
1996-04-08 00:00:00,202.4600067138672
1996-04-11 00:00:00,199.94000244140625
1996-04-15 00:00:00,198.64999389648438
1996-04-16 00:00:00,201.38999938964844
1996-04-17 00:00:00,204.7100067138672
1996-04-18 00:00:00,207.60000610351562
1996-04-22 00:00:00,208.8000030517578
1996-04-25 00:00:00,212.3800048828125
1996-04-29 00:00:00,214.77999877929688
1996-04-30 00:00:00,214.8699951171875
1996-05-01 00:00:00,214.55999755859375
1996-05-02 00:00:00,216.66000366210938
1996-05-06 00:00:00,214.6300048828125
1996-05-07 00:00:00,214.92999267578125
1996-05-08 00:00:00,212.0500030517578
1996-05-09 00:00:00,210.4600067138672
1996-05-13 00:00:00,210.8699951171875
1996-05-14 00:00:00,212.5800018310547
1996-05-15 00:00:00,213.92999267578125
1996-05-16 00:00:00,211.74000549316406
1996-05-20 00:00:00,214.8800048828125
1996-05-21 00:00:00,215.92999267578125
1996-05-22 00:00:00,218.25
1996-05-27 00:00:00,223.11000061035156
1996-05-28 00:00:00,223.83999633789062
1996-05-30 00:00:00,214.1199951171875
1996-06-03 00:00:00,218.52999877929688
1996-06-04 00:00:00,217.39999389648438
1996-06-05 00:00:00,218.9600067138672
1996-06-06 00:00:00,220.3300018310547
1996-06-10 00:00:00,215.0
1996-06-11 00:00:00,215.25999450683594
1996-06-12 00:00:00,213.47999572753906
1996-06-13 00:00:00,212.63999938964844
1996-06-17 00:00:00,216.77999877929688
1996-06-18 00:00:00,217.14999389648438
1996-06-19 00:00:00,214.72000122070312
1996-06-20 00:00:00,214.69000244140625
1996-06-24 00:00:00,213.0
1996-06-25 00:00:00,211.8000030517578
1996-06-26 00:00:00,209.9499969482422
1996-06-27 00:00:00,208.0
1996-07-01 00:00:00,209.0
1996-07-02 00:00:00,210.57000732421875
1996-07-03 00:00:00,210.27000427246094
1996-07-04 00:00:00,208.36000061035156
1996-07-08 00:00:00,204.0500030517578
1996-07-09 00:00:00,202.52999877929688
1996-07-10 00:00:00,200.8000030517578
1996-07-11 00:00:00,197.0800018310547
1996-07-15 00:00:00,191.5500030517578
1996-07-16 00:00:00,179.47000122070312
1996-07-18 00:00:00,187.0500030517578
1996-07-22 00:00:00,177.4499969482422
1996-07-23 00:00:00,179.74000549316406
1996-07-24 00:00:00,179.77000427246094
1996-07-29 00:00:00,185.91000366210938
1996-07-30 00:00:00,185.33999633789062
1996-07-31 00:00:00,187.6699981689453
1996-08-01 00:00:00,187.3699951171875
1996-08-05 00:00:00,191.69000244140625
1996-08-06 00:00:00,194.30999755859375
1996-08-07 00:00:00,191.17999267578125
1996-08-08 00:00:00,190.86000061035156
1996-08-12 00:00:00,184.7899932861328
1996-08-13 00:00:00,182.50999450683594
1996-08-14 00:00:00,185.42999267578125
1996-08-15 00:00:00,186.32000732421875
1996-08-19 00:00:00,183.35000610351562
1996-08-20 00:00:00,182.4199981689453
1996-08-21 00:00:00,182.6699981689453
1996-08-22 00:00:00,184.16000366210938
1996-08-26 00:00:00,184.97999572753906
1996-08-27 00:00:00,185.91000366210938
1996-08-28 00:00:00,191.22000122070312
1996-08-29 00:00:00,192.30999755859375
1996-09-02 00:00:00,194.08999633789062
1996-09-03 00:00:00,192.25
1996-09-04 00:00:00,195.44000244140625
1996-09-05 00:00:00,196.60000610351562
1996-09-09 00:00:00,199.57000732421875
1996-09-10 00:00:00,199.11000061035156
1996-09-11 00:00:00,195.77999877929688
1996-09-12 00:00:00,198.82000732421875
1996-09-16 00:00:00,204.1699981689453
1996-09-17 00:00:00,205.8800048828125
1996-09-18 00:00:00,206.11000061035156
1996-09-19 00:00:00,205.75999450683594
1996-09-24 00:00:00,206.9199981689453
1996-09-25 00:00:00,206.32000732421875
1996-09-26 00:00:00,197.47999572753906
1996-09-30 00:00:00,195.89999389648438
1996-10-01 00:00:00,193.49000549316406
1996-10-02 00:00:00,194.02000427246094
1996-10-03 00:00:00,193.02000427246094
1996-10-07 00:00:00,197.77999877929688
1996-10-08 00:00:00,196.83999633789062
1996-10-09 00:00:00,195.17999267578125
1996-10-10 00:00:00,191.0500030517578
1996-10-14 00:00:00,187.5800018310547
1996-10-15 00:00:00,193.39999389648438
1996-10-16 00:00:00,196.9199981689453
1996-10-17 00:00:00,199.5500030517578
1996-10-21 00:00:00,201.16000366210938
1996-10-22 00:00:00,198.02999877929688
1996-10-23 00:00:00,198.61000061035156
1996-10-24 00:00:00,198.8800048828125
1996-10-28 00:00:00,195.30999755859375
1996-10-29 00:00:00,194.3000030517578
1996-10-30 00:00:00,196.91000366210938
1996-10-31 00:00:00,197.13999938964844
1996-11-04 00:00:00,197.50999450683594
1996-11-05 00:00:00,197.07000732421875
1996-11-06 00:00:00,199.3300018310547
1996-11-07 00:00:00,202.16000366210938
1996-11-11 00:00:00,202.1999969482422
1996-11-12 00:00:00,202.2899932861328
1996-11-13 00:00:00,203.75
1996-11-14 00:00:00,204.91000366210938
1996-11-18 00:00:00,203.13999938964844
1996-11-19 00:00:00,204.74000549316406
1996-11-20 00:00:00,206.02999877929688
1996-11-21 00:00:00,207.52000427246094
1996-11-25 00:00:00,206.25
1996-11-26 00:00:00,205.55999755859375
1996-11-27 00:00:00,207.97999572753906
1996-11-28 00:00:00,208.9499969482422
1996-12-02 00:00:00,208.83999633789062
1996-12-03 00:00:00,213.74000549316406
1996-12-04 00:00:00,214.57000732421875
1996-12-05 00:00:00,216.41000366210938
1996-12-09 00:00:00,215.2899932861328
1996-12-10 00:00:00,216.97000122070312
1996-12-11 00:00:00,214.89999389648438
1996-12-12 00:00:00,214.9499969482422
1996-12-16 00:00:00,213.77000427246094
1996-12-17 00:00:00,211.3800048828125
1996-12-18 00:00:00,211.80999755859375
1996-12-19 00:00:00,215.27999877929688
1996-12-23 00:00:00,218.58999633789062
1996-12-24 00:00:00,219.36000061035156
1996-12-25 00:00:00,219.86000061035156
1996-12-26 00:00:00,217.0
1996-12-31 00:00:00,219.11000061035156
1997-01-02 00:00:00,222.0800018310547
1997-01-06 00:00:00,232.75
1997-01-07 00:00:00,237.1199951171875
1997-01-08 00:00:00,238.1999969482422
1997-01-09 00:00:00,235.58999633789062
1997-01-13 00:00:00,242.9199981689453
1997-01-14 00:00:00,241.61000061035156
1997-01-15 00:00:00,245.0399932861328
1997-01-16 00:00:00,248.13999938964844
1997-01-20 00:00:00,251.25
1997-01-21 00:00:00,253.22999572753906
1997-01-22 00:00:00,250.99000549316406
1997-01-23 00:00:00,249.35000610351562
1997-01-27 00:00:00,245.50999450683594
1997-01-28 00:00:00,246.02999877929688
1997-01-29 00:00:00,249.4199981689453
1997-01-30 00:00:00,250.22000122070312
1997-02-03 00:00:00,265.6300048828125
1997-02-04 00:00:00,261.239990234375
1997-02-05 00:00:00,269.010009765625
1997-02-06 00:00:00,267.6099853515625
1997-02-10 00:00:00,268.3800048828125
1997-02-11 00:00:00,265.7900085449219
1997-02-12 00:00:00,262.4100036621094
1997-02-13 00:00:00,259.010009765625
1997-02-17 00:00:00,271.92999267578125
1997-02-18 00:00:00,277.7300109863281
1997-02-19 00:00:00,274.239990234375
1997-02-20 00:00:00,274.42999267578125
1997-02-24 00:00:00,269.6700134277344
1997-02-25 00:00:00,261.7200012207031
1997-02-26 00:00:00,261.4800109863281
1997-02-27 00:00:00,261.3599853515625
1997-03-03 00:00:00,255.6199951171875
1997-03-04 00:00:00,263.1199951171875
1997-03-05 00:00:00,263.3800048828125
1997-03-06 00:00:00,265.4200134277344
1997-03-10 00:00:00,262.3599853515625
1997-03-11 00:00:00,258.20001220703125
1997-03-12 00:00:00,255.9199981689453
1997-03-13 00:00:00,253.24000549316406
1997-03-17 00:00:00,254.66000366210938
1997-03-18 00:00:00,250.4600067138672
1997-03-19 00:00:00,251.11000061035156
1997-03-20 00:00:00,253.88999938964844
1997-03-24 00:00:00,250.33999633789062
1997-03-25 00:00:00,252.47000122070312
1997-03-26 00:00:00,250.83999633789062
1997-03-27 00:00:00,250.8800048828125
1997-03-31 00:00:00,253.97999572753906
1997-04-01 00:00:00,253.6999969482422
1997-04-02 00:00:00,259.57000732421875
1997-04-03 00:00:00,260.7300109863281
1997-04-07 00:00:00,263.8599853515625
1997-04-08 00:00:00,265.2699890136719
1997-04-09 00:00:00,260.1400146484375
1997-04-10 00:00:00,261.739990234375
1997-04-14 00:00:00,264.9599914550781
1997-04-15 00:00:00,266.57000732421875
1997-04-16 00:00:00,263.9599914550781
1997-04-17 00:00:00,259.3999938964844
1997-04-23 00:00:00,261.5
1997-04-24 00:00:00,262.3599853515625
1997-04-29 00:00:00,261.8900146484375
1997-04-30 00:00:00,265.6700134277344
1997-05-01 00:00:00,265.7099914550781
1997-05-05 00:00:00,269.260009765625
1997-05-06 00:00:00,268.79998779296875
1997-05-07 00:00:00,267.0
1997-05-08 00:00:00,268.4700012207031
1997-05-13 00:00:00,272.1000061035156
1997-05-14 00:00:00,272.3299865722656
1997-05-15 00:00:00,271.3299865722656
1997-05-19 00:00:00,271.6300048828125
1997-05-20 00:00:00,273.5400085449219
1997-05-21 00:00:00,274.8500061035156
1997-05-22 00:00:00,277.760009765625
1997-05-26 00:00:00,279.4200134277344
1997-05-27 00:00:00,278.8900146484375
1997-05-28 00:00:00,283.20001220703125
1997-05-29 00:00:00,282.7799987792969
1997-06-02 00:00:00,288.1000061035156
1997-06-03 00:00:00,289.760009765625
1997-06-04 00:00:00,289.510009765625
1997-06-05 00:00:00,292.3999938964844
1997-06-09 00:00:00,300.7099914550781
1997-06-12 00:00:00,296.20001220703125
1997-06-16 00:00:00,303.5799865722656
1997-06-17 00:00:00,302.3599853515625
1997-06-18 00:00:00,305.8299865722656
1997-06-19 00:00:00,305.5400085449219
1997-06-23 00:00:00,304.69000244140625
1997-06-24 00:00:00,298.1300048828125
1997-06-25 00:00:00,295.6700134277344
1997-06-26 00:00:00,293.0199890136719
1997-06-30 00:00:00,292.0899963378906
1997-07-01 00:00:00,298.7300109863281
1997-07-02 00:00:00,302.25
1997-07-03 00:00:00,301.54998779296875
1997-07-07 00:00:00,309.4700012207031
1997-07-08 00:00:00,310.30999755859375
1997-07-09 00:00:00,309.07000732421875
1997-07-10 00:00:00,303.6300048828125
1997-07-14 00:00:00,305.2300109863281
1997-07-15 00:00:00,305.9599914550781
1997-07-16 00:00:00,303.32000732421875
1997-07-17 00:00:00,304.7200012207031
1997-07-21 00:00:00,302.29998779296875
1997-07-22 00:00:00,300.1000061035156
1997-07-23 00:00:00,304.1700134277344
1997-07-24 00:00:00,308.7099914550781
1997-07-28 00:00:00,311.5799865722656
1997-07-29 00:00:00,313.5400085449219
1997-07-30 00:00:00,309.8699951171875
1997-07-31 00:00:00,314.3699951171875
1997-08-04 00:00:00,317.3500061035156
1997-08-05 00:00:00,316.67999267578125
1997-08-06 00:00:00,317.6600036621094
1997-08-07 00:00:00,316.739990234375
1997-08-11 00:00:00,308.75
1997-08-13 00:00:00,304.54998779296875
1997-08-14 00:00:00,308.1099853515625
1997-08-18 00:00:00,303.1300048828125
1997-08-19 00:00:00,304.07000732421875
1997-08-20 00:00:00,306.489990234375
1997-08-21 00:00:00,304.6499938964844
1997-08-25 00:00:00,297.42999267578125
1997-08-26 00:00:00,295.67999267578125
1997-08-27 00:00:00,296.6000061035156
1997-08-28 00:00:00,295.04998779296875
1997-09-01 00:00:00,288.32000732421875
1997-09-02 00:00:00,293.6700134277344
1997-09-03 00:00:00,297.1600036621094
1997-09-04 00:00:00,294.760009765625
1997-09-08 00:00:00,294.2300109863281
1997-09-09 00:00:00,300.739990234375
1997-09-10 00:00:00,298.8599853515625
1997-09-11 00:00:00,296.489990234375
1997-09-15 00:00:00,295.67999267578125
1997-09-16 00:00:00,292.8299865722656
1997-09-17 00:00:00,291.1499938964844
1997-09-18 00:00:00,288.57000732421875
1997-09-22 00:00:00,290.1400146484375
1997-09-23 00:00:00,293.3699951171875
1997-09-24 00:00:00,291.8500061035156
1997-09-25 00:00:00,292.1400146484375
1997-09-29 00:00:00,300.2900085449219
1997-09-30 00:00:00,303.1099853515625
1997-10-06 00:00:00,309.19000244140625
1997-10-07 00:00:00,309.2099914550781
1997-10-08 00:00:00,313.5799865722656
1997-10-09 00:00:00,310.29998779296875
1997-10-13 00:00:00,311.739990234375
1997-10-14 00:00:00,313.9100036621094
1997-10-20 00:00:00,319.05999755859375
1997-10-21 00:00:00,319.0299987792969
1997-10-27 00:00:00,304.0899963378906
1997-10-28 00:00:00,275.4700012207031
1997-10-29 00:00:00,295.8599853515625
1997-10-30 00:00:00,288.0299987792969
1997-11-03 00:00:00,298.6700134277344
1997-11-04 00:00:00,296.17999267578125
1997-11-05 00:00:00,296.4200134277344
1997-11-06 00:00:00,295.29998779296875
1997-11-10 00:00:00,288.4200134277344
1997-11-11 00:00:00,288.32000732421875
1997-11-12 00:00:00,280.44000244140625
1997-11-13 00:00:00,280.1700134277344
1997-11-17 00:00:00,288.0899963378906
1997-11-18 00:00:00,285.4100036621094
1997-11-19 00:00:00,283.3599853515625
1997-11-20 00:00:00,288.92999267578125
1997-11-24 00:00:00,289.29998779296875
1997-11-25 00:00:00,290.6099853515625
1997-11-26 00:00:00,291.9700012207031
1997-11-27 00:00:00,296.29998779296875
1997-12-01 00:00:00,298.7699890136719
1997-12-02 00:00:00,299.0199890136719
1997-12-08 00:00:00,300.0899963378906
1997-12-09 00:00:00,302.94000244140625
1997-12-10 00:00:00,299.4200134277344
1997-12-11 00:00:00,293.3800048828125
1997-12-15 00:00:00,296.5400085449219
1997-12-16 00:00:00,296.7200012207031
1997-12-17 00:00:00,297.010009765625
1997-12-18 00:00:00,294.79998779296875
1997-12-22 00:00:00,290.5299987792969
1997-12-23 00:00:00,292.1000061035156
1997-12-24 00:00:00,287.95001220703125
1997-12-25 00:00:00,290.3299865722656
1997-12-29 00:00:00,295.7900085449219
1997-12-30 00:00:00,301.989990234375
1997-12-31 00:00:00,303.80999755859375
1998-01-01 00:00:00,305.9200134277344
1998-01-05 00:00:00,299.7099914550781
1998-01-06 00:00:00,300.3399963378906
1998-01-07 00:00:00,295.82000732421875
1998-01-08 00:00:00,292.9200134277344
1998-01-12 00:00:00,272.6199951171875
1998-01-13 00:00:00,278.7699890136719
1998-01-14 00:00:00,277.1499938964844
1998-01-15 00:00:00,274.2300109863281
1998-01-19 00:00:00,281.1099853515625
1998-01-20 00:00:00,283.9200134277344
1998-01-21 00:00:00,282.8699951171875
1998-01-22 00:00:00,277.1300048828125
1998-01-26 00:00:00,274.2099914550781
1998-01-27 00:00:00,275.1499938964844
1998-01-28 00:00:00,274.2099914550781
1998-01-29 00:00:00,278.17999267578125
1998-02-02 00:00:00,284.5299987792969
1998-02-03 00:00:00,282.80999755859375
1998-02-04 00:00:00,279.3299865722656
1998-02-05 00:00:00,282.2200012207031
1998-02-09 00:00:00,279.4100036621094
1998-02-10 00:00:00,276.55999755859375
1998-02-11 00:00:00,274.80999755859375
1998-02-12 00:00:00,275.010009765625
1998-02-16 00:00:00,274.1400146484375
1998-02-17 00:00:00,277.5899963378906
1998-02-18 00:00:00,281.2799987792969
1998-02-19 00:00:00,282.6000061035156
1998-02-23 00:00:00,290.3999938964844
1998-02-24 00:00:00,291.2300109863281
1998-02-25 00:00:00,291.20001220703125
1998-02-26 00:00:00,292.3500061035156
1998-03-02 00:00:00,300.760009765625
1998-03-03 00:00:00,299.4100036621094
1998-03-04 00:00:00,294.94000244140625
1998-03-05 00:00:00,292.95001220703125
1998-03-09 00:00:00,301.4800109863281
1998-03-10 00:00:00,303.7200012207031
1998-03-11 00:00:00,307.8800048828125
1998-03-16 00:00:00,308.3999938964844
1998-03-17 00:00:00,309.9200134277344
1998-03-18 00:00:00,308.0400085449219
1998-03-19 00:00:00,308.2900085449219
1998-03-23 00:00:00,310.0799865722656
1998-03-24 00:00:00,308.3800048828125
1998-03-25 00:00:00,310.989990234375
1998-03-26 00:00:00,314.29998779296875
1998-03-30 00:00:00,313.2300109863281
1998-03-31 00:00:00,316.6499938964844
1998-04-01 00:00:00,319.1499938964844
1998-04-02 00:00:00,318.19000244140625
1998-04-06 00:00:00,327.5899963378906
1998-04-07 00:00:00,325.5299987792969
1998-04-08 00:00:00,321.6300048828125
1998-04-09 00:00:00,327.0799865722656
1998-04-13 00:00:00,332.05999755859375
1998-04-14 00:00:00,329.5
1998-04-15 00:00:00,328.70001220703125
1998-04-20 00:00:00,334.3299865722656
1998-04-21 00:00:00,333.260009765625
1998-04-22 00:00:00,329.1400146484375
1998-04-23 00:00:00,330.989990234375
1998-04-27 00:00:00,322.0799865722656
1998-04-28 00:00:00,323.8699951171875
1998-05-04 00:00:00,334.69000244140625
1998-05-05 00:00:00,333.2099914550781
1998-05-06 00:00:00,330.94000244140625
1998-05-07 00:00:00,331.6199951171875
1998-05-11 00:00:00,334.54998779296875
1998-05-12 00:00:00,338.3999938964844
1998-05-13 00:00:00,339.75
1998-05-14 00:00:00,339.17999267578125
1998-05-18 00:00:00,337.5899963378906
1998-05-19 00:00:00,334.57000732421875
1998-05-20 00:00:00,337.07000732421875
1998-05-21 00:00:00,343.7200012207031
1998-05-25 00:00:00,351.3699951171875
1998-05-26 00:00:00,353.42999267578125
1998-05-27 00:00:00,343.3399963378906
1998-05-28 00:00:00,341.82000732421875
1998-06-01 00:00:00,339.3500061035156
1998-06-02 00:00:00,343.92999267578125
1998-06-03 00:00:00,348.79998779296875
1998-06-04 00:00:00,346.7300109863281
1998-06-08 00:00:00,354.1000061035156
1998-06-09 00:00:00,353.3999938964844
1998-06-10 00:00:00,349.8699951171875
1998-06-11 00:00:00,345.8999938964844
1998-06-15 00:00:00,331.8599853515625
1998-06-16 00:00:00,333.1400146484375
1998-06-17 00:00:00,335.0
1998-06-18 00:00:00,334.82000732421875
1998-06-22 00:00:00,332.19000244140625
1998-06-23 00:00:00,330.04998779296875
1998-06-24 00:00:00,336.2200012207031
1998-06-25 00:00:00,335.7200012207031
1998-06-29 00:00:00,334.1099853515625
1998-06-30 00:00:00,332.5899963378906
1998-07-01 00:00:00,330.1199951171875
1998-07-02 00:00:00,335.57000732421875
1998-07-06 00:00:00,334.6000061035156
1998-07-07 00:00:00,329.75
1998-07-08 00:00:00,325.489990234375
1998-07-09 00:00:00,326.2900085449219
1998-07-13 00:00:00,325.2799987792969
1998-07-14 00:00:00,325.6099853515625
1998-07-15 00:00:00,324.7799987792969
1998-07-16 00:00:00,323.0799865722656
1998-07-20 00:00:00,325.5400085449219
1998-07-21 00:00:00,331.8399963378906
1998-07-22 00:00:00,331.8800048828125
1998-07-23 00:00:00,334.2099914550781
1998-07-27 00:00:00,336.19000244140625
1998-07-28 00:00:00,337.0400085449219
1998-07-29 00:00:00,334.9700012207031
1998-07-30 00:00:00,332.239990234375
1998-08-03 00:00:00,326.04998779296875
1998-08-04 00:00:00,325.3999938964844
1998-08-05 00:00:00,318.7900085449219
1998-08-06 00:00:00,324.20001220703125
1998-08-10 00:00:00,344.0899963378906
1998-08-11 00:00:00,333.55999755859375
1998-08-12 00:00:00,336.57000732421875
1998-08-13 00:00:00,329.3399963378906
1998-08-14 00:00:00,328.79998779296875
1998-08-17 00:00:00,327.5
1998-08-18 00:00:00,332.54998779296875
1998-08-19 00:00:00,331.489990234375
1998-08-20 00:00:00,330.7099914550781
1998-08-24 00:00:00,318.17999267578125
1998-08-25 00:00:00,319.30999755859375
1998-08-26 00:00:00,310.6000061035156
1998-08-27 00:00:00,300.1099853515625
1998-08-31 00:00:00,300.6600036621094
1998-09-01 00:00:00,295.3800048828125
1998-09-02 00:00:00,292.92999267578125
1998-09-03 00:00:00,287.8500061035156
1998-09-07 00:00:00,298.9100036621094
1998-09-08 00:00:00,303.69000244140625
1998-09-09 00:00:00,300.5899963378906
1998-09-10 00:00:00,293.1600036621094
1998-09-14 00:00:00,302.67999267578125
1998-09-15 00:00:00,298.92999267578125
1998-09-16 00:00:00,300.739990234375
1998-09-17 00:00:00,293.9700012207031
1998-09-23 00:00:00,295.9599914550781
1998-09-24 00:00:00,290.92999267578125
1998-09-28 00:00:00,285.1600036621094
1998-10-01 00:00:00,273.489990234375
1998-10-06 00:00:00,266.8399963378906
1998-10-07 00:00:00,261.4700012207031
1998-10-08 00:00:00,251.27000427246094
1998-10-13 00:00:00,262.9599914550781
1998-10-14 00:00:00,263.17999267578125
1998-10-15 00:00:00,269.7200012207031
1998-10-19 00:00:00,271.57000732421875
1998-10-20 00:00:00,276.5
1998-10-21 00:00:00,274.04998779296875
1998-10-22 00:00:00,277.4200134277344
1998-10-26 00:00:00,281.2799987792969
1998-10-27 00:00:00,286.2699890136719
1998-10-28 00:00:00,286.20001220703125
1998-10-29 00:00:00,286.5899963378906
1998-11-02 00:00:00,286.4700012207031
1998-11-03 00:00:00,287.8599853515625
1998-11-04 00:00:00,288.95001220703125
1998-11-05 00:00:00,288.3599853515625
1998-11-09 00:00:00,278.8599853515625
1998-11-10 00:00:00,275.19000244140625
1998-11-11 00:00:00,279.1099853515625
1998-11-12 00:00:00,276.3599853515625
1998-11-16 00:00:00,282.1700134277344
1998-11-17 00:00:00,289.54998779296875
1998-11-18 00:00:00,291.2699890136719
1998-11-19 00:00:00,296.4599914550781
1998-11-23 00:00:00,299.0400085449219
1998-11-24 00:00:00,301.6700134277344
1998-11-25 00:00:00,302.67999267578125
1998-11-26 00:00:00,308.989990234375
1998-11-30 00:00:00,305.0
1998-12-01 00:00:00,296.6300048828125
1998-12-02 00:00:00,298.2099914550781
1998-12-03 00:00:00,299.239990234375
1998-12-07 00:00:00,306.6600036621094
1998-12-08 00:00:00,308.2300109863281
1998-12-09 00:00:00,308.30999755859375
1998-12-10 00:00:00,306.94000244140625
1998-12-14 00:00:00,300.6000061035156
1998-12-15 00:00:00,296.2200012207031
1998-12-16 00:00:00,297.6600036621094
1998-12-17 00:00:00,297.1700134277344
1998-12-21 00:00:00,309.5299987792969
1998-12-22 00:00:00,312.6000061035156
1998-12-23 00:00:00,312.5
1998-12-24 00:00:00,314.1199951171875
1998-12-28 00:00:00,310.1400146484375
1998-12-29 00:00:00,307.7699890136719
1998-12-30 00:00:00,308.8999938964844
1998-12-31 00:00:00,308.260009765625
1999-01-04 00:00:00,318.4599914550781
1999-01-05 00:00:00,318.3299865722656
1999-01-06 00:00:00,322.8399963378906
1999-01-07 00:00:00,317.1099853515625
1999-01-11 00:00:00,317.9800109863281
1999-01-12 00:00:00,316.04998779296875
1999-01-13 00:00:00,303.5299987792969
1999-01-14 00:00:00,305.8599853515625
1999-01-18 00:00:00,309.69000244140625
1999-01-19 00:00:00,308.4700012207031
1999-01-20 00:00:00,313.0299987792969
1999-01-21 00:00:00,308.9200134277344
1999-01-25 00:00:00,302.3999938964844
1999-01-26 00:00:00,301.0
1999-01-27 00:00:00,302.1099853515625
1999-01-28 00:00:00,301.8999938964844
1999-02-01 00:00:00,305.5400085449219
1999-02-02 00:00:00,302.95001220703125
1999-02-03 00:00:00,299.7900085449219
1999-02-04 00:00:00,302.6600036621094
1999-02-08 00:00:00,299.6199951171875
1999-02-09 00:00:00,299.0899963378906
1999-02-10 00:00:00,296.2799987792969
1999-02-11 00:00:00,297.30999755859375
1999-02-15 00:00:00,302.739990234375
1999-02-16 00:00:00,307.20001220703125
1999-02-17 00:00:00,303.8800048828125
1999-02-18 00:00:00,307.3599853515625
1999-02-22 00:00:00,314.9599914550781
1999-02-23 00:00:00,317.6099853515625
1999-02-24 00:00:00,320.7099914550781
1999-02-25 00:00:00,320.239990234375
1999-03-01 00:00:00,321.8500061035156
1999-03-03 00:00:00,327.8900146484375
1999-03-04 00:00:00,334.0199890136719
1999-03-08 00:00:00,344.1400146484375
1999-03-09 00:00:00,342.3800048828125
1999-03-10 00:00:00,341.239990234375
1999-03-11 00:00:00,347.8599853515625
1999-03-15 00:00:00,352.1700134277344
1999-03-16 00:00:00,352.1700134277344
1999-03-17 00:00:00,352.1700134277344
1999-03-18 00:00:00,350.8299865722656
1999-03-22 00:00:00,353.1600036621094
1999-03-23 00:00:00,353.4200134277344
1999-03-24 00:00:00,349.5199890136719
1999-03-25 00:00:00,358.1099853515625
1999-03-29 00:00:00,363.42999267578125
1999-03-30 00:00:00,365.010009765625
1999-04-05 00:00:00,368.489990234375
1999-04-08 00:00:00,374.6600036621094
1999-04-12 00:00:00,365.2900085449219
1999-04-13 00:00:00,375.4200134277344
1999-04-14 00:00:00,379.5799865722656
1999-04-15 00:00:00,382.5400085449219
1999-04-19 00:00:00,394.04998779296875
1999-04-22 00:00:00,396.489990234375
1999-04-26 00:00:00,395.4700012207031
1999-04-27 00:00:00,387.69000244140625
1999-04-28 00:00:00,380.45001220703125
1999-04-29 00:00:00,384.2799987792969
1999-05-03 00:00:00,402.739990234375
1999-05-04 00:00:00,402.1499938964844
1999-05-05 00:00:00,402.3500061035156
1999-05-06 00:00:00,410.010009765625
1999-05-10 00:00:00,409.19000244140625
1999-05-11 00:00:00,410.2900085449219
1999-05-12 00:00:00,410.54998779296875
1999-05-13 00:00:00,414.1600036621094
1999-05-18 00:00:00,411.6000061035156
1999-05-19 00:00:00,409.7699890136719
1999-05-24 00:00:00,396.9599914550781
1999-05-25 00:00:00,388.3500061035156
1999-05-26 00:00:00,396.239990234375
1999-05-27 00:00:00,404.6600036621094
1999-05-31 00:00:00,400.1199951171875
1999-06-01 00:00:00,398.4800109863281
1999-06-02 00:00:00,389.20001220703125
1999-06-03 00:00:00,385.3800048828125
1999-06-07 00:00:00,393.54998779296875
1999-06-08 00:00:00,398.9700012207031
1999-06-09 00:00:00,409.1000061035156
1999-06-10 00:00:00,409.95001220703125
1999-06-14 00:00:00,414.3999938964844
1999-06-15 00:00:00,410.3800048828125
1999-06-16 00:00:00,415.4599914550781
1999-06-17 00:00:00,424.1300048828125
1999-06-21 00:00:00,429.54998779296875
1999-06-22 00:00:00,428.1000061035156
1999-06-23 00:00:00,418.6499938964844
1999-06-24 00:00:00,416.3900146484375
1999-06-28 00:00:00,422.760009765625
1999-06-29 00:00:00,421.3500061035156
1999-06-30 00:00:00,418.32000732421875
1999-07-01 00:00:00,425.3900146484375
1999-07-05 00:00:00,418.9800109863281
1999-07-06 00:00:00,416.489990234375
1999-07-07 00:00:00,413.8299865722656
1999-07-08 00:00:00,416.3999938964844
1999-07-12 00:00:00,421.7900085449219
1999-07-13 00:00:00,413.760009765625
1999-07-14 00:00:00,411.54998779296875
1999-07-15 00:00:00,418.80999755859375
1999-07-19 00:00:00,425.9599914550781
1999-07-20 00:00:00,422.75
1999-07-21 00:00:00,416.54998779296875
1999-07-26 00:00:00,412.3999938964844
1999-07-27 00:00:00,411.6400146484375
1999-07-28 00:00:00,410.0
1999-07-29 00:00:00,400.760009765625
1999-08-02 00:00:00,388.1000061035156
1999-08-03 00:00:00,391.5400085449219
1999-08-04 00:00:00,383.30999755859375
1999-08-05 00:00:00,375.79998779296875
1999-08-09 00:00:00,383.4700012207031
1999-08-10 00:00:00,372.67999267578125
1999-08-11 00:00:00,375.1700134277344
1999-08-12 00:00:00,383.19000244140625
1999-08-16 00:00:00,388.79998779296875
1999-08-17 00:00:00,384.7200012207031
1999-08-18 00:00:00,382.4800109863281
1999-08-19 00:00:00,373.2900085449219
1999-08-23 00:00:00,382.6499938964844
1999-08-24 00:00:00,382.19000244140625
1999-08-25 00:00:00,375.3599853515625
1999-08-26 00:00:00,376.8800048828125
1999-08-30 00:00:00,381.69000244140625
1999-08-31 00:00:00,377.0299987792969
1999-09-01 00:00:00,381.489990234375
1999-09-02 00:00:00,382.2099914550781
1999-09-06 00:00:00,390.8599853515625
1999-09-07 00:00:00,388.5799865722656
1999-09-08 00:00:00,382.2200012207031
1999-09-09 00:00:00,381.9100036621094
1999-09-13 00:00:00,388.5899963378906
1999-09-14 00:00:00,395.04998779296875
1999-09-15 00:00:00,396.3999938964844
1999-09-16 00:00:00,398.6000061035156
1999-09-21 00:00:00,398.1099853515625
1999-09-22 00:00:00,396.4100036621094
1999-09-23 00:00:00,396.42999267578125
1999-09-27 00:00:00,390.0400085449219
1999-09-28 00:00:00,388.6400146484375
1999-09-29 00:00:00,390.6499938964844
1999-09-30 00:00:00,391.8500061035156
1999-10-04 00:00:00,399.0400085449219
1999-10-05 00:00:00,402.7300109863281
1999-10-06 00:00:00,402.2900085449219
1999-10-07 00:00:00,404.4100036621094
1999-10-11 00:00:00,401.3699951171875
1999-10-12 00:00:00,402.19000244140625
1999-10-13 00:00:00,396.8399963378906
1999-10-14 00:00:00,396.6700134277344
1999-10-18 00:00:00,384.010009765625
1999-10-19 00:00:00,389.17999267578125
1999-10-20 00:00:00,390.79998779296875
1999-10-21 00:00:00,385.6000061035156
1999-10-25 00:00:00,388.69000244140625
1999-10-26 00:00:00,394.1099853515625
1999-10-27 00:00:00,392.760009765625
1999-10-28 00:00:00,397.0
1999-11-01 00:00:00,412.4599914550781
1999-11-02 00:00:00,413.54998779296875
1999-11-03 00:00:00,415.1600036621094
1999-11-04 00:00:00,419.1300048828125
1999-11-08 00:00:00,414.3900146484375
1999-11-09 00:00:00,424.1700134277344
1999-11-10 00:00:00,427.20001220703125
1999-11-11 00:00:00,425.010009765625
1999-11-15 00:00:00,426.7900085449219
1999-11-16 00:00:00,429.32000732421875
1999-11-17 00:00:00,428.989990234375
1999-11-18 00:00:00,425.760009765625
1999-11-22 00:00:00,430.6000061035156
1999-11-23 00:00:00,430.260009765625
1999-11-24 00:00:00,434.0899963378906
1999-11-25 00:00:00,441.0799865722656
1999-11-29 00:00:00,439.7099914550781
1999-11-30 00:00:00,436.2900085449219
1999-12-01 00:00:00,432.8599853515625
1999-12-02 00:00:00,436.3800048828125
1999-12-06 00:00:00,442.3999938964844
1999-12-07 00:00:00,438.42999267578125
1999-12-08 00:00:00,435.8999938964844
1999-12-09 00:00:00,453.3900146484375
1999-12-13 00:00:00,469.3999938964844
1999-12-14 00:00:00,472.5400085449219
1999-12-15 00:00:00,464.1700134277344
1999-12-16 00:00:00,460.4100036621094
1999-12-20 00:00:00,454.1000061035156
1999-12-21 00:00:00,455.6000061035156
1999-12-22 00:00:00,458.239990234375
1999-12-23 00:00:00,463.25
1999-12-27 00:00:00,471.9200134277344
1999-12-28 00:00:00,471.70001220703125
1999-12-29 00:00:00,474.760009765625
1999-12-30 00:00:00,484.6400146484375
2000-01-03 00:00:00,502.6600036621094
2000-01-04 00:00:00,483.260009765625
2000-01-05 00:00:00,473.2099914550781
2000-01-06 00:00:00,467.7900085449219
2000-01-10 00:00:00,494.44000244140625
2000-01-11 00:00:00,490.04998779296875
2000-01-12 00:00:00,492.4200134277344
2000-01-13 00:00:00,498.54998779296875
2000-01-17 00:00:00,514.0499877929688
2000-01-18 00:00:00,506.1499938964844
2000-01-19 00:00:00,509.7699890136719
2000-01-20 00:00:00,519.1599731445312
2000-01-24 00:00:00,515.9299926757812
2000-01-25 00:00:00,503.79998779296875
2000-01-26 00:00:00,504.6600036621094
2000-01-27 00:00:00,496.32000732421875
2000-01-31 00:00:00,481.489990234375
2000-02-01 00:00:00,488.95001220703125
2000-02-02 00:00:00,500.17999267578125
2000-02-03 00:00:00,505.8900146484375
2000-02-07 00:00:00,517.1599731445312
2000-02-08 00:00:00,522.1900024414062
2000-02-09 00:00:00,518.22998046875
2000-02-10 00:00:00,515.1599731445312
2000-02-14 00:00:00,515.8499755859375
2000-02-15 00:00:00,509.1400146484375
2000-02-16 00:00:00,510.9800109863281
2000-02-17 00:00:00,521.1900024414062
2000-02-21 00:00:00,522.75
2000-02-22 00:00:00,523.1300048828125
2000-02-23 00:00:00,531.5399780273438
2000-02-24 00:00:00,541.25
2000-02-28 00:00:00,530.1500244140625
2000-02-29 00:00:00,537.4199829101562
2000-03-01 00:00:00,546.9099731445312
2000-03-02 00:00:00,551.6500244140625
2000-03-06 00:00:00,563.2999877929688
2000-03-07 00:00:00,552.8699951171875
2000-03-08 00:00:00,555.8400268554688
2000-03-09 00:00:00,561.9500122070312
2000-03-13 00:00:00,544.510009765625
2000-03-14 00:00:00,549.530029296875
2000-03-15 00:00:00,545.5900268554688
2000-03-16 00:00:00,552.280029296875
2000-03-20 00:00:00,547.8800048828125
2000-03-22 00:00:00,540.760009765625
2000-03-23 00:00:00,532.4299926757812
2000-03-27 00:00:00,535.9600219726562
2000-03-28 00:00:00,538.8800048828125
2000-03-29 00:00:00,531.8099975585938
2000-03-30 00:00:00,516.7999877929688
2000-04-03 00:00:00,499.55999755859375
2000-04-04 00:00:00,505.80999755859375
2000-04-05 00:00:00,484.010009765625
2000-04-06 00:00:00,498.4800109863281
2000-04-10 00:00:00,514.7100219726562
2000-04-11 00:00:00,503.260009765625
2000-04-12 00:00:00,505.20001220703125
2000-04-13 00:00:00,501.7200012207031
2000-04-17 00:00:00,471.55999755859375
2000-04-18 00:00:00,474.1700134277344
2000-04-24 00:00:00,480.8599853515625
2000-04-27 00:00:00,492.9100036621094
2000-05-01 00:00:00,492.760009765625
2000-05-02 00:00:00,488.6400146484375
2000-05-03 00:00:00,481.75
2000-05-04 00:00:00,483.4700012207031
2000-05-08 00:00:00,508.1700134277344
2000-05-11 00:00:00,510.30999755859375
2000-05-15 00:00:00,515.5900268554688
2000-05-16 00:00:00,526.6099853515625
2000-05-17 00:00:00,521.0
2000-05-18 00:00:00,529.030029296875
2000-05-22 00:00:00,519.5399780273438
2000-05-23 00:00:00,510.57000732421875
2000-05-24 00:00:00,497.45001220703125
2000-05-25 00:00:00,514.1900024414062
2000-05-29 00:00:00,522.5
2000-05-30 00:00:00,535.6300048828125
2000-05-31 00:00:00,534.3099975585938
2000-06-01 00:00:00,546.9099731445312
2000-06-05 00:00:00,540.6199951171875
2000-06-06 00:00:00,542.5900268554688
2000-06-07 00:00:00,537.989990234375
2000-06-12 00:00:00,553.0
2000-06-13 00:00:00,551.3400268554688
2000-06-14 00:00:00,553.260009765625
2000-06-15 00:00:00,550.7999877929688
2000-06-19 00:00:00,539.2999877929688
2000-06-20 00:00:00,542.1799926757812
2000-06-21 00:00:00,542.02001953125
2000-06-22 00:00:00,544.0800170898438
2000-06-26 00:00:00,546.2100219726562
2000-06-27 00:00:00,545.5499877929688
2000-06-28 00:00:00,550.8200073242188
2000-06-29 00:00:00,547.6599731445312
2000-07-03 00:00:00,557.530029296875
2000-07-04 00:00:00,560.8200073242188
2000-07-05 00:00:00,565.5599975585938
2000-07-06 00:00:00,562.6400146484375
2000-07-10 00:00:00,545.9600219726562
2000-07-11 00:00:00,545.0399780273438
2000-07-12 00:00:00,555.219970703125
2000-07-13 00:00:00,558.9600219726562
2000-07-17 00:00:00,554.7899780273438
2000-07-18 00:00:00,552.969970703125
2000-07-19 00:00:00,547.760009765625
2000-07-20 00:00:00,544.5800170898438
2000-07-24 00:00:00,540.0499877929688
2000-07-25 00:00:00,541.5599975585938
2000-07-26 00:00:00,540.9099731445312
2000-07-27 00:00:00,534.3200073242188
2000-07-31 00:00:00,526.780029296875
2000-08-01 00:00:00,525.5800170898438
2000-08-02 00:00:00,522.3200073242188
2000-08-03 00:00:00,517.6900024414062
2000-08-07 00:00:00,534.1500244140625
2000-08-08 00:00:00,534.7000122070312
2000-08-09 00:00:00,540.469970703125
2000-08-14 00:00:00,544.52001953125
2000-08-15 00:00:00,551.77001953125
2000-08-16 00:00:00,556.6500244140625
2000-08-17 00:00:00,552.6400146484375
2000-08-21 00:00:00,553.469970703125
2000-08-22 00:00:00,559.5499877929688
2000-08-23 00:00:00,563.7999877929688
2000-08-24 00:00:00,572.1599731445312
2000-08-28 00:00:00,577.9400024414062
2000-08-29 00:00:00,572.9199829101562
2000-08-30 00:00:00,572.6099853515625
2000-08-31 00:00:00,574.1099853515625
2000-09-04 00:00:00,575.3900146484375
2000-09-05 00:00:00,574.8499755859375
2000-09-06 00:00:00,570.0999755859375
2000-09-07 00:00:00,571.780029296875
2000-09-11 00:00:00,563.9500122070312
2000-09-12 00:00:00,560.3200073242188
2000-09-13 00:00:00,555.8400268554688
2000-09-14 00:00:00,566.719970703125
2000-09-18 00:00:00,558.9199829101562
2000-09-19 00:00:00,557.6500244140625
2000-09-20 00:00:00,557.4400024414062
2000-09-21 00:00:00,550.1199951171875
2000-09-25 00:00:00,558.8300170898438
2000-09-26 00:00:00,554.510009765625
2000-09-27 00:00:00,566.6500244140625
2000-09-28 00:00:00,559.8099975585938
2000-10-02 00:00:00,554.3200073242188
2000-10-03 00:00:00,557.0999755859375
2000-10-04 00:00:00,550.2999877929688
2000-10-05 00:00:00,551.0
2000-10-10 00:00:00,522.3099975585938
2000-10-11 00:00:00,514.510009765625
2000-10-12 00:00:00,473.4800109863281
2000-10-16 00:00:00,493.989990234375
2000-10-17 00:00:00,498.3800048828125
2000-10-18 00:00:00,492.70001220703125
2000-10-19 00:00:00,497.4100036621094
2000-10-23 00:00:00,477.5
2000-10-24 00:00:00,465.7799987792969
2000-10-25 00:00:00,466.54998779296875
2000-10-26 00:00:00,460.6600036621094
2000-10-30 00:00:00,462.45001220703125
2000-10-31 00:00:00,464.57000732421875
2000-11-01 00:00:00,472.2699890136719
2000-11-02 00:00:00,490.30999755859375
2000-11-06 00:00:00,503.3800048828125
2000-11-07 00:00:00,499.42999267578125
2000-11-08 00:00:00,498.17999267578125
2000-11-09 00:00:00,491.54998779296875
2000-11-13 00:00:00,477.95001220703125
2000-11-14 00:00:00,487.1700134277344
2000-11-15 00:00:00,493.05999755859375
2000-11-16 00:00:00,492.55999755859375
2000-11-20 00:00:00,503.4200134277344
2000-11-21 00:00:00,490.8299865722656
2000-11-22 00:00:00,476.0400085449219
2000-11-23 00:00:00,476.1000061035156
2000-11-27 00:00:00,496.75
2000-11-28 00:00:00,487.6600036621094
2000-11-29 00:00:00,492.20001220703125
2000-11-30 00:00:00,485.4100036621094
2000-12-04 00:00:00,486.92999267578125
2000-12-05 00:00:00,497.6300048828125
2000-12-06 00:00:00,503.0899963378906
2000-12-07 00:00:00,498.5299987792969
2000-12-11 00:00:00,507.6199951171875
2000-12-12 00:00:00,509.8999938964844
2000-12-13 00:00:00,515.2000122070312
2000-12-14 00:00:00,511.0299987792969
2000-12-18 00:00:00,525.0999755859375
2000-12-19 00:00:00,521.1099853515625
2000-12-20 00:00:00,508.2099914550781
2000-12-21 00:00:00,509.1099853515625
2000-12-25 00:00:00,518.4099731445312
2000-12-26 00:00:00,515.8200073242188
2000-12-27 00:00:00,508.0
2000-12-28 00:00:00,512.530029296875
2001-01-01 00:00:00,501.510009765625
2001-01-02 00:00:00,484.1199951171875
2001-01-03 00:00:00,479.2099914550781
2001-01-04 00:00:00,486.82000732421875
2001-01-08 00:00:00,468.30999755859375
2001-01-09 00:00:00,472.30999755859375
2001-01-10 00:00:00,471.70001220703125
2001-01-11 00:00:00,477.20001220703125
2001-01-15 00:00:00,482.55999755859375
2001-01-16 00:00:00,484.8500061035156
2001-01-17 00:00:00,491.7699890136719
2001-01-18 00:00:00,489.0899963378906
2001-01-22 00:00:00,468.1300048828125
2001-01-23 00:00:00,459.8500061035156
2001-01-24 00:00:00,463.07000732421875
2001-01-25 00:00:00,468.8900146484375
2001-01-29 00:00:00,454.760009765625
2001-01-30 00:00:00,448.8999938964844
2001-01-31 00:00:00,454.9599914550781
2001-02-01 00:00:00,456.57000732421875
2001-02-05 00:00:00,462.3500061035156
2001-02-07 00:00:00,455.7799987792969
2001-02-08 00:00:00,464.79998779296875
2001-02-12 00:00:00,476.54998779296875
2001-02-13 00:00:00,475.9100036621094
2001-02-14 00:00:00,469.239990234375
2001-02-15 00:00:00,468.3900146484375
2001-02-19 00:00:00,457.32000732421875
2001-02-20 00:00:00,459.6700134277344
2001-02-21 00:00:00,457.42999267578125
2001-02-22 00:00:00,457.4100036621094
2001-02-26 00:00:00,466.0899963378906
2001-02-27 00:00:00,465.0799865722656
2001-02-28 00:00:00,463.8999938964844
2001-03-01 00:00:00,456.0199890136719
2001-03-05 00:00:00,451.69000244140625
2001-03-06 00:00:00,455.75
2001-03-07 00:00:00,453.25
2001-03-08 00:00:00,447.0799865722656
2001-03-12 00:00:00,429.6600036621094
2001-03-13 00:00:00,423.8599853515625
2001-03-14 00:00:00,407.1000061035156
2001-03-15 00:00:00,411.57000732421875
2001-03-19 00:00:00,413.010009765625
2001-03-20 00:00:00,410.8800048828125
2001-03-21 00:00:00,401.6600036621094
2001-03-22 00:00:00,392.42999267578125
2001-03-26 00:00:00,406.92999267578125
2001-03-27 00:00:00,398.0799865722656
2001-03-28 00:00:00,406.17999267578125
2001-03-29 00:00:00,391.4599914550781
2001-04-02 00:00:00,385.05999755859375
2001-04-03 00:00:00,376.07000732421875
2001-04-04 00:00:00,377.2900085449219
2001-04-05 00:00:00,391.1099853515625
2001-04-09 00:00:00,386.8999938964844
2001-04-10 00:00:00,400.95001220703125
2001-04-11 00:00:00,404.1700134277344
2001-04-12 00:00:00,402.489990234375
2001-04-16 00:00:00,402.2099914550781
2001-04-17 00:00:00,389.2200012207031
2001-04-18 00:00:00,403.6000061035156
2001-04-19 00:00:00,406.5799865722656
2001-04-23 00:00:00,415.05999755859375
2001-04-24 00:00:00,416.1400146484375
2001-04-30 00:00:00,432.29998779296875
2001-05-01 00:00:00,428.54998779296875
2001-05-02 00:00:00,435.1499938964844
2001-05-03 00:00:00,430.9700012207031
2001-05-07 00:00:00,432.6499938964844
2001-05-08 00:00:00,431.2300109863281
2001-05-09 00:00:00,421.7200012207031
2001-05-10 00:00:00,427.8800048828125
2001-05-14 00:00:00,419.510009765625
2001-05-15 00:00:00,423.07000732421875
2001-05-16 00:00:00,418.55999755859375
2001-05-17 00:00:00,428.95001220703125
2001-05-21 00:00:00,429.3299865722656
2001-05-22 00:00:00,435.67999267578125
2001-05-23 00:00:00,439.2200012207031
2001-05-24 00:00:00,438.8999938964844
2001-05-29 00:00:00,436.79998779296875
2001-05-30 00:00:00,427.2200012207031
2001-05-31 00:00:00,422.8800048828125
2001-06-04 00:00:00,416.94000244140625
2001-06-05 00:00:00,421.6199951171875
2001-06-06 00:00:00,426.30999755859375
2001-06-07 00:00:00,424.45001220703125
2001-06-11 00:00:00,419.5899963378906
2001-06-12 00:00:00,407.6199951171875
2001-06-13 00:00:00,418.9800109863281
2001-06-14 00:00:00,416.6199951171875
2001-06-18 00:00:00,414.45001220703125
2001-06-19 00:00:00,416.8900146484375
2001-06-20 00:00:00,410.0
2001-06-21 00:00:00,407.3699951171875
2001-06-25 00:00:00,410.95001220703125
2001-06-26 00:00:00,409.5899963378906
2001-06-27 00:00:00,417.239990234375
2001-06-28 00:00:00,423.6099853515625
2001-07-02 00:00:00,432.54998779296875
2001-07-03 00:00:00,429.04998779296875
2001-07-04 00:00:00,430.82000732421875
2001-07-05 00:00:00,428.80999755859375
2001-07-09 00:00:00,424.30999755859375
2001-07-10 00:00:00,431.45001220703125
2001-07-11 00:00:00,427.0199890136719
2001-07-12 00:00:00,435.5799865722656
2001-07-16 00:00:00,441.1499938964844
2001-07-17 00:00:00,438.92999267578125
2001-07-18 00:00:00,435.2900085449219
2001-07-19 00:00:00,441.9200134277344
2001-07-23 00:00:00,446.239990234375
2001-07-24 00:00:00,444.45001220703125
2001-07-25 00:00:00,446.739990234375
2001-07-26 00:00:00,454.7900085449219
2001-07-30 00:00:00,454.6700134277344
2001-07-31 00:00:00,449.7200012207031
2001-08-01 00:00:00,450.94000244140625
2001-08-02 00:00:00,453.0
2001-08-06 00:00:00,451.1499938964844
2001-08-07 00:00:00,448.57000732421875
2001-08-08 00:00:00,452.510009765625
2001-08-09 00:00:00,445.9700012207031
2001-08-13 00:00:00,450.6000061035156
2001-08-14 00:00:00,448.55999755859375
2001-08-15 00:00:00,443.1300048828125
2001-08-16 00:00:00,436.6700134277344
2001-08-20 00:00:00,433.3599853515625
2001-08-21 00:00:00,437.8399963378906
2001-08-22 00:00:00,439.3599853515625
2001-08-23 00:00:00,438.1600036621094
2001-08-27 00:00:00,436.9200134277344
2001-08-28 00:00:00,433.2300109863281
2001-08-29 00:00:00,429.69000244140625
2001-08-30 00:00:00,423.5299987792969
2001-09-03 00:00:00,415.8800048828125
2001-09-04 00:00:00,412.17999267578125
2001-09-05 00:00:00,414.5199890136719
2001-09-06 00:00:00,415.0299987792969
2001-09-10 00:00:00,407.6099853515625
2001-09-11 00:00:00,398.07000732421875
2001-09-12 00:00:00,387.760009765625
2001-09-13 00:00:00,392.07000732421875
2001-09-20 00:00:00,373.4700012207031
2001-09-24 00:00:00,375.5299987792969
2001-09-25 00:00:00,370.8599853515625
2001-10-03 00:00:00,365.0
2001-10-04 00:00:00,367.75
2001-10-10 00:00:00,383.8800048828125
2001-10-11 00:00:00,390.8699951171875
2001-10-15 00:00:00,383.3599853515625
2001-10-16 00:00:00,393.8500061035156
2001-10-17 00:00:00,390.17999267578125
2001-10-18 00:00:00,387.8599853515625
2001-10-22 00:00:00,395.25
2001-10-23 00:00:00,396.5899963378906
2001-10-24 00:00:00,395.25
2001-10-25 00:00:00,386.8399963378906
2001-10-29 00:00:00,389.6700134277344
2001-10-30 00:00:00,382.1300048828125
2001-10-31 00:00:00,381.5
2001-11-01 00:00:00,380.6199951171875
2001-11-05 00:00:00,394.5199890136719
2001-11-06 00:00:00,391.6199951171875
2001-11-07 00:00:00,394.42999267578125
2001-11-08 00:00:00,398.5299987792969
2001-11-12 00:00:00,393.260009765625
2001-11-13 00:00:00,405.45001220703125
2001-11-14 00:00:00,407.32000732421875
2001-11-15 00:00:00,403.1400146484375
2001-11-19 00:00:00,407.7200012207031
2001-11-20 00:00:00,406.9700012207031
2001-11-21 00:00:00,405.4599914550781
2001-11-22 00:00:00,410.0299987792969
2001-11-26 00:00:00,414.25
2001-11-27 00:00:00,411.9800109863281
2001-11-28 00:00:00,413.8500061035156
2001-11-29 00:00:00,413.80999755859375
2001-12-03 00:00:00,401.5199890136719
2001-12-04 00:00:00,401.8500061035156
2001-12-05 00:00:00,404.1499938964844
2001-12-06 00:00:00,410.739990234375
2001-12-10 00:00:00,415.6499938964844
2001-12-11 00:00:00,420.2099914550781
2001-12-12 00:00:00,420.04998779296875
2001-12-13 00:00:00,411.7099914550781
2001-12-17 00:00:00,413.6000061035156
2001-12-18 00:00:00,411.4100036621094
2001-12-19 00:00:00,409.69000244140625
2001-12-20 00:00:00,412.4700012207031
2001-12-24 00:00:00,438.2300109863281
2001-12-25 00:00:00,445.3900146484375
2001-12-26 00:00:00,448.29998779296875
2001-12-27 00:00:00,456.4599914550781
2001-12-31 00:00:00,459.260009765625
2002-01-01 00:00:00,465.29998779296875
2002-01-02 00:00:00,477.6700134277344
2002-01-03 00:00:00,480.07000732421875
2002-01-07 00:00:00,483.69000244140625
2002-01-08 00:00:00,474.9800109863281
2002-01-09 00:00:00,471.92999267578125
2002-01-10 00:00:00,465.0799865722656
2002-01-14 00:00:00,470.69000244140625
2002-01-15 00:00:00,466.0400085449219
2002-01-16 00:00:00,459.0799865722656
2002-01-17 00:00:00,463.2300109863281
2002-01-21 00:00:00,457.9100036621094
2002-01-22 00:00:00,460.989990234375
2002-01-23 00:00:00,451.1600036621094
2002-01-24 00:00:00,455.5899963378906
2002-01-28 00:00:00,445.3800048828125
2002-01-29 00:00:00,448.05999755859375
2002-01-30 00:00:00,445.989990234375
2002-01-31 00:00:00,453.3399963378906
2002-02-04 00:00:00,460.17999267578125
2002-02-05 00:00:00,454.69000244140625
2002-02-06 00:00:00,455.6400146484375
2002-02-07 00:00:00,447.82000732421875
2002-02-11 00:00:00,432.9599914550781
2002-02-12 00:00:00,433.739990234375
2002-02-13 00:00:00,438.95001220703125
2002-02-14 00:00:00,436.95001220703125
2002-02-18 00:00:00,425.3599853515625
2002-02-19 00:00:00,416.4100036621094
2002-02-20 00:00:00,415.7699890136719
2002-02-21 00:00:00,415.9700012207031
2002-02-25 00:00:00,419.8299865722656
2002-02-27 00:00:00,431.2699890136719
2002-02-28 00:00:00,426.4599914550781
2002-03-04 00:00:00,425.82000732421875
2002-03-05 00:00:00,417.95001220703125
2002-03-06 00:00:00,409.6700134277344
2002-03-07 00:00:00,411.9800109863281
2002-03-11 00:00:00,419.0
2002-03-12 00:00:00,411.79998779296875
2002-03-13 00:00:00,410.82000732421875
2002-03-14 00:00:00,417.6199951171875
2002-03-18 00:00:00,434.260009765625
2002-03-19 00:00:00,432.8800048828125
2002-03-20 00:00:00,431.17999267578125
2002-03-21 00:00:00,426.70001220703125
2002-03-25 00:00:00,424.8999938964844
2002-03-26 00:00:00,419.19000244140625
2002-04-01 00:00:00,390.2300109863281
2002-04-04 00:00:00,386.8299865722656
2002-04-08 00:00:00,387.6600036621094
2002-04-09 00:00:00,384.5899963378906
2002-04-10 00:00:00,391.239990234375
2002-04-11 00:00:00,392.7099914550781
2002-04-15 00:00:00,389.1600036621094
2002-04-18 00:00:00,394.94000244140625
2002-04-22 00:00:00,401.57000732421875
2002-04-23 00:00:00,397.67999267578125
2002-04-24 00:00:00,386.44000244140625
2002-04-25 00:00:00,383.95001220703125
2002-04-29 00:00:00,382.0799865722656
2002-04-30 00:00:00,375.8999938964844
2002-05-01 00:00:00,380.44000244140625
2002-05-02 00:00:00,390.2200012207031
2002-05-06 00:00:00,390.8299865722656
2002-05-07 00:00:00,393.3999938964844
2002-05-08 00:00:00,390.8599853515625
2002-05-09 00:00:00,382.6199951171875
2002-05-13 00:00:00,385.8299865722656
2002-05-14 00:00:00,395.44000244140625
2002-05-15 00:00:00,393.6400146484375
2002-05-20 00:00:00,387.1099853515625
2002-05-21 00:00:00,390.739990234375
2002-05-22 00:00:00,390.4700012207031
2002-05-23 00:00:00,388.8299865722656
2002-05-27 00:00:00,387.80999755859375
2002-05-28 00:00:00,386.8999938964844
2002-05-29 00:00:00,381.6099853515625
2002-05-30 00:00:00,381.4800109863281
2002-06-03 00:00:00,390.79998779296875
2002-06-04 00:00:00,390.0400085449219
2002-06-05 00:00:00,388.5199890136719
2002-06-06 00:00:00,388.20001220703125
2002-06-10 00:00:00,379.760009765625
2002-06-11 00:00:00,373.45001220703125
2002-06-12 00:00:00,372.30999755859375
2002-06-13 00:00:00,372.3699951171875
2002-06-17 00:00:00,368.6199951171875
2002-06-18 00:00:00,367.7099914550781
2002-06-19 00:00:00,362.95001220703125
2002-06-20 00:00:00,355.4700012207031
2002-06-24 00:00:00,349.25
2002-06-25 00:00:00,362.9800109863281
2002-06-26 00:00:00,354.1099853515625
2002-06-27 00:00:00,365.5199890136719
2002-07-01 00:00:00,366.0799865722656
2002-07-02 00:00:00,358.6199951171875
2002-07-03 00:00:00,356.0799865722656
2002-07-04 00:00:00,358.82000732421875
2002-07-08 00:00:00,363.0199890136719
2002-07-09 00:00:00,368.1099853515625
2002-07-10 00:00:00,374.7200012207031
2002-07-11 00:00:00,368.0299987792969
2002-07-15 00:00:00,377.2900085449219
2002-07-16 00:00:00,375.0400085449219
2002-07-17 00:00:00,385.8399963378906
2002-07-22 00:00:00,384.69000244140625
2002-07-23 00:00:00,377.9200134277344
2002-07-24 00:00:00,363.94000244140625
2002-07-25 00:00:00,365.6600036621094
2002-07-29 00:00:00,377.32000732421875
2002-07-30 00:00:00,376.05999755859375
2002-07-31 00:00:00,374.8299865722656
2002-08-01 00:00:00,371.75
2002-08-05 00:00:00,361.5799865722656
2002-08-06 00:00:00,364.4200134277344
2002-08-07 00:00:00,367.8399963378906
2002-08-08 00:00:00,363.9800109863281
2002-08-12 00:00:00,361.92999267578125
2002-08-13 00:00:00,361.3800048828125
2002-08-14 00:00:00,360.19000244140625
2002-08-15 00:00:00,362.6300048828125
2002-08-19 00:00:00,375.2699890136719
2002-08-20 00:00:00,374.9100036621094
2002-08-21 00:00:00,378.7900085449219
2002-08-22 00:00:00,376.6700134277344
2002-08-26 00:00:00,380.5899963378906
2002-08-27 00:00:00,382.04998779296875
2002-08-28 00:00:00,379.4200134277344
2002-08-29 00:00:00,373.9700012207031
2002-09-02 00:00:00,369.3599853515625
2002-09-03 00:00:00,367.7200012207031
2002-09-04 00:00:00,367.80999755859375
2002-09-05 00:00:00,365.510009765625
2002-09-09 00:00:00,367.4100036621094
2002-09-10 00:00:00,372.1700134277344
2002-09-11 00:00:00,372.1700134277344
2002-09-12 00:00:00,371.4700012207031
2002-09-17 00:00:00,375.8800048828125
2002-09-18 00:00:00,365.1499938964844
2002-09-19 00:00:00,361.17999267578125
2002-09-23 00:00:00,355.30999755859375
2002-09-24 00:00:00,349.6099853515625
2002-09-25 00:00:00,349.3999938964844
2002-09-26 00:00:00,351.3299865722656
2002-09-30 00:00:00,344.4599914550781
2002-10-01 00:00:00,347.4700012207031
2002-10-02 00:00:00,343.989990234375
2002-10-03 00:00:00,339.8399963378906
2002-10-07 00:00:00,334.8800048828125
2002-10-08 00:00:00,337.3399963378906
2002-10-09 00:00:00,334.9599914550781
2002-10-10 00:00:00,335.9700012207031
2002-10-14 00:00:00,335.739990234375
2002-10-15 00:00:00,339.82000732421875
2002-10-16 00:00:00,335.19000244140625
2002-10-17 00:00:00,341.57000732421875
2002-10-21 00:00:00,340.2799987792969
2002-10-22 00:00:00,337.57000732421875
2002-10-23 00:00:00,337.20001220703125
2002-10-24 00:00:00,340.010009765625
2002-10-28 00:00:00,332.2200012207031
2002-10-29 00:00:00,327.3500061035156
2002-10-30 00:00:00,333.5299987792969
2002-10-31 00:00:00,325.3999938964844
2002-11-04 00:00:00,325.07000732421875
2002-11-05 00:00:00,330.94000244140625
2002-11-06 00:00:00,343.2200012207031
2002-11-07 00:00:00,339.92999267578125
2002-11-11 00:00:00,341.3800048828125
2002-11-12 00:00:00,337.8599853515625
2002-11-13 00:00:00,336.4599914550781
2002-11-14 00:00:00,340.9599914550781
2002-11-18 00:00:00,345.2900085449219
2002-11-19 00:00:00,342.1400146484375
2002-11-20 00:00:00,343.0
2002-11-21 00:00:00,345.5899963378906
2002-11-25 00:00:00,351.8500061035156
2002-11-26 00:00:00,357.3399963378906
2002-11-27 00:00:00,364.1099853515625
2002-11-28 00:00:00,365.17999267578125
2002-12-02 00:00:00,378.0400085449219
2002-12-03 00:00:00,373.3900146484375
2002-12-04 00:00:00,366.9700012207031
2002-12-05 00:00:00,368.510009765625
2002-12-09 00:00:00,363.8699951171875
2002-12-10 00:00:00,374.010009765625
2002-12-11 00:00:00,375.8500061035156
2002-12-12 00:00:00,377.55999755859375
2002-12-16 00:00:00,375.760009765625
2002-12-17 00:00:00,370.7300109863281
2002-12-18 00:00:00,367.0799865722656
2002-12-19 00:00:00,357.69000244140625
2002-12-23 00:00:00,343.8599853515625
2002-12-24 00:00:00,342.6600036621094
2002-12-25 00:00:00,339.5
2002-12-26 00:00:00,346.3900146484375
2002-12-30 00:00:00,335.69000244140625
2002-12-31 00:00:00,333.9100036621094
2003-01-01 00:00:00,329.0199890136719
2003-01-02 00:00:00,328.6300048828125
2003-01-06 00:00:00,330.42999267578125
2003-01-07 00:00:00,331.75
2003-01-08 00:00:00,327.75
2003-01-09 00:00:00,326.8699951171875
2003-01-13 00:00:00,318.9599914550781
2003-01-14 00:00:00,316.2699890136719
2003-01-15 00:00:00,321.3900146484375
2003-01-16 00:00:00,324.3900146484375
2003-01-20 00:00:00,311.6199951171875
2003-01-21 00:00:00,310.989990234375
2003-01-22 00:00:00,307.9100036621094
2003-01-23 00:00:00,312.25
2003-01-27 00:00:00,313.3900146484375
2003-01-29 00:00:00,315.489990234375
2003-01-30 00:00:00,311.70001220703125
2003-02-03 00:00:00,305.30999755859375
2003-02-04 00:00:00,299.7900085449219
2003-02-05 00:00:00,300.44000244140625
2003-02-06 00:00:00,298.80999755859375
2003-02-10 00:00:00,297.6199951171875
2003-02-11 00:00:00,300.0199890136719
2003-02-12 00:00:00,298.8599853515625
2003-02-13 00:00:00,294.32000732421875
2003-02-17 00:00:00,309.3500061035156
2003-02-18 00:00:00,317.04998779296875
2003-02-19 00:00:00,310.239990234375
2003-02-20 00:00:00,307.32000732421875
2003-02-24 00:00:00,310.6400146484375
2003-02-25 00:00:00,305.8599853515625
2003-02-26 00:00:00,305.6499938964844
2003-02-27 00:00:00,319.0199890136719
2003-03-03 00:00:00,324.5899963378906
2003-03-04 00:00:00,323.7300109863281
2003-03-05 00:00:00,319.8399963378906
2003-03-06 00:00:00,325.5199890136719
2003-03-10 00:00:00,320.79998779296875
2003-03-11 00:00:00,321.2900085449219
2003-03-12 00:00:00,319.3399963378906
2003-03-13 00:00:00,325.0400085449219
2003-03-17 00:00:00,332.989990234375
2003-03-19 00:00:00,346.32000732421875
2003-03-20 00:00:00,340.989990234375
2003-03-24 00:00:00,334.9599914550781
2003-03-25 00:00:00,338.1400146484375
2003-03-26 00:00:00,347.6199951171875
2003-03-27 00:00:00,341.7699890136719
2003-03-31 00:00:00,333.8999938964844
2003-04-01 00:00:00,342.4200134277344
2003-04-02 00:00:00,353.4800109863281
2003-04-03 00:00:00,357.25
2003-04-07 00:00:00,364.4599914550781
2003-04-08 00:00:00,363.45001220703125
2003-04-09 00:00:00,365.6600036621094
2003-04-10 00:00:00,365.67999267578125
2003-04-14 00:00:00,371.42999267578125
2003-04-15 00:00:00,377.1000061035156
2003-04-21 00:00:00,375.1000061035156
2003-04-24 00:00:00,382.3599853515625
2003-04-28 00:00:00,374.2900085449219
2003-04-29 00:00:00,383.760009765625
2003-05-05 00:00:00,401.45001220703125
2003-05-08 00:00:00,400.489990234375
2003-05-12 00:00:00,415.7699890136719
2003-05-13 00:00:00,407.5299987792969
2003-05-14 00:00:00,409.42999267578125
2003-05-19 00:00:00,391.1199951171875
2003-05-20 00:00:00,385.2699890136719
2003-05-21 00:00:00,377.6099853515625
2003-05-22 00:00:00,380.3999938964844
2003-05-26 00:00:00,408.70001220703125
2003-05-27 00:00:00,413.79998779296875
2003-05-28 00:00:00,426.2900085449219
2003-05-29 00:00:00,429.3399963378906
2003-06-02 00:00:00,429.760009765625
2003-06-03 00:00:00,430.20001220703125
2003-06-04 00:00:00,417.3599853515625
2003-06-09 00:00:00,405.7900085449219
2003-06-10 00:00:00,400.19000244140625
2003-06-11 00:00:00,412.29998779296875
2003-06-12 00:00:00,409.8399963378906
2003-06-16 00:00:00,431.260009765625
2003-06-17 00:00:00,436.260009765625
2003-06-18 00:00:00,434.67999267578125
2003-06-19 00:00:00,446.9599914550781
2003-06-23 00:00:00,438.260009765625
2003-06-24 00:00:00,431.2900085449219
2003-06-25 00:00:00,430.29998779296875
2003-06-26 00:00:00,434.67999267578125
2003-06-30 00:00:00,442.6700134277344
2003-07-01 00:00:00,442.8399963378906
2003-07-02 00:00:00,447.5199890136719
2003-07-03 00:00:00,440.1700134277344
2003-07-07 00:00:00,435.95001220703125
2003-07-08 00:00:00,422.79998779296875
2003-07-09 00:00:00,431.3599853515625
2003-07-10 00:00:00,427.25
2003-07-14 00:00:00,424.9100036621094
2003-07-15 00:00:00,421.5299987792969
2003-07-16 00:00:00,413.739990234375
2003-07-17 00:00:00,414.42999267578125
2003-07-21 00:00:00,412.9200134277344
2003-07-22 00:00:00,413.3699951171875
2003-07-23 00:00:00,419.5
2003-07-24 00:00:00,415.32000732421875
2003-07-28 00:00:00,422.29998779296875
2003-07-29 00:00:00,418.6000061035156
2003-07-30 00:00:00,411.739990234375
2003-07-31 00:00:00,407.260009765625
2003-08-04 00:00:00,397.20001220703125
2003-08-05 00:00:00,399.6700134277344
2003-08-06 00:00:00,397.239990234375
2003-08-11 00:00:00,387.1499938964844
2003-08-12 00:00:00,389.9599914550781
2003-08-13 00:00:00,395.489990234375
2003-08-14 00:00:00,392.5400085449219
2003-08-18 00:00:00,402.55999755859375
2003-08-19 00:00:00,401.2099914550781
2003-08-20 00:00:00,392.2799987792969
2003-08-21 00:00:00,387.9599914550781
2003-08-25 00:00:00,386.7900085449219
2003-08-26 00:00:00,391.489990234375
2003-08-27 00:00:00,393.82000732421875
2003-08-28 00:00:00,399.2699890136719
2003-09-01 00:00:00,397.0899963378906
2003-09-02 00:00:00,401.82000732421875
2003-09-03 00:00:00,411.6700134277344
2003-09-04 00:00:00,411.6499938964844
2003-09-08 00:00:00,402.7200012207031
2003-09-09 00:00:00,402.6199951171875
2003-09-10 00:00:00,395.7699890136719
2003-09-11 00:00:00,392.1600036621094
2003-09-15 00:00:00,396.0400085449219
2003-09-16 00:00:00,400.6300048828125
2003-09-17 00:00:00,398.7799987792969
2003-09-18 00:00:00,401.3999938964844
2003-09-22 00:00:00,411.42999267578125
2003-09-23 00:00:00,412.3599853515625
2003-09-24 00:00:00,417.6600036621094
2003-09-25 00:00:00,416.42999267578125
2003-09-29 00:00:00,417.2900085449219
2003-09-30 00:00:00,414.0
2003-10-01 00:00:00,415.8299865722656
2003-10-02 00:00:00,422.29998779296875
2003-10-07 00:00:00,422.0400085449219
2003-10-08 00:00:00,416.44000244140625
2003-10-09 00:00:00,417.4100036621094
2003-10-13 00:00:00,427.19000244140625
2003-10-14 00:00:00,425.3999938964844
2003-10-15 00:00:00,430.8999938964844
2003-10-16 00:00:00,430.57000732421875
2003-10-20 00:00:00,431.4700012207031
2003-10-21 00:00:00,438.3399963378906
2003-10-22 00:00:00,436.57000732421875
2003-10-23 00:00:00,434.3900146484375
2003-10-27 00:00:00,439.07000732421875
2003-10-28 00:00:00,448.8699951171875
2003-10-29 00:00:00,458.5
2003-10-30 00:00:00,450.94000244140625
2003-11-03 00:00:00,463.44000244140625
2003-11-04 00:00:00,461.9800109863281
2003-11-05 00:00:00,467.6000061035156
2003-11-06 00:00:00,466.4100036621094
2003-11-10 00:00:00,462.9800109863281
2003-11-11 00:00:00,455.9599914550781
2003-11-12 00:00:00,468.9599914550781
2003-11-13 00:00:00,466.6400146484375
2003-11-17 00:00:00,465.3699951171875
2003-11-18 00:00:00,474.6600036621094
2003-11-19 00:00:00,472.760009765625
2003-11-20 00:00:00,469.3599853515625
2003-11-24 00:00:00,475.1600036621094
2003-11-25 00:00:00,478.3299865722656
2003-11-26 00:00:00,473.6099853515625
2003-11-27 00:00:00,477.5199890136719
2003-12-01 00:00:00,480.45001220703125
2003-12-02 00:00:00,476.55999755859375
2003-12-03 00:00:00,476.8800048828125
2003-12-04 00:00:00,471.4700012207031
2003-12-08 00:00:00,461.6300048828125
2003-12-09 00:00:00,473.5899963378906
2003-12-10 00:00:00,469.20001220703125
2003-12-11 00:00:00,478.54998779296875
2003-12-15 00:00:00,493.5
2003-12-16 00:00:00,493.8399963378906
2003-12-17 00:00:00,487.9800109863281
2003-12-18 00:00:00,489.8500061035156
2003-12-22 00:00:00,487.8599853515625
2003-12-23 00:00:00,482.75
2003-12-24 00:00:00,486.1600036621094
2003-12-25 00:00:00,490.32000732421875
2003-12-29 00:00:00,501.2099914550781
2003-12-30 00:00:00,501.1700134277344
2003-12-31 00:00:00,504.1499938964844
2004-01-01 00:00:00,501.1700134277344
2004-01-05 00:00:00,515.5
2004-01-06 00:00:00,514.3200073242188
2004-01-07 00:00:00,509.7099914550781
2004-01-08 00:00:00,513.719970703125
2004-01-12 00:00:00,509.8699951171875
2004-01-13 00:00:00,513.469970703125
2004-01-14 00:00:00,516.7899780273438
2004-01-15 00:00:00,520.1699829101562
2004-01-19 00:00:00,531.3099975585938
2004-01-20 00:00:00,530.489990234375
2004-01-21 00:00:00,520.8900146484375
2004-01-22 00:00:00,519.4000244140625
2004-01-26 00:00:00,517.1599731445312
2004-01-27 00:00:00,521.0399780273438
2004-01-28 00:00:00,515.7999877929688
2004-01-29 00:00:00,508.3399963378906
2004-02-02 00:00:00,507.8500061035156
2004-02-03 00:00:00,505.82000732421875
2004-02-04 00:00:00,503.1700134277344
2004-02-05 00:00:00,510.760009765625
2004-02-09 00:00:00,523.3499755859375
2004-02-10 00:00:00,521.27001953125
2004-02-11 00:00:00,524.52001953125
2004-02-12 00:00:00,524.4099731445312
2004-02-16 00:00:00,530.5800170898438
2004-02-17 00:00:00,534.3400268554688
2004-02-18 00:00:00,529.6500244140625
2004-02-19 00:00:00,533.530029296875
2004-02-23 00:00:00,534.4500122070312
2004-02-24 00:00:00,530.02001953125
2004-02-25 00:00:00,529.3499755859375
2004-02-26 00:00:00,517.8400268554688
2004-03-01 00:00:00,526.719970703125
2004-03-02 00:00:00,526.4000244140625
2004-03-03 00:00:00,524.2899780273438
2004-03-04 00:00:00,529.5399780273438
2004-03-08 00:00:00,532.9299926757812
2004-03-09 00:00:00,530.9199829101562
2004-03-10 00:00:00,531.6500244140625
2004-03-11 00:00:00,525.719970703125
2004-03-15 00:00:00,533.719970703125
2004-03-16 00:00:00,538.780029296875
2004-03-17 00:00:00,540.489990234375
2004-03-18 00:00:00,539.9000244140625
2004-03-22 00:00:00,533.1500244140625
2004-03-23 00:00:00,533.219970703125
2004-03-24 00:00:00,520.5399780273438
2004-03-25 00:00:00,516.8099975585938
2004-03-29 00:00:00,522.22998046875
2004-03-30 00:00:00,519.8499755859375
2004-03-31 00:00:00,522.75
2004-04-01 00:00:00,525.3499755859375
2004-04-07 00:00:00,536.760009765625
2004-04-08 00:00:00,539.5700073242188
2004-04-13 00:00:00,541.1699829101562
2004-04-14 00:00:00,531.530029296875
2004-04-15 00:00:00,539.3099975585938
2004-04-19 00:00:00,542.1500244140625
2004-04-20 00:00:00,543.1900024414062
2004-04-21 00:00:00,541.02001953125
2004-04-22 00:00:00,540.8400268554688
2004-04-28 00:00:00,542.5399780273438
2004-04-29 00:00:00,529.260009765625
2004-05-03 00:00:00,528.1300048828125
2004-05-04 00:00:00,536.7000122070312
2004-05-05 00:00:00,536.1699829101562
2004-05-06 00:00:00,534.0900268554688
2004-05-10 00:00:00,518.2999877929688
2004-05-11 00:00:00,522.52001953125
2004-05-12 00:00:00,520.0599975585938
2004-05-13 00:00:00,517.1599731445312
2004-05-17 00:00:00,512.280029296875
2004-05-18 00:00:00,514.739990234375
2004-05-19 00:00:00,523.1900024414062
2004-05-20 00:00:00,522.0999755859375
2004-05-24 00:00:00,531.5599975585938
2004-05-27 00:00:00,533.2100219726562
2004-05-31 00:00:00,531.47998046875
2004-06-01 00:00:00,533.719970703125
2004-06-02 00:00:00,536.469970703125
2004-06-03 00:00:00,537.0999755859375
2004-06-07 00:00:00,541.5599975585938
2004-06-08 00:00:00,539.760009765625
2004-06-09 00:00:00,538.469970703125
2004-06-10 00:00:00,540.4400024414062
2004-06-14 00:00:00,539.7100219726562
2004-06-15 00:00:00,539.8699951171875
2004-06-16 00:00:00,541.0900268554688
2004-06-17 00:00:00,542.6500244140625
2004-06-21 00:00:00,551.27001953125
2004-06-22 00:00:00,552.8099975585938
2004-06-23 00:00:00,553.75
2004-06-24 00:00:00,557.9400024414062
2004-06-28 00:00:00,559.9400024414062
2004-06-29 00:00:00,555.8099975585938
2004-06-30 00:00:00,557.8900146484375
2004-07-01 00:00:00,561.9000244140625
2004-07-05 00:00:00,564.9299926757812
2004-07-06 00:00:00,561.7999877929688
2004-07-07 00:00:00,560.3400268554688
2004-07-08 00:00:00,560.1199951171875
2004-07-12 00:00:00,556.25
2004-07-13 00:00:00,556.0399780273438
2004-07-14 00:00:00,551.0700073242188
2004-07-15 00:00:00,553.1699829101562
2004-07-19 00:00:00,552.1799926757812
2004-07-20 00:00:00,552.030029296875
2004-07-21 00:00:00,554.8300170898438
2004-07-22 00:00:00,549.5399780273438
2004-07-26 00:00:00,546.219970703125
2004-07-28 00:00:00,541.780029296875
2004-07-29 00:00:00,541.5499877929688
2004-08-02 00:00:00,531.4400024414062
2004-08-03 00:00:00,528.3699951171875
2004-08-04 00:00:00,524.8800048828125
2004-08-05 00:00:00,529.4500122070312
2004-08-09 00:00:00,525.77001953125
2004-08-10 00:00:00,524.219970703125
2004-08-11 00:00:00,516.47998046875
2004-08-12 00:00:00,512.8499755859375
2004-08-16 00:00:00,506.9800109863281
2004-08-17 00:00:00,514.3300170898438
2004-08-18 00:00:00,507.3800048828125
2004-08-19 00:00:00,512.9000244140625
2004-08-23 00:00:00,522.2000122070312
2004-08-24 00:00:00,525.2899780273438
2004-08-25 00:00:00,522.1099853515625
2004-08-26 00:00:00,527.1099853515625
2004-08-30 00:00:00,527.9299926757812
2004-08-31 00:00:00,521.2999877929688
2004-09-01 00:00:00,517.7000122070312
2004-09-02 00:00:00,519.1500244140625
2004-09-06 00:00:00,522.72998046875
2004-09-07 00:00:00,527.9000244140625
2004-09-08 00:00:00,528.8099975585938
2004-09-09 00:00:00,532.3300170898438
2004-09-13 00:00:00,536.22998046875
2004-09-14 00:00:00,537.030029296875
2004-09-20 00:00:00,537.5399780273438
2004-09-23 00:00:00,532.8599853515625
2004-09-27 00:00:00,533.0800170898438
2004-09-28 00:00:00,531.219970703125
2004-10-04 00:00:00,542.2899780273438
2004-10-05 00:00:00,542.5
2004-10-11 00:00:00,537.3900146484375
2004-10-12 00:00:00,527.9000244140625
2004-10-13 00:00:00,526.6799926757812
2004-10-14 00:00:00,524.7000122070312
2004-10-18 00:00:00,522.7100219726562
2004-10-19 00:00:00,524.9299926757812
2004-10-20 00:00:00,523.22998046875
2004-10-21 00:00:00,525.5900268554688
2004-10-25 00:00:00,520.9199829101562
2004-10-26 00:00:00,528.4099731445312
2004-10-27 00:00:00,520.8400268554688
2004-10-28 00:00:00,519.3300170898438
2004-11-01 00:00:00,528.9000244140625
2004-11-02 00:00:00,528.9299926757812
2004-11-03 00:00:00,536.4600219726562
2004-11-04 00:00:00,536.27001953125
2004-11-08 00:00:00,536.6900024414062
2004-11-09 00:00:00,542.469970703125
2004-11-10 00:00:00,544.9400024414062
2004-11-11 00:00:00,553.219970703125
2004-11-15 00:00:00,564.469970703125
2004-11-16 00:00:00,569.4099731445312
2004-11-17 00:00:00,571.0700073242188
2004-11-18 00:00:00,568.47998046875
2004-11-22 00:00:00,561.4500122070312
2004-11-23 00:00:00,568.5999755859375
2004-11-24 00:00:00,572.8499755859375
2004-11-25 00:00:00,571.0399780273438
2004-11-29 00:00:00,566.4099731445312
2004-11-30 00:00:00,564.6900024414062
2004-12-01 00:00:00,567.280029296875
2004-12-02 00:00:00,572.969970703125
2004-12-06 00:00:00,586.8800048828125
2004-12-07 00:00:00,593.97998046875
2004-12-08 00:00:00,593.8400268554688
2004-12-09 00:00:00,589.5499877929688
2004-12-13 00:00:00,602.6699829101562
2004-12-14 00:00:00,603.3499755859375
2004-12-15 00:00:00,603.3200073242188
2004-12-16 00:00:00,609.22998046875
2004-12-20 00:00:00,606.6699829101562
2004-12-21 00:00:00,597.3099975585938
2004-12-22 00:00:00,600.739990234375
2004-12-23 00:00:00,602.1099853515625
2004-12-27 00:00:00,615.5
2004-12-28 00:00:00,612.1199951171875
2004-12-29 00:00:00,611.6300048828125
2004-12-30 00:00:00,617.9400024414062
2005-01-03 00:00:00,619.6599731445312
2005-01-04 00:00:00,617.4400024414062
2005-01-05 00:00:00,607.4400024414062
2005-01-06 00:00:00,617.8800048828125
2005-01-10 00:00:00,628.1400146484375
2005-01-11 00:00:00,624.260009765625
2005-01-12 00:00:00,625.469970703125
2005-01-13 00:00:00,622.510009765625
2005-01-17 00:00:00,618.5599975585938
2005-01-18 00:00:00,620.2000122070312
2005-01-19 00:00:00,623.9500122070312
2005-01-20 00:00:00,623.0399780273438
2005-01-24 00:00:00,634.1799926757812
2005-01-25 00:00:00,630.5999755859375
2005-01-26 00:00:00,630.3499755859375
2005-01-27 00:00:00,620.6599731445312
2005-01-31 00:00:00,635.2999877929688
2005-02-01 00:00:00,635.3200073242188
2005-02-02 00:00:00,639.010009765625
2005-02-03 00:00:00,648.8200073242188
2005-02-07 00:00:00,644.3099975585938
2005-02-08 00:00:00,645.6099853515625
2005-02-09 00:00:00,640.3800048828125
2005-02-10 00:00:00,640.6099853515625
2005-02-14 00:00:00,649.3400268554688
2005-02-15 00:00:00,647.8400268554688
2005-02-16 00:00:00,647.469970703125
2005-02-17 00:00:00,646.4099731445312
2005-02-21 00:00:00,639.4099731445312
2005-02-22 00:00:00,630.1199951171875
2005-02-23 00:00:00,629.3900146484375
2005-02-24 00:00:00,634.969970703125
2005-02-28 00:00:00,646.469970703125
2005-03-01 00:00:00,653.0599975585938
2005-03-02 00:00:00,648.4199829101562
2005-03-03 00:00:00,654.4199829101562
2005-03-07 00:00:00,660.47998046875
2005-03-08 00:00:00,659.0999755859375
2005-03-09 00:00:00,655.5
2005-03-10 00:00:00,658.530029296875
2005-03-14 00:00:00,660.1900024414062
2005-03-15 00:00:00,659.72998046875
2005-03-16 00:00:00,648.77001953125
2005-03-17 00:00:00,649.9400024414062
2005-03-21 00:00:00,652.5999755859375
2005-03-22 00:00:00,652.7999877929688
2005-03-23 00:00:00,642.3699951171875
2005-03-24 00:00:00,639.8400268554688
2005-03-28 00:00:00,646.9299926757812
2005-03-29 00:00:00,646.3400268554688
2005-03-30 00:00:00,639.8800048828125
2005-03-31 00:00:00,642.5499877929688
2005-04-04 00:00:00,635.6199951171875
2005-04-05 00:00:00,641.02001953125
2005-04-06 00:00:00,645.0
2005-04-07 00:00:00,650.219970703125
2005-04-11 00:00:00,656.760009765625
2005-04-12 00:00:00,655.1500244140625
2005-04-13 00:00:00,656.47998046875
2005-04-14 00:00:00,656.8800048828125
2005-04-18 00:00:00,652.3900146484375
2005-04-19 00:00:00,653.780029296875
2005-04-20 00:00:00,651.489990234375
2005-04-21 00:00:00,653.72998046875
2005-04-25 00:00:00,652.780029296875
2005-04-26 00:00:00,651.0999755859375
2005-04-27 00:00:00,648.9299926757812
2005-04-28 00:00:00,657.1900024414062
2005-05-02 00:00:00,668.6199951171875
2005-05-03 00:00:00,667.1300048828125
2005-05-04 00:00:00,671.4400024414062
2005-05-05 00:00:00,672.6900024414062
2005-05-09 00:00:00,675.0399780273438
2005-05-10 00:00:00,675.719970703125
2005-05-16 00:00:00,676.9600219726562
2005-05-17 00:00:00,679.2999877929688
2005-05-18 00:00:00,674.3800048828125
2005-05-19 00:00:00,673.9299926757812
2005-05-23 00:00:00,662.27001953125
2005-05-24 00:00:00,666.219970703125
2005-05-25 00:00:00,672.6500244140625
2005-05-26 00:00:00,680.5499877929688
2005-05-30 00:00:00,681.6699829101562
2005-05-31 00:00:00,679.969970703125
2005-06-01 00:00:00,679.4600219726562
2005-06-02 00:00:00,683.3099975585938
2005-06-06 00:00:00,685.8800048828125
2005-06-07 00:00:00,687.6300048828125
2005-06-08 00:00:00,690.1099853515625
2005-06-09 00:00:00,684.9199829101562
2005-06-14 00:00:00,681.260009765625
2005-06-15 00:00:00,675.3400268554688
2005-06-16 00:00:00,673.1300048828125
2005-06-20 00:00:00,657.6300048828125
2005-06-21 00:00:00,663.9099731445312
2005-06-22 00:00:00,660.25
2005-06-23 00:00:00,649.9000244140625
2005-06-27 00:00:00,637.4000244140625
2005-06-28 00:00:00,638.3900146484375
2005-06-29 00:00:00,642.719970703125
2005-06-30 00:00:00,639.1799926757812
2005-07-04 00:00:00,645.8499755859375
2005-07-05 00:00:00,636.3499755859375
2005-07-06 00:00:00,640.3099975585938
2005-07-07 00:00:00,634.780029296875
2005-07-11 00:00:00,653.6300048828125
2005-07-12 00:00:00,655.5399780273438
2005-07-13 00:00:00,658.780029296875
2005-07-14 00:00:00,665.7899780273438
2005-07-18 00:00:00,656.6300048828125
2005-07-19 00:00:00,664.5399780273438
2005-07-20 00:00:00,674.6799926757812
2005-07-21 00:00:00,680.2100219726562
2005-07-25 00:00:00,685.27001953125
2005-07-26 00:00:00,686.0499877929688
2005-07-27 00:00:00,692.8099975585938
2005-07-28 00:00:00,687.2999877929688
2005-08-01 00:00:00,682.739990234375
2005-08-02 00:00:00,704.0399780273438
2005-08-03 00:00:00,704.989990234375
2005-08-04 00:00:00,702.7999877929688
2005-08-08 00:00:00,685.989990234375
2005-08-09 00:00:00,683.1599731445312
2005-08-10 00:00:00,688.9000244140625
2005-08-11 00:00:00,686.7000122070312
2005-08-15 00:00:00,701.6699829101562
2005-08-16 00:00:00,701.1900024414062
2005-08-17 00:00:00,713.280029296875
2005-08-18 00:00:00,720.5999755859375
2005-08-22 00:00:00,719.3800048828125
2005-08-23 00:00:00,712.030029296875
2005-08-24 00:00:00,703.719970703125
2005-08-25 00:00:00,701.530029296875
2005-08-29 00:00:00,704.1199951171875
2005-08-30 00:00:00,711.97998046875
2005-08-31 00:00:00,709.0499877929688
2005-09-01 00:00:00,720.6900024414062
2005-09-05 00:00:00,729.4000244140625
2005-09-06 00:00:00,728.0399780273438
2005-09-07 00:00:00,725.22998046875
2005-09-08 00:00:00,724.989990234375
2005-09-12 00:00:00,736.52001953125
2005-09-13 00:00:00,732.6400146484375
2005-09-14 00:00:00,739.8499755859375
2005-09-15 00:00:00,737.8400268554688
2005-09-19 00:00:00,732.219970703125
2005-09-20 00:00:00,734.3699951171875
2005-09-21 00:00:00,728.8400268554688
2005-09-22 00:00:00,720.3200073242188
2005-09-26 00:00:00,722.3400268554688
2005-09-27 00:00:00,735.6900024414062
2005-09-28 00:00:00,744.9500122070312
2005-09-29 00:00:00,752.6900024414062
2005-10-06 00:00:00,756.0900268554688
2005-10-10 00:00:00,764.7100219726562
2005-10-11 00:00:00,763.8800048828125
2005-10-19 00:00:00,733.8200073242188
2005-10-20 00:00:00,751.7999877929688
2005-10-26 00:00:00,760.010009765625
2005-10-27 00:00:00,751.6900024414062
2005-10-31 00:00:00,763.3300170898438
2005-11-01 00:00:00,759.3499755859375
2005-11-02 00:00:00,759.1500244140625
2005-11-03 00:00:00,765.010009765625
2005-11-07 00:00:00,762.3800048828125
2005-11-08 00:00:00,758.9099731445312
2005-11-09 00:00:00,770.4600219726562
2005-11-10 00:00:00,763.5800170898438
2005-11-14 00:00:00,754.719970703125
2005-11-15 00:00:00,749.030029296875
2005-11-16 00:00:00,745.4199829101562
2005-11-17 00:00:00,758.969970703125
2005-11-21 00:00:00,752.2999877929688
2005-11-22 00:00:00,753.0800170898438
2005-11-23 00:00:00,766.77001953125
2005-11-24 00:00:00,767.25
2005-11-28 00:00:00,777.719970703125
2005-11-29 00:00:00,785.0599975585938
2005-11-30 00:00:00,784.6799926757812
2005-12-01 00:00:00,785.0499877929688
2005-12-05 00:00:00,791.2100219726562
2005-12-06 00:00:00,791.719970703125
2005-12-07 00:00:00,789.719970703125
2005-12-08 00:00:00,791.8699951171875
2005-12-12 00:00:00,806.75
2005-12-13 00:00:00,808.9000244140625
2005-12-14 00:00:00,808.6799926757812
2005-12-15 00:00:00,812.1099853515625
2005-12-19 00:00:00,805.9000244140625
2005-12-20 00:00:00,816.6500244140625
2005-12-21 00:00:00,824.3800048828125
2005-12-22 00:00:00,826.7999877929688
2005-12-26 00:00:00,827.3499755859375
2005-12-27 00:00:00,827.760009765625
2005-12-28 00:00:00,816.780029296875
2005-12-29 00:00:00,823.4199829101562
2006-01-02 00:00:00,841.2100219726562
2006-01-03 00:00:00,843.9600219726562
2006-01-04 00:00:00,849.25
2006-01-05 00:00:00,816.0900268554688
2006-01-09 00:00:00,822.3200073242188
2006-01-10 00:00:00,814.6500244140625
2006-01-11 00:00:00,824.4500122070312
2006-01-12 00:00:00,825.6900024414062
2006-01-16 00:00:00,839.3900146484375
2006-01-17 00:00:00,834.969970703125
2006-01-18 00:00:00,830.1500244140625
2006-01-19 00:00:00,838.469970703125
2006-01-23 00:00:00,835.6400146484375
2006-01-24 00:00:00,838.260009765625
2006-01-25 00:00:00,852.3300170898438
2006-01-26 00:00:00,846.780029296875
2006-01-30 00:00:00,832.8099975585938
2006-01-31 00:00:00,823.5700073242188
2006-02-01 00:00:00,827.52001953125
2006-02-02 00:00:00,827.5399780273438
2006-02-06 00:00:00,813.3900146484375
2006-02-07 00:00:00,806.9400024414062
2006-02-08 00:00:00,807.3699951171875
2006-02-09 00:00:00,809.7000122070312
2006-02-13 00:00:00,808.6099853515625
2006-02-14 00:00:00,798.2999877929688
2006-02-15 00:00:00,799.75
2006-02-16 00:00:00,794.6500244140625
2006-02-20 00:00:00,794.75
2006-02-21 00:00:00,791.6699829101562
2006-02-22 00:00:00,791.030029296875
2006-02-23 00:00:00,785.6799926757812
2006-02-27 00:00:00,801.5499877929688
2006-02-28 00:00:00,799.9000244140625
2006-03-01 00:00:00,806.1199951171875
2006-03-02 00:00:00,807.969970703125
2006-03-06 00:00:00,819.5599975585938
2006-03-07 00:00:00,812.260009765625
2006-03-08 00:00:00,809.7899780273438
2006-03-09 00:00:00,813.969970703125
2006-03-13 00:00:00,826.1400146484375
2006-03-15 00:00:00,825.6300048828125
2006-03-16 00:00:00,832.3200073242188
2006-03-20 00:00:00,840.719970703125
2006-03-21 00:00:00,839.030029296875
2006-03-22 00:00:00,842.469970703125
2006-03-23 00:00:00,844.2000122070312
2006-03-27 00:00:00,837.1300048828125
2006-03-29 00:00:00,821.9299926757812
2006-03-30 00:00:00,813.8200073242188
2006-04-03 00:00:00,823.27001953125
2006-04-04 00:00:00,837.72998046875
2006-04-05 00:00:00,837.3699951171875
2006-04-06 00:00:00,839.4199829101562
2006-04-10 00:00:00,846.280029296875
2006-04-11 00:00:00,846.719970703125
2006-04-17 00:00:00,843.739990234375
2006-04-20 00:00:00,856.3200073242188
2006-04-24 00:00:00,852.9500122070312
2006-04-25 00:00:00,859.9500122070312
2006-04-26 00:00:00,859.4500122070312
2006-04-27 00:00:00,860.780029296875
2006-05-01 00:00:00,867.7999877929688
2006-05-04 00:00:00,872.22998046875
2006-05-08 00:00:00,893.5
2006-05-09 00:00:00,896.1199951171875
2006-05-10 00:00:00,895.5599975585938
2006-05-11 00:00:00,896.8499755859375
2006-05-15 00:00:00,884.2000122070312
2006-05-16 00:00:00,898.97998046875
2006-05-17 00:00:00,893.6699829101562
2006-05-18 00:00:00,891.4299926757812
2006-05-22 00:00:00,858.2899780273438
2006-05-23 00:00:00,870.0
2006-05-24 00:00:00,858.4500122070312
2006-05-25 00:00:00,853.719970703125
2006-05-29 00:00:00,869.8800048828125
2006-05-30 00:00:00,860.5800170898438
2006-05-31 00:00:00,852.1500244140625
2006-06-05 00:00:00,847.030029296875
2006-06-06 00:00:00,830.6199951171875
2006-06-07 00:00:00,836.1699829101562
2006-06-08 00:00:00,829.3599853515625
2006-06-12 00:00:00,820.9000244140625
2006-06-13 00:00:00,814.280029296875
2006-06-14 00:00:00,822.52001953125
2006-06-15 00:00:00,827.469970703125
2006-06-19 00:00:00,817.9299926757812
2006-06-20 00:00:00,813.8599853515625
2006-06-21 00:00:00,819.1300048828125
2006-06-22 00:00:00,814.25
2006-06-26 00:00:00,800.5
2006-06-27 00:00:00,796.3200073242188
2006-06-28 00:00:00,785.0
2006-06-29 00:00:00,779.6900024414062
2006-07-03 00:00:00,805.7999877929688
2006-07-04 00:00:00,821.1500244140625
2006-07-05 00:00:00,804.1300048828125
2006-07-06 00:00:00,816.3099975585938
2006-07-10 00:00:00,826.4500122070312
2006-07-11 00:00:00,816.3699951171875
2006-07-12 00:00:00,782.0599975585938
2006-07-13 00:00:00,748.8400268554688
2006-07-17 00:00:00,766.1900024414062
2006-07-18 00:00:00,784.1199951171875
2006-07-19 00:00:00,778.9400024414062
2006-07-20 00:00:00,788.3400268554688
2006-07-24 00:00:00,782.8099975585938
2006-07-25 00:00:00,789.8699951171875
2006-07-26 00:00:00,776.760009765625
2006-07-27 00:00:00,779.8099975585938
2006-07-31 00:00:00,801.1099853515625
2006-08-01 00:00:00,790.4600219726562
2006-08-02 00:00:00,804.5900268554688
2006-08-07 00:00:00,798.75
2006-08-08 00:00:00,806.9299926757812
2006-08-09 00:00:00,792.4500122070312
2006-08-10 00:00:00,778.030029296875
2006-08-14 00:00:00,800.4400024414062
2006-08-15 00:00:00,801.469970703125
2006-08-16 00:00:00,802.7999877929688
2006-08-17 00:00:00,820.0900268554688
2006-08-21 00:00:00,815.719970703125
2006-08-22 00:00:00,812.5499877929688
2006-08-23 00:00:00,816.030029296875
2006-08-24 00:00:00,815.510009765625
2006-08-28 00:00:00,796.8800048828125
2006-08-29 00:00:00,804.969970703125
2006-08-30 00:00:00,804.4500122070312
2006-08-31 00:00:00,803.739990234375
2006-09-04 00:00:00,796.8400268554688
2006-09-05 00:00:00,791.969970703125
2006-09-06 00:00:00,784.8800048828125
2006-09-07 00:00:00,782.0
2006-09-11 00:00:00,783.280029296875
2006-09-12 00:00:00,792.7000122070312
2006-09-13 00:00:00,803.719970703125
2006-09-14 00:00:00,805.2000122070312
2006-09-18 00:00:00,815.8499755859375
2006-09-19 00:00:00,814.9099731445312
2006-09-20 00:00:00,822.8599853515625
2006-09-21 00:00:00,819.6500244140625
2006-09-25 00:00:00,821.02001953125
2006-09-26 00:00:00,821.1599731445312
2006-09-27 00:00:00,824.760009765625
2006-09-28 00:00:00,836.2999877929688
2006-10-03 00:00:00,841.27001953125
2006-10-04 00:00:00,849.8599853515625
2006-10-05 00:00:00,858.010009765625
2006-10-09 00:00:00,863.8300170898438
2006-10-10 00:00:00,864.75
2006-10-11 00:00:00,859.3099975585938
2006-10-12 00:00:00,865.8099975585938
2006-10-16 00:00:00,871.5399780273438
2006-10-17 00:00:00,866.739990234375
2006-10-18 00:00:00,873.4299926757812
2006-10-19 00:00:00,876.1699829101562
2006-10-23 00:00:00,880.52001953125
2006-10-24 00:00:00,870.8699951171875
2006-10-25 00:00:00,873.8200073242188
2006-10-26 00:00:00,893.010009765625
2006-10-30 00:00:00,893.7100219726562
2006-10-31 00:00:00,897.3900146484375
2006-11-01 00:00:00,899.0
2006-11-02 00:00:00,889.1699829101562
2006-11-06 00:00:00,913.0900268554688
2006-11-07 00:00:00,911.8099975585938
2006-11-08 00:00:00,913.1099853515625
2006-11-09 00:00:00,912.3200073242188
2006-11-13 00:00:00,919.6699829101562
2006-11-14 00:00:00,921.0499877929688
2006-11-15 00:00:00,917.47998046875
2006-11-16 00:00:00,923.02001953125
2006-11-20 00:00:00,916.0999755859375
2006-11-21 00:00:00,917.8200073242188
2006-11-22 00:00:00,924.8099975585938
2006-11-23 00:00:00,915.239990234375
2006-11-27 00:00:00,924.6799926757812
2006-11-28 00:00:00,922.02001953125
2006-11-29 00:00:00,931.2100219726562
2006-11-30 00:00:00,929.5900268554688
2006-12-04 00:00:00,925.719970703125
2006-12-05 00:00:00,932.280029296875
2006-12-06 00:00:00,926.6900024414062
2006-12-07 00:00:00,934.219970703125
2006-12-11 00:00:00,939.010009765625
2006-12-12 00:00:00,937.1099853515625
2006-12-13 00:00:00,938.7999877929688
2006-12-14 00:00:00,940.3800048828125
2006-12-18 00:00:00,947.6900024414062
2006-12-19 00:00:00,943.2000122070312
2006-12-20 00:00:00,948.8300170898438
2006-12-21 00:00:00,947.0800170898438
2006-12-25 00:00:00,931.3499755859375
2006-12-26 00:00:00,937.030029296875
2006-12-27 00:00:00,935.5700073242188
2006-12-28 00:00:00,928.8200073242188
2007-01-01 00:00:00,941.1300048828125
2007-01-02 00:00:00,940.3699951171875
2007-01-03 00:00:00,945.8599853515625
2007-01-04 00:00:00,941.0700073242188
2007-01-08 00:00:00,933.2000122070312
2007-01-09 00:00:00,922.97998046875
2007-01-10 00:00:00,909.6099853515625
2007-01-11 00:00:00,913.989990234375
2007-01-15 00:00:00,934.239990234375
2007-01-16 00:00:00,933.3200073242188
2007-01-17 00:00:00,934.0499877929688
2007-01-18 00:00:00,933.8599853515625
2007-01-22 00:00:00,938.7000122070312
2007-01-23 00:00:00,940.5399780273438
2007-01-24 00:00:00,946.3499755859375
2007-01-25 00:00:00,946.3800048828125
2007-01-29 00:00:00,953.8099975585938
2007-01-30 00:00:00,956.0
2007-01-31 00:00:00,951.1099853515625
2007-02-01 00:00:00,962.739990234375
2007-02-05 00:00:00,970.8900146484375
2007-02-06 00:00:00,967.530029296875
2007-02-07 00:00:00,973.760009765625
2007-02-08 00:00:00,970.7100219726562
2007-02-12 00:00:00,966.2899780273438
2007-02-13 00:00:00,981.6400146484375
2007-02-14 00:00:00,992.47998046875
2007-02-15 00:00:00,990.3200073242188
2007-02-19 00:00:00,1003.6900024414062
2007-02-20 00:00:00,992.5
2007-02-21 00:00:00,999.0800170898438
2007-02-22 00:00:00,999.8599853515625
2007-02-26 00:00:00,996.8800048828125
2007-02-27 00:00:00,975.6599731445312
2007-02-28 00:00:00,971.5999755859375
2007-03-01 00:00:00,965.719970703125
2007-03-05 00:00:00,952.030029296875
2007-03-06 00:00:00,960.7100219726562
2007-03-07 00:00:00,955.72998046875
2007-03-08 00:00:00,966.27001953125
2007-03-12 00:00:00,977.97998046875
2007-03-13 00:00:00,973.5900268554688
2007-03-14 00:00:00,955.8800048828125
2007-03-15 00:00:00,952.780029296875
2007-03-19 00:00:00,951.0900268554688
2007-03-20 00:00:00,951.760009765625
2007-03-21 00:00:00,958.3900146484375
2007-03-22 00:00:00,968.0900268554688
2007-03-26 00:00:00,981.1799926757812
2007-03-27 00:00:00,988.8099975585938
2007-03-28 00:00:00,982.27001953125
2007-03-29 00:00:00,997.2100219726562
2007-04-04 00:00:00,1028.469970703125
2007-04-05 00:00:00,1028.81005859375
2007-04-10 00:00:00,1035.6099853515625
2007-04-11 00:00:00,1037.699951171875
2007-04-12 00:00:00,1033.5799560546875
2007-04-16 00:00:00,1054.010009765625
2007-04-17 00:00:00,1052.989990234375
2007-04-18 00:00:00,1048.3499755859375
2007-04-19 00:00:00,1046.969970703125
2007-04-25 00:00:00,1061.9300537109375
2007-04-26 00:00:00,1074.3800048828125
2007-04-30 00:00:00,1063.8599853515625
2007-05-01 00:00:00,1067.97998046875
2007-05-02 00:00:00,1076.1600341796875
2007-05-03 00:00:00,1079.239990234375
2007-05-07 00:00:00,1095.1300048828125
2007-05-08 00:00:00,1084.72998046875
2007-05-09 00:00:00,1094.1099853515625
2007-05-10 00:00:00,1106.8199462890625
2007-05-14 00:00:00,1114.25
2007-05-15 00:00:00,1119.75
2007-05-16 00:00:00,1124.77001953125
2007-05-17 00:00:00,1114.75
2007-05-21 00:00:00,1100.550048828125
2007-05-24 00:00:00,1105.530029296875
2007-05-28 00:00:00,1125.8399658203125
2007-05-29 00:00:00,1130.8800048828125
2007-05-30 00:00:00,1117.969970703125
2007-05-31 00:00:00,1126.3699951171875
2007-06-04 00:00:00,1130.22998046875
2007-06-05 00:00:00,1133.8499755859375
2007-06-06 00:00:00,1122.43994140625
2007-06-07 00:00:00,1111.010009765625
2007-06-11 00:00:00,1111.18994140625
2007-06-12 00:00:00,1092.9200439453125
2007-06-13 00:00:00,1096.6500244140625
2007-06-14 00:00:00,1107.3199462890625
2007-06-18 00:00:00,1126.3800048828125
2007-06-19 00:00:00,1124.75
2007-06-20 00:00:00,1126.31005859375
2007-06-21 00:00:00,1119.0999755859375
2007-06-25 00:00:00,1120.52001953125
2007-06-26 00:00:00,1119.1400146484375
2007-06-27 00:00:00,1107.8699951171875
2007-06-28 00:00:00,1112.9200439453125
2007-07-02 00:00:00,1121.3699951171875
2007-07-03 00:00:00,1138.0
2007-07-04 00:00:00,1141.760009765625
2007-07-05 00:00:00,1139.7099609375
2007-07-09 00:00:00,1145.2900390625
2007-07-10 00:00:00,1136.9100341796875
2007-07-11 00:00:00,1137.9100341796875
2007-07-12 00:00:00,1148.550048828125
2007-07-16 00:00:00,1154.93994140625
2007-07-17 00:00:00,1156.0400390625
2007-07-18 00:00:00,1151.8299560546875
2007-07-19 00:00:00,1161.2099609375
2007-07-23 00:00:00,1165.25
2007-07-25 00:00:00,1166.6300048828125
2007-07-26 00:00:00,1137.1199951171875
2007-07-30 00:00:00,1105.010009765625
2007-07-31 00:00:00,1120.7099609375
2007-08-01 00:00:00,1095.0899658203125
2007-08-02 00:00:00,1091.199951171875
2007-08-06 00:00:00,1060.1700439453125
2007-08-07 00:00:00,1068.8800048828125
2007-08-08 00:00:00,1091.469970703125
2007-08-09 00:00:00,1072.68994140625
2007-08-13 00:00:00,1087.4599609375
2007-08-14 00:00:00,1081.4000244140625
2007-08-15 00:00:00,1072.25
2007-08-16 00:00:00,1038.0999755859375
2007-08-20 00:00:00,1054.43994140625
2007-08-21 00:00:00,1041.47998046875
2007-08-22 00:00:00,1055.6099853515625
2007-08-23 00:00:00,1061.469970703125
2007-08-27 00:00:00,1075.52001953125
2007-08-28 00:00:00,1071.4599609375
2007-08-29 00:00:00,1066.949951171875
2007-08-30 00:00:00,1056.5799560546875
2007-09-03 00:00:00,1069.719970703125
2007-09-04 00:00:00,1077.6099853515625
2007-09-05 00:00:00,1067.5
2007-09-06 00:00:00,1052.219970703125
2007-09-10 00:00:00,1040.77001953125
2007-09-11 00:00:00,1048.6500244140625
2007-09-17 00:00:00,1058.47998046875
2007-09-18 00:00:00,1068.5699462890625
2007-09-19 00:00:00,1093.06005859375
2007-09-20 00:00:00,1089.800048828125
2007-09-24 00:00:00,1120.469970703125
2007-09-25 00:00:00,1130.4200439453125
2007-10-01 00:00:00,1150.18994140625
2007-10-02 00:00:00,1157.5
2007-10-08 00:00:00,1174.4000244140625
2007-10-09 00:00:00,1187.1199951171875
2007-10-10 00:00:00,1185.1700439453125
2007-10-11 00:00:00,1195.0899658203125
2007-10-15 00:00:00,1176.989990234375
2007-10-16 00:00:00,1188.18994140625
2007-10-17 00:00:00,1194.9100341796875
2007-10-18 00:00:00,1190.300048828125
2007-10-22 00:00:00,1182.3800048828125
2007-10-23 00:00:00,1196.56005859375
2007-10-24 00:00:00,1180.43994140625
2007-10-25 00:00:00,1193.3599853515625
2007-10-29 00:00:00,1231.6300048828125
2007-10-30 00:00:00,1229.050048828125
2007-10-31 00:00:00,1237.1300048828125
2007-11-01 00:00:00,1224.0
2007-11-05 00:00:00,1225.280029296875
2007-11-06 00:00:00,1234.8199462890625
2007-11-07 00:00:00,1227.1099853515625
2007-11-08 00:00:00,1220.4000244140625
2007-11-12 00:00:00,1195.0799560546875
2007-11-13 00:00:00,1209.3900146484375
2007-11-14 00:00:00,1207.469970703125
2007-11-15 00:00:00,1199.7900390625
2007-11-19 00:00:00,1193.56005859375
2007-11-20 00:00:00,1194.3599853515625
2007-11-21 00:00:00,1165.739990234375
2007-11-22 00:00:00,1165.3499755859375
2007-11-26 00:00:00,1174.239990234375
2007-11-27 00:00:00,1168.1800537109375
2007-11-28 00:00:00,1186.1400146484375
2007-11-29 00:00:00,1187.56005859375
2007-12-03 00:00:00,1189.52001953125
2007-12-04 00:00:00,1183.949951171875
2007-12-05 00:00:00,1207.18994140625
2007-12-06 00:00:00,1211.81005859375
2007-12-10 00:00:00,1224.0899658203125
2007-12-11 00:00:00,1224.5699462890625
2007-12-12 00:00:00,1234.7099609375
2007-12-13 00:00:00,1225.9200439453125
2007-12-17 00:00:00,1180.8399658203125
2007-12-18 00:00:00,1184.6500244140625
2007-12-19 00:00:00,1188.6800537109375
2007-12-20 00:00:00,1198.72998046875
2007-12-24 00:00:00,1223.6400146484375
2007-12-25 00:00:00,1230.7099609375
2007-12-26 00:00:00,1226.489990234375
2007-12-27 00:00:00,1224.8800048828125
2007-12-31 00:00:00,1217.0699462890625
2008-01-01 00:00:00,1225.0899658203125
2008-01-02 00:00:00,1219.5
2008-01-03 00:00:00,1208.469970703125
2008-01-07 00:00:00,1176.6099853515625
2008-01-08 00:00:00,1189.52001953125
2008-01-09 00:00:00,1180.219970703125
2008-01-10 00:00:00,1160.5899658203125
2008-01-14 00:00:00,1170.5400390625
2008-01-15 00:00:00,1150.3800048828125
2008-01-16 00:00:00,1140.6600341796875
2008-01-17 00:00:00,1138.9200439453125
2008-01-21 00:00:00,1117.1500244140625
2008-01-22 00:00:00,1101.9599609375
2008-01-23 00:00:00,1065.3499755859375
2008-01-24 00:00:00,1064.9599609375
2008-01-28 00:00:00,1048.1500244140625
2008-01-29 00:00:00,1075.4200439453125
2008-01-30 00:00:00,1071.3699951171875
2008-01-31 00:00:00,1061.0
2008-02-04 00:00:00,1080.6400146484375
2008-02-05 00:00:00,1068.510009765625
2008-02-06 00:00:00,1068.510009765625
2008-02-07 00:00:00,1057.6400146484375
2008-02-11 00:00:00,1051.5400390625
2008-02-12 00:00:00,1073.989990234375
2008-02-13 00:00:00,1087.0899658203125
2008-02-14 00:00:00,1090.6600341796875
2008-02-18 00:00:00,1089.9300537109375
2008-02-19 00:00:00,1100.6700439453125
2008-02-20 00:00:00,1088.0899658203125
2008-02-21 00:00:00,1102.1500244140625
2008-02-25 00:00:00,1116.0899658203125
2008-02-26 00:00:00,1122.72998046875
2008-02-27 00:00:00,1120.0899658203125
2008-02-28 00:00:00,1109.9599609375
2008-03-03 00:00:00,1078.239990234375
2008-03-04 00:00:00,1072.72998046875
2008-03-05 00:00:00,1086.8800048828125
2008-03-06 00:00:00,1071.93994140625
2008-03-10 00:00:00,1048.0
2008-03-11 00:00:00,1047.1500244140625
2008-03-12 00:00:00,1062.2900390625
2008-03-13 00:00:00,1024.56005859375
2008-03-17 00:00:00,964.3800048828125
2008-03-18 00:00:00,985.7999877929688
2008-03-19 00:00:00,1001.1300048828125
2008-03-20 00:00:00,993.219970703125
2008-03-24 00:00:00,1028.0799560546875
2008-03-25 00:00:00,1039.7099609375
2008-03-26 00:00:00,1032.3599853515625
2008-03-27 00:00:00,1022.989990234375
2008-03-31 00:00:00,997.1599731445312
2008-04-01 00:00:00,1009.25
2008-04-02 00:00:00,1047.25
2008-04-03 00:00:00,1039.3299560546875
2008-04-07 00:00:00,1053.280029296875
2008-04-08 00:00:00,1056.199951171875
2008-04-09 00:00:00,1067.4000244140625
2008-04-10 00:00:00,1065.1700439453125
2008-04-14 00:00:00,1049.1300048828125
2008-04-15 00:00:00,1062.56005859375
2008-04-16 00:00:00,1080.22998046875
2008-04-17 00:00:00,1090.68994140625
2008-04-21 00:00:00,1095.25
2008-04-22 00:00:00,1097.4599609375
2008-04-23 00:00:00,1094.9100341796875
2008-04-24 00:00:00,1099.6099853515625
2008-04-28 00:00:00,1087.68994140625
2008-04-29 00:00:00,1076.5699462890625
2008-04-30 00:00:00,1080.5
2008-05-01 00:00:00,1078.68994140625
2008-05-05 00:00:00,1100.0799560546875
2008-05-06 00:00:00,1087.02001953125
2008-05-12 00:00:00,1083.3499755859375
2008-05-13 00:00:00,1083.3800048828125
2008-05-14 00:00:00,1100.4100341796875
2008-05-15 00:00:00,1099.030029296875
2008-05-19 00:00:00,1107.72998046875
2008-05-20 00:00:00,1087.5999755859375
2008-05-21 00:00:00,1101.6500244140625
2008-05-22 00:00:00,1101.199951171875
2008-05-26 00:00:00,1088.6600341796875
2008-05-27 00:00:00,1103.469970703125
2008-05-28 00:00:00,1108.8199462890625
2008-05-29 00:00:00,1117.6300048828125
2008-06-02 00:00:00,1111.1400146484375
2008-06-03 00:00:00,1118.449951171875
2008-06-04 00:00:00,1114.9599609375
2008-06-05 00:00:00,1122.1700439453125
2008-06-10 00:00:00,1105.6700439453125
2008-06-11 00:00:00,1103.5400390625
2008-06-12 00:00:00,1107.9100341796875
2008-06-16 00:00:00,1116.1600341796875
2008-06-17 00:00:00,1133.969970703125
2008-06-18 00:00:00,1128.72998046875
2008-06-23 00:00:00,1127.5
2008-06-24 00:00:00,1115.2099609375
2008-06-25 00:00:00,1122.2900390625
2008-06-26 00:00:00,1097.9100341796875
2008-06-30 00:00:00,1085.6400146484375
2008-07-02 00:00:00,1065.5799560546875
2008-07-03 00:00:00,1030.4200439453125
2008-07-07 00:00:00,1027.93994140625
2008-07-08 00:00:00,1018.3900146484375
2008-07-09 00:00:00,1026.6600341796875
2008-07-10 00:00:00,1023.4199829101562
2008-07-14 00:00:00,1014.219970703125
2008-07-15 00:00:00,991.239990234375
2008-07-16 00:00:00,986.4400024414062
2008-07-17 00:00:00,1009.8400268554688
2008-07-21 00:00:00,1028.06005859375
2008-07-22 00:00:00,1022.260009765625
2008-07-23 00:00:00,1037.760009765625
2008-07-24 00:00:00,1028.1300048828125
2008-07-28 00:00:00,1028.4300537109375
2008-07-29 00:00:00,1028.510009765625
2008-07-30 00:00:00,1034.219970703125
2008-07-31 00:00:00,1034.969970703125
2008-08-04 00:00:00,1012.75
2008-08-05 00:00:00,1022.1099853515625
2008-08-06 00:00:00,1017.239990234375
2008-08-07 00:00:00,1014.7000122070312
2008-08-11 00:00:00,1015.3599853515625
2008-08-12 00:00:00,1012.2100219726562
2008-08-13 00:00:00,1004.4400024414062
2008-08-14 00:00:00,1019.989990234375
2008-08-18 00:00:00,1028.8399658203125
2008-08-19 00:00:00,1022.239990234375
2008-08-20 00:00:00,1033.3199462890625
2008-08-21 00:00:00,1027.97998046875
2008-08-25 00:00:00,1038.6700439453125
2008-08-26 00:00:00,1034.8900146484375
2008-08-27 00:00:00,1029.3199462890625
2008-08-28 00:00:00,1012.9199829101562
2008-09-01 00:00:00,998.239990234375
2008-09-02 00:00:00,1003.3300170898438
2008-09-03 00:00:00,990.3900146484375
2008-09-04 00:00:00,984.3099975585938
2008-09-08 00:00:00,996.6500244140625
2008-09-09 00:00:00,977.9299926757812
2008-09-10 00:00:00,968.6199951171875
2008-09-11 00:00:00,944.3099975585938
2008-09-15 00:00:00,925.8599853515625
2008-09-16 00:00:00,877.9600219726562
2008-09-17 00:00:00,847.2999877929688
2008-09-18 00:00:00,832.6199951171875
2008-09-22 00:00:00,885.969970703125
2008-09-23 00:00:00,874.3400268554688
2008-09-24 00:00:00,877.489990234375
2008-09-25 00:00:00,896.989990234375
2008-10-02 00:00:00,847.219970703125
2008-10-06 00:00:00,767.9000244140625
2008-10-07 00:00:00,797.9199829101562
2008-10-15 00:00:00,773.0700073242188
2008-10-16 00:00:00,751.0399780273438
2008-10-22 00:00:00,762.1400146484375
2008-10-23 00:00:00,765.5399780273438
2008-10-27 00:00:00,719.2899780273438
2008-10-28 00:00:00,708.4500122070312
2008-10-29 00:00:00,723.3900146484375
2008-10-30 00:00:00,725.469970703125
2008-11-03 00:00:00,760.6900024414062
2008-11-04 00:00:00,788.969970703125
2008-11-05 00:00:00,782.0700073242188
2008-11-06 00:00:00,749.6500244140625
2008-11-10 00:00:00,773.9299926757812
2008-11-11 00:00:00,749.5399780273438
2008-11-12 00:00:00,719.6699829101562
2008-11-13 00:00:00,686.9199829101562
2008-11-17 00:00:00,661.010009765625
2008-11-18 00:00:00,668.5700073242188
2008-11-19 00:00:00,666.4299926757812
2008-11-20 00:00:00,633.719970703125
2008-11-24 00:00:00,623.6599731445312
2008-11-25 00:00:00,652.1799926757812
2008-11-26 00:00:00,644.22998046875
2008-11-27 00:00:00,648.25
2008-12-01 00:00:00,642.280029296875
2008-12-02 00:00:00,647.260009765625
2008-12-03 00:00:00,637.6799926757812
2008-12-04 00:00:00,653.4000244140625
2008-12-08 00:00:00,702.7100219726562
2008-12-09 00:00:00,707.72998046875
2008-12-10 00:00:00,711.739990234375
2008-12-11 00:00:00,698.9400024414062
2008-12-15 00:00:00,655.6699829101562
2008-12-16 00:00:00,671.5700073242188
2008-12-17 00:00:00,681.3300170898438
2008-12-18 00:00:00,687.8599853515625
2008-12-22 00:00:00,661.239990234375
2008-12-23 00:00:00,647.1400146484375
2008-12-24 00:00:00,632.5700073242188
2008-12-25 00:00:00,634.9299926757812
2008-12-29 00:00:00,631.3900146484375
2008-12-30 00:00:00,641.1900024414062
2008-12-31 00:00:00,654.8499755859375
2009-01-01 00:00:00,667.3900146484375
2009-01-05 00:00:00,679.9500122070312
2009-01-06 00:00:00,702.9000244140625
2009-01-07 00:00:00,694.5800170898438
2009-01-08 00:00:00,677.1400146484375
2009-01-12 00:00:00,683.8800048828125
2009-01-13 00:00:00,681.3699951171875
2009-01-14 00:00:00,660.260009765625
2009-01-15 00:00:00,666.4199829101562
2009-01-19 00:00:00,669.4099731445312
2009-01-20 00:00:00,669.780029296875
2009-01-21 00:00:00,649.6699829101562
2009-01-22 00:00:00,637.22998046875
2009-01-26 00:00:00,653.719970703125
2009-01-27 00:00:00,650.030029296875
2009-01-28 00:00:00,670.1900024414062
2009-01-29 00:00:00,660.6300048828125
2009-02-02 00:00:00,652.5599975585938
2009-02-03 00:00:00,663.530029296875
2009-02-04 00:00:00,678.2899780273438
2009-02-05 00:00:00,682.4600219726562
2009-02-09 00:00:00,708.47998046875
2009-02-11 00:00:00,689.9400024414062
2009-02-12 00:00:00,687.6400146484375
2009-02-16 00:00:00,692.4099731445312
2009-02-17 00:00:00,679.1300048828125
2009-02-18 00:00:00,691.3300170898438
2009-02-19 00:00:00,688.5999755859375
2009-02-23 00:00:00,663.4299926757812
2009-02-24 00:00:00,654.489990234375
2009-02-25 00:00:00,658.6900024414062
2009-02-26 00:00:00,665.989990234375
2009-03-02 00:00:00,637.5
2009-03-03 00:00:00,640.75
2009-03-04 00:00:00,655.2899780273438
2009-03-05 00:00:00,638.469970703125
2009-03-09 00:00:00,638.030029296875
2009-03-11 00:00:00,652.27001953125
2009-03-12 00:00:00,649.9199829101562
2009-03-16 00:00:00,672.9500122070312
2009-03-17 00:00:00,674.27001953125
2009-03-18 00:00:00,672.9099731445312
2009-03-19 00:00:00,675.1799926757812
2009-03-23 00:00:00,694.47998046875
2009-03-24 00:00:00,696.4099731445312
2009-03-25 00:00:00,717.77001953125
2009-03-26 00:00:00,744.3499755859375
2009-03-30 00:00:00,721.52001953125
2009-03-31 00:00:00,728.3499755859375
2009-04-01 00:00:00,727.02001953125
2009-04-02 00:00:00,765.77001953125
2009-04-06 00:00:00,756.02001953125
2009-04-07 00:00:00,756.3699951171875
2009-04-13 00:00:00,780.75
2009-04-16 00:00:00,793.4299926757812
2009-04-20 00:00:00,764.3300170898438
2009-04-21 00:00:00,751.6300048828125
2009-04-22 00:00:00,762.1400146484375
2009-04-23 00:00:00,781.0399780273438
2009-04-27 00:00:00,794.8099975585938
2009-04-30 00:00:00,812.3200073242188
2009-05-04 00:00:00,823.72998046875
2009-05-05 00:00:00,826.1699829101562
2009-05-06 00:00:00,837.1799926757812
2009-05-07 00:00:00,837.3599853515625
2009-05-11 00:00:00,829.530029296875
2009-05-12 00:00:00,838.5800170898438
2009-05-13 00:00:00,825.02001953125
2009-05-14 00:00:00,826.2100219726562
2009-05-18 00:00:00,836.1799926757812
2009-05-19 00:00:00,857.1300048828125
2009-05-20 00:00:00,869.6699829101562
2009-05-21 00:00:00,860.4500122070312
2009-05-25 00:00:00,859.0700073242188
2009-05-26 00:00:00,846.2899780273438
2009-05-27 00:00:00,866.1500244140625
2009-06-01 00:00:00,897.1900024414062
2009-06-02 00:00:00,896.5999755859375
2009-06-03 00:00:00,883.7999877929688
2009-06-04 00:00:00,882.2999877929688
2009-06-08 00:00:00,881.9500122070312
2009-06-09 00:00:00,896.030029296875
2009-06-10 00:00:00,885.7999877929688
2009-06-11 00:00:00,880.27001953125
2009-06-15 00:00:00,851.489990234375
2009-06-16 00:00:00,857.4500122070312
2009-06-17 00:00:00,836.4600219726562
2009-06-18 00:00:00,832.739990234375
2009-06-22 00:00:00,840.5999755859375
2009-06-23 00:00:00,839.6699829101562
2009-06-24 00:00:00,857.530029296875
2009-06-25 00:00:00,840.969970703125
2009-06-29 00:00:00,868.4299926757812
2009-06-30 00:00:00,862.4299926757812
2009-07-01 00:00:00,871.5399780273438
2009-07-02 00:00:00,862.27001953125
2009-07-06 00:00:00,842.2999877929688
2009-07-07 00:00:00,846.1699829101562
2009-07-08 00:00:00,846.8200073242188
2009-07-09 00:00:00,848.5499877929688
2009-07-13 00:00:00,851.5999755859375
2009-07-14 00:00:00,858.280029296875
2009-07-15 00:00:00,872.6400146484375
2009-07-16 00:00:00,874.5700073242188
2009-07-20 00:00:00,893.1300048828125
2009-07-21 00:00:00,911.9199829101562
2009-07-22 00:00:00,907.77001953125
2009-07-23 00:00:00,915.4400024414062
2009-07-27 00:00:00,939.719970703125
2009-07-28 00:00:00,942.0599975585938
2009-07-29 00:00:00,950.489990234375
2009-08-03 00:00:00,969.0900268554688
2009-08-04 00:00:00,965.3900146484375
2009-08-05 00:00:00,972.7999877929688
2009-08-06 00:00:00,986.6199951171875
2009-08-10 00:00:00,954.8699951171875
2009-08-11 00:00:00,942.3699951171875
2009-08-12 00:00:00,941.1099853515625
2009-08-13 00:00:00,958.4000244140625
2009-08-17 00:00:00,922.489990234375
2009-08-18 00:00:00,940.0700073242188
2009-08-19 00:00:00,934.1300048828125
2009-08-20 00:00:00,948.4600219726562
2009-08-24 00:00:00,982.5599975585938
2009-08-25 00:00:00,1002.7000122070312
2009-08-26 00:00:00,992.8499755859375
2009-08-27 00:00:00,972.4199829101562
2009-08-31 00:00:00,945.9000244140625
2009-09-01 00:00:00,960.5900268554688
2009-09-02 00:00:00,949.489990234375
2009-09-03 00:00:00,969.6500244140625
2009-09-07 00:00:00,965.97998046875
2009-09-08 00:00:00,974.0599975585938
2009-09-09 00:00:00,975.9000244140625
2009-09-10 00:00:00,964.6799926757812
2009-09-14 00:00:00,939.7100219726562
2009-09-15 00:00:00,950.97998046875
2009-09-16 00:00:00,974.9000244140625
2009-09-17 00:00:00,973.530029296875
2009-09-21 00:00:00,967.9000244140625
2009-09-22 00:00:00,985.2999877929688
2009-09-23 00:00:00,989.6900024414062
2009-09-24 00:00:00,996.6400146484375
2009-09-29 00:00:00,1015.9500122070312
2009-09-30 00:00:00,995.27001953125
2009-10-01 00:00:00,1009.5
2009-10-05 00:00:00,1009.4299926757812
2009-10-06 00:00:00,1025.9200439453125
2009-10-07 00:00:00,1025.97998046875
2009-10-08 00:00:00,1034.6600341796875
2009-10-12 00:00:00,1038.1199951171875
2009-10-13 00:00:00,1027.93994140625
2009-10-14 00:00:00,1042.1700439453125
2009-10-15 00:00:00,1041.6300048828125
2009-10-19 00:00:00,1042.6199951171875
2009-10-20 00:00:00,1042.1099853515625
2009-10-21 00:00:00,1046.050048828125
2009-10-22 00:00:00,1043.4599609375
2009-10-26 00:00:00,1055.47998046875
2009-10-27 00:00:00,1050.1600341796875
2009-10-28 00:00:00,1031.8900146484375
2009-10-29 00:00:00,1022.1799926757812
2009-11-02 00:00:00,1005.9500122070312
2009-11-03 00:00:00,991.9000244140625
2009-11-04 00:00:00,1016.5800170898438
2009-11-05 00:00:00,1022.6400146484375
2009-11-09 00:00:00,1045.5799560546875
2009-11-10 00:00:00,1045.47998046875
2009-11-11 00:00:00,1055.030029296875
2009-11-12 00:00:00,1055.0699462890625
2009-11-16 00:00:00,1064.780029296875
2009-11-17 00:00:00,1067.949951171875
2009-11-18 00:00:00,1065.75
2009-11-19 00:00:00,1065.3399658203125
2009-11-23 00:00:00,1077.9000244140625
2009-11-24 00:00:00,1082.0400390625
2009-11-25 00:00:00,1090.800048828125
2009-11-26 00:00:00,1078.8800048828125
2009-11-30 00:00:00,1082.550048828125
2009-12-01 00:00:00,1097.52001953125
2009-12-02 00:00:00,1100.9300537109375
2009-12-03 00:00:00,1114.719970703125
2009-12-07 00:00:00,1122.3299560546875
2009-12-08 00:00:00,1111.8499755859375
2009-12-09 00:00:00,1109.1500244140625
2009-12-10 00:00:00,1122.31005859375
2009-12-14 00:00:00,1128.3900146484375
2009-12-15 00:00:00,1112.1400146484375
2009-12-16 00:00:00,1120.5999755859375
2009-12-17 00:00:00,1105.3399658203125
2009-12-21 00:00:00,1117.3800048828125
2009-12-22 00:00:00,1130.0999755859375
2009-12-23 00:00:00,1129.9000244140625
2009-12-24 00:00:00,1146.280029296875
2009-12-28 00:00:00,1142.72998046875
2009-12-29 00:00:00,1138.3699951171875
2009-12-30 00:00:00,1140.68994140625
2009-12-31 00:00:00,1145.06005859375
2010-01-04 00:00:00,1163.1099853515625
2010-01-05 00:00:00,1168.6500244140625
2010-01-06 00:00:00,1169.75
2010-01-07 00:00:00,1166.22998046875
2010-01-11 00:00:00,1169.7099609375
2010-01-12 00:00:00,1145.8499755859375
2010-01-13 00:00:00,1151.9000244140625
2010-01-14 00:00:00,1146.949951171875
2010-01-18 00:00:00,1159.22998046875
2010-01-19 00:00:00,1156.3800048828125
2010-01-20 00:00:00,1151.9200439453125
2010-01-21 00:00:00,1155.6199951171875
2010-01-25 00:00:00,1136.3599853515625
2010-01-26 00:00:00,1128.469970703125
2010-01-27 00:00:00,1125.0400390625
2010-01-28 00:00:00,1135.7900390625
2010-02-01 00:00:00,1123.1800537109375
2010-02-02 00:00:00,1130.800048828125
2010-02-03 00:00:00,1139.489990234375
2010-02-04 00:00:00,1135.1700439453125
2010-02-08 00:00:00,1118.6099853515625
2010-02-09 00:00:00,1129.030029296875
2010-02-10 00:00:00,1135.1600341796875
2010-02-11 00:00:00,1136.4599609375
2010-02-15 00:00:00,1160.02001953125
2010-02-16 00:00:00,1166.530029296875
2010-02-17 00:00:00,1166.530029296875
2010-02-18 00:00:00,1165.9599609375
2010-02-22 00:00:00,1176.469970703125
2010-02-23 00:00:00,1169.4599609375
2010-02-24 00:00:00,1172.3399658203125
2010-02-25 00:00:00,1159.6099853515625
2010-03-01 00:00:00,1187.0799560546875
2010-03-02 00:00:00,1195.719970703125
2010-03-03 00:00:00,1195.030029296875
2010-03-04 00:00:00,1207.6300048828125
2010-03-08 00:00:00,1207.010009765625
2010-03-09 00:00:00,1198.81005859375
2010-03-10 00:00:00,1208.0899658203125
2010-03-11 00:00:00,1209.4000244140625
2010-03-15 00:00:00,1207.9200439453125
2010-03-16 00:00:00,1210.489990234375
2010-03-17 00:00:00,1221.0400390625
2010-03-18 00:00:00,1214.9300537109375
2010-03-22 00:00:00,1202.280029296875
2010-03-23 00:00:00,1216.239990234375
2010-03-24 00:00:00,1225.43994140625
2010-03-25 00:00:00,1231.300048828125
2010-03-31 00:00:00,1229.0699462890625
2010-04-01 00:00:00,1233.300048828125
2010-04-06 00:00:00,1237.8499755859375
2010-04-07 00:00:00,1230.1800537109375
2010-04-08 00:00:00,1212.02001953125
2010-04-12 00:00:00,1220.4599609375
2010-04-13 00:00:00,1220.6199951171875
2010-04-14 00:00:00,1231.1800537109375
2010-04-15 00:00:00,1215.010009765625
2010-04-21 00:00:00,1207.6400146484375
2010-04-22 00:00:00,1199.6300048828125
2010-04-26 00:00:00,1204.0999755859375
2010-04-27 00:00:00,1199.43994140625
2010-04-28 00:00:00,1185.989990234375
2010-04-29 00:00:00,1164.22998046875
2010-05-03 00:00:00,1173.75
2010-05-04 00:00:00,1153.800048828125
2010-05-05 00:00:00,1133.43994140625
2010-05-06 00:00:00,1140.6099853515625
2010-05-10 00:00:00,1165.06005859375
2010-05-11 00:00:00,1145.0400390625
2010-05-12 00:00:00,1163.969970703125
2010-05-13 00:00:00,1154.6199951171875
2010-05-17 00:00:00,1131.260009765625
2010-05-20 00:00:00,1101.449951171875
2010-05-24 00:00:00,1111.97998046875
2010-05-25 00:00:00,1076.93994140625
2010-05-26 00:00:00,1103.8399658203125
2010-05-27 00:00:00,1106.449951171875
2010-05-31 00:00:00,1082.739990234375
2010-06-01 00:00:00,1072.6199951171875
2010-06-02 00:00:00,1072.7900390625
2010-06-03 00:00:00,1097.3800048828125
2010-06-07 00:00:00,1080.5
2010-06-08 00:00:00,1075.9200439453125
2010-06-09 00:00:00,1089.9300537109375
2010-06-10 00:00:00,1090.800048828125
2010-06-14 00:00:00,1110.43994140625
2010-06-15 00:00:00,1109.6600341796875
2010-06-16 00:00:00,1098.9599609375
2010-06-17 00:00:00,1105.050048828125
2010-06-21 00:00:00,1132.4300537109375
2010-06-22 00:00:00,1126.280029296875
2010-06-23 00:00:00,1117.6500244140625
2010-06-24 00:00:00,1093.6500244140625
2010-06-28 00:00:00,1093.489990234375
2010-06-29 00:00:00,1070.6700439453125
2010-06-30 00:00:00,1062.449951171875
2010-07-01 00:00:00,1061.56005859375
2010-07-05 00:00:00,1074.8900146484375
2010-07-06 00:00:00,1089.780029296875
2010-07-07 00:00:00,1074.22998046875
2010-07-08 00:00:00,1090.1500244140625
2010-07-12 00:00:00,1111.4200439453125
2010-07-13 00:00:00,1115.7099609375
2010-07-14 00:00:00,1105.0699462890625
2010-07-15 00:00:00,1111.31005859375
2010-07-19 00:00:00,1094.22998046875
2010-07-21 00:00:00,1110.1300048828125
2010-07-22 00:00:00,1118.510009765625
2010-07-26 00:00:00,1117.3499755859375
2010-07-27 00:00:00,1122.68994140625
2010-07-28 00:00:00,1120.550048828125
2010-07-29 00:00:00,1118.5899658203125
2010-08-02 00:00:00,1140.4000244140625
2010-08-03 00:00:00,1134.1300048828125
2010-08-04 00:00:00,1145.8599853515625
2010-08-05 00:00:00,1149.5999755859375
2010-08-09 00:00:00,1164.9599609375
2010-08-10 00:00:00,1161.0899658203125
2010-08-11 00:00:00,1150.010009765625
2010-08-12 00:00:00,1140.260009765625
2010-08-16 00:00:00,1152.6300048828125
2010-08-17 00:00:00,1168.989990234375
2010-08-18 00:00:00,1166.469970703125
2010-08-19 00:00:00,1162.4300537109375
2010-08-23 00:00:00,1161.7099609375
2010-08-24 00:00:00,1141.1300048828125
2010-08-25 00:00:00,1127.0699462890625
2010-08-26 00:00:00,1139.800048828125
2010-08-30 00:00:00,1143.1099853515625
2010-08-31 00:00:00,1134.97998046875
2010-09-01 00:00:00,1154.1300048828125
2010-09-02 00:00:00,1157.449951171875
2010-09-06 00:00:00,1173.6300048828125
2010-09-07 00:00:00,1171.06005859375
2010-09-13 00:00:00,1181.52001953125
2010-09-14 00:00:00,1179.1600341796875
2010-09-15 00:00:00,1178.0899658203125
2010-09-16 00:00:00,1174.949951171875
2010-09-20 00:00:00,1204.5
2010-09-21 00:00:00,1227.18994140625
2010-09-27 00:00:00,1225.9300537109375
2010-09-28 00:00:00,1225.9200439453125
2010-10-04 00:00:00,1222.9000244140625
2010-10-05 00:00:00,1236.8299560546875
2010-10-06 00:00:00,1227.199951171875
2010-10-07 00:00:00,1216.3800048828125
2010-10-11 00:00:00,1242.5
2010-10-12 00:00:00,1238.0699462890625
2010-10-13 00:00:00,1255.52001953125
2010-10-14 00:00:00,1256.97998046875
2010-10-18 00:00:00,1259.1700439453125
2010-10-19 00:00:00,1251.02001953125
2010-10-20 00:00:00,1256.6700439453125
2010-10-21 00:00:00,1272.25
2010-10-25 00:00:00,1275.1099853515625
2010-10-26 00:00:00,1261.8399658203125
2010-10-27 00:00:00,1258.8499755859375
2010-10-28 00:00:00,1270.3800048828125
2010-11-01 00:00:00,1277.280029296875
2010-11-02 00:00:00,1273.300048828125
2010-11-03 00:00:00,1262.5400390625
2010-11-04 00:00:00,1265.199951171875
2010-11-08 00:00:00,1261.0699462890625
2010-11-09 00:00:00,1268.3599853515625
2010-11-10 00:00:00,1261.300048828125
2010-11-11 00:00:00,1240.52001953125
2010-11-15 00:00:00,1255.75
2010-11-16 00:00:00,1245.260009765625
2010-11-17 00:00:00,1248.1099853515625
2010-11-18 00:00:00,1265.1099853515625
2010-11-22 00:00:00,1268.81005859375
2010-11-23 00:00:00,1254.5799560546875
2010-11-24 00:00:00,1262.02001953125
2010-11-25 00:00:00,1262.4200439453125
2010-11-29 00:00:00,1263.1300048828125
2010-11-30 00:00:00,1246.449951171875
2010-12-01 00:00:00,1255.2099609375
2010-12-02 00:00:00,1261.72998046875
2010-12-06 00:00:00,1284.6600341796875
2010-12-07 00:00:00,1295.1600341796875
2010-12-08 00:00:00,1292.52001953125
2010-12-09 00:00:00,1298.969970703125
2010-12-13 00:00:00,1303.8800048828125
2010-12-14 00:00:00,1304.47998046875
2010-12-15 00:00:00,1297.6099853515625
2010-12-16 00:00:00,1306.1800537109375
2010-12-20 00:00:00,1314.72998046875
2010-12-21 00:00:00,1314.4000244140625
2010-12-22 00:00:00,1313.1500244140625
2010-12-23 00:00:00,1305.449951171875
2010-12-27 00:00:00,1302.97998046875
2010-12-28 00:00:00,1305.6099853515625
2010-12-29 00:00:00,1330.800048828125
2010-12-30 00:00:00,1326.43994140625
2011-01-03 00:00:00,1335.030029296875
2011-01-04 00:00:00,1333.25
2011-01-05 00:00:00,1332.3399658203125
2011-01-06 00:00:00,1335.989990234375
2011-01-10 00:00:00,1322.699951171875
2011-01-11 00:00:00,1335.1400146484375
2011-01-12 00:00:00,1337.0899658203125
2011-01-13 00:00:00,1335.8199462890625
2011-01-17 00:00:00,1334.4200439453125
2011-01-18 00:00:00,1339.52001953125
2011-01-19 00:00:00,1340.31005859375
2011-01-20 00:00:00,1337.56005859375
2011-01-24 00:00:00,1328.75
2011-01-25 00:00:00,1324.6400146484375
2011-01-26 00:00:00,1329.31005859375
2011-01-27 00:00:00,1332.489990234375
2011-01-31 00:00:00,1292.75
2011-02-01 00:00:00,1289.7099609375
2011-02-02 00:00:00,1300.6800537109375
2011-02-03 00:00:00,1299.1199951171875
2011-02-07 00:00:00,1323.6800537109375
2011-02-08 00:00:00,1321.8499755859375
2011-02-09 00:00:00,1313.1800537109375
2011-02-10 00:00:00,1302.3800048828125
2011-02-14 00:00:00,1315.3800048828125
2011-02-15 00:00:00,1315.3299560546875
2011-02-16 00:00:00,1334.550048828125
2011-02-17 00:00:00,1334.72998046875
2011-02-21 00:00:00,1331.6400146484375
2011-02-22 00:00:00,1314.1600341796875
2011-02-23 00:00:00,1295.5999755859375
2011-02-24 00:00:00,1272.6199951171875
2011-02-28 00:00:00,1289.719970703125
2011-03-01 00:00:00,1273.6700439453125
2011-03-02 00:00:00,1264.719970703125
2011-03-03 00:00:00,1272.550048828125
2011-03-07 00:00:00,1275.8599853515625
2011-03-08 00:00:00,1265.199951171875
2011-03-09 00:00:00,1253.2099609375
2011-03-10 00:00:00,1262.469970703125
2011-03-14 00:00:00,1254.489990234375
2011-03-15 00:00:00,1243.2900390625
2011-03-16 00:00:00,1250.56005859375
2011-03-17 00:00:00,1267.5400390625
2011-03-21 00:00:00,1290.780029296875
2011-03-22 00:00:00,1296.6400146484375
2011-03-23 00:00:00,1284.0400390625
2011-03-24 00:00:00,1280.43994140625
2011-03-28 00:00:00,1311.510009765625
2011-03-29 00:00:00,1315.280029296875
2011-03-30 00:00:00,1320.43994140625
2011-03-31 00:00:00,1321.1800537109375
2011-04-04 00:00:00,1332.3299560546875
2011-04-05 00:00:00,1326.8800048828125
2011-04-06 00:00:00,1335.0999755859375
2011-04-07 00:00:00,1317.68994140625
2011-04-11 00:00:00,1332.300048828125
2011-04-12 00:00:00,1331.300048828125
2011-04-13 00:00:00,1330.72998046875
2011-04-14 00:00:00,1326.18994140625
2011-04-20 00:00:00,1339.1800537109375
2011-04-21 00:00:00,1341.8900146484375
2011-04-26 00:00:00,1333.1400146484375
2011-04-27 00:00:00,1332.8900146484375
2011-04-28 00:00:00,1314.56005859375
2011-05-02 00:00:00,1291.8900146484375
2011-05-03 00:00:00,1281.9100341796875
2011-05-04 00:00:00,1292.97998046875
2011-05-05 00:00:00,1277.239990234375
2011-05-11 00:00:00,1300.8399658203125
2011-05-12 00:00:00,1290.800048828125
2011-05-16 00:00:00,1288.27001953125
2011-05-17 00:00:00,1288.510009765625
2011-05-18 00:00:00,1290.4200439453125
2011-05-19 00:00:00,1293.239990234375
2011-05-23 00:00:00,1262.8399658203125
2011-05-24 00:00:00,1250.760009765625
2011-05-25 00:00:00,1224.1700439453125
2011-05-26 00:00:00,1237.8900146484375
2011-05-30 00:00:00,1249.97998046875
2011-05-31 00:00:00,1266.8800048828125
2011-06-01 00:00:00,1246.6099853515625
2011-06-02 00:00:00,1227.949951171875
2011-06-06 00:00:00,1229.199951171875
2011-06-09 00:00:00,1219.449951171875
2011-06-13 00:00:00,1210.989990234375
2011-06-14 00:00:00,1222.6700439453125
2011-06-15 00:00:00,1189.530029296875
2011-06-16 00:00:00,1205.5899658203125
2011-06-20 00:00:00,1205.25
2011-06-21 00:00:00,1223.1800537109375
2011-06-22 00:00:00,1232.1600341796875
2011-06-23 00:00:00,1211.0799560546875
2011-06-27 00:00:00,1209.22998046875
2011-06-28 00:00:00,1224.81005859375
2011-06-29 00:00:00,1229.1800537109375
2011-06-30 00:00:00,1223.9100341796875
2011-07-04 00:00:00,1249.3199462890625
2011-07-05 00:00:00,1248.6300048828125
2011-07-06 00:00:00,1238.56005859375
2011-07-07 00:00:00,1260.1600341796875
2011-07-11 00:00:00,1247.3800048828125
2011-07-12 00:00:00,1251.22998046875
2011-07-13 00:00:00,1250.56005859375
2011-07-14 00:00:00,1251.4000244140625
2011-07-18 00:00:00,1240.300048828125
2011-07-19 00:00:00,1248.760009765625
2011-07-20 00:00:00,1259.219970703125
2011-07-21 00:00:00,1263.469970703125
2011-07-25 00:00:00,1260.4300537109375
2011-07-26 00:00:00,1261.9300537109375
2011-07-27 00:00:00,1255.0400390625
2011-07-28 00:00:00,1232.739990234375
2011-08-01 00:00:00,1199.449951171875
2011-08-02 00:00:00,1187.97998046875
2011-08-03 00:00:00,1178.2099609375
2011-08-04 00:00:00,1154.9599609375
2011-08-08 00:00:00,1090.3900146484375
2011-08-10 00:00:00,1059.6800537109375
2011-08-11 00:00:00,1068.6300048828125
2011-08-15 00:00:00,1091.0400390625
2011-08-16 00:00:00,1075.31005859375
2011-08-17 00:00:00,1107.2099609375
2011-08-18 00:00:00,1065.1800537109375
2011-08-22 00:00:00,1109.3399658203125
2011-08-23 00:00:00,1105.949951171875
2011-08-24 00:00:00,1115.25
2011-08-25 00:00:00,1088.8699951171875
2011-08-29 00:00:00,1122.52001953125
2011-08-30 00:00:00,1121.1700439453125
2011-08-31 00:00:00,1132.510009765625
2011-09-01 00:00:00,1132.199951171875
2011-09-05 00:00:00,1062.3599853515625
2011-09-06 00:00:00,1032.739990234375
2011-09-07 00:00:00,1072.4100341796875
2011-09-08 00:00:00,1062.780029296875
2011-09-12 00:00:00,999.4600219726562
2011-09-13 00:00:00,1019.8099975585938
2011-09-14 00:00:00,1036.5
2011-09-15 00:00:00,1056.8299560546875
2011-09-19 00:00:00,1033.8900146484375
2011-09-20 00:00:00,1067.989990234375
2011-09-21 00:00:00,1085.8599853515625
2011-09-22 00:00:00,1038.9100341796875
2011-09-26 00:00:00,1062.5899658203125
2011-09-27 00:00:00,1077.7900390625
2011-10-03 00:00:00,1061.0799560546875
2011-10-04 00:00:00,1020.9199829101562
2011-10-05 00:00:00,1038.5
2011-10-06 00:00:00,1049.9200439453125
2011-10-10 00:00:00,1077.7900390625
2011-10-11 00:00:00,1084.72998046875
2011-10-17 00:00:00,1127.760009765625
2011-10-18 00:00:00,1122.6199951171875
2011-10-24 00:00:00,1140.949951171875
2011-10-25 00:00:00,1135.27001953125
2011-10-26 00:00:00,1140.47998046875
2011-10-27 00:00:00,1168.52001953125
2011-10-31 00:00:00,1133.6800537109375
2011-11-01 00:00:00,1102.0699462890625
2011-11-02 00:00:00,1100.6800537109375
2011-11-03 00:00:00,1106.52001953125
2011-11-07 00:00:00,1111.969970703125
2011-11-08 00:00:00,1126.989990234375
2011-11-09 00:00:00,1092.969970703125
2011-11-10 00:00:00,1105.8399658203125
2011-11-14 00:00:00,1122.4100341796875
2011-11-15 00:00:00,1117.1500244140625
2011-11-16 00:00:00,1112.2099609375
2011-11-17 00:00:00,1103.6800537109375
2011-11-21 00:00:00,1047.8900146484375
2011-11-22 00:00:00,1031.81005859375
2011-11-23 00:00:00,1029.1300048828125
2011-11-24 00:00:00,1017.6400146484375
2011-11-28 00:00:00,1065.31005859375
2011-11-29 00:00:00,1040.9599609375
2011-11-30 00:00:00,1082.3599853515625
2011-12-01 00:00:00,1085.199951171875
2011-12-05 00:00:00,1108.93994140625
2011-12-06 00:00:00,1090.199951171875
2011-12-07 00:00:00,1067.97998046875
2011-12-08 00:00:00,1070.72998046875
2011-12-12 00:00:00,1063.469970703125
2011-12-13 00:00:00,1077.1500244140625
2011-12-14 00:00:00,1074.699951171875
2011-12-15 00:00:00,1093.3699951171875
2011-12-19 00:00:00,1099.1800537109375
2011-12-20 00:00:00,1107.72998046875
2011-12-21 00:00:00,1092.300048828125
2011-12-22 00:00:00,1091.4599609375
2011-12-26 00:00:00,1123.56005859375
2011-12-27 00:00:00,1120.81005859375
2011-12-28 00:00:00,1113.31005859375
2011-12-29 00:00:00,1085.5899658203125
2012-01-02 00:00:00,1107.550048828125
2012-01-03 00:00:00,1110.4200439453125
2012-01-04 00:00:00,1111.530029296875
2012-01-05 00:00:00,1113.22998046875
2012-01-09 00:00:00,1115.6099853515625
2012-01-10 00:00:00,1134.0699462890625
2012-01-11 00:00:00,1122.9300537109375
2012-01-12 00:00:00,1128.550048828125
2012-01-16 00:00:00,1119.0799560546875
2012-01-17 00:00:00,1133.5799560546875
2012-01-18 00:00:00,1131.300048828125
2012-01-19 00:00:00,1136.6400146484375
2012-01-23 00:00:00,1132.47998046875
2012-01-24 00:00:00,1122.699951171875
2012-01-25 00:00:00,1113.739990234375
2012-01-26 00:00:00,1130.25
2012-01-30 00:00:00,1113.280029296875
2012-01-31 00:00:00,1119.5
2012-02-01 00:00:00,1123.1600341796875
2012-02-02 00:00:00,1121.27001953125
2012-02-06 00:00:00,1116.3199462890625
2012-02-07 00:00:00,1117.0
2012-02-13 00:00:00,1119.489990234375
2012-02-14 00:00:00,1112.6400146484375
2012-02-15 00:00:00,1114.06005859375
2012-02-16 00:00:00,1105.2099609375
2012-02-20 00:00:00,1116.780029296875
2012-02-21 00:00:00,1120.18994140625
2012-02-22 00:00:00,1117.97998046875
2012-02-23 00:00:00,1097.6099853515625
2012-02-27 00:00:00,1075.050048828125
2012-02-28 00:00:00,1065.0699462890625
2012-02-29 00:00:00,1081.3499755859375
2012-03-01 00:00:00,1091.97998046875
2012-03-05 00:00:00,1092.4200439453125
2012-03-06 00:00:00,1076.31005859375
2012-03-07 00:00:00,1079.5899658203125
2012-03-12 00:00:00,1073.25
2012-03-13 00:00:00,1080.9000244140625
2012-03-14 00:00:00,1111.800048828125
2012-03-15 00:00:00,1109.6300048828125
2012-03-19 00:00:00,1109.8699951171875
2012-03-20 00:00:00,1108.260009765625
2012-03-21 00:00:00,1115.1600341796875
2012-03-22 00:00:00,1115.739990234375
2012-03-26 00:00:00,1148.9599609375
2012-03-27 00:00:00,1149.4300537109375
2012-03-28 00:00:00,1145.5999755859375
2012-03-29 00:00:00,1124.8499755859375
2012-04-02 00:00:00,1135.6600341796875
2012-04-03 00:00:00,1146.780029296875
2012-04-04 00:00:00,1141.5699462890625
2012-04-05 00:00:00,1144.8499755859375
2012-04-09 00:00:00,1133.6500244140625
2012-04-10 00:00:00,1138.1099853515625
2012-04-11 00:00:00,1130.8800048828125
2012-04-16 00:00:00,1131.43994140625
2012-04-17 00:00:00,1145.8599853515625
2012-04-18 00:00:00,1142.800048828125
2012-04-19 00:00:00,1153.1099853515625
2012-04-23 00:00:00,1148.280029296875
2012-04-24 00:00:00,1162.949951171875
2012-04-30 00:00:00,1164.3599853515625
2012-05-01 00:00:00,1166.3199462890625
2012-05-02 00:00:00,1158.6500244140625
2012-05-03 00:00:00,1167.6700439453125
2012-05-07 00:00:00,1147.719970703125
2012-05-08 00:00:00,1145.3299560546875
2012-05-09 00:00:00,1130.8299560546875
2012-05-10 00:00:00,1135.219970703125
2012-05-14 00:00:00,1111.47998046875
2012-05-15 00:00:00,1090.8800048828125
2012-05-16 00:00:00,1103.5899658203125
2012-05-17 00:00:00,1081.739990234375
2012-05-21 00:00:00,1064.3800048828125
2012-05-22 00:00:00,1065.93994140625
2012-05-23 00:00:00,1045.219970703125
2012-05-24 00:00:00,1050.9200439453125
2012-05-28 00:00:00,1060.0400390625
2012-05-29 00:00:00,1056.739990234375
2012-05-30 00:00:00,1049.1800537109375
2012-05-31 00:00:00,1065.02001953125
2012-06-04 00:00:00,1051.5699462890625
2012-06-05 00:00:00,1055.8199462890625
2012-06-06 00:00:00,1069.6400146484375
2012-06-07 00:00:00,1089.4300537109375
2012-06-11 00:00:00,1080.0400390625
2012-06-12 00:00:00,1080.0799560546875
2012-06-13 00:00:00,1062.4000244140625
2012-06-14 00:00:00,1049.5799560546875
2012-06-18 00:00:00,1067.52001953125
2012-06-19 00:00:00,1081.530029296875
2012-06-20 00:00:00,1078.77001953125
2012-06-21 00:00:00,1073.4599609375
2012-06-25 00:00:00,1065.9200439453125
2012-06-26 00:00:00,1064.6800537109375
2012-06-27 00:00:00,1066.300048828125
2012-06-28 00:00:00,1057.6300048828125
2012-07-02 00:00:00,1078.06005859375
2012-07-03 00:00:00,1079.1600341796875
2012-07-04 00:00:00,1078.8900146484375
2012-07-05 00:00:00,1083.4200439453125
2012-07-09 00:00:00,1075.6700439453125
2012-07-10 00:00:00,1079.010009765625
2012-07-11 00:00:00,1075.050048828125
2012-07-12 00:00:00,1067.219970703125
2012-07-16 00:00:00,1056.3499755859375
2012-07-17 00:00:00,1059.9599609375
2012-07-18 00:00:00,1057.4200439453125
2012-07-19 00:00:00,1079.4599609375
2012-07-23 00:00:00,1055.9000244140625
2012-07-24 00:00:00,1065.8599853515625
2012-07-25 00:00:00,1079.3499755859375
2012-07-26 00:00:00,1093.0899658203125
2012-07-30 00:00:00,1110.5699462890625
2012-07-31 00:00:00,1105.7900390625
2012-08-01 00:00:00,1106.56005859375
2012-08-02 00:00:00,1096.010009765625
2012-08-06 00:00:00,1097.550048828125
2012-08-07 00:00:00,1109.1199951171875
2012-08-08 00:00:00,1110.219970703125
2012-08-09 00:00:00,1107.260009765625
2012-08-13 00:00:00,1083.8599853515625
2012-08-14 00:00:00,1091.4200439453125
2012-08-15 00:00:00,1091.6199951171875
2012-08-16 00:00:00,1099.6600341796875
2012-08-20 00:00:00,1104.8699951171875
2012-08-21 00:00:00,1118.72998046875
2012-08-22 00:00:00,1115.0699462890625
2012-08-23 00:00:00,1109.4200439453125
2012-08-27 00:00:00,1115.760009765625
2012-08-28 00:00:00,1108.22998046875
2012-08-29 00:00:00,1120.75
2012-08-30 00:00:00,1120.5799560546875
2012-09-03 00:00:00,1119.68994140625
2012-09-04 00:00:00,1113.52001953125
2012-09-05 00:00:00,1113.6700439453125
2012-09-06 00:00:00,1112.5699462890625
2012-09-10 00:00:00,1131.469970703125
2012-09-11 00:00:00,1130.7099609375
2012-09-12 00:00:00,1133.8399658203125
2012-09-13 00:00:00,1133.050048828125
2012-09-19 00:00:00,1138.0999755859375
2012-09-20 00:00:00,1138.3299560546875
2012-09-24 00:00:00,1166.97998046875
2012-09-27 00:00:00,1189.25
2012-10-02 00:00:00,1216.3499755859375
2012-10-03 00:00:00,1229.8199462890625
2012-10-04 00:00:00,1226.22998046875
2012-10-09 00:00:00,1207.550048828125
2012-10-10 00:00:00,1206.4100341796875
2012-10-11 00:00:00,1216.8599853515625
2012-10-15 00:00:00,1228.8199462890625
2012-10-16 00:00:00,1233.6099853515625
2012-10-17 00:00:00,1233.489990234375
2012-10-18 00:00:00,1217.260009765625
2012-10-22 00:00:00,1207.510009765625
2012-10-23 00:00:00,1192.0699462890625
2012-10-24 00:00:00,1202.489990234375
2012-10-25 00:00:00,1209.739990234375
2012-10-29 00:00:00,1199.6099853515625
2012-10-30 00:00:00,1209.1199951171875
2012-10-31 00:00:00,1214.219970703125
2012-11-01 00:00:00,1219.7099609375
2012-11-05 00:00:00,1223.9599609375
2012-11-06 00:00:00,1229.6600341796875
2012-11-07 00:00:00,1212.199951171875
2012-11-08 00:00:00,1211.5699462890625
2012-11-12 00:00:00,1199.4100341796875
2012-11-13 00:00:00,1200.3299560546875
2012-11-14 00:00:00,1189.219970703125
2012-11-15 00:00:00,1181.760009765625
2012-11-19 00:00:00,1206.1300048828125
2012-11-20 00:00:00,1204.9000244140625
2012-11-21 00:00:00,1208.6600341796875
2012-11-22 00:00:00,1211.030029296875
2012-11-26 00:00:00,1229.5999755859375
2012-11-27 00:00:00,1235.4599609375
2012-11-28 00:00:00,1226.1300048828125
2012-11-29 00:00:00,1229.969970703125
2012-12-03 00:00:00,1232.3399658203125
2012-12-04 00:00:00,1225.31005859375
2012-12-05 00:00:00,1230.6600341796875
2012-12-06 00:00:00,1228.530029296875
2012-12-10 00:00:00,1234.2900390625
2012-12-11 00:00:00,1244.510009765625
2012-12-12 00:00:00,1244.449951171875
2012-12-13 00:00:00,1230.8800048828125
2012-12-17 00:00:00,1211.6500244140625
2012-12-18 00:00:00,1216.3900146484375
2012-12-19 00:00:00,1226.3399658203125
2012-12-20 00:00:00,1220.739990234375
2012-12-24 00:00:00,1190.9100341796875
2012-12-25 00:00:00,1181.47998046875
2012-12-26 00:00:00,1185.9200439453125
2012-12-27 00:00:00,1184.1199951171875
2012-12-31 00:00:00,1185.5999755859375
2013-01-01 00:00:00,1214.5899658203125
2013-01-02 00:00:00,1221.31005859375
2013-01-03 00:00:00,1210.6199951171875
2013-01-07 00:00:00,1206.780029296875
2013-01-08 00:00:00,1203.969970703125
2013-01-09 00:00:00,1210.260009765625
2013-01-10 00:00:00,1224.1099853515625
2013-01-14 00:00:00,1219.3299560546875
2013-01-15 00:00:00,1210.239990234375
2013-01-16 00:00:00,1208.6500244140625
2013-01-17 00:00:00,1207.6700439453125
2013-01-21 00:00:00,1193.010009765625
2013-01-23 00:00:00,1204.6500244140625
2013-01-24 00:00:00,1196.3399658203125
2013-01-28 00:00:00,1197.3399658203125
2013-01-29 00:00:00,1186.5
2013-01-30 00:00:00,1176.6700439453125
2013-01-31 00:00:00,1177.3599853515625
2013-02-04 00:00:00,1195.5799560546875
2013-02-05 00:00:00,1205.010009765625
2013-02-06 00:00:00,1202.8800048828125
2013-02-07 00:00:00,1210.4599609375
2013-02-11 00:00:00,1218.3800048828125
2013-02-12 00:00:00,1229.0
2013-02-13 00:00:00,1225.3800048828125
2013-02-14 00:00:00,1220.7099609375
2013-02-18 00:00:00,1218.469970703125
2013-02-19 00:00:00,1224.719970703125
2013-02-20 00:00:00,1241.9000244140625
2013-02-21 00:00:00,1218.0
2013-02-25 00:00:00,1220.6700439453125
2013-02-26 00:00:00,1217.9000244140625
2013-02-27 00:00:00,1214.9300537109375
2013-02-28 00:00:00,1221.469970703125
2013-03-04 00:00:00,1217.9599609375
2013-03-05 00:00:00,1226.2099609375
2013-03-06 00:00:00,1228.22998046875
2013-03-07 00:00:00,1226.8900146484375
2013-03-11 00:00:00,1236.97998046875
2013-03-12 00:00:00,1240.780029296875
2013-03-13 00:00:00,1240.06005859375
2013-03-14 00:00:00,1240.510009765625
2013-03-18 00:00:00,1244.6400146484375
2013-03-19 00:00:00,1248.9599609375
2013-03-20 00:00:00,1249.3699951171875
2013-03-21 00:00:00,1239.0899658203125
2013-03-27 00:00:00,1243.949951171875
2013-03-28 00:00:00,1237.6700439453125
2013-04-02 00:00:00,1242.5400390625
2013-04-03 00:00:00,1239.7900390625
2013-04-04 00:00:00,1229.739990234375
2013-04-08 00:00:00,1228.4200439453125
2013-04-09 00:00:00,1229.260009765625
2013-04-10 00:00:00,1232.22998046875
2013-04-11 00:00:00,1230.1199951171875
2013-04-17 00:00:00,1218.550048828125
2013-04-18 00:00:00,1203.739990234375
2013-04-22 00:00:00,1201.6199951171875
2013-04-23 00:00:00,1207.7099609375
2013-04-24 00:00:00,1215.02001953125
2013-04-25 00:00:00,1205.0899658203125
2013-04-29 00:00:00,1196.8599853515625
2013-04-30 00:00:00,1206.18994140625
2013-05-01 00:00:00,1204.1400146484375
2013-05-02 00:00:00,1204.530029296875
2013-05-06 00:00:00,1209.8900146484375
2013-05-07 00:00:00,1210.6800537109375
2013-05-08 00:00:00,1209.31005859375
2013-05-09 00:00:00,1203.18994140625
2013-05-13 00:00:00,1204.6600341796875
2013-05-16 00:00:00,1215.760009765625
2013-05-20 00:00:00,1230.1600341796875
2013-05-21 00:00:00,1232.22998046875
2013-05-22 00:00:00,1232.7099609375
2013-05-23 00:00:00,1215.4000244140625
2013-05-27 00:00:00,1225.56005859375
2013-05-28 00:00:00,1241.1700439453125
2013-05-29 00:00:00,1232.0699462890625
2013-05-30 00:00:00,1232.0
2013-06-03 00:00:00,1227.5999755859375
2013-06-04 00:00:00,1231.8299560546875
2013-06-05 00:00:00,1226.31005859375
2013-06-06 00:00:00,1225.260009765625
2013-06-10 00:00:00,1237.2099609375
2013-06-11 00:00:00,1228.1700439453125
2013-06-12 00:00:00,1227.8599853515625
2013-06-13 00:00:00,1222.1300048828125
2013-06-17 00:00:00,1228.97998046875
2013-06-18 00:00:00,1228.219970703125
2013-06-19 00:00:00,1223.8299560546875
2013-06-20 00:00:00,1211.77001953125
2013-06-24 00:00:00,1198.9000244140625
2013-06-25 00:00:00,1195.75
2013-06-26 00:00:00,1193.6700439453125
2013-06-27 00:00:00,1189.6700439453125
2013-07-01 00:00:00,1195.1400146484375
2013-07-02 00:00:00,1199.0
2013-07-03 00:00:00,1189.43994140625
2013-07-04 00:00:00,1195.0899658203125
2013-07-08 00:00:00,1207.7099609375
2013-07-09 00:00:00,1206.8699951171875
2013-07-10 00:00:00,1206.06005859375
2013-07-11 00:00:00,1214.52001953125
2013-07-15 00:00:00,1220.43994140625
2013-07-17 00:00:00,1223.719970703125
2013-07-18 00:00:00,1226.8900146484375
2013-07-22 00:00:00,1229.489990234375
2013-07-23 00:00:00,1230.2900390625
2013-07-24 00:00:00,1234.199951171875
2013-07-25 00:00:00,1229.239990234375
2013-07-29 00:00:00,1223.550048828125
2013-07-30 00:00:00,1203.4599609375
2013-07-31 00:00:00,1203.469970703125
2013-08-01 00:00:00,1207.8399658203125
2013-08-05 00:00:00,1203.6500244140625
2013-08-06 00:00:00,1200.8699951171875
2013-08-07 00:00:00,1200.469970703125
2013-08-08 00:00:00,1202.8499755859375
2013-08-12 00:00:00,1206.8599853515625
2013-08-13 00:00:00,1211.719970703125
2013-08-14 00:00:00,1212.5799560546875
2013-08-15 00:00:00,1204.8900146484375
2013-08-19 00:00:00,1208.8399658203125
2013-08-20 00:00:00,1207.81005859375
2013-08-21 00:00:00,1203.219970703125
2013-08-22 00:00:00,1201.280029296875
2013-08-26 00:00:00,1184.3900146484375
2013-08-27 00:00:00,1156.18994140625
2013-08-28 00:00:00,1164.68994140625
2013-08-29 00:00:00,1178.4100341796875
2013-09-02 00:00:00,1190.0999755859375
2013-09-03 00:00:00,1179.72998046875
2013-09-09 00:00:00,1179.8399658203125
2013-09-10 00:00:00,1198.43994140625
2013-09-11 00:00:00,1200.4300537109375
2013-09-12 00:00:00,1202.81005859375
2013-09-16 00:00:00,1230.3699951171875
2013-09-17 00:00:00,1240.0799560546875
2013-09-23 00:00:00,1261.5400390625
2013-09-24 00:00:00,1256.3599853515625
2013-09-30 00:00:00,1264.97998046875
2013-10-01 00:00:00,1274.780029296875
2013-10-02 00:00:00,1271.969970703125
2013-10-03 00:00:00,1257.6400146484375
2013-10-07 00:00:00,1280.5899658203125
2013-10-08 00:00:00,1282.0699462890625
2013-10-09 00:00:00,1286.1199951171875
2013-10-10 00:00:00,1292.75
2013-10-14 00:00:00,1295.800048828125
2013-10-15 00:00:00,1302.949951171875
2013-10-16 00:00:00,1307.0
2013-10-17 00:00:00,1296.6500244140625
2013-10-21 00:00:00,1304.1500244140625
2013-10-22 00:00:00,1308.27001953125
2013-10-23 00:00:00,1289.3299560546875
2013-10-24 00:00:00,1286.3599853515625
2013-10-28 00:00:00,1285.3199462890625
2013-10-29 00:00:00,1289.75
2013-10-30 00:00:00,1283.0799560546875
2013-10-31 00:00:00,1288.18994140625
2013-11-04 00:00:00,1301.3699951171875
2013-11-05 00:00:00,1297.969970703125
2013-11-06 00:00:00,1304.9599609375
2013-11-07 00:00:00,1310.4599609375
2013-11-11 00:00:00,1311.550048828125
2013-11-12 00:00:00,1309.0699462890625
2013-11-13 00:00:00,1307.31005859375
2013-11-14 00:00:00,1315.8599853515625
2013-11-18 00:00:00,1334.1400146484375
2013-11-19 00:00:00,1335.31005859375
2013-11-20 00:00:00,1344.3399658203125
2013-11-21 00:00:00,1344.8499755859375
2013-11-25 00:00:00,1350.1300048828125
2013-11-26 00:00:00,1346.719970703125
2013-11-27 00:00:00,1351.9599609375
2013-11-28 00:00:00,1358.22998046875
2013-12-02 00:00:00,1372.3299560546875
2013-12-03 00:00:00,1364.72998046875
2013-12-04 00:00:00,1363.8599853515625
2013-12-05 00:00:00,1368.300048828125
2013-12-09 00:00:00,1363.510009765625
2013-12-10 00:00:00,1351.6400146484375
2013-12-11 00:00:00,1342.9300537109375
2013-12-12 00:00:00,1326.9200439453125
2013-12-16 00:00:00,1328.68994140625
2013-12-17 00:00:00,1320.0799560546875
2013-12-18 00:00:00,1325.0799560546875
2013-12-19 00:00:00,1323.0400390625
2013-12-23 00:00:00,1348.989990234375
2013-12-24 00:00:00,1341.6700439453125
2013-12-25 00:00:00,1341.8499755859375
2013-12-26 00:00:00,1333.4200439453125
2013-12-30 00:00:00,1319.4000244140625
2013-12-31 00:00:00,1329.3900146484375
2014-01-01 00:00:00,1339.6199951171875
2014-01-02 00:00:00,1322.52001953125
2014-01-06 00:00:00,1319.6400146484375
2014-01-07 00:00:00,1328.989990234375
2014-01-08 00:00:00,1327.0699462890625
2014-01-09 00:00:00,1324.1700439453125
2014-01-13 00:00:00,1343.6199951171875
2014-01-14 00:00:00,1337.9200439453125
2014-01-15 00:00:00,1352.27001953125
2014-01-16 00:00:00,1348.949951171875
2014-01-20 00:00:00,1328.2099609375
2014-01-21 00:00:00,1332.8699951171875
2014-01-22 00:00:00,1331.489990234375
2014-01-23 00:00:00,1322.02001953125
2014-01-27 00:00:00,1309.6700439453125
2014-01-28 00:00:00,1314.469970703125
2014-01-29 00:00:00,1307.8900146484375
2014-01-30 00:00:00,1299.5400390625
2014-02-03 00:00:00,1295.47998046875
2014-02-04 00:00:00,1301.0799560546875
2014-02-05 00:00:00,1303.25
2014-02-06 00:00:00,1307.97998046875
2014-02-10 00:00:00,1305.3199462890625
2014-02-11 00:00:00,1309.8599853515625
2014-02-12 00:00:00,1309.75
2014-02-13 00:00:00,1309.0899658203125
2014-02-17 00:00:00,1319.739990234375
2014-02-18 00:00:00,1321.0799560546875
2014-02-19 00:00:00,1322.77001953125
2014-02-20 00:00:00,1323.68994140625
2014-02-24 00:00:00,1334.56005859375
2014-02-25 00:00:00,1336.1199951171875
2014-02-26 00:00:00,1349.050048828125
2014-02-27 00:00:00,1350.6500244140625
2014-03-03 00:00:00,1347.6400146484375
2014-03-04 00:00:00,1365.239990234375
2014-03-05 00:00:00,1365.489990234375
2014-03-06 00:00:00,1369.219970703125
2014-03-10 00:00:00,1366.8900146484375
2014-03-11 00:00:00,1371.219970703125
2014-03-12 00:00:00,1369.4000244140625
2014-03-13 00:00:00,1373.280029296875
2014-03-17 00:00:00,1376.5400390625
2014-03-18 00:00:00,1379.489990234375
2014-03-19 00:00:00,1385.72998046875
2014-03-20 00:00:00,1383.1600341796875
2014-03-24 00:00:00,1384.1199951171875
2014-03-25 00:00:00,1396.0999755859375
2014-03-26 00:00:00,1401.0400390625
2014-03-27 00:00:00,1397.77001953125
2014-03-31 00:00:00,1402.219970703125
2014-04-01 00:00:00,1412.77001953125
2014-04-02 00:00:00,1414.9000244140625
2014-04-03 00:00:00,1417.77001953125
2014-04-07 00:00:00,1422.3900146484375
2014-04-08 00:00:00,1406.77001953125
2014-04-09 00:00:00,1414.1700439453125
2014-04-10 00:00:00,1412.52001953125
2014-04-16 00:00:00,1400.1500244140625
2014-04-17 00:00:00,1389.02001953125
2014-04-22 00:00:00,1405.22998046875
2014-04-23 00:00:00,1392.489990234375
2014-04-24 00:00:00,1389.9200439453125
2014-04-28 00:00:00,1386.260009765625
2014-04-29 00:00:00,1383.9200439453125
2014-04-30 00:00:00,1378.9300537109375
2014-05-01 00:00:00,1379.8800048828125
2014-05-07 00:00:00,1367.9000244140625
2014-05-08 00:00:00,1372.1800537109375
2014-05-12 00:00:00,1375.1300048828125
2014-05-13 00:00:00,1385.1199951171875
2014-05-14 00:00:00,1383.52001953125
2014-05-15 00:00:00,1378.27001953125
2014-05-19 00:00:00,1386.2900390625
2014-05-20 00:00:00,1386.75
2014-05-21 00:00:00,1387.9100341796875
2014-05-22 00:00:00,1389.31005859375
2014-05-26 00:00:00,1405.3699951171875
2014-05-27 00:00:00,1404.5699462890625
2014-05-28 00:00:00,1397.280029296875
2014-05-29 00:00:00,1393.4200439453125
2014-06-02 00:00:00,1397.72998046875
2014-06-05 00:00:00,1400.4200439453125
2014-06-09 00:00:00,1411.550048828125
2014-06-10 00:00:00,1406.3199462890625
2014-06-11 00:00:00,1400.6199951171875
2014-06-12 00:00:00,1397.3900146484375
2014-06-16 00:00:00,1397.1400146484375
2014-06-17 00:00:00,1398.1500244140625
2014-06-18 00:00:00,1398.5400390625
2014-06-19 00:00:00,1404.5999755859375
2014-06-23 00:00:00,1404.699951171875
2014-06-24 00:00:00,1403.8900146484375
2014-06-25 00:00:00,1388.6400146484375
2014-06-26 00:00:00,1384.3599853515625
2014-06-30 00:00:00,1388.27001953125
2014-07-01 00:00:00,1384.219970703125
2014-07-02 00:00:00,1382.5999755859375
2014-07-03 00:00:00,1391.8699951171875
2014-07-07 00:00:00,1379.3699951171875
2014-07-08 00:00:00,1366.02001953125
2014-07-09 00:00:00,1376.300048828125
2014-07-10 00:00:00,1371.6099853515625
2014-07-14 00:00:00,1395.52001953125
2014-07-15 00:00:00,1396.5899658203125
2014-07-16 00:00:00,1400.260009765625
2014-07-17 00:00:00,1401.260009765625
2014-07-21 00:00:00,1392.81005859375
2014-07-22 00:00:00,1398.02001953125
2014-07-23 00:00:00,1396.469970703125
2014-07-24 00:00:00,1398.239990234375
2014-07-28 00:00:00,1395.8900146484375
2014-07-29 00:00:00,1398.199951171875
2014-07-30 00:00:00,1398.7900390625
2014-07-31 00:00:00,1392.449951171875
2014-08-04 00:00:00,1395.9100341796875
2014-08-06 00:00:00,1388.8800048828125
2014-08-07 00:00:00,1386.1600341796875
2014-08-11 00:00:00,1387.9599609375
2014-08-12 00:00:00,1384.9599609375
2014-08-13 00:00:00,1386.02001953125
2014-08-14 00:00:00,1389.3499755859375
2014-08-18 00:00:00,1379.8699951171875
2014-08-19 00:00:00,1378.8800048828125
2014-08-20 00:00:00,1374.3399658203125
2014-08-21 00:00:00,1379.010009765625
2014-08-25 00:00:00,1383.72998046875
2014-08-26 00:00:00,1388.9300537109375
2014-08-27 00:00:00,1408.5400390625
2014-08-28 00:00:00,1404.4100341796875
2014-09-01 00:00:00,1410.2099609375
2014-09-02 00:00:00,1417.6199951171875
2014-09-03 00:00:00,1420.949951171875
2014-09-04 00:00:00,1424.3199462890625
2014-09-08 00:00:00,1426.4200439453125
2014-09-09 00:00:00,1423.8399658203125
2014-09-10 00:00:00,1422.8499755859375
2014-09-11 00:00:00,1424.0799560546875
2014-09-15 00:00:00,1423.3699951171875
2014-09-16 00:00:00,1431.6400146484375
2014-09-17 00:00:00,1439.030029296875
2014-09-18 00:00:00,1446.9599609375
2014-09-22 00:00:00,1452.18994140625
2014-09-23 00:00:00,1456.280029296875
2014-09-29 00:00:00,1457.800048828125
2014-09-30 00:00:00,1458.989990234375
2014-10-01 00:00:00,1451.27001953125
2014-10-02 00:00:00,1451.3299560546875
2014-10-06 00:00:00,1462.3199462890625
2014-10-07 00:00:00,1462.969970703125
2014-10-13 00:00:00,1444.010009765625
2014-10-14 00:00:00,1433.239990234375
2014-10-20 00:00:00,1435.18994140625
2014-10-21 00:00:00,1443.18994140625
2014-10-22 00:00:00,1443.530029296875
2014-10-23 00:00:00,1445.8299560546875
2014-10-27 00:00:00,1442.3399658203125
2014-10-28 00:00:00,1443.52001953125
2014-10-29 00:00:00,1434.030029296875
2014-10-30 00:00:00,1424.3699951171875
2014-11-03 00:00:00,1440.75
2014-11-04 00:00:00,1441.3599853515625
2014-11-05 00:00:00,1450.949951171875
2014-11-06 00:00:00,1451.1099853515625
2014-11-10 00:00:00,1451.5799560546875
2014-11-11 00:00:00,1444.6800537109375
2014-11-12 00:00:00,1444.949951171875
2014-11-13 00:00:00,1445.780029296875
2014-11-17 00:00:00,1447.3499755859375
2014-11-18 00:00:00,1450.4300537109375
2014-11-19 00:00:00,1451.739990234375
2014-11-20 00:00:00,1453.260009765625
2014-11-24 00:00:00,1444.43994140625
2014-11-25 00:00:00,1446.8900146484375
2014-11-26 00:00:00,1470.3599853515625
2014-11-27 00:00:00,1477.5899658203125
2014-12-01 00:00:00,1475.030029296875
2014-12-02 00:00:00,1474.72998046875
2014-12-03 00:00:00,1478.8399658203125
2014-12-04 00:00:00,1485.22998046875
2014-12-08 00:00:00,1492.010009765625
2014-12-09 00:00:00,1479.06005859375
2014-12-10 00:00:00,1481.050048828125
2014-12-11 00:00:00,1487.81005859375
2014-12-15 00:00:00,1478.3900146484375
2014-12-16 00:00:00,1463.510009765625
2014-12-17 00:00:00,1468.199951171875
2014-12-18 00:00:00,1481.8800048828125
2014-12-22 00:00:00,1481.1400146484375
2014-12-23 00:00:00,1467.760009765625
2014-12-24 00:00:00,1460.030029296875
2014-12-25 00:00:00,1464.5899658203125
2014-12-29 00:00:00,1456.8299560546875
2014-12-30 00:00:00,1452.4200439453125
2014-12-31 00:00:00,1464.989990234375
2015-01-01 00:00:00,1461.969970703125
2015-01-05 00:00:00,1457.469970703125
2015-01-06 00:00:00,1458.6600341796875
2015-01-07 00:00:00,1462.1600341796875
2015-01-08 00:00:00,1469.5799560546875
2015-01-12 00:00:00,1463.030029296875
2015-01-13 00:00:00,1474.8299560546875
2015-01-14 00:00:00,1465.43994140625
2015-01-15 00:00:00,1463.3299560546875
2015-01-19 00:00:00,1458.75
2015-01-20 00:00:00,1459.739990234375
2015-01-21 00:00:00,1458.760009765625
2015-01-22 00:00:00,1455.6600341796875
2015-01-26 00:00:00,1460.43994140625
2015-01-27 00:00:00,1455.25
2015-01-28 00:00:00,1453.1700439453125
2015-01-29 00:00:00,1447.8499755859375
2015-02-02 00:00:00,1446.4100341796875
2015-02-03 00:00:00,1455.27001953125
2015-02-04 00:00:00,1457.1800537109375
2015-02-05 00:00:00,1461.3299560546875
2015-02-09 00:00:00,1458.0999755859375
2015-02-10 00:00:00,1462.1500244140625
2015-02-11 00:00:00,1457.469970703125
2015-02-12 00:00:00,1452.4599609375
2015-02-16 00:00:00,1472.97998046875
2015-02-17 00:00:00,1474.949951171875
2015-02-18 00:00:00,1483.6700439453125
2015-02-19 00:00:00,1485.780029296875
2015-02-23 00:00:00,1503.3399658203125
2015-02-24 00:00:00,1501.1500244140625
2015-02-25 00:00:00,1508.5
2015-02-26 00:00:00,1517.93994140625
2015-03-02 00:00:00,1535.5999755859375
2015-03-03 00:00:00,1526.5899658203125
2015-03-04 00:00:00,1529.780029296875
2015-03-09 00:00:00,1550.3299560546875
2015-03-10 00:00:00,1546.27001953125
2015-03-11 00:00:00,1561.81005859375
2015-03-12 00:00:00,1565.75
2015-03-16 00:00:00,1563.199951171875
2015-03-18 00:00:00,1578.9000244140625
2015-03-19 00:00:00,1601.199951171875
2015-03-23 00:00:00,1620.3499755859375
2015-03-24 00:00:00,1608.6099853515625
2015-03-25 00:00:00,1611.43994140625
2015-03-26 00:00:00,1594.1800537109375
2015-03-30 00:00:00,1619.93994140625
2015-03-31 00:00:00,1625.77001953125
2015-04-01 00:00:00,1630.8299560546875
2015-04-02 00:00:00,1640.8699951171875
2015-04-06 00:00:00,1643.9300537109375
2015-04-07 00:00:00,1660.75
2015-04-08 00:00:00,1650.8399658203125
2015-04-13 00:00:00,1689.3399658203125
2015-04-14 00:00:00,1678.8199462890625
2015-04-15 00:00:00,1686.5999755859375
2015-04-16 00:00:00,1686.31005859375
2015-04-20 00:00:00,1679.4599609375
2015-04-21 00:00:00,1683.3499755859375
2015-04-27 00:00:00,1684.4599609375
2015-04-28 00:00:00,1659.989990234375
2015-04-29 00:00:00,1648.56005859375
2015-04-30 00:00:00,1644.8499755859375
2015-05-04 00:00:00,1643.9100341796875
2015-05-05 00:00:00,1630.75
2015-05-06 00:00:00,1622.31005859375
2015-05-07 00:00:00,1632.780029296875
2015-05-11 00:00:00,1649.31005859375
2015-05-12 00:00:00,1638.8299560546875
2015-05-13 00:00:00,1659.219970703125
2015-05-14 00:00:00,1658.68994140625
2015-05-18 00:00:00,1683.050048828125
2015-05-19 00:00:00,1708.4300537109375
2015-05-20 00:00:00,1705.93994140625
2015-05-21 00:00:00,1715.5799560546875
2015-05-25 00:00:00,1707.739990234375
2015-05-26 00:00:00,1690.719970703125
2015-05-27 00:00:00,1686.780029296875
2015-05-28 00:00:00,1677.030029296875
2015-06-01 00:00:00,1694.25
2015-06-02 00:00:00,1693.0
2015-06-03 00:00:00,1704.9200439453125
2015-06-04 00:00:00,1696.739990234375
2015-06-08 00:00:00,1707.3800048828125
2015-06-09 00:00:00,1691.56005859375
2015-06-10 00:00:00,1686.02001953125
2015-06-11 00:00:00,1697.1300048828125
2015-06-15 00:00:00,1674.050048828125
2015-06-16 00:00:00,1688.050048828125
2015-06-17 00:00:00,1688.1199951171875
2015-06-18 00:00:00,1684.9000244140625
2015-06-22 00:00:00,1697.1300048828125
2015-06-23 00:00:00,1689.18994140625
2015-06-24 00:00:00,1682.3199462890625
2015-06-25 00:00:00,1671.3299560546875
2015-06-29 00:00:00,1641.4300537109375
2015-06-30 00:00:00,1648.800048828125
2015-07-01 00:00:00,1673.68994140625
2015-07-02 00:00:00,1663.9000244140625
2015-07-06 00:00:00,1658.6400146484375
2015-07-07 00:00:00,1655.68994140625
2015-07-08 00:00:00,1641.050048828125
2015-07-09 00:00:00,1658.06005859375
2015-07-13 00:00:00,1680.989990234375
2015-07-14 00:00:00,1681.4100341796875
2015-07-15 00:00:00,1685.4100341796875
2015-07-16 00:00:00,1694.0699462890625
2015-07-20 00:00:00,1712.3699951171875
2015-07-21 00:00:00,1710.9000244140625
2015-07-22 00:00:00,1701.18994140625
2015-07-23 00:00:00,1702.050048828125
2015-07-27 00:00:00,1697.9200439453125
2015-07-28 00:00:00,1710.3199462890625
2015-07-29 00:00:00,1717.719970703125
2015-07-30 00:00:00,1712.6099853515625
2015-08-03 00:00:00,1718.0699462890625
2015-08-04 00:00:00,1711.9200439453125
2015-08-05 00:00:00,1723.56005859375
2015-08-06 00:00:00,1716.6500244140625
2015-08-10 00:00:00,1722.800048828125
2015-08-11 00:00:00,1711.9000244140625
2015-08-12 00:00:00,1700.3800048828125
2015-08-13 00:00:00,1711.6600341796875
2015-08-17 00:00:00,1717.0
2015-08-18 00:00:00,1720.280029296875
2015-08-19 00:00:00,1708.7099609375
2015-08-20 00:00:00,1695.1099853515625
2015-08-24 00:00:00,1568.6800537109375
2015-08-25 00:00:00,1609.1600341796875
2015-08-26 00:00:00,1591.18994140625
2015-08-27 00:00:00,1596.56005859375
2015-08-31 00:00:00,1578.47998046875
2015-09-01 00:00:00,1563.06005859375
2015-09-02 00:00:00,1592.3299560546875
2015-09-03 00:00:00,1606.260009765625
2015-09-07 00:00:00,1602.530029296875
2015-09-08 00:00:00,1608.0400390625
2015-09-09 00:00:00,1598.1600341796875
2015-09-10 00:00:00,1593.6700439453125
2015-09-16 00:00:00,1595.260009765625
2015-09-17 00:00:00,1594.8299560546875
2015-09-21 00:00:00,1579.3399658203125
2015-09-24 00:00:00,1524.0799560546875
2015-09-29 00:00:00,1490.0799560546875
2015-09-30 00:00:00,1490.97998046875
2015-10-01 00:00:00,1488.5400390625
2015-10-06 00:00:00,1513.469970703125
2015-10-07 00:00:00,1534.8599853515625
2015-10-08 00:00:00,1519.719970703125
2015-10-12 00:00:00,1514.3499755859375
2015-10-13 00:00:00,1497.199951171875
2015-10-14 00:00:00,1510.3699951171875
2015-10-15 00:00:00,1527.0699462890625
2015-10-19 00:00:00,1539.0799560546875
2015-10-20 00:00:00,1540.800048828125
2015-10-21 00:00:00,1547.469970703125
2015-10-22 00:00:00,1545.2900390625
2015-10-26 00:00:00,1575.1700439453125
2015-10-27 00:00:00,1564.489990234375
2015-10-28 00:00:00,1566.1500244140625
2015-10-29 00:00:00,1573.5400390625
2015-11-02 00:00:00,1577.8199462890625
2015-11-03 00:00:00,1582.719970703125
2015-11-04 00:00:00,1583.0
2015-11-05 00:00:00,1581.7900390625
2015-11-09 00:00:00,1562.1500244140625
2015-11-10 00:00:00,1564.7099609375
2015-11-11 00:00:00,1574.1199951171875
2015-11-12 00:00:00,1557.489990234375
2015-11-16 00:00:00,1545.4200439453125
2015-11-17 00:00:00,1558.5
2015-11-18 00:00:00,1569.260009765625
2015-11-19 00:00:00,1573.6600341796875
2015-11-23 00:00:00,1573.6800537109375
2015-11-24 00:00:00,1562.280029296875
2015-11-25 00:00:00,1560.22998046875
2015-11-26 00:00:00,1561.489990234375
2015-11-30 00:00:00,1560.5
2015-12-01 00:00:00,1572.9000244140625
2015-12-02 00:00:00,1575.4000244140625
2015-12-03 00:00:00,1561.1700439453125
2015-12-07 00:00:00,1555.72998046875
2015-12-08 00:00:00,1542.3800048828125
2015-12-09 00:00:00,1544.4100341796875
2015-12-10 00:00:00,1533.219970703125
2015-12-14 00:00:00,1487.3599853515625
2015-12-15 00:00:00,1509.8599853515625
2015-12-16 00:00:00,1501.6500244140625
2015-12-17 00:00:00,1519.0799560546875
2015-12-21 00:00:00,1498.93994140625
2015-12-22 00:00:00,1488.47998046875
2015-12-23 00:00:00,1498.0
2015-12-24 00:00:00,1517.43994140625
2015-12-28 00:00:00,1524.6700439453125
2015-12-29 00:00:00,1534.5899658203125
2015-12-30 00:00:00,1527.9599609375
2015-12-31 00:00:00,1528.739990234375
2016-01-04 00:00:00,1524.0999755859375
2016-01-05 00:00:00,1531.4200439453125
2016-01-06 00:00:00,1523.4100341796875
2016-01-07 00:00:00,1493.969970703125
2016-01-11 00:00:00,1492.800048828125
2016-01-12 00:00:00,1502.5999755859375
2016-01-13 00:00:00,1497.780029296875
2016-01-14 00:00:00,1454.4000244140625
2016-01-18 00:00:00,1456.300048828125
2016-01-19 00:00:00,1464.1600341796875
2016-01-20 00:00:00,1433.5799560546875
2016-01-21 00:00:00,1439.989990234375
2016-01-25 00:00:00,1452.9300537109375
2016-01-26 00:00:00,1455.800048828125
2016-01-27 00:00:00,1447.8499755859375
2016-01-28 00:00:00,1452.1700439453125
2016-02-01 00:00:00,1470.56005859375
2016-02-02 00:00:00,1457.4000244140625
2016-02-03 00:00:00,1448.0999755859375
2016-02-04 00:00:00,1454.56005859375
2016-02-08 00:00:00,1420.8299560546875
2016-02-09 00:00:00,1417.9000244140625
2016-02-10 00:00:00,1422.489990234375
2016-02-11 00:00:00,1383.3399658203125
2016-02-15 00:00:00,1407.27001953125
2016-02-16 00:00:00,1405.6099853515625
2016-02-17 00:00:00,1429.9599609375
2016-02-18 00:00:00,1418.219970703125
2016-02-22 00:00:00,1436.3199462890625
2016-02-23 00:00:00,1430.22998046875
2016-02-24 00:00:00,1420.760009765625
2016-02-25 00:00:00,1427.0899658203125
2016-02-29 00:00:00,1437.9300537109375
2016-03-01 00:00:00,1442.5400390625
2016-03-02 00:00:00,1447.8900146484375
2016-03-03 00:00:00,1449.75
2016-03-07 00:00:00,1457.47998046875
2016-03-08 00:00:00,1460.47998046875
2016-03-09 00:00:00,1466.469970703125
2016-03-10 00:00:00,1478.6099853515625
2016-03-14 00:00:00,1487.739990234375
2016-03-15 00:00:00,1483.3599853515625
2016-03-16 00:00:00,1488.760009765625
2016-03-17 00:00:00,1483.2099609375
2016-03-21 00:00:00,1485.3199462890625
2016-03-22 00:00:00,1488.3499755859375
2016-03-23 00:00:00,1485.9000244140625
2016-03-28 00:00:00,1475.030029296875
2016-03-29 00:00:00,1463.9000244140625
2016-03-30 00:00:00,1462.52001953125
2016-03-31 00:00:00,1450.3900146484375
2016-04-04 00:00:00,1451.97998046875
2016-04-05 00:00:00,1439.4100341796875
2016-04-06 00:00:00,1443.9200439453125
2016-04-07 00:00:00,1443.5
2016-04-11 00:00:00,1451.949951171875
2016-04-12 00:00:00,1448.300048828125
2016-04-13 00:00:00,1467.1099853515625
2016-04-14 00:00:00,1474.22998046875
2016-04-18 00:00:00,1492.8499755859375
2016-04-19 00:00:00,1502.6600341796875
2016-04-20 00:00:00,1498.5999755859375
2016-04-21 00:00:00,1496.4100341796875
2016-04-25 00:00:00,1484.280029296875
2016-04-26 00:00:00,1463.8900146484375
2016-04-27 00:00:00,1438.6600341796875
2016-05-02 00:00:00,1427.1099853515625
2016-05-03 00:00:00,1414.6199951171875
2016-05-04 00:00:00,1406.31005859375
2016-05-05 00:00:00,1410.8399658203125
2016-05-09 00:00:00,1410.1400146484375
2016-05-10 00:00:00,1420.9000244140625
2016-05-16 00:00:00,1400.68994140625
2016-05-17 00:00:00,1399.72998046875
2016-05-18 00:00:00,1410.3599853515625
2016-05-19 00:00:00,1398.449951171875
2016-05-23 00:00:00,1413.93994140625
2016-05-24 00:00:00,1428.239990234375
2016-05-25 00:00:00,1440.68994140625
2016-05-26 00:00:00,1430.5
2016-05-30 00:00:00,1447.4599609375
2016-05-31 00:00:00,1444.3399658203125
2016-06-01 00:00:00,1440.449951171875
2016-06-02 00:00:00,1444.8599853515625
2016-06-06 00:00:00,1445.989990234375
2016-06-07 00:00:00,1448.199951171875
2016-06-08 00:00:00,1439.510009765625
2016-06-09 00:00:00,1430.43994140625
2016-06-13 00:00:00,1412.43994140625
2016-06-14 00:00:00,1410.0899658203125
2016-06-15 00:00:00,1420.300048828125
2016-06-16 00:00:00,1408.6800537109375
2016-06-20 00:00:00,1430.3900146484375
2016-06-21 00:00:00,1428.6300048828125
2016-06-22 00:00:00,1433.5799560546875
2016-06-23 00:00:00,1432.6400146484375
2016-06-27 00:00:00,1382.3399658203125
2016-06-28 00:00:00,1392.25
2016-06-29 00:00:00,1399.530029296875
2016-06-30 00:00:00,1397.949951171875
2016-07-04 00:00:00,1413.8599853515625
2016-07-05 00:00:00,1405.030029296875
2016-07-06 00:00:00,1398.0999755859375
2016-07-07 00:00:00,1412.43994140625
2016-07-11 00:00:00,1434.9100341796875
2016-07-12 00:00:00,1444.56005859375
2016-07-13 00:00:00,1449.260009765625
2016-07-14 00:00:00,1460.969970703125
2016-07-18 00:00:00,1458.2900390625
2016-07-19 00:00:00,1459.219970703125
2016-07-20 00:00:00,1468.3199462890625
2016-07-21 00:00:00,1467.6800537109375
2016-07-25 00:00:00,1463.9200439453125
2016-07-26 00:00:00,1461.510009765625
2016-07-27 00:00:00,1458.5799560546875
2016-07-28 00:00:00,1452.0699462890625
2016-08-01 00:00:00,1461.52001953125
2016-08-02 00:00:00,1447.260009765625
2016-08-03 00:00:00,1450.22998046875
2016-08-04 00:00:00,1456.4100341796875
2016-08-08 00:00:00,1473.3499755859375
2016-08-09 00:00:00,1474.219970703125
2016-08-10 00:00:00,1462.699951171875
2016-08-11 00:00:00,1467.43994140625
2016-08-15 00:00:00,1472.449951171875
2016-08-16 00:00:00,1467.5799560546875
2016-08-17 00:00:00,1465.030029296875
2016-08-18 00:00:00,1468.4100341796875
2016-08-22 00:00:00,1471.22998046875
2016-08-23 00:00:00,1472.5799560546875
2016-08-24 00:00:00,1467.8800048828125
2016-08-25 00:00:00,1453.8399658203125
2016-08-29 00:00:00,1446.4100341796875
2016-08-30 00:00:00,1448.8399658203125
2016-08-31 00:00:00,1447.010009765625
2016-09-01 00:00:00,1445.0799560546875
2016-09-05 00:00:00,1453.5799560546875
2016-09-06 00:00:00,1452.9100341796875
2016-09-07 00:00:00,1461.510009765625
2016-09-08 00:00:00,1458.4599609375
2016-09-12 00:00:00,1437.239990234375
2016-09-13 00:00:00,1430.719970703125
2016-09-14 00:00:00,1432.280029296875
2016-09-15 00:00:00,1434.5999755859375
2016-09-19 00:00:00,1448.6700439453125
2016-09-20 00:00:00,1439.1800537109375
2016-09-21 00:00:00,1439.530029296875
2016-09-22 00:00:00,1461.56005859375
2016-09-26 00:00:00,1456.5799560546875
2016-09-27 00:00:00,1453.97998046875
2016-09-28 00:00:00,1450.9000244140625
2016-09-29 00:00:00,1442.9300537109375
2016-10-05 00:00:00,1440.4200439453125
2016-10-06 00:00:00,1435.239990234375
2016-10-10 00:00:00,1442.949951171875
2016-10-13 00:00:00,1416.22998046875
2016-10-18 00:00:00,1428.1600341796875
2016-10-19 00:00:00,1429.8499755859375
2016-10-20 00:00:00,1429.760009765625
2016-10-25 00:00:00,1436.52001953125
2016-10-26 00:00:00,1428.93994140625
2016-10-27 00:00:00,1423.4599609375
2016-10-31 00:00:00,1405.52001953125
2016-11-01 00:00:00,1397.81005859375
2016-11-02 00:00:00,1388.81005859375
2016-11-03 00:00:00,1387.5999755859375
2016-11-07 00:00:00,1413.9599609375
2016-11-08 00:00:00,1401.52001953125
2016-11-09 00:00:00,1418.6099853515625
2016-11-10 00:00:00,1424.93994140625
2016-11-14 00:00:00,1429.719970703125
2016-11-15 00:00:00,1431.699951171875
2016-11-16 00:00:00,1432.3299560546875
2016-11-17 00:00:00,1432.47998046875
2016-11-21 00:00:00,1441.25
2016-11-22 00:00:00,1450.8299560546875
2016-11-23 00:00:00,1448.489990234375
2016-11-24 00:00:00,1450.0
2016-11-28 00:00:00,1451.81005859375
2016-11-29 00:00:00,1450.8399658203125
2016-11-30 00:00:00,1445.9000244140625
2016-12-01 00:00:00,1438.25
2016-12-05 00:00:00,1449.77001953125
2016-12-06 00:00:00,1445.4100341796875
2016-12-07 00:00:00,1440.6400146484375
2016-12-08 00:00:00,1445.5400390625
2016-12-12 00:00:00,1455.18994140625
2016-12-13 00:00:00,1463.18994140625
2016-12-14 00:00:00,1455.1099853515625
2016-12-15 00:00:00,1455.9200439453125
2016-12-19 00:00:00,1461.0999755859375
2016-12-20 00:00:00,1465.52001953125
2016-12-21 00:00:00,1460.199951171875
2016-12-22 00:00:00,1463.469970703125
2016-12-26 00:00:00,1461.800048828125
2016-12-27 00:00:00,1475.530029296875
2016-12-28 00:00:00,1478.9599609375
2016-12-29 00:00:00,1470.780029296875
2017-01-02 00:00:00,1461.8399658203125
2017-01-03 00:00:00,1463.6700439453125
2017-01-04 00:00:00,1464.31005859375
2017-01-05 00:00:00,1467.8299560546875
2017-01-09 00:00:00,1463.5999755859375
2017-01-10 00:00:00,1460.0400390625
2017-01-11 00:00:00,1458.7099609375
2017-01-12 00:00:00,1450.06005859375
2017-01-16 00:00:00,1448.31005859375
2017-01-17 00:00:00,1445.449951171875
2017-01-18 00:00:00,1439.800048828125
2017-01-19 00:00:00,1421.469970703125
2017-01-23 00:00:00,1406.6700439453125
2017-01-24 00:00:00,1413.719970703125
2017-01-25 00:00:00,1421.18994140625
2017-01-26 00:00:00,1423.68994140625
2017-01-30 00:00:00,1407.239990234375
2017-01-31 00:00:00,1408.2900390625
2017-02-01 00:00:00,1419.3599853515625
2017-02-02 00:00:00,1414.4000244140625
2017-02-06 00:00:00,1413.8299560546875
2017-02-07 00:00:00,1417.760009765625
2017-02-08 00:00:00,1408.4200439453125
2017-02-09 00:00:00,1418.0799560546875
2017-02-13 00:00:00,1440.5699462890625
2017-02-14 00:00:00,1440.260009765625
2017-02-15 00:00:00,1448.510009765625
2017-02-16 00:00:00,1452.6700439453125
2017-02-20 00:00:00,1458.5999755859375
2017-02-21 00:00:00,1454.3199462890625
2017-02-22 00:00:00,1447.800048828125
2017-02-23 00:00:00,1444.0
2017-02-27 00:00:00,1435.1300048828125
2017-02-28 00:00:00,1423.030029296875
2017-03-01 00:00:00,1445.010009765625
2017-03-02 00:00:00,1443.1500244140625
2017-03-06 00:00:00,1429.6700439453125
2017-03-07 00:00:00,1429.969970703125
2017-03-08 00:00:00,1438.81005859375
2017-03-09 00:00:00,1439.2099609375
2017-03-13 00:00:00,1440.1099853515625
2017-03-14 00:00:00,1435.0899658203125
2017-03-15 00:00:00,1438.1199951171875
2017-03-16 00:00:00,1426.8599853515625
2017-03-20 00:00:00,1423.5899658203125
2017-03-21 00:00:00,1411.8399658203125
2017-03-22 00:00:00,1416.010009765625
2017-03-23 00:00:00,1415.989990234375
2017-03-27 00:00:00,1395.0899658203125
2017-03-28 00:00:00,1401.0
2017-03-29 00:00:00,1400.47998046875
2017-03-30 00:00:00,1397.3800048828125
2017-04-03 00:00:00,1394.6500244140625
2017-04-04 00:00:00,1394.1099853515625
2017-04-05 00:00:00,1409.9000244140625
2017-04-06 00:00:00,1400.300048828125
2017-04-12 00:00:00,1394.1199951171875
2017-04-13 00:00:00,1378.6600341796875
2017-04-18 00:00:00,1380.239990234375
2017-04-19 00:00:00,1389.2900390625
2017-04-20 00:00:00,1393.1400146484375
2017-04-24 00:00:00,1402.530029296875
2017-04-25 00:00:00,1402.9100341796875
2017-04-26 00:00:00,1410.75
2017-04-27 00:00:00,1405.449951171875
2017-05-03 00:00:00,1403.5
2017-05-04 00:00:00,1409.949951171875
2017-05-08 00:00:00,1423.52001953125
2017-05-09 00:00:00,1428.6199951171875
2017-05-10 00:00:00,1420.1099853515625
2017-05-11 00:00:00,1422.530029296875
2017-05-15 00:00:00,1432.489990234375
2017-05-16 00:00:00,1432.81005859375
2017-05-17 00:00:00,1419.72998046875
2017-05-18 00:00:00,1412.18994140625
2017-05-22 00:00:00,1421.5899658203125
2017-05-23 00:00:00,1419.1800537109375
2017-05-24 00:00:00,1418.550048828125
2017-05-25 00:00:00,1423.3499755859375
2017-05-29 00:00:00,1419.3599853515625
2017-06-01 00:00:00,1421.1400146484375
2017-06-05 00:00:00,1427.489990234375
2017-06-06 00:00:00,1423.9000244140625
2017-06-07 00:00:00,1427.4200439453125
2017-06-08 00:00:00,1425.699951171875
2017-06-12 00:00:00,1420.6300048828125
2017-06-13 00:00:00,1425.3199462890625
2017-06-14 00:00:00,1428.97998046875
2017-06-15 00:00:00,1423.6199951171875
2017-06-19 00:00:00,1439.5400390625
2017-06-20 00:00:00,1436.18994140625
2017-06-21 00:00:00,1439.3199462890625
2017-06-22 00:00:00,1438.219970703125
2017-06-26 00:00:00,1444.6300048828125
2017-06-27 00:00:00,1438.5899658203125
2017-06-28 00:00:00,1436.22998046875
2017-06-29 00:00:00,1433.6300048828125
2017-07-03 00:00:00,1438.3299560546875
2017-07-04 00:00:00,1435.6800537109375
2017-07-05 00:00:00,1433.18994140625
2017-07-06 00:00:00,1428.3599853515625
2017-07-10 00:00:00,1435.3499755859375
2017-07-11 00:00:00,1435.9300537109375
2017-07-12 00:00:00,1442.1199951171875
2017-07-13 00:00:00,1456.1199951171875
2017-07-17 00:00:00,1456.8599853515625
2017-07-18 00:00:00,1452.969970703125
2017-07-19 00:00:00,1455.43994140625
2017-07-20 00:00:00,1458.1199951171875
2017-07-24 00:00:00,1451.6700439453125
2017-07-25 00:00:00,1455.22998046875
2017-07-26 00:00:00,1453.6400146484375
2017-07-27 00:00:00,1451.47998046875
2017-07-31 00:00:00,1447.1400146484375
2017-08-02 00:00:00,1439.22998046875
2017-08-03 00:00:00,1417.239990234375
2017-08-07 00:00:00,1398.27001953125
2017-08-08 00:00:00,1392.75
2017-08-09 00:00:00,1376.8699951171875
2017-08-10 00:00:00,1363.5
2017-08-14 00:00:00,1388.5799560546875
2017-08-15 00:00:00,1388.6800537109375
2017-08-16 00:00:00,1399.1300048828125
2017-08-17 00:00:00,1394.489990234375
2017-08-21 00:00:00,1394.77001953125
2017-08-22 00:00:00,1407.050048828125
2017-08-23 00:00:00,1395.75
2017-08-24 00:00:00,1396.0799560546875
2017-08-28 00:00:00,1392.4200439453125
2017-08-29 00:00:00,1381.6099853515625
2017-08-30 00:00:00,1390.989990234375
2017-08-31 00:00:00,1400.93994140625
2017-09-04 00:00:00,1390.550048828125
2017-09-05 00:00:00,1392.31005859375
2017-09-06 00:00:00,1393.31005859375
2017-09-07 00:00:00,1388.0899658203125
2017-09-11 00:00:00,1404.9599609375
2017-09-12 00:00:00,1412.5999755859375
2017-09-13 00:00:00,1417.9100341796875
2017-09-14 00:00:00,1415.4599609375
2017-09-18 00:00:00,1424.9599609375
2017-09-19 00:00:00,1419.9000244140625
2017-09-25 00:00:00,1417.199951171875
2017-09-26 00:00:00,1418.199951171875
2017-09-27 00:00:00,1418.8499755859375
2017-09-28 00:00:00,1421.0400390625
2017-10-02 00:00:00,1429.8800048828125
2017-10-03 00:00:00,1432.9000244140625
2017-10-09 00:00:00,1444.8900146484375
2017-10-10 00:00:00,1441.18994140625
2017-10-16 00:00:00,1443.2900390625
2017-10-17 00:00:00,1443.6800537109375
2017-10-18 00:00:00,1447.3900146484375
2017-10-19 00:00:00,1435.56005859375
2017-10-23 00:00:00,1440.5899658203125
2017-10-24 00:00:00,1441.72998046875
2017-10-25 00:00:00,1437.5799560546875
2017-10-26 00:00:00,1438.1800537109375
2017-10-30 00:00:00,1441.489990234375
2017-10-31 00:00:00,1438.6099853515625
2017-11-01 00:00:00,1442.9000244140625
2017-11-02 00:00:00,1427.6199951171875
2017-11-06 00:00:00,1427.31005859375
2017-11-07 00:00:00,1423.3599853515625
2017-11-08 00:00:00,1419.1400146484375
2017-11-09 00:00:00,1417.3499755859375
2017-11-13 00:00:00,1418.47998046875
2017-11-14 00:00:00,1411.8199462890625
2017-11-15 00:00:00,1400.050048828125
2017-11-16 00:00:00,1405.5999755859375
2017-11-20 00:00:00,1409.8499755859375
2017-11-21 00:00:00,1417.31005859375
2017-11-22 00:00:00,1417.719970703125
2017-11-23 00:00:00,1432.7099609375
2017-11-27 00:00:00,1435.8599853515625
2017-11-28 00:00:00,1446.6700439453125
2017-11-29 00:00:00,1449.280029296875
2017-11-30 00:00:00,1455.3199462890625
2017-12-04 00:00:00,1466.280029296875
2017-12-05 00:00:00,1460.0400390625
2017-12-06 00:00:00,1448.4100341796875
2017-12-07 00:00:00,1445.6800537109375
2017-12-11 00:00:00,1460.5
2017-12-12 00:00:00,1463.219970703125
2017-12-13 00:00:00,1457.8299560546875
2017-12-14 00:00:00,1461.3399658203125
2017-12-18 00:00:00,1473.81005859375
2017-12-19 00:00:00,1473.56005859375
2017-12-20 00:00:00,1478.3699951171875
2017-12-21 00:00:00,1486.93994140625
2017-12-25 00:00:00,1508.300048828125
2017-12-26 00:00:00,1508.449951171875
2017-12-27 00:00:00,1506.4000244140625
2017-12-28 00:00:00,1512.47998046875
2018-01-01 00:00:00,1523.239990234375
2018-01-02 00:00:00,1532.1199951171875
2018-01-03 00:00:00,1525.77001953125
2018-01-04 00:00:00,1535.8900146484375
2018-01-08 00:00:00,1530.2099609375
2018-01-09 00:00:00,1528.9100341796875
2018-01-10 00:00:00,1515.510009765625
2018-01-11 00:00:00,1531.6500244140625
2018-01-15 00:00:00,1541.199951171875
2018-01-16 00:00:00,1542.81005859375
2018-01-17 00:00:00,1535.300048828125
2018-01-18 00:00:00,1533.5799560546875
2018-01-22 00:00:00,1531.4599609375
2018-01-23 00:00:00,1533.6800537109375
2018-01-24 00:00:00,1538.760009765625
2018-01-25 00:00:00,1543.1300048828125
2018-01-29 00:00:00,1549.8699951171875
2018-01-30 00:00:00,1538.8800048828125
2018-01-31 00:00:00,1547.550048828125
2018-02-01 00:00:00,1540.280029296875
2018-02-05 00:00:00,1505.81005859375
2018-02-06 00:00:00,1482.7099609375
2018-02-07 00:00:00,1497.3299560546875
2018-02-08 00:00:00,1478.52001953125
2018-02-12 00:00:00,1468.5
2018-02-13 00:00:00,1467.1700439453125
2018-02-14 00:00:00,1474.780029296875
2018-02-15 00:00:00,1490.199951171875
2018-02-19 00:00:00,1508.0999755859375
2018-02-20 00:00:00,1498.8499755859375
2018-02-21 00:00:00,1502.25
2018-02-22 00:00:00,1499.3399658203125
2018-02-26 00:00:00,1508.75
2018-02-27 00:00:00,1511.06005859375
2018-02-28 00:00:00,1500.56005859375
2018-03-05 00:00:00,1476.780029296875
2018-03-06 00:00:00,1482.1199951171875
2018-03-07 00:00:00,1479.47998046875
2018-03-08 00:00:00,1481.3499755859375
2018-03-12 00:00:00,1493.780029296875
2018-03-13 00:00:00,1502.02001953125
2018-03-14 00:00:00,1499.1099853515625
2018-03-15 00:00:00,1504.949951171875
2018-03-19 00:00:00,1486.9200439453125
2018-03-20 00:00:00,1488.239990234375
2018-03-21 00:00:00,1483.4200439453125
2018-03-22 00:00:00,1470.43994140625
2018-03-26 00:00:00,1438.3599853515625
2018-03-27 00:00:00,1448.5
2018-03-28 00:00:00,1434.4300537109375
2018-03-29 00:00:00,1436.219970703125
2018-04-02 00:00:00,1431.0699462890625
2018-04-03 00:00:00,1423.8599853515625
2018-04-04 00:00:00,1391.6700439453125
2018-04-09 00:00:00,1419.2099609375
2018-04-10 00:00:00,1441.0699462890625
2018-04-11 00:00:00,1439.43994140625
2018-04-12 00:00:00,1461.6500244140625
2018-04-16 00:00:00,1476.260009765625
2018-04-17 00:00:00,1484.4200439453125
2018-04-23 00:00:00,1480.6700439453125
2018-04-24 00:00:00,1483.989990234375
2018-04-25 00:00:00,1459.8499755859375
2018-04-26 00:00:00,1466.8599853515625
2018-04-30 00:00:00,1465.239990234375
2018-05-01 00:00:00,1463.8299560546875
2018-05-02 00:00:00,1476.199951171875
2018-05-03 00:00:00,1468.9100341796875
2018-05-07 00:00:00,1474.739990234375
2018-05-08 00:00:00,1464.4200439453125
2018-05-09 00:00:00,1469.97998046875
2018-05-10 00:00:00,1472.18994140625
2018-05-14 00:00:00,1487.0400390625
2018-05-15 00:00:00,1491.8499755859375
2018-05-16 00:00:00,1502.4200439453125
2018-05-17 00:00:00,1516.3699951171875
2018-05-21 00:00:00,1528.6800537109375
2018-05-22 00:00:00,1519.949951171875
2018-05-23 00:00:00,1509.5999755859375
2018-05-24 00:00:00,1516.3199462890625
2018-05-28 00:00:00,1524.27001953125
2018-05-29 00:00:00,1511.68994140625
2018-05-30 00:00:00,1512.43994140625
2018-05-31 00:00:00,1512.010009765625
2018-06-04 00:00:00,1522.6500244140625
2018-06-05 00:00:00,1531.3499755859375
2018-06-06 00:00:00,1527.31005859375
2018-06-07 00:00:00,1532.1500244140625
2018-06-11 00:00:00,1539.1500244140625
2018-06-12 00:00:00,1538.6099853515625
2018-06-13 00:00:00,1540.300048828125
2018-06-14 00:00:00,1542.1600341796875
2018-06-18 00:00:00,1532.699951171875
2018-06-19 00:00:00,1524.9000244140625
2018-06-20 00:00:00,1537.010009765625
2018-06-21 00:00:00,1528.469970703125
2018-06-25 00:00:00,1523.530029296875
2018-06-26 00:00:00,1526.280029296875
2018-06-27 00:00:00,1532.1300048828125
2018-06-28 00:00:00,1518.5899658203125
2018-07-02 00:00:00,1515.9100341796875
2018-07-03 00:00:00,1525.800048828125
2018-07-04 00:00:00,1525.68994140625
2018-07-05 00:00:00,1523.75
2018-07-09 00:00:00,1535.219970703125
2018-07-10 00:00:00,1544.260009765625
2018-07-11 00:00:00,1540.199951171875
2018-07-12 00:00:00,1549.699951171875
2018-07-16 00:00:00,1545.280029296875
2018-07-17 00:00:00,1546.4599609375
2018-07-18 00:00:00,1548.47998046875
2018-07-19 00:00:00,1544.1300048828125
2018-07-23 00:00:00,1545.52001953125
2018-07-24 00:00:00,1560.4200439453125
2018-07-25 00:00:00,1569.3199462890625
2018-07-26 00:00:00,1577.699951171875
2018-07-30 00:00:00,1579.3199462890625
2018-07-31 00:00:00,1579.489990234375
2018-08-01 00:00:00,1587.030029296875
2018-08-02 00:00:00,1578.0
2018-08-06 00:00:00,1604.050048828125
2018-08-07 00:00:00,1605.3900146484375
2018-08-08 00:00:00,1598.2099609375
2018-08-09 00:00:00,1589.8399658203125
2018-08-13 00:00:00,1580.3699951171875
2018-08-14 00:00:00,1576.31005859375
2018-08-15 00:00:00,1564.780029296875
2018-08-16 00:00:00,1582.7900390625
2018-08-20 00:00:00,1613.239990234375
2018-08-21 00:00:00,1618.949951171875
2018-08-22 00:00:00,1617.9000244140625
2018-08-23 00:00:00,1634.02001953125
2018-08-27 00:00:00,1652.8299560546875
2018-08-28 00:00:00,1649.8800048828125
2018-08-29 00:00:00,1658.6500244140625
2018-08-30 00:00:00,1666.0400390625
2018-09-03 00:00:00,1667.8699951171875
2018-09-04 00:00:00,1654.02001953125
2018-09-05 00:00:00,1634.1800537109375
2018-09-06 00:00:00,1635.280029296875
2018-09-12 00:00:00,1633.47998046875
2018-09-13 00:00:00,1627.8399658203125
2018-09-17 00:00:00,1659.8800048828125
2018-09-20 00:00:00,1670.260009765625
2018-09-25 00:00:00,1666.1600341796875
2018-09-26 00:00:00,1652.4200439453125
2018-09-27 00:00:00,1642.77001953125
2018-10-02 00:00:00,1650.27001953125
2018-10-03 00:00:00,1658.530029296875
2018-10-04 00:00:00,1637.1600341796875
2018-10-08 00:00:00,1626.5899658203125
2018-10-09 00:00:00,1627.739990234375
2018-10-10 00:00:00,1605.5699462890625
2018-10-11 00:00:00,1588.9100341796875
2018-10-15 00:00:00,1590.469970703125
2018-10-16 00:00:00,1613.0699462890625
2018-10-17 00:00:00,1609.3900146484375
2018-10-18 00:00:00,1620.6400146484375
2018-10-22 00:00:00,1613.02001953125
2018-10-23 00:00:00,1584.4000244140625
2018-10-24 00:00:00,1591.489990234375
2018-10-25 00:00:00,1568.27001953125
2018-10-29 00:00:00,1571.050048828125
2018-10-31 00:00:00,1587.1400146484375
2018-11-01 00:00:00,1611.4300537109375
2018-11-05 00:00:00,1611.27001953125
2018-11-06 00:00:00,1622.1700439453125
2018-11-07 00:00:00,1650.8499755859375
2018-11-08 00:00:00,1657.489990234375
2018-11-12 00:00:00,1644.3199462890625
2018-11-13 00:00:00,1648.239990234375
2018-11-14 00:00:00,1636.47998046875
2018-11-15 00:00:00,1634.8199462890625
2018-11-19 00:00:00,1635.7099609375
2018-11-20 00:00:00,1610.030029296875
2018-11-21 00:00:00,1619.27001953125
2018-11-22 00:00:00,1607.5400390625
2018-11-26 00:00:00,1622.22998046875
2018-11-27 00:00:00,1625.8800048828125
2018-11-28 00:00:00,1637.0999755859375
2018-11-29 00:00:00,1629.93994140625
2018-12-03 00:00:00,1653.8499755859375
2018-12-04 00:00:00,1631.6800537109375
2018-12-05 00:00:00,1637.510009765625
2018-12-06 00:00:00,1596.489990234375
2018-12-10 00:00:00,1579.969970703125
2018-12-11 00:00:00,1590.699951171875
2018-12-12 00:00:00,1594.72998046875
2018-12-13 00:00:00,1596.030029296875
2018-12-17 00:00:00,1560.97998046875
2018-12-18 00:00:00,1550.3199462890625
2018-12-19 00:00:00,1558.8499755859375
2018-12-20 00:00:00,1526.550048828125
2018-12-24 00:00:00,1419.5
2018-12-25 00:00:00,1449.43994140625
2018-12-26 00:00:00,1448.530029296875
2018-12-27 00:00:00,1448.56005859375
2018-12-31 00:00:00,1463.8699951171875
2019-01-01 00:00:00,1478.4200439453125
2019-01-02 00:00:00,1463.780029296875
2019-01-03 00:00:00,1451.27001953125
2019-01-07 00:00:00,1491.56005859375
2019-01-08 00:00:00,1499.56005859375
2019-01-09 00:00:00,1503.81005859375
2019-01-10 00:00:00,1498.6300048828125
2019-01-14 00:00:00,1485.1700439453125
2019-01-15 00:00:00,1495.449951171875
2019-01-16 00:00:00,1509.6800537109375
2019-01-17 00:00:00,1511.1400146484375
2019-01-21 00:00:00,1517.5799560546875
2019-01-22 00:00:00,1512.5799560546875
2019-01-23 00:00:00,1521.7900390625
2019-01-24 00:00:00,1526.9000244140625
2019-01-28 00:00:00,1538.530029296875
2019-01-29 00:00:00,1542.3499755859375
2019-01-30 00:00:00,1546.52001953125
2019-01-31 00:00:00,1554.1400146484375
2019-02-04 00:00:00,1553.3900146484375
2019-02-05 00:00:00,1562.3299560546875
2019-02-06 00:00:00,1553.6400146484375
2019-02-07 00:00:00,1538.3900146484375
2019-02-11 00:00:00,1544.8599853515625
2019-02-12 00:00:00,1553.18994140625
2019-02-13 00:00:00,1558.6199951171875
2019-02-14 00:00:00,1556.6500244140625
2019-02-18 00:00:00,1568.550048828125
2019-02-19 00:00:00,1568.5899658203125
2019-02-20 00:00:00,1578.3599853515625
2019-02-21 00:00:00,1569.9200439453125
2019-02-25 00:00:00,1587.9599609375
2019-02-26 00:00:00,1582.5699462890625
2019-02-27 00:00:00,1563.5799560546875
2019-02-28 00:00:00,1571.2099609375
2019-03-04 00:00:00,1583.9200439453125
2019-03-05 00:00:00,1570.22998046875
2019-03-06 00:00:00,1565.449951171875
2019-03-07 00:00:00,1542.8299560546875
2019-03-11 00:00:00,1546.9000244140625
2019-03-12 00:00:00,1537.8900146484375
2019-03-13 00:00:00,1557.9100341796875
2019-03-14 00:00:00,1552.02001953125
2019-03-18 00:00:00,1556.77001953125
2019-03-19 00:00:00,1556.0400390625
2019-03-20 00:00:00,1551.0999755859375
2019-03-25 00:00:00,1522.5899658203125
2019-03-26 00:00:00,1543.0400390625
2019-03-27 00:00:00,1543.300048828125
2019-03-28 00:00:00,1527.3499755859375
2019-04-01 00:00:00,1554.7099609375
2019-04-02 00:00:00,1555.5699462890625
2019-04-03 00:00:00,1558.739990234375
2019-04-04 00:00:00,1549.9300537109375
2019-04-08 00:00:00,1571.5799560546875
2019-04-10 00:00:00,1583.5799560546875
2019-04-11 00:00:00,1586.260009765625
2019-04-15 00:00:00,1596.75
2019-04-16 00:00:00,1605.989990234375
2019-04-17 00:00:00,1593.510009765625
2019-04-18 00:00:00,1584.56005859375
2019-04-22 00:00:00,1584.6099853515625
2019-04-23 00:00:00,1596.0400390625
2019-04-24 00:00:00,1614.6700439453125
2019-04-29 00:00:00,1620.77001953125
2019-04-30 00:00:00,1599.0799560546875
2019-05-01 00:00:00,1598.6099853515625
2019-05-02 00:00:00,1588.4100341796875
2019-05-06 00:00:00,1574.4200439453125
2019-05-07 00:00:00,1584.949951171875
2019-05-13 00:00:00,1538.0799560546875
2019-05-14 00:00:00,1554.43994140625
2019-05-15 00:00:00,1543.27001953125
2019-05-16 00:00:00,1569.5899658203125
2019-05-20 00:00:00,1561.4200439453125
2019-05-21 00:00:00,1570.9300537109375
2019-05-22 00:00:00,1581.8199462890625
2019-05-23 00:00:00,1563.969970703125
2019-05-27 00:00:00,1565.8699951171875
2019-05-28 00:00:00,1562.0799560546875
2019-05-29 00:00:00,1538.010009765625
2019-05-30 00:00:00,1544.43994140625
2019-06-03 00:00:00,1528.0799560546875
2019-06-04 00:00:00,1540.8199462890625
2019-06-05 00:00:00,1545.469970703125
2019-06-06 00:00:00,1541.280029296875
2019-06-10 00:00:00,1559.800048828125
2019-06-11 00:00:00,1553.8499755859375
2019-06-12 00:00:00,1542.77001953125
2019-06-13 00:00:00,1557.949951171875
2019-06-17 00:00:00,1548.8199462890625
2019-06-18 00:00:00,1562.739990234375
2019-06-19 00:00:00,1566.6700439453125
2019-06-20 00:00:00,1576.18994140625
2019-06-24 00:00:00,1574.030029296875
2019-06-25 00:00:00,1568.9000244140625
2019-06-26 00:00:00,1573.3699951171875
2019-06-27 00:00:00,1579.050048828125
2019-07-01 00:00:00,1594.02001953125
2019-07-02 00:00:00,1595.1400146484375
2019-07-03 00:00:00,1601.5899658203125
2019-07-04 00:00:00,1606.3499755859375
2019-07-08 00:00:00,1597.2099609375
2019-07-09 00:00:00,1600.050048828125
2019-07-10 00:00:00,1604.050048828125
2019-07-11 00:00:00,1597.6700439453125
2019-07-15 00:00:00,1598.9300537109375
2019-07-16 00:00:00,1592.3599853515625
2019-07-17 00:00:00,1574.6199951171875
2019-07-18 00:00:00,1564.300048828125
2019-07-22 00:00:00,1570.1300048828125
2019-07-23 00:00:00,1590.1300048828125
2019-07-24 00:00:00,1610.489990234375
2019-07-25 00:00:00,1609.52001953125
2019-07-29 00:00:00,1614.02001953125
2019-07-30 00:00:00,1610.5400390625
2019-07-31 00:00:00,1624.4200439453125
2019-08-01 00:00:00,1631.0899658203125
2019-08-05 00:00:00,1593.7900390625
2019-08-06 00:00:00,1602.449951171875
2019-08-07 00:00:00,1584.8399658203125
2019-08-08 00:00:00,1614.530029296875
2019-08-12 00:00:00,1605.47998046875
2019-08-13 00:00:00,1611.030029296875
2019-08-14 00:00:00,1564.4200439453125
2019-08-15 00:00:00,1553.2099609375
2019-08-19 00:00:00,1576.469970703125
2019-08-20 00:00:00,1580.800048828125
2019-08-21 00:00:00,1591.280029296875
2019-08-22 00:00:00,1595.050048828125
2019-08-23 00:00:00,1595.050048828125
2019-08-26 00:00:00,1556.56005859375
2019-08-27 00:00:00,1551.030029296875
2019-08-28 00:00:00,1539.449951171875
2019-08-29 00:00:00,1561.97998046875
2019-09-02 00:00:00,1557.4100341796875
2019-09-03 00:00:00,1545.5799560546875
2019-09-04 00:00:00,1558.449951171875
2019-09-05 00:00:00,1562.280029296875
2019-09-09 00:00:00,1576.199951171875
2019-09-10 00:00:00,1584.800048828125
2019-09-11 00:00:00,1605.22998046875
2019-09-12 00:00:00,1615.6099853515625
2019-09-16 00:00:00,1608.77001953125
2019-09-18 00:00:00,1616.5899658203125
2019-09-19 00:00:00,1621.489990234375
2019-09-23 00:00:00,1606.9200439453125
2019-09-24 00:00:00,1608.0999755859375
2019-09-25 00:00:00,1605.25
2019-09-26 00:00:00,1615.47998046875
2019-10-02 00:00:00,1602.8900146484375
2019-10-03 00:00:00,1589.8699951171875
2019-10-07 00:00:00,1613.25
2019-10-10 00:00:00,1611.4599609375
2019-10-15 00:00:00,1630.81005859375
2019-10-16 00:00:00,1650.6199951171875
2019-10-17 00:00:00,1648.739990234375
2019-10-22 00:00:00,1656.4100341796875
2019-10-23 00:00:00,1653.06005859375
2019-10-24 00:00:00,1653.1800537109375
2019-10-28 00:00:00,1660.8299560546875
2019-10-29 00:00:00,1660.8299560546875
2019-10-30 00:00:00,1653.0999755859375
2019-10-31 00:00:00,1654.1300048828125
2019-11-04 00:00:00,1668.239990234375
2019-11-05 00:00:00,1671.5999755859375
2019-11-06 00:00:00,1664.0400390625
2019-11-07 00:00:00,1668.760009765625
2019-11-11 00:00:00,1660.2099609375
2019-11-12 00:00:00,1658.8499755859375
2019-11-13 00:00:00,1658.6500244140625
2019-11-14 00:00:00,1664.0699462890625
2019-11-18 00:00:00,1665.780029296875
2019-11-19 00:00:00,1672.3199462890625
2019-11-20 00:00:00,1665.3599853515625
2019-11-21 00:00:00,1658.1300048828125
2019-11-25 00:00:00,1681.1400146484375
2019-11-26 00:00:00,1688.3800048828125
2019-11-27 00:00:00,1690.4599609375
2019-11-28 00:00:00,1702.52001953125
2019-12-02 00:00:00,1686.1400146484375
2019-12-03 00:00:00,1672.510009765625
2019-12-04 00:00:00,1681.77001953125
2019-12-05 00:00:00,1677.6800537109375
2019-12-09 00:00:00,1688.1400146484375
2019-12-10 00:00:00,1687.8900146484375
2019-12-11 00:00:00,1690.260009765625
2019-12-12 00:00:00,1691.56005859375
2019-12-16 00:00:00,1692.6199951171875
2019-12-17 00:00:00,1687.2900390625
2019-12-18 00:00:00,1686.760009765625
2019-12-19 00:00:00,1677.56005859375
2019-12-23 00:00:00,1676.8699951171875
2019-12-24 00:00:00,1687.8599853515625
2019-12-25 00:00:00,1691.7900390625
2019-12-26 00:00:00,1685.489990234375
2019-12-30 00:00:00,1675.0999755859375
2019-12-31 00:00:00,1683.2900390625
2020-01-01 00:00:00,1685.5
2020-01-02 00:00:00,1693.800048828125
2020-01-06 00:00:00,1680.0999755859375
2020-01-07 00:00:00,1674.56005859375
2020-01-08 00:00:00,1676.3900146484375
2020-01-09 00:00:00,1678.8599853515625
2020-01-13 00:00:00,1679.2900390625
2020-01-14 00:00:00,1688.47998046875
2020-01-15 00:00:00,1706.0999755859375
2020-01-16 00:00:00,1718.3399658203125
2020-01-20 00:00:00,1724.0
2020-01-21 00:00:00,1725.030029296875
2020-01-22 00:00:00,1739.3399658203125
2020-01-23 00:00:00,1735.8800048828125
2020-01-27 00:00:00,1695.739990234375
2020-01-28 00:00:00,1696.6300048828125
2020-01-29 00:00:00,1701.3299560546875
2020-01-30 00:00:00,1690.8800048828125
2020-02-03 00:00:00,1663.1700439453125
2020-02-04 00:00:00,1690.8699951171875
2020-02-05 00:00:00,1714.800048828125
2020-02-06 00:00:00,1727.06005859375
2020-02-10 00:00:00,1713.43994140625
2020-02-11 00:00:00,1732.56005859375
2020-02-12 00:00:00,1751.7900390625
2020-02-13 00:00:00,1730.1099853515625
2020-02-17 00:00:00,1727.8299560546875
2020-02-18 00:00:00,1714.02001953125
2020-02-19 00:00:00,1734.1099853515625
2020-02-20 00:00:00,1725.0899658203125
2020-02-24 00:00:00,1661.25
2020-02-25 00:00:00,1673.8199462890625
2020-02-26 00:00:00,1678.02001953125
2020-02-27 00:00:00,1601.81005859375
2020-03-03 00:00:00,1598.8499755859375
2020-03-04 00:00:00,1565.6500244140625
2020-03-05 00:00:00,1538.0899658203125
2020-03-09 00:00:00,1368.8699951171875
2020-03-11 00:00:00,1319.9000244140625
2020-03-12 00:00:00,1251.56005859375
2020-03-16 00:00:00,1240.489990234375
2020-03-17 00:00:00,1266.8399658203125
2020-03-18 00:00:00,1181.969970703125
2020-03-19 00:00:00,1230.31005859375
2020-03-23 00:00:00,1171.2099609375
2020-03-24 00:00:00,1254.3599853515625
2020-03-25 00:00:00,1243.699951171875
2020-03-26 00:00:00,1281.239990234375
2020-03-30 00:00:00,1296.6400146484375
2020-03-31 00:00:00,1329.5799560546875
2020-04-01 00:00:00,1284.1500244140625
2020-04-02 00:00:00,1268.9300537109375
2020-04-06 00:00:00,1302.9300537109375
2020-04-07 00:00:00,1337.0400390625
2020-04-13 00:00:00,1347.18994140625
2020-04-16 00:00:00,1324.219970703125
2020-04-20 00:00:00,1377.52001953125
2020-04-21 00:00:00,1345.5999755859375
2020-04-22 00:00:00,1343.6400146484375
2020-04-23 00:00:00,1368.1500244140625
2020-04-27 00:00:00,1415.3499755859375
2020-04-30 00:00:00,1425.81005859375
2020-05-04 00:00:00,1378.949951171875
2020-05-05 00:00:00,1407.260009765625
2020-05-06 00:00:00,1410.8699951171875
2020-05-07 00:00:00,1434.949951171875
2020-05-11 00:00:00,1445.530029296875
2020-05-12 00:00:00,1438.1500244140625
2020-05-13 00:00:00,1416.1600341796875
2020-05-14 00:00:00,1353.8800048828125
2020-05-18 00:00:00,1421.719970703125
2020-05-19 00:00:00,1423.75
2020-05-20 00:00:00,1437.56005859375
2020-05-21 00:00:00,1424.6400146484375
2020-05-25 00:00:00,1454.2900390625
2020-05-26 00:00:00,1450.68994140625
2020-05-27 00:00:00,1440.1500244140625
2020-06-01 00:00:00,1430.0799560546875
2020-06-02 00:00:00,1434.0
2020-06-03 00:00:00,1434.699951171875
2020-06-04 00:00:00,1439.989990234375
2020-06-08 00:00:00,1470.300048828125
2020-06-09 00:00:00,1471.6700439453125
2020-06-10 00:00:00,1469.02001953125
2020-06-11 00:00:00,1441.3699951171875
2020-06-15 00:00:00,1418.8699951171875
2020-06-16 00:00:00,1449.1099853515625
2020-06-17 00:00:00,1436.0799560546875
2020-06-18 00:00:00,1424.7099609375
2020-06-22 00:00:00,1404.3199462890625
2020-06-23 00:00:00,1395.5400390625
2020-06-24 00:00:00,1364.0400390625
2020-06-25 00:00:00,1362.6800537109375
2020-06-29 00:00:00,1333.9200439453125
2020-06-30 00:00:00,1342.4000244140625
2020-07-01 00:00:00,1381.02001953125
2020-07-02 00:00:00,1405.3299560546875
2020-07-06 00:00:00,1392.8599853515625
2020-07-07 00:00:00,1389.1199951171875
2020-07-08 00:00:00,1368.8199462890625
2020-07-09 00:00:00,1361.239990234375
2020-07-13 00:00:00,1385.1099853515625
2020-07-14 00:00:00,1366.6500244140625
2020-07-15 00:00:00,1400.300048828125
2020-07-16 00:00:00,1388.3900146484375
2020-07-20 00:00:00,1396.739990234375
2020-07-21 00:00:00,1410.9200439453125
2020-07-22 00:00:00,1398.52001953125
2020-07-23 00:00:00,1388.27001953125
2020-07-27 00:00:00,1376.4300537109375
2020-07-28 00:00:00,1378.1700439453125
2020-07-29 00:00:00,1380.6300048828125
2020-08-03 00:00:00,1381.81005859375
2020-08-04 00:00:00,1385.02001953125
2020-08-05 00:00:00,1403.0699462890625
2020-08-06 00:00:00,1403.0
2020-08-10 00:00:00,1398.8199462890625
2020-08-11 00:00:00,1411.2900390625
2020-08-12 00:00:00,1425.3599853515625
2020-08-13 00:00:00,1415.5400390625
2020-08-17 00:00:00,1436.22998046875
2020-08-18 00:00:00,1428.5999755859375
2020-08-19 00:00:00,1414.72998046875
2020-08-20 00:00:00,1394.7099609375
2020-08-24 00:00:00,1410.449951171875
2020-08-25 00:00:00,1413.6300048828125
2020-08-26 00:00:00,1425.5799560546875
2020-08-27 00:00:00,1412.43994140625
2020-08-31 00:00:00,1394.1600341796875
2020-09-01 00:00:00,1395.31005859375
2020-09-02 00:00:00,1386.9100341796875
2020-09-03 00:00:00,1340.199951171875
2020-09-07 00:00:00,1344.3399658203125
2020-09-08 00:00:00,1324.56005859375
2020-09-09 00:00:00,1324.8299560546875
2020-09-10 00:00:00,1305.280029296875
2020-09-14 00:00:00,1334.4300537109375
2020-09-15 00:00:00,1336.8900146484375
2020-09-16 00:00:00,1332.6300048828125
2020-09-17 00:00:00,1324.1700439453125
2020-09-21 00:00:00,1306.93994140625
2020-09-22 00:00:00,1308.47998046875
2020-09-23 00:00:00,1287.800048828125
2020-09-24 00:00:00,1275.22998046875
2020-09-29 00:00:00,1294.6700439453125
2020-09-30 00:00:00,1308.1600341796875
2020-10-01 00:00:00,1318.9300537109375
2020-10-05 00:00:00,1346.31005859375
2020-10-06 00:00:00,1350.47998046875
2020-10-07 00:00:00,1349.8399658203125
2020-10-08 00:00:00,1364.800048828125
2020-10-12 00:00:00,1372.6400146484375
2020-10-13 00:00:00,1364.1300048828125
2020-10-14 00:00:00,1370.3800048828125
2020-10-15 00:00:00,1358.22998046875
2020-10-19 00:00:00,1363.6099853515625
2020-10-20 00:00:00,1362.6600341796875
2020-10-21 00:00:00,1359.3499755859375
2020-10-22 00:00:00,1354.2099609375
2020-10-26 00:00:00,1355.8699951171875
2020-10-27 00:00:00,1346.489990234375
2020-10-28 00:00:00,1311.3299560546875
2020-10-29 00:00:00,1330.1800537109375
2020-11-02 00:00:00,1345.1199951171875
2020-11-03 00:00:00,1354.969970703125
2020-11-04 00:00:00,1370.0699462890625
2020-11-05 00:00:00,1373.97998046875
2020-11-09 00:00:00,1422.6400146484375
2020-11-10 00:00:00,1417.449951171875
2020-11-11 00:00:00,1429.1400146484375
2020-11-12 00:00:00,1418.3900146484375
2020-11-16 00:00:00,1433.030029296875
2020-11-17 00:00:00,1428.0
2020-11-18 00:00:00,1433.9100341796875
2020-11-19 00:00:00,1423.9599609375
2020-11-23 00:00:00,1446.510009765625
2020-11-24 00:00:00,1473.9100341796875
2020-11-25 00:00:00,1467.22998046875
2020-11-26 00:00:00,1486.3800048828125
2020-11-30 00:00:00,1462.050048828125
2020-12-01 00:00:00,1458.3800048828125
2020-12-02 00:00:00,1436.3499755859375
2020-12-03 00:00:00,1447.02001953125
2020-12-07 00:00:00,1467.1199951171875
2020-12-08 00:00:00,1462.9300537109375
2020-12-09 00:00:00,1483.4000244140625
2020-12-10 00:00:00,1472.6199951171875
2020-12-14 00:00:00,1492.4200439453125
2020-12-15 00:00:00,1479.3499755859375
2020-12-16 00:00:00,1471.489990234375
2020-12-17 00:00:00,1471.800048828125
2020-12-21 00:00:00,1423.8399658203125
2020-12-22 00:00:00,1441.6400146484375
2020-12-23 00:00:00,1445.8599853515625
2020-12-24 00:00:00,1470.3599853515625
2020-12-28 00:00:00,1494.4300537109375
2020-12-29 00:00:00,1484.56005859375
2020-12-30 00:00:00,1500.0699462890625
2020-12-31 00:00:00,1499.050048828125
2021-01-04 00:00:00,1498.030029296875
2021-01-05 00:00:00,1497.6800537109375
2021-01-06 00:00:00,1511.6600341796875
2021-01-07 00:00:00,1540.72998046875
2021-01-11 00:00:00,1562.7099609375
2021-01-12 00:00:00,1572.0699462890625
2021-01-13 00:00:00,1585.75
2021-01-14 00:00:00,1593.6400146484375
2021-01-18 00:00:00,1600.4599609375
2021-01-19 00:00:00,1610.77001953125
2021-01-20 00:00:00,1631.1800537109375
2021-01-21 00:00:00,1613.2900390625
2021-01-25 00:00:00,1597.3399658203125
2021-01-26 00:00:00,1596.489990234375
2021-01-27 00:00:00,1591.81005859375
2021-01-28 00:00:00,1599.449951171875
2021-02-01 00:00:00,1593.72998046875
2021-02-02 00:00:00,1607.969970703125
2021-02-03 00:00:00,1603.1199951171875
2021-02-04 00:00:00,1600.9100341796875
2021-02-08 00:00:00,1612.8299560546875
2021-02-09 00:00:00,1621.199951171875
2021-02-10 00:00:00,1618.93994140625
2021-02-11 00:00:00,1605.9200439453125
2021-02-15 00:00:00,1620.030029296875
2021-02-16 00:00:00,1618.739990234375
2021-02-17 00:00:00,1603.280029296875
2021-02-18 00:00:00,1583.25
2021-02-22 00:00:00,1585.8499755859375
2021-02-23 00:00:00,1553.3800048828125
2021-02-24 00:00:00,1557.969970703125
2021-02-25 00:00:00,1549.6300048828125
2021-03-01 00:00:00,1562.8499755859375
2021-03-02 00:00:00,1568.0400390625
2021-03-03 00:00:00,1550.5999755859375
2021-03-04 00:00:00,1538.93994140625
2021-03-08 00:00:00,1552.4200439453125
2021-03-09 00:00:00,1573.8900146484375
2021-03-10 00:00:00,1576.25
2021-03-11 00:00:00,1596.81005859375
2021-03-15 00:00:00,1598.0899658203125
2021-03-16 00:00:00,1604.2900390625
2021-03-17 00:00:00,1585.0899658203125
2021-03-18 00:00:00,1587.280029296875
2021-03-22 00:00:00,1606.699951171875
2021-03-24 00:00:00,1603.050048828125
2021-03-25 00:00:00,1578.0699462890625
2021-03-29 00:00:00,1604.0699462890625
2021-03-30 00:00:00,1600.030029296875
2021-03-31 00:00:00,1604.6199951171875
2021-04-01 00:00:00,1610.219970703125
2021-04-05 00:00:00,1631.3699951171875
2021-04-06 00:00:00,1630.449951171875
2021-04-07 00:00:00,1632.52001953125
2021-04-08 00:00:00,1635.3800048828125
2021-04-12 00:00:00,1632.8599853515625
2021-04-13 00:00:00,1631.969970703125
2021-04-19 00:00:00,1642.1199951171875
2021-04-20 00:00:00,1634.449951171875
2021-04-21 00:00:00,1630.9100341796875
2021-04-22 00:00:00,1633.030029296875
2021-04-26 00:00:00,1633.3800048828125
2021-04-27 00:00:00,1631.1500244140625
2021-04-28 00:00:00,1632.010009765625
2021-04-29 00:00:00,1641.760009765625
2021-05-03 00:00:00,1654.449951171875
2021-05-04 00:00:00,1642.22998046875
2021-05-05 00:00:00,1650.699951171875
2021-05-06 00:00:00,1648.699951171875
2021-05-10 00:00:00,1649.300048828125
2021-05-11 00:00:00,1623.56005859375
2021-05-12 00:00:00,1623.18994140625
2021-05-13 00:00:00,1640.6199951171875
2021-05-18 00:00:00,1660.4000244140625
2021-05-19 00:00:00,1650.9000244140625
2021-05-20 00:00:00,1678.0999755859375
2021-05-24 00:00:00,1694.5799560546875
2021-05-25 00:00:00,1692.56005859375
2021-05-26 00:00:00,1703.3199462890625
2021-05-27 00:00:00,1706.9000244140625
2021-05-31 00:00:00,1697.1700439453125
2021-06-01 00:00:00,1687.6500244140625
2021-06-02 00:00:00,1697.6400146484375
2021-06-03 00:00:00,1686.72998046875
2021-06-07 00:00:00,1690.489990234375
2021-06-08 00:00:00,1687.8699951171875
2021-06-09 00:00:00,1688.31005859375
2021-06-10 00:00:00,1693.510009765625
2021-06-14 00:00:00,1707.219970703125
2021-06-15 00:00:00,1701.7099609375
2021-06-16 00:00:00,1704.1199951171875
2021-06-17 00:00:00,1689.5
2021-06-21 00:00:00,1680.81005859375
2021-06-22 00:00:00,1685.3699951171875
2021-06-23 00:00:00,1689.4599609375
2021-06-24 00:00:00,1687.010009765625
2021-06-28 00:00:00,1690.1199951171875
2021-06-29 00:00:00,1687.989990234375
2021-06-30 00:00:00,1682.93994140625
2021-07-01 00:00:00,1687.8399658203125
2021-07-05 00:00:00,1687.699951171875
2021-07-06 00:00:00,1681.93994140625
2021-07-07 00:00:00,1691.0
2021-07-08 00:00:00,1658.0899658203125
2021-07-12 00:00:00,1680.18994140625
2021-07-13 00:00:00,1675.6500244140625
2021-07-14 00:00:00,1672.18994140625
2021-07-15 00:00:00,1657.9200439453125
2021-07-19 00:00:00,1613.2900390625
2021-07-20 00:00:00,1637.530029296875
2021-07-21 00:00:00,1662.6700439453125
2021-07-22 00:00:00,1660.75
2021-07-26 00:00:00,1670.6199951171875
2021-07-27 00:00:00,1663.1800537109375
2021-07-28 00:00:00,1687.2900390625
2021-07-29 00:00:00,1691.72998046875
2021-08-02 00:00:00,1713.6800537109375
2021-08-03 00:00:00,1695.5400390625
2021-08-04 00:00:00,1693.8199462890625
2021-08-05 00:00:00,1689.8699951171875
2021-08-09 00:00:00,1683.8800048828125
2021-08-10 00:00:00,1701.9200439453125
2021-08-11 00:00:00,1698.9200439453125
2021-08-12 00:00:00,1710.6700439453125
2021-08-16 00:00:00,1703.0
2021-08-17 00:00:00,1700.68994140625
2021-08-18 00:00:00,1721.780029296875
2021-08-19 00:00:00,1725.1800537109375
2021-08-23 00:00:00,1744.8299560546875
2021-08-24 00:00:00,1752.5
2021-08-25 00:00:00,1767.3399658203125
2021-08-26 00:00:00,1760.6400146484375
2021-08-30 00:00:00,1767.6500244140625
2021-08-31 00:00:00,1757.7099609375
2021-09-01 00:00:00,1768.219970703125
2021-09-02 00:00:00,1766.8299560546875
2021-09-09 00:00:00,1800.4200439453125
2021-09-13 00:00:00,1803.3399658203125
2021-09-14 00:00:00,1812.02001953125
2021-09-22 00:00:00,1792.550048828125
2021-09-23 00:00:00,1804.5899658203125
2021-09-29 00:00:00,1793.989990234375
2021-09-30 00:00:00,1803.0400390625
2021-10-04 00:00:00,1791.3299560546875
2021-10-05 00:00:00,1799.7900390625
2021-10-06 00:00:00,1784.1600341796875
2021-10-07 00:00:00,1803.3399658203125
2021-10-11 00:00:00,1814.4100341796875
2021-10-12 00:00:00,1823.6300048828125
2021-10-13 00:00:00,1831.3199462890625
2021-10-14 00:00:00,1846.56005859375
2021-10-18 00:00:00,1841.469970703125
2021-10-19 00:00:00,1843.93994140625
2021-10-20 00:00:00,1851.239990234375
2021-10-21 00:00:00,1861.1500244140625
2021-10-25 00:00:00,1868.969970703125
2021-10-26 00:00:00,1871.6700439453125
2021-10-27 00:00:00,1862.3399658203125
2021-10-28 00:00:00,1849.5
2021-11-01 00:00:00,1856.030029296875
2021-11-02 00:00:00,1876.260009765625
2021-11-03 00:00:00,1879.3699951171875
2021-11-04 00:00:00,1890.199951171875
2021-11-08 00:00:00,1892.0899658203125
2021-11-09 00:00:00,1889.010009765625
2021-11-10 00:00:00,1875.3699951171875
2021-11-11 00:00:00,1889.3800048828125
2021-11-15 00:00:00,1902.949951171875
2021-11-16 00:00:00,1896.8699951171875
2021-11-17 00:00:00,1895.8399658203125
2021-11-18 00:00:00,1898.8800048828125
2021-11-22 00:00:00,1906.6099853515625
2021-11-23 00:00:00,1892.0999755859375
2021-11-24 00:00:00,1885.3599853515625
2021-11-25 00:00:00,1896.5699462890625
2021-11-29 00:00:00,1878.0799560546875
2021-11-30 00:00:00,1863.8499755859375
2021-12-01 00:00:00,1889.5999755859375
2021-12-02 00:00:00,1869.8599853515625
2021-12-06 00:00:00,1884.1600341796875
2021-12-07 00:00:00,1913.4100341796875
2021-12-08 00:00:00,1908.219970703125
2021-12-09 00:00:00,1906.2099609375
2021-12-13 00:00:00,1895.0699462890625
2021-12-14 00:00:00,1883.5
2021-12-15 00:00:00,1887.010009765625
2021-12-16 00:00:00,1908.239990234375
2021-12-20 00:00:00,1870.969970703125
2021-12-21 00:00:00,1896.7900390625
2021-12-22 00:00:00,1918.050048828125
2021-12-23 00:00:00,1950.2099609375
2021-12-27 00:00:00,1964.8199462890625
2021-12-28 00:00:00,1986.3699951171875
2021-12-29 00:00:00,1975.4200439453125
2021-12-30 00:00:00,1978.06005859375
2022-01-03 00:00:00,1988.75
2022-01-04 00:00:00,2002.4300537109375
2022-01-05 00:00:00,2016.22998046875
2022-01-06 00:00:00,2003.52001953125
2022-01-10 00:00:00,1984.43994140625
2022-01-11 00:00:00,2022.1600341796875
2022-01-12 00:00:00,2055.550048828125
2022-01-13 00:00:00,2071.10009765625
2022-01-17 00:00:00,2055.110107421875
2022-01-18 00:00:00,2028.1800537109375
2022-01-19 00:00:00,2015.010009765625
2022-01-20 00:00:00,2019.3900146484375
2022-01-24 00:00:00,1888.72998046875
2022-01-25 00:00:00,1894.9100341796875
2022-01-26 00:00:00,1937.1300048828125
2022-01-27 00:00:00,1917.219970703125
2022-01-31 00:00:00,1917.1800537109375
2022-02-01 00:00:00,1915.7900390625
2022-02-02 00:00:00,1935.8499755859375
2022-02-03 00:00:00,1930.530029296875
2022-02-07 00:00:00,1932.1199951171875
2022-02-08 00:00:00,1939.3900146484375
2022-02-09 00:00:00,1986.6700439453125
2022-02-10 00:00:00,1986.6600341796875
2022-02-14 00:00:00,1950.97998046875
2022-02-15 00:00:00,1977.3199462890625
2022-02-16 00:00:00,1991.6300048828125
2022-02-17 00:00:00,1979.8399658203125
2022-02-21 00:00:00,1972.8900146484375
2022-02-22 00:00:00,1978.7099609375
2022-02-23 00:00:00,1985.1700439453125
2022-02-24 00:00:00,1927.4100341796875
2022-02-28 00:00:00,1973.02001953125
2022-03-01 00:00:00,1953.280029296875
2022-03-02 00:00:00,1958.2900390625
2022-03-03 00:00:00,1943.510009765625
2022-03-07 00:00:00,1935.949951171875
2022-03-08 00:00:00,1915.6400146484375
2022-03-09 00:00:00,1948.9100341796875
2022-03-10 00:00:00,1930.4000244140625
2022-03-14 00:00:00,1912.780029296875
2022-03-15 00:00:00,1930.0
2022-03-16 00:00:00,1961.0699462890625
2022-03-21 00:00:00,2003.43994140625
2022-03-22 00:00:00,2022.6500244140625
2022-03-23 00:00:00,2027.5699462890625
2022-03-24 00:00:00,2036.489990234375
2022-03-28 00:00:00,2030.0799560546875
2022-03-29 00:00:00,2036.25
2022-03-30 00:00:00,2042.43994140625
2022-03-31 00:00:00,2021.280029296875
2022-04-04 00:00:00,2043.6500244140625
2022-04-05 00:00:00,2059.110107421875
2022-04-06 00:00:00,2028.280029296875
2022-04-07 00:00:00,2034.510009765625
2022-04-11 00:00:00,2023.81005859375
2022-04-12 00:00:00,2025.800048828125
2022-04-13 00:00:00,2023.72998046875
2022-04-14 00:00:00,2039.0899658203125
2022-04-18 00:00:00,2046.8800048828125
2022-04-19 00:00:00,2051.47998046875
2022-04-20 00:00:00,2055.659912109375
2022-04-25 00:00:00,2006.800048828125
2022-04-26 00:00:00,2004.949951171875
2022-04-27 00:00:00,1994.030029296875
2022-04-28 00:00:00,2016.8699951171875
2022-05-02 00:00:00,1941.7099609375
2022-05-03 00:00:00,1936.56005859375
2022-05-09 00:00:00,1857.27001953125
2022-05-10 00:00:00,1874.219970703125
2022-05-11 00:00:00,1895.22998046875
2022-05-12 00:00:00,1874.25
2022-05-16 00:00:00,1904.4300537109375
2022-05-17 00:00:00,1927.550048828125
2022-05-18 00:00:00,1919.280029296875
2022-05-19 00:00:00,1875.8800048828125
2022-05-23 00:00:00,1903.06005859375
2022-05-24 00:00:00,1860.5699462890625
2022-05-25 00:00:00,1836.31005859375
2022-05-26 00:00:00,1880.280029296875
2022-05-30 00:00:00,1907.0899658203125
2022-05-31 00:00:00,1901.9599609375
2022-06-01 00:00:00,1919.52001953125
2022-06-02 00:00:00,1902.510009765625
2022-06-06 00:00:00,1918.8499755859375
2022-06-07 00:00:00,1900.9300537109375
2022-06-08 00:00:00,1907.5699462890625
2022-06-09 00:00:00,1886.8800048828125
2022-06-13 00:00:00,1786.7900390625
2022-06-14 00:00:00,1799.6600341796875
2022-06-15 00:00:00,1822.43994140625
2022-06-16 00:00:00,1775.8900146484375
2022-06-20 00:00:00,1808.8499755859375
2022-06-21 00:00:00,1837.1099853515625
2022-06-22 00:00:00,1834.0400390625
2022-06-23 00:00:00,1820.7900390625
2022-06-27 00:00:00,1844.280029296875
2022-06-28 00:00:00,1865.72998046875
2022-06-29 00:00:00,1864.6700439453125
2022-06-30 00:00:00,1828.72998046875
2022-07-04 00:00:00,1841.4100341796875
2022-07-05 00:00:00,1829.030029296875
2022-07-06 00:00:00,1825.6400146484375
2022-07-07 00:00:00,1851.449951171875
2022-07-11 00:00:00,1861.3800048828125
2022-07-12 00:00:00,1863.489990234375
2022-07-13 00:00:00,1853.6700439453125
2022-07-14 00:00:00,1842.530029296875
2022-07-18 00:00:00,1884.47998046875
2022-07-19 00:00:00,1880.5
2022-07-20 00:00:00,1901.969970703125
2022-07-21 00:00:00,1920.199951171875
2022-07-25 00:00:00,1903.8199462890625
2022-07-26 00:00:00,1892.47998046875
2022-07-27 00:00:00,1912.3299560546875
2022-07-28 00:00:00,1925.3499755859375
2022-08-01 00:00:00,1941.530029296875
2022-08-02 00:00:00,1929.1099853515625
2022-08-03 00:00:00,1945.949951171875
2022-08-04 00:00:00,1956.9599609375
2022-08-08 00:00:00,1989.550048828125
2022-08-09 00:00:00,1988.31005859375
2022-08-10 00:00:00,2023.93994140625
2022-08-11 00:00:00,2039.22998046875
2022-08-15 00:00:00,2057.25
2022-08-16 00:00:00,2059.219970703125
2022-08-17 00:00:00,2033.8199462890625
2022-08-18 00:00:00,2054.8798828125
2022-08-22 00:00:00,2024.949951171875
2022-08-23 00:00:00,2039.8599853515625
2022-08-24 00:00:00,2067.22998046875
2022-08-25 00:00:00,2060.39990234375
2022-08-29 00:00:00,2031.3599853515625
2022-08-30 00:00:00,2020.050048828125
2022-08-31 00:00:00,2017.0799560546875
2022-09-01 00:00:00,2005.3800048828125
2022-09-05 00:00:00,2003.4300537109375
2022-09-06 00:00:00,1984.2900390625
2022-09-07 00:00:00,1970.25
2022-09-08 00:00:00,1987.2900390625
2022-09-12 00:00:00,2016.449951171875
2022-09-13 00:00:00,1991.550048828125
2022-09-14 00:00:00,1961.1800537109375
2022-09-15 00:00:00,1950.56005859375
2022-09-19 00:00:00,1943.27001953125
2022-09-20 00:00:00,1931.719970703125
2022-09-21 00:00:00,1944.8599853515625
2022-09-22 00:00:00,1922.8900146484375
2022-09-28 00:00:00,1875.739990234375
2022-09-29 00:00:00,1837.22998046875
2022-10-03 00:00:00,1837.9200439453125
2022-10-06 00:00:00,1867.6199951171875
2022-10-11 00:00:00,1847.449951171875
2022-10-12 00:00:00,1856.75
2022-10-13 00:00:00,1873.72998046875
2022-10-18 00:00:00,1890.3199462890625
2022-10-19 00:00:00,1892.010009765625
2022-10-20 00:00:00,1887.949951171875
2022-10-24 00:00:00,1905.800048828125
2022-10-25 00:00:00,1920.550048828125
2022-10-26 00:00:00,1934.56005859375
2022-10-27 00:00:00,1933.8199462890625
2022-10-31 00:00:00,1943.8699951171875
2022-11-02 00:00:00,1943.02001953125
2022-11-03 00:00:00,1914.469970703125
2022-11-07 00:00:00,1915.1800537109375
2022-11-08 00:00:00,1937.3599853515625
2022-11-09 00:00:00,1929.199951171875
2022-11-10 00:00:00,1981.0400390625
2022-11-14 00:00:00,1944.800048828125
2022-11-15 00:00:00,1954.1500244140625
2022-11-16 00:00:00,1924.6700439453125
2022-11-17 00:00:00,1883.530029296875
2022-11-21 00:00:00,1876.739990234375
2022-11-22 00:00:00,1891.3499755859375
2022-11-23 00:00:00,1878.3199462890625
2022-11-24 00:00:00,1879.2099609375
2022-11-28 00:00:00,1840.0799560546875
2022-11-29 00:00:00,1865.4200439453125
2022-11-30 00:00:00,1849.1700439453125
2022-12-01 00:00:00,1874.8800048828125
2022-12-05 00:00:00,1869.6700439453125
2022-12-06 00:00:00,1851.4100341796875
2022-12-07 00:00:00,1826.9300537109375
2022-12-08 00:00:00,1847.22998046875
2022-12-12 00:00:00,1835.8199462890625
2022-12-13 00:00:00,1856.4599609375
2022-12-14 00:00:00,1838.1800537109375
2022-12-15 00:00:00,1820.5400390625
2022-12-19 00:00:00,1801.510009765625
2022-12-20 00:00:00,1790.050048828125
2022-12-21 00:00:00,1806.9100341796875
2022-12-22 00:00:00,1785.9599609375
2022-12-26 00:00:00,1762.0
2022-12-27 00:00:00,1779.050048828125
2022-12-28 00:00:00,1787.43994140625
2022-12-29 00:00:00,1796.9200439453125
2023-01-02 00:00:00,1786.18994140625
2023-01-03 00:00:00,1788.199951171875
2023-01-04 00:00:00,1794.68994140625
2023-01-05 00:00:00,1790.0400390625
2023-01-09 00:00:00,1820.550048828125
2023-01-10 00:00:00,1815.5999755859375
2023-01-11 00:00:00,1817.1400146484375
2023-01-12 00:00:00,1820.3800048828125
2023-01-16 00:00:00,1851.9100341796875
2023-01-17 00:00:00,1855.449951171875
2023-01-18 00:00:00,1857.68994140625
2023-01-19 00:00:00,1830.6700439453125
2023-01-23 00:00:00,1831.949951171875
2023-01-24 00:00:00,1828.969970703125
2023-01-25 00:00:00,1798.949951171875
2023-01-26 00:00:00,1782.239990234375
2023-01-30 00:00:00,1777.8599853515625
2023-01-31 00:00:00,1797.1400146484375
2023-02-01 00:00:00,1801.9100341796875
2023-02-02 00:00:00,1833.9599609375
2023-02-06 00:00:00,1807.52001953125
2023-02-07 00:00:00,1806.280029296875
2023-02-08 00:00:00,1797.3800048828125
2023-02-09 00:00:00,1781.4000244140625
2023-02-13 00:00:00,1802.4599609375
2023-02-14 00:00:00,1796.0799560546875
2023-02-15 00:00:00,1812.780029296875
2023-02-16 00:00:00,1802.4000244140625
2023-02-20 00:00:00,1792.969970703125
2023-02-21 00:00:00,1763.3699951171875
2023-02-22 00:00:00,1760.010009765625
2023-02-23 00:00:00,1747.4300537109375
2023-02-27 00:00:00,1722.5400390625
2023-02-28 00:00:00,1734.3399658203125
2023-03-01 00:00:00,1737.3900146484375
2023-03-02 00:00:00,1742.6199951171875
2023-03-06 00:00:00,1783.550048828125
2023-03-08 00:00:00,1788.1600341796875
2023-03-09 00:00:00,1799.3199462890625
2023-03-13 00:00:00,1737.1400146484375
2023-03-14 00:00:00,1756.260009765625
2023-03-15 00:00:00,1723.93994140625
2023-03-16 00:00:00,1725.5
2023-03-20 00:00:00,1731.030029296875
2023-03-21 00:00:00,1744.6700439453125
2023-03-22 00:00:00,1748.550048828125
2023-03-23 00:00:00,1779.4300537109375
2023-03-27 00:00:00,1775.4599609375
2023-03-28 00:00:00,1760.8599853515625
2023-03-29 00:00:00,1732.2099609375
2023-03-30 00:00:00,1739.1099853515625
2023-04-03 00:00:00,1741.280029296875
2023-04-04 00:00:00,1741.9100341796875
2023-04-10 00:00:00,1740.4100341796875
2023-04-13 00:00:00,1740.010009765625
2023-04-17 00:00:00,1731.4200439453125
2023-04-18 00:00:00,1738.6199951171875
2023-04-19 00:00:00,1726.8299560546875
2023-04-20 00:00:00,1712.469970703125
2023-04-24 00:00:00,1742.6500244140625
2023-04-27 00:00:00,1751.18994140625
2023-05-01 00:00:00,1768.719970703125
2023-05-02 00:00:00,1776.5799560546875
2023-05-03 00:00:00,1793.8699951171875
2023-05-04 00:00:00,1784.3800048828125
2023-05-08 00:00:00,1786.81005859375
2023-05-09 00:00:00,1770.72998046875
2023-05-10 00:00:00,1789.77001953125
2023-05-11 00:00:00,1802.6800537109375
2023-05-15 00:00:00,1800.6400146484375
2023-05-16 00:00:00,1795.739990234375
2023-05-17 00:00:00,1825.8399658203125
2023-05-18 00:00:00,1825.5
2023-05-22 00:00:00,1804.27001953125
2023-05-23 00:00:00,1783.5
2023-05-24 00:00:00,1768.31005859375
2023-05-29 00:00:00,1776.449951171875
2023-05-30 00:00:00,1758.47998046875
2023-05-31 00:00:00,1744.9200439453125
2023-06-01 00:00:00,1729.3499755859375
2023-06-05 00:00:00,1757.760009765625
2023-06-06 00:00:00,1751.8199462890625
2023-06-07 00:00:00,1781.989990234375
2023-06-08 00:00:00,1790.5
2023-06-12 00:00:00,1805.2900390625
2023-06-13 00:00:00,1816.25
2023-06-14 00:00:00,1805.97998046875
2023-06-15 00:00:00,1820.0999755859375
2023-06-19 00:00:00,1810.0
2023-06-20 00:00:00,1811.6199951171875
2023-06-21 00:00:00,1790.239990234375
2023-06-22 00:00:00,1787.5699462890625
2023-06-26 00:00:00,1767.8800048828125
2023-06-27 00:00:00,1748.1500244140625
2023-06-28 00:00:00,1750.5999755859375
2023-06-29 00:00:00,1749.219970703125
2023-07-03 00:00:00,1758.4300537109375
2023-07-04 00:00:00,1767.1700439453125
2023-07-05 00:00:00,1779.0699462890625
2023-07-06 00:00:00,1762.5899658203125
2023-07-10 00:00:00,1752.7099609375
2023-07-11 00:00:00,1770.199951171875
2023-07-12 00:00:00,1805.050048828125
2023-07-13 00:00:00,1811.77001953125
2023-07-17 00:00:00,1805.1199951171875
2023-07-18 00:00:00,1845.8399658203125
2023-07-19 00:00:00,1901.2900390625
2023-07-20 00:00:00,1884.31005859375
2023-07-24 00:00:00,1860.8499755859375
2023-07-25 00:00:00,1804.010009765625
2023-07-26 00:00:00,1853.8900146484375
2023-07-31 00:00:00,1871.260009765625
2023-08-01 00:00:00,1861.6700439453125
2023-08-02 00:00:00,1862.3499755859375
2023-08-03 00:00:00,1851.010009765625
2023-08-07 00:00:00,1872.4100341796875
2023-08-08 00:00:00,1860.550048828125
2023-08-09 00:00:00,1887.300048828125
2023-08-10 00:00:00,1888.3599853515625
2023-08-14 00:00:00,1856.449951171875
2023-08-15 00:00:00,1853.5400390625
2023-08-16 00:00:00,1847.030029296875
2023-08-17 00:00:00,1828.6700439453125
2023-08-21 00:00:00,1842.530029296875
2023-08-22 00:00:00,1853.8599853515625
2023-08-23 00:00:00,1848.0799560546875
2023-08-24 00:00:00,1839.56005859375
2023-08-28 00:00:00,1846.280029296875
2023-08-29 00:00:00,1835.3699951171875
2023-08-30 00:00:00,1845.760009765625
2023-08-31 00:00:00,1846.5400390625
2023-09-04 00:00:00,1832.0799560546875
2023-09-05 00:00:00,1846.1400146484375
2023-09-06 00:00:00,1839.800048828125
2023-09-07 00:00:00,1826.5400390625
2023-09-11 00:00:00,1845.1300048828125
2023-09-12 00:00:00,1848.9100341796875
2023-09-13 00:00:00,1833.8299560546875
2023-09-14 00:00:00,1844.6600341796875
2023-09-18 00:00:00,1841.3499755859375
2023-09-19 00:00:00,1839.030029296875
2023-09-20 00:00:00,1857.22998046875
2023-09-21 00:00:00,1860.3800048828125
2023-09-26 00:00:00,1834.800048828125
2023-09-27 00:00:00,1844.1400146484375
2023-09-28 00:00:00,1844.6099853515625
2023-10-02 00:00:00,1872.530029296875
2023-10-03 00:00:00,1858.1300048828125
2023-10-04 00:00:00,1839.739990234375
2023-10-05 00:00:00,1830.6500244140625
2023-10-09 00:00:00,1728.489990234375
2023-10-10 00:00:00,1749.27001953125
2023-10-11 00:00:00,1725.8399658203125
2023-10-12 00:00:00,1713.300048828125
2023-10-16 00:00:00,1692.5
2023-10-17 00:00:00,1689.5999755859375
2023-10-18 00:00:00,1700.8699951171875
2023-10-19 00:00:00,1669.4300537109375
2023-10-23 00:00:00,1614.9599609375
2023-10-24 00:00:00,1621.4300537109375
2023-10-25 00:00:00,1617.02001953125
2023-10-26 00:00:00,1605.199951171875
2023-10-30 00:00:00,1653.010009765625
2023-10-31 00:00:00,1646.8499755859375
2023-11-01 00:00:00,1654.010009765625
2023-11-02 00:00:00,1686.3599853515625
2023-11-06 00:00:00,1702.56005859375
2023-11-07 00:00:00,1728.1099853515625
2023-11-08 00:00:00,1714.949951171875
2023-11-09 00:00:00,1704.4300537109375
2023-11-13 00:00:00,1669.1199951171875
2023-11-14 00:00:00,1701.47998046875
2023-11-15 00:00:00,1705.0799560546875
2023-11-16 00:00:00,1721.9599609375
2023-11-20 00:00:00,1735.47998046875
2023-11-21 00:00:00,1749.0899658203125
2023-11-22 00:00:00,1792.43994140625
2023-11-23 00:00:00,1797.1600341796875
2023-11-27 00:00:00,1783.6400146484375
2023-11-28 00:00:00,1790.2900390625
2023-11-29 00:00:00,1805.06005859375
2023-11-30 00:00:00,1774.1300048828125
2023-12-04 00:00:00,1789.8499755859375
2023-12-05 00:00:00,1807.0
2023-12-06 00:00:00,1810.56005859375
2023-12-07 00:00:00,1801.93994140625
2023-12-11 00:00:00,1792.9200439453125
2023-12-12 00:00:00,1783.1500244140625
2023-12-13 00:00:00,1784.52001953125
2023-12-14 00:00:00,1822.699951171875
2023-12-18 00:00:00,1829.9100341796875
2023-12-19 00:00:00,1840.22998046875
2023-12-20 00:00:00,1865.780029296875
2023-12-21 00:00:00,1850.8900146484375
2023-12-25 00:00:00,1862.47998046875
2023-12-26 00:00:00,1838.8299560546875
2023-12-27 00:00:00,1858.3399658203125
2023-12-28 00:00:00,1853.72998046875
2024-01-01 00:00:00,1895.1600341796875
2024-01-02 00:00:00,1885.0400390625
2024-01-03 00:00:00,1866.9599609375
2024-01-04 00:00:00,1876.3599853515625
2024-01-08 00:00:00,1870.77001953125
2024-01-09 00:00:00,1862.219970703125
2024-01-10 00:00:00,1857.739990234375
2024-01-11 00:00:00,1862.010009765625
2024-01-15 00:00:00,1848.050048828125
2024-01-16 00:00:00,1824.72998046875
2024-01-17 00:00:00,1805.5
2024-01-18 00:00:00,1839.800048828125
2024-01-22 00:00:00,1842.3800048828125
2024-01-23 00:00:00,1832.4000244140625
2024-01-24 00:00:00,1843.699951171875
2024-01-25 00:00:00,1827.2900390625
2024-01-29 00:00:00,1858.510009765625
2024-01-30 00:00:00,1839.550048828125
2024-01-31 00:00:00,1830.8199462890625
2024-02-01 00:00:00,1817.8299560546875
2024-02-05 00:00:00,1819.1700439453125
2024-02-06 00:00:00,1837.4100341796875
2024-02-07 00:00:00,1841.5699462890625
2024-02-08 00:00:00,1831.550048828125
2024-02-12 00:00:00,1842.93994140625
2024-02-13 00:00:00,1853.1400146484375
2024-02-14 00:00:00,1852.5999755859375
2024-02-15 00:00:00,1862.1199951171875
2024-02-19 00:00:00,1898.6700439453125
2024-02-20 00:00:00,1899.4599609375
2024-02-21 00:00:00,1893.0400390625
2024-02-22 00:00:00,1914.510009765625
2024-02-26 00:00:00,1942.9300537109375
2024-02-28 00:00:00,1929.6400146484375
2024-02-29 00:00:00,1947.0699462890625
2024-03-04 00:00:00,1960.68994140625
2024-03-05 00:00:00,1947.219970703125
2024-03-06 00:00:00,1954.6600341796875
2024-03-07 00:00:00,1939.43994140625
2024-03-11 00:00:00,1913.780029296875
2024-03-12 00:00:00,1903.449951171875
2024-03-13 00:00:00,1899.56005859375
2024-03-14 00:00:00,1884.1600341796875
2024-03-18 00:00:00,1928.5400390625
2024-03-19 00:00:00,1938.510009765625
2024-03-20 00:00:00,1962.3800048828125
2024-03-21 00:00:00,1979.4599609375
2024-03-25 00:00:00,1998.4000244140625
2024-03-26 00:00:00,2005.2900390625
2024-03-27 00:00:00,1998.72998046875
2024-03-28 00:00:00,1994.47998046875
2024-04-01 00:00:00,2007.0999755859375
2024-04-02 00:00:00,1967.5
2024-04-03 00:00:00,1973.3199462890625
2024-04-04 00:00:00,1945.06005859375
2024-04-08 00:00:00,2000.8699951171875
2024-04-09 00:00:00,1979.780029296875
2024-04-10 00:00:00,1965.3699951171875
2024-04-11 00:00:00,1933.050048828125
2024-04-15 00:00:00,1914.4300537109375
2024-04-16 00:00:00,1907.6700439453125
2024-04-17 00:00:00,1888.010009765625
2024-04-18 00:00:00,1912.449951171875
2024-04-24 00:00:00,1937.949951171875
2024-04-25 00:00:00,1924.760009765625
2024-04-30 00:00:00,1950.1199951171875
2024-05-01 00:00:00,1930.6300048828125
2024-05-02 00:00:00,1939.47998046875
2024-05-06 00:00:00,1944.1500244140625
2024-05-07 00:00:00,1971.8399658203125
2024-05-08 00:00:00,1984.050048828125
2024-05-09 00:00:00,2003.530029296875
2024-05-15 00:00:00,2015.3499755859375
2024-05-16 00:00:00,1982.530029296875
2024-05-20 00:00:00,1978.93994140625
2024-05-21 00:00:00,1972.969970703125
2024-05-22 00:00:00,1969.3900146484375
2024-05-23 00:00:00,1968.5899658203125
2024-05-27 00:00:00,1979.47998046875
2024-05-28 00:00:00,1995.6400146484375
2024-05-29 00:00:00,2000.6700439453125
2024-05-30 00:00:00,1999.9300537109375
2024-06-03 00:00:00,2019.4100341796875
2024-06-04 00:00:00,2008.260009765625
2024-06-05 00:00:00,1980.0400390625
2024-06-06 00:00:00,1965.8699951171875
2024-06-10 00:00:00,1978.6300048828125
2024-06-13 00:00:00,1987.8599853515625
2024-06-17 00:00:00,2002.56005859375
2024-06-18 00:00:00,2000.6700439453125
2024-06-19 00:00:00,2003.81005859375
2024-06-20 00:00:00,1968.6400146484375
2024-06-24 00:00:00,1954.93994140625
2024-06-25 00:00:00,1969.1300048828125
2024-06-26 00:00:00,1990.300048828125
2024-06-27 00:00:00,1976.4300537109375
2024-07-01 00:00:00,1972.280029296875
2024-07-02 00:00:00,1983.1199951171875
2024-07-03 00:00:00,1996.239990234375
2024-07-04 00:00:00,2017.4000244140625
2024-07-08 00:00:00,2046.510009765625
2024-07-09 00:00:00,2053.9599609375
2024-07-10 00:00:00,2040.7900390625
2024-07-11 00:00:00,2069.72998046875
2024-07-15 00:00:00,2076.77001953125
2024-07-16 00:00:00,2076.010009765625
2024-07-17 00:00:00,2060.9599609375
2024-07-18 00:00:00,2044.0899658203125
2024-07-22 00:00:00,2041.5999755859375
2024-07-23 00:00:00,2064.56005859375
2024-07-24 00:00:00,2059.159912109375
2024-07-25 00:00:00,2046.3499755859375
2024-07-29 00:00:00,2021.050048828125
2024-07-30 00:00:00,2005.22998046875
2024-07-31 00:00:00,2011.77001953125
2024-08-01 00:00:00,1983.510009765625
2024-08-05 00:00:00,1916.1300048828125
2024-08-06 00:00:00,1948.3499755859375
2024-08-07 00:00:00,1978.1800537109375
2024-08-08 00:00:00,2005.9300537109375
2024-08-12 00:00:00,1986.6600341796875
2024-08-14 00:00:00,2022.199951171875
2024-08-15 00:00:00,2055.1201171875
2024-08-19 00:00:00,2056.7900390625
2024-08-20 00:00:00,2060.25
2024-08-21 00:00:00,2045.6400146484375
2024-08-22 00:00:00,2051.2099609375
2024-08-26 00:00:00,2077.14990234375
2024-08-27 00:00:00,2077.81005859375
2024-08-28 00:00:00,2090.31005859375
2024-08-29 00:00:00,2093.080078125
2024-09-02 00:00:00,2091.77001953125
2024-09-03 00:00:00,2061.52001953125
2024-09-04 00:00:00,2047.6300048828125
2024-09-05 00:00:00,2071.919921875
2024-09-09 00:00:00,2038.8599853515625
2024-09-10 00:00:00,2030.6099853515625
2024-09-11 00:00:00,2033.0
2024-09-12 00:00:00,2054.4599609375
2024-09-16 00:00:00,2016.9200439453125
2024-09-17 00:00:00,1993.1199951171875
2024-09-18 00:00:00,2003.0899658203125
2024-09-19 00:00:00,1989.4200439453125
2024-09-23 00:00:00,2029.1800537109375
2024-09-24 00:00:00,2048.7900390625
2024-09-25 00:00:00,2067.8798828125
2024-09-26 00:00:00,2095.760009765625
2024-09-30 00:00:00,2123.639892578125
2024-10-01 00:00:00,2093.47998046875
2024-10-07 00:00:00,2093.070068359375
2024-10-08 00:00:00,2098.389892578125
2024-10-09 00:00:00,2113.4599609375
2024-10-10 00:00:00,2093.550048828125
2024-10-14 00:00:00,2123.860107421875
2024-10-15 00:00:00,2137.2900390625
2024-10-21 00:00:00,2177.090087890625
2024-10-22 00:00:00,2155.39990234375
2024-10-28 00:00:00,2174.239990234375
2024-10-29 00:00:00,2189.860107421875
2024-10-30 00:00:00,2218.89990234375
2024-10-31 00:00:00,2203.969970703125
2024-11-04 00:00:00,2207.830078125
2024-11-05 00:00:00,2218.6201171875
2024-11-06 00:00:00,2223.75
2024-11-07 00:00:00,2229.989990234375
2024-11-11 00:00:00,2276.030029296875
2024-11-12 00:00:00,2297.860107421875
2024-11-13 00:00:00,2303.110107421875
2024-11-14 00:00:00,2267.590087890625
2024-11-18 00:00:00,2247.580078125
2024-11-19 00:00:00,2254.800048828125
2024-11-20 00:00:00,2247.3798828125
2024-11-21 00:00:00,2258.93994140625
2024-11-25 00:00:00,2281.2099609375
2024-11-26 00:00:00,2303.389892578125
2024-11-27 00:00:00,2276.81005859375
2024-11-28 00:00:00,2260.489990234375
2024-12-02 00:00:00,2289.800048828125
2024-12-03 00:00:00,2315.52001953125
2024-12-04 00:00:00,2322.659912109375
2024-12-05 00:00:00,2321.780029296875
2024-12-09 00:00:00,2358.43994140625
2024-12-10 00:00:00,2348.60009765625
2024-12-11 00:00:00,2333.669921875
2024-12-12 00:00:00,2332.300048828125
2024-12-16 00:00:00,2344.419921875
2024-12-17 00:00:00,2367.989990234375
2024-12-18 00:00:00,2383.739990234375
2024-12-19 00:00:00,2364.3701171875
2024-12-23 00:00:00,2388.179931640625
2024-12-24 00:00:00,2402.75
2024-12-25 00:00:00,2394.0
2024-12-26 00:00:00,2379.760009765625
2024-12-30 00:00:00,2365.81005859375
2024-12-31 00:00:00,2392.739990234375
2025-01-02 00:00:00,2414.280029296875
2025-01-06 00:00:00,2456.43994140625
2025-01-07 00:00:00,2458.110107421875
2025-01-08 00:00:00,2439.97998046875
2025-01-09 00:00:00,2450.22998046875
2025-01-13 00:00:00,2454.090087890625
2025-01-14 00:00:00,2487.340087890625
2025-01-15 00:00:00,2514.969970703125
2025-01-16 00:00:00,2525.389892578125
2025-01-20 00:00:00,2551.77001953125
2025-01-21 00:00:00,2551.89990234375
2025-01-22 00:00:00,2537.330078125
2025-01-23 00:00:00,2517.68994140625
2025-01-27 00:00:00,2463.60009765625
2025-01-28 00:00:00,2467.820068359375
2025-01-29 00:00:00,2473.22998046875
2025-01-30 00:00:00,2448.64990234375
2025-02-03 00:00:00,2449.010009765625
2025-02-04 00:00:00,2475.909912109375
2025-02-05 00:00:00,2508.989990234375
2025-02-06 00:00:00,2508.14990234375
2025-02-10 00:00:00,2515.47998046875
2025-02-11 00:00:00,2490.89990234375
2025-02-12 00:00:00,2455.10009765625
2025-02-13 00:00:00,2499.31005859375
2025-02-17 00:00:00,2492.419921875
2025-02-18 00:00:00,2534.02001953125
2025-02-19 00:00:00,2528.010009765625
2025-02-20 00:00:00,2514.570068359375
2025-02-24 00:00:00,2463.639892578125
2025-02-25 00:00:00,2460.909912109375
2025-02-26 00:00:00,2471.969970703125
2025-02-27 00:00:00,2469.610107421875
2025-03-03 00:00:00,2497.5
2025-03-04 00:00:00,2451.68994140625
2025-03-05 00:00:00,2479.639892578125
2025-03-06 00:00:00,2467.0400390625
2025-03-10 00:00:00,2477.590087890625
2025-03-11 00:00:00,2462.239990234375
2025-03-12 00:00:00,2493.35009765625
2025-03-13 00:00:00,2510.919921875
2025-03-17 00:00:00,2530.3701171875
2025-03-18 00:00:00,2517.449951171875
2025-03-19 00:00:00,2504.6298828125
2025-03-20 00:00:00,2501.72998046875
2025-03-24 00:00:00,2466.5
2025-03-25 00:00:00,2470.080078125
2025-03-26 00:00:00,2439.6201171875
2025-03-27 00:00:00,2461.340087890625
2025-03-31 00:00:00,2418.22998046875
2025-04-01 00:00:00,2426.550048828125
2025-04-02 00:00:00,2463.68994140625
2025-04-03 00:00:00,2448.469970703125
2025-04-07 00:00:00,2372.989990234375
2025-04-08 00:00:00,2407.6201171875
2025-04-09 00:00:00,2371.739990234375
2025-04-10 00:00:00,2417.669921875
2025-04-14 00:00:00,2470.14990234375
2025-04-15 00:00:00,2481.199951171875
2025-04-16 00:00:00,2495.7900390625
2025-04-17 00:00:00,2490.580078125
2025-04-21 00:00:00,2461.080078125
2025-04-22 00:00:00,2468.06005859375
2025-04-23 00:00:00,2505.93994140625
2025-04-24 00:00:00,2506.93994140625
2025-04-28 00:00:00,2506.10009765625
2025-04-29 00:00:00,2517.97998046875
2025-05-05 00:00:00,2548.739990234375
2025-05-06 00:00:00,2569.14990234375
2025-05-07 00:00:00,2609.360107421875
2025-05-08 00:00:00,2636.159912109375
2025-05-12 00:00:00,2636.4599609375
2025-05-13 00:00:00,2630.9599609375
2025-05-14 00:00:00,2639.280029296875
2025-05-15 00:00:00,2629.530029296875
2025-05-19 00:00:00,2648.570068359375
2025-05-20 00:00:00,2643.14990234375
2025-05-21 00:00:00,2626.72998046875
2025-05-22 00:00:00,2593.860107421875
2025-05-26 00:00:00,2649.75
2025-05-27 00:00:00,2664.169921875
2025-05-28 00:00:00,2678.39990234375
2025-05-29 00:00:00,2701.679931640625
2025-06-03 00:00:00,2710.81005859375
2025-06-04 00:00:00,2703.2099609375
2025-06-05 00:00:00,2734.89990234375
2025-06-09 00:00:00,2729.639892578125
2025-06-10 00:00:00,2731.800048828125
2025-06-11 00:00:00,2736.77001953125
2025-06-12 00:00:00,2694.0400390625
2025-06-16 00:00:00,2756.800048828125
2025-06-17 00:00:00,2765.0400390625
2025-06-18 00:00:00,2805.280029296875
2025-06-19 00:00:00,2834.31005859375
2025-06-23 00:00:00,2840.760009765625
2025-06-24 00:00:00,2875.31005859375
2025-06-25 00:00:00,2927.760009765625
2025-06-26 00:00:00,2904.7099609375
2025-06-30 00:00:00,2958.699951171875
2025-07-01 00:00:00,2946.89990234375
2025-07-02 00:00:00,3003.02001953125
2025-07-03 00:00:00,3027.639892578125
2025-07-07 00:00:00,3024.02001953125
2025-07-08 00:00:00,3015.60009765625
2025-07-09 00:00:00,3063.639892578125
2025-07-10 00:00:00,3055.9599609375
2025-07-14 00:00:00,2985.93994140625
2025-07-15 00:00:00,2997.1201171875
2025-07-16 00:00:00,2984.550048828125
2025-07-17 00:00:00,3007.52001953125
2025-07-21 00:00:00,3031.570068359375
2025-07-22 00:00:00,3033.64990234375
2025-07-23 00:00:00,3070.35009765625
2025-07-24 00:00:00,3034.89990234375
2025-07-28 00:00:00,3038.64990234375
2025-07-29 00:00:00,3036.320068359375
2025-07-30 00:00:00,3022.699951171875
2025-07-31 00:00:00,3014.72998046875
2025-08-04 00:00:00,2987.070068359375
2025-08-05 00:00:00,2953.510009765625
2025-08-06 00:00:00,2927.739990234375
2025-08-07 00:00:00,2935.60009765625
2025-08-11 00:00:00,2946.489990234375
2025-08-12 00:00:00,2898.780029296875
2025-08-13 00:00:00,2949.43994140625
2025-08-14 00:00:00,2967.070068359375
2025-08-18 00:00:00,2986.60009765625
2025-08-19 00:00:00,3003.7900390625
2025-08-20 00:00:00,2975.389892578125
2025-08-21 00:00:00,2998.570068359375
2025-08-25 00:00:00,3048.080078125
2025-08-26 00:00:00,3066.340087890625
2025-08-27 00:00:00,3074.300048828125
2025-08-28 00:00:00,3071.9599609375
2025-09-01 00:00:00,3038.64990234375
2025-09-02 00:00:00,2997.300048828125
2025-09-03 00:00:00,3019.449951171875
2025-09-04 00:00:00,3047.18994140625
2025-09-08 00:00:00,3079.2900390625
2025-09-09 00:00:00,3133.780029296875
2025-09-10 00:00:00,3124.3701171875
2025-09-11 00:00:00,3092.8798828125
2025-09-15 00:00:00,3053.1201171875
2025-09-16 00:00:00,3063.169921875
2025-09-17 00:00:00,3000.169921875
2025-09-18 00:00:00,3021.860107421875
2025-09-25 00:00:00,3034.830078125
2025-09-29 00:00:00,3110.81005859375
2025-09-30 00:00:00,3199.550048828125
2025-10-08 00:00:00,3202.840087890625
2025-10-09 00:00:00,3275.469970703125
2025-10-15 00:00:00,3248.989990234375
2025-10-16 00:00:00,3210.909912109375
2025-10-20 00:00:00,3208.010009765625
2025-10-21 00:00:00,3176.409912109375
2025-10-22 00:00:00,3178.969970703125
2025-10-23 00:00:00,3199.10009765625
2025-10-27 00:00:00,3236.4599609375
2025-10-28 00:00:00,3206.35009765625
2025-10-29 00:00:00,3260.110107421875
2025-10-30 00:00:00,3273.429931640625
2025-11-03 00:00:00,3320.5400390625
2025-11-04 00:00:00,3317.090087890625
2025-11-05 00:00:00,3350.97998046875
2025-11-06 00:00:00,3335.929931640625
2025-11-10 00:00:00,3367.02001953125
2025-11-11 00:00:00,3390.85009765625
2025-11-12 00:00:00,3431.169921875
2025-11-13 00:00:00,3434.22998046875
2025-11-17 00:00:00,3451.389892578125
2025-11-18 00:00:00,3385.7099609375
2025-11-19 00:00:00,3395.10009765625
2025-11-20 00:00:00,3359.360107421875
2025-11-24 00:00:00,3371.409912109375
2025-11-25 00:00:00,3344.860107421875
2025-11-26 00:00:00,3374.300048828125
2025-11-27 00:00:00,3390.77001953125
2025-12-01 00:00:00,3429.68994140625
2025-12-02 00:00:00,3495.10009765625
2025-12-03 00:00:00,3467.159912109375
2025-12-04 00:00:00,3506.550048828125
2025-12-08 00:00:00,3548.5
2025-12-09 00:00:00,3569.0400390625
2025-12-10 00:00:00,3604.64990234375
2025-12-11 00:00:00,3631.85009765625
2025-12-15 00:00:00,3595.6298828125
2025-12-16 00:00:00,3607.330078125
2025-12-17 00:00:00,3635.080078125
2025-12-18 00:00:00,3661.679931640625
2025-12-22 00:00:00,3708.780029296875
2025-12-23 00:00:00,3711.25
2025-12-24 00:00:00,3719.64990234375
2025-12-25 00:00:00,3603.3798828125
2025-12-29 00:00:00,3623.81005859375
2025-12-30 00:00:00,3656.72998046875
2025-12-31 00:00:00,3618.8701171875
2026-01-01 00:00:00,3695.2900390625
2026-01-05 00:00:00,3738.330078125
2026-01-06 00:00:00,3845.389892578125
2026-01-07 00:00:00,3845.780029296875
2026-01-08 00:00:00,3830.5400390625
2026-01-09 00:00:00,3857.77001953125
2026-01-12 00:00:00,3884.1298828125
2026-01-13 00:00:00,3866.860107421875
2026-01-14 00:00:00,3928.47998046875
2026-01-15 00:00:00,3963.429931640625
2026-01-16 00:00:00,3971.909912109375
2026-01-19 00:00:00,3968.81005859375
2026-01-20 00:00:00,3948.409912109375
2026-01-21 00:00:00,3932.18994140625
2026-01-22 00:00:00,3973.260009765625
2026-01-23 00:00:00,3986.6298828125
2026-01-26 00:00:00,4005.64990234375
2026-01-27 00:00:00,4009.360107421875
2026-01-28 00:00:00,3980.5400390625
2026-01-29 00:00:00,3978.8701171875
2026-01-30 00:00:00,4003.669921875
2026-02-02 00:00:00,4049.320068359375
2026-02-03 00:00:00,4119.81005859375
2026-02-04 00:00:00,4120.509765625
2026-02-05 00:00:00,4039.010009765625
2026-02-06 00:00:00,4051.8701171875
2026-02-09 00:00:00,4119.77001953125
2026-02-10 00:00:00,4193.47021484375
2026-02-11 00:00:00,4160.39990234375
2026-02-12 00:00:00,4190.56005859375
2026-02-13 00:00:00,4170.22021484375
2026-02-16 00:00:00,4185.75
2026-02-17 00:00:00,4196.2998046875
2026-02-18 00:00:00,4232.64990234375
2026-02-19 00:00:00,4210.39013671875
2026-02-20 00:00:00,4232.10986328125
2026-02-23 00:00:00,4243.47021484375
2026-02-24 00:00:00,4169.0
2026-02-25 00:00:00,4162.89990234375
2026-02-26 00:00:00,4101.60009765625
2026-02-27 00:00:00,4128.35986328125
2026-03-02 00:00:00,4315.60009765625
2026-03-04 00:00:00,4309.68017578125
2026-03-05 00:00:00,4355.91015625
2026-03-06 00:00:00,4356.68017578125
2026-03-09 00:00:00,4227.02001953125
2026-03-10 00:00:00,4187.97021484375
2026-03-11 00:00:00,4211.81982421875
2026-03-12 00:00:00,4146.169921875
2026-03-13 00:00:00,4177.580078125
2026-03-16 00:00:00,4177.0400390625
2026-03-17 00:00:00,4242.47998046875
2026-03-18 00:00:00,4295.10986328125
2026-03-19 00:00:00,4305.02978515625
2026-03-20 00:00:00,4313.85986328125
2026-03-23 00:00:00,4318.1298828125
2026-03-24 00:00:00,4267.509765625
2026-03-25 00:00:00,4309.10986328125
2026-03-26 00:00:00,4261.85009765625
2026-03-27 00:00:00,4100.1201171875
2026-03-30 00:00:00,4022.570068359375
2026-03-31 00:00:00,4099.009765625
2026-04-03 00:00:00,4189.31005859375
2026-04-06 00:00:00,4248.43017578125
2026-04-09 00:00:00,4360.39990234375
2026-04-10 00:00:00,4443.22021484375
2026-04-13 00:00:00,4382.7099609375
2026-04-14 00:00:00,4450.81982421875
2026-04-15 00:00:00,4428.64013671875
2026-04-16 00:00:00,4378.4501953125
2026-04-17 00:00:00,4406.31982421875
2026-04-20 00:00:00,4429.47021484375
2026-04-23 00:00:00,4419.64990234375
2026-04-24 00:00:00,4362.4501953125
2026-04-27 00:00:00,4348.169921875
2026-04-28 00:00:00,4320.72998046875
2026-04-29 00:00:00,4372.31982421875
2026-04-30 00:00:00,4374.81005859375
2026-05-01 00:00:00,4425.02978515625
2026-05-04 00:00:00,4504.14013671875
2026-05-05 00:00:00,4525.68994140625
2026-05-06 00:00:00,4505.60986328125
2026-05-07 00:00:00,4469.68994140625
2026-05-08 00:00:00,4514.419921875
2026-05-11 00:00:00,4510.3798828125
2026-05-12 00:00:00,4494.43994140625
2026-05-13 00:00:00,4456.68994140625
2026-05-14 00:00:00,4476.919921875
2026-05-15 00:00:00,4384.0
2026-05-18 00:00:00,4313.169921875
2026-05-19 00:00:00,4309.56982421875
2026-05-20 00:00:00,4393.14990234375
2026-05-25 00:00:00,4526.4501953125
2026-05-26 00:00:00,4483.9599609375
2026-05-27 00:00:00,4476.7099609375
2026-05-28 00:00:00,4431.080078125
2026-05-29 00:00:00,4455.669921875
2026-06-01 00:00:00,4268.02001953125
2026-06-02 00:00:00,4308.9599609375
2026-06-03 00:00:00,4262.85009765625
2026-06-04 00:00:00,4250.7998046875
2026-06-05 00:00:00,4267.64013671875
2026-06-08 00:00:00,4281.85009765625
2026-06-09 00:00:00,4232.419921875
2026-06-10 00:00:00,4196.02978515625
2026-06-11 00:00:00,4266.9599609375
2026-06-12 00:00:00,4343.35009765625
