date,eq_sp500,eq_ftse100,eq_dax,eq_cac40,eq_nikkei225,eq_shanghai,eq_hangseng,eq_kospi,eq_nifty50,eq_tsx,eq_asx200,eq_bovespa,eq_eurostoxx50,eq_ibex35,eq_smi,eq_sti,eq_twse,eq_aex,eq_ipc,eq_jkse,eq_ta125,eq_klci,mcsi,cpi,hy_spread,yield_curve,epu,eq_ftsemib,eq_nasdaq,eq_rut,eq_rui,eq_ipsa,eq_iseq,eq_athex,eq_djia,eq_sp400,eq_wilshire5000,eq_bel20,eq_atx,eq_set,eq_psei,eq_merval,eq_psi20,eq_omxstockholm,eq_omxhelsinki,eq_omxcopenhagen,eq_oseax,eq_csi300,eq_szse,eq_kosdaq,eq_lq45,eq_nzx50,eq_ta35,eq_bist100,eq_topix,eq_ftmc,eq_mdax,eq_bux,eq_hscei,eq_kse100,eq_aord
1975-01-31,76.9800033569336,,,,3957.530029296875,,,,,,,,,,,,,,,,,,,52.3,,,,,69.77999877929688,,,,,,,,,,,,,,,,,,,,,,,,,,,,,,,,
1975-02-28,81.58999633789062,,,,4273.39013671875,,,,,,,,,,,,,,,,,,57.6,52.6,,,,,73.0,,,,,,,,,,,,,,,,,,,,,,,,,,,,,,,,
1975-03-31,83.36000061035156,,,,4484.97021484375,,,,,,,,,,,,,,,,,,,52.8,,,,,75.66000366210938,,,,,,,,,,,,,,,,,,,,,,,,,,,,,,,,
1975-04-30,87.30000305175781,,,,4484.83984375,,,,,,,,,,,,,,,,,,,53.0,,,,,78.54000091552734,,,,,,,,,,,,,,,,,,,,,,,,,,,,,,,,
1975-05-31,91.1500015258789,,,,4407.72998046875,,,,,,,,,,,,,,,,,,72.8,53.1,,,,,83.0999984741211,,,,,,,,,,,,,,,,,,,,,,,,,,,,,,,,
1975-06-30,95.19000244140624,,,,4532.5400390625,,,,,,,,,,,,,,,,,,,53.5,,,,,87.0199966430664,,,,,,,,,,,,,,,,,,,,,,,,,,,,,,,,
1975-07-31,88.75,,,,4333.0400390625,,,,,,,,,,,,,,,,,,,54.0,,,,,83.19000244140625,,,,,,,,,,,,,,,,,,,,,,,,,,,,,,,,
1975-08-31,86.87999725341797,,,,4060.570068359375,,,,,,,,,,,,,,,,,,75.7,54.2,,,,,79.01000213623047,,,,,,,,,,,,,,,,,,,,,,,,,,,,,,,,
1975-09-30,83.87000274658203,,,,3886.389892578125,,,,,,,,,,,,,,,,,,,54.6,,,,,74.33000183105469,,,,,,,,,,,,,,,,,,,,,,,,,,,,,,,,
1975-10-31,89.04000091552734,,,,4352.0498046875,,,,,,,,,,,,,,,,,,,54.9,,,,,76.98999786376953,,,,,,,,,,,,,,,,,,,,,,,,,,,,,,,,
1975-11-30,91.23999786376952,,,,4329.77001953125,,,,,,,,,,,,,,,,,,75.6,55.3,,,,,78.80000305175781,,,,,,,,,,,,,,,,,,,,,,,,,,,,,,,,
1975-12-31,90.19000244140624,,,,4342.06005859375,,,,,,,,,,,,,,,,,,,55.6,,,,,77.62000274658203,,,,,,,,,,,,,,,,,,,,,,,,,,,,,,,,
1976-01-31,100.86000061035156,,,,4656.85986328125,,,,,,,,,,,,,,,,,,,55.8,,,,,87.05000305175781,,,,,,,,,,,,,,,,,,,,,,,,,,,,,,,,
1976-02-29,99.70999908447266,,,,4628.759765625,,,,,,,,,,,,,,,,,,84.6,55.9,,,,,90.26000213623048,,,,,,,,,,,,,,,,,,,,,,,,,,,,,,,,
1976-03-31,102.7699966430664,,,,4596.47998046875,,,,,,,,,,,,,,,,,,,56.0,,,,,90.62000274658205,,,,,,,,,,,,,,,,,,,,,,,,,,,,,,,,
1976-04-30,101.63999938964844,,,,4656.9599609375,,,,,,,,,,,,,,,,,,,56.1,,,,,90.08000183105467,,,,,,,,,,,,,,,,,,,,,,,,,,,,,,,,
1976-05-31,100.18000030517578,,,,4659.4599609375,,,,,,,,,,,,,,,,,,83.3,56.4,,,,,88.04000091552734,,,,,,,,,,,,,,,,,,,,,,,,,,,,,,,,
1976-06-30,104.27999877929688,,,,4852.1298828125,,,,,,,,,,,,,,,,,,,56.7,,0.84,,,90.31999969482422,,,,,,,,,,,,,,,,,,,,,,,,,,,,,,,,
1976-07-31,103.44000244140624,,,,4641.830078125,,,,,,,,,,,,,,,,,,,57.0,,1.12,,,91.29000091552734,,,,,,,,,,,,,,,,,,,,,,,,,,,,,,,,
1976-08-31,102.91000366210938,,,,4738.14013671875,,,,,,,,,,,,,,,,,,89.7,57.3,,1.16,,,89.69999694824219,,,,,,,,,,,,,,,,,,,,,,,,,,,,,,,,
1976-09-30,105.23999786376952,,,,4830.39990234375,,,,,,,,,,,,,,,,,,,57.6,,1.22,,,91.26000213623048,,,,,,,,,,,,,,,,,,,,,,,,,,,,,,,,
1976-10-31,102.9000015258789,,,,4646.27001953125,,,,,,,,,,,,,,,,,,,57.9,,1.39,,,90.3499984741211,,,,,,,,,,,,,,,,,,,,,,,,,,,,,,,,
1976-11-30,102.0999984741211,,,,4506.60009765625,,,,,,,,,,,,,,,,,,87.0,58.1,,1.59,,,91.12000274658205,,,,,,,,,,,,,,,,,,,,,,,,,,,,,,,,
1976-12-31,107.45999908447266,,,,4990.85009765625,,,,,,,,,,,,,,,,,,,58.4,,1.47,,,97.87999725341795,,,,,,,,,,,,,,,,,,,,,,,,,,,,,,,,
1977-01-31,102.02999877929688,,,,4962.47021484375,,,,,,,,,,,,,,,,,,,58.7,,1.22,,,95.54000091552734,,,,,,,,,,,,,,,,,,,,,,,,,,,,,,,,
1977-02-28,99.81999969482422,,,,5041.7099609375,,,,,,,,,,,,,,,,,,87.1,59.3,,1.37,,,94.56999969482422,,,,,,,,,,,,,,,,,,,,,,,,,,,,,,,,
1977-03-31,98.41999816894533,,,,5011.75,,,,,,,,,,,,,,,,,,,59.6,,1.41,,,94.12999725341795,,,,,,,,,,,,,,,,,,,,,,,,,,,,,,,,
1977-04-30,98.44000244140624,,,,5091.9599609375,,,,,,,,,,,,,,,,,,,60.0,,1.31,,,95.4800033569336,,,,,,,,,,,,,,,,,,,,,,,,,,,,,,,,
1977-05-31,96.12000274658205,,,,4986.2998046875,,,,,,,,,,,,,,,,,,90.2,60.2,,1.2,,,95.58999633789062,,,,,,,,,,,,,,,,,,,,,,,,,,,,,,,,
1977-06-30,100.4800033569336,,,,4989.08984375,,,,,,,,,,,,,,,,,,,60.5,,1.12,,,99.7300033569336,,,,,,,,,,,,,,,,,,,,,,,,,,,,,,,,
1977-07-31,98.8499984741211,,,,4849.35009765625,,,,,,,,,,,,,,,,,,,60.8,,0.92,,,100.6500015258789,,,,,,,,,,,,,,,,,,,,,,,,,,,,,,,,
1977-08-31,96.7699966430664,,,,5242.93017578125,,,,,,,,,,,,,,,,,,89.0,61.1,,0.69,,,100.0999984741211,,,,,,,,,,,,,,,,,,,,,,,,,,,,,,,,
1977-09-30,96.52999877929688,,,,5264.740234375,,,,,,,,,,,,,,,,,,,61.3,,0.59,,,100.8499984741211,,,,,,,,,,,,,,,,,,,,,,,,,,,,,,,,
1977-10-31,92.33999633789062,,,,5120.52001953125,,,,,,,,,,,,,,,,,,,61.6,,0.39,,,97.5199966430664,,,,,,,,,,,,,,,,,,,,,,,,,,,,,,,,
1977-11-30,94.83000183105467,,,,4849.56005859375,,,,,,,,,,,,,,,,,,84.4,62.0,,0.44,,,103.1500015258789,,,,,,,,,,,,,,,,,,,,,,,,,,,,,,,,
1977-12-31,95.0999984741211,,,,4863.009765625,,,,,,,,,,,,,,,,,,,62.3,,0.56,,,105.0500030517578,,,,,,,,,,,,,,,,,,,,,,,,,,,,,,,,
1978-01-31,89.25,,,,5111.669921875,,,,,,,,,,,,,,,,,,83.7,62.7,,0.47,,,100.83999633789062,,,,,,,,,,,,,,,,,,,,,,,,,,,,,,,,
1978-02-28,87.04000091552734,,,,5222.66015625,,,,,,,,,,,,,,,,,,84.3,63.0,,0.47,,,101.47000122070312,,,,,,,,,,,,,,,,,,,,,,,,,,,,,,,,
1978-03-31,89.20999908447266,,,,5447.759765625,,,,,,,,,,,,,,,,,,78.8,63.4,,0.45,,,106.1999969482422,,,,,,,,,,,,,,,,,,,,,,,,,,,,,,,,
1978-04-30,96.83000183105467,,,,5534.18017578125,,,,,,,,,,,,,,,,,,81.6,63.9,,0.27,,,115.18000030517578,,,,,,,,,,,,,,,,,,,,,,,,,,,,,,,,
1978-05-31,97.23999786376952,,,,5469.77001953125,,,,,,,,,,,,,,,,,,82.9,64.5,,0.3,,,120.23999786376952,,,,,,,,,,,,,,,,,,,,,,,,,,,,,,,,
1978-06-30,95.52999877929688,,,,5543.14013671875,,,,,,,,,,,,,,,,,,80.0,65.0,,0.14,,,120.3000030517578,,,,,,,,,,,,,,,,,,,,,,,,,,,,,,,,
1978-07-31,100.68000030517578,,,,5601.33984375,,,,,,,,,,,,,,,,,,82.4,65.5,,0.09,,,126.31999969482422,,,,,,,,,,,,,,,,,,,,,,,,,,,,,,,,
1978-08-31,103.29000091552734,,,,5585.41015625,,,,,,,,,,,,,,,,,,78.4,65.9,,-0.07,,,135.00999450683594,,,,,,,,,,,,,,,,,,,,,,,,,,,,,,,,
1978-09-30,102.54000091552734,,,,5772.35986328125,,,,,,,,,,,,,,,,,,80.4,66.5,,-0.14,,,132.88999938964844,,,,,,,,,,,,,,,,,,,,,,,,,,,,,,,,
1978-10-31,93.1500015258789,,,,5902.93017578125,,,,,,,,,,,,,,,,,,79.3,67.1,,-0.53,,,111.12000274658205,,,,,,,,,,,,,,,,,,,,,,,,,,,,,,,,
1978-11-30,94.6999969482422,,,,5967.43017578125,,,,,,,,,,,,,,,,,,75.0,67.5,,-0.69,,,114.69000244140624,,,,,,,,,,,,,,,,,,,,,,,,,,,,,,,,
1978-12-31,96.11000061035156,,,,6001.85009765625,,,,,,,,,,,,,,,,,,66.1,67.9,,-0.83,,,117.9800033569336,,,,,,,,,,,,,,,,,,,,,,,,,,,,,,,,
1979-01-31,99.93000030517578,,,,6212.77978515625,,,,,,,,,,,,,,,,,,72.1,68.5,,-0.69,,,125.81999969482422,,,,,,,,,,,,,,,,,,,,,,,,,,,,,,,,
1979-02-28,96.27999877929688,,,,6072.8798828125,,,,,,,,,,,,,,,,,,73.9,69.2,,-0.72,,,122.55999755859376,,,,,,,,,,,,,,,,,,,,,,,,,,,,,,,,
1979-03-31,101.58999633789062,,,,6133.97021484375,,,,,,,,,,,,,,,,,,68.4,69.9,,-0.61,,,131.75999450683594,,,,,,,,,,,,,,,,,,,,,,,,,,,,,,,,
1979-04-30,101.76000213623048,,,,6223.14013671875,,,,,,,,,,,,,,,,,,66.0,70.6,,-0.56,,,133.82000732421875,,,,,,,,,,,,,,,,,,,,,,,,,,,,,,,,
1979-05-31,99.08000183105467,,,,6252.58984375,,,,,,,,,,,,,,,,,,68.1,71.4,,-0.5,,,131.4199981689453,,,,,,,,,,,,,,,,,,,,,,,,,,,,,,,,
1979-06-30,102.91000366210938,,,,6247.259765625,,,,,1614.290283203125,,,,,,,,,,,,,65.8,72.2,,-0.16,,,138.1300048828125,,,,,,,,,,,,,,,,,,,,,,,,,,,,,,,,
1979-07-31,103.80999755859376,,,,6313.77001953125,,,,,1554.143310546875,,,,,,,,,,,,,60.4,73.0,,-0.3,,,141.3300018310547,,,,,,,,,,,,,,,,,,,,,,,,,,,,,,,,
1979-08-31,109.31999969482422,,,,6436.1298828125,,,,,1690.9947509765625,,,,,,,,,,,,,64.5,73.7,,-0.6,,,150.44000244140625,,,,,,,,,,,,,,,,,,,,,,,,,,,,,,,,
1979-09-30,109.31999969482422,,,,6568.60986328125,,,,,1747.4512939453125,,,,,,,,,,,,,66.7,74.4,,-0.66,,,149.97999572753906,,,,,,,,,,,,,,,,,,,,,,,,,,,,,,,,
1979-10-31,101.81999969482422,,,,6444.1298828125,,,,,1575.2894287109375,,,,,,,,,,,,,62.1,75.2,,-1.34,,,135.52999877929688,,,,,,,,,,,,,,,,,,,,,,,,,,,,,,,,
1979-11-30,106.16000366210938,,,,6450.18994140625,,,,,1695.2838134765625,,,,,,,,,,,,,63.3,76.0,,-0.95,,,144.25999450683594,,,,,,,,,,,,,,,,,,,,,,,,,,,,,,,,
1979-12-31,107.94000244140624,,,,6569.47021484375,,,,,1808.5953369140625,,,,,,,,,,,,,61.0,76.9,,-0.9,,,151.13999938964844,,,,,,,,,,,,,,,,,,,,,,,,,,,,,,,,
1980-01-31,114.16000366210938,,,,6768.16015625,,,,,2022.5506591796875,,,,,,,,,,,,,67.0,78.0,,-0.62,,,161.75,,,,,,,,,,,,,,,,,,,,,,,,,,,,,,,,
1980-02-29,113.66000366210938,,,,6764.89013671875,,,,,2187.031982421875,,,,,,,,,,,,,66.9,79.0,,-2.01,,,158.02999877929688,,,,,,,,,,,,,,,,,,,,,,,,,,,,,,,,
1980-03-31,102.08999633789062,,,,6556.18994140625,,,,,1793.034912109375,,,,,,,,,,,,,56.5,80.1,,-1.99,,,131.0,,,,,,,,,,,,,,,,,,,,,,,,,,,,,,,,
1980-04-30,106.29000091552734,,,,6865.56005859375,,,,,1865.1514892578125,,,,,,,,,,,,,52.7,80.9,,-0.05,,,139.99000549316406,,,,,,,,,,,,,,,,,,,,,,,,,,,,,,,,
1980-05-31,111.23999786376952,,,,6855.7001953125,,,,,1966.6929931640625,,,,,,,,,,,,,51.7,81.7,,1.0,,,150.4499969482422,,,,,,,,,,,,,,,,,,,,,,,,,,,,,,,,
1980-06-30,114.23999786376952,,,,6870.7001953125,,,,,2056.0654296875,,,,,,,,,,,,,58.7,82.5,,1.12,,,157.77999877929688,,,,,,,,,,,,,,,,,,,,,,,,,,,,,,,,
1980-07-31,121.66999816894533,,,,6819.6298828125,,,,,2191.81982421875,,,,,,,,,,,,,62.3,82.6,,1.04,,,171.80999755859375,,,,,,,,,,,,,,,,,,,,,,,,,,,,,,,,
1980-08-31,122.37999725341795,,,,6914.080078125,,,,,2212.367431640625,,,,,,,,,,,,,67.3,83.2,,0.19,,,181.5200042724609,,,,,,,,,,,,,,,,,,,,,,,,,,,,,,,,
1980-09-30,125.45999908447266,,,,7076.4599609375,,,,,2254.260986328125,,,,,,,,,,,,,73.7,83.9,,-0.27,,,187.759994506836,,,,,,,,,,,,,,,,,,,,,,,,,,,,,,,,
1980-10-31,127.47000122070312,,,,7150.75,,,,,2234.510986328125,,,,,,,,,,,,,75.0,84.7,,-0.62,,,192.77999877929688,,,,,,,,,,,,,,,,,,,,,,,,,,,,,,,,
1980-11-30,140.52000427246094,,,,7123.6201171875,,,,,2396.099609375,,,,,,,,,,,,,76.7,85.6,,-1.41,,,208.1499938964844,,,,,,,,,,,,,,,,,,,,,,,,,,,,,,,,
1980-12-31,135.75999450683594,,,,7063.1298828125,,,,,2262.9384765625,,,,,,,,,,,,,64.5,86.4,,-0.63,,,202.33999633789065,,,,,,,,,,,,,,,,,,,,,,,,,,,,,,,,
1981-01-31,129.5500030517578,,,,7254.009765625,,,,,2221.04541015625,,,,,,,,,,,,,71.4,87.2,,-0.58,,,197.8099975585937,,,,,,,35.58000183105469,,,,,,,,,,,,,,,,,,,,,,,,,
1981-02-28,131.27000427246094,,,,7146.52978515625,,,,,2173.965087890625,,,,,,,,,,,,,66.9,88.0,,-0.65,,,198.009994506836,,,,,,,35.560001373291016,,,,,,,,,,,,,,,,,,,,,,,,,
1981-03-31,136.0,,,,7334.31005859375,,,,,2327.17529296875,,,,,,,,,,,,,66.5,88.6,,-0.04,,,210.17999267578125,,,,,,,37.790000915527344,,,,,,,,,,,,,,,,,,,,,,,,,
1981-04-30,132.80999755859375,,,,7674.18994140625,,,,,2300.542724609375,,,,,,,,,,,,,72.4,89.1,,-0.73,,,216.7400054931641,,,,,,,37.84999847412109,,,,,,,,,,,,,,,,,,,,,,,,,
1981-05-31,132.58999633789062,,,,7539.68994140625,,,,,2365.178466796875,,,,,,,,,,,,,76.3,89.7,,-0.9,,,223.47000122070312,,,,,,,39.38999938964844,,,,,,,,,,,,,,,,,,,,,,,,,
1981-06-30,131.2100067138672,,,,7867.419921875,,,,,2355.104248046875,,,,,,,,,,,,,73.1,90.5,,-0.8,,,215.75,,,,,,,39.5099983215332,,,,,,,,,,,,,,,,,,,,,,,,,
1981-07-31,130.9199981689453,,,,7828.259765625,,,,,2248.17626953125,,,,,,,,,,,,,74.1,91.5,,-1.17,,,211.6300048828125,,,,,,,39.09000015258789,,,,,,,,,,,,,,,,,,,,,,,,,
1981-08-31,122.79000091552734,,,,7815.77978515625,,,,,2171.17236328125,,,,,,,,,,,,,77.2,92.2,,-1.32,,,195.75,,,,,,,37.15999984741211,,,,,,,,,,,,,,,,,,,,,,,,,
1981-09-30,116.18000030517578,,,,7455.5,,,,,1878.6171875,,,,,,,,,,,,,73.1,93.1,,-0.85,,,180.02999877929688,,,,,,,34.709999084472656,,,,,,,,,,,,,,,,,,,,,,,,,
1981-10-31,121.88999938964844,,,,7449.4599609375,,,,,1837.9207763671875,,,,,,,,,,,,,70.3,93.4,,0.04,,,195.2400054931641,,,,,,,37.09999847412109,,,,,,,,,,,,,,,,,,,,,,,,,
1981-11-30,126.3499984741211,,,,7549.330078125,,,,,2006.990234375,,,,,,,,,,,,,62.5,93.8,,0.77,,,201.3699951171875,,,,,,,38.880001068115234,,,,,,,,,,,,,,,,,,,,,,,,,
1981-12-31,122.5500030517578,,,,7681.83984375,,,,,1949.2373046875,,,,,,,,,,,,,64.3,94.1,,0.35,,,195.83999633789065,,,,,,,37.66999816894531,,,,,,,,,,,,,,,,,,,,,,,,,
1982-01-31,120.4000015258789,,,,7918.81982421875,,,,,1782.3623046875,,,,,,,,,,,,,71.0,94.4,,-0.1,,,188.38999938964844,,,,,,,35.95000076293945,,,,,,,,,,,,,,,,,,,,,,,,,
1982-02-28,113.11000061035156,,,,7548.509765625,,,,,1667.055908203125,,,,,,,,,,,,,66.5,94.7,,-0.41,,,179.42999267578125,,,,,,,34.790000915527344,,,,,,,,,,,,,,,,,,,,,,,,,
1982-03-31,111.95999908447266,,,,7260.47998046875,,,,,1583.7679443359375,,,,,,,,,,,,,62.0,94.7,,-0.34,,,175.64999389648438,,,,,,,34.36000061035156,,,,,,,,,,,,,,,,,,,,,,,,,
1982-04-30,116.44000244140624,,,,7390.7099609375,,,,,1544.268310546875,,,,,,,,,,,,,65.5,95.0,,-0.12,,,184.6999969482422,,,,,,,35.810001373291016,,,,,,,,,,,,,,,,,,,,,,,,,
1982-05-31,111.87999725341795,,,,7325.64990234375,,,,,1522.5238037109375,,,,,,,,,,,,,67.5,95.9,,0.09,,,178.5399932861328,,,,,,,34.9900016784668,,,,,,,,,,,,,,,,,,,,,,,,,
1982-06-30,109.61000061035156,,,,7213.8701171875,,,,,1363.3291015625,,,,,,,,,,,,,65.7,97.0,,-0.22,,,171.3000030517578,,,,,,,33.93000030517578,,,,,,,,,,,,,,,,,,,,,,,,,
1982-07-31,107.08999633789062,,,,7122.080078125,,,,,1408.314453125,,,,,,,,,,,,,65.4,97.5,,0.51,,,167.35000610351562,,,,,,,32.58000183105469,,,,,,,,,,,,,,,,,,,,,,,,,
1982-08-31,119.51000213623048,,,,7123.3798828125,,,,,1609.2030029296875,,,,,,,,,,,,,65.4,97.7,,0.82,,,177.7100067138672,,,,,,,35.7599983215332,,,,,,,,,,,,,,,,,,,,,,,,,
1982-09-30,120.41999816894533,,,,6910.72998046875,,,,,1597.9317626953125,,,,,,,,,,,,,69.3,97.7,,0.5,,,187.6499938964844,,,,,,,36.79999923706055,,,,,,,,,,,,,,,,,,,,,,,,,
1982-10-31,133.72000122070312,,,,7259.14990234375,,,,,1769.4949951171875,,,,,,,,,,,,,73.4,98.1,,0.86,,,212.6300048828125,,,,,,,40.400001525878906,,,,,,,,,,,,,,,,,,,,,,,,,
1982-11-30,138.52999877929688,,,,7895.6201171875,,,,,1833.6318359375,,,,,,,,,,,,,72.1,98.0,,0.83,,,232.3099975585937,,,,,,,42.58000183105469,,,,,,,,,,,,,,,,,,,,,,,,,
1982-12-31,140.63999938964844,,,,8016.669921875,,,,,1953.1273193359373,,,,,,,,,,,,,71.9,97.7,,0.88,,,232.4100036621093,,,,,,,43.560001373291016,,,,,,,,,,,,,,,,,,,,,,,,,
1983-01-31,145.3000030517578,,,,8103.47021484375,,,,,2026.341064453125,,,,,,,,,,,,,70.4,97.9,,1.22,,,248.3500061035156,,,,,,,45.52000045776367,,,,,,,,,,,,,,,,,,,,,,,,,
1983-02-28,148.05999755859375,,,,8085.56982421875,,,,,2085.09130859375,,,,,,,,,,,,,74.6,98.0,,0.96,,,260.6700134277344,,,,,,,46.790000915527344,,,,,,,,,,,,,,,,,,,,,,,,,
1983-03-31,152.9600067138672,,,,8478.7001953125,,,,,2150.624755859375,,,,,,,,,,,,,80.8,98.1,,0.75,,,270.79998779296875,,,,,,,48.59999847412109,,,,,,,,,,,,,,,,,,,,,,,,,
1983-04-30,164.42999267578125,,,,8636.5595703125,,,,,2334.855712890625,,,,,,,,,,,,,89.1,98.8,,0.92,,,293.0599975585937,,,,,,,51.36000061035156,,,,,,,,,,,,,,,,,,,,,,,,,
1983-05-31,162.38999938964844,,,,8617.5703125,,,,,2414.552734375,,,,,,,,,,,,,93.3,99.2,,0.79,,,308.7300109863281,,,,,,,53.15999984741211,,,,,,,,,,,,,,,,,,,,,,,,,
1983-06-30,167.63999938964844,,,,8870.9501953125,,,,,2440.785888671875,,,,,,,,,,,,,92.2,99.4,,0.73,,,318.70001220703125,,,,,,,54.79999923706055,,,,,,,,,,,,,,,,,,,,,,,,,
1983-07-31,162.55999755859375,,,,9078.75,,,,,2471.30810546875,,,,,,,,,,,,,92.8,99.8,,0.73,,,303.9599914550781,,,,,,,53.7400016784668,,,,,,,,,,,,,,,,,,,,,,,,,
1983-08-31,164.39999389648438,,,,9189.4296875,,,,,2476.79443359375,,,,,,,,,,,,,90.9,100.1,,0.8,,,292.4200134277344,,,,,,,52.68000030517578,,,,,,,,,,,,,,,,,,,,,,,,,
1983-09-30,166.07000732421875,,,,9402.58984375,,,,,2493.252197265625,,,,,,,,,,,,,89.9,100.4,,0.91,,,296.6499938964844,,,,,,,54.38999938964844,,,,,,,,,,,,,,,,,,,,,,,,,
1983-10-31,163.5500030517578,,,,9356.7900390625,,,,,2355.104248046875,,,,,,,,,,,,,89.3,100.8,,1.13,,,274.54998779296875,,,,,,,51.7599983215332,,,,,,,,,,,,,,,,,,,,,,,,,
1983-11-30,166.39999389648438,,,,9320.240234375,,,,,2534.447509765625,,,,,,,,,,,,,91.1,101.1,,0.96,,,285.6700134277344,,,,,,,53.290000915527344,,,,,,,,,,,,,,,,,,,,,,,,,
1983-12-31,164.92999267578125,,,,9893.8203125,,,,,2545.91796875,,,,,,,,,,,,,94.2,101.4,,0.97,,,278.6000061035156,,,,,,,52.5,,,,,,,,,,,,,,,,,,,,,,,,,
1984-01-31,163.41000366210938,1063.0,,,10196.099609375,,,,,2462.63037109375,,,,,,,,,,,,,100.1,102.1,,1.09,,,268.42999267578125,,,,,,,50.7599983215332,,,,,,,,,,,,,,,,,,,,,,,,,
1984-02-29,157.05999755859375,1040.300048828125,,,10030.7001953125,,,,,2413.6552734375,,,,,,,,,,,,,97.4,102.6,,1.05,,,252.57000732421875,,,,,,,48.11000061035156,,,,,,,,,,,,,,,,,,,,,,,,,
1984-03-31,159.17999267578125,1112.5,,,10929.169921875,,,,,2376.05078125,,,,,,,,,,,,,101.0,102.9,,0.93,,,250.77999877929688,,,,,,,48.72999954223633,,,,,,,,,,,,,,,,,,,,,,,,,
1984-04-30,160.0500030517578,1138.300048828125,,,10981.6796875,,,,,2317.400146484375,,,,,,,,,,,,,96.1,103.3,,0.93,,,247.44000244140625,,,,,,,47.880001068115234,,,,,,,,,,,,,,,,,,,,,,,,,
1984-05-31,150.5500030517578,1021.0,,,9940.1396484375,,,,,2224.1376953125,,,,,,,,,,,,,98.1,103.5,,0.91,,,232.82000732421875,,,,,,,45.63999938964844,,,,,,,,,,,,,,,,,,,,,,,,,
1984-06-30,153.17999267578125,1041.4000244140625,,,10377.9697265625,,,,,2215.260009765625,,,,,,,,,,,,,95.5,103.7,,0.67,,,239.6499938964844,,,,,,,47.220001220703125,,,,,,,,,,,,,,,,,,,,,,,,,
1984-07-31,150.66000366210938,1010.0999755859376,,,9998.5,,,,,2134.565673828125,,,,,,,,,,,,,96.6,104.1,,0.34,,,229.6999969482422,,,,,,,45.150001525878906,,,,,,,,,,,,,,,,,,,,,,,,,
1984-08-31,166.67999267578125,1103.9000244140625,,,10584.2001953125,,,,,2382.73388671875,,,,,,,,,,,,,99.1,104.4,,0.25,,,254.63999938964844,,,,,,,50.220001220703125,,,,,,,,,,,,,,,,,,,,,,,,,733.2000122070312
1984-09-30,166.10000610351562,1140.300048828125,,,10649.25,,,,,2386.623779296875,,,,,,,,,,,,,100.9,104.7,,0.4,,,249.94000244140625,,,,,,,50.0099983215332,,,,,,,,,,,,,,,,,,,,,,,,,733.5
1984-10-31,166.08999633789062,1151.0,,,11252.98046875,,,,,2347.323974609375,,,,,,,,,,,,,96.3,105.1,,0.7,,,247.0,,,,,,,49.459999084472656,,,,,,,,,,,,,,,,,,,,,,,,,749.0
1984-11-30,163.5800018310547,1181.300048828125,,,11428.900390625,,,,,2362.4853515625,,,,,,,,,,,,,95.7,105.3,,1.08,,,242.3999938964844,,,,,,,49.09000015258789,,,,,,,,,,,,,,,,,,,,,,,,,749.0
1984-12-31,167.24000549316406,1232.199951171875,,,11542.599609375,,,,,2394.20458984375,,,,,,,,,,,,,92.9,105.5,,1.53,,,247.1000061035156,,,,,,,50.630001068115234,,,,,,,,,,,,,,,,,,,,,,,,,726.0999755859375
1985-01-31,179.6300048828125,1280.800048828125,,,11992.3095703125,,,,,2588.509765625,,,,,,,,,,,,,96.0,105.7,,1.27,125.22474,,278.70001220703125,,,,,,,54.72999954223633,,,,,,,,,,,,,,,,,,,,,,,,,773.4000244140625
1985-02-28,181.17999267578125,1259.699951171875,,,12321.919921875,,,,,2588.40966796875,,,,,,,,,,,,,93.7,106.3,,1.25,99.02081,,284.20001220703125,,,,,,,54.9900016784668,,,,,,,,,,,,,,,,,,,,,,,,,792.2999877929688
1985-03-31,180.6600036621093,1277.0,,,12580.759765625,,,,,2606.1650390625,,,,,,,,,,,,,93.7,106.8,,1.22,112.19051,,279.20001220703125,,,,,,,55.29999923706055,,,,,,,,,,,,,,,,,,,,,,,,,829.7000122070312
1985-04-30,179.8300018310547,1291.0,,,12426.2900390625,,,,,2628.60791015625,,,,,,,,,,,,,94.6,107.0,,1.5,102.81132,,280.6000061035156,,,,,,,55.61000061035156,,,,,,,,,,,,,,,,,,,,,,,,,874.7000122070312
1985-05-31,189.5500030517578,1313.0,,,12758.4599609375,,,,,2729.35107421875,,,,,,,,,,,,,91.8,107.2,,1.36,120.08272,,290.79998779296875,,,,,,,58.130001068115234,,,,,,,,,,,,,,,,,,,,,,,,,873.5
1985-06-30,191.8500061035156,1234.9000244140625,,,12882.08984375,,,,,2705.611572265625,,,,,,,,,,,,,96.5,107.5,,1.58,132.71319,,296.20001220703125,,,,,,,60.43000030517578,,,,,,,,,,,,,,,,,,,,,,,,,860.7999877929688
1985-07-31,190.9199981689453,1261.699951171875,,,12232.26953125,,,,,2771.544189453125,,,,,,,,,,,,,94.0,107.7,,1.56,128.00182,,301.29998779296875,,,,,,,60.2599983215332,,,,,,,,,,,,,,,,,,,,,,,,,936.0999755859376
1985-08-31,188.6300048828125,1340.800048828125,,,12713.150390625,,,,,2812.8388671875,,,,,,,,,,,,,92.4,107.9,,1.32,126.76611,,297.70001220703125,,,,,,,59.61000061035156,,,,,,,,,,,,,,,,,,,,,,,,,937.7999877929688
1985-09-30,182.0800018310547,1290.0,,,12700.1103515625,,,,,2625.61572265625,,,,,,,,,,,,,92.1,108.1,,1.43,126.76856,,280.29998779296875,,,,,,,56.619998931884766,,,,,,,,,,,,,,,,,,,,,,,,,987.0
1985-10-31,189.82000732421875,1377.199951171875,,,12936.4697265625,,,,,2668.00732421875,,,,,,,,,,,,,88.4,108.5,,1.31,116.05771,,292.5,,,,,,,59.52999877929688,,,,,,,,,,,,,,,,,,,,,,,,,1027.0
1985-11-30,202.1699981689453,1439.0999755859375,,,12763.26953125,,,,,2849.944091796875,,,,,,,,,,,,,90.9,109.0,,1.13,122.03688,,314.0,,,,,,,63.02000045776367,,,,,,,,,,,,,,,,,,,,,,,,,990.7000122070312
1985-12-31,211.27999877929688,1412.5999755859375,,,13083.1796875,,,,,2893.234130859375,,,,,,,,,,,,,93.9,109.5,,1.02,133.24392,,324.8999938964844,,,,,,,65.9800033569336,,,,,,,,,,,,,,,,,,,,1412.5999755859375,,,,,1003.7999877929688
1986-01-31,211.77999877929688,1435.0,,,13024.2998046875,,,,,2835.780029296875,,,,,,,,,,,,,95.6,109.9,,1.09,155.93292,,335.79998779296875,,,,,,,66.87999725341797,,,,,,,,,,,,,,,,,,,,1449.5,,,,,1075.0999755859375
1986-02-28,226.9199981689453,1543.9000244140625,,,13640.830078125,,,,,2848.5478515625,,,,,,,,,,,,,95.9,109.7,,0.42,159.46768,,359.5,,,,,,,71.58000183105469,,,,,,,,,,,,,,,,,,,,1575.0999755859375,,,,,1041.5999755859375
1986-03-31,238.8999938964844,1668.800048828125,,,15859.75,,,,,3039.5615234375,,,,,,,,,,,,,95.1,109.1,,0.47,160.1981,,374.7000122070313,,,,,,,74.88999938964844,,,,,,,,,,,,,,,,,,,,1695.800048828125,,,,,1136.5
1986-04-30,235.5200042724609,1660.5,,,15825.5,,,,,3071.081298828125,,,,,,,,,,,,,96.2,108.7,,0.55,150.36626,,383.2000122070313,,,,,,,75.23999786376953,,,,,,,,,,,,,,,,,,,,1755.199951171875,,,,,1210.5999755859375
1986-05-31,247.3500061035156,1602.800048828125,,,16670.76953125,,,,,3114.072021484375,,,,,,,,,,,,,94.8,109.0,,0.69,132.63792,,400.2000122070313,,,,,,,77.98999786376953,,,,,,,,,,,,,,,,,,,,1696.5,,,,,1241.0
1986-06-30,250.83999633789065,1649.800048828125,,,17654.189453125,,,,,3077.66455078125,,,,,,,,,,,,,99.3,109.4,,0.54,122.51177,,405.5,,,,,,,79.91999816894531,,,,,,,,,,,,,,,,,,,,1771.0,,,,,1179.800048828125
1986-07-31,236.1199951171875,1558.0999755859375,,,17509.7109375,,,,,2927.845947265625,,,,,,,,,,,,,97.7,109.5,,0.77,132.11963,,371.3999938964844,,,,,,,75.75,,,,,,,,,,,,,,,,,,,,1690.199951171875,,,,,1123.5
1986-08-31,252.92999267578125,1661.199951171875,,,18533.6796875,,,,,3020.510009765625,,,,,,,,,,,,,94.9,109.6,,1.01,127.5525,,382.8999938964844,,,,,,,79.66999816894531,,,,,,,,,,,,,,,,,,,,1763.0999755859375,,,,,1192.300048828125
1986-09-30,231.32000732421875,1555.800048828125,,,17852.859375,,,,,2971.734130859375,,,,,,,,,,,,,91.9,110.0,,1.07,132.01833,,350.70001220703125,,,,,,,73.2300033569336,,,,,,,,,,,,,,,,,,,,1665.5,,,,,1257.199951171875
1986-10-31,243.97999572753903,1632.0999755859375,,,16910.630859375,,,,,3031.1826171875,,,,,,,,,,,,,95.6,110.2,,1.08,111.50927,,360.7999877929688,,,,,,,76.08999633789062,,,,,,,,,,,,,,,,,,,,1751.9000244140625,,,,,1377.5
1986-11-30,249.22000122070312,1636.699951171875,,,18083.01953125,,,,,3039.062744140625,,,,,,,,,,,,,91.4,110.4,,0.94,115.02029,,359.6000061035156,,,,,,,75.86000061035156,,,,,,,,,,,,,,,,,,,,1798.0,,,,,1379.5999755859375
1986-12-31,242.1699981689453,1679.0,,,18820.650390625,,2568.300048828125,,,3058.41357421875,,,,,,,,,,,,,89.1,110.8,,0.88,108.96811,,348.79998779296875,,,,,,,74.33999633789062,,,,,,,,,,,,,,,,,,,,1817.9000244140625,,,,,1473.0999755859375
1987-01-31,274.0799865722656,1808.300048828125,,,20048.349609375,,2553.300048828125,,,3340.3955078125,,,,,,,,,,,,,90.4,111.4,,0.85,122.11428,,392.1000061035156,,,,,,,83.70999908447266,,,,,521.5059204101562,,,,,,,,,,,,,,,1990.5999755859373,,,,,1496.300048828125
1987-02-28,284.20001220703125,1979.199951171875,,,20421.66015625,,2877.89990234375,,,3490.014404296875,,,,,,,,,,,,,90.2,111.8,,0.84,109.14523,,425.0,,,,,,,87.37999725341797,,,,,513.8378295898438,,,,,,,,,,,,,,,2126.39990234375,,,,,1614.0999755859375
1987-03-31,291.70001220703125,1997.5999755859373,,,21566.66015625,,2713.800048828125,,,3730.003662109375,,,,,,,,,,,,,90.8,112.2,,0.97,122.08486,,430.1000061035156,,,,,,,89.27999877929688,,,,,511.0885925292969,,,,,,,,,,,,,,,2190.199951171875,,,,,1689.9000244140625
1987-04-30,288.3599853515625,2050.5,,,23274.830078125,,2659.89990234375,,,3707.26171875,,,,,,,,,,,,,92.8,112.7,,0.83,110.85971,,417.7999877929688,,,,,,,86.12000274658203,,,,,566.0744018554688,,,,,,,,,,,,,,,2219.89990234375,,,,,1749.5999755859375
1987-05-31,290.1000061035156,2203.0,,,24772.390625,,2950.800048828125,,,3675.841552734375,,,,,,,,,,,,,91.1,113.0,,0.8,110.04291,,416.5,,,,,,,85.0199966430664,,,,,609.7031860351562,,,,,,,,,,,,,,,2357.199951171875,,,,,1770.800048828125
1987-06-30,304.0,2284.10009765625,,,24176.400390625,,3178.199951171875,,,3730.70166015625,,,,,,,,,,,,,91.5,113.5,,0.9,121.15791,,424.7000122070313,,,,,,,87.91000366210938,,,,,918.1738891601562,,,,,,,,,,,,,,,2556.199951171875,,,,,1765.800048828125
1987-07-31,318.6600036621094,2360.89990234375,,,24488.109375,,3479.199951171875,,,4020.1650390625,,,,,,,,,,,,,93.7,113.8,,1.03,106.348,,434.8999938964844,,,,,,,90.18000030517578,,,,,1054.94873046875,,,,,,,,,,,,,,,2710.10009765625,,,,,2030.199951171875
1987-08-31,329.79998779296875,2249.699951171875,,,26029.220703125,,3611.699951171875,,,3983.458251953125,,,,,,,,,,,,,94.4,114.3,,1.03,74.83796,,455.0,,,,,,,93.22000122070312,,,,,1099.4072265625,,,,,,,,,,,,,,,2585.800048828125,,,,,2150.0
1987-09-30,321.8299865722656,2366.0,,,26010.880859375,,3943.60009765625,,,3892.48974609375,,,,,,,,,,,,,93.6,114.7,,1.03,78.98139,,444.2999877929688,170.80999755859375,,,,,,91.26000213623048,,,,,752.9464111328125,,,,,,,,,,,,,,,2753.699951171875,,,,,2247.60009765625
1987-10-31,251.7899932861328,1749.800048828125,,,22765.0390625,,2204.5,,,3011.6328125,,,,,,,,,,,,,89.3,115.0,,1.3,143.60309,,323.29998779296875,118.26000213623048,,,,,,69.48999786376953,,,,,754.8458862304688,,,,,,,,,,,,,,,1964.199951171875,,,,,1295.199951171875
1987-11-30,230.3000030517578,1579.9000244140625,,,22686.779296875,,2138.39990234375,,,2970.73681640625,,,,,,,,,,,,,83.1,115.4,,1.26,155.42208,,305.20001220703125,111.6999969482422,,,,,,65.83000183105469,,,,,708.14794921875,,,,,,,,,,,,,,,1754.0,,,,,1328.699951171875
1987-12-31,247.0800018310547,1713.9000244140625,1005.1900024414062,,21564.0,,2302.800048828125,,,3152.0751953125,,,,,,823.2000122070312,,,,,,,86.8,115.6,,1.06,135.47265,,330.5,120.41999816894533,,,,,,70.73999786376953,,,,,816.0001831054688,,,,,,,,,,,,,,,1974.0,,,,,1320.0
1988-01-31,257.07000732421875,1790.800048828125,936.0,,23622.3203125,,2409.699951171875,,,3049.4365234375,,,,,,908.9000244140624,,,,,,,90.8,116.0,,1.04,131.52146,,344.70001220703125,125.23999786376952,,,,,,73.7300033569336,,,,,827.1472778320312,,,,,,,,,,,,,,,2103.89990234375,,,,,1257.0999755859375
1988-02-29,267.82000732421875,1768.800048828125,1083.3399658203125,,25242.810546875,,2418.10009765625,,,3196.66162109375,,,,,,888.7999877929688,,,,,,,91.6,116.2,,1.03,116.58432,,367.0,136.10000610351562,,,,,,78.16000366210938,,,,,761.744140625,,,,,,,,,,,,,,,2100.10009765625,,,,,1250.699951171875
1988-03-31,258.8900146484375,1742.5,1062.3299560546875,,26260.259765625,,2544.0,,,3305.385009765625,,,,,,925.7999877929688,,,,,,,94.6,116.5,,1.16,105.05246,,374.6000061035156,142.14999389648438,,,,,,79.26000213623047,,,,,753.7261962890625,,,,,,,,,,,,,,,2075.300048828125,,,,,1415.5999755859375
1988-04-30,261.3299865722656,1802.199951171875,1049.1700439453125,,27434.119140625,,2602.89990234375,,,3331.31884765625,,,,,,965.4000244140624,,,,,,,91.2,117.2,,1.14,113.65598,,379.2000122070313,145.00999450683594,,,,,,79.47000122070312,,,,,797.4649047851562,,,,,,,,,,,,,,,2156.10009765625,,,,,1457.199951171875
1988-05-31,262.1600036621094,1784.5,1075.6600341796875,,27416.69921875,,2496.699951171875,,,3240.948486328125,,,,,,999.2999877929688,,,,,,,94.8,117.5,,0.99,96.14572,,370.2999877929688,141.3699951171875,,,,,,77.56999969482422,,,,,803.7233276367188,,,,,,,,,,,,,,,2164.699951171875,,,,,1566.9000244140625
1988-06-30,273.5,1857.5999755859373,1133.81005859375,,27769.400390625,,2671.5,,,3432.760498046875,,,,,,1093.199951171875,,,,,,,94.7,118.0,,0.8,89.78251,,394.7000122070313,151.3000030517578,,,,,,82.98999786376953,,,,,843.9929809570312,,,,,,,,,,,,,,,2266.199951171875,,,,,1554.9000244140625
1988-07-31,272.0199890136719,1853.5999755859373,1178.530029296875,,27911.630859375,,2678.89990234375,,,3368.125244140625,,,,,,1143.4000244140625,,,,,,,93.4,118.5,,0.73,85.18198,,387.2999877929688,149.88999938964844,,,,,,80.56999969482422,,,,,865.2875366210938,,,,,,,,,,,,,,,2291.5,,,,,1611.699951171875
1988-08-31,261.5199890136719,1753.5999755859375,1169.4599609375,,27365.94921875,,2443.800048828125,,,3277.4560546875,,,,,,1036.5999755859375,,,,,,,97.4,119.0,,0.54,100.15845,,376.6000061035156,145.74000549316406,,,,,,78.44000244140625,,,,,779.8994140625,,,,,,,,,,,,,,,2147.89990234375,,,,,1570.5
1988-09-30,271.9100036621094,1826.5,1253.6800537109375,,27923.669921875,,2441.0,,,3275.36083984375,,,,,,1035.0,,,,,,,97.3,119.5,,0.44,94.55409,,387.7000122070313,149.08999633789062,,,,,,81.2699966430664,,,,,696.7208862304688,,,,,,,,,,,,,,,2227.10009765625,,,,,1551.5999755859375
1988-10-31,278.9700012207031,1852.4000244140625,1308.25,,27982.5390625,,2627.39990234375,,,3386.877197265625,,,,,,1039.300048828125,,,,,,,94.1,119.9,,0.4,102.23078,,382.5,147.25,,,,,,81.61000061035156,,,,,723.4139404296875,,,,,,,,,,,,,,,2303.10009765625,,,,,1587.0
1988-11-30,273.70001220703125,1792.4000244140625,1273.760009765625,,29578.900390625,,2659.300048828125,,,3286.333251953125,,,,,,1005.5,,,,,,,93.0,120.3,,0.22,113.95989,,371.5,142.00999450683594,,,,,,79.76000213623047,,,,,729.1624755859375,,,,,,,,,,,,,,,2220.800048828125,,,,,1471.5
1988-12-31,277.7200012207031,1793.0999755859375,1330.22998046875,,30159.0,,2687.39990234375,,,3381.39111328125,,,,,,1038.5999755859375,,,,,,,91.9,120.7,,0.0,99.66633,,381.3999938964844,147.3699951171875,,,,,,82.77999877929688,,,,,838.7843017578125,,,,,,,,,,,,,,,2176.10009765625,,,,,1487.4000244140625
1989-01-31,297.4700012207031,2051.800048828125,1324.3399658203125,,31581.30078125,,3072.89990234375,,,3607.416015625,,,,,,1133.300048828125,,,,,,,97.9,121.2,,-0.11,105.07536,,401.2999877929688,153.85000610351562,,,,,,88.20999908447266,2917.260009765625,,,,836.894775390625,,,,,,,,,,,,,,,2461.699951171875,,,,,1551.5
1989-02-28,288.8599853515625,2002.4000244140625,1289.7900390625,,31985.599609375,,3012.699951171875,,,3563.02880859375,,,,,,1108.300048828125,,,,,,,95.4,121.6,,-0.23,84.84484,,399.7000122070313,154.55999755859375,,,,,,88.2300033569336,2857.860107421875,,,,863.2980346679688,,,,,,,,,,,,,,,2491.699951171875,,,,,1484.800048828125
1989-03-31,294.8699951171875,2075.0,1319.8800048828125,,32838.6796875,,3005.0,,,3569.113037109375,,,,,,1189.800048828125,,,,,,,94.3,122.2,,-0.43,97.21567,,406.7000122070313,157.89999389648438,,,,,,90.0,2915.070068359375,,,,907.2967529296876,,,,,,,,,,,,,,,2545.5,,,,,1459.5999755859375
1989-04-30,309.6400146484375,2118.0,1374.0400390625,,33713.3515625,,3116.0,,,3618.68701171875,,,,,,1259.4000244140625,,,,,,,91.5,123.1,,-0.2,108.86306,,427.6000061035156,164.67999267578125,,,,,,94.66999816894533,3053.1298828125,,,,1000.0628662109376,,,,,,,,,,,,,,,2526.699951171875,,,,,1500.199951171875
1989-05-31,320.5199890136719,2114.39990234375,1407.050048828125,,34266.75,,2743.89990234375,,,3697.985107421875,,,,,,1279.199951171875,,,,,,,90.7,123.7,,-0.22,87.81604,,446.2000122070313,171.52999877929688,,,,,,98.81999969482422,3162.610107421875,,,,1040.1824951171875,,,,,,,,,,,,,,,2555.5,,,,,1529.9000244140625
1989-06-30,317.9800109863281,2151.0,1477.219970703125,,32948.69140625,,2273.89990234375,,,3751.34912109375,,,,,,1307.699951171875,,,,,,,90.6,124.1,,0.02,94.83974,,435.2999877929688,167.4199981689453,,,,,,98.1500015258789,3137.010009765625,,,,1011.25,,,,,,,,,,,,,,,2533.10009765625,,,,,1521.0999755859375
1989-07-31,346.0799865722656,2297.0,1548.6800537109375,,34953.87109375,,2571.10009765625,,,3960.71630859375,,,,,,1372.300048828125,,,,,,,92.0,124.5,,0.29,84.56992,,453.7999877929688,174.5,,,,,,103.5999984741211,3377.39990234375,,,,1168.0595703125,,,,,,,,,,,,,,,2701.89990234375,,,,,1634.199951171875
1989-08-31,351.45001220703125,2387.89990234375,1594.699951171875,,34431.19921875,,2508.60009765625,,,4000.016357421875,,,,,,1356.0,,,,,,,89.6,124.5,,-0.16,95.86038,,469.2999877929688,178.1999969482422,,,,,,107.0,3440.840087890625,,,,1123.18115234375,,,,,,,,,,,,,,,2723.39990234375,,,,,1763.199951171875
1989-09-30,349.1499938964844,2299.39990234375,1570.6400146484375,,35636.76171875,,2758.199951171875,,,3932.98681640625,,,,,,1375.300048828125,,,,,,,95.8,124.8,,-0.15,90.9182,,472.8999938964844,178.2100067138672,,,,,,107.97000122070312,3426.659912109375,,,,1141.976318359375,,,,,,,,,,,,,,,2679.300048828125,,,,,1735.800048828125
1989-10-31,340.3599853515625,2142.60009765625,1464.8699951171875,,35549.44140625,,2725.300048828125,,,3908.64892578125,,,,,,1332.4000244140625,,,,,,,93.9,125.4,,0.07,91.59669,,455.6000061035156,167.47000122070312,,,,,,103.2300033569336,3320.35009765625,,,,1299.7357177734375,,,,,,,,,,,,,,,2438.39990234375,,,,,1646.199951171875
1989-11-30,345.989990234375,2276.800048828125,1556.4100341796875,,37268.7890625,,2748.39990234375,,,3932.787353515625,,,,,,1411.300048828125,,,,,,,90.9,125.9,,0.09,107.84913,,456.1000061035156,168.1699981689453,,,,,,105.26000213623048,3367.639892578125,,,,1313.2723388671875,,,,,,,,,,,,,,,2528.699951171875,,,,,1611.5999755859375
1989-12-31,353.3999938964844,2422.699951171875,1778.1199951171875,,38915.87109375,,2836.60009765625,,,3959.718994140625,,,,,,1481.300048828125,,,,,,,90.5,126.3,,0.06,107.09523,,454.7999877929688,168.30999755859375,,,,,,108.77999877929688,3419.8798828125,,,,1110.3544921875,,,,,,,,,,,,,,,2645.800048828125,,,,,1649.0
1990-01-31,329.0799865722656,2337.300048828125,1821.2099609375,,37188.94921875,,2751.60009765625,,,3694.992919921875,,,,,,1515.0,,,,,,,93.0,127.5,,0.15,100.35918,,415.7999877929688,153.27000427246094,,,,,,99.38999938964844,3163.300048828125,,,,1052.3193359375,,,,,,,,,,,,,,,2578.60009765625,,,,,1677.0
1990-02-28,331.8900146484375,2255.39990234375,1806.6300048828125,,34591.98828125,,2952.0,,,3677.337890625,,,,,,1550.0999755859375,,,,,,,89.5,128.0,,0.08,89.59095,,425.7999877929688,157.72000122070312,,,,,,102.66000366210938,3201.199951171875,,,,1021.7872314453124,,,,,,,,,,,,,,,2451.89990234375,,,,,1575.199951171875
1990-03-31,339.94000244140625,2247.89990234375,1966.75,1972.0,29980.44921875,,2997.0,,,3630.257568359375,,,,,,1581.0999755859375,,,,,,,91.3,128.6,,0.01,86.06529,,435.5,163.6300048828125,,,,,,104.58999633789062,3273.4599609375,,,,1104.026123046875,,,,,,,,,,,,,,,2425.39990234375,,,,,1535.800048828125
1990-04-30,330.79998779296875,2103.39990234375,1812.9100341796875,2046.0,29584.80078125,,2951.0,,,3332.415771484375,,,,,,1458.4000244140625,,,,638.7730712890625,,,93.9,128.9,,0.08,76.6617,,420.1000061035156,158.08999633789062,,,,,,100.08000183105467,3172.330078125,,,,945.126953125,,,,,,,,,,,,,,,2276.199951171875,,,,,1454.5
1990-05-31,361.2300109863281,2345.10009765625,1836.68994140625,2107.0,33130.80078125,,3132.0,,,3572.903564453125,,,,,,1553.5999755859375,,,,636.3753051757812,,,90.6,129.1,,0.1,118.53795,,459.0,168.91000366210938,,,,,,109.55999755859376,3448.47998046875,,,,822.07861328125,,,,,,,,,,,,,,,2474.5,,,,,1512.0999755859375
1990-06-30,358.0199890136719,2374.60009765625,1884.6700439453125,2035.0,31940.240234375,,3278.0,,,3534.900146484375,,,,,,1527.0,,,,624.2957153320312,,,88.3,129.9,,0.19,120.52674,,462.2999877929688,169.1199951171875,,,,,,109.79000091552734,3424.3701171875,,,,890.6209716796875,,,,,,,,,,,,,,,2524.800048828125,,,,,1500.699951171875
1990-07-31,356.1499938964844,2326.199951171875,1922.9200439453125,1965.0,31035.66015625,,3438.0,,,3552.056884765625,,,,,,1554.800048828125,,,,614.382080078125,,,88.2,130.5,,0.45,111.56962,,438.2000122070313,161.50999450683594,,,,,,107.08000183105467,3384.360107421875,,,,940.8080444335938,,,,,,,,,,,,,,,2465.39990234375,,,,,1573.800048828125
1990-08-31,322.5599975585937,2162.800048828125,1622.010009765625,1690.0,25978.369140625,,3087.0,,,3337.802001953125,,,,,,1277.9000244140625,,,,570.997802734375,,,76.4,131.6,,0.79,142.16524,,381.2000122070313,139.50999450683594,,,,,,95.69000244140624,3053.60009765625,,,,751.6666870117188,,,,,,,,,,,,,,,2174.89990234375,,,,,1507.5999755859375
1990-09-30,306.04998779296875,1990.199951171875,1327.97998046875,1499.0,20983.5,,2760.0,,,3151.376953125,,,,,,1098.699951171875,,,,468.4907836914063,,,72.8,132.5,,0.8,157.69529,,344.5,126.6999969482422,,,,,,89.62000274658203,2879.340087890625,,,,548.1490478515625,,,,,,,,,,,,,,,1960.4000244140625,,,,,1398.4000244140625
1990-10-31,304.0,2050.300048828125,1434.5,1645.0,25194.099609375,,2990.0,,,3073.47509765625,,,,,,1154.0,,,,416.4728088378906,,,63.9,133.4,,0.88,141.11953,,329.79998779296875,118.83000183105467,,,,,,86.66999816894531,2833.989990234375,,,,613.2423095703125,,,,,,,,,,,,,,,2052.199951171875,,,,,1327.199951171875
1990-11-30,322.2200012207031,2149.39990234375,1436.5699462890625,1605.0,22454.630859375,,2965.0,,,3142.998046875,,,,,1384.9000244140625,1106.5999755859375,,,,382.1881103515625,,,66.0,133.7,,0.73,145.29094,,359.1000061035156,127.51000213623048,,,,,,94.73999786376952,3015.02001953125,,,,622.3099365234375,,,,,,,,,,,,,,,2092.800048828125,,,,,1319.699951171875
1990-12-31,330.2200012207031,2143.5,1389.3499755859375,1509.0,23848.7109375,,3024.0,,,3248.529296875,,,,,1383.0999755859375,1154.800048828125,,,,417.7717590332031,,,65.5,134.2,,0.93,134.48512,,373.7999877929688,132.1999969482422,,,,,,100.0,3101.360107421875,,,,652.9420776367188,,,,,,,,,,,,,,,2112.89990234375,,,,,1279.800048828125
1991-01-31,343.92999267578125,2170.300048828125,1421.1600341796875,1580.0,23293.140625,,3243.0,,,3264.58837890625,,,,,1434.300048828125,1267.300048828125,,,,383.0031127929688,,,66.8,134.7,,0.98,175.65861,,414.2000122070313,144.1699981689453,,,,,,107.6999969482422,3245.35009765625,,,,756.5155029296875,,,,,,,,,,,,,,,2082.0,,,,,1321.5
1991-02-28,367.0700073242188,2380.89990234375,1564.449951171875,1760.0,26409.220703125,,3552.0,,,3453.607421875,,,,,1578.699951171875,1459.5999755859375,,,,391.3147583007813,,,70.4,134.8,,0.98,115.21345,,453.1000061035156,160.0,,,,,,117.0500030517578,3484.85009765625,,,,986.8262939453124,,,,,,,,,,,,,,,2383.699951171875,,,,,1405.5999755859375
1991-03-31,375.2200012207031,2456.5,1515.3199462890625,1816.0,26292.0390625,,3745.0,,,3486.82275390625,,,,,1649.4000244140625,1490.800048828125,,,,408.0940856933594,,,87.7,134.8,,1.03,116.02571,,482.2999877929688,171.00999450683594,,,,,,122.16999816894533,3583.669921875,,,,1106.6553955078125,,,,,,,,,,,,,,,2492.89990234375,,,,,1444.0999755859375
1991-04-30,375.3399963378906,2486.199951171875,1606.8699951171875,1779.0,26111.25,,3588.0,,,3459.990966796875,,,,,1659.5,1553.9000244140625,,,,413.6969299316406,,,81.8,135.1,,1.22,107.24167,,484.7200012207031,170.61000061035156,,,,,,121.93000030517578,3587.919921875,1188.4000244140625,,,1063.276611328125,,,,,,,,,,,,,,,2483.699951171875,,,,,1534.199951171875
1991-05-31,389.8299865722656,2499.5,1707.9599609375,1861.800048828125,25789.619140625,,3707.0,,,3537.094970703125,,,,,1740.800048828125,1554.199951171875,,,,397.5845642089844,,,78.3,135.6,,1.38,94.75868,,506.1099853515625,178.33999633789062,,,,,,127.25,3719.300048828125,1171.699951171875,,,1180.4964599609375,,,,,,,,,,,,,,,2441.5,,,,,1510.0
1991-06-30,371.1600036621094,2414.800048828125,1623.72998046875,1747.5999755859375,23290.9609375,,3668.0,,,3464.191650390625,,,,,1664.300048828125,1489.9000244140625,,,,346.2525329589844,,,82.1,136.0,,1.34,96.9376,,475.9200134277344,167.61000061035156,,,,,,120.56999969482422,3545.469970703125,1162.5,,,1065.0760498046875,,,,,,,,,,,,,,,2359.699951171875,,,,,1506.199951171875
1991-07-31,387.80999755859375,2588.800048828125,1619.2900390625,1754.699951171875,24120.75,,4009.0,,,3539.60009765625,,,,,1727.199951171875,1482.9000244140625,,,,339.9447631835937,,,82.9,136.2,,1.39,93.53158,,502.0400085449219,172.75999450683594,,,,,,127.61000061035156,3705.889892578125,1139.699951171875,,,1021.5372924804688,,,,,,,,,,,,,,,2482.699951171875,,,,,1572.4000244140625
1991-08-31,395.4299926757813,2645.699951171875,1649.8800048828125,1864.300048828125,22335.869140625,,3998.0,,,3517.89990234375,,,,,1736.5999755859375,1432.199951171875,,,,300.9682922363281,,,82.0,136.6,,1.46,100.59554,,525.6799926757812,179.11000061035156,,,,,,131.94000244140625,3795.0400390625,1128.9000244140625,,,1021.5673217773438,,,,,,,,,,,,,,,2584.0,,,,,1540.4000244140625
1991-09-30,387.8599853515625,2621.699951171875,1605.469970703125,1880.5999755859373,23916.439453125,,3956.699951171875,,,3387.89990234375,,,,,1664.699951171875,1360.5999755859375,,,,249.1772918701172,,,83.0,137.0,,1.48,117.04782,,526.8800048828125,180.1600036621093,,,,,,131.3000030517578,3743.97998046875,1089.0,,,943.1074829101562,,,,,,,,,,,,,,,2608.60009765625,,,,,1562.0999755859375
1991-10-31,392.4500122070313,2566.0,1579.77001953125,1856.699951171875,25222.279296875,,4038.699951171875,,,3515.800048828125,,,,,1683.9000244140625,1407.0999755859375,,,,226.67518615722656,,,78.3,137.2,,1.77,105.54142,,542.97998046875,185.0,,,,,,136.22000122070312,3807.080078125,1101.0,,,1030.5350341796875,,,,,,,,,,,,,,,2543.5,,,,,1683.0
1991-11-30,375.2200012207031,2420.199951171875,1571.06005859375,1739.699951171875,22687.349609375,,4149.7998046875,,,3448.5,,,,,1622.5999755859375,1453.199951171875,,,1384.199951171875,241.30860900878903,,,69.1,137.8,,2.0,122.24914,,523.9000244140625,176.3699951171875,,,,,,131.33999633789062,3649.989990234375,1069.0999755859375,,,1089.3798828125,,,,,,,,,,,,,,,2388.60009765625,,,,,1605.699951171875
1991-12-31,417.0899963378906,2493.10009765625,1577.260009765625,1765.699951171875,22983.76953125,,4297.2998046875,,,3512.39990234375,,,,,1670.0999755859375,1477.0,,,1431.5,247.3803558349609,,,68.2,138.2,,1.94,139.99912,,586.3400268554688,189.94000244140625,,,,,,146.58999633789062,4041.10009765625,1092.699951171875,,,1153.9632568359375,,,,,,,,,,,,,,,2364.60009765625,,,,,1651.4000244140625
1992-01-31,408.7799987792969,2571.199951171875,1685.699951171875,1875.300048828125,22023.05078125,,4601.7998046875,,,3596.10009765625,,,,,1753.5,1529.699951171875,,,1623.5,282.23004150390625,,,67.5,138.3,,2.2,109.20085,,620.2100219726562,205.1600036621093,,,,,3223.39990234375,148.97000122070312,4027.77001953125,1180.199951171875,,,1266.8841552734375,,,,,,,,,,,,,,,2476.39990234375,,,,,1619.5
1992-02-29,412.7000122070313,2562.10009765625,1746.760009765625,1983.4000244140625,21338.810546875,,4929.10009765625,,,3581.89990234375,,,,,1840.5999755859373,1477.4000244140625,,,1860.5999755859373,280.9840393066406,,,68.8,138.6,,2.0,125.53676,,633.469970703125,211.1499938964844,,,,,3267.699951171875,151.02999877929688,4071.25,1210.5999755859375,,,1197.4920654296875,,,,,,,,,,,,,,,2523.5,,,,,1614.199951171875
1992-03-31,403.6900024414063,2440.10009765625,1718.3499755859375,1942.4000244140625,19345.94921875,,4938.2998046875,,,3412.10009765625,,,,,1837.199951171875,1414.300048828125,,,1875.699951171875,278.6771545410156,,,76.0,139.1,,1.94,91.70582,,603.77001953125,203.6999969482422,,,,,3235.5,145.11000061035156,3961.550048828125,1193.0,,,1105.4456787109375,,,,,,,,,,,,,,,2408.199951171875,,,,,1582.5999755859375
1992-04-30,414.9500122070313,2654.10009765625,1728.0899658203125,2031.0999755859373,17390.7109375,,5369.60009765625,,,3355.60009765625,,,,,1880.0999755859373,1466.0,,,1838.300048828125,277.26318359375,,,77.2,139.4,,2.15,87.58229,,578.6799926757812,196.259994506836,,,,,3359.10009765625,143.14999389648438,4008.7099609375,1192.800048828125,,,1248.39892578125,,,,,,,,,,,,,,,2712.39990234375,,,,,1655.9000244140625
1992-05-31,415.3500061035156,2707.60009765625,1806.3599853515625,2033.300048828125,18347.75,,6080.2001953125,,,3387.89990234375,,,,,1920.5999755859373,1524.699951171875,,,1892.300048828125,299.2083435058594,,,79.2,139.7,,2.14,96.87494,,585.3099975585938,198.5200042724609,,,,,3396.89990234375,144.1999969482422,4021.510009765625,1230.800048828125,,,1416.375732421875,,,,,,,,,,,,,,,2779.199951171875,,,,,1678.300048828125
1992-06-30,408.1400146484375,2521.199951171875,1754.949951171875,1900.5999755859373,15951.73046875,,6103.89990234375,,,3387.699951171875,,,,,1854.800048828125,1481.0999755859375,,,1599.300048828125,313.5477905273437,,,80.4,140.1,,2.31,122.34916,,563.5999755859375,188.5800018310547,,,,,3318.5,139.86000061035156,3930.330078125,1162.800048828125,,,1566.4671630859375,,,,,,,,,,,,,,,2548.699951171875,,,,,1643.800048828125
1992-07-31,424.2099914550781,2399.60009765625,1608.489990234375,1754.699951171875,15910.2802734375,,5881.10009765625,,,3443.39990234375,,,,,1798.0999755859375,1451.800048828125,,,1569.699951171875,317.1776733398437,,,76.6,140.5,,2.3,120.91493,,580.8300170898438,194.7400054931641,,,,,3393.800048828125,146.5399932861328,4083.85009765625,1145.300048828125,,,1508.272216796875,,,,,,,,,,,,,,,2302.300048828125,,,,,1617.699951171875
1992-08-31,414.0299987792969,2312.60009765625,1529.969970703125,1684.9000244140625,18061.119140625,,5628.60009765625,,,3402.89990234375,,,,,1751.5999755859375,1378.5,,,1400.4000244140625,301.2682800292969,,,76.1,140.8,,2.47,115.90751,,563.1199951171875,188.7899932861328,,,,,3257.39990234375,142.7100067138672,3985.0,1057.300048828125,,,1392.7818603515625,,,,,,,,,,,,,,,2192.5,,,,,1547.199951171875
1992-09-30,417.7999877929688,2553.0,1470.0899658203125,1736.699951171875,17399.080078125,,5505.39990234375,,,3297.89990234375,,,,,1877.199951171875,1351.0,,,1327.0999755859375,298.37841796875,,,75.6,141.1,,2.57,127.01963,,583.27001953125,192.9100036621093,,,,,3271.699951171875,144.47999572753906,4024.360107421875,1109.199951171875,,,1420.774658203125,,,,,,,,,,,,,,,2397.39990234375,,,,,1485.0
1992-10-31,418.6799926757813,2658.300048828125,1489.6800537109375,1742.4000244140625,16767.400390625,,6190.7001953125,,,3336.10009765625,,,,,1911.0999755859373,1387.0,,124.0459213256836,1597.300048828125,307.5680236816406,183.67999267578125,,73.3,141.7,,2.4,138.52178,,605.1699829101562,198.9100036621093,,,,,3226.300048828125,147.6999969482422,4067.780029296875,1140.0,,,1372.0072021484375,,,,,,,,,,,,190.7700042724609,,,2521.60009765625,,,,,1425.800048828125
1992-11-30,431.3500061035156,2778.800048828125,1545.1199951171875,1771.4000244140625,17683.650390625,,5810.60009765625,,,3282.800048828125,1456.4000244140625,,,,1931.199951171875,1469.0999755859375,,126.2240753173828,1716.0,285.5888977050781,184.5500030517578,,85.3,142.1,,2.16,118.77686,,652.72998046875,213.8099975585937,,,,,3305.199951171875,155.6199951171875,4223.41015625,1128.0999755859375,762.47998046875,,1276.6317138671875,,,,,,,,,,,,193.33999633789065,,,2637.5,,,,,1448.0999755859375
1992-12-31,435.7099914550781,2846.5,1538.4300537109375,1857.800048828125,16924.94921875,,5512.39990234375,,,3350.39990234375,1564.699951171875,,,,2107.0,1524.4000244140625,,129.70912170410156,1759.4000244140625,274.3293151855469,195.9600067138672,,91.0,142.3,,2.14,106.86792,,676.9500122070312,221.009994506836,233.58999633789065,,,,3301.110107421875,160.55999755859375,4289.740234375,1127.0999755859375,747.7000122070312,,1272.0728759765625,,,,,,,,,,,,204.77999877929688,,,2862.89990234375,,,,,1549.9000244140625
1993-01-31,438.7799987792969,2807.199951171875,1574.0400390625,1772.199951171875,17023.779296875,,5751.39990234375,,,3305.5,1536.5,,,,2091.10009765625,1620.199951171875,,132.4817352294922,1653.199951171875,280.1390991210937,202.5599975585937,,89.3,142.8,,2.19,102.53033,,696.3400268554688,228.1000061035156,235.25,,,,3310.0,162.35000610351562,4336.919921875,1188.300048828125,771.4000244140625,,1354.561767578125,,,,,,,,,,,,209.83999633789065,,,2954.800048828125,,,,,1528.199951171875
1993-02-28,443.3800048828125,2868.0,1680.02001953125,1983.699951171875,16953.349609375,,6352.0,,,3451.699951171875,1620.199951171875,,,,2099.39990234375,1664.5,,138.77569580078125,1546.699951171875,300.3683166503906,194.17999267578125,,86.6,143.1,,2.11,119.96253,,670.77001953125,222.4100036621093,236.6699981689453,,,,3370.81005859375,159.77000427246094,4342.8701171875,1207.5,837.1199951171875,,1537.8245849609375,,,,,,,,,,,,199.2400054931641,,,3036.10009765625,,,,,1609.5
1993-03-31,451.6700134277344,2878.699951171875,1676.8399658203125,2031.4000244140625,18591.44921875,,6388.89990234375,,,3602.39990234375,1674.5,,,,2190.300048828125,1668.300048828125,,144.52511596679688,1771.699951171875,310.7479248046875,206.4900054931641,,85.9,143.3,,2.07,121.55786,,690.1300048828125,229.2100067138672,241.8000030517578,,,,3435.110107421875,165.00999450683594,4444.2998046875,1262.199951171875,778.6900024414062,,1470.961669921875,,,,,,,,,,,,211.3099975585937,,,3107.800048828125,,,,,1667.4000244140625
1993-04-30,440.1900024414063,2813.10009765625,1626.8299560546875,1939.0,20919.1796875,,6830.5,,,3789.39990234375,1685.199951171875,24.100000381469727,,,2129.699951171875,1783.5999755859375,,142.4967041015625,1662.800048828125,314.0877685546875,205.8099975585937,,85.6,143.8,,2.22,109.25684,,661.4199829101562,222.67999267578125,235.1300048828125,,,,3427.550048828125,160.4499969482422,4316.1201171875,1197.5,763.8499755859375,,1620.5732421875,,,,,,,,,,,,206.8999938964844,,,3132.10009765625,,,,,1681.5
1993-05-31,450.1900024414063,2840.699951171875,1627.2099609375,1888.699951171875,20552.349609375,,7372.2001953125,,,3882.60009765625,1737.4000244140625,34.900001525878906,,,2270.699951171875,1894.4000244140625,,139.89199829101562,1613.0,341.8367004394531,203.33999633789065,,80.3,144.2,,1.92,133.58967,,700.530029296875,232.19000244140625,240.8000030517578,,,,3527.429931640625,167.4199981689453,4438.5498046875,1196.9000244140625,797.5499877929688,,1601.168212890625,,,,,,,,,,,,203.2400054931641,,,3165.39990234375,,,,,1737.4000244140625
1993-06-30,450.5299987792969,2900.0,1700.9300537109375,1971.9000244140625,19590.0,,7099.2998046875,,,3966.39990234375,1734.5999755859375,53.70000076293945,,,2376.699951171875,1802.800048828125,,147.1162109375,1666.300048828125,360.33599853515625,198.22000122070312,,81.5,144.3,,1.77,126.04877,,703.9500122070312,233.3500061035156,241.77999877929688,,,,3516.080078125,168.00999450683594,4449.56982421875,1279.5,851.7000122070312,,1593.0003662109375,,,,,,,,,,,,194.0500030517578,,,3235.699951171875,,,,,1738.0999755859375
1993-07-31,448.1300048828125,2926.5,1823.0699462890625,2085.89990234375,20380.140625,,6989.0,,,3967.199951171875,1837.0999755859373,65.5999984741211,,2981.197021484375,2400.89990234375,1809.0,,153.79588317871094,1773.0,356.70611572265625,186.08999633789065,,77.0,144.5,,1.7,117.5845,,704.7000122070312,236.4600067138672,240.77999877929688,,,,3539.469970703125,167.44000244140625,4443.27978515625,1326.4000244140625,948.5900268554688,,1772.834228515625,,,,,,,,,,,,184.97000122070312,,,3306.5,,,3676.969970703125,,1844.0
1993-08-31,463.55999755859375,3100.0,1931.8800048828125,2216.5,21026.599609375,,7549.7001953125,,,4137.60009765625,1961.5999755859373,96.4000015258789,,3360.196533203125,2490.199951171875,2008.699951171875,,165.94363403320312,1902.800048828125,417.2837524414063,208.759994506836,,77.3,144.8,,1.57,106.03237,,742.8400268554688,246.1699981689453,249.1999969482422,,,,3651.25,174.0,4601.5498046875,1306.800048828125,1014.0800170898438,,1803.63623046875,,,,,,,,,,,,206.4499969482422,,,3511.89990234375,,,5350.77001953125,,1962.199951171875
1993-09-30,458.9299926757813,3037.5,1910.22998046875,2114.60009765625,20105.7109375,,7676.2001953125,,,3990.60009765625,1919.800048828125,146.60000610351562,,3177.296875,2473.10009765625,2009.0,,158.7466583251953,1834.4000244140625,419.9436340332031,229.6100006103516,,77.9,145.0,,1.51,106.27469,,762.780029296875,252.9499969482422,247.9499969482422,,,,3555.1201171875,175.60000610351562,4601.83984375,1300.0999755859375,962.8699951171876,,1998.3861083984373,,,,,,,,,,,,228.1000061035156,,,3433.199951171875,,,5363.93017578125,,1963.9000244140625
1993-10-31,467.8299865722656,3171.0,2064.97998046875,2182.0,19702.970703125,,9329.099609375,,,4255.5,2070.60009765625,184.3999938964844,,3449.5966796875,2723.199951171875,2102.5,,173.99827575683594,2016.4000244140625,466.1318664550781,237.25,,82.7,145.6,,1.44,84.48769,,779.260009765625,259.17999267578125,250.97000122070312,,,,3680.590087890625,175.91000366210938,4672.77001953125,1381.4000244140625,1086.02001953125,,2403.661865234375,,,,,,,,,,,,233.5800018310547,,,3528.10009765625,,,6464.85009765625,,2112.199951171875
1993-11-30,461.7900085449219,3166.89990234375,2052.919921875,2110.10009765625,16406.5390625,,9125.2001953125,,,4180.2001953125,1953.699951171875,274.0,,3280.0966796875,2738.5,2096.10009765625,,174.00735473632812,2212.800048828125,518.7598266601562,240.9100036621093,,81.2,146.0,,1.61,84.55661,,754.3900146484375,250.4100036621093,246.6999969482422,,,,3683.949951171875,171.69000244140625,4583.81982421875,1388.699951171875,1057.010009765625,,2368.2412109375,,,,,,,,,,,,240.63999938964844,,,3484.89990234375,,,6914.41015625,,2009.4000244140625
1993-12-31,466.4500122070313,3418.39990234375,2255.2900390625,2268.199951171875,17417.240234375,,11888.400390625,,,4321.39990234375,2113.60009765625,375.5,,3615.1962890625,2957.60009765625,2425.699951171875,,187.98838806152344,2603.0,588.7471313476562,247.6699981689453,1275.3199462890625,88.2,146.3,,1.58,77.52033,,776.7999877929688,258.5899963378906,250.7100067138672,,,,3754.090087890625,179.3800048828125,4657.830078125,1473.0999755859375,1128.780029296875,,3241.026611328125,,,,,,,,,,,,245.009994506836,,,3791.300048828125,,,8429.01953125,,2173.60009765625
1994-01-31,481.6099853515625,3491.800048828125,2192.60009765625,2334.39990234375,20229.119140625,,11487.0,,,4554.89990234375,2244.39990234375,740.5999755859375,,3980.495849609375,3178.39990234375,2339.10009765625,,199.07882690429688,2783.300048828125,591.9969482421875,254.4199981689453,1106.989990234375,94.3,146.3,,1.58,80.0098,,800.469970703125,266.5199890136719,258.0799865722656,,,,3978.360107421875,183.3099975585937,4798.06982421875,1529.4000244140625,1215.3800048828125,,2872.981201171875,,,,,,,,,,,,246.8600006103516,,,4084.300048828125,,,7222.97998046875,,2310.800048828125
1994-02-28,467.1400146484375,3328.10009765625,2103.239990234375,2238.10009765625,19997.19921875,,10410.2001953125,,,4423.7998046875,2112.0,1053.9000244140625,,3739.696044921875,2888.199951171875,2342.699951171875,,190.92889404296875,2585.39990234375,546.208740234375,222.2899932861328,1125.6300048828125,93.2,146.7,,1.48,94.5927,,792.5,265.5299987792969,250.5200042724609,,,,3832.02001953125,180.3099975585937,4678.39013671875,1515.800048828125,1158.9599609375,,2857.905029296875,,,,,,,,,,,,221.42999267578125,,,3960.0,,,6839.5498046875,,2180.10009765625
1994-03-31,445.7699890136719,3086.39990234375,2142.8798828125,2081.89990234375,19111.919921875,,9029.900390625,,,4329.60009765625,1980.0999755859373,1515.5999755859375,,3489.0966796875,2794.800048828125,2080.89990234375,,183.25997924804688,2410.39990234375,492.350830078125,208.07000732421875,952.719970703125,91.5,147.1,,1.56,87.00632,,743.4600219726562,251.0599975585937,239.19000244140625,,,,3635.9599609375,171.72000122070312,4457.68994140625,1464.5,1121.8599853515625,,2710.802978515625,,,,,,,,,,,,205.9900054931641,,,3752.89990234375,,,5620.169921875,,2053.10009765625
1994-04-30,450.9100036621094,3125.300048828125,2252.510009765625,2166.0,19725.25,,8966.099609375,,,4267.10009765625,2004.199951171875,1708.4000244140625,,3520.6962890625,2736.300048828125,2296.199951171875,,187.4393005371093,2295.5,462.3819885253906,220.52999877929688,1054.5,92.6,147.2,,1.33,100.41637,,733.8400268554688,252.5500030517578,241.759994506836,,,,3681.68994140625,172.72999572753906,4494.72021484375,1522.0,1092.31005859375,,2843.48876953125,,,,,,,,,,,,216.759994506836,,,3781.10009765625,,,5385.43017578125,,2066.10009765625
1994-05-31,456.5,2970.5,2137.340087890625,2029.9000244140625,20973.58984375,,9553.599609375,,,4326.7998046875,2021.199951171875,2467.199951171875,,3512.596435546875,2722.89990234375,2281.699951171875,,181.86231994628903,2477.699951171875,501.7704772949219,187.6100006103516,993.72998046875,92.8,147.5,,1.16,96.5273,,735.1900024414062,249.27999877929688,244.1300048828125,,,,3758.3701171875,170.72999572753906,4525.52001953125,1488.9000244140625,1042.530029296875,,3029.990966796875,,,,,,,,,,,,188.08999633789065,,,3564.300048828125,,,5368.7099609375,,2080.0
1994-06-30,444.2699890136719,2919.199951171875,2020.8499755859373,1892.0,20643.9296875,,8758.400390625,,,4025.300048828125,1931.0999755859373,3623.199951171875,,3200.69677734375,2608.800048828125,2224.89990234375,,174.0436553955078,2258.199951171875,457.2821960449219,159.39999389648438,1011.5800170898438,91.2,147.9,,1.15,92.37979,,705.9600219726562,240.2899932861328,237.1100006103516,,,,3624.9599609375,164.61000061035156,4395.22021484375,1410.5,1058.6400146484375,,2745.654052734375,,,,,,,,,,,,163.99000549316406,,,3414.10009765625,,,4395.58984375,,1989.0999755859373
1994-07-31,458.260009765625,3082.60009765625,2152.18994140625,2075.0,20449.390625,,9482.7998046875,,,4179.0,2003.5,4201.2998046875,,3364.196533203125,2579.5,2206.39990234375,,185.23846435546875,2461.0,451.0624084472656,178.83999633789062,1027.510009765625,89.0,148.4,,1.13,85.37095,,722.1599731445312,244.0599975585937,244.44000244140625,,,,3764.5,169.91000366210938,4519.7998046875,1461.0,1077.699951171875,,2802.4892578125,,,,,,,,,,,,179.36000061035156,,,3640.199951171875,,,5397.3701171875,,2061.5
1994-08-31,475.489990234375,3251.300048828125,2207.090087890625,2069.10009765625,20628.529296875,,9929.400390625,,,4349.5,2063.89990234375,5329.5,,3336.99658203125,2645.60009765625,2312.699951171875,,190.33444213867188,2710.0,510.24017333984375,184.1699981689453,1130.010009765625,91.7,149.0,,1.02,92.82606,,765.6199951171875,257.32000732421875,254.0399932861328,,,,3913.419921875,178.42999267578125,4705.9599609375,1481.5,1145.699951171875,,3112.02978515625,,,,,,,,,,,,182.25,,,3816.60009765625,,,5613.7001953125,,2122.10009765625
1994-09-30,462.7099914550781,3026.300048828125,2002.300048828125,1879.300048828125,19563.810546875,,9521.2001953125,,,4354.2001953125,1967.699951171875,5484.0,,3176.596923828125,2534.39990234375,2332.60009765625,,182.54299926757807,2746.10009765625,497.95062255859375,187.5,1129.760009765625,91.5,149.3,,1.0,90.63002,,764.2899780273438,256.1199951171875,247.4900054931641,,,,3843.18994140625,174.85000610351562,4605.81982421875,1376.0999755859375,1070.1300048828125,,2907.492431640625,,,,,,,,,,,,189.57000732421875,,,3494.800048828125,,,5975.4599609375,,2028.699951171875
1994-10-31,472.3500061035156,3097.39990234375,2061.580078125,1905.699951171875,19989.599609375,,9646.2998046875,,,4291.7001953125,1980.9000244140625,4797.89990234375,,3194.496826171875,2506.5,2379.0,,187.23963928222656,2552.10009765625,523.4696655273438,192.08999633789065,1108.8499755859375,92.7,149.4,,0.97,76.49899,,777.489990234375,255.0200042724609,251.6199951171875,,,,3908.1201171875,176.5,4674.18017578125,1375.300048828125,1040.469970703125,,3067.731201171875,,,,,,,,,,,,195.27999877929688,,,3516.89990234375,,,6031.43017578125,,2044.800048828125
1994-11-30,453.6900024414063,3081.39990234375,2057.280029296875,1975.9000244140625,19075.619140625,,8466.2998046875,,,4093.39990234375,1833.800048828125,4656.0,,3287.0966796875,2594.89990234375,2242.10009765625,,185.7784576416016,2591.300048828125,482.6112365722656,171.0,1013.1300048828124,91.6,149.8,,0.51,91.77528,,750.3200073242188,244.25,241.82000732421875,,,,3739.22998046875,168.17999267578125,4490.580078125,1409.5999755859375,1038.1800537109375,,2690.498046875,,,,,,,,,,,,172.75,,,3497.300048828125,,,5089.22998046875,,1890.699951171875
1994-12-31,459.2699890136719,3065.5,2097.510009765625,1881.199951171875,19723.060546875,,8191.0,,,4213.60009765625,1857.4000244140625,4353.89990234375,,3087.69677734375,2628.800048828125,2239.60009765625,,188.0791473388672,2373.0,469.6217346191406,173.57000732421875,971.2100219726562,95.1,150.1,,0.15,91.795,,751.9600219726562,250.3600006103516,244.63999938964844,,,,3834.43994140625,169.44000244140625,4540.6201171875,1389.5999755859375,1055.239990234375,,2785.093994140625,,,,,,,,,,,,175.47999572753906,,,3501.800048828125,,,4645.009765625,,1932.800048828125
1995-01-31,470.4200134277344,2991.60009765625,2024.8199462890625,1797.9000244140625,18649.8203125,,7342.7001953125,,,4017.5,1784.699951171875,3885.0,,3040.096923828125,2536.89990234375,2083.39990234375,,185.19308471679688,2067.60009765625,433.8131103515625,174.6699981689453,883.2899780273438,97.6,150.5,,0.34,107.95494,,755.2000122070312,246.8500061035156,250.5200042724609,,,,3843.860107421875,170.9600067138672,4631.39990234375,1353.0999755859375,993.27001953125,,2419.498046875,,,,,,,,,,,,173.6199951171875,,,3370.39990234375,,,3888.919921875,,1830.5999755859373
1995-02-28,487.3900146484375,3009.300048828125,2097.85009765625,1776.9000244140625,17053.4296875,,8327.5,,,4124.7998046875,1881.0999755859373,3270.89990234375,,3024.496826171875,2600.39990234375,2126.699951171875,,185.0342559814453,1533.199951171875,453.5623474121094,145.4499969482422,979.6400146484376,95.1,150.9,,0.43,86.32307,,793.72998046875,256.57000732421875,260.0799865722656,,,,4011.050048828125,179.5500030517578,4803.89990234375,1325.699951171875,1017.4000244140624,,2509.3447265625,,,,,,,,,,,,145.72999572753906,,,3384.10009765625,,,4460.85009765625,,1920.0
1995-03-31,500.7099914550781,3137.89990234375,1914.68994140625,1859.5,16139.9501953125,,8587.7001953125,,,4313.60009765625,1867.0999755859373,2979.0,,2931.697021484375,2508.89990234375,2093.10009765625,,178.5179443359375,1826.4000244140625,428.6233215332031,166.10000610351562,983.0999755859376,90.3,151.2,,0.4,78.09662,,817.2100219726562,260.7699890136719,266.1099853515625,,,,4157.68994140625,182.3699951171875,4920.419921875,1300.4000244140625,937.9000244140624,,2391.635009765625,,,,,,,,,,,,167.83999633789062,,,3434.699951171875,,,4455.72021484375,,1905.5999755859373
1995-04-30,514.7100219726562,3216.699951171875,2017.949951171875,1918.5,16806.75,,8361.0,,,4279.5,2006.5,3813.699951171875,,3091.896728515625,2597.199951171875,2071.300048828125,,189.1772918701172,1969.5,416.4338073730469,172.55999755859375,951.7999877929688,92.5,151.8,,0.47,65.99178,,843.97998046875,266.1700134277344,272.8099975585937,,,,4321.27001953125,185.82000732421875,5035.89013671875,1424.300048828125,955.9500122070312,,2465.575927734375,,,,,,,,,,,,175.36000061035156,,,3530.199951171875,,,4029.300048828125,,2050.199951171875
1995-05-31,533.4000244140625,3319.39990234375,2099.949951171875,1948.0,15436.7900390625,,9407.400390625,,,4448.60009765625,1981.4000244140625,3720.60009765625,,3226.496826171875,2786.39990234375,2178.39990234375,,195.81613159179688,1934.5,475.2615051269531,180.5599975585937,1050.0,89.8,152.1,,0.41,74.70236,,864.5800170898438,270.25,282.4800109863281,,,,4465.14013671875,189.8999938964844,5192.7998046875,1454.300048828125,1034.8900146484375,,2771.657470703125,,,,,,,,,,,,183.22000122070312,,,3653.800048828125,,,4688.990234375,,2019.5
1995-06-30,544.75,3314.60009765625,2089.0400390625,1858.800048828125,14517.400390625,,9206.5,,,4527.2001953125,1981.0,3603.39990234375,,3219.096923828125,2825.300048828125,2093.199951171875,,196.2063751220703,2195.89990234375,492.2608337402344,187.3300018310547,1026.6199951171875,92.7,152.4,,0.42,79.67356,,933.4500122070312,283.6300048828125,289.2900085449219,,,,4556.10009765625,197.3699951171875,5348.77001953125,1431.9000244140625,1029.699951171875,,2765.73876953125,,,,,,,,,,,,188.94000244140625,,,3592.60009765625,,,4474.66015625,,2017.0
1995-07-31,562.0599975585938,3463.300048828125,2222.510009765625,1920.0,16677.529296875,,9453.400390625,,,4615.10009765625,2083.300048828125,3877.5,,3373.396484375,2826.800048828125,2156.39990234375,,207.8912811279297,2369.10009765625,512.0400390625,190.32000732421875,1060.2099609375,94.4,152.6,,0.57,83.03811,,1001.2100219726562,299.7200012207031,299.9800109863281,,,,4708.47021484375,207.4199981689453,5561.85986328125,1473.199951171875,1034.199951171875,,2895.265625,,,,,,,,,,,,193.13999938964844,,,3826.0,,,4635.06005859375,,2116.10009765625
1995-08-31,561.8800048828125,3477.800048828125,2234.22998046875,1883.4000244140625,18117.220703125,,9179.900390625,,,4516.7001953125,2094.300048828125,4310.5,,3432.796630859375,2908.800048828125,2146.60009765625,,207.9502716064453,2505.199951171875,500.7304992675781,203.6000061035156,1015.0700073242188,96.2,152.9,,0.43,66.76376,,1020.1099853515624,305.3099975585937,301.3999938964844,,,,4610.56005859375,210.8699951171875,5602.27978515625,1464.800048828125,1012.530029296875,,2758.24072265625,,,,,,,,,,,,207.2400054931641,,,3913.39990234375,,,4028.31005859375,,2133.0
1995-09-30,584.4099731445312,3508.199951171875,2201.27001953125,1788.4000244140625,17913.060546875,,9646.2998046875,,,4529.7998046875,2091.300048828125,4670.10009765625,,3376.796630859375,3014.800048828125,2120.0,,211.5805206298828,2392.300048828125,493.2207946777344,201.8800048828125,1000.5999755859376,88.9,153.1,,0.34,75.22518,,1043.5400390625,310.3800048828125,313.2799987792969,,,,4789.080078125,215.6999969482422,5806.6298828125,1461.699951171875,977.5900268554688,,2628.573974609375,,,,,,,,,,,,205.67999267578125,,,3948.800048828125,,,3895.68994140625,,2136.0
1995-10-31,581.5,3529.10009765625,2165.760009765625,1814.0,17654.640625,,9782.400390625,,,4459.2001953125,2029.699951171875,4128.39990234375,,3277.296630859375,3108.199951171875,2107.39990234375,,205.81748962402344,2308.10009765625,488.4309997558594,194.0399932861328,957.6099853515624,90.2,153.5,,0.42,80.62605,,1036.06005859375,296.25,311.3699951171875,,,,4755.47998046875,209.8999938964844,5740.8701171875,1427.199951171875,924.97998046875,,2460.097412109375,,,,,,,,,,,,198.9600067138672,,,3894.300048828125,,,3715.919921875,,2073.699951171875
1995-11-30,605.3699951171875,3664.300048828125,2254.949951171875,1828.300048828125,18744.419921875,,9813.2998046875,,,4661.2001953125,2113.199951171875,4378.60009765625,,3510.096435546875,3251.60009765625,2128.10009765625,,216.9578399658203,2689.0,481.7112731933594,194.7100067138672,951.6900024414062,88.2,153.7,,0.4,90.53283,,1059.199951171875,308.5799865722656,324.3599853515625,,,,5074.490234375,218.69000244140625,5969.990234375,1490.300048828125,940.1699829101562,,2441.531982421875,,,,,,,,,,,,201.67999267578125,,,3959.10009765625,,,3401.010009765625,,2158.800048828125
1995-12-31,615.9299926757812,3689.300048828125,2260.68994140625,1872.0,19868.150390625,,10073.400390625,,,4713.5,2154.89990234375,4299.0,,3630.79638671875,3297.699951171875,2266.5,,220.24322509765625,2778.5,513.8299560546875,208.22999572753903,995.1699829101562,91.0,153.9,,0.4,84.34724,,1052.1300048828125,315.9700012207031,328.8900146484375,,,,5117.1201171875,217.83999633789065,6057.2001953125,1559.5999755859375,959.7899780273438,,2593.512939453125,,,,,,,,,,,,215.259994506836,,,4021.300048828125,,,3287.679931640625,,2203.0
1996-01-31,636.02001953125,3759.300048828125,2463.0,2021.0,20812.740234375,,11359.7001953125,,,4968.39990234375,2227.800048828125,5151.5,,3734.496337890625,3248.699951171875,2449.199951171875,,228.4249267578125,3034.699951171875,578.5374755859375,209.8800048828125,1055.4200439453125,89.3,154.7,,0.67,90.66317,,1059.7900390625,315.3800048828125,338.9700012207031,,,,5395.2998046875,220.759994506836,6211.81982421875,1690.199951171875,1086.5699462890625,,2885.01806640625,,,,,,,,,,,,219.17999267578125,,,4125.0,,,3795.60009765625,,2288.5
1996-02-29,640.4299926757812,3727.60009765625,2485.179931640625,1990.800048828125,20125.369140625,,11125.7001953125,,,4933.7001953125,2228.199951171875,4957.7001953125,,3915.49609375,3354.800048828125,2438.5,,232.89013671875,2832.5,585.1861572265625,211.02999877929688,1084.4100341796875,88.5,155.0,,0.69,75.83463,,1100.050048828125,324.92999267578125,342.5599975585937,,,,5485.6201171875,227.8699951171875,6307.25,1689.9000244140625,1066.989990234375,,2881.859130859375,,,,,,,,,,,,219.6300048828125,,,4215.0,2622.889892578125,,3955.530029296875,,2290.0
1996-03-31,645.5,3699.699951171875,2489.35009765625,2044.800048828125,21406.849609375,,10957.2001953125,,,4970.7998046875,2164.0,4954.89990234375,,3857.09619140625,3646.5,2387.300048828125,,241.2533416748047,3072.39990234375,585.6821899414062,195.259994506836,1149.0799560546875,93.7,155.5,,0.55,72.65243,,1101.4000244140625,330.7699890136719,345.010009765625,,,,5587.14013671875,230.3000030517578,6365.89013671875,1639.4000244140625,1050.81005859375,,2900.00439453125,,,,,,,,,,,,205.1000061035156,,,4326.7001953125,2605.320068359375,,3684.909912109375,,2225.60009765625
1996-04-30,654.1699829101562,3817.89990234375,2492.6298828125,2146.800048828125,22041.30078125,,10964.5,,,5146.5,2248.699951171875,5164.10009765625,,4082.895751953125,3651.0,2415.699951171875,,251.6676483154297,3187.199951171875,623.8847045898438,204.0200042724609,1189.5400390625,92.7,156.1,,0.63,69.19065,,1190.52001953125,348.2799987792969,349.8399963378906,,,,5569.080078125,237.07000732421875,6514.7900390625,1721.0,1118.5799560546875,,2937.224609375,,,,,,,,,,,,214.8699951171875,,,4551.7998046875,2547.429931640625,,3585.469970703125,,2316.800048828125
1996-05-31,669.1199951171875,3747.800048828125,2523.81005859375,2110.10009765625,21956.189453125,,11264.7001953125,,,5246.39990234375,2198.0,5728.0,,4111.69580078125,3556.10009765625,2332.89990234375,,258.6967468261719,3205.5,617.4420166015625,201.3800048828125,1141.0699462890625,89.4,156.4,,0.58,69.42779,,1243.4300537109375,361.8500061035156,357.3500061035156,,,,5643.18017578125,239.88999938964844,6677.35009765625,1753.4000244140625,1138.8599853515625,,3249.424560546875,,,,,,,,,,,,214.1199951171875,,,4510.0,2677.02001953125,,3665.330078125,,2266.10009765625
1996-06-30,670.6300048828125,3711.0,2570.43994140625,2123.699951171875,22530.75,,11020.900390625,,,5044.10009765625,2171.800048828125,6043.89990234375,,4264.095703125,3732.89990234375,2296.199951171875,,254.267822265625,3210.800048828125,594.23583984375,195.8800048828125,1136.31005859375,92.4,156.7,,0.62,81.17971,,1185.02001953125,346.6099853515625,357.1000061035156,,,,5654.6298828125,236.0,6612.77001953125,1742.9000244140625,1090.6099853515625,,3274.41796875,,,,,,,,,,,,208.0,,,4353.2001953125,2876.1298828125,,3476.52001953125,,2242.10009765625
1996-07-31,639.9500122070312,3703.199951171875,2491.5,1995.9000244140625,20692.830078125,,10681.400390625,,,4929.2001953125,2114.10009765625,6123.2998046875,,3979.395751953125,3494.39990234375,2111.800048828125,,243.1047821044922,3007.199951171875,536.0081176757812,177.25999450683594,1068.22998046875,94.7,157.0,,0.58,73.61083,,1080.5899658203125,316.0,339.44000244140625,,,,5528.91015625,219.8000030517578,6247.02978515625,1696.9000244140625,1028.699951171875,,3027.5615234375,,,,,,,,,,,,187.6699981689453,,,4230.60009765625,2748.77001953125,,3288.199951171875,,2180.300048828125
1996-08-31,651.989990234375,3867.60009765625,2534.489990234375,1970.5999755859373,20166.900390625,,11159.0,,,5143.39990234375,2196.10009765625,6259.39990234375,,4025.495849609375,3646.300048828125,2153.5,,250.0294952392578,3305.5,547.588623046875,181.19000244140625,1118.5699462890625,95.3,157.2,,0.62,83.65826,,1141.5,333.8800048828125,347.7900085449219,,,,5616.2099609375,232.1300048828125,6434.02001953125,1714.300048828125,1039.9300537109375,,3219.882080078125,,,,,,,,,,,,192.3099975585937,,,4416.2001953125,2804.75,,3516.72998046875,,2268.699951171875
1996-09-30,687.3300170898438,3953.699951171875,2655.489990234375,2132.800048828125,21556.400390625,,11902.400390625,,,5291.10009765625,2218.60009765625,6446.89990234375,,4215.595703125,3736.39990234375,2177.199951171875,,261.814208984375,3236.300048828125,573.9166870117188,186.72000122070312,1135.27001953125,94.7,157.7,,0.62,77.97562,,1226.9200439453125,346.3900146484375,366.7699890136719,,,,5882.169921875,241.92999267578125,6765.64990234375,1771.199951171875,1054.18994140625,,3168.965087890625,,,,,,,,,,,,195.8999938964844,,,4391.10009765625,2921.219970703125,,3480.8701171875,,2290.39990234375
1996-10-31,705.27001953125,3979.10009765625,2671.39990234375,2140.5,20466.859375,,12477.599609375,,,5598.7998046875,2286.199951171875,6533.2001953125,,4306.69580078125,3725.300048828125,2083.199951171875,,261.8414611816406,3213.300048828125,568.0068969726562,187.02999877929688,1168.31005859375,96.5,158.2,,0.6,64.19595,,1221.510009765625,340.57000732421875,374.3800048828125,,,,6029.3798828125,242.33999633789065,6851.330078125,1795.0,1067.0699462890625,,2963.238037109375,571.0,,,,,,,,,,,197.13999938964844,,,4422.5,2902.72998046875,,3439.8701171875,,2350.199951171875
1996-11-30,757.02001953125,4058.0,2848.840087890625,2315.699951171875,21020.359375,,13393.900390625,,,6016.7001953125,2325.89990234375,6666.10009765625,,4667.794921875,3902.5,2188.10009765625,,286.36383056640625,3277.39990234375,612.9890747070312,198.9199981689453,1226.52001953125,99.2,158.7,,0.47,74.20867,,1292.6099853515625,354.1099853515625,401.0499877929688,,,,6521.7001953125,255.6100006103516,7292.16015625,1887.199951171875,1118.2900390625,,3089.365478515625,617.0,,,,,,,,,,,208.9499969482422,,,4428.5,2896.72998046875,,3527.550048828125,,2388.60009765625
1996-12-31,740.739990234375,4118.5,2880.070068359375,2315.699951171875,19361.349609375,,13451.5,651.219970703125,,5927.0,2367.800048828125,7039.89990234375,,5154.79443359375,3942.199951171875,2216.800048828125,,294.1598205566406,3361.0,637.4072265625,211.0399932861328,1237.9599609375,96.9,159.1,,0.55,69.97417,,1291.030029296875,362.6099853515625,393.75,,,,6448.27001953125,255.5800018310547,7198.2900390625,1895.5,1140.18994140625,831.5700073242188,3169.744873046875,649.0,,,,,,,,,,,219.1100006103516,,,4490.39990234375,2961.659912109375,,4257.89013671875,,2424.60009765625
1997-01-31,786.1599731445312,4275.7998046875,3037.699951171875,2516.60009765625,18330.009765625,,13321.7998046875,685.8400268554688,,6109.60009765625,2370.699951171875,7964.7001953125,,5327.39453125,4272.2001953125,2216.5,,306.6116027832031,3647.10009765625,691.089111328125,242.33999633789065,1216.719970703125,97.4,159.4,,0.59,74.96831,,1379.8499755859375,369.4500122070313,416.7699890136719,,,,6813.08984375,264.8900146484375,7575.7900390625,2051.5,1174.6199951171875,788.0399780273438,3421.0302734375,693.0,,,,,,,,,,,250.22000122070312,,,4595.39990234375,3181.669921875,,4221.7998046875,,2423.699951171875
1997-02-28,790.8200073242188,4308.2998046875,3261.0400390625,2607.800048828125,18557.0,,13398.7001953125,676.530029296875,,6157.7998046875,2386.0,8828.7001953125,,5305.39453125,4487.60009765625,2195.699951171875,,334.6462707519531,3841.0,705.3465576171875,253.13999938964844,1270.6700439453125,99.7,159.7,,0.47,87.69729,,1309.0,360.04998779296875,417.4599914550781,,,,6877.740234375,262.3599853515625,7559.419921875,2142.39990234375,1223.969970703125,727.5599975585938,3314.427734375,718.0,,,,,,,,,148.17999267578125,,261.3599853515625,,,4654.39990234375,3366.219970703125,,4486.16015625,,2449.89990234375
1997-03-31,757.1199951171875,4312.89990234375,3407.830078125,2656.699951171875,18003.400390625,,12534.2998046875,677.3400268554688,,5850.2001953125,2360.5,9044.0,,5424.29443359375,4659.2001953125,2073.0,,336.2481384277344,3748.0,662.2102661132812,245.63999938964844,1203.0999755859375,100.0,159.8,,0.47,75.01231,,1221.699951171875,342.5599975585937,398.1900024414063,,,,6583.47998046875,250.83999633789065,7213.52978515625,2146.39990234375,1215.239990234375,705.4299926757812,3222.1513671875,706.0,,,,,,,,,137.41000366210938,,253.97999572753903,,,4576.2001953125,3546.090087890625,,4193.10009765625,,2422.300048828125
1997-04-30,801.3400268554688,4436.0,3438.090087890625,2639.5,19151.119140625,,12903.2998046875,703.22998046875,,5976.60009765625,2424.10009765625,9982.0,,5909.2939453125,4897.60009765625,2004.300048828125,,346.3901672363281,3756.60009765625,652.0236206054688,255.1100006103516,1080.1700439453125,101.4,159.9,,0.43,75.45429,,1260.760009765625,343.0,419.1499938964844,,,,7009.0,257.07000732421875,7519.2900390625,2245.5,1194.22998046875,661.2899780273438,2647.4892578125,723.0,,,,,,,,,134.25999450683594,,265.6700134277344,,,4498.7001953125,3560.860107421875,,4635.240234375,,2488.0
1997-05-31,848.280029296875,4621.2998046875,3562.72998046875,2583.89990234375,20068.810546875,,14757.7998046875,746.3599853515625,,6382.10009765625,2544.89990234375,11345.0,,6300.79345703125,5041.60009765625,2065.5,,358.9281616210937,3968.800048828125,696.0009765625,274.3900146484375,1104.8299560546875,103.2,159.9,,0.45,73.45813,,1400.3199462890625,380.760009765625,445.05999755859375,,,,7331.0,279.1600036621094,8038.5,2247.800048828125,1280.02001953125,566.3900146484375,2808.727783203125,778.0,,,,,,,,,143.9499969482422,,282.7799987792969,,,4495.7998046875,3768.7099609375,,4712.43994140625,,2610.5
1997-06-30,885.1400146484375,4604.60009765625,3766.889892578125,2858.300048828125,20604.9609375,,15196.7998046875,745.4000244140625,,6437.7001953125,2664.699951171875,12568.0,,6884.59326171875,5620.60009765625,1988.0,,390.95611572265625,4458.0,724.52783203125,284.9800109863281,1077.300048828125,104.5,160.2,,0.43,78.48298,,1442.0699462890625,396.3699951171875,462.9500122070313,,,,7672.7998046875,286.6499938964844,8396.8701171875,2380.699951171875,1309.699951171875,527.280029296875,2808.48779296875,809.0,,,,,,,,,147.67999267578125,,292.0899963378906,,,4431.2998046875,3934.18994140625,,4411.52001953125,,2725.89990234375
1997-07-31,954.3099975585938,4907.5,4405.52001953125,3075.699951171875,20331.4296875,1189.760009765625,16365.7001953125,726.1199951171875,,6877.7001953125,2673.699951171875,12872.0,,6810.89306640625,5898.2001953125,1967.0999755859373,10066.302734375,446.21771240234375,5067.7998046875,721.241943359375,306.1400146484375,1012.8400268554688,107.1,160.4,,0.28,73.89487,,1593.81005859375,414.4800109863281,499.8900146484375,,3687.0,1598.3399658203125,8222.599609375,314.6700134277344,9031.4296875,2579.300048828125,1480.489990234375,665.6199951171875,2615.727294921875,850.0,,,,,,,,,144.61000061035156,,314.3699951171875,19.529897689819336,,4492.0,4125.0400390625,7880.16015625,5460.89013671875,1989.510009765625,2735.10009765625
1997-08-31,899.469970703125,4817.5,3919.7900390625,2770.5,18229.419921875,1221.06396484375,14135.2001953125,704.27001953125,,6611.7998046875,2526.800048828125,10609.0,,6532.29296875,5216.7001953125,1805.5999755859373,9827.4453125,394.0146179199219,4648.39990234375,493.9427795410156,287.5199890136719,804.4000244140625,104.4,160.8,,0.37,63.80988,,1587.3199462890625,423.4299926757813,475.3299865722656,,3571.64990234375,1517.6199951171875,7622.39990234375,313.9700012207031,8679.98046875,2318.800048828125,1335.9000244140625,502.2300109863281,2021.0003662109373,833.0,,,,,,,4398.6806640625,,97.58999633789062,,295.04998779296875,19.799894332885746,,4603.39990234375,3856.469970703125,7234.4501953125,6349.68017578125,1762.2900390625,2593.0
1997-09-30,947.280029296875,5244.2001953125,4154.89013671875,3008.300048828125,17887.7109375,1097.383056640625,15049.2998046875,647.1099853515625,,7040.2001953125,2703.10009765625,11797.0,,7269.69287109375,5673.60009765625,1954.699951171875,8708.7900390625,417.4797058105469,5321.5,546.666748046875,295.5899963378906,814.5700073242188,106.0,161.2,,0.32,61.15956,,1685.68994140625,453.8200073242188,500.7799987792969,,3805.3701171875,1771.3699951171875,7945.2998046875,331.6600036621094,9180.2099609375,2437.60009765625,1423.77001953125,544.5399780273438,2056.861083984375,823.0,,,,,,,3916.916015625,,113.08999633789062,,303.1099853515625,25.92986297607422,,4829.89990234375,3883.56005859375,7692.8798828125,5248.68017578125,1849.699951171875,2766.89990234375
1997-10-31,914.6199951171876,4842.2998046875,3753.659912109375,2739.300048828125,16458.939453125,1180.3929443359375,10623.7998046875,470.7900085449219,,6842.39990234375,2415.0,8986.0,,6380.3935546875,5467.2001953125,1586.0999755859375,7313.3662109375,390.0576171875,4647.7998046875,500.3985290527344,279.0199890136719,664.6900024414062,105.6,161.5,,0.21,83.65215,,1593.6099853515625,433.260009765625,483.8599853515625,,3673.610107421875,1483.530029296875,7442.10009765625,316.8900146484375,8865.25,2336.800048828125,1307.02001953125,447.2099914550781,1817.62255859375,660.0,,,,,,,4523.26953125,,106.19000244140624,,288.0299987792969,28.459848403930664,,4643.2001953125,3699.260009765625,7134.81982421875,4191.27001953125,1875.010009765625,2464.800048828125
1997-11-30,955.4000244140624,4831.7998046875,3972.080078125,2854.39990234375,16636.259765625,1139.6280517578125,10526.900390625,411.9100036621094,,6512.7998046875,2424.10009765625,9395.0,,6932.09326171875,5775.89990234375,1660.5999755859375,7797.154296875,400.1089172363281,4974.60009765625,401.6923522949219,285.82000732421875,545.4400024414062,107.2,161.7,,0.1,78.39389,,1600.550048828125,429.9200134277344,504.25,,3761.52001953125,1474.02001953125,7823.10009765625,321.25,9142.4296875,2392.800048828125,1236.72998046875,395.4700012207031,1771.484375,656.0,,,,,,,4268.4423828125,,82.83999633789062,,296.29998779296875,28.78984832763672,,4656.7001953125,3683.0,6652.83984375,3319.550048828125,1782.9200439453125,2465.10009765625
1997-12-31,970.4299926757812,5135.5,4224.2998046875,2998.89990234375,15258.740234375,1194.10205078125,10722.7998046875,375.1499938964844,,6699.39990234375,2567.39990234375,10197.0,,7255.392578125,6265.5,1529.800048828125,8187.232421875,414.6072387695313,5229.39990234375,401.69635009765625,290.9599914550781,594.4400024414062,102.1,161.8,,0.09,88.74448,24402.0,1570.3499755859375,437.0199890136719,513.7899780273438,,4053.800048828125,1479.6300048828125,7908.2998046875,333.3699951171875,9298.1904296875,2418.39990234375,1294.93994140625,372.6900024414063,1868.7493896484373,688.0,,,,,,,4184.79296875,,83.58999633789062,,303.8099975585937,34.50981521606445,,4787.60009765625,3684.179931640625,7997.10009765625,3139.47998046875,1753.8199462890625,2616.5
1998-01-31,980.280029296875,5458.5,4442.52978515625,3172.10009765625,16628.470703125,1222.9129638671875,9252.400390625,558.3300170898438,,6700.2001953125,2600.800048828125,9720.0,,7958.99169921875,6582.60009765625,1259.9000244140625,8085.4326171875,434.1017456054688,4569.39990234375,485.9190673828125,267.0599975585937,569.510009765625,106.6,162.0,,0.21,91.04062,27549.0,1619.3599853515625,430.0499877929688,517.02001953125,,4375.3701171875,1395.4000244140625,7906.5,326.70001220703125,9340.7998046875,2579.699951171875,1343.68994140625,495.2300109863281,1947.50927734375,612.0,,,,,,,4165.23291015625,,112.66000366210938,,278.17999267578125,35.4718132019043,,4861.5,3857.580078125,7421.64990234375,2107.340087890625,1609.1600341796875,2656.699951171875
1998-02-28,1049.3399658203125,5767.2998046875,4693.85986328125,3421.89990234375,16831.669921875,1206.530029296875,11480.7001953125,548.4199829101562,,7092.5,2626.89990234375,10571.0,,8900.0908203125,7153.10009765625,1615.4000244140625,9202.517578125,485.69677734375,4784.5,482.3592224121094,282.25,745.3599853515625,110.4,162.0,,0.07,88.81944,28543.0,1770.510009765625,461.8299865722656,553.1400146484375,,4997.81982421875,1419.219970703125,8545.7197265625,353.3900146484375,10006.4404296875,2715.199951171875,1402.9200439453125,528.4199829101562,2265.717529296875,687.0,,,,,,,4081.64404296875,,104.9000015258789,,292.3500061035156,32.721824645996094,,5201.0,4071.320068359375,8256.9296875,3123.360107421875,1681.8299560546875,2697.39990234375
1998-03-31,1101.75,5932.2001953125,5097.25,3875.300048828125,16527.169921875,1243.0159912109375,11518.7001953125,481.0400085449219,,7558.5,2686.0,11947.0,,10209.0888671875,7585.5,1629.199951171875,9091.1181640625,511.1539611816406,5016.2001953125,541.4039306640625,302.7900085449219,719.52001953125,106.5,162.0,,0.07,78.38832,34545.0,1835.6800537109373,480.6799926757813,580.3099975585938,,5267.3798828125,2005.8199462890625,8799.8095703125,369.0,10494.7197265625,2985.5,1496.199951171875,459.1099853515625,2237.844482421875,710.0,,,,,,,4063.24462890625,,120.75,,316.6499938964844,32.59082794189453,,5525.39990234375,4384.5400390625,8656.240234375,3089.969970703125,1553.06005859375,2744.199951171875
1998-04-30,1111.75,5928.39990234375,5241.22998046875,3880.919921875,15641.259765625,1343.447998046875,10383.6796875,421.2200012207031,,7665.0,2709.0,11677.0,,10025.58984375,7401.39990234375,1493.4000244140625,8304.169921875,511.6939697265625,5098.52978515625,460.1170959472656,307.3800048828125,625.969970703125,108.7,162.2,,0.09,73.20014,32764.0,1868.4100341796875,482.8900146484375,585.4600219726562,,5329.47021484375,2621.43994140625,9063.3701171875,375.3900146484375,10609.6103515625,3079.340087890625,1551.4100341796875,412.1300048828125,2180.75927734375,699.0,,,,,,,4180.9033203125,,98.51000213623048,,323.8699951171875,41.94477844238281,,5610.7998046875,4492.8798828125,8552.169921875,2708.969970703125,1562.219970703125,2762.10009765625
1998-05-31,1090.8199462890625,5870.7001953125,5556.990234375,4041.159912109375,15670.7802734375,1411.208984375,8934.5595703125,336.6300048828125,,7589.7998046875,2655.300048828125,9847.0,,10005.6904296875,7656.10009765625,1254.9300537109375,7903.302734375,543.8580322265625,4530.009765625,420.4486389160156,326.82000732421875,538.239990234375,106.5,162.6,,0.03,75.8551,34396.0,1778.8699951171875,456.6199951171875,572.1599731445312,,5078.27978515625,2591.030029296875,8899.9501953125,358.1499938964844,10314.1796875,3250.719970703125,1585.9100341796875,325.5899963378906,2010.932861328125,602.0,,,,,,,4185.02294921875,,91.98999786376952,,341.82000732421875,37.27780151367188,,5901.39990234375,4671.27978515625,7057.1298828125,2268.1298828125,1040.18994140625,2715.699951171875
1998-06-30,1133.8399658203125,5832.60009765625,5841.830078125,4203.4501953125,15830.26953125,1339.2020263671875,8543.099609375,297.8800048828125,,7366.89990234375,2620.10009765625,9678.0,,10146.3896484375,7882.0,1066.6600341796875,7548.77490234375,544.6748657226562,4282.6201171875,445.9026489257813,319.0400085449219,455.6400146484375,105.6,162.8,,-0.05,76.28635,33354.0,1894.739990234375,457.3900146484375,592.5700073242188,,5170.2998046875,2365.449951171875,8952.01953125,360.0799865722656,10663.6103515625,3440.5400390625,1490.3499755859375,267.3299865722656,1759.677490234375,550.0,,,,,,,3737.09814453125,,101.58999633789062,,332.5899963378906,40.99978256225586,,5503.7998046875,4614.83984375,7805.72021484375,1873.280029296875,879.6099853515625,2668.39990234375
1998-07-31,1120.6700439453125,5837.10009765625,5861.18994140625,4177.31005859375,16378.9697265625,1316.9189453125,7936.2001953125,343.3299865722656,,6931.39990234375,2661.300048828125,10707.0,,10493.689453125,8239.5,1064.199951171875,7653.474609375,557.84814453125,4244.9599609375,481.6982727050781,318.6300048828125,402.6499938964844,105.2,163.2,,0.01,88.17701,36636.0,1872.3900146484373,419.75,584.969970703125,,5116.6201171875,2797.409912109375,8883.2900390625,345.760009765625,10420.259765625,3499.85009765625,1463.4599609375,266.7200012207031,1607.1966552734375,589.0,,,,,,,3743.968017578125,,109.91999816894533,,332.239990234375,43.22277069091797,,5482.7001953125,4640.2998046875,8215.259765625,1523.25,920.47998046875,2704.60009765625
1998-08-31,957.280029296875,5249.39990234375,4811.27978515625,3765.22998046875,14107.8896484375,1150.2230224609375,7275.0400390625,310.1600036621094,,5530.7001953125,2430.10009765625,6472.0,,8264.69140625,6679.39990234375,856.4299926757812,6550.07958984375,493.0934448242188,2991.929931640625,342.42266845703125,293.6099853515625,302.9100036621094,104.4,163.4,,0.14,101.40807,31534.0,1499.25,337.95001220703125,496.6600036621094,,4275.93017578125,2175.530029296875,7539.06982421875,281.1000061035156,8785.7099609375,3172.489990234375,1207.219970703125,214.52999877929688,1191.9434814453125,359.0,,,,,,,3255.463623046875,,73.30000305175781,,300.6600036621094,26.350860595703125,,4786.2001953125,4021.050048828125,5252.47021484375,1043.550048828125,970.780029296875,2480.699951171875
1998-09-30,1017.010009765625,5064.39990234375,4430.91015625,3197.949951171875,13406.3896484375,1242.89599609375,7883.4599609375,310.32000732421875,,5614.10009765625,2511.300048828125,6593.0,,7676.4921875,5760.39990234375,939.6500244140624,6833.91845703125,423.9007263183594,3569.8798828125,276.13922119140625,280.7699890136719,373.5199890136719,100.9,163.5,,0.14,123.96147,27879.0,1693.8399658203125,363.5899963378906,529.1099853515625,,4278.14013671875,2120.89990234375,7842.6201171875,307.0299987792969,9346.8095703125,2959.199951171875,1047.239990234375,253.82000732421875,1259.316162109375,380.0,,,,,,,3283.333251953125,,54.38999938964844,,285.1600036621094,22.65888023376465,,4544.2001953125,3701.949951171875,4571.1298828125,1611.219970703125,1111.4599609375,2587.0
1998-10-31,1098.6700439453125,5438.39990234375,4690.990234375,3522.929931640625,13564.509765625,1217.3160400390625,10154.9404296875,384.75,,6208.2998046875,2563.0,7047.0,,8799.9912109375,6550.60009765625,1204.6199951171875,7101.427734375,450.6784057617188,4074.860107421875,300.75830078125,280.29998779296875,405.3299865722656,97.4,163.9,,0.52,109.88134,29670.0,1771.3900146484375,378.1600036621094,570.6300048828125,,4391.9501953125,2162.929931640625,8592.099609375,334.04998779296875,10032.1904296875,3156.090087890625,1149.510009765625,331.2900085449219,1754.5888671875,458.0,,,,,,,3112.505126953125,,61.380001068115234,,286.5899963378906,21.96388435363769,,4811.39990234375,3825.39990234375,5312.0498046875,1829.3800048828125,841.7000122070312,2647.300048828125
1998-11-30,1163.6300048828125,5743.89990234375,5026.14013671875,3843.3798828125,14883.7001953125,1247.4169921875,10402.3203125,451.8800048828125,,6343.89990234375,2685.60009765625,8631.0,,9645.490234375,7083.10009765625,1416.550048828125,7177.18701171875,499.4373168945313,3769.8798828125,386.2559814453125,296.45001220703125,501.4700012207031,102.7,164.1,,0.2,92.94632,33257.0,1949.5400390625,397.75,605.3099975585938,,4726.81982421875,2511.820068359375,9116.5498046875,350.3500061035156,10650.2001953125,3276.260009765625,1132.3699951171875,362.8200073242188,1974.8521728515625,489.0,,,,,,,3201.26416015625,,85.83999633789062,,305.0,25.77486228942871,,4901.7001953125,3974.39990234375,5976.31982421875,1876.3199462890625,1050.969970703125,2773.300048828125
1998-12-31,1229.22998046875,5882.60009765625,5006.56982421875,3942.659912109375,13842.169921875,1146.699951171875,10048.580078125,562.4600219726562,,6485.89990234375,2717.60009765625,6784.0,,9836.58984375,7160.7001953125,1392.72998046875,6418.400390625,538.3582153320312,3959.659912109375,398.02252197265625,299.8900146484375,586.1300048828125,100.5,164.4,,0.11,91.40618,35426.0,2192.68994140625,421.9599914550781,642.8699951171875,,4995.81982421875,2737.550048828125,9181.4296875,392.30999755859375,11317.58984375,3514.510009765625,1120.77001953125,355.8099975585937,1968.27392578125,430.0,,,,,,,2949.286865234375,,89.44000244140625,,308.260009765625,25.97886276245117,,4854.7001953125,3905.449951171875,6307.669921875,1729.469970703125,945.239990234375,2813.39990234375
1999-01-31,1279.6400146484375,5896.0,5180.2900390625,4251.7998046875,14499.25,1134.6729736328125,9506.900390625,571.4299926757812,,6729.60009765625,2781.699951171875,8172.0,,9878.7900390625,7201.2001953125,1428.1400146484375,5983.97265625,532.0900268554688,3957.929931640625,411.9159851074219,294.5799865722656,591.4299926757812,103.9,164.7,,0.08,98.64504,35687.0,2505.889892578125,427.2200012207031,665.6400146484375,,5166.22021484375,3149.5,9358.830078125,376.7000122070313,11724.830078125,3411.590087890625,1073.6700439453125,363.0,1953.647705078125,372.0,,,,,,,2920.357177734375,,93.72000122070312,,301.8999938964844,25.68186378479004,,5024.2001953125,3750.56005859375,6507.14013671875,1388.199951171875,900.5800170898438,2893.800048828125
1999-02-28,1238.3299560546875,6175.10009765625,4903.9599609375,4092.93994140625,14367.5400390625,1090.0870361328125,9858.490234375,520.0599975585938,,6312.7001953125,2768.39990234375,8911.0,,9997.2900390625,7063.7998046875,1411.9100341796875,6318.49072265625,536.1199951171875,4260.7998046875,396.0735473632813,310.1499938964844,542.22998046875,108.1,164.7,,0.16,82.38359,36339.0,2288.030029296875,392.260009765625,643.6699829101562,,5335.85009765625,3377.580078125,9306.580078125,356.5,11286.080078125,3361.8798828125,1172.760009765625,340.94000244140625,1964.544921875,381.0,,,,,,,2755.269287109375,,90.18000030517578,,320.239990234375,38.90779495239258,,5248.2998046875,3799.070068359375,5620.93994140625,1342.4300537109375,926.2100219726562,2879.89990234375
1999-03-31,1286.3699951171875,6295.2998046875,4865.27001953125,4197.8798828125,15836.58984375,1158.053955078125,10942.2001953125,618.97998046875,,6597.7998046875,2867.0,10696.0,,9740.6904296875,7130.2001953125,1518.31005859375,6881.6884765625,536.9299926757812,4930.3701171875,393.6096801757813,351.94000244140625,502.8200073242188,105.7,164.8,,0.26,66.00054,38601.0,2461.39990234375,397.6300048828125,667.489990234375,,5304.169921875,3376.3701171875,9786.16015625,366.1000061035156,11707.669921875,3251.449951171875,1189.760009765625,352.010009765625,2027.6885986328125,420.0,,,,,,,2872.11767578125,,90.68000030517578,,365.010009765625,45.5407600402832,,5475.2001953125,3764.719970703125,5489.64013671875,1532.02001953125,1056.75,2967.199951171875
1999-04-30,1335.1800537109375,6552.2001953125,5360.43994140625,4405.35009765625,16701.529296875,1120.927001953125,13333.2001953125,752.5900268554688,,7014.7001953125,3027.800048828125,11351.0,,9975.390625,7335.5,1886.18994140625,7371.13623046875,573.52001953125,5414.4501953125,495.2026977539063,372.9100036621094,674.9600219726562,104.6,165.9,,0.28,67.53295,38679.0,2542.860107421875,432.80999755859375,695.25,,5226.14013671875,3617.419921875,10789.0400390625,394.5899963378906,12259.3603515625,3227.68994140625,1298.530029296875,459.3500061035156,2433.07421875,564.0,,,,,,,2793.4287109375,,117.0199966430664,,384.2799987792969,53.53971862792969,,5849.60009765625,3871.60009765625,5985.27001953125,1962.0,1107.02001953125,3101.10009765625
1999-05-31,1301.8399658203125,6226.2001953125,5068.58984375,4351.2900390625,16111.650390625,1279.3260498046875,12147.1201171875,736.02001953125,,6841.7998046875,2831.89990234375,11090.0,,10072.2900390625,6911.60009765625,1903.8599853515625,7316.5361328125,554.0599975585938,5477.64990234375,585.2191772460938,390.9100036621094,743.0399780273438,106.8,166.0,,0.22,67.08854,37088.0,2470.52001953125,438.6799926757813,679.0999755859375,,4905.580078125,3934.669921875,10559.740234375,395.8699951171875,11976.75,3101.419921875,1174.68994140625,453.6000061035156,2419.2080078125,524.0,,,,,,,3270.3134765625,,135.47000122070312,,400.1199951171875,50.69173431396485,,5639.10009765625,3850.510009765625,6259.419921875,1819.4000244140625,1185.22998046875,2900.199951171875
1999-06-30,1372.7099609375,6318.5,5378.52001953125,4536.60986328125,17529.740234375,1689.427978515625,13532.1396484375,883.0,,7010.10009765625,2903.699951171875,11627.0,,10218.5888671875,6908.89990234375,2167.699951171875,8467.330078125,561.1900024414062,5829.509765625,661.999267578125,418.510009765625,811.0999755859375,107.3,166.0,,0.28,73.01111,36717.0,2686.1201171875,457.6799926757813,713.6099853515625,,4817.85986328125,4031.639892578125,10970.7998046875,416.7000122070313,12583.599609375,3135.159912109375,1231.739990234375,521.77001953125,2486.320556640625,499.0,,,,,,,4702.71728515625,,146.1300048828125,,418.3200073242188,49.50173568725586,,5858.2001953125,3991.97998046875,6485.7998046875,2690.780029296875,1054.6700439453125,2968.89990234375
1999-07-31,1328.719970703125,6231.89990234375,5101.8701171875,4382.06005859375,17861.859375,1601.458984375,13186.8603515625,969.719970703125,,7081.0,2951.0,10442.0,,9391.890625,6887.39990234375,2145.77001953125,7413.07568359375,552.77001953125,5260.35009765625,597.850830078125,410.2300109863281,768.6900024414062,106.0,166.7,,0.29,79.81311,34040.0,2638.489990234375,444.7699890136719,690.510009765625,,4885.58984375,4345.1298828125,10655.150390625,407.4599914550781,12189.83984375,3026.580078125,1181.6300048828125,456.80999755859375,2342.207763671875,476.0,,,,,,,4045.304931640625,,130.41000366210938,,400.760009765625,58.05469131469727,,5969.5,4076.199951171875,7256.509765625,2405.699951171875,1251.7900390625,3019.89990234375
1999-08-31,1320.4100341796875,6246.39990234375,5270.77001953125,4589.22021484375,17436.560546875,1627.115966796875,13482.76953125,937.8800048828124,,6970.7998046875,2875.699951171875,10565.0,,9806.08984375,7008.7998046875,2117.169921875,8157.6923828125,572.4199829101562,5086.8701171875,567.00390625,385.80999755859375,767.0599975585938,104.5,167.1,,0.25,69.55318,35199.0,2739.35009765625,427.8299865722656,683.27001953125,,4938.669921875,5205.33984375,10829.2802734375,393.0799865722656,12042.23046875,3207.22998046875,1203.1800537109375,440.2699890136719,2173.26123046875,507.0,,,,,,,4154.15380859375,,124.18000030517578,,377.0299987792969,50.18273162841797,,6017.89990234375,4103.81982421875,7459.83984375,2506.31005859375,1206.510009765625,2951.89990234375
1999-09-30,1282.7099609375,6029.7998046875,5149.830078125,4591.419921875,17605.4609375,1570.7020263671875,12733.240234375,836.1799926757812,,6957.7001953125,2817.0,11106.0,,9525.390625,6907.39990234375,2021.9300537109373,7598.7548828125,547.4500122070312,5050.4599609375,547.9156494140625,399.6400146484375,675.4500122070312,107.2,167.8,,0.27,69.81624,35270.0,2746.159912109375,427.2999877929688,663.8300170898438,,4721.6201171875,5667.60009765625,10336.9501953125,380.5899963378906,11713.7998046875,3074.669921875,1116.4000244140625,389.489990234375,2095.6611328125,534.0,,,,,,,3967.795654296875,,119.01000213623048,,391.8500061035156,60.71067810058594,,5687.10009765625,4083.4599609375,6747.1298828125,2357.239990234375,1199.2900390625,2881.10009765625
1999-10-31,1362.9300537109375,6255.7001953125,5525.39990234375,4888.6201171875,17942.080078125,1504.56298828125,13256.9501953125,833.510009765625,,7256.2001953125,2821.39990234375,11700.0,,9741.490234375,7160.2998046875,2047.1500244140625,7706.634765625,571.8200073242188,5450.3701171875,593.845947265625,402.25,742.8699951171875,103.2,168.1,,0.23,62.71155,34228.0,2966.429931640625,428.6400146484375,707.1900024414062,,4521.830078125,5442.14013671875,10729.8603515625,399.6199951171875,12449.400390625,3085.6201171875,1130.1400146484375,395.5499877929688,2035.526611328125,539.0,,,,,,,3741.96826171875,,128.60000610351562,,397.0,65.5606460571289,,5622.2998046875,4016.56005859375,6959.16015625,2157.969970703125,1189.3199462890625,2885.10009765625
1999-11-30,1388.9100341796875,6597.2001953125,5896.0400390625,5341.6201171875,18558.23046875,1434.9730224609375,15377.1904296875,996.6599731445312,,7523.2001953125,2970.300048828125,13779.0,,10958.0888671875,7399.7001953125,2237.1298828125,7720.8349609375,602.1099853515625,6136.47021484375,583.7772827148438,441.1199951171875,734.6599731445312,107.2,168.4,,0.17,82.06383,36334.0,3336.159912109375,454.0799865722656,724.6599731445312,,4871.490234375,5712.259765625,10877.8095703125,420.1099853515625,12851.9296875,3140.18994140625,1136.3699951171875,422.1199951171875,1978.9111328125,536.0,,,,,,,3533.9404296875,,122.0999984741211,,436.2900085449219,84.59455108642578,,6194.7998046875,4068.81005859375,7440.14990234375,2152.449951171875,1247.4000244140625,3044.0
1999-12-31,1469.25,6930.2001953125,6958.14013671875,5958.31982421875,18934.33984375,1366.5799560546875,16962.099609375,1028.0699462890625,,8413.7998046875,3117.699951171875,17092.0,,11641.388671875,7570.10009765625,2479.580078125,8448.7998046875,671.4099731445312,7129.8798828125,676.8927001953125,487.2300109863281,812.3300170898438,105.4,168.8,,0.21,83.80947,42605.0,4069.31005859375,504.75,767.969970703125,,5017.5400390625,5535.08984375,11497.1201171875,444.6700134277344,13812.669921875,3340.429931640625,1197.8199462890625,481.9200134277344,2142.4189453125,551.0,,,,,,,3369.572509765625,,142.8800048828125,,484.6400146484375,152.08718872070312,,6444.89990234375,4103.81982421875,8819.4501953125,1972.5899658203125,1408.9100341796875,3152.5
2000-01-31,1394.4599609375,6268.5,6835.60009765625,5659.81005859375,19539.69921875,1534.9969482421875,15532.33984375,943.8800048828124,,8481.099609375,3080.199951171875,16388.0,,10835.0888671875,6894.7001953125,2230.280029296875,9744.8447265625,612.3800048828125,6585.669921875,636.3472900390625,490.9500122070313,922.0999755859376,112.0,169.3,,0.07,89.20154,41463.0,3940.35009765625,496.2300109863281,736.0800170898438,,4903.0498046875,4990.02001953125,10940.5302734375,431.7900085449219,13230.6201171875,2806.2900390625,1126.010009765625,477.5700073242188,1988.9185791015625,566.0,,,,,,,3952.365478515625,,130.52999877929688,,481.489990234375,167.14910888671875,,6181.0,4141.7001953125,9548.900390625,1820.050048828125,1772.8399658203125,3096.0
2000-02-29,1366.4200439453125,6232.60009765625,7644.5498046875,6190.9599609375,19959.51953125,1714.5780029296875,17169.439453125,828.3800048828125,,9129.0,3124.60009765625,17660.0,,12585.787109375,6910.10009765625,2120.5,9435.8984375,664.280029296875,7368.5498046875,576.51953125,564.8099975585938,982.239990234375,111.3,170.0,,-0.11,77.60139,48479.0,4696.68994140625,577.7100219726562,733.0399780273438,,5116.419921875,5002.22998046875,10128.3095703125,461.4800109863281,13511.0,2746.080078125,1094.6199951171875,374.3200073242188,1641.517822265625,632.0,,,,,,,4484.10986328125,,115.2300033569336,,537.4199829101562,159.45816040039062,,6451.2001953125,4238.22998046875,10124.650390625,1454.3800048828125,1930.6099853515625,3135.699951171875
2000-03-31,1498.5799560546875,6540.2001953125,7599.39013671875,6286.0498046875,20337.3203125,1800.2249755859375,17406.5390625,860.9400024414062,,9462.400390625,3133.300048828125,17820.0,,11934.98828125,7428.10009765625,2132.590087890625,9854.9052734375,662.2899780273438,7473.25,583.2533569335938,516.5499877929688,974.3800048828124,107.1,171.0,,-0.47,77.54831,45392.0,4572.830078125,539.0900268554688,797.989990234375,,5647.60009765625,4793.47021484375,10921.919921875,499.6900024414063,14296.1796875,2777.840087890625,1130.0699462890625,400.3200073242188,1681.28759765625,569.0,,,,,,,4532.25927734375,,117.51000213623048,,516.7999877929688,159.20016479492188,,6475.10009765625,4468.06982421875,10000.6396484375,1514.739990234375,1999.68994140625,3133.300048828125
2000-04-30,1452.4300537109375,6327.39990234375,7414.68017578125,6419.72021484375,17973.69921875,1836.321044921875,15519.2998046875,725.3900146484375,,9347.599609375,3115.800048828125,15538.0,,11467.888671875,7427.7998046875,2164.110107421875,8824.3203125,661.3800048828125,6640.68017578125,526.7164916992188,492.2799987792969,898.3499755859375,109.2,170.9,,-0.45,76.05923,44801.0,3860.659912109375,506.25,771.5800170898438,,5384.1201171875,4249.4501953125,10733.91015625,481.8500061035156,13541.7001953125,2813.280029296875,1132.47998046875,390.3999938964844,1598.3189697265625,510.0,,,,,,,4683.1171875,,105.16000366210938,,492.9100036621094,192.0559844970703,,6194.60009765625,4461.85009765625,8872.490234375,1573.449951171875,1901.0699462890625,3085.10009765625
2000-05-31,1420.5999755859375,6359.39990234375,7109.669921875,6426.259765625,16332.4501953125,1894.553955078125,14713.8603515625,731.8800048828125,,9252.0,3081.0,14957.0,,10688.4892578125,7754.0,1795.1300048828125,8939.478515625,655.5,5961.14013671875,454.309326171875,533.3499755859375,911.510009765625,110.7,171.2,,-0.4,97.9862,45214.0,3400.909912109375,476.1799926757813,750.97998046875,,4915.6201171875,4608.240234375,10522.330078125,475.1700134277344,13052.9599609375,2849.429931640625,1131.0699462890625,323.2900085449219,1478.3798828125,464.0,,,,,,,4643.1083984375,,88.38999938964844,,534.3099975585938,162.06314086914062,,6227.7998046875,4463.68994140625,9015.8701171875,1694.9000244140625,1536.6500244140625,3040.60009765625
2000-06-30,1454.5999755859375,6312.7001953125,6898.2099609375,6446.5400390625,17411.05078125,1928.10595703125,16155.7802734375,821.219970703125,,10195.5,3311.199951171875,16728.0,,10581.2890625,7761.60009765625,2037.969970703125,8265.0498046875,672.1400146484375,6948.330078125,515.0899047851562,544.1900024414062,833.3699951171875,106.4,172.2,,-0.35,92.96502,46448.0,3966.110107421875,517.22998046875,769.6799926757812,,4916.6201171875,4054.409912109375,10447.8896484375,481.7699890136719,13618.5,2953.280029296875,1129.5799560546875,325.69000244140625,1533.5955810546875,497.0,,,,,,,4830.61572265625,,101.73999786376952,,547.6599731445312,144.6602325439453,,6601.0,4423.27001953125,8318.2998046875,1903.93994140625,1520.72998046875,3257.60009765625
2000-07-31,1430.8299560546875,6365.2998046875,7190.3701171875,6542.490234375,15727.490234375,2023.5389404296875,16840.98046875,705.969970703125,,10406.2998046875,3251.10009765625,16455.0,,10531.5888671875,8023.2001953125,2051.2099609375,8114.88232421875,668.1799926757812,6514.2099609375,492.173828125,525.4500122070312,798.8300170898438,108.3,172.7,,-0.26,79.44697,46309.0,3766.989990234375,500.6400146484375,755.5700073242188,,4985.85009765625,3988.280029296875,10521.98046875,488.9700012207031,13330.3095703125,3068.610107421875,1142.4000244140625,284.6700134277344,1416.8057861328125,502.0,,,,,,,4894.0751953125,,96.58999633789062,,526.780029296875,138.70126342773438,,6779.10009765625,4733.509765625,8221.2900390625,2211.159912109375,1554.9000244140625,3213.60009765625
2000-08-31,1517.6800537109375,6672.7001953125,7216.4501953125,6625.419921875,16861.259765625,2021.198974609375,17097.509765625,688.6199951171875,,11247.900390625,3297.800048828125,17347.0,,10884.689453125,8219.900390625,2147.77001953125,7616.94482421875,689.52001953125,6664.81982421875,466.3618469238281,573.52001953125,795.8400268554688,107.3,172.7,,-0.45,66.58133,48135.0,4206.35009765625,537.8900146484375,811.1699829101562,,5403.43994140625,3557.14990234375,11215.099609375,542.9000244140625,14280.0400390625,3132.52001953125,1163.0,307.8299865722656,1537.124755859375,475.0,,,,,,,4826.24560546875,,90.3499984741211,,574.1099853515625,131.32029724121094,,7057.7998046875,4882.9599609375,8433.1904296875,2201.739990234375,1518.27001953125,3261.699951171875
2000-09-30,1436.510009765625,6294.2001953125,6798.1201171875,6266.6298828125,15747.259765625,1910.1610107421875,15648.98046875,613.219970703125,,10377.900390625,3298.800048828125,15928.0,,10949.9892578125,7713.2998046875,1997.030029296875,6432.330078125,661.52001953125,6334.56005859375,421.3196105957031,559.1599731445312,713.510009765625,106.8,173.6,,-0.18,75.14165,45419.0,3672.820068359375,521.3699951171875,772.5999755859375,,5737.16015625,4178.9599609375,10650.919921875,538.8099975585938,13613.330078125,3056.010009765625,1161.1600341796875,277.2900085449219,1434.1212158203125,475.0,,,,,,,4523.60986328125,,81.58999633789062,,559.8099975585938,113.5023956298828,,6676.89990234375,4941.6298828125,8270.41015625,1932.6400146484373,1564.780029296875,3246.10009765625
2000-10-31,1429.4000244140625,6438.39990234375,7077.43994140625,6397.66015625,14539.599609375,1961.2869873046875,14895.33984375,514.47998046875,,9639.599609375,3254.60009765625,14867.0,,10363.0888671875,7977.5,1976.5400390625,5544.1552734375,680.5599975585938,6394.240234375,405.3311767578125,460.5199890136719,752.3599853515625,105.8,173.9,,-0.17,84.66172,47459.0,3369.6298828125,497.6799926757813,763.0599975585938,,5862.66015625,3797.840087890625,10971.1396484375,520.1699829101562,13314.6796875,3110.110107421875,1130.5699462890625,271.8399963378906,1287.5189208984375,441.0,,,,,,,4573.1689453125,746.7999877929688,76.95999908447266,,464.5700073242188,135.38328552246094,,6629.2998046875,4932.33984375,8161.52978515625,1790.9100341796875,1489.3199462890625,3203.89990234375
2000-11-30,1314.949951171875,6142.2001953125,6372.330078125,5928.080078125,14648.509765625,2070.613037109375,13984.3896484375,509.2300109863281,,8819.900390625,3274.60009765625,13287.0,,9214.490234375,7981.89990234375,1952.22998046875,5256.90625,649.9199829101562,5652.6298828125,429.197265625,472.7699890136719,729.9500122070312,107.6,174.2,,-0.13,125.06753,46290.0,2597.929931640625,445.9400024414063,692.4000244140625,,5723.4599609375,3245.77001953125,10414.490234375,480.3800048828125,11976.240234375,2988.580078125,1065.81005859375,277.9200134277344,1404.46875,400.0,,,,,,,4831.3056640625,672.5999755859375,85.48999786376953,,485.4100036621094,87.47653198242188,,6419.89990234375,4686.080078125,6891.2900390625,1600.1500244140625,1276.050048828125,3222.0
2000-12-31,1320.280029296875,6222.5,6433.60986328125,5926.419921875,13785.6904296875,2073.47705078125,15095.5302734375,504.6199951171875,,8933.7001953125,3206.199951171875,15259.0,,9109.791015625,8135.39990234375,1926.8299560546875,4743.91845703125,637.5999755859375,5652.18994140625,416.3048095703125,494.5799865722656,679.6400146484375,98.4,174.6,,0.01,115.26872,43662.0,2470.52001953125,483.5299987792969,700.0900268554688,,5722.52978515625,3388.860107421875,10787.990234375,516.739990234375,12175.8798828125,3024.489990234375,1073.300048828125,269.19000244140625,1494.1158447265625,417.0,,,,,,,4752.69677734375,525.7999877929688,80.6500015258789,,512.530029296875,94.37149810791016,,6547.5,4675.33984375,7849.75,1624.1199951171875,1507.5899658203125,3154.699951171875
2001-01-31,1366.010009765625,6297.5,6795.14013671875,5998.490234375,13843.5498046875,2065.60595703125,16102.349609375,617.9099731445312,,9321.900390625,3341.699951171875,17673.0,,10115.990234375,8057.39990234375,1991.2900390625,5936.1728515625,639.97998046875,6496.89013671875,425.5974426269531,445.6000061035156,727.72998046875,94.7,175.6,,0.57,111.41604,45067.0,2772.72998046875,508.3399963378906,722.5499877929688,,5891.259765625,3264.760009765625,10887.3603515625,527.9000244140625,12631.3603515625,2968.610107421875,1104.06005859375,332.7699890136719,1686.5662841796875,533.0,,,,,,,4743.31689453125,843.5999755859375,85.38999938964844,,454.9599914550781,106.85043334960938,,6735.89990234375,4788.93994140625,8145.81005859375,1588.25,1461.5999755859375,3291.5
2001-02-28,1239.93994140625,5917.89990234375,6208.240234375,5367.47998046875,12883.5400390625,1959.1800537109373,14787.8701171875,578.0999755859375,,8078.7001953125,3326.5,15891.0,,9551.390625,7701.7998046875,1947.4000244140625,5674.66455078125,597.3300170898438,6032.10009765625,428.2863464355469,449.3599853515625,709.3900146484375,90.6,176.0,,0.51,110.91785,40036.0,2151.830078125,474.3699951171875,654.25,,5881.81982421875,3129.06005859375,10495.2802734375,497.260009765625,11425.2900390625,2999.60009765625,1198.3299560546875,325.20001220703125,1613.0751953125,436.0,,,,,,,4453.09033203125,767.5999755859375,87.12999725341797,,463.8999938964844,87.91553497314453,,6649.5,4844.4599609375,7116.830078125,1809.6300048828125,1423.1800537109375,3274.10009765625
2001-03-31,1160.3299560546875,5633.7001953125,5829.9501953125,5180.4501953125,12999.7001953125,2112.77490234375,12760.6396484375,523.219970703125,,7608.0,3147.199951171875,14438.0,,9308.2900390625,7167.7998046875,1674.18994140625,5797.89404296875,558.3599853515625,5727.89013671875,381.0351867675781,382.1300048828125,647.47998046875,91.5,176.1,,0.75,116.02693,38996.0,1840.260009765625,450.5299987792969,610.3599853515625,,5541.35986328125,3044.550048828125,9878.7802734375,459.9200134277344,10645.849609375,2838.409912109375,1186.5400390625,291.94000244140625,1446.0281982421875,444.0,,,,,,,4965.9345703125,684.2999877929688,75.52999877929688,,391.4599914550781,80.22657012939453,,6094.7001953125,4594.1201171875,6652.5,1815.1800537109373,1324.4100341796875,3096.89990234375
2001-04-30,1249.4599609375,5967.0,6264.509765625,5640.02978515625,13934.3203125,2119.18408203125,13386.0400390625,577.3599853515625,,7946.60009765625,3329.39990234375,14918.0,,9760.990234375,7327.2001953125,1722.719970703125,5381.6455078125,593.0900268554688,5987.25,358.2180480957031,418.9299926757813,584.5,88.4,176.4,,1.05,122.6734,41122.0,2116.239990234375,485.3200073242188,658.9000244140625,,5833.669921875,3286.669921875,10734.9697265625,510.30999755859375,11512.4599609375,2842.1298828125,1219.3499755859375,300.6300048828125,1378.4854736328125,436.0,,,,,,,4802.53564453125,789.7000122070312,71.11000061035156,,432.2999877929688,123.67334747314452,,6409.2001953125,4615.7099609375,6865.72021484375,2062.64990234375,1367.050048828125,3270.300048828125
2001-05-31,1255.8199462890625,5796.2001953125,6123.259765625,5454.18994140625,13262.1396484375,2214.257080078125,13174.41015625,612.1599731445312,,8161.89990234375,3379.10009765625,14650.0,,9500.6904296875,7487.60009765625,1657.050048828125,5048.83642578125,585.1500244140625,6595.39013671875,405.8471984863281,414.2099914550781,572.8800048828125,92.0,177.3,,1.21,100.42901,38996.0,2110.489990234375,496.5,662.3900146484375,,6267.39990234375,3088.659912109375,10911.9404296875,521.5900268554688,11610.2197265625,2786.159912109375,1194.81005859375,310.1300048828125,1401.9295654296875,439.0,,,,,,,4857.416015625,813.5,83.23999786376953,,422.8800048828125,108.79741668701172,,6571.10009765625,4728.60009765625,7104.47021484375,2335.35009765625,1377.6099853515625,3317.199951171875
2001-06-30,1224.3800048828125,5642.5,6058.3798828125,5225.330078125,12969.0498046875,2218.029052734375,13042.5302734375,595.1300048828125,,7736.39990234375,3490.300048828125,14560.0,,8878.3916015625,7240.2001953125,1726.5,4883.40771484375,573.5,6666.169921875,437.6029968261719,413.1900024414063,592.989990234375,92.6,177.7,,1.17,86.39027,37315.0,2160.5400390625,512.6400146484375,646.6400146484375,,6435.14990234375,2741.179931640625,10502.400390625,519.1199951171875,11407.150390625,2885.030029296875,1206.8199462890625,322.54998779296875,1409.7073974609375,402.0,,,,,,,4716.84716796875,768.7000122070312,89.33000183105469,,423.6099853515625,112.0414047241211,,6298.89990234375,4812.740234375,6695.7998046875,2310.469970703125,1366.4300537109375,3425.199951171875
2001-07-31,1211.22998046875,5529.10009765625,5861.18994140625,5085.509765625,11860.76953125,1920.3179931640625,12316.6904296875,541.5499877929688,,7689.7001953125,3324.5,13754.0,,8479.9912109375,6847.2998046875,1666.030029296875,4352.9599609375,548.719970703125,6474.39990234375,444.063720703125,433.6499938964844,659.4000244140625,92.4,177.4,,1.28,102.13185,36507.0,2027.1300048828125,484.7799987792969,637.4299926757812,,6060.64013671875,2727.2099609375,10522.8095703125,511.0499877929688,11208.509765625,2928.97998046875,1230.030029296875,297.69000244140625,1362.5396728515625,321.0,,,,,,,4058.964599609375,680.9000244140625,90.47000122070312,,449.7200012207031,99.14547729492188,,6082.2001953125,4678.4501953125,6592.81005859375,1982.489990234375,1228.8900146484375,3270.800048828125
2001-08-31,1133.5799560546875,5345.0,5188.169921875,4689.33984375,10713.509765625,1834.137939453125,11090.48046875,545.1099853515625,,7399.2001953125,3275.60009765625,12841.0,,8321.0908203125,6582.39990234375,1619.1199951171875,4509.41943359375,523.6300048828125,6310.7001953125,435.5350646972656,411.8999938964844,687.1599731445312,91.5,177.4,,1.21,84.28912,34643.0,1805.4300537109373,468.55999755859375,597.6699829101562,,5757.759765625,2762.1201171875,9949.75,493.7900085449219,10515.08984375,2893.110107421875,1200.1300048828125,335.57000732421875,1265.1146240234375,320.0,,,,,,,3860.1767578125,618.4000244140625,89.06999969482422,,423.5299987792969,98.7884750366211,,6116.2998046875,4503.0400390625,6360.169921875,1821.47998046875,1258.4300537109375,3217.800048828125
2001-09-30,1040.93994140625,4903.39990234375,4308.14990234375,4079.02001953125,9774.6796875,1764.866943359375,9950.7001953125,479.6799926757813,,6838.60009765625,3049.5,10636.0,,7313.99267578125,6014.2001953125,1319.530029296875,3636.923095703125,453.8699951171875,5403.52978515625,392.4637145996094,358.6000061035156,615.3400268554688,81.8,178.1,,1.74,188.05949,29001.0,1498.800048828125,404.8699951171875,546.4600219726562,,5002.77001953125,2226.050048828125,8847.5595703125,432.0299987792969,9562.9501953125,2642.550048828125,1084.0699462890625,277.0400085449219,1126.34033203125,244.0,,,,,,,3498.5908203125,516.4000244140625,79.33999633789062,,370.8599853515625,76.25859832763672,,5118.60009765625,3971.7099609375,6173.919921875,1718.9599609375,1133.4300537109375,2988.0
2001-10-31,1059.780029296875,5039.7001953125,4559.1298828125,4341.2900390625,10366.33984375,1689.1700439453125,10073.9697265625,537.8099975585938,,6885.7001953125,3249.60009765625,11365.0,,7774.2919921875,6081.0,1367.8399658203125,3903.47216796875,460.3299865722656,5537.0400390625,383.7200622558594,368.3500061035156,600.0700073242188,82.7,177.6,,1.86,173.14334,30595.0,1690.199951171875,428.1700134277344,557.2899780273438,,5221.16015625,2468.260009765625,9075.1396484375,450.7699890136719,9796.8603515625,2605.300048828125,1033.7900390625,275.0899963378906,993.0946044921876,225.0,,,,,,,3438.49169921875,625.5,77.87000274658203,,381.5,98.48748016357422,,5364.7998046875,4099.9501953125,6773.14013671875,1865.3399658203125,1406.050048828125,3185.300048828125
2001-11-30,1139.449951171875,5203.60009765625,4989.91015625,4476.06005859375,10697.4404296875,1747.9930419921875,11279.25,643.8900146484375,,7425.7001953125,3337.5,12932.0,,8364.69140625,6237.0,1478.5400390625,4441.099609375,492.6700134277344,5832.830078125,380.293212890625,397.510009765625,638.02001953125,83.9,177.5,,1.94,130.57563,31886.0,1930.5799560546875,460.7799987792969,599.3200073242188,,5463.77001953125,2694.02001953125,9851.5595703125,483.75,10531.4501953125,2633.820068359375,1120.3800048828125,302.6199951171875,1128.1798095703125,203.0,,,,,,,3513.71044921875,705.2000122070312,77.05999755859375,,413.80999755859375,116.33837890625,,5849.5,4272.4501953125,7125.2001953125,1789.8199462890625,1358.1600341796875,3276.89990234375
2001-12-31,1148.0799560546875,5217.39990234375,5160.10009765625,4624.580078125,10542.6201171875,1645.970947265625,11397.2099609375,693.7000122070312,,7688.39990234375,3422.300048828125,13578.0,,8397.5908203125,6417.7998046875,1623.5999755859375,5551.21533203125,506.7799987792969,6372.27978515625,392.020751953125,446.7900085449219,696.0900268554688,88.8,177.4,,2.0,117.23658,32317.0,1950.4000244140625,488.5,604.9400024414062,,5673.22998046875,2591.56005859375,10021.5703125,508.30999755859375,10707.6796875,2782.010009765625,1140.3599853515625,303.8500061035156,1167.7796630859375,295.0,,,,,,,3325.62255859375,722.0999755859375,80.05999755859375,,459.260009765625,137.8272705078125,,5939.10009765625,4326.1201171875,7131.1298828125,1757.75,1273.06005859375,3359.89990234375
2002-01-31,1130.199951171875,5164.7998046875,5107.60986328125,4461.8701171875,9997.7998046875,1491.6650390625,10725.2998046875,748.0700073242188,,7648.5,3464.199951171875,12721.0,,8050.3916015625,6237.2998046875,1786.8900146484375,5872.11328125,500.9200134277344,6927.8701171875,451.618408203125,436.4599914550781,718.8200073242188,93.0,177.7,,1.91,116.83745,32171.0,1934.030029296875,483.1000061035156,596.6599731445312,1153.0999755859375,5292.3701171875,2596.75,9920.0,505.2900085449219,10564.6904296875,2764.2099609375,1165.9000244140625,340.82000732421875,1361.58984375,439.0,,,,,,,2982.66650390625,773.5999755859375,96.9499969482422,,453.3399963378906,132.5222930908203,,5849.2001953125,4441.60009765625,8108.22021484375,1913.9599609375,1620.1800537109375,3404.0
2002-02-28,1106.72998046875,5101.0,5039.080078125,4462.990234375,10587.830078125,1524.7010498046875,10482.5498046875,819.989990234375,,7637.5,3414.300048828125,14033.0,,8135.49169921875,6352.7998046875,1715.5799560546875,5696.08447265625,494.9100036621094,6734.43994140625,453.2283630371094,410.0199890136719,708.9099731445312,90.7,178.0,,1.82,87.60069,31820.0,1731.489990234375,469.3599853515625,583.8800048828125,1144.4599609375,4959.60986328125,2332.889892578125,10106.1298828125,505.3800048828125,10332.8896484375,2748.68994140625,1211.8800048828125,371.80999755859375,1405.8585205078125,398.0,,,,,,,3029.4560546875,787.0999755859375,97.63999938964844,,426.4599914550781,110.55641174316406,,5834.0,4374.18017578125,7941.580078125,2007.949951171875,1765.949951171875,3358.60009765625
2002-03-31,1147.3900146484375,5271.7998046875,5397.2900390625,4688.02001953125,11024.9404296875,1603.905029296875,11032.919921875,895.5800170898438,,7851.5,3414.800048828125,13255.0,,8249.69140625,6655.2001953125,1803.219970703125,6167.44140625,531.2100219726562,7361.85986328125,481.7562561035156,400.4700012207031,756.0999755859375,95.7,178.5,,1.7,83.44043,33679.0,1845.3499755859373,506.4599914550781,607.3499755859375,1163.6300048828125,5186.56982421875,2280.719970703125,10403.9404296875,541.0999755859375,10775.740234375,2769.18994140625,1289.1600341796875,373.9500122070313,1403.2591552734375,436.0,,,,,,,3173.8642578125,927.2999877929688,104.61000061035156,,419.1900024414063,116.79338073730467,,6175.5,4476.85009765625,8081.330078125,2034.68994140625,1852.18994140625,3363.300048828125
2002-04-30,1076.9200439453125,5165.60009765625,5041.2001953125,4462.740234375,11492.5400390625,1667.7490234375,11497.580078125,842.3400268554688,,7663.39990234375,3350.0,13085.0,,8154.3916015625,6557.60009765625,1725.3699951171875,6065.7021484375,511.2799987792969,7480.740234375,534.0411987304688,362.7799987792969,793.989990234375,93.0,179.3,,1.87,88.5661,32474.0,1688.22998046875,510.6700134277344,572.0399780273438,1137.8399658203125,5146.72021484375,2218.35009765625,9946.2197265625,538.219970703125,10241.1796875,2811.1201171875,1344.6700439453125,371.4200134277344,1345.743896484375,388.0,,,,,,,3253.423583984375,733.4000244140625,116.44000244140624,,375.8999938964844,114.41439056396484,,6123.7001953125,4506.509765625,8673.5595703125,2054.7099609375,1898.949951171875,3299.5
2002-05-31,1067.1400146484375,5085.10009765625,4818.2998046875,4274.64013671875,11763.7001953125,1515.7330322265625,11301.9404296875,796.4000244140625,,7656.10009765625,3373.60009765625,12861.0,,7949.89208984375,6574.7998046875,1671.8399658203125,5675.62451171875,484.5499877929688,7031.64013671875,530.7693481445312,372.8599853515625,741.760009765625,96.9,179.5,,1.86,86.29886,30143.0,1615.72998046875,487.4700012207031,566.1799926757812,1099.739990234375,5237.93994140625,2297.56005859375,9925.25,528.5800170898438,10106.490234375,2727.419921875,1301.7099609375,407.9599914550781,1314.6619873046875,318.0,,,,,,,3036.966064453125,697.7999877929688,115.87000274658205,,381.4800109863281,104.1364517211914,,6049.0,4320.8701171875,8115.2099609375,2130.60009765625,1663.3399658203125,3325.10009765625
2002-06-30,989.8200073242188,4656.39990234375,4382.56005859375,3897.989990234375,10621.83984375,1732.7550048828125,10598.5498046875,742.719970703125,,7145.60009765625,3216.0,11139.0,,6912.9931640625,5979.7001953125,1552.97998046875,5153.68603515625,439.6600036621094,6460.9501953125,504.9893493652344,353.9200134277344,725.4400024414062,92.4,179.6,,1.96,93.61022,28091.0,1463.2099609375,462.6400146484375,523.719970703125,1031.949951171875,4743.4501953125,2237.860107421875,9243.259765625,489.5,9384.0302734375,2535.739990234375,1243.0699462890625,389.1000061035156,1156.052734375,351.0,,,,,,,3551.290283203125,608.5,109.4499969482422,,365.5199890136719,93.79850769042967,,5496.60009765625,3942.60009765625,7252.64013671875,2167.389892578125,1770.1099853515625,3163.199951171875
2002-07-31,911.6199951171876,4246.2001953125,3700.139892578125,3415.3798828125,9877.9404296875,1651.593994140625,10267.3603515625,717.989990234375,,6605.39990234375,3086.199951171875,9763.0,,6249.29345703125,5196.7001953125,1508.3599853515625,4940.357421875,363.5899963378906,6021.83984375,463.6509704589844,362.1900024414063,721.5900268554688,88.1,180.0,,2.28,110.30517,25295.0,1328.260009765625,392.4200134277344,484.3900146484375,1039.6400146484375,4243.39013671875,2115.389892578125,8736.58984375,441.7099914550781,8616.9404296875,2255.800048828125,1141.0999755859375,376.0199890136719,1122.9512939453125,359.0,,,,,,,3405.661865234375,586.2000122070312,100.37999725341795,,374.8299865722656,102.3644561767578,,4783.60009765625,3432.43994140625,7048.5498046875,2046.5,1787.5899658203125,3032.60009765625
2002-08-31,916.0700073242188,4227.2998046875,3712.93994140625,3366.2099609375,9619.2998046875,1666.6180419921875,10043.8701171875,736.4000244140625,,6612.0,3120.10009765625,10382.0,,6435.69384765625,5230.5,1488.5,4764.91845703125,371.5899963378906,6216.43017578125,443.65673828125,363.8200073242188,711.3599853515625,87.6,180.5,,2.0,116.01482,25553.0,1314.8499755859375,390.9599914550781,486.0799865722656,1022.3599853515624,4400.97998046875,2129.06005859375,8663.5,443.4200134277344,8654.0400390625,2246.31005859375,1134.260009765625,361.1600036621094,1103.0762939453125,375.0,,,,,,,3436.8017578125,591.0999755859375,95.36000061035156,,373.9700012207031,95.47249603271484,,4858.7998046875,3404.02001953125,7665.06982421875,1923.6300048828125,1974.5799560546875,3073.699951171875
2002-09-30,815.280029296875,3721.800048828125,2769.030029296875,2777.449951171875,9383.2900390625,1581.6180419921875,9072.2099609375,646.4199829101562,,6180.39990234375,2970.89990234375,8623.0,,5431.69482421875,4783.0,1352.300048828125,4191.7900390625,296.3599853515625,5728.4599609375,419.2906799316406,336.75,638.010009765625,86.1,180.8,,1.91,124.04315,21278.0,1172.06005859375,362.2699890136719,433.2200012207031,927.469970703125,3838.52001953125,1837.52001953125,7591.93017578125,407.3800048828125,7773.6298828125,1869.0899658203125,1070.2099609375,331.7900085449219,1129.0496826171875,395.0,,,,,,,3243.8935546875,467.1000061035156,90.58999633789062,,344.4599914550781,88.4215316772461,,4287.10009765625,2854.10009765625,7102.009765625,1890.199951171875,2018.75,2928.300048828125
2002-10-31,885.760009765625,4039.699951171875,3152.85009765625,3150.0400390625,8640.48046875,1507.4959716796875,9441.25,658.9199829101562,,6248.7998046875,3042.89990234375,10168.0,,6139.3935546875,4949.10009765625,1463.3699951171875,4579.119140625,342.8399963378906,5967.72998046875,369.0296325683594,322.1099853515625,659.5700073242188,80.6,181.2,,2.25,111.88598,23557.0,1329.75,373.5,468.510009765625,958.5900268554688,4219.27001953125,1785.280029296875,8397.0302734375,424.6300048828125,8357.3203125,1972.22998046875,1082.800048828125,357.2200012207031,1048.260498046875,435.0,,,,,,,3036.14599609375,480.5,77.80999755859375,,325.3999938964844,102.5184555053711,,4417.7001953125,3122.169921875,7345.41015625,1830.949951171875,2278.5400390625,2995.0
2002-11-30,936.3099975585938,4169.39990234375,3320.320068359375,3326.64990234375,9215.5595703125,1434.1820068359375,10069.8701171875,724.7999877929688,,6570.39990234375,3061.39990234375,10509.0,,6685.59326171875,5117.5,1391.530029296875,4646.6689453125,361.989990234375,6156.830078125,390.4097900390625,359.04998779296875,629.219970703125,84.2,181.5,,2.14,123.28439,25919.0,1478.780029296875,406.3500061035156,495.0,960.3599853515624,4419.56005859375,1872.8299560546875,8896.08984375,448.6300048828125,8846.7099609375,2074.389892578125,1091.9599609375,364.8999938964844,1046.9508056640625,498.0,,,,,,,2920.687255859375,519.0,83.33999633789062,,365.1799926757813,133.0032958984375,,4558.2001953125,3190.260009765625,7944.85986328125,1907.969970703125,2285.8701171875,3025.199951171875
2002-12-31,879.8200073242188,3940.39990234375,2892.6298828125,3063.909912109375,8578.9501953125,1357.654052734375,9321.2900390625,627.5499877929688,,6614.5,3007.10009765625,11268.0,,6036.8935546875,4630.7998046875,1341.030029296875,4452.4296875,322.7300109863281,6127.08984375,424.928466796875,332.45001220703125,646.3200073242188,86.7,181.8,,2.22,122.22166,23508.0,1335.510009765625,383.0899963378906,466.1799926757813,1000.0,3995.030029296875,1748.4200439453125,8341.6298828125,429.7900085449219,8343.1904296875,2025.0400390625,1150.050048828125,356.4800109863281,1018.148193359375,525.0,,,,,,,2759.269287109375,443.6000061035156,91.9800033569336,,333.9100036621094,103.69844818115234,,4319.2998046875,3024.820068359375,7798.2900390625,1990.43994140625,2701.409912109375,2975.5
2003-01-31,855.7000122070312,3567.39990234375,2747.830078125,2937.8798828125,8339.9404296875,1499.81494140625,9258.9501953125,591.8599853515625,,6569.5,2956.89990234375,10941.0,,5947.6943359375,4422.5,1291.43994140625,5015.13671875,294.94000244140625,5954.35009765625,388.4278869628906,318.79998779296875,664.77001953125,82.4,182.6,,2.28,138.9534,22532.0,1320.9100341796875,372.1700134277344,454.2999877929688,1001.989990234375,3970.56005859375,1683.5899658203125,8053.81005859375,416.9100036621094,8125.06982421875,1882.530029296875,1153.989990234375,370.010009765625,1056.4183349609375,550.0,,,,,,,3051.185791015625,433.8999938964844,82.69999694824219,1953.219970703125,311.70001220703125,110.31941223144533,,4016.39990234375,2963.929931640625,7485.7998046875,2161.610107421875,2545.070068359375,2935.39990234375
2003-02-28,841.1500244140625,3655.60009765625,2547.050048828125,2754.070068359375,8363.0400390625,1511.9320068359375,9122.66015625,575.4299926757812,,6555.10009765625,2800.89990234375,10281.0,,5999.39404296875,4148.2001953125,1273.8499755859375,4432.43994140625,266.2099914550781,5927.06005859375,399.2044677734375,323.6300048828125,646.7999877929688,79.9,183.6,,2.18,126.72774,23279.0,1337.52001953125,360.5199890136719,446.3699951171875,1014.9400024414062,3789.97998046875,1614.06005859375,7891.080078125,406.4299926757813,7972.60009765625,1671.9599609375,1158.4300537109375,361.3200073242188,1019.0679931640624,594.0,,,,,,,3057.205810546875,417.7999877929688,85.7699966430664,1880.8499755859373,319.0199890136719,115.74339294433594,,4037.60009765625,2843.39990234375,7212.14013671875,2197.429931640625,2399.139892578125,2778.39990234375
2003-03-31,848.1799926757812,3613.300048828125,2423.8701171875,2618.4599609375,7972.7099609375,1510.5780029296875,8634.4501953125,535.7000122070312,,6343.2998046875,2885.199951171875,11274.0,,5870.494140625,4085.60009765625,1267.8199462890625,4321.2001953125,248.5399932861328,5914.02978515625,397.988525390625,341.69000244140625,635.719970703125,77.6,183.9,,2.32,163.52381,21605.0,1341.1700439453125,364.5400085449219,450.3500061035156,1009.1300048828124,3928.719970703125,1467.300048828125,7992.1298828125,409.4700012207031,8051.85986328125,1635.219970703125,1163.1099853515625,364.5499877929688,1039.4027099609375,567.0,,,,,,,3101.825439453125,377.7000122070313,85.19000244140625,1931.6099853515625,333.8999938964844,94.75049591064452,,3959.800048828125,2770.159912109375,7423.2900390625,2187.0400390625,2715.7099609375,2848.60009765625
2003-04-30,916.9199829101562,3926.0,2942.0400390625,2953.669921875,7831.419921875,1521.4439697265625,8717.2197265625,599.3499755859375,,6586.10009765625,3007.5,12557.0,,6489.49365234375,4542.7001953125,1281.3299560546875,4148.0498046875,282.6300048828125,6509.8798828125,450.8434448242188,392.6799926757813,630.3699951171875,86.0,183.2,,2.38,135.62755,23887.0,1464.31005859375,398.6799926757813,486.0899963378906,1163.9599609375,4204.64013671875,1691.52001953125,8480.08984375,438.7900085449219,8701.9697265625,1871.8399658203125,1229.1600341796875,374.6300048828125,1067.87548828125,636.0,,,,,,,3260.71337890625,428.0,99.12000274658205,2013.31005859375,383.760009765625,115.0993881225586,,4389.2998046875,3214.070068359375,8166.31982421875,2204.85009765625,2902.409912109375,2970.89990234375
2003-05-31,963.5900268554688,4048.10009765625,2982.679931640625,2991.75,8424.509765625,1576.260986328125,9487.3798828125,633.4199829101562,,6859.7998046875,3011.0,13422.0,,6508.4931640625,4630.7998046875,1349.0,4555.87890625,280.57000732421875,6699.18017578125,494.7567138671875,434.8800048828125,671.4600219726562,92.1,182.9,,2.04,102.61982,24946.0,1595.9100341796875,441.0,512.9199829101562,1231.010009765625,4214.89013671875,1707.5400390625,8850.259765625,474.5400085449219,9218.8896484375,1925.6400146484373,1250.18994140625,403.8200073242188,1073.4139404296875,678.0,,,,,,,3503.65087890625,471.7999877929688,110.05999755859376,2087.06005859375,429.3399963378906,113.81340026855467,,4815.60009765625,3399.6298828125,8336.849609375,2460.22998046875,3099.0400390625,2979.800048828125
2003-06-30,974.5,4031.199951171875,3220.580078125,3084.10009765625,9083.1103515625,1486.0240478515625,9577.1201171875,669.9299926757812,,6983.10009765625,3026.89990234375,12973.0,,6861.9931640625,4813.7001953125,1447.8900146484375,4872.12744140625,291.54998779296875,7054.990234375,505.4793395996094,453.3999938964844,691.9600219726562,89.7,183.1,,2.22,95.82729,24677.0,1622.800048828125,448.3699951171875,518.9400024414062,1228.1199951171875,4279.830078125,1892.0400390625,8985.4404296875,480.2099914550781,9342.419921875,1939.77001953125,1305.7099609375,461.8200073242188,1222.4857177734375,766.0,,,,,,,3224.77392578125,497.5,112.7300033569336,2212.52001953125,442.6700134277344,108.84342193603516,,4963.39990234375,3531.989990234375,7781.77001953125,2726.429931640625,3402.469970703125,2998.89990234375
2003-07-31,990.3099975585938,4157.0,3487.860107421875,3210.27001953125,9563.2099609375,1476.741943359375,10134.830078125,713.52001953125,,7257.89990234375,3122.300048828125,13572.0,,7061.69287109375,5079.10009765625,1558.8699951171875,5318.31591796875,317.489990234375,7355.06982421875,507.9652099609375,424.7699890136719,720.5599975585938,90.9,183.7,,2.69,91.74151,25132.0,1735.02001953125,476.0199890136719,528.530029296875,1321.3800048828125,4412.8701171875,2158.639892578125,9233.7998046875,496.8399963378906,9555.1904296875,2023.260009765625,1321.260009765625,484.1099853515625,1240.1011962890625,755.0,,,,,,,3318.3828125,493.2999877929688,110.9000015258789,2146.35009765625,407.260009765625,105.7194366455078,,5325.60009765625,3838.6201171875,8287.9296875,3038.889892578125,3933.3701171875,3106.699951171875
2003-08-31,1008.010009765625,4161.10009765625,3484.580078125,3311.419921875,10343.5498046875,1421.9830322265625,10908.990234375,759.469970703125,,7510.2998046875,3199.699951171875,15174.0,,7111.29248046875,5124.2001953125,1599.25,5650.8046875,329.4100036621094,7591.419921875,529.6543579101562,417.6199951171875,743.2999877929688,89.3,184.5,,2.5,95.67182,25247.0,1810.449951171875,497.4200134277344,538.4000244140625,1369.6199951171875,4595.81982421875,2210.570068359375,9415.8203125,518.77001953125,9770.5595703125,2043.8399658203125,1350.8599853515625,537.7100219726562,1192.5233154296875,713.0,,,,,,,3192.33447265625,495.3999938964844,113.37000274658205,2214.909912109375,399.2699890136719,116.11737823486328,,5593.2001953125,4059.820068359375,9060.48046875,3340.179931640625,4461.47021484375,3202.89990234375
2003-09-30,995.969970703125,4091.300048828125,3256.780029296875,3134.989990234375,10219.0498046875,1367.1610107421875,11229.8701171875,697.52001953125,,7421.10009765625,3169.5,16011.0,,6703.59326171875,5043.5,1630.800048828125,5611.384765625,306.7799987792969,7822.47998046875,597.6287841796875,432.0799865722656,733.4500122070312,87.7,185.1,,2.46,106.11577,24615.0,1786.93994140625,487.6799926757813,532.1500244140625,1430.489990234375,4487.3798828125,2019.760009765625,9275.0595703125,510.4200134277344,9649.6796875,2051.830078125,1351.8900146484375,578.97998046875,1297.0865478515625,828.0,,,,,,,3054.86572265625,448.6000061035156,132.02999877929688,2280.830078125,414.0,130.55831909179688,,5457.7998046875,3960.56005859375,8929.7900390625,3221.2099609375,4027.340087890625,3176.199951171875
2003-10-31,1050.7099609375,4287.60009765625,3655.989990234375,3373.199951171875,10559.58984375,1348.302978515625,12190.099609375,782.3599853515625,,7772.7001953125,3272.0,17982.0,,7129.49267578125,5211.39990234375,1723.7099609375,6045.09228515625,330.2200012207031,8064.830078125,625.5216674804688,473.3399963378906,817.1199951171875,89.6,184.9,,2.48,88.04379,25973.0,1932.2099609375,528.219970703125,562.510009765625,1515.9599609375,4764.990234375,2121.06005859375,9801.1201171875,548.52001953125,10224.51953125,2160.669921875,1421.1400146484375,639.4500122070312,1398.7103271484375,930.0,,,,,,,3167.3046875,463.7999877929688,137.7100067138672,2306.919921875,450.9400024414063,157.5421600341797,,5724.39990234375,4360.52978515625,9571.3203125,3862.43994140625,3781.030029296875,3282.39990234375
2003-11-30,1058.199951171875,4342.60009765625,3745.949951171875,3424.7900390625,10100.5703125,1397.2249755859375,12317.4697265625,796.1799926757812,,7859.39990234375,3186.39990234375,20184.0,,7252.49267578125,5317.5,1714.0,5771.744140625,332.19000244140625,8554.48046875,617.0599975585938,510.55999755859375,779.280029296875,93.7,185.0,,2.28,84.91824,27156.0,1960.260009765625,546.510009765625,568.3200073242188,1458.3399658203125,4716.009765625,2170.050048828125,9782.4599609375,567.0,10352.2197265625,2168.320068359375,1490.6700439453125,646.030029296875,1313.5322265625,997.0,,,,,,,3267.9033203125,458.3999938964844,135.77000427246094,2345.840087890625,477.5199890136719,146.17422485351562,,5712.60009765625,4363.2099609375,9108.2099609375,3832.27001953125,4068.2900390625,3195.699951171875
2003-12-31,1111.9200439453125,4476.89990234375,3965.159912109375,3557.89990234375,10676.6396484375,1497.0439453125,12575.9404296875,810.7100219726562,,8220.900390625,3299.800048828125,22236.0,,7737.1923828125,5487.7998046875,1764.52001953125,5890.6630859375,337.6499938964844,8795.2802734375,691.8681030273438,534.3900146484375,793.9400024414062,92.6,185.5,,2.43,91.73699,26887.0,2003.3699951171875,556.9099731445312,594.5599975585938,1484.800048828125,4920.72998046875,2263.580078125,10453.919921875,576.010009765625,10799.6298828125,2244.179931640625,1545.1500244140625,772.1500244140625,1441.9991455078125,1072.0,,,,,,,3479.760986328125,448.7000122070313,151.89999389648438,2450.340087890625,504.1499938964844,186.2490081787109,,5802.2998046875,4469.22998046875,9379.990234375,5020.18017578125,4471.60009765625,3306.0
2004-01-31,1131.1300048828125,4390.7001953125,4058.60009765625,3638.43994140625,10783.6103515625,1590.72900390625,13289.3701171875,848.5,,8521.400390625,3272.0,21851.0,,7929.89208984375,5736.39990234375,1848.3599853515625,6375.35009765625,353.3099975585937,9428.76953125,752.9027099609375,554.3099975585938,818.9400024414062,103.8,186.3,,2.32,96.56646,27774.0,2066.14990234375,580.760009765625,605.2100219726562,1408.8599853515625,5103.47998046875,2432.580078125,10488.0703125,588.0599975585938,11029.2001953125,2383.760009765625,1720.1199951171875,698.9000244140625,1507.912353515625,1141.0,,,,,,,3716.828369140625,441.4500122070313,164.64999389648438,2471.510009765625,508.3399963378906,172.5920867919922,,6023.89990234375,4719.580078125,10064.009765625,4597.72021484375,4841.330078125,3283.60009765625
2004-02-29,1144.93994140625,4492.2001953125,4018.159912109375,3725.43994140625,11041.919921875,1675.0670166015625,13907.0302734375,883.4199829101562,,8788.5,3360.60009765625,21755.0,,8249.3916015625,5798.39990234375,1888.6300048828125,6750.5087890625,356.5899963378906,9991.7998046875,761.0513916015625,559.3599853515625,879.239990234375,94.4,186.7,,2.33,99.4573,27957.0,2029.8199462890625,585.5599975585938,612.5800170898438,1543.0799560546875,5092.02001953125,2451.5,10583.919921875,601.510009765625,11172.8896484375,2483.159912109375,1781.0,716.2999877929688,1482.7987060546875,1183.0,,,,,,,3919.8759765625,428.6799926757813,165.32000732421875,2440.47998046875,517.8400268554688,188.8909912109375,,6269.89990234375,4872.7900390625,10241.9404296875,5102.14013671875,4840.3701171875,3372.5
2004-03-31,1126.2099609375,4385.7001953125,3856.699951171875,3625.22998046875,11715.3896484375,1741.623046875,12681.669921875,880.5,,8585.900390625,3415.300048828125,22142.0,,8018.091796875,5618.60009765625,1858.9200439453125,6522.15966796875,338.8699951171875,10517.5,735.6483764648438,566.0700073242188,901.8499755859376,95.8,187.1,,2.26,96.78947,27148.0,1994.219970703125,590.3099975585938,603.4199829101562,1458.9000244140625,5177.18017578125,2370.64990234375,10357.7001953125,603.5599975585938,11039.419921875,2380.35009765625,1866.760009765625,647.2999877929688,1423.9637451171875,1202.0,,,,,,,4060.094482421875,434.1600036621094,159.8800048828125,2593.02001953125,522.75,201.9069366455078,,6259.39990234375,4750.080078125,10992.2900390625,4778.1298828125,5106.66015625,3416.39990234375
2004-04-30,1107.300048828125,4489.7001953125,3985.2099609375,3674.280029296875,11761.7900390625,1595.5870361328125,11942.9599609375,862.8400268554688,,8244.0,3400.800048828125,19607.0,,8109.49169921875,5774.39990234375,1842.030029296875,6117.7822265625,341.4100036621094,9948.1298828125,783.3825073242188,571.1799926757812,838.2100219726562,94.2,187.4,,2.22,94.11529,28020.0,1920.1500244140625,559.7999877929688,591.8300170898438,1430.5999755859375,5321.85009765625,2517.6201171875,10225.5703125,583.2899780273438,10793.66015625,2439.610107421875,1926.2900390625,648.1500244140625,1554.6102294921875,1078.0,,,,,,,3613.12939453125,453.4700012207031,170.64999389648438,2631.14990234375,529.260009765625,180.22604370117188,,6210.7001953125,4974.56005859375,11072.4404296875,4061.179931640625,5430.43017578125,3407.699951171875
2004-05-31,1120.6800537109375,4430.7001953125,3921.409912109375,3669.6298828125,11236.3701171875,1555.906005859375,12198.240234375,803.8400268554688,,8417.2998046875,3460.199951171875,19545.0,,7959.29150390625,5627.10009765625,1788.6600341796875,5977.8125,337.19000244140625,10036.2900390625,732.4874877929688,569.8699951171875,810.6699829101562,90.2,188.2,,2.12,92.32118,27355.0,1986.739990234375,568.280029296875,599.4000244140625,1428.800048828125,5225.5498046875,2423.719970703125,10188.4501953125,594.7000122070312,10926.3603515625,2415.429931640625,1879.780029296875,641.0499877929688,1510.971435546875,953.0,,,,,,,3577.609619140625,400.9200134277344,159.10000610351562,2589.159912109375,531.47998046875,170.8101043701172,,6053.60009765625,4887.330078125,11285.1298828125,4301.93017578125,5502.72021484375,3456.89990234375
2004-06-30,1140.8399658203125,4464.10009765625,4052.72998046875,3732.989990234375,11858.8701171875,1399.1619873046875,12285.75,785.7899780273438,,8545.599609375,3532.89990234375,21149.0,,8078.29150390625,5619.10009765625,1838.0,5839.4130859375,345.1300048828125,10281.8203125,732.3724975585938,596.239990234375,819.8599853515625,95.6,188.9,,1.92,85.34598,28092.0,2047.7900390625,591.52001953125,609.3099975585938,1482.97998046875,5466.18994140625,2349.159912109375,10435.48046875,607.6900024414062,11138.91015625,2470.659912109375,1989.4000244140625,646.6400146484375,1578.9940185546875,946.0,,,,,,,3275.813232421875,385.1799926757813,160.30999755859375,2696.070068359375,557.8900146484375,179.675048828125,,6277.89990234375,5110.93017578125,11536.9501953125,4291.02001953125,5279.18017578125,3530.300048828125
2004-07-31,1101.719970703125,4413.10009765625,3895.610107421875,3647.10009765625,11325.7802734375,1386.2020263671875,12238.0302734375,735.3400268554688,,8458.099609375,3536.10009765625,22337.0,,7919.2919921875,5547.2001953125,1891.7099609375,5420.544921875,329.9100036621094,10116.3896484375,756.9534912109375,570.8699951171875,833.97998046875,96.7,189.1,,1.82,87.54419,27538.0,1887.3599853515625,551.2899780273438,587.2100219726562,1520.8499755859375,5358.6298828125,2319.300048828125,10139.7099609375,578.9000244140625,10701.650390625,2465.1298828125,2031.6600341796875,636.7000122070312,1584.2926025390625,966.0,,,,,,,3283.333251953125,331.2099914550781,165.11000061035156,2788.010009765625,541.5499877929688,193.8079833984375,,6023.5,5014.2900390625,11680.650390625,4335.33984375,5289.919921875,3546.10009765625
2004-08-31,1104.239990234375,4459.2998046875,3785.2099609375,3594.280029296875,11081.7900390625,1342.06201171875,12850.2802734375,803.5700073242188,,8377.0,3552.699951171875,22803.0,,7869.4921875,5421.7001953125,1918.3399658203125,5765.51416015625,323.1199951171875,10264.3203125,754.6746215820312,551.0900268554688,827.97998046875,95.9,189.2,,1.72,85.92587,26913.0,1838.0999755859373,547.9299926757812,589.0900268554688,1631.4100341796875,5450.52001953125,2314.260009765625,10173.919921875,576.6199951171875,10719.150390625,2558.080078125,1993.02001953125,624.5900268554688,1579.423828125,952.0,,,,,,,3175.75439453125,355.6600036621094,163.6999969482422,2749.510009765625,521.2999877929688,202.1829376220703,,6087.2998046875,4874.52001953125,12171.2001953125,4292.02001953125,5346.14990234375,3561.89990234375
2004-09-30,1114.5799560546875,4570.7998046875,3892.89990234375,3640.610107421875,10823.5703125,1396.699951171875,13120.0302734375,835.0900268554688,,8668.2998046875,3665.0,23245.0,,8029.19189453125,5465.2998046875,1984.739990234375,5845.6630859375,323.94000244140625,10957.3701171875,820.10205078125,558.969970703125,849.9600219726562,94.2,189.8,,1.51,100.01189,27794.0,1896.8399658203125,572.9400024414062,595.6599731445312,1707.02001953125,5610.330078125,2328.239990234375,10080.26953125,593.2000122070312,10895.48046875,2693.2099609375,2042.8699951171875,644.6699829101562,1761.1170654296875,1143.0,,,,,,,3453.87109375,362.0799865722656,177.27999877929688,2834.39990234375,531.219970703125,219.53384399414065,,6269.10009765625,5014.35986328125,12646.580078125,4649.66015625,5217.64990234375,3674.699951171875
2004-10-31,1130.199951171875,4624.2001953125,3960.25,3706.820068359375,10771.419921875,1320.5360107421875,13054.66015625,834.8400268554688,,8871.0,3778.60009765625,23052.0,,8418.291015625,5363.39990234375,1980.68994140625,5705.90478515625,330.4800109863281,11564.349609375,860.4535522460938,545.7999877929688,861.1400146484375,91.7,190.8,,1.49,105.69511,28681.0,1974.989990234375,583.7899780273438,604.510009765625,1768.199951171875,5681.89013671875,2489.18994140625,10027.4697265625,602.219970703125,11068.9501953125,2785.449951171875,2112.169921875,628.1599731445312,1818.5623779296875,1287.0,,,,,,,3216.31396484375,357.0400085449219,187.08999633789065,2812.340087890625,519.3300170898438,228.99777221679688,,6321.7998046875,5050.39013671875,13201.0302734375,4504.77978515625,5332.240234375,3786.300048828125
2004-11-30,1173.8199462890625,4703.2001953125,4126.0,3753.75,10899.25,1340.77099609375,14060.0498046875,878.0599975585938,,9030.099609375,3931.300048828125,25128.0,,8692.9912109375,5444.2001953125,2027.6600341796875,5844.73291015625,337.1499938964844,12102.5498046875,977.72900390625,589.4099731445312,917.1900024414062,92.8,191.7,,1.34,95.24086,29615.0,2096.81005859375,633.77001953125,629.260009765625,1790.469970703125,5973.85986328125,2654.81005859375,10428.01953125,637.27001953125,11568.5400390625,2850.949951171875,2288.449951171875,656.72998046875,1830.4892578125,1213.0,,,,,,,3225.973876953125,373.4299926757813,214.009994506836,2990.800048828125,564.6900024414062,224.86080932617188,,6577.39990234375,5272.2099609375,14193.8798828125,4967.43994140625,5567.7900390625,3942.800048828125
2004-12-31,1211.9200439453125,4814.2998046875,4256.080078125,3821.159912109375,11488.759765625,1266.4959716796875,14230.1396484375,895.9199829101562,,9246.7001953125,4050.60009765625,26196.0,,9080.791015625,5693.2001953125,2066.139892578125,6139.662109375,348.0799865722656,12917.8798828125,1000.1940307617188,635.9500122070312,907.4299926757812,97.1,191.7,,1.16,77.59643,30903.0,2175.43994140625,651.5700073242188,650.989990234375,1801.239990234375,6197.830078125,2786.179931640625,10783.009765625,663.3099975585938,11971.1396484375,2932.6201171875,2431.3798828125,668.0999755859375,1822.361328125,1375.0,,,,,,,3067.535888671875,380.3299865722656,217.1000061035156,3064.43994140625,617.9400024414062,249.7156677246093,,6936.7998046875,5375.740234375,14742.5703125,4741.31982421875,6218.39990234375,4053.10009765625
2005-01-31,1181.27001953125,4852.2998046875,4254.85009765625,3913.68994140625,11387.58984375,1191.822998046875,13721.6904296875,932.7000122070312,,9204.099609375,4107.2998046875,24351.0,,9223.890625,5771.39990234375,2096.320068359375,5994.2021484375,360.4200134277344,13097.1201171875,1045.3944091796875,658.3900146484375,916.27001953125,95.5,191.6,,0.85,73.91848,31334.0,2062.409912109375,624.02001953125,633.989990234375,1809.8800048828125,6414.2900390625,2919.929931640625,10489.9404296875,645.969970703125,11642.5703125,2997.60009765625,2494.2099609375,701.9099731445312,2019.0408935546875,1374.0,,,,,,,3045.44580078125,472.9500122070313,227.72999572753903,3075.580078125,635.2999877929688,273.3025207519531,,7166.2001953125,5636.97021484375,15552.509765625,4721.52001953125,6747.39013671875,4106.7001953125
2005-02-28,1203.5999755859375,4968.5,4350.490234375,4027.159912109375,11740.599609375,1306.0030517578125,14195.349609375,1011.3599853515624,,9668.2998046875,4172.7998046875,28139.0,,9390.990234375,5931.2998046875,2119.39990234375,6207.80126953125,374.3699951171875,13789.4599609375,1073.7862548828125,672.3699951171875,907.3800048828124,94.1,192.4,,0.77,58.95005,31850.0,2051.719970703125,634.0599975585938,646.9299926757812,1895.199951171875,6271.6201171875,3145.159912109375,10766.23046875,666.8499755859375,11863.48046875,3106.5400390625,2703.969970703125,741.5499877929688,2079.455322265625,1559.0,,,,,,,3376.2822265625,498.3800048828125,233.07000732421875,3208.419921875,646.469970703125,283.96051025390625,,7254.0,5771.77978515625,18382.599609375,5152.3798828125,8260.0595703125,4156.5
2005-03-31,1180.5899658203125,4894.39990234375,4348.77001953125,4067.780029296875,11668.9501953125,1181.2359619140625,13516.8798828125,965.6799926757812,,9612.400390625,4109.7998046875,26611.0,,9258.7900390625,5929.7001953125,2141.429931640625,6005.85205078125,369.55999755859375,12676.900390625,1080.1229248046875,664.6400146484375,871.3499755859375,92.6,193.1,,0.7,57.55796,32302.0,1999.22998046875,615.0700073242188,635.780029296875,1961.68994140625,5984.8798828125,2854.909912109375,10503.759765625,658.8699951171875,11638.26953125,3125.669921875,2632.89990234375,681.489990234375,1954.1875,1400.0,,,,,,,3170.314697265625,455.0299987792969,233.8500061035156,3039.080078125,642.5499877929688,255.5766448974609,,7130.5,5693.169921875,17107.630859375,4792.77001953125,7770.330078125,4100.60009765625
2005-04-30,1156.8499755859375,4801.7001953125,4184.83984375,3911.7099609375,11008.900390625,1159.14599609375,13908.9697265625,911.2999877929688,,9369.2998046875,3983.199951171875,24844.0,,9001.5908203125,5870.7998046875,2125.25,5818.04345703125,348.20001220703125,12322.990234375,1029.5728759765625,676.7000122070312,878.9600219726562,87.7,193.7,,0.55,74.56597,30911.0,1921.6500244140625,579.3800048828125,623.3200073242188,1956.97998046875,5831.43994140625,2868.449951171875,10192.509765625,632.760009765625,11363.51953125,3039.7099609375,2566.0,658.8800048828125,1854.1531982421875,1348.0,,,,,,,3156.634521484375,424.3999938964844,223.13999938964844,2982.64990234375,657.1900024414062,235.9147491455078,,6728.89990234375,5488.27001953125,16377.740234375,4657.7001953125,7104.64990234375,3943.10009765625
2005-05-31,1191.5,4964.0,4460.6298828125,4120.72998046875,11276.58984375,1060.738037109375,13867.0703125,970.2100219726562,,9607.2998046875,4106.39990234375,25207.0,,9427.08984375,6127.2001953125,2161.77001953125,6011.5322265625,364.6799926757813,12964.3896484375,1088.1265869140625,699.2999877929688,860.72998046875,86.9,193.6,,0.4,70.50812,31739.0,2068.219970703125,616.7100219726562,644.280029296875,1968.780029296875,6215.68017578125,2959.530029296875,10467.48046875,670.0499877929688,11787.8095703125,3051.669921875,2791.389892578125,667.5499877929688,1928.884033203125,1486.0,,,,,,,2801.628662109375,471.4800109863281,237.7899932861328,3034.35009765625,679.969970703125,252.36366271972656,,7114.2998046875,5974.89990234375,16907.810546875,4593.02978515625,6857.669921875,4070.39990234375
2005-06-30,1191.3299560546875,5113.2001953125,4586.27978515625,4229.35009765625,11584.009765625,1080.93798828125,14201.0595703125,1008.1599731445312,,9902.7998046875,4277.5,25051.0,,9783.1904296875,6253.10009765625,2212.659912109375,6241.9111328125,383.8299865722656,13486.1298828125,1122.3323974609375,656.47998046875,888.3200073242188,96.0,193.7,,0.28,74.56133,32343.0,2056.9599609375,639.6599731445312,645.9199829101562,2056.840087890625,6540.7998046875,3060.72998046875,10274.9697265625,684.9400024414062,11876.740234375,3112.830078125,3049.909912109375,675.5,1923.7353515625,1367.0,,,,,,,2760.19921875,503.2099914550781,246.57000732421875,3246.489990234375,639.1799926757812,269.5715637207031,,7368.7001953125,6322.31982421875,18740.66015625,4861.8701171875,7450.1201171875,4229.89990234375
2005-07-31,1234.1800537109375,5282.2998046875,4886.5,4451.740234375,11899.599609375,1083.032958984375,14880.98046875,1111.2900390625,,10422.900390625,4388.7998046875,26042.0,,10115.58984375,6600.89990234375,2352.56005859375,6311.95068359375,395.7699890136719,14409.66015625,1182.2550048828125,696.1599731445312,937.3900146484376,96.5,194.9,,0.26,68.71645,33693.0,2184.830078125,679.75,670.260009765625,2175.06005859375,6770.1201171875,3271.780029296875,10640.91015625,720.3800048828125,12360.8095703125,3228.010009765625,3126.2099609375,675.6699829101562,1999.73583984375,1508.0,,,,,,,2887.53759765625,546.6799926757812,260.8699951171875,3359.280029296875,687.2999877929688,296.1514587402344,,7605.10009765625,6703.58984375,20722.640625,5263.41015625,7178.93017578125,4346.7001953125
2005-08-31,1220.3299560546875,5296.89990234375,4829.68994140625,4399.35986328125,12413.599609375,1162.7979736328125,14903.5498046875,1083.3299560546875,,10668.900390625,4446.7998046875,28045.0,,10008.890625,6517.2001953125,2275.429931640625,6033.4423828125,389.6000061035156,14243.1904296875,1050.049072265625,715.0700073242188,913.5599975585938,89.1,196.1,,0.18,64.39586,33520.0,2152.090087890625,666.510009765625,663.1300048828125,2086.25,6677.27978515625,3231.47998046875,10481.599609375,711.489990234375,12217.1298828125,3223.97998046875,3285.22998046875,697.8499755859375,1936.402099609375,1582.0,,,,,,,2950.396728515625,503.9500122070313,230.5599975585937,3353.110107421875,709.0499877929688,309.0783386230469,,7749.2001953125,6754.6201171875,21572.890625,5069.990234375,7796.85986328125,4413.5
2005-09-30,1228.81005859375,5477.7001953125,5044.1201171875,4600.02001953125,13574.2998046875,1155.614013671875,15428.51953125,1221.010009765625,,11011.7998046875,4641.2001953125,31584.0,,10813.8896484375,6898.89990234375,2305.139892578125,6118.58203125,402.989990234375,16120.080078125,1079.23291015625,753.5900268554688,927.5399780273438,76.9,198.8,,0.16,91.40605,34775.0,2151.68994140625,667.7999877929688,668.530029296875,2152.820068359375,6839.08984375,3381.9599609375,10568.7001953125,716.3300170898438,12289.259765625,3328.800048828125,3457.449951171875,723.22998046875,1941.5706787109373,1695.0,,,,,,,2903.07763671875,571.9500122070312,235.8099975585937,3452.7900390625,752.6900024414062,333.3302307128906,,7951.10009765625,7105.4501953125,22948.689453125,5227.27978515625,8225.66015625,4592.60009765625
2005-10-31,1207.010009765625,5317.2998046875,4929.06982421875,4436.4501953125,13606.5,1092.8170166015625,14386.3701171875,1158.1099853515625,,10383.2998046875,4459.7001953125,30194.0,,10493.7890625,7036.60009765625,2216.77001953125,5764.27392578125,394.1600036621094,15759.73046875,1066.1824951171875,765.3699951171875,910.760009765625,74.2,199.1,,0.17,76.16369,32782.0,2120.300048828125,646.6099853515625,656.0900268554688,2072.639892578125,6576.22998046875,3307.320068359375,10440.0703125,700.3800048828125,12063.240234375,3264.260009765625,3298.739990234375,682.6199951171875,1959.716064453125,1609.0,,,,,,,2662.26025390625,587.4600219726562,227.8300018310547,3293.159912109375,763.3300170898438,319.6383056640625,,7711.10009765625,6784.33984375,20525.529296875,4770.3701171875,8247.3701171875,4412.7001953125
2005-11-30,1249.47998046875,5423.2001953125,5193.39990234375,4567.41015625,14872.150390625,1099.260986328125,14937.1396484375,1297.43994140625,,10824.099609375,4634.7998046875,31917.0,,10557.7890625,7407.5,2300.25,6203.44140625,418.7900085449219,16830.9609375,1096.5982666015625,790.5499877929688,896.1300048828125,81.6,198.1,,0.07,72.21598,34090.0,2232.820068359375,677.2899780273438,679.3499755859375,2027.6099853515625,6860.68017578125,3441.639892578125,10805.8701171875,733.6599731445312,12521.919921875,3394.139892578125,3493.3701171875,667.75,2106.818359375,1555.0,,,,,,,2676.820068359375,712.3900146484375,237.3300018310547,3317.77001953125,784.6799926757812,380.8849792480469,,8327.900390625,7087.89013671875,21174.349609375,5032.2099609375,9026.58984375,4583.60009765625
2005-12-31,1248.2900390625,5618.7998046875,5408.259765625,4715.22998046875,16111.4296875,1161.0570068359375,14876.4296875,1379.3699951171875,,11272.2998046875,4763.39990234375,33456.0,,10733.8896484375,7583.89990234375,2347.340087890625,6548.3095703125,436.7799987792969,17802.7109375,1162.5897216796875,822.989990234375,899.7899780273438,91.5,198.1,,-0.02,78.04893,35704.0,2205.320068359375,673.219970703125,679.4199829101562,1964.469970703125,7363.9599609375,3663.89990234375,10717.5,738.0499877929688,12517.6904296875,3549.25,3667.030029296875,713.72998046875,2095.501220703125,1543.0,,,,,,,2863.578125,701.7899780273438,254.3500061035156,3370.510009765625,823.4199829101562,397.77490234375,,8794.2998046875,7311.52978515625,20784.740234375,5330.33984375,9556.6103515625,4708.7998046875
2006-01-31,1280.0799560546875,5760.2998046875,5674.14990234375,4947.990234375,16649.8203125,1258.0460205078125,15753.1396484375,1399.8299560546875,,11945.599609375,4929.60009765625,38383.0,,11104.2880859375,7810.89990234375,2412.080078125,6532.14990234375,450.5,18907.099609375,1232.273193359375,844.4099731445312,914.010009765625,91.2,199.3,,-0.01,79.17535,36654.0,2305.820068359375,733.2000122070312,697.7899780273438,2118.4599609375,7562.3701171875,3977.840087890625,10864.8603515625,781.02001953125,12953.6298828125,3744.6298828125,3969.360107421875,762.6300048828125,2144.83837890625,1794.0,,,,,,,3242.313720703125,690.239990234375,271.6300048828125,3350.64990234375,823.5700073242188,445.8996276855469,,9172.599609375,8004.080078125,22202.69921875,6277.0498046875,10523.3701171875,4880.2001953125
2006-02-28,1280.6600341796875,5791.5,5796.0400390625,5000.4501953125,16205.4296875,1299.030029296875,15918.48046875,1371.5899658203125,,11688.2998046875,4921.2998046875,38610.0,,11740.6884765625,7892.60009765625,2481.9599609375,6561.599609375,458.7200012207031,18706.3203125,1230.6160888671875,823.2100219726562,928.9400024414062,86.7,199.4,,-0.14,72.69299,37650.0,2281.389892578125,730.6400146484375,697.8300170898438,2166.840087890625,7928.2998046875,4202.85009765625,10993.41015625,773.5999755859375,12922.26953125,3839.25,4068.469970703125,744.0499877929688,2122.414306640625,1714.0,,,,,,,3351.602294921875,682.3599853515625,270.4200134277344,3404.929931640625,799.9000244140625,470.156494140625,,9448.2998046875,8357.0400390625,23219.990234375,6506.18017578125,11456.1201171875,4878.39990234375
2006-03-31,1294.8699951171875,5964.60009765625,5970.080078125,5220.85009765625,17059.66015625,1298.2950439453125,15805.0400390625,1359.5999755859375,,12110.599609375,5129.7001953125,37952.0,,11854.2880859375,8023.2998046875,2533.39990234375,6613.93994140625,468.6900024414063,19272.630859375,1322.9224853515625,835.780029296875,926.6300048828124,88.9,199.7,,0.04,64.22933,37928.0,2339.7900390625,765.1400146484375,706.75,2181.9599609375,8066.10009765625,4122.33984375,11109.3203125,792.1099853515625,13155.4404296875,3912.280029296875,4139.830078125,733.25,2195.385498046875,1801.0,,,,,,,3516.3603515625,665.2100219726562,292.57000732421875,3702.47998046875,813.8200073242188,429.1107177734375,,9850.2998046875,8669.990234375,23065.08984375,6703.77978515625,11485.900390625,5087.2001953125
2006-04-30,1310.6099853515625,6023.10009765625,6009.89013671875,5188.39990234375,16906.23046875,1440.2230224609375,16661.30078125,1419.72998046875,,12204.2001953125,5258.7998046875,40363.0,,11892.48828125,8047.2998046875,2610.7099609375,7171.73681640625,469.3999938964844,20646.189453125,1464.3489990234375,879.9199829101562,949.22998046875,87.4,200.7,,0.2,79.76153,37773.0,2322.570068359375,764.5399780273438,714.3699951171875,2201.56005859375,7930.990234375,4139.9599609375,11367.1396484375,802.6900024414062,13280.9296875,3911.06005859375,4174.1201171875,768.2899780273438,2269.9462890625,1909.0,,,,,,,3848.056884765625,685.4400024414062,325.1000061035156,3795.169921875,860.780029296875,438.8016662597656,,9878.7001953125,8760.73046875,24356.2890625,6835.14990234375,11342.169921875,5207.0
2006-05-31,1270.0899658203125,5723.7998046875,5692.85986328125,4930.18017578125,15467.330078125,1641.300048828125,15857.8896484375,1317.699951171875,,11744.5,5001.7001953125,36530.0,,11340.48828125,7604.39990234375,2383.8701171875,6846.91845703125,440.4100036621094,18677.919921875,1329.944091796875,868.8699951171875,927.780029296875,79.1,201.3,,0.08,70.83626,36450.0,2178.8798828125,721.010009765625,691.780029296875,2156.530029296875,7605.85986328125,3753.2099609375,11168.3095703125,765.5599975585938,12841.6904296875,3675.800048828125,3743.22998046875,709.4299926757812,2295.519775390625,1654.0,,,,,,,4292.0517578125,630.5,294.04998779296875,3613.590087890625,852.1500244140625,381.3199768066406,,9298.2001953125,8135.2099609375,21244.1796875,6665.89990234375,9800.6904296875,4972.2998046875
2006-06-30,1270.199951171875,5833.39990234375,5683.31005859375,4965.9599609375,15505.1796875,1672.2110595703125,16267.6201171875,1295.1500244140625,,11612.900390625,5073.89990234375,36631.0,,11548.087890625,7652.10009765625,2435.389892578125,6704.37890625,440.25,19147.169921875,1310.2120361328125,793.5700073242188,914.6900024414062,84.9,201.8,,-0.01,79.49433,36444.0,2172.090087890625,724.6699829101562,691.8099975585938,2126.02001953125,7516.27978515625,3693.75,11150.2197265625,764.8699951171875,12849.2900390625,3703.320068359375,3745.719970703125,678.1300048828125,2178.22998046875,1711.0,,,,,,,4301.61181640625,590.6799926757812,289.7300109863281,3585.8701171875,779.6900024414062,354.5310974121094,,9422.7001953125,7887.02001953125,21407.029296875,6784.60009765625,9989.41015625,5034.0
2006-07-31,1276.6600341796875,5928.2998046875,5681.97021484375,5009.419921875,15456.8095703125,1612.7330322265625,16971.33984375,1297.8199462890625,,11831.0,4986.0,37077.0,,11817.98828125,7941.7998046875,2445.429931640625,6454.55029296875,454.05999755859375,20095.9296875,1351.596435546875,815.469970703125,935.8499755859376,84.7,202.9,,0.02,80.56231,36606.0,2091.469970703125,700.5599975585938,692.5900268554688,2131.580078125,7507.18017578125,3747.97998046875,11185.6796875,742.510009765625,12789.669921875,3795.909912109375,3716.0,691.489990234375,2390.225341796875,1702.0,,,,,,,3946.85546875,557.6599731445312,299.07000732421875,3580.56005859375,801.1099853515625,360.6770629882813,,9355.599609375,7869.43017578125,22594.2890625,6829.490234375,10497.66015625,4957.10009765625
2006-08-31,1303.8199462890625,5906.10009765625,5859.56982421875,5165.0400390625,16140.759765625,1658.637939453125,17392.26953125,1352.739990234375,,12073.7998046875,5115.39990234375,36232.0,,12144.6875,8168.0,2482.389892578125,6611.73974609375,469.010009765625,21049.349609375,1431.206298828125,820.0,958.1199951171876,82.0,203.8,,-0.05,72.76996,37938.0,2183.75,720.530029296875,707.5499877929688,2206.3701171875,8045.0498046875,3868.6201171875,11381.150390625,749.9600219726562,13062.5400390625,3906.010009765625,3735.639892578125,690.9000244140625,2311.635498046875,1663.0,,,,,,,4178.79296875,572.8300170898438,317.6099853515625,3510.27001953125,803.739990234375,372.8570251464844,,9601.2001953125,8158.10009765625,22130.869140625,6882.16015625,10063.5400390625,5079.7998046875
2006-09-30,1335.8499755859375,5960.7998046875,6004.330078125,5250.009765625,16127.580078125,1752.4239501953125,17543.05078125,1371.4100341796875,,11761.2998046875,5154.10009765625,36449.0,,12934.6875,8425.900390625,2568.860107421875,6883.01806640625,483.6199951171875,21937.109375,1534.5552978515625,846.0900268554688,967.5499877929688,85.4,202.8,,-0.07,67.06754,38475.0,2258.429931640625,725.5900268554688,723.47998046875,2280.47998046875,8223.83984375,3931.050048828125,11679.0703125,754.25,13345.9697265625,4070.780029296875,3868.27001953125,686.0999755859375,2556.052734375,1637.0,,,,,,,4326.7314453125,600.4199829101562,336.4700012207031,3589.340087890625,836.2999877929688,369.2470397949219,,9996.7998046875,8546.8095703125,21755.029296875,7097.25,10512.51953125,5113.0
2006-10-31,1377.93994140625,6129.2001953125,6268.919921875,5348.72998046875,16399.390625,1837.9930419921875,18324.349609375,1364.550048828125,,12344.599609375,5384.39990234375,39263.0,,13752.986328125,8569.7001953125,2701.75,7021.2880859375,486.5700073242188,23046.94921875,1582.564453125,914.1300048828124,988.2999877929688,93.6,201.9,,-0.1,63.46447,39558.0,2366.7099609375,766.8400268554688,747.2999877929688,2380.260009765625,8621.330078125,4128.60009765625,12080.73046875,785.010009765625,13829.0703125,4144.3798828125,4098.27978515625,722.4600219726562,2707.8037109375,1782.0,,,,,,,4621.92822265625,586.0999755859375,345.8500061035156,3784.5,897.3900146484375,405.8208312988281,,10372.2001953125,8659.919921875,22391.4296875,7484.35009765625,11327.7099609375,5352.89990234375
2006-11-30,1400.6300048828125,6048.89990234375,6309.18994140625,5327.64013671875,16274.330078125,2099.2890625,18960.48046875,1432.2099609375,,12752.400390625,5482.10009765625,41932.0,,13849.2861328125,8484.599609375,2838.530029296875,7567.68505859375,477.6700134277344,24962.009765625,1718.8941650390625,936.1300048828124,1080.6600341796875,92.1,202.0,,-0.16,62.51985,40270.0,2431.77001953125,786.1199951171875,761.4400024414062,2559.669921875,8694.330078125,4220.5,12221.9296875,809.2000122070312,14116.7099609375,4140.2998046875,4093.260009765625,739.0599975585938,2787.7431640625,1967.0,,,,,,,5666.9365234375,622.1699829101562,376.9299926757813,3863.7099609375,929.5900268554688,381.6829833984375,,10673.900390625,8780.16015625,22880.669921875,8546.599609375,10619.4697265625,5461.60009765625
2006-12-31,1418.300048828125,6220.7998046875,6596.919921875,5541.759765625,17225.830078125,2675.47412109375,19964.720703125,1434.4599609375,,12908.400390625,5669.89990234375,44474.0,,14146.4853515625,8785.7001953125,2985.830078125,7823.68408203125,495.3399963378906,26448.3203125,1805.45263671875,925.5999755859376,1096.239990234375,91.7,203.1,,-0.11,63.37041,41434.0,2415.2900390625,787.6599731445312,770.0800170898438,2693.219970703125,9408.1201171875,4394.1298828125,12463.150390625,804.3699951171875,14257.5498046875,4388.52978515625,4463.47021484375,679.8400268554688,2981.773193359375,2091.0,,,,,,,6647.0654296875,606.1500244140625,393.1099853515625,4055.469970703125,928.8200073242188,391.17291259765625,,11177.7998046875,9404.8896484375,24844.3203125,10340.3603515625,10040.5,5644.2998046875
2007-01-31,1438.239990234375,6203.10009765625,6789.10986328125,5608.31005859375,17383.419921875,2786.3349609375,20106.419921875,1360.22998046875,,13034.099609375,5773.39990234375,44642.0,,14553.185546875,9135.099609375,3125.56005859375,7699.60498046875,499.80999755859375,27561.490234375,1757.189697265625,958.260009765625,1189.3499755859375,96.9,203.437,,-0.11,79.01967,42197.0,2463.929931640625,800.3400268554688,784.1099853515625,2895.280029296875,9205.16015625,4710.240234375,12621.6904296875,833.02001953125,14531.919921875,4433.56982421875,4522.009765625,654.0399780273438,3238.437255859375,2071.0,,,,,,,7632.8544921875,576.3699951171875,377.1000061035156,4152.97998046875,951.1099853515624,411.8237915039063,,11100.2998046875,9785.419921875,24059.380859375,9602.400390625,11272.330078125,5757.7001953125
2007-02-28,1406.8199462890625,6171.5,6715.43994140625,5516.31982421875,17604.119140625,2881.072998046875,19651.509765625,1417.3399658203125,,13045.0,5832.5,43892.0,,14248.3857421875,8789.7001953125,3104.14990234375,7901.9228515625,490.2099914550781,26638.94921875,1740.9031982421875,970.719970703125,1196.449951171875,91.3,204.226,,-0.09,57.20262,41155.0,2416.14990234375,793.2999877929688,768.6599731445312,2811.6201171875,9408.6796875,4503.9599609375,12268.6298828125,838.0999755859375,14271.6103515625,4305.22998046875,4335.47998046875,677.1300048828125,3066.661376953125,2068.0,,,,,,,8039.60986328125,600.9299926757812,367.80999755859375,4037.1298828125,971.5999755859376,414.3078002929688,,11082.900390625,9694.990234375,23371.220703125,9283.669921875,11180.01953125,5816.5
2007-03-31,1420.8599853515625,6308.0,6917.02978515625,5634.16015625,17287.650390625,3183.98291015625,19800.9296875,1452.550048828125,,13165.5,5995.0,45805.0,4181.02978515625,14641.685546875,8977.0,3231.239990234375,7884.373046875,510.5,28747.689453125,1830.8526611328125,994.5,1246.8699951171875,88.4,205.288,,0.07,69.88729,41771.0,2421.639892578125,800.7100219726562,775.969970703125,2929.0,9375.2998046875,4643.14013671875,12354.349609375,848.469970703125,14409.26953125,4471.64990234375,4645.5,673.7100219726562,3202.7265625,2103.0,,,,,,,8549.1044921875,648.989990234375,390.9200134277344,4107.14013671875,997.2100219726562,436.6086730957031,,11689.2998046875,10201.23046875,23423.19921875,9616.2099609375,11271.58984375,5978.7998046875
2007-04-30,1482.3699951171875,6449.2001953125,7408.8701171875,5960.0400390625,17400.41015625,3841.27197265625,20318.98046875,1542.239990234375,,13416.7001953125,6166.0,48956.0,4392.33984375,14374.5849609375,9428.2998046875,3361.2900390625,7875.38330078125,530.8099975585938,28996.7109375,1999.0892333984373,1066.56005859375,1322.25,87.1,205.904,,0.03,62.50171,43755.0,2525.090087890625,814.5700073242188,807.8200073242188,3161.219970703125,9470.48046875,4736.830078125,13062.91015625,873.6599731445312,14952.349609375,4614.759765625,4738.509765625,699.1599731445312,3269.88916015625,2155.0,,,,,,,10865.7578125,675.8800048828125,424.5700073242188,4194.64013671875,1063.8599853515625,449.8426208496094,,11929.400390625,10740.990234375,25424.80078125,10035.009765625,12369.7001953125,6158.2998046875
2007-05-31,1530.6199951171875,6621.5,7883.0400390625,6104.0,17875.75,4109.65380859375,20634.470703125,1700.9100341796875,,14056.7998046875,6313.5,52268.0,4512.64990234375,15329.384765625,9450.7998046875,3511.1298828125,8144.91259765625,540.3900146484375,31398.9609375,2084.242919921875,1117.02001953125,1346.8900146484375,88.3,206.755,,-0.02,74.68187,43079.0,2604.52001953125,847.1799926757812,835.1400146484375,3279.530029296875,9854.8603515625,4972.18994140625,13627.6396484375,916.2999877929688,15462.16015625,4697.85986328125,4885.3798828125,737.4000244140625,3473.776611328125,2243.0,,,,,,,12944.0859375,747.8699951171875,433.4500122070313,4302.35009765625,1126.3699951171875,470.8125,,12111.099609375,11054.0595703125,26706.1796875,10739.3203125,12961.1396484375,6341.7998046875
2007-06-30,1503.3499755859375,6607.89990234375,8007.31982421875,6054.93017578125,18138.359375,3820.702880859375,21772.73046875,1743.5999755859375,,13906.599609375,6274.89990234375,54392.0,4489.77001953125,14891.9853515625,9209.400390625,3548.199951171875,8883.1689453125,548.2100219726562,31151.05078125,2139.19482421875,1102.18994140625,1354.3800048828125,85.3,207.234,,0.16,73.29654,41954.0,2603.22998046875,833.7000122070312,818.1799926757812,3470.179931640625,9306.25,4843.77978515625,13408.6201171875,895.510009765625,15210.650390625,4639.39990234375,4869.259765625,776.7899780273438,3659.9189453125,2191.0,,,,,,,12546.3095703125,778.6900024414062,442.1199951171875,4234.2900390625,1112.9200439453125,470.93450927734375,,11527.599609375,11023.9404296875,28929.73046875,12001.1201171875,13772.4599609375,6310.60009765625
2007-07-31,1455.27001953125,6360.10009765625,7584.14013671875,5751.080078125,17248.890625,4471.0322265625,23184.939453125,1933.27001953125,,13868.599609375,6144.2001953125,54183.0,4315.68994140625,14802.3857421875,8885.0,3547.659912109375,9287.2080078125,533.989990234375,30659.66015625,2348.58154296875,1103.0999755859375,1373.7099609375,90.4,207.603,,0.22,59.32398,40221.0,2546.27001953125,776.1199951171875,792.1099853515625,3340.429931640625,8563.3896484375,4917.5,13211.990234375,856.3300170898438,14682.66015625,4384.47021484375,4685.240234375,859.760009765625,3500.2998046875,2180.0,,,,,,,15199.3896484375,811.52001953125,487.5899963378906,4213.2998046875,1120.7099609375,528.2462158203125,,11337.5,10747.419921875,29264.900390625,13363.9599609375,13739.5302734375,6187.5
2007-08-31,1473.989990234375,6303.2998046875,7638.169921875,5662.7001953125,16569.08984375,5218.8251953125,23984.140625,1873.239990234375,,13660.5,6247.2001953125,54637.0,4294.56005859375,14479.78515625,8881.5,3392.909912109375,8982.119140625,522.72998046875,30347.859375,2194.253662109375,1034.6700439453125,1273.9300537109375,83.4,207.667,,0.39,89.10405,40187.0,2596.360107421875,792.8599853515625,802.8200073242188,3310.139892578125,8400.9296875,4912.52978515625,13357.740234375,863.0,14847.7001953125,4350.830078125,4579.60986328125,813.2100219726562,3364.4248046875,2062.0,,,,,,,17871.908203125,775.1300048828125,457.9599914550781,4118.97021484375,1056.5799560546875,501.98333740234375,,11309.2001953125,10286.0703125,27404.169921875,14338.83984375,12214.259765625,6248.2998046875
2007-09-30,1526.75,6466.7998046875,7861.509765625,5715.68994140625,16785.689453125,5552.30078125,27142.470703125,1946.47998046875,5021.35009765625,14098.900390625,6567.7998046875,60465.0,4381.7099609375,14576.4853515625,8933.5,3706.22998046875,9411.908203125,540.97998046875,30296.189453125,2359.1142578125,1095.3699951171875,1336.300048828125,83.4,208.547,,0.62,100.74438,39889.0,2701.5,805.4500122070312,830.5900268554688,3249.0,7883.669921875,5123.35986328125,13895.6298828125,885.0599975585938,15362.01953125,4325.2900390625,4527.2998046875,845.5,3571.9814453125,2188.0,,,,,,,18864.33984375,794.5599975585938,498.7099914550781,4268.89990234375,1130.4200439453125,540.4391479492188,,11037.400390625,10334.740234375,28413.119140625,17017.939453125,13353.6796875,6580.89990234375
2007-10-31,1549.3800048828125,6721.60009765625,8019.22021484375,5847.9501953125,16737.630859375,5954.76513671875,31352.580078125,2064.85009765625,5900.64990234375,14625.0,6754.10009765625,65318.0,4489.7900390625,15890.484375,9019.599609375,3805.699951171875,9711.3251953125,547.8499755859375,31458.669921875,2643.384033203125,1189.0400390625,1413.6500244140625,80.9,209.19,,0.54,89.45453,40512.0,2859.1201171875,828.02001953125,844.2000122070312,3451.179931640625,7911.1201171875,5334.5,13930.009765625,907.7000122070312,15673.3603515625,4441.81982421875,4871.7099609375,907.280029296875,3758.003662109375,2351.0,,,,,,,19530.931640625,810.0700073242188,575.510009765625,4209.06982421875,1237.1300048828125,576.1539306640625,,11666.0,10640.009765625,27382.169921875,20081.75,14321.3896484375,6779.10009765625
2007-11-30,1481.1400146484375,6432.5,7870.52001953125,5670.56982421875,15680.669921875,4871.77783203125,28643.609375,1906.0,5762.75,13689.099609375,6533.10009765625,63006.0,4394.9501953125,15759.884765625,8828.400390625,3521.27001953125,8586.3603515625,507.5799865722656,29770.51953125,2688.227294921875,1133.1099853515625,1396.97998046875,76.1,210.834,,0.93,102.44111,38975.0,2660.9599609375,767.77001953125,806.4400024414062,3204.469970703125,7207.0498046875,5053.8701171875,13371.7197265625,860.739990234375,14932.669921875,4162.5,4471.830078125,846.4400024414062,3577.630126953125,2207.0,,,,,,,15637.4853515625,741.8400268554688,591.8699951171875,4062.889892578125,1187.56005859375,542.1351318359375,,10748.7998046875,9865.490234375,25758.439453125,17178.490234375,13998.51953125,6593.60009765625
2007-12-31,1468.3599853515625,6456.89990234375,8067.31982421875,5614.080078125,15307.7802734375,5261.56298828125,27812.650390625,1897.1300048828125,6138.60009765625,13833.099609375,6339.7998046875,63886.0,4399.72021484375,15182.2841796875,8484.5,3482.300048828125,8506.240234375,515.77001953125,29536.830078125,2745.718994140625,1154.5899658203125,1445.030029296875,75.5,211.445,,0.99,108.54379,38554.0,2652.280029296875,766.030029296875,799.8200073242188,3051.830078125,6934.35009765625,5178.830078125,13264.8203125,858.2000122070312,14819.580078125,4127.47021484375,4512.97998046875,858.0999755859375,3620.669189453125,2152.0,,,,,,,17700.419921875,704.22998046875,599.8200073242188,4041.3798828125,1217.0699462890625,555.3780517578125,,10657.7998046875,9864.6201171875,26235.630859375,16124.7197265625,14077.16015625,6421.0
2008-01-31,1378.550048828125,5879.7998046875,6851.75,4869.7900390625,13592.4697265625,4383.39306640625,23455.740234375,1624.6800537109375,5137.4501953125,13155.099609375,5650.2998046875,59490.0,3792.800048828125,13228.986328125,7670.39990234375,2981.75,7521.09521484375,441.3299865722656,28793.640625,2627.148681640625,1003.469970703125,1393.25,78.4,212.174,,1.5,144.98473,34230.0,2389.860107421875,713.2999877929688,750.969970703125,2788.340087890625,6664.47998046875,4362.7900390625,12650.3603515625,804.6400146484375,13896.650390625,3722.22998046875,3841.9599609375,784.22998046875,3265.160400390625,2007.0,,,,,,,15857.5322265625,608.8400268554688,564.3200073242188,3670.639892578125,1061.0,426.9737548828125,1276.2896728515625,9881.7998046875,8718.8095703125,23475.44921875,12485.0703125,14016.9404296875,5697.0
2008-02-29,1330.6300048828125,5884.2998046875,6748.1298828125,4790.66015625,13603.01953125,4348.54296875,24331.669921875,1711.6199951171875,5223.5,13582.7001953125,5572.10009765625,63489.0,3724.5,13170.38671875,7533.89990234375,3026.449951171875,8412.7197265625,446.5299987792969,28918.51953125,2721.838134765625,1034.010009765625,1357.4000244140625,70.8,212.687,,1.88,108.10469,33587.0,2271.47998046875,686.1799926757812,726.4199829101562,2836.830078125,6415.1201171875,4133.02978515625,12266.3896484375,788.510009765625,13455.9599609375,3757.1201171875,3871.510009765625,845.760009765625,3129.185302734375,2162.0,,,,,,,15823.7021484375,655.9400024414062,590.77001953125,3582.719970703125,1109.9599609375,447.7666320800781,1255.763671875,10067.900390625,9093.5400390625,23501.609375,13931.8798828125,14934.2998046875,5674.7001953125
2008-03-31,1322.699951171875,5702.10009765625,6534.97021484375,4707.06982421875,12525.5400390625,3472.712890625,22849.19921875,1703.989990234375,4734.5,13350.099609375,5355.7001953125,60968.0,3628.06005859375,13268.986328125,7224.2998046875,3007.360107421875,8572.5498046875,442.4299926757813,30912.990234375,2447.203857421875,928.0599975585938,1247.52001953125,69.5,213.448,,1.83,111.71236,31616.0,2279.10009765625,687.969970703125,720.3200073242188,2902.02001953125,6177.0498046875,3985.969970703125,12262.8896484375,779.510009765625,13332.009765625,3719.52001953125,3765.909912109375,817.030029296875,2983.902587890625,2104.0,,,,,,,13301.990234375,644.4500122070312,525.4099731445312,3470.429931640625,997.1599731445312,390.1519165039063,1162.0374755859375,10013.2001953125,8787.3798828125,21710.51953125,12083.2998046875,15125.8896484375,5409.7001953125
2008-04-30,1385.5899658203125,6087.2998046875,6948.81982421875,4996.5400390625,13849.990234375,3693.10595703125,25755.349609375,1825.469970703125,5165.89990234375,13937.0,5595.39990234375,67868.0,3825.02001953125,13798.2861328125,7529.0,3147.7900390625,8919.87890625,475.55999755859375,30281.41015625,2304.42626953125,996.1699829101562,1279.8599853515625,62.6,213.942,,1.48,102.1969,33954.0,2412.800048828125,716.1799926757812,756.030029296875,2989.409912109375,6338.52001953125,4214.16015625,12820.1298828125,838.8400268554688,13991.1201171875,3925.429931640625,4264.7900390625,832.4500122070312,2749.063232421875,2096.0,,,,,,,13504.73828125,647.02001953125,493.4599914550781,3624.800048828125,1080.5,434.6786804199219,1299.00341796875,10122.2998046875,9353.6103515625,22582.26953125,14230.25,15122.4697265625,5657.0
2008-05-31,1400.3800048828125,6053.5,7096.7900390625,5014.27978515625,14338.5400390625,3433.35400390625,24533.119140625,1852.02001953125,4870.10009765625,14714.7001953125,5654.7001953125,72593.0,3777.85009765625,13600.88671875,7511.2998046875,3192.6201171875,8619.0400390625,485.5199890136719,31975.470703125,2444.254150390625,1035.6800537109375,1276.0999755859375,59.8,215.208,,1.4,94.28405,33225.0,2522.659912109375,748.280029296875,768.280029296875,3048.85009765625,6105.8701171875,4176.509765625,12638.3203125,881.9600219726562,14260.759765625,3751.409912109375,4394.7099609375,833.6500244140625,2826.713134765625,2206.0,,,,,,,12048.1044921875,652.1500244140625,518.3599853515625,3624.22998046875,1117.6300048828125,399.6939086914063,1345.2353515625,10049.2998046875,9685.41015625,22580.48046875,13770.509765625,12130.509765625,5773.89990234375
2008-06-30,1280.0,5625.89990234375,6418.31982421875,4434.85009765625,13481.3798828125,2736.10302734375,22102.009765625,1674.9200439453125,4040.550048828125,14467.0,5215.2998046875,65018.0,3352.81005859375,12046.1884765625,6958.509765625,2947.5400390625,7523.50537109375,425.9299926757813,29395.490234375,2349.013427734375,987.510009765625,1186.5699462890625,56.4,217.463,,1.36,94.55676,29346.0,2292.97998046875,689.6599731445312,703.219970703125,2999.89990234375,5209.56982421875,3439.7099609375,11350.009765625,818.989990234375,13073.5400390625,3168.219970703125,3943.14990234375,768.5900268554688,2459.34765625,2108.0,,,,,,,9370.6748046875,590.1900024414062,495.1700134277344,3194.610107421875,1085.6400146484375,350.89312744140625,1263.394287109375,9145.7998046875,9035.08984375,20387.51953125,11909.75,12289.0302734375,5332.89990234375
2008-07-31,1267.3800048828125,5411.89990234375,6479.56005859375,4392.35986328125,13376.8095703125,2775.717041015625,22731.099609375,1594.6700439453125,4332.9501953125,13592.900390625,4977.39990234375,59505.0,3367.820068359375,11881.2880859375,7141.2099609375,2929.64990234375,7024.0283203125,399.9500122070313,27501.01953125,2304.418212890625,948.0599975585938,1163.0899658203125,61.2,219.016,,1.47,109.78898,28331.0,2325.550048828125,714.52001953125,694.0700073242188,3014.800048828125,4371.6201171875,3394.639892578125,11378.01953125,803.010009765625,12946.8896484375,2994.3798828125,3659.739990234375,676.3200073242188,2576.4375,1920.0,,,,,,,9470.2236328125,539.4400024414062,481.2999877929688,3336.280029296875,1034.969970703125,422.0057678222656,1229.234375,8856.7001953125,8280.1103515625,22209.140625,12506.740234375,10583.580078125,5052.60009765625
2008-08-31,1282.8299560546875,5636.60009765625,6422.2998046875,4482.60009765625,13072.8701171875,2397.368896484375,21261.890625,1474.239990234375,4360.0,13771.2998046875,5135.60009765625,55680.0,3365.6298828125,11707.2880859375,7238.740234375,2739.949951171875,7046.078125,412.8399963378906,26290.990234375,2165.85888671875,922.4199829101562,1100.5,63.0,218.69,,1.47,95.87075,28789.0,2367.52001953125,739.5,702.1699829101562,2895.2099609375,4494.919921875,3292.68994140625,11543.9599609375,815.5999755859375,13124.490234375,3136.0,3613.320068359375,684.4400024414062,2687.39892578125,1777.0,,,,,,,8004.15087890625,470.2799987792969,449.6600036621094,3353.239990234375,1012.9199829101562,398.4429016113281,1183.6102294921875,9381.7998046875,8681.8203125,21007.220703125,11664.4296875,9208.259765625,5215.5
2008-09-30,1166.3599853515625,4902.5,5831.02001953125,4032.10009765625,11259.8603515625,2293.783935546875,18016.2109375,1448.06005859375,3921.199951171875,11752.900390625,4600.5,49541.0,3038.199951171875,10987.4892578125,6654.89013671875,2358.909912109375,5719.25439453125,331.45001220703125,24888.900390625,1846.01904296875,812.77001953125,1018.6799926757812,70.3,218.877,,1.85,187.7403,25530.0,2091.8798828125,679.5800170898438,633.3200073242188,2753.31005859375,3550.6298828125,2856.469970703125,10850.66015625,727.2899780273438,11875.41015625,2672.199951171875,2767.760009765625,596.5399780273438,2568.9892578125,1598.0,,,,,,,7559.18505859375,440.7699890136719,373.0400085449219,3090.219970703125,896.989990234375,360.5110778808594,1034.4222412109375,7888.2001953125,6956.77001953125,18868.900390625,9070.3095703125,9179.6796875,4631.2998046875
2008-10-31,968.75,4377.2998046875,4987.97021484375,3487.070068359375,8576.98046875,1728.7860107421875,13968.669921875,1113.06005859375,2885.60009765625,9762.7998046875,4018.0,37257.0,2591.760009765625,9115.9912109375,6153.2099609375,1794.199951171875,4870.6376953125,267.69000244140625,20445.3203125,1256.655029296875,645.6900024414062,863.6099853515625,57.6,216.995,,2.45,189.91729,21367.0,1720.949951171875,537.52001953125,522.469970703125,2489.590087890625,3029.4599609375,2060.31005859375,9325.009765625,568.489990234375,9768.6396484375,2100.179931640625,1997.9000244140625,416.5299987792969,1950.58837890625,1011.0,,,,,,,5839.2646484375,308.0299987792969,241.3500061035156,2820.860107421875,725.469970703125,278.3275451660156,825.89208984375,6282.60009765625,5503.56982421875,13505.7001953125,6611.14990234375,9182.8798828125,3982.699951171875
2008-11-30,896.239990234375,4288.0,4669.43994140625,3262.679931640625,8512.26953125,1871.156005859375,13888.240234375,1076.0699462890625,2755.10009765625,9270.599609375,3742.5,36596.0,2430.31005859375,8910.5908203125,5816.60009765625,1732.5699462890625,4460.4697265625,252.5500030517578,20534.720703125,1241.49267578125,575.3900146484375,866.1400146484375,55.3,213.153,,1.93,148.84257,19985.0,1535.5699462890625,473.1400146484375,481.4299926757813,2406.260009765625,2538.489990234375,1913.52001953125,8829.0400390625,514.5599975585938,8945.2197265625,1881.4599609375,1801.0999755859375,401.8399963378906,1971.0631103515625,994.0,,641.739990234375,,,,,6658.43505859375,307.4800109863281,241.5,2710.9599609375,648.25,257.14862060546875,796.1554565429688,6093.2998046875,5355.58984375,12694.740234375,7207.47998046875,9187.099609375,3672.699951171875
2008-12-31,903.25,4434.2001953125,4810.2001953125,3217.969970703125,8859.5595703125,1820.8050537109373,14387.48046875,1124.469970703125,2959.14990234375,8987.7001953125,3722.300048828125,37550.0,2451.47998046875,9195.7900390625,5534.52978515625,1761.56005859375,4591.19921875,245.94000244140625,22380.3203125,1355.355224609375,564.0900268554688,876.75,60.1,211.398,,1.49,145.9947,19460.0,1577.030029296875,499.4500122070313,487.7699890136719,2376.419921875,2343.27001953125,1786.510009765625,8776.3896484375,538.280029296875,9087.169921875,1908.6400146484373,1750.8299560546875,449.9599914550781,1872.3685302734373,1080.0,,662.3300170898438,,,,,6485.43701171875,332.04998779296875,270.2300109863281,2715.7099609375,654.8499755859375,268.6395568847656,819.9354248046875,6360.89990234375,5601.91015625,12241.6904296875,7891.7998046875,5865.009765625,3659.300048828125
2009-01-31,825.8800048828125,4149.60009765625,4338.35009765625,2973.919921875,7994.0498046875,1990.656982421875,13278.2099609375,1162.1099853515625,2874.800048828125,8694.900390625,3540.699951171875,39301.0,2236.97998046875,8450.3916015625,5290.0498046875,1746.469970703125,4247.9501953125,248.6000061035156,19565.140625,1332.6151123046875,599.969970703125,884.4500122070312,61.2,211.933,,1.93,171.94621,17934.0,1476.4200439453125,443.5299987792969,447.3200073242188,2549.4599609375,2311.389892578125,1779.469970703125,8000.85986328125,498.6799926757813,8335.6396484375,1900.0899658203125,1736.22998046875,437.6900024414063,1824.6207275390625,1077.0,,617.3800048828125,,,,,7015.16162109375,364.8999938964844,262.5599975585937,2774.139892578125,660.6300048828125,259.3426208496094,760.2471313476562,6250.7998046875,5098.08984375,11516.1103515625,7131.97998046875,5377.419921875,3478.10009765625
2009-02-28,735.0900268554688,3830.10009765625,3843.739990234375,2702.47998046875,7568.419921875,2082.85205078125,12811.5703125,1063.030029296875,2763.64990234375,8123.0,3344.5,38183.0,1976.22998046875,7620.89208984375,4690.669921875,1594.8699951171875,4557.12890625,219.8099975585937,17752.1796875,1285.4259033203125,603.6900024414062,890.6699829101562,56.3,212.705,,2.02,187.11403,15282.0,1377.8399658203125,389.0199890136719,399.6099853515625,2468.6298828125,2074.320068359375,1535.8199462890625,7062.93017578125,449.4400024414063,7473.97021484375,1696.5799560546875,1481.6700439453125,431.5199890136719,1871.7386474609373,1019.0,,640.3900146484375,,,,,7608.13525390625,363.2099914550781,249.009994506836,2522.320068359375,665.989990234375,240.2647247314453,722.842529296875,6049.10009765625,4607.60009765625,10190.150390625,6902.83984375,5727.4599609375,3296.89990234375
2009-03-31,797.8699951171875,3926.10009765625,4084.760009765625,2807.340087890625,8109.52978515625,2373.212890625,13576.01953125,1206.260009765625,3020.949951171875,8720.400390625,3582.10009765625,40926.0,2071.1298828125,7814.9921875,4927.43017578125,1699.989990234375,5210.81591796875,216.97999572753903,19626.75,1434.01806640625,666.1400146484375,872.5499877929688,57.3,212.495,,1.9,166.90338,15875.0,1528.5899658203125,422.75,433.6700134277344,2478.93994140625,2193.949951171875,1684.3699951171875,7608.919921875,489.0,8113.14013671875,1748.739990234375,1696.6199951171875,431.5,1985.7093505859373,1126.0,,653.0499877929688,,,,,8981.849609375,421.4400024414063,283.0799865722656,2590.389892578125,728.3499755859375,257.6466369628906,745.2852783203125,6373.89990234375,4426.3701171875,11071.849609375,8070.1298828125,6860.22021484375,3532.300048828125
2009-04-30,872.8099975585938,4243.7001953125,4769.4501953125,3159.85009765625,8828.259765625,2477.569091796875,15520.990234375,1369.3599853515625,3473.949951171875,9324.7998046875,3780.5,47290.0,2375.340087890625,9037.9912109375,5225.919921875,1920.280029296875,5992.5419921875,240.759994506836,21898.849609375,1722.698974609375,745.25,990.739990234375,65.1,212.709,,2.25,131.85612,19177.0,1717.300048828125,487.55999755859375,476.8399963378906,2670.780029296875,2622.050048828125,2053.739990234375,8168.1201171875,561.1400146484375,8962.6103515625,1953.3499755859373,1863.010009765625,491.6900024414063,2102.959228515625,1275.0,,763.8900146484375,,,,,9502.4130859375,500.9800109863281,341.7300109863281,2740.580078125,812.3200073242188,316.5163269042969,809.8082275390625,7529.0,5565.27978515625,12872.1396484375,9084.91015625,7202.10009765625,3744.699951171875
2009-05-31,919.1400146484376,4417.89990234375,4940.81982421875,3277.64990234375,9522.5,2632.929931640625,18171.0,1395.8900146484375,4448.9501953125,10370.099609375,3818.0,53198.0,2451.239990234375,9424.2900390625,5349.740234375,2329.080078125,6890.408203125,259.45001220703125,24331.7109375,1916.7564697265625,791.030029296875,1044.1099853515625,68.7,213.022,,2.55,138.80585,19884.0,1774.3299560546875,501.5799865722656,501.9500122070313,3100.419921875,2722.52001953125,2327.469970703125,8500.330078125,575.52001953125,9408.2900390625,2071.3701171875,2105.389892578125,560.4099731445312,2388.69580078125,1587.0,,776.5,,,,,10127.806640625,528.7999877929688,373.0700073242188,2764.169921875,866.1500244140625,350.02813720703125,862.1746215820312,7572.0,5745.3798828125,14937.0,10428.1904296875,7276.60986328125,3813.300048828125
2009-06-30,919.3200073242188,4249.2001953125,4808.64013671875,3140.43994140625,9958.4404296875,2959.362060546875,18378.73046875,1390.0699462890625,4291.10009765625,10374.900390625,3954.89990234375,51465.0,2401.68994140625,9787.7900390625,5403.97021484375,2333.139892578125,6432.13037109375,254.7100067138672,24368.380859375,2026.701171875,801.260009765625,1075.239990234375,70.8,214.79,,2.42,130.93348,19063.0,1835.0400390625,508.2799987792969,502.2699890136719,3090.5,2706.080078125,2209.989990234375,8447.0,578.1400146484375,9428.1201171875,2030.97998046875,2098.64990234375,597.47998046875,2437.36328125,1588.0,,795.7999877929688,,,,,11566.48046875,485.1499938964844,392.1199951171875,2796.110107421875,862.4299926757812,369.4900512695313,893.9683227539062,7414.60009765625,5754.009765625,15320.1396484375,10962.6103515625,7162.18017578125,3947.800048828125
2009-07-31,987.47998046875,4608.39990234375,5332.14013671875,3426.27001953125,10356.830078125,3412.06201171875,20573.330078125,1557.2900390625,4636.4501953125,10787.2001953125,4244.0,54766.0,2638.1298828125,10855.0888671875,5950.68994140625,2659.199951171875,7077.677734375,283.1700134277344,27043.5,2323.1455078125,884.6900024414062,1174.9000244140625,66.0,214.726,,2.39,126.28215,20576.0,1978.5,556.7100219726562,539.8800048828125,3226.199951171875,2791.10009765625,2362.35009765625,9171.6103515625,628.0499877929688,10158.3896484375,2169.139892578125,2250.18994140625,624.0,2797.610595703125,1720.0,,882.0499877929688,,,,,13670.56640625,504.3500061035156,454.4200134277344,3016.199951171875,950.489990234375,426.4107360839844,893.9683227539062,8000.0,6204.35986328125,17280.05078125,12123.58984375,7720.93017578125,4249.5
2009-08-31,1020.6199951171876,4908.89990234375,5464.60986328125,3653.5400390625,10492.5302734375,2667.7451171875,19724.189453125,1591.8499755859375,4662.10009765625,10868.2001953125,4479.10009765625,56489.0,2770.110107421875,11365.087890625,6217.1201171875,2592.89990234375,6825.9189453125,296.2699890136719,28129.94921875,2341.44580078125,883.760009765625,1174.27001953125,65.7,215.445,,2.43,152.55009,22420.0,2009.06005859375,572.0700073242188,558.2100219726562,3175.179931640625,3096.159912109375,2466.409912109375,9496.2802734375,654.5399780273438,10512.3095703125,2364.949951171875,2503.97998046875,653.25,2883.4384765625,1782.0,,904.8400268554688,,,,,10584.970703125,514.7000122070312,456.2699890136719,3098.0,945.9000244140624,465.509521484375,910.8004150390624,8817.5,6722.830078125,19389.939453125,11278.259765625,8675.669921875,4484.10009765625
2009-09-30,1057.0799560546875,5133.89990234375,5675.16015625,3795.409912109375,10133.23046875,2779.426025390625,20955.25,1673.1400146484375,5083.9501953125,11395.0,4743.60009765625,61518.0,2872.6298828125,11756.087890625,6323.18017578125,2672.570068359375,7509.1357421875,311.3500061035156,29232.240234375,2467.4951171875,927.7000122070312,1202.0799560546875,73.5,215.861,,2.36,145.44437,23473.0,2122.419921875,604.280029296875,579.969970703125,3372.8701171875,3347.330078125,2661.419921875,9712.2802734375,691.02001953125,10945.1103515625,2485.6201171875,2637.280029296875,717.0700073242188,2800.10009765625,2075.0,,896.760009765625,,,,,11206.724609375,505.9400024414063,483.9599914550781,3161.06005859375,995.27001953125,479.1004638671875,861.2393798828125,9142.2998046875,7358.52978515625,20226.279296875,11858.150390625,9349.669921875,4739.2998046875
2009-10-31,1036.18994140625,5044.60009765625,5414.9599609375,3607.68994140625,10034.740234375,2995.847900390625,21752.869140625,1580.68994140625,4711.7001953125,10910.7998046875,4643.2001953125,61546.0,2743.5,11414.7880859375,6285.759765625,2651.1298828125,7340.04638671875,302.3599853515625,28646.029296875,2367.608642578125,957.3300170898438,1243.22998046875,70.6,216.509,,2.51,138.13055,22060.0,2045.1099853515625,562.77001953125,566.5,3314.449951171875,2866.68994140625,2686.2099609375,9712.73046875,659.1500244140625,10655.4697265625,2392.719970703125,2483.889892578125,685.239990234375,2907.752197265625,2116.0,,944.6699829101562,,,,,12297.021484375,486.4599914550781,464.2000122070313,3215.6201171875,1022.1799926757812,471.844482421875,849.0828247070312,8885.7998046875,6732.06982421875,20572.73046875,12769.3603515625,9159.1796875,4646.89990234375
2009-11-30,1095.6300048828125,5190.7001953125,5625.9501953125,3680.14990234375,9345.5498046875,3195.301025390625,21821.5,1555.5999755859375,5032.7001953125,11447.2001953125,4701.39990234375,67044.0,2797.25,11644.6884765625,6260.9501953125,2732.1201171875,7582.1748046875,305.8999938964844,30957.109375,2415.742919921875,1003.5499877929688,1259.1099853515625,67.4,217.234,,2.54,116.16231,21928.0,2144.60009765625,579.72998046875,598.4099731445312,3255.320068359375,2807.590087890625,2263.27001953125,10344.83984375,684.77001953125,11207.2197265625,2421.2900390625,2460.429931640625,689.0700073242188,3044.187255859375,2147.0,,936.1900024414062,,,,,13486.619140625,464.3200073242188,476.260009765625,3125.52001953125,1082.550048828125,453.4996032714844,799.5218505859375,8918.400390625,7099.990234375,20806.900390625,12980.330078125,9204.5703125,4715.5
2009-12-31,1115.0999755859375,5412.89990234375,5957.43017578125,3936.330078125,10546.4404296875,3277.138916015625,21872.5,1682.77001953125,5201.0498046875,11746.099609375,4870.60009765625,68588.0,2966.239990234375,11939.98828125,6545.91015625,2879.760009765625,8188.072265625,335.3299865722656,32120.470703125,2534.25732421875,1064.97998046875,1272.780029296875,72.5,217.347,,2.71,121.22101,23248.0,2269.14990234375,625.3900146484375,612.010009765625,3581.419921875,2974.929931640625,2196.159912109375,10428.0498046875,726.6699829101562,11548.41015625,2511.6201171875,2495.56005859375,734.5399780273438,3051.895263671875,2321.0,,951.719970703125,,,,,13699.81640625,513.5700073242188,498.2900085449219,3230.14990234375,1145.06005859375,528.2471923828125,861.2393798828125,9306.900390625,7507.0400390625,21227.009765625,12794.1298828125,9386.919921875,4882.7001953125
2010-01-31,1073.8699951171875,5188.5,5608.7900390625,3739.4599609375,10198.0400390625,2989.2919921875,20121.990234375,1602.4300537109375,4882.0498046875,11094.2998046875,4569.60009765625,65402.0,2776.830078125,10947.689453125,6440.72021484375,2745.35009765625,7640.40478515625,327.8999938964844,30391.609375,2610.6943359375,1073.260009765625,1259.1600341796875,74.4,217.488,,2.81,149.35928,21896.0,2147.35009765625,602.0399780273438,589.4099731445312,3808.9599609375,2976.25,2048.320068359375,10067.330078125,702.7999877929688,11151.150390625,2505.199951171875,2493.530029296875,696.5499877929688,2952.4306640625,2299.0,,953.7100219726562,,,,,12137.064453125,496.5700073242188,510.4500122070313,3164.64990234375,1135.7900390625,546.5031127929688,856.5637817382812,9237.2998046875,7505.31982421875,21831.4609375,11498.2001953125,9614.1904296875,4596.89990234375
2010-02-28,1104.489990234375,5354.5,5598.4599609375,3708.800048828125,10126.0302734375,3051.943115234375,20608.69921875,1594.5799560546875,4922.2998046875,11629.599609375,4637.7001953125,66503.0,2728.469970703125,10333.5888671875,6710.990234375,2750.860107421875,7436.06591796875,317.739990234375,31634.5390625,2548.933837890625,1092.31005859375,1270.780029296875,73.6,217.281,,2.8,132.79865,21068.0,2238.260009765625,628.5599975585938,607.4500122070312,3827.43994140625,2873.60009765625,1913.1600341796875,10325.259765625,738.3599853515625,11512.259765625,2514.8701171875,2438.949951171875,721.3699951171875,3042.967529296875,2221.0,,947.3900146484376,,,,,12436.5205078125,507.0299987792969,496.0299987792969,3156.10009765625,1159.6099853515625,497.0523681640625,849.0828247070312,9344.400390625,7393.259765625,21267.810546875,11543.73046875,9657.7900390625,4651.10009765625
2010-03-31,1169.4300537109375,5679.60009765625,6153.5498046875,3974.010009765625,11089.9404296875,3109.10498046875,21239.349609375,1692.8499755859375,5249.10009765625,12037.7001953125,4875.5,70372.0,2931.159912109375,10871.2890625,6873.3701171875,2887.4599609375,7920.02294921875,344.2200012207031,33266.4296875,2777.19287109375,1155.4200439453125,1320.5699462890625,73.6,217.353,,2.82,137.47003,22848.0,2397.9599609375,678.6400146484375,643.7899780273438,3763.1201171875,3177.77001953125,2067.489990234375,10856.6298828125,789.9000244140625,12222.1904296875,2648.4599609375,2634.0,787.97998046875,3160.9873046875,2374.0,,1021.0800170898438,,,,,12494.2099609375,515.739990234375,539.7999877929688,3267.989990234375,1229.0699462890625,565.3809814453125,938.8538818359376,10165.2998046875,8143.4599609375,24245.55078125,12397.58984375,10178.4296875,4893.10009765625
2010-04-30,1186.68994140625,5553.2998046875,6135.7001953125,3816.989990234375,11057.400390625,2870.611083984375,21108.58984375,1741.56005859375,5278.0,12210.7001953125,4807.39990234375,67530.0,2816.860107421875,10492.189453125,6616.81982421875,2974.610107421875,8004.21240234375,345.9100036621094,32687.3203125,2971.136474609375,1097.6800537109375,1346.3800048828125,72.2,217.403,,2.72,137.0774,21563.0,2461.18994140625,716.5999755859375,655.0599975585938,3865.449951171875,3397.0,1869.989990234375,11008.6103515625,823.0599975585938,12477.2099609375,2560.989990234375,2650.320068359375,763.510009765625,3289.244384765625,2396.0,,1053.8800048828125,,,,,11162.4150390625,523.75,573.3699951171875,3286.1298828125,1164.22998046875,589.587890625,943.5294189453124,10366.0,8359.150390625,24764.759765625,12181.2001953125,10428.1201171875,4833.89990234375
2010-05-31,1089.4100341796875,5188.39990234375,5964.330078125,3507.56005859375,9768.7001953125,2592.14599609375,19765.189453125,1641.25,5086.2998046875,11763.0,4429.7001953125,63047.0,2610.260009765625,9359.390625,6312.60009765625,2752.60009765625,7373.94580078125,320.70001220703125,32038.529296875,2796.84814453125,1009.4000244140624,1285.010009765625,73.6,217.29,,2.55,151.10342,19544.0,2257.0400390625,661.6099853515625,601.7899780273438,3886.860107421875,2947.699951171875,1550.780029296875,10136.6298828125,762.760009765625,11466.1904296875,2453.3701171875,2422.6298828125,750.4299926757812,3271.888671875,2204.0,,980.6300048828124,,,,,10204.0556640625,489.4200134277344,543.5900268554688,3061.22998046875,1082.739990234375,543.8461303710938,843.4722900390625,9637.099609375,8023.60009765625,21938.470703125,11494.3095703125,9521.150390625,4453.60009765625
2010-06-30,1030.7099609375,4916.89990234375,5965.52001953125,3442.889892578125,9382.6396484375,2398.3701171875,20128.990234375,1698.2900390625,5312.5,11294.400390625,4301.5,60936.0,2573.320068359375,9263.390625,6128.06005859375,2835.510009765625,7329.33642578125,316.8099975585937,31156.970703125,2913.57080078125,990.3400268554688,1314.02001953125,76.0,217.199,,2.36,140.56916,19312.0,2109.239990234375,609.489990234375,567.3699951171875,4065.2900390625,2878.669921875,1434.219970703125,9774.01953125,711.72998046875,10823.2001953125,2386.530029296875,2278.800048828125,797.3099975585938,3371.843017578125,2185.0,,1005.9299926757812,,,,,9386.8349609375,489.9800109863281,566.0999755859375,2972.090087890625,1062.449951171875,548.39208984375,807.0028686523438,9366.099609375,8008.669921875,21050.4296875,11466.240234375,9721.91015625,4324.7998046875
2010-07-31,1101.5999755859375,5258.0,6147.97021484375,3643.139892578125,9537.2998046875,2637.5029296875,21029.810546875,1759.3299560546875,5367.60009765625,11713.400390625,4493.5,67515.0,2742.139892578125,10499.7890625,6200.77978515625,2987.699951171875,7760.59423828125,330.6400146484375,32308.740234375,3069.16064453125,1029.1700439453125,1360.9200439453125,67.8,217.605,,2.39,180.01446,21022.0,2254.699951171875,650.8900146484375,606.0900268554688,4364.14990234375,2915.360107421875,1681.97998046875,10465.9404296875,760.27001953125,11568.3701171875,2517.300048828125,2483.860107421875,855.8300170898438,3426.06884765625,2394.0,,1047.260009765625,,,,,10785.2294921875,481.4500122070313,589.9199829101562,3034.6201171875,1118.5899658203125,598.6648559570312,803.2623901367188,9948.7001953125,8366.580078125,22265.630859375,11905.0,10519.01953125,4507.39990234375
2010-08-31,1049.3299560546875,5225.2001953125,5925.22021484375,3490.7900390625,8824.0595703125,2638.798095703125,20536.490234375,1742.75,5402.39990234375,11913.900390625,4404.2001953125,65145.0,2622.949951171875,10186.9892578125,6180.89013671875,2950.330078125,7616.24462890625,316.4700012207031,31679.849609375,3081.763916015625,1046.4200439453125,1422.489990234375,68.9,217.923,,2.0,147.30909,19735.0,2114.030029296875,602.0599975585938,577.6799926757812,4525.009765625,2703.860107421875,1555.4100341796875,10014.7197265625,721.6400146484375,11001.080078125,2457.4599609375,2402.02001953125,913.1900024414062,3565.313232421875,2337.0,,1011.7000122070312,,,,,11338.5830078125,464.7099914550781,581.3099975585938,3036.10009765625,1134.97998046875,599.7228393554688,757.4418334960938,9825.099609375,8149.14990234375,22561.5390625,11402.900390625,9813.0498046875,4438.7998046875
2010-09-30,1141.199951171875,5548.60009765625,6229.02001953125,3715.179931640625,9369.349609375,2655.657958984375,22358.169921875,1872.81005859375,6029.9501953125,12368.7001953125,4582.89990234375,69430.0,2747.89990234375,10514.4892578125,6296.330078125,3097.6298828125,8237.740234375,334.3900146484375,33330.33984375,3501.159912109375,1128.8699951171875,1463.5,68.2,218.275,,2.11,182.14672,20505.0,2368.6201171875,676.1400146484375,629.780029296875,4795.3798828125,2676.179931640625,1471.0400390625,10788.0498046875,802.0999755859375,12020.580078125,2589.72998046875,2541.6298828125,975.2999877929688,4099.015625,2643.0,,1087.7099609375,,,,,11468.412109375,492.75,651.9299926757812,3178.090087890625,1225.9200439453125,657.7405395507812,786.4302978515625,10531.7998046875,8768.0302734375,23239.9296875,12406.099609375,10013.3095703125,4636.89990234375
2010-10-31,1183.260009765625,5675.2001953125,6601.3701171875,3833.5,9202.4501953125,2978.8349609375,23096.3203125,1882.949951171875,6017.7001953125,12676.2001953125,4661.60009765625,70673.0,2844.989990234375,10812.8896484375,6472.22998046875,3142.6201171875,8287.0498046875,337.2300109863281,35568.21875,3635.182373046875,1171.1600341796875,1505.6600341796875,67.7,219.035,,2.29,163.42489,21451.0,2507.409912109375,703.3499755859375,653.5700073242188,4912.52978515625,2684.25,1547.4300537109375,11118.490234375,829.1300048828125,12489.0595703125,2679.070068359375,2668.070068359375,984.4600219726562,4267.64306640625,3007.0,,1089.3199462890625,,,,,13367.08984375,526.4500122070312,673.4199829101562,3304.889892578125,1270.3800048828125,687.601318359375,767.72802734375,10843.5,9301.259765625,23146.689453125,13168.6796875,10598.400390625,4733.39990234375
2010-11-30,1180.550048828125,5528.2998046875,6688.490234375,3610.43994140625,9937.0400390625,2820.180908203125,23007.990234375,1904.6300048828125,5862.7001953125,12952.900390625,4584.39990234375,67705.0,2650.989990234375,9267.1904296875,6312.43017578125,3144.699951171875,8372.4404296875,327.4100036621094,36817.3203125,3531.073486328125,1149.6700439453125,1485.22998046875,71.6,219.59,,2.36,179.13559,19106.0,2498.22998046875,727.010009765625,654.239990234375,4956.9599609375,2646.0,1419.6700439453125,11006.01953125,852.5900268554688,12541.0302734375,2506.1298828125,2607.5,1005.1199951171876,3952.68359375,3262.0,,1107.050048828125,,,,,12336.1513671875,498.3900146484375,638.0800170898438,3264.5,1246.449951171875,653.5054931640625,819.1593017578125,10607.7998046875,9289.9599609375,20639.640625,12817.58984375,11234.759765625,4676.39990234375
2010-12-31,1257.6400146484375,5899.89990234375,6914.18994140625,3850.760009765625,10228.919921875,2808.076904296875,23035.44921875,2051.0,6134.5,13443.2001953125,4745.2001953125,69305.0,2807.0400390625,9859.08984375,6436.0400390625,3190.0400390625,8972.458984375,356.3599853515625,38243.140625,3703.367919921875,1224.0,1518.9100341796875,74.5,220.472,,2.69,165.40785,20173.0,2652.8701171875,783.6500244140625,696.9000244140625,4927.52978515625,2885.10009765625,1413.93994140625,11577.509765625,907.25,13360.080078125,2590.669921875,2904.469970703125,1032.760009765625,4200.06005859375,3524.0,,1155.5699462890625,,,,,12458.41015625,510.6900024414063,661.3800048828125,3309.030029296875,1326.43994140625,660.04150390625,853.7584228515625,11558.7998046875,10128.1201171875,21327.0703125,12692.4296875,12022.4599609375,4846.89990234375
2011-01-31,1286.1199951171875,5862.89990234375,7077.47998046875,4005.5,10237.919921875,2790.694091796875,23447.33984375,2069.72998046875,5505.89990234375,13552.0,4753.89990234375,66575.0,2953.6298828125,10805.9892578125,6479.14990234375,3179.719970703125,9145.3076171875,360.75,36982.23828125,3409.034423828125,1203.75,1519.93994140625,74.2,221.187,,2.84,142.17046,22050.0,2700.080078125,781.25,712.969970703125,4673.06982421875,2852.81005859375,1593.300048828125,11891.9296875,924.77001953125,13617.33984375,2638.699951171875,2885.760009765625,964.0999755859376,3880.47216796875,3583.0,,1147.219970703125,,,,,11994.5458984375,521.3800048828125,597.8499755859375,3338.739990234375,1292.75,632.7776489257812,865.9149780273438,11471.5,10139.8896484375,22709.349609375,12560.66015625,12359.3603515625,4850.0
2011-02-28,1327.219970703125,5994.0,7272.31982421875,4110.35009765625,10624.08984375,2905.052978515625,23338.01953125,1939.300048828125,5333.25,14136.5,4831.7001953125,67383.0,3013.090087890625,10850.7890625,6610.43994140625,3010.510009765625,8599.6103515625,369.1300048828125,37019.69921875,3470.212890625,1189.9599609375,1491.25,77.5,221.898,,2.73,145.5089,22467.0,2782.27001953125,823.4500122070312,736.239990234375,4444.56982421875,2976.5400390625,1576.8599853515625,12226.33984375,966.5900268554688,14072.099609375,2707.090087890625,2895.820068359375,987.9099731445312,3765.76171875,3456.0,,1128.6600341796875,,,,,12902.2958984375,504.4599914550781,614.02001953125,3370.52001953125,1289.719970703125,612.8357543945312,902.3843383789062,11621.2998046875,10293.830078125,23155.5,12504.5302734375,11289.2197265625,4923.60009765625
2011-03-31,1325.8299560546875,5908.7998046875,7041.31005859375,3989.179931640625,9755.099609375,2928.111083984375,23527.51953125,2106.699951171875,5833.75,14116.099609375,4837.89990234375,68587.0,2910.909912109375,10576.4892578125,6357.5498046875,3105.85009765625,8683.259765625,365.6199951171875,37440.51171875,3678.531005859375,1207.6099853515625,1545.1300048828125,67.5,223.046,,2.67,174.35437,21727.0,2781.070068359375,843.5499877929688,737.0700073242188,4624.47021484375,2874.7099609375,1535.18994140625,12319.73046875,989.0499877929688,14101.1904296875,2662.169921875,2882.179931640625,1047.47998046875,4054.097412109375,3388.0,,1134.8699951171875,,,,,12562.7587890625,525.4199829101562,659.0499877929688,3439.85009765625,1321.1800537109375,644.341552734375,832.2509155273438,11592.0,10310.080078125,23059.76953125,13315.83984375,11809.5400390625,4928.60009765625
2011-04-30,1363.6099853515625,6069.89990234375,7514.4599609375,4106.919921875,9849.740234375,2911.510009765625,23720.810546875,2192.360107421875,5749.5,13944.7998046875,4823.2001953125,66133.0,3011.25,10878.8896484375,6539.7001953125,3172.72998046875,9007.8291015625,359.94000244140625,36962.62109375,3819.46923828125,1195.3299560546875,1534.949951171875,69.8,224.093,,2.71,157.49588,22418.0,2873.5400390625,865.2899780273438,758.4500122070312,4822.5,3005.169921875,1434.6500244140625,12810.5400390625,1015.260009765625,14495.2802734375,2768.340087890625,2846.050048828125,1093.56005859375,4318.3994140625,3406.0,,1162.8399658203125,,,,,12312.8515625,511.0,680.6300048828125,3519.330078125,1314.56005859375,692.497314453125,816.3539428710938,12013.900390625,10740.4501953125,24161.560546875,13208.7099609375,12057.5400390625,4899.0
2011-05-31,1345.199951171875,5990.0,7293.68994140625,4006.93994140625,9693.73046875,2743.471923828125,23684.130859375,2142.469970703125,5473.10009765625,13802.900390625,4708.2998046875,64620.0,2819.39990234375,10475.9892578125,6554.7099609375,3159.929931640625,8988.798828125,349.44000244140625,35832.7890625,3836.81787109375,1152.219970703125,1558.2900390625,74.3,224.806,,2.6,126.19207,21110.0,2835.300048828125,848.2999877929688,748.75,4847.8701171875,2969.570068359375,1309.4599609375,12569.7900390625,1000.25,14287.3095703125,2687.7099609375,2787.3798828125,1073.8299560546875,4243.548828125,3251.0,,1151.3599853515625,,,,,11665.0087890625,484.5400085449219,682.25,3547.639892578125,1266.8800048828125,630.4566650390625,807.9379272460938,12060.7998046875,10884.0400390625,23376.189453125,13268.3896484375,12123.150390625,4788.89990234375
2011-06-30,1320.6400146484375,5945.7001953125,7376.240234375,3982.2099609375,9816.08984375,2762.075927734375,22398.099609375,2100.68994140625,5647.39990234375,13300.900390625,4608.0,62404.0,2848.530029296875,10359.8896484375,6187.06982421875,3120.43994140625,8652.5498046875,339.6499938964844,36558.0703125,3888.417724609375,1113.3800048828125,1579.0699462890625,71.5,224.806,,2.73,158.08862,20187.0,2773.52001953125,827.4299926757812,734.47998046875,4795.27978515625,2953.2900390625,1279.06005859375,12414.33984375,978.6400146484376,14023.0498046875,2572.580078125,2766.72998046875,1041.47998046875,4290.10693359375,3361.0,,1115.22998046875,,,,,12110.7939453125,479.5499877929688,690.6500244140625,3448.35009765625,1223.9100341796875,632.6906127929688,817.2890625,11934.0,10932.330078125,22693.740234375,12576.6796875,12496.0302734375,4659.7998046875
2011-07-31,1292.280029296875,5815.2001953125,7158.77001953125,3672.77001953125,9833.0302734375,2701.72900390625,22440.25,2133.2099609375,5482.0,12945.599609375,4424.60009765625,58823.0,2670.3701171875,9630.6904296875,5783.35009765625,3189.260009765625,8644.1396484375,329.2200012207031,35999.33984375,4130.63916015625,1117.6500244140625,1548.81005859375,63.7,225.395,,2.46,197.91636,18434.0,2756.3798828125,797.030029296875,717.77001953125,4425.97998046875,2821.280029296875,1204.1500244140625,12143.240234375,943.4199829101562,13701.4697265625,2427.090087890625,2611.320068359375,1133.530029296875,4502.47216796875,3322.0,,1065.969970703125,,,,,11990.2958984375,536.0499877929688,729.8400268554688,3395.6298828125,1232.739990234375,622.9536743164062,791.1058959960938,11552.099609375,10486.8798828125,21617.9296875,12373.6396484375,12190.3701171875,4500.5
2011-08-31,1218.8900146484375,5394.5,5784.85009765625,3256.760009765625,8955.2001953125,2567.340087890625,20534.849609375,1880.1099853515625,5001.0,12768.7001953125,4296.5,56495.0,2302.080078125,8718.5908203125,5528.52001953125,2885.260009765625,7741.32421875,292.92999267578125,35721.1015625,3841.58154296875,1013.469970703125,1447.27001953125,55.8,226.106,,2.03,245.12671,15563.0,2579.4599609375,726.8099975585938,674.7899780273438,4288.31982421875,2576.81005859375,915.97998046875,11613.5302734375,875.0,12856.2001953125,2267.8798828125,2280.090087890625,1070.050048828125,4347.38232421875,2965.0,,954.6300048828124,,,,,11397.3525390625,493.4400024414063,676.260009765625,3323.070068359375,1132.510009765625,539.4581298828125,724.7128295898438,10525.900390625,9177.08984375,18471.25,10943.2900390625,11070.580078125,4369.89990234375
2011-09-30,1131.4200439453125,5128.5,5502.02001953125,2981.9599609375,8700.2900390625,2359.218994140625,17592.41015625,1769.6500244140625,4943.25,11623.7998046875,4008.60009765625,52324.0,2179.659912109375,8546.5908203125,5531.740234375,2675.159912109375,7225.3466796875,280.17999267578125,33503.28125,3548.893798828125,969.77001953125,1387.1300048828125,59.5,226.597,,1.67,204.62979,14836.0,2415.39990234375,644.1599731445312,623.4500122070312,3888.580078125,2503.18994140625,798.4199829101562,10913.3798828125,781.260009765625,11842.080078125,2131.280029296875,1947.8499755859373,916.2100219726562,3998.62158203125,2464.0,,910.1699829101562,,,,,10292.21484375,449.6600036621094,622.6400146484375,3343.35009765625,1077.7900390625,596.9308471679688,721.9074096679688,9819.400390625,8341.080078125,15775.099609375,8917.3603515625,11761.9697265625,4070.10009765625
2011-10-31,1253.300048828125,5544.2001953125,6141.33984375,3242.840087890625,8988.3896484375,2468.25,19864.869140625,1909.030029296875,5326.60009765625,12252.099609375,4298.10009765625,58338.0,2385.219970703125,8954.8916015625,5731.27001953125,2855.77001953125,7587.65478515625,307.5,36159.98828125,3790.699462890625,1021.469970703125,1491.8900146484375,60.8,226.75,,1.92,159.73957,16018.0,2684.409912109375,741.0599975585938,692.4099731445312,4327.25,2724.659912109375,808.5800170898438,11955.009765625,887.9299926757812,13191.0498046875,2139.179931640625,1983.75,974.75,4332.60595703125,2906.0,,990.4400024414062,,,,,10480.79296875,490.6900024414063,675.5700073242188,3332.56005859375,1133.6800537109375,560.6119995117188,726.5829467773438,10479.7001953125,9076.240234375,17600.0703125,10512.990234375,11868.8798828125,4360.5
2011-11-30,1246.9599609375,5505.39990234375,6088.83984375,3154.6201171875,8434.6103515625,2333.4140625,17989.349609375,1847.510009765625,4832.0498046875,12204.099609375,4119.7998046875,56875.0,2330.429931640625,8449.4912109375,5652.31005859375,2702.4599609375,6904.08837890625,299.67999267578125,36829.1484375,3714.935302734375,984.3200073242188,1472.0999755859375,63.7,227.169,,1.83,166.33902,15269.0,2620.340087890625,737.4199829101562,688.77001953125,4161.2900390625,2749.050048828125,682.2100219726562,12045.6796875,883.7899780273438,13101.1298828125,2073.949951171875,1846.9100341796875,995.3300170898438,4209.95751953125,2563.0,,979.3599853515624,,,,,9693.28125,492.80999755859375,656.4099731445312,3270.2099609375,1082.3599853515625,545.1751098632812,691.9838256835938,10315.2998046875,9017.0498046875,17634.6796875,9508.9404296875,11532.830078125,4184.7001953125
2011-12-31,1257.5999755859375,5572.2998046875,5898.35009765625,3159.81005859375,8455.349609375,2199.4169921875,18434.390625,1825.739990234375,4624.2998046875,11955.099609375,4056.60009765625,56754.0,2316.550048828125,8566.291015625,5936.22998046875,2646.35009765625,7072.04833984375,312.4700012207031,37077.51953125,3821.84326171875,978.489990234375,1530.72998046875,69.9,227.223,,1.64,189.39836,15090.0,2605.14990234375,740.9199829101562,693.3599853515625,4177.52978515625,2901.820068359375,680.4199829101562,12217.5595703125,879.1599731445312,13189.599609375,2083.419921875,1891.6800537109373,1025.3199462890625,4370.8359375,2463.0,,987.8499755859376,,,,,8918.720703125,500.1799926757813,673.510009765625,3274.7099609375,1085.5899658203125,512.6632690429688,691.9838256835938,10102.900390625,8897.8095703125,16974.240234375,9936.48046875,11347.66015625,4111.0
2012-01-31,1312.4100341796875,5681.60009765625,6458.91015625,3298.550048828125,8802.509765625,2292.610107421875,20390.490234375,1955.7900390625,5199.25,12452.2001953125,4262.7001953125,63072.0,2416.659912109375,8509.19140625,5970.490234375,2906.68994140625,7517.04541015625,318.4700012207031,37422.6796875,3941.539794921875,1013.7000122070312,1521.2900390625,75.0,227.842,,1.61,178.28653,15828.0,2813.840087890625,792.8200073242188,726.3300170898438,4260.75,3007.7900390625,796.02001953125,12632.91015625,936.510009765625,13839.0703125,2206.800048828125,2076.489990234375,1083.969970703125,4681.236328125,2787.0,,1036.3399658203125,,,,,9303.546875,513.989990234375,692.1599731445312,3296.199951171875,1119.5,571.7099609375,714.4265747070312,10769.400390625,9917.4296875,18891.0703125,11299.0498046875,11874.8896484375,4325.7001953125
2012-02-29,1365.6800537109375,5871.5,6856.080078125,3452.449951171875,9723.240234375,2428.487060546875,21680.080078125,2030.25,5385.2001953125,12644.0,4298.5,65812.0,2512.110107421875,8465.8916015625,6109.93017578125,2994.06005859375,8121.40234375,324.25,37816.69140625,3985.054931640625,990.0599975585938,1569.6500244140625,75.3,228.329,,1.68,149.63708,16351.0,2966.889892578125,810.9400024414062,756.4199829101562,4535.60009765625,3208.320068359375,743.5900268554688,12952.0703125,977.3599853515624,14400.330078125,2275.860107421875,2196.080078125,1160.9000244140625,4896.390625,2648.0,,1101.760009765625,,,,,10054.7265625,542.2999877929688,692.77001953125,3322.530029296875,1081.3499755859375,607.208740234375,792.041015625,11449.5,10428.599609375,19286.5390625,11826.759765625,12877.8798828125,4388.10009765625
2012-03-31,1408.469970703125,5768.5,6946.830078125,3423.81005859375,10083.5595703125,2262.7880859375,20555.580078125,2014.0400390625,5295.5498046875,12392.2001953125,4335.2001953125,64511.0,2477.280029296875,8007.99169921875,6235.509765625,3010.4599609375,7932.962890625,323.510009765625,39521.23828125,4121.39013671875,1032.47998046875,1596.3299560546875,76.2,228.807,,1.9,137.55312,15980.0,3091.570068359375,830.2999877929688,778.9199829101562,4671.27978515625,3254.81005859375,728.9299926757812,13212.0400390625,994.2999877929688,14805.349609375,2324.050048828125,2159.06005859375,1196.77001953125,5106.4169921875,2684.0,,1074.47998046875,,,,,9410.154296875,519.5599975585938,712.5499877929688,3509.550048828125,1124.8499755859375,624.2266845703125,817.2890625,11538.900390625,10703.099609375,18635.669921875,10640.16015625,13761.759765625,4420.0
2012-04-30,1397.9100341796875,5737.7998046875,6761.18994140625,3212.800048828125,9520.8896484375,2396.31591796875,21094.2109375,1981.989990234375,5248.14990234375,12292.7001953125,4396.60009765625,61820.0,2306.429931640625,7010.99267578125,6096.33984375,2978.570068359375,7501.68603515625,308.29998779296875,39461.0,4180.5693359375,1066.489990234375,1570.6099853515625,76.4,229.187,,1.68,136.59669,14592.0,3046.360107421875,816.8800048828125,773.5,4585.77001953125,3224.449951171875,699.9099731445312,13213.6298828125,991.3099975585938,14689.5400390625,2208.43994140625,2118.93994140625,1228.489990234375,5201.36279296875,2272.0,,1059.6199951171875,,,,,10180.275390625,478.8900146484375,711.3800048828125,3555.8701171875,1164.3599853515625,600.100830078125,771.4685668945312,11417.599609375,10828.25,18235.029296875,11081.0,13990.3798828125,4467.2001953125
2012-05-31,1310.3299560546875,5320.89990234375,6264.3798828125,3017.010009765625,8542.73046875,2372.23388671875,18629.51953125,1843.469970703125,4924.25,11513.2001953125,4076.300048828125,54490.0,2118.93994140625,6089.79345703125,5849.89990234375,2772.5400390625,7301.46630859375,290.0899963378906,37872.94921875,3832.6748046875,981.280029296875,1580.6700439453125,79.3,228.713,,1.32,158.56198,12874.0,2827.340087890625,761.8200073242188,724.1199951171875,4318.16015625,3062.02001953125,525.4500122070312,12393.4501953125,925.6300048828124,13740.240234375,2093.56005859375,1897.0400390625,1141.5,5089.92138671875,2257.0,,975.97998046875,,,,,10141.2958984375,471.9400024414063,645.6900024414062,3488.2900390625,1065.02001953125,550.9900512695312,687.308349609375,10558.2001953125,10147.8203125,16099.8203125,9686.0302734375,13786.6201171875,4133.7001953125
2012-06-30,1362.1600341796875,5571.2001953125,6416.27978515625,3196.64990234375,9006.7802734375,2225.429931640625,19441.4609375,1854.010009765625,5278.89990234375,11596.599609375,4094.60009765625,54355.0,2264.719970703125,7102.19287109375,6066.85986328125,2878.449951171875,7296.24609375,307.3099975585937,40199.55078125,3955.4228515625,969.8599853515624,1599.1500244140625,73.2,228.524,,1.34,194.61057,14274.0,2935.050048828125,798.489990234375,750.6099853515625,4400.10009765625,3148.6201171875,611.1599731445312,12880.08984375,941.6400146484376,14258.26953125,2227.6298828125,1975.3499755859373,1172.1099853515625,5245.0615234375,2347.0,,1019.0599975585938,,,,,9500.2138671875,489.1600036621094,674.7899780273438,3399.830078125,1057.6300048828125,625.4317016601562,741.5448608398438,10932.099609375,10343.7099609375,17341.0703125,9574.83984375,13801.41015625,4135.5
2012-07-31,1379.3199462890625,5635.2998046875,6772.259765625,3291.659912109375,8695.0595703125,2103.635009765625,19796.810546875,1881.989990234375,5229.0,11664.7001953125,4269.2001953125,56097.0,2325.719970703125,6738.09326171875,6399.27001953125,3036.39990234375,7270.45654296875,326.4700012207031,40704.28125,4142.17578125,996.719970703125,1631.5999755859375,72.3,228.59,,1.28,184.8797,13891.0,2939.52001953125,786.9400024414062,758.5999755859375,4227.56005859375,3169.25,598.6799926757812,13008.6796875,940.47998046875,14370.2099609375,2274.840087890625,2014.800048828125,1199.300048828125,5306.2958984375,2400.0,,1068.1600341796875,,,,,9059.119140625,467.6099853515625,712.77001953125,3545.010009765625,1105.7900390625,642.591552734375,693.8541259765625,11136.7001953125,10826.259765625,17408.01953125,9674.26953125,14577.0,4289.39990234375
2012-08-31,1406.5799560546875,5711.5,6970.7900390625,3413.070068359375,8839.91015625,2047.52197265625,19482.5703125,1905.1199951171875,5258.5,11949.2998046875,4316.10009765625,57061.0,2440.7099609375,7420.49267578125,6388.009765625,3025.4599609375,7397.02587890625,329.2799987792969,39421.6484375,4060.1728515625,999.5900268554688,1646.1099853515625,74.3,229.918,,1.35,152.35347,15101.0,3066.9599609375,812.0900268554688,775.0700073242188,4155.68017578125,3160.7900390625,646.8200073242188,13090.83984375,971.5499877929688,14680.580078125,2345.68994140625,2016.550048828125,1227.47998046875,5194.85400390625,2408.0,,1043.9300537109375,,,,,8210.8984375,508.3500061035156,695.530029296875,3666.679931640625,1120.5799560546875,673.6763916015625,689.1785888671875,11410.2001953125,11016.98046875,17513.8203125,9280.25,15391.580078125,4339.0
2012-09-30,1440.6700439453125,5742.10009765625,7216.14990234375,3354.820068359375,8870.16015625,2086.1689453125,20840.380859375,1996.2099609375,5703.2998046875,12317.5,4387.0,59176.0,2454.260009765625,7708.4921875,6495.8798828125,3060.340087890625,7715.125,323.17999267578125,40799.23828125,4262.39501953125,1054.5799560546875,1636.6600341796875,78.3,231.015,,1.42,175.27705,15096.0,3116.22998046875,837.4500122070312,793.739990234375,4230.419921875,3278.280029296875,739.1199951171875,13437.1298828125,989.02001953125,15044.1396484375,2373.330078125,2089.739990234375,1298.7900390625,5344.7255859375,2452.0,,1072.449951171875,,,,,8679.1220703125,523.780029296875,731.77001953125,3834.14990234375,1189.25,663.9634399414062,702.2702026367188,11734.099609375,10977.8798828125,18588.650390625,9831.6201171875,15444.8203125,4406.2998046875
2012-10-31,1412.1600341796875,5782.7001953125,7260.6298828125,3429.27001953125,8928.2900390625,2068.8798828125,21641.8203125,1912.06005859375,5619.7001953125,12422.900390625,4517.0,57068.0,2503.639892578125,7842.89208984375,6595.1298828125,3038.3701171875,7166.01708984375,330.760009765625,41619.9609375,4350.12158203125,1076.4100341796875,1673.0699462890625,82.6,231.638,,1.42,165.94452,15540.0,2977.22998046875,818.72998046875,779.3499755859375,4266.35009765625,3248.489990234375,801.3200073242188,13096.4599609375,980.4500122070312,14773.0595703125,2369.2099609375,2184.159912109375,1298.8699951171875,5423.115234375,2323.0,,1052.1099853515625,,,,,8469.705078125,508.30999755859375,751.1199951171875,3957.8798828125,1214.219970703125,725.2861328125,706.0106201171875,11935.0,11492.01953125,19220.490234375,10582.0498046875,15910.1103515625,4535.39990234375
2012-11-30,1416.1800537109375,5866.7998046875,7405.5,3557.280029296875,9446.009765625,1980.116943359375,22030.390625,1932.9000244140625,5879.85009765625,12239.400390625,4506.0,57475.0,2575.25,7934.59228515625,6820.60009765625,3069.949951171875,7580.134765625,336.54998779296875,41833.51953125,4275.974609375,1089.6099853515625,1610.8299560546875,82.7,231.249,,1.37,187.49064,15808.0,3010.239990234375,821.9199829101562,783.3699951171875,4139.990234375,3290.27001953125,809.1400146484375,13025.580078125,1000.1500244140624,14848.0400390625,2436.949951171875,2301.989990234375,1324.0400390625,5639.0,2419.0,,1085.8499755859375,,,,,7903.1611328125,499.3699951171875,726.8099975585938,4050.090087890625,1229.969970703125,730.5811767578125,742.4799194335938,12034.2001953125,11612.919921875,18265.23046875,10622.669921875,16573.859375,4518.0
2012-12-31,1426.18994140625,5897.7998046875,7612.39013671875,3620.25,10395.1796875,2269.1279296875,22656.919921875,1997.050048828125,5905.10009765625,12433.5,4649.0,60952.0,2626.85009765625,8167.49169921875,6822.43994140625,3167.080078125,7699.46484375,342.7099914550781,43705.828125,4316.5185546875,1049.06005859375,1688.949951171875,72.9,231.221,,1.53,192.82518,16273.0,3019.510009765625,849.3499755859375,789.9000244140625,4301.3798828125,3396.669921875,907.9000244140624,13104.1396484375,1020.4299926757812,14995.0703125,2466.27001953125,2401.2099609375,1391.9300537109375,5811.23583984375,2854.0,,1104.72998046875,,,,,9116.3779296875,496.3200073242188,735.0399780273438,4066.510009765625,1185.5999755859375,782.079833984375,819.1593017578125,12375.0,11914.3701171875,18173.19921875,11436.16015625,16905.330078125,4664.60009765625
2013-01-31,1498.1099853515625,6276.89990234375,7776.0498046875,3732.60009765625,11138.66015625,2385.422119140625,23729.529296875,1961.93994140625,6034.75,12685.2001953125,4878.7998046875,59761.0,2702.97998046875,8362.291015625,7390.85986328125,3282.659912109375,7849.98388671875,354.3500061035156,45278.05859375,4453.52978515625,1046.719970703125,1627.550048828125,73.8,231.679,,1.75,157.5333,17439.0,3142.1298828125,902.0900268554688,831.739990234375,4552.39990234375,3546.330078125,986.760009765625,13860.580078125,1093.9599609375,15824.2099609375,2520.35009765625,2446.0400390625,1474.199951171875,6241.13525390625,3462.0,,1169.1700439453125,,,,,9667.5615234375,503.6700134277344,761.260009765625,4199.81982421875,1177.3599853515625,787.8308715820312,894.9033813476562,13030.5,12571.3798828125,19368.01953125,12130.58984375,17242.740234375,4901.0
2013-02-28,1514.6800537109375,6360.7998046875,7741.7001953125,3723.0,11559.3603515625,2365.593017578125,23020.26953125,2026.489990234375,5693.0498046875,12821.7998046875,5104.10009765625,57424.0,2633.550048828125,8230.291015625,7593.669921875,3269.949951171875,7897.94287109375,340.5299987792969,44120.98828125,4795.60205078125,1090.6700439453125,1637.6300048828125,77.6,232.937,,1.64,114.65412,15921.0,3160.18994140625,911.1099853515624,840.969970703125,4558.4599609375,3756.77001953125,1007.989990234375,14054.490234375,1102.6400146484375,15993.4501953125,2569.169921875,2466.60009765625,1541.5799560546875,6719.72216796875,3049.0,,1199.4000244140625,,,,,9641.33203125,535.8699951171875,824.739990234375,4214.60009765625,1221.469970703125,793.332763671875,926.6973876953124,13704.0,13301.3798828125,18804.9609375,11437.169921875,18173.669921875,5120.39990234375
2013-03-31,1569.18994140625,6411.7001953125,7795.31005859375,3731.419921875,12397.91015625,2236.62109375,22299.630859375,2004.8900146484373,5682.5498046875,12749.900390625,4966.5,56352.0,2624.02001953125,7919.9921875,7813.669921875,3308.10009765625,7918.57275390625,348.1000061035156,44077.08984375,4940.7939453125,1100.0400390625,1671.6300048828125,78.6,232.282,,1.62,124.94082,15339.0,3267.52001953125,951.5399780273438,872.1099853515625,4432.14013671875,3958.27001953125,869.1900024414062,14578.5400390625,1153.6800537109375,16598.169921875,2592.18994140625,2352.010009765625,1561.06005859375,6845.7099609375,3381.0,,1201.18994140625,2324.360107421875,,518.7000122070312,,8889.669921875,555.02001953125,836.8699951171875,4422.75,1237.6700439453125,858.9854125976562,995.895751953125,13923.0,13322.259765625,17857.419921875,10896.2197265625,17947.759765625,4979.89990234375
2013-04-30,1597.5699462890625,6430.10009765625,7913.7099609375,3856.75,13860.8603515625,2177.912109375,22737.009765625,1963.949951171875,5930.2001953125,12456.5,5191.2001953125,55910.0,2712.0,8418.9912109375,7906.2099609375,3368.179931640625,8093.62255859375,351.3900146484375,42263.48046875,5033.875,1082.949951171875,1717.6500244140625,76.4,231.797,,1.48,118.71049,16768.0,3328.7900390625,947.4600219726562,886.8900146484375,4292.14013671875,3858.219970703125,974.0900268554688,14839.7998046875,1160.02001953125,16864.279296875,2643.419921875,2414.25,1597.8599853515625,7069.17236328125,3846.0,6248.52001953125,1198.989990234375,2315.85009765625,,524.8099975585938,,8691.2919921875,563.8699951171875,857.1199951171875,4614.3701171875,1206.18994140625,860.4554443359375,1117.4603271484375,13949.900390625,13443.7099609375,18286.0703125,10917.9697265625,18982.419921875,5168.60009765625
2013-05-31,1630.739990234375,6583.10009765625,8348.83984375,3948.590087890625,13774.5400390625,2300.594970703125,22392.16015625,2001.050048828125,5985.9501953125,12650.400390625,4926.60009765625,53506.0,2769.639892578125,8320.5908203125,7947.009765625,3311.3701171875,8254.759765625,363.3800048828125,41588.3203125,5068.4306640625,1107.9000244140625,1769.219970703125,84.5,231.893,,1.86,104.30455,17214.0,3455.909912109375,984.1500244140624,904.4400024414062,4191.259765625,4012.89990234375,1014.530029296875,15115.5703125,1184.3199462890625,17212.259765625,2649.360107421875,2416.68994140625,1562.0699462890625,7020.14501953125,3489.0,5939.43017578125,1214.77001953125,2346.2099609375,,536.260009765625,,9257.8466796875,577.8699951171875,839.469970703125,4511.35009765625,1232.0,859.8954467773438,1122.135986328125,14350.900390625,14093.58984375,19262.76953125,10599.2099609375,21823.05078125,4914.0
2013-06-30,1606.280029296875,6215.5,7959.22021484375,3738.909912109375,13677.3203125,1979.2060546875,20803.2890625,1863.3199462890625,5842.2001953125,12129.099609375,4802.60009765625,47457.0,2602.590087890625,7762.6923828125,7683.0400390625,3150.43994140625,8062.17236328125,344.5899963378906,40623.30078125,4818.70751953125,1069.56005859375,1773.5400390625,84.1,232.445,,2.16,114.61614,15239.0,3403.25,977.47998046875,890.6699829101562,4029.669921875,3963.330078125,847.5700073242188,14909.599609375,1160.8199462890625,16992.08984375,2526.110107421875,2223.97998046875,1451.9000244140625,6463.61767578125,2976.0,5556.8798828125,1151.0,2220.669921875,,512.7100219726562,,7694.3837890625,519.0599975585938,804.0,4440.169921875,1189.6700439453125,762.9409790039062,1092.21240234375,13798.2001953125,13706.4404296875,19023.9609375,9311.4404296875,21005.689453125,4775.39990234375
2013-07-31,1685.72998046875,6621.10009765625,8275.9697265625,3992.68994140625,13668.3203125,1993.7989501953125,21883.66015625,1914.030029296875,5742.0,12486.599609375,5052.0,48234.0,2768.14990234375,8433.3916015625,7820.43017578125,3221.929931640625,8107.90234375,369.80999755859375,40837.87890625,4610.197265625,1094.06005859375,1772.6199951171875,85.1,232.9,,2.29,94.03991,16482.0,3626.3701171875,1045.260009765625,937.1599731445312,3732.5400390625,4104.8701171875,884.5999755859375,15499.5400390625,1231.9000244140625,17890.390625,2662.679931640625,2337.739990234375,1423.1400146484375,6637.41357421875,3358.0,5721.4599609375,1234.0699462890625,2318.610107421875,,538.760009765625,,7765.3125,554.3099975585938,771.9000244140625,4537.97998046875,1203.469970703125,733.7711181640625,1086.2359619140625,14872.900390625,14352.4296875,18552.33984375,9658.5400390625,23312.76953125,5035.7001953125
2013-08-31,1632.969970703125,6412.89990234375,8103.14990234375,3933.780029296875,13388.8603515625,2098.382080078125,21731.369140625,1926.3599853515625,5471.7998046875,12653.900390625,5135.0,50008.0,2721.3701171875,8290.4912109375,7745.97021484375,3028.93994140625,8021.8525390625,362.9299926757813,39492.37109375,4194.92578125,1081.6800537109375,1727.5799560546875,82.1,233.456,,2.39,102.77067,16682.0,3589.8701171875,1010.9000244140624,909.280029296875,3628.72998046875,4190.169921875,899.9199829101562,14810.3095703125,1183.8699951171875,17352.080078125,2673.419921875,2428.929931640625,1294.300048828125,6073.60791015625,3936.0,5807.759765625,1214.3499755859375,2379.75,,542.3599853515625,,8202.388671875,516.739990234375,701.0700073242188,4540.97021484375,1178.4100341796875,663.9404296875,1061.5272216796875,14625.2001953125,14386.16015625,18198.83984375,9825.2099609375,22160.849609375,5125.2998046875
2013-09-30,1681.550048828125,6462.2001953125,8594.400390625,4143.43994140625,14455.7998046875,2174.6650390625,22859.859375,1996.9599609375,5735.2998046875,12787.2001953125,5218.89990234375,52338.0,2893.14990234375,9186.08984375,8022.60009765625,3167.8701171875,8173.83251953125,374.9200134277344,40185.23046875,4316.00732421875,1142.510009765625,1768.6199951171875,77.5,233.544,,2.31,144.40178,17435.0,3771.47998046875,1073.7900390625,939.5,3823.85009765625,4238.27978515625,1014.0599975585938,15129.669921875,1243.8499755859375,17982.4296875,2802.27001953125,2528.449951171875,1383.1600341796875,6190.2080078125,4784.0,5953.509765625,1259.5999755859375,2630.5400390625,,551.8599853515625,,8514.4755859375,534.8900146484375,712.9000244140625,4782.68017578125,1264.97998046875,744.862060546875,1155.6104736328125,14908.2001953125,15034.26953125,18663.33984375,10316.1201171875,21832.6796875,5217.7001953125
2013-10-31,1756.5400390625,6731.39990234375,9033.919921875,4299.89013671875,14327.9404296875,2141.614013671875,23206.369140625,2030.0899658203125,6299.14990234375,13361.2998046875,5425.5,54256.0,3067.949951171875,9907.890625,8234.2900390625,3210.669921875,8450.01953125,391.9200134277344,41038.6484375,4510.45556640625,1160.43994140625,1806.8499755859373,73.2,233.669,,2.26,171.02225,19352.0,3919.7099609375,1100.1500244140625,979.6799926757812,3912.43994140625,4405.89990234375,1188.1700439453125,15545.75,1289.1800537109375,18711.919921875,2904.35009765625,2602.919921875,1442.8800048828125,6583.68701171875,5165.0,6245.83984375,1283.52001953125,2745.179931640625,,582.739990234375,,8444.3154296875,532.4400024414062,754.8099975585938,4909.72998046875,1288.18994140625,776.1998901367188,1156.56103515625,15480.0,15989.76953125,18827.029296875,10627.01953125,22775.849609375,5420.2998046875
2013-11-30,1805.81005859375,6650.60009765625,9405.2998046875,4295.2099609375,15661.8701171875,2220.50390625,23881.2890625,2044.8699951171875,6176.10009765625,13395.400390625,5320.10009765625,52482.0,3086.639892578125,9837.58984375,8264.2001953125,3176.35009765625,8406.7900390625,396.5499877929688,42499.12890625,4256.2705078125,1218.4300537109375,1812.719970703125,75.1,234.1,,2.47,89.90614,19022.0,4059.889892578125,1142.8900146484375,1004.969970703125,3789.06005859375,4509.919921875,1195.6800537109375,16086.41015625,1304.1800537109375,19201.9609375,2870.889892578125,2645.669921875,1371.1300048828125,6207.2236328125,5719.0,6537.77001953125,1307.7099609375,2816.360107421875,,592.469970703125,,8542.5146484375,517.0599975585938,704.8900146484375,4794.9501953125,1358.22998046875,757.4789428710938,1218.3328857421875,15466.599609375,16334.2802734375,18809.759765625,11441.26953125,24302.189453125,5314.2998046875
2013-12-31,1848.3599853515625,6749.10009765625,9552.16015625,4295.9501953125,16291.3095703125,2115.97802734375,23306.390625,2011.3399658203125,6304.0,13621.599609375,5352.2001953125,51507.0,3100.929931640625,9916.6904296875,8202.98046875,3167.429931640625,8611.4697265625,401.7900085449219,42958.8203125,4274.01025390625,1206.800048828125,1866.9599609375,82.5,234.719,,2.66,104.60212,18968.0,4176.58984375,1163.6400146484375,1030.3599853515625,3699.18994140625,4539.43017578125,1162.6800537109375,16576.66015625,1342.530029296875,19706.029296875,2923.820068359375,2546.5400390625,1298.7099609375,5888.31591796875,5391.0,6558.85009765625,1332.949951171875,2835.169921875,,602.7999877929688,,8121.69921875,499.989990234375,711.1400146484375,4737.009765625,1329.3900146484375,678.013427734375,1262.048095703125,15935.400390625,16574.44921875,18564.080078125,10816.1396484375,25261.140625,5353.10009765625
2014-01-31,1782.5899658203125,6510.39990234375,9306.48046875,4165.72021484375,14914.5302734375,2033.0830078125,22035.419921875,1941.1500244140625,6089.5,13694.900390625,5190.0,47639.0,3013.9599609375,9920.1904296875,8191.330078125,3027.219970703125,8462.5302734375,386.8500061035156,40879.75,4418.58447265625,1200.6300048828125,1804.030029296875,81.2,235.288,,2.33,93.50074,19418.0,4103.8798828125,1130.8800048828125,996.47998046875,3439.409912109375,4652.2998046875,1176.9200439453125,15698.849609375,1313.0799560546875,19105.240234375,2891.25,2559.739990234375,1274.280029296875,6039.63671875,6019.0,6696.669921875,1304.449951171875,2718.699951171875,,590.8800048828125,,7572.544921875,515.2000122070312,741.760009765625,4874.580078125,1299.5400390625,618.5786743164062,1181.269775390625,15674.400390625,16205.8798828125,18958.240234375,9818.3603515625,26784.33984375,5205.10009765625
2014-02-28,1859.449951171875,6809.7001953125,9692.080078125,4408.080078125,14841.0703125,2056.302001953125,22836.9609375,1979.989990234375,6276.9501953125,14209.599609375,5404.7998046875,47094.0,3149.22998046875,10114.1904296875,8475.330078125,3110.780029296875,8639.5400390625,398.5400085449219,38782.890625,4620.0361328125,1253.56005859375,1835.6600341796875,81.6,235.547,,2.33,88.98535,20442.0,4308.1201171875,1183.030029296875,1041.3599853515625,3718.8798828125,5195.97021484375,1310.4100341796875,16321.7099609375,1375.3299560546875,19946.83984375,3096.909912109375,2587.860107421875,1325.3299560546875,6423.33837890625,5784.0,7379.759765625,1369.1300048828125,2922.030029296875,,611.77001953125,,7365.84765625,528.9600219726562,776.6900024414062,4990.0400390625,1350.6500244140625,625.5297241210938,1172.716552734375,16726.0,16891.73046875,17744.919921875,9891.419921875,25783.279296875,5415.39990234375
2014-03-31,1872.3399658203125,6598.39990234375,9555.91015625,4391.5,14827.830078125,2033.3060302734373,22151.060546875,1985.6099853515625,6704.2001953125,14335.2998046875,5394.7998046875,50415.0,3161.60009765625,10340.4892578125,8453.8203125,3188.6201171875,8849.240234375,403.2099914550781,40461.6015625,4768.09130859375,1282.219970703125,1849.2099609375,80.0,236.028,,2.29,93.46759,21691.0,4198.990234375,1173.0400390625,1046.4200439453125,3772.760009765625,4995.39013671875,1335.739990234375,16457.66015625,1378.5,19996.009765625,3129.93994140625,2523.820068359375,1376.260009765625,6427.05712890625,6374.0,7607.5498046875,1364.969970703125,2843.43994140625,,622.1900024414062,,7189.49951171875,541.5800170898438,799.510009765625,5139.97998046875,1402.219970703125,697.3592529296875,1175.567626953125,16273.7001953125,16461.6796875,17529.990234375,10075.099609375,27159.91015625,5403.0
2014-04-30,1883.949951171875,6780.0,9603.23046875,4487.39013671875,14304.1103515625,2026.3580322265625,22133.970703125,1961.7900390625,6696.39990234375,14651.900390625,5489.10009765625,51626.0,3198.389892578125,10458.9892578125,8476.66015625,3264.7099609375,8791.400390625,400.5499877929688,40711.55859375,4839.95751953125,1250.02001953125,1871.52001953125,84.1,236.468,,2.25,91.11802,21783.0,4114.56005859375,1126.8599853515625,1050.199951171875,3909.639892578125,4897.02978515625,1232.1199951171875,16580.83984375,1355.9599609375,19959.83984375,3089.800048828125,2525.219970703125,1414.93994140625,6706.185546875,6782.0,7456.91015625,1364.3900146484375,2842.35009765625,,643.2000122070312,,7312.77783203125,559.3400268554688,814.9600219726562,5232.68017578125,1378.9300537109375,738.7111206054688,1138.5042724609375,15817.2001953125,16081.8798828125,17434.529296875,9779.7197265625,28912.98046875,5470.7998046875
2014-05-31,1923.5699462890625,6844.5,9943.26953125,4519.56982421875,14632.3798828125,2039.2120361328125,23081.650390625,1994.9599609375,7229.9501953125,14604.2001953125,5492.5,51239.0,3244.60009765625,10798.689453125,8674.51953125,3295.85009765625,9075.8681640625,407.2099914550781,41362.51171875,4893.7177734375,1256.739990234375,1873.3800048828125,81.9,236.918,,2.11,90.39225,21629.0,4242.6201171875,1134.5,1071.9599609375,3903.81005859375,4898.77001953125,1223.47998046875,16717.169921875,1377.97998046875,20348.349609375,3159.10009765625,2529.330078125,1415.72998046875,6645.94091796875,7712.0,7112.91015625,1402.0799560546875,2954.60009765625,,675.1400146484375,,7364.74755859375,546.530029296875,824.5499877929688,5178.43994140625,1393.4200439453125,792.893798828125,1172.716552734375,16010.2998046875,16951.109375,19264.419921875,10249.6904296875,29737.689453125,5473.7998046875
2014-06-30,1960.22998046875,6743.89990234375,9833.0703125,4422.83984375,15162.099609375,2048.326904296875,23190.720703125,2002.2099609375,7611.35009765625,15146.0,5395.7001953125,53168.0,3228.239990234375,10923.4892578125,8554.51953125,3255.669921875,9393.0283203125,413.1499938964844,42737.171875,4878.39208984375,1252.3900146484375,1882.7099609375,82.5,237.231,,2.06,81.00762,21283.0,4408.18017578125,1192.9599609375,1094.5899658203125,3875.72998046875,4699.93994140625,1214.31005859375,16826.599609375,1432.93994140625,20862.740234375,3127.2099609375,2500.85009765625,1485.75,6842.55078125,7887.0,6802.2001953125,1376.81005859375,2920.179931640625,,690.3900146484375,,7343.19775390625,537.0599975585938,822.6699829101562,5141.47998046875,1388.27001953125,784.8858642578125,1237.3394775390625,15723.599609375,16815.580078125,18605.779296875,10335.0302734375,29652.529296875,5382.0
2014-07-31,1930.6700439453125,6730.10009765625,9407.48046875,4246.14013671875,15620.76953125,2201.56201171875,24756.849609375,2076.1201171875,7721.2998046875,15330.7001953125,5632.89990234375,55829.0,3115.510009765625,10707.189453125,8410.26953125,3374.06005859375,9315.8076171875,404.2900085449219,43817.69140625,5088.60400390625,1246.199951171875,1871.3599853515625,81.8,237.498,,2.05,76.64489,20570.0,4369.77001953125,1120.0699462890625,1075.5999755859375,3875.43994140625,4647.7900390625,1169.010009765625,16563.30078125,1370.699951171875,20410.810546875,3098.739990234375,2310.43994140625,1502.3900146484375,6863.05517578125,8188.0,5979.490234375,1379.8699951171875,2927.47998046875,,682.0499877929688,,7956.8212890625,536.3200073242188,868.2999877929688,5167.990234375,1392.449951171875,821.5646362304688,1263.2298583984375,15495.599609375,15790.669921875,17521.83984375,11130.2001953125,30314.0703125,5623.10009765625
2014-08-31,2003.3699951171875,6819.7998046875,9470.169921875,4381.0400390625,15424.58984375,2217.199951171875,24742.060546875,2068.5400390625,7954.35009765625,15625.7001953125,5625.89990234375,61288.0,3172.6298828125,10728.7890625,8658.9697265625,3327.090087890625,9436.2275390625,413.1300048828125,45628.08984375,5136.66259765625,1263.969970703125,1866.1099853515625,82.5,237.46,,1.87,71.26214,20450.0,4580.27001953125,1174.3499755859375,1117.7099609375,3996.6298828125,4783.1298828125,1161.81005859375,17098.44921875,1438.1700439453125,21233.830078125,3192.719970703125,2301.52001953125,1561.6300048828125,7049.07763671875,9817.0,5942.77978515625,1388.8900146484375,2938.179931640625,,677.4299926757812,,7841.6123046875,570.2000122070312,869.2000122070312,5223.2998046875,1404.4100341796875,803.124755859375,1250.6749267578125,15885.7001953125,16085.2900390625,17779.759765625,10963.58984375,28567.740234375,5624.60009765625
2014-09-30,1972.2900390625,6622.7001953125,9474.2998046875,4416.240234375,16173.51953125,2363.8701171875,22932.98046875,2020.0899658203125,7964.7998046875,14960.5,5292.7998046875,54116.0,3225.929931640625,10825.4892578125,8835.1396484375,3276.739990234375,8966.87890625,421.1400146484375,44985.66015625,5137.37890625,1305.43994140625,1846.31005859375,84.6,237.477,,1.94,84.33692,20892.0,4493.39013671875,1101.6800537109375,1096.4300537109375,3943.56005859375,4874.68017578125,1061.5799560546875,17042.900390625,1370.969970703125,20760.4609375,3221.39990234375,2203.93994140625,1585.6700439453125,7281.19775390625,12549.0,5740.5,1403.0,2939.2900390625,,676.3300170898438,,8080.259765625,573.219970703125,873.0800170898438,5255.0400390625,1458.989990234375,749.3740234375,1306.689453125,15379.7001953125,15994.9599609375,17884.7109375,10310.400390625,29726.390625,5296.7998046875
2014-10-31,2018.050048828125,6546.5,9326.8701171875,4233.08984375,16413.759765625,2420.177978515625,23998.060546875,1964.4300537109373,8322.2001953125,14613.2998046875,5526.60009765625,54629.0,3113.320068359375,10477.7890625,8837.7802734375,3274.25,8974.71875,411.3200073242188,45027.51953125,5089.34912109375,1276.800048828125,1855.1500244140625,86.9,237.43,,1.85,100.20666,19783.0,4630.740234375,1173.510009765625,1121.97998046875,3850.969970703125,4763.1298828125,915.8300170898438,17390.51953125,1418.7099609375,21256.740234375,3157.14990234375,2214.699951171875,1584.1600341796875,7213.875,11019.0,5222.1298828125,1412.8399658203125,2929.02001953125,,642.3699951171875,,8225.5185546875,558.7000122070312,868.0499877929688,5387.830078125,1424.3699951171875,805.792724609375,1316.3472900390625,15501.400390625,16134.25,17320.3203125,10755.7998046875,30376.529296875,5505.0
2014-11-30,2067.56005859375,6722.60009765625,9980.849609375,4390.18017578125,17459.849609375,2682.9189453125,23987.44921875,1980.780029296875,8588.25,14744.7001953125,5313.0,54664.0,3250.929931640625,10770.689453125,9150.4599609375,3350.5,9187.1083984375,425.8599853515625,44190.46875,5149.68798828125,1310.199951171875,1820.8900146484373,88.8,236.983,,1.71,88.56003,20014.0,4791.6298828125,1173.22998046875,1148.9000244140625,3991.780029296875,5071.580078125,963.1900024414062,17828.240234375,1442.6300048828125,21731.1796875,3287.909912109375,2283.10009765625,1593.9100341796875,7292.5048828125,9809.0,5176.14013671875,1461.3399658203125,3041.409912109375,,612.5499877929688,,9002.1298828125,545.0800170898438,886.3300170898438,5424.4501953125,1477.5899658203125,861.6824340820312,1391.67724609375,15851.7998046875,16984.259765625,17350.08984375,11145.3896484375,31197.98046875,5298.10009765625
2014-12-31,2058.89990234375,6566.10009765625,9805.5498046875,4272.75,17450.76953125,3234.677001953125,23605.0390625,1915.5899658203125,8282.7001953125,14632.400390625,5411.0,50007.0,3135.949951171875,10279.4892578125,8983.3701171875,3365.14990234375,9307.2177734375,424.4700012207031,43145.66015625,5226.7431640625,1288.9300537109375,1761.25,93.6,236.252,,1.5,85.1875,19012.0,4736.0498046875,1204.699951171875,1144.3699951171875,3850.9599609375,5224.56005859375,799.9400024414062,17823.0703125,1452.43994140625,21669.859375,3285.260009765625,2160.080078125,1497.6700439453125,7228.7109375,8579.0,4798.990234375,1464.550048828125,2988.080078125,,619.739990234375,,11014.4970703125,542.969970703125,898.5800170898438,5568.27978515625,1464.989990234375,857.2064208984375,1392.64306640625,16085.400390625,16934.849609375,16634.0,11984.6904296875,32131.279296875,5388.60009765625
2015-01-31,1994.989990234375,6749.39990234375,10694.3203125,4604.25,17674.390625,3210.363037109375,24507.05078125,1949.260009765625,8808.900390625,14673.5,5588.2998046875,46908.0,3351.43994140625,10403.2890625,8385.1298828125,3391.199951171875,9361.8681640625,450.3900146484375,40950.578125,5289.19775390625,1269.7099609375,1781.260009765625,98.1,234.747,,1.21,117.16063,20503.0,4635.240234375,1165.3900146484375,1111.8499755859375,3836.72998046875,5471.52001953125,618.5700073242188,17164.94921875,1435.0999755859375,21060.439453125,3530.31005859375,2191.110107421875,1581.25,7687.93310546875,8491.0,5144.5498046875,1573.6199951171875,3260.68994140625,,635.7100219726562,,11150.5654296875,591.5800170898438,912.0499877929688,5744.0,1447.8499755859375,889.4533081054688,1397.471923828125,16305.7998046875,18594.140625,16530.9296875,11720.099609375,34443.87109375,5551.60009765625
2015-02-28,2104.5,6946.7001953125,11401.66015625,4951.47998046875,18797.939453125,3310.302978515625,24823.2890625,1985.800048828125,8844.599609375,15234.2998046875,5928.7998046875,51583.0,3599.0,11178.2880859375,9014.5302734375,3402.860107421875,9622.0556640625,483.9299926757813,44190.171875,5450.08203125,1341.780029296875,1821.2099609375,95.4,235.342,,1.37,100.31974,22338.0,4963.52978515625,1233.3699951171875,1173.4599609375,3983.719970703125,5977.02978515625,748.5499877929688,18132.69921875,1506.530029296875,22212.33984375,3714.43994140625,2495.2099609375,1587.010009765625,7728.58251953125,9602.0,5689.7001953125,1691.030029296875,3446.14990234375,,663.280029296875,,11757.5478515625,624.5599975585938,946.8800048828124,5878.47021484375,1517.93994140625,841.4705200195312,1506.6043701171875,17273.80078125,20092.009765625,18210.189453125,12185.849609375,33632.19140625,5898.5
2015-03-31,2067.889892578125,6773.0,11966.169921875,5033.64013671875,19206.990234375,3747.89892578125,24900.890625,2041.030029296875,8491.0,14902.400390625,5891.5,51150.0,3697.3798828125,11521.087890625,9128.98046875,3447.010009765625,9586.396484375,489.4100036621094,43724.78125,5518.4599609375,1416.1600341796875,1830.780029296875,93.0,235.976,,1.38,105.21813,23157.0,4900.8798828125,1252.77001953125,1156.949951171875,3916.919921875,6019.490234375,621.4099731445312,17776.119140625,1524.030029296875,21947.91015625,3725.820068359375,2509.820068359375,1505.93994140625,7938.44873046875,10837.0,5968.52978515625,1667.72998046875,3507.469970703125,,664.9600219726562,,13160.5126953125,650.489990234375,961.9400024414062,5833.990234375,1625.77001953125,808.4557495117188,1535.577392578125,17090.599609375,20684.630859375,19689.16015625,12346.08984375,30233.869140625,5861.89990234375
2015-04-30,2085.510009765625,6960.60009765625,11454.3798828125,5046.490234375,19520.009765625,4441.65478515625,28133.0,2127.169921875,8181.5,15224.5,5790.0,56229.0,3615.590087890625,11384.98828125,9077.1201171875,3487.389892578125,9820.0048828125,487.8500061035156,44582.390625,5086.22705078125,1430.6099853515625,1818.27001953125,95.9,236.222,,1.47,109.64379,23046.0,4941.419921875,1220.1300048828125,1164.030029296875,4043.449951171875,6047.14990234375,672.760009765625,17840.51953125,1500.18994140625,22034.2890625,3674.179931640625,2586.330078125,1526.739990234375,7712.83642578125,12050.0,6094.68017578125,1628.0400390625,3344.510009765625,,695.6199951171875,,14818.4736328125,689.010009765625,869.4400024414062,5791.33984375,1644.8499755859375,839.4655151367188,1583.865966796875,17474.599609375,20316.55078125,22612.4609375,14431.1103515625,33729.9609375,5773.7001953125
2015-05-31,2107.389892578125,6984.39990234375,11413.8203125,5007.89013671875,20563.150390625,4611.744140625,27424.189453125,2114.800048828125,8433.650390625,15014.099609375,5777.2001953125,52760.0,3570.780029296875,11217.587890625,9237.7900390625,3392.110107421875,9701.025390625,493.55999755859375,44703.62109375,5216.17578125,1454.510009765625,1747.52001953125,90.7,237.001,,1.51,101.01894,23496.0,5070.02978515625,1246.530029296875,1176.6700439453125,4045.6201171875,6274.60009765625,825.3800048828125,18010.6796875,1524.6700439453125,22259.69921875,3708.659912109375,2568.760009765625,1496.050048828125,7578.51123046875,10801.0,5839.5,1644.989990234375,3375.110107421875,,694.7000122070312,,16100.26953125,711.3900146484375,904.1300048828124,5844.9501953125,1677.030029296875,829.8076171875,1663.059326171875,18154.400390625,20449.599609375,22378.740234375,14103.8095703125,33056.7890625,5774.89990234375
2015-06-30,2063.110107421875,6521.0,10944.9697265625,4790.2001953125,20235.73046875,4277.22216796875,26250.029296875,2074.199951171875,8368.5,14553.2998046875,5459.0,53081.0,3424.300048828125,10769.4892578125,8780.91015625,3317.330078125,9322.9775390625,472.5799865722656,45053.69921875,4910.466796875,1420.260009765625,1706.6400146484375,96.1,237.657,,1.71,108.95279,22461.0,4986.8701171875,1253.949951171875,1152.6400146484375,3897.10009765625,6165.0400390625,797.52001953125,17619.509765625,1502.1700439453125,21841.75,3574.699951171875,2411.77001953125,1504.550048828125,7562.55517578125,11657.0,5551.93994140625,1541.6600341796875,3254.47998046875,,676.2000122070312,,14337.80859375,742.27001953125,839.1400146484375,5726.9599609375,1648.800048828125,822.4906616210938,1623.462646484375,17531.5,19622.470703125,21903.130859375,12981.23046875,34398.859375,5451.2001953125
2015-07-31,2103.840087890625,6696.2998046875,11308.990234375,5082.60986328125,20585.240234375,3663.72607421875,24636.279296875,2030.1600341796875,8532.849609375,14468.400390625,5699.2001953125,50865.0,3600.68994140625,11180.6884765625,9428.169921875,3202.5,8665.2998046875,495.2300109863281,44752.9296875,4802.341796875,1476.8499755859375,1723.1400146484375,93.1,238.034,,1.53,98.91843,23538.0,5128.27978515625,1238.6800537109375,1173.550048828125,3870.35009765625,6512.77001953125,,17689.859375,1502.8900146484375,22180.080078125,3762.639892578125,2499.449951171875,1440.1199951171875,7548.05908203125,11101.0,5715.60986328125,1615.6400146484375,3396.800048828125,,683.0399780273438,,12374.111328125,725.0599975585938,813.0999755859375,5920.9599609375,1712.6099853515625,799.0927734375,1652.8697509765625,17677.400390625,20764.560546875,22588.990234375,11131.6796875,35741.51953125,5681.7001953125
2015-08-31,1972.1800537109373,6247.89990234375,10259.4599609375,4652.9501953125,18890.48046875,3205.986083984375,21670.580078125,1941.489990234375,7971.2998046875,13859.099609375,5207.0,46626.0,3269.6298828125,10258.9892578125,8824.5595703125,2921.43994140625,8174.88232421875,445.0299987792969,43721.9609375,4509.431640625,1382.489990234375,1612.739990234375,91.9,238.033,,1.47,129.69532,21942.0,4776.509765625,1159.449951171875,1100.510009765625,3840.2099609375,6405.97021484375,624.2000122070312,16528.029296875,1416.75,20802.9609375,3463.1201171875,2325.110107421875,1382.4100341796875,7096.9853515625,11033.0,5261.14990234375,1501.0699462890625,3102.35009765625,,634.47998046875,,10549.0419921875,687.1099853515625,770.8099975585938,5656.240234375,1578.47998046875,752.1000366210938,1529.418701171875,17106.400390625,19678.4609375,21395.94921875,9741.41015625,34726.51171875,5222.10009765625
2015-09-30,1920.030029296875,6061.60009765625,9660.4404296875,4455.2900390625,17388.150390625,3052.781005859375,20846.30078125,1962.81005859375,7948.89990234375,13307.0,5021.60009765625,45059.0,3100.669921875,9559.890625,8513.41015625,2790.889892578125,8181.20263671875,421.1400146484375,42632.5390625,4223.744140625,1294.449951171875,1621.0400390625,87.2,237.498,,1.42,138.72169,21295.0,4620.16015625,1100.68994140625,1068.4599609375,3685.179931640625,6167.41015625,654.2000122070312,16284.7001953125,1368.9100341796875,20119.279296875,3344.5,2229.489990234375,1349.0,6892.20751953125,9815.0,5047.2900390625,1416.8900146484375,2966.85009765625,,622.719970703125,,9988.138671875,678.47998046875,704.97998046875,5593.35986328125,1490.97998046875,742.0510864257812,1416.7454833984375,16683.0,19279.740234375,20893.9609375,9405.5,32287.41015625,5058.60009765625
2015-10-31,2079.360107421875,6361.10009765625,10850.1396484375,4897.66015625,19083.099609375,3382.56103515625,22640.0390625,2029.469970703125,8065.7998046875,13529.2001953125,5239.39990234375,45869.0,3418.22998046875,10360.689453125,8938.650390625,2998.35009765625,8554.26953125,462.1199951171875,44542.76171875,4455.0068359375,1366.6199951171875,1665.7099609375,90.0,237.733,,1.41,102.89402,22443.0,5053.75,1161.8599853515625,1153.550048828125,3827.989990234375,6428.5498046875,701.219970703125,17663.5390625,1444.77001953125,21648.509765625,3600.199951171875,2420.659912109375,1394.93994140625,7132.42578125,12461.0,5468.68994140625,1499.22998046875,3289.389892578125,,655.530029296875,,11545.919921875,683.6300048828125,759.72998046875,5986.3701171875,1573.5400390625,794.0858154296875,1564.6907958984375,17117.19921875,21174.529296875,21557.439453125,10396.580078125,34261.6015625,5288.60009765625
2015-11-30,2080.409912109375,6356.10009765625,11382.23046875,4957.60009765625,19747.470703125,3445.405029296875,21996.419921875,1991.969970703125,7935.25,13469.7998046875,5166.5,45120.0,3506.449951171875,10386.8896484375,8993.099609375,2855.93994140625,8320.5703125,469.5199890136719,43418.55078125,4446.28515625,1345.3699951171875,1672.1600341796875,91.3,238.017,,1.27,92.10044,22718.0,5108.669921875,1198.1099853515625,1154.6600341796875,3655.300048828125,6838.47998046875,634.8200073242188,17719.919921875,1461.81005859375,21658.55078125,3760.889892578125,2488.6201171875,1359.699951171875,6925.2890625,12972.0,5350.35986328125,1536.050048828125,3468.919921875,,669.6599731445312,,12037.7255859375,688.3800048828125,755.4600219726562,6100.14990234375,1560.5,752.3240356445312,1588.2049560546875,17420.69921875,21593.380859375,23768.599609375,9790.6396484375,32255.19921875,5218.2001953125
2015-12-31,2043.93994140625,6242.2998046875,10743.009765625,4677.14013671875,19033.7109375,3539.181884765625,21914.400390625,1961.31005859375,7946.35009765625,13010.0,5295.89990234375,43350.0,3287.97998046875,9544.1904296875,8818.08984375,2882.72998046875,8338.01953125,446.1900024414063,42977.5,4592.8291015625,1315.219970703125,1692.510009765625,92.6,237.761,,1.21,99.34261,21418.0,5007.41015625,1135.8900146484375,1131.8800048828125,3680.2099609375,6791.68017578125,631.3499755859375,17425.029296875,1398.5799560546875,21167.859375,3734.02001953125,2396.93994140625,1288.02001953125,6950.29296875,11675.0,5313.169921875,1446.8199462890625,3359.3798828125,,648.9600219726562,,12664.748046875,682.3499755859375,792.030029296875,6324.259765625,1528.739990234375,717.2662353515625,1556.8526611328125,17429.80078125,20774.619140625,23920.650390625,9661.0302734375,32816.30859375,5344.60009765625
2016-01-31,1940.239990234375,6083.7998046875,9798.1103515625,4417.02001953125,17518.30078125,2737.60009765625,19683.109375,1912.06005859375,7563.5498046875,12822.099609375,5005.5,40406.0,3045.090087890625,8815.791015625,8319.8095703125,2629.110107421875,8080.5625,431.2799987792969,43630.76953125,4614.9833984375,1246.2099609375,1667.800048828125,92.0,237.652,,1.18,119.01519,18657.0,4613.9501953125,1035.3800048828125,1069.780029296875,3705.919921875,6343.240234375,552.8300170898438,16466.30078125,1317.739990234375,19926.099609375,3486.219970703125,2162.419921875,1300.97998046875,6685.90087890625,11306.0,5065.669921875,1356.3199462890625,3221.330078125,,603.3599853515625,,9418.0947265625,682.7999877929688,799.989990234375,6170.22021484375,1452.1700439453125,734.8070678710938,1447.1182861328125,16487.69921875,19478.0390625,23997.310546875,8241.3603515625,31298.599609375,5056.60009765625
2016-02-29,1932.22998046875,6097.10009765625,9495.400390625,4353.5498046875,16026.759765625,2687.97900390625,19111.9296875,1916.6600341796875,6987.0498046875,12860.400390625,4880.89990234375,42794.0,2945.75,8461.3916015625,7843.6298828125,2666.510009765625,8411.1328125,427.2699890136719,43714.9296875,4770.7705078125,1239.25,1654.75,91.7,237.336,,0.96,114.62456,17623.0,4557.9501953125,1033.9000244140625,1066.5799560546875,3715.840087890625,6344.10986328125,516.7100219726562,16516.5,1334.199951171875,19864.01953125,3371.820068359375,2154.340087890625,1332.3699951171875,6669.3251953125,13116.0,4767.27978515625,1372.5400390625,3131.489990234375,,616.8099975585938,,9097.2578125,651.6199951171875,834.739990234375,6230.8701171875,1437.9300537109375,758.1399536132812,1307.0115966796875,16603.099609375,19422.029296875,23327.939453125,7916.33984375,31369.509765625,4947.89990234375
2016-03-31,2059.739990234375,6174.89990234375,9965.509765625,4385.06005859375,16758.669921875,3003.9150390625,20776.69921875,1995.8499755859373,7738.39990234375,13494.400390625,5082.7998046875,50055.0,3004.929931640625,8723.0908203125,7807.89013671875,2840.89990234375,8744.802734375,440.1099853515625,45881.078125,4845.18212890625,1251.02001953125,1717.5799560546875,91.0,238.08,,1.05,104.19081,18117.0,4869.85009765625,1114.030029296875,1138.8399658203125,3937.489990234375,6308.919921875,577.1199951171875,17685.08984375,1445.18994140625,21224.3203125,3373.0400390625,2270.3798828125,1407.699951171875,7260.4326171875,12992.0,5020.60986328125,1365.699951171875,3179.389892578125,,627.9099731445312,,10455.2529296875,688.3800048828125,840.3499755859375,6752.419921875,1450.3900146484375,832.6755981445312,1368.73681640625,16926.099609375,20397.6796875,26451.01953125,9003.25,33139.0,5151.7998046875
2016-04-30,2065.300048828125,6241.89990234375,10038.9697265625,4428.9599609375,16666.05078125,2938.323974609375,21067.05078125,1994.1500244140625,7849.7998046875,13951.5,5252.2001953125,53911.0,3028.2099609375,9025.69140625,7960.85009765625,2838.52001953125,8377.873046875,439.6799926757813,45784.76953125,4838.39453125,1245.1199951171875,1672.719970703125,89.0,238.992,,1.06,84.25134,18601.0,4775.35986328125,1130.8499755859375,1143.760009765625,4002.070068359375,6161.41015625,583.6500244140625,17773.640625,1461.6500244140625,21377.58984375,3409.3701171875,2329.419921875,1404.6099853515625,7157.44970703125,13724.0,5052.52001953125,1360.7099609375,3144.340087890625,,661.7899780273438,,10141.42578125,699.77001953125,832.510009765625,6820.580078125,1438.6600341796875,853.2734985351562,1360.8988037109375,16801.599609375,20100.7109375,26871.58984375,8939.4697265625,34719.2890625,5316.0
2016-05-31,2096.949951171875,6230.7998046875,10262.740234375,4505.6201171875,17234.98046875,2916.615966796875,20815.08984375,1983.4000244140625,8160.10009765625,14065.7998046875,5378.60009765625,48472.0,3063.47998046875,9033.9912109375,8216.419921875,2791.06005859375,8535.5625,447.8699951171875,45459.44921875,4796.68212890625,1253.68994140625,1626.0,94.7,239.557,,0.97,82.04127,18025.0,4948.0498046875,1154.7900390625,1160.949951171875,3934.7099609375,6493.4599609375,646.969970703125,17787.19921875,1493.050048828125,21701.470703125,3514.06005859375,2260.830078125,1424.280029296875,7399.697265625,12682.0,4957.85009765625,1369.47998046875,3248.2900390625,,670.9600219726562,,10159.8154296875,698.4500122070312,820.010009765625,7039.419921875,1444.3399658203125,778.0298461914062,1400.08935546875,17184.69921875,20762.380859375,26521.189453125,8704.900390625,36061.55859375,5447.7998046875
2016-06-30,2098.860107421875,6504.2998046875,9680.08984375,4237.47998046875,15575.919921875,2929.60595703125,20794.369140625,1970.3499755859373,8287.75,14064.5,5233.39990234375,51527.0,2864.739990234375,8163.2998046875,8020.14990234375,2840.929931640625,8666.5595703125,435.8800048828125,45966.48828125,5016.4521484375,1210.949951171875,1654.0799560546875,93.5,240.222,,0.91,162.62912,16198.0,4842.669921875,1151.9200439453125,1161.5699462890625,3995.909912109375,5642.490234375,542.1199951171875,17929.990234375,1496.5,21711.380859375,3345.6298828125,2095.9599609375,1444.989990234375,7794.24560546875,14684.0,4453.66015625,1323.5799560546875,3198.199951171875,,665.719970703125,,10489.873046875,675.0900268554688,860.719970703125,6897.52978515625,1397.949951171875,768.1679077148438,1268.8006591796875,16271.099609375,19843.4296875,26325.599609375,8712.8896484375,37783.5390625,5310.39990234375
2016-07-31,2173.60009765625,6724.39990234375,10337.5,4439.81005859375,16569.26953125,2979.339111328125,21891.369140625,2016.18994140625,8638.5,14582.7001953125,5562.2998046875,57308.0,2990.760009765625,8587.2001953125,8127.2001953125,2868.68994140625,8984.388671875,449.8299865722656,46660.671875,5215.791015625,1267.260009765625,1653.260009765625,90.0,240.101,,0.79,121.96465,16847.0,5162.1298828125,1219.93994140625,1204.4300537109375,4117.47021484375,5867.64013671875,571.3300170898438,18432.240234375,1559.4599609375,22547.919921875,3464.840087890625,2233.43994140625,1524.0699462890625,7961.06298828125,15804.0,4747.72021484375,1386.6600341796875,3384.22998046875,,671.3400268554688,,10329.32421875,706.239990234375,892.8400268554688,7348.1298828125,1452.0699462890625,754.0509643554688,1317.7813720703125,17282.900390625,21164.439453125,27628.169921875,8958.9697265625,39505.28125,5644.0
2016-08-31,2170.949951171875,6781.5,10592.6904296875,4438.22021484375,16887.400390625,3085.490966796875,22976.880859375,2034.6500244140625,8786.2001953125,14598.0,5433.0,57901.0,3023.1298828125,8716.7998046875,8202.1298828125,2820.590087890625,9068.8291015625,454.3800048828125,47541.3203125,5385.87255859375,1271.2900390625,1678.06005859375,89.8,240.545,,0.78,91.8289,16943.0,5213.22021484375,1239.9100341796875,1203.050048828125,4119.27978515625,6170.419921875,577.3900146484375,18400.880859375,1564.760009765625,22561.220703125,3553.3701171875,2314.3798828125,1548.43994140625,7785.3681640625,15650.0,4711.91015625,1418.1400146484375,3369.52001953125,,677.5800170898438,,10757.759765625,663.6900024414062,924.9600219726562,7398.830078125,1447.010009765625,759.6719970703125,1325.63720703125,17732.80078125,21396.9609375,27969.240234375,9541.7998046875,39809.578125,5529.39990234375
2016-09-30,2168.27001953125,6899.2998046875,10511.01953125,4448.259765625,16449.83984375,3004.702880859375,23297.150390625,2043.6300048828125,8611.150390625,14725.900390625,5435.89990234375,58367.0,3002.239990234375,8779.400390625,8139.009765625,2869.469970703125,9166.8291015625,452.3299865722656,47245.80078125,5364.59521484375,1260.77001953125,1652.550048828125,91.2,241.176,,0.83,79.80896,16401.0,5312.0,1251.6500244140625,1202.25,4015.25,6034.830078125,565.530029296875,18308.150390625,1552.260009765625,22576.669921875,3555.919921875,2405.280029296875,1483.2099609375,7627.7685546875,16676.0,4597.2900390625,1439.0799560546875,3489.60009765625,,683.3900146484375,,10567.4609375,681.2100219726562,922.2000122070312,7361.08984375,1442.9300537109375,764.8799438476562,1328.5830078125,17871.400390625,21583.98046875,27664.25,9581.9296875,40541.80859375,5525.2001953125
2016-10-31,2126.14990234375,6954.2001953125,10665.009765625,4509.259765625,17425.01953125,3100.491943359375,22934.5390625,2008.18994140625,8638.0,14787.2998046875,5317.7001953125,64925.0,3055.25,9143.2998046875,7827.740234375,2813.8701171875,9290.099609375,452.5899963378906,48009.28125,5422.5419921875,1229.77001953125,1672.4599609375,87.2,241.741,,0.98,92.51785,17125.0,5189.14013671875,1191.3900146484375,1177.4599609375,4289.77978515625,5912.77001953125,591.1300048828125,18142.419921875,1509.4599609375,22072.490234375,3540.56005859375,2473.75,1495.719970703125,7402.89599609375,17610.0,4651.93017578125,1446.3499755859375,3453.27001953125,,702.9500122070312,,10704.1796875,624.6799926757812,927.0999755859376,6960.68017578125,1405.52001953125,785.3578491210938,1403.21142578125,17544.19921875,21146.23046875,29802.7890625,9559.3896484375,39893.83984375,5402.39990234375
2016-11-30,2198.81005859375,6783.7998046875,10640.2998046875,4578.33984375,18308.48046875,3250.033935546875,22789.76953125,1983.47998046875,8224.5,15082.900390625,5440.5,61906.0,3051.610107421875,8688.2001953125,7875.18994140625,2905.169921875,9240.6953125,457.2099914550781,45315.9609375,5148.91015625,1265.31005859375,1619.1199951171875,93.8,242.026,,1.26,169.37782,16930.0,5323.68017578125,1322.3399658203125,1220.6800537109375,4207.240234375,6215.7998046875,628.75,19123.580078125,1627.52001953125,22991.0703125,3478.6298828125,2519.590087890625,1510.239990234375,6779.45703125,17442.0,4454.8701171875,1481.1400146484375,3491.10009765625,,728.0700073242188,,11012.0673828125,596.1099853515625,857.25,6896.9501953125,1445.9000244140625,739.9481201171875,1476.85791015625,17545.80078125,20876.51953125,30014.0390625,9838.0595703125,42622.37109375,5502.39990234375
2016-12-31,2238.830078125,7142.7998046875,11481.0595703125,4862.31005859375,19114.369140625,3103.636962890625,22000.560546875,2026.4599609375,8185.7998046875,15287.599609375,5665.7998046875,60227.0,3290.52001953125,9352.099609375,8219.8701171875,2880.760009765625,9253.4931640625,483.1700134277344,45642.8984375,5296.7109375,1282.4100341796875,1641.72998046875,98.2,242.637,,1.25,115.15205,19235.0,5383.1201171875,1357.1300048828125,1241.6600341796875,4151.39013671875,6517.240234375,643.6400146484375,19762.599609375,1660.5799560546875,23425.859375,3606.360107421875,2649.929931640625,1542.93994140625,6838.88134765625,16918.0,4679.2001953125,1517.199951171875,3680.080078125,1015.8800048828124,764.6599731445312,,10177.025390625,631.4400024414062,884.6199951171875,6881.22021484375,1470.780029296875,781.3828735351562,1527.919677734375,18077.30078125,22188.939453125,32003.05078125,9394.8701171875,47806.96875,5719.10009765625
2017-01-31,2278.8701171875,7099.2001953125,11535.3095703125,4748.89990234375,19041.33984375,3159.166015625,23360.779296875,2067.570068359375,8561.2998046875,15386.0,5620.89990234375,64671.0,3230.679931640625,9315.2001953125,8291.6904296875,3046.800048828125,9447.943359375,476.7099914550781,47001.05859375,5294.10302734375,1242.9599609375,1671.5400390625,98.5,243.618,,1.26,134.86953,18591.0,5614.7900390625,1361.8199462890625,1265.3499755859375,4199.5,6392.39013671875,611.75,19864.08984375,1687.18994140625,23847.2109375,3542.27001953125,2676.429931640625,1577.31005859375,7227.8017578125,19063.0,4475.02978515625,1536.75,3623.050048828125,1049.56005859375,769.8599853515625,,10051.9375,616.1300048828125,877.3499755859375,7050.75,1408.2900390625,862.952392578125,1532.8292236328125,18147.80078125,22465.859375,32481.2890625,9804.0498046875,48757.671875,5675.0
2017-02-28,2363.639892578125,7263.39990234375,11834.41015625,4858.580078125,19118.990234375,3241.73291015625,23740.73046875,2091.639892578125,8879.599609375,15399.2001953125,5712.2001953125,66662.0,3319.610107421875,9555.5,8545.8095703125,3096.610107421875,9750.462890625,495.3500061035156,46856.7890625,5386.69189453125,1265.6099853515625,1693.77001953125,96.3,244.006,,1.14,133.33148,18913.0,5825.43994140625,1386.6800537109375,1311.3399658203125,4359.8798828125,6546.56982421875,645.8800048828125,20812.240234375,1729.3399658203125,24609.7890625,3584.1298828125,2746.5,1559.56005859375,7210.23583984375,19118.0,4647.89990234375,1570.1700439453125,3718.77001953125,1060.3299560546875,766.5599975585938,,10391.2236328125,612.2000122070312,892.7000122070312,7167.4599609375,1423.030029296875,874.7783813476562,1547.55859375,18770.69921875,23365.51953125,32061.330078125,10297.9599609375,48534.23046875,5761.0
2017-03-31,2362.719970703125,7322.89990234375,12312.8701171875,5122.509765625,18909.259765625,3222.513916015625,24111.58984375,2160.22998046875,9173.75,15547.7998046875,5864.89990234375,64984.0,3500.929931640625,10462.900390625,8658.8896484375,3175.110107421875,9811.5126953125,516.5399780273438,48541.55859375,5568.10595703125,1251.280029296875,1740.0899658203125,96.9,243.892,,1.13,119.77617,20493.0,5911.740234375,1385.9200439453125,1310.06005859375,4783.419921875,6658.580078125,666.0599975585938,20663.220703125,1719.6500244140625,24624.720703125,3817.02001953125,2828.7900390625,1575.1099853515625,7309.84033203125,20265.0,5007.85009765625,1587.6300048828125,3789.139892578125,1075.0699462890625,757.4299926757812,,10428.6025390625,619.280029296875,921.530029296875,7196.77978515625,1397.3800048828125,889.4692993164062,1536.7572021484375,18971.80078125,23904.080078125,31634.259765625,10273.669921875,48155.9296875,5903.7998046875
2017-04-30,2384.199951171875,7203.89990234375,12438.009765625,5267.330078125,19196.740234375,3154.657958984375,24615.130859375,2205.43994140625,9304.0498046875,15586.099609375,5924.10009765625,65403.0,3559.590087890625,10715.7998046875,8812.669921875,3175.43994140625,9871.9931640625,521.1300048828125,49261.328125,5685.2978515625,1271.989990234375,1768.06005859375,97.0,244.193,,1.01,121.57059,20609.0,6047.60986328125,1400.4300537109375,1322.43994140625,4795.1298828125,6860.77978515625,712.1699829101562,20940.509765625,1732.760009765625,24878.48046875,3875.530029296875,3010.179931640625,1566.3199462890625,7659.04052734375,21020.0,5033.66015625,1626.989990234375,3930.030029296875,1126.43994140625,765.1300048828125,,10234.5361328125,628.239990234375,940.760009765625,7378.75,1405.449951171875,946.5479736328124,1557.3780517578125,19615.400390625,24615.7890625,32956.30078125,10219.8896484375,49300.8984375,5947.60009765625
2017-05-31,2411.800048828125,7520.0,12615.0595703125,5283.6298828125,19650.5703125,3117.177978515625,25660.650390625,2347.3798828125,9621.25,15349.900390625,5724.60009765625,62711.0,3554.590087890625,10880.0,9016.6396484375,3210.820068359375,10040.7197265625,524.0700073242188,48788.44140625,5738.15478515625,1297.43994140625,1765.8699951171875,97.1,244.004,,0.93,104.17097,20732.0,6198.52001953125,1370.2099609375,1336.1800537109375,4855.75,6946.58984375,775.239990234375,21008.650390625,1721.68994140625,25041.33984375,3888.320068359375,3123.5400390625,1561.6600341796875,7835.10546875,22349.0,5289.97998046875,1639.1099853515625,3996.9599609375,1150.02001953125,781.5499877929688,,9864.7294921875,652.0399780273438,957.7000122070312,7418.89990234375,1419.3599853515625,975.4108276367188,1592.728515625,19972.19921875,25128.4609375,34551.8984375,10602.9697265625,50591.5703125,5761.2998046875
2017-06-30,2423.409912109375,7312.7001953125,12325.1201171875,5120.68017578125,20033.4296875,3192.427001953125,25764.580078125,2391.7900390625,9520.900390625,15182.2001953125,5721.5,62900.0,3441.8798828125,10444.5,8906.8896484375,3226.47998046875,10395.0703125,507.1499938964844,49857.48828125,5829.7080078125,1287.72998046875,1763.6700439453125,95.0,244.163,,0.93,98.75896,20584.0,6140.419921875,1415.3599853515625,1343.52001953125,4747.240234375,6827.6201171875,823.739990234375,21349.630859375,1746.6500244140625,25230.41015625,3793.6201171875,3106.659912109375,1574.739990234375,7841.14404296875,21913.0,5152.9599609375,1602.530029296875,3940.760009765625,1143.239990234375,766.3499755859375,,10529.4931640625,669.0399780273438,977.6199951171876,7611.43994140625,1433.6300048828125,1004.398681640625,1639.8621826171875,19340.19921875,24452.30078125,35205.421875,10365.2197265625,46565.2890625,5764.0
2017-07-31,2470.300048828125,7372.0,12118.25,5093.77001953125,19925.1796875,3273.028076171875,27323.990234375,2402.7099609375,10077.099609375,15143.900390625,5720.60009765625,65920.0,3449.360107421875,10502.2001953125,9055.0,3329.52001953125,10427.330078125,525.4400024414062,51011.87109375,5840.93896484375,1296.8699951171875,1760.030029296875,93.4,244.243,,0.96,110.7536,21487.0,6348.1201171875,1425.1400146484375,1368.5699462890625,5064.6201171875,6649.39013671875,812.2100219726562,21891.119140625,1760.6800537109375,25685.189453125,3942.4599609375,3217.929931640625,1576.0799560546875,8015.98876953125,21582.0,5189.22998046875,1548.18994140625,3872.949951171875,1168.6600341796875,806.510009765625,,10504.9228515625,650.469970703125,974.0800170898438,7693.990234375,1447.1400146484375,1075.3082275390625,1623.781005859375,19781.099609375,24554.830078125,35769.87109375,10827.83984375,46010.44921875,5773.89990234375
2017-08-31,2471.64990234375,7430.60009765625,12055.83984375,5085.58984375,19646.240234375,3360.81005859375,27970.30078125,2363.18994140625,9917.900390625,15211.900390625,5714.5,70835.0,3421.469970703125,10299.5,8925.4501953125,3277.260009765625,10585.7802734375,516.0399780273438,51210.48046875,5864.05908203125,1271.6600341796875,1773.1600341796875,96.8,245.183,,0.79,109.17827,21670.0,6428.66015625,1405.280029296875,1369.6099853515625,5153.14990234375,6621.18994140625,825.47998046875,21948.099609375,1730.8800048828125,25657.9609375,3887.550048828125,3232.830078125,1616.1600341796875,7956.52392578125,23589.0,5156.669921875,1546.8599853515625,3883.81005859375,1174.719970703125,814.4000244140625,,10816.517578125,657.8300170898438,977.3300170898438,7817.10009765625,1400.93994140625,1100.09912109375,1623.781005859375,19803.599609375,24674.109375,38092.26171875,11295.4404296875,41206.98828125,5776.2998046875
2017-09-30,2519.360107421875,7372.7998046875,12828.8603515625,5329.81005859375,20356.279296875,3348.943115234375,27554.30078125,2394.469970703125,9788.599609375,15634.900390625,5681.60009765625,74294.0,3594.85009765625,10381.5,9157.4599609375,3219.909912109375,10329.9404296875,537.0599975585938,50346.05859375,5900.85400390625,1290.989990234375,1755.5799560546875,95.1,246.435,,0.86,96.75077,22696.0,6495.9599609375,1490.8599853515625,1396.9000244140625,5341.93017578125,6881.75,755.6099853515625,22405.08984375,1795.93994140625,26233.33984375,4017.75,3315.969970703125,1673.1600341796875,8169.32958984375,26078.0,5409.580078125,1637.8199462890625,3976.22998046875,1173.989990234375,861.5,,11087.146484375,652.8200073242188,979.4400024414062,7930.39990234375,1421.0400390625,1029.071533203125,1693.6103515625,19874.80078125,25994.310546875,37290.6484375,10910.0400390625,42409.26953125,5744.89990234375
2017-10-31,2575.260009765625,7493.10009765625,13229.5703125,5503.2900390625,22011.609375,3393.342041015625,28245.5390625,2523.429931640625,10335.2998046875,16025.599609375,5909.0,74308.0,3673.949951171875,10523.5,9242.1796875,3374.080078125,10793.7998046875,553.3800048828125,48625.53125,6005.7841796875,1313.9000244140625,1747.9200439453125,100.7,246.626,,0.78,102.16057,22794.0,6727.669921875,1502.530029296875,1427.4300537109375,5588.080078125,6972.72998046875,759.2999877929688,23377.240234375,1835.0999755859373,26760.189453125,4096.3798828125,3406.090087890625,1721.3699951171875,8363.109375,27935.0,5475.669921875,1671.6300048828125,4026.97998046875,1195.6099853515625,890.0999755859375,,11367.5751953125,694.2000122070312,992.219970703125,8146.33984375,1438.6099853515625,1101.420166015625,1786.0606689453125,20227.900390625,26651.51953125,39611.640625,11507.7197265625,39617.19140625,5976.39990234375
2017-11-30,2647.580078125,7326.7001953125,13023.98046875,5372.7900390625,22724.9609375,3317.18798828125,29177.349609375,2476.3701171875,10226.5498046875,16067.5,5969.89990234375,71971.0,3569.929931640625,10211.0,9318.76953125,3433.5400390625,10560.4404296875,540.1099853515625,47092.44140625,5952.13818359375,1329.6400146484375,1717.8599853515625,98.5,247.284,,0.64,94.48961,22368.0,6873.97021484375,1544.1400146484375,1467.4200439453125,5003.39990234375,6867.669921875,740.2000122070312,24272.349609375,1899.1800537109373,27493.380859375,3984.10009765625,3344.93994140625,1697.3900146484375,8251.908203125,26905.0,5363.06982421875,1610.1099853515625,3914.39990234375,1129.5899658203125,885.0700073242188,,10944.056640625,771.4199829101562,992.1599731445312,8186.81982421875,1455.3199462890625,1039.8385009765625,1815.5660400390625,19952.900390625,27026.849609375,38673.73046875,11475.7197265625,40010.359375,6057.2001953125
2017-12-31,2673.610107421875,7687.7998046875,12917.6396484375,5312.56005859375,22764.939453125,3307.172119140625,29919.150390625,2467.489990234375,10530.7001953125,16209.099609375,6065.10009765625,76402.0,3503.9599609375,10043.900390625,9381.8701171875,3402.919921875,10642.8603515625,544.5800170898438,49354.421875,6355.65380859375,1365.6300048828125,1796.81005859375,95.9,247.805,,0.51,111.49723,21853.0,6903.39013671875,1535.510009765625,1481.81005859375,5564.60009765625,7038.27978515625,802.3699951171875,24719.220703125,1900.5699462890625,27794.169921875,3977.8798828125,3420.139892578125,1753.7099609375,8556.2197265625,29975.0,5388.330078125,1576.93994140625,3917.969970703125,1145.6400146484375,906.97998046875,,11040.4072265625,798.4199829101562,1079.3900146484375,8398.080078125,1512.47998046875,1153.3238525390625,1839.1705322265625,20726.30078125,26200.76953125,39377.30859375,11709.2998046875,40471.48046875,6167.2998046875
2018-01-31,2823.81005859375,7533.60009765625,13189.48046875,5481.93017578125,23098.2890625,3480.8330078125,32887.26953125,2566.4599609375,11027.7001953125,15951.7001953125,6037.7001953125,84913.0,3609.2900390625,10451.5,9335.400390625,3533.989990234375,11103.7900390625,560.52001953125,50456.171875,6605.630859375,1407.5799560546875,1868.5799560546875,95.7,248.859,,0.58,123.65156,23507.0,7411.47998046875,1574.97998046875,1561.6600341796875,5855.3798828125,6961.64013671875,878.8300170898438,26149.390625,1953.969970703125,29237.48046875,4111.64990234375,3594.27001953125,1826.8599853515625,8761.7568359375,34939.0,5663.43994140625,1593.1500244140625,4042.010009765625,1136.52001953125,909.0399780273438,,11159.6357421875,913.5700073242188,1105.760009765625,8442.009765625,1547.550048828125,1195.2816162109375,1860.8077392578125,20243.599609375,26824.669921875,40188.51171875,13561.650390625,44049.05078125,6146.5
2018-02-28,2713.830078125,7231.89990234375,12435.849609375,5320.490234375,22068.240234375,3259.407958984375,30844.720703125,2427.360107421875,10492.849609375,15442.7001953125,6016.0,85481.0,3438.9599609375,9840.2998046875,8906.3798828125,3517.93994140625,10815.4697265625,535.5800170898438,47437.9296875,6597.2177734375,1361.6700439453125,1856.199951171875,99.7,249.529,,0.62,94.00742,22608.0,7273.009765625,1512.449951171875,1501.22998046875,5602.830078125,6683.39013671875,835.6599731445312,25029.19921875,1864.6099853515625,28117.01953125,3994.449951171875,3476.0400390625,1830.1300048828125,8473.111328125,33011.0,5468.2099609375,1583.3900146484375,4128.0498046875,1147.8900146484375,918.719970703125,,10828.6875,857.0599975585938,1100.280029296875,8373.8203125,1500.56005859375,1189.501708984375,1791.961669921875,19687.30078125,26275.0390625,38112.0,12382.080078125,43239.44140625,6117.2998046875
2018-03-31,2640.8701171875,7056.60009765625,12096.73046875,5167.2998046875,21454.30078125,3168.89697265625,30093.380859375,2445.85009765625,10113.7001953125,15367.2998046875,5759.39990234375,85366.0,3361.5,9600.400390625,8740.9697265625,3427.969970703125,10906.2197265625,529.52001953125,46124.8515625,6188.98681640625,1310.8299560546875,1863.4599609375,101.4,249.577,,0.47,136.33432,22411.0,7063.4501953125,1529.4300537109375,1464.8699951171875,5542.22021484375,6593.64990234375,780.5,24103.109375,1878.77001953125,27410.720703125,3857.10009765625,3428.530029296875,1776.260009765625,7977.77880859375,31115.0,5405.56982421875,1535.3499755859375,4014.39990234375,1114.8199462890625,907.3800048828124,,10868.607421875,871.0900268554688,1005.6799926757812,8319.0703125,1436.219970703125,1149.2958984375,1755.5718994140625,19460.5,25591.51953125,37258.8984375,11998.33984375,45489.62109375,5868.89990234375
2018-04-30,2648.050048828125,7509.2998046875,12612.1103515625,5520.5,22467.869140625,3082.23193359375,30808.44921875,2515.3798828125,10739.349609375,15607.900390625,5982.7001953125,86115.0,3536.52001953125,9980.599609375,8886.259765625,3613.929931640625,10657.8798828125,555.72998046875,48358.16015625,5994.59521484375,1327.72998046875,1870.3699951171875,98.8,250.227,,0.46,108.21374,23979.0,7066.27001953125,1541.8800048828125,1468.280029296875,5710.89990234375,6805.18994140625,858.219970703125,24163.150390625,1872.449951171875,27520.94921875,3910.300048828125,3468.469970703125,1780.1099853515625,7817.23974609375,30006.0,5527.68994140625,1570.7099609375,4163.330078125,1113.02001953125,974.239990234375,,10324.4287109375,875.9500122070312,958.4099731445312,8443.580078125,1465.239990234375,1042.822509765625,1818.5167236328125,20285.099609375,25967.060546875,38295.71875,12331.3896484375,45488.859375,6071.60009765625
2018-05-31,2705.27001953125,7678.2001953125,12604.8896484375,5398.39990234375,22201.8203125,3095.47412109375,30468.560546875,2423.010009765625,10736.150390625,16061.5,6011.89990234375,76754.0,3406.64990234375,9465.5,8456.9501953125,3428.179931640625,10874.9599609375,552.8499755859375,44662.55078125,5983.5869140625,1364.949951171875,1740.6199951171875,98.0,250.792,,0.43,124.93665,21784.0,7442.1201171875,1633.6099853515625,1502.31005859375,5455.08984375,7140.85986328125,755.8499755859375,24415.83984375,1946.4300537109373,28218.4609375,3764.219970703125,3362.4599609375,1726.969970703125,7495.24267578125,28559.0,5468.669921875,1549.93994140625,4236.3701171875,1113.5899658203125,998.5800170898438,,10295.6904296875,879.6599731445312,953.5900268554688,8658.7900390625,1512.010009765625,1006.5177001953124,1787.0443115234375,20846.30078125,26326.970703125,35356.828125,11978.2998046875,42846.640625,6123.5
2018-06-30,2718.3701171875,7636.89990234375,12306.0,5323.52978515625,22304.509765625,2847.41796875,28955.109375,2326.1298828125,10714.2998046875,16277.7001953125,6194.60009765625,72763.0,3395.60009765625,9622.7001953125,8609.2998046875,3268.699951171875,10836.91015625,551.6799926757812,47663.19921875,5799.23681640625,1364.050048828125,1691.5,98.2,251.018,,0.33,108.6274,21626.0,7510.2998046875,1643.0699462890625,1509.9599609375,5301.25,6982.830078125,757.5700073242188,24271.41015625,1951.6700439453125,28394.130859375,3719.860107421875,3255.9599609375,1595.5799560546875,7191.8310546875,26037.0,5528.5,1558.8800048828125,4180.93994140625,1097.239990234375,1004.9400024414062,,9379.4326171875,818.219970703125,908.969970703125,8943.1298828125,1518.5899658203125,965.1958618164062,1772.29150390625,20831.0,25854.380859375,36127.7109375,11073.0,41910.8984375,6289.7001953125
2018-07-31,2816.2900390625,7748.7998046875,12805.5,5511.2998046875,22553.720703125,2876.40087890625,28583.009765625,2295.260009765625,11356.5,16434.0,6280.2001953125,79220.0,3525.489990234375,9870.7001953125,9174.330078125,3319.85009765625,11057.509765625,574.25,49698.01171875,5936.44287109375,1408.9300537109375,1784.25,97.9,251.214,,0.29,133.08625,22216.0,7671.7900390625,1670.800048828125,1560.3599853515625,5434.43994140625,6831.97998046875,761.22998046875,25415.189453125,1984.489990234375,29295.75,3899.0400390625,3421.3701171875,1701.7900390625,7670.02783203125,29287.0,5619.7998046875,1615.5999755859375,4239.009765625,1157.030029296875,1017.719970703125,,9178.744140625,775.52001953125,933.8900146484376,8922.08984375,1579.489990234375,969.516845703125,1767.4989013671875,20877.900390625,26907.380859375,35742.05859375,11024.73046875,42712.4296875,6366.2001953125
2018-08-31,2901.52001953125,7432.39990234375,12364.0595703125,5406.85009765625,22865.150390625,2725.25,27888.55078125,2322.8798828125,11680.5,16262.900390625,6319.5,76678.0,3392.89990234375,9399.099609375,8973.5595703125,3213.47998046875,11063.9404296875,558.4199829101562,49547.6796875,6018.4599609375,1492.969970703125,1819.6600341796875,96.2,251.663,,0.24,99.13562,20269.0,8109.5400390625,1740.75,1610.699951171875,5270.43017578125,6773.91015625,729.6199951171875,25964.8203125,2044.699951171875,30274.529296875,3740.7099609375,3299.75,1721.5799560546875,7853.6904296875,29294.0,5422.580078125,1658.1600341796875,4353.740234375,1171.5400390625,1028.9100341796875,,8465.4365234375,816.969970703125,951.8800048828124,9313.2001953125,1666.0400390625,927.2290649414062,1748.7794189453125,20689.0,26901.41015625,37233.3984375,10875.580078125,41742.23828125,6427.7998046875
2018-09-30,2913.97998046875,7510.2001953125,12246.73046875,5493.490234375,24120.0390625,2821.35009765625,27788.51953125,2343.070068359375,10930.4501953125,16073.099609375,6207.60009765625,79342.0,3399.199951171875,9389.2001953125,9087.990234375,3257.050048828125,11006.33984375,549.6199951171875,49504.16015625,5976.55322265625,1484.8199462890625,1793.1500244140625,100.1,252.182,,0.24,102.6602,20712.0,8046.35009765625,1696.5699462890625,1614.5400390625,5283.52978515625,6522.35986328125,691.6900024414062,26458.310546875,2019.550048828125,30259.8203125,3706.739990234375,3344.0400390625,1756.4100341796875,7274.94921875,33462.0,5359.27001953125,1662.3599853515625,4337.89990234375,1120.06005859375,1069.1400146484375,,8401.056640625,822.27001953125,946.1500244140624,9351.0595703125,1642.77001953125,999.5636596679688,1848.2874755859373,20307.0,25997.859375,37171.41015625,11017.8701171875,40998.58984375,6325.5
2018-10-31,2711.739990234375,7128.10009765625,11447.509765625,5093.43994140625,21920.4609375,2602.782958984375,24979.689453125,2029.68994140625,10386.599609375,15027.2998046875,5830.2998046875,87424.0,3197.510009765625,8893.5,9022.16015625,3018.800048828125,9802.1298828125,518.7100219726562,43942.55078125,5831.64990234375,1436.969970703125,1709.27001953125,98.6,252.772,,0.28,111.51257,19050.0,7305.89990234375,1511.4100341796875,1498.6500244140625,5104.330078125,6147.60986328125,640.1500244140625,25115.759765625,1825.0999755859373,27980.900390625,3447.070068359375,3161.090087890625,1669.0899658203125,7138.45458984375,29491.0,5030.7099609375,1538.219970703125,3960.22998046875,1024.81005859375,1010.4000244140624,,7482.80078125,648.6699829101562,922.719970703125,8752.3095703125,1587.1400146484375,902.0022583007812,1672.9168701171875,18917.69921875,24180.16015625,37155.2109375,10138.6298828125,41649.359375,5913.2998046875
2018-11-30,2760.169921875,6980.2001953125,11257.240234375,5003.919921875,22351.060546875,2588.18798828125,26506.75,2096.860107421875,10876.75,15197.7998046875,5667.2001953125,89504.0,3173.1298828125,9077.2001953125,9037.759765625,3117.610107421875,9888.0302734375,519.3699951171875,41732.78125,6056.1240234375,1468.56005859375,1679.8599853515625,97.5,252.594,,0.21,130.22387,19189.0,7330.5400390625,1533.27001953125,1525.56005859375,5111.8798828125,5818.64990234375,630.22998046875,25538.4609375,1878.6500244140625,28448.869140625,3487.89990234375,3074.93994140625,1641.800048828125,7365.9560546875,31483.0,4914.14013671875,1514.6300048828125,3792.81005859375,1040.5400390625,971.010009765625,,7681.7197265625,695.760009765625,966.4600219726562,8823.5400390625,1629.93994140625,954.1549072265624,1694.5916748046875,18480.80078125,23453.529296875,40109.37109375,10621.740234375,40496.03125,5749.2998046875
2018-12-31,2506.85009765625,6728.10009765625,10558.9599609375,4730.68994140625,20014.76953125,2493.89599609375,25845.69921875,2041.0400390625,10862.5498046875,14322.900390625,5646.39990234375,87887.0,2986.530029296875,8539.900390625,8429.2998046875,3068.760009765625,9727.41015625,487.8800048828125,41640.26953125,6194.498046875,1333.1800537109375,1690.5799560546875,98.3,252.767,,0.21,166.28681,18324.0,6635.27978515625,1348.56005859375,1384.260009765625,5105.43017578125,5479.81005859375,613.2999877929688,23327.4609375,1663.0400390625,25749.720703125,3243.6298828125,2745.780029296875,1563.8800048828125,7464.1005859375,30293.0,4731.47021484375,1408.739990234375,3685.159912109375,994.9199829101562,902.2999877929688,,7239.7900390625,675.6500244140625,982.72998046875,8811.26953125,1463.8699951171875,912.7001953125,1524.1473388671875,17502.099609375,21588.08984375,39138.94921875,10124.75,37066.671875,5709.39990234375
2019-01-31,2704.10009765625,6968.89990234375,11173.099609375,4992.72021484375,20773.490234375,2584.572021484375,27942.470703125,2204.85009765625,10830.9501953125,15540.599609375,5864.7001953125,97394.0,3159.429931640625,9056.7001953125,8969.26953125,3190.169921875,9932.259765625,520.6300048828125,43987.94140625,6532.96923828125,1413.1600341796875,1683.530029296875,91.2,252.561,,0.18,201.03201,19731.0,7281.740234375,1499.4200439453125,1498.3599853515625,5405.60986328125,5767.68017578125,634.6400146484375,24999.669921875,1835.3900146484373,27992.41015625,3491.6201171875,2985.449951171875,1641.72998046875,8005.42138671875,36327.0,5129.02001953125,1515.4200439453125,3982.679931640625,1035.6199951171875,946.3800048828124,,7479.22021484375,716.8599853515625,1038.969970703125,8985.33984375,1554.1400146484375,1040.7364501953125,1597.0540771484375,18711.80078125,23674.51953125,40855.55859375,11035.73046875,40799.51953125,5937.2998046875
2019-02-28,2784.489990234375,7074.7001953125,11515.6396484375,5240.52978515625,21385.16015625,2940.9541015625,28633.1796875,2195.43994140625,10792.5,15999.0,6169.0,95584.0,3298.260009765625,9277.7001953125,9388.9404296875,3212.68994140625,10389.169921875,541.0499877929688,42823.80859375,6443.34814453125,1431.31005859375,1707.72998046875,93.8,253.319,,0.21,106.90066,20659.0,7532.52978515625,1575.550048828125,1545.72998046875,5287.5400390625,6115.60009765625,707.510009765625,25916.0,1910.3399658203125,28903.30078125,3604.47998046875,3040.919921875,1653.47998046875,7703.50927734375,34486.0,5185.43017578125,1572.6800537109375,4076.989990234375,1100.56005859375,977.8800048828124,,9031.9296875,731.25,1006.0999755859376,9325.0302734375,1571.2099609375,1045.29345703125,1637.448486328125,19181.400390625,24385.720703125,40333.0390625,11367.4501953125,39054.6015625,6252.7001953125
2019-03-31,2834.39990234375,7279.2001953125,11526.0400390625,5350.52978515625,21205.810546875,3090.758056640625,29051.359375,2140.669921875,11570.0,16102.099609375,6180.7001953125,95415.0,3351.7099609375,9240.2998046875,9477.83984375,3212.8798828125,10641.0400390625,548.97998046875,43281.28125,6468.7548828125,1404.3900146484375,1643.6300048828125,98.4,254.277,,0.14,140.24737,21286.0,7729.31982421875,1539.739990234375,1570.22998046875,5259.41015625,6138.66015625,721.3699951171875,25928.6796875,1896.27001953125,29266.91015625,3658.719970703125,3034.0400390625,1638.6500244140625,7918.89404296875,33466.0,5206.60986328125,1553.4200439453125,4030.840087890625,1122.8699951171875,977.989990234375,,9906.8603515625,729.3099975585938,1019.0399780273438,9844.9501953125,1527.3499755859375,937.8369750976562,1636.463134765625,19117.5,24722.01953125,41683.78125,11379.6201171875,38649.33984375,6261.7001953125
2019-04-30,2945.830078125,7418.2001953125,12344.080078125,5586.41015625,22258.73046875,3086.39892578125,29699.109375,2203.590087890625,11748.150390625,16580.69921875,6325.5,96353.0,3514.6201171875,9570.599609375,9769.740234375,3400.199951171875,10967.73046875,571.5999755859375,44597.3203125,6455.35205078125,1468.6099853515625,1642.2900390625,97.2,255.233,,0.24,98.7367,21881.0,8095.39013671875,1591.2099609375,1631.8699951171875,5187.10009765625,6455.240234375,773.239990234375,26592.91015625,1970.739990234375,30410.01953125,3743.669921875,3214.7900390625,1673.52001953125,7950.67578125,29571.0,5390.56005859375,1676.1400146484375,4031.3798828125,1149.68994140625,998.5399780273438,,9780.8203125,754.739990234375,1019.3300170898438,10013.830078125,1599.0799560546875,954.1509399414062,1664.0498046875,19824.80078125,26044.369140625,42520.109375,11542.25,36784.44140625,6418.39990234375
2019-05-31,2752.06005859375,7161.7001953125,11726.83984375,5207.6298828125,20601.189453125,2898.696044921875,26901.08984375,2041.739990234375,11922.7998046875,16037.5,6396.89990234375,97030.0,3280.429931640625,9004.2001953125,9523.98046875,3117.760009765625,10498.490234375,540.489990234375,42749.16015625,6209.1171875,1434.9000244140625,1650.760009765625,100.0,255.296,,0.19,122.53876,19802.0,7453.14990234375,1465.489990234375,1524.4200439453125,4977.08984375,6079.6298828125,830.239990234375,24815.0390625,1810.5,28369.390625,3427.179931640625,2897.449951171875,1620.219970703125,7967.97119140625,33950.0,5043.990234375,1510.4599609375,3798.89990234375,1097.1199951171875,954.5499877929688,,8922.6904296875,696.469970703125,982.8800048828124,10117.990234375,1544.43994140625,905.8921508789062,1557.6451416015625,18970.30078125,24776.51953125,40904.12109375,10387.169921875,35974.7890625,6491.7998046875
2019-06-30,2941.760009765625,7425.60009765625,12398.7998046875,5538.97021484375,21275.919921875,2978.8779296875,28542.619140625,2130.6201171875,11788.849609375,16382.2001953125,6618.7998046875,100967.0,3473.68994140625,9198.7998046875,9898.240234375,3321.610107421875,10730.830078125,561.760009765625,43161.171875,6358.62890625,1467.760009765625,1672.1300048828125,98.2,255.213,,0.25,150.11678,21235.0,8006.240234375,1566.5699462890625,1629.02001953125,5058.8798828125,6152.6298828125,868.47998046875,26599.9609375,1945.510009765625,30268.05078125,3547.4599609375,2977.679931640625,1730.3399658203125,7997.6533203125,41796.0,5137.47021484375,1622.4300537109375,3958.340087890625,1122.77001953125,966.9000244140624,,9178.3095703125,690.530029296875,1013.9600219726562,10501.099609375,1579.050048828125,964.847900390625,1600.9952392578125,19462.099609375,25619.5703125,40279.30859375,10881.849609375,33901.578125,6699.2001953125
2019-07-31,2980.3798828125,7586.7998046875,12189.0400390625,5518.89990234375,21521.529296875,2932.510009765625,27777.75,2024.550048828125,11118.0,16406.599609375,6812.60009765625,101812.0,3466.85009765625,8971.0,9919.26953125,3300.75,10823.8095703125,572.0900268554688,40863.08984375,6390.5048828125,1513.530029296875,1634.8699951171875,98.4,255.802,,0.13,149.9729,21398.0,8175.419921875,1574.6099853515625,1652.4000244140625,,6111.1298828125,899.9299926757812,26864.26953125,1966.719970703125,30684.8203125,3701.429931640625,2984.93994140625,1711.969970703125,8043.7314453125,42058.0,5010.89990234375,1599.780029296875,3909.02001953125,1124.3699951171875,957.1799926757812,,9326.6103515625,630.1799926757812,1022.4299926757812,10857.75,1624.4200439453125,1020.819580078125,1584.5577392578125,19666.5,25935.279296875,40767.6015625,10675.3095703125,31938.48046875,6896.7001953125
2019-08-31,2926.4599609375,7207.2001953125,11939.2802734375,5480.47998046875,20704.369140625,2886.239990234375,25724.73046875,1967.7900390625,11023.25,16442.099609375,6604.2001953125,101135.0,3426.760009765625,8812.900390625,9895.650390625,3106.52001953125,10618.0498046875,558.3499755859375,42622.5,6328.47021484375,1480.5,1612.1400146484375,89.8,256.036,,0.0,190.46323,21323.0,7962.8798828125,1494.8399658203125,1618.6099853515625,,5879.419921875,868.0999755859375,26403.279296875,1881.199951171875,29925.349609375,3570.81005859375,2911.14990234375,1654.9200439453125,7977.60888671875,24609.0,4887.6298828125,1576.97998046875,3848.8798828125,1133.68994140625,955.6099853515624,,9365.6796875,610.5499877929688,995.760009765625,10757.2001953125,1561.97998046875,967.1798706054688,1532.23291015625,19393.599609375,25719.9609375,39794.12109375,10083.2001953125,29672.119140625,6698.2001953125
2019-09-30,2976.739990234375,7408.2001953125,12428.080078125,5677.7900390625,21755.83984375,2905.18994140625,26092.26953125,2063.050048828125,11474.4501953125,16658.599609375,6688.2998046875,104745.0,3569.449951171875,9244.599609375,10078.3203125,3119.989990234375,10829.6796875,580.22998046875,43011.26953125,6169.10205078125,1532.56005859375,1583.9100341796875,93.2,256.43,,0.05,134.36178,22108.0,7999.33984375,1523.3699951171875,1644.1800537109375,,6244.3701171875,868.4199829101562,26916.830078125,1935.47998046875,30351.919921875,3714.419921875,3010.610107421875,1637.219970703125,7777.06982421875,29067.0,4973.759765625,1647.6700439453125,4040.159912109375,1141.6500244140625,987.8800048828124,,9446.240234375,621.760009765625,968.1500244140624,10925.6201171875,1615.47998046875,1050.3243408203125,1622.0738525390625,19936.69921875,25886.9296875,40601.1796875,10200.9697265625,32078.849609375,6800.60009765625
2019-10-31,3037.56005859375,7248.39990234375,12866.7900390625,5729.85986328125,22927.0390625,2929.06005859375,26906.720703125,2083.47998046875,11877.4501953125,16483.19921875,6663.39990234375,107220.0,3604.409912109375,9257.5,10219.8203125,3229.8798828125,11358.7099609375,576.6300048828125,43337.28125,6228.31689453125,1577.969970703125,1597.97998046875,95.5,257.155,,0.17,118.48822,22694.0,8292.3603515625,1562.449951171875,1677.0799560546875,,6540.2998046875,882.5700073242188,27046.23046875,1955.3699951171875,30945.630859375,3763.25,3139.590087890625,1601.489990234375,7975.0693359375,34995.0,5119.6201171875,1733.6800537109375,4092.3701171875,1149.4100341796875,993.6599731445312,,9635.330078125,658.52001953125,984.8400268554688,10787.8203125,1654.1300048828125,984.6797485351562,1702.042236328125,20021.5,26249.30078125,42159.578125,10533.240234375,34203.6796875,6772.89990234375
2019-11-30,3140.97998046875,7346.5,13236.3798828125,5905.169921875,23293.91015625,2871.97998046875,26346.490234375,2087.9599609375,12056.0498046875,17040.19921875,6846.0,108233.0,3703.580078125,9352.0,10493.240234375,3193.919921875,11489.5703125,597.2899780273438,42820.1796875,6011.830078125,1625.5,1561.739990234375,96.8,257.879,,0.17,131.75071,23259.0,8665.4697265625,1624.5,1736.8499755859375,,6998.06005859375,901.5800170898438,28051.41015625,2010.1500244140625,32025.859375,3906.679931640625,3139.820068359375,1590.5899658203125,7736.970703125,34500.0,5127.43017578125,1730.25,4059.929931640625,1218.780029296875,998.0499877929688,,9582.16015625,632.989990234375,956.8200073242188,11316.580078125,1702.52001953125,1069.0313720703125,1734.621826171875,20812.599609375,27461.609375,43704.8515625,10301.8203125,39287.6484375,6948.0
2019-12-31,3230.780029296875,7542.39990234375,13249.009765625,5978.06005859375,23656.619140625,3050.1240234375,28189.75,2197.669921875,12168.4501953125,17063.400390625,6684.10009765625,115964.0,3748.469970703125,9549.2001953125,10616.9404296875,3222.830078125,11997.1396484375,604.5800170898438,43541.01953125,6299.5390625,1616.699951171875,1588.760009765625,99.3,258.63,,0.34,143.46725,23506.0,8972.599609375,1668.469970703125,1784.2099609375,,7183.41015625,916.6699829101562,28538.439453125,2063.02001953125,32886.73828125,3955.830078125,3186.93994140625,1579.8399658203125,7813.25048828125,41671.0,5214.14013671875,1771.8499755859375,4221.97998046875,1253.9000244140625,1032.239990234375,,10430.76953125,669.8300170898438,1014.469970703125,11491.900390625,1683.2900390625,1144.243896484375,1760.2906494140625,21883.400390625,28312.80078125,46082.8203125,11168.0595703125,40735.078125,6802.39990234375
2020-01-31,3225.52001953125,7286.0,12981.9697265625,5806.33984375,23205.1796875,2976.528076171875,26312.630859375,2119.010009765625,11962.099609375,17318.5,7017.2001953125,113761.0,3640.909912109375,9367.900390625,10627.8798828125,3153.72998046875,11495.099609375,589.5,44108.30859375,5940.0478515625,1635.449951171875,1531.06005859375,99.8,259.127,,0.18,131.39109,23237.0,9150.9404296875,1614.06005859375,1784.030029296875,,6998.2001953125,910.9000244140624,28256.029296875,2007.219970703125,32838.19140625,3907.610107421875,3074.31005859375,1514.1400146484375,7198.93896484375,40105.0,5252.02978515625,1783.260009765625,4300.080078125,1277.800048828125,1011.6599731445312,,10681.900390625,642.47998046875,961.97998046875,11717.4404296875,1690.8800048828125,1191.3946533203125,1724.7491455078125,21143.5,27984.3203125,43072.078125,10240.509765625,41630.94140625,7121.2001953125
2020-02-29,2954.219970703125,6580.60009765625,11890.349609375,5309.89990234375,21142.9609375,2880.303955078125,26129.9296875,1987.010009765625,11201.75,16263.099609375,6441.2001953125,104172.0,3329.489990234375,8723.2001953125,9831.0302734375,3011.080078125,11292.169921875,539.3800048828125,41324.30859375,5452.7041015625,1542.550048828125,1482.6400146484375,101.0,259.25,,0.27,160.51565,21984.0,8567.3701171875,1476.4300537109375,1635.2099609375,,6397.3701171875,720.3499755859375,25409.359375,1814.0,30125.0703125,3488.60009765625,2787.389892578125,1340.52001953125,6786.1650390625,34973.0,4765.72998046875,1668.8399658203125,4026.22998046875,1218.699951171875,912.7899780273438,,10980.76953125,610.72998046875,879.530029296875,11261.16015625,1601.81005859375,1059.931396484375,1546.054443359375,19330.900390625,25366.619140625,40229.640625,10302.3603515625,37983.62109375,6511.5
2020-03-31,2584.590087890625,5672.0,9935.83984375,4396.1201171875,18917.009765625,2750.2958984375,23603.48046875,1754.6400146484375,8597.75,13378.7998046875,5076.7998046875,73020.0,2786.89990234375,6785.39990234375,9311.919921875,2481.22998046875,9708.0595703125,483.4400024414063,34554.53125,4538.93017578125,1276.8800048828125,1350.8900146484375,89.1,258.076,,0.47,283.14721,17051.0,7700.10009765625,1153.0999755859375,1416.489990234375,,5153.64990234375,558.2999877929688,21917.16015625,1443.4000244140625,25899.9296875,2901.580078125,2001.5999755859373,1125.8599853515625,5319.86181640625,24384.0,4069.550048828125,1482.4300537109375,3382.4599609375,1126.5,778.3099975585938,,9962.2998046875,569.0700073242188,691.1300048828125,9796.75,1329.5799560546875,896.4322509765625,1454.239013671875,15101.099609375,21040.7109375,33134.87109375,9594.76953125,29231.630859375,5110.60009765625
2020-04-30,2912.429931640625,5901.2001953125,10861.6396484375,4572.18017578125,20193.689453125,2860.08203125,24643.58984375,1947.56005859375,9859.900390625,14780.7001953125,5522.39990234375,80506.0,2927.929931640625,6922.2998046875,9629.400390625,2624.22998046875,10992.1396484375,512.9199829101562,36470.109375,4716.40283203125,1407.199951171875,1407.780029296875,71.8,256.032,,0.44,268.61639,17690.0,8889.5498046875,1310.6600341796875,1601.8199462890625,,5603.0,628.25,24345.720703125,1646.3599853515625,29365.490234375,3099.1201171875,2227.14990234375,1301.6600341796875,5699.24462890625,32743.0,4284.18017578125,1577.9200439453125,3739.2099609375,1234.9599609375,848.52001953125,,10721.7802734375,645.1799926757812,713.6400146484375,10532.0703125,1425.81005859375,1011.0956420898438,1513.474853515625,16454.5,23043.69921875,35180.8984375,10040.8701171875,34111.640625,5597.7001953125
2020-05-31,3044.31005859375,6076.60009765625,11586.849609375,4695.43994140625,21877.890625,2852.35107421875,22961.470703125,2029.5999755859373,9580.2998046875,15192.7998046875,5755.7001953125,87403.0,3050.199951171875,7096.5,9831.490234375,2510.75,10942.16015625,532.5700073242188,36122.73046875,4753.61181640625,1415.010009765625,1473.25,72.3,255.802,,0.49,350.45982,18198.0,9489.8701171875,1394.0400390625,1682.75,,5888.5498046875,652.5800170898438,25383.109375,1763.949951171875,30927.0390625,3202.949951171875,2232.300048828125,1342.8499755859375,5837.3388671875,37825.0,4330.669921875,1629.760009765625,3957.989990234375,1327.010009765625,872.219970703125,,10746.080078125,713.6799926757812,725.8300170898438,10882.41015625,1440.1500244140625,1055.1993408203125,1619.1119384765625,17043.0,25396.0,35875.7109375,9561.0302734375,33931.23046875,5872.2001953125
2020-06-30,3100.2900390625,6169.7001953125,12310.9296875,4935.990234375,22288.140625,2984.674072265625,24427.189453125,2108.330078125,10302.099609375,15515.2001953125,5897.89990234375,95056.0,3234.070068359375,7231.39990234375,10045.2998046875,2589.909912109375,11621.240234375,559.72998046875,37716.4296875,4905.39208984375,1325.22998046875,1500.969970703125,78.1,257.042,,0.5,231.2598,19376.0,10058.76953125,1441.3699951171875,1717.469970703125,,5973.89990234375,638.9000244140625,25812.880859375,1783.2099609375,31630.509765625,3328.010009765625,2246.719970703125,1339.030029296875,6206.12451171875,38687.0,4390.25,1664.3800048828125,3927.389892578125,1347.8900146484375,869.0800170898438,,11992.349609375,737.969970703125,756.2000122070312,11451.0498046875,1342.4000244140625,1165.2418212890625,1611.214111328125,17119.19921875,25840.30078125,35817.87890625,9758.6298828125,34421.921875,6001.2998046875
2020-07-31,3271.1201171875,5897.7998046875,12313.3603515625,4783.68994140625,21710.0,3310.007080078125,24595.349609375,2249.3701171875,11073.4501953125,16169.2001953125,5927.7998046875,102912.0,3174.320068359375,6877.39990234375,10005.900390625,2529.820068359375,12664.7998046875,545.2899780273438,37019.6796875,5149.626953125,1381.1099853515625,1603.75,72.5,258.352,,0.44,305.96355,19092.0,10745.26953125,1480.4300537109375,1815.989990234375,,6099.58984375,617.6099853515625,26428.3203125,1863.9100341796875,33393.390625,3273.3701171875,2123.550048828125,1328.530029296875,5926.92626953125,49254.0,4295.81982421875,1707.3499755859375,4078.9599609375,1423.6300048828125,901.739990234375,,13637.8798828125,815.2999877929688,803.010009765625,11727.6298828125,1380.6300048828125,1126.89404296875,1525.4892578125,16932.69921875,26191.8203125,34691.73828125,10039.9599609375,39258.44140625,6058.2998046875
2020-08-31,3500.31005859375,5963.60009765625,12945.3798828125,4947.22021484375,23139.759765625,3395.677978515625,25177.05078125,2326.169921875,11387.5,16514.400390625,6060.5,99369.0,3272.510009765625,6969.5,10135.5595703125,2532.510009765625,12591.4501953125,549.2000122070312,36840.73046875,5238.48681640625,1423.0899658203125,1525.2099609375,74.1,259.316,,0.58,224.42637,19634.0,11775.4599609375,1561.8800048828125,1946.1500244140625,,6434.43994140625,633.97998046875,28430.05078125,1926.5400390625,35807.66015625,3332.530029296875,2217.050048828125,1310.6600341796875,5882.66748046875,46835.0,4301.080078125,1766.3299560546875,4308.7998046875,1479.4300537109375,937.0,,13758.23046875,848.239990234375,824.1900024414062,11937.5595703125,1394.1600341796875,1078.59423828125,1642.225830078125,17788.30078125,27453.169921875,34851.2890625,9991.48046875,41110.9296875,6245.89990234375
2020-09-30,3363.0,5866.10009765625,12760.73046875,4803.43994140625,23185.119140625,3218.052001953125,23459.05078125,2327.889892578125,11247.5498046875,16121.400390625,5815.89990234375,94603.0,3193.610107421875,6716.60009765625,10187.0,2466.6201171875,12515.6103515625,547.7000122070312,37458.69140625,4870.0390625,1345.43994140625,1504.8199462890625,80.4,259.997,,0.56,218.05829,19015.0,11167.509765625,1507.68994140625,1872.699951171875,,6380.89990234375,624.75,27781.69921875,1861.2900390625,34480.26953125,3235.43994140625,2108.75,1237.0400390625,5862.72265625,41261.0,4067.02001953125,1829.4000244140625,4280.97021484375,1508.3599853515625,929.8499755859376,,12907.4501953125,848.1500244140625,737.1500244140625,11747.2802734375,1308.1600341796875,1145.19384765625,1667.947265625,17315.30078125,27006.810546875,32923.53125,9397.3701171875,40571.48046875,6009.2998046875
2020-10-31,3269.9599609375,5577.2998046875,11556.48046875,4594.240234375,22977.130859375,3224.532958984375,24107.419921875,2267.14990234375,11642.400390625,15580.599609375,5927.60009765625,93952.0,2958.2099609375,6452.2001953125,9587.150390625,2423.840087890625,12546.33984375,533.8800048828125,36987.859375,5128.22509765625,1373.93994140625,1466.8900146484375,81.8,260.319,,0.74,249.17362,17943.0,10911.58984375,1538.47998046875,1825.6700439453125,,6427.75,569.5,26501.599609375,1900.1800537109373,33724.80859375,3043.360107421875,2054.9599609375,1194.949951171875,6322.3740234375,45290.0,3945.1201171875,1717.6199951171875,4057.0,1485.1099853515625,874.4199829101562,,13236.599609375,792.6500244140625,790.5,12084.4697265625,1330.1800537109375,1112.3941650390625,1623.42919921875,17214.400390625,25721.0,32279.169921875,9760.240234375,39888.0,6133.2001953125
2020-11-30,3621.6298828125,6266.2001953125,13291.16015625,5518.5498046875,26433.619140625,3391.760009765625,26341.490234375,2591.340087890625,12968.9501953125,17190.30078125,6517.7998046875,108888.0,3492.5400390625,8076.89990234375,10476.4296875,2805.949951171875,13722.8896484375,606.02001953125,41778.87109375,5612.4150390625,1513.0999755859375,1562.7099609375,76.9,260.911,,0.68,246.7071,22061.0,12198.740234375,1819.8199462890625,2037.3599853515625,,7184.75,736.9199829101562,29638.640625,2168.5,37839.6484375,3667.159912109375,2553.780029296875,1408.31005859375,6791.4599609375,54573.0,4604.72021484375,1917.5400390625,4564.66015625,1596.780029296875,999.8800048828124,,13670.1103515625,886.1099853515625,883.0599975585938,12768.51953125,1462.050048828125,1283.5931396484375,1798.5338134765625,19336.30078125,29301.4609375,38782.16015625,10546.4697265625,41068.8203125,6742.10009765625
2020-12-31,3756.070068359375,6460.5,13718.7802734375,5551.41015625,27444.169921875,3473.069091796875,27231.130859375,2873.469970703125,13981.75,17433.400390625,6587.10009765625,119306.0,3571.590087890625,8073.7001953125,10703.509765625,2843.81005859375,14732.5302734375,624.6099853515625,44066.87890625,5979.0732421875,1568.0899658203125,1627.2099609375,80.7,262.045,,0.8,246.1261,22233.0,12888.2802734375,1974.8599853515625,2120.8701171875,,7376.330078125,808.989990234375,30606.48046875,2306.6201171875,39456.66015625,3621.280029296875,2780.43994140625,1449.3499755859375,7139.7099609375,51227.0,4898.35986328125,1874.739990234375,4586.14990234375,1676.6700439453125,1047.5899658203125,,14470.6796875,968.4199829101562,934.8900146484376,13091.6396484375,1499.050048828125,1476.692138671875,1854.9234619140625,20488.30078125,30796.259765625,42107.5703125,10738.400390625,43755.37890625,6850.60009765625
2021-01-31,3714.239990234375,6407.5,13432.8701171875,5399.2099609375,27663.390625,3483.069091796875,28283.7109375,2976.2099609375,13634.599609375,17337.0,6607.39990234375,116007.0,3481.43994140625,7757.5,10591.0595703125,2902.52001953125,15138.3095703125,637.1099853515625,42985.73046875,5862.35205078125,1647.6600341796875,1566.4000244140625,79.0,262.687,,1.0,207.91242,21573.0,13070.6904296875,2073.639892578125,2101.360107421875,,7047.2998046875,749.4600219726562,29982.619140625,2340.1201171875,39396.171875,3623.60009765625,2887.72998046875,1466.97998046875,6612.6201171875,48257.0,4794.5498046875,1948.7900390625,4735.39013671875,1612.510009765625,1047.2900390625,,14821.990234375,928.72998046875,911.97998046875,13127.2900390625,1599.449951171875,1473.4921875,1857.8914794921875,20228.599609375,31086.779296875,43517.12109375,11208.7802734375,46385.5390625,6870.89990234375
2021-02-28,3811.14990234375,6483.39990234375,13786.2900390625,5703.22021484375,28966.009765625,3509.080078125,28980.2109375,3012.949951171875,14529.150390625,18060.30078125,6673.2998046875,110035.0,3636.43994140625,8225.0,10522.2197265625,2949.0400390625,15953.7998046875,651.260009765625,44592.91015625,6241.7958984375,1608.0400390625,1577.75,76.8,263.579,,1.3,151.93288,22849.0,13192.349609375,2201.050048828125,2159.320068359375,,7341.47998046875,792.3800048828125,30932.369140625,2496.260009765625,40508.6796875,3761.989990234375,3011.570068359375,1496.780029296875,6794.85986328125,48432.0,4702.18994140625,2009.9000244140625,4789.27001953125,1606.8599853515625,1096.280029296875,,14507.4501953125,913.9400024414062,944.75,12227.2900390625,1549.6300048828125,1471.3922119140625,1918.23828125,20910.400390625,31270.859375,43790.171875,11247.2099609375,45865.01953125,6940.60009765625
2021-03-31,3972.889892578125,6713.60009765625,15008.33984375,6067.22998046875,29178.80078125,3441.909912109375,28378.349609375,3061.419921875,14690.7001953125,18700.69921875,6790.7001953125,116634.0,3919.2099609375,8580.0,11047.3701171875,3165.340087890625,16431.130859375,699.8499755859375,47246.26171875,5985.52197265625,1664.0699462890625,1573.510009765625,84.9,264.961,,1.58,139.8012,24649.0,13246.8701171875,2220.52001953125,2238.169921875,,8083.97998046875,865.0499877929688,32981.55078125,2609.239990234375,41741.87109375,3899.47998046875,3159.77001953125,1587.2099609375,6443.08984375,47982.0,4929.60009765625,2192.860107421875,4930.97021484375,1689.800048828125,1146.52001953125,5048.35986328125,13778.669921875,956.1699829101562,902.7899780273438,12560.7001953125,1604.6199951171875,1391.692626953125,2030.028564453125,21518.69921875,31717.359375,44326.1796875,10972.0400390625,44587.8515625,7017.0
2021-04-30,4181.169921875,6969.7998046875,15135.91015625,6269.47998046875,28812.630859375,3446.860107421875,28724.880859375,3147.860107421875,14631.099609375,19108.30078125,7025.7998046875,118894.0,3974.739990234375,8815.0,11022.33984375,3218.27001953125,17566.66015625,707.5599975585938,48009.71875,5995.6162109375,1714.6800537109375,1601.6500244140625,88.3,266.614,,1.49,124.88952,24141.0,13962.6796875,2266.449951171875,2356.669921875,,8092.97021484375,910.3699951171876,33874.8515625,2725.14990234375,43870.08984375,4014.300048828125,3227.239990234375,1583.1300048828125,6370.8701171875,49056.0,5050.68994140625,2217.02001953125,5119.75,1766.3599853515625,1160.1099853515625,5123.490234375,14438.5703125,983.4500122070312,893.72998046875,12731.1298828125,1641.760009765625,1397.7926025390625,1971.66015625,22497.400390625,32704.669921875,43183.19921875,10825.25,44262.3515625,7290.7001953125
2021-05-31,4204.10986328125,7022.60009765625,15421.1298828125,6447.169921875,28860.080078125,3615.47998046875,29151.80078125,3203.919921875,15582.7998046875,19731.0,7161.60009765625,126216.0,4039.4599609375,9148.900390625,11426.150390625,3164.280029296875,17068.4296875,709.3599853515625,50885.94921875,5947.462890625,1772.18994140625,1583.550048828125,82.9,268.383,,1.44,147.01584,25171.0,13748.740234375,2268.969970703125,2364.530029296875,,8231.76953125,894.8499755859375,34529.44921875,2727.43994140625,43966.359375,4060.360107421875,3431.669921875,1593.5899658203125,6628.490234375,59269.0,5242.31982421875,2241.8701171875,5217.27978515625,1805.8900146484373,1197.0799560546875,5331.56982421875,14996.3798828125,981.780029296875,888.6500244140625,12320.7197265625,1697.1700439453125,1420.492431640625,1996.3924560546875,22684.0,33191.8515625,46233.2890625,10889.1201171875,47126.2890625,7406.7001953125
2021-06-30,4297.5,7037.5,15531.0400390625,6507.830078125,28791.529296875,3591.199951171875,28827.94921875,3296.679931640625,15721.5,20165.599609375,7313.0,126802.0,4064.300048828125,8821.2001953125,11942.7197265625,3130.4599609375,17755.4609375,729.52001953125,50289.75,5985.48876953125,1764.5799560546875,1532.6300048828125,85.5,270.654,,1.2,133.57887,25102.0,14503.9501953125,2310.550048828125,2421.139892578125,,8174.4501953125,884.8900146484375,34502.51171875,2696.1201171875,45113.859375,4125.9501953125,3402.02001953125,1587.7900390625,6901.91015625,62372.0,5034.990234375,2263.1298828125,5331.77001953125,1860.4100341796875,1203.1099853515625,5224.0400390625,15161.7001953125,1029.9599609375,844.8499755859375,12654.599609375,1682.93994140625,1356.2928466796875,2018.1568603515625,22376.0,34049.859375,47238.08984375,10663.3896484375,47356.01953125,7585.0
2021-07-31,4395.259765625,7032.2998046875,15544.3896484375,6612.759765625,27283.58984375,3397.360107421875,25961.029296875,3202.320068359375,15763.0498046875,20287.80078125,7392.60009765625,121801.0,4089.300048828125,8675.7001953125,12116.8203125,3166.93994140625,17247.41015625,754.3099975585938,50868.3203125,6070.0390625,1763.280029296875,1494.5999755859375,81.2,271.903,,1.05,152.91092,25363.0,14672.6796875,2226.25,2469.169921875,,8324.650390625,888.260009765625,34935.46875,2703.669921875,45708.0,4200.47021484375,3480.820068359375,1521.9200439453125,6270.22998046875,66005.0,5026.89990234375,2369.889892578125,5626.259765625,1925.5999755859373,1204.6700439453125,4811.169921875,14473.2099609375,1031.1400146484375,823.0399780273438,12594.51953125,1691.72998046875,1392.892578125,1944.5811767578125,22948.80078125,35146.91015625,48610.94921875,9233.2197265625,47055.2890625,7664.2001953125
2021-08-31,4522.68017578125,7119.7001953125,15835.08984375,6680.18017578125,28089.5390625,3543.93994140625,25878.990234375,3199.27001953125,17132.19921875,20582.900390625,7534.89990234375,118781.0,4196.41015625,8846.599609375,12411.1103515625,3055.050048828125,17490.2890625,787.6199951171875,53304.73828125,6150.298828125,1818.530029296875,1601.3800048828125,70.3,272.676,,1.1,133.81455,26009.0,15259.240234375,2273.77001953125,2537.31005859375,,8786.9296875,923.1500244140624,35360.73046875,2753.159912109375,46979.62890625,4308.919921875,3619.68994140625,1638.75,6855.43994140625,76452.0,5417.080078125,2351.25,5669.93994140625,1975.239990234375,1226.81005859375,4805.60986328125,14328.3798828125,1038.3299560546875,866.489990234375,13218.830078125,1757.7099609375,1472.0921630859375,2006.03076171875,24102.19921875,35952.73828125,51969.671875,9183.759765625,47419.73828125,7823.2998046875
2021-09-30,4307.5400390625,7086.39990234375,15260.6904296875,6520.009765625,29452.66015625,3568.169921875,24575.640625,3068.820068359375,17618.150390625,20070.30078125,7332.2001953125,110979.0,4048.080078125,8796.2998046875,11642.4501953125,3086.699951171875,16934.76953125,771.9400024414062,51385.55078125,6286.94287109375,1861.469970703125,1537.800048828125,72.8,273.91,,1.24,142.06763,25684.0,14448.580078125,2204.3701171875,2418.159912109375,,8402.1298828125,865.3400268554688,33843.921875,2640.5400390625,44850.03125,4158.89013671875,3658.929931640625,1605.6800537109375,6952.8798828125,77364.0,5460.7998046875,2259.179931640625,5349.02001953125,1880.6199951171875,1270.8299560546875,4866.3798828125,14309.009765625,1003.27001953125,894.6799926757812,13275.759765625,1803.0400390625,1406.392578125,2096.22265625,23031.30078125,34369.69140625,52854.6484375,8726.3798828125,44899.6015625,7629.7001953125
2021-10-31,4605.3798828125,7237.60009765625,15688.76953125,6830.33984375,28892.689453125,3547.340087890625,25377.240234375,2970.679931640625,17671.650390625,21037.099609375,7323.7001953125,103501.0,4250.56005859375,9057.7001953125,12108.169921875,3198.169921875,16987.41015625,810.9099731445312,51309.83984375,6591.34619140625,1920.8599853515625,1562.31005859375,71.7,276.55,,1.07,121.9515,26876.0,15498.3896484375,2297.18994140625,2583.830078125,,8551.2099609375,898.0599975585938,35819.55859375,2794.110107421875,47795.08984375,4278.47998046875,3721.18994140625,1623.4300537109375,7054.7001953125,83561.0,5732.02978515625,2290.85009765625,5388.56005859375,1971.3199462890625,1292.530029296875,4908.77001953125,14451.3798828125,992.3300170898438,952.5900268554688,13099.8203125,1849.5,1521.991943359375,2063.515869140625,23106.599609375,34851.1015625,,8961.73046875,,7639.10009765625
2021-11-30,4567.0,7059.5,15100.1298828125,6721.16015625,27821.759765625,3563.889892578125,23475.259765625,2839.010009765625,16983.19921875,20660.0,7256.0,101915.0,4063.06005859375,8305.099609375,12159.6904296875,3041.2900390625,17427.759765625,777.3900146484375,49698.71875,6533.93212890625,1954.6199951171875,1513.97998046875,67.4,278.919,,0.91,151.28684,25814.0,15537.6904296875,2198.909912109375,2545.780029296875,,7847.47998046875,867.7100219726562,34483.71875,2708.64990234375,46936.078125,4113.39990234375,3661.4599609375,1568.68994140625,7200.8798828125,79316.0,5433.0498046875,2241.659912109375,5301.06982421875,1882.550048828125,1298.050048828125,4832.02978515625,14795.73046875,965.6300048828124,930.97998046875,12699.5400390625,1863.8499755859373,1809.6903076171875,1990.1728515625,22519.69921875,33890.75,,8368.490234375,,7587.39990234375
2021-12-31,4766.18017578125,7384.5,15884.8603515625,7153.02978515625,28791.7109375,3639.780029296875,23397.669921875,2977.64990234375,17354.05078125,21222.80078125,7444.60009765625,104822.0,4306.06982421875,8713.7998046875,12875.66015625,3123.679931640625,18218.83984375,797.9299926757812,53272.44140625,6581.48193359375,2056.510009765625,1567.530029296875,70.6,280.845,,0.79,166.24265,27347.0,15644.9697265625,2245.31005859375,2645.909912109375,,8444.51953125,893.3400268554688,36338.30078125,2842.0,48461.16015625,4310.14990234375,3861.06005859375,1657.6199951171875,7122.6298828125,83500.0,5569.47998046875,2419.72998046875,5571.97021484375,1965.6500244140625,1307.68994140625,4940.3701171875,14857.349609375,1033.97998046875,931.4099731445312,13033.76953125,1978.06005859375,1857.6900634765625,2055.09130859375,23480.80078125,35123.25,,8236.349609375,,7779.2001953125
2022-01-31,4515.5498046875,7464.39990234375,15471.2001953125,6999.2001953125,27001.98046875,3361.43994140625,23802.259765625,2663.340087890625,17339.849609375,21098.30078125,6971.60009765625,112388.0,4174.60009765625,8612.7998046875,12226.7001953125,3249.590087890625,17674.400390625,755.2000122070312,51330.8515625,6631.15087890625,2029.47998046875,1512.27001953125,67.2,282.543,,0.61,139.23758,26814.0,14239.8798828125,2028.449951171875,2494.639892578125,,8220.8203125,936.77001953125,35131.859375,2635.3798828125,45416.46875,4071.929931640625,3843.030029296875,1648.81005859375,7361.64990234375,90908.0,5564.35009765625,2290.159912109375,5301.7998046875,1776.22998046875,1276.699951171875,4563.77001953125,13328.0595703125,872.8699951171875,939.6300048828124,11995.3701171875,1917.1800537109373,2003.1893310546875,1955.9791259765625,21926.599609375,33321.73046875,,8349.9501953125,,7268.2998046875
2022-02-28,4373.93994140625,7458.2998046875,14461.01953125,6658.830078125,26526.8203125,3462.31005859375,22713.01953125,2699.179931640625,16793.900390625,21126.400390625,7049.10009765625,113142.0,3924.22998046875,8479.2001953125,11986.7802734375,3242.239990234375,17652.1796875,729.719970703125,53400.609375,6888.1708984375,2054.919921875,1608.280029296875,62.8,284.5,,0.39,138.05353,25416.0,13751.400390625,2048.090087890625,2422.7900390625,,7860.27001953125,891.5800170898438,33892.6015625,2661.47998046875,44259.2109375,4014.02001953125,3388.97998046875,1685.1800537109375,7311.009765625,87970.0,5563.14013671875,2134.070068359375,4891.77001953125,1764.81005859375,1323.239990234375,4581.64990234375,13455.73046875,881.0700073242188,985.5399780273438,12096.6796875,1973.02001953125,1946.1895751953125,1949.536865234375,21081.099609375,31873.349609375,,8023.93017578125,,7323.2001953125
2022-03-31,4530.41015625,7515.7001953125,14414.75,6659.8701171875,27821.4296875,3252.199951171875,21996.849609375,2757.64990234375,17464.75,21890.19921875,7499.60009765625,119999.0,3902.52001953125,8445.099609375,12161.5302734375,3408.52001953125,17693.470703125,724.2000122070312,56536.6796875,7071.44189453125,2097.110107421875,1587.3599853515625,59.4,287.674,,0.04,190.01241,25021.0,14220.51953125,2070.1298828125,2501.2900390625,,7184.91015625,879.4500122070312,34678.3515625,2693.659912109375,45606.671875,4158.77978515625,3311.050048828125,1695.239990234375,7203.47021484375,90960.0,6036.97021484375,2095.169921875,4865.2900390625,1786.1099853515625,1418.989990234375,4222.60009765625,12118.25,944.530029296875,1022.989990234375,12110.259765625,2021.280029296875,2233.2880859375,2030.808837890625,21160.099609375,31011.7109375,,7525.89013671875,,7789.60009765625
2022-04-30,4131.93017578125,7544.60009765625,14097.8798828125,6533.77001953125,26847.900390625,3047.06005859375,21089.390625,2695.050048828125,17102.55078125,20762.0,7435.0,107876.0,3802.860107421875,8584.2001953125,12128.759765625,3356.89990234375,16592.1796875,710.97998046875,51417.96875,7228.9140625,2109.18994140625,1600.4300537109375,65.2,288.561,,0.19,154.66196,24252.0,12334.6396484375,1864.0999755859373,2276.449951171875,,7327.27001953125,922.4299926757812,32977.2109375,2500.260009765625,41343.96875,4106.3701171875,3286.050048828125,1667.43994140625,6731.25,88251.0,5930.009765625,2058.89990234375,4882.68017578125,1764.6400146484375,1392.739990234375,4016.239990234375,11021.4404296875,904.75,1085.43994140625,11884.2998046875,2016.8699951171875,2430.587158203125,1982.243896484375,20708.69921875,30093.060546875,,7298.68994140625,,7724.7998046875
2022-05-31,4132.14990234375,7607.7001953125,14388.349609375,6468.7998046875,27279.80078125,3186.429931640625,21415.19921875,2685.89990234375,16584.55078125,20729.30078125,7211.2001953125,111351.0,3789.2099609375,8851.5,11611.3798828125,3232.489990234375,16807.76953125,712.8800048828125,51752.53125,7148.97021484375,1965.1800537109373,1570.0999755859375,58.4,291.298,,0.32,168.00083,24505.0,12081.3896484375,1864.0400390625,2269.070068359375,,7310.06005859375,890.7000122070312,32990.12109375,2514.800048828125,41084.8984375,3894.330078125,3326.4599609375,1663.4100341796875,6774.68017578125,92288.0,6257.5,2042.6400146484373,4859.16015625,1682.18994140625,1472.8900146484375,4091.52001953125,11527.6201171875,893.3599853515625,1056.780029296875,11308.33984375,1901.9599609375,2547.086669921875,1997.1107177734373,20418.0,29913.5,,7416.75,,7455.2001953125
2022-06-30,3785.3798828125,7169.2998046875,12783.76953125,5922.85986328125,26393.0390625,3398.6201171875,21859.7890625,2332.639892578125,15780.25,18861.400390625,6568.10009765625,98542.0,3454.860107421875,8098.7001953125,10741.2099609375,3102.2099609375,14825.73046875,659.22998046875,47524.44921875,6911.58203125,1883.81005859375,1444.219970703125,50.0,294.957,,0.06,145.97594,21294.0,11028.740234375,1707.989990234375,2075.9599609375,,6277.990234375,810.4199829101562,30775.4296875,2268.919921875,37564.23046875,3682.070068359375,2879.2900390625,1568.3299560546875,6155.43017578125,88450.0,6044.64013671875,1872.6800537109373,4494.8798828125,1574.6700439453125,1341.4000244140625,4485.009765625,12896.2001953125,745.4400024414062,991.9400024414062,10868.7001953125,1828.72998046875,2405.38720703125,1956.97021484375,18666.80078125,25823.44921875,,7666.8798828125,,6746.5
2022-07-31,4130.2900390625,7423.39990234375,13484.0498046875,6448.5,27801.640625,3253.239990234375,20156.509765625,2451.5,17158.25,19692.900390625,6945.2001953125,103165.0,3708.10009765625,8156.2001953125,11145.91015625,3211.56005859375,15000.0703125,729.4400024414062,48144.328125,6951.123046875,1984.3399658203125,1492.22998046875,51.5,294.913,,-0.22,186.92141,22405.0,12390.6904296875,1885.22998046875,2267.10009765625,,6808.75,851.0499877929688,32845.12890625,2512.72998046875,41119.578125,3796.840087890625,3028.1298828125,1576.4100341796875,6315.93017578125,122528.0,6123.22998046875,2032.530029296875,4795.5498046875,1770.6099853515625,1423.3299560546875,4170.10009765625,12266.919921875,803.6199951171875,978.6300048828124,11492.650390625,1925.3499755859373,2592.38623046875,1985.489990234375,20164.900390625,27364.5703125,,6885.47998046875,,7173.7998046875
2022-08-31,3955.0,7284.2001953125,12834.9599609375,6125.10009765625,28091.529296875,3202.139892578125,19954.390625,2472.050048828125,17759.30078125,19330.80078125,6986.7998046875,109523.0,3517.25,7886.10009765625,10855.0302734375,3221.669921875,15095.4404296875,680.3099975585938,44919.21875,7178.58984375,2073.860107421875,1512.050048828125,58.2,295.097,,-0.3,163.23982,21559.0,11816.2001953125,1844.1199951171875,2176.449951171875,,6977.77001953125,856.3599853515625,31510.4296875,2431.050048828125,39560.859375,3585.840087890625,2898.800048828125,1638.9300537109375,6583.64990234375,136241.0,5995.240234375,1920.22998046875,4701.919921875,1652.6500244140625,1434.5400390625,4078.840087890625,11815.7900390625,807.0399780273438,1022.8200073242188,11601.099609375,2017.0799560546875,3171.18310546875,2030.69384765625,19063.80078125,25219.130859375,,6865.1201171875,,7226.10009765625
2022-09-30,3585.6201171875,6893.7998046875,12114.3603515625,5762.33984375,25937.2109375,3024.389892578125,17222.830078125,2155.489990234375,17094.349609375,18444.19921875,6474.2001953125,110037.0,3318.199951171875,7366.7998046875,10267.5498046875,3130.239990234375,13424.580078125,640.6199951171875,44626.80078125,7040.7978515625,1883.9300537109373,1394.6300048828125,58.6,296.349,,-0.39,174.18347,20649.0,10575.6201171875,1664.719970703125,1972.2900390625,,6311.47021484375,792.9000244140625,28725.509765625,2203.530029296875,35836.921875,3370.2099609375,2691.949951171875,1589.510009765625,5741.06982421875,139115.0,5302.759765625,1828.97998046875,4382.3798828125,1439.0899658203125,1274.1400146484375,3804.889892578125,10778.6103515625,672.6500244140625,1011.47998046875,11065.7099609375,1837.22998046875,3179.983154296875,1899.0565185546875,17168.30078125,22370.01953125,,5914.080078125,,6678.7001953125
2022-10-31,3871.97998046875,7094.5,13253.740234375,6266.77001953125,27587.4609375,2893.47998046875,14687.01953125,2293.610107421875,18012.19921875,19426.099609375,6863.5,116037.0,3617.5400390625,7956.5,10827.9296875,3093.110107421875,12949.75,670.6199951171875,49922.30078125,7098.89013671875,1958.6800537109373,1460.3800048828125,59.9,298.007,,-0.41,177.42313,22652.0,10988.150390625,1846.8599853515625,2128.360107421875,,6978.97998046875,874.27001953125,32732.94921875,2433.050048828125,38702.5,3567.429931640625,2936.8701171875,1608.760009765625,6153.43017578125,149938.0,5718.27978515625,1968.530029296875,4606.52978515625,1574.6700439453125,1362.68994140625,3508.699951171875,10397.0400390625,695.3300170898438,1014.1199951171876,11338.4296875,1943.8699951171875,3978.97900390625,1993.934814453125,17889.900390625,23678.05078125,,4938.56005859375,,7054.7998046875
2022-11-30,4080.110107421875,7573.10009765625,14397.0400390625,6738.5498046875,27968.990234375,3151.340087890625,18597.23046875,2472.530029296875,18758.349609375,20453.30078125,7284.2001953125,112486.0,3964.719970703125,8363.2001953125,11127.76953125,3290.489990234375,14879.5498046875,724.0999755859375,51684.859375,7081.31298828125,1884.010009765625,1488.800048828125,56.7,298.786,,-0.7,171.73726,24610.0,11468.0,1886.5799560546875,2239.1201171875,,7268.509765625,912.3300170898438,34589.76953125,2577.780029296875,40552.421875,3684.97998046875,3231.489990234375,1635.3599853515625,6780.77978515625,168525.0,5862.68994140625,2102.419921875,4925.6201171875,1686.6099853515625,1404.6700439453125,3853.0400390625,11108.5,729.5399780273438,1008.280029296875,11552.0400390625,1849.1700439453125,4977.57373046875,2053.04736328125,19163.30078125,25593.23046875,,6374.43994140625,,7480.7001953125
2022-12-31,3839.5,7451.7001953125,13923.58984375,6473.759765625,26094.5,3089.260009765625,19781.41015625,2236.39990234375,18105.30078125,19384.900390625,7038.7001953125,110031.0,3793.6201171875,8229.099609375,10729.400390625,3251.320068359375,14137.6904296875,689.010009765625,48463.859375,6850.619140625,1813.3499755859373,1495.489990234375,59.8,298.832,,-0.53,136.43315,23707.0,10466.48046875,1761.25,2105.89990234375,,7108.81982421875,929.7899780273438,33147.25,2430.3798828125,38073.94140625,3701.169921875,3126.389892578125,1668.6600341796875,6566.39013671875,202085.0,5726.10986328125,2043.4000244140625,4825.43994140625,1700.56005859375,1362.6800537109375,3871.6298828125,11015.990234375,679.2899780273438,937.1799926757812,11473.240234375,1796.9200439453125,5509.1708984375,1961.646240234375,18853.0,25117.5703125,,6704.93994140625,,7221.7001953125
2023-01-31,4076.60009765625,7771.7001953125,15128.26953125,7082.419921875,27327.109375,3255.669921875,21842.330078125,2425.080078125,17662.150390625,20767.400390625,7476.7001953125,113532.0,4163.4501953125,9034.0,11285.7802734375,3365.669921875,15265.2001953125,745.1900024414062,54564.26953125,6839.341796875,1822.8399658203125,1485.5,64.9,300.42,,-0.69,139.12464,26600.0,11584.5498046875,1931.93994140625,2244.909912109375,,7907.509765625,1022.8200073242188,34086.0390625,2652.6201171875,40724.9609375,3860.530029296875,3383.7099609375,1671.4599609375,6793.25,253549.0,5886.33984375,2198.5400390625,4938.43994140625,1698.4200439453125,1363.280029296875,4156.85986328125,12001.259765625,740.489990234375,936.489990234375,12022.900390625,1797.1400146484375,4976.57373046875,2048.576904296875,19853.5,28813.25,,7424.919921875,,7686.10009765625
2023-02-28,3970.14990234375,7876.2998046875,15365.1396484375,7267.93017578125,27445.560546875,3279.610107421875,19785.939453125,2412.85009765625,17303.94921875,20221.19921875,7258.39990234375,104932.0,4238.3798828125,9394.599609375,11098.349609375,3262.6298828125,15503.7900390625,752.9299926757812,52758.05859375,6843.23876953125,1731.989990234375,1454.18994140625,66.9,301.45,,-0.89,120.13662,27478.0,11455.5400390625,1896.989990234375,2187.75,,8214.900390625,1129.25,32656.69921875,2600.840087890625,39704.37890625,3902.2099609375,3547.110107421875,1622.3499755859375,6556.2001953125,247459.0,6057.2001953125,2226.75,5027.02001953125,1780.3299560546875,1413.18994140625,4069.4599609375,11783.7998046875,791.5999755859375,942.969970703125,11875.33984375,1734.3399658203125,5237.27197265625,2066.45947265625,19903.30078125,28648.130859375,,6581.47021484375,,7458.0
2023-03-31,4109.31005859375,7631.7001953125,15628.83984375,7322.39013671875,28041.48046875,3272.860107421875,20400.109375,2476.860107421875,17359.75,20099.900390625,7177.7998046875,101882.0,4315.0498046875,9232.5,11106.240234375,3258.89990234375,15868.0595703125,756.1799926757812,53904.0,6805.27685546875,1725.8199462890625,1422.5899658203125,62.0,301.821,,-0.58,147.9425,27114.0,12221.91015625,1802.47998046875,2253.360107421875,,8341.1904296875,1054.5899658203125,33274.1484375,2512.159912109375,40708.41015625,3793.18994140625,3209.43994140625,1609.1700439453125,6499.68017578125,245716.0,6046.60986328125,2223.75,4777.66015625,1790.1300048828125,1352.3199462890625,4050.929931640625,11726.400390625,847.52001953125,937.6799926757812,11884.5,1739.1099853515625,4812.87451171875,2105.205810546875,18928.30078125,27662.939453125,,6968.85986328125,,7373.2998046875
2023-04-30,4169.47998046875,7870.60009765625,15922.3798828125,7491.5,28856.439453125,3323.27001953125,19894.5703125,2501.530029296875,18065.0,20636.5,7309.2001953125,104432.0,4359.31005859375,9241.0,11437.1396484375,3270.510009765625,15579.1796875,758.489990234375,55121.21875,6915.7158203125,1735.530029296875,1415.949951171875,63.7,302.845,,-0.6,127.42137,27077.0,12226.580078125,1768.989990234375,2279.159912109375,,8432.1201171875,1085.1099853515625,34098.16015625,2490.39990234375,41064.05078125,3801.81005859375,3258.64990234375,1529.1199951171875,6625.080078125,297960.0,6212.330078125,2270.580078125,4749.990234375,1818.4200439453125,1392.469970703125,4029.090087890625,11338.669921875,842.8300170898438,961.75,12019.83984375,1751.18994140625,4617.87548828125,2160.344482421875,19425.099609375,27855.080078125,,6702.14990234375,,7501.0
2023-05-31,4179.830078125,7446.10009765625,15664.01953125,7098.7001953125,30887.880859375,3204.56005859375,18234.26953125,2577.1201171875,18534.400390625,19572.19921875,7091.2998046875,108335.0,4218.0400390625,9050.2001953125,11217.8896484375,3158.800048828125,16578.9609375,748.8599853515625,52736.26171875,6633.26123046875,1747.02001953125,1387.1199951171875,59.0,303.334,4.69,-0.76,156.19287,26051.0,12935.2900390625,1749.6500244140625,2285.64990234375,,8462.150390625,1218.6500244140625,32908.26953125,2406.669921875,42053.1796875,3536.7900390625,3042.610107421875,1533.5400390625,6477.35986328125,342079.0,5729.39990234375,2234.9599609375,4463.10009765625,1802.6300048828125,1354.43994140625,3798.5400390625,10793.849609375,856.9400024414062,949.6699829101562,11813.009765625,1744.9200439453125,4886.8740234375,2235.849853515625,18722.900390625,26537.41015625,,6163.33984375,,7273.5
2023-06-30,4450.3798828125,7531.5,16147.900390625,7400.06005859375,33189.0390625,3202.06005859375,18916.4296875,2564.280029296875,19189.05078125,20155.30078125,7203.2998046875,118087.0,4399.08984375,9593.0,11280.2900390625,3205.909912109375,16915.5390625,773.9400024414062,53526.1015625,6661.87890625,1775.6500244140625,1376.6800537109375,64.2,304.014,4.05,-1.06,141.05706,28231.0,13787.919921875,1888.72998046875,2436.929931640625,,8723.1103515625,1278.6099853515625,34407.6015625,2622.340087890625,44883.609375,3543.179931640625,3154.909912109375,1503.0999755859375,6468.06982421875,426281.0,5920.31005859375,2309.89990234375,4419.8701171875,1816.739990234375,1385.18994140625,3842.449951171875,11026.58984375,868.239990234375,945.7000122070312,11916.4697265625,1749.219970703125,5759.0693359375,2403.74951171875,18416.80078125,27610.5,,6424.8798828125,,7401.5
2023-07-31,4588.9599609375,7699.39990234375,16446.830078125,7497.77978515625,33172.21875,3291.0400390625,20078.939453125,2632.580078125,19753.80078125,20626.599609375,7410.39990234375,121943.0,4471.31005859375,9641.5,11309.25,3373.97998046875,17145.4296875,792.0,54819.05078125,6931.35888671875,1888.97998046875,1459.4300537109375,71.5,304.609,3.79,-0.91,113.79255,29645.0,14346.01953125,2003.1800537109373,2518.419921875,,9066.099609375,1335.47998046875,35559.53125,2728.43994140625,46450.21875,3776.610107421875,3245.97998046875,1556.06005859375,6591.47021484375,457138.0,6135.31005859375,2250.919921875,4388.240234375,1809.7099609375,1417.75,4014.6298828125,11183.91015625,935.969970703125,965.6199951171876,12056.150390625,1871.260009765625,7216.9619140625,2390.7041015625,19143.80078125,28837.05078125,,6899.31005859375,,7622.2001953125
2023-08-31,4507.66015625,7439.10009765625,15947.080078125,7316.7001953125,32619.33984375,3119.8798828125,18382.060546875,2556.27001953125,19253.80078125,20292.599609375,7305.2998046875,115742.0,4297.10986328125,9505.900390625,11125.9501953125,3233.300048828125,16634.509765625,743.6199951171875,53020.98046875,6953.259765625,1873.760009765625,1451.93994140625,69.4,306.082,3.85,-0.76,84.49314,28832.0,14034.9697265625,1899.6800537109373,2470.02001953125,,8945.9404296875,1312.489990234375,34721.91015625,2645.469970703125,45468.4296875,3665.969970703125,3154.139892578125,1565.93994140625,6175.25,653603.0,6173.990234375,2184.739990234375,4378.9599609375,1736.4300537109375,1444.77001953125,3765.27001953125,10418.2099609375,928.4000244140624,962.25,11554.48046875,1846.5400390625,7917.85791015625,2399.167724609375,18605.69921875,27818.98046875,,6332.419921875,,7517.7998046875
2023-09-30,4288.0498046875,7608.10009765625,15386.580078125,7135.06005859375,31857.619140625,3110.47509765625,17809.66015625,2465.070068359375,19638.30078125,19541.30078125,7048.60009765625,116565.0,4174.66015625,9428.0,10963.5,3217.409912109375,16353.740234375,728.7899780273438,50874.98046875,6939.89208984375,1874.43994140625,1424.1700439453125,67.8,307.276,4.03,-0.44,108.39746,28243.0,13219.3203125,1785.0999755859375,2351.35009765625,,8416.580078125,1209.3399658203125,33507.5,2502.1201171875,43249.30078125,3553.010009765625,3168.1298828125,1471.4300537109375,6321.240234375,562569.0,6090.330078125,2155.489990234375,4269.52001953125,1700.5899658203125,1497.1500244140625,3689.52001953125,10109.5302734375,841.02001953125,952.6900024414062,11296.4296875,1844.6099853515625,8334.8564453125,2417.090576171875,18279.400390625,26075.109375,,6148.330078125,,7249.7001953125
2023-10-31,4193.7998046875,7321.7001953125,14810.33984375,6885.64990234375,30858.849609375,3018.77099609375,17112.48046875,2277.989990234375,19079.599609375,18873.5,6780.7001953125,113144.0,4061.1201171875,9017.2998046875,10391.16015625,3067.739990234375,16001.26953125,718.5999755859375,49061.87890625,6752.2109375,1657.97998046875,1442.1400146484375,63.8,307.696,4.42,-0.19,117.69793,27742.0,12851.240234375,1662.280029296875,2292.3798828125,,7834.7900390625,1193.0999755859375,33052.87109375,2366.39990234375,42059.94921875,3356.760009765625,3085.5400390625,1381.8299560546875,5973.77978515625,579150.0,6257.06005859375,2075.7900390625,4118.91015625,1620.0400390625,1506.47998046875,3572.510009765625,9863.7998046875,736.0999755859375,892.3400268554688,10757.6904296875,1646.8499755859375,7514.06005859375,2346.394775390625,17083.099609375,24040.189453125,,5861.740234375,,6967.5
2023-11-30,4567.7998046875,7453.7998046875,16215.4296875,7310.77001953125,33486.890625,3029.673095703125,17042.880859375,2535.2900390625,20133.150390625,20236.30078125,7087.2998046875,127331.0,4382.47021484375,10058.2001953125,10854.3203125,3072.989990234375,17433.849609375,765.0399780273438,54060.01171875,7080.7412109375,1792.6400146484375,1452.739990234375,61.3,308.148,3.84,-0.36,125.4752,29737.0,14226.2197265625,1809.02001953125,2501.68994140625,,8355.5302734375,1275.1300048828125,35950.890625,2563.6201171875,45900.8984375,3529.02001953125,3290.780029296875,1380.1800537109375,6223.72998046875,813394.0,6474.580078125,2232.4599609375,4379.009765625,1728.449951171875,1523.6700439453125,3496.199951171875,9726.919921875,831.6799926757812,930.0399780273438,11331.5595703125,1774.1300048828125,7948.55810546875,2471.356689453125,18233.5,26183.419921875,,5857.5400390625,,7297.7001953125
2023-12-31,4769.830078125,7733.2001953125,16751.640625,7543.18017578125,33464.171875,2974.93505859375,17047.390625,2655.280029296875,21731.400390625,20958.400390625,7590.7998046875,134185.0,4521.64990234375,10102.099609375,11137.7900390625,3240.27001953125,17930.810546875,786.8200073242188,57386.25,7272.796875,1875.760009765625,1454.6600341796875,69.7,308.741,3.39,-0.35,105.77133,30352.0,15011.349609375,2027.0699462890625,2622.139892578125,,8760.3603515625,1293.1400146484375,37689.5390625,2781.5400390625,48295.37890625,3707.77001953125,3434.969970703125,1415.8499755859375,6450.0400390625,929704.0,6396.47998046875,2398.169921875,4515.97021484375,1821.199951171875,1519.3199462890625,3431.110107421875,9524.6904296875,866.5700073242188,970.5700073242188,11770.490234375,1853.72998046875,7470.16064453125,2463.888916015625,19689.599609375,27137.30078125,,5768.5,,7829.5
2024-01-31,4845.64990234375,7630.60009765625,16903.759765625,7656.75,36286.7109375,2788.548095703125,15485.0703125,2497.090087890625,21725.69921875,21021.900390625,7680.7001953125,127752.0,4648.39990234375,10077.7001953125,11333.3798828125,3153.010009765625,17889.560546875,818.2100219726562,57372.76171875,7207.94091796875,1861.9200439453125,1512.97998046875,79.0,309.698,3.59,-0.28,121.96395,30744.0,15164.009765625,1947.3399658203125,2656.429931640625,,9178.1201171875,1367.4100341796875,38150.30078125,2732.179931640625,48769.87109375,3662.9599609375,3456.47998046875,1364.52001953125,6646.43994140625,1260563.0,6322.759765625,2356.60009765625,4548.7900390625,1856.530029296875,1486.469970703125,3215.35009765625,8212.83984375,799.239990234375,974.219970703125,11843.650390625,1830.8199462890625,8496.6552734375,2658.550537109375,19358.0,25959.0,,5194.0400390625,,7912.7998046875
2024-02-29,5096.27001953125,7630.0,17678.189453125,7927.43017578125,39166.19140625,3015.1708984375,16511.439453125,2642.360107421875,21982.80078125,21363.599609375,7698.7001953125,129020.0,4877.77001953125,10001.2998046875,11438.8603515625,3141.85009765625,18966.76953125,848.4400024414062,55414.0,7316.11083984375,1981.1300048828125,1551.43994140625,76.9,310.967,3.29,-0.39,87.23672,32581.0,16091.919921875,2054.840087890625,2795.56005859375,,9489.669921875,1424.77001953125,38996.390625,2890.669921875,51321.23046875,3661.419921875,3348.1298828125,1370.6700439453125,6944.7099609375,1014712.0,6157.9599609375,2452.81005859375,4423.3798828125,1897.050048828125,1463.9300537109375,3516.080078125,9330.4404296875,862.9600219726562,989.9299926757812,11696.4296875,1947.0699462890625,9193.6513671875,2792.9716796875,19054.900390625,25824.650390625,,5677.8798828125,,7959.5
2024-03-31,5254.35009765625,7952.60009765625,18492.490234375,8205.8095703125,40369.44140625,3041.1669921875,16541.419921875,2746.6298828125,22326.900390625,22167.0,7896.89990234375,128106.0,5083.419921875,11074.599609375,11730.4296875,3224.010009765625,20294.44921875,881.780029296875,57369.01171875,7288.81298828125,2028.5699462890625,1536.0699462890625,79.4,312.345,3.15,-0.39,93.20401,34750.0,16379.4599609375,2124.550048828125,2881.909912109375,,9957.26953125,1422.3499755859375,39807.37109375,3046.360107421875,52915.8203125,3845.6298828125,3535.7900390625,1377.93994140625,6903.52978515625,1213485.0,6280.5,2518.27001953125,4389.22998046875,1943.3299560546875,1541.530029296875,3537.47998046875,9400.849609375,905.5,985.969970703125,12105.2900390625,1994.47998046875,9142.3515625,2910.96337890625,19884.69921875,27043.0390625,,5810.7900390625,,8153.7001953125
2024-04-30,5035.68994140625,8144.10009765625,17932.169921875,7984.93017578125,38405.66015625,3104.824951171875,17763.029296875,2692.06005859375,22604.849609375,21714.5,7664.10009765625,125924.0,4921.22021484375,10854.400390625,11260.91015625,3292.68994140625,20396.599609375,878.8300170898438,56727.98046875,7234.19677734375,1970.72998046875,1575.969970703125,77.2,313.023,3.18,-0.35,106.48626,33747.0,15657.8203125,1973.9100341796875,2757.1298828125,,9917.33984375,1448.47998046875,37815.921875,2861.110107421875,50572.37890625,3883.260009765625,3560.419921875,1367.949951171875,6700.490234375,1323586.0,6615.56005859375,2556.39990234375,4455.77978515625,1905.0699462890625,1594.43994140625,3604.389892578125,9587.1201171875,868.9299926757812,926.72998046875,11957.5,1950.1199951171875,10045.646484375,2880.59423828125,19965.400390625,26264.390625,,6273.75,,7932.0
2024-05-31,5277.509765625,8275.400390625,18497.939453125,7992.8701171875,38487.8984375,3086.81298828125,18079.609375,2636.52001953125,22530.69921875,22269.099609375,7701.7001953125,122098.0,4983.669921875,11322.0,12000.8603515625,3336.590087890625,21174.220703125,903.6099853515624,55179.23828125,6970.73583984375,1993.4300537109373,1596.6800537109375,69.1,313.175,3.2,-0.38,103.8162,34492.0,16735.01953125,2070.1298828125,2882.75,,9940.3203125,1431.8399658203125,38686.3203125,2982.860107421875,52875.51953125,3918.090087890625,3688.3701171875,1345.6600341796875,6433.10009765625,1651417.0,6870.81005859375,2604.10009765625,4626.75,1982.199951171875,1668.780029296875,3579.919921875,9364.3798828125,839.97998046875,871.4199829101562,11867.2900390625,1999.9300537109373,10400.4453125,2937.349853515625,20730.099609375,26716.80078125,,6392.580078125,,7970.7998046875
2024-06-30,5460.47998046875,8164.10009765625,18235.44921875,7479.39990234375,39583.078125,2967.403076171875,17718.609375,2797.820068359375,24010.599609375,21875.80078125,7767.5,123907.0,4894.02001953125,10943.7001953125,11993.830078125,3332.800048828125,23032.25,923.8499755859376,52440.01953125,7063.5771484375,1947.47998046875,1590.0899658203125,68.2,313.044,3.21,-0.35,115.8524,33154.0,17732.599609375,2047.68994140625,2974.639892578125,,9318.349609375,1404.260009765625,39118.859375,2930.090087890625,54470.66015625,3887.239990234375,3609.469970703125,1300.9599609375,6411.91015625,1611295.0,6480.06005859375,2569.449951171875,4491.08984375,1953.52001953125,1653.219970703125,3461.659912109375,8848.7001953125,840.4400024414062,887.72998046875,11717.4296875,1976.4300537109373,10647.84375,2955.7705078125,20286.0,25176.060546875,,6331.85986328125,,8013.7998046875
2024-07-31,5522.2998046875,8368.0,18508.650390625,7531.490234375,39101.8203125,2938.7490234375,17344.599609375,2770.68994140625,24951.150390625,23110.80078125,8092.2998046875,127652.0,4872.93994140625,11065.0,12317.4404296875,3455.93994140625,22199.349609375,920.6199951171876,53136.83984375,7255.76220703125,1998.02001953125,1625.5699462890625,66.4,313.569,3.25,-0.2,116.29613,33764.0,17599.400390625,2254.47998046875,3015.47998046875,,9674.0703125,1478.1700439453125,40842.7890625,3098.1298828125,55429.83984375,4130.2001953125,3701.0400390625,1320.8599853515625,6619.08984375,1481853.0,6708.39013671875,2609.330078125,4537.18017578125,2010.6700439453125,1684.4000244140625,3442.080078125,8754.08984375,803.1500244140625,913.7100219726562,12405.26953125,2011.77001953125,10638.54296875,2893.637451171875,21600.69921875,25373.119140625,,6107.16015625,,8320.400390625
2024-08-31,5648.39990234375,8376.599609375,18906.919921875,7630.9501953125,38647.75,2842.214111328125,17989.0703125,2674.31005859375,25235.900390625,23346.19921875,8091.89990234375,136004.0,4957.97998046875,11401.900390625,12436.58984375,3442.929931640625,22268.08984375,918.6599731445312,52913.5,7670.73291015625,2081.679931640625,1678.800048828125,67.9,314.062,3.17,0.0,112.31229,34373.0,17713.619140625,2217.6298828125,3082.72998046875,,9779.080078125,1431.18994140625,41563.078125,3091.52001953125,56554.44140625,4184.39990234375,3730.0,1359.0699462890625,6897.5400390625,1717564.0,6760.14990234375,2595.9599609375,4679.7099609375,1989.300048828125,1660.52001953125,3321.429931640625,8348.48046875,767.6599731445312,944.47998046875,12447.6796875,2093.080078125,9833.1484375,2804.349365234375,21086.5,25703.439453125,,6331.14013671875,,8316.7001953125
2024-09-30,5762.47998046875,8237.0,19324.9296875,7635.75,37919.55078125,3336.4970703125,21133.6796875,2593.27001953125,25810.849609375,24000.400390625,8269.7998046875,131816.0,5000.4501953125,11877.2998046875,12168.8701171875,3585.2900390625,22224.5390625,910.1199951171876,52477.30078125,7527.92919921875,2118.449951171875,1648.9100341796875,70.1,314.732,3.03,0.15,105.89523,34125.0,18189.169921875,2229.969970703125,3145.06005859375,,9897.16015625,1451.9000244140625,42330.1484375,3121.93994140625,57636.94140625,4299.7099609375,3655.090087890625,1448.8299560546875,7272.64990234375,1697401.0,6792.8701171875,2626.43994140625,4735.64013671875,1949.8699951171875,1632.0699462890625,4017.85009765625,10529.759765625,763.8800048828125,938.9199829101562,12423.8203125,2123.639892578125,9665.748046875,2760.453369140625,21053.19921875,26853.740234375,,7509.7900390625,,8538.400390625
2024-10-31,5705.4501953125,8110.10009765625,19077.5390625,7350.3701171875,39081.25,3279.823974609375,20317.330078125,2556.14990234375,24205.349609375,24156.900390625,8160.0,129713.0,4827.6298828125,11672.599609375,11792.919921875,3558.8798828125,22820.4296875,874.1799926757812,50661.05078125,7574.01904296875,2213.639892578125,1601.8800048828125,70.5,315.631,2.88,0.12,95.29997,34281.0,18095.150390625,2196.64990234375,3120.81005859375,,9636.08984375,1382.6800537109375,41763.4609375,3098.0,57178.6796875,4214.0498046875,3526.659912109375,1466.0400390625,7142.9599609375,1848744.0,6532.77001953125,2542.409912109375,4473.18017578125,1875.699951171875,1643.8599853515625,3891.0400390625,10591.2197265625,743.0599975585938,921.4099731445312,12638.900390625,2203.969970703125,8863.853515625,2811.332763671875,20389.0,26326.83984375,,7264.10986328125,,8422.099609375
2024-11-30,6032.3798828125,8287.2998046875,19626.44921875,7235.10986328125,38208.03125,3326.4560546875,19423.609375,2455.909912109375,24131.099609375,25648.0,8436.2001953125,125668.0,4804.39990234375,11641.2998046875,11764.2001953125,3739.2900390625,22262.5,881.72998046875,49812.640625,7114.26611328125,2294.820068359375,1594.2900390625,71.8,316.528,2.74,0.05,160.52062,33415.0,19218.169921875,2434.72998046875,3317.3798828125,,9608.75,1393.489990234375,44910.6484375,3366.179931640625,60880.73828125,4227.31005859375,3539.280029296875,1427.5400390625,6613.85009765625,2258295.0,6418.33984375,2513.85009765625,4334.39013671875,1852.0999755859373,1671.5999755859375,3916.580078125,10611.7197265625,678.1900024414062,856.780029296875,13066.919921875,2260.489990234375,9651.94921875,2797.86474609375,20771.599609375,26320.470703125,,6946.68017578125,,8699.099609375
2024-12-31,5881.6298828125,8173.0,19909.140625,7380.740234375,39894.5390625,3351.762939453125,20059.94921875,2399.489990234375,23644.80078125,24727.900390625,8159.10009765625,120283.0,4869.27978515625,11595.0,11600.900390625,3787.60009765625,23035.099609375,878.6300048828125,49513.26953125,7079.90478515625,2426.830078125,1642.3299560546875,74.0,317.604,2.92,0.33,156.89088,34186.0,19310.7890625,2230.159912109375,3221.050048828125,,9757.26953125,1469.6700439453125,42544.21875,3120.93994140625,58970.01953125,4264.52978515625,3663.010009765625,1400.2099609375,6528.7900390625,2533635.0,6377.259765625,2483.1201171875,4315.8701171875,1776.949951171875,1644.8299560546875,3934.909912109375,10414.6103515625,678.1900024414062,826.6500244140625,13110.740234375,2392.739990234375,9830.5478515625,2912.09375,20622.599609375,25589.060546875,,7289.89013671875,,8420.5
2025-01-31,6040.52978515625,8674.0,21732.05078125,7950.169921875,39572.48828125,3250.60107421875,20225.109375,2517.3701171875,23508.400390625,25533.099609375,8532.2998046875,126135.0,5286.8701171875,12368.900390625,12597.08984375,3855.820068359375,23525.41015625,921.9400024414062,51209.53125,7109.19580078125,2500.60009765625,1556.9200439453125,71.7,318.961,2.68,0.36,167.38864,36472.0,19627.439453125,2287.68994140625,3320.989990234375,,10205.8701171875,1549.3199462890625,44544.66015625,3239.0400390625,60775.19921875,4326.0498046875,3864.3798828125,1314.5,5862.58984375,2564659.0,6524.2900390625,2670.5400390625,4570.43017578125,1773.1800537109375,1736.72998046875,3817.080078125,10156.0703125,728.2899780273438,823.5499877929688,12995.009765625,2448.64990234375,10004.34765625,2918.07958984375,20950.5,26730.939453125,,7382.1298828125,,8789.7001953125
2025-02-28,5954.5,8809.7001953125,22551.4296875,8111.6298828125,37155.5,3320.89697265625,22941.3203125,2532.780029296875,22124.69921875,25393.5,8172.39990234375,122799.0,5463.5400390625,13347.2998046875,13004.48046875,3895.699951171875,23053.1796875,921.9199829101562,52325.73046875,6270.59716796875,2542.52001953125,1574.699951171875,64.7,319.679,2.87,0.25,228.61916,38655.0,18847.279296875,2163.070068359375,3259.070068359375,,10982.98046875,1607.7900390625,43840.91015625,3095.14990234375,59524.46875,4420.509765625,4148.0400390625,1203.719970703125,5997.97021484375,2205801.0,6800.10009765625,2724.699951171875,4719.31982421875,1851.3900146484373,1706.5999755859375,3890.050048828125,10611.240234375,743.9600219726562,703.6300048828125,12601.419921875,2469.610107421875,9658.6494140625,2806.843505859375,20326.400390625,28298.439453125,,8417.4296875,,8403.900390625
2025-03-31,5611.85009765625,8582.7998046875,22163.490234375,7790.7099609375,35617.55859375,3335.74609375,23119.580078125,2481.1201171875,23519.349609375,24917.5,7843.39990234375,130260.0,5248.39013671875,13135.400390625,12598.1201171875,3972.429931640625,20695.900390625,898.7999877929688,52484.4296875,6510.6201171875,2446.4599609375,1513.6500244140625,57.0,319.785,3.55,0.34,297.08402,38052.0,17299.2890625,2011.9100341796875,3066.419921875,,10188.6796875,1685.239990234375,42001.76171875,2919.219970703125,55933.390625,4335.419921875,4076.360107421875,1158.0899658203125,6180.72021484375,2338761.0,6865.6201171875,2494.06005859375,4505.14990234375,1667.25,1750.0,3887.31005859375,10504.330078125,672.8499755859375,734.510009765625,12245.5,2418.22998046875,9659.44921875,2817.318603515625,19475.5,27393.220703125,,8516.5498046875,,8053.2001953125
2025-04-30,5569.06005859375,8494.900390625,22496.98046875,7593.8701171875,36045.37890625,3279.031005859375,22119.41015625,2556.610107421875,24334.19921875,24841.69921875,8126.2001953125,135067.0,5160.22021484375,13287.7998046875,12116.98046875,3832.510009765625,20235.029296875,877.8900146484375,56259.28125,6766.794921875,2557.2099609375,1540.219970703125,52.2,320.302,3.94,0.57,460.11432,37605.0,17446.33984375,1964.1199951171875,3045.669921875,,10373.4599609375,1698.18994140625,40669.359375,2851.60009765625,55521.828125,4429.509765625,4099.2900390625,1197.260009765625,6354.990234375,2100844.0,6992.33984375,2434.06005859375,4496.490234375,1655.8199462890625,1697.4200439453125,3770.570068359375,9899.8203125,717.239990234375,761.52001953125,11903.3095703125,2517.97998046875,9078.3525390625,2827.793701171875,19884.599609375,28737.650390625,,8076.259765625,,8341.0
2025-05-31,5911.68994140625,8772.400390625,23997.48046875,7751.89013671875,37965.1015625,3347.487060546875,23289.76953125,2697.669921875,24750.69921875,26175.099609375,8434.7001953125,137027.0,5366.58984375,14152.2001953125,12227.080078125,3894.610107421875,21347.30078125,922.9299926757812,57841.69140625,7175.81884765625,2724.719970703125,1508.3499755859375,52.2,320.62,3.32,0.52,364.0518,40087.0,19113.76953125,2066.2900390625,3235.830078125,,11411.7197265625,1831.1700439453125,42270.0703125,3001.3798828125,58996.7890625,4502.080078125,4426.7900390625,1149.1800537109375,6341.52978515625,2278992.0,7388.4501953125,2496.0400390625,4730.2998046875,1761.22998046875,1784.06005859375,3840.22998046875,10040.6298828125,734.3499755859375,814.760009765625,12418.8896484375,2701.679931640625,9019.5517578125,2965.46728515625,21028.0,30594.390625,,8432.01953125,,8660.2998046875
2025-06-30,6204.9501953125,8761.0,23909.609375,7665.91015625,40487.390625,3444.426025390625,24072.279296875,3071.699951171875,25517.05078125,26857.099609375,8542.2998046875,138855.0,5303.240234375,13991.900390625,11921.4599609375,3964.2900390625,22256.01953125,913.280029296875,57450.87890625,6927.67919921875,3022.5,1532.9599609375,60.7,321.435,2.96,0.52,253.81813,39792.0,20369.73046875,2175.0400390625,3395.610107421875,,11421.7099609375,1868.02001953125,44094.76953125,3102.8701171875,61940.58984375,4476.02001953125,4430.2900390625,1089.56005859375,6364.93994140625,1994825.0,7456.27001953125,2493.5,4780.2099609375,1706.3499755859375,1861.1600341796875,3936.080078125,10465.1201171875,781.5,772.6500244140625,12602.8203125,2958.699951171875,9948.447265625,3022.831298828125,21626.30078125,30483.5,,8678.2998046875,,8773.0
2025-07-31,6339.39013671875,9132.7998046875,24065.470703125,7771.97021484375,41069.8203125,3573.2080078125,24773.330078125,3245.43994140625,24768.349609375,27259.80078125,8742.7998046875,133071.0,5319.919921875,14397.0,11836.0,4173.77001953125,23542.51953125,902.0599975585938,57397.9296875,7484.3369140625,3083.110107421875,1513.25,61.7,322.169,2.86,0.43,251.757,40988.0,21122.44921875,2211.64990234375,3468.530029296875,,11410.26953125,1994.6300048828125,44130.98046875,3151.25,63290.8984375,4636.1201171875,4521.39013671875,1242.3499755859375,6252.72998046875,2319511.0,7711.919921875,2580.050048828125,4856.56982421875,1664.97998046875,1880.27001953125,4075.590087890625,11009.76953125,805.239990234375,790.469970703125,12823.740234375,3014.72998046875,10743.1435546875,3056.0,21962.80078125,31004.400390625,,8882.9501953125,,8999.0
2025-08-31,6460.259765625,9187.2998046875,23902.2109375,7703.89990234375,42718.46875,3857.927001953125,25077.619140625,3186.010009765625,24426.849609375,28564.5,8973.099609375,141422.0,5351.72998046875,14935.7998046875,12187.580078125,4269.7001953125,24233.099609375,896.6199951171875,58708.859375,7830.4931640625,3129.6201171875,1575.1199951171875,58.2,323.291,2.84,0.64,254.12744,42196.0,21455.55078125,2366.419921875,3537.389892578125,,11281.2900390625,2021.68994140625,45544.87890625,3254.090087890625,64683.390625,4798.5498046875,4614.35986328125,1236.6099853515625,6155.56982421875,1984845.0,7760.080078125,2625.699951171875,4922.81982421875,1666.4300537109375,1896.4300537109373,4496.759765625,12696.150390625,796.9099731445312,797.1199951171875,12930.73046875,3071.9599609375,11288.099609375,3196.0,21605.69921875,30286.900390625,,8947.7900390625,,9243.0
2025-09-30,6688.4599609375,9350.400390625,23880.720703125,7895.93994140625,44932.62890625,3882.777099609375,26855.560546875,3424.60009765625,24611.099609375,30022.80078125,8848.7998046875,146237.0,5529.9599609375,15475.0,12109.419921875,4300.16015625,25820.5390625,942.780029296875,62915.5703125,8061.06201171875,3248.639892578125,1611.8800048828125,55.1,324.245,2.8,0.56,224.23756,42725.0,22660.009765625,2436.47998046875,3655.860107421875,,11624.6796875,2034.219970703125,46397.890625,3263.6201171875,66847.84375,4820.56982421875,4636.009765625,1274.1700439453125,5953.4599609375,1773440.0,7957.6201171875,2662.800048828125,5015.77978515625,1628.1199951171875,1896.3399658203125,4640.68994140625,13526.509765625,841.989990234375,793.97998046875,13292.3603515625,3199.550048828125,11012.099609375,3283.0,22015.599609375,30267.490234375,,9555.330078125,,9135.900390625
2025-10-31,6840.2001953125,9717.2998046875,23958.30078125,8121.06982421875,52411.33984375,3954.7900390625,25906.650390625,4107.5,25722.099609375,30260.69921875,8881.900390625,149540.0,5662.0400390625,16032.599609375,12234.5,4428.6201171875,28233.349609375,971.4600219726562,62769.1796875,8163.875,3338.77001953125,1609.1500244140625,53.6,,2.94,0.51,217.50845,43175.0,23724.9609375,2479.3798828125,3732.14990234375,,11877.9501953125,1995.199951171875,47562.87109375,3246.260009765625,68237.109375,4902.3701171875,4808.16015625,1309.5,5929.68017578125,3002607.0,8426.9599609375,2767.070068359375,5480.83984375,1684.81005859375,1852.030029296875,4640.669921875,13378.2099609375,900.4199829101562,831.5399780273438,13548.3203125,3273.429931640625,10971.5,3492.0,22171.0,29751.619140625,,9168.580078125,,9178.0
2025-11-30,6849.08984375,9720.5,23836.7890625,8122.7099609375,50253.91015625,3888.595947265625,25858.890625,3926.590087890625,26202.94921875,31382.80078125,8614.099609375,159072.0,5668.169921875,16371.599609375,12833.9599609375,4523.9599609375,27626.48046875,943.3699951171876,63596.78125,8508.7060546875,3438.590087890625,1604.469970703125,51.0,325.063,2.92,0.55,218.76603,43357.0,23365.689453125,2500.429931640625,3736.929931640625,,12836.2900390625,2083.14990234375,47716.421875,3308.489990234375,68336.328125,5036.85986328125,5009.77001953125,1256.68994140625,6022.240234375,3026470.0,8110.740234375,2787.77001953125,5430.27001953125,1746.5,1856.030029296875,4526.66015625,12984.080078125,912.6699829101562,845.760009765625,13489.150390625,3390.77001953125,10898.7001953125,3542.0,22165.19921875,29937.150390625,,9130.1796875,,8918.7001953125
2025-12-31,6845.5,9931.400390625,24490.41015625,8149.5,50339.48046875,3968.840087890625,25630.5390625,4214.169921875,26129.599609375,31712.80078125,8714.2998046875,161125.0,5796.22021484375,17307.80078125,13267.48046875,4646.2099609375,28963.599609375,951.2899780273438,64308.2890625,8646.9384765625,3654.93994140625,1680.1099853515625,52.9,326.031,2.81,0.71,205.27646,44945.0,23241.990234375,2481.909912109375,3732.8701171875,,13099.349609375,2120.7099609375,48063.2890625,3305.139892578125,68208.6796875,5078.43017578125,5326.330078125,1259.6700439453125,6052.919921875,3051617.0,8263.650390625,2882.969970703125,5703.52978515625,1824.1300048828125,1941.4200439453125,4629.93994140625,13525.01953125,925.469970703125,846.5700073242188,13548.419921875,3618.8701171875,11261.5,3579.0,22470.400390625,30617.669921875,,8913.6796875,,9018.7998046875
2026-01-31,6939.02978515625,10223.5,24538.810546875,8126.52978515625,53322.8515625,4117.9482421875,27387.109375,5224.35986328125,25320.650390625,31923.5,8869.099609375,181364.0,5947.81005859375,17880.900390625,13188.259765625,4905.1298828125,32063.75,1001.6500244140624,67598.953125,8329.6064453125,3995.639892578125,1740.8800048828125,56.4,326.588,2.88,0.74,265.51325,45527.0,23461.8203125,2613.739990234375,3781.239990234375,,13147.759765625,2314.8798828125,48892.46875,3437.10009765625,69262.9921875,5385.3798828125,5604.89990234375,1325.6199951171875,6328.97021484375,3199554.0,8662.1904296875,3026.570068359375,5802.330078125,1904.6199951171875,2038.9200439453125,4706.33984375,14205.8896484375,1149.43994140625,833.5399780273438,13423.1796875,4003.669921875,13838.2998046875,3744.0,23253.400390625,31164.439453125,,9317.08984375,,9164.7998046875
2026-02-28,6878.8798828125,10910.599609375,25284.259765625,8580.75,58850.26953125,4162.880859375,26630.5390625,6244.1298828125,25178.650390625,34340.0,9198.599609375,188787.0,6138.41015625,18360.80078125,14014.2998046875,4995.06982421875,35414.48828125,1027.02001953125,71405.7734375,8235.4853515625,4074.840087890625,1716.6099853515625,56.6,327.46,3.12,0.59,267.1848,47210.0,22668.2109375,2632.360107421875,3756.9599609375,,13128.5400390625,2277.60009765625,48977.921875,3575.27001953125,68850.0234375,5443.759765625,5701.7001953125,1528.260009765625,6611.240234375,2642106.0,9276.08984375,3222.75,6147.52001953125,1731.1500244140625,2193.27001953125,4710.64990234375,14495.08984375,1192.780029296875,834.3599853515625,13722.9697265625,4128.35986328125,13717.7998046875,4131.0,23757.19921875,31560.33984375,,8859.490234375,,9435.599609375
2026-03-31,6528.52001953125,10176.5,22680.0390625,7816.93994140625,51063.71875,3891.861083984375,24788.140625,5052.4599609375,22331.400390625,32768.0,8481.7998046875,187462.0,5569.72998046875,17049.599609375,12776.7900390625,4885.4501953125,31722.990234375,959.7999877929688,68610.71875,7048.22216796875,4016.7900390625,1690.3599853515625,53.3,330.293,3.28,0.51,267.45673,44310.0,21590.630859375,2496.3701171875,3565.719970703125,,12056.0302734375,2065.0400390625,46341.51171875,3376.35009765625,65362.51953125,5073.1201171875,5343.25,1448.1400146484375,5948.93994140625,2997780.0,9131.5595703125,2929.330078125,5843.97998046875,1680.969970703125,2451.179931640625,4450.0498046875,13478.0595703125,1052.3900146484375,715.8099975585938,12912.1103515625,4099.009765625,12791.0,371.3999938964844,21203.69921875,28150.779296875,,8374.2998046875,,8683.900390625
2026-04-30,7209.009765625,10378.7998046875,24292.380859375,8114.83984375,59284.921875,4112.1591796875,25776.529296875,6598.8701171875,23997.55078125,33964.30078125,8665.7998046875,187318.0,5881.509765625,17781.0,13136.26953125,4912.68994140625,38926.62890625,1014.0900268554688,67858.09375,6956.80419921875,4313.8798828125,1722.02001953125,49.8,332.407,2.83,0.52,212.28211,48246.0,24892.310546875,2799.909912109375,3923.580078125,,12593.3603515625,2188.679931640625,49652.140625,3639.81005859375,72051.96875,5352.669921875,5794.7001953125,1493.68994140625,5833.64013671875,2832851.0,9344.9599609375,3060.489990234375,6327.5400390625,1740.75,2372.449951171875,4807.31005859375,15107.5498046875,1192.3499755859375,669.3400268554688,12903.3095703125,4374.81005859375,14442.599609375,394.1000061035156,22465.19921875,30589.94921875,,8681.830078125,,8887.599609375
2026-05-31,7520.35986328125,10402.6298828125,25041.1796875,8160.169921875,64693.12109375,4098.6357421875,25006.16015625,8185.2900390625,23907.150390625,34412.1015625,8592.900390625,175744.0,6042.31982421875,18300.599609375,13481.0703125,4989.18994140625,43636.44140625,1035.8299560546875,70021.3515625,6130.18994140625,4394.97998046875,1684.9300537109375,,,2.72,0.48,,50037.0,26972.619140625,2919.340087890625,4119.1201171875,,13206.8095703125,2372.699951171875,51032.4609375,3725.1298828125,75654.2265625,5583.39013671875,6148.8701171875,1568.3699951171875,5768.759765625,3166407.0,9076.5302734375,3138.090087890625,6468.72998046875,1785.3699951171875,2342.68994140625,4892.1201171875,15575.1298828125,1074.800048828125,611.1699829101562,13244.5498046875,4455.669921875,13662.7998046875,417.8999938964844,23425.80078125,33352.828125,,8425.8203125,,8965.0
