STRUCTURE,STRUCTURE_ID,STRUCTURE_NAME,ACTION,REF_AREA,Reference area,FREQ,Frequency of observation,MEASURE,Measure,UNIT_MEASURE,Unit of measure,ACTIVITY,Economic activity,ADJUSTMENT,Adjustment,TRANSFORMATION,Transformation,TIME_HORIZ,Time horizon,METHODOLOGY,Calculation methodology,TIME_PERIOD,Time period,OBS_VALUE,Observation value,OBS_STATUS,Observation status,UNIT_MULT,Unit multiplier,DECIMALS,Decimals,BASE_PER,Base period
DATAFLOW,OECD.SDD.STES:DSD_STES@DF_CLI(4.1),Composite leading indicators,I,OECD,OECD,M,Monthly,CCICP,Composite consumer confidence,IX,Index,_Z,Not applicable,AA,Amplitude adjusted,IX,Index,_Z,Not applicable,H,OECD harmonised,2015-01,,100.5184,,A,Normal value,0,Units,2,Two,,
DATAFLOW,OECD.SDD.STES:DSD_STES@DF_CLI(4.1),Composite leading indicators,I,OECD,OECD,M,Monthly,CCICP,Composite consumer confidence,IX,Index,_Z,Not applicable,AA,Amplitude adjusted,IX,Index,_Z,Not applicable,H,OECD harmonised,2015-02,,100.6506,,A,Normal value,0,Units,2,Two,,
DATAFLOW,OECD.SDD.STES:DSD_STES@DF_CLI(4.1),Composite leading indicators,I,OECD,OECD,M,Monthly,CCICP,Composite consumer confidence,IX,Index,_Z,Not applicable,AA,Amplitude adjusted,IX,Index,_Z,Not applicable,H,OECD harmonised,2007-04,,100.9818,,A,Normal value,0,Units,2,Two,,
DATAFLOW,OECD.SDD.STES:DSD_STES@DF_CLI(4.1),Composite leading indicators,I,OECD,OECD,M,Monthly,CCICP,Composite consumer confidence,IX,Index,_Z,Not applicable,AA,Amplitude adjusted,IX,Index,_Z,Not applicable,H,OECD harmonised,2012-05,,98.9797,,A,Normal value,0,Units,2,Two,,
DATAFLOW,OECD.SDD.STES:DSD_STES@DF_CLI(4.1),Composite leading indicators,I,OECD,OECD,M,Monthly,CCICP,Composite consumer confidence,IX,Index,_Z,Not applicable,AA,Amplitude adjusted,IX,Index,_Z,Not applicable,H,OECD harmonised,2012-06,,98.89365,,A,Normal value,0,Units,2,Two,,
DATAFLOW,OECD.SDD.STES:DSD_STES@DF_CLI(4.1),Composite leading indicators,I,OECD,OECD,M,Monthly,CCICP,Composite consumer confidence,IX,Index,_Z,Not applicable,AA,Amplitude adjusted,IX,Index,_Z,Not applicable,H,OECD harmonised,2023-09,,98.38509,,A,Normal value,0,Units,2,Two,,
DATAFLOW,OECD.SDD.STES:DSD_STES@DF_CLI(4.1),Composite leading indicators,I,OECD,OECD,M,Monthly,CCICP,Composite consumer confidence,IX,Index,_Z,Not applicable,AA,Amplitude adjusted,IX,Index,_Z,Not applicable,H,OECD harmonised,2023-10,,98.28622,,A,Normal value,0,Units,2,Two,,
DATAFLOW,OECD.SDD.STES:DSD_STES@DF_CLI(4.1),Composite leading indicators,I,OECD,OECD,M,Monthly,CCICP,Composite consumer confidence,IX,Index,_Z,Not applicable,AA,Amplitude adjusted,IX,Index,_Z,Not applicable,H,OECD harmonised,2024-07,,98.98451,,A,Normal value,0,Units,2,Two,,
DATAFLOW,OECD.SDD.STES:DSD_STES@DF_CLI(4.1),Composite leading indicators,I,OECD,OECD,M,Monthly,CCICP,Composite consumer confidence,IX,Index,_Z,Not applicable,AA,Amplitude adjusted,IX,Index,_Z,Not applicable,H,OECD harmonised,1982-03,,98.90746,,A,Normal value,0,Units,2,Two,,
DATAFLOW,OECD.SDD.STES:DSD_STES@DF_CLI(4.1),Composite leading indicators,I,OECD,OECD,M,Monthly,CCICP,Composite consumer confidence,IX,Index,_Z,Not applicable,AA,Amplitude adjusted,IX,Index,_Z,Not applicable,H,OECD harmonised,1982-04,,99.01356,,A,Normal value,0,Units,2,Two,,
DATAFLOW,OECD.SDD.STES:DSD_STES@DF_CLI(4.1),Composite leading indicators,I,OECD,OECD,M,Monthly,CCICP,Composite consumer confidence,IX,Index,_Z,Not applicable,AA,Amplitude adjusted,IX,Index,_Z,Not applicable,H,OECD harmonised,1982-05,,99.06254,,A,Normal value,0,Units,2,Two,,
DATAFLOW,OECD.SDD.STES:DSD_STES@DF_CLI(4.1),Composite leading indicators,I,OECD,OECD,M,Monthly,CCICP,Composite consumer confidence,IX,Index,_Z,Not applicable,AA,Amplitude adjusted,IX,Index,_Z,Not applicable,H,OECD harmonised,1982-06,,98.99979,,A,Normal value,0,Units,2,Two,,
DATAFLOW,OECD.SDD.STES:DSD_STES@DF_CLI(4.1),Composite leading indicators,I,OECD,OECD,M,Monthly,CCICP,Composite consumer confidence,IX,Index,_Z,Not applicable,AA,Amplitude adjusted,IX,Index,_Z,Not applicable,H,OECD harmonised,1982-07,,98.87241,,A,Normal value,0,Units,2,Two,,
DATAFLOW,OECD.SDD.STES:DSD_STES@DF_CLI(4.1),Composite leading indicators,I,OECD,OECD,M,Monthly,CCICP,Composite consumer confidence,IX,Index,_Z,Not applicable,AA,Amplitude adjusted,IX,Index,_Z,Not applicable,H,OECD harmonised,1980-01,,99.34095,,A,Normal value,0,Units,2,Two,,
DATAFLOW,OECD.SDD.STES:DSD_STES@DF_CLI(4.1),Composite leading indicators,I,OECD,OECD,M,Monthly,CCICP,Composite consumer confidence,IX,Index,_Z,Not applicable,AA,Amplitude adjusted,IX,Index,_Z,Not applicable,H,OECD harmonised,1980-02,,99.12093,,A,Normal value,0,Units,2,Two,,
DATAFLOW,OECD.SDD.STES:DSD_STES@DF_CLI(4.1),Composite leading indicators,I,OECD,OECD,M,Monthly,CCICP,Composite consumer confidence,IX,Index,_Z,Not applicable,AA,Amplitude adjusted,IX,Index,_Z,Not applicable,H,OECD harmonised,1980-03,,98.82182,,A,Normal value,0,Units,2,Two,,
DATAFLOW,OECD.SDD.STES:DSD_STES@DF_CLI(4.1),Composite leading indicators,I,OECD,OECD,M,Monthly,CCICP,Composite consumer confidence,IX,Index,_Z,Not applicable,AA,Amplitude adjusted,IX,Index,_Z,Not applicable,H,OECD harmonised,1980-04,,98.62769,,A,Normal value,0,Units,2,Two,,
DATAFLOW,OECD.SDD.STES:DSD_STES@DF_CLI(4.1),Composite leading indicators,I,OECD,OECD,M,Monthly,CCICP,Composite consumer confidence,IX,Index,_Z,Not applicable,AA,Amplitude adjusted,IX,Index,_Z,Not applicable,H,OECD harmonised,2007-02,,101.0792,,A,Normal value,0,Units,2,Two,,
DATAFLOW,OECD.SDD.STES:DSD_STES@DF_CLI(4.1),Composite leading indicators,I,OECD,OECD,M,Monthly,CCICP,Composite consumer confidence,IX,Index,_Z,Not applicable,AA,Amplitude adjusted,IX,Index,_Z,Not applicable,H,OECD harmonised,2007-03,,101.0047,,A,Normal value,0,Units,2,Two,,
DATAFLOW,OECD.SDD.STES:DSD_STES@DF_CLI(4.1),Composite leading indicators,I,OECD,OECD,M,Monthly,CCICP,Composite consumer confidence,IX,Index,_Z,Not applicable,AA,Amplitude adjusted,IX,Index,_Z,Not applicable,H,OECD harmonised,2014-11,,100.1489,,A,Normal value,0,Units,2,Two,,
DATAFLOW,OECD.SDD.STES:DSD_STES@DF_CLI(4.1),Composite leading indicators,I,OECD,OECD,M,Monthly,CCICP,Composite consumer confidence,IX,Index,_Z,Not applicable,AA,Amplitude adjusted,IX,Index,_Z,Not applicable,H,OECD harmonised,1985-07,,100.9349,,A,Normal value,0,Units,2,Two,,
DATAFLOW,OECD.SDD.STES:DSD_STES@DF_CLI(4.1),Composite leading indicators,I,OECD,OECD,M,Monthly,CCICP,Composite consumer confidence,IX,Index,_Z,Not applicable,AA,Amplitude adjusted,IX,Index,_Z,Not applicable,H,OECD harmonised,1985-08,,100.9364,,A,Normal value,0,Units,2,Two,,
DATAFLOW,OECD.SDD.STES:DSD_STES@DF_CLI(4.1),Composite leading indicators,I,OECD,OECD,M,Monthly,CCICP,Composite consumer confidence,IX,Index,_Z,Not applicable,AA,Amplitude adjusted,IX,Index,_Z,Not applicable,H,OECD harmonised,1985-09,,100.9707,,A,Normal value,0,Units,2,Two,,
DATAFLOW,OECD.SDD.STES:DSD_STES@DF_CLI(4.1),Composite leading indicators,I,OECD,OECD,M,Monthly,CCICP,Composite consumer confidence,IX,Index,_Z,Not applicable,AA,Amplitude adjusted,IX,Index,_Z,Not applicable,H,OECD harmonised,1985-10,,101.0382,,A,Normal value,0,Units,2,Two,,
DATAFLOW,OECD.SDD.STES:DSD_STES@DF_CLI(4.1),Composite leading indicators,I,OECD,OECD,M,Monthly,CCICP,Composite consumer confidence,IX,Index,_Z,Not applicable,AA,Amplitude adjusted,IX,Index,_Z,Not applicable,H,OECD harmonised,1985-11,,101.1349,,A,Normal value,0,Units,2,Two,,
DATAFLOW,OECD.SDD.STES:DSD_STES@DF_CLI(4.1),Composite leading indicators,I,OECD,OECD,M,Monthly,CCICP,Composite consumer confidence,IX,Index,_Z,Not applicable,AA,Amplitude adjusted,IX,Index,_Z,Not applicable,H,OECD harmonised,1985-12,,101.2595,,A,Normal value,0,Units,2,Two,,
DATAFLOW,OECD.SDD.STES:DSD_STES@DF_CLI(4.1),Composite leading indicators,I,OECD,OECD,M,Monthly,CCICP,Composite consumer confidence,IX,Index,_Z,Not applicable,AA,Amplitude adjusted,IX,Index,_Z,Not applicable,H,OECD harmonised,1986-01,,101.3754,,A,Normal value,0,Units,2,Two,,
DATAFLOW,OECD.SDD.STES:DSD_STES@DF_CLI(4.1),Composite leading indicators,I,OECD,OECD,M,Monthly,CCICP,Composite consumer confidence,IX,Index,_Z,Not applicable,AA,Amplitude adjusted,IX,Index,_Z,Not applicable,H,OECD harmonised,1986-02,,101.431,,A,Normal value,0,Units,2,Two,,
DATAFLOW,OECD.SDD.STES:DSD_STES@DF_CLI(4.1),Composite leading indicators,I,OECD,OECD,M,Monthly,CCICP,Composite consumer confidence,IX,Index,_Z,Not applicable,AA,Amplitude adjusted,IX,Index,_Z,Not applicable,H,OECD harmonised,1986-03,,101.4444,,A,Normal value,0,Units,2,Two,,
DATAFLOW,OECD.SDD.STES:DSD_STES@DF_CLI(4.1),Composite leading indicators,I,OECD,OECD,M,Monthly,CCICP,Composite consumer confidence,IX,Index,_Z,Not applicable,AA,Amplitude adjusted,IX,Index,_Z,Not applicable,H,OECD harmonised,1986-04,,101.4413,,A,Normal value,0,Units,2,Two,,
DATAFLOW,OECD.SDD.STES:DSD_STES@DF_CLI(4.1),Composite leading indicators,I,OECD,OECD,M,Monthly,CCICP,Composite consumer confidence,IX,Index,_Z,Not applicable,AA,Amplitude adjusted,IX,Index,_Z,Not applicable,H,OECD harmonised,1986-05,,101.4302,,A,Normal value,0,Units,2,Two,,
DATAFLOW,OECD.SDD.STES:DSD_STES@DF_CLI(4.1),Composite leading indicators,I,OECD,OECD,M,Monthly,CCICP,Composite consumer confidence,IX,Index,_Z,Not applicable,AA,Amplitude adjusted,IX,Index,_Z,Not applicable,H,OECD harmonised,1986-06,,101.4344,,A,Normal value,0,Units,2,Two,,
DATAFLOW,OECD.SDD.STES:DSD_STES@DF_CLI(4.1),Composite leading indicators,I,OECD,OECD,M,Monthly,CCICP,Composite consumer confidence,IX,Index,_Z,Not applicable,AA,Amplitude adjusted,IX,Index,_Z,Not applicable,H,OECD harmonised,1986-07,,101.401,,A,Normal value,0,Units,2,Two,,
DATAFLOW,OECD.SDD.STES:DSD_STES@DF_CLI(4.1),Composite leading indicators,I,OECD,OECD,M,Monthly,CCICP,Composite consumer confidence,IX,Index,_Z,Not applicable,AA,Amplitude adjusted,IX,Index,_Z,Not applicable,H,OECD harmonised,1986-08,,101.3475,,A,Normal value,0,Units,2,Two,,
DATAFLOW,OECD.SDD.STES:DSD_STES@DF_CLI(4.1),Composite leading indicators,I,OECD,OECD,M,Monthly,CCICP,Composite consumer confidence,IX,Index,_Z,Not applicable,AA,Amplitude adjusted,IX,Index,_Z,Not applicable,H,OECD harmonised,1980-10,,99.48634,,A,Normal value,0,Units,2,Two,,
DATAFLOW,OECD.SDD.STES:DSD_STES@DF_CLI(4.1),Composite leading indicators,I,OECD,OECD,M,Monthly,CCICP,Composite consumer confidence,IX,Index,_Z,Not applicable,AA,Amplitude adjusted,IX,Index,_Z,Not applicable,H,OECD harmonised,1980-11,,99.35814,,A,Normal value,0,Units,2,Two,,
DATAFLOW,OECD.SDD.STES:DSD_STES@DF_CLI(4.1),Composite leading indicators,I,OECD,OECD,M,Monthly,CCICP,Composite consumer confidence,IX,Index,_Z,Not applicable,AA,Amplitude adjusted,IX,Index,_Z,Not applicable,H,OECD harmonised,1980-12,,99.13089,,A,Normal value,0,Units,2,Two,,
DATAFLOW,OECD.SDD.STES:DSD_STES@DF_CLI(4.1),Composite leading indicators,I,OECD,OECD,M,Monthly,CCICP,Composite consumer confidence,IX,Index,_Z,Not applicable,AA,Amplitude adjusted,IX,Index,_Z,Not applicable,H,OECD harmonised,1981-01,,99.00896,,A,Normal value,0,Units,2,Two,,
DATAFLOW,OECD.SDD.STES:DSD_STES@DF_CLI(4.1),Composite leading indicators,I,OECD,OECD,M,Monthly,CCICP,Composite consumer confidence,IX,Index,_Z,Not applicable,AA,Amplitude adjusted,IX,Index,_Z,Not applicable,H,OECD harmonised,1981-02,,98.87897,,A,Normal value,0,Units,2,Two,,
DATAFLOW,OECD.SDD.STES:DSD_STES@DF_CLI(4.1),Composite leading indicators,I,OECD,OECD,M,Monthly,CCICP,Composite consumer confidence,IX,Index,_Z,Not applicable,AA,Amplitude adjusted,IX,Index,_Z,Not applicable,H,OECD harmonised,1981-03,,98.82332,,A,Normal value,0,Units,2,Two,,
DATAFLOW,OECD.SDD.STES:DSD_STES@DF_CLI(4.1),Composite leading indicators,I,OECD,OECD,M,Monthly,CCICP,Composite consumer confidence,IX,Index,_Z,Not applicable,AA,Amplitude adjusted,IX,Index,_Z,Not applicable,H,OECD harmonised,1981-04,,98.89198,,A,Normal value,0,Units,2,Two,,
DATAFLOW,OECD.SDD.STES:DSD_STES@DF_CLI(4.1),Composite leading indicators,I,OECD,OECD,M,Monthly,CCICP,Composite consumer confidence,IX,Index,_Z,Not applicable,AA,Amplitude adjusted,IX,Index,_Z,Not applicable,H,OECD harmonised,1981-05,,98.98402,,A,Normal value,0,Units,2,Two,,
DATAFLOW,OECD.SDD.STES:DSD_STES@DF_CLI(4.1),Composite leading indicators,I,OECD,OECD,M,Monthly,CCICP,Composite consumer confidence,IX,Index,_Z,Not applicable,AA,Amplitude adjusted,IX,Index,_Z,Not applicable,H,OECD harmonised,1981-06,,98.96656,,A,Normal value,0,Units,2,Two,,
DATAFLOW,OECD.SDD.STES:DSD_STES@DF_CLI(4.1),Composite leading indicators,I,OECD,OECD,M,Monthly,CCICP,Composite consumer confidence,IX,Index,_Z,Not applicable,AA,Amplitude adjusted,IX,Index,_Z,Not applicable,H,OECD harmonised,2024-05,,99.08114,,A,Normal value,0,Units,2,Two,,
DATAFLOW,OECD.SDD.STES:DSD_STES@DF_CLI(4.1),Composite leading indicators,I,OECD,OECD,M,Monthly,CCICP,Composite consumer confidence,IX,Index,_Z,Not applicable,AA,Amplitude adjusted,IX,Index,_Z,Not applicable,H,OECD harmonised,2024-06,,99.00468,,A,Normal value,0,Units,2,Two,,
DATAFLOW,OECD.SDD.STES:DSD_STES@DF_CLI(4.1),Composite leading indicators,I,OECD,OECD,M,Monthly,CCICP,Composite consumer confidence,IX,Index,_Z,Not applicable,AA,Amplitude adjusted,IX,Index,_Z,Not applicable,H,OECD harmonised,1992-09,,99.29044,,A,Normal value,0,Units,2,Two,,
DATAFLOW,OECD.SDD.STES:DSD_STES@DF_CLI(4.1),Composite leading indicators,I,OECD,OECD,M,Monthly,CCICP,Composite consumer confidence,IX,Index,_Z,Not applicable,AA,Amplitude adjusted,IX,Index,_Z,Not applicable,H,OECD harmonised,1992-10,,99.22993,,A,Normal value,0,Units,2,Two,,
DATAFLOW,OECD.SDD.STES:DSD_STES@DF_CLI(4.1),Composite leading indicators,I,OECD,OECD,M,Monthly,CCICP,Composite consumer confidence,IX,Index,_Z,Not applicable,AA,Amplitude adjusted,IX,Index,_Z,Not applicable,H,OECD harmonised,1992-11,,99.35826,,A,Normal value,0,Units,2,Two,,
DATAFLOW,OECD.SDD.STES:DSD_STES@DF_CLI(4.1),Composite leading indicators,I,OECD,OECD,M,Monthly,CCICP,Composite consumer confidence,IX,Index,_Z,Not applicable,AA,Amplitude adjusted,IX,Index,_Z,Not applicable,H,OECD harmonised,1992-12,,99.50846,,A,Normal value,0,Units,2,Two,,
DATAFLOW,OECD.SDD.STES:DSD_STES@DF_CLI(4.1),Composite leading indicators,I,OECD,OECD,M,Monthly,CCICP,Composite consumer confidence,IX,Index,_Z,Not applicable,AA,Amplitude adjusted,IX,Index,_Z,Not applicable,H,OECD harmonised,1993-01,,99.57876,,A,Normal value,0,Units,2,Two,,
DATAFLOW,OECD.SDD.STES:DSD_STES@DF_CLI(4.1),Composite leading indicators,I,OECD,OECD,M,Monthly,CCICP,Composite consumer confidence,IX,Index,_Z,Not applicable,AA,Amplitude adjusted,IX,Index,_Z,Not applicable,H,OECD harmonised,1993-02,,99.57907,,A,Normal value,0,Units,2,Two,,
DATAFLOW,OECD.SDD.STES:DSD_STES@DF_CLI(4.1),Composite leading indicators,I,OECD,OECD,M,Monthly,CCICP,Composite consumer confidence,IX,Index,_Z,Not applicable,AA,Amplitude adjusted,IX,Index,_Z,Not applicable,H,OECD harmonised,1993-03,,99.57162,,A,Normal value,0,Units,2,Two,,
DATAFLOW,OECD.SDD.STES:DSD_STES@DF_CLI(4.1),Composite leading indicators,I,OECD,OECD,M,Monthly,CCICP,Composite consumer confidence,IX,Index,_Z,Not applicable,AA,Amplitude adjusted,IX,Index,_Z,Not applicable,H,OECD harmonised,1993-04,,99.54383,,A,Normal value,0,Units,2,Two,,
DATAFLOW,OECD.SDD.STES:DSD_STES@DF_CLI(4.1),Composite leading indicators,I,OECD,OECD,M,Monthly,CCICP,Composite consumer confidence,IX,Index,_Z,Not applicable,AA,Amplitude adjusted,IX,Index,_Z,Not applicable,H,OECD harmonised,1993-05,,99.43184,,A,Normal value,0,Units,2,Two,,
DATAFLOW,OECD.SDD.STES:DSD_STES@DF_CLI(4.1),Composite leading indicators,I,OECD,OECD,M,Monthly,CCICP,Composite consumer confidence,IX,Index,_Z,Not applicable,AA,Amplitude adjusted,IX,Index,_Z,Not applicable,H,OECD harmonised,1993-06,,99.27731,,A,Normal value,0,Units,2,Two,,
DATAFLOW,OECD.SDD.STES:DSD_STES@DF_CLI(4.1),Composite leading indicators,I,OECD,OECD,M,Monthly,CCICP,Composite consumer confidence,IX,Index,_Z,Not applicable,AA,Amplitude adjusted,IX,Index,_Z,Not applicable,H,OECD harmonised,1993-07,,99.15273,,A,Normal value,0,Units,2,Two,,
DATAFLOW,OECD.SDD.STES:DSD_STES@DF_CLI(4.1),Composite leading indicators,I,OECD,OECD,M,Monthly,CCICP,Composite consumer confidence,IX,Index,_Z,Not applicable,AA,Amplitude adjusted,IX,Index,_Z,Not applicable,H,OECD harmonised,1993-08,,99.10366,,A,Normal value,0,Units,2,Two,,
DATAFLOW,OECD.SDD.STES:DSD_STES@DF_CLI(4.1),Composite leading indicators,I,OECD,OECD,M,Monthly,CCICP,Composite consumer confidence,IX,Index,_Z,Not applicable,AA,Amplitude adjusted,IX,Index,_Z,Not applicable,H,OECD harmonised,1993-09,,99.12408,,A,Normal value,0,Units,2,Two,,
DATAFLOW,OECD.SDD.STES:DSD_STES@DF_CLI(4.1),Composite leading indicators,I,OECD,OECD,M,Monthly,CCICP,Composite consumer confidence,IX,Index,_Z,Not applicable,AA,Amplitude adjusted,IX,Index,_Z,Not applicable,H,OECD harmonised,1993-10,,99.21885,,A,Normal value,0,Units,2,Two,,
DATAFLOW,OECD.SDD.STES:DSD_STES@DF_CLI(4.1),Composite leading indicators,I,OECD,OECD,M,Monthly,CCICP,Composite consumer confidence,IX,Index,_Z,Not applicable,AA,Amplitude adjusted,IX,Index,_Z,Not applicable,H,OECD harmonised,1993-11,,99.39526,,A,Normal value,0,Units,2,Two,,
DATAFLOW,OECD.SDD.STES:DSD_STES@DF_CLI(4.1),Composite leading indicators,I,OECD,OECD,M,Monthly,CCICP,Composite consumer confidence,IX,Index,_Z,Not applicable,AA,Amplitude adjusted,IX,Index,_Z,Not applicable,H,OECD harmonised,1993-12,,99.69999,,A,Normal value,0,Units,2,Two,,
DATAFLOW,OECD.SDD.STES:DSD_STES@DF_CLI(4.1),Composite leading indicators,I,OECD,OECD,M,Monthly,CCICP,Composite consumer confidence,IX,Index,_Z,Not applicable,AA,Amplitude adjusted,IX,Index,_Z,Not applicable,H,OECD harmonised,1994-01,,100.0173,,A,Normal value,0,Units,2,Two,,
DATAFLOW,OECD.SDD.STES:DSD_STES@DF_CLI(4.1),Composite leading indicators,I,OECD,OECD,M,Monthly,CCICP,Composite consumer confidence,IX,Index,_Z,Not applicable,AA,Amplitude adjusted,IX,Index,_Z,Not applicable,H,OECD harmonised,1994-02,,100.2339,,A,Normal value,0,Units,2,Two,,
DATAFLOW,OECD.SDD.STES:DSD_STES@DF_CLI(4.1),Composite leading indicators,I,OECD,OECD,M,Monthly,CCICP,Composite consumer confidence,IX,Index,_Z,Not applicable,AA,Amplitude adjusted,IX,Index,_Z,Not applicable,H,OECD harmonised,1994-03,,100.3752,,A,Normal value,0,Units,2,Two,,
DATAFLOW,OECD.SDD.STES:DSD_STES@DF_CLI(4.1),Composite leading indicators,I,OECD,OECD,M,Monthly,CCICP,Composite consumer confidence,IX,Index,_Z,Not applicable,AA,Amplitude adjusted,IX,Index,_Z,Not applicable,H,OECD harmonised,1994-04,,100.5199,,A,Normal value,0,Units,2,Two,,
DATAFLOW,OECD.SDD.STES:DSD_STES@DF_CLI(4.1),Composite leading indicators,I,OECD,OECD,M,Monthly,CCICP,Composite consumer confidence,IX,Index,_Z,Not applicable,AA,Amplitude adjusted,IX,Index,_Z,Not applicable,H,OECD harmonised,1994-05,,100.6663,,A,Normal value,0,Units,2,Two,,
DATAFLOW,OECD.SDD.STES:DSD_STES@DF_CLI(4.1),Composite leading indicators,I,OECD,OECD,M,Monthly,CCICP,Composite consumer confidence,IX,Index,_Z,Not applicable,AA,Amplitude adjusted,IX,Index,_Z,Not applicable,H,OECD harmonised,1994-06,,100.7896,,A,Normal value,0,Units,2,Two,,
DATAFLOW,OECD.SDD.STES:DSD_STES@DF_CLI(4.1),Composite leading indicators,I,OECD,OECD,M,Monthly,CCICP,Composite consumer confidence,IX,Index,_Z,Not applicable,AA,Amplitude adjusted,IX,Index,_Z,Not applicable,H,OECD harmonised,1994-07,,100.8835,,A,Normal value,0,Units,2,Two,,
DATAFLOW,OECD.SDD.STES:DSD_STES@DF_CLI(4.1),Composite leading indicators,I,OECD,OECD,M,Monthly,CCICP,Composite consumer confidence,IX,Index,_Z,Not applicable,AA,Amplitude adjusted,IX,Index,_Z,Not applicable,H,OECD harmonised,1994-08,,100.9865,,A,Normal value,0,Units,2,Two,,
DATAFLOW,OECD.SDD.STES:DSD_STES@DF_CLI(4.1),Composite leading indicators,I,OECD,OECD,M,Monthly,CCICP,Composite consumer confidence,IX,Index,_Z,Not applicable,AA,Amplitude adjusted,IX,Index,_Z,Not applicable,H,OECD harmonised,1994-09,,101.0583,,A,Normal value,0,Units,2,Two,,
DATAFLOW,OECD.SDD.STES:DSD_STES@DF_CLI(4.1),Composite leading indicators,I,OECD,OECD,M,Monthly,CCICP,Composite consumer confidence,IX,Index,_Z,Not applicable,AA,Amplitude adjusted,IX,Index,_Z,Not applicable,H,OECD harmonised,1994-10,,101.0812,,A,Normal value,0,Units,2,Two,,
DATAFLOW,OECD.SDD.STES:DSD_STES@DF_CLI(4.1),Composite leading indicators,I,OECD,OECD,M,Monthly,CCICP,Composite consumer confidence,IX,Index,_Z,Not applicable,AA,Amplitude adjusted,IX,Index,_Z,Not applicable,H,OECD harmonised,1994-11,,101.0652,,A,Normal value,0,Units,2,Two,,
DATAFLOW,OECD.SDD.STES:DSD_STES@DF_CLI(4.1),Composite leading indicators,I,OECD,OECD,M,Monthly,CCICP,Composite consumer confidence,IX,Index,_Z,Not applicable,AA,Amplitude adjusted,IX,Index,_Z,Not applicable,H,OECD harmonised,1994-12,,101.0411,,A,Normal value,0,Units,2,Two,,
DATAFLOW,OECD.SDD.STES:DSD_STES@DF_CLI(4.1),Composite leading indicators,I,OECD,OECD,M,Monthly,CCICP,Composite consumer confidence,IX,Index,_Z,Not applicable,AA,Amplitude adjusted,IX,Index,_Z,Not applicable,H,OECD harmonised,1995-01,,100.9974,,A,Normal value,0,Units,2,Two,,
DATAFLOW,OECD.SDD.STES:DSD_STES@DF_CLI(4.1),Composite leading indicators,I,OECD,OECD,M,Monthly,CCICP,Composite consumer confidence,IX,Index,_Z,Not applicable,AA,Amplitude adjusted,IX,Index,_Z,Not applicable,H,OECD harmonised,1982-08,,98.80267,,A,Normal value,0,Units,2,Two,,
DATAFLOW,OECD.SDD.STES:DSD_STES@DF_CLI(4.1),Composite leading indicators,I,OECD,OECD,M,Monthly,CCICP,Composite consumer confidence,IX,Index,_Z,Not applicable,AA,Amplitude adjusted,IX,Index,_Z,Not applicable,H,OECD harmonised,1982-09,,98.81287,,A,Normal value,0,Units,2,Two,,
DATAFLOW,OECD.SDD.STES:DSD_STES@DF_CLI(4.1),Composite leading indicators,I,OECD,OECD,M,Monthly,CCICP,Composite consumer confidence,IX,Index,_Z,Not applicable,AA,Amplitude adjusted,IX,Index,_Z,Not applicable,H,OECD harmonised,1982-10,,98.87259,,A,Normal value,0,Units,2,Two,,
DATAFLOW,OECD.SDD.STES:DSD_STES@DF_CLI(4.1),Composite leading indicators,I,OECD,OECD,M,Monthly,CCICP,Composite consumer confidence,IX,Index,_Z,Not applicable,AA,Amplitude adjusted,IX,Index,_Z,Not applicable,H,OECD harmonised,1982-11,,98.9241,,A,Normal value,0,Units,2,Two,,
DATAFLOW,OECD.SDD.STES:DSD_STES@DF_CLI(4.1),Composite leading indicators,I,OECD,OECD,M,Monthly,CCICP,Composite consumer confidence,IX,Index,_Z,Not applicable,AA,Amplitude adjusted,IX,Index,_Z,Not applicable,H,OECD harmonised,1982-12,,99.0004,,A,Normal value,0,Units,2,Two,,
DATAFLOW,OECD.SDD.STES:DSD_STES@DF_CLI(4.1),Composite leading indicators,I,OECD,OECD,M,Monthly,CCICP,Composite consumer confidence,IX,Index,_Z,Not applicable,AA,Amplitude adjusted,IX,Index,_Z,Not applicable,H,OECD harmonised,1983-01,,99.18839,,A,Normal value,0,Units,2,Two,,
DATAFLOW,OECD.SDD.STES:DSD_STES@DF_CLI(4.1),Composite leading indicators,I,OECD,OECD,M,Monthly,CCICP,Composite consumer confidence,IX,Index,_Z,Not applicable,AA,Amplitude adjusted,IX,Index,_Z,Not applicable,H,OECD harmonised,1983-02,,99.52805,,A,Normal value,0,Units,2,Two,,
DATAFLOW,OECD.SDD.STES:DSD_STES@DF_CLI(4.1),Composite leading indicators,I,OECD,OECD,M,Monthly,CCICP,Composite consumer confidence,IX,Index,_Z,Not applicable,AA,Amplitude adjusted,IX,Index,_Z,Not applicable,H,OECD harmonised,1983-03,,99.95944,,A,Normal value,0,Units,2,Two,,
DATAFLOW,OECD.SDD.STES:DSD_STES@DF_CLI(4.1),Composite leading indicators,I,OECD,OECD,M,Monthly,CCICP,Composite consumer confidence,IX,Index,_Z,Not applicable,AA,Amplitude adjusted,IX,Index,_Z,Not applicable,H,OECD harmonised,1983-04,,100.3083,,A,Normal value,0,Units,2,Two,,
DATAFLOW,OECD.SDD.STES:DSD_STES@DF_CLI(4.1),Composite leading indicators,I,OECD,OECD,M,Monthly,CCICP,Composite consumer confidence,IX,Index,_Z,Not applicable,AA,Amplitude adjusted,IX,Index,_Z,Not applicable,H,OECD harmonised,1983-05,,100.489,,A,Normal value,0,Units,2,Two,,
DATAFLOW,OECD.SDD.STES:DSD_STES@DF_CLI(4.1),Composite leading indicators,I,OECD,OECD,M,Monthly,CCICP,Composite consumer confidence,IX,Index,_Z,Not applicable,AA,Amplitude adjusted,IX,Index,_Z,Not applicable,H,OECD harmonised,1983-06,,100.5409,,A,Normal value,0,Units,2,Two,,
DATAFLOW,OECD.SDD.STES:DSD_STES@DF_CLI(4.1),Composite leading indicators,I,OECD,OECD,M,Monthly,CCICP,Composite consumer confidence,IX,Index,_Z,Not applicable,AA,Amplitude adjusted,IX,Index,_Z,Not applicable,H,OECD harmonised,1983-07,,100.5438,,A,Normal value,0,Units,2,Two,,
DATAFLOW,OECD.SDD.STES:DSD_STES@DF_CLI(4.1),Composite leading indicators,I,OECD,OECD,M,Monthly,CCICP,Composite consumer confidence,IX,Index,_Z,Not applicable,AA,Amplitude adjusted,IX,Index,_Z,Not applicable,H,OECD harmonised,1983-08,,100.5196,,A,Normal value,0,Units,2,Two,,
DATAFLOW,OECD.SDD.STES:DSD_STES@DF_CLI(4.1),Composite leading indicators,I,OECD,OECD,M,Monthly,CCICP,Composite consumer confidence,IX,Index,_Z,Not applicable,AA,Amplitude adjusted,IX,Index,_Z,Not applicable,H,OECD harmonised,1983-09,,100.4943,,A,Normal value,0,Units,2,Two,,
DATAFLOW,OECD.SDD.STES:DSD_STES@DF_CLI(4.1),Composite leading indicators,I,OECD,OECD,M,Monthly,CCICP,Composite consumer confidence,IX,Index,_Z,Not applicable,AA,Amplitude adjusted,IX,Index,_Z,Not applicable,H,OECD harmonised,1983-10,,100.5316,,A,Normal value,0,Units,2,Two,,
DATAFLOW,OECD.SDD.STES:DSD_STES@DF_CLI(4.1),Composite leading indicators,I,OECD,OECD,M,Monthly,CCICP,Composite consumer confidence,IX,Index,_Z,Not applicable,AA,Amplitude adjusted,IX,Index,_Z,Not applicable,H,OECD harmonised,1983-11,,100.6817,,A,Normal value,0,Units,2,Two,,
DATAFLOW,OECD.SDD.STES:DSD_STES@DF_CLI(4.1),Composite leading indicators,I,OECD,OECD,M,Monthly,CCICP,Composite consumer confidence,IX,Index,_Z,Not applicable,AA,Amplitude adjusted,IX,Index,_Z,Not applicable,H,OECD harmonised,1983-12,,100.8921,,A,Normal value,0,Units,2,Two,,
DATAFLOW,OECD.SDD.STES:DSD_STES@DF_CLI(4.1),Composite leading indicators,I,OECD,OECD,M,Monthly,CCICP,Composite consumer confidence,IX,Index,_Z,Not applicable,AA,Amplitude adjusted,IX,Index,_Z,Not applicable,H,OECD harmonised,1984-01,,101.0593,,A,Normal value,0,Units,2,Two,,
DATAFLOW,OECD.SDD.STES:DSD_STES@DF_CLI(4.1),Composite leading indicators,I,OECD,OECD,M,Monthly,CCICP,Composite consumer confidence,IX,Index,_Z,Not applicable,AA,Amplitude adjusted,IX,Index,_Z,Not applicable,H,OECD harmonised,1984-02,,101.0827,,A,Normal value,0,Units,2,Two,,
DATAFLOW,OECD.SDD.STES:DSD_STES@DF_CLI(4.1),Composite leading indicators,I,OECD,OECD,M,Monthly,CCICP,Composite consumer confidence,IX,Index,_Z,Not applicable,AA,Amplitude adjusted,IX,Index,_Z,Not applicable,H,OECD harmonised,1984-03,,101.0253,,A,Normal value,0,Units,2,Two,,
DATAFLOW,OECD.SDD.STES:DSD_STES@DF_CLI(4.1),Composite leading indicators,I,OECD,OECD,M,Monthly,CCICP,Composite consumer confidence,IX,Index,_Z,Not applicable,AA,Amplitude adjusted,IX,Index,_Z,Not applicable,H,OECD harmonised,1984-04,,100.9061,,A,Normal value,0,Units,2,Two,,
DATAFLOW,OECD.SDD.STES:DSD_STES@DF_CLI(4.1),Composite leading indicators,I,OECD,OECD,M,Monthly,CCICP,Composite consumer confidence,IX,Index,_Z,Not applicable,AA,Amplitude adjusted,IX,Index,_Z,Not applicable,H,OECD harmonised,1984-05,,100.8151,,A,Normal value,0,Units,2,Two,,
DATAFLOW,OECD.SDD.STES:DSD_STES@DF_CLI(4.1),Composite leading indicators,I,OECD,OECD,M,Monthly,CCICP,Composite consumer confidence,IX,Index,_Z,Not applicable,AA,Amplitude adjusted,IX,Index,_Z,Not applicable,H,OECD harmonised,2014-08,,99.99135,,A,Normal value,0,Units,2,Two,,
DATAFLOW,OECD.SDD.STES:DSD_STES@DF_CLI(4.1),Composite leading indicators,I,OECD,OECD,M,Monthly,CCICP,Composite consumer confidence,IX,Index,_Z,Not applicable,AA,Amplitude adjusted,IX,Index,_Z,Not applicable,H,OECD harmonised,2014-09,,100.0033,,A,Normal value,0,Units,2,Two,,
DATAFLOW,OECD.SDD.STES:DSD_STES@DF_CLI(4.1),Composite leading indicators,I,OECD,OECD,M,Monthly,CCICP,Composite consumer confidence,IX,Index,_Z,Not applicable,AA,Amplitude adjusted,IX,Index,_Z,Not applicable,H,OECD harmonised,2014-10,,100.0511,,A,Normal value,0,Units,2,Two,,
DATAFLOW,OECD.SDD.STES:DSD_STES@DF_CLI(4.1),Composite leading indicators,I,OECD,OECD,M,Monthly,CCICP,Composite consumer confidence,IX,Index,_Z,Not applicable,AA,Amplitude adjusted,IX,Index,_Z,Not applicable,H,OECD harmonised,2007-11,,100.1035,,A,Normal value,0,Units,2,Two,,
DATAFLOW,OECD.SDD.STES:DSD_STES@DF_CLI(4.1),Composite leading indicators,I,OECD,OECD,M,Monthly,CCICP,Composite consumer confidence,IX,Index,_Z,Not applicable,AA,Amplitude adjusted,IX,Index,_Z,Not applicable,H,OECD harmonised,2007-12,,99.89535,,A,Normal value,0,Units,2,Two,,
DATAFLOW,OECD.SDD.STES:DSD_STES@DF_CLI(4.1),Composite leading indicators,I,OECD,OECD,M,Monthly,CCICP,Composite consumer confidence,IX,Index,_Z,Not applicable,AA,Amplitude adjusted,IX,Index,_Z,Not applicable,H,OECD harmonised,2008-01,,99.68114,,A,Normal value,0,Units,2,Two,,
DATAFLOW,OECD.SDD.STES:DSD_STES@DF_CLI(4.1),Composite leading indicators,I,OECD,OECD,M,Monthly,CCICP,Composite consumer confidence,IX,Index,_Z,Not applicable,AA,Amplitude adjusted,IX,Index,_Z,Not applicable,H,OECD harmonised,2008-02,,99.38182,,A,Normal value,0,Units,2,Two,,
DATAFLOW,OECD.SDD.STES:DSD_STES@DF_CLI(4.1),Composite leading indicators,I,OECD,OECD,M,Monthly,CCICP,Composite consumer confidence,IX,Index,_Z,Not applicable,AA,Amplitude adjusted,IX,Index,_Z,Not applicable,H,OECD harmonised,2008-03,,99.02156,,A,Normal value,0,Units,2,Two,,
DATAFLOW,OECD.SDD.STES:DSD_STES@DF_CLI(4.1),Composite leading indicators,I,OECD,OECD,M,Monthly,CCICP,Composite consumer confidence,IX,Index,_Z,Not applicable,AA,Amplitude adjusted,IX,Index,_Z,Not applicable,H,OECD harmonised,2008-04,,98.57497,,A,Normal value,0,Units,2,Two,,
DATAFLOW,OECD.SDD.STES:DSD_STES@DF_CLI(4.1),Composite leading indicators,I,OECD,OECD,M,Monthly,CCICP,Composite consumer confidence,IX,Index,_Z,Not applicable,AA,Amplitude adjusted,IX,Index,_Z,Not applicable,H,OECD harmonised,2008-05,,98.13407,,A,Normal value,0,Units,2,Two,,
DATAFLOW,OECD.SDD.STES:DSD_STES@DF_CLI(4.1),Composite leading indicators,I,OECD,OECD,M,Monthly,CCICP,Composite consumer confidence,IX,Index,_Z,Not applicable,AA,Amplitude adjusted,IX,Index,_Z,Not applicable,H,OECD harmonised,2008-06,,97.78748,,A,Normal value,0,Units,2,Two,,
DATAFLOW,OECD.SDD.STES:DSD_STES@DF_CLI(4.1),Composite leading indicators,I,OECD,OECD,M,Monthly,CCICP,Composite consumer confidence,IX,Index,_Z,Not applicable,AA,Amplitude adjusted,IX,Index,_Z,Not applicable,H,OECD harmonised,2008-07,,97.6785,,A,Normal value,0,Units,2,Two,,
DATAFLOW,OECD.SDD.STES:DSD_STES@DF_CLI(4.1),Composite leading indicators,I,OECD,OECD,M,Monthly,CCICP,Composite consumer confidence,IX,Index,_Z,Not applicable,AA,Amplitude adjusted,IX,Index,_Z,Not applicable,H,OECD harmonised,2008-08,,97.7571,,A,Normal value,0,Units,2,Two,,
DATAFLOW,OECD.SDD.STES:DSD_STES@DF_CLI(4.1),Composite leading indicators,I,OECD,OECD,M,Monthly,CCICP,Composite consumer confidence,IX,Index,_Z,Not applicable,AA,Amplitude adjusted,IX,Index,_Z,Not applicable,H,OECD harmonised,2008-09,,97.76823,,A,Normal value,0,Units,2,Two,,
DATAFLOW,OECD.SDD.STES:DSD_STES@DF_CLI(4.1),Composite leading indicators,I,OECD,OECD,M,Monthly,CCICP,Composite consumer confidence,IX,Index,_Z,Not applicable,AA,Amplitude adjusted,IX,Index,_Z,Not applicable,H,OECD harmonised,2008-10,,97.51405,,A,Normal value,0,Units,2,Two,,
DATAFLOW,OECD.SDD.STES:DSD_STES@DF_CLI(4.1),Composite leading indicators,I,OECD,OECD,M,Monthly,CCICP,Composite consumer confidence,IX,Index,_Z,Not applicable,AA,Amplitude adjusted,IX,Index,_Z,Not applicable,H,OECD harmonised,2008-11,,97.28207,,A,Normal value,0,Units,2,Two,,
DATAFLOW,OECD.SDD.STES:DSD_STES@DF_CLI(4.1),Composite leading indicators,I,OECD,OECD,M,Monthly,CCICP,Composite consumer confidence,IX,Index,_Z,Not applicable,AA,Amplitude adjusted,IX,Index,_Z,Not applicable,H,OECD harmonised,2008-12,,97.15431,,A,Normal value,0,Units,2,Two,,
DATAFLOW,OECD.SDD.STES:DSD_STES@DF_CLI(4.1),Composite leading indicators,I,OECD,OECD,M,Monthly,CCICP,Composite consumer confidence,IX,Index,_Z,Not applicable,AA,Amplitude adjusted,IX,Index,_Z,Not applicable,H,OECD harmonised,2009-01,,97.09673,,A,Normal value,0,Units,2,Two,,
DATAFLOW,OECD.SDD.STES:DSD_STES@DF_CLI(4.1),Composite leading indicators,I,OECD,OECD,M,Monthly,CCICP,Composite consumer confidence,IX,Index,_Z,Not applicable,AA,Amplitude adjusted,IX,Index,_Z,Not applicable,H,OECD harmonised,2009-02,,97.11177,,A,Normal value,0,Units,2,Two,,
DATAFLOW,OECD.SDD.STES:DSD_STES@DF_CLI(4.1),Composite leading indicators,I,OECD,OECD,M,Monthly,CCICP,Composite consumer confidence,IX,Index,_Z,Not applicable,AA,Amplitude adjusted,IX,Index,_Z,Not applicable,H,OECD harmonised,2009-03,,97.34024,,A,Normal value,0,Units,2,Two,,
DATAFLOW,OECD.SDD.STES:DSD_STES@DF_CLI(4.1),Composite leading indicators,I,OECD,OECD,M,Monthly,CCICP,Composite consumer confidence,IX,Index,_Z,Not applicable,AA,Amplitude adjusted,IX,Index,_Z,Not applicable,H,OECD harmonised,2009-04,,97.78859,,A,Normal value,0,Units,2,Two,,
DATAFLOW,OECD.SDD.STES:DSD_STES@DF_CLI(4.1),Composite leading indicators,I,OECD,OECD,M,Monthly,CCICP,Composite consumer confidence,IX,Index,_Z,Not applicable,AA,Amplitude adjusted,IX,Index,_Z,Not applicable,H,OECD harmonised,2009-05,,98.23017,,A,Normal value,0,Units,2,Two,,
DATAFLOW,OECD.SDD.STES:DSD_STES@DF_CLI(4.1),Composite leading indicators,I,OECD,OECD,M,Monthly,CCICP,Composite consumer confidence,IX,Index,_Z,Not applicable,AA,Amplitude adjusted,IX,Index,_Z,Not applicable,H,OECD harmonised,2009-06,,98.55797,,A,Normal value,0,Units,2,Two,,
DATAFLOW,OECD.SDD.STES:DSD_STES@DF_CLI(4.1),Composite leading indicators,I,OECD,OECD,M,Monthly,CCICP,Composite consumer confidence,IX,Index,_Z,Not applicable,AA,Amplitude adjusted,IX,Index,_Z,Not applicable,H,OECD harmonised,2009-07,,98.76978,,A,Normal value,0,Units,2,Two,,
DATAFLOW,OECD.SDD.STES:DSD_STES@DF_CLI(4.1),Composite leading indicators,I,OECD,OECD,M,Monthly,CCICP,Composite consumer confidence,IX,Index,_Z,Not applicable,AA,Amplitude adjusted,IX,Index,_Z,Not applicable,H,OECD harmonised,2009-08,,98.96736,,A,Normal value,0,Units,2,Two,,
DATAFLOW,OECD.SDD.STES:DSD_STES@DF_CLI(4.1),Composite leading indicators,I,OECD,OECD,M,Monthly,CCICP,Composite consumer confidence,IX,Index,_Z,Not applicable,AA,Amplitude adjusted,IX,Index,_Z,Not applicable,H,OECD harmonised,2009-09,,99.17799,,A,Normal value,0,Units,2,Two,,
DATAFLOW,OECD.SDD.STES:DSD_STES@DF_CLI(4.1),Composite leading indicators,I,OECD,OECD,M,Monthly,CCICP,Composite consumer confidence,IX,Index,_Z,Not applicable,AA,Amplitude adjusted,IX,Index,_Z,Not applicable,H,OECD harmonised,2009-10,,99.27454,,A,Normal value,0,Units,2,Two,,
DATAFLOW,OECD.SDD.STES:DSD_STES@DF_CLI(4.1),Composite leading indicators,I,OECD,OECD,M,Monthly,CCICP,Composite consumer confidence,IX,Index,_Z,Not applicable,AA,Amplitude adjusted,IX,Index,_Z,Not applicable,H,OECD harmonised,2009-11,,99.30686,,A,Normal value,0,Units,2,Two,,
DATAFLOW,OECD.SDD.STES:DSD_STES@DF_CLI(4.1),Composite leading indicators,I,OECD,OECD,M,Monthly,CCICP,Composite consumer confidence,IX,Index,_Z,Not applicable,AA,Amplitude adjusted,IX,Index,_Z,Not applicable,H,OECD harmonised,2009-12,,99.36937,,A,Normal value,0,Units,2,Two,,
DATAFLOW,OECD.SDD.STES:DSD_STES@DF_CLI(4.1),Composite leading indicators,I,OECD,OECD,M,Monthly,CCICP,Composite consumer confidence,IX,Index,_Z,Not applicable,AA,Amplitude adjusted,IX,Index,_Z,Not applicable,H,OECD harmonised,2010-01,,99.44066,,A,Normal value,0,Units,2,Two,,
DATAFLOW,OECD.SDD.STES:DSD_STES@DF_CLI(4.1),Composite leading indicators,I,OECD,OECD,M,Monthly,CCICP,Composite consumer confidence,IX,Index,_Z,Not applicable,AA,Amplitude adjusted,IX,Index,_Z,Not applicable,H,OECD harmonised,2010-02,,99.4616,,A,Normal value,0,Units,2,Two,,
DATAFLOW,OECD.SDD.STES:DSD_STES@DF_CLI(4.1),Composite leading indicators,I,OECD,OECD,M,Monthly,CCICP,Composite consumer confidence,IX,Index,_Z,Not applicable,AA,Amplitude adjusted,IX,Index,_Z,Not applicable,H,OECD harmonised,2010-03,,99.46166,,A,Normal value,0,Units,2,Two,,
DATAFLOW,OECD.SDD.STES:DSD_STES@DF_CLI(4.1),Composite leading indicators,I,OECD,OECD,M,Monthly,CCICP,Composite consumer confidence,IX,Index,_Z,Not applicable,AA,Amplitude adjusted,IX,Index,_Z,Not applicable,H,OECD harmonised,2010-04,,99.44292,,A,Normal value,0,Units,2,Two,,
DATAFLOW,OECD.SDD.STES:DSD_STES@DF_CLI(4.1),Composite leading indicators,I,OECD,OECD,M,Monthly,CCICP,Composite consumer confidence,IX,Index,_Z,Not applicable,AA,Amplitude adjusted,IX,Index,_Z,Not applicable,H,OECD harmonised,2010-05,,99.39671,,A,Normal value,0,Units,2,Two,,
DATAFLOW,OECD.SDD.STES:DSD_STES@DF_CLI(4.1),Composite leading indicators,I,OECD,OECD,M,Monthly,CCICP,Composite consumer confidence,IX,Index,_Z,Not applicable,AA,Amplitude adjusted,IX,Index,_Z,Not applicable,H,OECD harmonised,2010-06,,99.34997,,A,Normal value,0,Units,2,Two,,
DATAFLOW,OECD.SDD.STES:DSD_STES@DF_CLI(4.1),Composite leading indicators,I,OECD,OECD,M,Monthly,CCICP,Composite consumer confidence,IX,Index,_Z,Not applicable,AA,Amplitude adjusted,IX,Index,_Z,Not applicable,H,OECD harmonised,2010-07,,99.29697,,A,Normal value,0,Units,2,Two,,
DATAFLOW,OECD.SDD.STES:DSD_STES@DF_CLI(4.1),Composite leading indicators,I,OECD,OECD,M,Monthly,CCICP,Composite consumer confidence,IX,Index,_Z,Not applicable,AA,Amplitude adjusted,IX,Index,_Z,Not applicable,H,OECD harmonised,2010-08,,99.30983,,A,Normal value,0,Units,2,Two,,
DATAFLOW,OECD.SDD.STES:DSD_STES@DF_CLI(4.1),Composite leading indicators,I,OECD,OECD,M,Monthly,CCICP,Composite consumer confidence,IX,Index,_Z,Not applicable,AA,Amplitude adjusted,IX,Index,_Z,Not applicable,H,OECD harmonised,2010-09,,99.33201,,A,Normal value,0,Units,2,Two,,
DATAFLOW,OECD.SDD.STES:DSD_STES@DF_CLI(4.1),Composite leading indicators,I,OECD,OECD,M,Monthly,CCICP,Composite consumer confidence,IX,Index,_Z,Not applicable,AA,Amplitude adjusted,IX,Index,_Z,Not applicable,H,OECD harmonised,2010-10,,99.36983,,A,Normal value,0,Units,2,Two,,
DATAFLOW,OECD.SDD.STES:DSD_STES@DF_CLI(4.1),Composite leading indicators,I,OECD,OECD,M,Monthly,CCICP,Composite consumer confidence,IX,Index,_Z,Not applicable,AA,Amplitude adjusted,IX,Index,_Z,Not applicable,H,OECD harmonised,2010-11,,99.44331,,A,Normal value,0,Units,2,Two,,
DATAFLOW,OECD.SDD.STES:DSD_STES@DF_CLI(4.1),Composite leading indicators,I,OECD,OECD,M,Monthly,CCICP,Composite consumer confidence,IX,Index,_Z,Not applicable,AA,Amplitude adjusted,IX,Index,_Z,Not applicable,H,OECD harmonised,2010-12,,99.47446,,A,Normal value,0,Units,2,Two,,
DATAFLOW,OECD.SDD.STES:DSD_STES@DF_CLI(4.1),Composite leading indicators,I,OECD,OECD,M,Monthly,CCICP,Composite consumer confidence,IX,Index,_Z,Not applicable,AA,Amplitude adjusted,IX,Index,_Z,Not applicable,H,OECD harmonised,2011-01,,99.43518,,A,Normal value,0,Units,2,Two,,
DATAFLOW,OECD.SDD.STES:DSD_STES@DF_CLI(4.1),Composite leading indicators,I,OECD,OECD,M,Monthly,CCICP,Composite consumer confidence,IX,Index,_Z,Not applicable,AA,Amplitude adjusted,IX,Index,_Z,Not applicable,H,OECD harmonised,2011-02,,99.33208,,A,Normal value,0,Units,2,Two,,
DATAFLOW,OECD.SDD.STES:DSD_STES@DF_CLI(4.1),Composite leading indicators,I,OECD,OECD,M,Monthly,CCICP,Composite consumer confidence,IX,Index,_Z,Not applicable,AA,Amplitude adjusted,IX,Index,_Z,Not applicable,H,OECD harmonised,2011-03,,99.11655,,A,Normal value,0,Units,2,Two,,
DATAFLOW,OECD.SDD.STES:DSD_STES@DF_CLI(4.1),Composite leading indicators,I,OECD,OECD,M,Monthly,CCICP,Composite consumer confidence,IX,Index,_Z,Not applicable,AA,Amplitude adjusted,IX,Index,_Z,Not applicable,H,OECD harmonised,2011-04,,98.98994,,A,Normal value,0,Units,2,Two,,
DATAFLOW,OECD.SDD.STES:DSD_STES@DF_CLI(4.1),Composite leading indicators,I,OECD,OECD,M,Monthly,CCICP,Composite consumer confidence,IX,Index,_Z,Not applicable,AA,Amplitude adjusted,IX,Index,_Z,Not applicable,H,OECD harmonised,2011-05,,98.97977,,A,Normal value,0,Units,2,Two,,
DATAFLOW,OECD.SDD.STES:DSD_STES@DF_CLI(4.1),Composite leading indicators,I,OECD,OECD,M,Monthly,CCICP,Composite consumer confidence,IX,Index,_Z,Not applicable,AA,Amplitude adjusted,IX,Index,_Z,Not applicable,H,OECD harmonised,2011-06,,98.89919,,A,Normal value,0,Units,2,Two,,
DATAFLOW,OECD.SDD.STES:DSD_STES@DF_CLI(4.1),Composite leading indicators,I,OECD,OECD,M,Monthly,CCICP,Composite consumer confidence,IX,Index,_Z,Not applicable,AA,Amplitude adjusted,IX,Index,_Z,Not applicable,H,OECD harmonised,2011-07,,98.67774,,A,Normal value,0,Units,2,Two,,
DATAFLOW,OECD.SDD.STES:DSD_STES@DF_CLI(4.1),Composite leading indicators,I,OECD,OECD,M,Monthly,CCICP,Composite consumer confidence,IX,Index,_Z,Not applicable,AA,Amplitude adjusted,IX,Index,_Z,Not applicable,H,OECD harmonised,2011-08,,98.41832,,A,Normal value,0,Units,2,Two,,
DATAFLOW,OECD.SDD.STES:DSD_STES@DF_CLI(4.1),Composite leading indicators,I,OECD,OECD,M,Monthly,CCICP,Composite consumer confidence,IX,Index,_Z,Not applicable,AA,Amplitude adjusted,IX,Index,_Z,Not applicable,H,OECD harmonised,2011-09,,98.31744,,A,Normal value,0,Units,2,Two,,
DATAFLOW,OECD.SDD.STES:DSD_STES@DF_CLI(4.1),Composite leading indicators,I,OECD,OECD,M,Monthly,CCICP,Composite consumer confidence,IX,Index,_Z,Not applicable,AA,Amplitude adjusted,IX,Index,_Z,Not applicable,H,OECD harmonised,2011-10,,98.33152,,A,Normal value,0,Units,2,Two,,
DATAFLOW,OECD.SDD.STES:DSD_STES@DF_CLI(4.1),Composite leading indicators,I,OECD,OECD,M,Monthly,CCICP,Composite consumer confidence,IX,Index,_Z,Not applicable,AA,Amplitude adjusted,IX,Index,_Z,Not applicable,H,OECD harmonised,2011-11,,98.45496,,A,Normal value,0,Units,2,Two,,
DATAFLOW,OECD.SDD.STES:DSD_STES@DF_CLI(4.1),Composite leading indicators,I,OECD,OECD,M,Monthly,CCICP,Composite consumer confidence,IX,Index,_Z,Not applicable,AA,Amplitude adjusted,IX,Index,_Z,Not applicable,H,OECD harmonised,2011-12,,98.62504,,A,Normal value,0,Units,2,Two,,
DATAFLOW,OECD.SDD.STES:DSD_STES@DF_CLI(4.1),Composite leading indicators,I,OECD,OECD,M,Monthly,CCICP,Composite consumer confidence,IX,Index,_Z,Not applicable,AA,Amplitude adjusted,IX,Index,_Z,Not applicable,H,OECD harmonised,2012-01,,98.81545,,A,Normal value,0,Units,2,Two,,
DATAFLOW,OECD.SDD.STES:DSD_STES@DF_CLI(4.1),Composite leading indicators,I,OECD,OECD,M,Monthly,CCICP,Composite consumer confidence,IX,Index,_Z,Not applicable,AA,Amplitude adjusted,IX,Index,_Z,Not applicable,H,OECD harmonised,2012-02,,98.95318,,A,Normal value,0,Units,2,Two,,
DATAFLOW,OECD.SDD.STES:DSD_STES@DF_CLI(4.1),Composite leading indicators,I,OECD,OECD,M,Monthly,CCICP,Composite consumer confidence,IX,Index,_Z,Not applicable,AA,Amplitude adjusted,IX,Index,_Z,Not applicable,H,OECD harmonised,2012-03,,99.01622,,A,Normal value,0,Units,2,Two,,
DATAFLOW,OECD.SDD.STES:DSD_STES@DF_CLI(4.1),Composite leading indicators,I,OECD,OECD,M,Monthly,CCICP,Composite consumer confidence,IX,Index,_Z,Not applicable,AA,Amplitude adjusted,IX,Index,_Z,Not applicable,H,OECD harmonised,2012-04,,99.01382,,A,Normal value,0,Units,2,Two,,
DATAFLOW,OECD.SDD.STES:DSD_STES@DF_CLI(4.1),Composite leading indicators,I,OECD,OECD,M,Monthly,CCICP,Composite consumer confidence,IX,Index,_Z,Not applicable,AA,Amplitude adjusted,IX,Index,_Z,Not applicable,H,OECD harmonised,1986-09,,101.3062,,A,Normal value,0,Units,2,Two,,
DATAFLOW,OECD.SDD.STES:DSD_STES@DF_CLI(4.1),Composite leading indicators,I,OECD,OECD,M,Monthly,CCICP,Composite consumer confidence,IX,Index,_Z,Not applicable,AA,Amplitude adjusted,IX,Index,_Z,Not applicable,H,OECD harmonised,1986-10,,101.2951,,A,Normal value,0,Units,2,Two,,
DATAFLOW,OECD.SDD.STES:DSD_STES@DF_CLI(4.1),Composite leading indicators,I,OECD,OECD,M,Monthly,CCICP,Composite consumer confidence,IX,Index,_Z,Not applicable,AA,Amplitude adjusted,IX,Index,_Z,Not applicable,H,OECD harmonised,1986-11,,101.2287,,A,Normal value,0,Units,2,Two,,
DATAFLOW,OECD.SDD.STES:DSD_STES@DF_CLI(4.1),Composite leading indicators,I,OECD,OECD,M,Monthly,CCICP,Composite consumer confidence,IX,Index,_Z,Not applicable,AA,Amplitude adjusted,IX,Index,_Z,Not applicable,H,OECD harmonised,1986-12,,101.161,,A,Normal value,0,Units,2,Two,,
DATAFLOW,OECD.SDD.STES:DSD_STES@DF_CLI(4.1),Composite leading indicators,I,OECD,OECD,M,Monthly,CCICP,Composite consumer confidence,IX,Index,_Z,Not applicable,AA,Amplitude adjusted,IX,Index,_Z,Not applicable,H,OECD harmonised,1987-01,,101.1494,,A,Normal value,0,Units,2,Two,,
DATAFLOW,OECD.SDD.STES:DSD_STES@DF_CLI(4.1),Composite leading indicators,I,OECD,OECD,M,Monthly,CCICP,Composite consumer confidence,IX,Index,_Z,Not applicable,AA,Amplitude adjusted,IX,Index,_Z,Not applicable,H,OECD harmonised,1987-02,,101.1846,,A,Normal value,0,Units,2,Two,,
DATAFLOW,OECD.SDD.STES:DSD_STES@DF_CLI(4.1),Composite leading indicators,I,OECD,OECD,M,Monthly,CCICP,Composite consumer confidence,IX,Index,_Z,Not applicable,AA,Amplitude adjusted,IX,Index,_Z,Not applicable,H,OECD harmonised,1987-03,,101.2376,,A,Normal value,0,Units,2,Two,,
DATAFLOW,OECD.SDD.STES:DSD_STES@DF_CLI(4.1),Composite leading indicators,I,OECD,OECD,M,Monthly,CCICP,Composite consumer confidence,IX,Index,_Z,Not applicable,AA,Amplitude adjusted,IX,Index,_Z,Not applicable,H,OECD harmonised,1987-04,,101.2946,,A,Normal value,0,Units,2,Two,,
DATAFLOW,OECD.SDD.STES:DSD_STES@DF_CLI(4.1),Composite leading indicators,I,OECD,OECD,M,Monthly,CCICP,Composite consumer confidence,IX,Index,_Z,Not applicable,AA,Amplitude adjusted,IX,Index,_Z,Not applicable,H,OECD harmonised,1987-05,,101.3263,,A,Normal value,0,Units,2,Two,,
DATAFLOW,OECD.SDD.STES:DSD_STES@DF_CLI(4.1),Composite leading indicators,I,OECD,OECD,M,Monthly,CCICP,Composite consumer confidence,IX,Index,_Z,Not applicable,AA,Amplitude adjusted,IX,Index,_Z,Not applicable,H,OECD harmonised,1987-06,,101.3761,,A,Normal value,0,Units,2,Two,,
DATAFLOW,OECD.SDD.STES:DSD_STES@DF_CLI(4.1),Composite leading indicators,I,OECD,OECD,M,Monthly,CCICP,Composite consumer confidence,IX,Index,_Z,Not applicable,AA,Amplitude adjusted,IX,Index,_Z,Not applicable,H,OECD harmonised,1987-07,,101.4409,,A,Normal value,0,Units,2,Two,,
DATAFLOW,OECD.SDD.STES:DSD_STES@DF_CLI(4.1),Composite leading indicators,I,OECD,OECD,M,Monthly,CCICP,Composite consumer confidence,IX,Index,_Z,Not applicable,AA,Amplitude adjusted,IX,Index,_Z,Not applicable,H,OECD harmonised,1987-08,,101.4719,,A,Normal value,0,Units,2,Two,,
DATAFLOW,OECD.SDD.STES:DSD_STES@DF_CLI(4.1),Composite leading indicators,I,OECD,OECD,M,Monthly,CCICP,Composite consumer confidence,IX,Index,_Z,Not applicable,AA,Amplitude adjusted,IX,Index,_Z,Not applicable,H,OECD harmonised,1987-09,,101.4353,,A,Normal value,0,Units,2,Two,,
DATAFLOW,OECD.SDD.STES:DSD_STES@DF_CLI(4.1),Composite leading indicators,I,OECD,OECD,M,Monthly,CCICP,Composite consumer confidence,IX,Index,_Z,Not applicable,AA,Amplitude adjusted,IX,Index,_Z,Not applicable,H,OECD harmonised,1987-10,,101.3225,,A,Normal value,0,Units,2,Two,,
DATAFLOW,OECD.SDD.STES:DSD_STES@DF_CLI(4.1),Composite leading indicators,I,OECD,OECD,M,Monthly,CCICP,Composite consumer confidence,IX,Index,_Z,Not applicable,AA,Amplitude adjusted,IX,Index,_Z,Not applicable,H,OECD harmonised,1987-11,,101.2202,,A,Normal value,0,Units,2,Two,,
DATAFLOW,OECD.SDD.STES:DSD_STES@DF_CLI(4.1),Composite leading indicators,I,OECD,OECD,M,Monthly,CCICP,Composite consumer confidence,IX,Index,_Z,Not applicable,AA,Amplitude adjusted,IX,Index,_Z,Not applicable,H,OECD harmonised,1987-12,,101.2691,,A,Normal value,0,Units,2,Two,,
DATAFLOW,OECD.SDD.STES:DSD_STES@DF_CLI(4.1),Composite leading indicators,I,OECD,OECD,M,Monthly,CCICP,Composite consumer confidence,IX,Index,_Z,Not applicable,AA,Amplitude adjusted,IX,Index,_Z,Not applicable,H,OECD harmonised,1988-01,,101.3943,,A,Normal value,0,Units,2,Two,,
DATAFLOW,OECD.SDD.STES:DSD_STES@DF_CLI(4.1),Composite leading indicators,I,OECD,OECD,M,Monthly,CCICP,Composite consumer confidence,IX,Index,_Z,Not applicable,AA,Amplitude adjusted,IX,Index,_Z,Not applicable,H,OECD harmonised,1988-02,,101.5036,,A,Normal value,0,Units,2,Two,,
DATAFLOW,OECD.SDD.STES:DSD_STES@DF_CLI(4.1),Composite leading indicators,I,OECD,OECD,M,Monthly,CCICP,Composite consumer confidence,IX,Index,_Z,Not applicable,AA,Amplitude adjusted,IX,Index,_Z,Not applicable,H,OECD harmonised,1988-03,,101.577,,A,Normal value,0,Units,2,Two,,
DATAFLOW,OECD.SDD.STES:DSD_STES@DF_CLI(4.1),Composite leading indicators,I,OECD,OECD,M,Monthly,CCICP,Composite consumer confidence,IX,Index,_Z,Not applicable,AA,Amplitude adjusted,IX,Index,_Z,Not applicable,H,OECD harmonised,1988-04,,101.6053,,A,Normal value,0,Units,2,Two,,
DATAFLOW,OECD.SDD.STES:DSD_STES@DF_CLI(4.1),Composite leading indicators,I,OECD,OECD,M,Monthly,CCICP,Composite consumer confidence,IX,Index,_Z,Not applicable,AA,Amplitude adjusted,IX,Index,_Z,Not applicable,H,OECD harmonised,1988-05,,101.6397,,A,Normal value,0,Units,2,Two,,
DATAFLOW,OECD.SDD.STES:DSD_STES@DF_CLI(4.1),Composite leading indicators,I,OECD,OECD,M,Monthly,CCICP,Composite consumer confidence,IX,Index,_Z,Not applicable,AA,Amplitude adjusted,IX,Index,_Z,Not applicable,H,OECD harmonised,1988-06,,101.6711,,A,Normal value,0,Units,2,Two,,
DATAFLOW,OECD.SDD.STES:DSD_STES@DF_CLI(4.1),Composite leading indicators,I,OECD,OECD,M,Monthly,CCICP,Composite consumer confidence,IX,Index,_Z,Not applicable,AA,Amplitude adjusted,IX,Index,_Z,Not applicable,H,OECD harmonised,1988-07,,101.7178,,A,Normal value,0,Units,2,Two,,
DATAFLOW,OECD.SDD.STES:DSD_STES@DF_CLI(4.1),Composite leading indicators,I,OECD,OECD,M,Monthly,CCICP,Composite consumer confidence,IX,Index,_Z,Not applicable,AA,Amplitude adjusted,IX,Index,_Z,Not applicable,H,OECD harmonised,1988-08,,101.8011,,A,Normal value,0,Units,2,Two,,
DATAFLOW,OECD.SDD.STES:DSD_STES@DF_CLI(4.1),Composite leading indicators,I,OECD,OECD,M,Monthly,CCICP,Composite consumer confidence,IX,Index,_Z,Not applicable,AA,Amplitude adjusted,IX,Index,_Z,Not applicable,H,OECD harmonised,1988-09,,101.8439,,A,Normal value,0,Units,2,Two,,
DATAFLOW,OECD.SDD.STES:DSD_STES@DF_CLI(4.1),Composite leading indicators,I,OECD,OECD,M,Monthly,CCICP,Composite consumer confidence,IX,Index,_Z,Not applicable,AA,Amplitude adjusted,IX,Index,_Z,Not applicable,H,OECD harmonised,1988-10,,101.8277,,A,Normal value,0,Units,2,Two,,
DATAFLOW,OECD.SDD.STES:DSD_STES@DF_CLI(4.1),Composite leading indicators,I,OECD,OECD,M,Monthly,CCICP,Composite consumer confidence,IX,Index,_Z,Not applicable,AA,Amplitude adjusted,IX,Index,_Z,Not applicable,H,OECD harmonised,1988-11,,101.7899,,A,Normal value,0,Units,2,Two,,
DATAFLOW,OECD.SDD.STES:DSD_STES@DF_CLI(4.1),Composite leading indicators,I,OECD,OECD,M,Monthly,CCICP,Composite consumer confidence,IX,Index,_Z,Not applicable,AA,Amplitude adjusted,IX,Index,_Z,Not applicable,H,OECD harmonised,1988-12,,101.7486,,A,Normal value,0,Units,2,Two,,
DATAFLOW,OECD.SDD.STES:DSD_STES@DF_CLI(4.1),Composite leading indicators,I,OECD,OECD,M,Monthly,CCICP,Composite consumer confidence,IX,Index,_Z,Not applicable,AA,Amplitude adjusted,IX,Index,_Z,Not applicable,H,OECD harmonised,1989-01,,101.7246,,A,Normal value,0,Units,2,Two,,
DATAFLOW,OECD.SDD.STES:DSD_STES@DF_CLI(4.1),Composite leading indicators,I,OECD,OECD,M,Monthly,CCICP,Composite consumer confidence,IX,Index,_Z,Not applicable,AA,Amplitude adjusted,IX,Index,_Z,Not applicable,H,OECD harmonised,1989-02,,101.6169,,A,Normal value,0,Units,2,Two,,
DATAFLOW,OECD.SDD.STES:DSD_STES@DF_CLI(4.1),Composite leading indicators,I,OECD,OECD,M,Monthly,CCICP,Composite consumer confidence,IX,Index,_Z,Not applicable,AA,Amplitude adjusted,IX,Index,_Z,Not applicable,H,OECD harmonised,1989-03,,101.4479,,A,Normal value,0,Units,2,Two,,
DATAFLOW,OECD.SDD.STES:DSD_STES@DF_CLI(4.1),Composite leading indicators,I,OECD,OECD,M,Monthly,CCICP,Composite consumer confidence,IX,Index,_Z,Not applicable,AA,Amplitude adjusted,IX,Index,_Z,Not applicable,H,OECD harmonised,1989-04,,101.2913,,A,Normal value,0,Units,2,Two,,
DATAFLOW,OECD.SDD.STES:DSD_STES@DF_CLI(4.1),Composite leading indicators,I,OECD,OECD,M,Monthly,CCICP,Composite consumer confidence,IX,Index,_Z,Not applicable,AA,Amplitude adjusted,IX,Index,_Z,Not applicable,H,OECD harmonised,1989-05,,101.2062,,A,Normal value,0,Units,2,Two,,
DATAFLOW,OECD.SDD.STES:DSD_STES@DF_CLI(4.1),Composite leading indicators,I,OECD,OECD,M,Monthly,CCICP,Composite consumer confidence,IX,Index,_Z,Not applicable,AA,Amplitude adjusted,IX,Index,_Z,Not applicable,H,OECD harmonised,1989-06,,101.2064,,A,Normal value,0,Units,2,Two,,
DATAFLOW,OECD.SDD.STES:DSD_STES@DF_CLI(4.1),Composite leading indicators,I,OECD,OECD,M,Monthly,CCICP,Composite consumer confidence,IX,Index,_Z,Not applicable,AA,Amplitude adjusted,IX,Index,_Z,Not applicable,H,OECD harmonised,1989-07,,101.28,,A,Normal value,0,Units,2,Two,,
DATAFLOW,OECD.SDD.STES:DSD_STES@DF_CLI(4.1),Composite leading indicators,I,OECD,OECD,M,Monthly,CCICP,Composite consumer confidence,IX,Index,_Z,Not applicable,AA,Amplitude adjusted,IX,Index,_Z,Not applicable,H,OECD harmonised,1989-08,,101.3785,,A,Normal value,0,Units,2,Two,,
DATAFLOW,OECD.SDD.STES:DSD_STES@DF_CLI(4.1),Composite leading indicators,I,OECD,OECD,M,Monthly,CCICP,Composite consumer confidence,IX,Index,_Z,Not applicable,AA,Amplitude adjusted,IX,Index,_Z,Not applicable,H,OECD harmonised,1989-09,,101.4885,,A,Normal value,0,Units,2,Two,,
DATAFLOW,OECD.SDD.STES:DSD_STES@DF_CLI(4.1),Composite leading indicators,I,OECD,OECD,M,Monthly,CCICP,Composite consumer confidence,IX,Index,_Z,Not applicable,AA,Amplitude adjusted,IX,Index,_Z,Not applicable,H,OECD harmonised,1989-10,,101.4875,,A,Normal value,0,Units,2,Two,,
DATAFLOW,OECD.SDD.STES:DSD_STES@DF_CLI(4.1),Composite leading indicators,I,OECD,OECD,M,Monthly,CCICP,Composite consumer confidence,IX,Index,_Z,Not applicable,AA,Amplitude adjusted,IX,Index,_Z,Not applicable,H,OECD harmonised,1989-11,,101.4388,,A,Normal value,0,Units,2,Two,,
DATAFLOW,OECD.SDD.STES:DSD_STES@DF_CLI(4.1),Composite leading indicators,I,OECD,OECD,M,Monthly,CCICP,Composite consumer confidence,IX,Index,_Z,Not applicable,AA,Amplitude adjusted,IX,Index,_Z,Not applicable,H,OECD harmonised,1989-12,,101.411,,A,Normal value,0,Units,2,Two,,
DATAFLOW,OECD.SDD.STES:DSD_STES@DF_CLI(4.1),Composite leading indicators,I,OECD,OECD,M,Monthly,CCICP,Composite consumer confidence,IX,Index,_Z,Not applicable,AA,Amplitude adjusted,IX,Index,_Z,Not applicable,H,OECD harmonised,1990-01,,101.3939,,A,Normal value,0,Units,2,Two,,
DATAFLOW,OECD.SDD.STES:DSD_STES@DF_CLI(4.1),Composite leading indicators,I,OECD,OECD,M,Monthly,CCICP,Composite consumer confidence,IX,Index,_Z,Not applicable,AA,Amplitude adjusted,IX,Index,_Z,Not applicable,H,OECD harmonised,1990-02,,101.3337,,A,Normal value,0,Units,2,Two,,
DATAFLOW,OECD.SDD.STES:DSD_STES@DF_CLI(4.1),Composite leading indicators,I,OECD,OECD,M,Monthly,CCICP,Composite consumer confidence,IX,Index,_Z,Not applicable,AA,Amplitude adjusted,IX,Index,_Z,Not applicable,H,OECD harmonised,1990-03,,101.2754,,A,Normal value,0,Units,2,Two,,
DATAFLOW,OECD.SDD.STES:DSD_STES@DF_CLI(4.1),Composite leading indicators,I,OECD,OECD,M,Monthly,CCICP,Composite consumer confidence,IX,Index,_Z,Not applicable,AA,Amplitude adjusted,IX,Index,_Z,Not applicable,H,OECD harmonised,1990-04,,101.2394,,A,Normal value,0,Units,2,Two,,
DATAFLOW,OECD.SDD.STES:DSD_STES@DF_CLI(4.1),Composite leading indicators,I,OECD,OECD,M,Monthly,CCICP,Composite consumer confidence,IX,Index,_Z,Not applicable,AA,Amplitude adjusted,IX,Index,_Z,Not applicable,H,OECD harmonised,1990-05,,101.1514,,A,Normal value,0,Units,2,Two,,
DATAFLOW,OECD.SDD.STES:DSD_STES@DF_CLI(4.1),Composite leading indicators,I,OECD,OECD,M,Monthly,CCICP,Composite consumer confidence,IX,Index,_Z,Not applicable,AA,Amplitude adjusted,IX,Index,_Z,Not applicable,H,OECD harmonised,1990-06,,101.0264,,A,Normal value,0,Units,2,Two,,
DATAFLOW,OECD.SDD.STES:DSD_STES@DF_CLI(4.1),Composite leading indicators,I,OECD,OECD,M,Monthly,CCICP,Composite consumer confidence,IX,Index,_Z,Not applicable,AA,Amplitude adjusted,IX,Index,_Z,Not applicable,H,OECD harmonised,1990-07,,100.8091,,A,Normal value,0,Units,2,Two,,
DATAFLOW,OECD.SDD.STES:DSD_STES@DF_CLI(4.1),Composite leading indicators,I,OECD,OECD,M,Monthly,CCICP,Composite consumer confidence,IX,Index,_Z,Not applicable,AA,Amplitude adjusted,IX,Index,_Z,Not applicable,H,OECD harmonised,1990-08,,100.4275,,A,Normal value,0,Units,2,Two,,
DATAFLOW,OECD.SDD.STES:DSD_STES@DF_CLI(4.1),Composite leading indicators,I,OECD,OECD,M,Monthly,CCICP,Composite consumer confidence,IX,Index,_Z,Not applicable,AA,Amplitude adjusted,IX,Index,_Z,Not applicable,H,OECD harmonised,1990-09,,100.0111,,A,Normal value,0,Units,2,Two,,
DATAFLOW,OECD.SDD.STES:DSD_STES@DF_CLI(4.1),Composite leading indicators,I,OECD,OECD,M,Monthly,CCICP,Composite consumer confidence,IX,Index,_Z,Not applicable,AA,Amplitude adjusted,IX,Index,_Z,Not applicable,H,OECD harmonised,1990-10,,99.73892,,A,Normal value,0,Units,2,Two,,
DATAFLOW,OECD.SDD.STES:DSD_STES@DF_CLI(4.1),Composite leading indicators,I,OECD,OECD,M,Monthly,CCICP,Composite consumer confidence,IX,Index,_Z,Not applicable,AA,Amplitude adjusted,IX,Index,_Z,Not applicable,H,OECD harmonised,1981-07,,98.92127,,A,Normal value,0,Units,2,Two,,
DATAFLOW,OECD.SDD.STES:DSD_STES@DF_CLI(4.1),Composite leading indicators,I,OECD,OECD,M,Monthly,CCICP,Composite consumer confidence,IX,Index,_Z,Not applicable,AA,Amplitude adjusted,IX,Index,_Z,Not applicable,H,OECD harmonised,2012-07,,98.84972,,A,Normal value,0,Units,2,Two,,
DATAFLOW,OECD.SDD.STES:DSD_STES@DF_CLI(4.1),Composite leading indicators,I,OECD,OECD,M,Monthly,CCICP,Composite consumer confidence,IX,Index,_Z,Not applicable,AA,Amplitude adjusted,IX,Index,_Z,Not applicable,H,OECD harmonised,2012-08,,98.85349,,A,Normal value,0,Units,2,Two,,
DATAFLOW,OECD.SDD.STES:DSD_STES@DF_CLI(4.1),Composite leading indicators,I,OECD,OECD,M,Monthly,CCICP,Composite consumer confidence,IX,Index,_Z,Not applicable,AA,Amplitude adjusted,IX,Index,_Z,Not applicable,H,OECD harmonised,2012-09,,98.89298,,A,Normal value,0,Units,2,Two,,
DATAFLOW,OECD.SDD.STES:DSD_STES@DF_CLI(4.1),Composite leading indicators,I,OECD,OECD,M,Monthly,CCICP,Composite consumer confidence,IX,Index,_Z,Not applicable,AA,Amplitude adjusted,IX,Index,_Z,Not applicable,H,OECD harmonised,2012-10,,98.94585,,A,Normal value,0,Units,2,Two,,
DATAFLOW,OECD.SDD.STES:DSD_STES@DF_CLI(4.1),Composite leading indicators,I,OECD,OECD,M,Monthly,CCICP,Composite consumer confidence,IX,Index,_Z,Not applicable,AA,Amplitude adjusted,IX,Index,_Z,Not applicable,H,OECD harmonised,1995-12,,100.5243,,A,Normal value,0,Units,2,Two,,
DATAFLOW,OECD.SDD.STES:DSD_STES@DF_CLI(4.1),Composite leading indicators,I,OECD,OECD,M,Monthly,CCICP,Composite consumer confidence,IX,Index,_Z,Not applicable,AA,Amplitude adjusted,IX,Index,_Z,Not applicable,H,OECD harmonised,1996-01,,100.5322,,A,Normal value,0,Units,2,Two,,
DATAFLOW,OECD.SDD.STES:DSD_STES@DF_CLI(4.1),Composite leading indicators,I,OECD,OECD,M,Monthly,CCICP,Composite consumer confidence,IX,Index,_Z,Not applicable,AA,Amplitude adjusted,IX,Index,_Z,Not applicable,H,OECD harmonised,1996-02,,100.5704,,A,Normal value,0,Units,2,Two,,
DATAFLOW,OECD.SDD.STES:DSD_STES@DF_CLI(4.1),Composite leading indicators,I,OECD,OECD,M,Monthly,CCICP,Composite consumer confidence,IX,Index,_Z,Not applicable,AA,Amplitude adjusted,IX,Index,_Z,Not applicable,H,OECD harmonised,1996-03,,100.6454,,A,Normal value,0,Units,2,Two,,
DATAFLOW,OECD.SDD.STES:DSD_STES@DF_CLI(4.1),Composite leading indicators,I,OECD,OECD,M,Monthly,CCICP,Composite consumer confidence,IX,Index,_Z,Not applicable,AA,Amplitude adjusted,IX,Index,_Z,Not applicable,H,OECD harmonised,1996-04,,100.6681,,A,Normal value,0,Units,2,Two,,
DATAFLOW,OECD.SDD.STES:DSD_STES@DF_CLI(4.1),Composite leading indicators,I,OECD,OECD,M,Monthly,CCICP,Composite consumer confidence,IX,Index,_Z,Not applicable,AA,Amplitude adjusted,IX,Index,_Z,Not applicable,H,OECD harmonised,1996-05,,100.659,,A,Normal value,0,Units,2,Two,,
DATAFLOW,OECD.SDD.STES:DSD_STES@DF_CLI(4.1),Composite leading indicators,I,OECD,OECD,M,Monthly,CCICP,Composite consumer confidence,IX,Index,_Z,Not applicable,AA,Amplitude adjusted,IX,Index,_Z,Not applicable,H,OECD harmonised,1996-06,,100.6783,,A,Normal value,0,Units,2,Two,,
DATAFLOW,OECD.SDD.STES:DSD_STES@DF_CLI(4.1),Composite leading indicators,I,OECD,OECD,M,Monthly,CCICP,Composite consumer confidence,IX,Index,_Z,Not applicable,AA,Amplitude adjusted,IX,Index,_Z,Not applicable,H,OECD harmonised,1996-07,,100.7107,,A,Normal value,0,Units,2,Two,,
DATAFLOW,OECD.SDD.STES:DSD_STES@DF_CLI(4.1),Composite leading indicators,I,OECD,OECD,M,Monthly,CCICP,Composite consumer confidence,IX,Index,_Z,Not applicable,AA,Amplitude adjusted,IX,Index,_Z,Not applicable,H,OECD harmonised,1996-08,,100.7486,,A,Normal value,0,Units,2,Two,,
DATAFLOW,OECD.SDD.STES:DSD_STES@DF_CLI(4.1),Composite leading indicators,I,OECD,OECD,M,Monthly,CCICP,Composite consumer confidence,IX,Index,_Z,Not applicable,AA,Amplitude adjusted,IX,Index,_Z,Not applicable,H,OECD harmonised,1996-09,,100.7653,,A,Normal value,0,Units,2,Two,,
DATAFLOW,OECD.SDD.STES:DSD_STES@DF_CLI(4.1),Composite leading indicators,I,OECD,OECD,M,Monthly,CCICP,Composite consumer confidence,IX,Index,_Z,Not applicable,AA,Amplitude adjusted,IX,Index,_Z,Not applicable,H,OECD harmonised,1996-10,,100.7681,,A,Normal value,0,Units,2,Two,,
DATAFLOW,OECD.SDD.STES:DSD_STES@DF_CLI(4.1),Composite leading indicators,I,OECD,OECD,M,Monthly,CCICP,Composite consumer confidence,IX,Index,_Z,Not applicable,AA,Amplitude adjusted,IX,Index,_Z,Not applicable,H,OECD harmonised,1996-11,,100.7539,,A,Normal value,0,Units,2,Two,,
DATAFLOW,OECD.SDD.STES:DSD_STES@DF_CLI(4.1),Composite leading indicators,I,OECD,OECD,M,Monthly,CCICP,Composite consumer confidence,IX,Index,_Z,Not applicable,AA,Amplitude adjusted,IX,Index,_Z,Not applicable,H,OECD harmonised,1996-12,,100.7284,,A,Normal value,0,Units,2,Two,,
DATAFLOW,OECD.SDD.STES:DSD_STES@DF_CLI(4.1),Composite leading indicators,I,OECD,OECD,M,Monthly,CCICP,Composite consumer confidence,IX,Index,_Z,Not applicable,AA,Amplitude adjusted,IX,Index,_Z,Not applicable,H,OECD harmonised,1997-01,,100.7587,,A,Normal value,0,Units,2,Two,,
DATAFLOW,OECD.SDD.STES:DSD_STES@DF_CLI(4.1),Composite leading indicators,I,OECD,OECD,M,Monthly,CCICP,Composite consumer confidence,IX,Index,_Z,Not applicable,AA,Amplitude adjusted,IX,Index,_Z,Not applicable,H,OECD harmonised,1997-02,,100.8439,,A,Normal value,0,Units,2,Two,,
DATAFLOW,OECD.SDD.STES:DSD_STES@DF_CLI(4.1),Composite leading indicators,I,OECD,OECD,M,Monthly,CCICP,Composite consumer confidence,IX,Index,_Z,Not applicable,AA,Amplitude adjusted,IX,Index,_Z,Not applicable,H,OECD harmonised,1997-03,,100.9538,,A,Normal value,0,Units,2,Two,,
DATAFLOW,OECD.SDD.STES:DSD_STES@DF_CLI(4.1),Composite leading indicators,I,OECD,OECD,M,Monthly,CCICP,Composite consumer confidence,IX,Index,_Z,Not applicable,AA,Amplitude adjusted,IX,Index,_Z,Not applicable,H,OECD harmonised,1997-04,,101.0925,,A,Normal value,0,Units,2,Two,,
DATAFLOW,OECD.SDD.STES:DSD_STES@DF_CLI(4.1),Composite leading indicators,I,OECD,OECD,M,Monthly,CCICP,Composite consumer confidence,IX,Index,_Z,Not applicable,AA,Amplitude adjusted,IX,Index,_Z,Not applicable,H,OECD harmonised,1997-05,,101.2531,,A,Normal value,0,Units,2,Two,,
DATAFLOW,OECD.SDD.STES:DSD_STES@DF_CLI(4.1),Composite leading indicators,I,OECD,OECD,M,Monthly,CCICP,Composite consumer confidence,IX,Index,_Z,Not applicable,AA,Amplitude adjusted,IX,Index,_Z,Not applicable,H,OECD harmonised,1997-06,,101.4026,,A,Normal value,0,Units,2,Two,,
DATAFLOW,OECD.SDD.STES:DSD_STES@DF_CLI(4.1),Composite leading indicators,I,OECD,OECD,M,Monthly,CCICP,Composite consumer confidence,IX,Index,_Z,Not applicable,AA,Amplitude adjusted,IX,Index,_Z,Not applicable,H,OECD harmonised,1997-07,,101.5035,,A,Normal value,0,Units,2,Two,,
DATAFLOW,OECD.SDD.STES:DSD_STES@DF_CLI(4.1),Composite leading indicators,I,OECD,OECD,M,Monthly,CCICP,Composite consumer confidence,IX,Index,_Z,Not applicable,AA,Amplitude adjusted,IX,Index,_Z,Not applicable,H,OECD harmonised,1997-08,,101.5257,,A,Normal value,0,Units,2,Two,,
DATAFLOW,OECD.SDD.STES:DSD_STES@DF_CLI(4.1),Composite leading indicators,I,OECD,OECD,M,Monthly,CCICP,Composite consumer confidence,IX,Index,_Z,Not applicable,AA,Amplitude adjusted,IX,Index,_Z,Not applicable,H,OECD harmonised,1997-09,,101.5093,,A,Normal value,0,Units,2,Two,,
DATAFLOW,OECD.SDD.STES:DSD_STES@DF_CLI(4.1),Composite leading indicators,I,OECD,OECD,M,Monthly,CCICP,Composite consumer confidence,IX,Index,_Z,Not applicable,AA,Amplitude adjusted,IX,Index,_Z,Not applicable,H,OECD harmonised,1997-10,,101.4532,,A,Normal value,0,Units,2,Two,,
DATAFLOW,OECD.SDD.STES:DSD_STES@DF_CLI(4.1),Composite leading indicators,I,OECD,OECD,M,Monthly,CCICP,Composite consumer confidence,IX,Index,_Z,Not applicable,AA,Amplitude adjusted,IX,Index,_Z,Not applicable,H,OECD harmonised,1997-11,,101.4067,,A,Normal value,0,Units,2,Two,,
DATAFLOW,OECD.SDD.STES:DSD_STES@DF_CLI(4.1),Composite leading indicators,I,OECD,OECD,M,Monthly,CCICP,Composite consumer confidence,IX,Index,_Z,Not applicable,AA,Amplitude adjusted,IX,Index,_Z,Not applicable,H,OECD harmonised,1997-12,,101.3741,,A,Normal value,0,Units,2,Two,,
DATAFLOW,OECD.SDD.STES:DSD_STES@DF_CLI(4.1),Composite leading indicators,I,OECD,OECD,M,Monthly,CCICP,Composite consumer confidence,IX,Index,_Z,Not applicable,AA,Amplitude adjusted,IX,Index,_Z,Not applicable,H,OECD harmonised,1998-01,,101.4313,,A,Normal value,0,Units,2,Two,,
DATAFLOW,OECD.SDD.STES:DSD_STES@DF_CLI(4.1),Composite leading indicators,I,OECD,OECD,M,Monthly,CCICP,Composite consumer confidence,IX,Index,_Z,Not applicable,AA,Amplitude adjusted,IX,Index,_Z,Not applicable,H,OECD harmonised,1998-02,,101.5145,,A,Normal value,0,Units,2,Two,,
DATAFLOW,OECD.SDD.STES:DSD_STES@DF_CLI(4.1),Composite leading indicators,I,OECD,OECD,M,Monthly,CCICP,Composite consumer confidence,IX,Index,_Z,Not applicable,AA,Amplitude adjusted,IX,Index,_Z,Not applicable,H,OECD harmonised,1998-03,,101.5501,,A,Normal value,0,Units,2,Two,,
DATAFLOW,OECD.SDD.STES:DSD_STES@DF_CLI(4.1),Composite leading indicators,I,OECD,OECD,M,Monthly,CCICP,Composite consumer confidence,IX,Index,_Z,Not applicable,AA,Amplitude adjusted,IX,Index,_Z,Not applicable,H,OECD harmonised,1998-04,,101.5586,,A,Normal value,0,Units,2,Two,,
DATAFLOW,OECD.SDD.STES:DSD_STES@DF_CLI(4.1),Composite leading indicators,I,OECD,OECD,M,Monthly,CCICP,Composite consumer confidence,IX,Index,_Z,Not applicable,AA,Amplitude adjusted,IX,Index,_Z,Not applicable,H,OECD harmonised,1998-05,,101.5227,,A,Normal value,0,Units,2,Two,,
DATAFLOW,OECD.SDD.STES:DSD_STES@DF_CLI(4.1),Composite leading indicators,I,OECD,OECD,M,Monthly,CCICP,Composite consumer confidence,IX,Index,_Z,Not applicable,AA,Amplitude adjusted,IX,Index,_Z,Not applicable,H,OECD harmonised,1998-06,,101.4576,,A,Normal value,0,Units,2,Two,,
DATAFLOW,OECD.SDD.STES:DSD_STES@DF_CLI(4.1),Composite leading indicators,I,OECD,OECD,M,Monthly,CCICP,Composite consumer confidence,IX,Index,_Z,Not applicable,AA,Amplitude adjusted,IX,Index,_Z,Not applicable,H,OECD harmonised,1998-07,,101.4015,,A,Normal value,0,Units,2,Two,,
DATAFLOW,OECD.SDD.STES:DSD_STES@DF_CLI(4.1),Composite leading indicators,I,OECD,OECD,M,Monthly,CCICP,Composite consumer confidence,IX,Index,_Z,Not applicable,AA,Amplitude adjusted,IX,Index,_Z,Not applicable,H,OECD harmonised,1998-08,,101.3353,,A,Normal value,0,Units,2,Two,,
DATAFLOW,OECD.SDD.STES:DSD_STES@DF_CLI(4.1),Composite leading indicators,I,OECD,OECD,M,Monthly,CCICP,Composite consumer confidence,IX,Index,_Z,Not applicable,AA,Amplitude adjusted,IX,Index,_Z,Not applicable,H,OECD harmonised,1998-09,,101.2831,,A,Normal value,0,Units,2,Two,,
DATAFLOW,OECD.SDD.STES:DSD_STES@DF_CLI(4.1),Composite leading indicators,I,OECD,OECD,M,Monthly,CCICP,Composite consumer confidence,IX,Index,_Z,Not applicable,AA,Amplitude adjusted,IX,Index,_Z,Not applicable,H,OECD harmonised,1998-10,,101.2886,,A,Normal value,0,Units,2,Two,,
DATAFLOW,OECD.SDD.STES:DSD_STES@DF_CLI(4.1),Composite leading indicators,I,OECD,OECD,M,Monthly,CCICP,Composite consumer confidence,IX,Index,_Z,Not applicable,AA,Amplitude adjusted,IX,Index,_Z,Not applicable,H,OECD harmonised,1998-11,,101.3938,,A,Normal value,0,Units,2,Two,,
DATAFLOW,OECD.SDD.STES:DSD_STES@DF_CLI(4.1),Composite leading indicators,I,OECD,OECD,M,Monthly,CCICP,Composite consumer confidence,IX,Index,_Z,Not applicable,AA,Amplitude adjusted,IX,Index,_Z,Not applicable,H,OECD harmonised,1998-12,,101.506,,A,Normal value,0,Units,2,Two,,
DATAFLOW,OECD.SDD.STES:DSD_STES@DF_CLI(4.1),Composite leading indicators,I,OECD,OECD,M,Monthly,CCICP,Composite consumer confidence,IX,Index,_Z,Not applicable,AA,Amplitude adjusted,IX,Index,_Z,Not applicable,H,OECD harmonised,1999-01,,101.6554,,A,Normal value,0,Units,2,Two,,
DATAFLOW,OECD.SDD.STES:DSD_STES@DF_CLI(4.1),Composite leading indicators,I,OECD,OECD,M,Monthly,CCICP,Composite consumer confidence,IX,Index,_Z,Not applicable,AA,Amplitude adjusted,IX,Index,_Z,Not applicable,H,OECD harmonised,1999-02,,101.7519,,A,Normal value,0,Units,2,Two,,
DATAFLOW,OECD.SDD.STES:DSD_STES@DF_CLI(4.1),Composite leading indicators,I,OECD,OECD,M,Monthly,CCICP,Composite consumer confidence,IX,Index,_Z,Not applicable,AA,Amplitude adjusted,IX,Index,_Z,Not applicable,H,OECD harmonised,1999-03,,101.746,,A,Normal value,0,Units,2,Two,,
DATAFLOW,OECD.SDD.STES:DSD_STES@DF_CLI(4.1),Composite leading indicators,I,OECD,OECD,M,Monthly,CCICP,Composite consumer confidence,IX,Index,_Z,Not applicable,AA,Amplitude adjusted,IX,Index,_Z,Not applicable,H,OECD harmonised,1999-04,,101.7227,,A,Normal value,0,Units,2,Two,,
DATAFLOW,OECD.SDD.STES:DSD_STES@DF_CLI(4.1),Composite leading indicators,I,OECD,OECD,M,Monthly,CCICP,Composite consumer confidence,IX,Index,_Z,Not applicable,AA,Amplitude adjusted,IX,Index,_Z,Not applicable,H,OECD harmonised,1999-05,,101.7414,,A,Normal value,0,Units,2,Two,,
DATAFLOW,OECD.SDD.STES:DSD_STES@DF_CLI(4.1),Composite leading indicators,I,OECD,OECD,M,Monthly,CCICP,Composite consumer confidence,IX,Index,_Z,Not applicable,AA,Amplitude adjusted,IX,Index,_Z,Not applicable,H,OECD harmonised,1999-06,,101.7849,,A,Normal value,0,Units,2,Two,,
DATAFLOW,OECD.SDD.STES:DSD_STES@DF_CLI(4.1),Composite leading indicators,I,OECD,OECD,M,Monthly,CCICP,Composite consumer confidence,IX,Index,_Z,Not applicable,AA,Amplitude adjusted,IX,Index,_Z,Not applicable,H,OECD harmonised,1999-07,,101.8196,,A,Normal value,0,Units,2,Two,,
DATAFLOW,OECD.SDD.STES:DSD_STES@DF_CLI(4.1),Composite leading indicators,I,OECD,OECD,M,Monthly,CCICP,Composite consumer confidence,IX,Index,_Z,Not applicable,AA,Amplitude adjusted,IX,Index,_Z,Not applicable,H,OECD harmonised,1999-08,,101.8598,,A,Normal value,0,Units,2,Two,,
DATAFLOW,OECD.SDD.STES:DSD_STES@DF_CLI(4.1),Composite leading indicators,I,OECD,OECD,M,Monthly,CCICP,Composite consumer confidence,IX,Index,_Z,Not applicable,AA,Amplitude adjusted,IX,Index,_Z,Not applicable,H,OECD harmonised,1999-09,,101.9244,,A,Normal value,0,Units,2,Two,,
DATAFLOW,OECD.SDD.STES:DSD_STES@DF_CLI(4.1),Composite leading indicators,I,OECD,OECD,M,Monthly,CCICP,Composite consumer confidence,IX,Index,_Z,Not applicable,AA,Amplitude adjusted,IX,Index,_Z,Not applicable,H,OECD harmonised,1999-10,,101.9962,,A,Normal value,0,Units,2,Two,,
DATAFLOW,OECD.SDD.STES:DSD_STES@DF_CLI(4.1),Composite leading indicators,I,OECD,OECD,M,Monthly,CCICP,Composite consumer confidence,IX,Index,_Z,Not applicable,AA,Amplitude adjusted,IX,Index,_Z,Not applicable,H,OECD harmonised,1999-11,,102.0922,,A,Normal value,0,Units,2,Two,,
DATAFLOW,OECD.SDD.STES:DSD_STES@DF_CLI(4.1),Composite leading indicators,I,OECD,OECD,M,Monthly,CCICP,Composite consumer confidence,IX,Index,_Z,Not applicable,AA,Amplitude adjusted,IX,Index,_Z,Not applicable,H,OECD harmonised,1999-12,,102.1943,,A,Normal value,0,Units,2,Two,,
DATAFLOW,OECD.SDD.STES:DSD_STES@DF_CLI(4.1),Composite leading indicators,I,OECD,OECD,M,Monthly,CCICP,Composite consumer confidence,IX,Index,_Z,Not applicable,AA,Amplitude adjusted,IX,Index,_Z,Not applicable,H,OECD harmonised,2000-01,,102.3032,,A,Normal value,0,Units,2,Two,,
DATAFLOW,OECD.SDD.STES:DSD_STES@DF_CLI(4.1),Composite leading indicators,I,OECD,OECD,M,Monthly,CCICP,Composite consumer confidence,IX,Index,_Z,Not applicable,AA,Amplitude adjusted,IX,Index,_Z,Not applicable,H,OECD harmonised,2000-02,,102.3116,,A,Normal value,0,Units,2,Two,,
DATAFLOW,OECD.SDD.STES:DSD_STES@DF_CLI(4.1),Composite leading indicators,I,OECD,OECD,M,Monthly,CCICP,Composite consumer confidence,IX,Index,_Z,Not applicable,AA,Amplitude adjusted,IX,Index,_Z,Not applicable,H,OECD harmonised,2000-03,,102.2643,,A,Normal value,0,Units,2,Two,,
DATAFLOW,OECD.SDD.STES:DSD_STES@DF_CLI(4.1),Composite leading indicators,I,OECD,OECD,M,Monthly,CCICP,Composite consumer confidence,IX,Index,_Z,Not applicable,AA,Amplitude adjusted,IX,Index,_Z,Not applicable,H,OECD harmonised,2000-04,,102.245,,A,Normal value,0,Units,2,Two,,
DATAFLOW,OECD.SDD.STES:DSD_STES@DF_CLI(4.1),Composite leading indicators,I,OECD,OECD,M,Monthly,CCICP,Composite consumer confidence,IX,Index,_Z,Not applicable,AA,Amplitude adjusted,IX,Index,_Z,Not applicable,H,OECD harmonised,2000-05,,102.236,,A,Normal value,0,Units,2,Two,,
DATAFLOW,OECD.SDD.STES:DSD_STES@DF_CLI(4.1),Composite leading indicators,I,OECD,OECD,M,Monthly,CCICP,Composite consumer confidence,IX,Index,_Z,Not applicable,AA,Amplitude adjusted,IX,Index,_Z,Not applicable,H,OECD harmonised,2000-06,,102.2068,,A,Normal value,0,Units,2,Two,,
DATAFLOW,OECD.SDD.STES:DSD_STES@DF_CLI(4.1),Composite leading indicators,I,OECD,OECD,M,Monthly,CCICP,Composite consumer confidence,IX,Index,_Z,Not applicable,AA,Amplitude adjusted,IX,Index,_Z,Not applicable,H,OECD harmonised,2000-07,,102.2006,,A,Normal value,0,Units,2,Two,,
DATAFLOW,OECD.SDD.STES:DSD_STES@DF_CLI(4.1),Composite leading indicators,I,OECD,OECD,M,Monthly,CCICP,Composite consumer confidence,IX,Index,_Z,Not applicable,AA,Amplitude adjusted,IX,Index,_Z,Not applicable,H,OECD harmonised,2000-08,,102.1426,,A,Normal value,0,Units,2,Two,,
DATAFLOW,OECD.SDD.STES:DSD_STES@DF_CLI(4.1),Composite leading indicators,I,OECD,OECD,M,Monthly,CCICP,Composite consumer confidence,IX,Index,_Z,Not applicable,AA,Amplitude adjusted,IX,Index,_Z,Not applicable,H,OECD harmonised,2000-09,,102.0203,,A,Normal value,0,Units,2,Two,,
DATAFLOW,OECD.SDD.STES:DSD_STES@DF_CLI(4.1),Composite leading indicators,I,OECD,OECD,M,Monthly,CCICP,Composite consumer confidence,IX,Index,_Z,Not applicable,AA,Amplitude adjusted,IX,Index,_Z,Not applicable,H,OECD harmonised,2000-10,,101.9294,,A,Normal value,0,Units,2,Two,,
DATAFLOW,OECD.SDD.STES:DSD_STES@DF_CLI(4.1),Composite leading indicators,I,OECD,OECD,M,Monthly,CCICP,Composite consumer confidence,IX,Index,_Z,Not applicable,AA,Amplitude adjusted,IX,Index,_Z,Not applicable,H,OECD harmonised,2000-11,,101.8034,,A,Normal value,0,Units,2,Two,,
DATAFLOW,OECD.SDD.STES:DSD_STES@DF_CLI(4.1),Composite leading indicators,I,OECD,OECD,M,Monthly,CCICP,Composite consumer confidence,IX,Index,_Z,Not applicable,AA,Amplitude adjusted,IX,Index,_Z,Not applicable,H,OECD harmonised,2000-12,,101.6027,,A,Normal value,0,Units,2,Two,,
DATAFLOW,OECD.SDD.STES:DSD_STES@DF_CLI(4.1),Composite leading indicators,I,OECD,OECD,M,Monthly,CCICP,Composite consumer confidence,IX,Index,_Z,Not applicable,AA,Amplitude adjusted,IX,Index,_Z,Not applicable,H,OECD harmonised,2001-01,,101.4062,,A,Normal value,0,Units,2,Two,,
DATAFLOW,OECD.SDD.STES:DSD_STES@DF_CLI(4.1),Composite leading indicators,I,OECD,OECD,M,Monthly,CCICP,Composite consumer confidence,IX,Index,_Z,Not applicable,AA,Amplitude adjusted,IX,Index,_Z,Not applicable,H,OECD harmonised,2001-02,,101.2452,,A,Normal value,0,Units,2,Two,,
DATAFLOW,OECD.SDD.STES:DSD_STES@DF_CLI(4.1),Composite leading indicators,I,OECD,OECD,M,Monthly,CCICP,Composite consumer confidence,IX,Index,_Z,Not applicable,AA,Amplitude adjusted,IX,Index,_Z,Not applicable,H,OECD harmonised,2001-03,,101.1514,,A,Normal value,0,Units,2,Two,,
DATAFLOW,OECD.SDD.STES:DSD_STES@DF_CLI(4.1),Composite leading indicators,I,OECD,OECD,M,Monthly,CCICP,Composite consumer confidence,IX,Index,_Z,Not applicable,AA,Amplitude adjusted,IX,Index,_Z,Not applicable,H,OECD harmonised,2001-04,,101.0871,,A,Normal value,0,Units,2,Two,,
DATAFLOW,OECD.SDD.STES:DSD_STES@DF_CLI(4.1),Composite leading indicators,I,OECD,OECD,M,Monthly,CCICP,Composite consumer confidence,IX,Index,_Z,Not applicable,AA,Amplitude adjusted,IX,Index,_Z,Not applicable,H,OECD harmonised,2001-05,,101.0442,,A,Normal value,0,Units,2,Two,,
DATAFLOW,OECD.SDD.STES:DSD_STES@DF_CLI(4.1),Composite leading indicators,I,OECD,OECD,M,Monthly,CCICP,Composite consumer confidence,IX,Index,_Z,Not applicable,AA,Amplitude adjusted,IX,Index,_Z,Not applicable,H,OECD harmonised,2001-06,,101.0064,,A,Normal value,0,Units,2,Two,,
DATAFLOW,OECD.SDD.STES:DSD_STES@DF_CLI(4.1),Composite leading indicators,I,OECD,OECD,M,Monthly,CCICP,Composite consumer confidence,IX,Index,_Z,Not applicable,AA,Amplitude adjusted,IX,Index,_Z,Not applicable,H,OECD harmonised,2001-07,,100.9203,,A,Normal value,0,Units,2,Two,,
DATAFLOW,OECD.SDD.STES:DSD_STES@DF_CLI(4.1),Composite leading indicators,I,OECD,OECD,M,Monthly,CCICP,Composite consumer confidence,IX,Index,_Z,Not applicable,AA,Amplitude adjusted,IX,Index,_Z,Not applicable,H,OECD harmonised,2001-08,,100.7329,,A,Normal value,0,Units,2,Two,,
DATAFLOW,OECD.SDD.STES:DSD_STES@DF_CLI(4.1),Composite leading indicators,I,OECD,OECD,M,Monthly,CCICP,Composite consumer confidence,IX,Index,_Z,Not applicable,AA,Amplitude adjusted,IX,Index,_Z,Not applicable,H,OECD harmonised,2001-09,,100.4837,,A,Normal value,0,Units,2,Two,,
DATAFLOW,OECD.SDD.STES:DSD_STES@DF_CLI(4.1),Composite leading indicators,I,OECD,OECD,M,Monthly,CCICP,Composite consumer confidence,IX,Index,_Z,Not applicable,AA,Amplitude adjusted,IX,Index,_Z,Not applicable,H,OECD harmonised,2001-10,,100.3649,,A,Normal value,0,Units,2,Two,,
DATAFLOW,OECD.SDD.STES:DSD_STES@DF_CLI(4.1),Composite leading indicators,I,OECD,OECD,M,Monthly,CCICP,Composite consumer confidence,IX,Index,_Z,Not applicable,AA,Amplitude adjusted,IX,Index,_Z,Not applicable,H,OECD harmonised,2001-11,,100.4227,,A,Normal value,0,Units,2,Two,,
DATAFLOW,OECD.SDD.STES:DSD_STES@DF_CLI(4.1),Composite leading indicators,I,OECD,OECD,M,Monthly,CCICP,Composite consumer confidence,IX,Index,_Z,Not applicable,AA,Amplitude adjusted,IX,Index,_Z,Not applicable,H,OECD harmonised,2001-12,,100.5996,,A,Normal value,0,Units,2,Two,,
DATAFLOW,OECD.SDD.STES:DSD_STES@DF_CLI(4.1),Composite leading indicators,I,OECD,OECD,M,Monthly,CCICP,Composite consumer confidence,IX,Index,_Z,Not applicable,AA,Amplitude adjusted,IX,Index,_Z,Not applicable,H,OECD harmonised,2002-01,,100.7593,,A,Normal value,0,Units,2,Two,,
DATAFLOW,OECD.SDD.STES:DSD_STES@DF_CLI(4.1),Composite leading indicators,I,OECD,OECD,M,Monthly,CCICP,Composite consumer confidence,IX,Index,_Z,Not applicable,AA,Amplitude adjusted,IX,Index,_Z,Not applicable,H,OECD harmonised,2002-02,,100.8767,,A,Normal value,0,Units,2,Two,,
DATAFLOW,OECD.SDD.STES:DSD_STES@DF_CLI(4.1),Composite leading indicators,I,OECD,OECD,M,Monthly,CCICP,Composite consumer confidence,IX,Index,_Z,Not applicable,AA,Amplitude adjusted,IX,Index,_Z,Not applicable,H,OECD harmonised,2002-03,,100.9758,,A,Normal value,0,Units,2,Two,,
DATAFLOW,OECD.SDD.STES:DSD_STES@DF_CLI(4.1),Composite leading indicators,I,OECD,OECD,M,Monthly,CCICP,Composite consumer confidence,IX,Index,_Z,Not applicable,AA,Amplitude adjusted,IX,Index,_Z,Not applicable,H,OECD harmonised,2002-04,,100.9996,,A,Normal value,0,Units,2,Two,,
DATAFLOW,OECD.SDD.STES:DSD_STES@DF_CLI(4.1),Composite leading indicators,I,OECD,OECD,M,Monthly,CCICP,Composite consumer confidence,IX,Index,_Z,Not applicable,AA,Amplitude adjusted,IX,Index,_Z,Not applicable,H,OECD harmonised,2002-05,,100.983,,A,Normal value,0,Units,2,Two,,
DATAFLOW,OECD.SDD.STES:DSD_STES@DF_CLI(4.1),Composite leading indicators,I,OECD,OECD,M,Monthly,CCICP,Composite consumer confidence,IX,Index,_Z,Not applicable,AA,Amplitude adjusted,IX,Index,_Z,Not applicable,H,OECD harmonised,2002-06,,100.8683,,A,Normal value,0,Units,2,Two,,
DATAFLOW,OECD.SDD.STES:DSD_STES@DF_CLI(4.1),Composite leading indicators,I,OECD,OECD,M,Monthly,CCICP,Composite consumer confidence,IX,Index,_Z,Not applicable,AA,Amplitude adjusted,IX,Index,_Z,Not applicable,H,OECD harmonised,2002-07,,100.7169,,A,Normal value,0,Units,2,Two,,
DATAFLOW,OECD.SDD.STES:DSD_STES@DF_CLI(4.1),Composite leading indicators,I,OECD,OECD,M,Monthly,CCICP,Composite consumer confidence,IX,Index,_Z,Not applicable,AA,Amplitude adjusted,IX,Index,_Z,Not applicable,H,OECD harmonised,2002-08,,100.5719,,A,Normal value,0,Units,2,Two,,
DATAFLOW,OECD.SDD.STES:DSD_STES@DF_CLI(4.1),Composite leading indicators,I,OECD,OECD,M,Monthly,CCICP,Composite consumer confidence,IX,Index,_Z,Not applicable,AA,Amplitude adjusted,IX,Index,_Z,Not applicable,H,OECD harmonised,2002-09,,100.432,,A,Normal value,0,Units,2,Two,,
DATAFLOW,OECD.SDD.STES:DSD_STES@DF_CLI(4.1),Composite leading indicators,I,OECD,OECD,M,Monthly,CCICP,Composite consumer confidence,IX,Index,_Z,Not applicable,AA,Amplitude adjusted,IX,Index,_Z,Not applicable,H,OECD harmonised,2002-10,,100.2836,,A,Normal value,0,Units,2,Two,,
DATAFLOW,OECD.SDD.STES:DSD_STES@DF_CLI(4.1),Composite leading indicators,I,OECD,OECD,M,Monthly,CCICP,Composite consumer confidence,IX,Index,_Z,Not applicable,AA,Amplitude adjusted,IX,Index,_Z,Not applicable,H,OECD harmonised,2002-11,,100.1818,,A,Normal value,0,Units,2,Two,,
DATAFLOW,OECD.SDD.STES:DSD_STES@DF_CLI(4.1),Composite leading indicators,I,OECD,OECD,M,Monthly,CCICP,Composite consumer confidence,IX,Index,_Z,Not applicable,AA,Amplitude adjusted,IX,Index,_Z,Not applicable,H,OECD harmonised,2002-12,,100.0461,,A,Normal value,0,Units,2,Two,,
DATAFLOW,OECD.SDD.STES:DSD_STES@DF_CLI(4.1),Composite leading indicators,I,OECD,OECD,M,Monthly,CCICP,Composite consumer confidence,IX,Index,_Z,Not applicable,AA,Amplitude adjusted,IX,Index,_Z,Not applicable,H,OECD harmonised,2003-01,,99.85091,,A,Normal value,0,Units,2,Two,,
DATAFLOW,OECD.SDD.STES:DSD_STES@DF_CLI(4.1),Composite leading indicators,I,OECD,OECD,M,Monthly,CCICP,Composite consumer confidence,IX,Index,_Z,Not applicable,AA,Amplitude adjusted,IX,Index,_Z,Not applicable,H,OECD harmonised,2003-02,,99.6832,,A,Normal value,0,Units,2,Two,,
DATAFLOW,OECD.SDD.STES:DSD_STES@DF_CLI(4.1),Composite leading indicators,I,OECD,OECD,M,Monthly,CCICP,Composite consumer confidence,IX,Index,_Z,Not applicable,AA,Amplitude adjusted,IX,Index,_Z,Not applicable,H,OECD harmonised,2003-03,,99.67278,,A,Normal value,0,Units,2,Two,,
DATAFLOW,OECD.SDD.STES:DSD_STES@DF_CLI(4.1),Composite leading indicators,I,OECD,OECD,M,Monthly,CCICP,Composite consumer confidence,IX,Index,_Z,Not applicable,AA,Amplitude adjusted,IX,Index,_Z,Not applicable,H,OECD harmonised,2003-04,,99.90652,,A,Normal value,0,Units,2,Two,,
DATAFLOW,OECD.SDD.STES:DSD_STES@DF_CLI(4.1),Composite leading indicators,I,OECD,OECD,M,Monthly,CCICP,Composite consumer confidence,IX,Index,_Z,Not applicable,AA,Amplitude adjusted,IX,Index,_Z,Not applicable,H,OECD harmonised,2003-05,,100.1684,,A,Normal value,0,Units,2,Two,,
DATAFLOW,OECD.SDD.STES:DSD_STES@DF_CLI(4.1),Composite leading indicators,I,OECD,OECD,M,Monthly,CCICP,Composite consumer confidence,IX,Index,_Z,Not applicable,AA,Amplitude adjusted,IX,Index,_Z,Not applicable,H,OECD harmonised,2003-06,,100.3264,,A,Normal value,0,Units,2,Two,,
DATAFLOW,OECD.SDD.STES:DSD_STES@DF_CLI(4.1),Composite leading indicators,I,OECD,OECD,M,Monthly,CCICP,Composite consumer confidence,IX,Index,_Z,Not applicable,AA,Amplitude adjusted,IX,Index,_Z,Not applicable,H,OECD harmonised,2003-07,,100.3896,,A,Normal value,0,Units,2,Two,,
DATAFLOW,OECD.SDD.STES:DSD_STES@DF_CLI(4.1),Composite leading indicators,I,OECD,OECD,M,Monthly,CCICP,Composite consumer confidence,IX,Index,_Z,Not applicable,AA,Amplitude adjusted,IX,Index,_Z,Not applicable,H,OECD harmonised,2003-08,,100.3832,,A,Normal value,0,Units,2,Two,,
DATAFLOW,OECD.SDD.STES:DSD_STES@DF_CLI(4.1),Composite leading indicators,I,OECD,OECD,M,Monthly,CCICP,Composite consumer confidence,IX,Index,_Z,Not applicable,AA,Amplitude adjusted,IX,Index,_Z,Not applicable,H,OECD harmonised,2003-09,,100.3907,,A,Normal value,0,Units,2,Two,,
DATAFLOW,OECD.SDD.STES:DSD_STES@DF_CLI(4.1),Composite leading indicators,I,OECD,OECD,M,Monthly,CCICP,Composite consumer confidence,IX,Index,_Z,Not applicable,AA,Amplitude adjusted,IX,Index,_Z,Not applicable,H,OECD harmonised,2003-10,,100.4587,,A,Normal value,0,Units,2,Two,,
DATAFLOW,OECD.SDD.STES:DSD_STES@DF_CLI(4.1),Composite leading indicators,I,OECD,OECD,M,Monthly,CCICP,Composite consumer confidence,IX,Index,_Z,Not applicable,AA,Amplitude adjusted,IX,Index,_Z,Not applicable,H,OECD harmonised,2003-11,,100.5841,,A,Normal value,0,Units,2,Two,,
DATAFLOW,OECD.SDD.STES:DSD_STES@DF_CLI(4.1),Composite leading indicators,I,OECD,OECD,M,Monthly,CCICP,Composite consumer confidence,IX,Index,_Z,Not applicable,AA,Amplitude adjusted,IX,Index,_Z,Not applicable,H,OECD harmonised,2003-12,,100.7159,,A,Normal value,0,Units,2,Two,,
DATAFLOW,OECD.SDD.STES:DSD_STES@DF_CLI(4.1),Composite leading indicators,I,OECD,OECD,M,Monthly,CCICP,Composite consumer confidence,IX,Index,_Z,Not applicable,AA,Amplitude adjusted,IX,Index,_Z,Not applicable,H,OECD harmonised,2004-01,,100.8519,,A,Normal value,0,Units,2,Two,,
DATAFLOW,OECD.SDD.STES:DSD_STES@DF_CLI(4.1),Composite leading indicators,I,OECD,OECD,M,Monthly,CCICP,Composite consumer confidence,IX,Index,_Z,Not applicable,AA,Amplitude adjusted,IX,Index,_Z,Not applicable,H,OECD harmonised,2004-02,,100.8414,,A,Normal value,0,Units,2,Two,,
DATAFLOW,OECD.SDD.STES:DSD_STES@DF_CLI(4.1),Composite leading indicators,I,OECD,OECD,M,Monthly,CCICP,Composite consumer confidence,IX,Index,_Z,Not applicable,AA,Amplitude adjusted,IX,Index,_Z,Not applicable,H,OECD harmonised,2004-03,,100.8044,,A,Normal value,0,Units,2,Two,,
DATAFLOW,OECD.SDD.STES:DSD_STES@DF_CLI(4.1),Composite leading indicators,I,OECD,OECD,M,Monthly,CCICP,Composite consumer confidence,IX,Index,_Z,Not applicable,AA,Amplitude adjusted,IX,Index,_Z,Not applicable,H,OECD harmonised,2004-04,,100.7707,,A,Normal value,0,Units,2,Two,,
DATAFLOW,OECD.SDD.STES:DSD_STES@DF_CLI(4.1),Composite leading indicators,I,OECD,OECD,M,Monthly,CCICP,Composite consumer confidence,IX,Index,_Z,Not applicable,AA,Amplitude adjusted,IX,Index,_Z,Not applicable,H,OECD harmonised,2004-05,,100.7502,,A,Normal value,0,Units,2,Two,,
DATAFLOW,OECD.SDD.STES:DSD_STES@DF_CLI(4.1),Composite leading indicators,I,OECD,OECD,M,Monthly,CCICP,Composite consumer confidence,IX,Index,_Z,Not applicable,AA,Amplitude adjusted,IX,Index,_Z,Not applicable,H,OECD harmonised,2004-06,,100.7895,,A,Normal value,0,Units,2,Two,,
DATAFLOW,OECD.SDD.STES:DSD_STES@DF_CLI(4.1),Composite leading indicators,I,OECD,OECD,M,Monthly,CCICP,Composite consumer confidence,IX,Index,_Z,Not applicable,AA,Amplitude adjusted,IX,Index,_Z,Not applicable,H,OECD harmonised,2004-07,,100.8436,,A,Normal value,0,Units,2,Two,,
DATAFLOW,OECD.SDD.STES:DSD_STES@DF_CLI(4.1),Composite leading indicators,I,OECD,OECD,M,Monthly,CCICP,Composite consumer confidence,IX,Index,_Z,Not applicable,AA,Amplitude adjusted,IX,Index,_Z,Not applicable,H,OECD harmonised,2004-08,,100.8455,,A,Normal value,0,Units,2,Two,,
DATAFLOW,OECD.SDD.STES:DSD_STES@DF_CLI(4.1),Composite leading indicators,I,OECD,OECD,M,Monthly,CCICP,Composite consumer confidence,IX,Index,_Z,Not applicable,AA,Amplitude adjusted,IX,Index,_Z,Not applicable,H,OECD harmonised,2004-09,,100.8218,,A,Normal value,0,Units,2,Two,,
DATAFLOW,OECD.SDD.STES:DSD_STES@DF_CLI(4.1),Composite leading indicators,I,OECD,OECD,M,Monthly,CCICP,Composite consumer confidence,IX,Index,_Z,Not applicable,AA,Amplitude adjusted,IX,Index,_Z,Not applicable,H,OECD harmonised,2004-10,,100.8268,,A,Normal value,0,Units,2,Two,,
DATAFLOW,OECD.SDD.STES:DSD_STES@DF_CLI(4.1),Composite leading indicators,I,OECD,OECD,M,Monthly,CCICP,Composite consumer confidence,IX,Index,_Z,Not applicable,AA,Amplitude adjusted,IX,Index,_Z,Not applicable,H,OECD harmonised,2004-11,,100.8793,,A,Normal value,0,Units,2,Two,,
DATAFLOW,OECD.SDD.STES:DSD_STES@DF_CLI(4.1),Composite leading indicators,I,OECD,OECD,M,Monthly,CCICP,Composite consumer confidence,IX,Index,_Z,Not applicable,AA,Amplitude adjusted,IX,Index,_Z,Not applicable,H,OECD harmonised,1984-06,,100.7703,,A,Normal value,0,Units,2,Two,,
DATAFLOW,OECD.SDD.STES:DSD_STES@DF_CLI(4.1),Composite leading indicators,I,OECD,OECD,M,Monthly,CCICP,Composite consumer confidence,IX,Index,_Z,Not applicable,AA,Amplitude adjusted,IX,Index,_Z,Not applicable,H,OECD harmonised,1984-07,,100.8257,,A,Normal value,0,Units,2,Two,,
DATAFLOW,OECD.SDD.STES:DSD_STES@DF_CLI(4.1),Composite leading indicators,I,OECD,OECD,M,Monthly,CCICP,Composite consumer confidence,IX,Index,_Z,Not applicable,AA,Amplitude adjusted,IX,Index,_Z,Not applicable,H,OECD harmonised,1984-08,,100.9252,,A,Normal value,0,Units,2,Two,,
DATAFLOW,OECD.SDD.STES:DSD_STES@DF_CLI(4.1),Composite leading indicators,I,OECD,OECD,M,Monthly,CCICP,Composite consumer confidence,IX,Index,_Z,Not applicable,AA,Amplitude adjusted,IX,Index,_Z,Not applicable,H,OECD harmonised,1980-05,,98.60776,,A,Normal value,0,Units,2,Two,,
DATAFLOW,OECD.SDD.STES:DSD_STES@DF_CLI(4.1),Composite leading indicators,I,OECD,OECD,M,Monthly,CCICP,Composite consumer confidence,IX,Index,_Z,Not applicable,AA,Amplitude adjusted,IX,Index,_Z,Not applicable,H,OECD harmonised,1980-06,,98.74187,,A,Normal value,0,Units,2,Two,,
DATAFLOW,OECD.SDD.STES:DSD_STES@DF_CLI(4.1),Composite leading indicators,I,OECD,OECD,M,Monthly,CCICP,Composite consumer confidence,IX,Index,_Z,Not applicable,AA,Amplitude adjusted,IX,Index,_Z,Not applicable,H,OECD harmonised,1980-07,,98.95405,,A,Normal value,0,Units,2,Two,,
DATAFLOW,OECD.SDD.STES:DSD_STES@DF_CLI(4.1),Composite leading indicators,I,OECD,OECD,M,Monthly,CCICP,Composite consumer confidence,IX,Index,_Z,Not applicable,AA,Amplitude adjusted,IX,Index,_Z,Not applicable,H,OECD harmonised,1980-08,,99.22122,,A,Normal value,0,Units,2,Two,,
DATAFLOW,OECD.SDD.STES:DSD_STES@DF_CLI(4.1),Composite leading indicators,I,OECD,OECD,M,Monthly,CCICP,Composite consumer confidence,IX,Index,_Z,Not applicable,AA,Amplitude adjusted,IX,Index,_Z,Not applicable,H,OECD harmonised,1980-09,,99.43127,,A,Normal value,0,Units,2,Two,,
DATAFLOW,OECD.SDD.STES:DSD_STES@DF_CLI(4.1),Composite leading indicators,I,OECD,OECD,M,Monthly,CCICP,Composite consumer confidence,IX,Index,_Z,Not applicable,AA,Amplitude adjusted,IX,Index,_Z,Not applicable,H,OECD harmonised,2007-08,,100.7914,,A,Normal value,0,Units,2,Two,,
DATAFLOW,OECD.SDD.STES:DSD_STES@DF_CLI(4.1),Composite leading indicators,I,OECD,OECD,M,Monthly,CCICP,Composite consumer confidence,IX,Index,_Z,Not applicable,AA,Amplitude adjusted,IX,Index,_Z,Not applicable,H,OECD harmonised,2007-09,,100.6033,,A,Normal value,0,Units,2,Two,,
DATAFLOW,OECD.SDD.STES:DSD_STES@DF_CLI(4.1),Composite leading indicators,I,OECD,OECD,M,Monthly,CCICP,Composite consumer confidence,IX,Index,_Z,Not applicable,AA,Amplitude adjusted,IX,Index,_Z,Not applicable,H,OECD harmonised,2007-10,,100.3714,,A,Normal value,0,Units,2,Two,,
DATAFLOW,OECD.SDD.STES:DSD_STES@DF_CLI(4.1),Composite leading indicators,I,OECD,OECD,M,Monthly,CCICP,Composite consumer confidence,IX,Index,_Z,Not applicable,AA,Amplitude adjusted,IX,Index,_Z,Not applicable,H,OECD harmonised,2015-03,,100.7106,,A,Normal value,0,Units,2,Two,,
DATAFLOW,OECD.SDD.STES:DSD_STES@DF_CLI(4.1),Composite leading indicators,I,OECD,OECD,M,Monthly,CCICP,Composite consumer confidence,IX,Index,_Z,Not applicable,AA,Amplitude adjusted,IX,Index,_Z,Not applicable,H,OECD harmonised,2015-04,,100.7108,,A,Normal value,0,Units,2,Two,,
DATAFLOW,OECD.SDD.STES:DSD_STES@DF_CLI(4.1),Composite leading indicators,I,OECD,OECD,M,Monthly,CCICP,Composite consumer confidence,IX,Index,_Z,Not applicable,AA,Amplitude adjusted,IX,Index,_Z,Not applicable,H,OECD harmonised,2015-05,,100.6467,,A,Normal value,0,Units,2,Two,,
DATAFLOW,OECD.SDD.STES:DSD_STES@DF_CLI(4.1),Composite leading indicators,I,OECD,OECD,M,Monthly,CCICP,Composite consumer confidence,IX,Index,_Z,Not applicable,AA,Amplitude adjusted,IX,Index,_Z,Not applicable,H,OECD harmonised,2015-06,,100.5979,,A,Normal value,0,Units,2,Two,,
DATAFLOW,OECD.SDD.STES:DSD_STES@DF_CLI(4.1),Composite leading indicators,I,OECD,OECD,M,Monthly,CCICP,Composite consumer confidence,IX,Index,_Z,Not applicable,AA,Amplitude adjusted,IX,Index,_Z,Not applicable,H,OECD harmonised,2015-07,,100.4943,,A,Normal value,0,Units,2,Two,,
DATAFLOW,OECD.SDD.STES:DSD_STES@DF_CLI(4.1),Composite leading indicators,I,OECD,OECD,M,Monthly,CCICP,Composite consumer confidence,IX,Index,_Z,Not applicable,AA,Amplitude adjusted,IX,Index,_Z,Not applicable,H,OECD harmonised,2015-08,,100.4123,,A,Normal value,0,Units,2,Two,,
DATAFLOW,OECD.SDD.STES:DSD_STES@DF_CLI(4.1),Composite leading indicators,I,OECD,OECD,M,Monthly,CCICP,Composite consumer confidence,IX,Index,_Z,Not applicable,AA,Amplitude adjusted,IX,Index,_Z,Not applicable,H,OECD harmonised,2015-09,,100.391,,A,Normal value,0,Units,2,Two,,
DATAFLOW,OECD.SDD.STES:DSD_STES@DF_CLI(4.1),Composite leading indicators,I,OECD,OECD,M,Monthly,CCICP,Composite consumer confidence,IX,Index,_Z,Not applicable,AA,Amplitude adjusted,IX,Index,_Z,Not applicable,H,OECD harmonised,2015-10,,100.4975,,A,Normal value,0,Units,2,Two,,
DATAFLOW,OECD.SDD.STES:DSD_STES@DF_CLI(4.1),Composite leading indicators,I,OECD,OECD,M,Monthly,CCICP,Composite consumer confidence,IX,Index,_Z,Not applicable,AA,Amplitude adjusted,IX,Index,_Z,Not applicable,H,OECD harmonised,2015-11,,100.6291,,A,Normal value,0,Units,2,Two,,
DATAFLOW,OECD.SDD.STES:DSD_STES@DF_CLI(4.1),Composite leading indicators,I,OECD,OECD,M,Monthly,CCICP,Composite consumer confidence,IX,Index,_Z,Not applicable,AA,Amplitude adjusted,IX,Index,_Z,Not applicable,H,OECD harmonised,2015-12,,100.6699,,A,Normal value,0,Units,2,Two,,
DATAFLOW,OECD.SDD.STES:DSD_STES@DF_CLI(4.1),Composite leading indicators,I,OECD,OECD,M,Monthly,CCICP,Composite consumer confidence,IX,Index,_Z,Not applicable,AA,Amplitude adjusted,IX,Index,_Z,Not applicable,H,OECD harmonised,2016-01,,100.6014,,A,Normal value,0,Units,2,Two,,
DATAFLOW,OECD.SDD.STES:DSD_STES@DF_CLI(4.1),Composite leading indicators,I,OECD,OECD,M,Monthly,CCICP,Composite consumer confidence,IX,Index,_Z,Not applicable,AA,Amplitude adjusted,IX,Index,_Z,Not applicable,H,OECD harmonised,2016-02,,100.495,,A,Normal value,0,Units,2,Two,,
DATAFLOW,OECD.SDD.STES:DSD_STES@DF_CLI(4.1),Composite leading indicators,I,OECD,OECD,M,Monthly,CCICP,Composite consumer confidence,IX,Index,_Z,Not applicable,AA,Amplitude adjusted,IX,Index,_Z,Not applicable,H,OECD harmonised,2016-03,,100.4333,,A,Normal value,0,Units,2,Two,,
DATAFLOW,OECD.SDD.STES:DSD_STES@DF_CLI(4.1),Composite leading indicators,I,OECD,OECD,M,Monthly,CCICP,Composite consumer confidence,IX,Index,_Z,Not applicable,AA,Amplitude adjusted,IX,Index,_Z,Not applicable,H,OECD harmonised,2016-04,,100.4359,,A,Normal value,0,Units,2,Two,,
DATAFLOW,OECD.SDD.STES:DSD_STES@DF_CLI(4.1),Composite leading indicators,I,OECD,OECD,M,Monthly,CCICP,Composite consumer confidence,IX,Index,_Z,Not applicable,AA,Amplitude adjusted,IX,Index,_Z,Not applicable,H,OECD harmonised,2016-05,,100.4825,,A,Normal value,0,Units,2,Two,,
DATAFLOW,OECD.SDD.STES:DSD_STES@DF_CLI(4.1),Composite leading indicators,I,OECD,OECD,M,Monthly,CCICP,Composite consumer confidence,IX,Index,_Z,Not applicable,AA,Amplitude adjusted,IX,Index,_Z,Not applicable,H,OECD harmonised,2016-06,,100.4708,,A,Normal value,0,Units,2,Two,,
DATAFLOW,OECD.SDD.STES:DSD_STES@DF_CLI(4.1),Composite leading indicators,I,OECD,OECD,M,Monthly,CCICP,Composite consumer confidence,IX,Index,_Z,Not applicable,AA,Amplitude adjusted,IX,Index,_Z,Not applicable,H,OECD harmonised,2016-07,,100.3953,,A,Normal value,0,Units,2,Two,,
DATAFLOW,OECD.SDD.STES:DSD_STES@DF_CLI(4.1),Composite leading indicators,I,OECD,OECD,M,Monthly,CCICP,Composite consumer confidence,IX,Index,_Z,Not applicable,AA,Amplitude adjusted,IX,Index,_Z,Not applicable,H,OECD harmonised,2016-08,,100.3827,,A,Normal value,0,Units,2,Two,,
DATAFLOW,OECD.SDD.STES:DSD_STES@DF_CLI(4.1),Composite leading indicators,I,OECD,OECD,M,Monthly,CCICP,Composite consumer confidence,IX,Index,_Z,Not applicable,AA,Amplitude adjusted,IX,Index,_Z,Not applicable,H,OECD harmonised,2016-09,,100.4176,,A,Normal value,0,Units,2,Two,,
DATAFLOW,OECD.SDD.STES:DSD_STES@DF_CLI(4.1),Composite leading indicators,I,OECD,OECD,M,Monthly,CCICP,Composite consumer confidence,IX,Index,_Z,Not applicable,AA,Amplitude adjusted,IX,Index,_Z,Not applicable,H,OECD harmonised,2016-10,,100.4503,,A,Normal value,0,Units,2,Two,,
DATAFLOW,OECD.SDD.STES:DSD_STES@DF_CLI(4.1),Composite leading indicators,I,OECD,OECD,M,Monthly,CCICP,Composite consumer confidence,IX,Index,_Z,Not applicable,AA,Amplitude adjusted,IX,Index,_Z,Not applicable,H,OECD harmonised,2016-11,,100.5142,,A,Normal value,0,Units,2,Two,,
DATAFLOW,OECD.SDD.STES:DSD_STES@DF_CLI(4.1),Composite leading indicators,I,OECD,OECD,M,Monthly,CCICP,Composite consumer confidence,IX,Index,_Z,Not applicable,AA,Amplitude adjusted,IX,Index,_Z,Not applicable,H,OECD harmonised,2016-12,,100.5654,,A,Normal value,0,Units,2,Two,,
DATAFLOW,OECD.SDD.STES:DSD_STES@DF_CLI(4.1),Composite leading indicators,I,OECD,OECD,M,Monthly,CCICP,Composite consumer confidence,IX,Index,_Z,Not applicable,AA,Amplitude adjusted,IX,Index,_Z,Not applicable,H,OECD harmonised,2017-01,,100.5604,,A,Normal value,0,Units,2,Two,,
DATAFLOW,OECD.SDD.STES:DSD_STES@DF_CLI(4.1),Composite leading indicators,I,OECD,OECD,M,Monthly,CCICP,Composite consumer confidence,IX,Index,_Z,Not applicable,AA,Amplitude adjusted,IX,Index,_Z,Not applicable,H,OECD harmonised,2017-02,,100.5872,,A,Normal value,0,Units,2,Two,,
DATAFLOW,OECD.SDD.STES:DSD_STES@DF_CLI(4.1),Composite leading indicators,I,OECD,OECD,M,Monthly,CCICP,Composite consumer confidence,IX,Index,_Z,Not applicable,AA,Amplitude adjusted,IX,Index,_Z,Not applicable,H,OECD harmonised,2017-03,,100.6883,,A,Normal value,0,Units,2,Two,,
DATAFLOW,OECD.SDD.STES:DSD_STES@DF_CLI(4.1),Composite leading indicators,I,OECD,OECD,M,Monthly,CCICP,Composite consumer confidence,IX,Index,_Z,Not applicable,AA,Amplitude adjusted,IX,Index,_Z,Not applicable,H,OECD harmonised,2017-04,,100.7947,,A,Normal value,0,Units,2,Two,,
DATAFLOW,OECD.SDD.STES:DSD_STES@DF_CLI(4.1),Composite leading indicators,I,OECD,OECD,M,Monthly,CCICP,Composite consumer confidence,IX,Index,_Z,Not applicable,AA,Amplitude adjusted,IX,Index,_Z,Not applicable,H,OECD harmonised,2017-05,,100.8637,,A,Normal value,0,Units,2,Two,,
DATAFLOW,OECD.SDD.STES:DSD_STES@DF_CLI(4.1),Composite leading indicators,I,OECD,OECD,M,Monthly,CCICP,Composite consumer confidence,IX,Index,_Z,Not applicable,AA,Amplitude adjusted,IX,Index,_Z,Not applicable,H,OECD harmonised,2017-06,,100.8871,,A,Normal value,0,Units,2,Two,,
DATAFLOW,OECD.SDD.STES:DSD_STES@DF_CLI(4.1),Composite leading indicators,I,OECD,OECD,M,Monthly,CCICP,Composite consumer confidence,IX,Index,_Z,Not applicable,AA,Amplitude adjusted,IX,Index,_Z,Not applicable,H,OECD harmonised,2017-07,,100.9174,,A,Normal value,0,Units,2,Two,,
DATAFLOW,OECD.SDD.STES:DSD_STES@DF_CLI(4.1),Composite leading indicators,I,OECD,OECD,M,Monthly,CCICP,Composite consumer confidence,IX,Index,_Z,Not applicable,AA,Amplitude adjusted,IX,Index,_Z,Not applicable,H,OECD harmonised,2017-08,,100.9783,,A,Normal value,0,Units,2,Two,,
DATAFLOW,OECD.SDD.STES:DSD_STES@DF_CLI(4.1),Composite leading indicators,I,OECD,OECD,M,Monthly,CCICP,Composite consumer confidence,IX,Index,_Z,Not applicable,AA,Amplitude adjusted,IX,Index,_Z,Not applicable,H,OECD harmonised,2017-09,,101.0477,,A,Normal value,0,Units,2,Two,,
DATAFLOW,OECD.SDD.STES:DSD_STES@DF_CLI(4.1),Composite leading indicators,I,OECD,OECD,M,Monthly,CCICP,Composite consumer confidence,IX,Index,_Z,Not applicable,AA,Amplitude adjusted,IX,Index,_Z,Not applicable,H,OECD harmonised,2017-10,,101.1275,,A,Normal value,0,Units,2,Two,,
DATAFLOW,OECD.SDD.STES:DSD_STES@DF_CLI(4.1),Composite leading indicators,I,OECD,OECD,M,Monthly,CCICP,Composite consumer confidence,IX,Index,_Z,Not applicable,AA,Amplitude adjusted,IX,Index,_Z,Not applicable,H,OECD harmonised,2017-11,,101.149,,A,Normal value,0,Units,2,Two,,
DATAFLOW,OECD.SDD.STES:DSD_STES@DF_CLI(4.1),Composite leading indicators,I,OECD,OECD,M,Monthly,CCICP,Composite consumer confidence,IX,Index,_Z,Not applicable,AA,Amplitude adjusted,IX,Index,_Z,Not applicable,H,OECD harmonised,2017-12,,101.1411,,A,Normal value,0,Units,2,Two,,
DATAFLOW,OECD.SDD.STES:DSD_STES@DF_CLI(4.1),Composite leading indicators,I,OECD,OECD,M,Monthly,CCICP,Composite consumer confidence,IX,Index,_Z,Not applicable,AA,Amplitude adjusted,IX,Index,_Z,Not applicable,H,OECD harmonised,2018-01,,101.1417,,A,Normal value,0,Units,2,Two,,
DATAFLOW,OECD.SDD.STES:DSD_STES@DF_CLI(4.1),Composite leading indicators,I,OECD,OECD,M,Monthly,CCICP,Composite consumer confidence,IX,Index,_Z,Not applicable,AA,Amplitude adjusted,IX,Index,_Z,Not applicable,H,OECD harmonised,2018-02,,101.1615,,A,Normal value,0,Units,2,Two,,
DATAFLOW,OECD.SDD.STES:DSD_STES@DF_CLI(4.1),Composite leading indicators,I,OECD,OECD,M,Monthly,CCICP,Composite consumer confidence,IX,Index,_Z,Not applicable,AA,Amplitude adjusted,IX,Index,_Z,Not applicable,H,OECD harmonised,2018-03,,101.1738,,A,Normal value,0,Units,2,Two,,
DATAFLOW,OECD.SDD.STES:DSD_STES@DF_CLI(4.1),Composite leading indicators,I,OECD,OECD,M,Monthly,CCICP,Composite consumer confidence,IX,Index,_Z,Not applicable,AA,Amplitude adjusted,IX,Index,_Z,Not applicable,H,OECD harmonised,2018-04,,101.1631,,A,Normal value,0,Units,2,Two,,
DATAFLOW,OECD.SDD.STES:DSD_STES@DF_CLI(4.1),Composite leading indicators,I,OECD,OECD,M,Monthly,CCICP,Composite consumer confidence,IX,Index,_Z,Not applicable,AA,Amplitude adjusted,IX,Index,_Z,Not applicable,H,OECD harmonised,2018-05,,101.1572,,A,Normal value,0,Units,2,Two,,
DATAFLOW,OECD.SDD.STES:DSD_STES@DF_CLI(4.1),Composite leading indicators,I,OECD,OECD,M,Monthly,CCICP,Composite consumer confidence,IX,Index,_Z,Not applicable,AA,Amplitude adjusted,IX,Index,_Z,Not applicable,H,OECD harmonised,2018-06,,101.1711,,A,Normal value,0,Units,2,Two,,
DATAFLOW,OECD.SDD.STES:DSD_STES@DF_CLI(4.1),Composite leading indicators,I,OECD,OECD,M,Monthly,CCICP,Composite consumer confidence,IX,Index,_Z,Not applicable,AA,Amplitude adjusted,IX,Index,_Z,Not applicable,H,OECD harmonised,2018-07,,101.1909,,A,Normal value,0,Units,2,Two,,
DATAFLOW,OECD.SDD.STES:DSD_STES@DF_CLI(4.1),Composite leading indicators,I,OECD,OECD,M,Monthly,CCICP,Composite consumer confidence,IX,Index,_Z,Not applicable,AA,Amplitude adjusted,IX,Index,_Z,Not applicable,H,OECD harmonised,2018-08,,101.143,,A,Normal value,0,Units,2,Two,,
DATAFLOW,OECD.SDD.STES:DSD_STES@DF_CLI(4.1),Composite leading indicators,I,OECD,OECD,M,Monthly,CCICP,Composite consumer confidence,IX,Index,_Z,Not applicable,AA,Amplitude adjusted,IX,Index,_Z,Not applicable,H,OECD harmonised,2018-09,,101.0671,,A,Normal value,0,Units,2,Two,,
DATAFLOW,OECD.SDD.STES:DSD_STES@DF_CLI(4.1),Composite leading indicators,I,OECD,OECD,M,Monthly,CCICP,Composite consumer confidence,IX,Index,_Z,Not applicable,AA,Amplitude adjusted,IX,Index,_Z,Not applicable,H,OECD harmonised,2018-10,,100.9722,,A,Normal value,0,Units,2,Two,,
DATAFLOW,OECD.SDD.STES:DSD_STES@DF_CLI(4.1),Composite leading indicators,I,OECD,OECD,M,Monthly,CCICP,Composite consumer confidence,IX,Index,_Z,Not applicable,AA,Amplitude adjusted,IX,Index,_Z,Not applicable,H,OECD harmonised,2018-11,,100.8655,,A,Normal value,0,Units,2,Two,,
DATAFLOW,OECD.SDD.STES:DSD_STES@DF_CLI(4.1),Composite leading indicators,I,OECD,OECD,M,Monthly,CCICP,Composite consumer confidence,IX,Index,_Z,Not applicable,AA,Amplitude adjusted,IX,Index,_Z,Not applicable,H,OECD harmonised,2018-12,,100.7876,,A,Normal value,0,Units,2,Two,,
DATAFLOW,OECD.SDD.STES:DSD_STES@DF_CLI(4.1),Composite leading indicators,I,OECD,OECD,M,Monthly,CCICP,Composite consumer confidence,IX,Index,_Z,Not applicable,AA,Amplitude adjusted,IX,Index,_Z,Not applicable,H,OECD harmonised,2019-01,,100.7623,,A,Normal value,0,Units,2,Two,,
DATAFLOW,OECD.SDD.STES:DSD_STES@DF_CLI(4.1),Composite leading indicators,I,OECD,OECD,M,Monthly,CCICP,Composite consumer confidence,IX,Index,_Z,Not applicable,AA,Amplitude adjusted,IX,Index,_Z,Not applicable,H,OECD harmonised,2019-02,,100.8282,,A,Normal value,0,Units,2,Two,,
DATAFLOW,OECD.SDD.STES:DSD_STES@DF_CLI(4.1),Composite leading indicators,I,OECD,OECD,M,Monthly,CCICP,Composite consumer confidence,IX,Index,_Z,Not applicable,AA,Amplitude adjusted,IX,Index,_Z,Not applicable,H,OECD harmonised,2019-03,,100.9089,,A,Normal value,0,Units,2,Two,,
DATAFLOW,OECD.SDD.STES:DSD_STES@DF_CLI(4.1),Composite leading indicators,I,OECD,OECD,M,Monthly,CCICP,Composite consumer confidence,IX,Index,_Z,Not applicable,AA,Amplitude adjusted,IX,Index,_Z,Not applicable,H,OECD harmonised,2019-04,,100.9274,,A,Normal value,0,Units,2,Two,,
DATAFLOW,OECD.SDD.STES:DSD_STES@DF_CLI(4.1),Composite leading indicators,I,OECD,OECD,M,Monthly,CCICP,Composite consumer confidence,IX,Index,_Z,Not applicable,AA,Amplitude adjusted,IX,Index,_Z,Not applicable,H,OECD harmonised,2019-05,,100.8962,,A,Normal value,0,Units,2,Two,,
DATAFLOW,OECD.SDD.STES:DSD_STES@DF_CLI(4.1),Composite leading indicators,I,OECD,OECD,M,Monthly,CCICP,Composite consumer confidence,IX,Index,_Z,Not applicable,AA,Amplitude adjusted,IX,Index,_Z,Not applicable,H,OECD harmonised,2019-06,,100.8005,,A,Normal value,0,Units,2,Two,,
DATAFLOW,OECD.SDD.STES:DSD_STES@DF_CLI(4.1),Composite leading indicators,I,OECD,OECD,M,Monthly,CCICP,Composite consumer confidence,IX,Index,_Z,Not applicable,AA,Amplitude adjusted,IX,Index,_Z,Not applicable,H,OECD harmonised,2019-07,,100.6772,,A,Normal value,0,Units,2,Two,,
DATAFLOW,OECD.SDD.STES:DSD_STES@DF_CLI(4.1),Composite leading indicators,I,OECD,OECD,M,Monthly,CCICP,Composite consumer confidence,IX,Index,_Z,Not applicable,AA,Amplitude adjusted,IX,Index,_Z,Not applicable,H,OECD harmonised,2019-08,,100.5361,,A,Normal value,0,Units,2,Two,,
DATAFLOW,OECD.SDD.STES:DSD_STES@DF_CLI(4.1),Composite leading indicators,I,OECD,OECD,M,Monthly,CCICP,Composite consumer confidence,IX,Index,_Z,Not applicable,AA,Amplitude adjusted,IX,Index,_Z,Not applicable,H,OECD harmonised,2019-09,,100.5173,,A,Normal value,0,Units,2,Two,,
DATAFLOW,OECD.SDD.STES:DSD_STES@DF_CLI(4.1),Composite leading indicators,I,OECD,OECD,M,Monthly,CCICP,Composite consumer confidence,IX,Index,_Z,Not applicable,AA,Amplitude adjusted,IX,Index,_Z,Not applicable,H,OECD harmonised,2019-10,,100.5868,,A,Normal value,0,Units,2,Two,,
DATAFLOW,OECD.SDD.STES:DSD_STES@DF_CLI(4.1),Composite leading indicators,I,OECD,OECD,M,Monthly,CCICP,Composite consumer confidence,IX,Index,_Z,Not applicable,AA,Amplitude adjusted,IX,Index,_Z,Not applicable,H,OECD harmonised,2019-11,,100.7181,,A,Normal value,0,Units,2,Two,,
DATAFLOW,OECD.SDD.STES:DSD_STES@DF_CLI(4.1),Composite leading indicators,I,OECD,OECD,M,Monthly,CCICP,Composite consumer confidence,IX,Index,_Z,Not applicable,AA,Amplitude adjusted,IX,Index,_Z,Not applicable,H,OECD harmonised,2019-12,,100.8129,,A,Normal value,0,Units,2,Two,,
DATAFLOW,OECD.SDD.STES:DSD_STES@DF_CLI(4.1),Composite leading indicators,I,OECD,OECD,M,Monthly,CCICP,Composite consumer confidence,IX,Index,_Z,Not applicable,AA,Amplitude adjusted,IX,Index,_Z,Not applicable,H,OECD harmonised,2020-01,,100.743,,A,Normal value,0,Units,2,Two,,
DATAFLOW,OECD.SDD.STES:DSD_STES@DF_CLI(4.1),Composite leading indicators,I,OECD,OECD,M,Monthly,CCICP,Composite consumer confidence,IX,Index,_Z,Not applicable,AA,Amplitude adjusted,IX,Index,_Z,Not applicable,H,OECD harmonised,2020-02,,100.2699,,A,Normal value,0,Units,2,Two,,
DATAFLOW,OECD.SDD.STES:DSD_STES@DF_CLI(4.1),Composite leading indicators,I,OECD,OECD,M,Monthly,CCICP,Composite consumer confidence,IX,Index,_Z,Not applicable,AA,Amplitude adjusted,IX,Index,_Z,Not applicable,H,OECD harmonised,2020-03,,99.25893,,A,Normal value,0,Units,2,Two,,
DATAFLOW,OECD.SDD.STES:DSD_STES@DF_CLI(4.1),Composite leading indicators,I,OECD,OECD,M,Monthly,CCICP,Composite consumer confidence,IX,Index,_Z,Not applicable,AA,Amplitude adjusted,IX,Index,_Z,Not applicable,H,OECD harmonised,2020-04,,98.18349,,A,Normal value,0,Units,2,Two,,
DATAFLOW,OECD.SDD.STES:DSD_STES@DF_CLI(4.1),Composite leading indicators,I,OECD,OECD,M,Monthly,CCICP,Composite consumer confidence,IX,Index,_Z,Not applicable,AA,Amplitude adjusted,IX,Index,_Z,Not applicable,H,OECD harmonised,2020-05,,97.85287,,A,Normal value,0,Units,2,Two,,
DATAFLOW,OECD.SDD.STES:DSD_STES@DF_CLI(4.1),Composite leading indicators,I,OECD,OECD,M,Monthly,CCICP,Composite consumer confidence,IX,Index,_Z,Not applicable,AA,Amplitude adjusted,IX,Index,_Z,Not applicable,H,OECD harmonised,2020-06,,98.05293,,A,Normal value,0,Units,2,Two,,
DATAFLOW,OECD.SDD.STES:DSD_STES@DF_CLI(4.1),Composite leading indicators,I,OECD,OECD,M,Monthly,CCICP,Composite consumer confidence,IX,Index,_Z,Not applicable,AA,Amplitude adjusted,IX,Index,_Z,Not applicable,H,OECD harmonised,2020-07,,98.32198,,A,Normal value,0,Units,2,Two,,
DATAFLOW,OECD.SDD.STES:DSD_STES@DF_CLI(4.1),Composite leading indicators,I,OECD,OECD,M,Monthly,CCICP,Composite consumer confidence,IX,Index,_Z,Not applicable,AA,Amplitude adjusted,IX,Index,_Z,Not applicable,H,OECD harmonised,2020-08,,98.56694,,A,Normal value,0,Units,2,Two,,
DATAFLOW,OECD.SDD.STES:DSD_STES@DF_CLI(4.1),Composite leading indicators,I,OECD,OECD,M,Monthly,CCICP,Composite consumer confidence,IX,Index,_Z,Not applicable,AA,Amplitude adjusted,IX,Index,_Z,Not applicable,H,OECD harmonised,2020-09,,98.77358,,A,Normal value,0,Units,2,Two,,
DATAFLOW,OECD.SDD.STES:DSD_STES@DF_CLI(4.1),Composite leading indicators,I,OECD,OECD,M,Monthly,CCICP,Composite consumer confidence,IX,Index,_Z,Not applicable,AA,Amplitude adjusted,IX,Index,_Z,Not applicable,H,OECD harmonised,2020-10,,98.85211,,A,Normal value,0,Units,2,Two,,
DATAFLOW,OECD.SDD.STES:DSD_STES@DF_CLI(4.1),Composite leading indicators,I,OECD,OECD,M,Monthly,CCICP,Composite consumer confidence,IX,Index,_Z,Not applicable,AA,Amplitude adjusted,IX,Index,_Z,Not applicable,H,OECD harmonised,2020-11,,98.86659,,A,Normal value,0,Units,2,Two,,
DATAFLOW,OECD.SDD.STES:DSD_STES@DF_CLI(4.1),Composite leading indicators,I,OECD,OECD,M,Monthly,CCICP,Composite consumer confidence,IX,Index,_Z,Not applicable,AA,Amplitude adjusted,IX,Index,_Z,Not applicable,H,OECD harmonised,2020-12,,98.97961,,A,Normal value,0,Units,2,Two,,
DATAFLOW,OECD.SDD.STES:DSD_STES@DF_CLI(4.1),Composite leading indicators,I,OECD,OECD,M,Monthly,CCICP,Composite consumer confidence,IX,Index,_Z,Not applicable,AA,Amplitude adjusted,IX,Index,_Z,Not applicable,H,OECD harmonised,2021-01,,99.11575,,A,Normal value,0,Units,2,Two,,
DATAFLOW,OECD.SDD.STES:DSD_STES@DF_CLI(4.1),Composite leading indicators,I,OECD,OECD,M,Monthly,CCICP,Composite consumer confidence,IX,Index,_Z,Not applicable,AA,Amplitude adjusted,IX,Index,_Z,Not applicable,H,OECD harmonised,2021-02,,99.38237,,A,Normal value,0,Units,2,Two,,
DATAFLOW,OECD.SDD.STES:DSD_STES@DF_CLI(4.1),Composite leading indicators,I,OECD,OECD,M,Monthly,CCICP,Composite consumer confidence,IX,Index,_Z,Not applicable,AA,Amplitude adjusted,IX,Index,_Z,Not applicable,H,OECD harmonised,2021-03,,99.78015,,A,Normal value,0,Units,2,Two,,
DATAFLOW,OECD.SDD.STES:DSD_STES@DF_CLI(4.1),Composite leading indicators,I,OECD,OECD,M,Monthly,CCICP,Composite consumer confidence,IX,Index,_Z,Not applicable,AA,Amplitude adjusted,IX,Index,_Z,Not applicable,H,OECD harmonised,2021-04,,100.0979,,A,Normal value,0,Units,2,Two,,
DATAFLOW,OECD.SDD.STES:DSD_STES@DF_CLI(4.1),Composite leading indicators,I,OECD,OECD,M,Monthly,CCICP,Composite consumer confidence,IX,Index,_Z,Not applicable,AA,Amplitude adjusted,IX,Index,_Z,Not applicable,H,OECD harmonised,2021-05,,100.3294,,A,Normal value,0,Units,2,Two,,
DATAFLOW,OECD.SDD.STES:DSD_STES@DF_CLI(4.1),Composite leading indicators,I,OECD,OECD,M,Monthly,CCICP,Composite consumer confidence,IX,Index,_Z,Not applicable,AA,Amplitude adjusted,IX,Index,_Z,Not applicable,H,OECD harmonised,2021-06,,100.4685,,A,Normal value,0,Units,2,Two,,
DATAFLOW,OECD.SDD.STES:DSD_STES@DF_CLI(4.1),Composite leading indicators,I,OECD,OECD,M,Monthly,CCICP,Composite consumer confidence,IX,Index,_Z,Not applicable,AA,Amplitude adjusted,IX,Index,_Z,Not applicable,H,OECD harmonised,2021-07,,100.3713,,A,Normal value,0,Units,2,Two,,
DATAFLOW,OECD.SDD.STES:DSD_STES@DF_CLI(4.1),Composite leading indicators,I,OECD,OECD,M,Monthly,CCICP,Composite consumer confidence,IX,Index,_Z,Not applicable,AA,Amplitude adjusted,IX,Index,_Z,Not applicable,H,OECD harmonised,2021-08,,100.1407,,A,Normal value,0,Units,2,Two,,
DATAFLOW,OECD.SDD.STES:DSD_STES@DF_CLI(4.1),Composite leading indicators,I,OECD,OECD,M,Monthly,CCICP,Composite consumer confidence,IX,Index,_Z,Not applicable,AA,Amplitude adjusted,IX,Index,_Z,Not applicable,H,OECD harmonised,2021-09,,99.97858,,A,Normal value,0,Units,2,Two,,
DATAFLOW,OECD.SDD.STES:DSD_STES@DF_CLI(4.1),Composite leading indicators,I,OECD,OECD,M,Monthly,CCICP,Composite consumer confidence,IX,Index,_Z,Not applicable,AA,Amplitude adjusted,IX,Index,_Z,Not applicable,H,OECD harmonised,2021-10,,99.79657,,A,Normal value,0,Units,2,Two,,
DATAFLOW,OECD.SDD.STES:DSD_STES@DF_CLI(4.1),Composite leading indicators,I,OECD,OECD,M,Monthly,CCICP,Composite consumer confidence,IX,Index,_Z,Not applicable,AA,Amplitude adjusted,IX,Index,_Z,Not applicable,H,OECD harmonised,2021-11,,99.5753,,A,Normal value,0,Units,2,Two,,
DATAFLOW,OECD.SDD.STES:DSD_STES@DF_CLI(4.1),Composite leading indicators,I,OECD,OECD,M,Monthly,CCICP,Composite consumer confidence,IX,Index,_Z,Not applicable,AA,Amplitude adjusted,IX,Index,_Z,Not applicable,H,OECD harmonised,2021-12,,99.34045,,A,Normal value,0,Units,2,Two,,
DATAFLOW,OECD.SDD.STES:DSD_STES@DF_CLI(4.1),Composite leading indicators,I,OECD,OECD,M,Monthly,CCICP,Composite consumer confidence,IX,Index,_Z,Not applicable,AA,Amplitude adjusted,IX,Index,_Z,Not applicable,H,OECD harmonised,2022-01,,99.01118,,A,Normal value,0,Units,2,Two,,
DATAFLOW,OECD.SDD.STES:DSD_STES@DF_CLI(4.1),Composite leading indicators,I,OECD,OECD,M,Monthly,CCICP,Composite consumer confidence,IX,Index,_Z,Not applicable,AA,Amplitude adjusted,IX,Index,_Z,Not applicable,H,OECD harmonised,2022-02,,98.55233,,A,Normal value,0,Units,2,Two,,
DATAFLOW,OECD.SDD.STES:DSD_STES@DF_CLI(4.1),Composite leading indicators,I,OECD,OECD,M,Monthly,CCICP,Composite consumer confidence,IX,Index,_Z,Not applicable,AA,Amplitude adjusted,IX,Index,_Z,Not applicable,H,OECD harmonised,2022-03,,98.01513,,A,Normal value,0,Units,2,Two,,
DATAFLOW,OECD.SDD.STES:DSD_STES@DF_CLI(4.1),Composite leading indicators,I,OECD,OECD,M,Monthly,CCICP,Composite consumer confidence,IX,Index,_Z,Not applicable,AA,Amplitude adjusted,IX,Index,_Z,Not applicable,H,OECD harmonised,2022-04,,97.6346,,A,Normal value,0,Units,2,Two,,
DATAFLOW,OECD.SDD.STES:DSD_STES@DF_CLI(4.1),Composite leading indicators,I,OECD,OECD,M,Monthly,CCICP,Composite consumer confidence,IX,Index,_Z,Not applicable,AA,Amplitude adjusted,IX,Index,_Z,Not applicable,H,OECD harmonised,2022-05,,97.27305,,A,Normal value,0,Units,2,Two,,
DATAFLOW,OECD.SDD.STES:DSD_STES@DF_CLI(4.1),Composite leading indicators,I,OECD,OECD,M,Monthly,CCICP,Composite consumer confidence,IX,Index,_Z,Not applicable,AA,Amplitude adjusted,IX,Index,_Z,Not applicable,H,OECD harmonised,2022-06,,96.90731,,A,Normal value,0,Units,2,Two,,
DATAFLOW,OECD.SDD.STES:DSD_STES@DF_CLI(4.1),Composite leading indicators,I,OECD,OECD,M,Monthly,CCICP,Composite consumer confidence,IX,Index,_Z,Not applicable,AA,Amplitude adjusted,IX,Index,_Z,Not applicable,H,OECD harmonised,2022-07,,96.71421,,A,Normal value,0,Units,2,Two,,
DATAFLOW,OECD.SDD.STES:DSD_STES@DF_CLI(4.1),Composite leading indicators,I,OECD,OECD,M,Monthly,CCICP,Composite consumer confidence,IX,Index,_Z,Not applicable,AA,Amplitude adjusted,IX,Index,_Z,Not applicable,H,OECD harmonised,2022-08,,96.72236,,A,Normal value,0,Units,2,Two,,
DATAFLOW,OECD.SDD.STES:DSD_STES@DF_CLI(4.1),Composite leading indicators,I,OECD,OECD,M,Monthly,CCICP,Composite consumer confidence,IX,Index,_Z,Not applicable,AA,Amplitude adjusted,IX,Index,_Z,Not applicable,H,OECD harmonised,2022-09,,96.74238,,A,Normal value,0,Units,2,Two,,
DATAFLOW,OECD.SDD.STES:DSD_STES@DF_CLI(4.1),Composite leading indicators,I,OECD,OECD,M,Monthly,CCICP,Composite consumer confidence,IX,Index,_Z,Not applicable,AA,Amplitude adjusted,IX,Index,_Z,Not applicable,H,OECD harmonised,2022-10,,96.83271,,A,Normal value,0,Units,2,Two,,
DATAFLOW,OECD.SDD.STES:DSD_STES@DF_CLI(4.1),Composite leading indicators,I,OECD,OECD,M,Monthly,CCICP,Composite consumer confidence,IX,Index,_Z,Not applicable,AA,Amplitude adjusted,IX,Index,_Z,Not applicable,H,OECD harmonised,2022-11,,97.00181,,A,Normal value,0,Units,2,Two,,
DATAFLOW,OECD.SDD.STES:DSD_STES@DF_CLI(4.1),Composite leading indicators,I,OECD,OECD,M,Monthly,CCICP,Composite consumer confidence,IX,Index,_Z,Not applicable,AA,Amplitude adjusted,IX,Index,_Z,Not applicable,H,OECD harmonised,2022-12,,97.25992,,A,Normal value,0,Units,2,Two,,
DATAFLOW,OECD.SDD.STES:DSD_STES@DF_CLI(4.1),Composite leading indicators,I,OECD,OECD,M,Monthly,CCICP,Composite consumer confidence,IX,Index,_Z,Not applicable,AA,Amplitude adjusted,IX,Index,_Z,Not applicable,H,OECD harmonised,2023-01,,97.55617,,A,Normal value,0,Units,2,Two,,
DATAFLOW,OECD.SDD.STES:DSD_STES@DF_CLI(4.1),Composite leading indicators,I,OECD,OECD,M,Monthly,CCICP,Composite consumer confidence,IX,Index,_Z,Not applicable,AA,Amplitude adjusted,IX,Index,_Z,Not applicable,H,OECD harmonised,2023-02,,97.8094,,A,Normal value,0,Units,2,Two,,
DATAFLOW,OECD.SDD.STES:DSD_STES@DF_CLI(4.1),Composite leading indicators,I,OECD,OECD,M,Monthly,CCICP,Composite consumer confidence,IX,Index,_Z,Not applicable,AA,Amplitude adjusted,IX,Index,_Z,Not applicable,H,OECD harmonised,2023-03,,97.98986,,A,Normal value,0,Units,2,Two,,
DATAFLOW,OECD.SDD.STES:DSD_STES@DF_CLI(4.1),Composite leading indicators,I,OECD,OECD,M,Monthly,CCICP,Composite consumer confidence,IX,Index,_Z,Not applicable,AA,Amplitude adjusted,IX,Index,_Z,Not applicable,H,OECD harmonised,2023-04,,98.2042,,A,Normal value,0,Units,2,Two,,
DATAFLOW,OECD.SDD.STES:DSD_STES@DF_CLI(4.1),Composite leading indicators,I,OECD,OECD,M,Monthly,CCICP,Composite consumer confidence,IX,Index,_Z,Not applicable,AA,Amplitude adjusted,IX,Index,_Z,Not applicable,H,OECD harmonised,2023-05,,98.38744,,A,Normal value,0,Units,2,Two,,
DATAFLOW,OECD.SDD.STES:DSD_STES@DF_CLI(4.1),Composite leading indicators,I,OECD,OECD,M,Monthly,CCICP,Composite consumer confidence,IX,Index,_Z,Not applicable,AA,Amplitude adjusted,IX,Index,_Z,Not applicable,H,OECD harmonised,2023-06,,98.55771,,A,Normal value,0,Units,2,Two,,
DATAFLOW,OECD.SDD.STES:DSD_STES@DF_CLI(4.1),Composite leading indicators,I,OECD,OECD,M,Monthly,CCICP,Composite consumer confidence,IX,Index,_Z,Not applicable,AA,Amplitude adjusted,IX,Index,_Z,Not applicable,H,OECD harmonised,2023-07,,98.63435,,A,Normal value,0,Units,2,Two,,
DATAFLOW,OECD.SDD.STES:DSD_STES@DF_CLI(4.1),Composite leading indicators,I,OECD,OECD,M,Monthly,CCICP,Composite consumer confidence,IX,Index,_Z,Not applicable,AA,Amplitude adjusted,IX,Index,_Z,Not applicable,H,OECD harmonised,2023-08,,98.53843,,A,Normal value,0,Units,2,Two,,
DATAFLOW,OECD.SDD.STES:DSD_STES@DF_CLI(4.1),Composite leading indicators,I,OECD,OECD,M,Monthly,CCICP,Composite consumer confidence,IX,Index,_Z,Not applicable,AA,Amplitude adjusted,IX,Index,_Z,Not applicable,H,OECD harmonised,1990-11,,99.67307,,A,Normal value,0,Units,2,Two,,
DATAFLOW,OECD.SDD.STES:DSD_STES@DF_CLI(4.1),Composite leading indicators,I,OECD,OECD,M,Monthly,CCICP,Composite consumer confidence,IX,Index,_Z,Not applicable,AA,Amplitude adjusted,IX,Index,_Z,Not applicable,H,OECD harmonised,1990-12,,99.71469,,A,Normal value,0,Units,2,Two,,
DATAFLOW,OECD.SDD.STES:DSD_STES@DF_CLI(4.1),Composite leading indicators,I,OECD,OECD,M,Monthly,CCICP,Composite consumer confidence,IX,Index,_Z,Not applicable,AA,Amplitude adjusted,IX,Index,_Z,Not applicable,H,OECD harmonised,1991-01,,99.8077,,A,Normal value,0,Units,2,Two,,
DATAFLOW,OECD.SDD.STES:DSD_STES@DF_CLI(4.1),Composite leading indicators,I,OECD,OECD,M,Monthly,CCICP,Composite consumer confidence,IX,Index,_Z,Not applicable,AA,Amplitude adjusted,IX,Index,_Z,Not applicable,H,OECD harmonised,1991-02,,100.0611,,A,Normal value,0,Units,2,Two,,
DATAFLOW,OECD.SDD.STES:DSD_STES@DF_CLI(4.1),Composite leading indicators,I,OECD,OECD,M,Monthly,CCICP,Composite consumer confidence,IX,Index,_Z,Not applicable,AA,Amplitude adjusted,IX,Index,_Z,Not applicable,H,OECD harmonised,1991-03,,100.4274,,A,Normal value,0,Units,2,Two,,
DATAFLOW,OECD.SDD.STES:DSD_STES@DF_CLI(4.1),Composite leading indicators,I,OECD,OECD,M,Monthly,CCICP,Composite consumer confidence,IX,Index,_Z,Not applicable,AA,Amplitude adjusted,IX,Index,_Z,Not applicable,H,OECD harmonised,1991-04,,100.5594,,A,Normal value,0,Units,2,Two,,
DATAFLOW,OECD.SDD.STES:DSD_STES@DF_CLI(4.1),Composite leading indicators,I,OECD,OECD,M,Monthly,CCICP,Composite consumer confidence,IX,Index,_Z,Not applicable,AA,Amplitude adjusted,IX,Index,_Z,Not applicable,H,OECD harmonised,1981-08,,98.8643,,A,Normal value,0,Units,2,Two,,
DATAFLOW,OECD.SDD.STES:DSD_STES@DF_CLI(4.1),Composite leading indicators,I,OECD,OECD,M,Monthly,CCICP,Composite consumer confidence,IX,Index,_Z,Not applicable,AA,Amplitude adjusted,IX,Index,_Z,Not applicable,H,OECD harmonised,1981-09,,98.76559,,A,Normal value,0,Units,2,Two,,
DATAFLOW,OECD.SDD.STES:DSD_STES@DF_CLI(4.1),Composite leading indicators,I,OECD,OECD,M,Monthly,CCICP,Composite consumer confidence,IX,Index,_Z,Not applicable,AA,Amplitude adjusted,IX,Index,_Z,Not applicable,H,OECD harmonised,1981-10,,98.62894,,A,Normal value,0,Units,2,Two,,
DATAFLOW,OECD.SDD.STES:DSD_STES@DF_CLI(4.1),Composite leading indicators,I,OECD,OECD,M,Monthly,CCICP,Composite consumer confidence,IX,Index,_Z,Not applicable,AA,Amplitude adjusted,IX,Index,_Z,Not applicable,H,OECD harmonised,1981-11,,98.54125,,A,Normal value,0,Units,2,Two,,
DATAFLOW,OECD.SDD.STES:DSD_STES@DF_CLI(4.1),Composite leading indicators,I,OECD,OECD,M,Monthly,CCICP,Composite consumer confidence,IX,Index,_Z,Not applicable,AA,Amplitude adjusted,IX,Index,_Z,Not applicable,H,OECD harmonised,1981-12,,98.61375,,A,Normal value,0,Units,2,Two,,
DATAFLOW,OECD.SDD.STES:DSD_STES@DF_CLI(4.1),Composite leading indicators,I,OECD,OECD,M,Monthly,CCICP,Composite consumer confidence,IX,Index,_Z,Not applicable,AA,Amplitude adjusted,IX,Index,_Z,Not applicable,H,OECD harmonised,1982-01,,98.78574,,A,Normal value,0,Units,2,Two,,
DATAFLOW,OECD.SDD.STES:DSD_STES@DF_CLI(4.1),Composite leading indicators,I,OECD,OECD,M,Monthly,CCICP,Composite consumer confidence,IX,Index,_Z,Not applicable,AA,Amplitude adjusted,IX,Index,_Z,Not applicable,H,OECD harmonised,1982-02,,98.85405,,A,Normal value,0,Units,2,Two,,
DATAFLOW,OECD.SDD.STES:DSD_STES@DF_CLI(4.1),Composite leading indicators,I,OECD,OECD,M,Monthly,CCICP,Composite consumer confidence,IX,Index,_Z,Not applicable,AA,Amplitude adjusted,IX,Index,_Z,Not applicable,H,OECD harmonised,1995-08,,100.854,,A,Normal value,0,Units,2,Two,,
DATAFLOW,OECD.SDD.STES:DSD_STES@DF_CLI(4.1),Composite leading indicators,I,OECD,OECD,M,Monthly,CCICP,Composite consumer confidence,IX,Index,_Z,Not applicable,AA,Amplitude adjusted,IX,Index,_Z,Not applicable,H,OECD harmonised,1995-09,,100.7259,,A,Normal value,0,Units,2,Two,,
DATAFLOW,OECD.SDD.STES:DSD_STES@DF_CLI(4.1),Composite leading indicators,I,OECD,OECD,M,Monthly,CCICP,Composite consumer confidence,IX,Index,_Z,Not applicable,AA,Amplitude adjusted,IX,Index,_Z,Not applicable,H,OECD harmonised,1995-10,,100.6143,,A,Normal value,0,Units,2,Two,,
DATAFLOW,OECD.SDD.STES:DSD_STES@DF_CLI(4.1),Composite leading indicators,I,OECD,OECD,M,Monthly,CCICP,Composite consumer confidence,IX,Index,_Z,Not applicable,AA,Amplitude adjusted,IX,Index,_Z,Not applicable,H,OECD harmonised,1995-11,,100.5424,,A,Normal value,0,Units,2,Two,,
DATAFLOW,OECD.SDD.STES:DSD_STES@DF_CLI(4.1),Composite leading indicators,I,OECD,OECD,M,Monthly,CCICP,Composite consumer confidence,IX,Index,_Z,Not applicable,AA,Amplitude adjusted,IX,Index,_Z,Not applicable,H,OECD harmonised,2023-11,,98.38999,,A,Normal value,0,Units,2,Two,,
DATAFLOW,OECD.SDD.STES:DSD_STES@DF_CLI(4.1),Composite leading indicators,I,OECD,OECD,M,Monthly,CCICP,Composite consumer confidence,IX,Index,_Z,Not applicable,AA,Amplitude adjusted,IX,Index,_Z,Not applicable,H,OECD harmonised,2023-12,,98.7036,,A,Normal value,0,Units,2,Two,,
DATAFLOW,OECD.SDD.STES:DSD_STES@DF_CLI(4.1),Composite leading indicators,I,OECD,OECD,M,Monthly,CCICP,Composite consumer confidence,IX,Index,_Z,Not applicable,AA,Amplitude adjusted,IX,Index,_Z,Not applicable,H,OECD harmonised,2024-01,,99.03584,,A,Normal value,0,Units,2,Two,,
DATAFLOW,OECD.SDD.STES:DSD_STES@DF_CLI(4.1),Composite leading indicators,I,OECD,OECD,M,Monthly,CCICP,Composite consumer confidence,IX,Index,_Z,Not applicable,AA,Amplitude adjusted,IX,Index,_Z,Not applicable,H,OECD harmonised,2024-02,,99.21766,,A,Normal value,0,Units,2,Two,,
DATAFLOW,OECD.SDD.STES:DSD_STES@DF_CLI(4.1),Composite leading indicators,I,OECD,OECD,M,Monthly,CCICP,Composite consumer confidence,IX,Index,_Z,Not applicable,AA,Amplitude adjusted,IX,Index,_Z,Not applicable,H,OECD harmonised,2024-03,,99.28077,,A,Normal value,0,Units,2,Two,,
DATAFLOW,OECD.SDD.STES:DSD_STES@DF_CLI(4.1),Composite leading indicators,I,OECD,OECD,M,Monthly,CCICP,Composite consumer confidence,IX,Index,_Z,Not applicable,AA,Amplitude adjusted,IX,Index,_Z,Not applicable,H,OECD harmonised,2024-04,,99.21579,,A,Normal value,0,Units,2,Two,,
DATAFLOW,OECD.SDD.STES:DSD_STES@DF_CLI(4.1),Composite leading indicators,I,OECD,OECD,M,Monthly,CCICP,Composite consumer confidence,IX,Index,_Z,Not applicable,AA,Amplitude adjusted,IX,Index,_Z,Not applicable,H,OECD harmonised,1991-05,,100.5453,,A,Normal value,0,Units,2,Two,,
DATAFLOW,OECD.SDD.STES:DSD_STES@DF_CLI(4.1),Composite leading indicators,I,OECD,OECD,M,Monthly,CCICP,Composite consumer confidence,IX,Index,_Z,Not applicable,AA,Amplitude adjusted,IX,Index,_Z,Not applicable,H,OECD harmonised,1991-06,,100.499,,A,Normal value,0,Units,2,Two,,
DATAFLOW,OECD.SDD.STES:DSD_STES@DF_CLI(4.1),Composite leading indicators,I,OECD,OECD,M,Monthly,CCICP,Composite consumer confidence,IX,Index,_Z,Not applicable,AA,Amplitude adjusted,IX,Index,_Z,Not applicable,H,OECD harmonised,1991-07,,100.4383,,A,Normal value,0,Units,2,Two,,
DATAFLOW,OECD.SDD.STES:DSD_STES@DF_CLI(4.1),Composite leading indicators,I,OECD,OECD,M,Monthly,CCICP,Composite consumer confidence,IX,Index,_Z,Not applicable,AA,Amplitude adjusted,IX,Index,_Z,Not applicable,H,OECD harmonised,1991-08,,100.3932,,A,Normal value,0,Units,2,Two,,
DATAFLOW,OECD.SDD.STES:DSD_STES@DF_CLI(4.1),Composite leading indicators,I,OECD,OECD,M,Monthly,CCICP,Composite consumer confidence,IX,Index,_Z,Not applicable,AA,Amplitude adjusted,IX,Index,_Z,Not applicable,H,OECD harmonised,1991-09,,100.3333,,A,Normal value,0,Units,2,Two,,
DATAFLOW,OECD.SDD.STES:DSD_STES@DF_CLI(4.1),Composite leading indicators,I,OECD,OECD,M,Monthly,CCICP,Composite consumer confidence,IX,Index,_Z,Not applicable,AA,Amplitude adjusted,IX,Index,_Z,Not applicable,H,OECD harmonised,1991-10,,100.148,,A,Normal value,0,Units,2,Two,,
DATAFLOW,OECD.SDD.STES:DSD_STES@DF_CLI(4.1),Composite leading indicators,I,OECD,OECD,M,Monthly,CCICP,Composite consumer confidence,IX,Index,_Z,Not applicable,AA,Amplitude adjusted,IX,Index,_Z,Not applicable,H,OECD harmonised,1991-11,,99.89031,,A,Normal value,0,Units,2,Two,,
DATAFLOW,OECD.SDD.STES:DSD_STES@DF_CLI(4.1),Composite leading indicators,I,OECD,OECD,M,Monthly,CCICP,Composite consumer confidence,IX,Index,_Z,Not applicable,AA,Amplitude adjusted,IX,Index,_Z,Not applicable,H,OECD harmonised,1991-12,,99.70679,,A,Normal value,0,Units,2,Two,,
DATAFLOW,OECD.SDD.STES:DSD_STES@DF_CLI(4.1),Composite leading indicators,I,OECD,OECD,M,Monthly,CCICP,Composite consumer confidence,IX,Index,_Z,Not applicable,AA,Amplitude adjusted,IX,Index,_Z,Not applicable,H,OECD harmonised,1992-01,,99.65446,,A,Normal value,0,Units,2,Two,,
DATAFLOW,OECD.SDD.STES:DSD_STES@DF_CLI(4.1),Composite leading indicators,I,OECD,OECD,M,Monthly,CCICP,Composite consumer confidence,IX,Index,_Z,Not applicable,AA,Amplitude adjusted,IX,Index,_Z,Not applicable,H,OECD harmonised,1992-02,,99.74929,,A,Normal value,0,Units,2,Two,,
DATAFLOW,OECD.SDD.STES:DSD_STES@DF_CLI(4.1),Composite leading indicators,I,OECD,OECD,M,Monthly,CCICP,Composite consumer confidence,IX,Index,_Z,Not applicable,AA,Amplitude adjusted,IX,Index,_Z,Not applicable,H,OECD harmonised,1992-03,,99.91198,,A,Normal value,0,Units,2,Two,,
DATAFLOW,OECD.SDD.STES:DSD_STES@DF_CLI(4.1),Composite leading indicators,I,OECD,OECD,M,Monthly,CCICP,Composite consumer confidence,IX,Index,_Z,Not applicable,AA,Amplitude adjusted,IX,Index,_Z,Not applicable,H,OECD harmonised,1992-04,,100.0085,,A,Normal value,0,Units,2,Two,,
DATAFLOW,OECD.SDD.STES:DSD_STES@DF_CLI(4.1),Composite leading indicators,I,OECD,OECD,M,Monthly,CCICP,Composite consumer confidence,IX,Index,_Z,Not applicable,AA,Amplitude adjusted,IX,Index,_Z,Not applicable,H,OECD harmonised,1992-05,,100.0096,,A,Normal value,0,Units,2,Two,,
DATAFLOW,OECD.SDD.STES:DSD_STES@DF_CLI(4.1),Composite leading indicators,I,OECD,OECD,M,Monthly,CCICP,Composite consumer confidence,IX,Index,_Z,Not applicable,AA,Amplitude adjusted,IX,Index,_Z,Not applicable,H,OECD harmonised,1992-06,,99.90165,,A,Normal value,0,Units,2,Two,,
DATAFLOW,OECD.SDD.STES:DSD_STES@DF_CLI(4.1),Composite leading indicators,I,OECD,OECD,M,Monthly,CCICP,Composite consumer confidence,IX,Index,_Z,Not applicable,AA,Amplitude adjusted,IX,Index,_Z,Not applicable,H,OECD harmonised,1992-07,,99.70008,,A,Normal value,0,Units,2,Two,,
DATAFLOW,OECD.SDD.STES:DSD_STES@DF_CLI(4.1),Composite leading indicators,I,OECD,OECD,M,Monthly,CCICP,Composite consumer confidence,IX,Index,_Z,Not applicable,AA,Amplitude adjusted,IX,Index,_Z,Not applicable,H,OECD harmonised,1992-08,,99.478,,A,Normal value,0,Units,2,Two,,
DATAFLOW,OECD.SDD.STES:DSD_STES@DF_CLI(4.1),Composite leading indicators,I,OECD,OECD,M,Monthly,CCICP,Composite consumer confidence,IX,Index,_Z,Not applicable,AA,Amplitude adjusted,IX,Index,_Z,Not applicable,H,OECD harmonised,1995-07,,100.8735,,A,Normal value,0,Units,2,Two,,
DATAFLOW,OECD.SDD.STES:DSD_STES@DF_CLI(4.1),Composite leading indicators,I,OECD,OECD,M,Monthly,CCICP,Composite consumer confidence,IX,Index,_Z,Not applicable,AA,Amplitude adjusted,IX,Index,_Z,Not applicable,H,OECD harmonised,2024-08,,99.01632,,A,Normal value,0,Units,2,Two,,
DATAFLOW,OECD.SDD.STES:DSD_STES@DF_CLI(4.1),Composite leading indicators,I,OECD,OECD,M,Monthly,CCICP,Composite consumer confidence,IX,Index,_Z,Not applicable,AA,Amplitude adjusted,IX,Index,_Z,Not applicable,H,OECD harmonised,2024-09,,99.08279,,A,Normal value,0,Units,2,Two,,
DATAFLOW,OECD.SDD.STES:DSD_STES@DF_CLI(4.1),Composite leading indicators,I,OECD,OECD,M,Monthly,CCICP,Composite consumer confidence,IX,Index,_Z,Not applicable,AA,Amplitude adjusted,IX,Index,_Z,Not applicable,H,OECD harmonised,2024-10,,99.14999,,A,Normal value,0,Units,2,Two,,
DATAFLOW,OECD.SDD.STES:DSD_STES@DF_CLI(4.1),Composite leading indicators,I,OECD,OECD,M,Monthly,CCICP,Composite consumer confidence,IX,Index,_Z,Not applicable,AA,Amplitude adjusted,IX,Index,_Z,Not applicable,H,OECD harmonised,2024-11,,99.15916,,A,Normal value,0,Units,2,Two,,
DATAFLOW,OECD.SDD.STES:DSD_STES@DF_CLI(4.1),Composite leading indicators,I,OECD,OECD,M,Monthly,CCICP,Composite consumer confidence,IX,Index,_Z,Not applicable,AA,Amplitude adjusted,IX,Index,_Z,Not applicable,H,OECD harmonised,2024-12,,99.09331,,A,Normal value,0,Units,2,Two,,
DATAFLOW,OECD.SDD.STES:DSD_STES@DF_CLI(4.1),Composite leading indicators,I,OECD,OECD,M,Monthly,CCICP,Composite consumer confidence,IX,Index,_Z,Not applicable,AA,Amplitude adjusted,IX,Index,_Z,Not applicable,H,OECD harmonised,2025-01,,98.93068,,A,Normal value,0,Units,2,Two,,
DATAFLOW,OECD.SDD.STES:DSD_STES@DF_CLI(4.1),Composite leading indicators,I,OECD,OECD,M,Monthly,CCICP,Composite consumer confidence,IX,Index,_Z,Not applicable,AA,Amplitude adjusted,IX,Index,_Z,Not applicable,H,OECD harmonised,2025-02,,98.67017,,A,Normal value,0,Units,2,Two,,
DATAFLOW,OECD.SDD.STES:DSD_STES@DF_CLI(4.1),Composite leading indicators,I,OECD,OECD,M,Monthly,CCICP,Composite consumer confidence,IX,Index,_Z,Not applicable,AA,Amplitude adjusted,IX,Index,_Z,Not applicable,H,OECD harmonised,2025-03,,98.38283,,A,Normal value,0,Units,2,Two,,
DATAFLOW,OECD.SDD.STES:DSD_STES@DF_CLI(4.1),Composite leading indicators,I,OECD,OECD,M,Monthly,CCICP,Composite consumer confidence,IX,Index,_Z,Not applicable,AA,Amplitude adjusted,IX,Index,_Z,Not applicable,H,OECD harmonised,2025-04,,98.209,,A,Normal value,0,Units,2,Two,,
DATAFLOW,OECD.SDD.STES:DSD_STES@DF_CLI(4.1),Composite leading indicators,I,OECD,OECD,M,Monthly,CCICP,Composite consumer confidence,IX,Index,_Z,Not applicable,AA,Amplitude adjusted,IX,Index,_Z,Not applicable,H,OECD harmonised,2025-05,,98.28912,,A,Normal value,0,Units,2,Two,,
DATAFLOW,OECD.SDD.STES:DSD_STES@DF_CLI(4.1),Composite leading indicators,I,OECD,OECD,M,Monthly,CCICP,Composite consumer confidence,IX,Index,_Z,Not applicable,AA,Amplitude adjusted,IX,Index,_Z,Not applicable,H,OECD harmonised,2025-06,,98.48375,,A,Normal value,0,Units,2,Two,,
DATAFLOW,OECD.SDD.STES:DSD_STES@DF_CLI(4.1),Composite leading indicators,I,OECD,OECD,M,Monthly,CCICP,Composite consumer confidence,IX,Index,_Z,Not applicable,AA,Amplitude adjusted,IX,Index,_Z,Not applicable,H,OECD harmonised,2025-07,,98.60102,,A,Normal value,0,Units,2,Two,,
DATAFLOW,OECD.SDD.STES:DSD_STES@DF_CLI(4.1),Composite leading indicators,I,OECD,OECD,M,Monthly,CCICP,Composite consumer confidence,IX,Index,_Z,Not applicable,AA,Amplitude adjusted,IX,Index,_Z,Not applicable,H,OECD harmonised,2025-08,,98.60465,,A,Normal value,0,Units,2,Two,,
DATAFLOW,OECD.SDD.STES:DSD_STES@DF_CLI(4.1),Composite leading indicators,I,OECD,OECD,M,Monthly,CCICP,Composite consumer confidence,IX,Index,_Z,Not applicable,AA,Amplitude adjusted,IX,Index,_Z,Not applicable,H,OECD harmonised,2025-09,,98.55663,,A,Normal value,0,Units,2,Two,,
DATAFLOW,OECD.SDD.STES:DSD_STES@DF_CLI(4.1),Composite leading indicators,I,OECD,OECD,M,Monthly,CCICP,Composite consumer confidence,IX,Index,_Z,Not applicable,AA,Amplitude adjusted,IX,Index,_Z,Not applicable,H,OECD harmonised,2025-10,,98.52116,,A,Normal value,0,Units,2,Two,,
DATAFLOW,OECD.SDD.STES:DSD_STES@DF_CLI(4.1),Composite leading indicators,I,OECD,OECD,M,Monthly,CCICP,Composite consumer confidence,IX,Index,_Z,Not applicable,AA,Amplitude adjusted,IX,Index,_Z,Not applicable,H,OECD harmonised,2025-11,,98.52023,,A,Normal value,0,Units,2,Two,,
DATAFLOW,OECD.SDD.STES:DSD_STES@DF_CLI(4.1),Composite leading indicators,I,OECD,OECD,M,Monthly,CCICP,Composite consumer confidence,IX,Index,_Z,Not applicable,AA,Amplitude adjusted,IX,Index,_Z,Not applicable,H,OECD harmonised,2025-12,,98.57549,,A,Normal value,0,Units,2,Two,,
DATAFLOW,OECD.SDD.STES:DSD_STES@DF_CLI(4.1),Composite leading indicators,I,OECD,OECD,M,Monthly,CCICP,Composite consumer confidence,IX,Index,_Z,Not applicable,AA,Amplitude adjusted,IX,Index,_Z,Not applicable,H,OECD harmonised,2026-01,,98.6299,,A,Normal value,0,Units,2,Two,,
DATAFLOW,OECD.SDD.STES:DSD_STES@DF_CLI(4.1),Composite leading indicators,I,OECD,OECD,M,Monthly,CCICP,Composite consumer confidence,IX,Index,_Z,Not applicable,AA,Amplitude adjusted,IX,Index,_Z,Not applicable,H,OECD harmonised,2026-02,,98.53798,,A,Normal value,0,Units,2,Two,,
DATAFLOW,OECD.SDD.STES:DSD_STES@DF_CLI(4.1),Composite leading indicators,I,OECD,OECD,M,Monthly,CCICP,Composite consumer confidence,IX,Index,_Z,Not applicable,AA,Amplitude adjusted,IX,Index,_Z,Not applicable,H,OECD harmonised,2026-03,,98.22253,,A,Normal value,0,Units,2,Two,,
DATAFLOW,OECD.SDD.STES:DSD_STES@DF_CLI(4.1),Composite leading indicators,I,OECD,OECD,M,Monthly,CCICP,Composite consumer confidence,IX,Index,_Z,Not applicable,AA,Amplitude adjusted,IX,Index,_Z,Not applicable,H,OECD harmonised,2026-04,,97.84749,,A,Normal value,0,Units,2,Two,,
DATAFLOW,OECD.SDD.STES:DSD_STES@DF_CLI(4.1),Composite leading indicators,I,OECD,OECD,M,Monthly,CCICP,Composite consumer confidence,IX,Index,_Z,Not applicable,AA,Amplitude adjusted,IX,Index,_Z,Not applicable,H,OECD harmonised,2026-05,,97.55246,,A,Normal value,0,Units,2,Two,,
DATAFLOW,OECD.SDD.STES:DSD_STES@DF_CLI(4.1),Composite leading indicators,I,OECD,OECD,M,Monthly,CCICP,Composite consumer confidence,IX,Index,_Z,Not applicable,AA,Amplitude adjusted,IX,Index,_Z,Not applicable,H,OECD harmonised,1995-02,,100.876,,A,Normal value,0,Units,2,Two,,
DATAFLOW,OECD.SDD.STES:DSD_STES@DF_CLI(4.1),Composite leading indicators,I,OECD,OECD,M,Monthly,CCICP,Composite consumer confidence,IX,Index,_Z,Not applicable,AA,Amplitude adjusted,IX,Index,_Z,Not applicable,H,OECD harmonised,1995-03,,100.7392,,A,Normal value,0,Units,2,Two,,
DATAFLOW,OECD.SDD.STES:DSD_STES@DF_CLI(4.1),Composite leading indicators,I,OECD,OECD,M,Monthly,CCICP,Composite consumer confidence,IX,Index,_Z,Not applicable,AA,Amplitude adjusted,IX,Index,_Z,Not applicable,H,OECD harmonised,1995-04,,100.6935,,A,Normal value,0,Units,2,Two,,
DATAFLOW,OECD.SDD.STES:DSD_STES@DF_CLI(4.1),Composite leading indicators,I,OECD,OECD,M,Monthly,CCICP,Composite consumer confidence,IX,Index,_Z,Not applicable,AA,Amplitude adjusted,IX,Index,_Z,Not applicable,H,OECD harmonised,1995-05,,100.7138,,A,Normal value,0,Units,2,Two,,
DATAFLOW,OECD.SDD.STES:DSD_STES@DF_CLI(4.1),Composite leading indicators,I,OECD,OECD,M,Monthly,CCICP,Composite consumer confidence,IX,Index,_Z,Not applicable,AA,Amplitude adjusted,IX,Index,_Z,Not applicable,H,OECD harmonised,1995-06,,100.8065,,A,Normal value,0,Units,2,Two,,
DATAFLOW,OECD.SDD.STES:DSD_STES@DF_CLI(4.1),Composite leading indicators,I,OECD,OECD,M,Monthly,CCICP,Composite consumer confidence,IX,Index,_Z,Not applicable,AA,Amplitude adjusted,IX,Index,_Z,Not applicable,H,OECD harmonised,2012-11,,98.95162,,A,Normal value,0,Units,2,Two,,
DATAFLOW,OECD.SDD.STES:DSD_STES@DF_CLI(4.1),Composite leading indicators,I,OECD,OECD,M,Monthly,CCICP,Composite consumer confidence,IX,Index,_Z,Not applicable,AA,Amplitude adjusted,IX,Index,_Z,Not applicable,H,OECD harmonised,2012-12,,98.90475,,A,Normal value,0,Units,2,Two,,
DATAFLOW,OECD.SDD.STES:DSD_STES@DF_CLI(4.1),Composite leading indicators,I,OECD,OECD,M,Monthly,CCICP,Composite consumer confidence,IX,Index,_Z,Not applicable,AA,Amplitude adjusted,IX,Index,_Z,Not applicable,H,OECD harmonised,2013-01,,98.96958,,A,Normal value,0,Units,2,Two,,
DATAFLOW,OECD.SDD.STES:DSD_STES@DF_CLI(4.1),Composite leading indicators,I,OECD,OECD,M,Monthly,CCICP,Composite consumer confidence,IX,Index,_Z,Not applicable,AA,Amplitude adjusted,IX,Index,_Z,Not applicable,H,OECD harmonised,2013-02,,99.08215,,A,Normal value,0,Units,2,Two,,
DATAFLOW,OECD.SDD.STES:DSD_STES@DF_CLI(4.1),Composite leading indicators,I,OECD,OECD,M,Monthly,CCICP,Composite consumer confidence,IX,Index,_Z,Not applicable,AA,Amplitude adjusted,IX,Index,_Z,Not applicable,H,OECD harmonised,2013-03,,99.19147,,A,Normal value,0,Units,2,Two,,
DATAFLOW,OECD.SDD.STES:DSD_STES@DF_CLI(4.1),Composite leading indicators,I,OECD,OECD,M,Monthly,CCICP,Composite consumer confidence,IX,Index,_Z,Not applicable,AA,Amplitude adjusted,IX,Index,_Z,Not applicable,H,OECD harmonised,2013-04,,99.29899,,A,Normal value,0,Units,2,Two,,
DATAFLOW,OECD.SDD.STES:DSD_STES@DF_CLI(4.1),Composite leading indicators,I,OECD,OECD,M,Monthly,CCICP,Composite consumer confidence,IX,Index,_Z,Not applicable,AA,Amplitude adjusted,IX,Index,_Z,Not applicable,H,OECD harmonised,2013-05,,99.44042,,A,Normal value,0,Units,2,Two,,
DATAFLOW,OECD.SDD.STES:DSD_STES@DF_CLI(4.1),Composite leading indicators,I,OECD,OECD,M,Monthly,CCICP,Composite consumer confidence,IX,Index,_Z,Not applicable,AA,Amplitude adjusted,IX,Index,_Z,Not applicable,H,OECD harmonised,2013-06,,99.56644,,A,Normal value,0,Units,2,Two,,
DATAFLOW,OECD.SDD.STES:DSD_STES@DF_CLI(4.1),Composite leading indicators,I,OECD,OECD,M,Monthly,CCICP,Composite consumer confidence,IX,Index,_Z,Not applicable,AA,Amplitude adjusted,IX,Index,_Z,Not applicable,H,OECD harmonised,2013-07,,99.67037,,A,Normal value,0,Units,2,Two,,
DATAFLOW,OECD.SDD.STES:DSD_STES@DF_CLI(4.1),Composite leading indicators,I,OECD,OECD,M,Monthly,CCICP,Composite consumer confidence,IX,Index,_Z,Not applicable,AA,Amplitude adjusted,IX,Index,_Z,Not applicable,H,OECD harmonised,2013-08,,99.68777,,A,Normal value,0,Units,2,Two,,
DATAFLOW,OECD.SDD.STES:DSD_STES@DF_CLI(4.1),Composite leading indicators,I,OECD,OECD,M,Monthly,CCICP,Composite consumer confidence,IX,Index,_Z,Not applicable,AA,Amplitude adjusted,IX,Index,_Z,Not applicable,H,OECD harmonised,2013-09,,99.6397,,A,Normal value,0,Units,2,Two,,
DATAFLOW,OECD.SDD.STES:DSD_STES@DF_CLI(4.1),Composite leading indicators,I,OECD,OECD,M,Monthly,CCICP,Composite consumer confidence,IX,Index,_Z,Not applicable,AA,Amplitude adjusted,IX,Index,_Z,Not applicable,H,OECD harmonised,2013-10,,99.56883,,A,Normal value,0,Units,2,Two,,
DATAFLOW,OECD.SDD.STES:DSD_STES@DF_CLI(4.1),Composite leading indicators,I,OECD,OECD,M,Monthly,CCICP,Composite consumer confidence,IX,Index,_Z,Not applicable,AA,Amplitude adjusted,IX,Index,_Z,Not applicable,H,OECD harmonised,2013-11,,99.5918,,A,Normal value,0,Units,2,Two,,
DATAFLOW,OECD.SDD.STES:DSD_STES@DF_CLI(4.1),Composite leading indicators,I,OECD,OECD,M,Monthly,CCICP,Composite consumer confidence,IX,Index,_Z,Not applicable,AA,Amplitude adjusted,IX,Index,_Z,Not applicable,H,OECD harmonised,2013-12,,99.67003,,A,Normal value,0,Units,2,Two,,
DATAFLOW,OECD.SDD.STES:DSD_STES@DF_CLI(4.1),Composite leading indicators,I,OECD,OECD,M,Monthly,CCICP,Composite consumer confidence,IX,Index,_Z,Not applicable,AA,Amplitude adjusted,IX,Index,_Z,Not applicable,H,OECD harmonised,2014-01,,99.72048,,A,Normal value,0,Units,2,Two,,
DATAFLOW,OECD.SDD.STES:DSD_STES@DF_CLI(4.1),Composite leading indicators,I,OECD,OECD,M,Monthly,CCICP,Composite consumer confidence,IX,Index,_Z,Not applicable,AA,Amplitude adjusted,IX,Index,_Z,Not applicable,H,OECD harmonised,2014-02,,99.76649,,A,Normal value,0,Units,2,Two,,
DATAFLOW,OECD.SDD.STES:DSD_STES@DF_CLI(4.1),Composite leading indicators,I,OECD,OECD,M,Monthly,CCICP,Composite consumer confidence,IX,Index,_Z,Not applicable,AA,Amplitude adjusted,IX,Index,_Z,Not applicable,H,OECD harmonised,2014-03,,99.85464,,A,Normal value,0,Units,2,Two,,
DATAFLOW,OECD.SDD.STES:DSD_STES@DF_CLI(4.1),Composite leading indicators,I,OECD,OECD,M,Monthly,CCICP,Composite consumer confidence,IX,Index,_Z,Not applicable,AA,Amplitude adjusted,IX,Index,_Z,Not applicable,H,OECD harmonised,2014-04,,99.96266,,A,Normal value,0,Units,2,Two,,
DATAFLOW,OECD.SDD.STES:DSD_STES@DF_CLI(4.1),Composite leading indicators,I,OECD,OECD,M,Monthly,CCICP,Composite consumer confidence,IX,Index,_Z,Not applicable,AA,Amplitude adjusted,IX,Index,_Z,Not applicable,H,OECD harmonised,2014-05,,100.0134,,A,Normal value,0,Units,2,Two,,
DATAFLOW,OECD.SDD.STES:DSD_STES@DF_CLI(4.1),Composite leading indicators,I,OECD,OECD,M,Monthly,CCICP,Composite consumer confidence,IX,Index,_Z,Not applicable,AA,Amplitude adjusted,IX,Index,_Z,Not applicable,H,OECD harmonised,2014-06,,100.0253,,A,Normal value,0,Units,2,Two,,
DATAFLOW,OECD.SDD.STES:DSD_STES@DF_CLI(4.1),Composite leading indicators,I,OECD,OECD,M,Monthly,CCICP,Composite consumer confidence,IX,Index,_Z,Not applicable,AA,Amplitude adjusted,IX,Index,_Z,Not applicable,H,OECD harmonised,2014-07,,100.005,,A,Normal value,0,Units,2,Two,,
DATAFLOW,OECD.SDD.STES:DSD_STES@DF_CLI(4.1),Composite leading indicators,I,OECD,OECD,M,Monthly,CCICP,Composite consumer confidence,IX,Index,_Z,Not applicable,AA,Amplitude adjusted,IX,Index,_Z,Not applicable,H,OECD harmonised,2005-07,,100.7032,,A,Normal value,0,Units,2,Two,,
DATAFLOW,OECD.SDD.STES:DSD_STES@DF_CLI(4.1),Composite leading indicators,I,OECD,OECD,M,Monthly,CCICP,Composite consumer confidence,IX,Index,_Z,Not applicable,AA,Amplitude adjusted,IX,Index,_Z,Not applicable,H,OECD harmonised,2005-08,,100.5095,,A,Normal value,0,Units,2,Two,,
DATAFLOW,OECD.SDD.STES:DSD_STES@DF_CLI(4.1),Composite leading indicators,I,OECD,OECD,M,Monthly,CCICP,Composite consumer confidence,IX,Index,_Z,Not applicable,AA,Amplitude adjusted,IX,Index,_Z,Not applicable,H,OECD harmonised,2005-09,,100.2735,,A,Normal value,0,Units,2,Two,,
DATAFLOW,OECD.SDD.STES:DSD_STES@DF_CLI(4.1),Composite leading indicators,I,OECD,OECD,M,Monthly,CCICP,Composite consumer confidence,IX,Index,_Z,Not applicable,AA,Amplitude adjusted,IX,Index,_Z,Not applicable,H,OECD harmonised,2005-10,,100.2542,,A,Normal value,0,Units,2,Two,,
DATAFLOW,OECD.SDD.STES:DSD_STES@DF_CLI(4.1),Composite leading indicators,I,OECD,OECD,M,Monthly,CCICP,Composite consumer confidence,IX,Index,_Z,Not applicable,AA,Amplitude adjusted,IX,Index,_Z,Not applicable,H,OECD harmonised,2005-11,,100.47,,A,Normal value,0,Units,2,Two,,
DATAFLOW,OECD.SDD.STES:DSD_STES@DF_CLI(4.1),Composite leading indicators,I,OECD,OECD,M,Monthly,CCICP,Composite consumer confidence,IX,Index,_Z,Not applicable,AA,Amplitude adjusted,IX,Index,_Z,Not applicable,H,OECD harmonised,2005-12,,100.7714,,A,Normal value,0,Units,2,Two,,
DATAFLOW,OECD.SDD.STES:DSD_STES@DF_CLI(4.1),Composite leading indicators,I,OECD,OECD,M,Monthly,CCICP,Composite consumer confidence,IX,Index,_Z,Not applicable,AA,Amplitude adjusted,IX,Index,_Z,Not applicable,H,OECD harmonised,2006-01,,100.9806,,A,Normal value,0,Units,2,Two,,
DATAFLOW,OECD.SDD.STES:DSD_STES@DF_CLI(4.1),Composite leading indicators,I,OECD,OECD,M,Monthly,CCICP,Composite consumer confidence,IX,Index,_Z,Not applicable,AA,Amplitude adjusted,IX,Index,_Z,Not applicable,H,OECD harmonised,2006-02,,101.0276,,A,Normal value,0,Units,2,Two,,
DATAFLOW,OECD.SDD.STES:DSD_STES@DF_CLI(4.1),Composite leading indicators,I,OECD,OECD,M,Monthly,CCICP,Composite consumer confidence,IX,Index,_Z,Not applicable,AA,Amplitude adjusted,IX,Index,_Z,Not applicable,H,OECD harmonised,2006-03,,100.995,,A,Normal value,0,Units,2,Two,,
DATAFLOW,OECD.SDD.STES:DSD_STES@DF_CLI(4.1),Composite leading indicators,I,OECD,OECD,M,Monthly,CCICP,Composite consumer confidence,IX,Index,_Z,Not applicable,AA,Amplitude adjusted,IX,Index,_Z,Not applicable,H,OECD harmonised,2006-04,,100.8979,,A,Normal value,0,Units,2,Two,,
DATAFLOW,OECD.SDD.STES:DSD_STES@DF_CLI(4.1),Composite leading indicators,I,OECD,OECD,M,Monthly,CCICP,Composite consumer confidence,IX,Index,_Z,Not applicable,AA,Amplitude adjusted,IX,Index,_Z,Not applicable,H,OECD harmonised,2006-05,,100.7344,,A,Normal value,0,Units,2,Two,,
DATAFLOW,OECD.SDD.STES:DSD_STES@DF_CLI(4.1),Composite leading indicators,I,OECD,OECD,M,Monthly,CCICP,Composite consumer confidence,IX,Index,_Z,Not applicable,AA,Amplitude adjusted,IX,Index,_Z,Not applicable,H,OECD harmonised,2006-06,,100.6451,,A,Normal value,0,Units,2,Two,,
DATAFLOW,OECD.SDD.STES:DSD_STES@DF_CLI(4.1),Composite leading indicators,I,OECD,OECD,M,Monthly,CCICP,Composite consumer confidence,IX,Index,_Z,Not applicable,AA,Amplitude adjusted,IX,Index,_Z,Not applicable,H,OECD harmonised,2006-07,,100.623,,A,Normal value,0,Units,2,Two,,
DATAFLOW,OECD.SDD.STES:DSD_STES@DF_CLI(4.1),Composite leading indicators,I,OECD,OECD,M,Monthly,CCICP,Composite consumer confidence,IX,Index,_Z,Not applicable,AA,Amplitude adjusted,IX,Index,_Z,Not applicable,H,OECD harmonised,2006-08,,100.653,,A,Normal value,0,Units,2,Two,,
DATAFLOW,OECD.SDD.STES:DSD_STES@DF_CLI(4.1),Composite leading indicators,I,OECD,OECD,M,Monthly,CCICP,Composite consumer confidence,IX,Index,_Z,Not applicable,AA,Amplitude adjusted,IX,Index,_Z,Not applicable,H,OECD harmonised,2006-09,,100.7929,,A,Normal value,0,Units,2,Two,,
DATAFLOW,OECD.SDD.STES:DSD_STES@DF_CLI(4.1),Composite leading indicators,I,OECD,OECD,M,Monthly,CCICP,Composite consumer confidence,IX,Index,_Z,Not applicable,AA,Amplitude adjusted,IX,Index,_Z,Not applicable,H,OECD harmonised,2006-10,,100.9895,,A,Normal value,0,Units,2,Two,,
DATAFLOW,OECD.SDD.STES:DSD_STES@DF_CLI(4.1),Composite leading indicators,I,OECD,OECD,M,Monthly,CCICP,Composite consumer confidence,IX,Index,_Z,Not applicable,AA,Amplitude adjusted,IX,Index,_Z,Not applicable,H,OECD harmonised,2006-11,,101.0944,,A,Normal value,0,Units,2,Two,,
DATAFLOW,OECD.SDD.STES:DSD_STES@DF_CLI(4.1),Composite leading indicators,I,OECD,OECD,M,Monthly,CCICP,Composite consumer confidence,IX,Index,_Z,Not applicable,AA,Amplitude adjusted,IX,Index,_Z,Not applicable,H,OECD harmonised,2006-12,,101.1387,,A,Normal value,0,Units,2,Two,,
DATAFLOW,OECD.SDD.STES:DSD_STES@DF_CLI(4.1),Composite leading indicators,I,OECD,OECD,M,Monthly,CCICP,Composite consumer confidence,IX,Index,_Z,Not applicable,AA,Amplitude adjusted,IX,Index,_Z,Not applicable,H,OECD harmonised,2007-01,,101.1411,,A,Normal value,0,Units,2,Two,,
DATAFLOW,OECD.SDD.STES:DSD_STES@DF_CLI(4.1),Composite leading indicators,I,OECD,OECD,M,Monthly,CCICP,Composite consumer confidence,IX,Index,_Z,Not applicable,AA,Amplitude adjusted,IX,Index,_Z,Not applicable,H,OECD harmonised,2004-12,,100.9663,,A,Normal value,0,Units,2,Two,,
DATAFLOW,OECD.SDD.STES:DSD_STES@DF_CLI(4.1),Composite leading indicators,I,OECD,OECD,M,Monthly,CCICP,Composite consumer confidence,IX,Index,_Z,Not applicable,AA,Amplitude adjusted,IX,Index,_Z,Not applicable,H,OECD harmonised,2005-01,,101.0359,,A,Normal value,0,Units,2,Two,,
DATAFLOW,OECD.SDD.STES:DSD_STES@DF_CLI(4.1),Composite leading indicators,I,OECD,OECD,M,Monthly,CCICP,Composite consumer confidence,IX,Index,_Z,Not applicable,AA,Amplitude adjusted,IX,Index,_Z,Not applicable,H,OECD harmonised,2005-02,,101.019,,A,Normal value,0,Units,2,Two,,
DATAFLOW,OECD.SDD.STES:DSD_STES@DF_CLI(4.1),Composite leading indicators,I,OECD,OECD,M,Monthly,CCICP,Composite consumer confidence,IX,Index,_Z,Not applicable,AA,Amplitude adjusted,IX,Index,_Z,Not applicable,H,OECD harmonised,2005-03,,100.8958,,A,Normal value,0,Units,2,Two,,
DATAFLOW,OECD.SDD.STES:DSD_STES@DF_CLI(4.1),Composite leading indicators,I,OECD,OECD,M,Monthly,CCICP,Composite consumer confidence,IX,Index,_Z,Not applicable,AA,Amplitude adjusted,IX,Index,_Z,Not applicable,H,OECD harmonised,2005-04,,100.7583,,A,Normal value,0,Units,2,Two,,
DATAFLOW,OECD.SDD.STES:DSD_STES@DF_CLI(4.1),Composite leading indicators,I,OECD,OECD,M,Monthly,CCICP,Composite consumer confidence,IX,Index,_Z,Not applicable,AA,Amplitude adjusted,IX,Index,_Z,Not applicable,H,OECD harmonised,2005-05,,100.7021,,A,Normal value,0,Units,2,Two,,
DATAFLOW,OECD.SDD.STES:DSD_STES@DF_CLI(4.1),Composite leading indicators,I,OECD,OECD,M,Monthly,CCICP,Composite consumer confidence,IX,Index,_Z,Not applicable,AA,Amplitude adjusted,IX,Index,_Z,Not applicable,H,OECD harmonised,2005-06,,100.7378,,A,Normal value,0,Units,2,Two,,
DATAFLOW,OECD.SDD.STES:DSD_STES@DF_CLI(4.1),Composite leading indicators,I,OECD,OECD,M,Monthly,CCICP,Composite consumer confidence,IX,Index,_Z,Not applicable,AA,Amplitude adjusted,IX,Index,_Z,Not applicable,H,OECD harmonised,1984-09,,100.9948,,A,Normal value,0,Units,2,Two,,
DATAFLOW,OECD.SDD.STES:DSD_STES@DF_CLI(4.1),Composite leading indicators,I,OECD,OECD,M,Monthly,CCICP,Composite consumer confidence,IX,Index,_Z,Not applicable,AA,Amplitude adjusted,IX,Index,_Z,Not applicable,H,OECD harmonised,1984-10,,100.9791,,A,Normal value,0,Units,2,Two,,
DATAFLOW,OECD.SDD.STES:DSD_STES@DF_CLI(4.1),Composite leading indicators,I,OECD,OECD,M,Monthly,CCICP,Composite consumer confidence,IX,Index,_Z,Not applicable,AA,Amplitude adjusted,IX,Index,_Z,Not applicable,H,OECD harmonised,1984-11,,100.9722,,A,Normal value,0,Units,2,Two,,
DATAFLOW,OECD.SDD.STES:DSD_STES@DF_CLI(4.1),Composite leading indicators,I,OECD,OECD,M,Monthly,CCICP,Composite consumer confidence,IX,Index,_Z,Not applicable,AA,Amplitude adjusted,IX,Index,_Z,Not applicable,H,OECD harmonised,1984-12,,100.9957,,A,Normal value,0,Units,2,Two,,
DATAFLOW,OECD.SDD.STES:DSD_STES@DF_CLI(4.1),Composite leading indicators,I,OECD,OECD,M,Monthly,CCICP,Composite consumer confidence,IX,Index,_Z,Not applicable,AA,Amplitude adjusted,IX,Index,_Z,Not applicable,H,OECD harmonised,1985-01,,101.0494,,A,Normal value,0,Units,2,Two,,
DATAFLOW,OECD.SDD.STES:DSD_STES@DF_CLI(4.1),Composite leading indicators,I,OECD,OECD,M,Monthly,CCICP,Composite consumer confidence,IX,Index,_Z,Not applicable,AA,Amplitude adjusted,IX,Index,_Z,Not applicable,H,OECD harmonised,1985-02,,101.0248,,A,Normal value,0,Units,2,Two,,
DATAFLOW,OECD.SDD.STES:DSD_STES@DF_CLI(4.1),Composite leading indicators,I,OECD,OECD,M,Monthly,CCICP,Composite consumer confidence,IX,Index,_Z,Not applicable,AA,Amplitude adjusted,IX,Index,_Z,Not applicable,H,OECD harmonised,1985-03,,100.9801,,A,Normal value,0,Units,2,Two,,
DATAFLOW,OECD.SDD.STES:DSD_STES@DF_CLI(4.1),Composite leading indicators,I,OECD,OECD,M,Monthly,CCICP,Composite consumer confidence,IX,Index,_Z,Not applicable,AA,Amplitude adjusted,IX,Index,_Z,Not applicable,H,OECD harmonised,1985-04,,100.9496,,A,Normal value,0,Units,2,Two,,
DATAFLOW,OECD.SDD.STES:DSD_STES@DF_CLI(4.1),Composite leading indicators,I,OECD,OECD,M,Monthly,CCICP,Composite consumer confidence,IX,Index,_Z,Not applicable,AA,Amplitude adjusted,IX,Index,_Z,Not applicable,H,OECD harmonised,1985-05,,100.9233,,A,Normal value,0,Units,2,Two,,
DATAFLOW,OECD.SDD.STES:DSD_STES@DF_CLI(4.1),Composite leading indicators,I,OECD,OECD,M,Monthly,CCICP,Composite consumer confidence,IX,Index,_Z,Not applicable,AA,Amplitude adjusted,IX,Index,_Z,Not applicable,H,OECD harmonised,1985-06,,100.9361,,A,Normal value,0,Units,2,Two,,
DATAFLOW,OECD.SDD.STES:DSD_STES@DF_CLI(4.1),Composite leading indicators,I,OECD,OECD,M,Monthly,CCICP,Composite consumer confidence,IX,Index,_Z,Not applicable,AA,Amplitude adjusted,IX,Index,_Z,Not applicable,H,OECD harmonised,2007-06,,100.9726,,A,Normal value,0,Units,2,Two,,
DATAFLOW,OECD.SDD.STES:DSD_STES@DF_CLI(4.1),Composite leading indicators,I,OECD,OECD,M,Monthly,CCICP,Composite consumer confidence,IX,Index,_Z,Not applicable,AA,Amplitude adjusted,IX,Index,_Z,Not applicable,H,OECD harmonised,2007-07,,100.9333,,A,Normal value,0,Units,2,Two,,
DATAFLOW,OECD.SDD.STES:DSD_STES@DF_CLI(4.1),Composite leading indicators,I,OECD,OECD,M,Monthly,CCICP,Composite consumer confidence,IX,Index,_Z,Not applicable,AA,Amplitude adjusted,IX,Index,_Z,Not applicable,H,OECD harmonised,2007-05,,100.9969,,A,Normal value,0,Units,2,Two,,
DATAFLOW,OECD.SDD.STES:DSD_STES@DF_CLI(4.1),Composite leading indicators,I,OECD,OECD,M,Monthly,CCICP,Composite consumer confidence,IX,Index,_Z,Not applicable,AA,Amplitude adjusted,IX,Index,_Z,Not applicable,H,OECD harmonised,2014-12,,100.3227,,A,Normal value,0,Units,2,Two,,
