date,USA,CAN,MEX,GBR,DEU,FRA,ESP,CHE,NLD,ITA,IRL,GRC,BEL,AUT,PRT,SWE,FIN,DNK,POL,CZE,TUR,JPN,KOR,AUS,NZL
1975-01-01,96.89253,,,96.91897,99.71506,101.3003,,98.08396,99.79343,94.31562,94.97253,,99.14669,,,,,96.62189,,,,,,99.96062,
1975-02-01,97.29836,,,96.20615,99.99641,101.5331,,97.9999,99.76393,94.68395,95.15717,,99.25037,,,,,96.79384,,,,,,100.6289,
1975-03-01,97.82019,,,95.49467,100.299,101.5043,,98.05235,99.71193,95.12886,95.42643,,99.30368,,,,,97.33311,,,,,,101.0798,
1975-04-01,98.2859,,,94.96516,100.6015,101.3751,,98.16753,99.6404,95.57777,95.82855,,99.26061,,,,,98.18968,,,,,,101.0941,
1975-05-01,98.56734,,,94.76198,100.8116,101.3212,,98.25916,99.56706,95.88956,96.20532,,99.17912,,,,,98.85545,,,,,,100.8346,
1975-06-01,98.71187,,,95.01893,100.8473,101.3978,,98.27284,99.45135,95.9486,96.6171,,99.06936,,,,,99.37466,,,,,,100.4997,
1975-07-01,98.77493,,,95.5587,100.8119,101.5942,,98.25414,99.26771,95.89598,97.1315,,98.97519,,,,,99.88564,,,,,,100.2502,
1975-08-01,98.7894,,,96.13969,100.7652,101.7564,,98.27121,99.12133,95.799,97.577,,98.88901,,,,,100.3089,,,,,,100.1008,
1975-09-01,98.81657,,,96.6718,100.7596,101.9193,,98.36987,98.99792,95.70377,98.02117,,98.84596,,,,,100.6662,,,,,,100.0596,
1975-10-01,98.9277,,,97.1392,100.8866,102.1445,,98.49297,98.91011,95.73219,98.49061,,99.0101,,,,,101.0717,,,,,,100.1656,
1975-11-01,99.17293,,,97.57198,101.2822,102.3568,,98.56164,99.02084,95.90569,98.69218,,99.52257,,,,,101.3752,,,,,,100.42,
1975-12-01,99.46616,,,98.08244,101.8083,102.648,,98.53204,99.44198,96.11681,98.53617,,100.3374,,,,,101.586,,,,,,100.7909,
1976-01-01,99.69358,,,98.68426,102.2328,103.0636,,98.5067,100.1235,96.22719,98.10018,,100.9041,,,,,101.7774,,,,,,101.0691,
1976-02-01,99.77404,,,99.28565,102.4724,103.3123,,98.65282,100.5772,96.12798,97.78512,,101.1064,,,,,101.875,,,,,,101.0519,
1976-03-01,99.78529,,,99.84326,102.5523,103.4062,,99.11649,100.6408,95.90091,97.59315,,101.0859,,,,,101.6737,,,,,,100.9294,
1976-04-01,99.83242,,,100.2645,102.5587,103.4123,,99.76531,100.4589,95.64606,97.44276,,101.0391,,,,,101.1544,,,,,,100.8581,
1976-05-01,99.98558,,,100.3535,102.5591,103.3584,,100.4419,100.2738,95.4374,97.36076,,101.0437,,,,,100.6855,,,,,,100.7519,
1976-06-01,100.1817,,,99.894,102.5957,103.2271,,101.0323,100.1743,95.30611,97.30177,,101.1049,,,,,100.2976,,,,,,100.6849,
1976-07-01,100.323,,,99.06375,102.6851,103.0095,,101.5065,100.1361,95.17774,97.23024,,101.1511,,,,,99.94469,,,,,,100.6658,
1976-08-01,100.3318,,,98.13846,102.7814,102.8368,,101.8038,100.1209,95.00356,97.17943,,101.1672,,,,,99.68496,,,,,,100.7046,
1976-09-01,100.2616,,,97.31464,102.8795,102.6697,,101.8347,100.115,94.88887,97.15751,,101.1487,,,,,99.41106,,,,,,100.7212,
1976-10-01,100.1814,,,96.87927,102.9183,102.4708,,101.6593,100.1442,94.99567,97.19838,,101.0855,,,,,99.10999,,,,,,100.6169,
1976-11-01,100.1403,,,97.0261,102.8752,102.3724,,101.2999,100.2798,95.38589,97.38358,,100.9807,,,,,98.9295,,,,,,100.369,
1976-12-01,100.141,,,97.53544,102.7269,102.3467,,100.7597,100.6095,95.91456,97.80145,,100.9131,,,,,98.85682,,,,,,100.2457,
1977-01-01,100.1856,,,98.13107,102.4926,102.3046,,100.2254,101.1017,96.38263,98.36187,,100.9481,100.2671,,,,98.89919,,,,,,100.1679,
1977-02-01,100.2784,,,98.47466,102.1902,102.1211,,99.95599,101.4203,96.55127,98.7093,,101.0093,100.8086,,,,98.94907,,,,,,100.0535,
1977-03-01,100.3852,,,98.57755,101.8786,101.678,,100.1656,101.4452,96.48833,98.82037,,101.0395,101.186,,,,98.9492,,,,,,100.0067,
1977-04-01,100.4625,,,98.7091,101.5755,101.0463,,100.6411,101.2423,96.39966,98.8219,,100.9385,101.2072,,,,98.84277,,,,,,100.0997,
1977-05-01,100.4725,,,99.04188,101.3773,100.6666,,101.1287,101.0393,96.42062,98.87978,,100.7285,100.9513,,,,98.78063,,,,,,100.1977,
1977-06-01,100.4276,,,99.77203,101.3776,100.6595,,101.4549,100.8498,96.7047,99.19753,,100.46,100.409,,,,98.81299,,,,,,100.1986,
1977-07-01,100.333,,,100.7864,101.4814,100.9422,,101.6348,100.6763,97.13107,99.79285,,100.2268,99.73875,,,,98.9514,,,,,,100.1564,
1977-08-01,100.1848,,,101.9401,101.5965,101.2349,,101.6956,100.5549,97.56346,100.3455,,100.0447,99.13177,,,,99.1365,,,,,,100.2804,
1977-09-01,100.0172,,,103.0492,101.7223,101.5705,,101.6468,100.4399,97.96691,100.9251,,99.89006,98.80492,,,,99.30698,,,,,,100.4235,
1977-10-01,99.87012,,,103.9967,101.8346,102.0021,,101.5683,100.3251,98.24676,101.6045,,99.88163,98.93058,,,,99.42202,,,,,,100.6227,
1977-11-01,99.77582,,,104.6311,101.9516,102.2667,,101.5452,100.3588,98.38827,102.2105,,100.0456,99.2863,,,,99.49815,,,,,,100.9562,
1977-12-01,99.72543,,,105.0775,102.022,102.4105,,101.6305,100.6693,98.44827,102.8025,,100.324,99.4677,,,,99.49426,,,,,,101.3444,
1978-01-01,99.69241,,,105.3559,102.0,102.524,,101.7539,101.1867,98.41366,103.3977,,100.4107,99.54863,,,,99.44292,,,,,,101.6591,
1978-02-01,99.61221,,,105.4379,101.9668,102.5981,,101.8154,101.477,98.41285,103.7098,,100.2525,99.73035,,,,99.45427,,,,,,101.7791,
1978-03-01,99.47431,,,105.4725,101.9606,102.6747,,101.741,101.3813,98.47894,103.7118,,99.96251,99.92209,,,,99.55989,,,,,,101.6075,
1978-04-01,99.47305,,,105.4521,102.0102,102.7724,,101.6007,101.0154,98.55051,103.489,,99.78356,100.0672,,,,99.70148,,,,,,101.2841,
1978-05-01,99.49724,,,105.4295,102.1404,102.8104,,101.4851,100.7202,98.677,103.2379,,99.79336,100.2901,,,,99.83266,,,,,,100.9141,
1978-06-01,99.46143,,,105.2867,102.3232,102.7742,,101.4483,100.5603,98.9472,102.9916,,99.88863,100.4124,,,,99.98481,,,,,,100.4478,
1978-07-01,99.43506,,,105.0094,102.5392,102.6781,,101.4261,100.4745,99.36267,102.7063,,99.9702,100.5765,,,,100.136,,,,,,99.94025,
1978-08-01,99.33629,,,104.5778,102.7875,102.6013,,101.3186,100.4356,99.83916,102.5073,,100.0426,100.7849,,,,100.266,,,,,,99.57409,
1978-09-01,99.24139,,,103.9921,103.0611,102.5195,,101.0574,100.3917,100.334,102.3124,,100.1326,100.9053,,,,100.4131,,,,,,99.72403,
1978-10-01,99.01192,,,103.2003,103.2913,102.3824,,100.7592,100.3048,100.6414,102.0313,,100.2165,100.8006,,,,100.5435,,,,,,100.1042,
1978-11-01,98.62542,,,102.1804,103.458,102.1951,,100.5984,100.1953,100.7115,101.7602,,100.3254,100.5476,,,,100.6117,,,,,,100.3937,
1978-12-01,98.27516,,,101.2281,103.5519,101.8911,,100.7182,100.0837,100.6152,101.4014,,100.461,100.5412,,,,100.638,,,,,,100.6323,
1979-01-01,98.24982,,,100.7176,103.5997,101.5201,,101.0029,99.95596,100.4738,100.9339,,100.487,100.7317,,,,100.6402,,,,,,100.8197,
1979-02-01,98.23451,,,101.0462,103.5703,101.2872,,101.3077,99.87458,100.2837,100.6073,,100.3828,100.97,,,,100.6067,,,,,,100.8992,
1979-03-01,98.0434,,,101.8857,103.5195,101.1327,,101.5232,99.8176,100.0577,100.4168,,100.218,101.1555,,,,100.4952,,,,,,100.791,
1979-04-01,97.84727,,,102.8613,103.4265,100.9644,,101.6199,99.75972,99.74377,100.2636,,100.0615,100.998,,,,100.2654,,,,,,100.5352,
1979-05-01,97.71627,,,103.4673,103.2455,100.8121,,101.5482,99.72938,99.45107,100.1463,,99.95128,100.6786,,,,99.99101,,,,,,99.95616,
1979-06-01,97.53304,,,103.3514,102.9979,100.7323,,101.2569,99.72199,99.2208,99.98272,,99.85628,100.3301,,,,99.67448,,,,,,99.36197,
1979-07-01,97.37135,,,102.7159,102.7621,100.696,,100.8803,99.73029,99.04745,99.72715,,99.78644,100.3561,,,,99.31393,,,,,,99.12593,
1979-08-01,97.40817,,,101.9296,102.5359,100.6688,,100.5826,99.75169,98.83749,99.53421,,99.6929,100.5948,,,,99.01227,,,,,,99.28366,
1979-09-01,97.44877,,,101.1565,102.2808,100.6471,,100.487,99.78006,98.58282,99.35253,,99.53783,100.8007,,,,98.71543,,,,,,99.54757,
1979-10-01,97.37322,,,100.3858,101.9559,100.6854,,100.5258,99.78426,98.29916,99.11775,,99.38793,100.7442,,,,98.30657,,,,,,99.70306,
1979-11-01,97.35517,,,99.70155,101.5808,100.6538,,100.6197,99.67976,98.00919,98.93417,,99.17975,100.345,,,,97.90288,,,,,,99.78789,
1979-12-01,97.39511,,,99.04595,101.1761,100.4637,,100.7221,99.32452,97.75482,98.81322,,98.8696,99.89718,,,,97.43469,,,,,,99.8258,
1980-01-01,97.47986,99.9551162603295,,98.3997,100.7547,100.0997,,100.8092,98.76801,97.61554,98.69168,,98.64175,99.62223,,,,96.84174,,,,,,99.85255,
1980-02-01,97.27154,99.8729586075897,,97.68212,100.5336,99.80946,,100.8624,98.31728,97.69135,98.55256,,98.43898,99.60899,,,,96.33385,,,,,,99.87801,
1980-03-01,96.73009,99.7479083164319,,97.14544,100.3957,99.67564,,100.8674,97.93653,97.97048,98.38125,,98.19051,99.74992,,,,95.94672,,,,,,99.85937,
1980-04-01,96.30981,99.5763377627602,,97.08496,100.3019,99.64217,,100.8464,97.55325,98.25369,98.13917,,98.01473,99.75436,,,,95.63492,,,,,,99.78647,
1980-05-01,96.27487,99.5189346279581,,97.11636,100.2377,99.64811,,100.8221,97.29434,98.41802,97.9351,,97.883,99.5155,,,,95.45152,,,,,,99.81131,
1980-06-01,96.67149,99.6156837369295,,96.99183,100.1144,99.66103,,100.8075,97.14634,98.40517,97.771,,97.79546,99.10595,,,,95.44508,,,,,,99.87769,
1980-07-01,97.24512,99.843270192901,,96.82045,100.0257,99.67113,,100.7989,97.06968,98.32863,97.58056,,97.71786,98.84727,,,,95.63553,,,,,,99.91798,
1980-08-01,97.86894,100.01833026845,,96.94095,99.98682,99.67831,,100.7875,97.00214,98.21503,97.39339,,97.66907,98.70377,,,,95.81321,,,,,,100.1192,
1980-09-01,98.39467,100.146984265563,,97.08553,99.83067,99.68205,,100.764,96.93547,98.0807,97.19457,,97.60389,98.54116,,,,95.97076,,,,,,100.4394,
1980-10-01,98.61813,100.249776440082,,97.26691,99.43913,99.67425,,100.7272,96.8383,98.04527,96.94633,,97.46175,98.27004,,,,96.1254,,,,,,100.739,
1980-11-01,98.50801,100.2330210046,,97.12998,98.89918,99.63547,,100.6665,96.72284,98.19444,96.78694,,97.23194,98.00854,,,,96.1614,,,,,,100.9037,
1980-12-01,98.13569,100.04655812322,,97.02973,98.51011,99.54276,,100.5583,96.59741,98.34404,96.78261,,96.90083,97.84552,,,,96.09035,,,,,,101.0991,
1981-01-01,97.98567,99.7005093470412,,97.16075,98.17068,99.4084,,100.3866,96.43733,98.43371,96.92147,,96.68169,97.59414,,,,96.01512,,,,,,101.273,
1981-02-01,97.88979,99.4517404955396,,97.15374,97.76825,99.3727,,100.1096,96.3103,98.37739,97.11791,,96.56633,97.12424,,,,95.9935,,,,,,101.2933,
1981-03-01,97.99059,99.2545215328695,,96.95194,97.326,99.57418,,99.69068,96.24725,98.24513,97.40454,,96.54412,96.78299,,,,96.1134,,,,,,101.1056,
1981-04-01,98.30675,99.0092954193665,,96.81815,97.02113,99.92142,,99.23315,96.22484,98.04794,97.73581,,96.52256,97.01829,,,,96.30704,,,,,,100.7135,
1981-05-01,98.58509,98.7598970742165,,97.03281,96.85857,100.1555,,98.8749,96.22839,97.87,97.86675,,96.54434,97.36562,,,,96.43851,,,,,,100.2554,
1981-06-01,98.67999,98.3818033705497,,97.02027,96.5916,100.2948,,98.72054,96.27439,97.79435,97.68349,,96.61403,97.56716,,,,96.52502,,,,,,99.84228,
1981-07-01,98.73473,97.8315314805897,,96.89729,96.26866,100.401,,98.67467,96.40689,97.80936,97.2377,,96.67625,97.56301,,,,96.60538,,,,,,99.46228,
1981-08-01,98.70944,97.524732579321,,96.98174,95.92395,100.4398,,98.62023,96.5069,97.88438,96.76446,,96.74096,97.45898,,,,96.65357,,,,,,99.28262,
1981-09-01,98.44422,97.4612196626979,,97.16008,95.90031,100.4387,,98.48825,96.59376,97.95465,96.30084,,96.82113,97.36146,,,,96.70575,,,,,,99.36496,
1981-10-01,98.04984,97.5317664489136,,97.05471,96.04118,100.448,,98.33627,96.72507,98.11792,95.82834,,96.8681,97.31212,,,,96.81207,,,,,,99.51263,
1981-11-01,97.68962,97.581620295023,,97.10501,96.0985,100.5421,,98.2662,96.76527,98.56406,95.57101,,96.8863,97.21614,,,,96.98458,,,,,,99.52068,
1981-12-01,97.64383,97.5541191109566,,97.16146,96.16822,100.8104,,98.36208,96.68819,99.14034,95.64083,,96.88624,97.23016,,,,97.29825,,,,,,99.36062,
1982-01-01,97.75028,97.440837513411,,97.44284,96.24869,101.2628,,98.54611,96.53676,99.71983,95.9642,,96.86634,97.35034,,,,97.71852,,,,,,99.17234,
1982-02-01,97.6624,97.3090880099154,,97.72417,96.36314,101.5616,,98.71565,96.50019,100.168,96.21205,,96.81297,97.56767,,,,97.99506,,,,,,99.09184,
1982-03-01,97.53255,97.1178212292458,,98.31468,96.67131,101.6254,,98.79198,96.63151,100.3066,96.30372,,96.72038,97.91703,,,,98.07126,,,,,,99.10703,
1982-04-01,97.56945,96.8493754249206,,99.02084,96.97072,101.5939,,98.78368,96.88414,100.2792,96.32445,,96.64401,98.09064,,,,98.01519,,,,100.6028,,99.13827,
1982-05-01,97.63757,96.7007432558705,,99.81523,97.15707,101.5003,,98.69614,96.98059,100.1422,96.26835,,96.59828,98.10444,,,,97.94336,,,,100.4187,,99.02318,
1982-06-01,97.63278,96.6863696845534,,100.3822,97.11691,101.3029,,98.5257,96.8829,99.61962,96.18306,,96.63289,97.95521,,,,97.86936,,,,100.2479,,98.70699,
1982-07-01,97.65004,96.7867841460044,,100.583,96.7335,100.9784,,98.33292,96.69612,99.05558,96.06043,,96.68369,97.77605,,,,97.77567,,,,100.1182,,98.24684,
1982-08-01,97.77594,96.9629741191532,,100.644,96.31114,100.7197,,98.19025,96.47689,98.57868,95.92183,,96.73296,97.64703,,,,97.68765,,,,100.0596,,98.01719,
1982-09-01,98.03615,97.3159351186192,,100.7046,95.99802,100.4679,,98.15192,96.27551,98.12333,95.77531,,96.75862,97.60507,,,,97.55987,,,,100.0513,,97.84031,
1982-10-01,98.26945,97.9104807215623,,101.0077,96.01634,100.1712,,98.17376,96.06598,97.63507,95.5888,,96.68492,97.60361,,,,97.36399,,,,100.0801,,97.65917,
1982-11-01,98.32732,98.4222815682169,,101.3352,96.20698,100.037,,98.20953,95.9474,97.25445,95.43662,,96.55172,97.55457,,,,97.21667,,,,100.1488,,97.60352,
1982-12-01,98.32396,99.0182999143992,,101.4613,96.58752,100.036,,98.24712,95.91959,96.99074,95.35513,,96.39323,97.66844,,,,97.16047,,,,100.2471,,97.9494,
1983-01-01,98.42515,99.844988784852,,101.5796,97.35381,100.0366,,98.33076,96.00177,96.83109,95.32948,,96.37129,98.16476,,,,97.31125,,,,100.3747,,98.51002,
1983-02-01,98.82806,100.432273627062,,101.674,98.30718,99.80598,,98.5482,96.11568,97.0042,95.2096,,96.54404,99.15815,,,,97.70684,,,,100.5346,,99.06544,
1983-03-01,99.48321,100.9161209607,,101.9039,99.2411,99.27355,,98.97179,96.29266,97.32552,94.90141,,96.88787,100.3314,,,,98.57122,,,,100.6966,,99.46681,
1983-04-01,100.1867,101.451253535407,,102.0061,99.75618,98.49744,,99.46584,96.55972,97.56704,94.4866,,97.12469,100.7884,,,,99.91889,,,,100.8204,,99.63496,
1983-05-01,100.656,101.727302997157,,102.072,99.86346,97.93297,,99.84669,96.76258,97.67909,94.19997,,97.15762,100.2514,,,,100.8979,,,,100.8769,,99.60212,
1983-06-01,100.8046,101.783297799148,,102.194,99.85352,97.62458,,99.9725,96.87708,97.82024,94.18256,,97.02903,99.281,,,,101.3466,,,,100.9071,,99.56551,
1983-07-01,100.7686,101.731613740046,,102.3997,99.80491,97.50631,,99.94605,96.95089,97.97382,94.43732,,96.88765,98.45872,,,,101.4367,,,,100.9658,,99.6985,
1983-08-01,100.6273,101.701979161996,,102.5294,99.78627,97.44617,,99.89655,96.98901,98.07819,94.68124,,96.72737,97.83378,,,,101.4319,,,,101.0908,,99.96563,
1983-09-01,100.5111,101.740550322994,,102.5344,99.71281,97.36439,,99.91367,97.02464,98.14472,94.91757,,96.52863,97.40677,,,,101.3909,,,,101.245,,100.322,
1983-10-01,100.5179,101.839545974933,,102.5991,99.74919,97.29356,,100.0046,97.08093,98.15341,95.19207,,96.41869,97.24665,,,,101.3791,,,,101.374,,100.7786,
1983-11-01,100.7117,101.898676202605,,102.8843,99.99873,97.1964,,100.1704,97.13552,98.25785,95.35657,,96.48062,97.4099,,,,101.5099,,,,101.4346,,101.3784,
1983-12-01,101.0454,101.903494234007,,103.2102,100.2749,97.03661,,100.4083,97.20872,98.50502,95.45622,,96.66832,97.76204,,,,101.7487,,,,101.449,,101.9609,
1984-01-01,101.3788,101.866266212661,,103.2757,100.4281,96.87597,,100.6394,97.30898,98.7309,95.56503,,96.74465,98.15291,,,,101.9902,,,,101.4444,,102.3387,
1984-02-01,101.5106,101.82115316622,,103.0873,100.2619,96.77018,,100.7569,97.3597,98.85625,95.68614,,96.67832,98.57252,,,,102.0264,,,,101.4381,,102.3791,
1984-03-01,101.5403,101.757179571246,,102.6421,99.95573,96.66543,,100.6808,97.38818,98.93224,95.80857,,96.5676,99.09872,,,,101.7204,,,,101.4427,,102.2914,
1984-04-01,101.4181,101.663346399654,,102.1165,99.65533,96.50417,,100.527,97.47488,99.01516,95.95139,,96.51175,99.64693,,,,101.1774,,,,101.4719,,102.1435,
1984-05-01,101.3399,101.592604713682,,101.3033,99.39411,96.32993,,100.4481,97.58037,99.36185,96.04142,,96.52684,100.1211,,,,100.8432,,,,101.5361,,101.9491,
1984-06-01,101.2913,101.524079796083,,100.6414,99.20171,96.18446,,100.5523,97.74781,99.80386,96.10118,,96.60164,100.3736,,,,100.8029,,,,101.6132,,101.8161,
1984-07-01,101.3624,101.4338128361,,100.2659,99.36509,96.01805,,100.7477,97.99751,100.2152,96.15892,,96.6825,100.4076,,,,100.9074,,,,101.676,,101.8085,
1984-08-01,101.4888,101.363285847057,,100.1661,99.66029,95.83493,,100.9084,98.15945,100.6133,96.18884,,96.79343,100.2949,,,,101.0211,,,,101.7064,,101.8576,
1984-09-01,101.5114,101.29295487102,,100.3093,99.95761,95.59566,,100.9486,98.20206,101.0193,96.21875,,96.9553,100.1411,,,,101.1251,,,,101.7242,,101.8804,
1984-10-01,101.3439,101.21277696783,,100.4888,100.1185,95.40031,,100.9328,98.21487,101.3316,96.30024,,97.07481,100.0291,,,,101.2033,,,,101.7565,,101.8418,
1984-11-01,101.1624,101.192541191152,,100.6842,100.2747,95.46362,,100.9564,98.36595,101.4623,96.47866,,97.17246,100.0042,,,,101.1382,,,,101.8201,,101.7309,
1984-12-01,101.0312,101.254096399726,,100.6301,100.283,96.04639,,101.0824,98.74442,101.5683,96.87714,,97.26304,100.0158,,,,100.8406,,,,101.8892,,101.6005,
1985-01-01,101.0129,101.391587034054,,100.1245,100.1454,97.12808,,101.2392,99.35401,101.6493,97.51813,103.2403,97.25795,100.1127,,,,100.3146,,,,101.9229,,101.4559,
1985-02-01,100.9701,101.509897907825,,99.5869,100.0013,97.82414,,101.3154,99.7346,101.4413,97.92491,103.4127,97.2644,100.2615,,,,99.95493,,,,101.8882,,101.1637,
1985-03-01,100.9487,101.634140969901,,99.32922,99.91822,98.1293,,101.2251,99.87106,101.1236,98.0192,103.6923,97.25921,100.4189,,,,99.68314,,,,101.8174,,100.7075,
1985-04-01,100.9498,101.791344430549,,99.11147,99.90263,98.24789,,101.0521,99.85603,101.01,97.91277,104.1213,97.2967,100.5528,,,,99.41114,,,,101.7513,,100.1472,
1985-05-01,100.9508,101.886209699364,,98.92828,99.9053,98.10397,,100.9122,99.85473,101.0259,97.86291,104.397,97.28006,100.6538,,,,99.29219,,,,101.7185,,99.85419,
1985-06-01,101.0109,101.941173739553,,98.84876,99.91414,97.75065,,100.8965,99.97536,101.2013,97.98173,104.5152,97.25513,100.6013,,,,99.3498,,,,101.7105,,99.85225,
1985-07-01,100.9398,102.001543799121,,98.97314,100.009,97.3029,,100.9828,100.2125,101.4651,98.3026,104.4947,97.31013,100.5705,,,,99.53444,,,,101.7136,,100.111,
1985-08-01,100.7916,102.080533370679,,99.18475,100.1416,97.29085,,101.1539,100.3845,101.5782,98.61173,104.2587,97.52263,100.577,,,,99.7282,,,,101.7177,,100.4368,
1985-09-01,100.6409,102.214918190584,,99.50427,100.2904,97.86656,,101.4143,100.5613,101.5216,98.93783,103.6555,98.04095,100.5076,,,,99.95425,,,,101.7131,,100.5466,
1985-10-01,100.543,102.386046667381,,99.75211,100.4047,98.94819,,101.7215,100.7912,101.4097,99.24306,102.6943,98.75475,100.2828,,,,100.2039,,,,101.686,,100.4069,
1985-11-01,100.6489,102.385455061898,,99.88381,100.4675,99.7234,,102.037,100.9678,101.385,99.31196,102.149,99.10801,99.92673,,,,100.3348,,,,101.6233,,100.1235,
1985-12-01,100.867,102.133750595713,,99.96886,100.5923,100.208,,102.3295,101.1495,101.4306,99.19068,102.0305,99.15866,99.79159,,,,100.3404,,,,101.5397,,100.1928,
1986-01-01,101.0519,101.681203056634,,99.85746,100.8067,100.5764,,102.5706,101.3826,101.6669,98.98572,102.1324,99.08893,99.89803,,,,100.2392,,,,101.4493,,100.3441,
1986-02-01,101.14,101.459449264885,,99.67487,101.0047,100.6769,,102.7036,101.5052,101.9797,98.88594,102.1495,98.90131,100.2396,,,,100.0902,,,,101.3568,,100.3574,
1986-03-01,101.165,101.5309632369,,99.58012,101.1351,100.5346,,102.6638,101.4931,102.3273,98.80509,101.9747,98.83913,100.6763,,,,99.78288,,,,101.2574,,100.1328,
1986-04-01,101.2053,101.810809977069,,99.62117,101.2347,100.251,,102.5072,101.3798,102.536,98.69662,101.764,98.89204,100.9316,,,,99.28993,,,,101.1374,,99.67811,
1986-05-01,101.2643,101.995131505728,,99.70377,101.3169,99.9877,,102.2819,101.3559,102.6043,98.66762,101.5204,98.95559,100.833,,,,98.93307,,,,100.9821,,99.22193,
1986-06-01,101.3604,102.051322930067,,99.85262,101.445,99.80148,101.5791,102.0179,101.3039,102.603,98.73985,101.387,99.05127,100.5645,102.8828,,,98.81803,,,,100.8042,,98.67158,
1986-07-01,101.3022,102.033710915468,,100.0532,101.573,99.88087,101.6099,101.7841,101.2122,102.5249,98.89536,101.2999,99.26289,100.2577,102.9969,,,98.85956,,,,100.6166,,98.06907,
1986-08-01,101.1237,102.02736226117,,100.2289,101.6865,100.046,101.6375,101.6762,101.1262,102.5852,98.95458,101.1621,99.6214,100.0902,102.9996,,,98.93787,,,,100.4268,,97.80915,
1986-09-01,100.9532,102.079959369616,,100.3679,101.7137,100.1974,101.5966,101.7733,101.0954,102.8107,98.86747,101.0687,99.7374,100.2546,103.0837,,,98.87787,,,,100.2418,,97.91219,
1986-10-01,100.8622,102.208148900747,,100.5234,101.6991,100.2562,101.5568,101.9695,101.1436,103.0065,98.72049,101.032,99.68986,100.7871,103.096,,,98.82731,,,,100.0752,,98.28406,
1986-11-01,100.682,102.344944663563,,100.6755,101.6619,100.1714,101.5386,102.1342,101.1695,103.0196,98.50939,100.9514,99.6178,101.2338,103.0025,,,98.67359,,,,99.94865,,98.50236,
1986-12-01,100.5306,102.536976553981,,100.776,101.6104,99.993,101.4415,102.174,101.2021,102.9503,98.41853,100.8698,99.72887,101.4722,102.8957,,,98.69601,,,,99.87611,,98.66329,
1987-01-01,100.4986,102.807694792018,,101.0256,101.4828,99.74567,101.2867,102.1256,101.2451,102.976,98.48603,100.8344,99.90369,101.4347,102.9508,,,98.74443,,,,99.89856,,98.72018,
1987-02-01,100.5286,102.965338031379,,101.5713,101.2949,99.55412,101.1174,102.0362,101.2439,102.9589,98.64509,100.7169,100.0525,101.0386,103.0227,,,98.77698,,,,100.0652,,98.65498,
1987-03-01,100.6011,103.010540100472,,102.0049,101.1911,99.4418,100.9578,101.9332,101.1149,102.8549,98.75562,100.5517,100.1545,100.5626,103.0617,,,98.70789,,,,100.3193,,98.64288,
1987-04-01,100.6803,102.978686763055,,102.3541,101.1326,99.36391,100.8984,101.8332,100.935,102.6492,98.67691,100.4604,100.2851,100.1966,103.1196,,,98.72765,,,,100.6065,,98.78524,
1987-05-01,100.713,102.894713649138,,102.5479,101.0779,99.21416,101.0032,101.7472,100.7233,102.4604,98.52095,100.3504,100.3377,100.0093,103.2523,,,98.7912,,,,100.8946,,99.01078,
1987-06-01,100.7848,102.723902881483,,102.6465,100.9838,99.16669,101.3133,101.6806,100.4909,102.3387,98.56576,100.3353,100.3221,99.80664,103.3829,,,98.76412,,,,101.1611,,99.26569,
1987-07-01,100.8868,102.455856189519,,102.5222,100.8985,99.32413,101.6857,101.6209,100.3657,102.2917,98.65034,100.323,100.2734,99.65775,103.6208,,,98.81554,,,,101.3794,,99.50963,
1987-08-01,100.8915,102.275305677,,102.3895,100.8826,99.60669,101.9879,101.5523,100.4492,102.1895,98.75853,100.4019,100.2864,99.58949,103.7773,,,98.98874,,,,101.5266,,99.57169,
1987-09-01,100.7095,102.169305603095,,102.2504,100.9603,99.96434,102.0895,101.4638,100.6807,102.0011,98.8848,100.496,100.3114,99.56621,103.9125,,,99.17056,,,,101.6401,,99.57123,
1987-10-01,100.3681,102.107782894905,,102.1772,100.8468,100.2263,101.9525,101.3659,100.7546,101.8968,98.95911,100.5192,100.3552,99.55791,104.0609,,,99.06336,,,,101.7614,,99.52335,
1987-11-01,100.098,102.149537221373,,102.0242,100.5622,100.3769,101.7259,101.273,100.7127,101.9754,98.96883,100.5977,100.437,99.5636,104.018,,103.4431,98.72929,,,,101.9142,,99.22867,
1987-12-01,100.1689,102.323852410576,,101.929,100.3149,100.5052,101.6305,101.1948,100.7112,102.1507,99.116,100.8679,100.5641,99.7888,103.78,,103.2626,98.26185,,,,102.0748,,99.31831,
1988-01-01,100.4277,102.588742123267,,101.8856,100.19,100.601,101.737,101.1229,100.7447,102.2094,99.36098,101.2331,100.6106,100.132,103.508,,103.1457,98.05766,,,,102.202,,99.665,
1988-02-01,100.6644,102.656634663663,,101.8657,100.2052,100.6649,101.9493,101.0493,100.8067,102.2052,99.58958,101.4095,100.6,100.4675,103.2566,,103.025,98.06008,,,,102.2597,,99.95828,
1988-03-01,100.8249,102.446394823516,,101.8361,100.3195,100.7173,102.1784,100.9798,100.8705,102.1831,99.83131,101.4267,100.5808,100.8097,102.9125,,102.8188,98.12929,,,,102.2724,,100.2442,
1988-04-01,100.868,102.015431341715,,101.7789,100.419,100.8145,102.3543,100.9476,100.9428,102.211,100.1134,101.4381,100.5396,101.1475,102.6811,,102.5519,98.30956,,,,102.2672,,100.4102,
1988-05-01,100.9591,101.769936744436,,101.8471,100.4323,100.943,102.3927,101.0159,100.9278,102.1304,100.2193,101.5107,100.5173,101.4399,102.5678,,102.1868,98.42815,,,,102.2621,,100.4539,
1988-06-01,101.0263,101.752379304397,,101.8172,100.4237,101.0014,102.3837,101.2421,100.9021,102.1524,100.2499,101.5317,100.5535,101.787,102.4725,,101.8902,98.37136,,,,102.2702,,100.5377,97.91946
1988-07-01,101.0932,101.88699763814,,101.6507,100.445,101.0685,102.4691,101.5427,100.9701,102.2058,100.3526,101.4931,100.572,102.1371,102.4205,,101.6482,98.27717,,,,102.3051,,100.7242,98.16445
1988-08-01,101.2005,101.997358146066,,101.3478,100.6021,101.1596,102.5996,101.8192,101.0876,102.3761,100.459,101.5803,100.7149,102.4474,102.2652,,101.5626,98.17712,,,,102.373,,100.8922,98.3884
1988-09-01,101.1854,102.059736322425,,100.9627,100.8029,101.2651,102.5892,102.0102,101.2252,102.6897,100.5955,101.7716,101.0126,102.6726,102.2114,,101.7177,98.11123,,,,102.4379,,100.9934,98.55128
1988-10-01,101.0462,102.09275624739,,100.6293,100.9653,101.3649,102.5171,102.1674,101.4531,102.9707,100.7111,101.9154,101.2794,102.7937,102.4212,,102.2661,98.14511,,,,102.4444,,100.8844,98.61727
1988-11-01,100.9454,102.095012410695,,100.3925,100.9892,101.4289,102.402,102.3659,101.6733,103.1242,100.888,101.965,101.4008,102.9306,102.6167,,103.2735,98.14538,,,,102.3454,,100.6686,98.63886
1988-12-01,100.9718,102.043209481311,,100.0877,100.9403,101.3697,102.3579,102.6475,101.7537,103.0456,100.9947,102.055,101.3782,103.2216,102.6939,,103.7949,98.09848,,,,102.1862,,100.473,98.67915
1989-01-01,101.1114,101.889906144147,,99.88067,100.8337,101.3219,102.3175,102.9236,101.7845,102.7933,101.0381,102.2731,101.2663,103.5167,102.7038,,103.8691,98.15187,,,,102.021,,100.1098,98.7785
1989-02-01,101.0913,101.615318029427,,99.71512,100.7792,101.1995,102.1597,103.0434,101.7669,102.3406,101.0906,102.4735,101.2736,103.5952,102.7358,,103.6219,98.20457,,,,101.8891,,99.49396,98.90244
1989-03-01,100.948,101.066404346254,,99.36922,100.8185,101.0344,102.0587,102.8678,101.7701,101.8289,101.0306,102.65,101.2896,103.5471,102.6721,,103.1917,98.14416,,,,101.797,,98.89503,99.00312
1989-04-01,100.752,100.231455997332,,99.09946,100.9225,100.914,102.1093,102.4992,101.7321,101.4497,100.9377,102.8045,101.267,103.5256,102.4704,,102.6018,98.1675,,,,101.7588,,98.44545,99.05624
1989-05-01,100.6218,99.7890092621373,,98.92875,101.067,100.8028,102.2598,102.0475,101.6731,101.3593,100.8706,102.9217,101.2063,103.6262,102.2854,,101.8154,98.17735,,,,101.797,,97.96363,99.12106
1989-06-01,100.59,99.7654002183616,,98.71471,101.2635,100.7683,102.4294,101.5888,101.7193,101.5418,101.0929,102.9794,101.3141,103.7381,102.2398,,101.3252,98.1946,,,,101.8891,,97.40366,99.28735
1989-07-01,100.6386,99.9772114771085,,98.69817,101.3757,100.8553,102.4978,101.2072,101.815,101.8728,101.4949,103.0238,101.4606,103.7831,102.0795,,101.0645,98.20322,,,,102.0209,,97.22627,99.61057
1989-08-01,100.7196,100.054881226668,,98.73484,101.3848,100.9876,102.6123,101.0183,101.9074,102.2082,101.8014,102.9608,101.5772,103.7724,102.0039,,100.8968,98.21605,,,,102.186,,97.40759,99.94553
1989-09-01,100.8713,99.8726692593051,,98.61423,101.4112,101.1189,102.6704,101.1156,102.0245,102.5416,101.848,102.7999,101.7257,103.7617,102.1397,,100.5018,98.28684,,,,102.3452,,97.61657,100.0742
1989-10-01,100.8542,99.4709872216949,,98.17403,101.4177,101.2326,102.7944,101.3244,102.1397,102.6966,101.7212,102.5387,101.8637,103.8619,102.3227,,99.54261,98.456,,,,102.4444,,97.69846,99.82187
1989-11-01,100.7303,99.2386105822909,,98.05036,101.4517,101.3424,102.8526,101.4193,102.213,102.7262,101.5796,102.0354,101.9504,104.081,102.5107,,98.06138,98.59679,,,,102.4387,,97.79819,99.37919
1989-12-01,100.6563,99.2065377630319,,98.15345,101.5428,101.4053,102.8397,101.2309,102.1926,102.7031,101.4826,101.6268,101.983,104.3925,102.62,,97.06275,98.84774,,,,102.3758,,97.94616,98.99008
1990-01-01,100.6537,99.2803667787467,,98.14391,101.5535,101.4225,102.5666,100.8664,102.0706,102.7453,101.3835,101.4913,101.9303,104.6857,102.7887,,96.61886,99.0778,,,,102.3104,,98.18002,98.82953
1990-02-01,100.6357,99.2723680564127,,97.65703,101.4338,101.377,102.2895,100.4649,101.9477,102.8754,101.3089,101.5208,101.8947,104.6241,102.9926,,96.49267,99.21614,,,,102.2753,,98.28598,98.82795
1990-03-01,100.7045,99.0817691366633,,96.94207,101.3259,101.3218,102.0029,100.1282,101.8651,102.9516,101.3752,101.7175,101.736,104.3671,103.2295,,96.5819,99.31254,,,,102.256,,98.00808,98.89057
1990-04-01,100.7568,98.7027533961219,,96.66903,101.3768,101.1877,101.8558,99.89024,101.7548,103.0265,101.4499,101.9726,101.575,104.1248,103.5702,,97.04523,99.27461,,,,102.2248,,97.38547,98.95789
1990-05-01,100.6273,98.4150589671508,,96.70425,101.4613,101.0235,101.8787,99.78797,101.6228,102.8905,101.4653,102.0474,101.5816,104.0752,103.8631,,97.83784,99.12403,,,,102.1613,,96.91952,99.00179
1990-06-01,100.3423,98.1703592177287,,96.93753,101.5351,100.9451,102.0185,99.8345,101.4714,102.6484,101.4265,102.061,101.6878,104.0996,103.9416,,98.24818,98.90999,,,,102.0826,,96.756,98.99363
1990-07-01,99.86092,97.8799571804215,,97.17142,101.55,100.8511,102.031,99.85627,101.2582,102.2859,101.2313,101.9342,101.6588,104.0007,103.7634,,98.35629,98.79757,,,,102.0157,,96.70782,98.89555
1990-08-01,99.08856,97.6594853018041,,97.26564,101.3996,100.6065,101.566,99.59863,100.9601,101.8565,100.9397,101.5546,101.3379,103.6484,103.3318,,98.24832,98.78392,,,,101.9847,,96.52942,98.70395
1990-09-01,98.34657,97.445122659211,,97.38184,101.1154,100.1631,100.7147,98.85614,100.7001,101.3288,100.6553,101.2474,100.8703,103.2471,102.8734,,97.90842,98.83138,,,,101.9863,,96.29723,98.3829
1990-10-01,97.75354,97.2140668393532,,97.76339,100.9214,99.93661,100.4751,97.88239,100.4814,101.0431,100.6184,101.1786,100.5757,103.0113,102.8585,,97.32671,98.90193,,,,102.0207,,96.14499,97.89096
1990-11-01,97.54295,97.1988965809116,,98.11544,100.8458,99.8237,100.6044,97.01107,100.2592,101.0709,100.729,101.2089,100.383,103.0587,103.1655,,96.46401,99.0134,,,,102.0902,,96.16344,97.33753
1990-12-01,97.60697,97.4947681009538,,98.50792,100.7226,99.69286,100.7279,96.50847,100.0873,100.9857,100.5676,101.1823,100.1056,103.3078,103.5073,,95.8336,99.16895,,,,102.1643,,96.44185,96.86694
1991-01-01,97.95465,98.0745853533758,,98.4442,100.4213,99.57645,100.6578,96.32336,99.90608,100.7847,100.3268,101.1842,99.90662,103.5996,103.5359,,95.48798,99.37006,,,,102.2023,,96.82789,96.60394
1991-02-01,98.58894,98.4931285088596,,98.65983,100.0853,99.7751,101.0262,96.42683,99.94638,100.7302,100.2278,101.2247,100.1285,103.6177,103.56,,95.27414,99.54394,,,,102.1704,,97.09245,96.51644
1991-03-01,99.31223,98.7934948538535,,99.22172,99.8755,100.1292,101.5343,96.83451,100.1583,101.1702,100.2821,101.2915,100.6147,103.4434,103.7507,,95.17921,99.71587,,,,102.0949,,97.43005,96.59225
1991-04-01,99.51653,99.0885556350886,,99.58957,99.94212,100.1109,101.7318,97.34028,100.2288,101.4252,100.4065,101.3094,100.858,103.1982,103.8637,,95.16912,99.69008,,,,102.0033,,97.64021,96.84026
1991-05-01,99.4995,99.2605897145842,,99.66592,99.98056,99.86898,101.8831,97.70529,100.2378,101.4123,100.3195,101.2801,100.8982,103.0497,103.8513,,95.28349,99.58311,,,,101.9074,,97.78706,97.12833
1991-06-01,99.56474,99.35361791938,,99.57942,99.72223,99.53448,101.8442,97.74879,100.1387,101.3625,100.0782,101.236,100.9227,102.9485,103.7699,,95.27061,99.57995,,,,101.8045,,97.98921,97.29615
1991-07-01,99.62606,99.4013689620402,,99.55813,99.24191,99.38345,101.7522,97.57984,99.95267,101.3448,99.93431,101.229,101.0511,102.7764,103.7528,,95.22332,99.60538,,,,101.6809,,98.16211,97.22791
1991-08-01,99.59038,99.334251235858,,99.89005,99.02395,99.43217,101.6442,97.3177,99.80912,101.398,99.96279,101.223,101.0962,102.4481,103.6995,,95.21685,99.63827,,,,101.524,,98.25905,97.04533
1991-09-01,99.39061,99.0822131875341,,100.4155,99.13608,99.56171,101.5771,97.0248,99.77072,101.4667,100.0076,101.1148,101.0983,102.0832,103.7438,,95.356,99.7069,,,,101.3538,,98.31992,96.9171
1991-10-01,98.91525,98.6418610433587,,100.7242,99.33208,99.60132,101.3435,96.73289,99.74538,101.375,99.9838,100.9186,101.105,101.8264,103.8954,,95.78166,99.87686,,,,101.1973,,98.2634,96.9825
1991-11-01,98.3261,98.3284968575361,,100.5868,99.47767,99.59484,100.9868,96.45974,99.785,101.2469,99.98199,100.7234,101.1489,101.7045,104.0149,,96.53166,100.1409,,,,101.0758,,98.04779,97.22092
1991-12-01,97.97945,98.1155893946481,,100.2757,99.56575,99.54993,100.5868,96.225,99.80709,101.109,99.97746,100.6552,101.0855,101.714,103.9177,,97.1151,100.1659,,,,100.978,,97.94904,97.6256
1992-01-01,97.93081,97.9481383154771,,100.1991,99.47488,99.62934,100.3641,96.0472,99.75761,101.046,99.98105,100.4947,100.8611,101.7736,103.6459,,97.63821,100.0869,,,,100.8904,,98.11156,98.20451
1992-02-01,98.17536,97.9555816398939,,100.5572,99.28458,99.87897,100.2113,95.97321,99.74797,101.0668,99.994,100.3784,100.5759,101.7147,103.1544,,98.22085,99.94305,,,,100.8034,,98.53628,98.81485
1992-03-01,98.61414,98.1907633961923,,101.0659,98.90512,100.1221,99.9159,96.05063,99.84422,101.1948,99.9382,100.2987,100.2994,101.5606,102.7392,,98.47352,99.98405,,,,100.7075,,98.91796,99.27439
1992-04-01,98.96271,98.622490296672,,101.3795,98.55603,100.2114,99.62101,96.1965,99.93203,101.1487,99.80868,100.3578,100.0828,101.4162,102.6268,,98.41528,100.1301,,,,100.5888,,98.99622,99.44141
1992-05-01,99.16116,98.9003499813407,,101.2875,98.45385,100.0762,99.33649,96.31173,100.0688,100.9199,99.89482,100.4765,100.0016,101.4523,102.704,,98.22119,100.2209,,,,100.4337,,98.72779,99.44537
1992-06-01,99.16701,99.0116177962203,,100.6779,98.64248,99.79141,98.9535,96.32703,100.2802,100.6018,100.0166,100.5272,99.98224,101.5423,102.6686,,97.90527,100.1398,,,,100.2556,,98.31906,99.44149
1992-07-01,98.99251,99.0033971086789,,99.73,98.86478,99.60764,98.22073,96.27959,100.3942,100.2926,100.0834,100.3531,100.0588,101.5652,102.5411,,97.51469,100.0543,,,,100.0676,,98.16212,99.52828
1992-08-01,98.84028,98.8713514925506,,98.743,98.89275,99.6546,97.32365,96.22028,100.4085,99.78898,100.0389,100.0196,100.0027,101.4841,102.3859,,97.07044,99.95799,,,,99.87728,,98.35706,99.67309
1992-09-01,98.8298,98.5594569125757,,97.90045,98.67021,99.83476,96.80459,96.18365,100.3186,99.0038,99.81036,99.8234,99.83065,101.3239,102.204,,96.95795,99.77717,,,,99.69186,,98.53658,99.81346
1992-10-01,99.09079,98.0920473405286,,97.40068,98.2849,99.90826,96.5544,96.16981,100.1033,98.49709,99.5682,99.74626,99.66601,101.0828,101.9113,,97.2458,99.63262,,,,99.52558,,98.66815,99.90065
1992-11-01,99.7146,97.8857093351933,,97.41785,97.80669,99.76164,96.55566,96.17794,99.85815,98.4963,99.57431,99.61009,99.55991,100.7231,101.7168,,97.79828,99.48132,,,,99.40214,,98.54218,99.94744
1992-12-01,100.2222,97.9878015773223,,97.89653,97.44238,99.57196,96.62855,96.21714,99.70695,98.50713,99.6134,99.62142,99.38313,100.4128,101.4937,,97.98745,99.48911,,,,99.33804,,98.63756,99.9763
1993-01-01,100.3551,98.2827928749726,,98.5093,97.26457,99.50454,96.76575,96.29513,99.65656,98.42744,99.48325,99.73771,99.02964,100.2076,101.0526,,97.64142,99.47672,,,,99.37453,,99.02894,100.0079
1993-02-01,100.2392,98.3901699213762,,98.70702,97.23011,99.71787,96.89149,96.43617,99.58891,98.29211,99.25343,99.97225,98.8272,100.0227,100.5013,,96.85512,99.45132,,,,99.55031,,99.29128,100.0674
1993-03-01,100.0521,98.2000896920875,,98.74321,97.22345,100.035,97.14465,96.66016,99.48504,98.24405,99.39537,100.1816,98.76057,99.83831,100.0395,,96.33636,99.47368,,,,99.77343,,99.54887,100.1962
1993-04-01,99.82066,97.7660023985797,,98.77104,97.37931,100.0734,97.52883,96.8986,99.37698,98.37097,99.8542,100.3399,98.59594,99.71488,99.76453,,96.31628,99.60061,,,,99.92004,,99.54823,100.4357
1993-05-01,99.52497,97.4947317175337,,98.90797,97.45525,99.53506,97.65924,97.06294,99.29259,98.6991,100.2046,100.4388,98.51279,99.80836,99.48679,,96.69292,99.8211,,,,99.88569,,99.28687,100.7411
1993-06-01,99.29503,97.4197759994916,,98.93084,97.42516,99.03957,97.30317,97.09834,99.36362,98.79473,100.532,100.5502,98.50845,99.98569,99.21992,,97.05132,99.95014,,,,99.71309,,98.90315,101.0643
1993-07-01,99.08138,97.4725789499028,,99.17154,97.40336,98.76122,96.95013,97.11162,99.5051,98.90228,100.8173,100.7676,98.48117,100.07,99.04694,,97.41236,99.9476,,,,99.44355,,98.82687,101.3691
1993-08-01,99.02661,97.5574853471661,,99.48676,97.50169,98.819,96.45866,97.26369,99.74937,98.81689,101.0067,101.0538,98.44897,100.0016,99.01466,,97.87441,99.85142,,,,99.10665,,98.94411,101.6305
1993-09-01,99.14845,97.6916777681809,,99.52097,97.52474,99.10614,96.30598,97.68417,99.93092,98.56424,101.0244,101.5049,98.38195,99.92342,99.01251,,98.25227,99.80084,,,,98.80679,,99.11681,101.8075
1993-10-01,99.42997,97.9202701910837,,99.22236,97.35182,99.36428,96.17406,98.24717,99.96284,98.51311,101.0623,101.9951,98.29296,100.0799,99.00097,,98.74059,99.86301,,,,98.69417,,99.61948,101.861
1993-11-01,99.76839,98.1821155742338,,98.90941,97.25979,99.50362,96.08303,98.79361,100.0167,98.4877,101.0334,102.2067,98.26566,100.5563,99.20966,,99.53606,100.1042,,,,98.89878,,100.1909,101.8547
1993-12-01,100.2595,98.5914794329886,,98.71313,97.23133,99.688,96.18683,99.21106,99.97019,98.82335,101.0633,102.1709,98.34863,101.2922,99.54118,,100.3491,100.4032,,,,99.27711,,100.7502,101.8625
1994-01-01,100.6824,99.176194456554,,98.71372,97.23914,99.90511,96.38792,99.53011,99.97486,99.33302,101.2212,102.0152,98.58266,102.112,99.55847,,101.4841,100.7496,,,,99.66492,,101.3797,101.9356
1994-02-01,100.8334,99.4682966492293,,98.43158,97.4281,100.1254,96.87791,99.79076,100.1124,99.89484,101.2585,101.8886,98.93726,102.6672,99.70213,,103.0267,101.0483,,,,99.95625,,101.8759,102.0554
1994-03-01,100.8226,99.4499511376819,,97.90978,97.87688,100.3489,97.32007,100.0072,100.3752,100.4582,101.2117,101.7608,99.36897,102.9705,99.90067,,104.0836,101.1673,,,,100.1731,,102.2287,102.1939
1994-04-01,100.7928,99.2613499782715,,97.49248,98.52428,100.5963,97.78841,100.1909,100.6018,101.1066,101.1665,101.5619,99.70065,103.1791,99.89751,,104.617,101.3446,,,,100.3569,,102.346,102.3271
1994-05-01,100.7301,99.2190576685982,,97.54069,99.21999,100.7644,98.40952,100.3312,100.7627,101.5481,101.3049,101.4341,100.0082,103.4612,99.87579,,104.7622,101.4257,,,,100.5348,,102.3664,102.43
1994-06-01,100.6233,99.435875558308,,98.04366,99.78809,100.7751,99.03444,100.4089,100.85,101.798,101.4705,101.2982,100.2305,103.7867,99.73611,,104.6696,101.4957,,,,100.7186,,102.3199,102.4611
1994-07-01,100.5505,99.863134158767,,98.62102,100.0999,100.7766,99.54215,100.4523,100.9189,101.7638,101.6259,101.2152,100.4659,103.9844,99.64768,,104.3598,101.5073,,,,100.9101,,102.1075,102.3769
1994-08-01,100.5967,100.073875253351,,99.05245,100.2551,100.9216,99.97129,100.4818,101.0295,101.6475,101.7196,101.1098,100.7502,103.9239,99.71739,,103.8161,101.4395,,,,101.1001,,101.7694,102.2188
1994-09-01,100.6677,99.9922259432979,,99.25448,100.3469,101.1545,100.2646,100.4882,101.0907,101.4906,101.7462,101.0047,101.0155,103.6566,99.7646,,103.6691,101.3067,,,,101.2598,,101.365,102.0245
1994-10-01,100.7621,99.6826575531253,,99.32754,100.3838,101.1989,100.2882,100.4249,101.0245,101.318,101.8181,100.7957,101.0796,103.3071,99.89838,,104.2401,101.1432,,,,101.3337,,100.9784,101.8134
1994-11-01,100.877,99.4316349406819,,99.25323,100.2166,101.1158,100.2946,100.2004,100.9508,101.3214,101.8573,100.5086,100.9451,102.8325,100.0586,,105.3126,101.0947,,,,101.2628,,100.6799,101.6085
1994-12-01,101.0542,99.2161745636742,,98.97237,99.96313,101.0228,100.143,99.74031,100.8486,101.5712,101.9377,100.3012,100.6966,102.3717,100.1762,,105.9368,101.1464,,,,101.0941,,100.3585,101.4399
1995-01-01,101.1366,98.9548670921098,,99.03864,99.79076,100.912,99.79682,99.2107,100.8464,101.8766,102.0797,100.2152,100.499,102.0433,100.0522,,105.9833,101.2123,,100.5045,,100.8679,,100.0203,101.3413
1995-02-01,101.0032,98.7233377853051,,99.08591,99.72816,100.9286,99.50348,98.83916,100.9632,101.8618,102.0544,100.2043,100.4169,101.7288,99.8676,,105.5186,101.2504,,100.4051,,100.6041,,99.8883,101.3112
1995-03-01,100.7811,98.4320644459689,,98.99618,99.83762,101.0857,99.3,98.80534,101.0385,101.6383,101.9199,100.2065,100.4565,101.4008,99.62108,,105.1342,101.2373,,100.2344,,100.3449,,100.1868,101.3682
1995-04-01,100.6848,98.0579067270071,,98.87751,99.95103,101.3526,99.30629,98.97356,101.0053,101.7381,101.7322,100.2788,100.4721,101.0996,99.48998,,104.9101,101.1724,,99.99262,,100.1449,,100.4976,101.5377
1995-05-01,100.6721,97.9353794708585,,98.92703,100.0215,101.604,99.3402,99.18139,101.0035,101.9526,101.6961,100.3891,100.4582,100.9219,99.5476,,104.7994,101.111,,99.9221,,100.0551,,100.4589,101.7523
1995-06-01,100.7997,98.1105361918358,,99.49927,100.0676,101.5904,99.27547,99.32632,100.9791,102.1012,101.7906,100.3983,100.436,100.8145,99.71771,,104.8528,101.0226,,100.0551,,100.049,,100.3407,101.9289
1995-07-01,100.9175,98.4634963322737,,100.0491,100.0455,101.2147,99.28809,99.41277,100.9896,102.1702,101.9706,100.2805,100.2727,100.5823,100.0112,,104.9535,101.0384,,100.3492,,100.1125,,100.1971,102.0014
1995-08-01,100.8834,98.5332885415519,,100.3479,99.91757,100.6782,99.44461,99.45976,101.1123,102.1371,102.2042,100.3331,99.91809,100.1657,100.3556,,104.7642,101.1455,,100.5545,,100.2494,,100.0955,101.9913
1995-09-01,100.6454,98.1753947215122,,100.5632,99.77113,99.90529,99.54945,99.46724,101.2178,102.0369,102.4092,100.6491,99.50918,99.70271,100.8316,,103.6265,101.1925,,100.7005,,100.4183,,100.0384,101.9192
1995-10-01,100.4881,97.4919578171808,,100.8088,99.58101,99.21215,99.57683,99.42168,101.2803,101.8873,102.583,101.1331,99.00394,99.43832,101.3868,97.90904,101.5001,101.1758,,100.8254,,100.5787,,100.0653,101.7995
1995-11-01,100.41,97.1896756368074,,100.9551,99.2985,98.78609,99.76202,99.27427,101.1856,101.7067,102.7133,101.3637,98.53172,99.50985,101.6933,97.69445,100.1009,101.1928,,100.9172,,100.7052,,100.1986,101.6966
1995-12-01,100.4341,97.406530770985,,101.088,98.90688,98.63933,100.0417,98.97198,100.9289,101.4739,102.671,101.5531,98.33321,99.59697,101.7882,97.59389,99.32449,101.1064,,101.0273,,100.8093,,100.4168,101.6917
1996-01-01,100.4504,98.0140727730231,,101.1867,98.49263,98.82383,100.4009,98.59062,100.6954,101.3092,102.5922,101.6567,98.29737,99.35799,101.5324,97.34499,98.94592,101.0045,,101.1568,,100.9053,,100.7431,101.8326
1996-02-01,100.5219,98.4005630247697,,101.2427,98.27199,99.05003,100.5937,98.21745,100.509,101.2451,102.4743,101.7062,98.35472,98.90147,100.9855,97.03316,98.87038,100.789,,101.2119,,100.9971,,101.027,101.9862
1996-03-01,100.6673,98.5148906631705,,101.2868,98.2751,99.16239,100.7085,97.91296,100.3651,101.3369,102.3701,101.4582,98.51321,98.53423,100.4857,96.87955,98.9493,100.6716,,101.1561,,101.0737,,101.2825,101.9594
1996-04-01,100.696,98.4800823285221,,101.2579,98.27845,99.09805,100.6949,97.66441,100.3877,101.6455,102.3408,101.2109,98.66444,98.45598,100.1967,96.98338,99.13087,100.6216,,100.9986,,101.1093,,101.2941,101.6094
1996-05-01,100.6753,98.4789745260711,,101.0591,98.24368,98.95924,100.6414,97.46266,100.5401,102.118,102.3118,101.2136,98.69807,98.65253,99.92102,97.15005,99.53111,100.5045,,100.8503,,101.0775,,101.1363,101.1325
1996-06-01,100.7838,98.5971601589489,,100.9399,98.23736,98.83996,100.4806,97.3231,100.688,102.3339,102.2839,101.3642,98.75977,98.78788,99.7814,97.3298,100.0273,100.4222,,100.647,,101.0079,,100.8297,100.7986
1996-07-01,100.943,98.8240963306227,,101.0645,98.29282,98.7537,100.2111,97.25976,100.8385,102.1728,102.2962,101.619,98.90578,98.80326,99.77104,97.45092,100.4204,100.4356,,100.3413,,100.9259,,100.4991,100.8123
1996-08-01,101.063,98.9349187120177,,101.3298,98.39731,98.7262,100.1142,97.32615,100.9918,101.8428,102.3219,102.0339,99.13869,98.81573,99.91277,97.61976,100.7644,100.4817,,100.128,,100.8312,,100.3475,101.031
1996-09-01,101.1537,98.9013751266784,,101.6427,98.43652,98.72335,100.1545,97.57994,101.1641,101.3898,102.454,102.4556,99.30039,98.79806,100.1322,97.647,100.9728,100.6706,,99.98956,,100.6877,,100.3218,101.2692
1996-10-01,101.2757,98.7810031693736,,101.9076,98.35905,98.73148,100.4133,97.91784,101.3071,100.9464,102.5492,102.587,99.34589,98.76935,100.1748,97.71957,101.0379,100.8666,,99.84535,,100.4275,,100.3751,101.3972
1996-11-01,101.3795,98.7506737914361,,102.0908,98.23331,98.81302,100.7681,98.21623,101.2943,100.7503,102.5588,102.2809,99.37642,98.7281,100.0924,97.69535,101.1222,100.9346,,99.77624,,100.0027,,100.493,101.4207
1996-12-01,101.3947,98.8825775890295,,102.1318,98.11357,99.01917,101.2503,98.3877,101.2842,100.8272,102.6484,101.8618,99.26273,98.59632,100.1413,97.57308,101.3057,101.0006,,99.73514,,99.5535,,100.5286,101.3528
1997-01-01,101.4454,99.1745541810863,,102.2394,98.05053,99.20274,101.634,98.47701,101.4152,100.9705,102.7916,101.6074,98.98478,98.42995,100.3165,97.59784,101.5018,101.1349,,99.61609,,99.28514,,100.6396,101.1905
1997-02-01,101.5631,99.418188411714,,102.5222,97.98038,99.31365,101.683,98.54693,101.5409,100.9349,102.9945,101.5765,98.80389,98.33069,100.5177,97.78677,101.7237,101.2028,,99.36044,,99.36749,,100.5871,100.9822
1997-03-01,101.6957,99.6737579341137,,102.6803,98.05695,99.34739,101.7193,98.64612,101.6194,100.7554,103.1194,101.6435,98.7222,98.4091,100.708,98.17547,101.8888,101.2283,,98.7722,,99.65485,,100.5113,100.7711
1997-04-01,101.8602,100.026598979952,,102.78,98.20297,99.49807,101.8734,98.79645,101.6891,100.6469,103.1785,101.6533,98.761,98.5453,100.8889,98.60194,101.9717,101.1192,,97.81704,,99.9695,,100.3191,100.5832
1997-05-01,102.0461,100.331536836962,,102.9196,98.3218,99.88712,102.1329,99.03017,101.6744,100.6677,103.2582,101.6974,98.92551,98.61536,101.0665,98.94164,101.9138,100.9518,,97.21059,,100.1801,,100.0924,100.4192
1997-06-01,102.2155,100.686765713549,,102.9281,98.34351,100.4654,102.5237,99.37595,101.6919,100.774,103.3444,101.9948,99.14652,98.59202,101.2672,99.11495,101.8037,101.0185,,96.87879,,100.2533,,99.94802,100.2813
1997-07-01,102.3295,101.128910881782,,102.8549,98.41346,100.7826,102.7393,99.76157,101.7619,101.1792,103.4246,102.1464,99.34985,98.69478,101.5363,99.23557,101.6718,101.1241,,96.62953,,100.1339,,99.93189,100.1771
1997-08-01,102.3321,101.277799800805,,102.8615,98.58237,100.9136,102.8139,100.0929,101.8481,101.6228,103.5346,102.0884,99.54704,98.90532,101.9334,99.43723,101.6386,101.1613,,96.48435,,99.76404,,100.0526,100.0955
1997-09-01,102.343,101.070298897675,,102.9662,98.77482,100.9044,102.6554,100.2929,101.947,101.8612,103.7108,102.2438,99.65157,99.22028,102.4199,99.8344,101.7834,101.0889,,96.36371,,99.29348,,100.1866,100.0297
1997-10-01,102.3361,100.611424648345,,103.013,98.92777,100.7721,102.559,100.3953,101.9583,101.7948,103.8471,102.3835,99.7494,99.35606,102.6388,100.2122,101.8778,100.9979,,96.1888,,98.90074,,100.2902,99.97588
1997-11-01,102.3177,100.381844480787,,102.8688,98.95181,100.5942,102.6368,100.4315,101.9329,101.8263,103.9163,102.2827,99.7216,99.38199,102.6238,100.3344,101.8407,100.9973,,96.06724,,98.71484,,100.3762,99.91651
1997-12-01,102.2861,100.458364202116,,102.7295,98.92399,100.4027,102.7744,100.4151,101.9319,101.8141,103.7837,102.0345,99.80905,99.41515,102.5414,100.3247,101.7195,101.0355,,95.99076,,98.65914,,100.4105,99.82358
1998-01-01,102.4385,100.743508166148,,102.5588,98.91016,100.2568,102.9175,100.3928,101.9504,101.9367,103.535,101.7383,100.1531,99.56068,102.4507,100.2463,101.5766,101.046,,95.93504,,98.63726,,100.5578,99.66673
1998-02-01,102.6015,100.888999552068,,102.5548,98.97355,100.3813,103.018,100.4212,101.9761,101.9994,103.4105,101.5283,100.6108,99.82777,102.4058,100.0034,101.5361,101.0337,,96.02299,,98.58878,,100.5942,99.45528
1998-03-01,102.6091,100.804326897195,,102.6409,99.16932,100.6261,103.0594,100.5486,102.0583,102.017,103.3426,101.1821,100.8976,100.018,102.4482,99.90755,101.6633,101.1475,,96.34182,,98.51107,,100.4242,99.19115
1998-04-01,102.5876,100.511252711053,,102.6962,99.34677,100.7907,103.068,100.7478,102.0647,102.0702,103.2453,101.032,101.0462,100.0847,102.4951,99.97112,101.781,101.0494,,96.89847,,98.41639,,100.2661,98.87639
1998-05-01,102.4888,100.228486130253,,102.5453,99.56837,100.96,103.0999,100.9938,102.12,102.0702,103.1153,101.3076,101.0804,100.0949,102.5317,100.0307,101.8669,100.7137,,97.3008,,98.31802,,100.0461,98.5733
1998-06-01,102.3699,99.8978946028285,,102.1041,99.89385,101.1286,103.12,101.271,102.0934,101.9506,103.1132,101.6672,100.9836,100.0276,102.5457,99.95455,101.8988,100.2341,,97.56761,,98.23357,,99.77818,98.37807
1998-07-01,102.234,99.4672704690425,,101.5565,100.2547,101.4013,103.1664,101.533,101.9911,101.8298,103.1801,101.9947,100.8007,99.98327,102.4896,100.0711,101.8055,99.84871,,97.7914,,98.19173,,99.78439,98.3826
1998-08-01,102.042,99.2209224888078,,101.1651,100.436,101.6131,103.3024,101.7122,101.7092,101.8047,103.255,102.1084,100.6184,99.99721,102.3657,100.1605,101.4361,99.77658,,97.87157,,98.22541,,99.85427,98.52858
1998-09-01,101.8018,99.1577241799688,,101.0641,100.5805,101.6901,103.4857,101.7445,101.3373,102.0178,103.3569,102.1487,100.4751,100.0503,102.2226,100.2327,100.8771,99.81456,,97.83291,,98.32196,,99.90373,98.77159
1998-10-01,101.666,99.2374617985368,,101.0958,100.7378,101.5962,103.6852,101.6765,101.0796,102.3286,103.3938,102.2164,100.3872,100.1394,102.1032,100.2757,100.5602,99.78292,,97.68038,,98.48105,,100.0159,99.10374
1998-11-01,101.7593,99.4440326475285,,101.315,100.778,101.4148,103.837,101.5481,101.0482,102.5628,103.4748,102.3057,100.4535,100.1907,102.0894,100.2646,100.6202,99.6534,,97.52457,,98.70956,,100.2808,99.47933
1998-12-01,101.9019,99.8754261671456,,101.5039,100.6953,101.2836,103.8415,101.3742,101.0433,102.6622,103.5089,102.3868,100.7289,100.1569,102.2258,100.0914,100.8371,99.37326,,97.30032,,98.95399,98.93985,100.6834,99.85915
1999-01-01,102.1411,100.537153085783,,101.7591,100.606,101.2598,103.7482,101.1871,100.9754,102.6687,103.3885,102.4275,100.9824,100.1515,102.4157,100.0642,100.8757,99.30614,,96.92254,,99.14638,99.29426,101.2816,100.2114
1999-02-01,102.3489,100.910851900412,,102.1006,100.5052,101.2135,103.6103,101.0203,100.8988,102.4067,103.2868,102.4624,101.0064,100.1281,102.4803,100.0498,100.8195,99.39183,,96.57558,,99.23427,99.65509,101.5822,100.5085
1999-03-01,102.3841,100.981802986069,,102.3935,100.2976,101.0889,103.4385,100.9045,100.8774,101.993,103.3478,102.5391,100.9481,100.1725,102.4011,100.1249,100.9443,99.56617,,96.37511,,99.26278,100.0063,101.6046,100.6961
1999-04-01,102.3793,100.865229781226,,102.5099,100.0721,101.0037,103.2825,100.8438,100.9745,101.6647,103.4236,102.7655,100.8175,100.3408,102.3328,100.2922,101.212,99.71679,,96.43304,,99.28671,100.407,101.5804,100.718
1999-05-01,102.4228,100.735347702133,,102.515,99.92445,101.0566,103.2632,100.8618,101.1004,101.5947,103.5269,102.9306,100.546,100.4958,102.3302,100.5676,101.5202,99.88219,,96.51566,,99.34204,100.8475,101.4877,100.6497
1999-06-01,102.4339,100.609195469609,,102.5247,99.8756,101.2544,103.3917,100.9922,101.2479,101.7864,103.639,102.9931,100.2141,100.5794,102.3964,100.8677,101.698,100.2048,,96.74504,,99.422,101.1888,101.2969,100.575
1999-07-01,102.3785,100.476517188134,,102.5501,99.92336,101.5382,103.5333,101.1912,101.4247,101.899,103.7554,102.9439,100.2451,100.762,102.4858,101.0864,101.6475,100.6205,,96.71368,,99.51318,101.447,101.1741,100.5519
1999-08-01,102.317,100.425914578375,,102.6135,99.9759,101.7966,103.6429,101.4212,101.6789,101.9791,103.8236,102.9493,100.5288,100.9864,102.5162,101.392,101.5413,100.9713,,96.55676,,99.60709,101.6295,101.1181,100.5857
1999-09-01,102.3068,100.463078810147,,102.622,100.0537,102.0043,103.7353,101.6662,101.9661,102.1033,103.8913,103.1946,100.936,101.1072,102.5146,101.6284,101.535,100.7978,,96.67978,,99.70045,101.7576,101.1938,100.6871
1999-10-01,102.2862,100.561393112178,,102.7327,100.1795,102.1228,103.8601,101.9156,102.1983,102.3257,104.0213,103.5349,101.3469,101.1235,102.5282,101.6874,101.6491,100.4811,,97.22134,,99.79272,101.8179,101.2561,100.8738
1999-11-01,102.4039,100.624768540333,,102.8653,100.3003,102.1559,103.8409,102.1609,102.2322,102.5266,104.0423,103.8132,101.7697,101.0238,102.4494,101.7066,101.7745,100.2138,,97.64807,,99.88423,101.7811,101.2064,101.1044
1999-12-01,102.5672,100.650527285383,,103.0955,100.431,102.0842,103.767,102.3881,102.2579,102.7599,103.9647,104.0424,102.0862,100.7871,102.3943,101.7932,101.9714,100.0466,,97.92682,,99.97546,101.6164,101.0407,101.3267
2000-01-01,102.7963,100.666027244853,,103.0937,100.552,101.9908,103.8446,102.573,102.2887,102.9708,103.8437,104.1688,102.3102,100.4485,102.35,101.9237,102.1563,99.98997,,97.98952,,100.0669,101.3577,100.9001,101.4833
2000-02-01,102.8489,100.702903277968,,102.8272,100.6716,101.9742,103.994,102.667,102.2793,102.8985,103.675,104.1857,102.2525,100.0823,102.2103,101.9655,102.2054,100.0564,,97.93161,,100.1593,101.1499,100.4603,101.5237
2000-03-01,102.7685,100.798468460955,,102.4862,100.7426,102.0836,104.0527,102.6234,102.2835,102.7069,103.5983,104.1729,102.134,100.0383,101.9183,102.0073,102.032,100.1932,,97.90603,,100.2539,100.9601,100.0697,101.3419
2000-04-01,102.7501,100.958838053933,,102.272,100.7929,102.2295,103.934,102.5161,102.2608,102.5408,103.6031,104.2927,101.9815,100.1405,101.488,101.9652,101.8004,100.4022,,98.09432,,100.3513,100.8004,99.7485,100.831
2000-05-01,102.7249,101.063364317921,,102.2088,100.8737,102.3125,103.7361,102.4311,102.2027,102.3921,103.5062,104.2534,101.9799,100.2725,101.257,101.8661,101.6862,100.5617,,98.32001,,100.4483,100.6664,99.69037,100.158
2000-06-01,102.6267,101.103478883784,,102.1562,100.7975,102.3406,103.6093,102.423,102.1549,102.4011,103.4593,104.0002,102.0784,100.3094,101.1411,101.781,101.6207,100.6533,,98.44608,,100.5324,100.6521,100.0295,99.52636
2000-07-01,102.5935,101.078166488244,,102.125,100.7882,102.2942,103.505,102.4477,102.0734,102.4899,103.4671,103.6586,102.2074,100.3072,101.0999,101.708,101.5169,100.6643,,98.51803,,100.5756,100.5812,100.5665,99.09975
2000-08-01,102.5589,100.95385040802,,102.1022,100.7108,102.0712,103.3025,102.438,102.0601,102.543,103.4012,103.2789,102.3549,100.246,100.9984,101.6834,101.2233,100.7038,,98.7029,,100.5423,100.184,100.7615,98.88453
2000-09-01,102.5094,100.650395023368,,102.0077,100.4853,101.903,102.9978,102.3444,102.097,102.5092,103.174,103.0675,102.4179,100.0491,100.8239,101.5575,100.8521,100.7633,,98.89194,,100.4375,99.33106,100.4159,98.92895
2000-10-01,102.4011,100.165421898308,,102.245,100.3554,102.0233,102.8495,102.2114,102.1612,102.6462,103.0699,102.7223,102.6204,99.96583,100.6905,101.425,100.6979,100.8642,,99.01467,,100.2483,98.56378,100.0315,99.31091
2000-11-01,102.1504,99.8777651652752,,102.4865,100.423,102.2553,102.8992,102.1012,102.0865,102.6593,103.0786,102.4276,102.8071,100.1419,100.5812,101.128,100.8589,100.6869,,98.93658,,99.95748,97.90548,99.82681,99.86605
2000-12-01,101.624,99.7956248781473,,102.7208,100.5278,102.525,102.98,102.0565,101.8755,102.6771,103.1479,102.3189,102.767,100.0426,100.541,100.7135,101.0905,100.6109,,98.81371,,99.64137,97.74722,99.89909,100.4215
2001-01-01,101.1024,99.8442237452777,,102.8093,100.6217,102.6291,103.0586,102.0399,101.5422,102.6412,102.9609,102.1875,102.4953,99.91907,100.609,100.2962,101.1319,100.4608,,99.17067,,99.39446,98.10075,99.98649,100.8566
2001-02-01,100.7213,99.9479474166232,,102.8318,100.6257,102.4675,103.0426,101.996,101.1935,102.5872,102.7921,102.0558,102.0771,99.9252,100.7612,99.95836,100.8503,100.2252,,99.72201,,99.27976,98.59395,99.72794,101.163
2001-03-01,100.5567,100.111564617719,,102.8461,100.586,102.1495,102.9258,101.8843,100.9143,102.626,102.5369,102.0341,101.823,100.0215,100.8227,99.70583,100.4241,99.87522,,100.1432,,99.20975,99.06416,99.24053,101.3154
2001-04-01,100.5238,100.316503478335,104.7304,102.7907,100.4195,101.7602,102.6649,101.7403,100.7251,102.808,102.4594,102.0396,101.6739,100.0365,100.7662,99.50742,100.1743,99.7034,,100.2787,,99.0611,99.47912,99.15653,101.2713
2001-05-01,100.6463,100.357234331377,104.0525,102.7974,100.1078,101.3348,102.4914,101.6029,100.6013,103.1655,102.5046,101.9699,101.6108,100.0445,100.6505,99.46629,100.0907,100.0309,97.58542,100.1545,,98.74471,99.86626,99.55956,101.1244
2001-06-01,100.7251,100.171292295179,103.9543,102.8694,99.74865,101.0634,102.3608,101.4751,100.4165,103.5039,102.4089,101.9443,101.5899,99.9444,100.5795,99.47578,99.85607,100.5078,97.58934,100.1679,,98.35426,100.0752,100.1794,100.9681
2001-07-01,100.6393,99.7985464204658,104.4012,102.7986,99.50173,100.8711,102.2936,101.2771,100.3265,103.6414,102.085,101.9891,101.5078,99.72232,100.6018,99.31496,99.49304,100.9684,97.37901,100.2577,,98.02536,100.0414,100.5429,100.8623
2001-08-01,100.3387,99.5671417265464,104.5156,102.4967,99.35291,100.6634,102.338,100.8744,100.2746,103.5049,101.6845,102.104,101.2033,99.51805,100.605,99.12711,99.22314,100.871,97.08223,100.3676,,97.86849,99.81441,100.5731,100.8095
2001-09-01,99.90548,99.5039382838153,103.7437,102.217,99.30328,100.5447,102.3568,100.1747,100.2695,103.1553,101.4586,102.2727,100.734,99.40685,100.4512,98.98407,99.11717,100.7462,97.10949,100.5515,,97.8406,99.50216,100.4472,100.8127
2001-10-01,99.74929,99.5659159076712,102.6898,101.9752,99.22974,100.6566,102.3755,99.43128,100.2927,102.7883,101.3981,102.3613,100.2916,99.45139,100.3059,99.12823,99.17751,100.6964,97.57919,100.821,,97.90193,99.57249,100.2341,100.8822
2001-11-01,99.89661,99.7033776012482,101.8186,102.1308,99.06922,100.9002,102.2552,99.01189,100.5057,102.5414,101.6569,102.596,100.3197,99.62669,100.2633,99.49187,99.40656,100.8321,97.77168,101.069,,98.04391,99.96693,100.3522,100.9843
2001-12-01,100.2531,99.998930661906,100.7085,102.4707,98.91137,101.1148,102.094,99.21294,100.8803,102.6703,101.9679,102.8422,100.8068,99.80948,100.3343,100.014,99.89643,101.0519,97.61003,101.2346,,98.22787,100.4889,100.7862,101.0865
2002-01-01,100.5978,100.530024987653,99.30559,102.6832,98.77483,101.2304,101.9271,99.74886,101.2309,102.8729,102.0957,103.0707,101.375,99.95841,100.4895,100.6836,100.4499,101.1143,97.55053,101.3589,,98.42595,100.9717,101.3005,101.1684
2002-02-01,100.8044,101.073400016487,98.96419,102.7986,98.68822,101.2643,101.8323,100.2636,101.2596,102.9207,102.1208,102.9742,101.7092,100.0159,100.7052,101.3157,100.8783,101.0405,97.5201,101.5059,,98.62011,101.3181,101.5596,101.2336
2002-03-01,100.9911,101.458577300004,99.36782,102.8764,98.65378,101.2584,101.7041,100.507,101.0876,102.7549,102.1462,102.6184,101.8261,100.0132,100.8091,101.6409,101.161,100.9477,97.49456,101.6816,,98.78705,101.5213,101.6113,101.2863
2002-04-01,101.0437,101.636113379275,99.9777,102.9147,98.59946,101.2715,101.6008,100.5329,100.764,102.4382,102.2401,102.195,101.7994,99.9959,100.6361,101.5958,101.2795,100.8537,97.50826,101.9911,,98.88696,101.5694,101.4052,101.3256
2002-05-01,101.0177,101.685072518307,100.5494,102.8229,98.56711,101.4114,101.4805,100.414,100.4372,102.1584,102.1446,102.1299,101.6619,99.90811,100.0625,101.4855,101.2726,100.7072,97.61741,102.0717,,98.87953,101.6419,101.1852,101.3507
2002-06-01,100.7677,101.575082927993,100.9664,102.7361,98.57458,101.3736,101.2487,100.1749,100.1151,101.9469,101.8445,102.2558,101.4125,99.7284,99.60997,101.4598,101.0425,100.5652,97.6789,101.9556,,98.80704,101.7362,101.0299,101.3537
2002-07-01,100.433,101.306151678503,101.3277,102.7795,98.62899,101.1721,101.0459,99.86913,99.84732,101.7964,101.4142,102.4959,101.2129,99.50666,99.45045,101.46,100.7371,100.4901,97.92585,101.6635,,98.71026,101.6539,100.8515,101.3257
2002-08-01,100.1572,101.063960056146,101.6153,102.9285,98.56541,100.9398,101.0041,99.52724,99.6273,101.6002,101.0366,102.518,101.0125,99.39152,99.31019,101.2994,100.4548,100.4842,98.15915,101.2121,,98.60949,101.3657,100.6619,101.2851
2002-09-01,99.91587,100.92247267469,101.7644,103.0911,98.3576,100.8133,101.1403,99.17082,99.48712,101.3848,100.7882,102.3741,100.885,99.49653,99.07987,101.0697,100.3623,100.6275,98.35123,100.8196,,98.50987,100.8564,100.5292,101.2507
2002-10-01,99.7337,100.753886777518,101.9053,102.9842,97.85496,100.8743,101.0627,98.86304,99.457,101.2344,100.5538,102.2586,100.8583,99.60899,98.759,100.8408,100.3016,100.6891,98.2883,100.6414,,98.41066,100.2209,100.4352,101.2274
2002-11-01,99.74871,100.694810978194,102.0017,102.6509,97.22082,100.9335,100.7592,98.70363,99.41628,101.0442,100.258,102.171,100.8278,99.67749,98.60767,100.6731,100.2956,100.6688,98.00071,100.7067,,98.31338,99.70058,100.5186,101.1856
2002-12-01,99.74618,100.725876136195,101.5578,102.0387,96.878,100.8387,100.2264,98.77533,99.22474,100.7531,99.90115,102.0722,100.6219,99.59788,98.50687,100.4129,100.3078,100.6311,97.82594,100.7717,,98.22955,99.44533,100.6154,101.0767
2003-01-01,99.56802,100.776116922778,100.6854,101.383,96.85558,100.4686,99.96935,98.94195,98.87908,100.5878,99.75607,101.9041,100.286,99.33095,98.32542,100.1582,100.2491,100.4775,97.82464,100.8178,,98.18649,99.26508,100.6182,100.8672
2003-02-01,99.41,100.631498974257,99.82207,100.9881,96.92044,99.98627,99.96495,99.03288,98.64655,100.5118,99.81478,101.6603,99.99574,99.04984,98.1384,99.94937,100.1154,100.1701,97.83096,100.8136,,98.2197,99.07724,100.3799,100.6398
2003-03-01,99.49301,100.624672364772,99.34513,100.9764,97.09912,99.62807,100.1156,98.93275,98.58634,100.3917,99.95032,101.4172,99.94522,98.74664,98.05572,99.72583,100.0835,99.96869,97.82729,100.7983,,98.3244,98.86503,100.3752,100.5164
2003-04-01,99.92635,100.820617399674,99.71307,101.1794,97.36331,99.55245,100.4493,98.74667,98.65199,100.3711,100.1391,101.3987,100.2665,98.54739,98.17384,99.69723,100.0825,100.074,97.97952,100.6697,,98.51387,98.88013,100.7206,100.5991
2003-05-01,100.3536,100.8573500649,100.1986,101.2252,97.66243,99.59089,100.8012,98.62954,98.75152,100.4476,100.1602,101.4495,100.5933,98.42271,98.44286,99.88921,100.1257,100.3937,98.30859,100.4377,,98.80611,98.93774,101.068,100.8078
2003-06-01,100.5095,100.693847225043,100.584,101.2669,97.9861,99.64032,101.0404,98.70113,98.73969,100.5755,100.134,101.439,100.6745,98.47173,98.70515,100.2533,100.1989,100.6237,98.51765,100.2446,,99.12596,98.93398,101.3671,101.0518
2003-07-01,100.5117,100.62617068576,100.7284,101.2826,98.21873,99.65112,101.1099,98.89233,98.73784,100.5617,100.0715,101.4572,100.6329,98.64038,98.8969,100.6105,100.3673,100.6337,98.51361,100.0114,,99.37868,98.98062,101.5186,101.2764
2003-08-01,100.4225,100.688322890992,100.6601,101.2848,98.21931,99.60408,101.1521,99.11638,98.89987,100.5081,100.1649,101.4273,100.669,98.84175,99.07999,100.884,100.5151,100.7142,98.32265,99.9127,,99.49607,99.06861,101.518,101.4737
2003-09-01,100.3871,100.886044622355,100.4632,101.3307,98.18441,99.57878,101.1309,99.32051,99.067,100.5267,100.3371,101.2655,100.8492,99.10907,99.36773,100.9586,100.6643,100.8202,98.07348,99.85079,,99.54961,99.15455,101.5256,101.6422
2003-10-01,100.5351,101.059153174942,100.3024,101.2674,98.20568,99.66866,101.0134,99.50474,99.16975,100.549,100.612,101.0351,101.0118,99.2589,99.66347,100.7057,100.752,100.9467,97.71108,99.40247,,99.6331,99.36859,101.5348,101.7743
2003-11-01,100.827,101.174633145172,100.0449,101.2153,98.24712,99.84783,101.0157,99.6835,99.29221,100.4699,100.9421,100.6958,101.2684,99.28409,99.74532,100.3972,100.8193,101.0226,97.5156,99.13914,,99.80911,99.61781,101.4753,101.8715
2003-12-01,101.1297,101.198833652801,99.75021,101.2286,98.18146,100.1189,101.0199,99.86726,99.41017,100.3159,101.1155,100.5678,101.4516,99.28862,99.77425,100.3339,100.9604,101.1162,97.63477,98.90587,,100.0255,99.74202,101.5365,101.9188
2004-01-01,101.4088,101.284026838474,99.69481,101.2966,98.13295,100.3867,101.0196,100.0495,99.4856,100.1611,101.2031,100.9424,101.5992,99.2592,99.74168,100.5579,101.0682,101.2353,97.65687,98.69204,108.7523,100.2138,99.70837,101.7835,101.8929
2004-02-01,101.2953,101.245843875798,99.75056,101.3559,98.21647,100.4244,101.0882,100.2115,99.6813,100.0096,101.3527,101.4403,101.6535,99.28088,99.69547,100.7261,101.0681,101.2533,97.54982,98.47421,108.6911,100.3472,99.59066,101.8742,101.821
2004-03-01,101.1277,101.180321239573,99.78872,101.3983,98.22088,100.2928,101.183,100.3281,99.70705,99.97756,101.5189,101.9978,101.5875,99.36329,99.65479,100.5908,101.0355,101.3722,97.65984,98.51669,108.4801,100.5272,99.51422,101.8099,101.7283
2004-04-01,100.9568,101.003720188171,100.0135,101.261,98.17886,100.0907,101.2724,100.3945,99.66507,99.98335,101.628,102.1902,101.5447,99.33427,99.67599,100.4558,100.9706,101.6059,98.0715,98.83012,108.0671,100.8492,99.52216,101.7335,101.6312
2004-05-01,100.8785,100.7294763264,100.234,101.0372,98.15106,100.0609,101.2137,100.3882,99.66273,100.0507,101.6603,102.0217,101.5347,99.21468,99.77563,100.3897,100.8688,101.6198,98.68442,99.34589,107.3732,101.1412,99.31157,101.6613,101.5521
2004-06-01,101.0162,100.63724969582,100.2284,100.8859,98.17213,100.105,101.027,100.282,99.69556,100.2217,101.7221,101.7601,101.516,99.11182,99.96807,100.4686,100.8602,101.5764,99.09212,99.7112,106.7059,101.2997,99.02436,101.6706,101.5257
2004-07-01,101.1275,100.77697053279,99.95441,100.853,98.18243,100.21,100.899,100.1293,99.80855,100.2993,101.8821,101.6795,101.3852,99.06829,100.1071,100.6261,100.8992,101.5399,99.25563,100.0532,106.0374,101.6019,98.76265,101.8609,101.5883
2004-08-01,101.1028,100.910046661131,99.77942,100.8458,98.23745,100.3247,100.7803,99.99214,99.80303,100.3823,101.9764,101.7995,101.3087,99.0124,100.1051,100.7911,100.8855,101.5409,99.48996,99.96283,105.4485,101.7235,98.59483,102.0123,101.7137
2004-09-01,100.9841,100.996372490104,99.86142,100.8932,98.3055,100.4128,100.7941,99.91597,99.67329,100.5161,102.0942,101.9929,101.1511,98.98792,99.97052,100.8383,100.8127,101.5711,99.6159,99.80163,105.3501,101.6444,98.53627,102.0598,101.8806
2004-10-01,100.895,100.993294228194,100.0336,101.0769,98.28944,100.4443,100.9347,99.88897,99.46743,100.6913,102.2184,101.8801,101.0003,98.95607,99.75118,100.8036,100.7441,101.6236,99.63866,99.88087,105.5077,101.6369,98.46556,102.0526,102.0758
2004-11-01,100.9591,101.048669638656,100.4242,101.2829,98.32377,100.3863,101.0252,99.89873,99.30139,100.7371,102.2735,101.6112,100.9545,98.97235,99.60986,100.8094,100.7736,101.7047,99.62196,100.254,105.7356,101.5483,98.36069,102.1071,102.2572
2004-12-01,101.0947,101.164153020131,101.0312,101.395,98.48319,100.3563,101.0536,99.93986,99.23226,100.7161,102.3821,101.4154,101.0202,99.13374,99.57314,100.8823,100.9814,101.8226,99.66521,100.7243,106.0746,101.3855,98.42886,102.1921,102.3628
2005-01-01,101.08,101.290839034105,101.677,101.5174,98.6907,100.2845,100.9702,99.98486,99.35197,100.7427,102.3958,101.3889,101.1576,99.3254,99.67278,100.8658,101.1793,101.927,99.71276,101.0355,106.1917,101.4031,98.90073,102.2957,102.3325
2005-02-01,100.9246,101.304390864572,102.0616,101.6612,98.75025,100.2073,100.8552,100.0005,99.53826,100.8142,102.3659,101.4018,101.2539,99.43171,99.88438,100.7819,101.3784,101.9574,99.67664,101.1609,105.9348,101.3609,99.65159,101.8977,102.2069
2005-03-01,100.6953,101.30875902649,101.7419,101.7224,98.7157,100.023,100.7502,99.96026,99.6387,100.7839,102.3144,101.4132,101.1612,99.50018,100.1453,100.6301,101.4411,101.8626,99.65876,101.1659,105.3279,101.2469,100.1437,101.1953,102.0204
2005-04-01,100.5071,101.267734331844,101.1287,101.6153,98.67751,99.67373,100.7447,99.88615,99.67482,100.616,102.1481,101.3485,100.8539,99.43198,100.1825,100.3898,101.1821,101.6333,99.69652,101.2559,104.7532,101.3199,100.199,100.947,101.7895
2005-05-01,100.575,101.287516273334,100.6413,101.4382,98.66279,99.43609,100.7736,99.80318,99.52476,100.2525,102.0414,101.2391,100.5212,99.28591,99.78051,100.3086,100.7185,101.4171,99.7392,101.4025,104.3657,101.3999,100.0105,101.07,101.5616
2005-06-01,100.8249,101.219781935495,100.5259,101.3282,98.63512,99.53075,100.8179,99.7276,99.40778,99.94399,101.9072,100.9849,100.3091,99.16038,99.11726,100.3551,100.3158,101.3541,99.6517,101.601,104.0351,101.4536,99.77539,101.11,101.3916
2005-07-01,100.7314,100.974146373405,100.5513,101.3364,98.64375,99.621,100.8486,99.664,99.36906,99.88052,101.6858,100.8071,100.1858,98.95007,98.65604,100.4636,100.3639,101.4399,99.69064,101.6147,103.7333,101.5698,99.70695,101.0043,101.3146
2005-08-01,100.1407,100.449979634794,100.7014,101.311,98.75512,99.77409,100.8382,99.62366,99.26657,99.9567,101.347,100.5127,100.1727,98.77622,98.47562,100.5955,100.5046,101.6306,99.82402,101.4278,103.3803,101.5761,99.79574,100.821,101.261
2005-09-01,99.42278,99.9708163735514,101.2582,101.1915,98.89063,99.73737,100.7577,99.63074,99.31593,100.1068,101.1608,100.0985,100.2343,98.68908,98.51581,100.6583,100.5208,101.7773,100.0036,101.3179,103.2211,101.4989,100.0113,100.3097,101.1334
2005-10-01,99.18978,100.030773515478,101.9236,101.0091,99.04185,99.36607,100.6154,99.70538,99.55656,100.3643,101.408,99.78426,100.5445,98.87553,98.69907,100.7803,100.684,101.9128,100.1769,101.371,103.5076,101.6119,100.2578,100.0829,100.8603
2005-11-01,99.57593,100.474948082283,102.4517,100.8797,99.21187,99.188,100.4253,99.89745,99.84577,100.4949,101.9206,99.90445,100.8793,99.18758,98.90993,100.9766,100.8,101.9596,100.3562,101.5909,103.9505,101.7454,100.4099,100.2428,100.5239
2005-12-01,100.1521,100.892517761001,102.8321,100.8594,99.49458,99.40199,100.3768,100.2527,100.0808,100.5255,102.3146,100.2468,101.164,99.61623,99.0666,101.2174,100.8708,102.0714,100.5702,101.6728,104.3641,101.8587,100.4362,100.4981,100.2365
2006-01-01,100.4121,101.342965422191,103.1329,100.9728,99.82793,99.65994,100.2413,100.6617,100.2569,100.5062,102.4208,100.5641,101.3337,99.96241,99.1846,101.4477,100.9041,102.2131,100.8295,101.8678,104.7816,102.0444,100.3355,100.8903,100.0814
2006-02-01,100.3635,101.515655579888,103.4099,101.032,99.98006,99.75042,100.1483,100.9818,100.4199,100.6418,102.3368,100.5209,101.3208,100.0855,99.35731,101.4561,100.8797,102.1526,100.8716,101.9903,105.0049,102.0857,100.2,101.0947,100.0042
2006-03-01,100.2323,101.532846400297,103.5826,100.9766,100.0422,99.73683,100.1327,101.1054,100.6061,100.8494,102.1723,100.3519,101.2562,100.15,99.48113,101.4029,100.679,102.0246,100.6898,102.1123,105.0434,101.9839,100.0045,101.1371,99.93586
2006-04-01,99.981,101.520266834807,103.5621,101.0156,100.1229,99.7085,100.1441,101.1177,100.7514,100.9764,101.9678,100.4518,101.1896,100.1294,99.45529,101.3512,100.5591,101.8725,100.4703,102.1584,104.6674,101.9449,99.72797,100.9667,99.83937
2006-05-01,99.69939,101.43135560057,103.46,100.9782,100.2088,99.47739,100.0618,101.1252,100.8526,101.0544,101.5773,100.664,101.1344,100.1147,99.3913,101.347,100.6409,101.7344,100.4633,102.1318,103.593,101.8222,99.51864,100.6365,99.74613
2006-06-01,99.67864,101.399634035339,103.4579,100.9292,100.1418,99.45139,99.99244,101.1959,100.995,101.0357,101.2374,100.855,101.1737,100.0807,99.44275,101.2272,100.6914,101.6093,100.6414,102.0673,102.0446,101.6498,99.40892,100.3619,99.7232
2006-07-01,99.71475,101.246193263295,103.5886,100.8537,99.99416,99.70364,100.0432,101.304,101.078,101.1505,101.1465,100.8664,101.2231,100.0363,99.5948,101.1384,100.5672,101.5116,100.811,101.9067,101.0095,101.6004,99.33219,100.0758,99.83714
2006-08-01,99.81288,101.123043673051,103.6995,100.8576,99.84746,99.94578,100.1957,101.4006,101.15,101.2465,101.061,100.792,101.2247,100.0587,99.88727,101.1963,100.5391,101.5549,100.8282,101.7582,100.8436,101.5265,99.32139,99.7029,100.0474
2006-09-01,100.1277,101.100233551523,103.7866,100.966,99.72872,100.147,100.3667,101.4464,101.2386,101.353,101.0969,100.7598,101.3518,100.2188,100.1645,101.303,100.6283,101.6765,100.8236,101.6882,101.0031,101.5036,99.34895,99.77854,100.3163
2006-10-01,100.5471,101.160632319529,103.7421,101.1191,99.66113,100.3445,100.6205,101.4561,101.2781,101.2861,101.1541,100.7177,101.5587,100.39,100.2729,101.3604,100.7846,101.8633,100.8945,101.6965,101.2528,101.6575,99.36727,99.93781,100.6215
2006-11-01,100.7777,101.237842575494,103.4094,101.0386,99.74432,100.4163,100.7175,101.45,101.3256,101.3297,101.1615,100.7409,101.629,100.4602,100.2547,101.2717,101.0226,101.9271,101.0679,101.7428,101.4698,101.7751,99.3255,100.0587,100.9116
2006-12-01,100.893,101.420084997835,102.9436,100.8305,99.93372,100.4642,100.5885,101.4415,101.4627,101.4607,101.2015,100.8402,101.5729,100.516,100.1999,101.2096,101.115,101.8565,101.2502,101.8685,101.4684,101.7823,99.21037,100.5461,101.1142
2007-01-01,100.9249,101.586051535336,102.4502,100.5867,100.1688,100.5309,100.3786,101.4407,101.5604,101.3325,101.1392,100.9109,101.5372,100.7394,100.0489,101.2172,101.105,101.7951,101.2412,101.9337,101.4531,101.8455,99.16199,101.103,101.1596
2007-02-01,100.7022,101.562456266098,102.2656,100.568,100.4719,100.6315,100.2953,101.4571,101.5759,101.2027,100.9295,100.9915,101.5304,100.8771,99.98038,101.3781,101.0265,101.7593,101.2981,101.9467,101.5361,101.7879,99.24867,101.4615,101.0917
2007-03-01,100.4308,101.479085231662,102.3241,100.6925,100.7897,100.7918,100.2865,101.4948,101.5703,101.0569,100.5965,101.0967,101.5167,100.8981,99.99445,101.4835,100.9891,101.741,101.2525,101.8036,101.6781,101.5758,99.38218,101.7128,100.9448
2007-04-01,100.257,101.392190728178,102.4799,100.9317,101.1325,101.1069,100.2637,101.5301,101.6211,100.7661,100.4436,101.0538,101.5592,100.9063,100.0392,101.6576,101.0313,101.6812,101.429,101.5794,101.9402,101.3757,99.58613,101.9484,100.7324
2007-05-01,100.1968,101.337658496482,102.5822,101.2116,101.3904,101.554,100.3069,101.529,101.6543,100.4486,100.7079,101.0441,101.5609,100.8997,100.0168,101.5748,101.0456,101.6547,101.6321,101.5621,102.2308,101.1354,99.86243,102.2307,100.5162
2007-06-01,100.1562,101.342392606617,102.5371,101.2996,101.4138,101.7565,100.4073,101.466,101.6826,100.1647,100.8201,100.9997,101.4559,100.9147,99.87561,101.4239,101.0738,101.6802,101.7173,101.5878,102.4897,100.8664,100.1649,102.2463,100.3709
2007-07-01,100.1331,101.418439992752,102.4611,101.3045,101.2351,101.6194,100.4237,101.3807,101.5843,100.0704,100.7446,101.0252,101.2271,100.829,99.75024,101.2592,100.9549,101.6439,101.7815,101.6002,102.8825,100.6919,100.4483,102.0209,100.3537
2007-08-01,99.90429,101.520501529542,102.3758,101.3376,100.8923,101.2328,100.1511,101.323,101.3207,100.0231,100.7021,101.0854,100.9531,100.652,99.61285,101.0969,100.7099,101.5845,101.7879,101.5383,103.2431,100.5672,100.6325,101.6821,100.4026
2007-09-01,99.64957,101.55294522604,102.1153,101.306,100.5688,100.7447,99.72341,101.3217,100.9046,100.0012,100.6328,101.3363,100.7251,100.4238,99.51597,100.9984,100.3981,101.5223,101.9371,101.15,103.203,100.3993,100.7032,101.5743,100.4357
2007-10-01,99.35554,101.479171623606,101.8547,101.1814,100.3215,100.2457,99.24277,101.325,100.6924,99.9347,100.421,101.2819,100.4723,100.1045,99.33782,100.9344,100.1741,101.4566,102.1632,100.5321,102.8356,100.1167,100.7203,101.4894,100.3845
2007-11-01,99.07018,101.38733260164,101.6981,100.9062,100.097,99.70327,98.70207,101.2508,100.5567,99.75389,100.014,100.9804,100.1316,99.7519,99.05567,100.7207,99.9622,101.2201,102.3781,99.80171,102.2876,99.72733,100.6583,101.3282,100.2437
2007-12-01,98.9023,101.201658815453,101.6604,100.6436,99.99822,99.3018,98.18564,101.0331,100.4025,99.53752,99.73299,100.7687,99.9789,99.43394,98.66911,100.435,99.79259,100.8561,102.4122,99.47634,101.81,99.3818,100.582,101.0749,99.98448
2008-01-01,98.74091,101.068786224927,101.5699,100.3479,99.95128,98.87637,97.87754,100.745,100.2156,99.34056,99.57184,100.629,99.87758,99.14156,98.30569,100.0875,99.63849,100.4606,102.235,99.79379,100.9291,99.10415,100.3973,100.5153,99.55878
2008-02-01,98.35253,100.93180197599,101.3335,99.90131,99.9007,98.63094,97.68129,100.4731,100.0439,99.27484,99.51114,100.4002,99.86056,98.95408,98.17626,99.79895,99.4354,100.2768,102.0867,100.4086,99.44447,98.83541,100.1049,99.71082,99.02065
2008-03-01,97.88428,100.610260255454,100.8835,99.25809,99.87547,98.37574,97.35983,100.263,99.90881,99.29877,99.38158,100.1523,99.76366,98.77296,98.13445,99.65942,99.16033,100.1985,102.0539,100.8771,97.64017,98.51923,99.71951,99.00521,98.42275
2008-04-01,97.35648,100.050430972422,100.1142,98.33733,99.80901,98.0103,96.61971,100.0473,99.67368,99.44596,99.20589,99.83647,99.496,98.49233,98.08064,99.36629,98.73466,100.016,102.2385,100.8888,96.09269,98.09614,99.23589,98.60944,97.82504
2008-05-01,96.97754,99.3070481894735,99.2366,97.38904,99.54525,97.56743,95.57262,99.71169,99.42473,99.52973,99.04715,99.43799,99.13696,98.14628,97.72929,98.87888,98.14915,99.78488,102.2927,100.5355,95.35212,97.65507,98.55626,98.42121,97.36312
2008-06-01,96.85837,98.7331422800494,98.38512,96.50443,99.15482,97.20904,94.55087,99.16562,99.15652,99.24036,98.63858,99.07135,98.83344,97.74924,97.21169,98.27783,97.62709,99.42778,102.1264,100.1692,95.36643,97.28018,97.92932,98.19904,97.26562
2008-07-01,97.06129,98.6058803556319,97.73548,95.93453,98.75691,97.16733,94.06155,98.53372,98.89085,98.93009,98.36942,98.99411,98.7693,97.54052,97.23125,97.89982,97.27174,99.17284,101.9364,100.2565,95.88677,96.99793,97.62396,98.08292,97.73558
2008-08-01,97.31839,98.6735413629602,97.36771,95.94217,98.5255,97.33755,94.01506,97.99129,98.95935,99.11511,98.28734,98.77753,98.96201,97.56871,97.64016,97.93528,97.13828,99.06036,102.0404,100.4435,96.3414,96.82265,97.94966,98.2625,98.46763
2008-09-01,97.39437,98.524408788312,97.0297,96.11249,98.4147,97.47813,93.87804,97.68589,99.0834,99.5098,98.10287,98.35983,99.13204,97.69718,97.98841,98.07417,97.0264,99.13548,102.071,100.336,96.06033,96.73692,97.84586,98.42837,99.08389
2008-10-01,97.04175,97.8815558187644,96.68681,96.15131,98.21732,97.48927,93.58859,97.56945,99.07201,99.71052,97.60244,97.90535,99.07522,97.64365,97.84026,98.1214,96.65121,99.3739,101.7849,99.87687,94.86372,96.56494,97.11548,98.36809,99.3079
2008-11-01,96.78537,97.2729942844398,96.45062,96.0674,98.00227,97.56278,93.41307,97.60562,99.03045,99.61538,97.27938,97.93361,98.97995,97.56277,97.40627,98.26469,96.35548,99.81432,101.302,99.36624,93.67816,96.3602,96.36597,98.46513,99.2543
2008-12-01,96.77791,96.8925006310827,96.04956,95.80627,97.73553,97.51089,93.25478,97.78822,98.98111,99.49508,97.08089,98.37157,98.91888,97.64256,96.92686,98.485,96.35928,100.0502,100.8309,98.87984,93.3121,96.16579,95.96455,98.65118,99.06757
2009-01-01,96.78511,96.8230784001085,95.64913,95.53555,97.57207,97.43201,93.13776,98.00703,98.93406,99.46358,96.83031,98.75913,99.04163,97.76199,96.59653,98.79284,96.71804,100.0965,99.96976,98.64921,93.66709,96.10934,96.1072,98.64146,98.83833
2009-02-01,96.7591,96.8964355143619,95.3502,95.75497,97.46934,97.36661,93.19689,98.13919,98.89294,99.4898,96.50829,98.78714,99.07064,97.90221,96.57272,99.00804,97.13121,100.1533,98.96512,98.57201,94.47641,96.26816,96.51,98.52431,98.65288
2009-03-01,96.96084,97.1550565252642,95.25787,96.3582,97.42757,97.48164,93.93509,98.10432,98.91649,99.53767,96.27182,98.88583,99.17236,97.99324,96.87488,99.04848,97.67142,100.3112,98.49452,98.91985,95.54605,96.69819,97.27242,98.54926,98.61446
2009-04-01,97.40855,97.5976224146675,95.38033,97.01779,97.55405,97.87199,94.95922,98.00636,99.18864,99.73002,96.21378,99.15208,99.38257,98.0785,97.36897,99.20306,98.44645,100.6184,98.74128,99.35258,96.8766,97.33012,98.71124,98.80106,98.82098
2009-05-01,97.79377,98.0940617059491,95.46796,97.53914,97.79756,98.20781,96.00726,97.99991,99.51766,99.94776,96.28509,99.33325,99.64104,98.37616,97.89671,99.76582,99.24648,100.9024,99.24258,99.74182,97.89169,98.00591,100.0803,99.17466,99.19547
2009-06-01,97.95326,98.494204789789,95.74565,98.05721,98.16766,98.453,96.76475,98.2198,99.70036,100.1805,96.50157,99.46812,99.93222,98.80444,98.54604,100.339,99.74461,101.0021,99.57649,99.73827,98.30508,98.58769,101.0017,99.89902,99.67181
2009-07-01,97.90809,98.8562369708712,95.9803,98.51521,98.66412,98.58228,97.27396,98.61913,99.8583,100.4446,96.57497,99.58208,100.163,99.25965,99.29991,100.8973,100.0474,101.1061,99.71137,99.64066,98.07418,99.05057,101.6646,100.7203,100.2124
2009-08-01,97.95174,99.2655332774158,95.77423,99.00284,99.17582,98.70562,97.48453,99.16122,100.0815,100.7133,96.68897,99.79962,100.4565,99.71265,99.91621,101.4592,100.2717,101.1553,99.92099,99.68344,97.69428,99.33977,102.2445,101.3965,100.7239
2009-09-01,98.1294,99.5254830133674,95.51168,99.67613,99.56067,99.1237,97.50093,99.83233,100.2416,100.9783,96.92957,100.2167,100.6479,99.99074,100.2719,101.8533,100.5422,101.2159,99.90261,99.61372,97.34933,99.48415,102.5799,101.8728,101.0778
2009-10-01,98.15902,99.5712482928702,95.32366,100.0935,99.72952,99.57101,97.53993,100.5115,100.3471,101.2528,97.08829,100.5869,100.6931,100.1203,100.1388,102.0523,100.767,101.2019,99.85391,99.60302,96.91924,99.52654,102.7325,102.0494,101.1594
2009-11-01,98.17303,99.5722604737105,95.35281,100.2299,99.68405,99.90662,97.66207,101.0427,100.5715,101.415,97.05031,100.3857,100.6527,100.1843,99.76887,102.0493,100.93,101.1672,99.80659,99.73125,96.5484,99.48909,102.5765,101.9693,101.0747
2009-12-01,98.34699,99.81849622075,95.46755,100.2612,99.61685,100.0101,97.87273,101.299,100.7713,101.232,97.1154,99.80064,100.4514,100.277,99.40009,101.9032,101.241,101.2368,99.92408,99.65036,96.51701,99.44068,102.3575,101.8636,100.9357
2010-01-01,98.50824,100.190897995592,95.69084,100.4275,99.515,99.92117,97.8599,101.3951,100.8407,100.7683,97.4239,99.09468,100.3085,100.322,99.17541,101.823,101.5976,101.3716,100.0716,99.56241,96.86688,99.53438,102.1816,101.8991,100.8117
2010-02-01,98.56321,100.262482555145,95.88311,100.5484,99.5539,99.57775,97.56811,101.46,100.6845,100.2425,97.64337,98.26981,100.2376,100.25,98.88406,101.9614,101.9122,101.4649,100.2174,99.6714,97.58186,99.69907,102.0133,101.8411,100.7347
2010-03-01,98.56012,100.217153649708,96.09846,100.4615,99.75724,99.16901,97.21124,101.5718,100.41,99.92088,97.75207,97.40192,100.3062,100.0555,98.55885,102.0883,101.9802,101.4563,100.3683,99.88073,98.38696,99.87508,101.9249,101.6823,100.7375
2010-04-01,98.53974,100.030572242969,96.40542,100.2039,99.95805,98.81863,96.83582,101.7222,100.0774,99.69346,97.9352,96.72344,100.3563,99.93655,98.23811,102.1576,101.8411,101.4253,100.4239,100.053,99.00183,100.0141,101.9098,101.3687,100.8442
2010-05-01,98.53848,99.8703806209149,96.82053,99.84649,99.97967,98.492,96.31354,101.8788,99.96027,99.31361,98.21152,96.17149,100.2472,99.81209,97.8792,102.1254,101.5973,101.2682,100.3782,100.1044,99.41599,100.0955,101.9565,100.9582,100.9814
2010-06-01,98.44367,99.6107481978856,97.18178,99.52554,100.2034,98.34652,95.94091,102.0083,99.98145,98.97868,98.3992,95.95643,100.3318,99.91482,97.71845,102.1256,101.6664,101.102,100.2643,100.1143,99.6836,100.1241,102.0188,100.8235,101.0515
2010-07-01,98.15993,99.3474583493466,97.43535,99.2457,100.7017,98.451,96.06485,102.0939,100.0616,98.86812,98.36872,96.05527,100.5717,100.2385,97.7086,102.122,101.937,101.1525,100.262,99.94881,99.80743,100.0766,101.9844,101.1763,100.976
2010-08-01,97.98689,99.189381196566,97.78403,99.04993,101.1871,98.69351,96.58661,102.1035,100.1704,98.96261,97.95461,96.15189,100.8423,100.6047,97.67957,102.1795,102.2244,101.152,100.0238,99.64095,99.99261,99.95497,101.8488,101.5371,100.8061
2010-09-01,97.93621,99.1517663246686,98.23815,98.6948,101.5321,98.91456,96.97798,102.0011,100.1882,99.07311,97.30012,95.99174,100.9855,100.8297,97.26985,102.2232,102.3001,101.1611,99.75539,99.31779,100.3367,99.83427,101.7503,101.6011,100.5939
2010-10-01,98.0344,99.2539122402491,98.54598,98.37521,101.7264,99.16619,97.02046,101.8348,100.2029,99.09937,96.51044,95.75268,101.0453,100.8157,96.24969,102.1172,101.9803,101.1744,99.56244,99.03092,100.5698,99.81947,101.7646,101.5423,100.3587
2010-11-01,98.29088,99.4359658537398,98.65463,98.07201,101.8575,99.30613,96.83426,101.6544,100.2018,99.1366,95.92665,95.47652,101.0085,100.6134,95.59731,102.0268,101.4621,101.1737,99.44872,98.9278,100.8655,99.89174,101.8559,101.2849,100.095
2010-12-01,98.54091,99.6077958009433,98.68964,97.77092,101.8597,99.06297,96.58353,101.4928,100.2026,99.15054,95.65813,95.21188,100.8219,100.4535,95.51949,101.983,100.9308,101.0528,99.42621,98.80106,101.086,99.95073,101.7887,101.0049,99.78051
2011-01-01,98.64883,99.8369359600269,98.76039,97.36269,101.8051,98.6883,96.52259,101.3612,100.3841,98.88601,95.76933,95.29028,100.605,100.4064,95.65296,101.9992,100.8153,100.9083,99.35907,98.69055,101.3435,99.87949,101.4947,100.723,99.4121
2011-02-01,98.59994,99.9351247252594,98.83768,97.12045,101.7286,98.38145,96.68609,101.2706,100.4927,98.6131,96.20079,95.51868,100.5053,100.3565,95.86765,101.8987,100.8191,100.8079,99.04839,98.51117,101.6675,99.54037,100.9776,100.5846,99.09293
2011-03-01,98.35714,99.8860985248203,98.72322,96.97465,101.6059,98.16242,96.83798,101.2222,100.456,98.33284,96.82352,95.60958,100.3303,100.2521,95.81956,101.6509,100.7482,100.7895,98.58985,98.18504,101.8595,98.90112,100.3848,100.4767,98.99296
2011-04-01,98.29892,99.8606674880329,98.52611,97.00706,101.5066,98.07323,97.00849,101.1579,100.3325,98.10448,97.13976,95.51627,100.2515,100.1388,95.65746,101.4172,100.5074,100.8377,98.37311,97.97275,101.988,98.23683,100.1997,100.3879,99.26028
2011-05-01,98.28327,99.7447252774005,98.54826,97.36995,101.4671,98.10641,97.28619,100.992,100.1598,98.02701,97.23191,95.25947,100.2584,100.0095,95.71816,101.2026,99.98411,100.86,98.64813,97.75818,102.1597,98.02821,100.2511,100.184,99.71322
2011-06-01,97.97703,99.5346772558782,98.78038,97.39727,101.4557,98.08308,97.45135,100.6592,99.96255,98.11465,97.18163,94.92436,100.1983,99.95179,95.8259,100.8995,99.21329,100.7637,98.95343,97.60796,102.3907,98.17141,100.2089,99.80777,100.1259
2011-07-01,97.40202,99.2570576898217,98.94747,97.10565,101.2962,97.96291,97.4268,100.2646,99.67966,98.02129,97.12647,94.84872,100.1005,99.80322,95.83948,100.3934,98.52625,100.4954,99.23129,97.68224,102.2116,98.46101,100.0655,99.37168,100.3285
2011-08-01,96.91122,98.9444979525412,98.89198,96.66331,100.9683,97.68269,97.16879,99.95062,99.12973,97.84885,97.22758,94.94073,100.0028,99.49671,95.68167,99.75806,97.85794,100.1997,99.29418,97.71249,101.7773,98.72131,99.83789,99.202,100.3471
2011-09-01,96.84426,98.7472249302584,98.76952,96.27867,100.7091,97.56694,96.94371,99.82657,98.51101,97.6705,97.44352,94.74094,99.95193,99.05683,95.30614,99.32756,97.39664,99.96888,99.31473,97.5997,101.4499,98.95585,99.76992,99.38837,100.2018
2011-10-01,97.07516,98.6339928490371,98.70577,96.03825,100.5145,97.55197,96.85763,99.81731,98.06922,97.54018,97.64425,94.1962,99.94491,98.68616,94.87482,99.1654,97.16422,99.55769,99.18174,97.29729,101.0787,99.11446,99.89432,99.62115,99.88744
2011-11-01,97.51543,98.6195601446503,98.66425,96.06461,100.4952,97.38087,96.96919,99.83302,97.93531,97.58946,97.37866,93.83202,99.72696,98.52805,94.4864,99.16959,97.13981,99.2159,98.81168,96.75045,101.0724,99.21555,99.99715,99.78056,99.51913
2011-12-01,98.06004,98.5758830695748,98.72672,96.25303,100.6093,97.30495,96.81538,99.82404,97.8442,97.42487,96.86494,93.70272,99.46098,98.49539,94.31365,99.37047,97.45464,99.20738,98.36469,96.48047,101.2801,99.32465,99.8632,99.70399,99.22711
2012-01-01,98.52432,98.6769532230303,99.08919,96.54737,100.7016,97.51556,96.25255,99.81102,97.8905,97.30032,96.71022,93.70058,99.18552,98.61511,94.4232,99.73664,98.15391,99.46735,98.30334,96.50468,101.482,99.42599,99.8241,99.69137,99.10532
2012-02-01,98.78316,98.8383976784063,99.43575,96.62575,100.7347,97.98243,95.63839,99.84185,98.02676,97.35861,96.88583,93.61646,99.11964,98.73907,94.69349,100.0555,98.84442,99.88056,98.32496,96.54125,101.5545,99.47792,100.0342,99.69532,99.08373
2012-03-01,98.9079,98.9864059602924,99.6714,96.48772,100.7549,98.53339,95.04965,99.95277,98.0894,97.15871,97.2128,93.71922,99.39278,98.91532,94.96002,100.4076,99.23336,100.2496,98.35664,96.33218,101.3422,99.50378,100.3174,99.55537,99.07771
2012-04-01,98.94286,99.0171009786308,99.91843,96.35075,100.7819,98.88926,94.6161,100.0856,98.15421,96.45905,97.43449,93.9464,99.74033,99.19645,95.17644,100.604,99.45074,100.3379,98.32619,96.23573,100.9986,99.51244,100.5636,99.43723,99.03694
2012-05-01,98.8867,99.0487317248992,99.97734,96.36002,100.7697,99.06328,94.35273,100.1556,98.06874,95.93335,97.65055,94.29629,99.91261,99.29401,95.42247,100.5932,99.17271,100.2269,98.29646,96.26414,100.976,99.52742,100.5342,99.41872,98.97902
2012-06-01,98.68109,98.9756753519117,99.9544,96.52392,100.6943,98.87328,94.17294,100.0979,98.11059,95.83395,97.94637,94.7382,100.0288,99.27934,95.58945,100.4821,98.37973,100.1656,98.35046,96.61387,100.9721,99.52325,100.2223,99.49712,98.94775
2012-07-01,98.60864,98.9729247189408,100.0378,96.78032,100.509,98.40134,93.67554,99.97638,98.4221,96.11027,98.30933,95.0963,100.0347,99.23206,95.56568,100.4106,97.70948,100.225,98.55892,97.02982,100.8737,99.52034,99.94151,99.60764,98.98875
2012-08-01,98.77948,99.0556793590024,100.0115,96.88307,100.2959,97.94609,93.08119,99.87849,98.60698,96.4268,98.29994,95.14378,99.95615,99.08543,95.26543,100.2565,97.41164,100.2141,98.61499,97.27997,100.5379,99.53421,99.77996,99.65589,99.09841
2012-09-01,99.09757,99.23311534894,99.88814,96.85086,100.1445,97.54423,93.02919,99.87482,98.61913,96.48405,97.91303,94.79465,99.75748,98.99535,94.59389,100.005,97.49279,100.1807,98.45581,97.10815,100.1447,99.52354,99.68835,99.73975,99.2848
2012-10-01,99.32568,99.3048152798338,100.0297,96.93995,100.1147,97.37292,93.26643,99.95423,98.37519,96.43509,97.55408,94.3999,99.43909,99.02979,93.9632,99.79449,97.71422,100.1529,98.22719,96.76492,99.89798,99.51353,99.701,99.87944,99.55997
2012-11-01,99.23881,99.2949601766069,100.2733,97.24828,100.1765,97.38606,93.45592,100.1102,97.97392,96.23099,97.26807,94.20316,99.13878,99.02191,93.74829,99.70685,98.07347,100.2342,98.04851,96.5936,100.1646,99.57906,99.74622,100.0446,99.85558
2012-12-01,98.90295,99.2824670632895,100.6021,97.32408,100.2789,97.40629,93.64016,100.3438,97.79539,96.07703,96.96614,94.19922,99.0604,99.1282,93.85894,99.70684,98.43285,100.1756,97.97163,96.61429,100.5148,99.79987,99.82605,100.1252,100.085
2013-01-01,98.77381,99.3353344472864,100.7122,97.31844,100.4413,97.34954,94.02351,100.5904,97.78882,96.12095,97.02592,94.39961,99.209,99.31145,94.11155,100.0009,98.91051,100.144,97.99356,96.86871,100.916,100.2225,100.0006,100.3206,100.1849
2013-02-01,98.8774,99.2966065774276,100.4926,97.27979,100.5744,97.25758,94.3117,100.767,97.69444,96.28111,97.05486,94.60284,99.37171,99.4715,94.41254,100.2509,99.33355,100.2214,98.11259,97.46459,101.1918,100.5846,100.1455,100.6157,100.2232
2013-03-01,99.04517,99.2072166561933,100.189,97.38625,100.6448,97.09077,94.58936,100.8058,97.88886,96.44694,97.0713,94.71631,99.41746,99.48212,94.50574,100.4728,99.36051,100.2494,98.22337,97.88742,101.4149,100.7976,100.2803,100.6963,100.2875
2013-04-01,99.25853,99.1408387399933,99.88263,97.58126,100.6755,96.89919,94.77969,100.759,98.23574,96.75312,97.09498,94.8143,99.52398,99.4034,94.5733,100.5432,99.10889,100.2709,98.39208,98.11829,101.6942,100.8598,100.3349,100.4298,100.4349
2013-05-01,99.59885,99.2630738128177,99.62012,97.92049,100.6958,96.69903,95.01126,100.6851,98.41197,97.00656,97.34564,94.9558,99.64484,99.33569,94.63271,100.4923,98.90309,100.3769,98.55894,98.36291,102.0158,100.8071,100.4436,100.1164,100.6158
2013-06-01,99.7748,99.4447699919021,99.50671,98.47762,100.729,96.7962,95.5398,100.6215,98.35621,97.33047,97.77274,94.88025,99.75376,99.2782,94.86132,100.5151,98.81316,100.6441,98.90899,98.56049,102.1534,100.6515,100.5208,100.0916,100.7543
2013-07-01,99.73689,99.6154980511259,99.73236,99.25689,100.7723,97.24719,96.26441,100.5835,98.324,97.47647,98.1356,94.77341,99.95758,99.33219,95.22331,100.6695,98.67303,100.8418,99.24875,98.85492,102.173,100.5433,100.522,100.2634,100.7945
2013-08-01,99.45435,99.8310369828828,99.79366,99.76202,100.8213,97.78839,96.87152,100.5896,98.48077,97.58673,98.53584,94.71049,100.4458,99.55531,95.73119,100.7182,98.6207,101.0363,99.44462,99.2454,101.977,100.5151,100.485,100.5805,100.7892
2013-09-01,99.07097,100.027136320703,99.42664,99.95473,100.9231,98.12425,97.31519,100.6592,98.76051,97.66788,98.95523,94.80424,101.0334,99.82291,96.06417,100.7062,98.67554,101.1856,99.51892,99.5523,101.7616,100.5352,100.4843,100.8604,100.8134
2013-10-01,98.83395,100.000302215179,98.84576,99.92602,101.0497,98.15186,97.4062,100.7682,99.20071,97.50784,99.15329,95.03421,101.4523,99.96051,96.19748,100.831,98.79061,101.2561,99.43322,99.72085,101.8945,100.3434,100.6977,100.9157,100.9217
2013-11-01,98.93504,99.8006731216152,98.18541,99.90483,101.2084,97.9682,97.51721,100.8929,99.70598,97.49071,99.20731,95.19423,101.6793,99.9163,96.38301,101.0476,98.9855,101.2186,99.42907,99.77459,102.0516,100.1721,100.919,100.8281,101.0778
2013-12-01,99.24061,99.5625288930309,97.60773,100.161,101.3722,97.94826,97.70714,101.0145,100.0851,97.48067,99.46327,95.36347,101.7322,99.67442,96.72196,101.1068,99.19367,101.1848,99.49119,99.73357,101.7825,99.89519,101.0691,100.5605,101.2299
2014-01-01,99.41454,99.5377987136288,97.22523,100.6232,101.5134,98.03093,98.00249,101.1088,100.4133,97.57222,99.67117,95.59529,101.676,99.50227,97.07734,101.0432,99.36769,101.1343,99.49689,99.88603,101.3368,99.52866,101.1969,100.2668,101.3391
2014-02-01,99.48507,99.7150264583538,97.40232,100.9757,101.5744,98.10863,98.26346,101.1385,100.6535,97.96446,99.80435,95.98161,101.5122,99.41362,97.40157,100.8992,99.27112,101.0309,99.56892,100.1786,101.1722,99.1508,101.2256,100.0046,101.4119
2014-03-01,99.51752,99.9271614531509,97.81383,101.3042,101.5765,98.12945,98.58909,101.0731,100.7905,98.62517,99.81853,96.54485,101.2342,99.37466,97.636,100.8158,99.01725,100.9977,99.73775,100.5845,101.5743,98.91194,101.1946,99.80804,101.4537
2014-04-01,99.591,100.029225936933,98.11049,101.5671,101.5967,98.01938,98.8602,100.9738,100.793,99.27867,99.75024,97.01657,101.0505,99.34183,97.77882,100.8242,98.79057,101.0471,99.91113,100.9193,102.0909,98.94579,101.0831,99.61749,101.4584
2014-05-01,99.5773,99.9957695029056,98.18436,101.7205,101.6315,97.8728,99.17027,100.9169,100.7669,99.61394,99.57028,97.40144,101.0186,99.35152,97.94465,100.902,98.8755,101.2802,100.1409,101.0646,102.1146,99.22411,100.915,99.36501,101.4295
2014-06-01,99.55072,99.9396200002889,98.09652,101.8074,101.6152,97.77207,99.49834,100.9531,100.7055,99.41846,99.7318,97.69799,101.0541,99.43447,98.10416,100.9372,98.98268,101.588,100.2007,101.1314,101.8895,99.55025,100.8703,99.27589,101.356
2014-07-01,99.54248,99.9112601584292,98.02299,101.8052,101.5001,97.80212,99.6511,101.0222,100.5747,98.92175,100.2087,97.80235,101.0012,99.45367,98.3299,100.8682,98.72675,101.8129,100.1031,101.0553,101.7259,99.74742,100.8468,99.3455,101.2215
2014-08-01,99.63799,99.9172222759092,98.1684,101.7895,101.2732,97.80795,99.74745,101.0347,100.3883,98.50208,100.5658,97.62418,100.7724,99.44467,98.51917,100.6751,98.00694,101.8348,100.1021,101.0281,101.6536,99.71674,100.8893,99.42841,101.0581
2014-09-01,99.84365,99.857836520462,98.45313,101.6351,101.1093,97.78699,99.70148,100.9199,100.2807,98.34151,100.7889,97.42213,100.48,99.44398,98.77608,100.4487,97.5256,101.6989,100.1475,101.1618,101.5542,99.54192,100.858,99.39036,100.9043
2014-10-01,100.1328,99.7553486302649,98.66074,101.56,101.0795,97.88334,99.60244,100.7303,100.2747,98.22118,100.7949,97.55592,100.1187,99.5489,98.92819,100.1501,97.55717,101.6353,100.301,101.5161,101.2648,99.32784,100.6672,99.35777,100.7922
2014-11-01,100.4875,99.7679998947897,98.82251,101.5244,101.1225,98.1182,99.67667,100.5363,100.2436,98.14339,100.8712,97.7261,99.8385,99.68116,98.97535,99.97257,97.82913,101.593,100.4,101.8774,100.9636,99.18331,100.4351,99.3126,100.7249
2014-12-01,100.8809,99.9225179169311,98.80676,101.6585,101.267,98.47842,100.2185,100.395,100.2505,98.20756,101.1396,97.81625,99.87772,99.63443,99.21214,100.016,98.24092,101.6567,100.3607,102.0774,100.6967,99.21556,100.2896,99.2357,100.7137
2015-01-01,101.1459,99.9882009208485,98.76551,101.9452,101.4539,98.86644,100.9837,100.3242,100.3619,98.71519,101.464,98.25897,100.1996,99.55145,99.61209,100.0852,98.77944,101.7569,100.2661,102.0656,100.426,99.37292,100.2903,99.37363,100.7708
2015-02-01,101.1482,99.8962728266668,98.82629,102.2124,101.6227,99.24167,101.5721,100.3535,100.4969,99.5627,101.7273,99.06589,100.5312,99.56453,99.88504,100.1074,99.33244,101.9174,100.3637,101.9259,100.1368,99.63211,100.3365,99.65068,100.8466
2015-03-01,101.0514,99.8978521859411,98.84583,102.3998,101.7546,99.44373,102.0077,100.5052,100.7055,100.0867,101.9048,99.42624,100.7043,99.70916,100.0182,100.1715,99.71268,102.1134,100.558,101.9758,99.85498,99.84087,100.3744,99.75266,100.8741
2015-04-01,100.9965,99.7516834671649,98.69234,102.393,101.8005,99.4509,102.1784,100.6753,100.8316,100.1443,101.9655,99.0306,100.8106,99.82631,100.0228,100.2076,100.0055,102.1114,100.7906,102.103,99.77747,99.95273,100.4394,99.73615,100.7953
2015-05-01,100.9159,99.7373462503619,98.5918,102.2641,101.7598,99.28361,102.0723,100.7229,100.9405,99.96887,102.0428,98.45293,100.8731,99.80721,99.99706,100.2756,100.0382,101.9577,100.8249,102.2144,99.79192,99.95552,100.3662,99.70496,100.6353
2015-06-01,100.93,99.7141504952912,98.55807,102.4043,101.654,99.15571,101.916,100.5411,101.0195,99.78712,102.208,97.73157,100.7981,99.7301,100.0039,100.2845,99.68789,101.7312,100.6776,102.196,99.80831,99.92416,100.1241,99.49422,100.4169
2015-07-01,100.815,99.5381676288322,98.3719,102.4944,101.5096,99.14012,101.8878,100.2505,101.0567,99.72266,102.3267,96.87827,100.6246,99.67622,100.0576,100.2504,99.22378,101.5311,100.5221,102.0832,99.49056,99.88058,100.0819,99.36641,100.1553
2015-08-01,100.625,99.318988744993,98.24351,102.4728,101.3296,99.32314,102.0221,100.009,101.0779,100.1136,102.4562,96.03591,100.4236,99.67145,100.1755,100.1245,98.64443,101.3098,100.4414,102.058,99.06547,99.88007,100.2144,99.44645,99.91248
2015-09-01,100.4538,99.2654984974921,98.29453,102.3947,101.1035,99.55598,102.2939,99.92995,101.0514,100.7627,102.6608,95.67195,100.3163,99.60472,100.1871,99.82735,98.10448,101.093,100.4389,102.149,99.06905,99.89014,100.4262,99.51714,99.77573
2015-10-01,100.4831,99.3734980744292,98.46208,102.3786,100.9294,99.74706,102.6237,99.95221,101.0117,101.306,102.9153,95.74372,100.3431,99.50375,100.0674,99.53735,97.93118,101.0359,100.6637,102.3653,99.91455,99.9831,100.611,99.71473,99.81855
2015-11-01,100.5999,99.374495039435,98.57848,102.4323,100.9135,99.86666,102.9151,99.99249,100.999,101.5693,103.0822,95.86993,100.4349,99.53399,99.96438,99.41864,98.18888,101.0791,100.9362,102.5406,101.0635,100.0791,100.6027,99.90419,99.95488
2015-12-01,100.6973,99.0062359930811,98.56422,102.6198,101.0177,99.88801,103.0323,99.99709,100.911,101.4855,103.1206,96.05618,100.542,99.60861,100.142,99.55833,98.47722,101.0267,101.1043,102.6376,101.4816,100.0726,100.3607,99.92487,100.0806
2016-01-01,100.7104,98.6318581685704,98.46676,102.6305,101.0754,99.82597,102.7052,99.97537,100.7615,101.3476,103.0516,96.04644,100.5037,99.76465,100.3385,99.73277,98.91145,100.8354,101.1234,102.7024,101.3155,99.9561,100.0664,99.84422,100.1215
2016-02-01,100.673,98.6416831886945,98.24811,102.4473,101.0909,99.58377,102.2813,99.95153,100.5366,101.2134,102.8535,95.97527,100.3498,99.91901,100.3141,99.86448,99.04623,100.7493,101.1377,102.6376,100.966,99.79889,99.89243,99.82626,100.0921
2016-03-01,100.633,98.9658300072987,98.02908,102.2359,101.124,99.35822,101.8468,99.94265,100.4316,101.0168,102.5642,95.88272,100.1641,100.0342,100.3405,99.98324,99.1672,100.7241,101.2948,102.5714,100.8108,99.7815,99.91199,99.76911,100.0111
2016-04-01,100.6551,99.3462755985654,97.91471,102.0236,101.2168,99.30104,101.5676,99.93893,100.4825,100.81,102.4132,95.86799,100.0629,100.0992,100.3631,99.98597,99.4809,100.7619,101.4826,102.532,100.8544,99.80393,99.9622,99.76615,99.88842
2016-05-01,100.7778,99.6892338409874,97.92435,101.7852,101.3031,99.34846,101.3945,99.92348,100.5698,100.5533,102.4323,96.05822,100.0685,100.1839,100.3271,99.95188,99.88124,100.7292,101.5455,102.4919,100.9161,99.85983,99.93522,99.94147,99.76226
2016-06-01,100.7557,99.8699491065694,97.82532,101.3781,101.3652,99.27831,101.3429,99.88708,100.6573,100.4303,102.4577,96.25211,100.191,100.2384,100.2922,99.92274,100.2736,100.7126,101.5947,102.3641,100.9667,99.95914,99.9647,100.0098,99.68109
2016-07-01,100.6087,99.9696171920436,97.36668,100.8311,101.3478,99.2963,101.3011,99.85451,100.6463,100.2902,102.3593,96.19704,100.345,100.2286,100.3116,99.90987,100.3995,100.6583,101.6551,102.259,101.1306,100.0448,100.0978,99.98727,99.68848
2016-08-01,100.5024,99.933592505055,96.89009,100.8269,101.3067,99.44617,101.4747,99.86798,100.7223,99.96082,102.3957,96.02754,100.4607,100.1998,100.389,100.0318,100.5323,100.616,101.6568,102.4173,101.6669,100.1405,100.2064,100.0128,99.76308
2016-09-01,100.4832,99.8583060944461,96.51229,101.1838,101.2735,99.69715,101.7274,99.96684,100.961,99.71463,102.4688,96.03167,100.4471,100.1685,100.4981,100.31,100.6389,100.524,101.6659,102.7723,101.9483,100.1824,100.1797,100.0378,99.88963
2016-10-01,100.5603,99.7776201374842,96.23355,101.3388,101.2957,99.95267,102.0521,100.1211,101.2234,99.7019,102.4182,96.11945,100.4073,100.1849,100.6225,100.5203,100.8087,100.4384,101.6129,102.965,101.7661,100.1159,99.94832,100.0223,100.0629
2016-11-01,100.8904,99.8589225116455,95.73593,101.2498,101.3743,100.1953,102.2904,100.2965,101.3511,99.78981,102.2461,96.03865,100.4964,100.2456,100.8039,100.592,100.9604,100.3757,101.5116,103.0313,101.0802,100.0456,99.49683,99.91005,100.2394
2016-12-01,101.2288,99.9844723520548,94.8537,101.1649,101.4417,100.337,102.3398,100.4643,101.3951,99.84657,102.135,95.94692,100.5718,100.3788,101.0571,100.5339,101.1969,100.4191,101.5121,103.0346,100.3605,100.1374,99.13898,99.75493,100.3645
2017-01-01,101.3774,100.145276444611,93.76825,101.0568,101.4368,100.3193,102.2521,100.5899,101.46,99.89798,102.1394,95.70895,100.7074,100.5159,101.188,100.5246,101.4662,100.7196,101.5877,103.0655,100.0979,100.2492,99.00787,99.72215,100.3955
2017-02-01,101.365,100.404132037107,94.10558,100.9592,101.3909,100.2363,102.1841,100.6204,101.529,99.88052,102.1652,95.45564,100.7878,100.6294,101.2855,100.5643,101.6624,101.0163,101.5336,103.0427,100.1906,100.3612,99.16222,99.8003,100.3766
2017-03-01,101.3344,100.565691321027,95.11159,100.9242,101.4713,100.246,102.3445,100.5138,101.5875,99.86146,102.3289,95.3821,100.8593,100.7309,101.4737,100.6468,101.9194,101.1865,101.5142,102.9646,100.6201,100.4635,99.59917,99.83413,100.3612
2017-04-01,101.2947,100.626347051275,96.01328,100.8931,101.6431,100.4428,102.5864,100.3638,101.5684,99.67629,102.4851,95.57494,100.9134,100.8591,101.6761,100.7195,102.1144,101.2192,101.5778,102.91,101.1355,100.4995,100.2627,99.77876,100.3834
2017-05-01,101.2233,100.701265913784,96.59308,100.8069,101.819,100.7943,102.7786,100.2943,101.4673,99.43639,102.5926,95.82456,100.9514,100.928,101.9184,100.7366,102.1739,101.1689,101.655,102.7256,101.4909,100.5102,100.9763,99.66586,100.4266
2017-06-01,101.1172,100.778493614804,96.93361,100.6372,101.9375,101.1565,102.9284,100.3955,101.4915,99.30701,102.7726,96.11961,101.0281,100.9538,102.1454,100.5865,102.1408,101.2267,101.6612,102.5801,101.5336,100.516,101.4455,99.54825,100.4599
2017-07-01,101.0761,100.909813972967,97.22961,100.5736,101.9407,101.1065,103.0732,100.5816,101.5828,99.55708,103.0033,96.5761,101.2136,100.9694,102.2333,100.4544,102.0779,101.3561,101.6895,102.4971,101.4829,100.5608,101.5796,99.50196,100.454
2017-08-01,101.1728,101.036874689337,97.47553,100.5128,101.8671,100.8477,103.1588,100.7376,101.6247,100.1727,103.1878,97.0187,101.3605,101.0152,102.1945,100.4025,101.9882,101.3795,101.8584,102.6749,101.3479,100.5967,101.4958,99.52227,100.4063
2017-09-01,101.2939,101.020944537476,97.6152,100.5005,101.8293,100.6528,103.1469,100.781,101.6257,100.8245,103.2044,97.34891,101.5425,101.1915,102.2069,100.4485,102.0279,101.4722,102.1185,103.0701,101.0104,100.6582,101.4001,99.68078,100.308
2017-10-01,101.4439,101.160162840005,97.52333,100.5403,101.8568,100.7262,103.0416,100.7543,101.6631,101.2289,103.1528,97.56994,101.654,101.3922,102.2022,100.5897,102.1833,101.5989,102.2071,103.4583,100.5499,100.7173,101.4636,99.88349,100.1523
2017-11-01,101.4238,101.472566776007,97.26054,100.555,101.8959,101.0295,102.9291,100.7151,101.6216,101.3929,103.0555,97.63518,101.6176,101.586,102.1275,100.7034,102.3814,101.6496,102.1985,103.6901,100.2639,100.7309,101.5932,100.0447,99.99371
2017-12-01,101.341,101.895135929787,96.77661,100.5745,101.9544,101.2083,102.8591,100.6967,101.5897,101.4265,103.0259,97.6533,101.5262,101.7342,102.0679,100.7035,102.747,101.6031,102.2481,103.7367,100.4617,100.7197,101.5895,100.2169,99.90733
2018-01-01,101.3704,,96.2577,100.6444,102.0244,101.0807,102.7328,100.6804,101.5543,101.3516,103.0841,97.60307,101.4649,101.749,102.0664,100.6982,102.767,101.58,102.3324,103.8048,101.0202,100.6991,101.4911,100.3181,99.95164
2018-02-01,101.5302,,96.03299,100.7572,102.0241,100.7489,102.4574,100.6258,101.4904,101.3399,103.1863,97.57644,101.3688,101.6841,102.1245,100.5562,102.6503,101.5368,102.344,103.8783,101.3767,100.6634,101.3562,100.2929,100.0587
2018-03-01,101.6295,,96.14526,100.8572,101.9578,100.463,102.1842,100.4992,101.4975,101.3537,103.2001,97.58131,101.279,101.5675,102.1842,100.4268,102.4077,101.3922,102.3808,103.9754,101.3987,100.6337,101.2573,100.2325,100.1388
2018-04-01,101.5796,,96.66145,100.9044,101.878,100.187,102.2478,100.3395,101.4734,101.3472,103.1494,97.67815,101.1073,101.4663,102.1874,100.313,102.1934,101.2578,102.5895,103.923,101.2497,100.611,101.165,100.178,100.1225
2018-05-01,101.4953,,97.57339,101.0262,101.7984,99.93758,102.4867,100.2007,101.4106,101.1987,103.0681,97.79641,100.8818,101.3155,102.1145,100.2003,102.0601,101.333,102.7342,103.8022,101.0817,100.6065,101.0317,100.1813,100.0296
2018-06-01,101.4384,,99.00259,101.067,101.7152,99.71651,102.7396,100.1276,101.4203,101.2872,103.0184,97.88513,100.627,101.1886,101.9615,100.0355,101.873,101.459,102.7974,103.5671,100.93,100.5815,100.736,100.2484,99.88326
2018-07-01,101.4075,,100.8952,101.1471,101.6299,99.57571,102.6913,100.1096,101.4194,101.419,103.0225,98.01462,100.5687,101.1436,101.8521,100.0558,101.7434,101.4586,102.6893,103.2734,100.5635,100.5616,100.3496,100.3364,99.70129
2018-08-01,101.4186,,101.8696,101.0671,101.6129,99.36288,102.404,100.1375,101.3089,101.5266,102.9966,98.20525,100.5908,101.1637,101.8376,100.2487,101.5404,101.3001,102.476,103.1406,99.60545,100.525,100.0624,100.2861,99.54022
2018-09-01,101.5003,,102.0408,100.883,101.6007,99.07351,102.0576,100.2048,101.1624,101.673,102.9458,98.71037,100.7021,101.2022,101.8891,100.3046,101.2082,101.2018,102.3829,103.2596,98.37531,100.4493,99.90397,100.1776,99.4774
2018-10-01,101.4828,,102.0279,100.6842,101.5666,98.90532,101.9283,100.2631,100.9462,101.7263,102.6916,99.49576,100.703,101.1965,101.8332,100.102,100.8189,101.0643,102.3035,103.3353,97.60921,100.3485,99.74924,100.1586,99.57199
2018-11-01,101.3758,,102.3079,100.4245,101.5326,98.64995,101.9509,100.2456,100.6662,101.6208,102.3532,99.96821,100.4438,101.1988,101.6534,99.89539,100.4543,100.9423,102.2445,103.3698,97.43608,100.2384,99.59535,100.2209,99.72781
2018-12-01,101.2088,,103.321,100.1209,101.5079,98.54762,101.9597,100.0988,100.3235,101.4397,101.9564,100.1834,100.078,101.1276,101.4481,99.67731,100.2206,100.7878,102.2185,103.5004,97.41366,100.1284,99.5981,100.2191,99.81831
2019-01-01,101.0089,,104.5189,99.83685,101.5225,98.90887,102.0588,99.89111,100.0211,101.2489,101.5406,100.1259,99.91149,101.037,101.2381,99.54781,100.1249,100.6966,102.3657,103.5092,97.46343,99.99363,99.72277,100.1406,99.75047
2019-02-01,101.0619,,105.3673,99.70806,101.5369,99.31913,102.2482,99.70963,99.88668,101.0335,101.2576,99.90652,99.95004,101.0005,101.0537,99.55265,100.0835,100.7102,102.6063,103.3437,97.54394,99.85791,99.90417,100.1078,99.59385
2019-03-01,101.2753,,105.1638,99.6981,101.5426,99.59766,102.4657,99.61896,99.85494,100.8348,101.2247,99.81989,100.1245,100.9828,101.0278,99.67739,100.1309,100.8036,102.6797,103.0639,97.72793,99.7089,100.0255,100.0131,99.44057
2019-04-01,101.4318,,104.353,99.85291,101.4901,99.78333,102.4531,99.5929,99.90301,100.6941,101.428,99.90374,100.252,100.9599,101.1677,99.73393,100.1229,100.8918,102.6096,102.8134,97.70922,99.57893,100.0328,99.99491,99.35413
2019-05-01,101.5178,,103.4682,100.0842,101.3602,100.0144,102.5194,99.59876,99.96655,100.5793,101.7542,100.2594,100.2516,100.9544,101.225,99.61555,99.91477,101.0065,102.6929,102.6648,97.28529,99.39214,99.84314,99.97832,99.31475
2019-06-01,101.426,,102.8797,100.1657,101.1781,100.211,102.5168,99.61683,100.0797,100.4993,101.7552,100.9404,100.094,100.7871,101.3001,99.56569,99.519,100.938,102.9265,102.6318,97.10615,99.14935,99.61873,99.91508,99.29411
2019-07-01,101.1991,,102.7911,100.2071,101.0275,100.3984,102.1665,99.628,100.1234,100.5367,101.281,101.9818,99.92001,100.6922,101.393,99.59133,99.2385,100.7847,102.9864,102.6222,96.97136,98.92268,99.40878,99.80012,99.28293
2019-08-01,100.9093,,103.1385,100.0184,100.9263,100.5103,101.7618,99.61527,100.0885,100.4666,100.7433,103.0074,99.72932,100.7059,101.4067,99.4857,99.04939,100.8135,102.8652,102.6017,96.92979,98.71428,99.3298,99.7347,99.29987
2019-09-01,100.9092,,103.5007,99.97532,100.9183,100.624,101.342,99.57213,100.0898,100.452,100.4649,103.6326,99.61364,100.6934,101.466,99.37211,98.91904,100.7841,102.6881,102.6462,96.93821,98.57306,99.55354,99.59831,99.387
2019-10-01,101.1078,,103.4139,100.0746,100.9257,100.6375,100.9283,99.53474,100.1551,100.4898,100.4892,103.9363,99.67429,100.7077,101.5507,99.37569,98.84509,100.7701,102.419,102.7459,97.15684,98.69344,99.88305,99.44639,99.57722
2019-11-01,101.3707,,103.2516,100.3799,101.0254,100.525,100.6919,99.53984,100.1512,100.5336,100.7932,103.9324,99.7677,100.7483,101.574,99.41159,99.02332,100.8361,102.2865,102.9122,97.49647,99.00764,100.1798,99.42518,99.79139
2019-12-01,101.5937,,103.1076,100.7214,101.0387,100.2445,100.5828,99.5767,100.0955,100.6737,101.0306,103.7335,99.85394,100.8144,101.4934,99.47966,99.20876,100.8858,102.2022,103.0133,97.65385,99.20259,100.271,99.36959,99.91479
2020-01-01,101.5921,,102.9048,100.8434,100.9496,100.0087,100.4822,99.49672,99.99995,100.5765,101.1881,103.2108,99.92282,100.7456,101.2484,99.46586,99.1378,100.8031,101.9972,102.7812,97.66087,99.03683,99.97801,99.26766,99.84969
2020-02-01,101.1732,,101.9653,100.4913,100.5657,99.56186,100.0035,99.05915,99.78236,99.94263,100.9338,102.4271,99.79079,100.3597,100.5275,99.34539,98.68033,100.5065,101.3401,102.1664,97.53668,98.28284,98.96621,99.09453,99.65858
2020-03-01,100.1966,,99.62531,99.44043,99.76041,98.65371,98.56493,98.09361,99.18866,98.92947,99.90688,101.0592,99.28529,99.58833,98.99337,99.00662,97.91072,99.90693,100.046,101.2226,97.50299,96.92022,97.55569,98.69274,99.40578
2020-04-01,99.13439,,96.2184,97.92415,98.97236,97.80283,96.54038,97.02029,98.40073,98.45928,98.46799,99.74609,98.80564,98.86346,97.16087,98.69703,97.34023,99.43283,98.1729,100.2012,97.53672,95.69758,96.69753,98.27782,99.12498
2020-05-01,98.6451,,94.26907,97.18063,98.87707,97.88477,95.74566,96.43818,98.23975,98.59885,98.03134,99.2977,98.95149,98.90656,96.75452,98.7653,97.86119,99.63392,97.66932,100.1911,97.87996,95.46436,96.73626,98.39682,98.84843
2020-06-01,98.59637,,94.11146,97.31718,99.2729,98.50109,95.94264,96.8213,98.52457,99.27399,98.31816,99.42432,99.24854,99.30348,97.13004,99.26591,98.80386,100.0787,98.29163,100.4742,98.05386,95.89619,97.17339,98.57047,98.61334
2020-07-01,98.6133,,95.1207,97.80187,99.67586,98.9799,96.13844,97.72354,98.82565,99.72274,98.70329,99.48717,99.3279,99.5448,97.48438,99.80936,99.29134,100.2736,99.0416,100.6176,97.97565,96.4416,97.60503,98.50377,98.4638
2020-08-01,98.81078,,96.31552,98.007,99.96133,99.15891,96.15376,98.58437,98.99003,99.99223,98.92086,99.41656,99.36957,99.6786,97.69572,100.255,99.09769,100.2346,99.20397,100.4733,97.78477,96.9056,97.89124,98.57712,98.41135
2020-09-01,99.11648,,97.3355,97.83266,100.0187,99.09138,96.25896,99.01547,99.10059,100.0555,99.14245,99.15411,99.67234,99.67976,97.73386,100.5469,98.76074,100.2093,98.92456,100.1425,97.79404,97.31589,98.06468,99.24825,98.50219
2020-10-01,99.26201,,98.02811,97.50163,99.8502,98.76158,96.4302,99.12877,99.23933,99.78658,99.52789,98.95715,99.98845,99.36692,97.72341,100.5942,98.65022,100.2185,98.57059,99.55615,97.76004,97.51375,98.60651,100.0924,98.78728
2020-11-01,99.21984,,98.34669,97.40619,99.62884,98.49548,96.7486,99.09601,99.56488,99.60262,100.136,98.82256,100.3317,99.12932,97.6507,100.5483,98.96709,100.2676,98.30465,99.37005,97.69907,97.48475,99.03033,100.6825,99.14913
2020-12-01,99.22284,,98.69755,97.80963,99.48254,98.68332,97.3131,99.02616,99.8989,99.89171,100.5391,98.90374,100.7197,99.24079,97.84481,100.7556,99.47884,100.4828,98.41782,99.66348,97.88951,97.32553,99.08596,100.9639,99.44415
2021-01-01,99.2288,,99.11105,98.38744,99.38899,98.77839,97.66979,98.98891,100.0947,100.2462,100.6544,98.87531,100.9282,99.42012,98.07001,101.0982,100.0655,100.6474,98.74501,99.71334,98.36134,97.32765,99.26764,100.9961,99.56832
2021-02-01,99.36539,,99.68015,99.43591,99.55241,98.98377,98.15296,99.04967,100.2673,100.5858,101.0519,98.84173,101.0581,99.70158,98.33153,101.4649,100.4332,100.7952,99.21565,99.65305,98.70569,97.69778,99.57484,101.1154,99.58968
2021-03-01,99.72382,,100.5622,100.715,99.86309,99.4972,99.10801,99.27187,100.5829,100.9382,101.5159,99.14578,101.2487,100.0015,98.90517,101.7339,100.8403,100.9841,99.6096,99.83704,98.61889,98.06157,99.9668,101.3482,99.59273
2021-04-01,99.96289,,101.4852,101.7222,100.1951,100.1209,99.90392,99.62139,100.9423,101.5346,101.9378,99.78355,101.509,100.2096,99.54653,102.0841,101.617,101.2306,99.99944,100.4887,97.93903,98.21864,100.3659,101.5134,99.6257
2021-05-01,99.90543,,102.2041,102.4912,100.7296,100.9097,100.5001,100.0844,101.2719,102.3484,102.183,100.5815,101.8972,100.6843,100.0348,102.4277,102.1212,101.3841,100.5433,101.1913,97.43111,98.32776,100.7243,101.322,99.66617
2021-06-01,99.70004,,102.7447,102.837,101.2003,101.4948,100.8748,100.6577,101.4538,102.9872,102.1484,100.7649,102.1632,101.0292,100.1982,102.4938,102.4372,101.4603,100.846,101.5809,97.40358,98.55759,100.8913,100.9878,99.66257
2021-07-01,99.24198,,102.9181,102.7825,101.3386,101.4831,101.0731,101.2259,101.2568,103.21,102.0803,100.428,102.1009,101.1925,100.2095,102.4071,102.534,101.5092,100.9092,101.5769,97.29555,98.73059,100.6983,100.7533,99.56825
2021-08-01,98.68501,,102.8585,102.2766,101.3251,101.2445,101.1687,101.6247,100.9642,103.1293,102.1122,99.96598,101.789,101.1564,100.4229,102.2422,102.5124,101.5798,100.8702,101.4695,97.10117,98.83421,100.5617,100.5597,99.4196
2021-09-01,98.3926,,103.0499,101.437,101.3251,101.1322,101.0938,101.7089,100.6304,103.0707,102.0022,99.49043,101.458,100.943,100.5396,102.0013,102.3949,101.5885,100.7312,101.0778,96.77927,98.98501,100.625,100.5025,99.25778
2021-10-01,98.20995,,103.4277,100.7414,101.1364,100.8494,100.7953,101.5906,100.0993,102.9739,101.6966,99.20917,100.984,100.667,100.2956,101.6443,101.9233,101.2279,100.3981,100.2694,96.03498,99.16047,100.792,100.4718,99.10485
2021-11-01,98.05109,,103.7473,100.4186,100.8241,100.5392,100.198,101.3705,99.5834,102.6691,101.3243,99.14566,100.5314,100.2755,99.7572,101.1933,101.2754,100.7256,99.94452,99.35212,95.11794,99.21279,100.8412,100.4305,98.95298
2021-12-01,97.95181,,103.4214,99.94845,100.5436,100.1953,99.86691,101.0722,99.31327,102.191,100.8569,99.10413,100.1695,99.89149,99.42744,100.6832,100.637,100.3747,99.55029,99.03596,94.64584,99.05021,100.7174,100.3343,98.77623
2022-01-01,97.72173,,102.9215,98.95043,100.3155,99.76173,99.55938,100.6774,99.05529,101.3228,100.3323,98.91173,99.81805,99.57877,99.19675,99.96196,100.2112,99.9991,99.27032,98.83442,94.71212,98.66702,100.6153,100.173,98.54123
2022-02-01,97.42072,,102.721,97.46562,99.82526,99.02753,98.75225,100.0946,98.56992,100.1296,99.46176,98.50134,99.27833,99.08295,98.61369,99.14627,99.46972,99.30431,99.17992,98.33495,94.65967,98.19636,100.5416,99.95624,98.24272
2022-03-01,97.18818,,102.7965,95.94691,98.99736,97.87547,97.17348,99.22462,97.94192,98.65788,98.43595,97.78778,98.5258,98.21175,97.42946,98.09532,97.99035,98.14948,99.05296,97.33546,94.37951,97.74454,100.5055,99.6527,97.86405
2022-04-01,97.02539,,102.8681,94.66597,98.31261,97.25401,96.30988,98.21268,97.51627,97.91273,97.76959,97.2982,98.2305,97.58474,96.80825,97.36212,96.83688,97.22138,98.84652,96.66916,93.72843,97.505,100.3854,99.29642,97.40115
2022-05-01,96.62722,,102.6436,93.90968,97.8876,96.97621,95.85795,97.23309,97.35471,97.55488,97.35873,97.16724,98.17086,97.04975,96.66882,96.6681,96.13646,96.69984,98.68261,96.27551,93.22177,97.38676,99.99459,98.84701,96.96663
2022-06-01,96.22865,,102.0293,93.49792,97.4678,96.79003,95.09189,96.41489,97.14088,97.21626,96.89891,97.09055,98.13323,96.52995,96.61938,95.93465,95.55778,96.43909,98.59814,96.04002,93.03378,97.22652,99.29013,98.43509,96.72722
2022-07-01,96.20132,,101.3093,93.16212,96.96781,96.76173,94.38033,95.73549,96.93469,96.91216,96.57731,97.00559,97.95197,95.98318,96.58718,95.0822,95.08658,96.34412,98.29379,95.92759,93.59953,97.09911,98.58614,98.14702,96.81274
2022-08-01,96.46188,,100.9076,92.64215,96.58382,96.8548,94.32716,95.19272,96.61978,96.91824,96.57301,97.0034,97.60558,95.80331,96.35818,94.32973,94.70387,96.25796,97.88251,96.00111,94.46963,97.09336,98.34106,97.99352,97.02997
2022-09-01,96.67612,,100.9118,92.21105,96.25601,96.82623,94.57761,94.83811,96.3266,97.07016,96.60109,97.02862,97.12511,95.82632,95.90335,93.60998,94.29439,95.93226,97.63363,95.9481,95.20469,97.00058,98.32317,97.97617,97.12617
2022-10-01,96.78831,,101.2057,92.31344,96.30234,96.92554,95.07641,94.67357,96.41468,97.59904,96.87641,97.03288,97.11597,96.00113,95.52923,93.34894,94.25443,95.77722,97.61638,95.96175,95.83855,96.89653,98.25504,97.90852,96.9209
2022-11-01,96.854,,101.7086,92.73724,96.70882,97.02567,95.78922,94.78079,96.78248,98.51807,97.19224,97.362,97.58185,96.24815,95.43089,93.55853,94.47565,96.10861,97.80351,96.27326,96.2067,96.85,98.21608,97.76584,96.55888
2022-12-01,97.06937,,102.379,93.14101,97.27535,96.94607,96.51217,95.26079,97.27099,99.14791,97.62092,97.83071,98.2067,96.53835,95.59557,93.79929,94.91032,96.57671,98.10931,96.8779,96.51871,96.94454,98.32605,97.75276,96.24464
2023-01-01,97.35186,,103.0545,93.57465,97.84327,96.85428,97.05563,95.90144,97.72974,99.42395,97.96651,98.21832,98.76588,96.90021,95.92059,94.10985,95.68769,97.03815,98.34771,97.679,97.11703,97.10548,98.44378,97.78116,96.1339
2023-02-01,97.46672,,103.4321,94.39042,98.30519,96.81742,97.3059,96.45132,98.16465,99.64664,,98.34987,99.14432,97.1465,96.3035,94.52199,96.37923,97.39893,98.36225,98.20879,97.8476,97.36208,98.57491,97.70483,96.17715
2023-03-01,97.35742,,103.4967,95.30563,98.59431,96.97322,97.41033,96.73282,98.40937,99.82527,,98.60204,99.28417,97.24034,96.67006,94.94002,96.94699,97.75459,98.59689,98.2807,98.57255,97.76901,98.82819,97.73429,96.31284
2023-04-01,97.26667,,103.5247,96.34989,98.87574,97.32926,97.77923,96.84598,98.44238,99.83547,,98.94683,99.33244,97.25212,97.1402,95.51505,97.42731,98.17469,99.23077,98.32729,99.51892,98.14967,99.21037,97.84834,96.50642
2023-05-01,97.268,,103.7658,97.20181,99.00756,97.79197,98.28084,96.91338,98.34476,99.75636,,99.56536,99.30634,97.28256,97.70072,96.03712,97.62561,98.57525,100.0265,98.39556,99.79194,98.40277,99.63916,97.76451,96.69707
2023-06-01,97.55695,,104.207,97.65595,98.98956,98.2066,98.93733,96.99333,98.31048,99.72463,,100.022,99.39574,97.40017,98.22529,96.25515,97.68661,98.83805,100.5056,98.5559,98.77767,98.53342,100.0197,97.71156,96.8158
2023-07-01,97.89566,,104.6964,97.65241,98.88905,98.39624,99.31109,97.03886,98.35368,99.63355,,100.0343,99.56057,97.4584,98.48244,96.087,97.5958,98.88723,100.792,98.83382,97.01285,98.56457,100.2448,97.73755,96.80668
2023-08-01,97.937,,105.0191,97.83019,98.7243,98.35434,99.02505,96.93326,98.44408,99.4905,,99.49734,99.63628,97.36746,98.31686,95.72692,97.30613,98.79983,100.8422,98.87608,95.29445,98.46131,100.2136,97.76289,96.71983
2023-09-01,97.7463,,105.1244,97.89356,98.6036,98.23996,98.45384,96.5601,98.52169,99.26369,,98.80137,99.6757,97.23923,97.86277,95.51542,96.75372,98.67365,100.8439,98.64897,94.85729,98.34671,99.97664,97.77592,96.60682
2023-10-01,97.51254,,105.1293,97.69367,98.56326,98.26125,98.16913,96.02441,98.6667,99.07952,,98.4341,99.79543,97.3089,97.47421,95.62132,96.37264,98.65243,100.9376,98.37434,95.2513,98.35806,99.75188,97.80756,
2023-11-01,97.56221,,105.2528,97.98371,98.55389,98.52573,98.13777,95.43408,98.92062,99.17786,,98.35695,100.0194,97.57221,97.33613,96.09052,96.29675,98.72012,101.1732,98.01913,95.88977,98.48705,99.65903,97.80751,
2023-12-01,98.1097,,105.3059,98.47791,98.55756,98.83432,98.23077,,99.1413,99.44464,,98.41357,100.1398,97.91899,97.61761,96.84868,96.51558,98.7843,101.4372,97.98222,96.63937,98.70564,99.70743,97.83418,
2024-01-01,98.91297,,,99.07277,98.40506,99.2088,98.31058,,99.22619,99.69363,,98.28329,99.99962,98.15762,98.04144,97.80141,97.02539,98.94048,101.8809,98.45171,97.46745,98.94688,,97.83317,
